0	0.00465547	-5.8437942	-0.00018857741
0.128	0.0046322044	-5.8437273	0.0010546623
0.256	0.0046015971	-5.8438061	0.00057670187
0.384	0.0045230377	-5.8438211	0.0004165205
0.512	0.0045872517	-5.8439616	0.00078749478
0.64	0.0046030454	-5.8440094	0.00013795311
0.768	0.0046201361	-5.8439604	-8.4803805e-05
0.896	0.0045603926	-5.8436896	0.00067442867
1.024	0.0046712213	-5.8438902	-0.0016416558
1.152	0.0045707943	-5.8438837	0.00032621453
1.28	0.004569896	-5.8440453	-0.00067035173
1.408	0.0044749445	-5.8437614	-0.00034223526
1.536	0.0045712389	-5.843795	0.0013711718
1.664	0.0045319967	-5.8438804	0.0011780639
1.792	0.004438749	-5.843763	0.0019488423
1.92	0.0044761973	-5.843854	0.00088575834
2.048	0.0045062385	-5.8440394	-0.00035214394
2.176	0.0044553629	-5.8439157	-0.00056080622
2.304	0.004446451	-5.8441215	0.00043477198
2.432	0.004391573	-5.8440885	0.00091555386
2.56	0.0044243021	-5.8440191	0.00023197713
2.688	0.0043815679	-5.8440537	0.00022136075
2.816	0.0044509114	-5.8441362	0.00073968972
2.944	0.0044142875	-5.8441565	-0.00020620396
3.072	0.0043671525	-5.8441821	-0.00023559516
3.2	0.0044550161	-5.8443633	-0.0003450545
3.328	0.0044072389	-5.8441844	0.00092947847
3.456	0.00448937	-5.8440306	0.00064490956
3.584	0.0045178068	-5.843976	-0.00033161323
3.712	0.0044742882	-5.8439706	4.0753142e-05
3.84	0.0045502714	-5.8441644	0.00013662352
3.968	0.0046040882	-5.8442364	0.00046865324
4.096	0.0046273372	-5.8441786	0.0013568562
4.224	0.0045899177	-5.8441657	0.0013940862
4.352	0.0045216037	-5.8442824	0.00076047646
4.48	0.0045677384	-5.8443196	0.0009018813
4.608	0.0045032964	-5.8442387	0.0018062306
4.736	0.0044501683	-5.8442997	0.0016149357
4.864	0.0044619655	-5.8444194	0.0012820047
4.992	0.0045338714	-5.8445516	0.0028700617
5.12	0.0044885924	-5.8444831	0.0026404565
5.248	0.0044751578	-5.8444458	0.0007909118
5.376	0.004491047	-5.8443073	0.00092327802
5.504	0.0044396461	-5.8443282	-4.9827859e-05
5.632	0.0044466686	-5.8442569	-0.00015512259
5.76	0.0043578027	-5.8442604	0.0015267738
5.888	0.0044074128	-5.8443475	0.00024483459
6.016	0.004414054	-5.844491	-0.00089910061
6.144	0.0044231929	-5.8445315	-0.00075747128
6.272	0.0042683462	-5.8443489	-0.00034889248
6.4	0.0044341404	-5.8445741	-0.00075575681
6.528	0.0043935946	-5.8446127	-0.0008492813
6.656	0.0044962986	-5.8446895	-0.0008611675
6.784	0.0043717751	-5.8447843	-0.00013683646
6.912	0.0043407102	-5.8447088	0.0010728721
7.04	0.004397658	-5.8443729	0.0005034215
7.168	0.0044014275	-5.8444505	-8.8496461e-05
7.296	0.0044598858	-5.8446317	0.00099560458
7.424	0.0044055093	-5.8446004	0.0019873816
7.552	0.0045369755	-5.8445934	0.0019869599
7.68	0.004509718	-5.8444741	0.0028092168
7.808	0.0045930164	-5.8444568	0.0023255273
7.936	0.0046368998	-5.8443193	0.0014824646
8.064	0.0046368973	-5.8443223	0.0009681502
8.192	0.0046949629	-5.8444389	0.00047432947
8.32	0.0047054444	-5.8443984	0.0015461592
8.448	0.0046616434	-5.8442734	0.0022488447
8.576	0.0047227811	-5.8443807	0.001942843
8.704	0.0045511471	-5.8440068	0.0018288061
8.832	0.0046878565	-5.8444479	0.00097697996
8.96	0.0046686517	-5.8444512	0.00030909265
9.088	0.0046486274	-5.844468	0.00087908288
9.216	0.0046621684	-5.8444814	0.001843
9.344	0.0045940687	-5.8443843	0.0015970989
9.472	0.0046005189	-5.8441981	0.0012238856
9.6	0.0045476969	-5.8442723	0.0013206583
9.728	0.0044982104	-5.8443694	0.0019167152
9.856	0.0044983505	-5.8445953	0.0019600035
9.984	0.0045355747	-5.8446483	0.001181894
10.112	0.004450091	-5.844365	0.0016466768
10.24	0.0043845865	-5.8445602	0.0013941029
10.368	0.0044703521	-5.8445978	0.00052602687
10.496	0.0044018154	-5.8446653	-0.0003513813
10.624	0.0043091036	-5.8445919	-0.00018444867
10.752	0.0043523504	-5.8445707	0.000458654
10.88	0.0043421033	-5.8445465	-0.0011142519
11.008	0.0043181708	-5.8444253	0.00020660614
11.136	0.0043644559	-5.8445327	-0.0009139713
11.264	0.0043918491	-5.8445887	-0.0028325566
11.392	0.0043100665	-5.8445777	-0.00088621627
11.52	0.004392296	-5.8447388	-0.00086898848
11.648	0.0043451677	-5.8446636	-0.0007311885
11.776	0.0043680104	-5.8448399	-0.00094236311
11.904	0.0043775932	-5.8449199	0.0003802369
12.032	0.004368972	-5.8448713	-0.00010956155
12.16	0.004475023	-5.845032	-0.0012550374
12.288	0.0044291887	-5.8449366	-0.0018070085
12.416	0.0045323245	-5.8448118	-0.00072155854
12.544	0.0044382231	-5.8445124	0.001385119
12.672	0.0044781396	-5.8448203	0.0006861645
12.8	0.0045329648	-5.8448215	0.0018640027
12.928	0.0045756432	-5.8448017	0.0018077609
13.056	0.0045269718	-5.8447104	0.0017525815
13.184	0.0046052905	-5.844785	0.00057834097
13.312	0.0045656358	-5.8444245	0.002176205
13.44	0.0047598376	-5.844869	0.001753936
13.568	0.0046795695	-5.8449019	0.0012577236
13.696	0.0047250537	-5.8446674	0.0021604
13.824	0.0047575871	-5.8445392	0.00070006074
13.952	0.0046284196	-5.8444112	0.0010943158
14.08	0.0046733374	-5.8446028	-0.00013184644
14.208	0.0046413031	-5.8448066	0.00039670953
14.336	0.0046561951	-5.8447316	0.00015286764
14.464	0.0046579778	-5.8447089	-0.0010023113
14.592	0.0045804945	-5.8448025	-0.0011922465
14.72	0.004562817	-5.8449406	-0.0011327666
14.848	0.0045333991	-5.8450587	-0.0010259554
14.976	0.0044012161	-5.84499	-0.00070362063
15.104	0.0043786833	-5.8448559	0.00021914885
15.232	0.0044701559	-5.8449915	-0.0016849906
15.36	0.0044670328	-5.8451478	-0.0021054388
15.488	0.0043704538	-5.8449579	-0.00089251828
15.616	0.0044544106	-5.8450376	-0.0010104077
15.744	0.0043700426	-5.8448079	-0.0011718946
15.872	0.0043913627	-5.8449509	-0.0015985826
16	0.0044157954	-5.8450742	-0.0012376218
16.128	0.0043959456	-5.8450115	-9.1534235e-05
16.256	0.004456509	-5.845189	-0.0012558017
16.384	0.0043738154	-5.8451002	-0.00092651554
16.512	0.0044244803	-5.845133	0.0004498539
16.64	0.0044334997	-5.8452151	-0.00088800043
16.768	0.0043914825	-5.845239	-0.0028469357
16.896	0.0044263037	-5.8452394	-0.0022465691
17.024	0.0044286837	-5.8451268	-0.0024741836
17.152	0.0044473071	-5.8452329	-0.0038773379
17.28	0.0044672655	-5.8452085	-0.003289564
17.408	0.0043725312	-5.8449142	-0.0020383035
17.536	0.0044782004	-5.845073	-0.00094541128
17.664	0.0043952562	-5.8450834	-0.0003263548
17.792	0.0044440827	-5.8451063	-0.00041791558
17.92	0.0044370293	-5.8451276	-0.0014970154
18.048	0.0045199976	-5.8453587	-0.0027290599
18.176	0.0045905828	-5.8454388	-0.001151162
18.304	0.0045634235	-5.8455072	-0.0013309047
18.432	0.0045549361	-5.8452795	-0.0015920527
18.56	0.0046321434	-5.8454517	-0.003225539
18.688	0.0045992777	-5.8454244	-0.0042531415
18.816	0.0045557806	-5.8452869	-0.003915364
18.944	0.0045295445	-5.845192	-0.0034654922
19.072	0.0046787467	-5.8450472	-0.0028897008
19.2	0.0047403015	-5.8453741	-0.0039470304
19.328	0.0047463538	-5.8454945	-0.0035787366
19.456	0.0045516005	-5.8454532	-0.0017670472
19.584	0.0046125668	-5.8454843	-0.0030320983
19.712	0.0045428172	-5.8454387	-0.0034051627
19.84	0.0044545215	-5.8452453	-0.0017120196
19.968	0.0044192913	-5.8451917	-0.0017860023
20.096	0.0043495736	-5.845133	-0.0024131762
20.224	0.0044186092	-5.8452598	-0.001539955
20.352	0.0043214528	-5.8450913	-0.0014187244
20.48	0.0043810422	-5.8452472	-0.0035260327
20.608	0.0043961081	-5.8454291	-0.0041936118
20.736	0.0043930383	-5.8453986	-0.0038833045
20.864	0.0044320655	-5.8455464	-0.0055092192
20.992	0.0043689612	-5.8453944	-0.0046833468
21.12	0.0043489414	-5.8452585	-0.0031608655
21.248	0.0043907371	-5.8452734	-0.0032385312
21.376	0.0044097478	-5.845211	-0.0026427408
21.504	0.0044097666	-5.8453351	-0.0031543379
21.632	0.0043754625	-5.8451797	-0.0034960519
21.76	0.004480723	-5.8455514	-0.0043627317
21.888	0.0044388338	-5.8454531	-0.0033540093
22.016	0.0044881296	-5.8454725	-0.0020982556
22.144	0.0044034693	-5.8452921	-0.0012914824
22.272	0.0044996322	-5.8455091	-0.0015615394
22.4	0.004504793	-5.8455228	-0.0014696515
22.528	0.0044438702	-5.845387	-0.0025764454
22.656	0.0045008471	-5.8452982	-0.0033730722
22.784	0.0045379681	-5.8454594	-0.0039242681
22.912	0.0045355044	-5.8452977	-0.003476641
23.04	0.0045175859	-5.8452564	-0.0029597062
23.168	0.0044893747	-5.8452518	-0.0037758589
23.296	0.0045116483	-5.8452701	-0.003512849
23.424	0.0045268924	-5.8451467	-0.0018082517
23.552	0.0045567013	-5.8451032	-0.0018674948
23.68	0.0045738318	-5.8450577	-0.0038408818
23.808	0.0045888001	-5.8450407	-0.0051557049
23.936	0.0046738961	-5.845055	-0.004909155
24.064	0.0046816925	-5.8449974	-0.0032571538
24.192	0.0046867782	-5.8452039	-0.0034859979
24.32	0.0046817332	-5.845249	-0.0037306757
24.448	0.0047360285	-5.8452626	-0.0024499038
24.576	0.004658261	-5.8453005	-0.003066976
24.704	0.0046810201	-5.8452313	-0.0035265274
24.832	0.0047499513	-5.845355	-0.0042798183
24.96	0.0047288686	-5.8455491	-0.0059429837
25.088	0.0046854085	-5.8454725	-0.0065960179
25.216	0.0046229394	-5.8452529	-0.0060200648
25.344	0.0045581829	-5.8455269	-0.005095
25.472	0.0046073275	-5.8456055	-0.0049414442
25.6	0.0045510969	-5.8456377	-0.0051549903
25.728	0.0045954534	-5.8457773	-0.0064207589
25.856	0.0045201352	-5.8457242	-0.0063872022
25.984	0.004482563	-5.8459095	-0.0062607755
26.112	0.0043907168	-5.8458107	-0.0075100123
26.24	0.004422115	-5.8459117	-0.0075350407
26.368	0.0044149843	-5.8458508	-0.007421028
26.496	0.004360145	-5.8456921	-0.0077515213
26.624	0.0044100429	-5.8459273	-0.0082974233
26.752	0.0043554573	-5.8459292	-0.008437314
26.88	0.0042906797	-5.8459942	-0.0083692498
27.008	0.004219473	-5.8459296	-0.0093356347
27.136	0.0043758607	-5.8460393	-0.0093892254
27.264	0.004387881	-5.8459631	-0.0088163158
27.392	0.0043610715	-5.8461135	-0.0090262623
27.52	0.0042946854	-5.8461357	-0.0086116218
27.648	0.0043469052	-5.8462004	-0.00895291
27.776	0.0043553957	-5.8462995	-0.0090480022
27.904	0.0043704392	-5.8463771	-0.0077401128
28.032	0.0043743728	-5.8462303	-0.0091282055
28.16	0.0043427744	-5.8461552	-0.008513925
28.288	0.0043432699	-5.8459349	-0.0090785
28.416	0.0044537052	-5.8460893	-0.0093956194
28.544	0.0043800248	-5.8459917	-0.0082563701
28.672	0.0044220977	-5.8461279	-0.0090942355
28.8	0.0045492386	-5.8462538	-0.0095163194
28.928	0.0045148619	-5.846181	-0.0091744947
29.056	0.0044971495	-5.8461068	-0.0086334711
29.184	0.0045483762	-5.8461905	-0.0083982989
29.312	0.0045541648	-5.8464156	-0.0091650089
29.44	0.0044486653	-5.8461772	-0.0090059654
29.568	0.004431776	-5.8460313	-0.008386052
29.696	0.0045731679	-5.8462469	-0.0094601778
29.824	0.0045279398	-5.8461233	-0.0091299227
29.952	0.0045838612	-5.84633	-0.0081136841
30.08	0.0046117064	-5.846302	-0.0086116072
30.208	0.0046457087	-5.8463027	-0.0083271047
30.336	0.0047743301	-5.8466084	-0.0080714758
30.464	0.0046785717	-5.8462885	-0.0076975081
30.592	0.0046026147	-5.8463284	-0.0069283708
30.72	0.0045157947	-5.8461231	-0.0070208463
30.848	0.0046264584	-5.8460341	-0.0087000007
30.976	0.0045517815	-5.8460195	-0.0085961606
31.104	0.0046316717	-5.8460597	-0.0095842483
31.232	0.0045851838	-5.8459266	-0.010349794
31.36	0.004640843	-5.8460062	-0.010976725
31.488	0.0045679545	-5.8459007	-0.01039797
31.616	0.0045288633	-5.8459573	-0.0093454569
31.744	0.0045245094	-5.8459892	-0.010416859
31.872	0.0044929638	-5.8461055	-0.0099776371
32	0.0044936806	-5.8462359	-0.00916958
32.128	0.0044947509	-5.8462968	-0.0099021093
32.256	0.004448401	-5.8462868	-0.010957301
32.384	0.0044807795	-5.8464605	-0.011220204
32.512	0.0044676783	-5.8462768	-0.011020245
32.64	0.004610412	-5.8465563	-0.011207434
32.768	0.0045619382	-5.8467023	-0.010281194
32.896	0.00444503	-5.846581	-0.0097377941
33.024	0.0044730574	-5.846771	-0.010865793
33.152	0.0043780801	-5.8465257	-0.010065982
33.28	0.0043901215	-5.8464303	-0.0083509913
33.408	0.0044053948	-5.8467113	-0.0087650508
33.536	0.0043688004	-5.8465932	-0.0083881107
33.664	0.0044245234	-5.8466146	-0.0086645104
33.792	0.0043737905	-5.846545	-0.0084468441
33.92	0.0043721669	-5.8465161	-0.0080483347
34.048	0.0043768527	-5.8465129	-0.0084760561
34.176	0.0043852113	-5.8463932	-0.0090084489
34.304	0.0044207185	-5.8466919	-0.0087964241
34.432	0.0043065338	-5.8465539	-0.0097598235
34.56	0.0044860386	-5.8467148	-0.010384508
34.688	0.0044180175	-5.8464404	-0.0099096279
34.816	0.0044223016	-5.8464685	-0.0094615181
34.944	0.0043693975	-5.8463444	-0.0091134315
35.072	0.0044312774	-5.846471	-0.009543708
35.2	0.0044469486	-5.8464058	-0.0088892535
35.328	0.0045034356	-5.8464681	-0.0087930877
35.456	0.0044524215	-5.8464312	-0.0095104856
35.584	0.0044097184	-5.8464987	-0.010516523
35.712	0.0045084926	-5.8465049	-0.0091263262
35.84	0.0045830083	-5.8465603	-0.0093966178
35.968	0.0045879567	-5.8468788	-0.010504149
36.096	0.0045697361	-5.8469769	-0.0093035443
36.224	0.0045970684	-5.8468534	-0.0090646422
36.352	0.0045987593	-5.8467719	-0.0098755188
36.48	0.0045450214	-5.846643	-0.0094826267
36.608	0.0045463217	-5.8464414	-0.0095779729
36.736	0.0046144216	-5.8464579	-0.0095578583
36.864	0.0045952135	-5.8465531	-0.0084109625
36.992	0.0046484988	-5.8463793	-0.0081704197
37.12	0.004614611	-5.8463227	-0.0078198905
37.248	0.0046492183	-5.8463017	-0.0084349086
37.376	0.0045634321	-5.846179	-0.008688286
37.504	0.0045889424	-5.8460682	-0.0083742668
37.632	0.004637405	-5.8463092	-0.0095784842
37.76	0.0045821466	-5.8461708	-0.0088436955
37.888	0.0046292702	-5.8461934	-0.0094138891
38.016	0.0045108108	-5.8461333	-0.01121369
38.144	0.0045925168	-5.8463259	-0.010458176
38.272	0.0045379238	-5.8465654	-0.0086249811
38.4	0.004501116	-5.846438	-0.0092582836
38.528	0.0045493506	-5.8465362	-0.010187245
38.656	0.0044998552	-5.8466822	-0.0095480894
38.784	0.0045365303	-5.8467791	-0.0091824979
38.912	0.004447892	-5.8465883	-0.0077311315
39.04	0.0044815264	-5.8464962	-0.0086117365
39.168	0.004471733	-5.8465548	-0.010333448
39.296	0.0043774766	-5.8465364	-0.0095159867
39.424	0.0044241757	-5.8464236	-0.0087654225
39.552	0.0044307774	-5.8465612	-0.0091270806
39.68	0.0044429122	-5.8465435	-0.0099414576
39.808	0.0044200486	-5.8464139	-0.01095587
39.936	0.0043964309	-5.8462438	-0.0094842233
40.064	0.0044078464	-5.8464778	-0.0089818743
40.192	0.0043836336	-5.8465197	-0.010102982
40.32	0.0043622447	-5.8463513	-0.0096534635
40.448	0.004333869	-5.846376	-0.010341801
40.576	0.0044353318	-5.8463119	-0.011260465
40.704	0.0043697807	-5.8462129	-0.010302619
40.832	0.0043924863	-5.8464588	-0.010715546
40.96	0.0044744075	-5.8465417	-0.011802517
41.088	0.004428897	-5.8466167	-0.010865362
41.216	0.0044854587	-5.8467177	-0.010067323
41.344	0.0044865889	-5.8467388	-0.011047538
41.472	0.0044278831	-5.8465506	-0.0094109628
41.6	0.0044556654	-5.8466616	-0.0092082848
41.728	0.004492564	-5.846613	-0.0092505008
41.856	0.0044944804	-5.8465197	-0.0093061194
41.984	0.0045621282	-5.8465527	-0.0091503798
42.112	0.0044646365	-5.8464362	-0.0089144507
42.24	0.0045400627	-5.8463292	-0.0085312145
42.368	0.0044888823	-5.8463616	-0.0085436474
42.496	0.0045862042	-5.8462827	-0.0082801146
42.624	0.0045720233	-5.8462244	-0.0087456847
42.752	0.0045733924	-5.8463056	-0.0096737577
42.88	0.0046172123	-5.8463812	-0.0096533544
43.008	0.0045341258	-5.8463054	-0.0085865279
43.136	0.0046035808	-5.8463337	-0.0080413483
43.264	0.0046315278	-5.8463006	-0.0078113848
43.392	0.0045847517	-5.8462566	-0.0077920968
43.52	0.0045312117	-5.8461532	-0.0069359687
43.648	0.0046744771	-5.8463936	-0.0079452032
43.776	0.004590936	-5.8462119	-0.008736804
43.904	0.0045979806	-5.8462351	-0.0088296532
44.032	0.0045017629	-5.8460371	-0.008283614
44.16	0.0045876932	-5.8460603	-0.0088598345
44.288	0.0046393826	-5.8462894	-0.0099222776
44.416	0.0045613562	-5.8461185	-0.01022685
44.544	0.0044910437	-5.8462315	-0.0095267892
44.672	0.0044694998	-5.8465092	-0.009381127
44.8	0.0045320727	-5.8464937	-0.009415757
44.928	0.0045149267	-5.846497	-0.0093155888
45.056	0.0045111979	-5.8464586	-0.010193905
45.184	0.004485373	-5.8465659	-0.010097787
45.312	0.0044431508	-5.8465068	-0.010583172
45.44	0.0044429427	-5.8462873	-0.011155932
45.568	0.0043585848	-5.8462973	-0.011216
45.696	0.004473663	-5.8466521	-0.010483038
45.824	0.0043980055	-5.8466154	-0.010915575
45.952	0.004441122	-5.8465085	-0.010773118
46.08	0.00439687	-5.8464473	-0.01017486
46.208	0.0044400873	-5.8464666	-0.01125047
46.336	0.0044360988	-5.8464879	-0.012024016
46.464	0.0043399972	-5.846406	-0.011125621
46.592	0.0043969991	-5.8463665	-0.011468137
46.72	0.0043866493	-5.846307	-0.011272862
46.848	0.0044658172	-5.8463938	-0.010617047
46.976	0.004395532	-5.8464588	-0.010794297
47.104	0.0043424823	-5.8463563	-0.0090388115
47.232	0.0044581652	-5.8465252	-0.0096761218
47.36	0.0044596899	-5.8467264	-0.0094204091
47.488	0.0044230186	-5.8466047	-0.009020062
47.616	0.0044338765	-5.846524	-0.0084381293
47.744	0.0044413946	-5.846447	-0.0079358878
47.872	0.0045732893	-5.8466651	-0.008258862
48	0.0045179811	-5.8466145	-0.0077442834
48.128	0.0044580976	-5.8463697	-0.0074260411
48.256	0.0044895554	-5.8464063	-0.0078402631
48.384	0.0045004145	-5.8462173	-0.0088312412
48.512	0.0044813525	-5.8461473	-0.0082414886
48.64	0.0046046344	-5.8462474	-0.0090164558
48.768	0.004578636	-5.8464284	-0.010046349
48.896	0.0045731109	-5.8463717	-0.0095566975
49.024	0.004616984	-5.8461953	-0.010624833
49.152	0.0045518166	-5.8462387	-0.010581263
49.28	0.0045382043	-5.8463355	-0.008730363
49.408	0.0045452487	-5.8461704	-0.0081761699
49.536	0.0045863499	-5.8464405	-0.0089462641
49.664	0.0046783463	-5.8464942	-0.009610412
49.792	0.0046572214	-5.8464118	-0.010940913
49.92	0.0045778339	-5.846397	-0.0094527282
50.048	0.0046356195	-5.8463273	-0.0096936998
50.176	0.0046432336	-5.846277	-0.0087269682
50.304	0.0045574819	-5.8461381	-0.0082274508
50.432	0.0045764252	-5.8461208	-0.009430217
50.56	0.0045570247	-5.8462621	-0.0090278415
50.688	0.0045023516	-5.8462714	-0.0088720221
50.816	0.0045058787	-5.8464652	-0.0096648031
50.944	0.0045104987	-5.8463817	-0.0081077801
51.072	0.0044881515	-5.8463742	-0.0074824328
51.2	0.0044726354	-5.8464058	-0.0089367827
51.328	0.0045427671	-5.8464585	-0.010450059
51.456	0.0045093442	-5.8463011	-0.010089439
51.584	0.0044171626	-5.8462801	-0.0087253153
51.712	0.0044833778	-5.8466384	-0.0096047082
51.84	0.0044465633	-5.8463533	-0.010472126
51.968	0.0044231014	-5.8461962	-0.01051753
52.096	0.0044422051	-5.8464976	-0.0099281557
52.224	0.0044256212	-5.846431	-0.010225575
52.352	0.0044151799	-5.8462984	-0.0092696874
52.48	0.0044634673	-5.846268	-0.0093992656
52.608	0.0044124376	-5.8464208	-0.01020689
52.736	0.0043769416	-5.8463221	-0.0098679786
52.864	0.0044440654	-5.8465785	-0.0102489
52.992	0.0044571585	-5.8463971	-0.0094103283
53.12	0.0043556896	-5.8464425	-0.010002105
53.248	0.0042969079	-5.8463354	-0.01021125
53.376	0.0043930182	-5.8466479	-0.0087644908
53.504	0.0043849477	-5.8465691	-0.0092569231
53.632	0.0043911306	-5.8463896	-0.0095178928
53.76	0.0044226113	-5.8462739	-0.010154512
53.888	0.0043871172	-5.8463255	-0.0111169
54.016	0.0044468586	-5.8462413	-0.011316533
54.144	0.0045115331	-5.8464483	-0.011569609
54.272	0.0045940756	-5.8465013	-0.011055996
54.4	0.0045016154	-5.8463678	-0.010572404
54.528	0.0045332417	-5.8462621	-0.0102225
54.656	0.0045780703	-5.8463425	-0.0093461433
54.784	0.0045251426	-5.8462432	-0.0084951416
54.912	0.0045347663	-5.8462399	-0.0088769373
55.04	0.004589663	-5.8462505	-0.0097766128
55.168	0.0045682049	-5.846406	-0.0092765567
55.296	0.0045663971	-5.846495	-0.0093801326
55.424	0.0045453479	-5.8461021	-0.0087029473
55.552	0.0045628151	-5.8461124	-0.0089318979
55.68	0.0045611045	-5.8461474	-0.0098958843
55.808	0.0046858435	-5.8462139	-0.0092759155
55.936	0.0046957385	-5.8462964	-0.0080269833
56.064	0.0046819823	-5.846273	-0.0084454844
56.192	0.0047338947	-5.8463498	-0.0077092618
56.32	0.0047068547	-5.8465561	-0.0073835827
56.448	0.0047224357	-5.8463429	-0.0085401763
56.576	0.0046450697	-5.8463221	-0.0087092752
56.704	0.0046142814	-5.8464228	-0.0092393724
56.832	0.0046814054	-5.8465057	-0.0098243763
56.96	0.004577613	-5.8463239	-0.0089396845
57.088	0.0045376897	-5.8463019	-0.0096392916
57.216	0.0044996262	-5.8464832	-0.0099887875
57.344	0.0045861021	-5.8467213	-0.0087335985
57.472	0.0045202957	-5.8467523	-0.0093015057
57.6	0.004397127	-5.8465876	-0.010672785
57.728	0.0043472046	-5.8466176	-0.010823055
57.856	0.0044049099	-5.8467599	-0.0097226834
57.984	0.004346005	-5.8466657	-0.009325471
58.112	0.0043801128	-5.8468506	-0.010494249
58.24	0.0044093439	-5.8468125	-0.011239078
58.368	0.0043156427	-5.846797	-0.011410047
58.496	0.0043299709	-5.8467305	-0.011084068
58.624	0.0043281193	-5.8469917	-0.012309463
58.752	0.0042793427	-5.8468697	-0.01143142
58.88	0.0043547042	-5.8468842	-0.011189957
59.008	0.004316742	-5.8469526	-0.011042181
59.136	0.0043058586	-5.84707	-0.011487434
59.264	0.0042845681	-5.846989	-0.0099936907
59.392	0.0042870059	-5.8468365	-0.0089775313
59.52	0.0042981525	-5.8467562	-0.010101288
59.648	0.0043044014	-5.8467858	-0.0085228727
59.776	0.0043751394	-5.8467391	-0.0084889201
59.904	0.004360671	-5.846961	-0.010286762
60.032	0.0043557494	-5.8470628	-0.0094704983
60.16	0.004378085	-5.8469644	-0.009168194
60.288	0.0044239678	-5.8467416	-0.01047961
60.416	0.0044306438	-5.8468713	-0.010051981
60.544	0.0044632104	-5.8467496	-0.0091470087
60.672	0.0045654958	-5.846585	-0.0092135396
60.8	0.0046411976	-5.8467307	-0.0084124887
60.928	0.00457024	-5.8468028	-0.0098910251
61.056	0.0046008897	-5.8467939	-0.01103516
61.184	0.0046402083	-5.8466288	-0.010923138
61.312	0.0046141789	-5.8464772	-0.010996098
61.44	0.00472864	-5.846485	-0.0098210672
61.568	0.0047555231	-5.8465548	-0.011466128
61.696	0.0046711388	-5.8464002	-0.010062012
61.824	0.0047253861	-5.8466483	-0.0097604165
61.952	0.004866936	-5.8464627	-0.011687924
62.08	0.0047580504	-5.8465108	-0.0095681578
62.208	0.0047387937	-5.8465411	-0.0098590982
62.336	0.004631312	-5.8466163	-0.011173134
62.464	0.0046904832	-5.846679	-0.0087250563
62.592	0.0047550173	-5.8466938	-0.0079075482
62.72	0.0047069735	-5.8467108	-0.010515539
62.848	0.0046780599	-5.8467072	-0.011105235
62.976	0.0045690993	-5.8465914	-0.0089805633
63.104	0.0045465495	-5.8466662	-0.0090702374
63.232	0.0046208653	-5.846517	-0.010576814
63.36	0.0045472708	-5.8464595	-0.010570024
63.488	0.004523895	-5.8465276	-0.011890723
63.616	0.0045854738	-5.847012	-0.0122284
63.744	0.0044830303	-5.8468773	-0.011796812
63.872	0.0044186816	-5.8468534	-0.010789154
64	0.0043740919	-5.8468047	-0.0098002087
64.128	0.0044430061	-5.8472004	-0.010889089
64.256	0.0043091676	-5.8467631	-0.010187509
64.384	0.0043265644	-5.8468341	-0.010856226
64.512	0.0043214125	-5.8470725	-0.011499984
64.64	0.0043776007	-5.8470227	-0.010840734
64.768	0.0041509193	-5.8470053	-0.01134175
64.896	0.0042728361	-5.8471872	-0.011691826
65.024	0.0042175496	-5.8471276	-0.011693107
65.152	0.0042367383	-5.8471479	-0.011222977
65.28	0.0041915351	-5.8470579	-0.010698162
65.408	0.0042789462	-5.8469935	-0.011806425
65.536	0.0042647833	-5.8472062	-0.011015965
65.664	0.0042075842	-5.8469499	-0.011929807
65.792	0.0043215646	-5.8470517	-0.01279768
65.92	0.004350518	-5.8468808	-0.013116873
66.048	0.0043071377	-5.8466187	-0.012030674
66.176	0.004379175	-5.8466988	-0.011492254
66.304	0.0043964872	-5.8467064	-0.011056882
66.432	0.0044154239	-5.8467822	-0.01061087
66.56	0.0044863796	-5.8469436	-0.010513569
66.688	0.0044210136	-5.8468932	-0.010610789
66.816	0.0044879495	-5.8468941	-0.010282582
66.944	0.0045052095	-5.846839	-0.0093288771
67.072	0.0046011253	-5.846681	-0.010938754
67.2	0.0045941396	-5.8465998	-0.012070141
67.328	0.0045863854	-5.8464332	-0.011144115
67.456	0.004683641	-5.8464619	-0.011052376
67.584	0.0047034254	-5.8467444	-0.010969163
67.712	0.0048206138	-5.8467779	-0.010911615
67.84	0.0047662075	-5.8466264	-0.010943267
67.968	0.0047919216	-5.8467136	-0.0097593339
68.096	0.0047773558	-5.8466543	-0.0098611289
68.224	0.0047164562	-5.8467438	-0.010189294
68.352	0.0046913213	-5.8466498	-0.00896819
68.48	0.0047091617	-5.8464153	-0.0096851236
68.608	0.0048042538	-5.8466186	-0.009550383
68.736	0.0047317064	-5.8464492	-0.010244881
68.864	0.0046318851	-5.8464613	-0.010709313
68.992	0.0046194972	-5.8464678	-0.010189425
69.12	0.0047636012	-5.846976	-0.0096349955
69.248	0.0046850408	-5.8467949	-0.010860318
69.376	0.0046711694	-5.8467221	-0.010613881
69.504	0.0046156074	-5.8469145	-0.0088813265
69.632	0.0045463806	-5.8467795	-0.0093358537
69.76	0.0045637051	-5.8468316	-0.011453766
69.888	0.004406533	-5.8467971	-0.010686805
70.016	0.0044625341	-5.8467997	-0.010965061
70.144	0.0044570312	-5.8466885	-0.011830039
70.272	0.0044171453	-5.8467648	-0.011463692
70.4	0.0044421671	-5.8468098	-0.012067921
70.528	0.0043761172	-5.8469055	-0.011331652
70.656	0.0042951858	-5.8469026	-0.010094136
70.784	0.0043240288	-5.8469009	-0.01004654
70.912	0.0042738858	-5.8469491	-0.010590101
71.04	0.00428118	-5.8468942	-0.010530245
71.168	0.0042726591	-5.8469559	-0.01185658
71.296	0.0042501705	-5.8469217	-0.011266792
71.424	0.0042430259	-5.8468112	-0.011072341
71.552	0.0041945	-5.8468559	-0.011157442
71.68	0.0043055616	-5.8469441	-0.011232398
71.808	0.0042471383	-5.847084	-0.011542773
71.936	0.0042976768	-5.8471311	-0.01135582
72.064	0.0042641999	-5.847064	-0.012194169
72.192	0.0043108775	-5.8469903	-0.012036045
72.32	0.0043241328	-5.846891	-0.010824549
72.448	0.0043569688	-5.8469821	-0.011413181
72.576	0.0042791663	-5.8468794	-0.011967985
72.704	0.0045228859	-5.8469939	-0.012242516
72.832	0.0044030452	-5.8468834	-0.011980392
72.96	0.0044428185	-5.8468562	-0.011247543
73.088	0.0044683023	-5.8467663	-0.009515046
73.216	0.0045736706	-5.8466713	-0.0099707149
73.344	0.0045550082	-5.8465889	-0.010525024
73.472	0.0046586395	-5.8467828	-0.011290087
73.6	0.0046128766	-5.846683	-0.010182571
73.728	0.0046352121	-5.8467253	-0.010482859
73.856	0.0046661244	-5.8465141	-0.01032799
73.984	0.004727974	-5.8467486	-0.010055796
74.112	0.0046559893	-5.8464941	-0.010274712
74.24	0.0047633287	-5.8467054	-0.011139786
74.368	0.0047270772	-5.8467674	-0.010147919
74.496	0.0047212746	-5.8468077	-0.0097495106
74.624	0.0048287294	-5.8467833	-0.010359483
74.752	0.0047471706	-5.8465657	-0.010598825
74.88	0.0046849656	-5.8464645	-0.011039384
75.008	0.0047420884	-5.846616	-0.010414491
75.136	0.004703584	-5.8465536	-0.010101898
75.264	0.0048120399	-5.8467478	-0.011210261
75.392	0.0046216177	-5.8466561	-0.011378339
75.52	0.0046188685	-5.8464777	-0.011140274
75.648	0.0045766403	-5.8466595	-0.010621591
75.776	0.0046386639	-5.8467262	-0.011579877
75.904	0.0046000665	-5.8466496	-0.012694838
76.032	0.0045904681	-5.8466943	-0.012038986
76.16	0.0044947445	-5.8468091	-0.0097405595
76.288	0.0044619446	-5.846697	-0.010971067
76.416	0.0044813445	-5.8467486	-0.012129603
76.544	0.0043522441	-5.8468299	-0.011813597
76.672	0.0043636152	-5.8468105	-0.010746771
76.8	0.0043574022	-5.8468153	-0.011154001
76.928	0.0043711073	-5.8470622	-0.01126431
77.056	0.0043386633	-5.8471239	-0.010037591
77.184	0.0042491334	-5.8471052	-0.01035641
77.312	0.0042974492	-5.8469662	-0.01124742
77.44	0.0042792391	-5.8470697	-0.011911596
77.568	0.0042906043	-5.8472334	-0.011700106
77.696	0.004242418	-5.8469812	-0.011502703
77.824	0.0042940313	-5.847119	-0.011447805
77.952	0.0042003074	-5.8469562	-0.010432367
78.08	0.0042597213	-5.8468873	-0.011344386
78.208	0.0042642286	-5.8468356	-0.011544577
78.336	0.0043616548	-5.8470456	-0.011549783
78.464	0.0042792233	-5.846851	-0.010835236
78.592	0.0043198345	-5.8470106	-0.010756138
78.72	0.0043933554	-5.8471695	-0.01163539
78.848	0.0043289819	-5.8470235	-0.011721977
78.976	0.0043741972	-5.8469968	-0.012452075
79.104	0.0044097314	-5.8467711	-0.011089664
79.232	0.0044220302	-5.8467647	-0.010445133
79.36	0.0043934389	-5.8467794	-0.0094824625
79.488	0.0045111627	-5.8469717	-0.0099728434
79.616	0.0045672487	-5.8468913	-0.010191916
79.744	0.0046332204	-5.8467757	-0.010143496
79.872	0.0046235889	-5.8466344	-0.0099757319
80	0.0046661831	-5.8468074	-0.01084178
80.128	0.004732924	-5.8466912	-0.010733403
80.256	0.0046360408	-5.8464517	-0.0088329322
80.384	0.0047023011	-5.8465815	-0.01066336
80.512	0.0046744907	-5.8465997	-0.010546466
80.64	0.0047296416	-5.8466292	-0.010407577
80.768	0.0047193194	-5.8465171	-0.010243977
80.896	0.0048217578	-5.8468242	-0.011127945
81.024	0.0047892054	-5.8466392	-0.010712704
81.152	0.0046409432	-5.8464558	-0.010205594
81.28	0.0047916976	-5.8465414	-0.010540798
81.408	0.0047157566	-5.8464035	-0.010023589
81.536	0.0046947485	-5.8464947	-0.009719888
81.664	0.0046473906	-5.8465748	-0.0095102893
81.792	0.0046830127	-5.8468043	-0.011224967
81.92	0.0046554556	-5.8467626	-0.011314772
82.048	0.0045480569	-5.8464838	-0.0096964164
82.176	0.0046115417	-5.8466956	-0.0096951681
82.304	0.0045472622	-5.8465165	-0.010607034
82.432	0.0045193837	-5.8466591	-0.01277935
82.56	0.0045075208	-5.8469361	-0.011682104
82.688	0.0044536919	-5.8469516	-0.011059521
82.816	0.0045246323	-5.8472338	-0.01267336
82.944	0.0043265438	-5.8468047	-0.011749721
83.072	0.0043519823	-5.8470309	-0.01129672
83.2	0.0043278738	-5.8469789	-0.010747173
83.328	0.0042964707	-5.846845	-0.010912094
83.456	0.0042628013	-5.8470421	-0.011337907
83.584	0.0043203299	-5.8469144	-0.011943167
83.712	0.0042559309	-5.8470125	-0.011683335
83.84	0.0042064063	-5.8468623	-0.011436452
83.968	0.0043265348	-5.8471201	-0.012093601
84.096	0.0042489321	-5.8470666	-0.012630938
84.224	0.004282099	-5.8471763	-0.012742966
84.352	0.0041430842	-5.8467752	-0.01115951
84.48	0.0043054793	-5.8469306	-0.011428761
84.608	0.0043185124	-5.8470273	-0.010747363
84.736	0.0042775352	-5.8469709	-0.01050667
84.864	0.0043851015	-5.846792	-0.011722539
84.992	0.0043248712	-5.8468403	-0.010672671
85.12	0.004361794	-5.8471111	-0.0096350578
85.248	0.0044182592	-5.8469769	-0.010798951
85.376	0.0044931853	-5.8466904	-0.010866301
85.504	0.0044597878	-5.846745	-0.010782517
85.632	0.0045069451	-5.8468009	-0.011733098
85.76	0.0045569599	-5.8468264	-0.012076229
85.888	0.0045125649	-5.8467674	-0.011410706
86.016	0.0045861036	-5.8467062	-0.011074197
86.144	0.0045477681	-5.846703	-0.010349005
86.272	0.0045949623	-5.8466017	-0.010858207
86.4	0.0046268122	-5.8467076	-0.010763545
86.528	0.0046513795	-5.8466234	-0.010233366
86.656	0.0046301495	-5.8466811	-0.0094491786
86.784	0.0047192197	-5.846993	-0.010573398
86.912	0.0047086714	-5.8467013	-0.010726964
87.04	0.0048534727	-5.8466514	-0.0095609034
87.168	0.0047188245	-5.8466204	-0.0086177459
87.296	0.0047412464	-5.8465543	-0.010758505
87.424	0.0047579401	-5.8464445	-0.011534989
87.552	0.0047790945	-5.8466185	-0.010997224
87.68	0.0047882601	-5.8466877	-0.011100672
87.808	0.0047232078	-5.8465891	-0.011204952
87.936	0.0046580214	-5.8467582	-0.01071892
88.064	0.004619758	-5.846592	-0.0093154931
88.192	0.0046939366	-5.8466738	-0.010767191
88.32	0.0045655067	-5.8465439	-0.010872239
88.448	0.0046326757	-5.8464455	-0.010292577
88.576	0.0045868192	-5.8467812	-0.010912065
88.704	0.0046360895	-5.8469407	-0.011573574
88.832	0.0044514929	-5.8466221	-0.010446397
88.96	0.0045114408	-5.8465097	-0.010492634
89.088	0.0043679863	-5.8467595	-0.011100078
89.216	0.0044507223	-5.846837	-0.011934744
89.344	0.0043768431	-5.8468994	-0.012254771
89.472	0.0043597007	-5.8469724	-0.011586083
89.6	0.0043122237	-5.8470107	-0.010592582
89.728	0.0043000689	-5.8471635	-0.011303067
89.856	0.0042959306	-5.8471867	-0.01163056
89.984	0.0041938257	-5.8470398	-0.01260316
90.112	0.0042237526	-5.8469556	-0.011883114
90.24	0.0042970312	-5.8471306	-0.0097417329
90.368	0.0043386336	-5.8472254	-0.010181993
90.496	0.0041917795	-5.8469494	-0.011634854
90.624	0.0042206898	-5.8471763	-0.012741226
90.752	0.0042768591	-5.8471151	-0.012269505
90.88	0.00429895	-5.8470173	-0.012748413
91.008	0.0042759077	-5.8467662	-0.011061617
91.136	0.0043108665	-5.8469062	-0.011103266
91.264	0.0042832358	-5.8468287	-0.01094351
91.392	0.0043301515	-5.8468664	-0.010338941
91.52	0.0044260668	-5.8465523	-0.010926188
91.648	0.0043724662	-5.8468421	-0.011868611
91.776	0.0044290129	-5.8467174	-0.011862875
91.904	0.0044568034	-5.8469238	-0.010979683
92.032	0.0045305605	-5.8467518	-0.010370314
92.16	0.0045772635	-5.8467565	-0.010266122
92.288	0.0045543805	-5.8466568	-0.011223302
92.416	0.0046180696	-5.846552	-0.011959544
92.544	0.0045309136	-5.8463563	-0.010859451
92.672	0.0046782358	-5.8466293	-0.011201228
92.8	0.0046992878	-5.8465388	-0.011025272
92.928	0.0047798094	-5.8466576	-0.0124585
93.056	0.0047128124	-5.8466412	-0.01305939
93.184	0.004620153	-5.8463516	-0.0088532467
93.312	0.0047525836	-5.8466424	-0.0087927436
93.44	0.0047929619	-5.8465283	-0.011502704
93.568	0.0047249344	-5.8463655	-0.011045238
93.696	0.0047846052	-5.8466546	-0.010272044
93.824	0.0047386188	-5.8465632	-0.0096938096
93.952	0.0047467054	-5.8465346	-0.0092658918
94.08	0.0047353481	-5.8464433	-0.0096615058
94.208	0.0046955393	-5.8464896	-0.010099932
94.336	0.0047519585	-5.8464487	-0.010722758
94.464	0.0046594455	-5.8464524	-0.010057576
94.592	0.0045715725	-5.8465023	-0.0096601324
94.72	0.0046097881	-5.8464679	-0.009547772
94.848	0.0046191005	-5.8465569	-0.011281238
94.976	0.0045206887	-5.8464951	-0.010443624
95.104	0.004478005	-5.8467953	-0.0085892189
95.232	0.0044805495	-5.8467082	-0.010666642
95.36	0.0045345945	-5.8468071	-0.011985517
95.488	0.0043645597	-5.8467279	-0.010119324
95.616	0.00438629	-5.8471015	-0.011822465
95.744	0.0043299756	-5.847119	-0.01379501
95.872	0.0043220162	-5.8471329	-0.012558682
96	0.004251059	-5.8471944	-0.011889449
96.128	0.0043209558	-5.8472404	-0.011963775
96.256	0.0043389552	-5.8475351	-0.012354305
96.384	0.0042723169	-5.8472695	-0.010796464
96.512	0.0041544525	-5.846899	-0.010689308
96.64	0.0042583414	-5.8469971	-0.010845847
96.768	0.004227049	-5.8468358	-0.010720883
96.896	0.0043288085	-5.8472174	-0.011546872
97.024	0.004224264	-5.8471017	-0.012024479
97.152	0.004319191	-5.846913	-0.012353541
97.28	0.0043278154	-5.8470795	-0.012047755
97.408	0.0043297721	-5.8469919	-0.011908679
97.536	0.004312653	-5.8469955	-0.010909941
97.664	0.0043592187	-5.8470563	-0.011444536
97.792	0.0043452367	-5.846963	-0.011531766
97.92	0.004454045	-5.8469457	-0.011222397
98.048	0.004406231	-5.8467467	-0.0095816011
98.176	0.0044921825	-5.8469774	-0.0094447388
98.304	0.004460749	-5.8467067	-0.0097464545
98.432	0.0045221934	-5.8467238	-0.0087343024
98.56	0.0045914849	-5.8468457	-0.010087957
98.688	0.0045934311	-5.8468706	-0.011011653
98.816	0.0045899327	-5.8469121	-0.012431691
98.944	0.004573401	-5.8467995	-0.011829065
99.072	0.0046978054	-5.8467049	-0.010577095
99.2	0.0046728135	-5.8463733	-0.011157935
99.328	0.0047722162	-5.8465587	-0.01120019
99.456	0.0046918799	-5.8463635	-0.010043913
99.584	0.0047606863	-5.8466092	-0.010154419
99.712	0.0047246654	-5.8463962	-0.0090219691
99.84	0.0046907309	-5.8464403	-0.0082674663
99.968	0.0047353049	-5.846417	-0.010390981
100.096	0.0048266998	-5.8466303	-0.010827556
100.224	0.0047092624	-5.8463887	-0.0096549323
100.352	0.0046490184	-5.8464765	-0.011703613
100.48	0.0047417752	-5.8465512	-0.012251567
100.608	0.0046857532	-5.8465128	-0.010041725
100.736	0.0046159156	-5.8465601	-0.0099985626
100.864	0.0047118338	-5.8467127	-0.010560025
100.992	0.0044949612	-5.8464593	-0.0095673852
101.12	0.0045792637	-5.8466935	-0.010311204
101.248	0.0045478604	-5.8467309	-0.010892836
101.376	0.004652617	-5.8469586	-0.01092039
101.504	0.0044012962	-5.8468374	-0.010325336
101.632	0.0044515085	-5.8469448	-0.010341742
101.76	0.0043858838	-5.8469577	-0.011823628
101.888	0.0043148782	-5.8467324	-0.012688349
102.016	0.0044124138	-5.8468813	-0.011101218
102.144	0.0043926276	-5.8471938	-0.012610662
102.272	0.0042925187	-5.846971	-0.012539102
102.4	0.0043344692	-5.8470236	-0.011233806
102.528	0.0043341129	-5.8471028	-0.010281677
102.656	0.0043005811	-5.8471005	-0.01044278
102.784	0.0042470891	-5.8471131	-0.01092656
102.912	0.0042486306	-5.8472891	-0.012187294
103.04	0.0042244391	-5.8471853	-0.011784106
103.168	0.0042752839	-5.8470555	-0.011955943
103.296	0.0042399677	-5.8467534	-0.010943026
103.424	0.0043278219	-5.846842	-0.010493361
103.552	0.0042397221	-5.8468458	-0.011374015
103.68	0.00429136	-5.847093	-0.010988101
103.808	0.0042961825	-5.8467901	-0.01286302
103.936	0.0044169597	-5.846866	-0.012703069
104.064	0.0043185767	-5.8466591	-0.011357682
104.192	0.0044043267	-5.8467055	-0.011963638
104.32	0.0043939115	-5.8466886	-0.012090453
104.448	0.004427281	-5.8467865	-0.010249855
104.576	0.0045186431	-5.8468051	-0.010517312
104.704	0.0045471997	-5.8468814	-0.01182576
104.832	0.004553175	-5.8468059	-0.010582331
104.96	0.0045628261	-5.8468103	-0.0099802343
105.088	0.0045985495	-5.8465958	-0.009986268
105.216	0.0046172266	-5.8466923	-0.010660385
105.344	0.0047688534	-5.8467438	-0.010090481
105.472	0.0046935008	-5.8464871	-0.010313119
105.6	0.0046990796	-5.8465412	-0.010295521
105.728	0.0046882587	-5.8465057	-0.0094723942
105.856	0.0047669709	-5.8464698	-0.0097599906
105.984	0.0047657639	-5.8465164	-0.01043015
106.112	0.0047107208	-5.8464116	-0.010515555
106.24	0.0046588187	-5.8465782	-0.010065876
106.368	0.0047757799	-5.8468085	-0.011420296
106.496	0.0047161402	-5.8465027	-0.011723639
106.624	0.0047466383	-5.84644	-0.010617233
106.752	0.0047042488	-5.846584	-0.010791363
106.88	0.0046921021	-5.8466676	-0.011245809
107.008	0.0046168987	-5.8466332	-0.0094415195
107.136	0.0046884336	-5.8467451	-0.0098888419
107.264	0.0045693401	-5.8468356	-0.01023309
107.392	0.0046682406	-5.8468546	-0.010810094
107.52	0.00455959	-5.8466178	-0.010271625
107.648	0.0045397959	-5.8467555	-0.010654165
107.776	0.0044436029	-5.8469231	-0.010451051
107.904	0.0044599137	-5.8468621	-0.0097209614
108.032	0.0044733573	-5.8468439	-0.010753628
108.16	0.0043604302	-5.8467674	-0.011214725
108.288	0.0043387589	-5.8468195	-0.0116574
108.416	0.0043730789	-5.8470478	-0.011326348
108.544	0.0042856935	-5.8467312	-0.0089907477
108.672	0.0042871802	-5.8470925	-0.01132533
108.8	0.0043103106	-5.8470557	-0.012501817
108.928	0.0042664796	-5.8468852	-0.012144767
109.056	0.0042740969	-5.846991	-0.012501631
109.184	0.0042348551	-5.847034	-0.01256897
109.312	0.004264465	-5.8471343	-0.012876536
109.44	0.0042496016	-5.8471081	-0.011516164
109.568	0.0042395091	-5.8469758	-0.01123106
109.696	0.0043437342	-5.84688	-0.01110385
109.824	0.0042989107	-5.8468659	-0.011225871
109.952	0.0043505568	-5.8469607	-0.011041012
110.08	0.0043023212	-5.846741	-0.0095246166
110.208	0.0043128105	-5.8466581	-0.010496008
110.336	0.0043743343	-5.8469132	-0.011761592
110.464	0.0044080127	-5.8468931	-0.0111238
110.592	0.0045051394	-5.8468914	-0.012104403
110.72	0.0044572846	-5.846511	-0.011647928
110.848	0.0043857664	-5.8464645	-0.01088826
110.976	0.004550759	-5.8468932	-0.011636673
111.104	0.004521568	-5.8470521	-0.011721174
111.232	0.0045345469	-5.847068	-0.011801556
111.36	0.004643009	-5.8469102	-0.011268697
111.488	0.0046496073	-5.8468833	-0.0092674273
111.616	0.0046347361	-5.846603	-0.010084654
111.744	0.0046354755	-5.8465994	-0.010308765
111.872	0.0047236043	-5.846431	-0.011759573
112	0.0047119272	-5.8464438	-0.01051621
112.128	0.0047730683	-5.8466025	-0.0089357903
112.256	0.0047360586	-5.8467877	-0.010628338
112.384	0.0047676708	-5.8468823	-0.010993062
112.512	0.0047211556	-5.8465084	-0.010349376
112.64	0.0046955761	-5.8464429	-0.010273704
112.768	0.0047077742	-5.8465009	-0.0086995999
112.896	0.0047276144	-5.8467648	-0.0082360935
113.024	0.0046924143	-5.8466655	-0.010444312
113.152	0.0047361291	-5.846546	-0.010225413
113.28	0.0046747609	-5.8467194	-0.010311548
113.408	0.0047059842	-5.846805	-0.011636245
113.536	0.0046099545	-5.8466761	-0.010079543
113.664	0.0045494126	-5.8466041	-0.010470648
113.792	0.0046191142	-5.8466868	-0.012665761
113.92	0.0044457066	-5.8464735	-0.011023017
114.048	0.0045003526	-5.8467146	-0.010712451
114.176	0.0044953338	-5.8466681	-0.011073143
114.304	0.0044244182	-5.8466888	-0.01040787
114.432	0.0044630267	-5.8468781	-0.011238875
114.56	0.0043832422	-5.8469432	-0.01175253
114.688	0.0042802815	-5.8467793	-0.010459801
114.816	0.0043242244	-5.846957	-0.010563738
114.944	0.0043501704	-5.8471353	-0.011840345
115.072	0.0042583902	-5.8467293	-0.011182115
115.2	0.0043047612	-5.8467801	-0.011317609
115.328	0.0042925595	-5.8470224	-0.012195189
115.456	0.0043143207	-5.8470276	-0.011990803
115.584	0.0042732969	-5.8474105	-0.011323558
115.712	0.0042760275	-5.8469463	-0.011026176
115.84	0.0042116861	-5.8467847	-0.01030739
115.968	0.0043314257	-5.8470316	-0.010731754
116.096	0.0042203095	-5.8468085	-0.01089118
116.224	0.0042637092	-5.8467691	-0.011215843
116.352	0.0042732789	-5.8466843	-0.010815121
116.48	0.0043534296	-5.8469143	-0.01089787
116.608	0.0043655689	-5.8469307	-0.010470102
116.736	0.0043840757	-5.8466652	-0.011136134
116.864	0.0043755312	-5.8466201	-0.010952839
116.992	0.0044076255	-5.8466489	-0.011397032
117.12	0.0045039277	-5.8466499	-0.012204033
117.248	0.0044697756	-5.8466169	-0.011839124
117.376	0.0045965175	-5.8466314	-0.012030539
117.504	0.0045620461	-5.8469335	-0.011131626
117.632	0.0046650786	-5.846859	-0.010847691
117.76	0.0046265541	-5.8467403	-0.010239317
117.888	0.0046637688	-5.8467881	-0.010160873
118.016	0.004613334	-5.8465219	-0.0098974756
118.144	0.0047506145	-5.846401	-0.01138583
118.272	0.0046805837	-5.8463919	-0.011214094
118.4	0.004675482	-5.8464962	-0.0097966393
118.528	0.0047170431	-5.8463652	-0.0097220989
118.656	0.0048012564	-5.8464524	-0.010697237
118.784	0.0048020309	-5.846652	-0.010220277
118.912	0.0047358067	-5.8466502	-0.01039849
119.04	0.0046467518	-5.8468107	-0.011209891
119.168	0.0047594451	-5.846821	-0.011259767
119.296	0.0046852092	-5.8468147	-0.011340227
119.424	0.0047355388	-5.8467309	-0.011255071
119.552	0.0046675787	-5.8466933	-0.0092957357
119.68	0.0046206577	-5.8466833	-0.0093264039
119.808	0.004646737	-5.846728	-0.010755665
119.936	0.0046263824	-5.8467722	-0.010595915
120.064	0.0045807734	-5.8468003	-0.010707777
120.192	0.0045438144	-5.8468199	-0.010869596
120.32	0.004528276	-5.8466533	-0.010166103
120.448	0.0044498447	-5.8466522	-0.0099744433
120.576	0.0044507126	-5.8467798	-0.011215664
120.704	0.0043999344	-5.8468953	-0.010640075
120.832	0.0044600842	-5.8469655	-0.010758906
120.96	0.0043392283	-5.846955	-0.010355208
121.088	0.0042979023	-5.8467299	-0.0099184021
121.216	0.0043686948	-5.8469414	-0.011243848
121.344	0.0042540907	-5.8469714	-0.011835909
121.472	0.0043781791	-5.8471495	-0.013150911
121.6	0.0042267145	-5.8470142	-0.011956034
121.728	0.0042765993	-5.8471241	-0.011455891
121.856	0.0042361505	-5.8469041	-0.011379673
121.984	0.0043344506	-5.8472473	-0.012011806
122.112	0.0042213824	-5.8471165	-0.01185641
122.24	0.0042595658	-5.8468218	-0.01133845
122.368	0.004310104	-5.8469926	-0.010792835
122.496	0.0042610515	-5.8468671	-0.010485663
122.624	0.0042681683	-5.8467815	-0.010574779
122.752	0.0043779141	-5.8469906	-0.011974709
122.88	0.0043528227	-5.8468748	-0.01247283
123.008	0.0043890242	-5.8468152	-0.010759079
123.136	0.0043692939	-5.846793	-0.010832541
123.264	0.0044370641	-5.8470181	-0.01198063
123.392	0.0044685109	-5.8468736	-0.01120793
123.52	0.0044723609	-5.8469283	-0.010700608
123.648	0.0044946745	-5.8467264	-0.009256522
123.776	0.0045358185	-5.8468688	-0.0090476304
123.904	0.0045625633	-5.8464761	-0.00950243
124.032	0.0046934134	-5.846622	-0.01067626
124.16	0.0045926892	-5.8464949	-0.01070501
124.288	0.0046565891	-5.8461977	-0.0099493412
124.416	0.0046394842	-5.8463507	-0.0096880524
124.544	0.0046520351	-5.8464732	-0.01002047
124.672	0.0047070309	-5.8464992	-0.01052197
124.8	0.0047608959	-5.8464152	-0.01109206
124.928	0.0047910602	-5.8462223	-0.0091381665
125.056	0.0047534941	-5.8463854	-0.0097166835
125.184	0.0047126779	-5.84647	-0.011366585
125.312	0.0047851813	-5.8465226	-0.010989712
125.44	0.0047382945	-5.8465112	-0.011038228
125.568	0.0047119472	-5.8464165	-0.010664047
125.696	0.0046353409	-5.8467667	-0.010424108
125.824	0.0046709724	-5.8467651	-0.0097710787
125.952	0.0046972516	-5.8465595	-0.010377066
126.08	0.0046747018	-5.8467081	-0.011073458
126.208	0.0046306531	-5.8465659	-0.010550967
126.336	0.0044955129	-5.8464004	-0.011088474
126.464	0.0045760944	-5.8466697	-0.011866045
126.592	0.004552903	-5.8465968	-0.011502185
126.72	0.0044978103	-5.846614	-0.010460285
126.848	0.0044540175	-5.8466745	-0.010121642
126.976	0.0044688859	-5.8467265	-0.010648894
127.104	0.0043601083	-5.8469783	-0.010870115
127.232	0.0044031308	-5.8470612	-0.011838026
127.36	0.0043480547	-5.8470654	-0.012164424
127.488	0.0042544487	-5.8469199	-0.011176412
127.616	0.0043367506	-5.8471206	-0.011618415
127.744	0.0042325851	-5.8471009	-0.012570765
127.872	0.0042253716	-5.8467896	-0.011178073
128	0.004261872	-5.8469843	-0.010613465
128.128	0.0042756221	-5.8470515	-0.012356657
128.256	0.0042625473	-5.8469825	-0.010934349
128.384	0.0042100974	-5.8468862	-0.011391082
128.512	0.0042768618	-5.8467946	-0.012549946
128.64	0.0043296506	-5.8469192	-0.010901449
128.768	0.0042228984	-5.8469577	-0.0099918685
128.896	0.0042164293	-5.8469957	-0.010792688
129.024	0.0043772155	-5.8471415	-0.010764019
129.152	0.0043986508	-5.8470534	-0.010350368
129.28	0.0043451013	-5.846942	-0.011230812
129.408	0.0043891517	-5.8470453	-0.01074887
129.536	0.004404652	-5.8469026	-0.01081259
129.664	0.0044504972	-5.8468879	-0.011256997
129.792	0.0044278967	-5.8466508	-0.011253783
129.92	0.0045279498	-5.8468089	-0.011300556
130.048	0.0045633476	-5.8469676	-0.011319402
130.176	0.0045712333	-5.8469981	-0.010962052
130.304	0.0046646722	-5.8467626	-0.010447488
130.432	0.0046044713	-5.8464662	-0.010619532
130.56	0.0046408039	-5.8465494	-0.0098351992
130.688	0.0046726885	-5.846484	-0.0097724218
130.816	0.004768237	-5.8467433	-0.011790106
130.944	0.0046603848	-5.8466526	-0.010156345
131.072	0.004781033	-5.8467084	-0.010488181
131.2	0.0047175757	-5.8465187	-0.010007403
131.328	0.0047001388	-5.8464575	-0.0095990274
131.456	0.004802353	-5.8464268	-0.0096991528
131.584	0.0046954009	-5.8464756	-0.0096625745
131.712	0.004662462	-5.8465685	-0.010214294
131.84	0.004738619	-5.846521	-0.010595699
131.968	0.0047056171	-5.8464559	-0.0094042329
132.096	0.0047005469	-5.8465326	-0.0091581207
132.224	0.0046542661	-5.8465051	-0.0097255993
132.352	0.004707266	-5.8468116	-0.011275013
132.48	0.0045953683	-5.8466057	-0.011038777
132.608	0.0045786101	-5.8466376	-0.010043816
132.736	0.0045572429	-5.8468308	-0.010970023
132.864	0.004461482	-5.8468248	-0.011489094
132.992	0.0044820273	-5.8466271	-0.010592571
133.12	0.0044961105	-5.8466691	-0.01107047
133.248	0.0045020872	-5.8468612	-0.011839913
133.376	0.0043744875	-5.8467925	-0.010366924
133.504	0.0044591715	-5.8467591	-0.011651199
133.632	0.0043044137	-5.8466799	-0.011638998
133.76	0.0043297018	-5.8468904	-0.012216156
133.888	0.0043828202	-5.846975	-0.012579844
134.016	0.0042383282	-5.8467965	-0.011517764
134.144	0.004268258	-5.8470642	-0.011563002
134.272	0.0042588721	-5.8471084	-0.011155755
134.4	0.0043281469	-5.8472143	-0.010456016
134.528	0.0042605609	-5.8470653	-0.010115543
134.656	0.0042533773	-5.8470438	-0.0095819523
134.784	0.0042823253	-5.8470372	-0.010228632
134.912	0.0042053975	-5.8466995	-0.011779948
135.04	0.0043360938	-5.8469845	-0.012222028
135.168	0.004264314	-5.8470747	-0.010886488
135.296	0.0042869511	-5.8469639	-0.011275947
135.424	0.0043284913	-5.8467442	-0.011682159
135.552	0.004409375	-5.8467783	-0.011944265
135.68	0.0043979847	-5.846754	-0.011339444
135.808	0.0043921551	-5.8467128	-0.010122427
135.936	0.0044109952	-5.8469627	-0.010878169
136.064	0.0045065259	-5.8469702	-0.011789758
136.192	0.0044390653	-5.8467248	-0.011060018
136.32	0.0045364294	-5.8465545	-0.011536352
136.448	0.0046252946	-5.8466	-0.011287898
136.576	0.0046211771	-5.8464577	-0.010773427
136.704	0.0046605062	-5.846516	-0.010953904
136.832	0.0045494685	-5.846606	-0.0096671433
136.96	0.0047007321	-5.8464871	-0.010186058
137.088	0.0046489554	-5.8464259	-0.01094861
137.216	0.0046977099	-5.8468345	-0.011132897
137.344	0.0047008692	-5.8466746	-0.0096682144
137.472	0.0047129139	-5.8465876	-0.0082126925
137.6	0.0047236631	-5.8465758	-0.0098546031
137.728	0.0046977256	-5.8463395	-0.010410349
137.856	0.0047717643	-5.8466158	-0.010029007
137.984	0.0047186154	-5.8464948	-0.0099587991
138.112	0.0047378219	-5.8465478	-0.010577981
138.24	0.0047115197	-5.84654	-0.010827093
138.368	0.004717718	-5.8466786	-0.010468215
138.496	0.0046629858	-5.8465773	-0.010130783
138.624	0.0046356806	-5.8466294	-0.0094888486
138.752	0.0046067611	-5.8465028	-0.010952736
138.88	0.0046620791	-5.8466271	-0.011467402
139.008	0.0046121588	-5.8466464	-0.01040664
139.136	0.0045178866	-5.8465953	-0.010449034
139.264	0.0045273024	-5.8467309	-0.010631331
139.392	0.0044825774	-5.8468325	-0.0099877116
139.52	0.0044243957	-5.8466406	-0.011781806
139.648	0.0044207759	-5.8467743	-0.011304615
139.776	0.0043306167	-5.8468402	-0.010825463
139.904	0.0044397712	-5.8468558	-0.0113754
140.032	0.0043066951	-5.8468867	-0.01125297
140.16	0.0042793356	-5.8468954	-0.011674529
140.288	0.0042880484	-5.8469106	-0.010174991
140.416	0.0043244057	-5.8469846	-0.010915818
140.544	0.0042364203	-5.8469653	-0.01208535
140.672	0.0042394912	-5.8471081	-0.011269599
140.8	0.0043113659	-5.8470985	-0.012572773
140.928	0.0043202251	-5.8471965	-0.012921663
141.056	0.0042914607	-5.8471063	-0.012355556
141.184	0.0042432637	-5.8469947	-0.011614177
141.312	0.0042972353	-5.8468991	-0.01201582
141.44	0.0043147769	-5.8468716	-0.012809599
141.568	0.0043182726	-5.8469909	-0.010697432
141.696	0.0043973118	-5.8471611	-0.011502797
141.824	0.0043472297	-5.8467783	-0.011669195
141.952	0.0043772053	-5.8465829	-0.010970738
142.08	0.0043994858	-5.8466082	-0.0097663583
142.208	0.0044288111	-5.8466463	-0.01032808
142.336	0.0044062859	-5.8466678	-0.010751055
142.464	0.0045060728	-5.8466788	-0.010487477
142.592	0.0045956847	-5.8468971	-0.0095299046
142.72	0.0044962737	-5.8466631	-0.0095419287
142.848	0.0045264849	-5.8466073	-0.011256809
142.976	0.0046378203	-5.846837	-0.011141728
143.104	0.0047412204	-5.8467227	-0.011320403
143.232	0.0046528347	-5.8465711	-0.011099283
143.36	0.0046415617	-5.8466005	-0.010380145
143.488	0.0047802077	-5.8467383	-0.010251494
143.616	0.0047073139	-5.8466998	-0.0098898152
143.744	0.0047268502	-5.8465746	-0.010632231
143.872	0.0047813705	-5.8465947	-0.0098631602
144	0.0047624163	-5.8467785	-0.0084193642
144.128	0.0047217512	-5.8465727	-0.010217487
144.256	0.0047253305	-5.8465083	-0.010789202
144.384	0.0047678188	-5.8463783	-0.011876466
144.512	0.0047051816	-5.8464626	-0.010929667
144.64	0.0046743984	-5.8465904	-0.010008306
144.768	0.0046465945	-5.8464297	-0.010490971
144.896	0.0047383599	-5.8465057	-0.010503827
145.024	0.0046337101	-5.8465497	-0.010039512
145.152	0.0046306355	-5.8467089	-0.01152604
145.28	0.0045142576	-5.8468518	-0.010821974
145.408	0.0045569597	-5.8467966	-0.010853759
145.536	0.0044759069	-5.8468001	-0.0094145207
145.664	0.004525839	-5.8469393	-0.010126792
145.792	0.0044478476	-5.8468295	-0.011245064
145.92	0.0043988899	-5.8468857	-0.012198191
146.048	0.0043598119	-5.8466877	-0.011247083
146.176	0.0043938474	-5.8466468	-0.0098766909
146.304	0.0043869532	-5.8468439	-0.011475639
146.432	0.0043271708	-5.8469981	-0.01117724
146.56	0.0042919069	-5.8470601	-0.011630983
146.688	0.0042978	-5.8469012	-0.011024014
146.816	0.0042706724	-5.8468983	-0.010931039
146.944	0.0042063473	-5.8469483	-0.01229293
147.072	0.0043132061	-5.847134	-0.011840445
147.2	0.0042650957	-5.8470236	-0.010493328
147.328	0.0042813843	-5.8469563	-0.011056991
147.456	0.0043225933	-5.8471813	-0.01197598
147.584	0.0042788244	-5.8471382	-0.011156577
147.712	0.0042619559	-5.8470173	-0.011174749
147.84	0.0043900866	-5.8470805	-0.013334717
147.968	0.0043181948	-5.8468783	-0.012646301
148.096	0.0043342728	-5.8468989	-0.0119139
148.224	0.0042856227	-5.8469286	-0.010912429
148.352	0.0044494706	-5.847142	-0.0099846836
148.48	0.0044262462	-5.8469465	-0.010474725
148.608	0.0045052978	-5.8470055	-0.011057333
148.736	0.0044591304	-5.8466781	-0.010738956
148.864	0.0045206434	-5.8465163	-0.010034323
148.992	0.004556316	-5.8467752	-0.010025307
149.12	0.0045325201	-5.8465429	-0.010704403
149.248	0.0046717433	-5.8466436	-0.011351405
149.376	0.0045796791	-5.846517	-0.011853289
149.504	0.0046484328	-5.8465406	-0.010621477
149.632	0.0046532672	-5.8463715	-0.0097400506
149.76	0.0046984476	-5.8464663	-0.0097260724
149.888	0.0047138895	-5.8467279	-0.0091030457
150.016	0.0047183553	-5.8465632	-0.0095130074
150.144	0.0047728955	-5.8464196	-0.0098931592
150.272	0.0046993497	-5.8462305	-0.0104157
150.4	0.0048408881	-5.8464827	-0.011112343
150.528	0.0047671216	-5.8464693	-0.0098562984
150.656	0.0046462876	-5.8463326	-0.0099623582
150.784	0.0046995715	-5.846478	-0.011156993
150.912	0.0047257852	-5.8465996	-0.010111762
151.04	0.0047592455	-5.8467134	-0.010815097
151.168	0.0047174788	-5.8468006	-0.01154871
151.296	0.0045523147	-5.8468351	-0.010482119
151.424	0.0045697578	-5.8467617	-0.010305632
151.552	0.0046160521	-5.8467026	-0.010471783
151.68	0.0044356146	-5.846465	-0.010285546
151.808	0.004577293	-5.8468106	-0.011858566
151.936	0.0044960548	-5.8465389	-0.010204663
152.064	0.0043736596	-5.8465184	-0.0095640904
152.192	0.0044284877	-5.8468072	-0.010272455
152.32	0.0044448072	-5.8467673	-0.011045929
152.448	0.004330925	-5.8467104	-0.010569723
152.576	0.0043191329	-5.8466807	-0.010020515
152.704	0.0043854378	-5.847133	-0.011136741
152.832	0.0042803337	-5.8468972	-0.011689808
152.96	0.0042935467	-5.8469875	-0.013564093
153.088	0.0043444652	-5.8471838	-0.013408851
153.216	0.0043040271	-5.8470553	-0.011796102
153.344	0.0042723971	-5.8468689	-0.011200393
153.472	0.0043195172	-5.846824	-0.011482077
153.6	0.0043116755	-5.8469126	-0.012015846
153.728	0.0041960534	-5.8469	-0.011726483
153.856	0.0042997621	-5.8470565	-0.011363088
153.984	0.0043070751	-5.8470451	-0.011477715
154.112	0.0043119413	-5.8469696	-0.012403637
154.24	0.0043385051	-5.8471002	-0.012636629
154.368	0.0043653078	-5.8470675	-0.011772719
154.496	0.0043170121	-5.8469222	-0.010580228
154.624	0.0043596706	-5.8467603	-0.010143395
154.752	0.0044815989	-5.8469884	-0.011107404
154.88	0.0044396247	-5.8467905	-0.010560031
155.008	0.004477921	-5.8468391	-0.010175295
155.136	0.0044815906	-5.8467644	-0.011552936
155.264	0.0045179517	-5.8467121	-0.011711258
155.392	0.0045860347	-5.846911	-0.01114626
155.52	0.0045584452	-5.8466997	-0.012159986
155.648	0.0046856693	-5.8466935	-0.011835728
155.776	0.004665481	-5.8465901	-0.0099271425
155.904	0.0047028056	-5.846618	-0.0098850504
156.032	0.0046712157	-5.8466915	-0.010006604
156.16	0.0047085883	-5.8463289	-0.0089353245
156.288	0.0047068416	-5.8463429	-0.010439428
156.416	0.0047601836	-5.8463183	-0.0099771078
156.544	0.0047080477	-5.846387	-0.0082065147
156.672	0.0047384914	-5.8464255	-0.010071495
156.8	0.0047631289	-5.8465924	-0.010524394
156.928	0.004727024	-5.8464735	-0.010630328
157.056	0.0046948331	-5.8466399	-0.011003122
157.184	0.0046585294	-5.8467252	-0.0096948288
157.312	0.0046934878	-5.8467491	-0.010026724
157.44	0.0046964472	-5.8468081	-0.0097258817
157.568	0.0046244338	-5.8467091	-0.0098829858
157.696	0.0046031137	-5.8466699	-0.010527749
157.824	0.0045700906	-5.8465051	-0.010789347
157.952	0.0045827344	-5.8466299	-0.010855086
158.08	0.0045994114	-5.8468821	-0.011053857
158.208	0.0044816857	-5.846942	-0.011169022
158.336	0.0045098333	-5.8468015	-0.010526892
158.464	0.0044633314	-5.8467858	-0.012179646
158.592	0.0043901382	-5.8467698	-0.011056283
158.72	0.0043961878	-5.8467641	-0.010726333
158.848	0.0043288333	-5.8467184	-0.011728308
158.976	0.004362943	-5.846983	-0.011413521
159.104	0.0043360052	-5.8469208	-0.010819912
159.232	0.0043255313	-5.847005	-0.011348965
159.36	0.0042905795	-5.8471604	-0.011996349
159.488	0.0043122134	-5.847184	-0.011564965
159.616	0.0041956438	-5.8470075	-0.011216237
159.744	0.0042814387	-5.8470809	-0.011651677
159.872	0.0042716387	-5.8471164	-0.010654619
160	0.0042436066	-5.847103	-0.011175908
160.128	0.0043107438	-5.8470378	-0.01143986
160.256	0.0042281043	-5.8468776	-0.01098331
160.384	0.0042796937	-5.8467982	-0.010809492
160.512	0.0044013535	-5.846688	-0.010154739
160.64	0.0043894369	-5.8468867	-0.010739241
160.768	0.0043578131	-5.8468104	-0.011423755
160.896	0.0043899222	-5.8467339	-0.011522554
161.024	0.0043907165	-5.8467006	-0.0097522719
161.152	0.0044662131	-5.8468924	-0.011668451
161.28	0.004474471	-5.8468336	-0.012881813
161.408	0.0044718613	-5.8468362	-0.011656623
161.536	0.0045990915	-5.8467952	-0.011158893
161.664	0.0045761659	-5.8465919	-0.010539813
161.792	0.0045337522	-5.8466663	-0.010125472
161.92	0.0046335101	-5.8465306	-0.010159903
162.048	0.0046584971	-5.8466681	-0.010875845
162.176	0.0046485091	-5.8467462	-0.010019973
162.304	0.0047361155	-5.8467549	-0.011750289
162.432	0.0046904514	-5.8468042	-0.012116693
162.56	0.004701472	-5.8467168	-0.010722147
162.688	0.0047450253	-5.846529	-0.0098771894
162.816	0.0047098574	-5.8463781	-0.010947777
162.944	0.0046895156	-5.8463945	-0.011244096
163.072	0.0047936866	-5.8465662	-0.0099718009
163.2	0.0047046519	-5.8466558	-0.0096974879
163.328	0.004665531	-5.8465745	-0.0091660916
163.456	0.0047548024	-5.8464984	-0.010085303
163.584	0.0047360516	-5.8467507	-0.011061406
163.712	0.0046557616	-5.846679	-0.011398643
163.84	0.0046369982	-5.8466378	-0.0095978042
163.968	0.004563701	-5.8465275	-0.0092690959
164.096	0.0046135284	-5.846627	-0.010327307
164.224	0.0046222779	-5.8466375	-0.009466564
164.352	0.0045605131	-5.8468733	-0.010901519
164.48	0.0045373797	-5.8469426	-0.011278012
164.608	0.0044625485	-5.846971	-0.010793232
164.736	0.0043844987	-5.8466451	-0.010798079
164.864	0.0044528154	-5.8468766	-0.010457547
164.992	0.0044381093	-5.846791	-0.01036221
165.12	0.0043538362	-5.8467536	-0.01097729
165.248	0.0043120007	-5.8468041	-0.012098789
165.376	0.0043045705	-5.846935	-0.012925183
165.504	0.0043349584	-5.8468516	-0.012331548
165.632	0.0042470765	-5.8469458	-0.012803255
165.76	0.0042957881	-5.8468583	-0.012561902
165.888	0.0042722409	-5.8468083	-0.011941837
166.016	0.0042598803	-5.8469537	-0.012456305
166.144	0.00429082	-5.846977	-0.011428764
166.272	0.0042797955	-5.8470768	-0.010612773
166.4	0.004276146	-5.8468237	-0.011380612
166.528	0.0042476769	-5.8467429	-0.011133059
166.656	0.0043353737	-5.8469566	-0.011804965
166.784	0.0043385469	-5.8469167	-0.012414892
166.912	0.0043847127	-5.8470123	-0.010950428
167.04	0.0043959687	-5.8468824	-0.011051216
167.168	0.0043702846	-5.8468693	-0.01096222
167.296	0.0044226135	-5.8468611	-0.010343814
167.424	0.0043837033	-5.8469171	-0.01048422
167.552	0.0044382615	-5.8468585	-0.011140987
167.68	0.0045373496	-5.8468557	-0.010048287
167.808	0.0044944662	-5.8467011	-0.0095172728
167.936	0.0046123817	-5.8467818	-0.01068543
168.064	0.0045616608	-5.8466127	-0.0096778745
168.192	0.0045976767	-5.8467601	-0.010910779
168.32	0.0046726764	-5.8466845	-0.011123303
168.448	0.0046394774	-5.8465763	-0.010519768
168.576	0.0046947606	-5.8467708	-0.011080571
168.704	0.0046720836	-5.8466782	-0.011203405
168.832	0.0047596685	-5.8464804	-0.010297703
168.96	0.004722989	-5.8464275	-0.0091401588
169.088	0.0046836166	-5.8465278	-0.0095755502
169.216	0.0047136585	-5.8465324	-0.010234612
169.344	0.0047346308	-5.8467071	-0.0098597385
169.472	0.004679572	-5.8467899	-0.010741384
169.6	0.0046639811	-5.8464124	-0.011074852
169.728	0.0046708166	-5.8463533	-0.011058241
169.856	0.0047971681	-5.8466209	-0.010349435
169.984	0.0046928188	-5.8466287	-0.0095855436
170.112	0.0047029288	-5.8465524	-0.010241426
170.24	0.0046298679	-5.8465568	-0.010377766
170.368	0.004572044	-5.8465016	-0.010580952
170.496	0.0046160095	-5.8468449	-0.01047975
170.624	0.0045010028	-5.8466728	-0.011012954
170.752	0.004501697	-5.8467465	-0.011479637
170.88	0.0044948942	-5.8468275	-0.010125722
171.008	0.0044706443	-5.8468718	-0.010259695
171.136	0.0045139675	-5.8468426	-0.01131378
171.264	0.0044223429	-5.8470071	-0.010836108
171.392	0.0042917434	-5.8467902	-0.0098438027
171.52	0.0043363303	-5.8468315	-0.01042151
171.648	0.0043052023	-5.8465873	-0.011874816
171.776	0.0043331469	-5.8467825	-0.010967565
171.904	0.0043271862	-5.8466962	-0.011029796
172.032	0.0042256243	-5.8468568	-0.01136316
172.16	0.0043326001	-5.8469672	-0.011332178
172.288	0.0042312823	-5.8469933	-0.012393203
172.416	0.0042247594	-5.8470183	-0.011872426
172.544	0.0043084062	-5.8470974	-0.011793235
172.672	0.0043120781	-5.8469589	-0.011751918
172.8	0.0042802069	-5.846937	-0.010396674
172.928	0.0042861281	-5.8469004	-0.010574602
173.056	0.0043185562	-5.8469628	-0.011315079
173.184	0.0043152412	-5.8467694	-0.011530362
173.312	0.0042994713	-5.8466554	-0.011586836
173.44	0.0043537809	-5.8465039	-0.011079382
173.568	0.0044601047	-5.8466653	-0.010310936
173.696	0.0044175323	-5.8467731	-0.011062874
173.824	0.004446954	-5.8468858	-0.011516389
173.952	0.0044851695	-5.8467867	-0.010583287
174.08	0.0045534833	-5.8469252	-0.009810648
174.208	0.0044904008	-5.8468635	-0.0097995481
174.336	0.0045751321	-5.8469462	-0.011362282
174.464	0.0045746945	-5.8468251	-0.012366167
174.592	0.0046808895	-5.8468643	-0.010902723
174.72	0.0046247045	-5.8465678	-0.01151765
174.848	0.0046505427	-5.846531	-0.01033117
174.976	0.0047144945	-5.8466496	-0.010928557
175.104	0.0047515304	-5.8464859	-0.011517599
175.232	0.0047351057	-5.8465184	-0.01049114
175.36	0.0047383075	-5.8465371	-0.010359632
175.488	0.0046903024	-5.8464339	-0.010038391
175.616	0.0047081701	-5.8465477	-0.011395608
175.744	0.0047529495	-5.8464917	-0.011034785
175.872	0.0046477307	-5.8465546	-0.0095275025
176	0.0047708312	-5.8466433	-0.010965573
176.128	0.0047336438	-5.8467241	-0.011080786
176.256	0.0046987602	-5.846383	-0.009763406
176.384	0.0046791242	-5.8464539	-0.0091875175
176.512	0.0046356316	-5.8465519	-0.010886909
176.64	0.0045589346	-5.8465178	-0.011506021
176.768	0.0045799444	-5.8465375	-0.010055534
176.896	0.0045766001	-5.8467825	-0.0097616591
177.024	0.0045171296	-5.8468718	-0.0100783
177.152	0.0045030183	-5.8467046	-0.0097235446
177.28	0.0045023452	-5.8467123	-0.0098168171
177.408	0.0043731413	-5.8466043	-0.0096639631
177.536	0.0043687499	-5.8467945	-0.011742877
177.664	0.0044226343	-5.8469176	-0.011078485
177.792	0.004358983	-5.8468552	-0.011107572
177.92	0.0043835432	-5.8469682	-0.012027247
178.048	0.0043098766	-5.8469966	-0.010524096
178.176	0.0043353552	-5.8470817	-0.011870182
178.304	0.0042879932	-5.8468791	-0.012172741
178.432	0.0043088312	-5.8471941	-0.011206302
178.56	0.0042752445	-5.8470671	-0.011265618
178.688	0.0042622766	-5.846931	-0.012771946
178.816	0.0042055599	-5.8470324	-0.011378271
178.944	0.0042788981	-5.8470831	-0.010048306
179.072	0.0042998768	-5.8470556	-0.011688514
179.2	0.0042609315	-5.8470685	-0.012200961
179.328	0.0043087268	-5.8470034	-0.013079238
179.456	0.0043760454	-5.8470871	-0.011964303
179.584	0.0043433277	-5.8468332	-0.010297001
179.712	0.0043628076	-5.8468208	-0.010349635
179.84	0.0044637323	-5.846862	-0.011306682
179.968	0.0044061623	-5.8468818	-0.012951241
180.096	0.0044442595	-5.8468928	-0.011582473
180.224	0.0044538377	-5.846761	-0.010736716
180.352	0.0045116793	-5.8468432	-0.0096905405
180.48	0.0044341645	-5.8466788	-0.0094772116
180.608	0.0046459154	-5.8468307	-0.010616576
180.736	0.0046542207	-5.8468467	-0.0094340451
180.864	0.0046266315	-5.8467322	-0.010163716
180.992	0.0046308915	-5.8465616	-0.010552781
181.12	0.0046183952	-5.8464444	-0.01032532
181.248	0.0046835388	-5.8464226	-0.011621015
181.376	0.0047279823	-5.8467816	-0.01201801
181.504	0.0047203197	-5.8465794	-0.010638653
181.632	0.0046803372	-5.8465285	-0.009436998
181.76	0.0047545369	-5.8466407	-0.0095743047
181.888	0.0048282539	-5.8467191	-0.0097849312
182.016	0.0046876283	-5.8465082	-0.0099840597
182.144	0.0047791454	-5.8464209	-0.01140447
182.272	0.0046676013	-5.8464187	-0.0099506089
182.4	0.0047180358	-5.8465616	-0.0096405755
182.528	0.0047220154	-5.8465811	-0.0099731878
182.656	0.0046230269	-5.8464539	-0.010065158
182.784	0.0045680914	-5.8462541	-0.010714565
182.912	0.004642878	-5.8465784	-0.010627378
183.04	0.0045700244	-5.8466191	-0.011195184
183.168	0.004561238	-5.8467505	-0.011466737
183.296	0.0045478159	-5.8467545	-0.012134114
183.424	0.00454277	-5.8468232	-0.012455795
183.552	0.0044253497	-5.8467899	-0.010297056
183.68	0.0044068985	-5.846681	-0.01093472
183.808	0.0044283763	-5.8466443	-0.010592008
183.936	0.0044439341	-5.8467955	-0.010620098
184.064	0.0043736205	-5.847016	-0.011390498
184.192	0.0043602938	-5.8469078	-0.010493618
184.32	0.0042986084	-5.8469977	-0.011220116
184.448	0.0043322777	-5.8469871	-0.011465906
184.576	0.0042874937	-5.8471012	-0.010816848
184.704	0.0042780151	-5.8469414	-0.010761895
184.832	0.0042492788	-5.8469743	-0.011260934
184.96	0.0042642451	-5.8468578	-0.011407192
185.088	0.0042940634	-5.846851	-0.01031523
185.216	0.0042762284	-5.8467941	-0.011055273
185.344	0.0042101378	-5.8468497	-0.012060527
185.472	0.0042835898	-5.8469673	-0.011191228
185.6	0.0043457068	-5.8468107	-0.011249028
185.728	0.0042819137	-5.8469085	-0.010499294
185.856	0.0043671445	-5.8471079	-0.011132842
185.984	0.0044031041	-5.8469603	-0.012062695
186.112	0.0043663421	-5.8469173	-0.010943362
186.24	0.0044334433	-5.8467929	-0.011143906
186.368	0.0044448383	-5.8466892	-0.011191454
186.496	0.0045053181	-5.8469533	-0.011185159
186.624	0.0045185496	-5.8468818	-0.010818696
186.752	0.0044789361	-5.8466542	-0.010510875
186.88	0.0045808042	-5.8468901	-0.01125998
187.008	0.0045922127	-5.8468603	-0.0099677611
187.136	0.0045888475	-5.846539	-0.0098762198
187.264	0.0046302598	-5.8467119	-0.011010229
187.392	0.0046303174	-5.8465074	-0.010794328
187.52	0.0047217257	-5.8467295	-0.011206686
187.648	0.0046492324	-5.846502	-0.011296475
187.776	0.0047238187	-5.8466597	-0.010685443
187.904	0.0047233756	-5.8465995	-0.0090850416
188.032	0.0047001975	-5.84672	-0.0079217486
188.16	0.0047889751	-5.8467554	-0.0090214285
188.288	0.0046967501	-5.8465215	-0.010412638
188.416	0.0046176401	-5.8463596	-0.010656419
188.544	0.0047512665	-5.8465702	-0.010674064
188.672	0.0047012134	-5.8465724	-0.010311661
188.8	0.0046902829	-5.8466577	-0.011414943
188.928	0.0046822196	-5.8468319	-0.010552404
189.056	0.004729073	-5.8467691	-0.0094317738
189.184	0.0046422612	-5.8464303	-0.011118774
189.312	0.0045793919	-5.846524	-0.0097401521
189.44	0.004470917	-5.8465785	-0.0081156577
189.568	0.0045594524	-5.8468024	-0.010863637
189.696	0.0044931037	-5.8468449	-0.010697461
189.824	0.0045325436	-5.8468942	-0.0097514653
189.952	0.0044935941	-5.8469066	-0.010934019
190.08	0.0044219066	-5.8468617	-0.011791753
190.208	0.004371237	-5.8468162	-0.011492125
190.336	0.0044170171	-5.8469806	-0.012557822
190.464	0.0043631286	-5.8468614	-0.0114149
190.592	0.0043391554	-5.8468879	-0.011165118
190.72	0.0043428669	-5.8471978	-0.011641011
190.848	0.0042624575	-5.8470732	-0.012184383
190.976	0.0042921995	-5.8469445	-0.011746388
191.104	0.0043635327	-5.8469855	-0.010877385
191.232	0.0042371259	-5.8469584	-0.01140668
191.36	0.0043097913	-5.8469741	-0.01285626
191.488	0.0043130828	-5.8469549	-0.011725715
191.616	0.0042786912	-5.8470909	-0.010019913
191.744	0.0043260089	-5.8470966	-0.010320067
191.872	0.0042453797	-5.8469216	-0.011549737
192	0.0043556168	-5.8471066	-0.012708851
192.128	0.0042754531	-5.8471242	-0.011136144
192.256	0.0043676176	-5.8471082	-0.011098616
192.384	0.0044136092	-5.8468094	-0.011493231
192.512	0.0044292766	-5.8467559	-0.011315004
192.64	0.0044212852	-5.8468805	-0.01215639
192.768	0.004482806	-5.8468951	-0.010576976
192.896	0.0044518341	-5.8467787	-0.010815764
193.024	0.0044855684	-5.8467772	-0.010942124
193.152	0.0045458548	-5.8468573	-0.011554698
193.28	0.0046218408	-5.8468613	-0.01290167
193.408	0.0046182784	-5.8467004	-0.010623743
193.536	0.0046246106	-5.8467059	-0.0088526382
193.664	0.0046447799	-5.846516	-0.0092807834
193.792	0.0046792142	-5.846723	-0.010613912
193.92	0.0046917001	-5.8465546	-0.0092963805
194.048	0.0047559781	-5.8465044	-0.010202149
194.176	0.004694455	-5.8463925	-0.0094789893
194.304	0.0047362664	-5.8465223	-0.0088471048
194.432	0.004719759	-5.8464018	-0.010155665
194.56	0.0047098953	-5.8465464	-0.010611124
194.688	0.0047587345	-5.8464874	-0.010368325
194.816	0.0047256624	-5.8465645	-0.010510488
194.944	0.0047254499	-5.84664	-0.010850687
195.072	0.0047034842	-5.8465617	-0.010134786
195.2	0.0047067288	-5.8466694	-0.009479621
195.328	0.004618855	-5.8466269	-0.0099693979
195.456	0.0045078976	-5.8465654	-0.0091820837
195.584	0.0046529467	-5.8466885	-0.010756367
195.712	0.0045568242	-5.8466155	-0.011773991
195.84	0.0045492371	-5.8467203	-0.011490051
195.968	0.0045207841	-5.8466799	-0.011636951
196.096	0.0044438043	-5.8467301	-0.011598568
196.224	0.0045045853	-5.8470518	-0.010737726
196.352	0.004449588	-5.8469599	-0.011571799
196.48	0.0044159028	-5.846854	-0.011929193
196.608	0.004298814	-5.8468	-0.010301034
196.736	0.0043565517	-5.8470878	-0.011411618
196.864	0.0043524688	-5.8468485	-0.011580024
196.992	0.0043277882	-5.8466393	-0.010596639
197.12	0.0042436163	-5.8467178	-0.011168013
197.248	0.0043613054	-5.8468841	-0.012308956
197.376	0.0042980541	-5.8468514	-0.010969837
197.504	0.0042835482	-5.8468702	-0.011039387
197.632	0.0042976043	-5.8470177	-0.01011795
197.76	0.0042683962	-5.8472085	-0.010973132
197.888	0.0042684508	-5.8471514	-0.011395182
198.016	0.0042562211	-5.8468884	-0.011411543
198.144	0.0043288825	-5.8470009	-0.010450296
198.272	0.0043047431	-5.8469971	-0.011644491
198.4	0.0043635269	-5.8471771	-0.01171968
198.528	0.0043746697	-5.8468071	-0.0097289279
198.656	0.0043746881	-5.8467846	-0.010712286
198.784	0.0043895579	-5.8467132	-0.010911842
198.912	0.0044182349	-5.8467683	-0.011279521
199.04	0.0044891637	-5.8467423	-0.011852119
199.168	0.0045499785	-5.8468024	-0.011716966
199.296	0.004516477	-5.8468009	-0.011221891
199.424	0.0045313476	-5.8466207	-0.0094770972
199.552	0.0046230642	-5.8469317	-0.010749093
199.68	0.0045257934	-5.8468752	-0.010223604
199.808	0.0046399683	-5.8468929	-0.010186391
199.936	0.0046170971	-5.846619	-0.012459551
200.064	0.0046901979	-5.8464922	-0.01230383
200.192	0.0047040701	-5.8467535	-0.0098655814
200.32	0.0047220337	-5.8466257	-0.0092694716
200.448	0.004674453	-5.8464299	-0.010507445
200.576	0.0046757946	-5.8463361	-0.011342484
200.704	0.0047120933	-5.8463722	-0.01115685
200.832	0.0047415911	-5.8465158	-0.011032915
200.96	0.0046829836	-5.8466161	-0.010890986
201.088	0.0047540546	-5.8467054	-0.010575204
201.216	0.0047106074	-5.8465028	-0.010846404
201.344	0.0046384907	-5.8465483	-0.010411512
201.472	0.0046663656	-5.8467226	-0.0094809522
201.6	0.0047009831	-5.8468867	-0.01157813
201.728	0.0045936125	-5.8465749	-0.010269097
201.856	0.0046099597	-5.846553	-0.0096572471
201.984	0.0045702481	-5.8465344	-0.0099522615
202.112	0.0045746823	-5.8465344	-0.0086617657
202.24	0.0046057283	-5.8465443	-0.0097310501
202.368	0.0044553567	-5.8466539	-0.010889086
202.496	0.0044219595	-5.8465862	-0.011582532
202.624	0.0044620555	-5.8467107	-0.012037671
202.752	0.0043644723	-5.8465974	-0.011844825
202.88	0.0044047611	-5.8469394	-0.010975839
203.008	0.0044124794	-5.8469003	-0.010978446
203.136	0.0043080509	-5.846792	-0.011696756
203.264	0.0043222796	-5.8468664	-0.011987308
203.392	0.0043238952	-5.8471646	-0.011859625
203.52	0.0042214899	-5.8470039	-0.013028445
203.648	0.004340154	-5.8469311	-0.012042608
203.776	0.0042933612	-5.8469987	-0.011634328
203.904	0.0042732565	-5.8470585	-0.011448699
204.032	0.0042785524	-5.8471041	-0.011069697
204.16	0.0041710764	-5.8469785	-0.011473939
204.288	0.0043572579	-5.8469848	-0.011048061
204.416	0.0043329318	-5.8471415	-0.010699959
204.544	0.0043471323	-5.8469908	-0.011172456
204.672	0.004367191	-5.8470372	-0.012301944
204.8	0.0042914047	-5.8467919	-0.011025709
204.928	0.0043883305	-5.84702	-0.010286279
205.056	0.0044151051	-5.8469509	-0.011585404
205.184	0.0044360038	-5.8467196	-0.011548648
205.312	0.004458899	-5.846874	-0.010287129
205.44	0.0043549264	-5.846694	-0.01015514
205.568	0.004541186	-5.8468203	-0.01101639
205.696	0.0045141427	-5.8466963	-0.010024566
205.824	0.0046126305	-5.8469357	-0.0099785875
205.952	0.0045779878	-5.8466906	-0.0092130671
206.08	0.0046240874	-5.8464597	-0.010555811
206.208	0.0047574708	-5.8466828	-0.011506694
206.336	0.0046228051	-5.8466208	-0.010840326
206.464	0.004678019	-5.8468474	-0.011246892
206.592	0.0047375214	-5.8466048	-0.010170552
206.72	0.0046656888	-5.8465273	-0.01040827
206.848	0.0047695021	-5.8463165	-0.010960902
206.976	0.0047042074	-5.8463683	-0.0098660455
207.104	0.0046775462	-5.8466339	-0.010340167
207.232	0.0047665727	-5.846483	-0.0099459668
207.36	0.0047368015	-5.8467148	-0.010536031
207.488	0.0047017797	-5.8466377	-0.012098685
207.616	0.0046773263	-5.8464894	-0.010831059
207.744	0.0047179001	-5.8468082	-0.0092669684
207.872	0.0046209576	-5.8464144	-0.0097459951
208	0.0045755252	-5.8467593	-0.01042253
208.128	0.0046925546	-5.8470797	-0.011442372
208.256	0.0044927961	-5.8466314	-0.011070326
208.384	0.0045529906	-5.8467145	-0.010376321
208.512	0.0044720685	-5.8467416	-0.01018353
208.64	0.0045646218	-5.8469001	-0.01050263
208.768	0.0044269303	-5.8469036	-0.0090494625
208.896	0.0044322594	-5.8468106	-0.010859624
209.024	0.0043819868	-5.8469671	-0.011152621
209.152	0.004388245	-5.847064	-0.011362364
209.28	0.0043695105	-5.8470119	-0.010851662
209.408	0.0043990332	-5.8469109	-0.0098723495
209.536	0.0043413095	-5.8468255	-0.01108198
209.664	0.0042796202	-5.8470049	-0.011620818
209.792	0.0043200129	-5.8470385	-0.011921406
209.92	0.0043114739	-5.846966	-0.013162508
210.048	0.0043312322	-5.8470552	-0.013753892
210.176	0.0041510571	-5.84692	-0.011723782
210.304	0.0042864154	-5.8471007	-0.011822956
210.432	0.004341598	-5.8469796	-0.012284973
210.56	0.0042381711	-5.8469128	-0.011123704
210.688	0.0043101141	-5.8468755	-0.010133682
210.816	0.004285306	-5.8468747	-0.011303628
210.944	0.0043649105	-5.8470508	-0.01085397
211.072	0.0043415249	-5.8469098	-0.010532366
211.2	0.0043708234	-5.8467702	-0.011151524
211.328	0.0043267141	-5.8468828	-0.011692986
211.456	0.0044157561	-5.8469568	-0.011562832
211.584	0.0044454255	-5.8468752	-0.011634452
211.712	0.0045878018	-5.8467789	-0.010970486
211.84	0.0044926798	-5.8466931	-0.010524264
211.968	0.0044812375	-5.8468587	-0.010256805
212.096	0.0046172894	-5.8467526	-0.0097576229
212.224	0.0045435722	-5.8467045	-0.010459122
212.352	0.0046929637	-5.8466911	-0.011038012
212.48	0.0045841946	-5.8463735	-0.0095559166
212.608	0.0046600049	-5.8465037	-0.011320262
212.736	0.0046631905	-5.846617	-0.011659732
212.864	0.0046458049	-5.8464781	-0.010493813
212.992	0.0046763311	-5.8466126	-0.010079431
213.12	0.004747629	-5.8464686	-0.010657848
213.248	0.0046912772	-5.8465345	-0.011250416
213.376	0.0047887138	-5.8466538	-0.010544776
213.504	0.0046525902	-5.84653	-0.010093434
213.632	0.004724745	-5.846631	-0.010805154
213.76	0.0046882511	-5.8465524	-0.0099853131
213.888	0.0046615659	-5.8465652	-0.010413509
214.016	0.0047298447	-5.8466696	-0.0099258504
214.144	0.0047082327	-5.8466958	-0.01035566
214.272	0.00456294	-5.8466329	-0.010836651
214.4	0.0046556944	-5.8467228	-0.010904261
214.528	0.0045736155	-5.8467342	-0.010134497
214.656	0.0045992346	-5.8466054	-0.010239986
214.784	0.004457841	-5.8465536	-0.01032865
214.912	0.0045212715	-5.8467254	-0.0098939983
215.04	0.0044606121	-5.846773	-0.0095764789
215.168	0.004431692	-5.8469778	-0.010468758
215.296	0.0044116954	-5.8471004	-0.011126341
215.424	0.0043696666	-5.8471172	-0.011719694
215.552	0.0044294919	-5.8470745	-0.012513778
215.68	0.0043532201	-5.847046	-0.011388449
215.808	0.0043153868	-5.8469531	-0.011710835
215.936	0.004294744	-5.8469138	-0.012606385
216.064	0.0043268904	-5.8469875	-0.011964813
216.192	0.0042482903	-5.8470614	-0.010985594
216.32	0.0042674349	-5.8470581	-0.010840844
216.448	0.0043085261	-5.8469402	-0.011277398
216.576	0.0042608324	-5.8468529	-0.01197568
216.704	0.004285987	-5.8469895	-0.011632486
216.832	0.0042807349	-5.8469078	-0.011367215
216.96	0.0043293258	-5.8469287	-0.012072859
217.088	0.0043158738	-5.8469279	-0.012209034
217.216	0.0043316856	-5.8466531	-0.0099178441
217.344	0.004323812	-5.8467403	-0.0096544395
217.472	0.0043230397	-5.8468104	-0.010699728
217.6	0.0044248017	-5.8468608	-0.010838298
217.728	0.0044045551	-5.8467575	-0.011376717
217.856	0.0044401253	-5.8468001	-0.011468569
217.984	0.0044735797	-5.8467028	-0.010944712
218.112	0.0044993524	-5.8466944	-0.011109404
218.24	0.0045355993	-5.8465936	-0.011120191
218.368	0.004564273	-5.8467276	-0.011714701
218.496	0.0045784809	-5.8469562	-0.011458699
218.624	0.0046375923	-5.8469333	-0.011451037
218.752	0.0047211657	-5.8467336	-0.010200365
218.88	0.0045969517	-5.8466482	-0.0092328532
219.008	0.0046736578	-5.8465217	-0.010071519
219.136	0.0047011691	-5.8463426	-0.010528896
219.264	0.0047341229	-5.8466776	-0.010099153
219.392	0.0046352955	-5.846563	-0.0088982316
219.52	0.0048021693	-5.8468822	-0.011170238
219.648	0.004740326	-5.8467671	-0.011400688
219.776	0.0046757746	-5.8465741	-0.0095821739
219.904	0.0046802525	-5.8464899	-0.009815085
220.032	0.0047190587	-5.8464896	-0.0097243887
220.16	0.0046531744	-5.8463407	-0.010163351
220.288	0.0047253938	-5.846452	-0.010573106
220.416	0.004702932	-5.8465678	-0.010304369
220.544	0.0046585156	-5.8464959	-0.011086086
220.672	0.0046323766	-5.8464528	-0.011475923
220.8	0.0045716302	-5.8464949	-0.010980589
220.928	0.0045571855	-5.8467109	-0.011749734
221.056	0.0046378072	-5.8469086	-0.01226292
221.184	0.0044094067	-5.8467156	-0.011086238
221.312	0.0044701397	-5.8468572	-0.010957144
221.44	0.0044811373	-5.8467294	-0.010633552
221.568	0.0043906936	-5.8468614	-0.010888931
221.696	0.0044281655	-5.8468538	-0.010792818
221.824	0.0043013357	-5.8466654	-0.010699056
221.952	0.004353538	-5.8469068	-0.012223156
222.08	0.004379098	-5.8468745	-0.010645564
222.208	0.0042665396	-5.8470154	-0.011070047
222.336	0.0042707217	-5.8468061	-0.012304159
222.464	0.0043606218	-5.8470477	-0.012612864
222.592	0.0042529002	-5.8470675	-0.011212379
222.72	0.0042704584	-5.8469079	-0.010149748
222.848	0.0043477416	-5.8470197	-0.011355895
222.976	0.0042775112	-5.8470345	-0.011275191
223.104	0.0042481097	-5.8471767	-0.010853487
223.232	0.0043227973	-5.8471641	-0.010932978
223.36	0.0042987921	-5.8469162	-0.0101918
223.488	0.004303912	-5.846868	-0.011811225
223.616	0.0044285996	-5.8469944	-0.012036097
223.744	0.0042578752	-5.8468393	-0.010102952
223.872	0.0044749479	-5.8469777	-0.011601033
224	0.0043827797	-5.846934	-0.011184064
224.128	0.0044478753	-5.8469936	-0.010400746
224.256	0.0045087894	-5.8467955	-0.010979049
224.384	0.0044505356	-5.84683	-0.010655152
224.512	0.0045605066	-5.8469467	-0.010483623
224.64	0.0045391213	-5.8467887	-0.011534148
224.768	0.0045482982	-5.8467706	-0.012152488
224.896	0.0046088254	-5.8468656	-0.011394919
225.024	0.0046654197	-5.8468249	-0.01035014
225.152	0.0046413709	-5.846722	-0.010239954
225.28	0.0046301776	-5.8464089	-0.010094728
225.408	0.0047664592	-5.8465263	-0.010675975
225.536	0.0046246315	-5.8462336	-0.010104127
225.664	0.0047131801	-5.8462333	-0.009553246
225.792	0.0047100643	-5.8463899	-0.0094460353
225.92	0.0047302248	-5.846582	-0.01036715
226.048	0.0047344436	-5.8467518	-0.011100772
226.176	0.0047843849	-5.8467253	-0.01046684
226.304	0.0046800542	-5.8465534	-0.0088901744
226.432	0.0047348657	-5.8464644	-0.0096268161
226.56	0.0046708694	-5.8464549	-0.00991404
226.688	0.0046492841	-5.8466101	-0.010911969
226.816	0.004655308	-5.8465565	-0.011356606
226.944	0.0046106595	-5.8466615	-0.010504533
227.072	0.0046406764	-5.846635	-0.0114329
227.2	0.0045495681	-5.8464603	-0.012075001
227.328	0.0045549009	-5.8466954	-0.010844786
227.456	0.0045103467	-5.8467748	-0.0115547
227.584	0.0044489359	-5.8468177	-0.011473028
227.712	0.0044539933	-5.8467675	-0.011169025
227.84	0.0044592418	-5.8468034	-0.011780347
227.968	0.0044291535	-5.847137	-0.011454943
228.096	0.0043447527	-5.8468687	-0.010681316
228.224	0.0043603904	-5.8469565	-0.011017029
228.352	0.0042737416	-5.8469516	-0.011940319
228.48	0.0043451718	-5.8469914	-0.011358508
228.608	0.0042733241	-5.8468885	-0.010975268
228.736	0.0042720555	-5.8468452	-0.011993477
228.864	0.0043403727	-5.847069	-0.011542894
228.992	0.0042809121	-5.847071	-0.010953634
229.12	0.0042879955	-5.8468079	-0.011766336
229.248	0.0042751515	-5.8469136	-0.01028401
229.376	0.0042478027	-5.8469838	-0.0092852802
229.504	0.0043711426	-5.8468951	-0.011685116
229.632	0.0042838528	-5.8468838	-0.012439601
229.76	0.0042868703	-5.846869	-0.012059627
229.888	0.0043156379	-5.84679	-0.010944749
230.016	0.0043671806	-5.8470163	-0.011684565
230.144	0.0043911118	-5.846838	-0.01054378
230.272	0.0043950942	-5.8467615	-0.01121634
230.4	0.0044230198	-5.8466171	-0.011738383
230.528	0.00442204	-5.8466784	-0.010893995
230.656	0.0044725792	-5.8467153	-0.010880967
230.784	0.0046137338	-5.8469285	-0.012211513
230.912	0.0044736568	-5.8466294	-0.010407528
231.04	0.0046011089	-5.8468301	-0.011828447
231.168	0.0045483182	-5.846681	-0.010679212
231.296	0.0046779519	-5.8467019	-0.0095210741
231.424	0.0046714549	-5.8467363	-0.010804687
231.552	0.0046374758	-5.8466138	-0.011284891
231.68	0.004675966	-5.8467363	-0.010426401
231.808	0.0046422767	-5.8466438	-0.010180414
231.936	0.0046793461	-5.846568	-0.0098871092
232.064	0.0047828217	-5.8466587	-0.0089796162
232.192	0.0046904719	-5.8464179	-0.009739755
232.32	0.0047639756	-5.8467087	-0.010495581
232.448	0.004748613	-5.8467692	-0.011284103
232.576	0.0047007396	-5.8466236	-0.010650294
232.704	0.0046733148	-5.8464454	-0.0083684961
232.832	0.0047392873	-5.8466982	-0.0095104356
232.96	0.0046063401	-5.8466153	-0.010050088
233.088	0.0046495448	-5.8468286	-0.010367935
233.216	0.004668366	-5.846822	-0.010379504
233.344	0.0046576212	-5.8467321	-0.010158967
233.472	0.004515585	-5.8466447	-0.0099893732
233.6	0.0044980348	-5.8466222	-0.010323566
233.728	0.004576707	-5.8468218	-0.010020616
233.856	0.0044711975	-5.8466758	-0.010723504
233.984	0.0044520193	-5.8467865	-0.011428058
234.112	0.0044676457	-5.846792	-0.012069419
234.24	0.0044361645	-5.8468641	-0.011906127
234.368	0.0043346475	-5.8468355	-0.011365096
234.496	0.004445673	-5.8470051	-0.010653675
234.624	0.0043084477	-5.8467885	-0.010218642
234.752	0.0043380497	-5.846845	-0.011751318
234.88	0.0043087973	-5.8468232	-0.011860764
235.008	0.0042886226	-5.8468791	-0.012371768
235.136	0.0042997344	-5.8467833	-0.012880214
235.264	0.0042885383	-5.8467935	-0.011915309
235.392	0.0042765817	-5.8470236	-0.010941413
235.52	0.0043186116	-5.847138	-0.010947774
235.648	0.0042350541	-5.8470884	-0.011522597
235.776	0.0043274231	-5.8469564	-0.011250888
235.904	0.00423979	-5.8467276	-0.010383704
236.032	0.0043527804	-5.8470043	-0.012440477
236.16	0.0043469267	-5.8471428	-0.011730826
236.288	0.004275985	-5.846983	-0.010289309
236.416	0.0043620238	-5.8468724	-0.011138329
236.544	0.0043914339	-5.8467563	-0.010911111
236.672	0.004448061	-5.846966	-0.010156316
236.8	0.0044278906	-5.8467155	-0.011011884
236.928	0.0044367509	-5.8468141	-0.010701489
237.056	0.0045657171	-5.8467109	-0.01240756
237.184	0.0045848488	-5.8468419	-0.011891122
237.312	0.0045750755	-5.846661	-0.0092454794
237.44	0.0045465269	-5.8466347	-0.011192503
237.568	0.0045994988	-5.8465247	-0.01150278
237.696	0.0046496172	-5.846587	-0.010104343
237.824	0.0046530209	-5.8464261	-0.011505035
237.952	0.0046995879	-5.8463516	-0.011139164
238.08	0.0046534337	-5.8463809	-0.01053934
238.208	0.0046798952	-5.8464555	-0.010699397
238.336	0.0047144353	-5.8465998	-0.010319184
238.464	0.004763067	-5.8467843	-0.0097913345
238.592	0.0047285258	-5.8466843	-0.0098038045
238.72	0.0047226299	-5.8463706	-0.010521728
238.848	0.0047022408	-5.8464786	-0.011113342
238.976	0.0047762831	-5.8465951	-0.010716932
239.104	0.0046270186	-5.8466221	-0.010097843
239.232	0.0046375776	-5.8467214	-0.010750596
239.36	0.0046203659	-5.8467186	-0.010408156
239.488	0.0046153942	-5.8465232	-0.010010758
239.616	0.0046750524	-5.8466811	-0.011106579
239.744	0.0045968005	-5.846706	-0.011881323
239.872	0.0045376261	-5.8468551	-0.011419732
240	0.0045248805	-5.8470943	-0.011895588
240.128	0.0045279331	-5.8468192	-0.010226662
240.256	0.0044474273	-5.8468883	-0.0094503044
240.384	0.0044535908	-5.8470013	-0.010419652
240.512	0.0044295256	-5.8470785	-0.010581488
240.64	0.0043627505	-5.8468487	-0.010546463
240.768	0.0044291656	-5.8469485	-0.010656857
240.896	0.0042598399	-5.8468074	-0.01015278
241.024	0.0043873444	-5.8467255	-0.011232404
241.152	0.0042896707	-5.8468828	-0.010191665
241.28	0.0043328578	-5.847022	-0.011230182
241.408	0.0042954474	-5.8472154	-0.011313888
241.536	0.0042776925	-5.8471663	-0.010393492
241.664	0.004253927	-5.847072	-0.011344426
241.792	0.0042885032	-5.8470002	-0.01045959
241.92	0.0042772972	-5.8468233	-0.010781767
242.048	0.0043308981	-5.8470617	-0.012056633
242.176	0.0042818358	-5.8470473	-0.011541052
242.304	0.0043273727	-5.8467724	-0.011668775
242.432	0.0043628186	-5.8468919	-0.010853458
242.56	0.0043803386	-5.8468961	-0.010638068
242.688	0.0043740169	-5.8466994	-0.011916423
242.816	0.004364763	-5.8469977	-0.01073756
242.944	0.0044115269	-5.8469344	-0.0098932739
243.072	0.0044184336	-5.8469299	-0.011077235
243.2	0.0044911417	-5.846737	-0.010893555
243.328	0.0044959193	-5.8467878	-0.012073034
243.456	0.0045990847	-5.8467599	-0.011856415
243.584	0.0045215936	-5.8467384	-0.011006013
243.712	0.0045746071	-5.8466353	-0.010134388
243.84	0.0045937335	-5.8467329	-0.010399917
243.968	0.0045948673	-5.846746	-0.010433632
244.096	0.0045741114	-5.846564	-0.010208929
244.224	0.0046460808	-5.8465675	-0.010537714
244.352	0.0047844719	-5.8465453	-0.011039639
244.48	0.0047592303	-5.846399	-0.010933851
244.608	0.0046518497	-5.8465976	-0.0099615787
244.736	0.0047542481	-5.8463801	-0.0098355133
244.864	0.0048192331	-5.8465149	-0.011316944
244.992	0.0046899879	-5.8464975	-0.010263189
245.12	0.0046857057	-5.8465562	-0.0096246806
245.248	0.0046995859	-5.8465696	-0.011327734
245.376	0.0047185821	-5.8465677	-0.0097440872
245.504	0.0046529543	-5.8466328	-0.0083447568
245.632	0.0046401655	-5.8466724	-0.01032095
245.76	0.0046051276	-5.8466675	-0.009727611
245.888	0.0046814459	-5.8465729	-0.0091982649
246.016	0.0045552136	-5.8466571	-0.010536044
246.144	0.0046031255	-5.8465601	-0.012298961
246.272	0.0044781211	-5.8464228	-0.011818813
246.4	0.0044774254	-5.8465023	-0.011846175
246.528	0.004501728	-5.8466207	-0.011038181
246.656	0.0044674092	-5.8468611	-0.010850178
246.784	0.0043580851	-5.8469872	-0.01193882
246.912	0.0043997285	-5.8470893	-0.011697672
247.04	0.0043933872	-5.8470564	-0.011741151
247.168	0.0043509917	-5.8470204	-0.011195989
247.296	0.0043646564	-5.8470029	-0.011251908
247.424	0.0043346321	-5.8470625	-0.011936396
247.552	0.0041932394	-5.8468098	-0.011112792
247.68	0.0042854349	-5.8470106	-0.011750365
247.808	0.0043070136	-5.8468781	-0.012070771
247.936	0.0042955281	-5.847064	-0.012785346
248.064	0.0042731718	-5.846976	-0.012347813
248.192	0.0042737845	-5.8470482	-0.011214759
248.32	0.0042993028	-5.8469387	-0.01084027
248.448	0.0042751053	-5.8468332	-0.010885254
248.576	0.0043352213	-5.8469916	-0.011471233
248.704	0.0043832234	-5.8471836	-0.012265463
248.832	0.0043560106	-5.8470961	-0.01104552
248.96	0.00439084	-5.8468049	-0.011179954
249.088	0.0043634865	-5.8466338	-0.011851408
249.216	0.0044782006	-5.8468704	-0.011346053
249.344	0.0043879982	-5.8467522	-0.011310314
249.472	0.0044586435	-5.8468529	-0.010174633
249.6	0.0045178076	-5.8466807	-0.01005182
249.728	0.0045524857	-5.8468087	-0.010619642
249.856	0.0045650042	-5.8466128	-0.0095029046
249.984	0.0045727935	-5.8465955	-0.0088691859
250.112	0.0046954729	-5.8468158	-0.011399934
250.24	0.0046218098	-5.8465647	-0.010029407
250.368	0.0045758037	-5.8467505	-0.011136628
250.496	0.0047061709	-5.8465954	-0.011366318
250.624	0.0046644953	-5.8463903	-0.0089738086
250.752	0.0046620954	-5.8465464	-0.010662152
250.88	0.0047219108	-5.8466263	-0.009956712
251.008	0.0046881574	-5.8465824	-0.0098495519
251.136	0.0047257555	-5.8466817	-0.0095590308
251.264	0.0047784746	-5.8468926	-0.0092096138
251.392	0.0047644383	-5.8465205	-0.0097390828
251.52	0.0047899527	-5.846424	-0.010701813
251.648	0.0046530367	-5.8466146	-0.010685711
251.776	0.004638696	-5.8465473	-0.010828544
251.904	0.0046690007	-5.8465488	-0.010129198
252.032	0.0046742403	-5.846587	-0.010565216
252.16	0.0045987415	-5.8467167	-0.010490242
252.288	0.004619286	-5.8464856	-0.010133507
252.416	0.0045350308	-5.8465064	-0.011177277
252.544	0.0045291579	-5.8469231	-0.010583014
252.672	0.0045320079	-5.8469437	-0.010702417
252.8	0.0045044288	-5.8469434	-0.011463727
252.928	0.0044659523	-5.8467604	-0.012033565
253.056	0.004412907	-5.8465794	-0.01267027
253.184	0.0044240478	-5.8467673	-0.011769729
253.312	0.0044453505	-5.8468412	-0.011496413
253.44	0.0043119771	-5.8467982	-0.011380775
253.568	0.0042838931	-5.8468139	-0.010812706
253.696	0.0043135165	-5.8468582	-0.011146355
253.824	0.0042696716	-5.8470279	-0.010942133
253.952	0.0043006548	-5.8472194	-0.011367761
254.08	0.0043628952	-5.8471665	-0.012317038
254.208	0.004206791	-5.8469923	-0.011724798
254.336	0.0043226067	-5.8470868	-0.011084578
254.464	0.0043064166	-5.8468433	-0.01003716
254.592	0.0043340452	-5.8469212	-0.009625114
254.72	0.004263944	-5.8469281	-0.011324283
254.848	0.0042188643	-5.8466326	-0.010481166
254.976	0.0043324643	-5.8468972	-0.010837753
255.104	0.0043734116	-5.8468932	-0.011592126
255.232	0.0044101634	-5.8469635	-0.011132377
255.36	0.004379833	-5.8469035	-0.012570233
255.488	0.0044273923	-5.8468188	-0.013086234
255.616	0.0043732697	-5.8468157	-0.012000235
255.744	0.0045052575	-5.8467532	-0.011548404
255.872	0.0045567631	-5.8469815	-0.011291421
256	0.0044831492	-5.8468531	-0.010936236
256.128	0.0044619724	-5.8465773	-0.010422942
256.256	0.0045950849	-5.8467108	-0.011531844
256.384	0.0046763391	-5.847018	-0.011706479
256.512	0.0045270412	-5.8466116	-0.009962128
256.64	0.0046812973	-5.846632	-0.010582104
256.768	0.0047445676	-5.8467017	-0.011120344
256.896	0.004628321	-5.8465797	-0.010046663
257.024	0.0046636027	-5.846484	-0.0098962043
257.152	0.0047173888	-5.8464466	-0.010905462
257.28	0.0046858772	-5.8464244	-0.010232678
257.408	0.0047504593	-5.8465279	-0.0097725493
257.536	0.0047082114	-5.8463937	-0.0097027503
257.664	0.0046950088	-5.8464951	-0.010242772
257.792	0.0046796804	-5.8466568	-0.010347079
257.92	0.004747708	-5.8466248	-0.010150086
258.048	0.0046472597	-5.8464876	-0.0099065752
258.176	0.0047391337	-5.846725	-0.01059312
258.304	0.0046630354	-5.8466425	-0.011600163
258.432	0.0045655406	-5.8465941	-0.010075802
258.56	0.0046263782	-5.8466428	-0.01063957
258.688	0.0046088964	-5.846558	-0.011413518
258.816	0.0045243174	-5.8464682	-0.010272925
258.944	0.0044971201	-5.846646	-0.011170681
259.072	0.0045881528	-5.8467701	-0.010502299
259.2	0.0043690945	-5.8468821	-0.0098076746
259.328	0.0044962375	-5.8470906	-0.010544257
259.456	0.0043596003	-5.8471217	-0.011269098
259.584	0.0043681239	-5.8470854	-0.011570158
259.712	0.0044000802	-5.8469699	-0.010761224
259.84	0.0043471286	-5.8469837	-0.011953988
259.968	0.0042772659	-5.8469012	-0.012106556
260.096	0.0043095713	-5.8470497	-0.011595742
260.224	0.0043882277	-5.8469641	-0.011356802
260.352	0.0042203064	-5.8467758	-0.01024989
260.48	0.0042909094	-5.8470002	-0.01148917
260.608	0.0042648598	-5.8470521	-0.011970528
260.736	0.004292289	-5.8467692	-0.01093456
260.864	0.0042690626	-5.8469779	-0.0097155476
260.992	0.0043479226	-5.847082	-0.0094679203
261.12	0.0044038336	-5.8469388	-0.010245853
261.248	0.0043014714	-5.8470515	-0.011749068
261.376	0.0043166281	-5.8468715	-0.011245314
261.504	0.0043654113	-5.8466455	-0.011964233
261.632	0.0043409629	-5.8467138	-0.011449492
261.76	0.0044374888	-5.8468793	-0.013642851
261.888	0.0044462886	-5.8468469	-0.013859454
262.016	0.0044889197	-5.8469246	-0.0123262
262.144	0.0044472489	-5.8466755	-0.010489261
262.272	0.0044843653	-5.8467746	-0.0099633092
262.4	0.0045721878	-5.8467795	-0.010551045
262.528	0.0045589119	-5.846615	-0.01114569
262.656	0.0045840636	-5.8466766	-0.011746827
262.784	0.0046208593	-5.8467015	-0.011622508
262.912	0.0046602746	-5.8466157	-0.01034129
263.04	0.0046829694	-5.8466481	-0.0099078996
263.168	0.0047006314	-5.8466206	-0.010659935
263.296	0.004719769	-5.8466011	-0.0092831904
263.424	0.0046675492	-5.8463547	-0.0088379994
263.552	0.0046887418	-5.846337	-0.010832327
263.68	0.0047080371	-5.8463841	-0.011228116
263.808	0.0047599674	-5.8464156	-0.01091717
263.936	0.0046330434	-5.8462996	-0.0109008
264.064	0.0046568558	-5.8463917	-0.0098765298
264.192	0.0047371687	-5.8467295	-0.0096857401
264.32	0.0046366094	-5.846545	-0.010557431
264.448	0.0046173233	-5.8466558	-0.010831285
264.576	0.0046261164	-5.8464923	-0.010647733
264.704	0.0046585993	-5.8466455	-0.010666062
264.832	0.0046255385	-5.8467524	-0.011423327
264.96	0.0045115647	-5.8467113	-0.010300561
265.088	0.0046053022	-5.8467065	-0.010970675
265.216	0.0044788257	-5.8467625	-0.010022254
265.344	0.004530249	-5.8468571	-0.010905362
265.472	0.0045080852	-5.8467404	-0.011516744
265.6	0.0044344529	-5.8468966	-0.011257706
265.728	0.0044454798	-5.8467541	-0.01037837
265.856	0.0043857183	-5.8467799	-0.0098959517
265.984	0.0043733256	-5.846817	-0.010494171
266.112	0.0044000849	-5.8467779	-0.011377592
266.24	0.0043444012	-5.8469037	-0.012779872
266.368	0.0042938144	-5.8468017	-0.012204227
266.496	0.0043253913	-5.8468923	-0.011555535
266.624	0.0042382744	-5.8468811	-0.012115106
266.752	0.0043445774	-5.8471215	-0.011181807
266.88	0.004271736	-5.8470324	-0.010669924
267.008	0.0043294758	-5.8470947	-0.01081677
267.136	0.0043304741	-5.8470339	-0.01161548
267.264	0.0043062879	-5.8468257	-0.011711689
267.392	0.0042454963	-5.8468727	-0.011763269
267.52	0.0043613247	-5.8469775	-0.011915548
267.648	0.0043648159	-5.8470995	-0.0097240053
267.776	0.0043415823	-5.8469341	-0.0099853317
267.904	0.0043085199	-5.8469727	-0.011365819
268.032	0.0044477815	-5.8468525	-0.012034486
268.16	0.0044258923	-5.8468194	-0.011371737
268.288	0.0044387631	-5.846818	-0.0094470043
268.416	0.0045194164	-5.8469332	-0.010280575
268.544	0.0044087114	-5.8467495	-0.010575734
268.672	0.0046136894	-5.8468794	-0.010968582
268.8	0.0045378867	-5.8467992	-0.010349476
268.928	0.004632044	-5.8467182	-0.010367417
269.056	0.0046061767	-5.8467218	-0.010226224
269.184	0.0045943908	-5.8466269	-0.0099706291
269.312	0.0045850204	-5.8462959	-0.0095274539
269.44	0.0046600126	-5.8464439	-0.011252774
269.568	0.0046661817	-5.8465845	-0.011687813
269.696	0.0047629892	-5.8465656	-0.011491681
269.824	0.004684794	-5.8463762	-0.010480068
269.952	0.0047147375	-5.8464976	-0.010903639
270.08	0.0047313988	-5.8465425	-0.0099918658
270.208	0.0046621678	-5.8464483	-0.0083190783
270.336	0.0047881183	-5.8464254	-0.010102927
270.464	0.004690342	-5.8463493	-0.010054081
270.592	0.0046968652	-5.8465612	-0.010463531
270.72	0.0046816535	-5.8465022	-0.010274683
270.848	0.0046392932	-5.846404	-0.011421937
270.976	0.004652979	-5.8464406	-0.010537305
271.104	0.0045614097	-5.8465117	-0.0092331325
271.232	0.0045837151	-5.8465793	-0.010158563
271.36	0.004604779	-5.8467411	-0.010175271
271.488	0.0046094572	-5.8467529	-0.011497934
271.616	0.0044747442	-5.8466729	-0.013218012
271.744	0.0044631804	-5.8467288	-0.013061984
271.872	0.0044547353	-5.8468421	-0.011033616
272	0.0044640567	-5.8469717	-0.011167215
272.128	0.0044072482	-5.8470707	-0.011922127
272.256	0.0044542778	-5.8470927	-0.011462653
272.384	0.0043361401	-5.847059	-0.011462784
272.512	0.0043061888	-5.8469404	-0.010858891
272.64	0.0043507209	-5.8470489	-0.011889198
272.768	0.0043329522	-5.8469131	-0.011303331
272.896	0.00428695	-5.8469056	-0.010498862
273.024	0.0043344509	-5.8470648	-0.011424775
273.152	0.0042865935	-5.8469837	-0.011259598
273.28	0.0043161461	-5.847155	-0.011689091
273.408	0.0042640833	-5.8470247	-0.012099206
273.536	0.0042698642	-5.8470151	-0.011622914
273.664	0.0043223235	-5.8469806	-0.011777848
273.792	0.0043842761	-5.8468893	-0.011417616
273.92	0.0042539166	-5.8467909	-0.010609064
274.048	0.0044272777	-5.847176	-0.012386268
274.176	0.0043171027	-5.8466876	-0.010645867
274.304	0.0044195289	-5.8468353	-0.010446364
274.432	0.004351844	-5.8466882	-0.011056283
274.56	0.0044883416	-5.8469696	-0.010729244
274.688	0.0044506686	-5.8467489	-0.010901877
274.816	0.0044639522	-5.846504	-0.010950503
274.944	0.0045793329	-5.8467656	-0.0095716973
275.072	0.0045462923	-5.8465683	-0.010057869
275.2	0.0045951451	-5.8466913	-0.011545434
275.328	0.0045254849	-5.8467076	-0.010119643
275.456	0.0046442067	-5.8468351	-0.0098313537
275.584	0.0046364912	-5.8467799	-0.0098449984
275.712	0.0046978221	-5.8467282	-0.0093339654
275.84	0.0046982035	-5.8468723	-0.0089718042
275.968	0.0046678476	-5.8467228	-0.010200241
276.096	0.004751797	-5.8465959	-0.011459914
276.224	0.004666238	-5.846525	-0.010195023
276.352	0.0046668821	-5.8464216	-0.010364437
276.48	0.0046511775	-5.8465731	-0.010556358
276.608	0.0047073616	-5.8467326	-0.010055774
276.736	0.0046567869	-5.8466709	-0.010664215
276.864	0.0047364084	-5.8468762	-0.011069034
276.992	0.0046544272	-5.8464984	-0.010900925
277.12	0.0047160467	-5.8465212	-0.0095993665
277.248	0.0046503242	-5.8465402	-0.0099113657
277.376	0.0046419789	-5.8465425	-0.010590922
277.504	0.0045459929	-5.8464428	-0.0088784115
277.632	0.0046206408	-5.8468095	-0.009123676
277.76	0.0045975653	-5.8468122	-0.010104676
277.888	0.0044907327	-5.8465931	-0.010350189
278.016	0.0045615507	-5.8466773	-0.010206696
278.144	0.0043872133	-5.8466786	-0.0095622269
278.272	0.0044699668	-5.8468922	-0.010438
278.4	0.0043748485	-5.8468794	-0.0098615931
278.528	0.0044411785	-5.8469553	-0.011569004
278.656	0.0043661904	-5.8469614	-0.012701105
278.784	0.0043581779	-5.8470676	-0.011417846
278.912	0.0043160245	-5.8470279	-0.010621102
279.04	0.0042602165	-5.8469592	-0.011504786
279.168	0.0043848289	-5.8469292	-0.01249956
279.296	0.0043000839	-5.8469217	-0.012730971
279.424	0.0043680832	-5.8469258	-0.012206707
279.552	0.004254663	-5.8467666	-0.011826217
279.68	0.00425762	-5.8467725	-0.011637371
279.808	0.0043130439	-5.8467823	-0.01244786
279.936	0.0042700747	-5.8469623	-0.012105257
280.064	0.0043311396	-5.8468812	-0.01137909
280.192	0.004372057	-5.8471639	-0.012307173
280.32	0.0043427158	-5.8469573	-0.011636093
280.448	0.0043956957	-5.8468884	-0.011883861
280.576	0.0043724391	-5.8468003	-0.012263123
280.704	0.0043765533	-5.8467351	-0.011415258
280.832	0.0044146527	-5.8467613	-0.011066315
280.96	0.0045055105	-5.8468609	-0.010636533
281.088	0.004487684	-5.8468694	-0.011688102
281.216	0.0044520539	-5.846701	-0.010170541
281.344	0.0045224272	-5.8466983	-0.010037395
281.472	0.0045685747	-5.846612	-0.011816967
281.6	0.0046317671	-5.8466658	-0.01002059
281.728	0.0045691483	-5.8464858	-0.0084123448
281.856	0.0046796006	-5.8465515	-0.010728643
281.984	0.0046142908	-5.8466224	-0.01050567
282.112	0.0047249883	-5.8465301	-0.0093166455
282.24	0.0046927678	-5.8466172	-0.010733305
282.368	0.0047145639	-5.8465329	-0.010975506
282.496	0.0046397643	-5.8468015	-0.010004671
282.624	0.0046941777	-5.8466193	-0.0088891666
282.752	0.0046915672	-5.8466515	-0.0091655355
282.88	0.0047690747	-5.8468784	-0.011287999
283.008	0.0047024906	-5.8466388	-0.01065858
283.136	0.0047386942	-5.8466936	-0.010790877
283.264	0.0047308231	-5.8466928	-0.012133894
283.392	0.0046449991	-5.8465047	-0.009467991
283.52	0.0046303807	-5.8464172	-0.0095863082
283.648	0.0045527603	-5.8465731	-0.011295273
283.776	0.0045817378	-5.8466799	-0.0095405717
283.904	0.0045826683	-5.8467385	-0.0081881389
284.032	0.0045739513	-5.8466328	-0.0090776614
284.16	0.0044494499	-5.8466596	-0.0093770237
284.288	0.0045656297	-5.8468515	-0.01062018
284.416	0.0044426706	-5.846716	-0.011372244
284.544	0.0044946242	-5.8467967	-0.012550164
284.672	0.0044575635	-5.8469122	-0.012543397
284.8	0.0044024526	-5.8465522	-0.010764697
284.928	0.0043139223	-5.8466107	-0.010403654
285.056	0.0042964805	-5.8466934	-0.011876016
285.184	0.0042891389	-5.8467481	-0.011555252
285.312	0.0043555011	-5.8470282	-0.010739753
285.44	0.0043325182	-5.8469677	-0.011462199
285.568	0.0043229013	-5.846873	-0.01250184
285.696	0.0042896708	-5.8469123	-0.012296786
285.824	0.0043245073	-5.846883	-0.01109347
285.952	0.0042889642	-5.847098	-0.010926737
286.08	0.0042196301	-5.8470498	-0.010576912
286.208	0.0043671742	-5.8470204	-0.0095262428
286.336	0.0043203061	-5.8470004	-0.010331674
286.464	0.0043252697	-5.8469195	-0.011515012
286.592	0.0043531902	-5.846968	-0.010893127
286.72	0.0043069012	-5.8467089	-0.010664094
286.848	0.0044093174	-5.846733	-0.01207001
286.976	0.0044181639	-5.8466735	-0.012207136
287.104	0.0044230458	-5.846839	-0.011149127
287.232	0.0044884754	-5.8469604	-0.011524358
287.36	0.0044844071	-5.846829	-0.012596037
287.488	0.0045241467	-5.8467222	-0.011450753
287.616	0.0045711927	-5.8466271	-0.010567074
287.744	0.0045203395	-5.8466135	-0.011052551
287.872	0.0045932844	-5.846618	-0.01016632
288	0.0046209844	-5.8467515	-0.011534727
288.128	0.0046420315	-5.8466911	-0.011586965
288.256	0.0046293824	-5.8467822	-0.0093753195
288.384	0.0047100849	-5.8466402	-0.0089778527
288.512	0.0046998778	-5.8464653	-0.010191239
288.64	0.0046859461	-5.8463725	-0.010622164
288.768	0.0046523576	-5.8466853	-0.010611638
288.896	0.0046544348	-5.8467192	-0.010543539
289.024	0.0047141276	-5.8466583	-0.0096843195
289.152	0.0047183091	-5.8467073	-0.0095426133
289.28	0.0046838559	-5.8465446	-0.010138238
289.408	0.0046589465	-5.8466079	-0.01080057
289.536	0.0046699907	-5.8466569	-0.010532181
289.664	0.0046863767	-5.8465732	-0.010851573
289.792	0.0046594731	-5.8462987	-0.01058172
289.92	0.0045925864	-5.8464212	-0.010953985
290.048	0.004695129	-5.8467594	-0.011118774
290.176	0.0045372177	-5.8465759	-0.010725101
290.304	0.0045900001	-5.8467916	-0.011400012
290.432	0.0045045469	-5.8469211	-0.010100022
290.56	0.0044961975	-5.8467656	-0.010607784
290.688	0.0045001952	-5.846632	-0.011085396
290.816	0.0043596119	-5.8466734	-0.010136441
290.944	0.0044716962	-5.846951	-0.010952101
291.072	0.0044631797	-5.8469154	-0.011758825
291.2	0.004380212	-5.8467607	-0.012419887
291.328	0.004358608	-5.8468312	-0.012139364
291.456	0.0042942103	-5.8468031	-0.011165554
291.584	0.0043835393	-5.8470393	-0.011422292
291.712	0.0043063967	-5.8468992	-0.011653189
291.84	0.0042618576	-5.8469392	-0.011648089
291.968	0.0043638082	-5.8469471	-0.011192805
292.096	0.004272117	-5.8467328	-0.011047744
292.224	0.0042802521	-5.8468491	-0.011233442
292.352	0.0043248886	-5.8470096	-0.011825689
292.48	0.0042863463	-5.8469509	-0.011082372
292.608	0.0042419628	-5.8467688	-0.01095542
292.736	0.0043577335	-5.8469354	-0.01277445
292.864	0.0042949573	-5.846881	-0.011169015
292.992	0.004340316	-5.8467472	-0.010012552
293.12	0.0043936662	-5.8469049	-0.012510387
293.248	0.0043759301	-5.8468803	-0.010940596
293.376	0.004420533	-5.8469142	-0.011312686
293.504	0.004426908	-5.8465721	-0.0099817096
293.632	0.0044977806	-5.8469393	-0.011359929
293.76	0.0045550879	-5.8468966	-0.011608265
293.888	0.0044769948	-5.8467934	-0.009894628
294.016	0.004553144	-5.8467416	-0.011193877
294.144	0.0045703613	-5.8466927	-0.010300132
294.272	0.0046258299	-5.8464282	-0.010786264
294.4	0.0045434994	-5.8464521	-0.011321116
294.528	0.0046408942	-5.8464507	-0.01188024
294.656	0.004687026	-5.8464302	-0.010725442
294.784	0.0047651333	-5.8465725	-0.010497979
294.912	0.0046320563	-5.8463812	-0.0094301688
295.04	0.0046879108	-5.8463803	-0.0093898436
295.168	0.0047567575	-5.8466357	-0.0091977424
295.296	0.0046951576	-5.8466942	-0.0093836095
295.424	0.0047063942	-5.8465766	-0.010901477
295.552	0.0047584447	-5.8463678	-0.010871119
295.68	0.0046874989	-5.8465288	-0.010578221
295.808	0.0047124059	-5.8464998	-0.0093138495
295.936	0.0045747368	-5.8463835	-0.0094611145
296.064	0.0047255971	-5.8466944	-0.010291422
296.192	0.0046306411	-5.8466777	-0.010058383
296.32	0.0046015025	-5.8469033	-0.011332642
296.448	0.0046174793	-5.8467637	-0.011523033
296.576	0.0045746682	-5.8466058	-0.010402795
296.704	0.0045231423	-5.8468729	-0.0095521238
296.832	0.0045214757	-5.8467818	-0.010663863
296.96	0.0044294736	-5.8466559	-0.011819761
297.088	0.0044381878	-5.8468393	-0.011610459
297.216	0.0044364963	-5.846912	-0.011337328
297.344	0.0044222737	-5.8469513	-0.011450128
297.472	0.0043764783	-5.8470081	-0.0110405
297.6	0.0043637323	-5.8469255	-0.011158967
297.728	0.0043565151	-5.8468811	-0.012210781
297.856	0.0043386213	-5.8469376	-0.012206246
297.984	0.0042692468	-5.8470717	-0.011044796
298.112	0.0043183851	-5.8470946	-0.011818478
298.24	0.0042737948	-5.8468273	-0.01108177
298.368	0.0043119806	-5.8469937	-0.011858331
298.496	0.0043247459	-5.8470309	-0.011316532
298.624	0.0042416984	-5.8467757	-0.010948586
298.752	0.0042661562	-5.8469693	-0.012067887
298.88	0.0043591022	-5.8469499	-0.010814806
299.008	0.0043209396	-5.8469755	-0.010246358
299.136	0.0043549523	-5.8469519	-0.011521238
299.264	0.004355707	-5.8468901	-0.011134886
299.392	0.004362529	-5.8469421	-0.011193754
299.52	0.0043911452	-5.8468529	-0.011894727
299.648	0.0044518411	-5.8468005	-0.010965517
299.776	0.0044816916	-5.8467336	-0.01078727
299.904	0.0044380575	-5.8469209	-0.010986642
300.032	0.0045872478	-5.8471923	-0.011400152
300.16	0.0044339887	-5.8469157	-0.011119102
300.288	0.0045730636	-5.8469261	-0.011768692
300.416	0.0046569301	-5.8467982	-0.011029405
300.544	0.0045731339	-5.8463995	-0.010944631
300.672	0.0046086074	-5.8465928	-0.011125386
300.8	0.004584284	-5.8465127	-0.01022797
300.928	0.0046283962	-5.8462537	-0.009988553
301.056	0.0046524989	-5.846588	-0.0098162827
301.184	0.0048196067	-5.846564	-0.0095028173
301.312	0.0046854553	-5.8465179	-0.0095005613
301.44	0.0047110349	-5.8464938	-0.011383129
301.568	0.0046760738	-5.8465649	-0.010556817
301.696	0.0047463106	-5.8466223	-0.0098835724
301.824	0.0046443482	-5.8465199	-0.010056838
301.952	0.0047709104	-5.8465829	-0.010254896
302.08	0.0046543854	-5.8463132	-0.010082362
302.208	0.00469081	-5.8462771	-0.010530931
302.336	0.0046397659	-5.84654	-0.0099428328
302.464	0.004680015	-5.8465124	-0.010031436
302.592	0.0046606377	-5.8465984	-0.0097951118
302.72	0.0045507465	-5.8466637	-0.010293614
302.848	0.0044950057	-5.8466228	-0.010553614
302.976	0.0044774205	-5.8467832	-0.0095003796
303.104	0.0045750099	-5.8467897	-0.010280993
303.232	0.0045359935	-5.8469306	-0.0098151047
303.36	0.0044717605	-5.8469527	-0.0098743149
303.488	0.0044424955	-5.8470643	-0.01137207
303.616	0.004395457	-5.847053	-0.012145187
303.744	0.0043935676	-5.846985	-0.010655152
303.872	0.0043644789	-5.8468717	-0.012374135
304	0.0044160829	-5.847049	-0.013246919
304.128	0.0043920737	-5.8470587	-0.011384909
304.256	0.0043516397	-5.8470108	-0.011881229
304.384	0.0042088333	-5.8467991	-0.011035065
304.512	0.0043619901	-5.846931	-0.011357555
304.64	0.0042966202	-5.8468846	-0.012273798
304.768	0.0042496087	-5.8468498	-0.012260042
304.896	0.0043029795	-5.8470249	-0.012255548
305.024	0.0042719835	-5.8468625	-0.011286762
305.152	0.0043677696	-5.8470942	-0.011716321
305.28	0.0042308247	-5.8470652	-0.010853442
305.408	0.0043675925	-5.8470886	-0.010920592
305.536	0.0043268906	-5.8468547	-0.012259637
305.664	0.0043918258	-5.8469031	-0.010912158
305.792	0.0044252083	-5.8469434	-0.01101213
305.92	0.0044125717	-5.8468365	-0.012258257
306.048	0.0044454088	-5.8467908	-0.011041018
306.176	0.0044423769	-5.8467631	-0.01079927
306.304	0.0045131366	-5.8467243	-0.010482155
306.432	0.0044698602	-5.8467474	-0.009364753
306.56	0.004517313	-5.8467996	-0.010977147
306.688	0.0045778455	-5.8465772	-0.011340125
306.816	0.0046115031	-5.8467495	-0.011557003
306.944	0.004656257	-5.8468104	-0.011257927
307.072	0.004625749	-5.8467911	-0.0090315457
307.2	0.0046236409	-5.8466413	-0.0097857522
307.328	0.0047293441	-5.8468605	-0.010899934
307.456	0.0047348654	-5.8468563	-0.010795546
307.584	0.0046960131	-5.8466338	-0.010617527
307.712	0.0046840055	-5.8465617	-0.01036745
307.84	0.0047284132	-5.8465587	-0.010177456
307.968	0.0047307961	-5.8465028	-0.010393305
308.096	0.0046043021	-5.846394	-0.0096238485
308.224	0.0047691759	-5.8463453	-0.01083232
308.352	0.0046752118	-5.8465348	-0.011705413
308.48	0.0047075186	-5.846545	-0.010682779
308.608	0.0046417313	-5.8465477	-0.010397758
308.736	0.0046235255	-5.8464545	-0.010525303
308.864	0.0046426935	-5.8467532	-0.011474451
308.992	0.0045235695	-5.8469263	-0.011059032
309.12	0.0045439788	-5.8466763	-0.011479298
309.248	0.0045777339	-5.8466969	-0.011271658
309.376	0.004568167	-5.8468021	-0.011817183
309.504	0.0045398385	-5.8469774	-0.012496877
309.632	0.00436451	-5.8467769	-0.011224206
309.76	0.00451686	-5.8466507	-0.011123937
309.888	0.0044724972	-5.8469454	-0.010752872
310.016	0.004333329	-5.846928	-0.010237636
310.144	0.0043272099	-5.8470387	-0.010560939
310.272	0.0043868975	-5.8470614	-0.010377455
310.4	0.0042798975	-5.8468388	-0.010161049
310.528	0.004347404	-5.8470169	-0.0096434496
310.656	0.0043148044	-5.8469597	-0.010381128
310.784	0.004248484	-5.846914	-0.011176803
310.912	0.0043393338	-5.8469811	-0.011524143
311.04	0.0042934568	-5.8469705	-0.011538055
311.168	0.0043699353	-5.8469455	-0.010993075
311.296	0.0043191283	-5.8468483	-0.01153555
311.424	0.00433675	-5.8469065	-0.012020453
311.552	0.0042727041	-5.8467934	-0.010862608
311.68	0.0042383259	-5.8466805	-0.010660418
311.808	0.0043881153	-5.8466888	-0.010824361
311.936	0.0043783592	-5.8468686	-0.0096767374
312.064	0.0043621268	-5.8469867	-0.010642021
312.192	0.0044385389	-5.847155	-0.011482687
312.32	0.0044007276	-5.8469187	-0.012420752
312.448	0.0044459946	-5.8467246	-0.012105732
312.576	0.0044974721	-5.8468192	-0.011100731
312.704	0.0045467795	-5.8469483	-0.011231603
312.832	0.0045406058	-5.8466183	-0.011033657
312.96	0.0045261575	-5.8466152	-0.011908274
313.088	0.0045449966	-5.846717	-0.011276432
313.216	0.0046650875	-5.8466196	-0.009331456
313.344	0.0046454705	-5.8465314	-0.0097054624
313.472	0.0046976111	-5.8466093	-0.011579951
313.6	0.0046887447	-5.8466087	-0.010939227
313.728	0.0046866617	-5.8465519	-0.010314612
313.856	0.0046343	-5.8466466	-0.0094675616
313.984	0.0046977478	-5.8467276	-0.0095260637
314.112	0.0047366727	-5.846819	-0.010047377
314.24	0.0047672134	-5.8467144	-0.0098695697
314.368	0.0046631148	-5.8466416	-0.0095982353
314.496	0.0046611372	-5.8466169	-0.010574636
314.624	0.0048169008	-5.8467377	-0.011853306
314.752	0.0046340859	-5.8467095	-0.0099611914
314.88	0.004631372	-5.8464616	-0.0098280256
315.008	0.0046565393	-5.8466565	-0.010343289
315.136	0.0046533111	-5.8468834	-0.010224404
315.264	0.0046202613	-5.8466198	-0.010683695
315.392	0.0045270387	-5.8465042	-0.010037015
315.52	0.0045478247	-5.8466426	-0.0097828137
315.648	0.0044817829	-5.8467521	-0.010715148
315.776	0.004496507	-5.8467697	-0.011182522
315.904	0.004447924	-5.846594	-0.012059276
316.032	0.0044289657	-5.8467106	-0.010898339
316.16	0.0044314882	-5.8467065	-0.010888791
316.288	0.0044398127	-5.8467198	-0.010984011
316.416	0.0043692122	-5.8469722	-0.011924671
316.544	0.0042893228	-5.8467502	-0.011669409
316.672	0.0042778943	-5.8469345	-0.01036576
316.8	0.0043234465	-5.8469564	-0.011863541
316.928	0.0043062459	-5.8467242	-0.011254673
317.056	0.0043272844	-5.8468396	-0.010507657
317.184	0.0042823271	-5.8468371	-0.010814947
317.312	0.004319155	-5.846873	-0.011379527
317.44	0.0043043892	-5.846865	-0.011003396
317.568	0.0043140293	-5.8471451	-0.011037135
317.696	0.0042974558	-5.8471932	-0.01154817
317.824	0.0042737493	-5.8470556	-0.011329394
317.952	0.0042874728	-5.8469864	-0.011915008
318.08	0.0043989732	-5.8472594	-0.01174826
318.208	0.0043654251	-5.8470894	-0.012066253
318.336	0.0044085254	-5.8469228	-0.012759236
318.464	0.004426715	-5.8469509	-0.011290191
318.592	0.004392572	-5.8467877	-0.012212196
318.72	0.0043979734	-5.8467742	-0.011521471
318.848	0.0045200141	-5.8468086	-0.011458811
318.976	0.0045295128	-5.846767	-0.011023471
319.104	0.0045545438	-5.8466866	-0.010204648
319.232	0.004602524	-5.8467506	-0.010212282
319.36	0.0046139983	-5.846757	-0.010174781
319.488	0.0046561088	-5.8467463	-0.010691664
319.616	0.0045704422	-5.8465333	-0.0094775212
319.744	0.0046852353	-5.8464683	-0.010461262
319.872	0.0047475294	-5.846607	-0.011557086
320	0.0046415638	-5.8466173	-0.01032418
320.128	0.0046691571	-5.8465956	-0.010685577
320.256	0.0047539569	-5.8466559	-0.009739092
320.384	0.0046562242	-5.8464995	-0.0094228575
320.512	0.0047439108	-5.8465678	-0.0098094728
320.64	0.0047322777	-5.8464565	-0.0094083455
320.768	0.0046643174	-5.8464317	-0.010785693
320.896	0.004706631	-5.846551	-0.010827076
321.024	0.0047244104	-5.8465779	-0.011852152
321.152	0.004662552	-5.8465371	-0.011827514
321.28	0.0045926274	-5.8466279	-0.010683321
321.408	0.0045998882	-5.8465859	-0.010533256
321.536	0.0046275211	-5.8467396	-0.012328074
321.664	0.0045857131	-5.8467205	-0.012856903
321.792	0.0044851235	-5.8468359	-0.011014569
321.92	0.0045544546	-5.8467533	-0.0089630866
322.048	0.0045291231	-5.8466572	-0.010432292
322.176	0.0044525211	-5.8466453	-0.011876419
322.304	0.0043890451	-5.8468437	-0.010247444
322.432	0.0043915307	-5.8467463	-0.010366125
322.56	0.0044055012	-5.8469587	-0.010334217
322.688	0.0044048724	-5.8467771	-0.011566147
322.816	0.0043399652	-5.846839	-0.013003943
322.944	0.0043364343	-5.8470033	-0.012478956
323.072	0.0042807803	-5.8469107	-0.010529779
323.2	0.0043566731	-5.8471192	-0.010176349
323.328	0.0042406566	-5.8470657	-0.010015332
323.456	0.0043475445	-5.8472291	-0.011198983
323.584	0.0042232026	-5.8470208	-0.010678268
323.712	0.0042959052	-5.8469191	-0.010440783
323.84	0.0043101418	-5.8468834	-0.01016731
323.968	0.0042832878	-5.8467628	-0.010758521
324.096	0.0044074361	-5.8468376	-0.011277046
324.224	0.0042560326	-5.8469211	-0.011266084
324.352	0.004352629	-5.8470137	-0.011124413
324.48	0.0043405915	-5.8470345	-0.010664263
324.608	0.0043636708	-5.846853	-0.011690983
324.736	0.0044748705	-5.8468342	-0.011789868
324.864	0.0044720439	-5.8467769	-0.010950443
324.992	0.004415477	-5.8466281	-0.011441916
325.12	0.0044469684	-5.8468723	-0.011151962
325.248	0.004484865	-5.8467222	-0.010093912
325.376	0.0045505095	-5.8467914	-0.012250943
325.504	0.0045467163	-5.8467539	-0.012441873
325.632	0.0045504352	-5.8466607	-0.012343885
325.76	0.0046467044	-5.8465597	-0.011181144
325.888	0.0046027775	-5.8464294	-0.0094665997
326.016	0.0046321918	-5.8464414	-0.0099370595
326.144	0.0046572868	-5.8463194	-0.010330653
326.272	0.0047092014	-5.8463043	-0.010061366
326.4	0.0046856726	-5.8464251	-0.0089256421
326.528	0.0047444354	-5.8465049	-0.010551579
326.656	0.004630218	-5.846606	-0.0101225
326.784	0.0047061935	-5.8466336	-0.011020134
326.912	0.0046759676	-5.8464216	-0.010769821
327.04	0.0048070119	-5.8464655	-0.011483926
327.168	0.0046599408	-5.8464959	-0.011627323
327.296	0.0046960809	-5.8463669	-0.010457669
327.424	0.004606066	-5.846299	-0.0098527259
327.552	0.0046592818	-5.846491	-0.010405199
327.68	0.0046707352	-5.8467988	-0.011839071
327.808	0.0045724277	-5.8466996	-0.01180607
327.936	0.0046015636	-5.8469496	-0.010303328
328.064	0.0046164481	-5.8468531	-0.010331324
328.192	0.0045066498	-5.8466854	-0.010394058
328.32	0.0045089932	-5.8468772	-0.011028657
328.448	0.004530051	-5.8467099	-0.010253603
328.576	0.004347676	-5.8466331	-0.0094708893
328.704	0.0044424101	-5.8468053	-0.010045125
328.832	0.00443693	-5.846917	-0.010739182
328.96	0.0043504802	-5.8468418	-0.011248065
329.088	0.0043785023	-5.846845	-0.011096886
329.216	0.0043154298	-5.8470502	-0.011521076
329.344	0.004327272	-5.8469711	-0.010993944
329.472	0.0043253542	-5.8469427	-0.01150094
329.6	0.0043042724	-5.8467497	-0.010151197
329.728	0.0043282448	-5.8469727	-0.011097724
329.856	0.0042877396	-5.8467255	-0.011481423
329.984	0.0043172723	-5.8468767	-0.012251994
330.112	0.0042421521	-5.8467731	-0.013541779
330.24	0.0043231076	-5.8470463	-0.01233475
330.368	0.0043405993	-5.846984	-0.012743766
330.496	0.0042704358	-5.8466514	-0.012105045
330.624	0.0044034897	-5.846874	-0.010803226
330.752	0.0043092625	-5.8466511	-0.011074798
330.88	0.0043882211	-5.8468662	-0.010805048
331.008	0.0043783295	-5.8467276	-0.0097625009
331.136	0.004408796	-5.8468451	-0.010965132
331.264	0.00443819	-5.8469734	-0.011442816
331.392	0.004436451	-5.8469661	-0.0094849961
331.52	0.0045199867	-5.8467389	-0.01023995
331.648	0.0045927834	-5.8466026	-0.010775556
331.776	0.0045606801	-5.8465679	-0.010196773
331.904	0.0046103463	-5.8465709	-0.01009285
332.032	0.0045753238	-5.8465395	-0.010407446
332.16	0.0046188455	-5.8465844	-0.012311097
332.288	0.0047006268	-5.8466519	-0.011283454
332.416	0.0046716335	-5.8466287	-0.0102549
332.544	0.0046914743	-5.8466686	-0.011025529
332.672	0.0047603402	-5.8466653	-0.011415099
332.8	0.0046988216	-5.8467163	-0.011433218
332.928	0.0046979536	-5.8466951	-0.010738513
333.056	0.0046536576	-5.8464973	-0.01062835
333.184	0.0046751371	-5.8465669	-0.010369862
333.312	0.0046503261	-5.8466766	-0.0092172213
333.44	0.0047391439	-5.8466042	-0.0093685323
333.568	0.0047433805	-5.8467431	-0.0093684711
333.696	0.004693635	-5.8466124	-0.010485145
333.824	0.0046069196	-5.8465015	-0.010614893
333.952	0.004627539	-5.8466178	-0.01006011
334.08	0.0045886344	-5.8466524	-0.0098693138
334.208	0.0046650577	-5.8467357	-0.0098184264
334.336	0.0045468489	-5.8466181	-0.010100326
334.464	0.0045190844	-5.8468655	-0.011684061
334.592	0.0045346523	-5.8467431	-0.011499344
334.72	0.0045388225	-5.8466933	-0.0097652591
334.848	0.0043642351	-5.8466368	-0.010039884
334.976	0.0044390069	-5.8467886	-0.011845857
335.104	0.0044545307	-5.8468328	-0.010095108
335.232	0.0043341195	-5.8467195	-0.010762727
335.36	0.0044111224	-5.8469524	-0.011903465
335.488	0.0043742617	-5.8468872	-0.010937539
335.616	0.0043371207	-5.8467434	-0.012078659
335.744	0.0042883849	-5.8468571	-0.012295892
335.872	0.0043752448	-5.8469603	-0.012252581
336	0.0042618444	-5.8467268	-0.010934112
336.128	0.0043102986	-5.8470718	-0.012009342
336.256	0.0042692202	-5.8469169	-0.012217198
336.384	0.0043266799	-5.8469611	-0.011803741
336.512	0.0042746837	-5.8469089	-0.010850531
336.64	0.0042978443	-5.8469626	-0.010622323
336.768	0.0042765148	-5.8468774	-0.0096067577
336.896	0.00432799	-5.8470402	-0.010570762
337.024	0.0043391361	-5.8471475	-0.011825377
337.152	0.004367319	-5.846895	-0.011846969
337.28	0.0044210432	-5.8469936	-0.01021139
337.408	0.004411773	-5.8469978	-0.011162515
337.536	0.0044226891	-5.8470057	-0.011474657
337.664	0.0044037397	-5.8469015	-0.01162219
337.792	0.0045149699	-5.846773	-0.011329261
337.92	0.0045389063	-5.8467203	-0.010234486
338.048	0.0045860688	-5.8465427	-0.010722271
338.176	0.004551962	-5.8464904	-0.011052509
338.304	0.0045689426	-5.8464731	-0.010310207
338.432	0.0046373371	-5.8465005	-0.010910197
338.56	0.0046683292	-5.8464984	-0.010871977
338.688	0.0046608664	-5.8465887	-0.010129502
338.816	0.0046483476	-5.8464223	-0.011359128
338.944	0.0046694159	-5.8465191	-0.010671604
339.072	0.0046905664	-5.8464449	-0.011259589
339.2	0.0047224274	-5.8463086	-0.011356106
339.328	0.0047076939	-5.8464406	-0.0097296147
339.456	0.0046573667	-5.846368	-0.010304054
339.584	0.0047434798	-5.8465681	-0.0099006255
339.712	0.0046596598	-5.8467962	-0.0097976105
339.84	0.0046836605	-5.8465804	-0.010871489
339.968	0.0046614278	-5.8466643	-0.010203683
340.096	0.0046597457	-5.8468115	-0.010996749
340.224	0.0045732185	-5.8465959	-0.010457249
340.352	0.0046327321	-5.8466743	-0.0099535016
340.48	0.004640858	-5.846883	-0.010873776
340.608	0.0045630802	-5.8467521	-0.010464622
340.736	0.0045439548	-5.8468585	-0.011175126
340.864	0.0045066047	-5.8467243	-0.011603496
340.992	0.0044583481	-5.8469283	-0.012826707
341.12	0.0044854416	-5.8470437	-0.012661776
341.248	0.0043992628	-5.8469488	-0.010475304
341.376	0.0044383024	-5.8468922	-0.0104979
341.504	0.0044536124	-5.8468926	-0.01082229
341.632	0.0043017644	-5.8466585	-0.010181636
341.76	0.0043710589	-5.8469333	-0.010640984
341.888	0.0043219313	-5.8469873	-0.011358495
342.016	0.0043680669	-5.8469076	-0.011332964
342.144	0.0043190957	-5.846952	-0.011150832
342.272	0.0043220802	-5.8468654	-0.011556824
342.4	0.0042652346	-5.846829	-0.011572992
342.528	0.004254916	-5.8468047	-0.012164132
342.656	0.0043266092	-5.8470184	-0.011252472
342.784	0.0042608045	-5.8468422	-0.01144786
342.912	0.0042614849	-5.8468186	-0.01179031
343.04	0.0043482345	-5.8469901	-0.011198017
343.168	0.0042986129	-5.8467509	-0.011338293
343.296	0.0043687819	-5.8469796	-0.011749194
343.424	0.0043186726	-5.8468561	-0.01098418
343.552	0.0044005732	-5.8469113	-0.0099052888
343.68	0.0043762619	-5.846694	-0.010065064
343.808	0.0044582331	-5.8467928	-0.011342119
343.936	0.0044508996	-5.8467488	-0.010998971
344.064	0.0045008347	-5.8467186	-0.01102468
344.192	0.004498072	-5.8467653	-0.01077091
344.32	0.0044770104	-5.8466497	-0.010894787
344.448	0.0045438706	-5.8467661	-0.011180461
344.576	0.0046079413	-5.8466911	-0.011977464
344.704	0.0046282829	-5.8467563	-0.011378961
344.832	0.0046707564	-5.8467259	-0.010098967
344.96	0.0046543065	-5.846474	-0.0099863416
345.088	0.0046473155	-5.8464139	-0.010998421
345.216	0.0047330574	-5.846326	-0.0099546118
345.344	0.0046676088	-5.8464338	-0.0096512072
345.472	0.0046279765	-5.8463373	-0.0093919484
345.6	0.0047261007	-5.8466869	-0.009630281
345.728	0.0047110308	-5.8467725	-0.010526186
345.856	0.0046604854	-5.8468204	-0.0111468
345.984	0.0047217407	-5.846619	-0.010825677
346.112	0.0046789491	-5.8466551	-0.01005209
346.24	0.0046937623	-5.8466624	-0.010427639
346.368	0.0047140203	-5.8467187	-0.010427402
346.496	0.0046113955	-5.8465185	-0.010347718
346.624	0.0046431012	-5.8466023	-0.01081648
346.752	0.0045231664	-5.8466917	-0.010781076
346.88	0.0045436215	-5.846737	-0.010425963
347.008	0.0045218819	-5.8467515	-0.010636231
347.136	0.0046037618	-5.8469822	-0.011920791
347.264	0.0044223864	-5.8469657	-0.010872324
347.392	0.0045008071	-5.8469702	-0.011140581
347.52	0.0044112573	-5.8468758	-0.010278671
347.648	0.0043910469	-5.8468989	-0.011541976
347.776	0.0044092412	-5.8469216	-0.012242697
347.904	0.0043750358	-5.8468375	-0.012101289
348.032	0.0044213473	-5.8468347	-0.012529223
348.16	0.0043293172	-5.8468713	-0.011638826
348.288	0.0042936692	-5.846935	-0.01124014
348.416	0.0043432243	-5.847041	-0.011696192
348.544	0.0042463321	-5.846874	-0.010935417
348.672	0.0043682975	-5.8470397	-0.012378448
348.8	0.0042857587	-5.8468422	-0.011896346
348.928	0.0042560609	-5.8469008	-0.010547114
349.056	0.0042581168	-5.8467709	-0.01095436
349.184	0.0042758171	-5.846636	-0.011299036
349.312	0.0043614614	-5.8470786	-0.012178293
349.44	0.0043216794	-5.8468558	-0.010967405
349.568	0.0043196215	-5.8467771	-0.010506735
349.696	0.0044118275	-5.8469221	-0.011537804
349.824	0.0043613066	-5.8469715	-0.011575929
349.952	0.0044321042	-5.8467195	-0.011633947
350.08	0.0044054072	-5.8468459	-0.010280337
350.208	0.004466648	-5.8467038	-0.0098905924
350.336	0.0043887933	-5.8468167	-0.011296539
350.464	0.0045583653	-5.8470164	-0.011671025
350.592	0.0044426219	-5.8466292	-0.0098921319
350.72	0.0046241206	-5.8467711	-0.011865009
350.848	0.0045554941	-5.8466656	-0.010895281
350.976	0.0046633353	-5.8466976	-0.009564531
351.104	0.0046606295	-5.84653	-0.0098761685
351.232	0.0047113935	-5.8467516	-0.010658603
351.36	0.0046338149	-5.8465808	-0.0086752237
351.488	0.0046186835	-5.8465517	-0.0095756372
351.616	0.0046833826	-5.8465093	-0.010845878
351.744	0.0046641231	-5.8463656	-0.010900177
351.872	0.0046716318	-5.8465573	-0.012205756
352	0.0047584733	-5.8465193	-0.010264347
352.128	0.0047358254	-5.8464777	-0.0092839827
352.256	0.0045924766	-5.8464582	-0.010091657
352.384	0.0047180651	-5.8463036	-0.0095461312
352.512	0.0046678734	-5.8462584	-0.010351587
352.64	0.0045688914	-5.8462454	-0.01136062
352.768	0.004644601	-5.8466166	-0.010875249
352.896	0.0046723957	-5.8467403	-0.010269119
353.024	0.0046277852	-5.846614	-0.011950193
353.152	0.004535433	-5.8465964	-0.011436086
353.28	0.0046355902	-5.8468616	-0.011032577
353.408	0.0045383848	-5.8467595	-0.012395024
353.536	0.0044634994	-5.8467834	-0.011829263
353.664	0.0044557692	-5.8468837	-0.011305091
353.792	0.0044741265	-5.8467661	-0.011231938
353.92	0.0044508687	-5.8469038	-0.011902541
354.048	0.004347408	-5.8469122	-0.011459981
354.176	0.004415211	-5.8468456	-0.011513822
354.304	0.004443401	-5.8468338	-0.011189444
354.432	0.0042894364	-5.8467671	-0.0087474865
354.56	0.0043015098	-5.8468368	-0.010175411
354.688	0.0043150691	-5.84693	-0.011446723
354.816	0.0042900753	-5.8468948	-0.0095996018
354.944	0.0043611296	-5.8471169	-0.011000046
355.072	0.0043166148	-5.8471121	-0.011913305
355.2	0.0042915728	-5.8469535	-0.011069162
355.328	0.004372679	-5.8468806	-0.011144306
355.456	0.0043121859	-5.8469119	-0.011670325
355.584	0.0042907278	-5.8468689	-0.012346744
355.712	0.0043088964	-5.846878	-0.012805636
355.84	0.0043592031	-5.8468952	-0.01252116
355.968	0.004310349	-5.8467898	-0.010991899
356.096	0.0043619041	-5.8470726	-0.011316596
356.224	0.0044058682	-5.8470221	-0.011947153
356.352	0.00443154	-5.846978	-0.011335041
356.48	0.0044920604	-5.8469424	-0.0113731
356.608	0.0044972572	-5.8467959	-0.012162584
356.736	0.0044894308	-5.8469608	-0.011004551
356.864	0.0046054764	-5.8467797	-0.0099795923
356.992	0.0045328167	-5.8468904	-0.010842565
357.12	0.0045181879	-5.8468218	-0.010620606
357.248	0.0045936868	-5.8469053	-0.010431735
357.376	0.0046129038	-5.846866	-0.010441559
357.504	0.0046794699	-5.8469708	-0.0088429302
357.632	0.0046959479	-5.8469274	-0.0084601604
357.76	0.0046904256	-5.8465571	-0.0097328291
357.888	0.004634125	-5.8463363	-0.010699015
358.016	0.0045889718	-5.8463181	-0.010388786
358.144	0.0047248064	-5.8464631	-0.011337144
358.272	0.0047726521	-5.8465	-0.012084717
358.4	0.0047349042	-5.8467763	-0.011273365
358.528	0.0046808302	-5.8465968	-0.0097551352
358.656	0.0046719103	-5.846473	-0.010103047
358.784	0.0047094676	-5.846616	-0.011043304
358.912	0.0046441295	-5.8464389	-0.011573456
359.04	0.0046718809	-5.8464576	-0.010674234
359.168	0.0046268614	-5.8464238	-0.0089566069
359.296	0.0045871733	-5.846701	-0.00972221
359.424	0.0045625021	-5.8468987	-0.010962276
359.552	0.0046306165	-5.8467503	-0.0098601715
359.68	0.004445261	-5.8468814	-0.0094563342
359.808	0.0045567466	-5.8468677	-0.010788767
359.936	0.0044748341	-5.8468327	-0.010928687
360.064	0.004439056	-5.846829	-0.011635686
360.192	0.0043950491	-5.8467313	-0.011633999
360.32	0.0044198762	-5.8469314	-0.010908761
360.448	0.0043782535	-5.8468913	-0.012874158
360.576	0.004331469	-5.8468413	-0.011645909
360.704	0.0044525651	-5.8470621	-0.011088738
360.832	0.0043715224	-5.846882	-0.011264112
360.96	0.0043236683	-5.8470472	-0.011499218
361.088	0.0043252179	-5.8469023	-0.011157606
361.216	0.0042872644	-5.846824	-0.012505717
361.344	0.0043552363	-5.8469106	-0.011561327
361.472	0.0042977801	-5.846834	-0.01183035
361.6	0.0042662089	-5.8470373	-0.012386452
361.728	0.0042728419	-5.8470249	-0.011101054
361.856	0.0043623134	-5.8470833	-0.011959827
361.984	0.0043079596	-5.846932	-0.012081826
362.112	0.0043393501	-5.8467775	-0.0110167
362.24	0.0044087764	-5.8469906	-0.011374533
362.368	0.0044014539	-5.8467927	-0.0084020193
362.496	0.0044046127	-5.8469322	-0.010478137
362.624	0.0043853843	-5.8469847	-0.012057451
362.752	0.0044468826	-5.8467572	-0.010336649
362.88	0.0045261103	-5.8469218	-0.010848474
363.008	0.0044992312	-5.8468812	-0.010547831
363.136	0.0044622545	-5.8465752	-0.011282256
363.264	0.0046008447	-5.8466716	-0.010911732
363.392	0.0046094505	-5.8466212	-0.010910492
363.52	0.0046167628	-5.8469024	-0.010902761
363.648	0.0046140861	-5.8467679	-0.0096101733
363.776	0.00460697	-5.846404	-0.011324549
363.904	0.0046749735	-5.8466401	-0.010640474
364.032	0.0046680282	-5.8465596	-0.010060472
364.16	0.0046676095	-5.8466769	-0.010601676
364.288	0.0045967085	-5.8464507	-0.0105248
364.416	0.0046882187	-5.8463888	-0.011266627
364.544	0.0047062592	-5.846572	-0.0099232334
364.672	0.0047428298	-5.8465942	-0.0097381777
364.8	0.0046833641	-5.8464115	-0.0089717565
364.928	0.0047047576	-5.8463164	-0.011397284
365.056	0.0047120775	-5.8464463	-0.012300784
365.184	0.004617071	-5.8464666	-0.011348655
365.312	0.0047059023	-5.8467081	-0.011622264
365.44	0.0045917375	-5.8467102	-0.010286452
365.568	0.0045822992	-5.8467376	-0.010680217
365.696	0.0046552385	-5.84679	-0.011725934
365.824	0.0045319692	-5.846789	-0.0096022905
365.952	0.0045109693	-5.8467369	-0.010791803
366.08	0.0045573974	-5.8468931	-0.011878862
366.208	0.0044296273	-5.8469318	-0.01076843
366.336	0.004482763	-5.8468759	-0.011514851
366.464	0.0043657639	-5.8467236	-0.010618638
366.592	0.0044627059	-5.8468193	-0.01034491
366.72	0.0043987296	-5.8471015	-0.010518948
366.848	0.0044060325	-5.8467729	-0.011453667
366.976	0.0044029744	-5.8467973	-0.01190641
367.104	0.0043191629	-5.8465918	-0.011463699
367.232	0.0042764078	-5.8465808	-0.010960173
367.36	0.0043295203	-5.8467578	-0.010451598
367.488	0.0042765949	-5.8468557	-0.010303867
367.616	0.0043916634	-5.8470593	-0.011694011
367.744	0.0042670358	-5.8468369	-0.011896187
367.872	0.0043424728	-5.8468543	-0.011334875
368	0.0042662886	-5.8467422	-0.01091066
368.128	0.0043191762	-5.8469757	-0.011696718
368.256	0.0043629988	-5.847069	-0.011571706
368.384	0.0043738806	-5.8471995	-0.011392434
368.512	0.0043692877	-5.847031	-0.011642556
368.64	0.0043449462	-5.8468714	-0.011989151
368.768	0.0043368621	-5.8468957	-0.011299098
368.896	0.00437067	-5.846943	-0.011977128
369.024	0.0043836293	-5.8466966	-0.01058906
369.152	0.0044984376	-5.8467243	-0.0093394262
369.28	0.0044861644	-5.846648	-0.010661104
369.408	0.0045653725	-5.8467563	-0.010510113
369.536	0.0045319528	-5.846794	-0.0095064275
369.664	0.0045599748	-5.8466158	-0.012265289
369.792	0.0045472983	-5.8465465	-0.01091576
369.92	0.0045260722	-5.8465817	-0.009794866
370.048	0.0046590468	-5.8466385	-0.010335069
370.176	0.0046758259	-5.8466539	-0.010978413
370.304	0.0046896163	-5.8464993	-0.011907335
370.432	0.0046083074	-5.846423	-0.011299304
370.56	0.0046847646	-5.8465789	-0.010269337
370.688	0.0047668693	-5.8465152	-0.010301574
370.816	0.0046890297	-5.8463779	-0.0089580084
370.944	0.0047017889	-5.8463704	-0.0090258103
371.072	0.0046320169	-5.8464269	-0.010728189
371.2	0.004688545	-5.8466106	-0.0099492809
371.328	0.0046612383	-5.8465304	-0.0098633899
371.456	0.0047054433	-5.8464859	-0.010049494
371.584	0.004691461	-5.8465707	-0.01037594
371.712	0.0045800618	-5.8463826	-0.010258726
371.84	0.0046000183	-5.8465621	-0.01038714
371.968	0.0046484851	-5.8468247	-0.010525503
372.096	0.0045143421	-5.846835	-0.010758871
372.224	0.0046256234	-5.846864	-0.012651752
372.352	0.0045444203	-5.8466575	-0.011641602
372.48	0.0044373839	-5.8467605	-0.010063626
372.608	0.004534636	-5.8469309	-0.010212389
372.736	0.004412264	-5.8467285	-0.010252365
372.864	0.0045034199	-5.8468959	-0.010493477
372.992	0.0043776586	-5.8468772	-0.010953647
373.12	0.0043288855	-5.8467077	-0.0096604342
373.248	0.0044058417	-5.8470503	-0.011124102
373.376	0.0043099048	-5.8470433	-0.012734803
373.504	0.004383738	-5.8469633	-0.011141533
373.632	0.004350713	-5.8469912	-0.012668766
373.76	0.0042631711	-5.8470667	-0.013069906
373.888	0.0042937086	-5.8471046	-0.010946527
374.016	0.0042926678	-5.846923	-0.011337898
374.144	0.004311543	-5.8468861	-0.012626947
374.272	0.0042356683	-5.8468183	-0.011406271
374.4	0.0043108406	-5.8468427	-0.010760432
374.528	0.004333547	-5.8468411	-0.01117113
374.656	0.0042814976	-5.8468289	-0.012005228
374.784	0.0043379853	-5.8468871	-0.012030313
374.912	0.0043645903	-5.8468085	-0.010575688
375.04	0.0044096024	-5.8469909	-0.010726976
375.168	0.004402918	-5.8468904	-0.011514449
375.296	0.0044244516	-5.84675	-0.011649995
375.424	0.0044589069	-5.8467502	-0.011616111
375.552	0.0045181206	-5.8467864	-0.010867056
375.68	0.0044450853	-5.8467138	-0.0098707298
375.808	0.004516885	-5.8467207	-0.010735735
375.936	0.0045314118	-5.8468066	-0.010793119
376.064	0.0045926501	-5.8466238	-0.0096444927
376.192	0.004611602	-5.8465829	-0.0097600342
376.32	0.0046660331	-5.846962	-0.010134546
376.448	0.0046826153	-5.8469859	-0.011296979
376.576	0.0046590104	-5.8468911	-0.012535972
376.704	0.0045864004	-5.8464834	-0.010349438
376.832	0.0046289596	-5.8466	-0.009467433
376.96	0.0047314053	-5.8466522	-0.0096646076
377.088	0.0047284552	-5.8465455	-0.0095220621
377.216	0.0047168659	-5.8465494	-0.0098536039
377.344	0.0046693642	-5.8465156	-0.0091632386
377.472	0.0046370197	-5.8464564	-0.0096978214
377.6	0.0046865846	-5.8465781	-0.010863896
377.728	0.0046946902	-5.8465118	-0.0098566485
377.856	0.0046780847	-5.8465755	-0.01041481
377.984	0.0045996612	-5.8465417	-0.011077164
378.112	0.0046126285	-5.8466827	-0.012168942
378.24	0.0045593257	-5.8466826	-0.011219097
378.368	0.0045698263	-5.8464879	-0.010408308
378.496	0.0045314802	-5.8464845	-0.011205436
378.624	0.0045618206	-5.8464902	-0.012758948
378.752	0.0044825581	-5.8466438	-0.011113006
378.88	0.0044889065	-5.8469481	-0.010104393
379.008	0.0044612624	-5.8467945	-0.011183291
379.136	0.0043205783	-5.8465117	-0.010936949
379.264	0.0044569955	-5.846883	-0.011626692
379.392	0.0043819897	-5.8469302	-0.01142595
379.52	0.0043564096	-5.8467767	-0.011387556
379.648	0.0043036521	-5.8468748	-0.010221395
379.776	0.0044031463	-5.8472884	-0.011051445
379.904	0.0043098091	-5.847035	-0.011599186
380.032	0.004325433	-5.8470424	-0.011183708
380.16	0.0043262769	-5.8470377	-0.010675523
380.288	0.0043124177	-5.8469518	-0.011147997
380.416	0.0042209855	-5.8470805	-0.011269332
380.544	0.0042998738	-5.8470652	-0.011638966
380.672	0.0042828565	-5.8470173	-0.011354753
380.8	0.0043207466	-5.8469066	-0.011572206
380.928	0.0043322615	-5.846703	-0.010961912
381.056	0.0044467647	-5.8467227	-0.010826065
381.184	0.0043345151	-5.8468433	-0.011443649
381.312	0.0043478954	-5.8468664	-0.010131782
381.44	0.004445754	-5.8469834	-0.011231474
381.568	0.004389748	-5.8468409	-0.011447949
381.696	0.0044545244	-5.8466532	-0.010573234
381.824	0.0044526689	-5.8468016	-0.011742989
381.952	0.0045250229	-5.8468511	-0.011963569
382.08	0.0045299137	-5.8469594	-0.011163945
382.208	0.0044721035	-5.8468521	-0.011562405
382.336	0.0046685816	-5.8467849	-0.0111757
382.464	0.0045291541	-5.8466726	-0.0096826437
382.592	0.0046136103	-5.846657	-0.011135879
382.72	0.0045693148	-5.8465486	-0.010725163
382.848	0.0046756786	-5.8466509	-0.010723555
382.976	0.0046941716	-5.8464837	-0.011640312
383.104	0.0046731243	-5.8465206	-0.012277336
383.232	0.0046498889	-5.8465522	-0.011382432
383.36	0.0047246751	-5.8466552	-0.0099376956
383.488	0.0047619728	-5.8467602	-0.0093651709
383.616	0.0046051372	-5.8464649	-0.0096960078
383.744	0.0047271939	-5.8466076	-0.010501676
383.872	0.0046825687	-5.8463496	-0.011357893
384	0.0046792715	-5.8466463	-0.010651384
384.128	0.0046868262	-5.8466627	-0.010457358
384.256	0.0046016696	-5.8463783	-0.0098394274
384.384	0.0046439964	-5.8466393	-0.0099243875
384.512	0.004623295	-5.8466221	-0.010376232
384.64	0.0046050891	-5.8467932	-0.010721379
384.768	0.0045291213	-5.8466452	-0.010673174
384.896	0.0044937043	-5.846748	-0.010788396
385.024	0.0044806306	-5.8466982	-0.010499069
385.152	0.0045613468	-5.8469421	-0.0094583792
385.28	0.0044424407	-5.8467448	-0.010046985
385.408	0.0043445836	-5.8467574	-0.01178528
385.536	0.004436614	-5.8471745	-0.010603473
385.664	0.0043246294	-5.8469996	-0.01028241
385.792	0.004407791	-5.847104	-0.011786169
385.92	0.0043259363	-5.8468901	-0.011018451
386.048	0.0043935525	-5.8471416	-0.010442967
386.176	0.0043247838	-5.8471636	-0.011199016
386.304	0.0044014656	-5.8470882	-0.012193775
386.432	0.0043014622	-5.8469853	-0.010864803
386.56	0.0042491461	-5.8468591	-0.01131412
386.688	0.0043498582	-5.8468657	-0.011235657
386.816	0.0042390588	-5.8468181	-0.0097670112
386.944	0.0042936912	-5.8468404	-0.011909926
387.072	0.0042580082	-5.8470314	-0.012794541
387.2	0.0043684676	-5.8470178	-0.0108577
387.328	0.0043493747	-5.8470044	-0.011276284
387.456	0.004407705	-5.846919	-0.013058116
387.584	0.0043490004	-5.8466893	-0.010975324
387.712	0.004366725	-5.8467646	-0.01052322
387.84	0.004409082	-5.8469587	-0.010982848
387.968	0.0044668846	-5.8469984	-0.01086978
388.096	0.0043851697	-5.8467107	-0.010194603
388.224	0.0044253645	-5.8468457	-0.010102915
388.352	0.0046202656	-5.846984	-0.0094829214
388.48	0.0045412008	-5.8468678	-0.0098661723
388.608	0.004472397	-5.8465676	-0.010845201
388.736	0.0045695306	-5.8465004	-0.012056272
388.864	0.0046983927	-5.8466475	-0.012054636
388.992	0.004592535	-5.8463464	-0.010618569
389.12	0.0046706142	-5.8467358	-0.011309483
389.248	0.0046763394	-5.8466401	-0.0098422121
389.376	0.0046734721	-5.8465041	-0.010286259
389.504	0.0046814377	-5.8464642	-0.0099901459
389.632	0.0047251337	-5.8464757	-0.010022931
389.76	0.0047191529	-5.8466446	-0.010287478
389.888	0.0046967229	-5.8466271	-0.01051808
390.016	0.0046740934	-5.8465092	-0.010050827
390.144	0.0046606432	-5.846496	-0.0096469521
390.272	0.0046936523	-5.8466143	-0.010430744
390.4	0.0047377982	-5.8468568	-0.011705392
390.528	0.004623157	-5.8466584	-0.011061709
390.656	0.0046420937	-5.8466536	-0.010305207
390.784	0.004623961	-5.8467328	-0.010568455
390.912	0.0046282766	-5.846931	-0.011086954
391.04	0.0045656089	-5.8467068	-0.010447605
391.168	0.0044918944	-5.8466636	-0.01074884
391.296	0.0045391444	-5.8465845	-0.010470335
391.424	0.0045607043	-5.8467273	-0.010268729
391.552	0.0044367149	-5.8467067	-0.0098410104
391.68	0.0043729116	-5.8466687	-0.010378776
391.808	0.0044155687	-5.8468691	-0.011031829
391.936	0.0043638129	-5.8468469	-0.010823222
392.064	0.0044253098	-5.8469432	-0.01199877
392.192	0.0043458202	-5.8466677	-0.012108526
392.32	0.0043464186	-5.8466444	-0.011635496
392.448	0.004335953	-5.8467448	-0.011910298
392.576	0.0043470643	-5.8469083	-0.012020182
392.704	0.0043024266	-5.8468472	-0.012719728
392.832	0.0042811058	-5.8470122	-0.013054028
392.96	0.0042715357	-5.8469403	-0.012371675
393.088	0.0043127878	-5.8469453	-0.011308795
393.216	0.0043304034	-5.8468416	-0.010408936
393.344	0.0042772681	-5.846875	-0.0099232822
393.472	0.0043398275	-5.8470097	-0.012007088
393.6	0.0042737008	-5.8466437	-0.011282291
393.728	0.0043539723	-5.8469015	-0.010888053
393.856	0.0044103792	-5.8470564	-0.01009735
393.984	0.0044103735	-5.846979	-0.009531356
394.112	0.004409621	-5.846824	-0.011302777
394.24	0.0044085004	-5.8467487	-0.01166774
394.368	0.0045128894	-5.8470645	-0.01069696
394.496	0.0044470639	-5.8469212	-0.011261495
394.624	0.0045003809	-5.8469535	-0.012471322
394.752	0.0045615071	-5.8467229	-0.01141096
394.88	0.004564628	-5.8464676	-0.009730072
395.008	0.0045067127	-5.8464969	-0.010733858
395.136	0.0046272606	-5.8464876	-0.012508825
395.264	0.0046384331	-5.8467544	-0.011847525
395.392	0.0046436357	-5.8468667	-0.010965109
395.52	0.0046426057	-5.8464284	-0.010929294
395.648	0.0046332839	-5.8463857	-0.010653214
395.776	0.0047649728	-5.8465867	-0.0094277417
395.904	0.0047170359	-5.8466161	-0.0092860351
396.032	0.0047016682	-5.8464436	-0.0091189712
396.16	0.0047307114	-5.8464247	-0.0090468443
396.288	0.0046621597	-5.8465758	-0.0089915274
396.416	0.0046981817	-5.8467218	-0.010005451
396.544	0.0046690916	-5.8467817	-0.0096503632
396.672	0.0047124464	-5.84692	-0.01117691
396.8	0.004700844	-5.8468466	-0.010444127
396.928	0.0046052012	-5.8465876	-0.0091543165
397.056	0.0045664258	-5.8466037	-0.0093573249
397.184	0.0046176545	-5.8466846	-0.0091447523
397.312	0.0045480947	-5.8467278	-0.0092790533
397.44	0.0045813114	-5.846583	-0.0099423027
397.568	0.0045123881	-5.8469089	-0.011015276
397.696	0.0044691104	-5.8468142	-0.011600081
397.824	0.0045412951	-5.8468063	-0.012641753
397.952	0.004419497	-5.8468884	-0.011919638
398.08	0.0043786211	-5.8468677	-0.010542935
398.208	0.00435554	-5.8467828	-0.010766896
398.336	0.0044393083	-5.8470287	-0.011120456
398.464	0.0043192577	-5.847095	-0.011907417
398.592	0.0044179405	-5.8470635	-0.012408985
398.72	0.0043313988	-5.8468425	-0.010491987
398.848	0.0042898805	-5.8468759	-0.010681452
398.976	0.0043246456	-5.8468488	-0.011379565
399.104	0.0043454254	-5.8471454	-0.011361586
399.232	0.0043163977	-5.8469869	-0.013078899
399.36	0.004316415	-5.846917	-0.012188683
399.488	0.0042609436	-5.8468737	-0.010929801
399.616	0.0042581734	-5.8469694	-0.011382007
399.744	0.0043632626	-5.8469016	-0.011129515
399.872	0.0042922291	-5.8467445	-0.011265446
400	0.0043268505	-5.8468548	-0.012780654
400.128	0.0044103135	-5.8468702	-0.011674719
400.256	0.0044253618	-5.8469111	-0.011287142
400.384	0.0043233982	-5.8468457	-0.011091593
400.512	0.0044468853	-5.8466431	-0.0093393616
400.64	0.0044307676	-5.846494	-0.010133745
400.768	0.0045192478	-5.8468424	-0.011777647
400.896	0.0045217149	-5.8466949	-0.011734678
401.024	0.0045747322	-5.8467945	-0.011335384
401.152	0.004540492	-5.8467148	-0.010924697
401.28	0.0045900612	-5.8467616	-0.010704408
401.408	0.0046251104	-5.8465827	-0.011381327
401.536	0.0046537662	-5.8465595	-0.010367454
401.664	0.0046098166	-5.8463751	-0.0093379037
401.792	0.0046274616	-5.8464893	-0.011047596
401.92	0.0046089113	-5.8463577	-0.010614153
402.048	0.0047176509	-5.8464424	-0.011029137
402.176	0.0047215618	-5.8464624	-0.010520896
402.304	0.0046022862	-5.8463806	-0.010138319
402.432	0.0047161831	-5.846524	-0.010535796
402.56	0.0046957172	-5.846582	-0.01104979
402.688	0.0046849622	-5.84654	-0.01030354
402.816	0.0047261481	-5.846473	-0.010202711
402.944	0.0046306843	-5.8467132	-0.010521644
403.072	0.004696378	-5.846687	-0.0093104886
403.2	0.0046190575	-5.8467942	-0.0093319474
403.328	0.0046977478	-5.8467826	-0.010614843
403.456	0.0045776262	-5.8466052	-0.010411457
403.584	0.0045228997	-5.8465097	-0.010427075
403.712	0.0045333115	-5.8466204	-0.010558455
403.84	0.0045894871	-5.8467414	-0.010437027
403.968	0.0045220653	-5.8468703	-0.010277347
404.096	0.004439096	-5.8466719	-0.010214491
404.224	0.0044661502	-5.846889	-0.010486339
404.352	0.0043958914	-5.846779	-0.012209471
404.48	0.0044114732	-5.8468911	-0.012510863
404.608	0.0043908362	-5.846987	-0.011087788
404.736	0.0043895784	-5.8468477	-0.011347569
404.864	0.0043025299	-5.8469027	-0.010163425
404.992	0.0043628489	-5.8469279	-0.010872896
405.12	0.0043176549	-5.8469444	-0.012623299
405.248	0.0043063238	-5.8468911	-0.011934229
405.376	0.0043268823	-5.84671	-0.011611646
405.504	0.0042769386	-5.8469225	-0.01096376
405.632	0.0042577429	-5.8469827	-0.011556012
405.76	0.0043623589	-5.8469692	-0.011424125
405.888	0.0042872769	-5.8468546	-0.011288348
406.016	0.0042986518	-5.8468015	-0.011765194
406.144	0.0043685581	-5.8470473	-0.011834064
406.272	0.0043167435	-5.846883	-0.011427309
406.4	0.0043415713	-5.8467528	-0.010311411
406.528	0.0043683239	-5.8468985	-0.010821158
406.656	0.0044106007	-5.8469673	-0.011273283
406.784	0.0044928487	-5.847007	-0.011163545
406.912	0.0043836655	-5.8467668	-0.010352094
407.04	0.0045013166	-5.8468018	-0.010813897
407.168	0.0045188568	-5.8469901	-0.011129636
407.296	0.0044912615	-5.8469339	-0.010199042
407.424	0.0045742051	-5.8468962	-0.010299163
407.552	0.0045779173	-5.8467197	-0.010821258
407.68	0.0045965824	-5.8465284	-0.010566897
407.808	0.0045943615	-5.8466497	-0.012231008
407.936	0.0045967884	-5.8464449	-0.01059181
408.064	0.0046764628	-5.8464053	-0.010503855
408.192	0.0046943889	-5.8463561	-0.011491461
408.32	0.0046607074	-5.8464754	-0.010608052
408.448	0.0048004522	-5.8466849	-0.0095477372
408.576	0.0046530713	-5.8463956	-0.0090596034
408.704	0.004630861	-5.846512	-0.010460032
408.832	0.0046769369	-5.8466749	-0.01023966
408.96	0.0047774672	-5.8466664	-0.0094711345
409.088	0.0046985102	-5.8464907	-0.010368469
409.216	0.0047411601	-5.8466524	-0.00982284
409.344	0.0045806476	-5.8464781	-0.010077307
409.472	0.0047592992	-5.8467506	-0.010671815
409.6	0.0046000824	-5.8465295	-0.0092124342
409.728	0.0046505377	-5.8469489	-0.0098173021
409.856	0.004575341	-5.8468141	-0.010462702
409.984	0.0045474706	-5.8469102	-0.010184923
410.112	0.0045007797	-5.8468727	-0.010731681
410.24	0.0045171143	-5.846894	-0.011112546
410.368	0.0045124207	-5.847015	-0.011264845
410.496	0.0044032587	-5.8467899	-0.012017658
410.624	0.0045133168	-5.8469544	-0.010717564
410.752	0.0043936089	-5.8468501	-0.011078671
410.88	0.004367491	-5.8467384	-0.012793795
411.008	0.0043689341	-5.8466869	-0.011800422
411.136	0.0043357627	-5.846685	-0.011387989
411.264	0.0043737307	-5.84694	-0.011651357
411.392	0.0042990416	-5.8468781	-0.011408133
411.52	0.0042567858	-5.8469447	-0.010818953
411.648	0.0043455045	-5.8470144	-0.010835495
411.776	0.0043209008	-5.8468819	-0.010758139
411.904	0.0042249114	-5.8469003	-0.011491105
412.032	0.0043408286	-5.8471881	-0.011362672
412.16	0.0042465207	-5.8467851	-0.010310381
412.288	0.0043213278	-5.8470752	-0.011769671
412.416	0.0043408622	-5.8471413	-0.011407066
412.544	0.0043530453	-5.8470411	-0.01271703
412.672	0.0044914681	-5.8470255	-0.011979726
412.8	0.0043435362	-5.8470278	-0.0095902506
412.928	0.0043146275	-5.8467262	-0.010184779
413.056	0.0044154548	-5.8466699	-0.010662031
413.184	0.0044908426	-5.8469059	-0.012384163
413.312	0.0043980329	-5.8466615	-0.011139055
413.44	0.0045903991	-5.8467655	-0.011526675
413.568	0.0044256324	-5.8465084	-0.010949387
413.696	0.0045573456	-5.8469524	-0.011014034
413.824	0.0045304555	-5.8466982	-0.011377853
413.952	0.0046507056	-5.8468531	-0.01009736
414.08	0.0045965869	-5.8464556	-0.0097940082
414.208	0.004702824	-5.8466968	-0.010244033
414.336	0.0046973751	-5.84672	-0.011052123
414.464	0.0046173005	-5.8466375	-0.010613217
414.592	0.004620686	-5.8466158	-0.0096609584
414.72	0.0046855278	-5.8466003	-0.010536465
414.848	0.0047749786	-5.8466242	-0.01023554
414.976	0.0046838195	-5.8465587	-0.0096603564
415.104	0.0046977524	-5.8464847	-0.009740563
415.232	0.0047205296	-5.8464724	-0.010246715
415.36	0.0046875394	-5.8463463	-0.010565678
415.488	0.0047094982	-5.8465195	-0.010185743
415.616	0.004671709	-5.8467787	-0.010967288
415.744	0.0045920716	-5.8467132	-0.011169579
415.872	0.0045896082	-5.8467802	-0.010710965
416	0.004649186	-5.8469223	-0.010061586
416.128	0.0045299496	-5.8465604	-0.010171792
416.256	0.0046423414	-5.8465953	-0.011427053
416.384	0.0044514628	-5.8463393	-0.011448661
416.512	0.0045322396	-5.8466241	-0.010981812
416.64	0.0045064908	-5.8466172	-0.009462714
416.768	0.0044606933	-5.8466873	-0.0098139477
416.896	0.0044262427	-5.8467208	-0.010736479
417.024	0.0043994701	-5.8466245	-0.011825878
417.152	0.0044677159	-5.8467455	-0.012030242
417.28	0.0043984006	-5.8468893	-0.012134438
417.408	0.0043432268	-5.8468665	-0.010597179
417.536	0.0042897881	-5.8469714	-0.011750014
417.664	0.0043577937	-5.8470109	-0.012178581
417.792	0.0043285152	-5.8469991	-0.012194474
417.92	0.0042927701	-5.8471144	-0.010771196
418.048	0.0042904955	-5.8471222	-0.010732522
418.176	0.0042943326	-5.8471621	-0.012450587
418.304	0.0043428819	-5.8471097	-0.011846272
418.432	0.0042498659	-5.8469054	-0.010951503
418.56	0.0043788728	-5.846898	-0.011904135
418.688	0.0042928047	-5.846796	-0.011687511
418.816	0.0042987333	-5.8468545	-0.010553777
418.944	0.0043384702	-5.8468113	-0.010670748
419.072	0.0044124925	-5.8467741	-0.011617991
419.2	0.0044060886	-5.8467037	-0.011446509
419.328	0.0043860191	-5.846649	-0.012440799
419.456	0.0044750319	-5.8469509	-0.011685414
419.584	0.0044504639	-5.8466169	-0.011381915
419.712	0.0045323848	-5.8466939	-0.011170128
419.84	0.0044958961	-5.8465881	-0.010229333
419.968	0.0045175929	-5.8468291	-0.0093430989
420.096	0.0045434113	-5.8467014	-0.0093023882
420.224	0.0047023821	-5.8468388	-0.010679076
420.352	0.0045636166	-5.8466414	-0.0099997606
420.48	0.0045493592	-5.8466699	-0.00873488
420.608	0.004693084	-5.8465947	-0.0095768764
420.736	0.0046228308	-5.8465576	-0.0096805925
420.864	0.0047039009	-5.8466348	-0.010044064
420.992	0.0047101845	-5.8465456	-0.010262477
421.12	0.0046266913	-5.8466897	-0.010561918
421.248	0.0047054267	-5.8466904	-0.0099586495
421.376	0.0047096815	-5.846651	-0.009978358
421.504	0.0047558018	-5.8467023	-0.011833803
421.632	0.0046612444	-5.8466158	-0.010303382
421.76	0.0046903021	-5.8468074	-0.0098956735
421.888	0.0046805144	-5.8465157	-0.010158858
422.016	0.0046614294	-5.8465045	-0.011257431
422.144	0.0046011851	-5.8463838	-0.010956579
422.272	0.0045943624	-5.8464501	-0.010445572
422.4	0.0045815128	-5.8464999	-0.011678212
422.528	0.0045833882	-5.8464035	-0.011327296
422.656	0.0045435567	-5.8465656	-0.0092997012
422.784	0.0045807904	-5.8468525	-0.011542347
422.912	0.0045066982	-5.846914	-0.010987268
423.04	0.0044808873	-5.8469768	-0.0094532197
423.168	0.0043944121	-5.8469824	-0.011720124
423.296	0.0044183946	-5.8468956	-0.012705468
423.424	0.0044386467	-5.8469945	-0.011310122
423.552	0.0043764078	-5.8468448	-0.010700099
423.68	0.0043188033	-5.8469185	-0.011816236
423.808	0.004394066	-5.8469796	-0.012025631
423.936	0.0043237579	-5.8469793	-0.010119639
424.064	0.0042716854	-5.8470614	-0.011521257
424.192	0.0042545159	-5.8469621	-0.011030276
424.32	0.0043300891	-5.847019	-0.010852409
424.448	0.0043272066	-5.8468386	-0.012292596
424.576	0.0043187014	-5.8468147	-0.012123385
424.704	0.0042872273	-5.8468037	-0.011202924
424.832	0.0043588773	-5.8471265	-0.012116622
424.96	0.0042636497	-5.8468777	-0.012345211
425.088	0.0043205071	-5.8468862	-0.011721213
425.216	0.0043516519	-5.84704	-0.011833827
425.344	0.0043841444	-5.8468044	-0.010828021
425.472	0.0043668679	-5.8468872	-0.011026315
425.6	0.0044755	-5.8469525	-0.011997461
425.728	0.0044000706	-5.8467434	-0.0097802921
425.856	0.0044407217	-5.8468248	-0.0094671291
425.984	0.0044656684	-5.8468695	-0.01162246
426.112	0.0045212665	-5.8467518	-0.011662174
426.24	0.0044994924	-5.8466932	-0.010212386
426.368	0.0045378489	-5.8467651	-0.010134626
426.496	0.0045995228	-5.8468537	-0.010684426
426.624	0.0046188276	-5.846674	-0.011871546
426.752	0.0046382479	-5.8465023	-0.011470425
426.88	0.0046345096	-5.8464839	-0.0097970159
427.008	0.0047205256	-5.8466538	-0.0099883736
427.136	0.0046816764	-5.8465601	-0.010739274
427.264	0.0046224197	-5.8464056	-0.0096863692
427.392	0.0047332211	-5.8465712	-0.0095903726
427.52	0.0046922391	-5.8466158	-0.0090401409
427.648	0.0046501344	-5.8467076	-0.0097711029
427.776	0.0046942455	-5.8467573	-0.010639297
427.904	0.0047128928	-5.846728	-0.010844335
428.032	0.0046795968	-5.8466157	-0.010146991
428.16	0.0045867958	-5.8464967	-0.010348073
428.288	0.0046722557	-5.8465323	-0.010459395
428.416	0.0046521585	-5.8467225	-0.010426492
428.544	0.004654556	-5.8467869	-0.011224992
428.672	0.0046424955	-5.8469861	-0.0099506453
428.8	0.0045140543	-5.8467006	-0.0088194006
428.928	0.0045334619	-5.8465492	-0.010443735
429.056	0.0045493868	-5.8468564	-0.011720824
429.184	0.0045471693	-5.8467133	-0.011853289
429.312	0.0044278951	-5.8465371	-0.010122465
429.44	0.0044774859	-5.8467231	-0.0089194408
429.568	0.004396426	-5.8466938	-0.011425292
429.696	0.004453268	-5.8469908	-0.0127366
429.824	0.0043134524	-5.8469203	-0.011879573
429.952	0.0043108819	-5.8468745	-0.011865379
430.08	0.0043697042	-5.8470197	-0.013599655
430.208	0.0043228942	-5.8470414	-0.012524273
430.336	0.0043698394	-5.8467988	-0.011121659
430.464	0.0042987549	-5.8468703	-0.012202606
430.592	0.0043185985	-5.8469103	-0.011728667
430.72	0.0042573502	-5.8469143	-0.011489551
430.848	0.0043174376	-5.8469772	-0.010463279
430.976	0.00429568	-5.8470598	-0.0094329094
431.104	0.0043229263	-5.846939	-0.0090514957
431.232	0.0042920642	-5.8468239	-0.01036528
431.36	0.0043730557	-5.8469304	-0.011989009
431.488	0.0043240103	-5.8470982	-0.011640393
431.616	0.0043859674	-5.847009	-0.010996643
431.744	0.0044527112	-5.8469526	-0.011354274
431.872	0.0043598099	-5.8470137	-0.010888912
432	0.0044356704	-5.8469934	-0.010431242
432.128	0.0044389454	-5.8469068	-0.011248919
432.256	0.0044470908	-5.8468846	-0.011308645
432.384	0.0045604563	-5.8469617	-0.010832574
432.512	0.0044948841	-5.8467217	-0.01076953
432.64	0.0045803097	-5.8467773	-0.011585736
432.768	0.0045879808	-5.8466773	-0.0092399538
432.896	0.0046524168	-5.8467298	-0.010609204
433.024	0.0046852401	-5.8466191	-0.011252
433.152	0.0045886718	-5.8465195	-0.0098496106
433.28	0.0046956922	-5.8468551	-0.010216863
433.408	0.0046053218	-5.8464873	-0.010485884
433.536	0.0047289057	-5.8465704	-0.011082848
433.664	0.0046128121	-5.8464445	-0.011796853
433.792	0.0046860726	-5.8465831	-0.012011608
433.92	0.0047015175	-5.8466977	-0.011317694
434.048	0.0046547865	-5.846432	-0.010880937
434.176	0.0047537709	-5.8467047	-0.010014614
434.304	0.0046379638	-5.8466722	-0.0097711027
434.432	0.004648866	-5.8467389	-0.010517223
434.56	0.0047196	-5.8467683	-0.010772476
434.688	0.0045444247	-5.8466933	-0.010741429
434.816	0.0046304001	-5.8466452	-0.010599864
434.944	0.0045650205	-5.84657	-0.010352851
435.072	0.0046169698	-5.8466153	-0.011924159
435.2	0.0045236207	-5.8466626	-0.011430218
435.328	0.0044391403	-5.8467428	-0.01077003
435.456	0.0045352895	-5.8469146	-0.0097568339
435.584	0.0044310823	-5.8468446	-0.0093817519
435.712	0.0044726457	-5.8467238	-0.010653815
435.84	0.0045111687	-5.8466639	-0.011929937
435.968	0.0044298431	-5.8471572	-0.011919834
436.096	0.0043605023	-5.8468219	-0.0097575218
436.224	0.0043854114	-5.8468235	-0.010280125
436.352	0.0043675854	-5.8468807	-0.011538402
436.48	0.0043479125	-5.8468674	-0.011700733
436.608	0.0043602469	-5.8470856	-0.011582115
436.736	0.0042647279	-5.8468179	-0.010328551
436.864	0.004254819	-5.8468154	-0.011649466
436.992	0.0043012035	-5.8468901	-0.010854305
437.12	0.004353118	-5.8469733	-0.010236643
437.248	0.0043726367	-5.846801	-0.010711712
437.376	0.004297868	-5.8468976	-0.010999956
437.504	0.0043481569	-5.8472106	-0.011716235
437.632	0.0043441404	-5.8470871	-0.010843005
437.76	0.004286781	-5.8469796	-0.010933419
437.888	0.0044533503	-5.8471692	-0.011716126
438.016	0.0043570989	-5.8469954	-0.011411785
438.144	0.0044145654	-5.8469945	-0.012323797
438.272	0.0043226812	-5.846888	-0.010845607
438.4	0.0043962489	-5.8469666	-0.01105016
438.528	0.0045104315	-5.8470736	-0.012743099
438.656	0.0044704556	-5.8467791	-0.011791236
438.784	0.0045041038	-5.8467343	-0.012239981
438.912	0.0045964563	-5.8467993	-0.01150333
439.04	0.004595351	-5.8468887	-0.011190043
439.168	0.0045499779	-5.8466803	-0.01181818
439.296	0.0045915411	-5.8466871	-0.010864055
439.424	0.0046874301	-5.8467438	-0.0095017829
439.552	0.0046141902	-5.846655	-0.010990622
439.68	0.0046337913	-5.8466544	-0.011260684
439.808	0.0047569437	-5.8466044	-0.0095051406
439.936	0.0046433831	-5.8465951	-0.0098901586
440.064	0.0046827664	-5.8465723	-0.011920279
440.192	0.0047117182	-5.8465546	-0.011078887
440.32	0.0046634565	-5.8465416	-0.0088940657
440.448	0.0046778671	-5.846435	-0.0096827151
440.576	0.0046382269	-5.8464802	-0.008815435
440.704	0.0047358144	-5.8464078	-0.0089077629
440.832	0.0045907449	-5.8463507	-0.010104867
440.96	0.0046739215	-5.8465582	-0.010702824
441.088	0.0046390226	-5.8465877	-0.010270411
441.216	0.0046325022	-5.8467946	-0.0095700014
441.344	0.0045944826	-5.8470863	-0.010372056
441.472	0.0045552544	-5.8469789	-0.010859267
441.6	0.0045522717	-5.8469003	-0.010235109
441.728	0.0044905129	-5.8468147	-0.011413059
441.856	0.004437352	-5.8467184	-0.01325971
441.984	0.0044274889	-5.8468217	-0.010944875
442.112	0.0044767438	-5.8467826	-0.010648732
442.24	0.0044535796	-5.847009	-0.011351369
442.368	0.0043630536	-5.8470956	-0.011269488
442.496	0.0043716911	-5.8470505	-0.010473644
442.624	0.0043780868	-5.8468965	-0.0099755433
442.752	0.004327519	-5.8468396	-0.011545714
442.88	0.0043629902	-5.8469145	-0.012481428
443.008	0.0043148664	-5.8468769	-0.011424913
443.136	0.0042885141	-5.846902	-0.010448753
443.264	0.0042818457	-5.8470479	-0.011373377
443.392	0.0043024091	-5.8469593	-0.011080924
443.52	0.0043644643	-5.8468552	-0.012401102
443.648	0.0042925265	-5.847021	-0.012377235
443.776	0.0042961336	-5.8471722	-0.010620485
443.904	0.0043442833	-5.8470494	-0.011929213
444.032	0.0043636023	-5.8468412	-0.011484251
444.16	0.0043327526	-5.8468112	-0.010509403
444.288	0.0044213735	-5.8469891	-0.011086157
444.416	0.0043521363	-5.8469035	-0.011358227
444.544	0.0044403985	-5.8468462	-0.011191844
444.672	0.0044403695	-5.8467352	-0.011395701
444.8	0.0044979409	-5.846685	-0.012281838
444.928	0.0044541482	-5.8467971	-0.011094872
445.056	0.0045745835	-5.8467927	-0.0096482685
445.184	0.0045817732	-5.8468206	-0.009458653
445.312	0.0045395776	-5.8469026	-0.010447713
445.44	0.0045798829	-5.8468266	-0.0096536068
445.568	0.0046611035	-5.8468588	-0.009421726
445.696	0.0046147104	-5.8466277	-0.010924135
445.824	0.0046262124	-5.8464224	-0.0113345
445.952	0.0046508687	-5.8465134	-0.01106558
446.08	0.0047069532	-5.8464774	-0.011753656
446.208	0.004599356	-5.8462887	-0.01162466
446.336	0.00469578	-5.846429	-0.010569601
446.464	0.0046806919	-5.8465204	-0.0096664655
446.592	0.0048246347	-5.8466712	-0.010061286
446.72	0.0046507631	-5.8464015	-0.010019095
446.848	0.0046359258	-5.8465249	-0.010108802
446.976	0.0047147267	-5.8466175	-0.011644495
447.104	0.0047413503	-5.846613	-0.010645506
447.232	0.0046029804	-5.8465013	-0.0099465603
447.36	0.0045354198	-5.8464841	-0.01053133
447.488	0.0047225043	-5.8467012	-0.010767196
447.616	0.0045622713	-5.8466646	-0.010518455
447.744	0.0045372703	-5.846864	-0.010411542
447.872	0.0045579197	-5.8467802	-0.010873123
448	0.0045419629	-5.8466888	-0.011624448
448.128	0.0044886682	-5.8467144	-0.011784536
448.256	0.004473043	-5.8468614	-0.010024344
448.384	0.0044409354	-5.8470406	-0.009670401
448.512	0.0043745707	-5.8469368	-0.010391284
448.64	0.0044230565	-5.8467649	-0.011715978
448.768	0.0043375042	-5.846823	-0.011694278
448.896	0.0043628263	-5.8470433	-0.012513831
449.024	0.0043593411	-5.8470485	-0.011558686
449.152	0.0042940771	-5.84701	-0.011402855
449.28	0.0042961141	-5.8470701	-0.011279757
449.408	0.004300241	-5.8468711	-0.01006795
449.536	0.004282847	-5.8466303	-0.010383201
449.664	0.0043682114	-5.8468859	-0.011748172
449.792	0.0043336497	-5.8468307	-0.011649958
449.92	0.0043325979	-5.8468033	-0.010934592
450.048	0.0042973764	-5.846825	-0.01226406
450.176	0.0043153892	-5.8469547	-0.011271376
450.304	0.00432775	-5.8471522	-0.010132534
450.432	0.0043607862	-5.847082	-0.010558673
450.56	0.0042904661	-5.8468106	-0.011168023
450.688	0.0043962697	-5.8468675	-0.010774567
450.816	0.0044807969	-5.846816	-0.011108421
450.944	0.0044458973	-5.846643	-0.011572648
451.072	0.0044439069	-5.8467578	-0.010942697
451.2	0.0044919777	-5.8468452	-0.011770652
451.328	0.0045574292	-5.8467076	-0.011509078
451.456	0.0044925566	-5.8466131	-0.0097871079
451.584	0.0044883026	-5.8464218	-0.010023627
451.712	0.0046122473	-5.8463361	-0.0096079733
451.84	0.0045310384	-5.8462292	-0.0104198
451.968	0.0046269481	-5.8465246	-0.01092164
452.096	0.0045827093	-5.8463488	-0.0099013265
452.224	0.0047473197	-5.8467203	-0.010893232
452.352	0.0046980076	-5.8466201	-0.010184289
452.48	0.004622765	-5.8464727	-0.010803928
452.608	0.0046985549	-5.8465975	-0.011088451
452.736	0.004737364	-5.8466544	-0.011109325
452.864	0.0046673703	-5.8466893	-0.011290703
452.992	0.0046887999	-5.8466222	-0.010680059
453.12	0.0046699718	-5.8464097	-0.0090239643
453.248	0.0047192989	-5.8464017	-0.0093118408
453.376	0.0047400256	-5.8463578	-0.010768197
453.504	0.0046351806	-5.8464278	-0.010830466
453.632	0.0045935925	-5.8466487	-0.01177703
453.76	0.0046258502	-5.8466408	-0.011089719
453.888	0.0045637722	-5.8465563	-0.011110287
454.016	0.0045230621	-5.8466634	-0.011567021
454.144	0.0045371738	-5.8468698	-0.011214636
454.272	0.0045104079	-5.8466915	-0.011322323
454.4	0.0045318976	-5.8468965	-0.011808854
454.528	0.0045272772	-5.8467637	-0.010862138
454.656	0.0044197385	-5.846821	-0.010397666
454.784	0.0043875228	-5.8468634	-0.0090158106
454.912	0.0044341697	-5.8469543	-0.010573762
455.04	0.0043692904	-5.8467861	-0.011332464
455.168	0.004347255	-5.8467172	-0.011514537
455.296	0.0043560519	-5.8469574	-0.011100283
455.424	0.0043626856	-5.8468843	-0.011015076
455.552	0.004380861	-5.8470505	-0.012169902
455.68	0.0042701341	-5.8468734	-0.011465156
455.808	0.0043425837	-5.846822	-0.012052401
455.936	0.0042787523	-5.8468246	-0.00985805
456.064	0.004310867	-5.8468471	-0.010808829
456.192	0.00435887	-5.8469677	-0.012071913
456.32	0.0043268884	-5.8468777	-0.011516106
456.448	0.0042945661	-5.8468939	-0.01084306
456.576	0.0043255232	-5.846921	-0.009941996
456.704	0.0043201069	-5.8467943	-0.010741973
456.832	0.0043221329	-5.8468792	-0.010074772
456.96	0.0043705371	-5.8467461	-0.010763458
457.088	0.004381625	-5.8466365	-0.010056385
457.216	0.004449249	-5.8468965	-0.010924185
457.344	0.0045074236	-5.8468981	-0.012779598
457.472	0.004485978	-5.8466702	-0.010722828
457.6	0.0044609169	-5.8465676	-0.010920958
457.728	0.0045849262	-5.8467395	-0.011218705
457.856	0.0045335409	-5.8466025	-0.0098855143
457.984	0.0046041669	-5.846538	-0.010083097
458.112	0.0045909279	-5.8467506	-0.010625719
458.24	0.0045586639	-5.8468823	-0.010690932
458.368	0.0046477785	-5.8467524	-0.011037817
458.496	0.0046022441	-5.8465759	-0.011275717
458.624	0.004673592	-5.8466833	-0.012330863
458.752	0.0046509319	-5.8466327	-0.011538592
458.88	0.0047011514	-5.8465171	-0.010562319
459.008	0.0046783459	-5.846484	-0.010020118
459.136	0.0046684645	-5.8466745	-0.0088302868
459.264	0.0047456169	-5.8466794	-0.0097672565
459.392	0.0046866053	-5.846621	-0.0095495889
459.52	0.0046562565	-5.8463977	-0.0095475588
459.648	0.0046661219	-5.8465147	-0.010186657
459.776	0.0046337666	-5.8464551	-0.011010826
459.904	0.0046675066	-5.8465917	-0.011124645
460.032	0.0045773097	-5.8466885	-0.010127737
460.16	0.004529892	-5.8465519	-0.0096800467
460.288	0.0045943848	-5.8466411	-0.0098924642
460.416	0.0045446371	-5.8466373	-0.010143915
460.544	0.0045124533	-5.8466016	-0.0098453918
460.672	0.0045350495	-5.846803	-0.010624091
460.8	0.0045590587	-5.8467694	-0.011503568
460.928	0.0044064653	-5.8467039	-0.013312327
461.056	0.0044484943	-5.846858	-0.011222922
461.184	0.0043306782	-5.8468401	-0.011030365
461.312	0.0044348978	-5.8471711	-0.012368307
461.44	0.0043394578	-5.8469462	-0.011259817
461.568	0.0043323495	-5.8470003	-0.011357666
461.696	0.0043384684	-5.8470628	-0.012305991
461.824	0.0043321646	-5.8470566	-0.011519001
461.952	0.0043568669	-5.8471326	-0.01107921
462.08	0.0043236337	-5.846922	-0.01206478
462.208	0.0043079614	-5.8468858	-0.01213858
462.336	0.0042668301	-5.8467715	-0.011300692
462.464	0.0043530024	-5.8468054	-0.010595522
462.592	0.0043249545	-5.846864	-0.010648176
462.72	0.0042893626	-5.8468636	-0.010939754
462.848	0.0043590954	-5.8467114	-0.011924805
462.976	0.0043798466	-5.846803	-0.012008793
463.104	0.0043524507	-5.8468699	-0.01037241
463.232	0.0043855333	-5.8467785	-0.010941871
463.36	0.0044443161	-5.8467647	-0.010591686
463.488	0.0044145548	-5.8467573	-0.010745817
463.616	0.0043964793	-5.8466716	-0.011558593
463.744	0.0044585711	-5.8468678	-0.010438251
463.872	0.0045513742	-5.8467263	-0.011737446
464	0.0045131175	-5.8467281	-0.011806582
464.128	0.0045206709	-5.8466043	-0.011183143
464.256	0.0046328961	-5.8465431	-0.0097106069
464.384	0.0046273862	-5.846623	-0.010227138
464.512	0.0044970512	-5.846563	-0.01155339
464.64	0.0046240558	-5.8466874	-0.010367791
464.768	0.0046637133	-5.8466031	-0.010364003
464.896	0.0046477551	-5.8465382	-0.011924791
465.024	0.0047020577	-5.8465583	-0.010942132
465.152	0.0047228063	-5.8466302	-0.0090545953
465.28	0.0046387743	-5.8464689	-0.010364338
465.408	0.0046670034	-5.8464951	-0.011481776
465.536	0.0047636159	-5.8465264	-0.010473716
465.664	0.0046862198	-5.846642	-0.0094222986
465.792	0.0046651324	-5.8465317	-0.0098952897
465.92	0.0046326523	-5.8464726	-0.010925146
466.048	0.0046719783	-5.8465649	-0.010970565
466.176	0.0046143464	-5.8467378	-0.01024012
466.304	0.0046882851	-5.8465872	-0.010421221
466.432	0.0045744563	-5.8465472	-0.010456793
466.56	0.0045609318	-5.846568	-0.011953776
466.688	0.0045057038	-5.8465127	-0.0110213
466.816	0.0045790773	-5.846917	-0.010057499
466.944	0.0045070533	-5.8468156	-0.010161887
467.072	0.0044313728	-5.8468404	-0.0098301805
467.2	0.0045081408	-5.846775	-0.01203294
467.328	0.0044566373	-5.8468039	-0.011714021
467.456	0.0044576318	-5.8468411	-0.01168053
467.584	0.0043968296	-5.8468042	-0.011644144
467.712	0.0044129076	-5.8469247	-0.010273301
467.84	0.0043374834	-5.8465785	-0.0099461268
467.968	0.0043002149	-5.8467494	-0.011612464
468.096	0.0043674793	-5.846903	-0.012121402
468.224	0.0043017597	-5.8468067	-0.011242941
468.352	0.0043476768	-5.8469367	-0.010990123
468.48	0.0042953913	-5.8468006	-0.011270961
468.608	0.0042982893	-5.8469139	-0.012493271
468.736	0.0043536193	-5.8469246	-0.012795107
468.864	0.0042805866	-5.8469319	-0.010978794
468.992	0.0043302988	-5.8468923	-0.011226422
469.12	0.0043193623	-5.8469582	-0.010571299
469.248	0.0043461442	-5.846936	-0.010698333
469.376	0.0043781339	-5.8469325	-0.010730352
469.504	0.0043531841	-5.8468815	-0.010276264
469.632	0.0043839452	-5.8469189	-0.01061581
469.76	0.0044550767	-5.8467883	-0.01118059
469.888	0.0044592153	-5.8469315	-0.011684707
470.016	0.0044618646	-5.8467936	-0.01013421
470.144	0.0045183648	-5.8468657	-0.010964084
470.272	0.0044299375	-5.8465806	-0.010868759
470.4	0.0045989038	-5.8468399	-0.010845862
470.528	0.0045295553	-5.8466116	-0.011146984
470.656	0.0045806034	-5.8465789	-0.010629338
470.784	0.0045887575	-5.8463987	-0.010249939
470.912	0.0046533897	-5.8466178	-0.0094097349
471.04	0.0046179667	-5.8465127	-0.0097848701
471.168	0.0046600256	-5.8466199	-0.011902261
471.296	0.0047090103	-5.8467586	-0.010137135
471.424	0.0046154025	-5.8466778	-0.0098279359
471.552	0.0048111268	-5.846938	-0.010472661
471.68	0.0046440967	-5.846467	-0.0096200953
471.808	0.0046327333	-5.8465394	-0.010174038
471.936	0.0046118807	-5.846561	-0.0093099371
472.064	0.0047507484	-5.8466308	-0.010894725
472.192	0.0047815237	-5.8468518	-0.011839248
472.32	0.0045889373	-5.8466385	-0.0097152907
472.448	0.0047171323	-5.8468473	-0.0097853837
472.576	0.0046023385	-5.8465637	-0.0093040439
472.704	0.0045654865	-5.8466224	-0.0102644
472.832	0.0046595293	-5.8467501	-0.010388632
472.96	0.0045706815	-5.8467971	-0.010812871
473.088	0.0044672471	-5.8467056	-0.01096599
473.216	0.0045439711	-5.8467716	-0.010580688
473.344	0.0044973529	-5.8467948	-0.011242502
473.472	0.0044554472	-5.8466444	-0.010867928
473.6	0.0044217996	-5.8468505	-0.010974222
473.728	0.0043655073	-5.8467107	-0.010319563
473.856	0.00442665	-5.8469454	-0.01053424
473.984	0.0043589642	-5.8467924	-0.010916566
474.112	0.0044247798	-5.846876	-0.012215126
474.24	0.0042910128	-5.8467472	-0.011214979
474.368	0.0043023438	-5.8466925	-0.011385011
474.496	0.0043374723	-5.8470052	-0.012483122
474.624	0.0043382831	-5.8471058	-0.011978254
474.752	0.00432725	-5.8471196	-0.011730302
474.88	0.0042983587	-5.847012	-0.011482974
475.008	0.004276265	-5.8469933	-0.01192714
475.136	0.0043292069	-5.8471738	-0.011774931
475.264	0.004346138	-5.8471218	-0.011940603
475.392	0.0043295129	-5.8469932	-0.011582978
475.52	0.0043015208	-5.8466668	-0.011968052
475.648	0.0043277757	-5.8469012	-0.010926108
475.776	0.0044032094	-5.847054	-0.011198924
475.904	0.0043647195	-5.8468421	-0.010887277
476.032	0.0044535294	-5.8467673	-0.011179741
476.16	0.0043881593	-5.8466611	-0.011231906
476.288	0.0044773159	-5.8466179	-0.010822869
476.416	0.0045071403	-5.846668	-0.012128913
476.544	0.0044738956	-5.8465375	-0.011778844
476.672	0.0045365933	-5.8465717	-0.010841666
476.8	0.004534208	-5.8467793	-0.010553745
476.928	0.0045701639	-5.8465572	-0.011839413
477.056	0.0046903282	-5.8465698	-0.011658
477.184	0.0045850939	-5.8464597	-0.0092770572
477.312	0.0045985293	-5.846352	-0.0096626891
477.44	0.0046883728	-5.8463847	-0.0090867038
477.568	0.0046857167	-5.8467172	-0.011062186
477.696	0.0046849195	-5.8466672	-0.0096200411
477.824	0.0046632081	-5.8467697	-0.0090425557
477.952	0.0046553773	-5.8467207	-0.01075197
478.08	0.0047232685	-5.8465729	-0.01007681
478.208	0.0046904572	-5.8465087	-0.0098576201
478.336	0.0046773918	-5.8465172	-0.010055388
478.464	0.0046861397	-5.8464506	-0.010763785
478.592	0.0046655327	-5.8464727	-0.010108906
478.72	0.0046303575	-5.8465412	-0.0085337367
478.848	0.0046764796	-5.8466919	-0.010851028
478.976	0.004551538	-5.8465135	-0.010615755
479.104	0.0045807733	-5.846754	-0.01057207
479.232	0.0045849098	-5.8469244	-0.011442241
479.36	0.0045043886	-5.8468546	-0.011450422
479.488	0.0045518233	-5.8468301	-0.012877105
479.616	0.0045107045	-5.8467275	-0.012795928
479.744	0.0044685321	-5.8470425	-0.010554704
479.872	0.0044916094	-5.8470632	-0.010886414
480	0.0043858941	-5.8469442	-0.01005118
480.128	0.0043606043	-5.8468421	-0.010905001
480.256	0.004358634	-5.846918	-0.012550404
480.384	0.0044310595	-5.8467715	-0.011305558
480.512	0.0043039531	-5.8467986	-0.011417867
480.64	0.0043446564	-5.8469734	-0.010479187
480.768	0.0043210277	-5.8471853	-0.0092576374
480.896	0.0043711271	-5.8471221	-0.010007462
481.024	0.004316848	-5.846736	-0.010677681
481.152	0.0042890996	-5.8467612	-0.010902973
481.28	0.0043468968	-5.846898	-0.010764975
481.408	0.0042210405	-5.8467994	-0.0098103361
481.536	0.0042780391	-5.8469744	-0.010113623
481.664	0.0043576932	-5.8469561	-0.012773481
481.792	0.0043224977	-5.8468554	-0.012950928
481.92	0.0043753069	-5.8469541	-0.011883408
482.048	0.0043214451	-5.8469095	-0.011413557
482.176	0.0043749422	-5.8469911	-0.01083723
482.304	0.0043512809	-5.8469907	-0.011351982
482.432	0.0044306806	-5.8469966	-0.01070207
482.56	0.0045132068	-5.8469288	-0.011029992
482.688	0.0045232801	-5.8468571	-0.011850882
482.816	0.0045035322	-5.846719	-0.011139442
482.944	0.0044988511	-5.8466422	-0.010323492
483.072	0.0044741259	-5.8465187	-0.010524242
483.2	0.004590794	-5.8467188	-0.010392597
483.328	0.0045872709	-5.8468	-0.0097349167
483.456	0.0045679839	-5.8466266	-0.011292416
483.584	0.0046443089	-5.8466223	-0.01134643
483.712	0.0046755607	-5.8466194	-0.0099348863
483.84	0.004607075	-5.8465218	-0.0098846257
483.968	0.0047274296	-5.8465855	-0.011463977
484.096	0.0046770927	-5.8465873	-0.010084014
484.224	0.0046863122	-5.8464742	-0.0094845178
484.352	0.0047728671	-5.8465755	-0.010606655
484.48	0.0047252025	-5.8465506	-0.011252536
484.608	0.0046570554	-5.8464188	-0.011051859
484.736	0.0047259073	-5.846686	-0.010064901
484.864	0.0045759983	-5.8463928	-0.0092807934
484.992	0.0046757455	-5.8465531	-0.0092445322
485.12	0.0045935769	-5.8465827	-0.0096688131
485.248	0.0046639766	-5.846569	-0.010426838
485.376	0.0046030139	-5.8465964	-0.010419508
485.504	0.0045950975	-5.84668	-0.011098682
485.632	0.0046080758	-5.8466799	-0.011021611
485.76	0.0044765598	-5.8465931	-0.0095782565
485.888	0.0044969776	-5.846766	-0.010546114
486.016	0.0044404518	-5.8466151	-0.01158825
486.144	0.0044505175	-5.8468317	-0.011779837
486.272	0.0044201251	-5.8471506	-0.013001548
486.4	0.004417511	-5.8470437	-0.011238628
486.528	0.0043856477	-5.8469427	-0.010376354
486.656	0.0043343205	-5.8469853	-0.011685763
486.784	0.0043410524	-5.8470388	-0.011671058
486.912	0.0043431864	-5.846934	-0.012550139
487.04	0.0043720531	-5.8469297	-0.012134499
487.168	0.004332768	-5.846997	-0.011590543
487.296	0.0042855141	-5.8470552	-0.011040055
487.424	0.0043563874	-5.847007	-0.01144207
487.552	0.0042293917	-5.8466587	-0.010978411
487.68	0.0042726558	-5.8469246	-0.010776538
487.808	0.0042963184	-5.8468428	-0.011019996
487.936	0.0043964583	-5.8468547	-0.011572098
488.064	0.0043531746	-5.8467561	-0.010936973
488.192	0.00434116	-5.8467584	-0.011646299
488.32	0.0043482041	-5.8469432	-0.011059979
488.448	0.0044150636	-5.8468992	-0.0098147238
488.576	0.0043207175	-5.8466624	-0.011046069
488.704	0.004437498	-5.8468465	-0.011220405
488.832	0.004446106	-5.8468781	-0.010410961
488.96	0.0045125028	-5.8467524	-0.010426888
489.088	0.0044841052	-5.8468759	-0.010674108
489.216	0.0044786097	-5.8468123	-0.0096411678
489.344	0.0045163055	-5.8465307	-0.010244026
489.472	0.004533609	-5.8465181	-0.011909695
489.6	0.004611164	-5.8466326	-0.010743372
489.728	0.004701856	-5.8465734	-0.010124042
489.856	0.0046137988	-5.846546	-0.010367459
489.984	0.0046247964	-5.8466585	-0.010959064
490.112	0.0046815006	-5.846695	-0.010424305
490.24	0.0047312982	-5.8467905	-0.010364202
490.368	0.0047282349	-5.8469423	-0.011057788
490.496	0.0046749877	-5.846692	-0.011062469
490.624	0.0047244917	-5.8468292	-0.011140333
490.752	0.0046462279	-5.8465992	-0.010591912
490.88	0.004679005	-5.8465984	-0.0095102164
491.008	0.004711846	-5.8465158	-0.010873318
491.136	0.0046030382	-5.8462565	-0.011008894
491.264	0.0047033415	-5.8464103	-0.010338717
491.392	0.0046953896	-5.8464531	-0.010415328
491.52	0.0046436819	-5.8465744	-0.010732206
491.648	0.0045596626	-5.8465983	-0.011498556
491.776	0.0045827614	-5.8466386	-0.012540827
491.904	0.0045487984	-5.8467222	-0.011025492
492.032	0.0045229165	-5.8465034	-0.0096519038
492.16	0.0045343502	-5.8466902	-0.0097476897
492.288	0.004470631	-5.8467831	-0.009901147
492.416	0.004437172	-5.8467467	-0.009892873
492.544	0.0044215972	-5.8467779	-0.010458702
492.672	0.004400537	-5.8466939	-0.010596594
492.8	0.0043578791	-5.8467532	-0.011243769
492.928	0.0043949145	-5.8471769	-0.011206239
493.056	0.00434285	-5.8470145	-0.0099394693
493.184	0.0043776529	-5.8470373	-0.01106979
493.312	0.0043463222	-5.8469425	-0.011574462
493.44	0.0043386038	-5.8468936	-0.0099204236
493.568	0.0043039743	-5.84684	-0.010887125
493.696	0.0043311369	-5.8469954	-0.013173958
493.824	0.004310012	-5.8471061	-0.012867936
493.952	0.0042610176	-5.8470389	-0.013525638
494.08	0.0043191675	-5.8469655	-0.011510285
494.208	0.0043900383	-5.8470993	-0.0111512
494.336	0.0043080316	-5.847015	-0.011998429
494.464	0.0043454827	-5.8469376	-0.011997524
494.592	0.0043486077	-5.8468955	-0.011874842
494.72	0.0043634444	-5.847088	-0.011838273
494.848	0.0043918342	-5.8469601	-0.011419869
494.976	0.0043537489	-5.8467622	-0.011076815
495.104	0.0044311499	-5.846756	-0.011188166
495.232	0.0045310097	-5.8465831	-0.010985128
495.36	0.0045455849	-5.8467654	-0.011004548
495.488	0.00449192	-5.8466747	-0.010178225
495.616	0.0045968789	-5.8469809	-0.010288109
495.744	0.0045736762	-5.8466732	-0.010733859
495.872	0.0045870742	-5.8464701	-0.010155128
496	0.0045818195	-5.8466134	-0.0090913114
496.128	0.0045110847	-5.8464578	-0.0081384687
496.256	0.0047265891	-5.8468195	-0.0095576982
496.384	0.0047194834	-5.846587	-0.011319887
496.512	0.004623931	-5.8464214	-0.010697155
496.64	0.0046926968	-5.8464809	-0.010462029
496.768	0.0047011364	-5.8467187	-0.010758955
496.896	0.0047034649	-5.8466459	-0.011388717
497.024	0.0047074835	-5.8466456	-0.011377603
497.152	0.0047113876	-5.8464749	-0.0096422467
497.28	0.0046795362	-5.8465082	-0.0091053107
497.408	0.0046902061	-5.8464692	-0.0093851063
497.536	0.0047173389	-5.8465967	-0.010555797
497.664	0.0046175218	-5.846678	-0.010032729
497.792	0.0046626247	-5.8466811	-0.010952475
497.92	0.0046167422	-5.8464821	-0.0097637945
498.048	0.00450703	-5.8467999	-0.010435997
498.176	0.0045002058	-5.8467517	-0.01178352
498.304	0.0045301998	-5.8467454	-0.010170583
498.432	0.004503171	-5.8467582	-0.011138064
498.56	0.0045214512	-5.8467371	-0.011955086
498.688	0.0044699068	-5.8467947	-0.010357992
498.816	0.0044411513	-5.8467109	-0.011374527
498.944	0.0043833587	-5.8469397	-0.011585889
499.072	0.0043600655	-5.8469071	-0.010971755
499.2	0.0044095606	-5.8466822	-0.010748955
499.328	0.0043816392	-5.8468364	-0.012045371
499.456	0.0043969399	-5.8470812	-0.010903308
499.584	0.0043818529	-5.8470263	-0.010598263
499.712	0.004328919	-5.8468264	-0.011470125
499.84	0.004314118	-5.84684	-0.011708035
499.968	0.0043239152	-5.8470817	-0.012673546
