0	0.0090892254	-5.8485722	-0.03351609
0.128	0.0092235226	-5.8488334	-0.032871471
0.256	0.0092749366	-5.8489157	-0.033078696
0.384	0.0090726803	-5.848519	-0.03250475
0.512	0.0090535736	-5.8484195	-0.032397202
0.64	0.0093039618	-5.8489481	-0.034272956
0.768	0.0091144527	-5.84872	-0.031965383
0.896	0.0092381381	-5.8487398	-0.033255716
1.024	0.0091715773	-5.8486747	-0.033349237
1.152	0.0093572807	-5.849005	-0.034000477
1.28	0.0092510074	-5.8491299	-0.035844321
1.408	0.0092770176	-5.8492598	-0.035042043
1.536	0.00908969	-5.8490442	-0.033130938
1.664	0.0090837566	-5.8492771	-0.033946108
1.792	0.0092131246	-5.8492467	-0.034626045
1.92	0.0089572917	-5.8491007	-0.036138746
2.048	0.0089737848	-5.8491778	-0.036687997
2.176	0.0088101604	-5.8491702	-0.036448636
2.304	0.0091440517	-5.8498811	-0.037119879
2.432	0.0088177135	-5.8496677	-0.035613831
2.56	0.0088260325	-5.8497142	-0.036031757
2.688	0.0087638018	-5.8498185	-0.035283187
2.816	0.0089510263	-5.8499892	-0.035918084
2.944	0.0087590749	-5.8498906	-0.037081457
3.072	0.0086984555	-5.8498326	-0.038526819
3.2	0.0088049948	-5.8499045	-0.038579772
3.328	0.0086455978	-5.8500004	-0.035992665
3.456	0.0085263339	-5.8496839	-0.035304883
3.584	0.0087664291	-5.8500131	-0.036629751
3.712	0.0086171622	-5.8499206	-0.035683161
3.84	0.008780108	-5.8500357	-0.035622723
3.968	0.0087051892	-5.8498667	-0.03545332
4.096	0.0086441073	-5.8498595	-0.036178954
4.224	0.0088972914	-5.8503144	-0.037578522
4.352	0.0087617341	-5.8503247	-0.036500254
4.48	0.0087647008	-5.8500761	-0.036713804
4.608	0.0087170454	-5.8499883	-0.036726296
4.736	0.0089182311	-5.850168	-0.035514236
4.864	0.0088296283	-5.8502861	-0.033695713
4.992	0.0087868229	-5.8497445	-0.03294894
5.12	0.0088428903	-5.8497696	-0.03455572
5.248	0.0089376593	-5.8498509	-0.03576939
5.376	0.0090516403	-5.8499691	-0.033355117
5.504	0.0091623044	-5.8496377	-0.033371354
5.632	0.0091295003	-5.8497702	-0.037717638
5.76	0.0092427488	-5.8498309	-0.037594395
5.888	0.0093230601	-5.8496385	-0.038187081
6.016	0.0093599339	-5.8497085	-0.039167014
6.144	0.0091764726	-5.8497696	-0.035559467
6.272	0.0091090484	-5.8497269	-0.034727254
6.4	0.0093581169	-5.8497052	-0.036894044
6.528	0.0091990413	-5.8494625	-0.037126894
6.656	0.0092419659	-5.8494656	-0.03692835
6.784	0.0094333261	-5.8498256	-0.036103317
6.912	0.0093960858	-5.849687	-0.036640277
7.04	0.0092656353	-5.8493973	-0.036441467
7.168	0.0092525409	-5.8494756	-0.034956603
7.296	0.0092081444	-5.8493782	-0.034160945
7.424	0.0092677929	-5.8497047	-0.034526646
7.552	0.0093322504	-5.8499159	-0.035022335
7.68	0.0092444568	-5.8497703	-0.037344771
7.808	0.0092531266	-5.849819	-0.038640908
7.936	0.0091807169	-5.8500169	-0.038229147
8.064	0.0091602787	-5.8500432	-0.039375192
8.192	0.0091315919	-5.8501956	-0.040543401
8.32	0.0089313	-5.8500734	-0.039493835
8.448	0.0089237972	-5.849989	-0.03887558
8.576	0.0090592975	-5.8501713	-0.040599639
8.704	0.0088693309	-5.850122	-0.04041036
8.832	0.0089878934	-5.8502528	-0.03964759
8.96	0.0089834471	-5.8506594	-0.038985819
9.088	0.0089142341	-5.8506166	-0.038191009
9.216	0.0088288839	-5.8506942	-0.038399566
9.344	0.0088105432	-5.8504758	-0.039837011
9.472	0.0087431449	-5.8504757	-0.039188503
9.6	0.008676109	-5.850492	-0.039444695
9.728	0.0088017671	-5.8508494	-0.040147364
9.856	0.0087228762	-5.8509158	-0.04045893
9.984	0.0086101405	-5.8507752	-0.040596882
10.112	0.0088117333	-5.8509493	-0.041093102
10.24	0.0087828183	-5.8508685	-0.042449634
10.368	0.0087671222	-5.8509617	-0.043463219
10.496	0.0088047626	-5.851124	-0.042190579
10.624	0.0087701481	-5.8510214	-0.042892186
10.752	0.0087742537	-5.8508341	-0.044277322
10.88	0.0087518862	-5.8508357	-0.041720601
11.008	0.0088552873	-5.8508998	-0.041894823
11.136	0.0088253329	-5.8508305	-0.041281818
11.264	0.0087855465	-5.850914	-0.039944492
11.392	0.0087298986	-5.8508878	-0.039878949
11.52	0.0087684392	-5.8508124	-0.040577594
11.648	0.0088411297	-5.8509776	-0.040170592
11.776	0.0088777939	-5.8508546	-0.039326273
11.904	0.0088211388	-5.8504843	-0.040384834
12.032	0.0089393047	-5.8505159	-0.039462414
12.16	0.0089671576	-5.8505386	-0.038306044
12.288	0.0091171462	-5.8508683	-0.039600232
12.416	0.0092412425	-5.8509247	-0.039510239
12.544	0.0094247594	-5.8510193	-0.041001076
12.672	0.0094946995	-5.8511414	-0.041527149
12.8	0.0095842144	-5.8510694	-0.040554004
12.928	0.0096775331	-5.8513446	-0.040530839
13.056	0.009866095	-5.8516337	-0.041951253
13.184	0.0096767687	-5.8514534	-0.041709733
13.312	0.0098601621	-5.851671	-0.042445215
13.44	0.009742193	-5.8517025	-0.042720225
13.568	0.0096960674	-5.8516007	-0.042233953
13.696	0.0096039595	-5.8514654	-0.042319796
13.824	0.0093228953	-5.8514759	-0.040967661
13.952	0.0093769402	-5.8516903	-0.043722297
14.08	0.0094027193	-5.851935	-0.044477818
14.208	0.0092309414	-5.8523134	-0.043664139
14.336	0.0090836756	-5.8522508	-0.044460324
14.464	0.0089231583	-5.8523321	-0.044779274
14.592	0.0087171241	-5.8523019	-0.043917107
14.72	0.0085948366	-5.8522395	-0.04527775
14.848	0.0086099217	-5.8524142	-0.045229962
14.976	0.0086297925	-5.8527763	-0.045313344
15.104	0.00848925	-5.8527863	-0.045941499
15.232	0.0083480732	-5.8524897	-0.046067035
15.36	0.0083558594	-5.8525588	-0.047633393
15.488	0.0082315911	-5.8523587	-0.04622534
15.616	0.0082875682	-5.8525662	-0.046606531
15.744	0.0082598975	-5.8527983	-0.046871964
15.872	0.0082083256	-5.8529925	-0.046608806
16	0.0082657778	-5.8528777	-0.045376943
16.128	0.0082651094	-5.8528512	-0.045846218
16.256	0.0083174899	-5.8529768	-0.046234506
16.384	0.0082189493	-5.852739	-0.042603528
16.512	0.0084114916	-5.852785	-0.042882281
16.64	0.0083949232	-5.8527171	-0.044202871
16.768	0.0083004449	-5.8523344	-0.04486428
16.896	0.0084169728	-5.8524534	-0.043810399
17.024	0.008626742	-5.8524432	-0.044991706
17.152	0.0086824778	-5.8524131	-0.044384409
17.28	0.00881718	-5.8524389	-0.045683618
17.408	0.0089913658	-5.8522687	-0.045540241
17.536	0.0090936745	-5.8522198	-0.044345427
17.664	0.0091778832	-5.8521171	-0.041893941
17.792	0.0090694118	-5.8515633	-0.040486543
17.92	0.0092757041	-5.8518343	-0.043690115
18.048	0.0095420099	-5.8522138	-0.044112415
18.176	0.0093352076	-5.8516291	-0.040840041
18.304	0.0094692373	-5.8515125	-0.040770655
18.432	0.0096766444	-5.851461	-0.042910285
18.56	0.009656033	-5.8515072	-0.041875634
18.688	0.0097707577	-5.8512917	-0.042531706
18.816	0.0097596494	-5.8511934	-0.042792016
18.944	0.0096594847	-5.8511466	-0.043453359
19.072	0.0097408162	-5.8510648	-0.042204314
19.2	0.009988965	-5.8515547	-0.042908707
19.328	0.0098092051	-5.8513055	-0.042662348
19.456	0.0095763754	-5.8509195	-0.041904331
19.584	0.0097839026	-5.8514395	-0.042518604
19.712	0.0098492372	-5.8515621	-0.043096022
19.84	0.0098456889	-5.8516612	-0.043623688
19.968	0.0097269243	-5.851746	-0.042936023
20.096	0.0095426004	-5.8518347	-0.042815176
20.224	0.0094877158	-5.8518298	-0.043355277
20.352	0.0094295325	-5.8519878	-0.045120385
20.48	0.009265891	-5.8519745	-0.044333562
20.608	0.0090291513	-5.8519016	-0.043748195
20.736	0.0089336248	-5.8519088	-0.044471309
20.864	0.0087217057	-5.8522431	-0.044261347
20.992	0.0087169207	-5.8522446	-0.042524549
21.12	0.0085592575	-5.8523827	-0.04170752
21.248	0.0084571152	-5.8524714	-0.042685793
21.376	0.0083665864	-5.85248	-0.043642376
21.504	0.0082971566	-5.8529401	-0.045126394
21.632	0.0081518107	-5.8530211	-0.046169163
21.76	0.0081788327	-5.8529228	-0.04727984
21.888	0.0080355064	-5.8530152	-0.046884579
22.016	0.0081340124	-5.8529076	-0.046420579
22.144	0.0081537616	-5.8532447	-0.045728347
22.272	0.008321487	-5.8533469	-0.047242257
22.4	0.008135107	-5.8530494	-0.048239351
22.528	0.0082335625	-5.8531703	-0.048476744
22.656	0.0081998998	-5.853243	-0.047668855
22.784	0.0083300649	-5.8533956	-0.047332589
22.912	0.0084174351	-5.8535345	-0.046092279
23.04	0.0083430653	-5.8531156	-0.045197606
23.168	0.0084237839	-5.8529834	-0.045652661
23.296	0.0084192255	-5.8526566	-0.045220952
23.424	0.00862364	-5.8528026	-0.045856752
23.552	0.0087455395	-5.8527418	-0.047172898
23.68	0.0088475654	-5.852667	-0.044611795
23.808	0.0089197617	-5.8523938	-0.043859537
23.936	0.0090021082	-5.8521898	-0.045559179
24.064	0.0090089387	-5.851829	-0.043863211
24.192	0.0091046625	-5.8516149	-0.041315757
24.32	0.0094008007	-5.8517048	-0.042755369
24.448	0.009376502	-5.8515358	-0.042307782
24.576	0.009554171	-5.8517993	-0.041709513
24.704	0.0096721127	-5.851724	-0.04133192
24.832	0.0097476775	-5.8516435	-0.040120803
24.96	0.0098786712	-5.8514386	-0.038574667
25.088	0.010073063	-5.8516194	-0.040307441
25.216	0.010083725	-5.8513525	-0.041411642
25.344	0.0099812908	-5.8515271	-0.04075834
25.472	0.010011426	-5.8515308	-0.040738393
25.6	0.0097894609	-5.8510849	-0.039939275
25.728	0.0098378987	-5.8510147	-0.039642109
25.856	0.0098893112	-5.8514656	-0.039751592
25.984	0.0096023114	-5.8511053	-0.042649712
26.112	0.0095915248	-5.8511957	-0.042253698
26.24	0.0096892028	-5.8515352	-0.040933075
26.368	0.0095887034	-5.8516878	-0.042221882
26.496	0.0093363665	-5.8514664	-0.041738209
26.624	0.0092067755	-5.8515563	-0.042589855
26.752	0.0091920831	-5.8518703	-0.045004595
26.88	0.009029716	-5.8520169	-0.043187611
27.008	0.0090680704	-5.8524337	-0.043499366
27.136	0.0087777218	-5.8521495	-0.04431251
27.264	0.0088549454	-5.8526055	-0.045277492
27.392	0.0086845833	-5.8524894	-0.044018732
27.52	0.008534703	-5.852493	-0.044551831
27.648	0.0085065496	-5.8527939	-0.046043994
27.776	0.0084238252	-5.8529634	-0.046027424
27.904	0.0082960811	-5.8529366	-0.047281391
28.032	0.008176998	-5.8529208	-0.047293031
28.16	0.0083408503	-5.8531326	-0.048670444
28.288	0.0082650002	-5.8531221	-0.048981872
28.416	0.0081118124	-5.8531353	-0.047360881
28.544	0.0081595786	-5.8532484	-0.047470622
28.672	0.0082561385	-5.8535662	-0.046142552
28.8	0.0081029457	-5.8530841	-0.044794711
28.928	0.0081613366	-5.8531829	-0.046187381
29.056	0.0081088194	-5.8528587	-0.045710315
29.184	0.0082463481	-5.852988	-0.045713937
29.312	0.0082066694	-5.8530399	-0.04437064
29.44	0.0085088888	-5.8531663	-0.044149843
29.568	0.0083777035	-5.853127	-0.045957082
29.696	0.0086037061	-5.852988	-0.045473976
29.824	0.0087369007	-5.8528226	-0.0437785
29.952	0.00861439	-5.852212	-0.044155298
30.08	0.0089000393	-5.8524929	-0.04296201
30.208	0.009039574	-5.8523082	-0.041636002
30.336	0.0090451177	-5.8521362	-0.043978355
30.464	0.0090718806	-5.8517241	-0.043915533
30.592	0.0093862707	-5.8517255	-0.041409357
30.72	0.0092753625	-5.8515312	-0.039551204
30.848	0.0094697171	-5.8516019	-0.040672609
30.976	0.0097238059	-5.8516592	-0.043965096
31.104	0.0098468143	-5.8517825	-0.044611861
31.232	0.009695407	-5.8513697	-0.04227252
31.36	0.0099036971	-5.8516007	-0.044632369
31.488	0.0098450584	-5.8514958	-0.043115618
31.616	0.0099347294	-5.851494	-0.04280941
31.744	0.0099064511	-5.8514113	-0.043240267
31.872	0.0097117886	-5.8511863	-0.03959881
32	0.0097743351	-5.8510629	-0.039481448
32.128	0.0098920687	-5.8510984	-0.039619016
32.256	0.0097392503	-5.8510892	-0.041396611
32.384	0.0097957539	-5.8513322	-0.041710903
32.512	0.0097518685	-5.8516897	-0.041952074
32.64	0.0097934561	-5.8516844	-0.044474645
32.768	0.0093800483	-5.8515195	-0.044342591
32.896	0.0094437377	-5.8518764	-0.044611745
33.024	0.0093206946	-5.8521333	-0.044147557
33.152	0.0090842452	-5.8521507	-0.043676808
33.28	0.0089986803	-5.8523219	-0.041973211
33.408	0.0089730531	-5.8525448	-0.042612606
33.536	0.0088784987	-5.8525548	-0.044151461
33.664	0.0087059449	-5.8524662	-0.044268622
33.792	0.0085509149	-5.8524815	-0.047460232
33.92	0.0084933981	-5.8526926	-0.047522467
34.048	0.0084559513	-5.8528662	-0.045591779
34.176	0.0085064856	-5.8529536	-0.04608314
34.304	0.0082999204	-5.8531045	-0.046474863
34.432	0.008233005	-5.8528011	-0.044921803
34.56	0.0082410816	-5.852851	-0.045639086
34.688	0.0081486799	-5.8529395	-0.045614867
34.816	0.0081208941	-5.8529074	-0.045916625
34.944	0.0081244305	-5.8531024	-0.04489606
35.072	0.0080717064	-5.8527823	-0.043966784
35.2	0.0081798131	-5.8528623	-0.043905432
35.328	0.0083138419	-5.8529575	-0.044904648
35.456	0.0081145106	-5.8529063	-0.046117813
35.584	0.0083565313	-5.8530801	-0.044846859
35.712	0.0084227754	-5.8528423	-0.043843899
35.84	0.0083680338	-5.852354	-0.04397894
35.968	0.0085340373	-5.8525693	-0.044183599
36.096	0.0084950899	-5.8525305	-0.044301074
36.224	0.0086481609	-5.8525476	-0.04552729
36.352	0.0086903596	-5.8522147	-0.044452564
36.48	0.0089006538	-5.8522771	-0.042444675
36.608	0.0090803294	-5.8522831	-0.044174613
36.736	0.009272504	-5.8523516	-0.044582189
36.864	0.0091947999	-5.8520197	-0.042080914
36.992	0.0093255945	-5.8516817	-0.043182402
37.12	0.0096516042	-5.8519613	-0.042533452
37.248	0.0096133611	-5.8517142	-0.04128281
37.376	0.0094553525	-5.851532	-0.039964015
37.504	0.0097970219	-5.8516544	-0.042169327
37.632	0.0099162687	-5.8516237	-0.041977349
37.76	0.0099118165	-5.8514618	-0.041506384
37.888	0.0099754079	-5.8514792	-0.042945457
38.016	0.0098586147	-5.8510855	-0.042029933
38.144	0.0099072057	-5.8510943	-0.039597212
38.272	0.0099716623	-5.8514035	-0.040541652
38.4	0.009867045	-5.8514344	-0.042945672
38.528	0.0097288174	-5.8512285	-0.043968598
38.656	0.0097462112	-5.8511691	-0.042457687
38.784	0.0096707434	-5.8513818	-0.041810914
38.912	0.0097323354	-5.8517972	-0.044193471
39.04	0.0095014566	-5.8516846	-0.04130854
39.168	0.0092108315	-5.8515647	-0.040911167
39.296	0.0094422802	-5.8520754	-0.043358271
39.424	0.0092894085	-5.8521611	-0.043796248
39.552	0.009037371	-5.8519772	-0.043914684
39.68	0.0088599737	-5.8519369	-0.043012219
39.808	0.0088788536	-5.8520711	-0.045580649
39.936	0.0086467667	-5.8522413	-0.044317228
40.064	0.0086868695	-5.8522716	-0.04208005
40.192	0.0085477364	-5.8525748	-0.04319005
40.32	0.0085788939	-5.8528652	-0.044734016
40.448	0.0085204458	-5.8529926	-0.044157487
40.576	0.0081729566	-5.8527285	-0.043061667
40.704	0.0084822141	-5.853103	-0.046153397
40.832	0.0081542383	-5.8530223	-0.047486089
40.96	0.0081804439	-5.8531682	-0.047703036
41.088	0.0081693869	-5.8534847	-0.046130325
41.216	0.0080239982	-5.8530651	-0.046332681
41.344	0.0081627678	-5.8531116	-0.047135029
41.472	0.0080793394	-5.8530543	-0.047319
41.6	0.008098809	-5.8529524	-0.047601928
41.728	0.0083211395	-5.8530641	-0.046020257
41.856	0.008243839	-5.8529785	-0.04298476
41.984	0.0083829684	-5.8530822	-0.043617146
42.112	0.0083480076	-5.85296	-0.045384058
42.24	0.0084058642	-5.8528358	-0.045590094
42.368	0.0085865392	-5.8527511	-0.045686272
42.496	0.008659561	-5.8527233	-0.045900243
42.624	0.0088880424	-5.8527135	-0.04716462
42.752	0.0089213732	-5.8522375	-0.043830422
42.88	0.0090441171	-5.8523108	-0.042513487
43.008	0.0089671687	-5.851974	-0.042536928
43.136	0.0092166745	-5.8519066	-0.042351789
43.264	0.0094747452	-5.851852	-0.042514001
43.392	0.0095890723	-5.8517229	-0.042028971
43.52	0.0095114408	-5.851584	-0.04333279
43.648	0.0096135596	-5.8515638	-0.043207426
43.776	0.0096643704	-5.8513392	-0.042151636
43.904	0.0096533799	-5.8513084	-0.040443571
44.032	0.0098834345	-5.8516083	-0.042880229
44.16	0.0098220567	-5.8512365	-0.042623979
44.288	0.010042857	-5.8512099	-0.040543822
44.416	0.0098001147	-5.8508837	-0.041670124
44.544	0.009683955	-5.8509143	-0.042251661
44.672	0.0097605476	-5.8512768	-0.043745008
44.8	0.0098755991	-5.851601	-0.042366076
44.928	0.010048813	-5.851734	-0.041335052
45.056	0.0096484698	-5.8515961	-0.041928173
45.184	0.0096492805	-5.8516015	-0.041808733
45.312	0.0095642076	-5.8516442	-0.043740671
45.44	0.0094737409	-5.8516647	-0.042832955
45.568	0.0092776385	-5.8516996	-0.040524085
45.696	0.0092378781	-5.851871	-0.040586266
45.824	0.0091632416	-5.8520009	-0.041178443
45.952	0.0090621179	-5.8522061	-0.042928149
46.08	0.0090043618	-5.8524575	-0.043553326
46.208	0.0088442415	-5.8524631	-0.042463399
46.336	0.0086211158	-5.8522591	-0.043417328
46.464	0.0085739516	-5.8524657	-0.043959798
46.592	0.0087275884	-5.8527907	-0.045255872
46.72	0.008367123	-5.8525784	-0.046103699
46.848	0.0083429174	-5.852785	-0.045752628
46.976	0.008346466	-5.8528896	-0.046632897
47.104	0.0080356938	-5.8527609	-0.045144195
47.232	0.0082453481	-5.8531604	-0.046221939
47.36	0.0082276085	-5.8532676	-0.047044955
47.488	0.008176157	-5.8531821	-0.046487707
47.616	0.0081738264	-5.853195	-0.046417281
47.744	0.0080962593	-5.8532374	-0.046006278
47.872	0.0081635483	-5.8532079	-0.045434655
48	0.0081991654	-5.8532059	-0.044405738
48.128	0.0082437866	-5.8531398	-0.044611106
48.256	0.0081729729	-5.8528558	-0.045921856
48.384	0.0082965479	-5.8527062	-0.045977777
48.512	0.0084914571	-5.8528521	-0.044952615
48.64	0.0085762789	-5.8526021	-0.043899537
48.768	0.0086770306	-5.8526004	-0.044607001
48.896	0.008761768	-5.8522578	-0.045697312
49.024	0.0088040044	-5.8521913	-0.042888845
49.152	0.0089282897	-5.852294	-0.044216667
49.28	0.0091741731	-5.8522398	-0.045260762
49.408	0.0092663416	-5.8521095	-0.044642358
49.536	0.0092622832	-5.8517656	-0.04477406
49.664	0.00941332	-5.8518641	-0.042656495
49.792	0.0095675512	-5.85195	-0.043704339
49.92	0.0094398391	-5.8515614	-0.041952358
50.048	0.0097424829	-5.8517205	-0.040493552
50.176	0.0096157335	-5.8512545	-0.041472767
50.304	0.0098044898	-5.8510922	-0.040286567
50.432	0.0098270404	-5.8513111	-0.040607727
50.56	0.0099709522	-5.8513435	-0.042425536
50.688	0.0098673053	-5.8513765	-0.04307583
50.816	0.0099198715	-5.8514067	-0.043950648
50.944	0.0097948394	-5.8511233	-0.043955716
51.072	0.0098297941	-5.8513184	-0.042966445
51.2	0.0097967389	-5.8514228	-0.040936875
51.328	0.0097573928	-5.851478	-0.04101074
51.456	0.0094627447	-5.8514207	-0.041302601
51.584	0.0097701963	-5.8519683	-0.043416324
51.712	0.0094925237	-5.8520277	-0.041601248
51.84	0.0092892466	-5.8519341	-0.040945073
51.968	0.0093118003	-5.8520456	-0.043188394
52.096	0.0093662917	-5.8521828	-0.044770567
52.224	0.0090002269	-5.852133	-0.044248597
52.352	0.0089378938	-5.8521789	-0.04360829
52.48	0.0088792167	-5.8525045	-0.044121901
52.608	0.0086271199	-5.8524533	-0.042071198
52.736	0.0086834376	-5.8525872	-0.043877911
52.864	0.0085446916	-5.8526857	-0.047392534
52.992	0.0085160881	-5.8530167	-0.04643083
53.12	0.0083256921	-5.8527479	-0.046101118
53.248	0.0082124232	-5.8529506	-0.04763585
53.376	0.0082109449	-5.8529896	-0.04691565
53.504	0.008285622	-5.853073	-0.045311831
53.632	0.0082069407	-5.8529699	-0.046203547
53.76	0.0082448333	-5.8532199	-0.04650248
53.888	0.0081579374	-5.853019	-0.044962499
54.016	0.0082162644	-5.8531622	-0.046197277
54.144	0.0081858896	-5.8530118	-0.046979026
54.272	0.0081463349	-5.8529296	-0.047196737
54.4	0.0082071817	-5.8528606	-0.045934192
54.528	0.0082921932	-5.8530339	-0.046376828
54.656	0.008294993	-5.8528924	-0.045218419
54.784	0.0083697205	-5.8528	-0.044307755
54.912	0.0085692437	-5.852833	-0.045842528
55.04	0.0087840431	-5.852688	-0.045338811
55.168	0.0086281756	-5.8525549	-0.045209239
55.296	0.0089094975	-5.8526063	-0.045968629
55.424	0.0089007232	-5.8523933	-0.043942864
55.552	0.0090409233	-5.8521257	-0.045199619
55.68	0.0090687107	-5.8520611	-0.043764822
55.808	0.0092671352	-5.8522369	-0.043485264
55.936	0.0094794172	-5.8521006	-0.042719893
56.064	0.0093666153	-5.8517939	-0.04045731
56.192	0.0096197857	-5.851751	-0.04133815
56.32	0.0096823265	-5.8515721	-0.040978435
56.448	0.0098389377	-5.851534	-0.04076409
56.576	0.009678029	-5.8511461	-0.040226552
56.704	0.0099148914	-5.8514884	-0.041314365
56.832	0.0099994695	-5.8514584	-0.04376944
56.96	0.0097604275	-5.8511916	-0.041698622
57.088	0.0099743051	-5.8513887	-0.042561279
57.216	0.009798378	-5.8511964	-0.04242126
57.344	0.0098362816	-5.8513276	-0.041734133
57.472	0.0098248137	-5.8514668	-0.040290454
57.6	0.0097678574	-5.8513555	-0.042947431
57.728	0.009656638	-5.8514476	-0.043521556
57.856	0.0095328794	-5.8512984	-0.042429787
57.984	0.0096657804	-5.851618	-0.04377285
58.112	0.0093220783	-5.8517835	-0.042191142
58.24	0.0095025952	-5.852181	-0.044427722
58.368	0.0091225347	-5.85194	-0.043090254
58.496	0.0092021904	-5.8519946	-0.043175461
58.624	0.0089406976	-5.8521418	-0.044302084
58.752	0.0087658489	-5.85214	-0.043206146
58.88	0.0088028085	-5.8523369	-0.044175928
59.008	0.008663292	-5.8525327	-0.045037379
59.136	0.0086277107	-5.8527619	-0.044241299
59.264	0.008529243	-5.8525676	-0.04516054
59.392	0.0083703517	-5.8526322	-0.044533231
59.52	0.0082194982	-5.8528481	-0.044834935
59.648	0.0082950676	-5.8533401	-0.045634669
59.776	0.0081764026	-5.8529796	-0.046299053
59.904	0.0083176389	-5.8532362	-0.047876618
60.032	0.0081315526	-5.8531228	-0.046449343
60.16	0.0081628149	-5.8531173	-0.044885391
60.288	0.0081332815	-5.8530172	-0.044963657
60.416	0.0080728696	-5.852763	-0.044288743
60.544	0.0082118724	-5.8530303	-0.044489491
60.672	0.008249421	-5.8531162	-0.044147439
60.8	0.008271946	-5.8530824	-0.043525293
60.928	0.0083737096	-5.8530183	-0.046276875
61.056	0.0083633886	-5.8528009	-0.045425423
61.184	0.0085671686	-5.8528043	-0.044700504
61.312	0.0087499512	-5.8528154	-0.046141501
61.44	0.0085788156	-5.8522564	-0.044931248
61.568	0.0087770366	-5.8520872	-0.045243184
61.696	0.008836365	-5.8521057	-0.045654014
61.824	0.0090490096	-5.8521798	-0.045850492
61.952	0.0091042217	-5.8518328	-0.044437726
62.08	0.0093350568	-5.8518811	-0.044974319
62.208	0.0090854093	-5.8516287	-0.041741746
62.336	0.0093578349	-5.8515872	-0.040766643
62.464	0.009593432	-5.851733	-0.041189349
62.592	0.0094734345	-5.8515226	-0.040761387
62.72	0.0098782987	-5.8516264	-0.041958622
62.848	0.0097142279	-5.8513416	-0.040894288
62.976	0.0099032609	-5.8516156	-0.042706108
63.104	0.0099274805	-5.8514213	-0.042392997
63.232	0.0097548231	-5.8511915	-0.041226492
63.36	0.0099646418	-5.8512171	-0.041771071
63.488	0.0097745111	-5.8511609	-0.043035484
63.616	0.010012378	-5.8515766	-0.042801722
63.744	0.0098620677	-5.8514318	-0.041916378
63.872	0.0097700962	-5.8513801	-0.040767569
64	0.0096991843	-5.851219	-0.041303569
64.128	0.0096977678	-5.8513931	-0.044526213
64.256	0.0095520882	-5.8516494	-0.041893344
64.384	0.009544319	-5.8517471	-0.041430472
64.512	0.0091625239	-5.8515851	-0.040926496
64.64	0.0092735435	-5.8519603	-0.043140464
64.768	0.009144993	-5.8518622	-0.043127301
64.896	0.0089405122	-5.8519852	-0.04246212
65.024	0.008900918	-5.8523516	-0.042479265
65.152	0.0088853041	-5.8526696	-0.04455822
65.28	0.0088144026	-5.8526485	-0.045077273
65.408	0.0085012706	-5.8524578	-0.046417088
65.536	0.0085427506	-5.852713	-0.047069082
65.664	0.0084804608	-5.8526708	-0.04646083
65.792	0.008339418	-5.8527897	-0.046338548
65.92	0.0083688515	-5.8525587	-0.045846102
66.048	0.0081085864	-5.8525307	-0.044700672
66.176	0.0082214043	-5.8529665	-0.04645352
66.304	0.0081219613	-5.8531328	-0.047299061
66.432	0.0081754772	-5.8531194	-0.044842512
66.56	0.0081145282	-5.8527675	-0.04587221
66.688	0.0081677574	-5.8528068	-0.045542377
66.816	0.0081573854	-5.8530026	-0.044314299
66.944	0.008245096	-5.8531257	-0.045113044
67.072	0.0082911027	-5.8531157	-0.044587846
67.2	0.0083397275	-5.8529647	-0.045379071
67.328	0.0083583983	-5.8528432	-0.046868998
67.456	0.008471044	-5.8529356	-0.0432154
67.584	0.0085246016	-5.8528346	-0.042618284
67.712	0.0085672826	-5.8527619	-0.043440914
67.84	0.0087624184	-5.8528583	-0.04603169
67.968	0.0089289559	-5.8527347	-0.044845306
68.096	0.008933987	-5.8522501	-0.043088034
68.224	0.0089460792	-5.8522004	-0.044284779
68.352	0.0091204415	-5.8517303	-0.045264959
68.48	0.0093314102	-5.8521955	-0.045194653
68.608	0.0094654255	-5.8519821	-0.043423577
68.736	0.0094594227	-5.8515644	-0.041700262
68.864	0.009590332	-5.8516016	-0.041186995
68.992	0.0097206954	-5.8514692	-0.041910919
69.12	0.0099057587	-5.8513977	-0.042915732
69.248	0.0098529742	-5.8512139	-0.041270436
69.376	0.0096470521	-5.8510429	-0.039320632
69.504	0.00997008	-5.8513109	-0.041106277
69.632	0.0098721269	-5.8510911	-0.041143172
69.76	0.0097960579	-5.8508142	-0.041044563
69.888	0.0099283851	-5.8513996	-0.042350245
70.016	0.0098916568	-5.8516341	-0.043069379
70.144	0.009879941	-5.8517157	-0.042489794
70.272	0.0098141045	-5.8515814	-0.042971848
70.4	0.0096688215	-5.8515354	-0.04461392
70.528	0.0095547375	-5.8513279	-0.04312615
70.656	0.0094640949	-5.8515629	-0.040007505
70.784	0.0093441235	-5.8516018	-0.040358754
70.912	0.0093176852	-5.8518766	-0.043302027
71.04	0.0092405047	-5.8521061	-0.043742488
71.168	0.0090849677	-5.8523015	-0.04393251
71.296	0.0088646664	-5.8521208	-0.044802002
71.424	0.0089211514	-5.8523469	-0.044381857
71.552	0.0086375214	-5.8523321	-0.042893342
71.68	0.008749338	-5.8529273	-0.0450083
71.808	0.008517498	-5.8526523	-0.044821605
71.936	0.0085376943	-5.8528932	-0.044791009
72.064	0.0084171425	-5.8529109	-0.045290021
72.192	0.0082536484	-5.8527865	-0.045562285
72.32	0.0081145411	-5.8526437	-0.045870448
72.448	0.008235876	-5.853159	-0.046231652
72.576	0.008253227	-5.8531066	-0.046429279
72.704	0.0080735858	-5.8529882	-0.046711451
72.832	0.008140682	-5.8529878	-0.045735428
72.96	0.0081634935	-5.8532055	-0.046271946
73.088	0.008291755	-5.8533171	-0.046820218
73.216	0.0080425235	-5.8532464	-0.045335325
73.344	0.0082972333	-5.8530218	-0.046579116
73.472	0.0082797785	-5.852785	-0.046588643
73.6	0.0084868226	-5.8528941	-0.044878501
73.728	0.0083880079	-5.8526478	-0.043539904
73.856	0.0084743329	-5.8522462	-0.044616956
73.984	0.0087032178	-5.8527396	-0.044511274
74.112	0.0087562725	-5.8524837	-0.044213455
74.24	0.0087741038	-5.8521839	-0.042940562
74.368	0.0088594793	-5.8522197	-0.044938699
74.496	0.0089901788	-5.8519833	-0.042300923
74.624	0.0092369726	-5.8522059	-0.042840441
74.752	0.0091452743	-5.8517826	-0.043084561
74.88	0.0092186226	-5.8514149	-0.040954196
75.008	0.0094919188	-5.851442	-0.041651399
75.136	0.0095039361	-5.8513904	-0.041058253
75.264	0.0097067875	-5.8518002	-0.040989304
75.392	0.0097293406	-5.8515301	-0.041827011
75.52	0.0096882174	-5.8514138	-0.041916451
75.648	0.010015373	-5.8518979	-0.041463942
75.776	0.0096862221	-5.851455	-0.038107329
75.904	0.00999516	-5.851583	-0.040873551
76.032	0.0097879584	-5.851359	-0.041121453
76.16	0.0098974429	-5.8513063	-0.041725464
76.288	0.0099608706	-5.8512123	-0.041878419
76.416	0.009702931	-5.851342	-0.040050118
76.544	0.0097057801	-5.851433	-0.040846401
76.672	0.0096586169	-5.8512571	-0.040523381
76.8	0.0097172622	-5.8517176	-0.042908469
76.928	0.0095575465	-5.851602	-0.042250643
77.056	0.0094113462	-5.8516846	-0.041703777
77.184	0.0093150855	-5.851814	-0.042598382
77.312	0.0091484066	-5.8516446	-0.043832663
77.44	0.0092303651	-5.8519499	-0.044427687
77.568	0.00896975	-5.8520784	-0.044981849
77.696	0.0090207511	-5.8525265	-0.044489767
77.824	0.0086529091	-5.852431	-0.042234322
77.952	0.0086607358	-5.8525168	-0.044823137
78.08	0.0086557927	-5.8528402	-0.048700778
78.208	0.0082999087	-5.8527168	-0.04562375
78.336	0.0083123278	-5.8531159	-0.042890649
78.464	0.0085589393	-5.8532228	-0.046949159
78.592	0.0082340885	-5.8529606	-0.046313438
78.72	0.0081375417	-5.8530366	-0.043833034
78.848	0.0082009508	-5.8531405	-0.046345338
78.976	0.008204132	-5.8532716	-0.046191335
79.104	0.008068626	-5.8530633	-0.044563946
79.232	0.0082754573	-5.8532086	-0.046342918
79.36	0.008081273	-5.8529343	-0.046647435
79.488	0.0081536524	-5.8531386	-0.044780381
79.616	0.0083310268	-5.8527899	-0.044587418
79.744	0.0082931016	-5.8528928	-0.046792306
79.872	0.0083139013	-5.8528305	-0.047105123
80	0.0083308639	-5.8527931	-0.045437903
80.128	0.0085264673	-5.8527779	-0.046392958
80.256	0.0084304878	-5.8522587	-0.044533829
80.384	0.0086076358	-5.8522301	-0.041991483
80.512	0.0088227622	-5.8525318	-0.042966595
80.64	0.0088377356	-5.8523318	-0.044561116
80.768	0.008961837	-5.8520684	-0.045884855
80.896	0.0091045079	-5.8521504	-0.04507062
81.024	0.0092372733	-5.8521857	-0.043981341
81.152	0.0092397706	-5.8516642	-0.043806353
81.28	0.0096207483	-5.8518375	-0.043202351
81.408	0.0094255573	-5.8514214	-0.041210535
81.536	0.0094947435	-5.8516587	-0.04066754
81.664	0.0097887967	-5.8516651	-0.042367839
81.792	0.0097035352	-5.8512577	-0.042745207
81.92	0.0098181428	-5.8513947	-0.042473121
82.048	0.009859869	-5.8514849	-0.0425728
82.176	0.0099412414	-5.8515062	-0.040229014
82.304	0.0099114255	-5.8514591	-0.041469335
82.432	0.0097654937	-5.8514121	-0.042585294
82.56	0.01003288	-5.8517198	-0.041847935
82.688	0.0097983129	-5.8512389	-0.04141901
82.816	0.0098741126	-5.8514609	-0.042903646
82.944	0.0097129054	-5.85135	-0.043565394
83.072	0.0095521061	-5.8514395	-0.043703845
83.2	0.0094323436	-5.851523	-0.044197981
83.328	0.0094861483	-5.85175	-0.042842036
83.456	0.0093733135	-5.8517344	-0.043234271
83.584	0.0092060971	-5.8519866	-0.043306792
83.712	0.0091375944	-5.8520249	-0.042517191
83.84	0.0090639504	-5.8521196	-0.043757828
83.968	0.0089076319	-5.8521088	-0.043505161
84.096	0.0088756315	-5.8525463	-0.045167854
84.224	0.0086433246	-5.8525025	-0.044101005
84.352	0.0086141781	-5.8526832	-0.044562325
84.48	0.0083907021	-5.8527373	-0.045537833
84.608	0.0084050236	-5.8527035	-0.044471511
84.736	0.0084260399	-5.852678	-0.044403365
84.864	0.0081560469	-5.852632	-0.045460853
84.992	0.0081951557	-5.8526111	-0.045076655
85.12	0.0082771043	-5.8527256	-0.044083322
85.248	0.0080436277	-5.8527104	-0.044272324
85.376	0.0082402047	-5.8530192	-0.045847969
85.504	0.0080708745	-5.8528175	-0.045263543
85.632	0.0081704717	-5.8529203	-0.043938127
85.76	0.0082791728	-5.8530312	-0.044520735
85.888	0.0081770068	-5.8530937	-0.045444382
86.016	0.0083438347	-5.8532477	-0.046917584
86.144	0.0083342362	-5.8531106	-0.045652183
86.272	0.0083021982	-5.8527179	-0.043813309
86.4	0.008357419	-5.8526509	-0.043537947
86.528	0.0086527136	-5.8527285	-0.042711052
86.656	0.0087167113	-5.8525698	-0.043151854
86.784	0.0088604887	-5.8526967	-0.044830033
86.912	0.008687099	-5.8524033	-0.044230413
87.04	0.0091092277	-5.8522356	-0.042796306
87.168	0.0090087103	-5.8521544	-0.043357193
87.296	0.0092218127	-5.8520012	-0.045540212
87.424	0.0092756729	-5.8516944	-0.044852559
87.552	0.0093751281	-5.8518591	-0.042936078
87.68	0.0093245979	-5.8516106	-0.044273871
87.808	0.0096340749	-5.8520326	-0.046847932
87.936	0.009592914	-5.8518197	-0.042081616
88.064	0.0098385809	-5.8514349	-0.040784143
88.192	0.0097438853	-5.8511359	-0.042044162
88.32	0.0098410795	-5.851271	-0.042391377
88.448	0.0098653315	-5.8514846	-0.042958027
88.576	0.0099640923	-5.8516276	-0.043000018
88.704	0.0099447302	-5.8514196	-0.041958947
88.832	0.0099071008	-5.8512746	-0.041437732
88.96	0.0097870303	-5.8513535	-0.039632393
89.088	0.0097030183	-5.851338	-0.039289628
89.216	0.0097209273	-5.8515748	-0.04206328
89.344	0.0097397484	-5.8515915	-0.042470868
89.472	0.0095076222	-5.8516606	-0.041822348
89.6	0.0094520717	-5.851959	-0.043820871
89.728	0.0093268119	-5.8518854	-0.043149096
89.856	0.0090979669	-5.8519866	-0.041425419
89.984	0.0093193942	-5.8523478	-0.043914045
90.112	0.0090268314	-5.8524139	-0.044229021
90.24	0.0088829955	-5.852656	-0.044375558
90.368	0.0089150518	-5.8525573	-0.044248112
90.496	0.0088235872	-5.852578	-0.043397235
90.624	0.0086436044	-5.8530175	-0.045495148
90.752	0.0083941013	-5.852851	-0.04535191
90.88	0.0082863109	-5.8528068	-0.046628264
91.008	0.0084970257	-5.8530738	-0.047220188
91.136	0.0083886793	-5.8531139	-0.047315718
91.264	0.0082434089	-5.8531008	-0.047402579
91.392	0.0082154156	-5.8529737	-0.045101197
91.52	0.0082409658	-5.8530213	-0.045757482
91.648	0.0081589433	-5.8529049	-0.046784132
91.776	0.0082930359	-5.8531606	-0.047101911
91.904	0.0080214614	-5.8528519	-0.046735542
92.032	0.0082769287	-5.8529041	-0.047608578
92.16	0.0081742487	-5.8529569	-0.046575025
92.288	0.0082660155	-5.8530855	-0.046903354
92.416	0.0083284931	-5.853097	-0.046023028
92.544	0.0084316198	-5.8530209	-0.045982296
92.672	0.0084365863	-5.8529806	-0.044663963
92.8	0.0084807655	-5.8531427	-0.046148524
92.928	0.0085094087	-5.8526217	-0.044849616
93.056	0.0086869688	-5.8527353	-0.042069752
93.184	0.0089489237	-5.8526536	-0.043014663
93.312	0.0089340651	-5.8524956	-0.044519331
93.44	0.0088862563	-5.8525341	-0.044675462
93.568	0.0093008748	-5.8525087	-0.044015136
93.696	0.0091562408	-5.8519527	-0.043059661
93.824	0.0093198696	-5.851815	-0.04332839
93.952	0.0094807328	-5.8516973	-0.040525333
94.08	0.009590077	-5.8516697	-0.038282108
94.208	0.0096688232	-5.8514867	-0.039580507
94.336	0.0098920236	-5.8517964	-0.042253318
94.464	0.0098308292	-5.8515825	-0.042585071
94.592	0.0098520736	-5.85127	-0.041293453
94.72	0.0098245094	-5.8510249	-0.041039945
94.848	0.0099571082	-5.8514579	-0.041556491
94.976	0.0097083899	-5.8510066	-0.04194278
95.104	0.0098492152	-5.8512845	-0.043152502
95.232	0.0096827196	-5.8511938	-0.043777923
95.36	0.0099461093	-5.8516389	-0.043771479
95.488	0.0097055967	-5.8514077	-0.042989053
95.616	0.0096020404	-5.8515047	-0.041347122
95.744	0.0095646458	-5.8517353	-0.041070268
95.872	0.0095431297	-5.8519138	-0.041869118
96	0.0093590042	-5.851702	-0.04009667
96.128	0.0091453632	-5.8518128	-0.042035809
96.256	0.0092750875	-5.8522168	-0.044164358
96.384	0.0091667164	-5.8522725	-0.044080413
96.512	0.0090134952	-5.8523507	-0.044199899
96.64	0.0088978146	-5.8524652	-0.044140435
96.768	0.0087286947	-5.8525933	-0.044325267
96.896	0.0086234979	-5.8528091	-0.044898203
97.024	0.008514385	-5.8527034	-0.045122305
97.152	0.0085762592	-5.8528694	-0.045139032
97.28	0.0084464069	-5.8531611	-0.044689064
97.408	0.0081666993	-5.8530145	-0.045647421
97.536	0.0083393749	-5.8530788	-0.047313979
97.664	0.0081901389	-5.853371	-0.045232857
97.792	0.0081693072	-5.8532843	-0.045155693
97.92	0.0080695214	-5.8532994	-0.045616371
98.048	0.0082305503	-5.8531916	-0.046301329
98.176	0.0082743606	-5.8532914	-0.046792793
98.304	0.0079496668	-5.8529336	-0.047282343
98.432	0.0082677584	-5.8530926	-0.046957844
98.56	0.0081855386	-5.8528789	-0.04874258
98.688	0.0083065341	-5.8529798	-0.047965207
98.816	0.0084117589	-5.8530979	-0.045331705
98.944	0.0085403865	-5.8530139	-0.046597647
99.072	0.0084084835	-5.852749	-0.046514629
99.2	0.0086033872	-5.8528368	-0.045543092
99.328	0.0086641213	-5.8525936	-0.043258621
99.456	0.0087946273	-5.8524365	-0.04388825
99.584	0.0088481158	-5.8521775	-0.042973792
99.712	0.0090160322	-5.8521875	-0.043343188
99.84	0.0090989137	-5.8519613	-0.043977816
99.968	0.0092238486	-5.8517851	-0.044203106
100.096	0.009269812	-5.8516124	-0.04249608
100.224	0.0095164115	-5.8517651	-0.042692613
100.352	0.0096027651	-5.8517678	-0.043476242
100.48	0.0096052942	-5.8516254	-0.041605395
100.608	0.0097312193	-5.8516807	-0.043971408
100.736	0.0096925771	-5.8515261	-0.043523329
100.864	0.0099354648	-5.8516507	-0.041317777
100.992	0.0099421087	-5.8513881	-0.041088212
101.12	0.009781791	-5.8511761	-0.039773711
101.248	0.0099145165	-5.8512811	-0.041849413
101.376	0.0098316334	-5.8507605	-0.041654977
101.504	0.0097927283	-5.8512575	-0.041204145
101.632	0.0099297001	-5.8516849	-0.041435415
101.76	0.0097664731	-5.8516797	-0.041459385
101.888	0.0095790886	-5.8513902	-0.042046162
102.016	0.0096201393	-5.851647	-0.041673741
102.144	0.009684839	-5.8520314	-0.043889058
102.272	0.0093660207	-5.8518445	-0.04270121
102.4	0.0093059634	-5.8518429	-0.041196858
102.528	0.009234329	-5.8524061	-0.042491902
102.656	0.0091598382	-5.852265	-0.041665844
102.784	0.009056333	-5.8525386	-0.044051034
102.912	0.00884352	-5.8524954	-0.044571197
103.04	0.008640039	-5.8522563	-0.04332129
103.168	0.0087315337	-5.8526743	-0.044632891
103.296	0.0086711845	-5.8527694	-0.043881626
103.424	0.0083850931	-5.852605	-0.044826203
103.552	0.0083532475	-5.8528353	-0.044567955
103.68	0.0083067992	-5.853	-0.045069098
103.808	0.0082666216	-5.8530825	-0.04435618
103.936	0.00819419	-5.8531165	-0.044152789
104.064	0.0081500537	-5.8529353	-0.046945554
104.192	0.0080983129	-5.853135	-0.046051096
104.32	0.0082139165	-5.8530589	-0.047169949
104.448	0.0079572896	-5.8528937	-0.044875974
104.576	0.0082841399	-5.8532656	-0.045346503
104.704	0.0082155588	-5.8529913	-0.04640919
104.832	0.0081358567	-5.8528542	-0.046197573
104.96	0.0084221409	-5.853044	-0.045823492
105.088	0.0083189818	-5.8530197	-0.044351834
105.216	0.0085028488	-5.8530519	-0.044836848
105.344	0.0083729358	-5.8523805	-0.043791419
105.472	0.0085042176	-5.8526714	-0.04468846
105.6	0.0088356535	-5.8528979	-0.045960577
105.728	0.0088179529	-5.8525426	-0.046111987
105.856	0.0089952107	-5.8523855	-0.045178549
105.984	0.0088689904	-5.8520259	-0.043110737
106.112	0.0090411413	-5.8519881	-0.042869594
106.24	0.0092830883	-5.8519727	-0.043421286
106.368	0.0092737907	-5.8521664	-0.042222
106.496	0.0093963206	-5.8519602	-0.041722042
106.624	0.0094831832	-5.8516722	-0.044335305
106.752	0.0095902386	-5.8515596	-0.044437721
106.88	0.0097269794	-5.8515562	-0.042508672
107.008	0.0098659699	-5.8515562	-0.040618592
107.136	0.0098622901	-5.8514956	-0.039819296
107.264	0.0096548611	-5.8514237	-0.040346506
107.392	0.010042409	-5.8518011	-0.04088938
107.52	0.0099445018	-5.8513256	-0.040765506
107.648	0.01001949	-5.8517551	-0.041869016
107.776	0.0097549253	-5.8513673	-0.041771423
107.904	0.0099046397	-5.8515949	-0.044326517
108.032	0.0095959038	-5.8515009	-0.042438621
108.16	0.0096692526	-5.851428	-0.041270936
108.288	0.0097879238	-5.8516625	-0.042806243
108.416	0.0094352521	-5.8516499	-0.042213681
108.544	0.0095502618	-5.8519998	-0.043743059
108.672	0.009357088	-5.8519604	-0.042596937
108.8	0.009149535	-5.8522694	-0.04309777
108.928	0.009200497	-5.8525892	-0.043736296
109.056	0.0089285146	-5.8525033	-0.045429868
109.184	0.0089998484	-5.8525887	-0.044756679
109.312	0.0087748461	-5.8525543	-0.042626897
109.44	0.008766038	-5.852786	-0.045799174
109.568	0.0086305161	-5.8528525	-0.044265304
109.696	0.0084739264	-5.8528418	-0.044709385
109.824	0.0083765591	-5.8529801	-0.045368131
109.952	0.0083042285	-5.8529539	-0.045581169
110.08	0.0083179074	-5.8530541	-0.046779966
110.208	0.008106434	-5.8529448	-0.046136457
110.336	0.0082503687	-5.8533757	-0.048772135
110.464	0.0082242585	-5.8532456	-0.048786859
110.592	0.0081205491	-5.8528841	-0.047036384
110.72	0.0082322143	-5.8531311	-0.047453718
110.848	0.008085866	-5.8530589	-0.046707768
110.976	0.0081015266	-5.8530206	-0.044998312
111.104	0.0081825014	-5.8528445	-0.046632669
111.232	0.0082807001	-5.8528901	-0.045158924
111.36	0.0082752348	-5.8528033	-0.044641407
111.488	0.0084457642	-5.852824	-0.045058145
111.616	0.0084829584	-5.8527934	-0.046229778
111.744	0.0086058148	-5.8526566	-0.044993857
111.872	0.0087230559	-5.8527722	-0.042911276
112	0.0086862846	-5.8526351	-0.044035383
112.128	0.0088174109	-5.8524401	-0.045039416
112.256	0.0090438292	-5.8523648	-0.043980904
112.384	0.0090995712	-5.8523286	-0.042263179
112.512	0.0090423762	-5.8518074	-0.042629786
112.64	0.0093376234	-5.8518791	-0.04272811
112.768	0.0093413897	-5.8515868	-0.041425226
112.896	0.0095133912	-5.8515649	-0.043810626
113.024	0.009713714	-5.8516311	-0.043591694
113.152	0.0096029214	-5.8514239	-0.043364698
113.28	0.0096609689	-5.8513406	-0.043592913
113.408	0.0098453111	-5.851424	-0.042711979
113.536	0.0099122647	-5.8516265	-0.041838488
113.664	0.0096661229	-5.851107	-0.040125489
113.792	0.009974367	-5.8514075	-0.041857437
113.92	0.0099362523	-5.8514615	-0.041729415
114.048	0.0098696924	-5.851303	-0.039134268
114.176	0.0097844628	-5.851179	-0.040914582
114.304	0.0097227094	-5.8513905	-0.04172761
114.432	0.0098237205	-5.8516679	-0.041321097
114.56	0.0095824546	-5.8516628	-0.040475512
114.688	0.0096711327	-5.85173	-0.042506876
114.816	0.0094717702	-5.8516601	-0.043748804
114.944	0.0093927928	-5.8517776	-0.043901884
115.072	0.0094029943	-5.852304	-0.044252705
115.2	0.0092183457	-5.8520779	-0.044003121
115.328	0.0089448307	-5.8521927	-0.042704934
115.456	0.0088598517	-5.8520739	-0.043629122
115.584	0.0086987565	-5.8523599	-0.044041725
115.712	0.0087005823	-5.8524699	-0.043226704
115.84	0.0085474561	-5.8524634	-0.042554409
115.968	0.0086759005	-5.8527681	-0.046418917
116.096	0.0083392617	-5.8524825	-0.044533614
116.224	0.0083997921	-5.8526534	-0.043227766
116.352	0.008426325	-5.8530658	-0.045298875
116.48	0.0081082434	-5.8527074	-0.043912542
116.608	0.0082919325	-5.8530279	-0.045772504
116.736	0.0081296506	-5.8530034	-0.046639604
116.864	0.0081053768	-5.8531088	-0.04627674
116.992	0.0081567499	-5.853291	-0.044441387
117.12	0.0080187385	-5.853026	-0.046214039
117.248	0.0083112729	-5.8531785	-0.046017644
117.376	0.0082405112	-5.8528236	-0.045546371
117.504	0.0081794741	-5.8529025	-0.047634122
117.632	0.0083914355	-5.8530019	-0.046118411
117.76	0.0083150631	-5.8529368	-0.04523653
117.888	0.0085434832	-5.8531461	-0.045691593
118.016	0.0085264732	-5.8527277	-0.044969384
118.144	0.0085118588	-5.8527367	-0.045085422
118.272	0.0086981433	-5.8525752	-0.045575997
118.4	0.0087970915	-5.8524164	-0.045047187
118.528	0.0088516599	-5.8523228	-0.044877684
118.656	0.0089757798	-5.8521702	-0.044195733
118.784	0.0090594147	-5.8518793	-0.042997714
118.912	0.0092880808	-5.8520076	-0.042860754
119.04	0.0094511783	-5.8521137	-0.042687717
119.168	0.0096243142	-5.8518054	-0.043173183
119.296	0.0093992395	-5.8511995	-0.042854213
119.424	0.0097686908	-5.8518798	-0.042468358
119.552	0.0096237549	-5.8515669	-0.039820811
119.68	0.009948305	-5.8516395	-0.041305246
119.808	0.0099503768	-5.8516012	-0.041559397
119.936	0.0097848249	-5.8514128	-0.041930493
120.064	0.0098378261	-5.8511793	-0.040158236
120.192	0.0098852986	-5.8510972	-0.041226404
120.32	0.0099463629	-5.8513914	-0.041747226
120.448	0.0097100494	-5.8511697	-0.037992424
120.576	0.0098496363	-5.851484	-0.03990141
120.704	0.009805636	-5.8516965	-0.040916881
120.832	0.0097551627	-5.8519227	-0.04097161
120.96	0.0095147472	-5.8515644	-0.041032365
121.088	0.0094203809	-5.8514518	-0.041265049
121.216	0.0095975314	-5.8518895	-0.042883157
121.344	0.0092868473	-5.8520842	-0.042796182
121.472	0.0091091087	-5.8520603	-0.043584801
121.6	0.009046065	-5.8521866	-0.044448867
121.728	0.0090471545	-5.8524268	-0.044386397
121.856	0.0087813445	-5.852638	-0.04437125
121.984	0.0087073458	-5.8526375	-0.044916359
122.112	0.0086941272	-5.8524963	-0.045512747
122.24	0.0085235939	-5.8526906	-0.04682416
122.368	0.0084978524	-5.852981	-0.046324669
122.496	0.0084264968	-5.8527681	-0.044198317
122.624	0.0083244242	-5.8529225	-0.045840184
122.752	0.0082074636	-5.8530171	-0.046446398
122.88	0.0081414705	-5.8530006	-0.047015252
123.008	0.0082570783	-5.8533135	-0.045297217
123.136	0.0081090903	-5.8531915	-0.043865862
123.264	0.0080851926	-5.8532137	-0.047731336
123.392	0.0080425902	-5.8531815	-0.047824972
123.52	0.0082065766	-5.8534086	-0.04743016
123.648	0.0083195203	-5.8534113	-0.04625765
123.776	0.0083119344	-5.8533187	-0.047029315
123.904	0.0081924558	-5.8528351	-0.045701332
124.032	0.0083618284	-5.8528874	-0.046032676
124.16	0.0084099421	-5.8526595	-0.045464773
124.288	0.0084694229	-5.852866	-0.043828281
124.416	0.0086415991	-5.852697	-0.04569168
124.544	0.0088204309	-5.8526171	-0.045445427
124.672	0.00882762	-5.8525149	-0.042177769
124.8	0.0088318775	-5.8522801	-0.041214546
124.928	0.0089552375	-5.8524068	-0.04340814
125.056	0.0090337459	-5.8521301	-0.044234113
125.184	0.0092366323	-5.8520403	-0.044703648
125.312	0.009552317	-5.8518616	-0.044090392
125.44	0.0093888136	-5.8518438	-0.043445546
125.568	0.0094699947	-5.8519603	-0.040701992
125.696	0.0096972971	-5.8518359	-0.041171845
125.824	0.0097390572	-5.8515303	-0.042824854
125.952	0.0099231264	-5.8513502	-0.042125112
126.08	0.0096151011	-5.8512366	-0.040954883
126.208	0.010021992	-5.8515342	-0.043445861
126.336	0.0098498413	-5.8511938	-0.042947426
126.464	0.0099749915	-5.8513269	-0.041545569
126.592	0.009884506	-5.851341	-0.041576638
126.72	0.0097514972	-5.8511993	-0.042742095
126.848	0.0099069112	-5.8515654	-0.042273699
126.976	0.0098510887	-5.8517344	-0.041256765
127.104	0.0096211717	-5.8516571	-0.040975342
127.232	0.0095419693	-5.8513739	-0.042263984
127.36	0.0094226979	-5.851473	-0.042030738
127.488	0.0096258964	-5.8519576	-0.043490851
127.616	0.0092371993	-5.8518306	-0.042830216
127.744	0.0090449317	-5.8518992	-0.04248784
127.872	0.0091538606	-5.8521448	-0.044523835
128	0.0089318829	-5.8522319	-0.044779284
128.128	0.0089190415	-5.8524985	-0.042823261
128.256	0.0088434574	-5.8525499	-0.043398593
128.384	0.0085930401	-5.8526199	-0.043816139
128.512	0.0084844644	-5.852745	-0.044822391
128.64	0.0086917701	-5.8531572	-0.046489602
128.768	0.0084289125	-5.8529077	-0.046502773
128.896	0.0083357721	-5.8529435	-0.046429538
129.024	0.0082230081	-5.8529181	-0.046453752
129.152	0.0081806717	-5.8532756	-0.047079428
129.28	0.0080691691	-5.8530659	-0.046113075
129.408	0.0082971848	-5.8531938	-0.046651106
129.536	0.0081658981	-5.8532746	-0.046762236
129.664	0.0080584415	-5.8527308	-0.047129268
129.792	0.0081327994	-5.8529144	-0.046325818
129.92	0.0082598332	-5.8527625	-0.045017076
130.048	0.0082981915	-5.8529674	-0.046571191
130.176	0.0083324787	-5.8530895	-0.046415425
130.304	0.0081928534	-5.8530358	-0.042778041
130.432	0.0085363988	-5.8529927	-0.045278103
130.56	0.008380712	-5.8524512	-0.043934841
130.688	0.0084762215	-5.8522771	-0.041933311
130.816	0.0087417031	-5.8525709	-0.043087663
130.944	0.0087638758	-5.8524656	-0.04362286
131.072	0.0089315949	-5.8524102	-0.04401507
131.2	0.0090990733	-5.8524234	-0.04264553
131.328	0.0091593127	-5.852075	-0.044460436
131.456	0.009108137	-5.8519282	-0.0438702
131.584	0.0093109308	-5.8519154	-0.042917655
131.712	0.0094443017	-5.8517338	-0.042428116
131.84	0.0096580449	-5.8517632	-0.043683921
131.968	0.0096928759	-5.8515712	-0.042012221
132.096	0.0095797063	-5.8514429	-0.040561122
132.224	0.0098216017	-5.8513928	-0.04243651
132.352	0.0098340504	-5.8512802	-0.041652301
132.48	0.0098518274	-5.8511461	-0.04094044
132.608	0.0098508007	-5.8510316	-0.042219462
132.736	0.0099348048	-5.8512127	-0.041996519
132.864	0.0098938146	-5.8512195	-0.040121705
132.992	0.0098822047	-5.8514072	-0.042479567
133.12	0.0098422524	-5.8515649	-0.043237751
133.248	0.0097578576	-5.8516439	-0.042674368
133.376	0.009701291	-5.8518474	-0.041899427
133.504	0.0095171699	-5.8517096	-0.042049066
133.632	0.0096803971	-5.8519762	-0.043233231
133.76	0.0093052489	-5.8517708	-0.043548857
133.888	0.0095078905	-5.8520538	-0.043677238
134.016	0.0093849917	-5.8522839	-0.043362195
134.144	0.0090127903	-5.8521282	-0.043385445
134.272	0.0090429331	-5.8521305	-0.042805738
134.4	0.0089301946	-5.852234	-0.04237804
134.528	0.008829494	-5.8524564	-0.043056239
134.656	0.0086603727	-5.8523758	-0.042985155
134.784	0.0087076628	-5.8526995	-0.043979263
134.912	0.0084602058	-5.8526542	-0.044635892
135.04	0.0083684983	-5.8528219	-0.045684507
135.168	0.0084016561	-5.8527798	-0.046387078
135.296	0.0083338707	-5.8529661	-0.046808619
135.424	0.0081708538	-5.852705	-0.044279641
135.552	0.0081331294	-5.852946	-0.04554935
135.68	0.0081063013	-5.8531859	-0.048541886
135.808	0.0082299709	-5.8531931	-0.046890607
135.936	0.0081145154	-5.8531185	-0.046430917
136.064	0.008135654	-5.8530515	-0.046386703
136.192	0.0081866802	-5.8529835	-0.045880197
136.32	0.0081970283	-5.8529586	-0.046570808
136.448	0.0081597033	-5.8527878	-0.046066932
136.576	0.008286485	-5.8527377	-0.046346096
136.704	0.0085262836	-5.8528939	-0.047560716
136.832	0.0084164056	-5.8527529	-0.046799469
136.96	0.0085788429	-5.8527968	-0.045663984
137.088	0.0087693889	-5.852786	-0.043832552
137.216	0.0087093212	-5.852654	-0.043538136
137.344	0.0087017865	-5.8525037	-0.042092371
137.472	0.0090944412	-5.8525696	-0.042391226
137.6	0.0090519839	-5.8521468	-0.041679809
137.728	0.0091803804	-5.852005	-0.042215667
137.856	0.0093077432	-5.8521274	-0.043936587
137.984	0.009215108	-5.8519108	-0.04106148
138.112	0.0095786707	-5.8518233	-0.043125671
138.24	0.0095502719	-5.8517834	-0.04283659
138.368	0.0096887065	-5.851779	-0.041635585
138.496	0.0097909597	-5.8513717	-0.041448657
138.624	0.0098408857	-5.8511433	-0.043344553
138.752	0.0099309742	-5.8512208	-0.043709703
138.88	0.0097746311	-5.851354	-0.042427044
139.008	0.009807481	-5.8512728	-0.040100866
139.136	0.0098155599	-5.8512723	-0.039906636
139.264	0.0099667901	-5.8512422	-0.041417866
139.392	0.0099311236	-5.8514027	-0.041418817
139.52	0.0097876286	-5.8515176	-0.041381875
139.648	0.0097828228	-5.8515267	-0.041330189
139.776	0.0095241024	-5.8515392	-0.040898372
139.904	0.009674585	-5.8517835	-0.042363459
140.032	0.0094234634	-5.8515782	-0.041875534
140.16	0.0093746518	-5.8520435	-0.043838903
140.288	0.009384441	-5.8522425	-0.043275003
140.416	0.0091123771	-5.8521014	-0.042419426
140.544	0.0088768783	-5.8521633	-0.043504754
140.672	0.0089269455	-5.8524531	-0.045610527
140.8	0.0089404504	-5.8525213	-0.046485477
140.928	0.0088371346	-5.8525731	-0.045429074
141.056	0.0087043208	-5.852851	-0.045717655
141.184	0.0085661655	-5.8527233	-0.044574308
141.312	0.0083636343	-5.8529092	-0.044933892
141.44	0.0083555277	-5.8530004	-0.046252229
141.568	0.0083464007	-5.8528762	-0.046604839
141.696	0.0081526449	-5.8528985	-0.045176662
141.824	0.0081165797	-5.8528486	-0.046565683
141.952	0.0082935739	-5.8532076	-0.048150557
142.08	0.0081867494	-5.8532236	-0.047225818
142.208	0.0082349215	-5.8531052	-0.045032873
142.336	0.0081459762	-5.8532579	-0.047034809
142.464	0.0081195693	-5.8529593	-0.046797738
142.592	0.0082732726	-5.8532808	-0.04636445
142.72	0.0081302816	-5.8531378	-0.047280787
142.848	0.0082997387	-5.8532277	-0.046295607
142.976	0.0084273058	-5.8528998	-0.044060449
143.104	0.0084318387	-5.8526978	-0.045096167
143.232	0.0085416237	-5.8526203	-0.044392705
143.36	0.0087448633	-5.8527762	-0.043709544
143.488	0.0087159951	-5.852576	-0.045991584
143.616	0.0087797437	-5.8523045	-0.045211522
143.744	0.0089077592	-5.8520228	-0.044463845
143.872	0.0089762637	-5.851982	-0.044195106
144	0.0091730543	-5.8521232	-0.04458026
144.128	0.00928922	-5.8520174	-0.043422546
144.256	0.0094034725	-5.8520289	-0.042925197
144.384	0.0094668432	-5.8518907	-0.041800265
144.512	0.0094329127	-5.8516611	-0.041777285
144.64	0.0096501329	-5.8511124	-0.042487234
144.768	0.0097837482	-5.8513973	-0.043052841
144.896	0.0096982585	-5.8514098	-0.040303549
145.024	0.0099430178	-5.8514677	-0.039695433
145.152	0.0097842364	-5.8512276	-0.041304716
145.28	0.0098088086	-5.8509546	-0.042370944
145.408	0.009944197	-5.8513825	-0.04206987
145.536	0.0098844603	-5.851429	-0.042858387
145.664	0.0097177529	-5.8514126	-0.042413614
145.792	0.009788209	-5.8515416	-0.043019785
145.92	0.0098135163	-5.8517132	-0.043198331
146.048	0.0096311006	-5.8514819	-0.041488947
146.176	0.0095414272	-5.8516862	-0.04295798
146.304	0.0095690983	-5.852051	-0.044575822
146.432	0.0093723779	-5.851974	-0.044606787
146.56	0.0094767658	-5.8521046	-0.04615736
146.688	0.0090898085	-5.8520677	-0.042290625
146.816	0.0089327146	-5.8519294	-0.041573535
146.944	0.0089197914	-5.8521493	-0.044080194
147.072	0.0088928799	-5.8523103	-0.043269226
147.2	0.0088012506	-5.8523639	-0.043251375
147.328	0.0086374692	-5.8525245	-0.044291256
147.456	0.0085341466	-5.8526329	-0.045436633
147.584	0.0085608141	-5.8526157	-0.042820759
147.712	0.0082817279	-5.8528431	-0.045295455
147.84	0.0083374562	-5.8528492	-0.047201328
147.968	0.0082579145	-5.8529537	-0.045691031
148.096	0.0081907307	-5.853052	-0.044228268
148.224	0.008116217	-5.853031	-0.043615229
148.352	0.0082144586	-5.8532133	-0.046504645
148.48	0.0080771078	-5.8528611	-0.045334962
148.608	0.0081918946	-5.8530372	-0.044935991
148.736	0.0082109543	-5.8530781	-0.045155616
148.864	0.0082059805	-5.8531445	-0.046380551
148.992	0.0082560732	-5.85309	-0.045953052
149.12	0.0082759367	-5.8531819	-0.04666784
149.248	0.0083446317	-5.8529368	-0.044984292
149.376	0.0084351038	-5.852845	-0.044276939
149.504	0.0084857679	-5.8529332	-0.044822612
149.632	0.008610546	-5.8527649	-0.044946239
149.76	0.0086906837	-5.8524181	-0.044631704
149.888	0.0087462557	-5.852324	-0.044746068
150.016	0.008916846	-5.8521686	-0.044243521
150.144	0.0090733458	-5.8522493	-0.04349753
150.272	0.00903162	-5.8521251	-0.042820246
150.4	0.0094129578	-5.8525043	-0.043759544
150.528	0.0091998751	-5.85191	-0.041669767
150.656	0.009457575	-5.8517666	-0.043604191
150.784	0.0096033525	-5.8517866	-0.044224433
150.912	0.0096037097	-5.8515972	-0.041247678
151.04	0.009851692	-5.8517824	-0.040851109
151.168	0.0097765726	-5.8512618	-0.041068726
151.296	0.0097721822	-5.8512403	-0.040529617
151.424	0.0099246542	-5.851028	-0.03980484
151.552	0.0097211742	-5.8510027	-0.040367877
151.68	0.0099809422	-5.8512841	-0.040580197
151.808	0.010070618	-5.8513036	-0.042300865
151.936	0.0095754268	-5.8510641	-0.041569215
152.064	0.0097502422	-5.851306	-0.040344184
152.192	0.0098969019	-5.8517146	-0.041815825
152.32	0.0096824844	-5.8517182	-0.041646995
152.448	0.0097167996	-5.8517196	-0.041721229
152.576	0.0096199538	-5.8519441	-0.042965688
152.704	0.0093965572	-5.8519657	-0.043304875
152.832	0.0093038632	-5.8521558	-0.041705898
152.96	0.0092624446	-5.8520792	-0.04158375
153.088	0.0090491598	-5.8521005	-0.044413626
153.216	0.0089166793	-5.8524873	-0.044618709
153.344	0.008888474	-5.85249	-0.04515496
153.472	0.0088253949	-5.8524522	-0.045121809
153.6	0.0085895148	-5.8525985	-0.042573367
153.728	0.0086414897	-5.8528704	-0.044291486
153.856	0.0084908923	-5.8527042	-0.045954534
153.984	0.0084219203	-5.8528335	-0.046118644
154.112	0.0084128043	-5.8527526	-0.046798224
154.24	0.0081740119	-5.8527347	-0.044487722
154.368	0.0082126912	-5.853045	-0.04678962
154.496	0.0082848404	-5.8532158	-0.048512225
154.624	0.0082075149	-5.8532748	-0.043630781
154.752	0.0081266755	-5.8529119	-0.044020673
154.88	0.0079943973	-5.8528539	-0.046815409
155.008	0.0083642062	-5.8532323	-0.048115899
155.136	0.0081914352	-5.8531054	-0.045515062
155.264	0.0082217619	-5.8530709	-0.045171118
155.392	0.0082695094	-5.8529001	-0.047347811
155.52	0.0084943529	-5.852932	-0.046829822
155.648	0.0082927877	-5.8527669	-0.043554002
155.776	0.0084861181	-5.8527356	-0.046750145
155.904	0.008633091	-5.8526191	-0.046182809
156.032	0.0087064829	-5.8525683	-0.045298489
156.16	0.0086861197	-5.8525184	-0.045433435
156.288	0.0088920978	-5.8524377	-0.04309796
156.416	0.0088911637	-5.8521856	-0.043000255
156.544	0.0090972036	-5.8521806	-0.043545263
156.672	0.0091703781	-5.8521131	-0.043205841
156.8	0.0092795149	-5.8520399	-0.044117239
156.928	0.0093452352	-5.8518802	-0.043543448
157.056	0.0094933747	-5.8516721	-0.040972577
157.184	0.0097297891	-5.8516558	-0.041983477
157.312	0.0096541279	-5.8515206	-0.042178268
157.44	0.0096980867	-5.8516105	-0.041485545
157.568	0.0097871067	-5.8515638	-0.04159665
157.696	0.0097781806	-5.8515121	-0.04233908
157.824	0.0099016549	-5.8513992	-0.044629388
157.952	0.0099420843	-5.8514585	-0.042813685
158.08	0.0099261373	-5.8513969	-0.041963625
158.208	0.010000515	-5.8514383	-0.042294869
158.336	0.0097602213	-5.8513046	-0.039411522
158.464	0.0098047222	-5.8513487	-0.041581527
158.592	0.0096713934	-5.851312	-0.043567205
158.72	0.0097260779	-5.8513822	-0.042509694
158.848	0.0094471274	-5.8512214	-0.040523529
158.976	0.0094483929	-5.8515707	-0.041712899
159.104	0.0093682511	-5.8518262	-0.042977856
159.232	0.0091875146	-5.852149	-0.043092446
159.36	0.0093211781	-5.8523799	-0.042818143
159.488	0.0089203289	-5.8522475	-0.042854506
159.616	0.0088765735	-5.8524506	-0.044433605
159.744	0.008883239	-5.8525706	-0.045509611
159.872	0.0086355345	-5.8526402	-0.047172972
160	0.0088013982	-5.8529986	-0.047483848
160.128	0.0085173376	-5.8527943	-0.046466345
160.256	0.0084259302	-5.8528911	-0.045468457
160.384	0.0084222907	-5.8532324	-0.044593681
160.512	0.0082149139	-5.8529789	-0.045733317
160.64	0.0082280888	-5.8529882	-0.046422888
160.768	0.008289839	-5.8530273	-0.046280115
160.896	0.0081955521	-5.852939	-0.0465157
161.024	0.0081997146	-5.8531152	-0.045448725
161.152	0.0081045155	-5.8530557	-0.045840062
161.28	0.008051195	-5.8529797	-0.044945376
161.408	0.0082282793	-5.8531122	-0.045838722
161.536	0.0081644347	-5.8532213	-0.04752907
161.664	0.0081928014	-5.8529368	-0.046026951
161.792	0.0083461925	-5.8528687	-0.046610322
161.92	0.0084575632	-5.8526547	-0.047438386
162.048	0.0084117645	-5.852718	-0.046679927
162.176	0.0086392366	-5.8529387	-0.045445525
162.304	0.0085756771	-5.8525279	-0.043402966
162.432	0.008777127	-5.8525695	-0.044018258
162.56	0.0087409877	-5.8523695	-0.043325991
162.688	0.0087855654	-5.8521846	-0.044518267
162.816	0.0091842905	-5.8524276	-0.044191246
162.944	0.0090654633	-5.8520017	-0.042035682
163.072	0.0091764379	-5.8518681	-0.042960846
163.2	0.009349596	-5.8517989	-0.043786409
163.328	0.0096425248	-5.8519932	-0.043956383
163.456	0.0095255794	-5.8516093	-0.041916606
163.584	0.0096629872	-5.8516981	-0.041620365
163.712	0.0097277889	-5.8514566	-0.041384618
163.84	0.0097274336	-5.8514692	-0.042531409
163.968	0.0099108206	-5.8515251	-0.042108326
164.096	0.010030253	-5.8514134	-0.041497932
164.224	0.0098728459	-5.8511708	-0.04084873
164.352	0.0097113139	-5.8511356	-0.040713248
164.48	0.0098867902	-5.8515363	-0.042695946
164.608	0.0098989898	-5.8516354	-0.041825036
164.736	0.0097744434	-5.8514994	-0.041011738
164.864	0.0097988736	-5.8519662	-0.041631895
164.992	0.0095959147	-5.8514488	-0.039624786
165.12	0.0093991101	-5.851513	-0.040667277
165.248	0.0095582929	-5.8517652	-0.04154841
165.376	0.0093826654	-5.8519303	-0.043189523
165.504	0.0093614537	-5.8521659	-0.043983936
165.632	0.0090948587	-5.8522432	-0.043003756
165.76	0.0090363688	-5.8522722	-0.04374431
165.888	0.008939262	-5.8522608	-0.044078941
166.016	0.0088482922	-5.8524942	-0.043698916
166.144	0.0088650172	-5.8527769	-0.044772605
166.272	0.0085639733	-5.8524922	-0.044531497
166.4	0.0085122321	-5.8525153	-0.044506364
166.528	0.0083834153	-5.8526144	-0.042468169
166.656	0.0085903779	-5.8529541	-0.045666831
166.784	0.0082270432	-5.8527206	-0.04702397
166.912	0.0082841349	-5.8528547	-0.047045858
167.04	0.008175836	-5.8529052	-0.046471508
167.168	0.0082859031	-5.8530001	-0.046800111
167.296	0.0080816419	-5.8529344	-0.046716204
167.424	0.0082013084	-5.8532229	-0.045944449
167.552	0.0081215458	-5.853004	-0.044362367
167.68	0.0082538784	-5.8531344	-0.046114924
167.808	0.0082192458	-5.8531814	-0.04549183
167.936	0.0082123387	-5.852979	-0.04570183
168.064	0.0082243407	-5.8529482	-0.044518756
168.192	0.0082935036	-5.8528951	-0.044209638
168.32	0.0084762124	-5.8528275	-0.044163754
168.448	0.0085476358	-5.8526997	-0.045545374
168.576	0.0088127286	-5.8528041	-0.045536643
168.704	0.0085883614	-5.8526498	-0.043276647
168.832	0.0087783886	-5.8527036	-0.045463262
168.96	0.0090143774	-5.8525848	-0.043268296
169.088	0.0089020567	-5.8520099	-0.042189638
169.216	0.0090790892	-5.8523392	-0.043196786
169.344	0.0094405729	-5.8525572	-0.043936005
169.472	0.009256535	-5.8518517	-0.042365721
169.6	0.0097036543	-5.8518531	-0.043188943
169.728	0.0094630348	-5.8514392	-0.042827615
169.856	0.0096535422	-5.8514371	-0.043152917
169.984	0.009679668	-5.8513331	-0.042971346
170.112	0.0097002403	-5.8513648	-0.042898089
170.24	0.0098167407	-5.851405	-0.041941712
170.368	0.0097957529	-5.8514017	-0.042472199
170.496	0.0098278042	-5.8513563	-0.041908027
170.624	0.009906538	-5.8513563	-0.041021169
170.752	0.010065081	-5.8516765	-0.041551841
170.88	0.0096957793	-5.8512645	-0.041803994
171.008	0.0097402312	-5.8510514	-0.041757864
171.136	0.0097994447	-5.8517034	-0.041286656
171.264	0.0096754177	-5.8518221	-0.041726795
171.392	0.0097408097	-5.8520479	-0.04178518
171.52	0.0094695453	-5.8517156	-0.042471643
171.648	0.0093876571	-5.8517316	-0.043822294
171.776	0.0092900565	-5.8518332	-0.043375296
171.904	0.0093285083	-5.8519611	-0.045011898
172.032	0.0091009752	-5.8522809	-0.044269095
172.16	0.0089768669	-5.852334	-0.043855814
172.288	0.0088890654	-5.8525273	-0.044465983
172.416	0.0088092409	-5.8526375	-0.044154358
172.544	0.0085087422	-5.8523723	-0.042959339
172.672	0.0086799104	-5.8527397	-0.043711613
172.8	0.0084970805	-5.8529874	-0.044668777
172.928	0.0083756837	-5.8528097	-0.04516139
173.056	0.0084117303	-5.8529898	-0.047619922
173.184	0.0083027639	-5.8529724	-0.046623347
173.312	0.0080730355	-5.8528296	-0.046739152
173.44	0.0082929875	-5.8532494	-0.048843491
173.568	0.0081681741	-5.8529442	-0.045386239
173.696	0.0080400459	-5.8530118	-0.044613201
173.824	0.0083045481	-5.8534328	-0.046130994
173.952	0.0080978311	-5.8531743	-0.046568591
174.08	0.0081129859	-5.8530426	-0.044845348
174.208	0.0083152158	-5.8531935	-0.043383951
174.336	0.0083368999	-5.8531959	-0.046669161
174.464	0.0083026893	-5.8529435	-0.047117159
174.592	0.0083679167	-5.8526461	-0.04642083
174.72	0.0084576384	-5.852672	-0.04604657
174.848	0.0087445503	-5.8527506	-0.044646334
174.976	0.0086688888	-5.8524181	-0.044457134
175.104	0.0087861901	-5.8523264	-0.042559812
175.232	0.0087991124	-5.8523998	-0.042725868
175.36	0.0089561441	-5.8522369	-0.04580302
175.488	0.009180815	-5.852382	-0.044394133
175.616	0.0090725143	-5.8517911	-0.043048649
175.744	0.0093209031	-5.8518346	-0.042757678
175.872	0.0094166091	-5.8518359	-0.042319625
176	0.0095605147	-5.8518316	-0.042037026
176.128	0.0097360199	-5.8519287	-0.042948917
176.256	0.009522125	-5.8514969	-0.043243914
176.384	0.0098171291	-5.8517115	-0.041864827
176.512	0.0098363254	-5.8513595	-0.040743776
176.64	0.0098489904	-5.8513827	-0.041973845
176.768	0.0099561862	-5.8513594	-0.038865742
176.896	0.0098263881	-5.8514133	-0.040678033
177.024	0.0099472747	-5.851586	-0.041417998
177.152	0.0098736854	-5.8513444	-0.039886501
177.28	0.0098828989	-5.8512194	-0.04150662
177.408	0.0097366586	-5.8515687	-0.041676153
177.536	0.0097962256	-5.851966	-0.042569574
177.664	0.0096293719	-5.8517873	-0.042928725
177.792	0.0093543458	-5.8514351	-0.04104213
177.92	0.009465557	-5.8514436	-0.043118288
178.048	0.0093750187	-5.8518304	-0.04364071
178.176	0.0093584755	-5.8522083	-0.04559989
178.304	0.0091389537	-5.8522113	-0.044347164
178.432	0.0089743018	-5.8523637	-0.042515786
178.56	0.0089996682	-5.8524491	-0.044041965
178.688	0.0087079046	-5.8522961	-0.043595329
178.816	0.0087252907	-5.8526341	-0.043963265
178.944	0.0085361041	-5.8526485	-0.044454445
179.072	0.0084770977	-5.8528616	-0.0466527
179.2	0.0083404468	-5.8527055	-0.045150333
179.328	0.0083544836	-5.8528941	-0.044906494
179.456	0.0085144714	-5.8531633	-0.045640159
179.584	0.0082047346	-5.8529164	-0.044012229
179.712	0.0080493023	-5.8526934	-0.044202623
179.84	0.0081354861	-5.8529883	-0.046221607
179.968	0.0082425086	-5.8531539	-0.0474289
180.096	0.0080525307	-5.8529515	-0.047784139
180.224	0.0082172808	-5.8530214	-0.046344762
180.352	0.0081328523	-5.8529715	-0.046284954
180.48	0.008206065	-5.8529077	-0.044517166
180.608	0.0083044558	-5.8529283	-0.044562668
180.736	0.0082956018	-5.8524286	-0.046726796
180.864	0.0084841612	-5.8527221	-0.047410967
180.992	0.0084920562	-5.8527858	-0.046144076
181.12	0.0085430612	-5.8525465	-0.04685794
181.248	0.0085656717	-5.8525482	-0.044345625
181.376	0.0088229991	-5.8526337	-0.043564556
181.504	0.0089146457	-5.8524965	-0.044361444
181.632	0.00894298	-5.8523993	-0.044840144
181.76	0.0091360351	-5.8524442	-0.04349325
181.888	0.0090942901	-5.8518438	-0.041134941
182.016	0.0094578621	-5.8519699	-0.043516066
182.144	0.0093430565	-5.8517929	-0.043514985
182.272	0.0095399083	-5.8518153	-0.042589005
182.4	0.009590955	-5.8517588	-0.040705792
182.528	0.0096933629	-5.8516441	-0.039610437
182.656	0.0097487841	-5.8515057	-0.040672712
182.784	0.0098575033	-5.8516849	-0.041763064
182.912	0.0097975544	-5.8515712	-0.040059705
183.04	0.0098756166	-5.8512854	-0.0423527
183.168	0.0099445565	-5.8512976	-0.041837451
183.296	0.00974559	-5.8512057	-0.040980539
183.424	0.0098777304	-5.8513529	-0.042532498
183.552	0.0099805375	-5.8516314	-0.041181708
183.68	0.0097155861	-5.8515316	-0.04040824
183.808	0.0097266107	-5.8516749	-0.040726519
183.936	0.0096498245	-5.8520356	-0.042286267
184.064	0.0094970918	-5.8519232	-0.042436276
184.192	0.0094624353	-5.8520424	-0.041856157
184.32	0.0093602924	-5.8519269	-0.042032935
184.448	0.0090198925	-5.85172	-0.042371046
184.576	0.0092131879	-5.8522135	-0.044489339
184.704	0.0091111148	-5.8525659	-0.042845282
184.832	0.0088331571	-5.8522754	-0.042624499
184.96	0.0087785696	-5.8523669	-0.044452253
185.088	0.0088197597	-5.8527318	-0.043823559
185.216	0.0085955711	-5.8526713	-0.045818449
185.344	0.0085266393	-5.8527656	-0.044796685
185.472	0.0084246817	-5.8525603	-0.043951187
185.6	0.008423853	-5.8527624	-0.045642158
185.728	0.0081884296	-5.8527462	-0.047226381
185.856	0.0082316876	-5.8530029	-0.04665688
185.984	0.0083340649	-5.8529153	-0.04683983
186.112	0.0081547225	-5.8530314	-0.046632701
186.24	0.0081012217	-5.8530059	-0.044187174
186.368	0.0082213122	-5.8532269	-0.0454596
186.496	0.0081920217	-5.8532427	-0.047257732
186.624	0.0081225504	-5.8529191	-0.046727
186.752	0.0082251905	-5.8530677	-0.046986356
186.88	0.0082128772	-5.8530458	-0.046703527
187.008	0.008380522	-5.8530453	-0.046243482
187.136	0.0083076919	-5.8528951	-0.044995524
187.264	0.0085170911	-5.8528955	-0.044960202
187.392	0.0085495428	-5.8527282	-0.044819977
187.52	0.0086499397	-5.8527375	-0.044259918
187.648	0.0088213692	-5.8526449	-0.044733747
187.776	0.008824893	-5.8521919	-0.04392828
187.904	0.0090056769	-5.8521839	-0.041850583
188.032	0.0090608414	-5.8522672	-0.042351612
188.16	0.0092026625	-5.8521883	-0.043790792
188.288	0.0090986188	-5.8518802	-0.04335881
188.416	0.0094688218	-5.8523483	-0.044383849
188.544	0.0095110621	-5.8519639	-0.042946318
188.672	0.0096395548	-5.8517531	-0.042193504
188.8	0.0097906724	-5.8516775	-0.043140524
188.928	0.0095781711	-5.8517636	-0.04207196
189.056	0.0097474678	-5.8514121	-0.043167507
189.184	0.0099019274	-5.851804	-0.043386095
189.312	0.0098273207	-5.8516967	-0.0414106
189.44	0.0096864224	-5.8510959	-0.042475465
189.568	0.0099869327	-5.8513414	-0.04114471
189.696	0.009925576	-5.8512204	-0.039046794
189.824	0.0098778698	-5.8512352	-0.040430026
189.952	0.0097842548	-5.851508	-0.043103432
190.08	0.009741809	-5.8515423	-0.042432781
190.208	0.0097050441	-5.8516477	-0.043837848
190.336	0.009543985	-5.8517291	-0.044283989
190.464	0.0094239542	-5.8518755	-0.042605687
190.592	0.0092662376	-5.8520348	-0.043178613
190.72	0.0093103406	-5.8521733	-0.042546521
190.848	0.0092239745	-5.8522718	-0.042725625
190.976	0.0090838314	-5.8519871	-0.043935445
191.104	0.0089981231	-5.8522407	-0.044329266
191.232	0.0089546369	-5.8523956	-0.044239391
191.36	0.0087037913	-5.8523804	-0.044686214
191.488	0.0086782426	-5.8525296	-0.044117999
191.616	0.0085379156	-5.852598	-0.04472478
191.744	0.008468981	-5.8527633	-0.045006761
191.872	0.0084269957	-5.8529646	-0.043885136
192	0.008241471	-5.8528001	-0.045124579
192.128	0.0083291924	-5.8529504	-0.044433951
192.256	0.0082899206	-5.8527998	-0.045212092
192.384	0.0081863574	-5.8530171	-0.046841747
192.512	0.0082805847	-5.853106	-0.047949472
192.64	0.0081127596	-5.8530735	-0.047070016
192.768	0.0081762075	-5.8530564	-0.044663007
192.896	0.0081810388	-5.8531556	-0.044858862
193.024	0.0082258524	-5.8529273	-0.045868156
193.152	0.0081791402	-5.8532559	-0.046897446
193.28	0.0083518132	-5.8529894	-0.047056302
193.408	0.008398115	-5.8529407	-0.046514784
193.536	0.0083236308	-5.8527141	-0.044843067
193.664	0.0085485334	-5.8527482	-0.04532442
193.792	0.0086454523	-5.8525779	-0.04348428
193.92	0.0087762242	-5.8525339	-0.043217153
194.048	0.0087555605	-5.8524441	-0.044245716
194.176	0.008954911	-5.8523804	-0.043879146
194.304	0.0090724996	-5.8525042	-0.043852661
194.432	0.0091012181	-5.8520425	-0.0431241
194.56	0.0091945277	-5.8515694	-0.042769531
194.688	0.0092949715	-5.8516588	-0.042724305
194.816	0.0095361212	-5.8517902	-0.043492304
194.944	0.0095512016	-5.8515774	-0.041405379
195.072	0.0096713922	-5.8516866	-0.039072946
195.2	0.009476227	-5.8512962	-0.040594257
195.328	0.0098629	-5.8516196	-0.042498353
195.456	0.0097952623	-5.8512789	-0.040997575
195.584	0.0098794743	-5.8514877	-0.041333774
195.712	0.010000939	-5.8514169	-0.041576335
195.84	0.0099723015	-5.8512994	-0.04378442
195.968	0.0098273677	-5.8512341	-0.042689514
196.096	0.0096110495	-5.8510618	-0.038650595
196.224	0.0098924583	-5.8515627	-0.042260203
196.352	0.0097586352	-5.8514847	-0.042616666
196.48	0.0094659558	-5.8513604	-0.04105763
196.608	0.0097244816	-5.8517126	-0.043250267
196.736	0.0096073737	-5.851882	-0.042125796
196.864	0.009252447	-5.8516347	-0.043182895
196.992	0.0094232655	-5.8521668	-0.045928182
197.12	0.0090872807	-5.8519643	-0.04456631
197.248	0.0090296123	-5.8520565	-0.043483012
197.376	0.0090007367	-5.8523308	-0.043561319
197.504	0.0089413103	-5.8527372	-0.044086286
197.632	0.008876312	-5.8526151	-0.04287067
197.76	0.0085847201	-5.8524768	-0.044576332
197.888	0.0085510594	-5.852507	-0.043930559
198.016	0.0083651528	-5.8526082	-0.044801876
198.144	0.0083746431	-5.8528559	-0.0460059
198.272	0.008369155	-5.8530994	-0.046900581
198.4	0.0082804352	-5.8531912	-0.044812497
198.528	0.0081520232	-5.8529425	-0.044081331
198.656	0.0082170922	-5.8530231	-0.046158844
198.784	0.0081705235	-5.8530798	-0.046513163
198.912	0.0082492572	-5.8532082	-0.047695675
199.04	0.0081033675	-5.8530322	-0.047024164
199.168	0.0081747701	-5.8532385	-0.045813349
199.296	0.0082263697	-5.8530736	-0.046326766
199.424	0.0082325429	-5.8527415	-0.04577416
199.552	0.0083989601	-5.8531286	-0.04530403
199.68	0.0084150858	-5.8530858	-0.045921185
199.808	0.0085134582	-5.8530383	-0.044357489
199.936	0.0084135576	-5.8527932	-0.045909109
200.064	0.0084990833	-5.8526122	-0.048420807
200.192	0.0087925584	-5.8525673	-0.046878625
200.32	0.0088053404	-5.8527308	-0.045740216
200.448	0.0088692115	-5.8525589	-0.043283649
200.576	0.0090404951	-5.8523657	-0.042677639
200.704	0.009136753	-5.8521961	-0.0446922
200.832	0.0092002396	-5.8522056	-0.043564393
200.96	0.0092623154	-5.8519563	-0.042039973
201.088	0.0094642347	-5.8518332	-0.041674202
201.216	0.009646004	-5.8518118	-0.043096623
201.344	0.0096317959	-5.851699	-0.041460024
201.472	0.0094484488	-5.8513762	-0.041274944
201.6	0.0098590969	-5.8516397	-0.044552296
201.728	0.0098359868	-5.8514449	-0.041675854
201.856	0.0097451447	-5.8513762	-0.039848089
201.984	0.0099848203	-5.8515504	-0.042014812
202.112	0.0096608296	-5.8512198	-0.040843914
202.24	0.0099368062	-5.8514616	-0.042674147
202.368	0.0099797285	-5.8512939	-0.043678038
202.496	0.0098233721	-5.8512015	-0.041404668
202.624	0.0096799461	-5.8514025	-0.041099377
202.752	0.0095416757	-5.8514116	-0.040360667
202.88	0.0096139157	-5.8515747	-0.042150314
203.008	0.0097839033	-5.8517827	-0.042750856
203.136	0.0093915454	-5.8517648	-0.042548632
203.264	0.0093944383	-5.8522415	-0.044425106
203.392	0.0092690815	-5.8521301	-0.042879338
203.52	0.0090024251	-5.8518833	-0.041932267
203.648	0.0089466843	-5.8521704	-0.044935902
203.776	0.0089343686	-5.8523554	-0.046020951
203.904	0.0087511542	-5.8522177	-0.044031406
204.032	0.0088194606	-5.8526415	-0.045634825
204.16	0.0085214516	-5.852844	-0.044702075
204.288	0.0085532773	-5.8526707	-0.044001999
204.416	0.0084091668	-5.852866	-0.045636444
204.544	0.0083420639	-5.8530085	-0.04350095
204.672	0.0083522355	-5.853105	-0.044268933
204.8	0.0082951466	-5.8531635	-0.045214321
204.928	0.0082473701	-5.8533112	-0.044855816
205.056	0.0081397866	-5.8530067	-0.045406661
205.184	0.0081352824	-5.8531055	-0.045585374
205.312	0.008196138	-5.8531788	-0.045587541
205.44	0.0082245845	-5.8531912	-0.045354148
205.568	0.0080645074	-5.8528848	-0.044915876
205.696	0.0083615586	-5.85317	-0.046651289
205.824	0.0082367847	-5.8530187	-0.045588201
205.952	0.0084307295	-5.8529175	-0.045127853
206.08	0.0084759672	-5.852929	-0.044413517
206.208	0.0083523191	-5.8527378	-0.045256755
206.336	0.0086337686	-5.8529742	-0.046307212
206.464	0.0086066162	-5.8527425	-0.043978693
206.592	0.0087083124	-5.8523692	-0.045952286
206.72	0.0088061606	-5.8524135	-0.045701151
206.848	0.0088996197	-5.8520437	-0.041713282
206.976	0.009135934	-5.852277	-0.04255176
207.104	0.0092122718	-5.8523508	-0.043973626
207.232	0.0094107007	-5.8521171	-0.043938594
207.36	0.0093818313	-5.8518659	-0.044090315
207.488	0.0095286883	-5.8518127	-0.042695859
207.616	0.0095471448	-5.8514073	-0.043555835
207.744	0.0095540567	-5.8515814	-0.043298512
207.872	0.0097067451	-5.8518754	-0.040889213
208	0.0097721121	-5.8516435	-0.042268447
208.128	0.0098776834	-5.8515273	-0.044164583
208.256	0.0099271746	-5.8516748	-0.042206674
208.384	0.0099776794	-5.8515841	-0.042666762
208.512	0.0097874788	-5.8514716	-0.040718578
208.64	0.0098928283	-5.8515329	-0.03999565
208.768	0.009710593	-5.851561	-0.040370261
208.896	0.0097451683	-5.851738	-0.040684858
209.024	0.0096339987	-5.8514954	-0.042643683
209.152	0.0097846085	-5.8518761	-0.042384436
209.28	0.0094340768	-5.851707	-0.039977307
209.408	0.0095469702	-5.8518649	-0.042512295
209.536	0.0094274221	-5.8519475	-0.042829077
209.664	0.0092405299	-5.8519136	-0.04343602
209.792	0.0091611335	-5.8519681	-0.044380678
209.92	0.008992699	-5.8518982	-0.044167364
210.048	0.0088560141	-5.8520719	-0.045131724
210.176	0.0087535511	-5.8524706	-0.04462779
210.304	0.008755467	-5.8524815	-0.045128901
210.432	0.0086737313	-5.8527992	-0.046549835
210.56	0.0084114064	-5.8526505	-0.044548521
210.688	0.0085029043	-5.8532118	-0.043875922
210.816	0.0084237819	-5.8529926	-0.046294434
210.944	0.008393826	-5.8529663	-0.04769873
211.072	0.0082730831	-5.8529355	-0.046531195
211.2	0.0082352845	-5.8531271	-0.045267767
211.328	0.0080746851	-5.8532931	-0.047903957
211.456	0.0082539237	-5.8533229	-0.046874332
211.584	0.0081697164	-5.853513	-0.045939802
211.712	0.0081816443	-5.8530499	-0.047012184
211.84	0.0082510053	-5.8530533	-0.047510998
211.968	0.0082020163	-5.8530401	-0.046825703
212.096	0.0083731713	-5.8533048	-0.046515198
212.224	0.0083177114	-5.8530009	-0.045056052
212.352	0.0082986096	-5.8530358	-0.044134429
212.48	0.0084678028	-5.852944	-0.046319598
212.608	0.0085104197	-5.8527119	-0.044686612
212.736	0.0087546057	-5.8526995	-0.04540577
212.864	0.008779793	-5.8524736	-0.044839504
212.992	0.0087607769	-5.8524447	-0.043086299
213.12	0.0088285909	-5.8522186	-0.042602547
213.248	0.0091067919	-5.8521357	-0.043843899
213.376	0.0091573774	-5.8521215	-0.045984494
213.504	0.0092659082	-5.8519132	-0.044621324
213.632	0.0093670559	-5.8520308	-0.043770451
213.76	0.009372755	-5.8519703	-0.042769707
213.888	0.0094563565	-5.85166	-0.04034221
214.016	0.0098631026	-5.8515929	-0.041478932
214.144	0.0097147081	-5.8513488	-0.042115249
214.272	0.0098043564	-5.8515596	-0.040885793
214.4	0.0097685295	-5.8513094	-0.039089037
214.528	0.0099247443	-5.8514804	-0.040654379
214.656	0.0097776864	-5.8512452	-0.038865887
214.784	0.0097956456	-5.8510857	-0.03881632
214.912	0.0098535543	-5.8512344	-0.040617252
215.04	0.0098378072	-5.8514649	-0.043978185
215.168	0.0096816725	-5.8515051	-0.043416375
215.296	0.0097273479	-5.8516314	-0.044795418
215.424	0.0097228129	-5.8517323	-0.045253462
215.552	0.0095321015	-5.8513978	-0.042402981
215.68	0.009409326	-5.8513576	-0.040965013
215.808	0.0093477193	-5.8514622	-0.041337269
215.936	0.0092176825	-5.8518042	-0.042001664
216.064	0.0093460775	-5.8520196	-0.043791692
216.192	0.0088770329	-5.8518468	-0.04287243
216.32	0.0089997371	-5.8521794	-0.04563842
216.448	0.008772126	-5.8525944	-0.044900225
216.576	0.0085798189	-5.8523824	-0.042846352
216.704	0.0088226038	-5.8529465	-0.044598834
216.832	0.0084718583	-5.8528846	-0.044105149
216.96	0.0085668332	-5.8531269	-0.044068813
217.088	0.0083745858	-5.8528401	-0.044149562
217.216	0.0084098983	-5.8531138	-0.045994791
217.344	0.0081466338	-5.8528184	-0.046486608
217.472	0.0083117383	-5.853127	-0.046256042
217.6	0.0083167219	-5.8530317	-0.046503975
217.728	0.008088717	-5.8529047	-0.045956675
217.856	0.0080123218	-5.8529207	-0.045232557
217.984	0.0082799515	-5.8533136	-0.046301063
218.112	0.0081648422	-5.8529344	-0.046769019
218.24	0.0083605398	-5.8529129	-0.046310839
218.368	0.0082720795	-5.8529715	-0.043360958
218.496	0.008276381	-5.8530541	-0.043034455
218.624	0.0083933179	-5.8526745	-0.044175513
218.752	0.0084861694	-5.8524932	-0.04532762
218.88	0.0085341867	-5.8525058	-0.045154104
219.008	0.0085778435	-5.8525439	-0.043548103
219.136	0.0088536654	-5.8526783	-0.044568437
219.264	0.0086604388	-5.8523161	-0.043213783
219.392	0.0090363898	-5.8525807	-0.044166003
219.52	0.0089798581	-5.8521969	-0.043920917
219.648	0.0091486207	-5.8520237	-0.043278001
219.776	0.0092694636	-5.8520363	-0.041501926
219.904	0.0094595841	-5.8520208	-0.042871038
220.032	0.0094929005	-5.8518161	-0.045764372
220.16	0.0094927033	-5.8514799	-0.041915902
220.288	0.0094566015	-5.8512201	-0.040861134
220.416	0.0096569449	-5.8512827	-0.041321748
220.544	0.010019056	-5.8516457	-0.039622804
220.672	0.0097773836	-5.8513348	-0.041020948
220.8	0.0098411772	-5.8512556	-0.041715139
220.928	0.0098553178	-5.8514726	-0.042556594
221.056	0.0098058956	-5.8513181	-0.042992002
221.184	0.0098326099	-5.8513353	-0.042325428
221.312	0.0098860072	-5.8518047	-0.042282658
221.44	0.0098192865	-5.8515197	-0.042275579
221.568	0.0096909281	-5.8516238	-0.041335308
221.696	0.0095935004	-5.8515262	-0.042359694
221.824	0.0095220963	-5.8515403	-0.044416382
221.952	0.0094936542	-5.8516426	-0.042792944
222.08	0.0094681016	-5.8518525	-0.043139262
222.208	0.009213071	-5.8515223	-0.043049796
222.336	0.0092637315	-5.8518901	-0.043803732
222.464	0.0091411647	-5.8521649	-0.043857122
222.592	0.0088298047	-5.851989	-0.041653562
222.72	0.0088380051	-5.8521291	-0.043179087
222.848	0.0088183057	-5.8523393	-0.045292267
222.976	0.0087005996	-5.8527112	-0.044082063
223.104	0.0085086179	-5.8527434	-0.044606433
223.232	0.0085195752	-5.852856	-0.044663425
223.36	0.0083850997	-5.8526808	-0.044431324
223.488	0.0082869634	-5.8528809	-0.047142213
223.616	0.0083103535	-5.8530037	-0.046316561
223.744	0.0081795684	-5.8529565	-0.04566441
223.872	0.0083070524	-5.8531528	-0.045994048
224	0.0081214723	-5.8530702	-0.04596811
224.128	0.0081841886	-5.8530844	-0.045503828
224.256	0.0082548585	-5.8532215	-0.045763751
224.384	0.0081404546	-5.8529462	-0.046532011
224.512	0.0082976259	-5.8532294	-0.046310677
224.64	0.0080900114	-5.8528937	-0.045308587
224.768	0.008497906	-5.8532897	-0.046928345
224.896	0.0084264352	-5.8531082	-0.047405202
225.024	0.0085719721	-5.853062	-0.045380784
225.152	0.0084852356	-5.8528732	-0.044932101
225.28	0.0085932598	-5.8528175	-0.04638088
225.408	0.0085697748	-5.8523277	-0.044138795
225.536	0.0088595651	-5.8524571	-0.047010914
225.664	0.0090020648	-5.8523697	-0.04605932
225.792	0.0091569313	-5.8525971	-0.042519237
225.92	0.0090209105	-5.8521442	-0.043427395
226.048	0.0092919151	-5.8520331	-0.044731481
226.176	0.0092724465	-5.8516289	-0.04299149
226.304	0.0094681595	-5.8517141	-0.041734844
226.432	0.0094443262	-5.8514852	-0.040988776
226.56	0.0097970071	-5.8516828	-0.040991631
226.688	0.0095708568	-5.851062	-0.04084099
226.816	0.0096137734	-5.8512606	-0.039555377
226.944	0.0099269239	-5.8516493	-0.039377671
227.072	0.009868209	-5.851491	-0.039796679
227.2	0.0097276173	-5.8511922	-0.040042625
227.328	0.0098319646	-5.8514637	-0.039876083
227.456	0.010024226	-5.8513744	-0.039430049
227.584	0.0097198515	-5.8511139	-0.042558747
227.712	0.0097276585	-5.8512268	-0.044988647
227.84	0.0098092998	-5.8514073	-0.042161506
227.968	0.0096713819	-5.8516124	-0.041624286
228.096	0.0095485748	-5.8516187	-0.04194271
228.224	0.0094808937	-5.8517681	-0.041720804
228.352	0.0093852277	-5.8518718	-0.043219043
228.48	0.0093937336	-5.8519668	-0.042760353
228.608	0.0093620396	-5.852129	-0.04482681
228.736	0.0090962195	-5.8521378	-0.042532892
228.864	0.0089960316	-5.8522517	-0.041350149
228.992	0.0087925247	-5.8521689	-0.04414169
229.12	0.0088450073	-5.8524761	-0.046043103
229.248	0.0087093668	-5.8524803	-0.044737471
229.376	0.0086977421	-5.8528048	-0.044563765
229.504	0.0084304492	-5.8526757	-0.045254036
229.632	0.0084985873	-5.8529352	-0.046032724
229.76	0.0082989831	-5.8528406	-0.044311768
229.888	0.0084008598	-5.8529505	-0.045445559
230.016	0.0081873632	-5.8527708	-0.044140596
230.144	0.0083356006	-5.8530889	-0.044078539
230.272	0.0082118253	-5.8528904	-0.044967332
230.4	0.0081843472	-5.8528576	-0.046732937
230.528	0.0080680649	-5.8527582	-0.046446963
230.656	0.0082879416	-5.853104	-0.04503839
230.784	0.0082455933	-5.8529459	-0.045025282
230.912	0.0081648838	-5.8527369	-0.04669989
231.04	0.0082551503	-5.8530196	-0.045988495
231.168	0.0083381394	-5.8528103	-0.04499053
231.296	0.0084478763	-5.8527837	-0.045593082
231.424	0.0086247078	-5.8527831	-0.045742025
231.552	0.0085419444	-5.852518	-0.046547083
231.68	0.0085472699	-5.8524014	-0.043884517
231.808	0.0088184235	-5.8524069	-0.044028635
231.936	0.0088841225	-5.8523065	-0.045172911
232.064	0.0089996359	-5.852247	-0.044891978
232.192	0.0091084738	-5.8519617	-0.045073985
232.32	0.0091929896	-5.8519036	-0.043557623
232.448	0.0093415977	-5.8520851	-0.043585575
232.576	0.0093492447	-5.8517459	-0.042155239
232.704	0.009568705	-5.8519457	-0.042363843
232.832	0.0094933861	-5.8513229	-0.042304603
232.96	0.0098045987	-5.8514019	-0.043879651
233.088	0.0096162343	-5.8512021	-0.040319705
233.216	0.0098447233	-5.8514926	-0.040226104
233.344	0.0098121016	-5.8513596	-0.040107022
233.472	0.0096772424	-5.8512705	-0.039209705
233.6	0.009779547	-5.8513643	-0.041436157
233.728	0.0098891965	-5.851611	-0.041517828
233.856	0.0096746544	-5.8513457	-0.0414807
233.984	0.0099028441	-5.851696	-0.044691881
234.112	0.0098700316	-5.8517296	-0.042381723
234.24	0.0096068654	-5.8513793	-0.041406297
234.368	0.009510522	-5.8516376	-0.042456226
234.496	0.0096044326	-5.8520352	-0.042743159
234.624	0.009213268	-5.8514792	-0.04207587
234.752	0.0094065048	-5.8518347	-0.043637452
234.88	0.0092604794	-5.8520765	-0.042535131
235.008	0.0093159416	-5.8522741	-0.041354609
235.136	0.0088881106	-5.8519825	-0.043893515
235.264	0.0090262765	-5.8522481	-0.046857361
235.392	0.0088151728	-5.8524341	-0.044420637
235.52	0.0086044843	-5.852399	-0.043853839
235.648	0.0087666926	-5.8528638	-0.045437084
235.776	0.0084441487	-5.8526077	-0.045144498
235.904	0.0084927463	-5.8527308	-0.043946634
236.032	0.0085498298	-5.8527127	-0.043682611
236.16	0.0082814489	-5.8529382	-0.045813104
236.288	0.0082513689	-5.8530458	-0.047432968
236.416	0.0082858611	-5.8529778	-0.046771431
236.544	0.0081676907	-5.8531337	-0.047299888
236.672	0.0082519435	-5.8531569	-0.045926437
236.8	0.0082059626	-5.8532127	-0.045358798
236.928	0.0081252171	-5.8531353	-0.047758994
237.056	0.0082035555	-5.8531318	-0.046883365
237.184	0.0082923458	-5.8529894	-0.04713222
237.312	0.0081684102	-5.8526595	-0.047884723
237.44	0.0083106908	-5.8529267	-0.044595417
237.568	0.0085266839	-5.8533523	-0.04358133
237.696	0.0085217245	-5.8529181	-0.045831737
237.824	0.0084943915	-5.8525744	-0.044075565
237.952	0.0087212988	-5.8525754	-0.043933037
238.08	0.0087304067	-5.8525181	-0.043144099
238.208	0.0088779173	-5.852349	-0.04393082
238.336	0.0090660514	-5.8522745	-0.045750699
238.464	0.0089603315	-5.8519606	-0.044186602
238.592	0.009284213	-5.8521219	-0.04516783
238.72	0.0092065401	-5.8522842	-0.044136355
238.848	0.0093306338	-5.8519716	-0.041876291
238.976	0.0094927647	-5.8518002	-0.041796946
239.104	0.0096290716	-5.8516821	-0.0418192
239.232	0.0096145954	-5.8515972	-0.040904467
239.36	0.0097860953	-5.8514378	-0.041628388
239.488	0.0097053119	-5.8513959	-0.040860915
239.616	0.009812822	-5.851267	-0.042569873
239.744	0.0097869377	-5.8513256	-0.042816596
239.872	0.0098695469	-5.8514199	-0.041647232
240	0.0097215634	-5.8513163	-0.040111566
240.128	0.0098634771	-5.851641	-0.041541822
240.256	0.0098398658	-5.8515484	-0.040505294
240.384	0.0096699915	-5.8512929	-0.041508984
240.512	0.0096326723	-5.851539	-0.042638839
240.64	0.009610652	-5.8513291	-0.042297114
240.768	0.0095863714	-5.8515301	-0.042446469
240.896	0.0094396606	-5.851616	-0.040070658
241.024	0.009361275	-5.851782	-0.041320139
241.152	0.0092921728	-5.8519349	-0.044370917
241.28	0.0090761762	-5.851988	-0.043209894
241.408	0.0092085802	-5.8522413	-0.043811644
241.536	0.0089949122	-5.8525344	-0.044334794
241.664	0.0088709454	-5.8523134	-0.042828717
241.792	0.0086784436	-5.8524651	-0.042937205
241.92	0.008623087	-5.8525174	-0.044330612
242.048	0.0084187049	-5.8525119	-0.04437567
242.176	0.0085892618	-5.852912	-0.045991001
242.304	0.0083443712	-5.8526425	-0.045870899
242.432	0.0083556996	-5.8528257	-0.045715818
242.56	0.0083414446	-5.853183	-0.04519488
242.688	0.0083366178	-5.8531196	-0.046866263
242.816	0.0082393593	-5.8530769	-0.047702911
242.944	0.0083152172	-5.8532905	-0.048364361
243.072	0.0080565342	-5.8528813	-0.046784041
243.2	0.008236122	-5.8532106	-0.047219297
243.328	0.0082124766	-5.8531881	-0.043758245
243.456	0.008310611	-5.852989	-0.043333922
243.584	0.008286239	-5.8529246	-0.04788973
243.712	0.0083103248	-5.8526647	-0.045337896
243.84	0.008435651	-5.852626	-0.04324776
243.968	0.0084267139	-5.8525729	-0.043689173
244.096	0.0085784783	-5.8526628	-0.042669716
244.224	0.0086537783	-5.8523963	-0.043428644
244.352	0.0087241982	-5.8523348	-0.044921408
244.48	0.0089829829	-5.8524598	-0.045335955
244.608	0.0090403811	-5.852422	-0.044615869
244.736	0.009048995	-5.8524644	-0.045009849
244.864	0.0091662088	-5.8519081	-0.044672704
244.992	0.0092159115	-5.8517666	-0.044624401
245.12	0.0093167967	-5.8516194	-0.043918183
245.248	0.0093328902	-5.8516068	-0.041049764
245.376	0.00956195	-5.8516737	-0.040826196
245.504	0.0096510929	-5.8517085	-0.041568805
245.632	0.0097702261	-5.8517502	-0.041616426
245.76	0.009740415	-5.8516795	-0.042371337
245.888	0.0097593347	-5.8515354	-0.041296556
246.016	0.0098401926	-5.8515645	-0.040657576
246.144	0.0097408476	-5.8513781	-0.041123893
246.272	0.0098285677	-5.8514817	-0.040380121
246.4	0.0097723525	-5.8515713	-0.040115002
246.528	0.0097588179	-5.8513486	-0.041537318
246.656	0.0099301654	-5.8514689	-0.042990444
246.784	0.0096420101	-5.851369	-0.042817601
246.912	0.009652673	-5.8516581	-0.042888279
247.04	0.0096057746	-5.8518036	-0.044220486
247.168	0.0093816987	-5.8518597	-0.043073465
247.296	0.0097063843	-5.8523977	-0.043874937
247.424	0.0090526243	-5.8518972	-0.041620224
247.552	0.0091586267	-5.8518461	-0.042700943
247.68	0.0090737277	-5.8520313	-0.04422522
247.808	0.0089006399	-5.8519618	-0.044109988
247.936	0.0089831822	-5.8522877	-0.044489042
248.064	0.0086590003	-5.8522302	-0.043059127
248.192	0.0087576644	-5.8527829	-0.046650542
248.32	0.008515778	-5.8526968	-0.045670475
248.448	0.0085695474	-5.8529302	-0.043302961
248.576	0.0084158163	-5.8529765	-0.046039475
248.704	0.008378844	-5.8532576	-0.04621235
248.832	0.0082737874	-5.8531729	-0.045512397
248.96	0.0082856413	-5.8531449	-0.047201664
249.088	0.0081536583	-5.8531081	-0.045555332
249.216	0.0081604868	-5.8530457	-0.04530017
249.344	0.0082287325	-5.8532115	-0.046569537
249.472	0.0082565854	-5.8533182	-0.046941035
249.6	0.0082408426	-5.8530007	-0.047409582
249.728	0.008230541	-5.8527877	-0.047883386
249.856	0.0082345346	-5.8530347	-0.046410821
249.984	0.0083751875	-5.8529961	-0.045538013
250.112	0.0084655324	-5.8531236	-0.04643825
250.24	0.0083984396	-5.8527738	-0.046434103
250.368	0.0085501337	-5.8524442	-0.044367535
250.496	0.0086935309	-5.8526138	-0.044432975
250.624	0.0086844007	-5.8523797	-0.045353928
250.752	0.0088535232	-5.8523385	-0.0441844
250.88	0.0087725934	-5.8519099	-0.044004379
251.008	0.0090926455	-5.8519922	-0.043626207
251.136	0.0092361235	-5.8521234	-0.042947686
251.264	0.0091378408	-5.8518603	-0.043911976
251.392	0.009463299	-5.8520398	-0.04294734
251.52	0.0093331085	-5.8520916	-0.041080988
251.648	0.0095386901	-5.8520098	-0.041003342
251.776	0.0095984587	-5.851578	-0.040883093
251.904	0.0095648128	-5.8513496	-0.04181765
252.032	0.0097752739	-5.8516384	-0.041145687
252.16	0.009715392	-5.8514698	-0.041538887
252.288	0.0097682904	-5.8514824	-0.042552601
252.416	0.0098354152	-5.8515791	-0.040725873
252.544	0.0099025383	-5.8512181	-0.043212139
252.672	0.0096904596	-5.8509348	-0.04219912
252.8	0.0098757258	-5.8513109	-0.042277397
252.928	0.0098406657	-5.8512297	-0.041120436
253.056	0.0096386497	-5.8512648	-0.038891756
253.184	0.0096926078	-5.8514873	-0.041337713
253.312	0.0094793219	-5.8517067	-0.040864971
253.44	0.009539916	-5.8521244	-0.042948888
253.568	0.0092020519	-5.8518418	-0.041049192
253.696	0.0093870509	-5.8520624	-0.043047279
253.824	0.0091930588	-5.8520686	-0.044134606
253.952	0.0091034766	-5.8521689	-0.043427213
254.08	0.0089638463	-5.8521732	-0.044433674
254.208	0.0088071307	-5.8522318	-0.043351571
254.336	0.0088461067	-5.8527861	-0.043480624
254.464	0.0086318702	-5.8526008	-0.043574001
254.592	0.0085617072	-5.8523019	-0.043178862
254.72	0.0085815045	-5.8528123	-0.043160971
254.848	0.0084007219	-5.8524974	-0.043427678
254.976	0.008406895	-5.8527785	-0.04520343
255.104	0.008309996	-5.8528764	-0.04616764
255.232	0.0082061274	-5.8530019	-0.045210458
255.36	0.0082687206	-5.8530754	-0.046336585
255.488	0.0082547678	-5.8533153	-0.046870503
255.616	0.008236592	-5.8532911	-0.046066844
255.744	0.0081688093	-5.8531472	-0.047652654
255.872	0.0082350732	-5.8529596	-0.046325106
256	0.0082205521	-5.8529059	-0.045866266
256.128	0.0083196958	-5.8528643	-0.046483224
256.256	0.0083124222	-5.8527389	-0.045575171
256.384	0.0083250437	-5.8527525	-0.044421726
256.512	0.0086419449	-5.8528913	-0.04497523
256.64	0.008356254	-5.8524408	-0.043080078
256.768	0.0084812536	-5.8523598	-0.043737627
256.896	0.0088340512	-5.8525888	-0.045729249
257.024	0.0088291914	-5.8524991	-0.045105486
257.152	0.0087508892	-5.8520518	-0.042666018
257.28	0.0091006156	-5.8519467	-0.043569551
257.408	0.0091681506	-5.8521296	-0.044604976
257.536	0.0092147037	-5.8519988	-0.043674993
257.664	0.0091799363	-5.8517344	-0.040823662
257.792	0.0095496145	-5.851789	-0.04293625
257.92	0.0094995342	-5.8514076	-0.042780608
258.048	0.0095322663	-5.8511957	-0.040952541
258.176	0.009697635	-5.8516039	-0.041695189
258.304	0.0096708107	-5.8513435	-0.04463775
258.432	0.0096849862	-5.8512931	-0.044149478
258.56	0.0098675486	-5.8513838	-0.042285063
258.688	0.0098570992	-5.8514032	-0.043791951
258.816	0.009695046	-5.8513467	-0.043201737
258.944	0.0099927508	-5.8516465	-0.041770621
259.072	0.0099033241	-5.8516204	-0.041670095
259.2	0.0097814041	-5.8513495	-0.041849837
259.328	0.0096122399	-5.8514669	-0.04165399
259.456	0.0097045095	-5.851484	-0.04071651
259.584	0.0095650077	-5.8514642	-0.039658039
259.712	0.0095990392	-5.8516034	-0.041455027
259.84	0.0094044179	-5.8518268	-0.042336098
259.968	0.0092153913	-5.8516545	-0.04389472
260.096	0.0092713265	-5.8518974	-0.044687488
260.224	0.0090313479	-5.8521309	-0.042786408
260.352	0.0090112697	-5.8521498	-0.042244329
260.48	0.0088603333	-5.8524844	-0.043159748
260.608	0.0087616639	-5.8525851	-0.04358731
260.736	0.0087921556	-5.8527243	-0.044182121
260.864	0.0085855434	-5.8527676	-0.044810393
260.992	0.0086885994	-5.8529011	-0.045782236
261.12	0.0083591454	-5.8529787	-0.045808951
261.248	0.008243542	-5.8529698	-0.046891842
261.376	0.0083474841	-5.8530068	-0.045175393
261.504	0.008262133	-5.8531848	-0.046119105
261.632	0.0081957712	-5.8530845	-0.047080326
261.76	0.008288515	-5.8530927	-0.044946497
261.888	0.0081483927	-5.8528689	-0.045337028
262.016	0.008186596	-5.8531288	-0.046855528
262.144	0.0080886982	-5.852884	-0.044701823
262.272	0.0083492395	-5.8531068	-0.04398734
262.4	0.0083168509	-5.8531638	-0.045204823
262.528	0.0084579603	-5.8529212	-0.046423699
262.656	0.0083593539	-5.8530261	-0.045933258
262.784	0.0083395814	-5.8527426	-0.046703615
262.912	0.0084626706	-5.8527922	-0.04587474
263.04	0.0086759709	-5.8528821	-0.046321677
263.168	0.0086274286	-5.8522157	-0.045725378
263.296	0.0087277595	-5.8520492	-0.046573805
263.424	0.0088899486	-5.8522018	-0.04578368
263.552	0.0090658637	-5.8522944	-0.042467464
263.68	0.009124697	-5.8520975	-0.041893329
263.808	0.009098508	-5.8519706	-0.042732963
263.936	0.0092474859	-5.851741	-0.043288547
264.064	0.0095777432	-5.8518107	-0.04188463
264.192	0.0094305003	-5.8516419	-0.041932686
264.32	0.0095143819	-5.8516317	-0.040964419
264.448	0.0095654591	-5.8513602	-0.040851869
264.576	0.0098173614	-5.8516686	-0.04254723
264.704	0.0097972677	-5.8514751	-0.042059941
264.832	0.0097424305	-5.8512942	-0.040059547
264.96	0.0097822336	-5.8513116	-0.042007264
265.088	0.0097139925	-5.851181	-0.042471948
265.216	0.0098620873	-5.8512503	-0.041757272
265.344	0.0097269677	-5.8512007	-0.042246207
265.472	0.0097194085	-5.8514072	-0.041079693
265.6	0.0097113243	-5.8515422	-0.040813136
265.728	0.0098018029	-5.8518111	-0.041595305
265.856	0.0095733195	-5.8516007	-0.040514537
265.984	0.0096451894	-5.8517959	-0.040226001
266.112	0.0093166457	-5.8517369	-0.041629486
266.24	0.0094558092	-5.8521565	-0.043411727
266.368	0.0092905053	-5.8520854	-0.041763094
266.496	0.0090649889	-5.8519469	-0.042846276
266.624	0.0089947363	-5.8521668	-0.043941745
266.752	0.008960357	-5.852421	-0.04330066
266.88	0.0088213227	-5.8522139	-0.044227651
267.008	0.0086484424	-5.8520339	-0.046136047
267.136	0.0085330416	-5.8523957	-0.046169076
267.264	0.0086651053	-5.8525475	-0.045502876
267.392	0.0085041141	-5.8525822	-0.046135425
267.52	0.0084107001	-5.8529518	-0.045833755
267.648	0.0082358481	-5.8530705	-0.044243179
267.776	0.0082590644	-5.8530669	-0.045294534
267.904	0.0082934042	-5.8531041	-0.047782245
268.032	0.008303011	-5.853118	-0.046933191
268.16	0.0081343373	-5.8529867	-0.045995779
268.288	0.0082003634	-5.8530513	-0.046537916
268.416	0.008172836	-5.8528539	-0.047415578
268.544	0.0082290517	-5.8529572	-0.047707687
268.672	0.0082920814	-5.8529322	-0.046164356
268.8	0.008248419	-5.8530766	-0.046055603
268.928	0.0083969958	-5.8531696	-0.045540423
269.056	0.008452269	-5.852818	-0.044363758
269.184	0.0084220375	-5.8526951	-0.044092212
269.312	0.0085863986	-5.8526778	-0.045229947
269.44	0.0086020618	-5.8525144	-0.044203046
269.568	0.0087746432	-5.8525697	-0.043112341
269.696	0.0089473173	-5.8524934	-0.043521975
269.824	0.00894265	-5.8523894	-0.043870513
269.952	0.0089971994	-5.8522035	-0.043387497
270.08	0.0089992385	-5.8519513	-0.043034082
270.208	0.009115284	-5.8518402	-0.042514753
270.336	0.0094963676	-5.8521615	-0.043680456
270.464	0.0096257394	-5.8518906	-0.041776037
270.592	0.0094067888	-5.8514558	-0.040609206
270.72	0.0097166136	-5.8518282	-0.041162008
270.848	0.0095584348	-5.8514037	-0.038392364
270.976	0.0099426212	-5.8515209	-0.041568039
271.104	0.009751664	-5.8513635	-0.041425354
271.232	0.0099977607	-5.8516606	-0.040974397
271.36	0.0098807958	-5.8513896	-0.040865274
271.488	0.009814115	-5.8511789	-0.041528663
271.616	0.009776957	-5.8509123	-0.041188207
271.744	0.009847778	-5.8514141	-0.042472915
271.872	0.0097621286	-5.8512808	-0.044098244
272	0.0097132097	-5.8513386	-0.041865825
272.128	0.0096289503	-5.85144	-0.040296786
272.256	0.0096070457	-5.8516037	-0.042469013
272.384	0.009342079	-5.8518612	-0.041943765
272.512	0.0093619374	-5.8518762	-0.042787222
272.64	0.0090134608	-5.8517851	-0.04275775
272.768	0.0093559456	-5.8521877	-0.045749984
272.896	0.0091892887	-5.8523791	-0.04545467
273.024	0.0090718758	-5.8524848	-0.043584245
273.152	0.0087305456	-5.8522245	-0.042661188
273.28	0.0087270174	-5.8527104	-0.043984699
273.408	0.0087148611	-5.8526097	-0.045121892
273.536	0.0086196347	-5.8527936	-0.044701602
273.664	0.0084268711	-5.8528682	-0.046264156
273.792	0.0083723599	-5.852767	-0.044828336
273.92	0.0083120085	-5.8527708	-0.045458672
274.048	0.0082278691	-5.8528793	-0.04614083
274.176	0.0082954782	-5.8528426	-0.045457983
274.304	0.0082820166	-5.8529084	-0.047112476
274.432	0.0081466505	-5.8525599	-0.045553821
274.56	0.008189248	-5.8531227	-0.044702905
274.688	0.0081690385	-5.8529529	-0.045390632
274.816	0.0083019378	-5.8532106	-0.047408924
274.944	0.0081746359	-5.8530827	-0.045195263
275.072	0.0083629455	-5.8532785	-0.045369705
275.2	0.0082524452	-5.853103	-0.046360753
275.328	0.0084159691	-5.8528586	-0.047167214
275.456	0.0085221973	-5.8527512	-0.046364614
275.584	0.0084081878	-5.8527427	-0.04568219
275.712	0.0087803829	-5.8528402	-0.045806464
275.84	0.0085718418	-5.8523367	-0.042316192
275.968	0.0089662464	-5.8524329	-0.043647622
276.096	0.0088969984	-5.8522461	-0.044825984
276.224	0.0089978486	-5.8520283	-0.044235746
276.352	0.0091950857	-5.8519278	-0.044892212
276.48	0.0094155676	-5.8520382	-0.044150276
276.608	0.009327649	-5.8518888	-0.042873636
276.736	0.009356544	-5.8517455	-0.042765264
276.864	0.0095391969	-5.8516766	-0.042602333
276.992	0.0095350875	-5.8513379	-0.042848769
277.12	0.009718816	-5.8516163	-0.041411798
277.248	0.0097446154	-5.8515542	-0.041717406
277.376	0.0098957172	-5.8516588	-0.04367644
277.504	0.0098161669	-5.8514255	-0.041921169
277.632	0.0096633756	-5.8509256	-0.040516841
277.76	0.0098590484	-5.8514007	-0.041067053
277.888	0.0099767875	-5.8515254	-0.041878555
278.016	0.00988266	-5.8515656	-0.040595768
278.144	0.0096768118	-5.8514342	-0.039314699
278.272	0.010008312	-5.8518023	-0.041247569
278.4	0.0094596006	-5.8515905	-0.04041439
278.528	0.0096072156	-5.8516895	-0.042376258
278.656	0.0094096387	-5.8517961	-0.042348616
278.784	0.009368309	-5.8518167	-0.04481374
278.912	0.0092761577	-5.8518985	-0.043366399
279.04	0.0091849758	-5.8519912	-0.041785803
279.168	0.0090486957	-5.8521434	-0.042874161
279.296	0.0090120369	-5.8520785	-0.041816258
279.424	0.0089172352	-5.8523252	-0.043998133
279.552	0.0088181796	-5.8524258	-0.046532409
279.68	0.0087004229	-5.8526527	-0.045135074
279.808	0.0085363752	-5.852607	-0.043828364
279.936	0.0083873608	-5.8526627	-0.047255236
280.064	0.0084285109	-5.8526216	-0.045722387
280.192	0.0083521308	-5.8527959	-0.045049793
280.32	0.0082243674	-5.8527628	-0.046164212
280.448	0.0083006475	-5.8530606	-0.046646712
280.576	0.0083285227	-5.8532239	-0.049091296
280.704	0.0081170046	-5.8528178	-0.045368851
280.832	0.0082204279	-5.8530643	-0.044408615
280.96	0.0083312736	-5.8534395	-0.046250653
281.088	0.008187332	-5.8530316	-0.044270855
281.216	0.0081134853	-5.8526474	-0.042859736
281.344	0.0082486597	-5.8527646	-0.045665068
281.472	0.0082732968	-5.8528564	-0.046011863
281.6	0.0084507085	-5.8529807	-0.044693435
281.728	0.0083667708	-5.8526476	-0.044949207
281.856	0.0084748971	-5.8525678	-0.045310512
281.984	0.0087083933	-5.8527104	-0.044917245
282.112	0.0086891522	-5.8526964	-0.044164668
282.24	0.0089947034	-5.8526163	-0.044554873
282.368	0.0088045755	-5.8524014	-0.043236005
282.496	0.0090887861	-5.8522369	-0.043034439
282.624	0.009182543	-5.8521719	-0.042712219
282.752	0.0091137802	-5.8520179	-0.042847868
282.88	0.0092718478	-5.8519512	-0.04288981
283.008	0.0093759227	-5.8516272	-0.041186052
283.136	0.0094707658	-5.8512843	-0.039878254
283.264	0.0095842077	-5.8515578	-0.038799614
283.392	0.00971006	-5.8512076	-0.040578405
283.52	0.0096575037	-5.8511073	-0.040329626
283.648	0.0097709715	-5.8509742	-0.039474018
283.776	0.0097305402	-5.8511085	-0.042093934
283.904	0.009933193	-5.8511318	-0.042273561
284.032	0.0099749884	-5.8513839	-0.042762135
284.16	0.0096618824	-5.8511515	-0.041168495
284.288	0.0099024519	-5.8517173	-0.042161686
284.416	0.0097014288	-5.8516915	-0.042727092
284.544	0.0097717674	-5.8514184	-0.040800496
284.672	0.0095916665	-5.8514957	-0.042642399
284.8	0.0096341563	-5.8518861	-0.044718863
284.928	0.0093676761	-5.8518675	-0.043292999
285.056	0.0095410309	-5.8522797	-0.045038057
285.184	0.0092226221	-5.8518616	-0.043676785
285.312	0.0090039527	-5.8517114	-0.041998015
285.44	0.0091374168	-5.8521144	-0.044317947
285.568	0.0091518774	-5.8523767	-0.044689648
285.696	0.0089475329	-5.8523442	-0.044558664
285.824	0.0087328607	-5.8523602	-0.046324298
285.952	0.0087428466	-5.8526494	-0.045950125
286.08	0.0085435977	-5.8525732	-0.04504932
286.208	0.0084770998	-5.8525429	-0.044769145
286.336	0.0083989215	-5.8529331	-0.044921398
286.464	0.0083586586	-5.8528946	-0.045810414
286.592	0.0084014075	-5.8530078	-0.046517643
286.72	0.0082692827	-5.8526708	-0.045129444
286.848	0.0082385967	-5.8530135	-0.045928757
286.976	0.008160161	-5.8530943	-0.045107385
287.104	0.0080947432	-5.852946	-0.044979689
287.232	0.0083746923	-5.8532662	-0.046167269
287.36	0.0081593202	-5.8530733	-0.044609964
287.488	0.0082090514	-5.8528851	-0.045889436
287.616	0.0083362511	-5.8529382	-0.046692133
287.744	0.0083226255	-5.8528765	-0.046018381
287.872	0.0083886301	-5.8529795	-0.045942568
288	0.008488409	-5.8529102	-0.045834095
288.128	0.0085168785	-5.8528314	-0.044169646
288.256	0.0086380082	-5.8527612	-0.043894203
288.384	0.0087413704	-5.8527313	-0.045717161
288.512	0.0088124566	-5.8525569	-0.045330703
288.64	0.0087824245	-5.8522554	-0.044179283
288.768	0.0089635929	-5.8522064	-0.043868482
288.896	0.0091323046	-5.8522992	-0.042568801
289.024	0.0088966149	-5.8517662	-0.042102063
289.152	0.0094746858	-5.8520901	-0.042910783
289.28	0.0095174289	-5.8518044	-0.041052035
289.408	0.0094814821	-5.8518495	-0.043220248
289.536	0.0094609657	-5.8515599	-0.042658634
289.664	0.0097437124	-5.8518529	-0.043992121
289.792	0.0098724111	-5.8518254	-0.041833417
289.92	0.0096931007	-5.8513532	-0.039961904
290.048	0.0099279534	-5.8514866	-0.043792209
290.176	0.0098043191	-5.8512892	-0.042089452
290.304	0.0097209527	-5.851229	-0.040202029
290.432	0.0099081153	-5.8515264	-0.041283399
290.56	0.009779221	-5.8515713	-0.042055867
290.688	0.0098335293	-5.8517134	-0.044151081
290.816	0.0096738382	-5.8513985	-0.042457477
290.944	0.0096425523	-5.8515094	-0.041634158
291.072	0.0096529578	-5.8517155	-0.041826882
291.2	0.0096518216	-5.8517105	-0.04232426
291.328	0.009357919	-5.8515836	-0.042510457
291.456	0.0092770709	-5.851685	-0.042140571
291.584	0.0093429527	-5.8519287	-0.043315078
291.712	0.0091010241	-5.8522691	-0.043334923
291.84	0.008946666	-5.8521876	-0.04098627
291.968	0.0089106679	-5.8522996	-0.041767812
292.096	0.0087043878	-5.8524531	-0.043530276
292.224	0.008801154	-5.8524972	-0.044284602
292.352	0.008487486	-5.8525067	-0.044329237
292.48	0.0085495062	-5.8527539	-0.046120555
292.608	0.0085800934	-5.8527293	-0.046817564
292.736	0.0083327817	-5.8525712	-0.044465892
292.864	0.0083228308	-5.8528185	-0.044779483
292.992	0.0082462114	-5.8528626	-0.045702806
293.12	0.0082615791	-5.8530656	-0.046864099
293.248	0.0084322176	-5.8531604	-0.0481594
293.376	0.0081336136	-5.8528772	-0.0439422
293.504	0.0081668932	-5.8530639	-0.043879972
293.632	0.0082072668	-5.8529031	-0.046187358
293.76	0.0081695589	-5.8527936	-0.046536803
293.888	0.0083145543	-5.852908	-0.047325257
294.016	0.0081715232	-5.8527959	-0.04521637
294.144	0.0083911812	-5.8530649	-0.044898528
294.272	0.00833813	-5.8529461	-0.044869829
294.4	0.0085720343	-5.8526763	-0.045868574
294.528	0.0084741159	-5.8523037	-0.043443837
294.656	0.0087468095	-5.8524478	-0.045216052
294.784	0.0087484727	-5.8524633	-0.045756396
294.912	0.008848752	-5.8522979	-0.044268999
295.04	0.009058247	-5.8524307	-0.042926662
295.168	0.0088809555	-5.8519548	-0.041696834
295.296	0.009271673	-5.8519469	-0.043073879
295.424	0.0092801156	-5.8517416	-0.042599141
295.552	0.0094344587	-5.8520264	-0.042018021
295.68	0.0095362312	-5.8518887	-0.040600412
295.808	0.0094769063	-5.8513685	-0.041620256
295.936	0.0097613509	-5.8515732	-0.041160412
296.064	0.0096907647	-5.8514333	-0.041231052
296.192	0.0097775365	-5.8512935	-0.041411861
296.32	0.0097615871	-5.8515355	-0.039795223
296.448	0.0096978172	-5.8512058	-0.040720663
296.576	0.0097851242	-5.851229	-0.042084822
296.704	0.0098412226	-5.8515199	-0.04272839
296.832	0.0098115338	-5.8514676	-0.041162882
296.96	0.0097415697	-5.851365	-0.042216574
297.088	0.009917871	-5.8515419	-0.042657348
297.216	0.0096543084	-5.8516887	-0.043126512
297.344	0.0096109904	-5.8514738	-0.042905824
297.472	0.009479684	-5.8514287	-0.043110551
297.6	0.0094447044	-5.8517063	-0.042116556
297.728	0.0094571277	-5.85195	-0.04229334
297.856	0.0091623973	-5.8519528	-0.044372207
297.984	0.0091885689	-5.8519751	-0.042959364
298.112	0.0090157661	-5.8521136	-0.043726836
298.24	0.0088440596	-5.8521434	-0.046127326
298.368	0.0089220066	-5.8525537	-0.044683184
298.496	0.0086348187	-5.8523995	-0.043469292
298.624	0.0087239522	-5.8526727	-0.046066134
298.752	0.0084927061	-5.8528498	-0.046181533
298.88	0.0084568519	-5.8529418	-0.046862102
299.008	0.0084603434	-5.8530013	-0.046568589
299.136	0.0084169352	-5.8529436	-0.045901708
299.264	0.0082769383	-5.8529711	-0.046303067
299.392	0.0082279186	-5.8531407	-0.046075951
299.52	0.0082914397	-5.8529411	-0.043924338
299.648	0.008147654	-5.8529392	-0.044368831
299.776	0.0083370103	-5.8532321	-0.044696649
299.904	0.0082161383	-5.8530726	-0.045541089
300.032	0.0082020604	-5.8530953	-0.048401881
300.16	0.0082650422	-5.8530653	-0.046815796
300.288	0.0084486809	-5.8531838	-0.046773003
300.416	0.0083240482	-5.8527123	-0.044410498
300.544	0.0083577907	-5.8525658	-0.043858732
300.672	0.0084511956	-5.8529024	-0.044645731
300.8	0.0085807335	-5.8527825	-0.042404423
300.928	0.0087450486	-5.8525656	-0.04571476
301.056	0.0087719392	-5.8524196	-0.045600431
301.184	0.0087751278	-5.8522404	-0.043789652
301.312	0.0089244861	-5.8521631	-0.043346302
301.44	0.0089981116	-5.8522199	-0.043861259
301.568	0.0091417265	-5.8521923	-0.042838448
301.696	0.0093320609	-5.8521428	-0.044199452
301.824	0.0092183596	-5.8517898	-0.044171016
301.952	0.0093762109	-5.8516017	-0.041993207
302.08	0.0095113448	-5.8515939	-0.040436881
302.208	0.0096414292	-5.8516311	-0.042666706
302.336	0.0096355031	-5.8514393	-0.043180794
302.464	0.0098443044	-5.8512854	-0.042650113
302.592	0.0098138368	-5.8512492	-0.042739471
302.72	0.0097750805	-5.8512978	-0.039562655
302.848	0.0097260621	-5.8512803	-0.039275959
302.976	0.0099566635	-5.851343	-0.043284202
303.104	0.0097611204	-5.8513626	-0.04166021
303.232	0.0098140338	-5.8515884	-0.041511623
303.36	0.0098463536	-5.8516631	-0.040587305
303.488	0.0096632772	-5.8516922	-0.041456165
303.616	0.0096093955	-5.8516795	-0.043251107
303.744	0.0095897232	-5.8518197	-0.04155557
303.872	0.0095544456	-5.851887	-0.042063724
304	0.0093723674	-5.8519241	-0.041048202
304.128	0.0091591008	-5.8520521	-0.042013629
304.256	0.0090744787	-5.8519443	-0.046217285
304.384	0.0091316104	-5.8522417	-0.044669196
304.512	0.0088078197	-5.8523693	-0.04262401
304.64	0.0088600801	-5.852343	-0.045492115
304.768	0.0088202171	-5.8526449	-0.043700761
304.896	0.008777402	-5.8528154	-0.044709135
305.024	0.0087278833	-5.8525414	-0.0441325
305.152	0.008406926	-5.8524047	-0.043400517
305.28	0.0084691311	-5.8525793	-0.045310517
305.408	0.00839605	-5.8525669	-0.045429527
305.536	0.0084087099	-5.8528513	-0.047138306
305.664	0.0082614471	-5.8528789	-0.047979529
305.792	0.0083566524	-5.8533402	-0.047495576
305.92	0.0081053381	-5.8530984	-0.046650353
306.048	0.0082286282	-5.8529977	-0.047565387
306.176	0.0083363878	-5.8529889	-0.045700799
306.304	0.0081513037	-5.8527078	-0.042851394
306.432	0.008224273	-5.8527591	-0.045276999
306.56	0.0083059866	-5.8528564	-0.045157679
306.688	0.008417741	-5.8527473	-0.045960853
306.816	0.0082291926	-5.8524643	-0.043532616
306.944	0.0084667757	-5.8526933	-0.045499633
307.072	0.0086179345	-5.8528815	-0.045691312
307.2	0.0086842207	-5.8527997	-0.045264482
307.328	0.0087614044	-5.852808	-0.045464665
307.456	0.0087714898	-5.8526212	-0.045050827
307.584	0.0089592021	-5.8525386	-0.044602046
307.712	0.0089691923	-5.8524134	-0.043359543
307.84	0.0090551676	-5.852036	-0.043058616
307.968	0.0091498257	-5.851991	-0.043759018
308.096	0.0093379928	-5.8522333	-0.043444216
308.224	0.0095601561	-5.8522662	-0.04193996
308.352	0.009445516	-5.8519528	-0.040972975
308.48	0.0094901405	-5.8515539	-0.04226441
308.608	0.0096339047	-5.851481	-0.044112815
308.736	0.0096662188	-5.8514732	-0.042557436
308.864	0.009713399	-5.8515194	-0.041686966
308.992	0.0098940196	-5.8513764	-0.042257928
309.12	0.0097925356	-5.8513017	-0.039931677
309.248	0.0098747139	-5.8515206	-0.041172793
309.376	0.0097023156	-5.8513853	-0.040929768
309.504	0.0097747545	-5.8513589	-0.041964111
309.632	0.0097424636	-5.8513812	-0.043208507
309.76	0.0098933473	-5.8516582	-0.04307358
309.888	0.0095025892	-5.8512928	-0.041317858
310.016	0.0095556903	-5.8516336	-0.041141983
310.144	0.0093911196	-5.8515839	-0.041931029
310.272	0.0095133575	-5.8517803	-0.042579045
310.4	0.0093283193	-5.851883	-0.042717846
310.528	0.0092990621	-5.8521976	-0.044331983
310.656	0.0090945186	-5.8520375	-0.044182807
310.784	0.0089458749	-5.8520677	-0.043112413
310.912	0.0088761528	-5.8522727	-0.044646149
311.04	0.0087015775	-5.8525061	-0.0465298
311.168	0.0087162332	-5.8526603	-0.043735297
311.296	0.0086377414	-5.8526058	-0.044568807
311.424	0.0085111877	-5.8526298	-0.046067428
311.552	0.0085194158	-5.8528522	-0.045553009
311.68	0.0084061314	-5.8527278	-0.046162731
311.808	0.0081970345	-5.8527129	-0.045243097
311.936	0.0082317106	-5.8525148	-0.044743531
312.064	0.0083333081	-5.8526837	-0.045143904
312.192	0.008295068	-5.8529893	-0.044750206
312.32	0.0081450983	-5.853082	-0.046129583
312.448	0.0082175289	-5.8530242	-0.045731535
312.576	0.0082397564	-5.8531067	-0.044307326
312.704	0.0082194033	-5.8529521	-0.04503436
312.832	0.0082075441	-5.8526728	-0.045596747
312.96	0.0083245651	-5.8527917	-0.045037785
313.088	0.0084556011	-5.8526845	-0.044849024
313.216	0.0086295942	-5.8529609	-0.045719701
313.344	0.0085998597	-5.8528244	-0.043645717
313.472	0.0086652535	-5.8525318	-0.045245589
313.6	0.0087022412	-5.8523532	-0.044225336
313.728	0.0087048867	-5.8523017	-0.043137581
313.856	0.0088934117	-5.8522101	-0.043819126
313.984	0.0089891045	-5.8524992	-0.04460854
314.112	0.0091034354	-5.8524026	-0.042524317
314.24	0.0092276994	-5.8520842	-0.041788123
314.368	0.0091654304	-5.8517884	-0.04334703
314.496	0.0094160974	-5.8519358	-0.042766285
314.624	0.0094356465	-5.8518254	-0.043004399
314.752	0.0096088546	-5.8516924	-0.045692556
314.88	0.0096268753	-5.8514949	-0.04240057
315.008	0.0097535817	-5.8515521	-0.041245015
315.136	0.009640334	-5.8512975	-0.04098407
315.264	0.0096539023	-5.8514828	-0.041537125
315.392	0.0098719635	-5.8515018	-0.042052267
315.52	0.009739918	-5.8513858	-0.04146856
315.648	0.0098799294	-5.8514182	-0.043122783
315.776	0.0098541073	-5.8513743	-0.043056778
315.904	0.0097012836	-5.8511348	-0.042448202
316.032	0.0096478781	-5.8513268	-0.042627319
316.16	0.0096510638	-5.8514627	-0.041475453
316.288	0.0095982503	-5.8514768	-0.041613489
316.416	0.0095100736	-5.8516178	-0.043483307
316.544	0.0095293105	-5.8516559	-0.043792261
316.672	0.0094149443	-5.8520052	-0.043601857
316.8	0.0091734548	-5.852109	-0.043423282
316.928	0.0089812741	-5.8521414	-0.041657208
317.056	0.0089401317	-5.852377	-0.042002903
317.184	0.0089243562	-5.8524712	-0.044983423
317.312	0.0088902908	-5.8525574	-0.045118544
317.44	0.0087141491	-5.8525121	-0.045182678
317.568	0.0086280112	-5.8525667	-0.044163448
317.696	0.0084641999	-5.8524301	-0.044155885
317.824	0.0086480042	-5.8529235	-0.046190796
317.952	0.0084902739	-5.8530212	-0.045431698
318.08	0.0082921688	-5.8528692	-0.045847194
318.208	0.0083324403	-5.853144	-0.047524746
318.336	0.008256498	-5.8528807	-0.046744146
318.464	0.0083428683	-5.8530553	-0.046539372
318.592	0.0082248221	-5.8529859	-0.046384281
318.72	0.0082903576	-5.8530916	-0.046834747
318.848	0.0082374515	-5.8529351	-0.046021202
318.976	0.0081773884	-5.8529338	-0.046593003
319.104	0.0083806685	-5.8528748	-0.046096061
319.232	0.0083443496	-5.8530079	-0.045219415
319.36	0.0083413379	-5.8527175	-0.045980397
319.488	0.0084794219	-5.8528401	-0.04623295
319.616	0.0084666979	-5.8528711	-0.044016335
319.744	0.0085911861	-5.8527821	-0.045814567
319.872	0.008760344	-5.8523263	-0.046065395
320	0.0087336034	-5.8523149	-0.04488364
320.128	0.0088835184	-5.8523362	-0.045065517
320.256	0.0088852097	-5.852202	-0.043561106
320.384	0.0089550309	-5.851993	-0.042803111
320.512	0.0092283218	-5.8517267	-0.041771775
320.64	0.0093273177	-5.8520037	-0.041399366
320.768	0.0094432365	-5.8521281	-0.040822964
320.896	0.009298799	-5.8520749	-0.041341481
321.024	0.0095441087	-5.8518332	-0.03921161
321.152	0.0097088247	-5.8517657	-0.040733366
321.28	0.00965597	-5.8513676	-0.041855945
321.408	0.0096503884	-5.8512498	-0.038763117
321.536	0.0098059114	-5.8512219	-0.040499152
321.664	0.009771243	-5.8512893	-0.042597147
321.792	0.0098228101	-5.8513815	-0.039918117
321.92	0.0097878793	-5.8513172	-0.04213789
322.048	0.0097044024	-5.8513017	-0.042095698
322.176	0.0096998927	-5.8511827	-0.04087307
322.304	0.0096236382	-5.8515241	-0.042593337
322.432	0.0097795093	-5.8515903	-0.043773023
322.56	0.0095324848	-5.8516571	-0.041307412
322.688	0.0096074959	-5.8517123	-0.043060145
322.816	0.0094260622	-5.85187	-0.042462292
322.944	0.0092654838	-5.8519655	-0.040879776
323.072	0.0092974493	-5.8520759	-0.043302091
323.2	0.0090961334	-5.8519583	-0.043770817
323.328	0.0090417976	-5.852182	-0.043406055
323.456	0.0089919151	-5.8524083	-0.042813393
323.584	0.0089353795	-5.852459	-0.045918721
323.712	0.0087265429	-5.852442	-0.04484775
323.84	0.0086486343	-5.8527053	-0.043137535
323.968	0.0086235822	-5.8527771	-0.045872361
324.096	0.0084443188	-5.8526915	-0.045794347
324.224	0.0085723583	-5.8528833	-0.044683585
324.352	0.0084136494	-5.8529553	-0.045076005
324.48	0.008185511	-5.8527759	-0.043576185
324.608	0.0083004518	-5.8529679	-0.044703746
324.736	0.0083407044	-5.8530829	-0.046461848
324.864	0.0081784083	-5.8529883	-0.046125664
324.992	0.0082744901	-5.8529748	-0.046211972
325.12	0.0083808464	-5.8530229	-0.04621194
325.248	0.0082454451	-5.8527898	-0.045934681
325.376	0.0082841709	-5.8527284	-0.046421424
325.504	0.0082548266	-5.8528192	-0.046313004
325.632	0.0084937584	-5.8528544	-0.046814241
325.76	0.0083326005	-5.8529691	-0.045855379
325.888	0.0086214128	-5.8531445	-0.045658835
326.016	0.0085211109	-5.8526131	-0.046360976
326.144	0.0085340288	-5.8522758	-0.043759337
326.272	0.0087736561	-5.8524699	-0.043311937
326.4	0.009057482	-5.8524966	-0.044980085
326.528	0.0088549611	-5.8520275	-0.045140539
326.656	0.0090931606	-5.8519735	-0.044118186
326.784	0.0091440601	-5.8519752	-0.043480016
326.912	0.0091296157	-5.8519603	-0.043471925
327.04	0.0093445411	-5.8517147	-0.042275272
327.168	0.0093486789	-5.8516932	-0.040139819
327.296	0.0094091205	-5.8514739	-0.039338757
327.424	0.0097226244	-5.851862	-0.04174196
327.552	0.0096569196	-5.8514264	-0.040725949
327.68	0.0096931187	-5.8515808	-0.041597903
327.808	0.009783123	-5.8515557	-0.041614436
327.936	0.0097578067	-5.8514879	-0.041330902
328.064	0.0098052543	-5.8514811	-0.040846123
328.192	0.0098464035	-5.8515466	-0.040865652
328.32	0.0099744946	-5.8512084	-0.041676183
328.448	0.0096348142	-5.8509943	-0.040485469
328.576	0.0099209864	-5.8515621	-0.042873519
328.704	0.0095386089	-5.8515819	-0.041584713
328.832	0.0096697167	-5.8517705	-0.042403087
328.96	0.0095706447	-5.8516946	-0.043194867
329.088	0.0094223945	-5.8516501	-0.043419319
329.216	0.0093267105	-5.8517985	-0.04337925
329.344	0.0091123482	-5.851866	-0.042850777
329.472	0.0092869263	-5.85225	-0.043807019
329.6	0.008909572	-5.8522224	-0.043804761
329.728	0.0090519199	-5.852471	-0.043951623
329.856	0.0088114788	-5.8523436	-0.043120622
329.984	0.0088620765	-5.8524672	-0.044945105
330.112	0.0087997296	-5.8526366	-0.043734904
330.24	0.0085544176	-5.8527891	-0.044850703
330.368	0.0085890518	-5.8526669	-0.045733576
330.496	0.0084180271	-5.8527181	-0.045545984
330.624	0.0083812578	-5.8530402	-0.045699482
330.752	0.008351378	-5.8530191	-0.04666621
330.88	0.0083231905	-5.8531613	-0.047756765
331.008	0.008205953	-5.8532789	-0.045481506
331.136	0.0081895882	-5.8529947	-0.04438707
331.264	0.0082941177	-5.8531472	-0.045209467
331.392	0.0082456689	-5.8531899	-0.046830125
331.52	0.0081945011	-5.8526537	-0.045620387
331.648	0.0084071762	-5.8528375	-0.046989614
331.776	0.0083189766	-5.8526816	-0.045779508
331.904	0.0083879665	-5.8525825	-0.044644706
332.032	0.0083665673	-5.8527766	-0.043146039
332.16	0.0086126855	-5.853096	-0.044588042
332.288	0.0085083771	-5.8523816	-0.045426283
332.416	0.0087710386	-5.8526271	-0.045985542
332.544	0.008718593	-5.8525757	-0.045534131
332.672	0.0086508919	-5.8527226	-0.043531401
332.8	0.0091035478	-5.8526034	-0.044194771
332.928	0.0089870556	-5.8521371	-0.044081454
333.056	0.0090089804	-5.8521679	-0.042709089
333.184	0.0092902258	-5.8521435	-0.042860799
333.312	0.0092281504	-5.8520133	-0.041764373
333.44	0.0094927083	-5.8518342	-0.043036393
333.568	0.0094070094	-5.8515009	-0.043198384
333.696	0.0095450413	-5.8516129	-0.044412791
333.824	0.0096528513	-5.8516924	-0.044481833
333.952	0.0097415318	-5.851668	-0.042739772
334.08	0.0096513221	-5.8515263	-0.042783248
334.208	0.0098234296	-5.8516025	-0.041617758
334.336	0.0097789916	-5.8514675	-0.040120036
334.464	0.0098919475	-5.8514062	-0.039967434
334.592	0.0097683044	-5.8514739	-0.041796647
334.72	0.0097257313	-5.8517194	-0.041388021
334.848	0.0095577467	-5.8512361	-0.039366767
334.976	0.0098984138	-5.8514768	-0.042524787
335.104	0.0095161878	-5.8512927	-0.041837089
335.232	0.0095803771	-5.8516799	-0.041625098
335.36	0.0094097265	-5.8513441	-0.043826382
335.488	0.0094552615	-5.8517924	-0.044678731
335.616	0.0092497699	-5.8517243	-0.044332453
335.744	0.0091206521	-5.8518688	-0.04326769
335.872	0.0090480424	-5.8520701	-0.041973772
336	0.0089495109	-5.8523858	-0.043792922
336.128	0.0089283162	-5.8525575	-0.044500547
336.256	0.0088859058	-5.8529166	-0.045048513
336.384	0.0086226576	-5.852547	-0.044753289
336.512	0.0084989273	-5.8522832	-0.045733806
336.64	0.0085915949	-5.8527082	-0.045915136
336.768	0.0086619068	-5.8527716	-0.045039403
336.896	0.0083630391	-5.8526027	-0.046270511
337.024	0.0083821973	-5.8527144	-0.047364767
337.152	0.0083602096	-5.8527784	-0.046798427
337.28	0.0082247728	-5.8528612	-0.0458656
337.408	0.0082845782	-5.8530758	-0.045332596
337.536	0.0080838793	-5.8528504	-0.044018663
337.664	0.0083719233	-5.8533597	-0.045771714
337.792	0.0082488156	-5.8531673	-0.045643761
337.92	0.0083153948	-5.8531555	-0.044552811
338.048	0.0082383051	-5.8529045	-0.046295661
338.176	0.0084042423	-5.8529023	-0.04532071
338.304	0.0085129254	-5.8529539	-0.04426563
338.432	0.0083788205	-5.8526514	-0.045142893
338.56	0.0086367977	-5.8526903	-0.045001941
338.688	0.008747202	-5.8526771	-0.043711376
338.816	0.0087630632	-5.8523394	-0.043647388
338.944	0.0086744427	-5.8522508	-0.044702028
339.072	0.008816153	-5.8522725	-0.045576986
339.2	0.0090604898	-5.8523818	-0.04430823
339.328	0.0091500108	-5.8522198	-0.044589188
339.456	0.0091957374	-5.8519988	-0.043810836
339.584	0.0093097012	-5.8517407	-0.043256354
339.712	0.0094135977	-5.8515876	-0.043081939
339.84	0.0093799826	-5.8513768	-0.041677602
339.968	0.0096305667	-5.8516353	-0.041516314
340.096	0.0094743523	-5.8513864	-0.040035624
340.224	0.0096439129	-5.8516195	-0.041050848
340.352	0.0097373947	-5.8513964	-0.042715424
340.48	0.009814621	-5.8517414	-0.042311661
340.608	0.0097193759	-5.8513486	-0.041905132
340.736	0.0096991875	-5.8511824	-0.041796378
340.864	0.0099395509	-5.8516712	-0.041158139
340.992	0.0096576732	-5.8515941	-0.040689027
341.12	0.0099065064	-5.8517795	-0.040947266
341.248	0.0096568348	-5.8515276	-0.040155053
341.376	0.0096401072	-5.8517272	-0.041133954
341.504	0.0096240235	-5.8517709	-0.041494371
341.632	0.0094937294	-5.8519379	-0.043085262
341.76	0.0094243627	-5.8517727	-0.042789913
341.888	0.0093062722	-5.8518794	-0.042246206
342.016	0.0092973823	-5.8519361	-0.044174173
342.144	0.0090073575	-5.8519255	-0.045046127
342.272	0.0090055829	-5.8522358	-0.044053712
342.4	0.0090200582	-5.8526807	-0.044851967
342.528	0.0086385412	-5.8524734	-0.045354977
342.656	0.00872128	-5.8525285	-0.043542202
342.784	0.0086122529	-5.8525218	-0.043261109
342.912	0.0085320165	-5.8528975	-0.046407276
343.04	0.008531691	-5.8527293	-0.046066387
343.168	0.0085348267	-5.8529195	-0.046900021
343.296	0.0083586591	-5.8525672	-0.04596105
343.424	0.0083176643	-5.8527154	-0.045746987
343.552	0.0083958924	-5.8531306	-0.047312478
343.68	0.0081384995	-5.8527856	-0.047677196
343.808	0.0082614684	-5.852894	-0.048924132
343.936	0.008415914	-5.8531227	-0.048718304
344.064	0.008132524	-5.8528283	-0.046899732
344.192	0.0083244656	-5.8530787	-0.046861794
344.32	0.0083688277	-5.8528906	-0.045626012
344.448	0.0082186985	-5.8527074	-0.045171068
344.576	0.0084320576	-5.8531439	-0.046074901
344.704	0.0085582378	-5.8531008	-0.043908474
344.832	0.0084638985	-5.8528406	-0.044346236
344.96	0.0086006544	-5.8528288	-0.044579004
345.088	0.0088133273	-5.8525272	-0.045225635
345.216	0.0089185898	-5.8525382	-0.044714149
345.344	0.0089423889	-5.8525471	-0.042751311
345.472	0.0088536139	-5.8523109	-0.043633581
345.6	0.0090857024	-5.8521221	-0.042782916
345.728	0.0092317934	-5.8520097	-0.041588476
345.856	0.0092545594	-5.85199	-0.041698356
345.984	0.009348547	-5.8517721	-0.041827279
346.112	0.0095188167	-5.8516388	-0.041384031
346.24	0.0096137144	-5.8515327	-0.041706405
346.368	0.0094868272	-5.8514313	-0.039757936
346.496	0.0095923393	-5.8517605	-0.040656752
346.624	0.0098157687	-5.8517527	-0.044435502
346.752	0.0097612068	-5.851602	-0.042235756
346.88	0.0097622681	-5.8514694	-0.040520456
347.008	0.0097905662	-5.851588	-0.042338959
347.136	0.0096226065	-5.8512253	-0.042253123
347.264	0.0097572289	-5.851422	-0.039929876
347.392	0.0099140545	-5.8514552	-0.040875696
347.52	0.009620773	-5.8511045	-0.041257701
347.648	0.0097692256	-5.8517588	-0.043194862
347.776	0.0094709103	-5.8516058	-0.04217069
347.904	0.0095518393	-5.8520311	-0.04438289
348.032	0.0093796789	-5.8520345	-0.043117276
348.16	0.0093940077	-5.8521783	-0.041895537
348.288	0.0090445705	-5.852015	-0.043198658
348.416	0.0091301315	-5.852248	-0.042148929
348.544	0.0090106783	-5.8521359	-0.042013274
348.672	0.0088404003	-5.8519079	-0.043085587
348.8	0.0088366614	-5.8521261	-0.044962725
348.928	0.0087079387	-5.8523571	-0.044243819
349.056	0.0086688053	-5.852371	-0.043631092
349.184	0.0086061943	-5.8525672	-0.044060582
349.312	0.0085327134	-5.8527052	-0.045253021
349.44	0.0085203588	-5.8529118	-0.045818214
349.568	0.008354719	-5.8527335	-0.044000934
349.696	0.0083204384	-5.8526941	-0.043757799
349.824	0.0083384128	-5.8529649	-0.044835429
349.952	0.0082353095	-5.8528626	-0.043808031
350.08	0.0082667347	-5.8528397	-0.044894617
350.208	0.0082167859	-5.8530934	-0.045952723
350.336	0.0083599409	-5.8530382	-0.045971291
350.464	0.0083266231	-5.8529356	-0.045750657
350.592	0.0082735808	-5.8530393	-0.046535741
350.72	0.0082917849	-5.8529974	-0.04428628
350.848	0.0083840055	-5.8530255	-0.044989227
350.976	0.0084454436	-5.8527491	-0.045319363
351.104	0.0085056377	-5.8527646	-0.044164879
351.232	0.0086184068	-5.8526912	-0.045168161
351.36	0.0086429535	-5.8525214	-0.044355036
351.488	0.0088329055	-5.8527683	-0.045064042
351.616	0.0089239136	-5.8523102	-0.044908998
351.744	0.0088553968	-5.8521476	-0.043254185
351.872	0.0090842198	-5.8519373	-0.043861644
352	0.0091523887	-5.8521432	-0.043564577
352.128	0.0094416194	-5.8523552	-0.043589869
352.256	0.0092673922	-5.851878	-0.043209049
352.384	0.0092586046	-5.8514037	-0.043099534
352.512	0.0095530184	-5.8515929	-0.045030771
352.64	0.0096102416	-5.8516421	-0.043739538
352.768	0.0097484503	-5.8516597	-0.041767694
352.896	0.0095921721	-5.8511521	-0.039111204
353.024	0.0097633249	-5.8514615	-0.042458358
353.152	0.0098682925	-5.8515393	-0.041283363
353.28	0.0099236329	-5.8513772	-0.038310374
353.408	0.0096774788	-5.8512547	-0.041730202
353.536	0.0097812893	-5.8513759	-0.044301405
353.664	0.0097905232	-5.8515512	-0.043788348
353.792	0.0095788326	-5.851581	-0.041444777
353.92	0.0097509828	-5.851851	-0.041022334
354.048	0.0095393799	-5.8516304	-0.04109213
354.176	0.0094694359	-5.8517855	-0.042794755
354.304	0.0094370378	-5.8516691	-0.043537976
354.432	0.0092870552	-5.8520018	-0.041698694
354.56	0.0091806084	-5.8519459	-0.042344629
354.688	0.0091816265	-5.8520836	-0.041780393
354.816	0.0090928075	-5.8521038	-0.041753278
354.944	0.0089506239	-5.8523762	-0.043257809
355.072	0.0088528709	-5.8526432	-0.043521822
355.2	0.0087794217	-5.8526724	-0.042296748
355.328	0.0086393062	-5.8525556	-0.044894282
355.456	0.0087327454	-5.852874	-0.046698599
355.584	0.0085487395	-5.8527665	-0.046999415
355.712	0.0084530038	-5.8529292	-0.046980492
355.84	0.0083258787	-5.852779	-0.046197427
355.968	0.008398436	-5.8530076	-0.046432086
356.096	0.0083703506	-5.8528689	-0.046785531
356.224	0.0080754917	-5.8528151	-0.046695696
356.352	0.0082273995	-5.8528703	-0.045105381
356.48	0.0082410751	-5.8529226	-0.046406181
356.608	0.0082436059	-5.8529562	-0.047343181
356.736	0.0082900924	-5.8530306	-0.04669543
356.864	0.0082653082	-5.8533281	-0.045976021
356.992	0.0083704318	-5.8530395	-0.04479655
357.12	0.0083819636	-5.8531334	-0.045569022
357.248	0.0084095822	-5.8529445	-0.044792807
357.376	0.0084950815	-5.852522	-0.043547418
357.504	0.0086400049	-5.852673	-0.045307246
357.632	0.0085827842	-5.8526582	-0.045330062
357.76	0.0089328563	-5.8527542	-0.046037447
357.888	0.0087558572	-5.8524152	-0.044146026
358.016	0.0090125311	-5.8524316	-0.044833372
358.144	0.0089190786	-5.8519574	-0.043563489
358.272	0.0092579721	-5.8519564	-0.043601595
358.4	0.0092592102	-5.8520109	-0.041777409
358.528	0.0092699765	-5.8519064	-0.042105457
358.656	0.00944672	-5.8520044	-0.044321568
358.784	0.0095456218	-5.8517539	-0.041842881
358.912	0.0098354654	-5.8518601	-0.04115846
359.04	0.0096577851	-5.8515546	-0.04016404
359.168	0.0094894903	-5.851277	-0.039763828
359.296	0.0097025743	-5.8515175	-0.044011561
359.424	0.0099400492	-5.8514214	-0.044295053
359.552	0.0096611701	-5.8509931	-0.041126258
359.68	0.0098752271	-5.8513912	-0.041713132
359.808	0.0097271147	-5.8513257	-0.042890108
359.936	0.0098415751	-5.851419	-0.041646445
360.064	0.0098321742	-5.8514307	-0.042720919
360.192	0.0096395637	-5.8514857	-0.041795685
360.32	0.0095697367	-5.8517881	-0.040325322
360.448	0.0090843715	-5.8513817	-0.040876701
360.576	0.009517056	-5.8518738	-0.040023654
360.704	0.0093742439	-5.8518273	-0.041051018
360.832	0.0091795235	-5.8519057	-0.044554021
360.96	0.0093766136	-5.8526055	-0.045306179
361.088	0.0089150858	-5.8519905	-0.043307357
361.216	0.0090279823	-5.8523366	-0.043593734
361.344	0.008883312	-5.8524096	-0.043221121
361.472	0.0086863865	-5.8526212	-0.044033257
361.6	0.0086225831	-5.8525348	-0.045913663
361.728	0.0085879804	-5.8526935	-0.045008502
361.856	0.0085147947	-5.852942	-0.043967582
361.984	0.0084119649	-5.852889	-0.044778666
362.112	0.0086314187	-5.8530954	-0.04655458
362.24	0.0082429415	-5.8528636	-0.044991814
362.368	0.0082007312	-5.8527666	-0.045120703
362.496	0.0082931834	-5.8527502	-0.045744445
362.624	0.0084096023	-5.8529514	-0.047002542
362.752	0.0081534119	-5.8525697	-0.045436096
362.88	0.0081966294	-5.8527048	-0.044881885
363.008	0.0083137115	-5.8530291	-0.044032186
363.136	0.0083514723	-5.8528243	-0.043713043
363.264	0.0083884313	-5.8527562	-0.045202631
363.392	0.0083164481	-5.8524619	-0.044201523
363.52	0.0084081342	-5.8526024	-0.044970332
363.648	0.0084376313	-5.8525587	-0.043784718
363.776	0.0086269385	-5.8526849	-0.043706795
363.904	0.0086535232	-5.8526304	-0.0436055
364.032	0.008680766	-5.8523271	-0.043150615
364.16	0.0087123265	-5.8519807	-0.043418623
364.288	0.008947986	-5.8523597	-0.042633736
364.416	0.0089934328	-5.8521682	-0.041362637
364.544	0.0091739587	-5.8522388	-0.043340103
364.672	0.0092340161	-5.8522149	-0.0443024
364.8	0.0093563637	-5.8520122	-0.040320206
364.928	0.0094625827	-5.8517434	-0.041463735
365.056	0.0093292736	-5.8516719	-0.043982822
365.184	0.0096800132	-5.8517209	-0.042569172
365.312	0.0095238586	-5.8513395	-0.041964677
365.44	0.0097124407	-5.8513507	-0.04184835
365.568	0.0098110937	-5.8513377	-0.041713803
365.696	0.0097688917	-5.8512661	-0.040712667
365.824	0.0097111078	-5.8511028	-0.041251093
365.952	0.0097483942	-5.8512654	-0.041901019
366.08	0.009853969	-5.8515045	-0.041246365
366.208	0.0097855776	-5.8514922	-0.040590962
366.336	0.00965312	-5.8514227	-0.040374259
366.464	0.0098435404	-5.8516217	-0.042013742
366.592	0.0094945938	-5.8513204	-0.040977281
366.72	0.0096418367	-5.8518203	-0.042629866
366.848	0.0093968751	-5.8516835	-0.04426979
366.976	0.0094065425	-5.8520152	-0.043200574
367.104	0.009265341	-5.8519674	-0.043000832
367.232	0.009076476	-5.8521598	-0.043692146
367.36	0.0092598895	-5.852267	-0.045039775
367.488	0.0089914413	-5.8523113	-0.044600088
367.616	0.0089506215	-5.8524621	-0.044691353
367.744	0.0088144896	-5.8526149	-0.043986716
367.872	0.0087528495	-5.8528426	-0.044811455
368	0.0084617101	-5.8523206	-0.045272107
368.128	0.0086430936	-5.8528155	-0.04553604
368.256	0.008482671	-5.8527071	-0.044043655
368.384	0.0083614302	-5.8528916	-0.045354338
368.512	0.0082625239	-5.85278	-0.045701952
368.64	0.0082702928	-5.8528742	-0.045400405
368.768	0.0083834782	-5.8529128	-0.046098619
368.896	0.0082525649	-5.8529015	-0.04662757
369.024	0.0082397034	-5.8531504	-0.046432079
369.152	0.0081327445	-5.852739	-0.04686499
369.28	0.0083032207	-5.8528411	-0.048345472
369.408	0.0084013443	-5.8532116	-0.047494092
369.536	0.0082866818	-5.8530928	-0.046893247
369.664	0.0084562713	-5.8530978	-0.046979617
369.792	0.0083141847	-5.8525487	-0.045554877
369.92	0.0084088404	-5.8528778	-0.046335953
370.048	0.0086661018	-5.8528572	-0.045309081
370.176	0.0086666569	-5.8525827	-0.046086356
370.304	0.0086600717	-5.8524592	-0.044936135
370.432	0.0087120609	-5.8525622	-0.044633586
370.56	0.008918573	-5.8525905	-0.044311027
370.688	0.0090859375	-5.8524354	-0.044584069
370.816	0.0090182427	-5.852152	-0.044829449
370.944	0.009425782	-5.8522892	-0.042875434
371.072	0.0091817687	-5.8518181	-0.04151074
371.2	0.0093460825	-5.8519621	-0.04253659
371.328	0.0094426297	-5.851743	-0.041229669
371.456	0.0096713068	-5.8516952	-0.040932752
371.584	0.0096562485	-5.8513674	-0.039605545
371.712	0.0095923965	-5.8513165	-0.040587977
371.84	0.009749114	-5.8512991	-0.042211496
371.968	0.0098167206	-5.8513772	-0.041815519
372.096	0.0096827313	-5.8514298	-0.041923152
372.224	0.0098689748	-5.8516715	-0.04238513
372.352	0.0096245882	-5.8511811	-0.040739921
372.48	0.0098670448	-5.8514477	-0.040851322
372.608	0.0096255466	-5.8514119	-0.040669049
372.736	0.0097254815	-5.8517449	-0.043834659
372.864	0.0096894918	-5.8517201	-0.043726153
372.992	0.0095205465	-5.8517191	-0.042117375
373.12	0.009491496	-5.851796	-0.041803034
373.248	0.0091954711	-5.8514892	-0.041911556
373.376	0.0094618357	-5.8519892	-0.043549869
373.504	0.009191507	-5.8519048	-0.043873243
373.632	0.0090554129	-5.8519144	-0.042324559
373.76	0.0088974137	-5.8520061	-0.042417014
373.888	0.0088522251	-5.8521881	-0.045898349
374.016	0.0088730096	-5.8524879	-0.044453815
374.144	0.0086640252	-5.8525657	-0.044194902
374.272	0.0086974962	-5.8527916	-0.045763875
374.4	0.0086067862	-5.8526519	-0.045313145
374.528	0.0084838141	-5.8525793	-0.045373331
374.656	0.0082991577	-5.8526294	-0.045397973
374.784	0.0085359039	-5.8528535	-0.044702645
374.912	0.0081957931	-5.8525255	-0.044154729
375.04	0.0083208909	-5.8530824	-0.045517403
375.168	0.0083642683	-5.8532797	-0.04562491
375.296	0.008357767	-5.8532518	-0.044754842
375.424	0.008268503	-5.8530981	-0.045453069
375.552	0.0081968049	-5.8529502	-0.044758503
375.68	0.0082761139	-5.8529011	-0.0456048
375.808	0.008221768	-5.8529379	-0.047875396
375.936	0.0083586418	-5.8528136	-0.046693358
376.064	0.0084449295	-5.8525232	-0.045365465
376.192	0.0084754289	-5.8527186	-0.042630199
376.32	0.0086723758	-5.8528101	-0.043427461
376.448	0.0086339821	-5.8523228	-0.045700568
376.576	0.0088460178	-5.8524059	-0.044780768
376.704	0.0086495998	-5.8523116	-0.040765028
376.832	0.0089752866	-5.8525431	-0.043267073
376.96	0.0089818884	-5.8523924	-0.045369182
377.088	0.0090203601	-5.8523078	-0.043209738
377.216	0.0092659051	-5.8520807	-0.043798143
377.344	0.0092813714	-5.8520522	-0.043728155
377.472	0.0092742815	-5.8518336	-0.041213704
377.6	0.009496516	-5.8517371	-0.040411619
377.728	0.0095384166	-5.8518019	-0.041802962
377.856	0.0096422546	-5.8514339	-0.0416691
377.984	0.0096198492	-5.851455	-0.040587848
378.112	0.0097059829	-5.851532	-0.042056109
378.24	0.0097767636	-5.8516228	-0.040973406
378.368	0.0096822231	-5.8514552	-0.040772933
378.496	0.0098530384	-5.8517513	-0.04248964
378.624	0.0097894102	-5.8514272	-0.040958026
378.752	0.0097410741	-5.8515319	-0.042241784
378.88	0.0096179355	-5.8516219	-0.044580124
379.008	0.0096162676	-5.8516286	-0.043125974
379.136	0.0095958842	-5.851619	-0.042735497
379.264	0.0096648826	-5.8518047	-0.044318431
379.392	0.0094521538	-5.8517478	-0.042435269
379.52	0.0093812192	-5.8518663	-0.043467495
379.648	0.0092729405	-5.851918	-0.043876866
379.776	0.0091195525	-5.8519464	-0.04418249
379.904	0.0091425194	-5.8522095	-0.046882551
380.032	0.0089743637	-5.8522172	-0.044937087
380.16	0.0088046526	-5.8521072	-0.043834413
380.288	0.0088367328	-5.8524657	-0.045969086
380.416	0.0086748462	-5.8524855	-0.044801432
380.544	0.0087359495	-5.8527462	-0.044749709
380.672	0.0085835566	-5.8529552	-0.044526311
380.8	0.0084790473	-5.852843	-0.044708696
380.928	0.0084797859	-5.8528843	-0.04450057
381.056	0.0083579132	-5.8529442	-0.045891728
381.184	0.0082874397	-5.852793	-0.046216032
381.312	0.0083471556	-5.8530999	-0.045929899
381.44	0.008304464	-5.8530278	-0.046097935
381.568	0.0083475745	-5.8531644	-0.047128768
381.696	0.0081803711	-5.8530288	-0.045261155
381.824	0.0083079811	-5.8531472	-0.045729163
381.952	0.0081879397	-5.8526294	-0.045469234
382.08	0.0083657374	-5.8527263	-0.045290765
382.208	0.0083824187	-5.8528022	-0.045922813
382.336	0.0083371197	-5.8524542	-0.04480699
382.464	0.008515075	-5.8527299	-0.045661335
382.592	0.0085312814	-5.8526449	-0.044893693
382.72	0.0087635202	-5.8527612	-0.045813135
382.848	0.0087196777	-5.8525443	-0.045227879
382.976	0.008722775	-5.8523744	-0.043967808
383.104	0.0090043552	-5.8524761	-0.044853902
383.232	0.0090254488	-5.852134	-0.043048921
383.36	0.0090088045	-5.8520493	-0.042296517
383.488	0.0091693077	-5.8523363	-0.043019071
383.616	0.0092569897	-5.8520083	-0.04198073
383.744	0.0093722653	-5.8518572	-0.042375489
383.872	0.0094443817	-5.8518676	-0.040449565
384	0.0094360153	-5.8517956	-0.038926589
384.128	0.009622577	-5.851831	-0.042579314
384.256	0.0097007598	-5.8514071	-0.042589712
384.384	0.0096279912	-5.8512732	-0.041511677
384.512	0.0098508067	-5.8515426	-0.044248764
384.64	0.0097015412	-5.8514561	-0.041933079
384.768	0.0096836402	-5.8514606	-0.040716504
384.896	0.0098440972	-5.8515232	-0.043288382
385.024	0.0097693505	-5.8515127	-0.041533382
385.152	0.0096761533	-5.8513341	-0.04104169
385.28	0.0096670115	-5.8514032	-0.040692643
385.408	0.0095711094	-5.8515573	-0.041343958
385.536	0.0095928786	-5.851963	-0.042497067
385.664	0.0092424584	-5.8513567	-0.041020183
385.792	0.0096066616	-5.8517911	-0.042286876
385.92	0.0091180201	-5.8515983	-0.042248501
386.048	0.0092643245	-5.8517845	-0.042119712
386.176	0.0090809201	-5.8519253	-0.042992649
386.304	0.0090535912	-5.8520785	-0.042820863
386.432	0.0089883776	-5.8521552	-0.043124616
386.56	0.0087560075	-5.8522961	-0.045798972
386.688	0.0087323996	-5.8525009	-0.045414281
386.816	0.0086798707	-5.8524722	-0.044413117
386.944	0.0085805534	-5.8523269	-0.042265511
387.072	0.0084934354	-5.8524606	-0.044213237
387.2	0.0085029582	-5.8528228	-0.045836157
387.328	0.0083982549	-5.8527383	-0.044670608
387.456	0.0083352352	-5.8525249	-0.045083564
387.584	0.0083419372	-5.8527944	-0.044263364
387.712	0.0083360682	-5.8530919	-0.044596734
387.84	0.008329892	-5.8529082	-0.046617753
387.968	0.0081849644	-5.8528344	-0.044931145
388.096	0.0085023379	-5.8533817	-0.044102693
388.224	0.0082286297	-5.8528136	-0.043065702
388.352	0.0082892804	-5.8527366	-0.045466471
388.48	0.0083828509	-5.852658	-0.045226775
388.608	0.0083398815	-5.852883	-0.045073111
388.736	0.0086115474	-5.8528628	-0.047767746
388.864	0.0084502636	-5.8525138	-0.044467904
388.992	0.00867223	-5.8525845	-0.043205673
389.12	0.0086795802	-5.8525097	-0.04450474
389.248	0.0088819506	-5.8527328	-0.04460478
389.376	0.0088087942	-5.8523033	-0.043659353
389.504	0.0089999776	-5.8522358	-0.043737507
389.632	0.0090083912	-5.8521115	-0.04405309
389.76	0.0092209847	-5.8519353	-0.044155917
389.888	0.009286895	-5.8517634	-0.042271292
390.016	0.0092983643	-5.8515895	-0.040647426
390.144	0.0094331576	-5.8516246	-0.041532626
390.272	0.0093320512	-5.8516028	-0.041613211
390.4	0.009652641	-5.8517603	-0.04239097
390.528	0.0096287843	-5.8515831	-0.040893125
390.656	0.0098219836	-5.8517603	-0.041176157
390.784	0.0096465267	-5.8515441	-0.042831163
390.912	0.0096927291	-5.8515078	-0.043207292
391.04	0.0096981134	-5.8514712	-0.042989773
391.168	0.0098109738	-5.8515672	-0.04052235
391.296	0.0098184968	-5.8516282	-0.042070168
391.424	0.0096248731	-5.8515084	-0.042374703
391.552	0.009580002	-5.8516295	-0.039949147
391.68	0.009593223	-5.8517217	-0.041065779
391.808	0.009561538	-5.8517306	-0.041417072
391.936	0.0094958519	-5.8519476	-0.042365308
392.064	0.0094392033	-5.8519822	-0.042439385
392.192	0.0092991439	-5.8521401	-0.042918926
392.32	0.0091157013	-5.8518511	-0.043240565
392.448	0.0091411668	-5.8520827	-0.042898608
392.576	0.009114844	-5.8525272	-0.045272043
392.704	0.0089843822	-5.8526194	-0.044051816
392.832	0.0088569889	-5.8525067	-0.044355671
392.96	0.0087902693	-5.8525042	-0.045344765
393.088	0.0086650632	-5.8524513	-0.044201416
393.216	0.0085021243	-5.8525297	-0.046066055
393.344	0.0085756541	-5.8527232	-0.04529979
393.472	0.0085225974	-5.8526692	-0.045009407
393.6	0.0084598571	-5.8526642	-0.045245524
393.728	0.0084281093	-5.8529571	-0.044575049
393.856	0.0083504332	-5.8529552	-0.044872469
393.984	0.008339681	-5.8529866	-0.045331978
394.112	0.0082306734	-5.8527691	-0.044520828
394.24	0.0083194233	-5.852979	-0.047545411
394.368	0.0082730369	-5.8529726	-0.046900903
394.496	0.0083304417	-5.8528944	-0.046697528
394.624	0.0083426472	-5.8529692	-0.047622933
394.752	0.0084739904	-5.8530378	-0.046822191
394.88	0.0083719436	-5.8526264	-0.047051198
395.008	0.0083600802	-5.8526124	-0.047233724
395.136	0.0085678288	-5.8528212	-0.047375073
395.264	0.0087315711	-5.852833	-0.044868488
395.392	0.0086353931	-5.8522287	-0.043736648
395.52	0.0087176012	-5.8521775	-0.045408926
395.648	0.0087496696	-5.851895	-0.044188761
395.776	0.0090020752	-5.8520544	-0.042390488
395.904	0.0091311666	-5.852038	-0.042588652
396.032	0.0091038794	-5.8520979	-0.043040527
396.16	0.0092497417	-5.8519947	-0.041089326
396.288	0.0093024874	-5.8520085	-0.041574008
396.416	0.0094773155	-5.8519842	-0.042602335
396.544	0.0094425853	-5.8517595	-0.043175064
396.672	0.0094448975	-5.8515455	-0.042237422
396.8	0.0095871512	-5.8517052	-0.042753888
396.928	0.0096379267	-5.8518048	-0.041158963
397.056	0.0097468256	-5.8517286	-0.042360167
397.184	0.0096293648	-5.8513401	-0.041407177
397.312	0.0098016489	-5.8516238	-0.042343171
397.44	0.0097364947	-5.8513478	-0.043176951
397.568	0.0097552578	-5.8513175	-0.040765457
397.696	0.0095819284	-5.8513422	-0.041725911
397.824	0.0097911868	-5.8516509	-0.041670417
397.952	0.0095025391	-5.8513618	-0.041290266
398.08	0.0097231525	-5.8517321	-0.043123069
398.208	0.0093449211	-5.8516811	-0.040561465
398.336	0.0093773461	-5.851561	-0.041238832
398.464	0.009298883	-5.8514954	-0.041400443
398.592	0.0092410017	-5.8517153	-0.041741121
398.72	0.0092045349	-5.8518313	-0.043900341
398.848	0.0092659976	-5.8523715	-0.043317304
398.976	0.008930851	-5.8519886	-0.043727412
399.104	0.0088243788	-5.8522497	-0.043533848
399.232	0.0087984606	-5.8525652	-0.043066353
399.36	0.0086349747	-5.852487	-0.044445237
399.488	0.0088270697	-5.8524685	-0.044348185
399.616	0.008448454	-5.8523349	-0.042803098
399.744	0.0085306151	-5.8530269	-0.043092968
399.872	0.0085583843	-5.8529412	-0.043501661
400	0.0083114145	-5.8526299	-0.044590611
400.128	0.0082885434	-5.8526875	-0.045607611
400.256	0.0084528276	-5.8532553	-0.044663495
400.384	0.0083486918	-5.8532433	-0.044845354
400.512	0.0083057121	-5.8531607	-0.046052865
400.64	0.0083460572	-5.8528517	-0.044435356
400.768	0.0082528104	-5.8527838	-0.045253585
400.896	0.0082779314	-5.8528222	-0.047318316
401.024	0.0083659276	-5.8530187	-0.045654467
401.152	0.0084082528	-5.8526027	-0.044396285
401.28	0.0085233485	-5.8527205	-0.046853927
401.408	0.0084906103	-5.8527987	-0.045439847
401.536	0.0085644911	-5.8528882	-0.044376478
401.664	0.0088880011	-5.8527727	-0.044786348
401.792	0.0086428944	-5.8522287	-0.044921515
401.92	0.0088232873	-5.8522781	-0.044678154
402.048	0.0088797393	-5.8522742	-0.043898168
402.176	0.0090559232	-5.8521116	-0.044472135
402.304	0.0092866887	-5.8523915	-0.043603006
402.432	0.0091456507	-5.8522884	-0.043045172
402.56	0.0090497047	-5.8516479	-0.042256579
402.688	0.009461536	-5.8520051	-0.042390827
402.816	0.0094855748	-5.8516314	-0.042752004
402.944	0.0096606414	-5.8515506	-0.042427734
403.072	0.0094939435	-5.8512492	-0.041700164
403.2	0.0094966097	-5.8514066	-0.040329906
403.328	0.0096142254	-5.8515204	-0.040540286
403.456	0.0097878509	-5.8514704	-0.041382012
403.584	0.0097246297	-5.8514377	-0.042222811
403.712	0.0097447333	-5.8514916	-0.042077933
403.84	0.0096820752	-5.8515396	-0.04191212
403.968	0.0097009701	-5.8515672	-0.042055296
404.096	0.009513574	-5.8516469	-0.041244758
404.224	0.0096173992	-5.8517189	-0.042075734
404.352	0.0095249261	-5.8515994	-0.043302746
404.48	0.0095715421	-5.8518606	-0.041684928
404.608	0.0094399248	-5.8518753	-0.041693077
404.736	0.0093859155	-5.8521313	-0.043542407
404.864	0.0090823476	-5.8519294	-0.042945855
404.992	0.0092088102	-5.8522127	-0.043468988
405.12	0.0090436035	-5.852304	-0.04426407
405.248	0.0091129393	-5.8524954	-0.045874604
405.376	0.008988603	-5.8524536	-0.04504968
405.504	0.008777293	-5.8522997	-0.044944696
405.632	0.008791626	-5.8525175	-0.045339925
405.76	0.0085270637	-5.852479	-0.04561106
405.888	0.0086958432	-5.8527904	-0.045845436
406.016	0.0084410397	-5.8526253	-0.044371253
406.144	0.0085325975	-5.8530437	-0.046360913
406.272	0.0083172731	-5.8528607	-0.046434495
406.4	0.0085179837	-5.8531766	-0.045374775
406.528	0.0083181543	-5.8529415	-0.044555636
406.656	0.0081962272	-5.8527865	-0.045573438
406.784	0.0082856254	-5.8530532	-0.046232436
406.912	0.0084910205	-5.8529085	-0.046986916
407.04	0.0083445215	-5.8528264	-0.047242606
407.168	0.0083732884	-5.8529131	-0.046354053
407.296	0.0083437468	-5.8528524	-0.045064104
407.424	0.0084015903	-5.8529803	-0.044056465
407.552	0.0086270532	-5.8530988	-0.04538132
407.68	0.0083659688	-5.8526844	-0.043398296
407.808	0.0087083849	-5.8529411	-0.044422012
407.936	0.0086875429	-5.8526036	-0.045375925
408.064	0.0086623122	-5.852525	-0.044807898
408.192	0.0087837256	-5.8524705	-0.045025573
408.32	0.0090108764	-5.8526177	-0.043471054
408.448	0.0089202677	-5.8523267	-0.041692023
408.576	0.0090236585	-5.8522391	-0.04003932
408.704	0.0091448809	-5.8521019	-0.042930484
408.832	0.0092039713	-5.8519568	-0.043169044
408.96	0.0093789551	-5.8519143	-0.040807753
409.088	0.0094952587	-5.8520527	-0.042376454
409.216	0.009477672	-5.8518596	-0.04195937
409.344	0.0094559042	-5.8515187	-0.041664005
409.472	0.0096058686	-5.8513624	-0.041823951
409.6	0.0095912928	-5.8517266	-0.041390458
409.728	0.0096664386	-5.851638	-0.041926238
409.856	0.009768365	-5.8518315	-0.040690419
409.984	0.0096824278	-5.8518864	-0.039875336
410.112	0.0096387524	-5.8515424	-0.039957958
410.24	0.0097294046	-5.851547	-0.041614743
410.368	0.0097136219	-5.8515208	-0.042648867
410.496	0.0095727618	-5.8513559	-0.042166778
410.624	0.0094665627	-5.8514305	-0.042710714
410.752	0.0094491985	-5.8516179	-0.042413002
410.88	0.0093464255	-5.8515431	-0.043381499
411.008	0.0094206114	-5.8516488	-0.04362914
411.136	0.0092891956	-5.8518108	-0.04184898
411.264	0.0092158347	-5.8517045	-0.042690014
411.392	0.0091619494	-5.8517824	-0.043942384
411.52	0.0089950028	-5.8519739	-0.043425309
411.648	0.0088874678	-5.8521516	-0.044411051
411.776	0.0089024464	-5.8524494	-0.045357083
411.904	0.0088389819	-5.8526728	-0.044227115
412.032	0.008803956	-5.8527155	-0.043563563
412.16	0.0086869739	-5.8528165	-0.044882528
412.288	0.0084769395	-5.852727	-0.044735322
412.416	0.0084282211	-5.8528258	-0.046198766
412.544	0.0086194292	-5.8531057	-0.045146861
412.672	0.0083706231	-5.8531219	-0.04353035
412.8	0.0083771062	-5.8530263	-0.045118396
412.928	0.008336829	-5.8527996	-0.044098079
413.056	0.0083384186	-5.8529478	-0.04583208
413.184	0.0082100156	-5.8527311	-0.045806507
413.312	0.008390581	-5.8530852	-0.045248433
413.44	0.0082482747	-5.8524886	-0.044597823
413.568	0.0084513862	-5.8528594	-0.045527421
413.696	0.0084232138	-5.852791	-0.045138076
413.824	0.0084342017	-5.8527304	-0.045273113
413.952	0.0085108141	-5.8527265	-0.045750757
414.08	0.0085712449	-5.8526279	-0.046676216
414.208	0.008605639	-5.8523692	-0.045258323
414.336	0.0088714278	-5.8525555	-0.046830807
414.464	0.0087183731	-5.8524216	-0.04618724
414.592	0.0088896605	-5.852478	-0.044572183
414.72	0.0090622879	-5.8523868	-0.04483935
414.848	0.0089603279	-5.8517928	-0.043131129
414.976	0.0091684712	-5.8517686	-0.042408573
415.104	0.0091038929	-5.8517253	-0.042437614
415.232	0.0093951101	-5.8519791	-0.043225697
415.36	0.0093258526	-5.8517301	-0.042469292
415.488	0.0095892504	-5.8518096	-0.042734927
415.616	0.0093887573	-5.8513927	-0.041127591
415.744	0.0096468458	-5.851718	-0.041739567
415.872	0.0095252612	-5.8514569	-0.041186064
416	0.0098387749	-5.8516423	-0.043039852
416.128	0.0095542905	-5.8515634	-0.043022793
416.256	0.0098489689	-5.8518549	-0.041395905
416.384	0.0095038471	-5.8514465	-0.040356429
416.512	0.0096674164	-5.8514981	-0.042452585
416.64	0.0096409592	-5.8516255	-0.042560048
416.768	0.0095748217	-5.8515997	-0.042019232
416.896	0.0096355034	-5.8518161	-0.041696044
417.024	0.0095180261	-5.8519741	-0.042072616
417.152	0.0093321856	-5.8518792	-0.041305723
417.28	0.0093535997	-5.8519596	-0.042557338
417.408	0.0093780405	-5.8521175	-0.042783339
417.536	0.0092286257	-5.8520167	-0.042339846
417.664	0.0091092898	-5.8522222	-0.04460602
417.792	0.0091185716	-5.8522136	-0.045281675
417.92	0.0090030568	-5.852317	-0.044360901
418.048	0.0089363007	-5.8524701	-0.044740682
418.176	0.0087500102	-5.852201	-0.043154708
418.304	0.0087047464	-5.8524679	-0.045479574
418.432	0.0086032718	-5.8527283	-0.046478849
418.56	0.0086351654	-5.8530108	-0.044435959
418.688	0.0085226578	-5.8529276	-0.045780313
418.816	0.0083271223	-5.8528208	-0.047518204
418.944	0.008527198	-5.8529224	-0.046903453
419.072	0.0082747462	-5.8526301	-0.045029581
419.2	0.0084604581	-5.8527316	-0.046943949
419.328	0.0084259956	-5.8529431	-0.045584189
419.456	0.008244194	-5.852617	-0.042889893
419.584	0.0083440887	-5.8528032	-0.045347606
419.712	0.0084607204	-5.8530327	-0.045084972
419.84	0.0084522444	-5.8527284	-0.043961495
419.968	0.0084128246	-5.8526541	-0.047147291
420.096	0.0084111467	-5.8526049	-0.044880531
420.224	0.0084807543	-5.8525477	-0.043801558
420.352	0.0085492888	-5.8524841	-0.046443403
420.48	0.008629595	-5.8524262	-0.044898304
420.608	0.0086372996	-5.8524465	-0.04385642
420.736	0.0088196429	-5.8525609	-0.04304551
420.864	0.0087639591	-5.8522531	-0.043016723
420.992	0.0088786501	-5.852169	-0.041856454
421.12	0.0090922754	-5.8520046	-0.04136998
421.248	0.0090567917	-5.851852	-0.042831527
421.376	0.0091695173	-5.8520517	-0.042170333
421.504	0.0093609261	-5.8521977	-0.044429702
421.632	0.0092930055	-5.8518908	-0.043806828
421.76	0.009433715	-5.8519197	-0.041279828
421.888	0.0095663181	-5.8516477	-0.041605459
422.016	0.0093976817	-5.8513497	-0.041483328
422.144	0.0096104492	-5.8513935	-0.042501667
422.272	0.0096037811	-5.8514253	-0.04324691
422.4	0.0096425014	-5.8513806	-0.043032445
422.528	0.0097298347	-5.8516428	-0.043862739
422.656	0.0096667845	-5.8517197	-0.044443246
422.784	0.0096194992	-5.8514321	-0.043860886
422.912	0.0096921523	-5.8514886	-0.041949543
423.04	0.0096864598	-5.8515783	-0.041652427
423.168	0.009647449	-5.8515808	-0.042604859
423.296	0.0095026508	-5.8516157	-0.039935554
423.424	0.0094956032	-5.8518568	-0.040124901
423.552	0.0091100645	-5.8512486	-0.0415552
423.68	0.0093268897	-5.8517827	-0.043356191
423.808	0.0092627836	-5.8519902	-0.043253341
423.936	0.0093930832	-5.8523083	-0.042926796
424.064	0.0089302606	-5.8518906	-0.042966494
424.192	0.0091051466	-5.852348	-0.047032336
424.32	0.0088855221	-5.8521584	-0.045446894
424.448	0.0088042825	-5.8522733	-0.043755019
424.576	0.0086905855	-5.8524103	-0.043641785
424.704	0.0086865065	-5.8525973	-0.044267939
424.832	0.0085876607	-5.8526893	-0.044973144
424.96	0.0085397277	-5.853051	-0.042697549
425.088	0.0085015805	-5.8529978	-0.043063179
425.216	0.0085485305	-5.8527709	-0.045384901
425.344	0.0083398471	-5.8526962	-0.044463531
425.472	0.0084240971	-5.8529365	-0.043173266
425.6	0.0083404146	-5.8528272	-0.043048856
425.728	0.0083727285	-5.8527449	-0.045491098
425.856	0.0083346593	-5.8529918	-0.045123183
425.984	0.0084559999	-5.8527508	-0.045459383
426.112	0.0083368004	-5.8526428	-0.045064121
426.24	0.0084148693	-5.8527504	-0.047304807
426.368	0.0084765833	-5.8528321	-0.046306387
426.496	0.0083507923	-5.8524746	-0.044955147
426.624	0.0085758905	-5.8526591	-0.046274031
426.752	0.0085845471	-5.8528231	-0.043912185
426.88	0.008677658	-5.8527792	-0.045019581
427.008	0.0086967482	-5.852233	-0.044610393
427.136	0.0087188524	-5.8519728	-0.041967622
427.264	0.0089605053	-5.8521066	-0.044235032
427.392	0.0090177699	-5.8520994	-0.044998614
427.52	0.0091834868	-5.8522036	-0.041430009
427.648	0.0091448992	-5.8521547	-0.040409249
427.776	0.0092571102	-5.8518367	-0.042667272
427.904	0.0092457122	-5.8516669	-0.0408273
428.032	0.0095110524	-5.8520804	-0.04302768
428.16	0.0096238194	-5.8521411	-0.043936547
428.288	0.0094919541	-5.8516322	-0.041241815
428.416	0.0093961285	-5.8513569	-0.040726474
428.544	0.0096419985	-5.8516258	-0.041208473
428.672	0.009584115	-5.851476	-0.040867966
428.8	0.0096903344	-5.8517904	-0.041309036
428.928	0.0097698105	-5.8518927	-0.043014105
429.056	0.0097167771	-5.8516477	-0.043026106
429.184	0.0095901095	-5.8514715	-0.04168118
429.312	0.0095727585	-5.8515939	-0.04306947
429.44	0.0095389233	-5.8516763	-0.043853554
429.568	0.0096845809	-5.8521141	-0.041711696
429.696	0.0093766201	-5.8518679	-0.043298682
429.824	0.0094437194	-5.8517812	-0.043608756
429.952	0.0094154093	-5.8517901	-0.042085669
430.08	0.0091885548	-5.8519635	-0.044300829
430.208	0.0091368642	-5.8521536	-0.045128962
430.336	0.0091598558	-5.8525365	-0.043436952
430.464	0.0089607913	-5.8521936	-0.044380537
430.592	0.0087763128	-5.8522942	-0.045784248
430.72	0.0088134576	-5.8523764	-0.044787269
430.848	0.0087672801	-5.852551	-0.044900317
430.976	0.0087974052	-5.8528304	-0.045920657
431.104	0.0084945543	-5.8526992	-0.04536816
431.232	0.0085509261	-5.8527751	-0.045117345
431.36	0.0085468927	-5.853066	-0.043699731
431.488	0.0085916239	-5.8531219	-0.044733441
431.616	0.0083268076	-5.8527392	-0.046731537
431.744	0.0083599805	-5.8528639	-0.047697625
431.872	0.0083758566	-5.8529107	-0.047077
432	0.0082094158	-5.8527002	-0.047033569
432.128	0.0083749202	-5.8528	-0.046736168
432.256	0.008486321	-5.853016	-0.047091218
432.384	0.0083886656	-5.8528658	-0.046822926
432.512	0.0084017031	-5.852921	-0.045344619
432.64	0.0085192527	-5.8529452	-0.045611886
432.768	0.0084655416	-5.8527603	-0.044358738
432.896	0.0084847919	-5.8524608	-0.044662543
433.024	0.0086425377	-5.8525398	-0.044639096
433.152	0.0087005669	-5.8526326	-0.045559933
433.28	0.0087031725	-5.8524642	-0.045090881
433.408	0.0089526857	-5.8526118	-0.044595495
433.536	0.0088184241	-5.8520959	-0.043340127
433.664	0.0089848243	-5.8521006	-0.042524704
433.792	0.0091385609	-5.8520023	-0.042440319
433.92	0.009164661	-5.8519268	-0.041838961
434.048	0.0093452319	-5.852527	-0.044565102
434.176	0.0091682808	-5.8519154	-0.044821818
434.304	0.0094273409	-5.851706	-0.043177661
434.432	0.0094740778	-5.8519854	-0.040764286
434.56	0.0093480777	-5.8516337	-0.043035914
434.688	0.009670188	-5.8514649	-0.041178561
434.816	0.009632291	-5.8515765	-0.040583795
434.944	0.0096902031	-5.8517648	-0.044983471
435.072	0.0095262126	-5.8516244	-0.041366212
435.2	0.0096505383	-5.8515243	-0.041686609
435.328	0.0097335467	-5.8517449	-0.043773676
435.456	0.0096387835	-5.8515361	-0.041357838
435.584	0.0094974514	-5.8517811	-0.041813615
435.712	0.009502339	-5.8517785	-0.040486379
435.84	0.0096480729	-5.8518519	-0.04060092
435.968	0.0094134897	-5.8519421	-0.042191194
436.096	0.0093396012	-5.8518847	-0.04100547
436.224	0.0093201523	-5.851723	-0.04153331
436.352	0.0093148992	-5.8519577	-0.042970201
436.48	0.0092761087	-5.8520453	-0.044830233
436.608	0.0090582087	-5.8522751	-0.044614744
436.736	0.0091030552	-5.852257	-0.043456587
436.864	0.0090138336	-5.852436	-0.043043054
436.992	0.0088406297	-5.8523186	-0.044123468
437.12	0.0087881576	-5.8525102	-0.04605636
437.248	0.0086970586	-5.8524204	-0.046799769
437.376	0.0086756256	-5.8527741	-0.046771662
437.504	0.008613795	-5.8526353	-0.045404206
437.632	0.0083384916	-5.8525467	-0.046617465
437.76	0.0084421866	-5.8526369	-0.045601234
437.888	0.0085880645	-5.8528381	-0.046007451
438.016	0.0082987417	-5.8526361	-0.045886414
438.144	0.00834903	-5.8528137	-0.044836926
438.272	0.0083687866	-5.8527873	-0.045770299
438.4	0.0085701263	-5.8530121	-0.045317108
438.528	0.0083577369	-5.8527291	-0.043625592
438.656	0.0083787612	-5.8526891	-0.046719067
438.784	0.008325327	-5.852932	-0.047554026
438.912	0.0084903108	-5.8530301	-0.042752026
439.04	0.0084953661	-5.8528025	-0.044393322
439.168	0.0084179997	-5.8525279	-0.046734148
439.296	0.0087153905	-5.8526961	-0.045327447
439.424	0.0087101081	-5.8525679	-0.045851528
439.552	0.0086165798	-5.8521941	-0.044703629
439.68	0.0088115729	-5.852424	-0.042854917
439.808	0.0089894374	-5.8524031	-0.043936122
439.936	0.0088941354	-5.8523602	-0.042874619
440.064	0.0090514737	-5.8524692	-0.042202239
440.192	0.0092101989	-5.8524306	-0.042972863
440.32	0.0092672101	-5.8522421	-0.043707967
440.448	0.0091885781	-5.8520725	-0.044586038
440.576	0.0092646324	-5.8517308	-0.043776716
440.704	0.0093499394	-5.8517016	-0.04345607
440.832	0.0095115227	-5.8519274	-0.042385062
440.96	0.0095095914	-5.8517959	-0.043042456
441.088	0.0095083383	-5.8517283	-0.042357722
441.216	0.0095867927	-5.8516177	-0.041661088
441.344	0.0096231436	-5.8515739	-0.042001554
441.472	0.009786694	-5.8516366	-0.04343434
441.6	0.009590207	-5.8516594	-0.042211773
441.728	0.009508057	-5.8516346	-0.043014385
441.856	0.0097177063	-5.8518639	-0.043486748
441.984	0.0095571285	-5.8513609	-0.044161134
442.112	0.0094904283	-5.8515362	-0.043713023
442.24	0.0096297893	-5.8517726	-0.044125493
442.368	0.0095226679	-5.8517288	-0.043924837
442.496	0.0093162967	-5.8516031	-0.042066944
442.624	0.0093454504	-5.8520719	-0.042786502
442.752	0.0090204904	-5.8518059	-0.044359986
442.88	0.0092914551	-5.8523722	-0.044272976
443.008	0.0090758614	-5.8520412	-0.041967582
443.136	0.0089997951	-5.8521554	-0.044417576
443.264	0.0087817334	-5.8521198	-0.041983945
443.392	0.0088898525	-5.8524594	-0.041605318
443.52	0.0087572005	-5.8525239	-0.044295176
443.648	0.0085844617	-5.8523046	-0.045620799
443.776	0.0086189633	-5.8526899	-0.046070143
443.904	0.0085833117	-5.85282	-0.045302456
444.032	0.0085426766	-5.8529125	-0.045068716
444.16	0.0082600465	-5.8525824	-0.044775401
444.288	0.0086405922	-5.8530734	-0.047106001
444.416	0.0084061318	-5.8528566	-0.046340916
444.544	0.0083177175	-5.8527405	-0.04605553
444.672	0.0083545382	-5.8527953	-0.047301644
444.8	0.0084790497	-5.8531506	-0.04497771
444.928	0.0083246398	-5.8528549	-0.045078477
445.056	0.0084884735	-5.8527233	-0.045053607
445.184	0.0085240844	-5.8525783	-0.044912302
445.312	0.0083361317	-5.8524577	-0.045759939
445.44	0.0086456242	-5.8526673	-0.045021881
445.568	0.0086378303	-5.8524571	-0.044506834
445.696	0.0085467357	-5.8525234	-0.042307004
445.824	0.0087730823	-5.8525585	-0.044097615
445.952	0.0089153945	-5.8525223	-0.045037311
446.08	0.008889202	-5.8524897	-0.043549841
446.208	0.0089017553	-5.8523906	-0.045416019
446.336	0.0090779657	-5.8523365	-0.045348356
446.464	0.0090796588	-5.8520859	-0.04160393
446.592	0.0091513799	-5.8519521	-0.042470913
446.72	0.0092598587	-5.8517689	-0.042188878
446.848	0.0093189209	-5.8517157	-0.041624633
446.976	0.0094410782	-5.8518158	-0.043460207
447.104	0.0094862374	-5.851853	-0.044072505
447.232	0.0094419674	-5.8515356	-0.041564347
447.36	0.0096751371	-5.8518821	-0.043125431
447.488	0.0095036726	-5.8516197	-0.04108275
447.616	0.0096513951	-5.851856	-0.040457084
447.744	0.0095617253	-5.8515978	-0.041904199
447.872	0.0097116827	-5.8516028	-0.044280794
448	0.0097631974	-5.851783	-0.043711856
448.128	0.0095603022	-5.8513936	-0.041784492
448.256	0.0096048501	-5.8515852	-0.042775717
448.384	0.0095923747	-5.8515088	-0.041210544
448.512	0.0092883623	-5.8513804	-0.040383616
448.64	0.0096400761	-5.8519394	-0.043110401
448.768	0.0094216387	-5.8517861	-0.04318609
448.896	0.009262626	-5.8516916	-0.043019005
449.024	0.0091102704	-5.8518108	-0.043841772
449.152	0.0091996539	-5.8520482	-0.04558703
449.28	0.0091426782	-5.8522523	-0.045559966
449.408	0.0089778878	-5.8520371	-0.04344481
449.536	0.0088858296	-5.8521432	-0.043172665
449.664	0.0087540414	-5.852176	-0.044139845
449.792	0.0088343997	-5.8525489	-0.044899417
449.92	0.008701505	-5.8524489	-0.045888117
450.048	0.0087090819	-5.8525547	-0.044120603
450.176	0.0086442134	-5.8528736	-0.04509158
450.304	0.0084692637	-5.8526064	-0.046198529
450.432	0.0084423762	-5.8528163	-0.042827853
450.56	0.0084874281	-5.8530082	-0.043587436
450.688	0.0084295191	-5.8530156	-0.045165512
450.816	0.008286024	-5.8529278	-0.046091747
450.944	0.0084474243	-5.8531105	-0.045622864
451.072	0.0084365347	-5.8529819	-0.044124141
451.2	0.0083240971	-5.8528269	-0.044717416
451.328	0.0083450025	-5.8527865	-0.044544989
451.456	0.0083793818	-5.8526481	-0.045396915
451.584	0.0085082168	-5.8524418	-0.04563923
451.712	0.0085953006	-5.8527786	-0.045355898
451.84	0.0085672751	-5.85264	-0.044269574
451.968	0.0086644779	-5.8526641	-0.043829059
452.096	0.008758815	-5.8525256	-0.044458747
452.224	0.0086439855	-5.8523257	-0.042525708
452.352	0.0089269362	-5.8524304	-0.043265573
452.48	0.0088699192	-5.8523251	-0.042364298
452.608	0.0089437633	-5.8522068	-0.043953224
452.736	0.0089954409	-5.8521519	-0.044116926
452.864	0.0091163866	-5.8518878	-0.042577482
452.992	0.009206521	-5.8521092	-0.041426841
453.12	0.0094659593	-5.8522949	-0.043620568
453.248	0.009394941	-5.8516857	-0.042641485
453.376	0.0094614359	-5.8515426	-0.042289703
453.504	0.0094923935	-5.8515176	-0.043524318
453.632	0.0094682889	-5.8514782	-0.042211198
453.76	0.0095656796	-5.8512238	-0.041878279
453.888	0.0097565813	-5.8515557	-0.042202564
454.016	0.0096041573	-5.851466	-0.042324848
454.144	0.0095508398	-5.8512703	-0.04164446
454.272	0.0096965984	-5.8516109	-0.042074121
454.4	0.0095991046	-5.8515267	-0.042099371
454.528	0.0096613811	-5.8515906	-0.042200254
454.656	0.0094567131	-5.8517118	-0.040108009
454.784	0.0095640802	-5.8518017	-0.04103827
454.912	0.0094282677	-5.8518558	-0.042259529
455.04	0.0094413539	-5.8517958	-0.042419047
455.168	0.0093706099	-5.8519597	-0.042836287
455.296	0.0092816473	-5.8521298	-0.043456876
455.424	0.009279299	-5.8523439	-0.043115462
455.552	0.0089873976	-5.8523733	-0.042065482
455.68	0.0088561556	-5.8523677	-0.04472017
455.808	0.0089552647	-5.8524021	-0.046934865
455.936	0.0088924993	-5.8523296	-0.044229627
456.064	0.0087992638	-5.852482	-0.044989298
456.192	0.0085841998	-5.8523707	-0.043419477
456.32	0.0087056497	-5.8525315	-0.045573472
456.448	0.0085678957	-5.8523521	-0.047718863
456.576	0.0085102689	-5.8526247	-0.045501108
456.704	0.0083753072	-5.8526034	-0.042936462
456.832	0.0085974041	-5.8528147	-0.045762456
456.96	0.0082841877	-5.8527949	-0.046683355
457.088	0.0084264159	-5.853117	-0.046608298
457.216	0.0084167078	-5.852921	-0.04636371
457.344	0.0083001902	-5.8528189	-0.045027594
457.472	0.0084500549	-5.8527396	-0.045485312
457.6	0.0082557336	-5.8526337	-0.044459964
457.728	0.0085987925	-5.8528327	-0.04736132
457.856	0.0083450699	-5.8526206	-0.046027653
457.984	0.0085002411	-5.85288	-0.045206945
458.112	0.008682068	-5.8529524	-0.046028462
458.24	0.0086938674	-5.8528327	-0.04599988
458.368	0.0086121034	-5.8526874	-0.044022552
458.496	0.0087207613	-5.8524399	-0.044047828
458.624	0.0088842961	-5.8524386	-0.044876123
458.752	0.0091044825	-5.8525621	-0.046039816
458.88	0.0089126898	-5.8522182	-0.043268082
459.008	0.0091258938	-5.8523674	-0.042204168
459.136	0.0092096999	-5.8524226	-0.044701182
459.264	0.0092025138	-5.8521401	-0.043259312
459.392	0.0093697789	-5.8520513	-0.043481706
459.52	0.0092031451	-5.8515882	-0.042317551
459.648	0.0094143648	-5.8514486	-0.042217337
459.776	0.0096307914	-5.8516202	-0.042102632
459.904	0.0094929895	-5.8517222	-0.041320258
460.032	0.009484101	-5.8514775	-0.040487452
460.16	0.0096004441	-5.8515821	-0.04085086
460.288	0.0095994017	-5.8516642	-0.041310248
460.416	0.0096659559	-5.8514952	-0.039783761
460.544	0.0096599944	-5.8515922	-0.041735666
460.672	0.0095728106	-5.8515509	-0.043058346
460.8	0.0097187696	-5.8517883	-0.043146466
460.928	0.0096140825	-5.8517374	-0.042168593
461.056	0.0094159193	-5.8517604	-0.042726206
461.184	0.0095103038	-5.8520332	-0.044039333
461.312	0.0093639635	-5.8516596	-0.041549651
461.44	0.0094634221	-5.8516557	-0.042884801
461.568	0.0092130125	-5.8518933	-0.042288483
461.696	0.0089667263	-5.8520549	-0.041251828
461.824	0.0091252737	-5.8520827	-0.042448978
461.952	0.0091072635	-5.8523426	-0.043014653
462.08	0.0089101289	-5.852488	-0.042615397
462.208	0.0088608393	-5.8525678	-0.044119388
462.336	0.0087571483	-5.8525875	-0.042214821
462.464	0.0086799248	-5.8523726	-0.044648899
462.592	0.0087698721	-5.852571	-0.046272921
462.72	0.0085788463	-5.8527807	-0.043395649
462.848	0.0085688289	-5.8525572	-0.044374003
462.976	0.0085411	-5.8526737	-0.045744535
463.104	0.0083450456	-5.8526862	-0.047428406
463.232	0.0083786316	-5.8527851	-0.046376303
463.36	0.0084493843	-5.8528044	-0.046071312
463.488	0.0084161527	-5.852776	-0.046122924
463.616	0.008491959	-5.8528622	-0.045562149
463.744	0.0084726462	-5.8530367	-0.045004863
463.872	0.0082998539	-5.8526218	-0.044875741
464	0.0082824558	-5.8523292	-0.04374013
464.128	0.0084985315	-5.8526936	-0.044266664
464.256	0.0085515311	-5.8528115	-0.045009214
464.384	0.0085215133	-5.8525253	-0.045420682
464.512	0.0085338568	-5.8524257	-0.043934745
464.64	0.0086250928	-5.8524079	-0.044079555
464.768	0.0089799813	-5.8526031	-0.044875655
464.896	0.0088603047	-5.8523594	-0.044886068
465.024	0.0088024113	-5.8525092	-0.045530619
465.152	0.0089212444	-5.8523023	-0.043879701
465.28	0.009125087	-5.8522834	-0.043693707
465.408	0.0091237442	-5.8521885	-0.043238217
465.536	0.0091726591	-5.8519931	-0.042364829
465.664	0.0092946597	-5.8519818	-0.042759927
465.792	0.0094047664	-5.8517776	-0.041858174
465.92	0.0093119514	-5.8516289	-0.041932656
466.048	0.0095301496	-5.8517152	-0.042224361
466.176	0.0095345422	-5.8516907	-0.041717003
466.304	0.00963867	-5.851512	-0.043023267
466.432	0.0095833142	-5.8517945	-0.041549504
466.56	0.0095216728	-5.8515695	-0.041796499
466.688	0.0097239691	-5.851722	-0.042718808
466.816	0.0096144691	-5.8513621	-0.042889426
466.944	0.0097107771	-5.8517313	-0.042584336
467.072	0.0095281884	-5.8514164	-0.041355104
467.2	0.0095470051	-5.8517643	-0.041349684
467.328	0.0094430404	-5.8514268	-0.04255868
467.456	0.0095905917	-5.8517774	-0.044306879
467.584	0.0093171725	-5.8515774	-0.041998713
467.712	0.0093499556	-5.8517105	-0.042794966
467.84	0.0093613243	-5.8521069	-0.044783257
467.968	0.0090800825	-5.8519445	-0.042162855
468.096	0.0091490841	-5.8520455	-0.041820327
468.224	0.0090260363	-5.8523171	-0.042809279
468.352	0.0090829873	-5.8523298	-0.044387085
468.48	0.0088698106	-5.8523652	-0.043373049
468.608	0.0087280508	-5.8523969	-0.045144995
468.736	0.0087117208	-5.8522821	-0.045844888
468.864	0.0084757334	-5.8523122	-0.045139324
468.992	0.0086755752	-5.852597	-0.046709171
469.12	0.008687539	-5.8527989	-0.0459169
469.248	0.0083873211	-5.8527327	-0.045492053
469.376	0.0083905904	-5.8527156	-0.045820763
469.504	0.0084928135	-5.853165	-0.045745115
469.632	0.0084337084	-5.853069	-0.045713366
469.76	0.0083451107	-5.8527721	-0.045818026
469.888	0.0084406054	-5.8530208	-0.045938042
470.016	0.0084170075	-5.8528952	-0.045464193
470.144	0.0083728641	-5.8529925	-0.04466041
470.272	0.0086044932	-5.8529755	-0.045542298
470.4	0.0083573735	-5.8527288	-0.045358222
470.528	0.00850262	-5.8529302	-0.043834922
470.656	0.0085136119	-5.8526423	-0.043865566
470.784	0.0084666143	-5.8525765	-0.04501895
470.912	0.0087781272	-5.8525168	-0.043440586
471.04	0.0086871367	-5.8525232	-0.044357662
471.168	0.008673354	-5.852471	-0.045893943
471.296	0.0089111596	-5.8527001	-0.043667143
471.424	0.0089428051	-5.8523941	-0.041038696
471.552	0.0091384871	-5.8524583	-0.043224058
471.68	0.0091930116	-5.8521805	-0.044083025
471.808	0.0091483261	-5.8519025	-0.043616401
471.936	0.0092139646	-5.8517718	-0.042836767
472.064	0.0093281576	-5.8518252	-0.04394435
472.192	0.0094408184	-5.8518871	-0.042868196
472.32	0.0094282278	-5.8518754	-0.043068759
472.448	0.0094057822	-5.8516642	-0.043121189
472.576	0.0095656793	-5.8516369	-0.041601825
472.704	0.0096271165	-5.8516898	-0.041621707
472.832	0.009587255	-5.8515671	-0.043105982
472.96	0.0097718464	-5.8516983	-0.043376759
473.088	0.0097711339	-5.8514933	-0.041265556
473.216	0.0095774057	-5.8514408	-0.041009397
473.344	0.0096768671	-5.8519405	-0.043283897
473.472	0.0096166801	-5.8519214	-0.041296388
473.6	0.0094949327	-5.8517819	-0.039750002
473.728	0.0095187216	-5.8517968	-0.043017486
473.856	0.0093758079	-5.8516376	-0.042688295
473.984	0.0091415575	-5.8516506	-0.040893824
474.112	0.0094331063	-5.8519239	-0.040930107
474.24	0.00920601	-5.8519926	-0.042303952
474.368	0.0092369439	-5.8520647	-0.044648048
474.496	0.0090648198	-5.8519228	-0.043232316
474.624	0.0089974797	-5.8522003	-0.04453589
474.752	0.0088564594	-5.8522153	-0.045875799
474.88	0.0088453324	-5.8523425	-0.046072128
475.008	0.0086866592	-5.8524372	-0.045802647
475.136	0.0086682853	-5.852511	-0.044409219
475.264	0.0086659299	-5.852631	-0.043927633
475.392	0.0085619367	-5.8526981	-0.045560574
475.52	0.008610197	-5.8529768	-0.045033922
475.648	0.0084074132	-5.8526235	-0.043423957
475.776	0.0084439532	-5.8527418	-0.04697899
475.904	0.0082519632	-5.8527011	-0.046181694
476.032	0.008502458	-5.8530503	-0.045769431
476.16	0.0084356511	-5.8528463	-0.04709327
476.288	0.0084222915	-5.8527194	-0.046398091
476.416	0.0083241539	-5.8526019	-0.045134093
476.544	0.0083332204	-5.8525871	-0.045651285
476.672	0.008536695	-5.8528827	-0.047034917
476.8	0.0085016077	-5.8528167	-0.045538401
476.928	0.0085344804	-5.852746	-0.045343085
477.056	0.0085359019	-5.8529324	-0.043802833
477.184	0.0086074356	-5.8527939	-0.044231235
477.312	0.0088494615	-5.852848	-0.044774609
477.44	0.0087896195	-5.8525142	-0.045280189
477.568	0.0088300742	-5.8524685	-0.04613873
477.696	0.0089796936	-5.8522883	-0.043640131
477.824	0.0089123202	-5.8523682	-0.042697502
477.952	0.0090948564	-5.8521838	-0.042113358
478.08	0.0091445457	-5.8519139	-0.043539954
478.208	0.0092653384	-5.8520092	-0.044558736
478.336	0.0093947335	-5.8520569	-0.043668412
478.464	0.0094492528	-5.8518122	-0.042595131
478.592	0.0094035939	-5.8516404	-0.041295283
478.72	0.0095935948	-5.8519576	-0.042206886
478.848	0.0094629071	-5.8514284	-0.041781037
478.976	0.00961692	-5.851699	-0.041896827
479.104	0.0095544148	-5.8517705	-0.04217935
479.232	0.0096279934	-5.8518139	-0.042452808
479.36	0.0096088609	-5.8515113	-0.042066387
479.488	0.0097325897	-5.8517731	-0.040908323
479.616	0.0096941743	-5.8517424	-0.041249735
479.744	0.0096786348	-5.8517438	-0.042411666
479.872	0.0094762014	-5.8516458	-0.041852202
480	0.0094471826	-5.8518165	-0.0415529
480.128	0.0094712264	-5.8519573	-0.041281711
480.256	0.0094310048	-5.8520376	-0.042430604
480.384	0.0092232323	-5.8517843	-0.042290946
480.512	0.009301173	-5.8522652	-0.041961052
480.64	0.009145284	-5.8520649	-0.042994203
480.768	0.0089919339	-5.8521807	-0.043314572
480.896	0.0091859953	-5.8523723	-0.043678722
481.024	0.0088828418	-5.8523269	-0.045487037
481.152	0.0088645734	-5.8524739	-0.045157943
481.28	0.0086924096	-5.8522584	-0.043371409
481.408	0.008759466	-5.8526325	-0.04449237
481.536	0.0085585822	-5.8525475	-0.044987631
481.664	0.0085839604	-5.8525636	-0.046675419
481.792	0.0085798597	-5.8527872	-0.044628176
481.92	0.0084764309	-5.8527479	-0.042406481
482.048	0.0084572599	-5.8530281	-0.044763953
482.176	0.0084948062	-5.852776	-0.045850443
482.304	0.0083195408	-5.8527179	-0.045451949
482.432	0.0082859629	-5.8527951	-0.045362678
482.56	0.0085357156	-5.8529547	-0.044878438
482.688	0.0084117061	-5.8528314	-0.044638227
482.816	0.0082485546	-5.8525708	-0.044958994
482.944	0.0085257572	-5.852726	-0.045149241
483.072	0.0083855121	-5.8527419	-0.043894461
483.2	0.0086711731	-5.8531903	-0.044154685
483.328	0.0085731905	-5.8527577	-0.04469269
483.456	0.0087010635	-5.8527617	-0.047360461
483.584	0.0085861064	-5.8527907	-0.045669824
483.712	0.0088261102	-5.8526069	-0.043647422
483.84	0.0088730525	-5.8523392	-0.044375918
483.968	0.0088517809	-5.8521599	-0.044850239
484.096	0.0090259593	-5.8523102	-0.042861554
484.224	0.0090566745	-5.8522894	-0.042792611
484.352	0.0091201199	-5.8521294	-0.044327512
484.48	0.0092463655	-5.8519296	-0.042101559
484.608	0.0092768577	-5.8515702	-0.044692025
484.736	0.0095070941	-5.851804	-0.045082682
484.864	0.0093192138	-5.8517558	-0.041862674
484.992	0.0095594871	-5.8518957	-0.043410891
485.12	0.0096595537	-5.8516518	-0.043128313
485.248	0.0095678926	-5.8515708	-0.042103602
485.376	0.0095314313	-5.8513947	-0.041192306
485.504	0.0094727805	-5.8513006	-0.041591762
485.632	0.0097925045	-5.8516506	-0.042985842
485.76	0.0096470348	-5.8513551	-0.043685632
485.888	0.0095347924	-5.8514495	-0.043010185
486.016	0.0095731883	-5.8514972	-0.041424672
486.144	0.0096221576	-5.8519345	-0.042025806
486.272	0.0093584662	-5.8515838	-0.042386341
486.4	0.009374685	-5.851871	-0.043199486
486.528	0.0095615582	-5.8519002	-0.042422977
486.656	0.0093798138	-5.8518839	-0.042320792
486.784	0.0092218818	-5.8518873	-0.042919804
486.912	0.0091895073	-5.8521243	-0.042881491
487.04	0.0090257463	-5.8518261	-0.042237621
487.168	0.0091491104	-5.8521463	-0.04411582
487.296	0.0088436065	-5.8520932	-0.04439038
487.424	0.0088753541	-5.8524005	-0.044819384
487.552	0.0087251579	-5.8524774	-0.044960232
487.68	0.0087855313	-5.8526845	-0.044243143
487.808	0.0085696313	-5.852436	-0.044635148
487.936	0.0085197908	-5.8524637	-0.044239017
488.064	0.0084271282	-5.8525995	-0.045407312
488.192	0.0085277035	-5.8528038	-0.044771273
488.32	0.0085115264	-5.8528074	-0.042362212
488.448	0.0084648307	-5.8529003	-0.043970921
488.576	0.0084140826	-5.8527657	-0.046056399
488.704	0.0084138884	-5.8529012	-0.045309014
488.832	0.0082486265	-5.8525753	-0.045556031
488.96	0.008285618	-5.8526828	-0.04527333
489.088	0.0085193646	-5.8529116	-0.044057854
489.216	0.0084336641	-5.8529067	-0.043283307
489.344	0.0083650067	-5.8526773	-0.043530465
489.472	0.008579448	-5.8527232	-0.045129124
489.6	0.0086331371	-5.8527952	-0.045048951
489.728	0.0085774396	-5.8526594	-0.044072058
489.856	0.0086622885	-5.8525669	-0.046015572
489.984	0.0087407603	-5.8525167	-0.043889651
490.112	0.008847506	-5.8524638	-0.042730033
490.24	0.0088950076	-5.852396	-0.045229356
490.368	0.0087904483	-5.8517677	-0.044520797
490.496	0.0091193889	-5.8519468	-0.043340201
490.624	0.009152416	-5.8518717	-0.043561463
490.752	0.0091660475	-5.8521037	-0.041767341
490.88	0.0092533492	-5.8518219	-0.041896716
491.008	0.009240928	-5.8516114	-0.040361672
491.136	0.0096040052	-5.8522025	-0.041287549
491.264	0.0092691576	-5.8513776	-0.041359102
491.392	0.0095859918	-5.8513996	-0.04193785
491.52	0.0095799444	-5.851363	-0.042849615
491.648	0.0095949967	-5.8512682	-0.04112201
491.776	0.0096917714	-5.8515469	-0.041634876
491.904	0.009638394	-5.8512246	-0.042004879
492.032	0.0095663355	-5.851245	-0.041626252
492.16	0.0095986489	-5.8515356	-0.041550248
492.288	0.0096940027	-5.851638	-0.041293744
492.416	0.0095123986	-5.8516031	-0.040701475
492.544	0.0097047573	-5.8516605	-0.040950264
492.672	0.0092811887	-5.8512634	-0.041342264
492.8	0.0095085504	-5.8518095	-0.04156537
492.928	0.0093380493	-5.8517874	-0.043127047
493.056	0.0094238767	-5.8522496	-0.044225334
493.184	0.0090657514	-5.8520759	-0.042476663
493.312	0.009111358	-5.8523948	-0.044469578
493.44	0.0089111097	-5.8521583	-0.042834518
493.568	0.0090182544	-5.8525069	-0.04229908
493.696	0.0088904016	-5.8525143	-0.044116938
493.824	0.0087815549	-5.8523855	-0.043033966
493.952	0.0088083829	-5.8525489	-0.044243151
494.08	0.0087252089	-5.852718	-0.046370988
494.208	0.0086043387	-5.8525956	-0.044865015
494.336	0.0084053017	-5.8524775	-0.043126409
494.464	0.0084977576	-5.8526715	-0.045884853
494.592	0.008476165	-5.8528104	-0.047376478
494.72	0.0084171017	-5.8527557	-0.045449392
494.848	0.0082395867	-5.852853	-0.045081441
494.976	0.0083848604	-5.8530702	-0.047208624
495.104	0.0084232545	-5.8530265	-0.047132901
495.232	0.0085382834	-5.853134	-0.04585336
495.36	0.0082220513	-5.8527377	-0.043703157
495.488	0.0083386849	-5.8528198	-0.043522417
495.616	0.0085957928	-5.8529491	-0.045705556
495.744	0.0085633944	-5.8528368	-0.046502842
495.872	0.0084523682	-5.8526784	-0.04638787
496	0.0085751158	-5.8526948	-0.047436197
496.128	0.0084928671	-5.8525725	-0.045099903
496.256	0.0089000973	-5.8529427	-0.04553862
496.384	0.0087447225	-5.8525808	-0.04445369
496.512	0.0088029267	-5.8523313	-0.043947451
496.64	0.0089817199	-5.8522199	-0.044723085
496.768	0.0091261828	-5.8520961	-0.046462595
496.896	0.0090309024	-5.8518409	-0.04397348
497.024	0.0092213222	-5.8519615	-0.045813683
497.152	0.0091904436	-5.8517165	-0.044062373
497.28	0.0093456903	-5.8517543	-0.042922977
497.408	0.0094355272	-5.8519449	-0.043617678
497.536	0.0094758416	-5.8518548	-0.04300551
497.664	0.0094621996	-5.852001	-0.044325132
497.792	0.0098404837	-5.8519384	-0.043490444
497.92	0.0096299459	-5.8515011	-0.042833988
498.048	0.0096120521	-5.8516773	-0.043578759
498.176	0.0096913165	-5.8515713	-0.042403529
498.304	0.0096905399	-5.8516742	-0.042210048
498.432	0.0096945244	-5.8517035	-0.041159022
498.56	0.0095681416	-5.8516961	-0.041193895
498.688	0.009578865	-5.8517555	-0.044338841
498.816	0.0095436352	-5.8517838	-0.043669743
498.944	0.0096107554	-5.8519606	-0.042118127
499.072	0.009601889	-5.8521062	-0.042928037
499.2	0.0092589992	-5.8517333	-0.042845667
499.328	0.0093835402	-5.8524003	-0.044783591
499.456	0.0092029027	-5.8522286	-0.041959448
499.584	0.0090865409	-5.8521427	-0.040536013
499.712	0.0091407605	-5.8523135	-0.04308009
499.84	0.0089067897	-5.8518166	-0.043587741
499.968	0.0088835787	-5.8523927	-0.043713172
