0	0.026580866	-5.8324011	0.012668329
0.128	0.027377581	-5.8330866	0.012608564
0.256	0.026489689	-5.8318674	0.011508029
0.384	0.026674331	-5.8317868	0.0087352225
0.512	0.027326914	-5.832734	0.010175387
0.64	0.026623486	-5.8320686	0.015599455
0.768	0.026305413	-5.8317372	0.011455416
0.896	0.027014345	-5.8323651	0.0075193288
1.024	0.027182263	-5.8324784	0.0060593455
1.152	0.02657985	-5.8320747	0.01160298
1.28	0.027412548	-5.8327797	0.0071511459
1.408	0.026676736	-5.8320893	0.0090426242
1.536	0.026859093	-5.8323052	0.010341059
1.664	0.026774341	-5.8319084	0.010699022
1.792	0.026938888	-5.832022	0.012277334
1.92	0.027101684	-5.8322855	0.012983519
2.048	0.027003745	-5.8322358	0.011614724
2.176	0.027361685	-5.83251	0.011297368
2.304	0.027015288	-5.8319177	0.012369261
2.432	0.027080531	-5.8321788	0.011632391
2.56	0.02731565	-5.8324835	0.014058164
2.688	0.027437253	-5.8321987	0.011176478
2.816	0.027325347	-5.8323864	0.011991368
2.944	0.02728338	-5.8323152	0.013472125
3.072	0.026860007	-5.832085	0.013727544
3.2	0.027605276	-5.8322974	0.0059180153
3.328	0.02692341	-5.831512	0.0099585992
3.456	0.027253969	-5.8321947	0.013178967
3.584	0.027460576	-5.8324185	0.011712926
3.712	0.026909609	-5.8319521	0.01124626
3.84	0.027146413	-5.8324954	0.0096570723
3.968	0.026636256	-5.8319253	0.014942971
4.096	0.02738015	-5.8328386	0.013823991
4.224	0.02727126	-5.8322649	0.012325684
4.352	0.026745905	-5.8316913	0.011811813
4.48	0.027023165	-5.8321105	0.010530941
4.608	0.026857965	-5.8322445	0.014424711
4.736	0.026677991	-5.8321333	0.012370029
4.864	0.027133715	-5.8326503	0.012458405
4.992	0.026803129	-5.8323972	0.012926149
5.12	0.026605654	-5.8319754	0.011260843
5.248	0.02686075	-5.8322444	0.013151649
5.376	0.026955088	-5.8325342	0.012583256
5.504	0.026783631	-5.832224	0.011887183
5.632	0.027166891	-5.8326235	0.0078295557
5.76	0.026271814	-5.8319256	0.01123697
5.888	0.027263028	-5.8331943	0.012088916
6.016	0.026872519	-5.8325783	0.0094524933
6.144	0.027162338	-5.83303	0.0063930023
6.272	0.026808943	-5.8326874	0.0085981711
6.4	0.026569267	-5.8322261	0.01181031
6.528	0.02713303	-5.832895	0.0089843627
6.656	0.02656761	-5.8321996	0.0086951891
6.784	0.026794133	-5.8325225	0.0097792639
6.912	0.026907334	-5.832784	0.0083896807
7.04	0.027010235	-5.8328112	0.010597235
7.168	0.026634096	-5.8325097	0.014440437
7.296	0.027085261	-5.8328533	0.012776813
7.424	0.026835011	-5.8326722	0.0096273643
7.552	0.027081627	-5.8329905	0.010952771
7.68	0.027140449	-5.8331638	0.010217034
7.808	0.027192783	-5.8328532	0.0060465758
7.936	0.026795864	-5.832372	0.011500889
8.064	0.027270446	-5.8325224	0.007925269
8.192	0.027141043	-5.8326495	0.0065849072
8.32	0.026752682	-5.8320855	0.010138329
8.448	0.026948507	-5.8320872	0.0081909947
8.576	0.027126029	-5.8324043	0.0098906398
8.704	0.027046156	-5.8322002	0.011973241
8.832	0.027161502	-5.8326628	0.0097882286
8.96	0.027070523	-5.8323981	0.012033975
9.088	0.027147907	-5.8326114	0.0127869
9.216	0.026639078	-5.8322017	0.010449977
9.344	0.027521041	-5.8329481	0.0089837785
9.472	0.02677037	-5.8323255	0.010559021
9.6	0.02701088	-5.8325386	0.010690207
9.728	0.026876827	-5.832325	0.0094611369
9.856	0.026904505	-5.8323899	0.0073907652
9.984	0.027335666	-5.8328541	0.0087667819
10.112	0.027197654	-5.8328069	0.0079124846
10.24	0.026849317	-5.8321869	0.010506703
10.368	0.027312081	-5.8323653	0.009295974
10.496	0.026771511	-5.8323226	0.011798352
10.624	0.027014588	-5.8325475	0.012060634
10.752	0.027068109	-5.8326129	0.0098120783
10.88	0.027016624	-5.8323792	0.0097358504
11.008	0.027303032	-5.8327168	0.010246651
11.136	0.026911648	-5.8323026	0.012784556
11.264	0.026841919	-5.8322026	0.014899281
11.392	0.026992379	-5.8326166	0.011881012
11.52	0.027318755	-5.8324875	0.012265686
11.648	0.026664734	-5.8319664	0.013396793
11.776	0.026938868	-5.8326682	0.012192315
11.904	0.027144581	-5.8328791	0.0088819517
12.032	0.026936087	-5.8328385	0.010371437
12.16	0.027136514	-5.8329046	0.0086849288
12.288	0.026463766	-5.832146	0.0084451865
12.416	0.027009487	-5.8324862	0.007093929
12.544	0.026753357	-5.8326466	0.010590234
12.672	0.027121926	-5.8332607	0.0079035148
12.8	0.026919781	-5.8328177	0.011087048
12.928	0.026758444	-5.832527	0.010962221
13.056	0.027124739	-5.8328376	0.0081033362
13.184	0.027174847	-5.8331738	0.0098722025
13.312	0.027211449	-5.8332888	0.0092393209
13.44	0.026770588	-5.8327559	0.010030249
13.568	0.02712429	-5.8334013	0.0085569622
13.696	0.026682003	-5.832668	0.0093164203
13.824	0.027153915	-5.8332179	0.0061834328
13.952	0.027489739	-5.8334618	0.0056995495
14.08	0.026439623	-5.8326198	0.0073083846
14.208	0.027199979	-5.8334337	0.0042984372
14.336	0.02679449	-5.8332356	0.008313817
14.464	0.02762767	-5.8340525	0.004284719
14.592	0.027076567	-5.8331172	0.005133258
14.72	0.026905521	-5.8329752	0.0045151494
14.848	0.026930305	-5.8332245	0.0075662549
14.976	0.027005179	-5.8331024	0.010869242
15.104	0.026758519	-5.832918	0.0073556932
15.232	0.027014313	-5.8333016	0.0074577117
15.36	0.027293327	-5.8333436	0.007212429
15.488	0.026957583	-5.833322	0.0063833547
15.616	0.026644826	-5.8329698	0.0051572323
15.744	0.027690246	-5.8339778	0.0033655515
15.872	0.026478347	-5.8330105	0.0071253749
16	0.026938303	-5.8332881	0.0067533453
16.128	0.026699176	-5.8332417	0.0063472151
16.256	0.026778085	-5.8330466	0.0061183537
16.384	0.026587167	-5.8334631	0.0088989974
16.512	0.027154634	-5.8340377	0.0068182856
16.64	0.026700946	-5.8332793	0.0080241718
16.768	0.026448588	-5.8328008	0.0074780527
16.896	0.026822189	-5.8333987	0.0065122894
17.024	0.027332031	-5.8339794	0.0051787419
17.152	0.026720186	-5.83334	0.0080223468
17.28	0.027177856	-5.8333198	0.006541104
17.408	0.026849374	-5.8331174	0.0047183745
17.536	0.027081885	-5.8332504	0.0046796382
17.664	0.026849651	-5.8331422	0.0075716404
17.792	0.026696161	-5.8330715	0.008131139
17.92	0.026845718	-5.8330489	0.0074446003
18.048	0.027333373	-5.8340358	0.0036075503
18.176	0.026999984	-5.8334583	0.0036761976
18.304	0.02718566	-5.8334027	0.0047227572
18.432	0.026794473	-5.8329055	0.0083990096
18.56	0.027367962	-5.8336689	0.0043764054
18.688	0.027173688	-5.8334625	0.0064711612
18.816	0.027328138	-5.8335151	0.0073047229
18.944	0.027071149	-5.8331116	0.004373954
19.072	0.026929966	-5.8331461	0.0063201789
19.2	0.026592375	-5.8328508	0.0078973567
19.328	0.026924422	-5.833329	0.0045274163
19.456	0.026598601	-5.8326457	0.0050086398
19.584	0.027011572	-5.83323	0.0012794752
19.712	0.027370125	-5.8337622	0.0019992961
19.84	0.027190464	-5.8335679	0.0047274748
19.968	0.027321151	-5.8336722	0.0035851798
20.096	0.027202364	-5.8334703	0.0067574031
20.224	0.027155256	-5.833208	0.0044785438
20.352	0.027386093	-5.8336431	0.00029877506
20.48	0.026788402	-5.8330031	0.0047163113
20.608	0.027090342	-5.8336565	0.0060664957
20.736	0.026697248	-5.8333932	0.0058257525
20.864	0.027206805	-5.8337566	0.0054256178
20.992	0.0270077	-5.8334648	0.0063151556
21.12	0.026887852	-5.8331651	0.0047289226
21.248	0.027468864	-5.8336718	0.0041479945
21.376	0.0267128	-5.8331207	0.0051717366
21.504	0.026773505	-5.8332232	0.003887432
21.632	0.026623313	-5.8329359	0.0063454361
21.76	0.027202784	-5.8331781	0.0051256958
21.888	0.02703987	-5.8332238	0.0062251888
22.016	0.026868006	-5.8332009	0.0046974345
22.144	0.027132648	-5.8337811	0.0075884632
22.272	0.026894371	-5.8336006	0.0086971142
22.4	0.026813485	-5.8335926	0.0059663299
22.528	0.027152844	-5.8338648	0.007046338
22.656	0.026956465	-5.8337368	0.004193159
22.784	0.026110573	-5.8329051	0.0041896732
22.912	0.026540093	-5.8333794	0.0076184004
23.04	0.026928051	-5.8337027	0.0041582858
23.168	0.027092996	-5.8334894	-0.00039288319
23.296	0.026469288	-5.833129	0.00078539044
23.424	0.026930521	-5.8333505	0.0041282929
23.552	0.026818929	-5.8332924	0.010027298
23.68	0.02690648	-5.8334928	0.0091733137
23.808	0.027005866	-5.8336851	0.0044349829
23.936	0.026921744	-5.833412	0.002318009
24.064	0.026603597	-5.8332431	0.0048011512
24.192	0.026818666	-5.8331844	0.0017994861
24.32	0.026800583	-5.833089	0.0070192767
24.448	0.026750325	-5.8328484	0.0076439691
24.576	0.027034087	-5.8331978	0.0043939951
24.704	0.02703205	-5.833191	0.0041639695
24.832	0.027204043	-5.833126	0.0023858424
24.96	0.027578976	-5.833644	0.0035668393
25.088	0.026748676	-5.8329565	0.0087669087
25.216	0.027236042	-5.8331275	0.0071070719
25.344	0.027179597	-5.8331734	0.0052348539
25.472	0.027263371	-5.8330489	0.0025205451
25.6	0.026853314	-5.8327417	0.0052478575
25.728	0.027387453	-5.8332968	0.0061251515
25.856	0.026668776	-5.8327439	0.0057208021
25.984	0.0271066	-5.8333044	0.0032872067
26.112	0.0272951	-5.8331321	0.0051294488
26.24	0.027576484	-5.8332478	0.0039326104
26.368	0.027180021	-5.8331663	0.0073450314
26.496	0.027514515	-5.833553	0.00603248
26.624	0.027075224	-5.8329681	0.0035950405
26.752	0.027053693	-5.8330824	0.0032833388
26.88	0.027034981	-5.8328397	0.0061125008
27.008	0.027223958	-5.8333008	0.0081269862
27.136	0.026822044	-5.83292	0.0062013679
27.264	0.026911082	-5.8331528	0.004761989
27.392	0.027207641	-5.8334201	0.0058372925
27.52	0.027237155	-5.8331179	0.0065217717
27.648	0.02694814	-5.8328756	0.0037810957
27.776	0.027243226	-5.8335563	0.00094600998
27.904	0.026974461	-5.8337276	0.0044255503
28.032	0.02695238	-5.8336909	0.0079360047
28.16	0.026702311	-5.8333073	0.0077522779
28.288	0.027049756	-5.8338437	0.0036426518
28.416	0.027032406	-5.8338985	0.0067378879
28.544	0.026835445	-5.8336602	0.0060901657
28.672	0.026868849	-5.8338086	0.0023817288
28.8	0.026838816	-5.8335166	0.0030957343
28.928	0.026582149	-5.8331138	0.0057765607
29.056	0.026509632	-5.833365	0.006788986
29.184	0.02728127	-5.8343583	0.0023022052
29.312	0.027048352	-5.8340812	0.0061398578
29.44	0.026807123	-5.8335882	0.0064015325
29.568	0.026868565	-5.8332868	0.0065768989
29.696	0.026985937	-5.8336741	0.0082140098
29.824	0.026672201	-5.8333923	0.0071727341
29.952	0.027415963	-5.8339976	0.0026800212
30.08	0.026867873	-5.8333434	0.0047534702
30.208	0.026180793	-5.8328738	0.0070334958
30.336	0.027492972	-5.8343446	0.003209574
30.464	0.027060323	-5.8338098	0.0072320414
30.592	0.026495783	-5.833118	0.0086030678
30.72	0.027207424	-5.8336724	0.0045033009
30.848	0.02699261	-5.8337022	0.0046097735
30.976	0.027278084	-5.8338525	0.0021270745
31.104	0.027060906	-5.8335998	0.0023518371
31.232	0.026957235	-5.833433	0.0030888097
31.36	0.027369732	-5.8340907	0.0034778611
31.488	0.027039509	-5.8336983	0.0046416265
31.616	0.026675424	-5.8331684	0.0080475513
31.744	0.027665569	-5.8339592	0.0064551202
31.872	0.026953193	-5.8335791	0.0060543115
32	0.027149637	-5.8338798	0.0044205081
32.128	0.026949473	-5.8335315	0.0071974737
32.256	0.027399463	-5.833938	0.0062509196
32.384	0.027213495	-5.8336114	0.0034776666
32.512	0.027429926	-5.8338437	0.0024459666
32.64	0.026731031	-5.8332679	0.0041598146
32.768	0.026681256	-5.8333635	0.0060684092
32.896	0.026828766	-5.833837	0.0084217917
33.024	0.027275038	-5.8343646	0.0076464756
33.152	0.026788796	-5.8338648	0.0053198434
33.28	0.027090827	-5.8341293	0.0029075134
33.408	0.026208735	-5.8330961	0.0069862429
33.536	0.027019786	-5.8340948	0.0025682901
33.664	0.026892846	-5.8339514	0.0041744465
33.792	0.027169122	-5.8345818	0.0045334521
33.92	0.026730618	-5.8337649	0.0058350459
34.048	0.027219841	-5.8339728	0.0042197564
34.176	0.026779837	-5.8336569	0.0052846482
34.304	0.026827834	-5.8337278	1.5034724e-05
34.432	0.02703292	-5.833633	0.0032915598
34.56	0.026740225	-5.8338167	0.007885612
34.688	0.027097613	-5.834337	0.0035298963
34.816	0.026708169	-5.8337656	0.0038785259
34.944	0.027004633	-5.8339195	0.0035397603
35.072	0.027109385	-5.8339004	0.0029644245
35.2	0.026922742	-5.8338208	0.0048007722
35.328	0.027235131	-5.834268	0.00095017685
35.456	0.027073842	-5.834259	0.00053517505
35.584	0.02728634	-5.8344365	0.001682662
35.712	0.026904436	-5.8340256	0.0022316609
35.84	0.026906566	-5.8337918	0.0036828288
35.968	0.027221987	-5.8342524	0.0051819859
36.096	0.027091981	-5.8341795	0.0039929819
36.224	0.027432322	-5.8344752	0.00032505882
36.352	0.026857856	-5.8339551	0.0049869818
36.48	0.026716195	-5.8337876	0.0028309278
36.608	0.02687175	-5.8340667	0.00179555
36.736	0.027445218	-5.8345571	-0.0010253456
36.864	0.027111106	-5.8341719	-0.00070088287
36.992	0.026968594	-5.8343387	0.0037896027
37.12	0.027037357	-5.8342211	0.0012817998
37.248	0.027117267	-5.8344534	0.00056268426
37.376	0.026993717	-5.8345013	0.0017836771
37.504	0.02725332	-5.8349291	0.0011565633
37.632	0.027679792	-5.8351963	-0.00060361228
37.76	0.026765736	-5.8342935	0.0010423207
37.888	0.027430213	-5.8348618	-0.0018807752
38.016	0.026339545	-5.8335846	0.0021726346
38.144	0.027055932	-5.8347225	-0.00053647644
38.272	0.02724451	-5.8350158	0.00020718909
38.4	0.027033501	-5.834796	0.0024820517
38.528	0.027165617	-5.8349385	0.0011563936
38.656	0.026929793	-5.834613	0.001304107
38.784	0.02640271	-5.834041	0.0024034541
38.912	0.026760676	-5.834459	0.0050010674
39.04	0.026778561	-5.8345331	0.002881987
39.168	0.027199045	-5.8352072	0.0017986938
39.296	0.026633852	-5.8344267	0.0039864495
39.424	0.026846603	-5.834644	-0.0005458052
39.552	0.026940348	-5.8344847	-1.2599261e-05
39.68	0.026773595	-5.8348095	-0.00043039993
39.808	0.02682711	-5.834936	-0.001700789
39.936	0.027000419	-5.8350422	-0.0023616694
40.064	0.026850618	-5.8344403	0.0024016155
40.192	0.026433122	-5.8341447	0.0040948867
40.32	0.026821387	-5.8343863	-0.00067492909
40.448	0.027176103	-5.8346739	-0.00066539337
40.576	0.026802891	-5.8343318	0.001324411
40.704	0.026976349	-5.83446	0.00027854389
40.832	0.026816519	-5.8344247	0.0045428915
40.96	0.026846211	-5.8343344	0.0026443379
41.088	0.027092853	-5.834457	-0.0018540587
41.216	0.026533274	-5.8337688	0.0043759163
41.344	0.027248434	-5.8346225	0.00074919108
41.472	0.027320614	-5.8348623	0.00042756508
41.6	0.026941656	-5.8342882	0.0011652542
41.728	0.027321849	-5.8346269	0.0022414618
41.856	0.027529468	-5.8347738	0.0024783214
41.984	0.027310162	-5.8345649	0.0016086311
42.112	0.027492581	-5.8351078	-0.0014188376
42.24	0.027078791	-5.834874	0.0015685536
42.368	0.027647885	-5.8346762	0.00072838467
42.496	0.026931022	-5.8341351	-0.0020320427
42.624	0.027188642	-5.834552	-0.0011141635
42.752	0.027068382	-5.8345261	-1.0631213e-05
42.88	0.027238728	-5.8346636	-0.0037120989
43.008	0.027288746	-5.834884	-0.0021570527
43.136	0.027237451	-5.8350001	-0.0010044153
43.264	0.027221075	-5.8347362	-0.00094544401
43.392	0.02707063	-5.8347477	-0.0022207878
43.52	0.026918017	-5.834822	-0.00089844245
43.648	0.027040271	-5.8349737	-0.0013401203
43.776	0.027055465	-5.835016	-0.0011252106
43.904	0.027196627	-5.8350658	-0.0057595239
44.032	0.026939266	-5.8350576	-0.0025312624
44.16	0.026931075	-5.8353092	6.9708859e-05
44.288	0.027294525	-5.8357597	-0.0060811416
44.416	0.026667122	-5.835295	-0.0027574882
44.544	0.026730158	-5.8354558	-0.0026895521
44.672	0.026737096	-5.8351992	-0.0074243617
44.8	0.026791455	-5.8353255	-0.0075172485
44.928	0.026672169	-5.8353588	-0.003357099
45.056	0.027007913	-5.835555	-0.005107743
45.184	0.026624677	-5.8352907	-0.0042772951
45.312	0.02712591	-5.8358933	-0.0015350938
45.44	0.026663827	-5.8355019	-0.0016783728
45.568	0.027260654	-5.836121	-0.0052676864
45.696	0.026498384	-5.8353744	-5.8886913e-05
45.824	0.027104463	-5.8357415	-0.0013736058
45.952	0.026520737	-5.8351685	-0.0023298897
46.08	0.027120283	-5.8361267	-0.0051092842
46.208	0.02696547	-5.8358752	-0.0045039388
46.336	0.026975494	-5.8359949	-0.0048443133
46.464	0.026841005	-5.8359188	-0.0016599338
46.592	0.026577639	-5.8358674	-0.00012325405
46.72	0.026605589	-5.8357231	-0.0010610765
46.848	0.026875043	-5.8358415	-0.00089823019
46.976	0.027233363	-5.8362029	-0.0012341145
47.104	0.026991221	-5.8357337	-0.00088864042
47.232	0.026298565	-5.8350428	-0.00059338528
47.36	0.026887729	-5.8353275	-0.0013600908
47.488	0.026511095	-5.8352576	-0.0031164458
47.616	0.027090115	-5.8358635	-0.0073642177
47.744	0.02736164	-5.8361512	-0.004478734
47.872	0.02707383	-5.8356449	-0.0018561933
48	0.026623538	-5.8345931	-0.0013565612
48.128	0.027309398	-5.8356822	-0.0015173791
48.256	0.027179147	-5.8354556	-0.0020686728
48.384	0.027414259	-5.8359447	-0.0058089266
48.512	0.026679212	-5.8352144	-0.0034445495
48.64	0.027306378	-5.8359136	-0.0045661817
48.768	0.027092641	-5.8354424	-0.0049320489
48.896	0.026841415	-5.8352634	-0.0047906338
49.024	0.0271046	-5.8355412	-0.0060422982
49.152	0.027343361	-5.8358264	-0.005869871
49.28	0.027338641	-5.8356861	-0.0012807662
49.408	0.027604466	-5.8356964	-0.0043293864
49.536	0.02764725	-5.8359433	-0.0047759146
49.664	0.027443286	-5.835603	-0.0039572263
49.792	0.027415601	-5.8355962	-0.0057945106
49.92	0.027357267	-5.8355765	-0.0049604689
50.048	0.02725953	-5.8352024	-0.0053824181
50.176	0.027031124	-5.8351001	-0.0031189187
50.304	0.027208408	-5.8354285	-0.0041555202
50.432	0.02732018	-5.8354622	-0.0067981727
50.56	0.026867974	-5.8352555	-0.0014155394
50.688	0.027052958	-5.8358753	-0.0033684552
50.816	0.027359506	-5.8360751	-0.010384135
50.944	0.026901433	-5.8357967	-0.0077934136
51.072	0.027318209	-5.8364671	-0.0031093225
51.2	0.027031063	-5.8363378	-0.0033010571
51.328	0.026495971	-5.8359138	-0.0058111633
51.456	0.02691718	-5.8364636	-0.005400043
51.584	0.026582705	-5.8363172	-0.0053118103
51.712	0.026774185	-5.8365137	-0.0040877912
51.84	0.026396438	-5.8362108	-0.0030260017
51.968	0.026838689	-5.8366824	-0.0097290993
52.096	0.026637639	-5.8363489	-0.0070749542
52.224	0.026747961	-5.8364461	-0.0060796849
52.352	0.026587419	-5.8363751	-0.0052277692
52.48	0.026383795	-5.8363001	-0.0077402215
52.608	0.026771192	-5.83653	-0.009639748
52.736	0.026246528	-5.8358306	-0.0067318181
52.864	0.026635034	-5.8362822	-0.01061531
52.992	0.027121776	-5.8368633	-0.010865311
53.12	0.026714592	-5.8363933	-0.0071425083
53.248	0.026615044	-5.8362379	-0.0090135672
53.376	0.027346469	-5.8368188	-0.011526611
53.504	0.026355224	-5.835511	-0.0061567302
53.632	0.027275409	-5.8363559	-0.0081200405
53.76	0.026636209	-5.835781	-0.0059867287
53.888	0.027263667	-5.8367154	-0.0067164423
54.016	0.026683181	-5.8359057	-0.0050936732
54.144	0.027321381	-5.8363191	-0.0054426383
54.272	0.027170914	-5.8360381	-0.0039621843
54.4	0.027270115	-5.8357679	-0.0047105639
54.528	0.027111642	-5.8356867	-0.0021624771
54.656	0.027903058	-5.8365851	-0.0076536831
54.784	0.027017539	-5.8354982	-0.0047333066
54.912	0.027384131	-5.8357536	-0.0068152617
55.04	0.027912663	-5.8363608	-0.010220716
55.168	0.027061547	-5.8354975	-0.0056121366
55.296	0.027249714	-5.8358535	-0.0058710154
55.424	0.02784733	-5.8367099	-0.010724339
55.552	0.027143963	-5.8361106	-0.0089082446
55.68	0.027135152	-5.8361146	-0.0069687033
55.808	0.027407735	-5.8364832	-0.010674274
55.936	0.027204995	-5.8364748	-0.0082167066
56.064	0.02706749	-5.8363559	-0.0055841291
56.192	0.02739099	-5.8366268	-0.0096900897
56.32	0.02717515	-5.8362743	-0.0084789433
56.448	0.026913207	-5.8362832	-0.0080642854
56.576	0.026901575	-5.8365671	-0.010244586
56.704	0.027436577	-5.8369007	-0.0088121232
56.832	0.026972379	-5.8364121	-0.0074322087
56.96	0.027054714	-5.836683	-0.0079180158
57.088	0.026621909	-5.836317	-0.0062298501
57.216	0.026808893	-5.8365001	-0.0094831148
57.344	0.0273242	-5.8371667	-0.011361029
57.472	0.026581742	-5.8367064	-0.0093146366
57.6	0.026867715	-5.8371385	-0.012076637
57.728	0.026918841	-5.8371523	-0.010023711
57.856	0.026716332	-5.8369276	-0.0095909706
57.984	0.026400883	-5.8369744	-0.011884132
58.112	0.026274135	-5.8368239	-0.010383398
58.24	0.026913996	-5.8374623	-0.011351206
58.368	0.026470341	-5.8368939	-0.007164257
58.496	0.026736629	-5.8372142	-0.0062558979
58.624	0.026474751	-5.8372486	-0.006946642
58.752	0.026251218	-5.8365571	-0.0075754418
58.88	0.02677277	-5.8372458	-0.007651581
59.008	0.026603925	-5.8370764	-0.010657039
59.136	0.026714541	-5.837337	-0.013410355
59.264	0.026041918	-5.836772	-0.0086606759
59.392	0.026901183	-5.8375006	-0.012269083
59.52	0.026841043	-5.8373081	-0.014523593
59.648	0.026949594	-5.8372149	-0.010820643
59.776	0.027044229	-5.8371682	-0.010400461
59.904	0.026595193	-5.8364178	-0.010528916
60.032	0.027079542	-5.8370909	-0.01172998
60.16	0.026909987	-5.836862	-0.013114503
60.288	0.026886433	-5.8365715	-0.012325001
60.416	0.027153588	-5.8369422	-0.010422516
60.544	0.02728599	-5.8369615	-0.011136654
60.672	0.026955325	-5.8363141	-0.0090235564
60.8	0.027202549	-5.8362851	-0.0066375458
60.928	0.02734501	-5.8365805	-0.011672269
61.056	0.027584089	-5.8368424	-0.011555719
61.184	0.027764041	-5.8369712	-0.011912696
61.312	0.027533672	-5.8368566	-0.011932389
61.44	0.027096709	-5.836096	-0.01084558
61.568	0.027205717	-5.8363797	-0.013951973
61.696	0.027121899	-5.836075	-0.013195018
61.824	0.027706609	-5.8365137	-0.013195584
61.952	0.02714083	-5.8360351	-0.010226398
62.08	0.026988819	-5.8361562	-0.0095492069
62.208	0.027447294	-5.8365587	-0.013718794
62.336	0.027436718	-5.8362991	-0.014058617
62.464	0.02765519	-5.836724	-0.013153019
62.592	0.027447585	-5.8366365	-0.012711893
62.72	0.027238958	-5.8365372	-0.012594036
62.848	0.027278755	-5.8368311	-0.012068764
62.976	0.027589192	-5.8369332	-0.012592472
63.104	0.027376201	-5.8369618	-0.011686733
63.232	0.027185715	-5.8370107	-0.010465688
63.36	0.027135053	-5.83742	-0.010470725
63.488	0.026755991	-5.8371628	-0.011450005
63.616	0.026866886	-5.8375508	-0.015152227
63.744	0.026700835	-5.8374681	-0.010163183
63.872	0.027126204	-5.8379747	-0.0105354
64	0.026366921	-5.8372999	-0.011275729
64.128	0.026913402	-5.8379957	-0.016441207
64.256	0.026448299	-5.8374252	-0.011696867
64.384	0.026391185	-5.8376654	-0.0099176461
64.512	0.026681491	-5.8379968	-0.016070884
64.64	0.026220743	-5.8372866	-0.015549579
64.768	0.026381035	-5.8374542	-0.014313575
64.896	0.026748251	-5.8378831	-0.015428585
65.024	0.026418083	-5.8375381	-0.014874852
65.152	0.026081154	-5.8369085	-0.016780529
65.28	0.026577839	-5.8375829	-0.017717024
65.408	0.026741073	-5.8379193	-0.014973101
65.536	0.026483398	-5.8378132	-0.015499028
65.664	0.026735189	-5.8382663	-0.014003846
65.792	0.026889072	-5.838173	-0.017354413
65.92	0.026690115	-5.8380247	-0.0167436
66.048	0.026321458	-5.8373892	-0.013630384
66.176	0.02695487	-5.8378795	-0.015246696
66.304	0.026744165	-5.8377	-0.015249207
66.432	0.026801644	-5.8374201	-0.01322711
66.56	0.027344089	-5.8376146	-0.01309436
66.688	0.027078166	-5.8375098	-0.012017749
66.816	0.026997936	-5.8373514	-0.013706159
66.944	0.026986824	-5.837025	-0.0097689838
67.072	0.027477068	-5.8370206	-0.007725533
67.2	0.027214173	-5.8368311	-0.011038008
67.328	0.027453487	-5.8369037	-0.0085086693
67.456	0.027313918	-5.8368726	-0.0072330492
67.584	0.027606413	-5.8370617	-0.011219967
67.712	0.027556634	-5.8370193	-0.011469809
67.84	0.027234422	-5.8365826	-0.011332429
67.968	0.028048951	-5.8373941	-0.011198896
68.096	0.027515433	-5.8370325	-0.010065791
68.224	0.027209611	-5.8366354	-0.011405472
68.352	0.027780547	-5.8371281	-0.010436141
68.48	0.027761085	-5.8371849	-0.009799187
68.608	0.027464062	-5.8371509	-0.013100153
68.736	0.02774132	-5.8375429	-0.011511035
68.864	0.027857439	-5.8377963	-0.011849063
68.992	0.027665584	-5.8375127	-0.0091344193
69.12	0.027812484	-5.837671	-0.010877135
69.248	0.027580367	-5.8377969	-0.010892817
69.376	0.027075866	-5.8376712	-0.0097966603
69.504	0.027546771	-5.8384826	-0.012748981
69.632	0.027316642	-5.8383615	-0.013820231
69.76	0.026969398	-5.8382626	-0.016274447
69.888	0.026576862	-5.8382408	-0.016061239
70.016	0.027100357	-5.8388294	-0.015409681
70.144	0.026144916	-5.8381436	-0.014872972
70.272	0.026565129	-5.8388762	-0.018482458
70.4	0.026645831	-5.8388789	-0.015114407
70.528	0.026071165	-5.8383517	-0.016937101
70.656	0.026384293	-5.8387553	-0.02014771
70.784	0.02612599	-5.8387185	-0.015009527
70.912	0.025952521	-5.838768	-0.01642459
71.04	0.0260995	-5.8391535	-0.016841578
71.168	0.025789518	-5.8389314	-0.015948815
71.296	0.025792507	-5.8389348	-0.015856805
71.424	0.025886172	-5.8389547	-0.014052712
71.552	0.025911535	-5.8391143	-0.014144235
71.68	0.025944811	-5.8389686	-0.013900127
71.808	0.025844297	-5.8389973	-0.015032618
71.936	0.02640616	-5.8394669	-0.016792463
72.064	0.02626197	-5.8390628	-0.012742828
72.192	0.026062601	-5.8388691	-0.0086670232
72.32	0.026360932	-5.8386691	-0.013896721
72.448	0.026539267	-5.8385327	-0.0168964
72.576	0.026292019	-5.8380921	-0.014805289
72.704	0.026882021	-5.8387187	-0.014108412
72.832	0.02688602	-5.8383427	-0.015389123
72.96	0.027450306	-5.8384771	-0.015017234
73.088	0.026894638	-5.8376173	-0.0097644809
73.216	0.026850981	-5.8373324	-0.0095019469
73.344	0.027255421	-5.8373282	-0.012125838
73.472	0.027502581	-5.8374379	-0.012288515
73.6	0.027554505	-5.8373802	-0.012306851
73.728	0.027800536	-5.8375723	-0.013009485
73.856	0.027934603	-5.8375768	-0.012106816
73.984	0.027761834	-5.837341	-0.010986194
74.112	0.028329486	-5.8377582	-0.014483542
74.24	0.027689018	-5.8368874	-0.014163999
74.368	0.027959716	-5.8368678	-0.011959305
74.496	0.028094948	-5.8372337	-0.010935112
74.624	0.028125075	-5.8374426	-0.0082271017
74.752	0.027516911	-5.8369489	-0.0048711593
74.88	0.027885301	-5.8369681	-0.008468284
75.008	0.02801115	-5.8375657	-0.0085523448
75.136	0.027457875	-5.8370924	-0.0076654199
75.264	0.027614218	-5.8372262	-0.010438462
75.392	0.027248937	-5.8369431	-0.011186446
75.52	0.027600178	-5.8376834	-0.0095357495
75.648	0.027862944	-5.8383448	-0.010587199
75.776	0.026997904	-5.8379075	-0.013082319
75.904	0.026792511	-5.8379566	-0.011928324
76.032	0.027612586	-5.8385931	-0.013047358
76.16	0.026993708	-5.8382561	-0.013997081
76.288	0.026736431	-5.838396	-0.016207596
76.416	0.026600509	-5.8383617	-0.013731988
76.544	0.026674356	-5.8390753	-0.014917499
76.672	0.026748835	-5.8391785	-0.014661628
76.8	0.026179742	-5.8386285	-0.013335082
76.928	0.025995325	-5.8387455	-0.012312428
77.056	0.025832807	-5.838523	-0.013133678
77.184	0.026405153	-5.8393108	-0.016318464
77.312	0.026122928	-5.8388368	-0.015782508
77.44	0.026449187	-5.8393503	-0.016251525
77.568	0.025641117	-5.8388567	-0.012181193
77.696	0.026117936	-5.8393419	-0.016653539
77.824	0.025681782	-5.8391421	-0.013551775
77.952	0.026192561	-5.8396433	-0.013504043
78.08	0.025992911	-5.8388	-0.017138392
78.208	0.025764083	-5.8385045	-0.01795787
78.336	0.026006558	-5.838805	-0.016092702
78.464	0.02664434	-5.8391347	-0.016842789
78.592	0.026201173	-5.8383819	-0.011546023
78.72	0.026639027	-5.839081	-0.012561683
78.848	0.026549145	-5.8386268	-0.013631058
78.976	0.026396215	-5.8385835	-0.012549804
79.104	0.026902744	-5.8386323	-0.014677574
79.232	0.026750823	-5.8379954	-0.014744365
79.36	0.027195444	-5.8383478	-0.015955175
79.488	0.026974085	-5.8378565	-0.011062379
79.616	0.027508863	-5.8379654	-0.010125716
79.744	0.027466522	-5.8379386	-0.01537415
79.872	0.027020263	-5.8372514	-0.008829969
80	0.027791029	-5.837413	-0.0090519562
80.128	0.028040626	-5.8375851	-0.010842732
80.256	0.028056415	-5.8374301	-0.011987954
80.384	0.02775229	-5.8370395	-0.010089577
80.512	0.027865903	-5.8370682	-0.0070062471
80.64	0.028040861	-5.8371137	-0.010874309
80.768	0.027625853	-5.8367107	-0.013039866
80.896	0.028307834	-5.8369586	-0.013544976
81.024	0.028251091	-5.837241	-0.014452524
81.152	0.027550184	-5.8368205	-0.010938884
81.28	0.027729664	-5.836876	-0.010531752
81.408	0.028204828	-5.8372217	-0.010857571
81.536	0.027883778	-5.837369	-0.0072466343
81.664	0.027832583	-5.8377244	-0.0084308239
81.792	0.02740619	-5.8372351	-0.0097346264
81.92	0.027203506	-5.8374164	-0.0080992934
82.048	0.027386777	-5.83803	-0.008892483
82.176	0.027330005	-5.8383102	-0.0093361756
82.304	0.027029632	-5.8379649	-0.011615554
82.432	0.026514159	-5.8375915	-0.010295068
82.56	0.027045532	-5.8384696	-0.013430487
82.688	0.0267754	-5.8383049	-0.013963135
82.816	0.026853958	-5.8387681	-0.013664144
82.944	0.026523701	-5.8387006	-0.013024412
83.072	0.026302945	-5.8386365	-0.0122279
83.2	0.026036214	-5.8385539	-0.012719654
83.328	0.026056633	-5.838572	-0.016966331
83.456	0.026004406	-5.8388841	-0.018369916
83.584	0.025964052	-5.8392637	-0.017921887
83.712	0.025657533	-5.8390718	-0.012626297
83.84	0.026149592	-5.8393809	-0.011806909
83.968	0.025674633	-5.8387204	-0.014845095
84.096	0.02615984	-5.8394057	-0.011413969
84.224	0.025703568	-5.8391489	-0.011536446
84.352	0.026134787	-5.8392979	-0.018524475
84.48	0.026445419	-5.8395508	-0.016370532
84.608	0.026224174	-5.8390567	-0.017332958
84.736	0.02592742	-5.8388494	-0.01606949
84.864	0.026187738	-5.8386001	-0.017447194
84.992	0.026465306	-5.8387218	-0.013287716
85.12	0.026487919	-5.8388212	-0.011788043
85.248	0.026798567	-5.8389069	-0.015748031
85.376	0.027074235	-5.8386743	-0.013973147
85.504	0.027149582	-5.838428	-0.015161229
85.632	0.02691038	-5.8380551	-0.015328338
85.76	0.027209767	-5.837988	-0.012336953
85.888	0.027566444	-5.8382317	-0.016152112
86.016	0.026964169	-5.8374108	-0.013586054
86.144	0.027492529	-5.8374933	-0.010076324
86.272	0.027939753	-5.8378258	-0.010821606
86.4	0.027943661	-5.837862	-0.011005981
86.528	0.027524182	-5.8369621	-0.010652906
86.656	0.028054975	-5.8370865	-0.011449745
86.784	0.027965394	-5.83721	-0.011128338
86.912	0.028292693	-5.837405	-0.01398004
87.04	0.027761407	-5.8367408	-0.010570007
87.168	0.028554771	-5.8374123	-0.015212935
87.296	0.027823939	-5.8370835	-0.012113869
87.424	0.028041385	-5.8373022	-0.0092908979
87.552	0.02789951	-5.8370848	-0.0089707224
87.68	0.02781731	-5.8371553	-0.011913379
87.808	0.027754634	-5.8375558	-0.010948021
87.936	0.027751918	-5.8376111	-0.0052355487
88.064	0.027865838	-5.8377358	-0.009221831
88.192	0.027619712	-5.8377851	-0.01192029
88.32	0.027489284	-5.8378118	-0.0099930419
88.448	0.027656459	-5.838019	-0.012430394
88.576	0.026547191	-5.8372953	-0.007336385
88.704	0.027109385	-5.8383142	-0.010052675
88.832	0.027148347	-5.8383884	-0.01256806
88.96	0.027167597	-5.8390253	-0.014522153
89.088	0.026647818	-5.8387209	-0.014408986
89.216	0.026377017	-5.8385161	-0.014295896
89.344	0.026464662	-5.8388188	-0.013732652
89.472	0.026223452	-5.8390856	-0.014709532
89.6	0.025941049	-5.839025	-0.014645327
89.728	0.02617623	-5.8392794	-0.019160384
89.856	0.026087525	-5.8391124	-0.015157128
89.984	0.026024272	-5.8393186	-0.016266511
90.112	0.02560081	-5.8389837	-0.017817681
90.24	0.026135888	-5.8393716	-0.016584029
90.368	0.02613809	-5.8395538	-0.018627212
90.496	0.025770667	-5.8391641	-0.017445625
90.624	0.025692102	-5.8387453	-0.014138916
90.752	0.025584954	-5.8387599	-0.01375535
90.88	0.026631637	-5.8395749	-0.015149404
91.008	0.026394358	-5.8391516	-0.012717097
91.136	0.026306462	-5.8390296	-0.01407753
91.264	0.026415121	-5.8385159	-0.014110989
91.392	0.026649379	-5.8389236	-0.014935871
91.52	0.02655971	-5.8386902	-0.014400611
91.648	0.026673526	-5.838254	-0.011999852
91.776	0.027006148	-5.8386824	-0.011561318
91.904	0.026841076	-5.8379897	-0.011023898
92.032	0.026905347	-5.8378171	-0.010954162
92.16	0.026884337	-5.8371206	-0.010590893
92.288	0.027221778	-5.8374667	-0.0079091005
92.416	0.028237192	-5.838592	-0.013849294
92.544	0.027478228	-5.8375358	-0.011136631
92.672	0.027817753	-5.8377557	-0.01198738
92.8	0.027663547	-5.8375374	-0.011641956
92.928	0.028195345	-5.8376681	-0.0091048078
93.056	0.027829041	-5.8371212	-0.0092247502
93.184	0.027706664	-5.8366131	-0.0097509025
93.312	0.028228782	-5.8373329	-0.0087823791
93.44	0.027730345	-5.836668	-0.0089341809
93.568	0.027529983	-5.8364846	-0.010967849
93.696	0.028163558	-5.8374501	-0.014771162
93.824	0.028267083	-5.8378299	-0.012895572
93.952	0.0278816	-5.8373896	-0.010313154
94.08	0.027566711	-5.8368249	-0.0090214221
94.208	0.028475291	-5.8378837	-0.011842631
94.336	0.0280036	-5.8379397	-0.012853187
94.464	0.027685676	-5.8377947	-0.0099733024
94.592	0.027358041	-5.8379169	-0.01298903
94.72	0.02720089	-5.8376102	-0.014920345
94.848	0.02691431	-5.8375616	-0.012610586
94.976	0.026919473	-5.8379214	-0.013383409
95.104	0.026623541	-5.8381677	-0.012758232
95.232	0.026725142	-5.8386045	-0.012348931
95.36	0.026966985	-5.8388729	-0.012506509
95.488	0.026680193	-5.8389825	-0.012388763
95.616	0.026530148	-5.8391753	-0.017236244
95.744	0.025948095	-5.8389529	-0.014929562
95.872	0.02602766	-5.8389625	-0.011596742
96	0.026318983	-5.8394615	-0.015954901
96.128	0.025818601	-5.8390085	-0.015097725
96.256	0.026160594	-5.8392023	-0.015049554
96.384	0.026075717	-5.8391689	-0.015375192
96.512	0.025597245	-5.8387262	-0.01573585
96.64	0.025668938	-5.8389717	-0.01778477
96.768	0.026281882	-5.8395076	-0.015474061
96.896	0.025612687	-5.8388725	-0.016787566
97.024	0.025632995	-5.8385141	-0.018780405
97.152	0.026558048	-5.8399252	-0.019343231
97.28	0.025842611	-5.8388733	-0.014837787
97.408	0.026561344	-5.8392339	-0.016052289
97.536	0.026394214	-5.8388092	-0.014949044
97.664	0.026268615	-5.8389285	-0.018193952
97.792	0.026664529	-5.8388157	-0.018242683
97.92	0.026747971	-5.8386443	-0.014423643
98.048	0.026854499	-5.8382362	-0.013688989
98.176	0.027314257	-5.8384619	-0.012768191
98.304	0.026813488	-5.8378997	-0.0099496193
98.432	0.027865743	-5.8385217	-0.013121307
98.56	0.026902984	-5.837109	-0.0093227385
98.688	0.02760517	-5.8376579	-0.008147251
98.816	0.0277834	-5.8376719	-0.0095908979
98.944	0.027582147	-5.8369509	-0.0059591413
99.072	0.027650436	-5.8368467	-0.004752485
99.2	0.028427719	-5.8373884	-0.010703835
99.328	0.027685534	-5.8368383	-0.010567765
99.456	0.028030303	-5.8369654	-0.011974579
99.584	0.027723891	-5.8365753	-0.0076926803
99.712	0.028199237	-5.8371254	-0.011270237
99.84	0.028014274	-5.8370241	-0.012022506
99.968	0.028420632	-5.8376543	-0.012869944
100.096	0.02755618	-5.8369738	-0.01278618
100.224	0.028282483	-5.8374903	-0.01344622
100.352	0.027766387	-5.8374625	-0.01075166
100.48	0.027639995	-5.83721	-0.012862655
100.608	0.027818526	-5.8372991	-0.011259527
100.736	0.027282749	-5.8370847	-0.011900958
100.864	0.027099207	-5.8373875	-0.013337768
100.992	0.02776664	-5.8383231	-0.017095785
101.12	0.027156581	-5.8380442	-0.013751892
101.248	0.026803599	-5.8380106	-0.0107136
101.376	0.027394839	-5.8388532	-0.012303611
101.504	0.027097406	-5.8387241	-0.0095940558
101.632	0.026465746	-5.8382557	-0.0077885506
101.76	0.026425917	-5.8382184	-0.01473404
101.888	0.02630989	-5.8384261	-0.017885834
102.016	0.026090405	-5.8386334	-0.016120066
102.144	0.026140399	-5.8392058	-0.0144931
102.272	0.026413368	-5.8395421	-0.012321988
102.4	0.025881876	-5.839247	-0.014625004
102.528	0.026305149	-5.8395957	-0.018939337
102.656	0.025920399	-5.8392829	-0.01542031
102.784	0.025875758	-5.8391142	-0.014730488
102.912	0.025634695	-5.8391107	-0.013782973
103.04	0.02614417	-5.8396588	-0.015520761
103.168	0.025882568	-5.8389775	-0.016408481
103.296	0.026241906	-5.8392172	-0.017515638
103.424	0.025678846	-5.8388259	-0.013077333
103.552	0.026103273	-5.8392337	-0.016215374
103.68	0.026232317	-5.8394597	-0.016277557
103.808	0.026561373	-5.8394121	-0.011064128
103.936	0.026564981	-5.8391026	-0.01200515
104.064	0.026539844	-5.8384442	-0.013466785
104.192	0.02657826	-5.8385728	-0.0150299
104.32	0.026733448	-5.8382542	-0.016640115
104.448	0.027036059	-5.8381185	-0.012804566
104.576	0.026809009	-5.8376537	-0.012959857
104.704	0.02701581	-5.8379291	-0.010427495
104.832	0.027588503	-5.838575	-0.013293358
104.96	0.027563966	-5.8382893	-0.012312751
105.088	0.027136312	-5.8373862	-0.010033591
105.216	0.028271127	-5.8382897	-0.013746688
105.344	0.027579019	-5.8373949	-0.009649639
105.472	0.027851047	-5.8372362	-0.0095244945
105.6	0.028049888	-5.8372508	-0.010003636
105.728	0.028117997	-5.837379	-0.0084047292
105.856	0.027826438	-5.8370368	-0.010289501
105.984	0.028550645	-5.8376813	-0.013818489
106.112	0.027335632	-5.8364166	-0.011336863
106.24	0.028250244	-5.8373272	-0.013197046
106.368	0.028536752	-5.837737	-0.011040271
106.496	0.02754064	-5.8367743	-0.0082713978
106.624	0.028029458	-5.8374293	-0.0075957261
106.752	0.02780196	-5.8373599	-0.0067101835
106.88	0.027919916	-5.8377998	-0.01040831
107.008	0.027280021	-5.8373928	-0.011712806
107.136	0.028072186	-5.8385484	-0.01240592
107.264	0.027218653	-5.837847	-0.010770719
107.392	0.026941497	-5.8377286	-0.014960707
107.52	0.027226308	-5.8380984	-0.017214538
107.648	0.026932746	-5.8382834	-0.013790322
107.776	0.026976006	-5.8388546	-0.013261069
107.904	0.02662052	-5.8385621	-0.014916268
108.032	0.026463682	-5.8386315	-0.013241675
108.16	0.026403464	-5.8386165	-0.015698529
108.288	0.02607693	-5.8386205	-0.014937498
108.416	0.026206192	-5.8389217	-0.011498128
108.544	0.026323168	-5.8391942	-0.013621858
108.672	0.02634689	-5.8394489	-0.015026112
108.8	0.025851715	-5.8391408	-0.014920866
108.928	0.026010294	-5.8394774	-0.012119777
109.056	0.026022869	-5.8395616	-0.013067332
109.184	0.025636501	-5.8393254	-0.015381323
109.312	0.025901152	-5.8392401	-0.018698404
109.44	0.026228825	-5.8396046	-0.015379978
109.568	0.025955872	-5.8393564	-0.011499556
109.696	0.026260641	-5.83981	-0.016282943
109.824	0.026277168	-5.8395445	-0.016950358
109.952	0.025945006	-5.838663	-0.013566379
110.08	0.026343526	-5.8390333	-0.015116777
110.208	0.026536306	-5.8386759	-0.015855217
110.336	0.026330281	-5.8382472	-0.012913532
110.464	0.026721113	-5.8387279	-0.014394654
110.592	0.027002323	-5.8387099	-0.016368668
110.72	0.026805522	-5.8382314	-0.011840299
110.848	0.026673667	-5.8376915	-0.010271308
110.976	0.027289157	-5.8381449	-0.016635626
111.104	0.027130023	-5.8375337	-0.013073748
111.232	0.027305576	-5.8374351	-0.011733173
111.36	0.027326434	-5.8373037	-0.012506516
111.488	0.027741035	-5.8376242	-0.013063268
111.616	0.028476545	-5.837884	-0.011805103
111.744	0.02796526	-5.8371738	-0.0073172846
111.872	0.028251736	-5.8372277	-0.011962823
112	0.027895365	-5.8374386	-0.010248334
112.128	0.027895052	-5.8369975	-0.0059452904
112.256	0.028109641	-5.8372066	-0.010473114
112.384	0.028121552	-5.8369958	-0.012620254
112.512	0.028053485	-5.836879	-0.011303937
112.64	0.028109717	-5.8371371	-0.01200663
112.768	0.02820823	-5.8372833	-0.013303203
112.896	0.027431157	-5.8367727	-0.0082499113
113.024	0.028029648	-5.8376189	-0.0092732864
113.152	0.0279673	-5.837628	-0.010364305
113.28	0.027512575	-5.8375706	-0.0096720025
113.408	0.027437921	-5.8378502	-0.0087972917
113.536	0.027269596	-5.8376011	-0.0098828726
113.664	0.027360597	-5.8381707	-0.0093456131
113.792	0.027073643	-5.8381227	-0.010903176
113.92	0.027102727	-5.8383767	-0.015295434
114.048	0.026626934	-5.8385167	-0.012800004
114.176	0.026546457	-5.8386749	-0.014398557
114.304	0.02651778	-5.838669	-0.015186093
114.432	0.026648278	-5.8390525	-0.016634462
114.56	0.026678928	-5.8391674	-0.018453543
114.688	0.026100505	-5.8384999	-0.015443838
114.816	0.026242129	-5.8390551	-0.01337888
114.944	0.026203708	-5.8392129	-0.016275208
115.072	0.025720941	-5.8390845	-0.014772093
115.2	0.025873647	-5.8391666	-0.014461783
115.328	0.025945226	-5.8394732	-0.016646317
115.456	0.026464913	-5.8402685	-0.020202527
115.584	0.025959853	-5.8392141	-0.01823288
115.712	0.025895623	-5.8391783	-0.017510027
115.84	0.025914246	-5.8394441	-0.016097078
115.968	0.025874683	-5.8394018	-0.013540385
116.096	0.02586855	-5.8391983	-0.011525217
116.224	0.026582845	-5.8396112	-0.015674716
116.352	0.026421125	-5.8393299	-0.015705834
116.48	0.026588577	-5.839212	-0.012211735
116.608	0.026349461	-5.8384872	-0.012568214
116.736	0.026638765	-5.8384132	-0.013036479
116.864	0.026771508	-5.8382078	-0.01138074
116.992	0.0267127	-5.8378841	-0.011002381
117.12	0.026849381	-5.8380878	-0.013594708
117.248	0.026995575	-5.8381392	-0.013598483
117.376	0.027146316	-5.8377802	-0.014215849
117.504	0.027331453	-5.837721	-0.014271645
117.632	0.027608713	-5.8376019	-0.012850157
117.76	0.027767025	-5.8375591	-0.013710197
117.888	0.027692058	-5.8375215	-0.010096277
118.016	0.027543533	-5.8373318	-0.010279424
118.144	0.028419181	-5.8377428	-0.015164495
118.272	0.027634494	-5.8366177	-0.010565511
118.4	0.028400046	-5.8375608	-0.010110692
118.528	0.027496287	-5.8362913	-0.006121925
118.656	0.028020458	-5.8369033	-0.0093888669
118.784	0.028077227	-5.8369318	-0.01019346
118.912	0.027879649	-5.8368506	-0.0087376029
119.04	0.027993308	-5.837143	-0.0081063656
119.168	0.027925375	-5.8372922	-0.0094897381
119.296	0.028101037	-5.8374976	-0.01383111
119.424	0.027843676	-5.8372054	-0.0088845468
119.552	0.027343942	-5.8370459	-0.006343721
119.68	0.027789979	-5.8382032	-0.011958968
119.808	0.027486685	-5.8378721	-0.0096762985
119.936	0.027134504	-5.8375271	-0.0114336
120.064	0.026937371	-5.8378702	-0.013403072
120.192	0.026708536	-5.8380096	-0.010668249
120.32	0.027150814	-5.838966	-0.011060478
120.448	0.026988157	-5.839064	-0.013826494
120.576	0.02689967	-5.8388742	-0.017641432
120.704	0.026259642	-5.8381173	-0.016094845
120.832	0.026419686	-5.8389481	-0.016023495
120.96	0.026372085	-5.8395138	-0.018782776
121.088	0.026037389	-5.8390216	-0.019120672
121.216	0.02638198	-5.8392321	-0.018215846
121.344	0.026234627	-5.8393394	-0.01594916
121.472	0.025626502	-5.8388152	-0.013529939
121.6	0.02618816	-5.8394055	-0.014488777
121.728	0.025914479	-5.8392414	-0.018250335
121.856	0.02622118	-5.8396318	-0.019063019
121.984	0.026117475	-5.8395318	-0.014199244
122.112	0.025688267	-5.8388996	-0.014707064
122.24	0.025982762	-5.8391305	-0.015622844
122.368	0.026203548	-5.8393828	-0.016152349
122.496	0.02620633	-5.8389772	-0.015010311
122.624	0.026155469	-5.838869	-0.012661371
122.752	0.026367196	-5.8387456	-0.015168904
122.88	0.026956939	-5.839153	-0.017061339
123.008	0.026227582	-5.8381819	-0.011665762
123.136	0.026434045	-5.8384357	-0.010730123
123.264	0.027000827	-5.8387757	-0.013718576
123.392	0.026853501	-5.8383762	-0.014875752
123.52	0.027292596	-5.8382214	-0.014476302
123.648	0.027408611	-5.8381086	-0.013923527
123.776	0.027305125	-5.8378053	-0.012540357
123.904	0.027456663	-5.8372743	-0.010965029
124.032	0.027787785	-5.8376192	-0.010043115
124.16	0.027724489	-5.8374395	-0.008034345
124.288	0.028071423	-5.8376304	-0.0064703625
124.416	0.02752961	-5.8371345	-0.0080736442
124.544	0.028001898	-5.8373312	-0.012782574
124.672	0.027963045	-5.8372265	-0.0096643071
124.8	0.02758075	-5.8369702	-0.0096880766
124.928	0.02820592	-5.8373532	-0.010864859
125.056	0.027975961	-5.8374122	-0.010104455
125.184	0.02861593	-5.8379287	-0.014548822
125.312	0.027783422	-5.8370891	-0.011420061
125.44	0.027942149	-5.8375071	-0.010752133
125.568	0.027758577	-5.8373047	-0.0098600528
125.696	0.02754569	-5.8372846	-0.010589164
125.824	0.027684793	-5.8374755	-0.011445432
125.952	0.027995831	-5.8383464	-0.018011652
126.08	0.027413276	-5.8374766	-0.011790361
126.208	0.027568918	-5.8380139	-0.0093910002
126.336	0.02732858	-5.8380616	-0.007624521
126.464	0.02718342	-5.8384087	-0.0090870676
126.592	0.026619243	-5.837903	-0.01263199
126.72	0.026650506	-5.8379478	-0.011461514
126.848	0.027257906	-5.8387003	-0.015879761
126.976	0.026478066	-5.8382432	-0.011787958
127.104	0.026440936	-5.8386072	-0.013536504
127.232	0.02634522	-5.8387491	-0.013160504
127.36	0.025959691	-5.8387712	-0.012576222
127.488	0.026265006	-5.8392696	-0.017592876
127.616	0.025687591	-5.8389267	-0.016047873
127.744	0.026348202	-5.8395499	-0.018065571
127.872	0.025678119	-5.8388123	-0.011455584
128	0.026130788	-5.8393723	-0.014074208
128.128	0.02563997	-5.8390619	-0.014707055
128.256	0.026325247	-5.8395684	-0.016841256
128.384	0.025961158	-5.8392395	-0.017849576
128.512	0.02625237	-5.8396192	-0.019626579
128.64	0.026113147	-5.8392241	-0.01751812
128.768	0.026020421	-5.8388561	-0.016573361
128.896	0.026034475	-5.8389679	-0.017490712
129.024	0.026280809	-5.8389879	-0.016558684
129.152	0.026202185	-5.8384163	-0.018065917
129.28	0.026563254	-5.8387142	-0.016473198
129.408	0.026591221	-5.8385738	-0.018046013
129.536	0.02659824	-5.8383051	-0.016596595
129.664	0.026687528	-5.8380195	-0.0092880894
129.792	0.0276322	-5.838797	-0.013824318
129.92	0.026879109	-5.8378742	-0.012288262
130.048	0.027219952	-5.83776	-0.0087443705
130.176	0.027784341	-5.8381572	-0.011913727
130.304	0.027343304	-5.8371799	-0.012303593
130.432	0.027480518	-5.8372522	-0.0098670141
130.56	0.028036083	-5.837711	-0.010263521
130.688	0.028019565	-5.8375095	-0.0098754412
130.816	0.027921923	-5.8374199	-0.0070463709
130.944	0.028226348	-5.8375638	-0.010104744
131.072	0.027823873	-5.8371942	-0.008933399
131.2	0.02830743	-5.8373276	-0.0081518853
131.328	0.027971706	-5.8373713	-0.011245462
131.456	0.027708679	-5.8367979	-0.0076983932
131.584	0.028416174	-5.8375215	-0.011934548
131.712	0.027862151	-5.8367909	-0.011970017
131.84	0.027867267	-5.8371211	-0.00946128
131.968	0.027994692	-5.8372911	-0.0075003811
132.096	0.027381004	-5.837235	-0.0062997968
132.224	0.027648625	-5.8376432	-0.0081079068
132.352	0.02758925	-5.8379229	-0.010005541
132.48	0.027487698	-5.837906	-0.013074892
132.608	0.027325988	-5.8379462	-0.012644931
132.736	0.027093533	-5.8377993	-0.012913113
132.864	0.026678368	-5.8380952	-0.015023689
132.992	0.027281932	-5.8387021	-0.015237647
133.12	0.026279435	-5.8377951	-0.011179563
133.248	0.026962984	-5.8390296	-0.013982703
133.376	0.026489446	-5.8386759	-0.015185418
133.504	0.026246844	-5.8385543	-0.016601859
133.632	0.025800854	-5.8383423	-0.013279032
133.76	0.026221324	-5.8389633	-0.016491738
133.888	0.026200672	-5.839196	-0.014500213
134.016	0.026334053	-5.8396292	-0.017932502
134.144	0.025759698	-5.8390416	-0.017445691
134.272	0.025652263	-5.8390145	-0.016118632
134.4	0.025965981	-5.8393883	-0.017793953
134.528	0.025368273	-5.8385221	-0.014332485
134.656	0.026630838	-5.8396039	-0.01449793
134.784	0.025797068	-5.8389037	-0.01429061
134.912	0.026354579	-5.8392877	-0.01806054
135.04	0.026053019	-5.8389131	-0.013393164
135.168	0.0266038	-5.8392482	-0.014891075
135.296	0.025887008	-5.8383968	-0.0097222228
135.424	0.026655312	-5.83894	-0.012924736
135.552	0.026331465	-5.8385499	-0.012623815
135.68	0.026892101	-5.8388654	-0.016040402
135.808	0.026673961	-5.8384902	-0.014991441
135.936	0.026991402	-5.8385605	-0.015717735
136.064	0.027144953	-5.8384978	-0.014027364
136.192	0.026926238	-5.8378549	-0.010125205
136.32	0.027232156	-5.8378502	-0.010845412
136.448	0.027552917	-5.8379054	-0.011709503
136.576	0.027698594	-5.8375461	-0.007638089
136.704	0.027942496	-5.8376804	-0.0094893008
136.832	0.02819212	-5.8378762	-0.012864954
136.96	0.027533011	-5.8370589	-0.0087931235
137.088	0.028082166	-5.8376503	-0.0085165887
137.216	0.027491283	-5.8370391	-0.0078893836
137.344	0.027762749	-5.837076	-0.0096906933
137.472	0.028321485	-5.8375267	-0.010033198
137.6	0.028324239	-5.8373419	-0.012321529
137.728	0.027766002	-5.8367913	-0.0085136407
137.856	0.027803649	-5.8365701	-0.01250047
137.984	0.028086603	-5.8369254	-0.014876517
138.112	0.027775671	-5.8371917	-0.011214184
138.24	0.028103433	-5.8375684	-0.012482012
138.368	0.027843454	-5.837743	-0.015429826
138.496	0.02768008	-5.8377497	-0.011420204
138.624	0.0274432	-5.8377378	-0.0092521722
138.752	0.027207234	-5.8374218	-0.013978941
138.88	0.027139091	-5.8379145	-0.013742617
139.008	0.027519357	-5.8385021	-0.011750246
139.136	0.026569716	-5.837617	-0.011085579
139.264	0.02667373	-5.8379747	-0.012938821
139.392	0.027088281	-5.8385835	-0.014721552
139.52	0.026845558	-5.8390979	-0.015228992
139.648	0.026598006	-5.8389866	-0.01534019
139.776	0.026494614	-5.8392677	-0.015536078
139.904	0.026202033	-5.839091	-0.014210302
140.032	0.026084089	-5.8389364	-0.013147347
140.16	0.026345548	-5.8394645	-0.014369815
140.288	0.025933913	-5.8390695	-0.013013495
140.416	0.025831258	-5.8389601	-0.015089778
140.544	0.026102889	-5.839493	-0.016034234
140.672	0.025616105	-5.8387792	-0.015003334
140.8	0.025899185	-5.8390382	-0.014520425
140.928	0.026317801	-5.8393212	-0.01371959
141.056	0.02606549	-5.8395485	-0.013903557
141.184	0.025559745	-5.8385281	-0.013998209
141.312	0.026438608	-5.8392777	-0.018880654
141.44	0.025935837	-5.8387535	-0.0156612
141.568	0.026260451	-5.8388382	-0.015916059
141.696	0.026443379	-5.8388467	-0.014340616
141.824	0.026636748	-5.8385866	-0.01630144
141.952	0.026115282	-5.8377892	-0.015694629
142.08	0.027001735	-5.8384745	-0.017584253
142.208	0.027018021	-5.8379894	-0.014635896
142.336	0.027156581	-5.8381287	-0.01220315
142.464	0.027211228	-5.8380916	-0.011869776
142.592	0.026820035	-5.8375297	-0.012095427
142.72	0.027548028	-5.8379467	-0.015562313
142.848	0.027670944	-5.8377918	-0.011325968
142.976	0.027470685	-5.837455	-0.0092709574
143.104	0.027435268	-5.8370099	-0.0099436596
143.232	0.027763383	-5.8374538	-0.01255407
143.36	0.028380157	-5.8378532	-0.013825954
143.488	0.028074653	-5.8375122	-0.010340285
143.616	0.027630261	-5.8369906	-0.0094276091
143.744	0.027971756	-5.8372532	-0.0074487827
143.872	0.02800889	-5.8369633	-0.0069615823
144	0.027984391	-5.8370698	-0.0078532657
144.128	0.027807437	-5.8370733	-0.010304404
144.256	0.028351954	-5.8376248	-0.012499052
144.384	0.027772725	-5.8367142	-0.0088911244
144.512	0.027799895	-5.8373626	-0.0070202832
144.64	0.027519283	-5.8374331	-0.0084757208
144.768	0.027637448	-5.8372588	-0.012957951
144.896	0.027448558	-5.8369839	-0.012699982
145.024	0.027635219	-5.8374729	-0.014897991
145.152	0.027167146	-5.837637	-0.015237184
145.28	0.027541911	-5.8384708	-0.016294428
145.408	0.027018666	-5.8380478	-0.013237973
145.536	0.026792225	-5.8380339	-0.013160586
145.664	0.026738824	-5.8383927	-0.012744893
145.792	0.02670839	-5.8382831	-0.014905752
145.92	0.025697516	-5.8377361	-0.014152142
146.048	0.026581081	-5.838933	-0.012949275
146.176	0.026201426	-5.8388671	-0.013060273
146.304	0.026150181	-5.8391253	-0.012742197
146.432	0.025975005	-5.8392257	-0.011841194
146.56	0.026375145	-5.8397265	-0.014382091
146.688	0.026013603	-5.8393505	-0.017560593
146.816	0.025530402	-5.8387376	-0.016967044
146.944	0.026048714	-5.8393422	-0.016073272
147.072	0.026694884	-5.8399868	-0.019731834
147.2	0.025855148	-5.8389703	-0.015969887
147.328	0.026023009	-5.8391066	-0.012862084
147.456	0.026126389	-5.8390102	-0.014618862
147.584	0.026287191	-5.8389219	-0.016417326
147.712	0.026291392	-5.8388363	-0.014592451
147.84	0.02638704	-5.839027	-0.012448458
147.968	0.026257732	-5.8388398	-0.013967376
148.096	0.026466338	-5.8387211	-0.014371554
148.224	0.026489026	-5.8380527	-0.01306395
148.352	0.026526845	-5.8383369	-0.011446092
148.48	0.027079482	-5.8386237	-0.012499041
148.608	0.026864578	-5.8379983	-0.012253904
148.736	0.027183801	-5.8382297	-0.01082737
148.864	0.027289996	-5.8379146	-0.012266215
148.992	0.027463836	-5.8379623	-0.01224402
149.12	0.027251864	-5.8376343	-0.009148448
149.248	0.027465649	-5.8376144	-0.0092628473
149.376	0.027996997	-5.8377043	-0.0097279965
149.504	0.027523476	-5.837038	-0.010700814
149.632	0.028174011	-5.8377469	-0.011128159
149.76	0.027548929	-5.8368931	-0.011826268
149.888	0.027869635	-5.8373468	-0.014167633
150.016	0.02843452	-5.8379024	-0.013942475
150.144	0.027770619	-5.8372207	-0.0086924674
150.272	0.02797508	-5.8371493	-0.010332593
150.4	0.02779044	-5.8373544	-0.009877514
150.528	0.02794156	-5.8371836	-0.011941766
150.656	0.027916516	-5.8373783	-0.011393431
150.784	0.027871726	-5.8374971	-0.0084367018
150.912	0.027503233	-5.8375518	-0.0069551398
151.04	0.028024092	-5.8381564	-0.013458966
151.168	0.02754221	-5.8376693	-0.012624058
151.296	0.027170872	-5.8375853	-0.010628523
151.424	0.02730404	-5.8377227	-0.012816031
151.552	0.027250556	-5.837979	-0.01168704
151.68	0.026939027	-5.8378746	-0.010827952
151.808	0.027056665	-5.8384712	-0.011005509
151.936	0.027001556	-5.8386254	-0.011428658
152.064	0.026026906	-5.8377687	-0.012982957
152.192	0.026644445	-5.8387138	-0.016115595
152.32	0.026657461	-5.8390641	-0.01510092
152.448	0.026278592	-5.83871	-0.014596408
152.576	0.026149526	-5.8390691	-0.017460145
152.704	0.026255957	-5.8391252	-0.013997401
152.832	0.026122045	-5.838919	-0.012128094
152.96	0.02598734	-5.8388053	-0.017481846
153.088	0.025805736	-5.8385761	-0.016714557
153.216	0.026435681	-5.8397046	-0.017388455
153.344	0.025729922	-5.8388836	-0.012930343
153.472	0.025687828	-5.839025	-0.016658909
153.6	0.026071791	-5.8392962	-0.016804045
153.728	0.025935475	-5.8386347	-0.014219028
153.856	0.026331062	-5.8393424	-0.015362205
153.984	0.026179463	-5.8392973	-0.014860056
154.112	0.026598495	-5.8395957	-0.015348545
154.24	0.026561749	-5.8390257	-0.013852674
154.368	0.026424207	-5.8384978	-0.012787059
154.496	0.02649337	-5.8384178	-0.01348896
154.624	0.026464952	-5.8382997	-0.014164876
154.752	0.02693792	-5.8384934	-0.014840568
154.88	0.026934332	-5.8384743	-0.013379522
155.008	0.027349639	-5.8385995	-0.012784344
155.136	0.02720304	-5.8381929	-0.010350732
155.264	0.027473288	-5.8378776	-0.010443246
155.392	0.027195227	-5.8375787	-0.012229471
155.52	0.027295604	-5.8373262	-0.014562911
155.648	0.027695084	-5.8373091	-0.011620958
155.776	0.027491577	-5.8374412	-0.0081306982
155.904	0.027748373	-5.8375293	-0.010176303
156.032	0.027728197	-5.8369542	-0.012537523
156.16	0.027455256	-5.8365283	-0.0094250454
156.288	0.027813694	-5.8368543	-0.011768978
156.416	0.02803916	-5.8373506	-0.011255436
156.544	0.028527513	-5.8379241	-0.013899147
156.672	0.028108843	-5.8375937	-0.01194439
156.8	0.027563291	-5.8368656	-0.0068532322
156.928	0.027552553	-5.8370776	-0.0072034399
157.056	0.027927453	-5.8377597	-0.0094450079
157.184	0.027687811	-5.8372543	-0.01166838
157.312	0.027651215	-5.8372625	-0.013518599
157.44	0.027354018	-5.8374076	-0.012021796
157.568	0.027523492	-5.8377532	-0.012581256
157.696	0.026965094	-5.8376797	-0.0134568
157.824	0.027358221	-5.8381081	-0.016502093
157.952	0.027134363	-5.8382004	-0.013773619
158.08	0.026927357	-5.8382042	-0.015491176
158.208	0.026595169	-5.8379397	-0.014104742
158.336	0.026869402	-5.8381371	-0.014500543
158.464	0.026625933	-5.8384634	-0.014851293
158.592	0.026464406	-5.8386395	-0.014958541
158.72	0.026617468	-5.8391621	-0.015144406
158.848	0.026309212	-5.8388771	-0.010595906
158.976	0.026481139	-5.8390571	-0.01587733
159.104	0.026141902	-5.839197	-0.016338659
159.232	0.025982892	-5.838905	-0.014595752
159.36	0.026049213	-5.8390445	-0.012694998
159.488	0.025969969	-5.8390409	-0.011982436
159.616	0.025889782	-5.8389942	-0.013134619
159.744	0.025957382	-5.8390965	-0.012759593
159.872	0.026058692	-5.8390683	-0.010899109
160	0.02670742	-5.8393429	-0.014394596
160.128	0.026083312	-5.8388909	-0.015601944
160.256	0.025973277	-5.838642	-0.01273533
160.384	0.026472667	-5.838854	-0.015470426
160.512	0.026067017	-5.8383635	-0.017180736
160.64	0.02644411	-5.8384968	-0.015326707
160.768	0.0265385	-5.8383325	-0.018519854
160.896	0.026930011	-5.8385886	-0.017494708
161.024	0.026870051	-5.8383779	-0.013419918
161.152	0.026774735	-5.8380631	-0.012329498
161.28	0.026881817	-5.8380588	-0.011997475
161.408	0.02752189	-5.8382692	-0.012153712
161.536	0.027109472	-5.8378903	-0.0083689181
161.664	0.027881169	-5.8381127	-0.010281401
161.792	0.027651222	-5.8376583	-0.01259701
161.92	0.026727693	-5.8361923	-0.0085539639
162.048	0.027584106	-5.8370835	-0.010582077
162.176	0.028294616	-5.8378674	-0.01444612
162.304	0.02773487	-5.8373144	-0.0078803375
162.432	0.027964208	-5.837305	-0.008084997
162.56	0.027710125	-5.8373473	-0.011342661
162.688	0.02796384	-5.8376504	-0.010384483
162.816	0.028169891	-5.8375089	-0.012279116
162.944	0.027756617	-5.8369491	-0.012087125
163.072	0.02747165	-5.8366697	-0.012058415
163.2	0.028184322	-5.8375092	-0.015700174
163.328	0.02767164	-5.8372869	-0.010234163
163.456	0.028215416	-5.8379041	-0.012172499
163.584	0.027569922	-5.8380015	-0.013337818
163.712	0.027543944	-5.8377738	-0.011883909
163.84	0.026628096	-5.8370632	-0.011530617
163.968	0.027282435	-5.8373008	-0.010619681
164.096	0.026994664	-5.837508	-0.010237019
164.224	0.027594317	-5.838733	-0.013933389
164.352	0.02677742	-5.8381969	-0.010674697
164.48	0.026896141	-5.8382637	-0.013195516
164.608	0.026700164	-5.8383908	-0.015782739
164.736	0.026645868	-5.8389821	-0.014964171
164.864	0.026471755	-5.8388364	-0.012131118
164.992	0.026445571	-5.8387474	-0.012402724
165.12	0.026214623	-5.838735	-0.012820539
165.248	0.026406549	-5.8389395	-0.014499437
165.376	0.026339257	-5.8395477	-0.011245861
165.504	0.026180763	-5.839394	-0.015528842
165.632	0.025588534	-5.8388039	-0.014718264
165.76	0.026476806	-5.8396529	-0.015693244
165.888	0.026090837	-5.8390381	-0.015792941
166.016	0.02621537	-5.839181	-0.014182688
166.144	0.02618689	-5.8394336	-0.015987612
166.272	0.026437181	-5.8395767	-0.018357106
166.4	0.025936361	-5.8388827	-0.017762723
166.528	0.026031501	-5.8391352	-0.015617171
166.656	0.026286827	-5.8390724	-0.013818881
166.784	0.026692299	-5.8390376	-0.016269213
166.912	0.026258842	-5.8386412	-0.016799146
167.04	0.026655025	-5.838599	-0.014910212
167.168	0.026775102	-5.838804	-0.015259991
167.296	0.026670928	-5.8383527	-0.011765028
167.424	0.027202658	-5.8388501	-0.012436815
167.552	0.026925496	-5.8382642	-0.011486788
167.68	0.027117164	-5.8377873	-0.013364948
167.808	0.027239081	-5.8376183	-0.012064778
167.936	0.027711704	-5.8380255	-0.01377692
168.064	0.027661387	-5.8378104	-0.013469741
168.192	0.027258806	-5.8371325	-0.0099898384
168.32	0.027669435	-5.8376161	-0.012033679
168.448	0.027350881	-5.8371193	-0.010164383
168.576	0.028174334	-5.8376327	-0.012135721
168.704	0.028197983	-5.8376345	-0.010712115
168.832	0.027923142	-5.8372883	-0.0066796635
168.96	0.028093243	-5.8375541	-0.0059474458
169.088	0.027417932	-5.8367151	-0.007950658
169.216	0.028346893	-5.8377705	-0.011164876
169.344	0.027786973	-5.8373548	-0.0089316365
169.472	0.027779846	-5.8373527	-0.010807918
169.6	0.027594982	-5.8374206	-0.010589612
169.728	0.027557938	-5.8375552	-0.013272715
169.856	0.028040525	-5.837963	-0.0094189436
169.984	0.027508821	-5.8377266	-0.011770071
170.112	0.026847153	-5.8375718	-0.01148502
170.24	0.027682303	-5.8386648	-0.010780219
170.368	0.027425919	-5.8383121	-0.010754265
170.496	0.027228541	-5.8380623	-0.012849649
170.624	0.027362677	-5.8386141	-0.01318669
170.752	0.026776172	-5.8381346	-0.013698908
170.88	0.026642202	-5.8382914	-0.013743205
171.008	0.026859051	-5.838358	-0.012914239
171.136	0.026487414	-5.8382475	-0.011916889
171.264	0.026232069	-5.8383136	-0.014113431
171.392	0.026468774	-5.8387025	-0.015213615
171.52	0.026500258	-5.839156	-0.012714739
171.648	0.026045046	-5.8388312	-0.014557863
171.776	0.025968926	-5.8388148	-0.012471366
171.904	0.026290564	-5.8392338	-0.016096563
172.032	0.026181705	-5.8390967	-0.01384424
172.16	0.025980537	-5.8389333	-0.013989081
172.288	0.026502664	-5.8392957	-0.017212638
172.416	0.025910826	-5.8385526	-0.01512193
172.544	0.026413169	-5.8395303	-0.017221288
172.672	0.02577585	-5.8388182	-0.015266693
172.8	0.026281852	-5.8392079	-0.016129409
172.928	0.026508696	-5.8388428	-0.016890721
173.056	0.026445455	-5.8388137	-0.013926345
173.184	0.026059032	-5.8383908	-0.010653327
173.312	0.026823456	-5.8392253	-0.012988235
173.44	0.026743911	-5.8386718	-0.011832731
173.568	0.026651059	-5.8385344	-0.012332211
173.696	0.027136938	-5.8387132	-0.016218963
173.824	0.027094625	-5.8382015	-0.01452984
173.952	0.026930271	-5.8378036	-0.012270892
174.08	0.027382702	-5.8378678	-0.015475146
174.208	0.027449138	-5.8379522	-0.01510807
174.336	0.027552154	-5.8377299	-0.010919388
174.464	0.027566436	-5.8374403	-0.0098569373
174.592	0.027510572	-5.8375892	-0.011634163
174.72	0.027580176	-5.8374731	-0.012369869
174.848	0.02769908	-5.8374049	-0.012328492
174.976	0.0279909	-5.8376398	-0.013973407
175.104	0.02781231	-5.8372745	-0.010967755
175.232	0.028038645	-5.8373226	-0.0097645478
175.36	0.028397807	-5.8373822	-0.010705843
175.488	0.02766718	-5.8370259	-0.0098084286
175.616	0.027398821	-5.8368312	-0.009113634
175.744	0.028155585	-5.8376321	-0.011201953
175.872	0.027847784	-5.8376184	-0.0082239648
176	0.027805871	-5.8376592	-0.0085285267
176.128	0.027802584	-5.837663	-0.013795407
176.256	0.02753705	-5.8376376	-0.011942324
176.384	0.027091089	-5.8372598	-0.010175901
176.512	0.027381439	-5.8374721	-0.01262378
176.64	0.027134477	-5.8376925	-0.013723787
176.768	0.027335689	-5.8380014	-0.015034427
176.896	0.026740621	-5.8378247	-0.013126213
177.024	0.027082004	-5.8384053	-0.01511147
177.152	0.026651321	-5.8379892	-0.013103838
177.28	0.026618974	-5.8384764	-0.015359908
177.408	0.026918031	-5.8392564	-0.015248888
177.536	0.026497366	-5.8386376	-0.011904439
177.664	0.026408623	-5.838784	-0.012751893
177.792	0.026103193	-5.8387966	-0.012785491
177.92	0.026381722	-5.8391816	-0.016777263
178.048	0.025688884	-5.8384161	-0.015592896
178.176	0.02652259	-5.8393754	-0.015421853
178.304	0.026619443	-5.8392608	-0.017316051
178.432	0.025531417	-5.8385041	-0.016698622
178.56	0.025970159	-5.8390187	-0.017501483
178.688	0.026266154	-5.8392928	-0.014669044
178.816	0.026403426	-5.8394979	-0.015633532
178.944	0.02595446	-5.8389384	-0.014570184
179.072	0.02618594	-5.8389803	-0.015661622
179.2	0.026409703	-5.8391818	-0.015188037
179.328	0.026422545	-5.8388309	-0.015828646
179.456	0.026331111	-5.8384897	-0.016631579
179.584	0.026350729	-5.8383417	-0.013930611
179.712	0.027033265	-5.8387675	-0.014741937
179.84	0.02638173	-5.8378171	-0.0078187429
179.968	0.027011531	-5.838467	-0.014559754
180.096	0.026856917	-5.8382378	-0.014840288
180.224	0.027026303	-5.8383067	-0.012096974
180.352	0.026853318	-5.8376199	-0.011900152
180.48	0.027384237	-5.8381418	-0.01094786
180.608	0.027574925	-5.8380251	-0.011932474
180.736	0.027198423	-5.8373359	-0.0095289662
180.864	0.027438035	-5.8375011	-0.011049368
180.992	0.027787607	-5.8373513	-0.012790076
181.12	0.027194873	-5.8367865	-0.0097836403
181.248	0.027992003	-5.8374948	-0.013244846
181.376	0.028262417	-5.8375759	-0.014041225
181.504	0.027939699	-5.8370743	-0.0099412242
181.632	0.028090448	-5.8373641	-0.012258712
181.76	0.027368795	-5.8366123	-0.0072707628
181.888	0.028240656	-5.8375899	-0.007240545
182.016	0.027710381	-5.8372591	-0.0070874619
182.144	0.028101694	-5.83742	-0.0096292999
182.272	0.027446482	-5.836882	-0.0068465982
182.4	0.027987803	-5.837763	-0.01179785
182.528	0.027278178	-5.8374663	-0.009806765
182.656	0.027314841	-5.837384	-0.0086668042
182.784	0.027985092	-5.8382905	-0.013886974
182.912	0.026676315	-5.8372578	-0.012398155
183.04	0.027241373	-5.8381305	-0.014053226
183.168	0.027281598	-5.838001	-0.0096726936
183.296	0.027255392	-5.8384533	-0.013602624
183.424	0.026772352	-5.838394	-0.016555092
183.552	0.026789292	-5.838487	-0.016459014
183.68	0.026433933	-5.8379612	-0.012513652
183.808	0.026852206	-5.8388471	-0.011540329
183.936	0.026675416	-5.838808	-0.015906857
184.064	0.025999527	-5.838326	-0.018085341
184.192	0.026137186	-5.838533	-0.01775544
184.32	0.02646367	-5.8396709	-0.018052531
184.448	0.026201606	-5.8395107	-0.014390654
184.576	0.026160173	-5.8392698	-0.012494896
184.704	0.026103484	-5.8391223	-0.013734955
184.832	0.026420373	-5.8391499	-0.017387366
184.96	0.026169513	-5.8387793	-0.017571165
185.088	0.025872301	-5.8388123	-0.014876303
185.216	0.026123959	-5.8392316	-0.015071006
185.344	0.02605243	-5.8388144	-0.012647508
185.472	0.026562532	-5.8391476	-0.013193448
185.6	0.026182322	-5.8387658	-0.012621994
185.728	0.026441909	-5.8389655	-0.014443722
185.856	0.026331675	-5.8388121	-0.013066755
185.984	0.026632075	-5.8386114	-0.016159735
186.112	0.026542283	-5.8383248	-0.014666755
186.24	0.026552051	-5.8377668	-0.013214998
186.368	0.027115328	-5.8382629	-0.012588714
186.496	0.026775168	-5.8377879	-0.011359724
186.624	0.027336735	-5.8380425	-0.012745559
186.752	0.027426423	-5.8382399	-0.011565326
186.88	0.027389338	-5.837915	-0.013118352
187.008	0.027074684	-5.8374042	-0.01138794
187.136	0.027543232	-5.8375382	-0.012043298
187.264	0.027292277	-5.8370009	-0.0081803738
187.392	0.027838803	-5.8378145	-0.011602824
187.52	0.028180041	-5.837922	-0.011858195
187.648	0.027801825	-5.8373668	-0.010431291
187.776	0.027392292	-5.8367481	-0.010225421
187.904	0.02812655	-5.8378034	-0.015022128
188.032	0.027662622	-5.8370445	-0.0089730251
188.16	0.028314963	-5.8375335	-0.01002993
188.288	0.027650223	-5.8370141	-0.0064343149
188.416	0.028061126	-5.8376021	-0.0080014995
188.544	0.028182796	-5.8379397	-0.012525434
188.672	0.027443051	-5.8373616	-0.0096767011
188.8	0.027444264	-5.8375319	-0.009070884
188.928	0.028037151	-5.8383718	-0.013255249
189.056	0.027720561	-5.8380717	-0.011324814
189.184	0.026800869	-5.8371441	-0.0085569045
189.312	0.026992387	-5.8375845	-0.012190474
189.44	0.027399458	-5.8380364	-0.010771845
189.568	0.027132328	-5.8382855	-0.013213148
189.696	0.026577314	-5.8382012	-0.013672976
189.824	0.026817091	-5.8385776	-0.014798087
189.952	0.026164374	-5.8378926	-0.014097424
190.08	0.026742443	-5.8389785	-0.014629071
190.208	0.026845818	-5.839193	-0.016528042
190.336	0.02651335	-5.8389898	-0.015841724
190.464	0.026617422	-5.8392941	-0.017854189
190.592	0.026031857	-5.8387341	-0.015480497
190.72	0.026327355	-5.8393033	-0.016740892
190.848	0.025836754	-5.8388548	-0.014410119
190.976	0.026020625	-5.8391753	-0.012209815
191.104	0.026000778	-5.8388268	-0.013061196
191.232	0.026086277	-5.8390101	-0.013908285
191.36	0.026083717	-5.8391002	-0.014104797
191.488	0.026089409	-5.8393524	-0.013946349
191.616	0.025900733	-5.8389438	-0.012566273
191.744	0.026068042	-5.8385818	-0.014617405
191.872	0.026597054	-5.8387618	-0.015765288
192	0.026241671	-5.8382022	-0.014432421
192.128	0.026483501	-5.838475	-0.015994978
192.256	0.026511896	-5.8382947	-0.015711353
192.384	0.026664461	-5.8384951	-0.014405295
192.512	0.026871329	-5.8385851	-0.011171243
192.64	0.027076708	-5.838654	-0.013031632
192.768	0.027071353	-5.8385971	-0.014584443
192.896	0.026861058	-5.8383016	-0.012967762
193.024	0.027462145	-5.8387245	-0.015609298
193.152	0.027697887	-5.8385382	-0.015199629
193.28	0.02733814	-5.837798	-0.010510932
193.408	0.027573586	-5.8377898	-0.010934883
193.536	0.028088869	-5.8382206	-0.012475126
193.664	0.027252138	-5.8370342	-0.0088865814
193.792	0.027763314	-5.8374135	-0.0079563643
193.92	0.028073659	-5.8371866	-0.0076610392
194.048	0.027813582	-5.8374122	-0.011469807
194.176	0.02801212	-5.8373919	-0.011467623
194.304	0.027868375	-5.8375419	-0.0080248474
194.432	0.028018109	-5.8374621	-0.010834853
194.56	0.027301085	-5.8367163	-0.0064573744
194.688	0.028109998	-5.837432	-0.011904458
194.816	0.027491878	-5.8372917	-0.01368912
194.944	0.028032042	-5.8377373	-0.011323281
195.072	0.027432016	-5.8370054	-0.0096089046
195.2	0.028127966	-5.8381555	-0.013269749
195.328	0.027241408	-5.8373402	-0.013598719
195.456	0.026944951	-5.8372708	-0.012573171
195.584	0.027159193	-5.8376135	-0.013053701
195.712	0.027075803	-5.8377683	-0.01151483
195.84	0.026873736	-5.8376311	-0.012166533
195.968	0.026639212	-5.8376702	-0.015852133
196.096	0.027016767	-5.8383612	-0.013631884
196.224	0.026602706	-5.8385762	-0.0098491819
196.352	0.026196316	-5.8383156	-0.014039223
196.48	0.027162728	-5.83922	-0.016229104
196.608	0.026352836	-5.838719	-0.012394109
196.736	0.026268754	-5.8387576	-0.01580161
196.864	0.026039397	-5.8387383	-0.017710162
196.992	0.025834624	-5.8385714	-0.017523342
197.12	0.0264698	-5.8392615	-0.020331224
197.248	0.025929485	-5.8391485	-0.015971864
197.376	0.026282566	-5.8393282	-0.017895353
197.504	0.025698523	-5.8386528	-0.016160892
197.632	0.026357006	-5.8391658	-0.015913527
197.76	0.026087747	-5.8387663	-0.016974081
197.888	0.026359689	-5.8391233	-0.014876809
198.016	0.026109055	-5.8387489	-0.013864552
198.144	0.026248654	-5.8388808	-0.017678311
198.272	0.026780059	-5.8396183	-0.015619746
198.4	0.02635445	-5.8387537	-0.012437524
198.528	0.02644695	-5.8383225	-0.016538016
198.656	0.02686127	-5.8387653	-0.013865424
198.784	0.026602066	-5.8381505	-0.01341421
198.912	0.027134976	-5.8386719	-0.013485546
199.04	0.027157629	-5.838261	-0.012026155
199.168	0.026897512	-5.8377049	-0.01213013
199.296	0.027187386	-5.8378691	-0.011686549
199.424	0.027380312	-5.8381024	-0.0084948497
199.552	0.027689212	-5.838046	-0.010211108
199.68	0.027130394	-5.8373332	-0.0089530004
199.808	0.028050468	-5.8381029	-0.0099862734
199.936	0.02769699	-5.8376628	-0.0092670716
200.064	0.027541479	-5.8373967	-0.0067610058
200.192	0.028059376	-5.8376549	-0.0085394225
200.32	0.027551189	-5.8368591	-0.0081956592
200.448	0.028203251	-5.8375296	-0.012093488
200.576	0.028212209	-5.8376479	-0.014607602
200.704	0.02742251	-5.8365431	-0.0094495481
200.832	0.027447031	-5.8368952	-0.0074644622
200.96	0.027866711	-5.8374674	-0.0094454886
201.088	0.028055203	-5.8375799	-0.010529357
201.216	0.027722641	-5.8371151	-0.01397572
201.344	0.027460938	-5.8372486	-0.014633862
201.472	0.027893632	-5.8380623	-0.014586449
201.6	0.027276958	-5.8375226	-0.012614412
201.728	0.027280565	-5.8375036	-0.016093392
201.856	0.027405911	-5.8381452	-0.015326997
201.984	0.026905659	-5.8378732	-0.014549633
202.112	0.027431553	-5.838649	-0.016685996
202.24	0.02672613	-5.8385056	-0.012039399
202.368	0.027002085	-5.8385783	-0.013486253
202.496	0.026340266	-5.8382918	-0.015063762
202.624	0.026643283	-5.8386312	-0.017009469
202.752	0.02644479	-5.8383764	-0.013571502
202.88	0.026311946	-5.8385961	-0.013982854
203.008	0.026085134	-5.8386964	-0.017369123
203.136	0.026723237	-5.8394218	-0.01976647
203.264	0.025968167	-5.8387214	-0.014476221
203.392	0.026463886	-5.8393133	-0.014480619
203.52	0.026406438	-5.8391926	-0.014277458
203.648	0.02594467	-5.8389993	-0.01406623
203.776	0.025998362	-5.8390121	-0.014534097
203.904	0.026070715	-5.839057	-0.015453552
204.032	0.02632211	-5.8390659	-0.015617082
204.16	0.026399257	-5.8392414	-0.013962843
204.288	0.026408513	-5.8392387	-0.014601853
204.416	0.026375564	-5.8386804	-0.017445678
204.544	0.026278011	-5.838335	-0.013269833
204.672	0.026356296	-5.8382126	-0.01377032
204.8	0.027065332	-5.8390144	-0.016917663
204.928	0.026519931	-5.8382449	-0.012077959
205.056	0.026856087	-5.8384863	-0.010829505
205.184	0.026916831	-5.8383819	-0.012248751
205.312	0.026823541	-5.8377781	-0.011907315
205.44	0.027329317	-5.8381094	-0.01138582
205.568	0.027373057	-5.8379742	-0.012412283
205.696	0.026980447	-5.8374356	-0.010799446
205.824	0.027398807	-5.8380183	-0.01298137
205.952	0.027622125	-5.8378745	-0.01360302
206.08	0.027868912	-5.837921	-0.013731939
206.208	0.027184042	-5.8371697	-0.0095621932
206.336	0.02739775	-5.8373751	-0.0090058209
206.464	0.027621311	-5.83751	-0.012001875
206.592	0.027618938	-5.8371972	-0.0091041721
206.72	0.027995854	-5.8376483	-0.010956034
206.848	0.027997195	-5.8379713	-0.013431482
206.976	0.027797729	-5.8372652	-0.012469854
207.104	0.0279075	-5.8375315	-0.012108887
207.232	0.027550355	-5.8373124	-0.0086515921
207.36	0.027922667	-5.8377154	-0.0082783137
207.488	0.02762985	-5.8377515	-0.0096588853
207.616	0.027721864	-5.8378182	-0.012424544
207.744	0.027428708	-5.8376873	-0.014333936
207.872	0.027276243	-5.8379904	-0.014807317
208	0.027236355	-5.8379029	-0.011990606
208.128	0.027053564	-5.837682	-0.014553749
208.256	0.027137471	-5.8378655	-0.011876074
208.384	0.027042516	-5.8382139	-0.010374654
208.512	0.02695876	-5.8384025	-0.010019955
208.64	0.026941187	-5.8383506	-0.015389014
208.768	0.026852798	-5.8384887	-0.018248952
208.896	0.026736142	-5.8385678	-0.017339273
209.024	0.026538724	-5.8387585	-0.018072469
209.152	0.026663482	-5.8390836	-0.016865599
209.28	0.026263148	-5.8385133	-0.014150028
209.408	0.026065386	-5.8390895	-0.013091566
209.536	0.026219056	-5.8387361	-0.014472441
209.664	0.026189999	-5.8387975	-0.013447299
209.792	0.026244979	-5.8388755	-0.015043344
209.92	0.0265012	-5.839633	-0.016053887
210.048	0.025769161	-5.8386494	-0.014013398
210.176	0.025859215	-5.8386884	-0.015294843
210.304	0.02626782	-5.8391372	-0.014724091
210.432	0.026436656	-5.8389088	-0.011507659
210.56	0.026041966	-5.8386144	-0.012887718
210.688	0.026799826	-5.8393069	-0.017217072
210.816	0.026633581	-5.8388278	-0.011889555
210.944	0.026738844	-5.8387579	-0.012124145
211.072	0.026923807	-5.8387696	-0.014988423
211.2	0.026709927	-5.8385083	-0.014409598
211.328	0.026406395	-5.8381882	-0.012444817
211.456	0.026928523	-5.8384934	-0.011202341
211.584	0.027284076	-5.8385779	-0.014635326
211.712	0.026622603	-5.8375507	-0.015760311
211.84	0.027150857	-5.837878	-0.014009465
211.968	0.027748488	-5.8382516	-0.010795941
212.096	0.027145473	-5.8379409	-0.010860568
212.224	0.027613587	-5.8379802	-0.012165221
212.352	0.027404666	-5.8379112	-0.012571474
212.48	0.027504676	-5.8375993	-0.0097689345
212.608	0.027550169	-5.8371837	-0.0075075277
212.736	0.027838277	-5.8369816	-0.011983043
212.864	0.027505271	-5.8363833	-0.011455384
212.992	0.027972466	-5.8373693	-0.014549432
213.12	0.027262215	-5.8366777	-0.011966757
213.248	0.028226593	-5.8376759	-0.013420997
213.376	0.02776763	-5.8371012	-0.011225932
213.504	0.027466481	-5.837241	-0.0094782495
213.632	0.027682616	-5.8375929	-0.010338382
213.76	0.027826241	-5.837982	-0.013560859
213.888	0.027238934	-5.837295	-0.011095948
214.016	0.027514601	-5.837771	-0.013147611
214.144	0.027434728	-5.838122	-0.010787079
214.272	0.027040566	-5.8379786	-0.011123341
214.4	0.027137866	-5.8382055	-0.013961969
214.528	0.027195176	-5.8379878	-0.015063123
214.656	0.026993064	-5.8377854	-0.01450604
214.784	0.027159988	-5.8379079	-0.014660482
214.912	0.02654956	-5.8382553	-0.013679179
215.04	0.026631706	-5.8383153	-0.0096934
215.168	0.027031313	-5.8388312	-0.013514382
215.296	0.026251435	-5.838397	-0.013582043
215.424	0.026809689	-5.8388684	-0.015630308
215.552	0.026325927	-5.8383866	-0.0168763
215.68	0.025823442	-5.8384424	-0.015544285
215.808	0.026509014	-5.8390645	-0.014535359
215.936	0.026694821	-5.8392996	-0.012907131
216.064	0.026193777	-5.8389266	-0.01594584
216.192	0.026490403	-5.8391979	-0.018202287
216.32	0.026454357	-5.8392948	-0.013463504
216.448	0.026369206	-5.8391735	-0.012813814
216.576	0.025768617	-5.8385533	-0.015012836
216.704	0.026469302	-5.8392986	-0.016533413
216.832	0.026501423	-5.8391845	-0.011089006
216.96	0.026254214	-5.839052	-0.013809565
217.088	0.026008227	-5.838444	-0.015019335
217.216	0.026690315	-5.8390553	-0.011441942
217.344	0.026906583	-5.8390429	-0.013992864
217.472	0.026734719	-5.8386969	-0.012889144
217.6	0.026718219	-5.8384846	-0.013413772
217.728	0.02688118	-5.8383734	-0.012151372
217.856	0.026738355	-5.8379872	-0.011151988
217.984	0.02755309	-5.8385705	-0.013718269
218.112	0.02718946	-5.8379181	-0.011794306
218.24	0.027279261	-5.8378759	-0.012274955
218.368	0.0272013	-5.8379053	-0.010275846
218.496	0.027435725	-5.8378084	-0.008416763
218.624	0.027632107	-5.8377606	-0.0065550413
218.752	0.027659741	-5.8379406	-0.0083272814
218.88	0.027506924	-5.8376002	-0.0075678725
219.008	0.027684497	-5.8377856	-0.010680081
219.136	0.027807602	-5.8378257	-0.010672287
219.264	0.027748601	-5.8375431	-0.012230522
219.392	0.02785677	-5.8373168	-0.013057908
219.52	0.027809472	-5.8372846	-0.01025672
219.648	0.028408492	-5.8378327	-0.013065404
219.776	0.027588853	-5.8370007	-0.011883704
219.904	0.027700029	-5.8369592	-0.010230811
220.032	0.027596531	-5.8374665	-0.011585883
220.16	0.027544267	-5.8380083	-0.011209131
220.288	0.027111683	-5.8372806	-0.012868575
220.416	0.027358596	-5.8377681	-0.013760245
220.544	0.027542622	-5.8377954	-0.01367122
220.672	0.027277807	-5.8380025	-0.013069014
220.8	0.026994057	-5.8377573	-0.010847621
220.928	0.026942483	-5.8378274	-0.012655791
221.056	0.026908301	-5.8379932	-0.013831502
221.184	0.026662093	-5.8380917	-0.012519029
221.312	0.026634123	-5.8382712	-0.014087378
221.44	0.02700999	-5.8386524	-0.014892503
221.568	0.026569809	-5.8386647	-0.013524571
221.696	0.026140004	-5.8382323	-0.01408237
221.824	0.026602914	-5.8388849	-0.014862109
221.952	0.026354882	-5.8387429	-0.015613851
222.08	0.02580198	-5.8383135	-0.012389401
222.208	0.026610184	-5.8391208	-0.013157455
222.336	0.026372745	-5.8388146	-0.015681865
222.464	0.026143886	-5.8389826	-0.015772553
222.592	0.02638588	-5.8390379	-0.016231634
222.72	0.026348709	-5.8387205	-0.014799901
222.848	0.026582697	-5.8389185	-0.013729271
222.976	0.02595248	-5.8383157	-0.011981281
223.104	0.026323271	-5.8387313	-0.012830314
223.232	0.026448871	-5.8388443	-0.011847837
223.36	0.026340828	-5.8388699	-0.016937396
223.488	0.02642969	-5.838575	-0.018624196
223.616	0.02675917	-5.8389454	-0.016444441
223.744	0.026629409	-5.8386808	-0.015888058
223.872	0.027024743	-5.838981	-0.014004902
224	0.0268632	-5.8383707	-0.013820195
224.128	0.026758792	-5.8380032	-0.012727352
224.256	0.027107508	-5.8381413	-0.012880866
224.384	0.026954105	-5.8378561	-0.015870433
224.512	0.027201087	-5.8378394	-0.011307269
224.64	0.027298247	-5.8378192	-0.0098967837
224.768	0.027468979	-5.8379604	-0.0076266086
224.896	0.027775426	-5.838062	-0.01070445
225.024	0.027349228	-5.8379539	-0.010908537
225.152	0.027546178	-5.8375069	-0.0095653857
225.28	0.02775172	-5.8376745	-0.011410917
225.408	0.027370441	-5.8371962	-0.0080190111
225.536	0.02738328	-5.8370676	-0.0065848047
225.664	0.027643061	-5.8374237	-0.0097283595
225.792	0.028486373	-5.8384526	-0.011446151
225.92	0.027626379	-5.8372605	-0.0092173136
226.048	0.02737348	-5.8369411	-0.0085380217
226.176	0.027613795	-5.8372663	-0.010643649
226.304	0.027899097	-5.8378874	-0.013288625
226.432	0.027872745	-5.8376604	-0.011442066
226.56	0.027471671	-5.8374277	-0.0098135299
226.688	0.027872858	-5.8380689	-0.013949651
226.816	0.027288181	-5.8378303	-0.012326321
226.944	0.02739339	-5.8382277	-0.01170659
227.072	0.027462107	-5.8385507	-0.013391166
227.2	0.02713451	-5.8380562	-0.01202467
227.328	0.026749652	-5.837767	-0.011196949
227.456	0.026779502	-5.8384018	-0.013745208
227.584	0.02696665	-5.8388598	-0.013974089
227.712	0.026773186	-5.838626	-0.01573279
227.84	0.026352025	-5.8383703	-0.014280624
227.968	0.026894947	-5.8389029	-0.015871684
228.096	0.02684582	-5.8392587	-0.016159535
228.224	0.026169709	-5.838432	-0.010846301
228.352	0.026326186	-5.8385674	-0.01414107
228.48	0.026472997	-5.8391208	-0.017235466
228.608	0.026203223	-5.8389119	-0.015056066
228.736	0.026267753	-5.8390126	-0.016286999
228.864	0.025972741	-5.8387063	-0.01546539
228.992	0.026333902	-5.839096	-0.014872335
229.12	0.026495107	-5.8390499	-0.013009977
229.248	0.026422015	-5.8389591	-0.014599257
229.376	0.026516975	-5.8388648	-0.017418167
229.504	0.025766562	-5.8381774	-0.013940826
229.632	0.026348817	-5.8387504	-0.016397149
229.76	0.026203215	-5.8386988	-0.014975762
229.888	0.027017734	-5.8389098	-0.016919228
230.016	0.026503579	-5.838407	-0.012879992
230.144	0.02644221	-5.838254	-0.011786183
230.272	0.026591715	-5.8382445	-0.013127174
230.4	0.027059813	-5.8385441	-0.012313836
230.528	0.027129119	-5.8385798	-0.0081584948
230.656	0.027045183	-5.8376355	-0.01115273
230.784	0.027074019	-5.8377521	-0.013593893
230.912	0.027460281	-5.8377737	-0.014423055
231.04	0.02748835	-5.8377123	-0.014361888
231.168	0.027340663	-5.8372629	-0.012772151
231.296	0.02776217	-5.8377396	-0.013191787
231.424	0.027870367	-5.8377329	-0.013593532
231.552	0.027598414	-5.8376945	-0.010526193
231.68	0.027975405	-5.8379659	-0.011047339
231.808	0.027866928	-5.8374764	-0.011790718
231.936	0.027683728	-5.8371966	-0.013524625
232.064	0.027837694	-5.8374307	-0.013215717
232.192	0.027721285	-5.8374438	-0.0081769816
232.32	0.027762628	-5.8375186	-0.0080858675
232.448	0.027514971	-5.837491	-0.009300571
232.576	0.027837797	-5.8377456	-0.012504689
232.704	0.027612088	-5.8374754	-0.013649002
232.832	0.027638569	-5.8376978	-0.011760271
232.96	0.02718051	-5.8373012	-0.0063674461
233.088	0.027376426	-5.8380541	-0.0080075617
233.216	0.027762074	-5.83851	-0.014997944
233.344	0.027213635	-5.8379569	-0.012761393
233.472	0.027073916	-5.8382962	-0.010792638
233.6	0.026833988	-5.8381495	-0.014352648
233.728	0.026275096	-5.837867	-0.0099453095
233.856	0.026994668	-5.8386387	-0.012310821
233.984	0.02692521	-5.8387278	-0.018462563
234.112	0.026689275	-5.8384762	-0.017023132
234.24	0.026466789	-5.838698	-0.013311649
234.368	0.026836922	-5.8393293	-0.015357363
234.496	0.026061928	-5.8388007	-0.014230888
234.624	0.026230714	-5.8392163	-0.013595704
234.752	0.026288172	-5.8391223	-0.011946109
234.88	0.026300658	-5.8392352	-0.015102745
235.008	0.025918848	-5.8385471	-0.015899202
235.136	0.026284544	-5.8391332	-0.014651596
235.264	0.026407853	-5.8395247	-0.013391753
235.392	0.026146586	-5.8390256	-0.013677774
235.52	0.026085026	-5.8386883	-0.014148423
235.648	0.026221968	-5.8389848	-0.016845385
235.776	0.026667068	-5.8391255	-0.01956767
235.904	0.026444405	-5.8390181	-0.016585124
236.032	0.02653186	-5.8389347	-0.014619725
236.16	0.026155789	-5.8382583	-0.01304612
236.288	0.026877895	-5.8388295	-0.013756391
236.416	0.02679632	-5.8386693	-0.014572622
236.544	0.026418906	-5.8377546	-0.014085045
236.672	0.027224327	-5.8385292	-0.01645597
236.8	0.026651761	-5.8378901	-0.0091375293
236.928	0.02769575	-5.8385877	-0.012165764
237.056	0.026791581	-5.837643	-0.011449435
237.184	0.027224688	-5.8378115	-0.011358624
237.312	0.027256366	-5.8376	-0.0095249374
237.44	0.027525455	-5.8379156	-0.011556238
237.568	0.027697305	-5.8379454	-0.010895141
237.696	0.027297028	-5.8373279	-0.0093106779
237.824	0.027856875	-5.8377761	-0.013616944
237.952	0.02773541	-5.8374855	-0.010714966
238.08	0.027625332	-5.8373761	-0.0082525166
238.208	0.028170393	-5.8377853	-0.013276757
238.336	0.02769	-5.8372763	-0.010180921
238.464	0.027812213	-5.8376201	-0.012312127
238.592	0.027717806	-5.8371673	-0.012381559
238.72	0.027744085	-5.8374235	-0.011111835
238.848	0.028379618	-5.8383232	-0.013230488
238.976	0.027406775	-5.8375347	-0.0086015338
239.104	0.027517819	-5.8378484	-0.011934704
239.232	0.027190102	-5.837613	-0.0091737263
239.36	0.027315243	-5.8379824	-0.01156559
239.488	0.027553476	-5.8382948	-0.014784059
239.616	0.026883211	-5.8375949	-0.010063333
239.744	0.026844301	-5.8378061	-0.010697084
239.872	0.026915624	-5.8380441	-0.013257747
240	0.027194792	-5.8385037	-0.014110778
240.128	0.027040098	-5.8385492	-0.012836772
240.256	0.026605709	-5.8385125	-0.012640484
240.384	0.026630812	-5.8387281	-0.014332058
240.512	0.026498251	-5.8385157	-0.014298512
240.64	0.02625742	-5.8387051	-0.014027633
240.768	0.026741761	-5.8390348	-0.015836661
240.896	0.026564577	-5.8387967	-0.013599454
241.024	0.026461683	-5.8388352	-0.014399217
241.152	0.025795088	-5.8383085	-0.013468951
241.28	0.026416904	-5.8391723	-0.013052781
241.408	0.026080022	-5.8389924	-0.015095511
241.536	0.026177819	-5.8391793	-0.018000101
241.664	0.02633341	-5.8390694	-0.018140149
241.792	0.0261176	-5.8387943	-0.016848286
241.92	0.026257533	-5.8388665	-0.017772545
242.048	0.02608437	-5.8387467	-0.018951774
242.176	0.026332689	-5.8385595	-0.016763907
242.304	0.026622903	-5.8386168	-0.014826308
242.432	0.026268663	-5.8385324	-0.013127405
242.56	0.026655544	-5.8388394	-0.013237087
242.688	0.026983701	-5.8388329	-0.013520448
242.816	0.026783469	-5.8384411	-0.015284814
242.944	0.026785716	-5.8382895	-0.011005213
243.072	0.026679823	-5.8380373	-0.0096040412
243.2	0.027146788	-5.8384172	-0.010732722
243.328	0.027268315	-5.8383364	-0.010673483
243.456	0.027356077	-5.8381372	-0.010355212
243.584	0.027363996	-5.8377651	-0.011111588
243.712	0.0276037	-5.8378213	-0.014656302
243.84	0.027638166	-5.8379397	-0.012278001
243.968	0.027288323	-5.8373621	-0.0083430823
244.096	0.027781059	-5.8375606	-0.013498861
244.224	0.027710847	-5.8374006	-0.014995526
244.352	0.028046622	-5.8378889	-0.014236873
244.48	0.027556052	-5.8373481	-0.010374115
244.608	0.027793313	-5.8372523	-0.0077957692
244.736	0.027504683	-5.8370493	-0.0094240535
244.864	0.0277968	-5.8374297	-0.012652261
244.992	0.027210701	-5.8369483	-0.0071154158
245.12	0.028434247	-5.8381564	-0.010406631
245.248	0.027852997	-5.837693	-0.013318547
245.376	0.027176048	-5.837482	-0.01259626
245.504	0.026958264	-5.8373493	-0.010372568
245.632	0.02777512	-5.838297	-0.012535486
245.76	0.026912064	-5.8375919	-0.011794791
245.888	0.026913893	-5.8377108	-0.011384311
246.016	0.027251228	-5.8381134	-0.012829426
246.144	0.027154999	-5.8382879	-0.015016425
246.272	0.02675962	-5.8382373	-0.011987769
246.4	0.027047275	-5.8386025	-0.011206297
246.528	0.026525136	-5.8381478	-0.012099289
246.656	0.026078689	-5.8379491	-0.011686852
246.784	0.026821612	-5.8389434	-0.013572181
246.912	0.026487124	-5.8384446	-0.012558556
247.04	0.026636367	-5.8387661	-0.015516177
247.168	0.026281278	-5.8385461	-0.017930797
247.296	0.026423466	-5.8388755	-0.019265709
247.424	0.025845872	-5.8383796	-0.013003198
247.552	0.026361324	-5.8391864	-0.013387803
247.68	0.02659746	-5.839329	-0.015819361
247.808	0.026266328	-5.8389442	-0.015663703
247.936	0.026090832	-5.8386872	-0.016235475
248.064	0.026145439	-5.8387676	-0.017176336
248.192	0.026216877	-5.8386724	-0.013099112
248.32	0.026459319	-5.8387798	-0.012511484
248.448	0.026465712	-5.8387463	-0.013006623
248.576	0.026155454	-5.8383699	-0.014314915
248.704	0.026427441	-5.8387985	-0.014870246
248.832	0.026792631	-5.8388391	-0.014442842
248.96	0.026628578	-5.8385798	-0.014777945
249.088	0.026596432	-5.8385145	-0.01348651
249.216	0.026946095	-5.8384707	-0.01289059
249.344	0.027402062	-5.8387358	-0.012653867
249.472	0.027160209	-5.8380679	-0.010180173
249.6	0.027136245	-5.8378595	-0.011813286
249.728	0.027212787	-5.8377327	-0.010958838
249.856	0.027168417	-5.8378462	-0.011925933
249.984	0.027899202	-5.838336	-0.011981968
250.112	0.027252862	-5.8374206	-0.0080240907
250.24	0.027833325	-5.8380192	-0.014917263
250.368	0.0272681	-5.8373306	-0.011121053
250.496	0.027889537	-5.8377939	-0.012522018
250.624	0.027536982	-5.8374269	-0.011034617
250.752	0.027559669	-5.8370024	-0.011419881
250.88	0.027577684	-5.8372909	-0.011026473
251.008	0.027613177	-5.8371264	-0.0092190365
251.136	0.027908203	-5.8375841	-0.010676367
251.264	0.027886887	-5.838115	-0.012794912
251.392	0.027951487	-5.8377963	-0.015028928
251.52	0.027325532	-5.8371045	-0.010584342
251.648	0.028035676	-5.8381068	-0.015179197
251.776	0.027059928	-5.8371195	-0.012763837
251.904	0.027384842	-5.8375255	-0.014375547
252.032	0.027389298	-5.8379638	-0.012422511
252.16	0.027213517	-5.8381036	-0.010820874
252.288	0.027529729	-5.8384261	-0.014260385
252.416	0.027221211	-5.8382109	-0.011581507
252.544	0.02684972	-5.8381152	-0.014847835
252.672	0.027054966	-5.8385855	-0.013789239
252.8	0.026455979	-5.8381556	-0.010828371
252.928	0.026668443	-5.8383475	-0.015592567
253.056	0.026665679	-5.8384633	-0.014917816
253.184	0.026717634	-5.838707	-0.016741443
253.312	0.026577504	-5.8390369	-0.01709948
253.44	0.026380876	-5.8389312	-0.014073341
253.568	0.026380584	-5.838697	-0.01567096
253.696	0.026322165	-5.8389707	-0.016971069
253.824	0.026915168	-5.8395562	-0.016173552
253.952	0.026217276	-5.8389806	-0.014033539
254.08	0.026186584	-5.8387033	-0.013403244
254.208	0.026165714	-5.8387848	-0.012541632
254.336	0.025922393	-5.838697	-0.014597264
254.464	0.026375263	-5.8390803	-0.017371175
254.592	0.026387747	-5.8386885	-0.015120998
254.72	0.026266287	-5.8384537	-0.010909363
254.848	0.026207948	-5.8384239	-0.012187956
254.976	0.02639926	-5.8385015	-0.016440786
255.104	0.026740937	-5.838891	-0.013749592
255.232	0.026942356	-5.8388566	-0.014039291
255.36	0.026864805	-5.838616	-0.014332162
255.488	0.026805643	-5.8381964	-0.015294065
255.616	0.027144911	-5.838564	-0.0141445
255.744	0.0266818	-5.8379704	-0.010665573
255.872	0.027816641	-5.8388288	-0.014487278
256	0.026622684	-5.837345	-0.0086647598
256.128	0.027330889	-5.8380379	-0.012503819
256.256	0.027255574	-5.8376249	-0.014008312
256.384	0.027788261	-5.8378911	-0.01550045
256.512	0.027606194	-5.8377206	-0.013025702
256.64	0.027420992	-5.837294	-0.010108509
256.768	0.027593851	-5.837486	-0.011494822
256.896	0.027608948	-5.8373834	-0.011569875
257.024	0.02758026	-5.8374928	-0.0093844841
257.152	0.02766399	-5.8375092	-0.0081944842
257.28	0.027345828	-5.8369543	-0.0077856741
257.408	0.027876835	-5.8374601	-0.011538918
257.536	0.028010873	-5.8374233	-0.010692609
257.664	0.02749157	-5.8371551	-0.0097455348
257.792	0.027494922	-5.8373382	-0.01066847
257.92	0.027218579	-5.837017	-0.011658709
258.048	0.027844023	-5.8378902	-0.012681964
258.176	0.027219482	-5.837291	-0.012046172
258.304	0.027653765	-5.8379309	-0.012841995
258.432	0.027540993	-5.8380945	-0.014047655
258.56	0.02670371	-5.8372151	-0.012382448
258.688	0.027414193	-5.8386805	-0.0091562506
258.816	0.026919653	-5.8385194	-0.012514511
258.944	0.026961415	-5.8387095	-0.014139153
259.072	0.026779395	-5.8386422	-0.012841069
259.2	0.026790925	-5.8382381	-0.013452446
259.328	0.026470362	-5.8380701	-0.013973827
259.456	0.026323707	-5.8383056	-0.01422774
259.584	0.026275419	-5.8386225	-0.01389226
259.712	0.026662886	-5.8390941	-0.013482654
259.84	0.026639263	-5.8390083	-0.01361361
259.968	0.026496581	-5.839078	-0.016271069
260.096	0.026128414	-5.8387163	-0.014073026
260.224	0.026243984	-5.8388303	-0.01447344
260.352	0.026108568	-5.8389831	-0.015933696
260.48	0.026397279	-5.8390223	-0.01808358
260.608	0.026521214	-5.838972	-0.015233548
260.736	0.026072222	-5.8381398	-0.014219299
260.864	0.02662906	-5.8389809	-0.017301
260.992	0.026742703	-5.8387316	-0.0151534
261.12	0.026203856	-5.8385022	-0.013110395
261.248	0.026425508	-5.8385895	-0.013920474
261.376	0.026234436	-5.8384326	-0.012394617
261.504	0.026676643	-5.8386696	-0.014957718
261.632	0.026335289	-5.8377837	-0.017872218
261.76	0.02733221	-5.8389664	-0.018748152
261.888	0.026450124	-5.8381031	-0.013296171
262.016	0.027172739	-5.8387267	-0.014403858
262.144	0.027011822	-5.8382745	-0.012665298
262.272	0.02723611	-5.8382095	-0.011262142
262.4	0.027638373	-5.838097	-0.01105286
262.528	0.026974675	-5.8372499	-0.010567855
262.656	0.02759304	-5.8378425	-0.013560771
262.784	0.027507612	-5.8375971	-0.012133996
262.912	0.027553873	-5.8373659	-0.01187233
263.04	0.02780345	-5.8372973	-0.01326763
263.168	0.027535366	-5.8372485	-0.013307736
263.296	0.027675479	-5.8375656	-0.01348044
263.424	0.027948445	-5.837863	-0.010414611
263.552	0.027566336	-5.8374752	-0.010791816
263.68	0.027339937	-5.8369488	-0.01017886
263.808	0.02781684	-5.8376716	-0.0081519465
263.936	0.027726063	-5.8372419	-0.0093332387
264.064	0.028052364	-5.8378476	-0.011665241
264.192	0.027636449	-5.837314	-0.011246123
264.32	0.027071403	-5.8370002	-0.010074857
264.448	0.027898899	-5.8384441	-0.013691278
264.576	0.027249879	-5.8376759	-0.0096418226
264.704	0.027178955	-5.8377488	-0.012099154
264.832	0.027329842	-5.8381424	-0.013568212
264.96	0.027203515	-5.8381619	-0.013402925
265.088	0.026839627	-5.8380375	-0.013509774
265.216	0.026931549	-5.8382784	-0.010028241
265.344	0.026863853	-5.8383932	-0.014095946
265.472	0.026592167	-5.8386474	-0.012615758
265.6	0.026740811	-5.8388501	-0.013136273
265.728	0.026851946	-5.8389824	-0.012362226
265.856	0.026363244	-5.8386417	-0.013913595
265.984	0.026485618	-5.8387259	-0.014697108
266.112	0.026447476	-5.8386755	-0.01202186
266.24	0.026143381	-5.8384056	-0.013856674
266.368	0.026292123	-5.8388946	-0.016184291
266.496	0.026418037	-5.8390866	-0.016659503
266.624	0.026395778	-5.8389121	-0.016501143
266.752	0.026010414	-5.8383852	-0.014648631
266.88	0.025903357	-5.8384693	-0.01370917
267.008	0.025932378	-5.8385017	-0.014057389
267.136	0.026655917	-5.8390711	-0.015514942
267.264	0.026204994	-5.8385995	-0.012816071
267.392	0.026550408	-5.8391299	-0.012675949
267.52	0.026436015	-5.8386746	-0.013392836
267.648	0.026345469	-5.8384416	-0.014577428
267.776	0.02672112	-5.8386079	-0.014095779
267.904	0.026401589	-5.8381185	-0.012443693
268.032	0.026901914	-5.8382551	-0.011725091
268.16	0.026925745	-5.8382039	-0.01386745
268.288	0.026922436	-5.8382504	-0.011998069
268.416	0.02749142	-5.8386651	-0.013329573
268.544	0.027268159	-5.8383961	-0.014363766
268.672	0.02740711	-5.8381447	-0.014278754
268.8	0.027256851	-5.8376701	-0.012542637
268.928	0.02749103	-5.8377819	-0.012386249
269.056	0.027546816	-5.8377978	-0.011804142
269.184	0.027356258	-5.8370219	-0.0094352176
269.312	0.027674467	-5.8375069	-0.0091591755
269.44	0.027582104	-5.8374067	-0.010834247
269.568	0.027361174	-5.8369808	-0.012896633
269.696	0.02807777	-5.8378019	-0.013577532
269.824	0.027556941	-5.8375198	-0.0078369339
269.952	0.02777711	-5.8376101	-0.011553206
270.08	0.028033508	-5.8377309	-0.011472653
270.208	0.027758857	-5.8373615	-0.0098616195
270.336	0.028019399	-5.8379598	-0.013015522
270.464	0.027698321	-5.837705	-0.0099157068
270.592	0.027485096	-5.8377186	-0.0090952994
270.72	0.027427517	-5.8378087	-0.011648311
270.848	0.027232118	-5.837732	-0.011935878
270.976	0.027233637	-5.8378172	-0.011490662
271.104	0.027323778	-5.8383152	-0.012188496
271.232	0.026973285	-5.8379069	-0.013502399
271.36	0.027265134	-5.8384233	-0.013905685
271.488	0.02682258	-5.8381896	-0.0098528684
271.616	0.02718266	-5.8384822	-0.010544524
271.744	0.026814501	-5.8382737	-0.011415578
271.872	0.026375342	-5.8380539	-0.010732288
272	0.02678139	-5.8387446	-0.015332727
272.128	0.026498021	-5.8387246	-0.017626709
272.256	0.026682024	-5.8388439	-0.016838975
272.384	0.026015012	-5.8381079	-0.012913299
272.512	0.026472866	-5.8391752	-0.015275162
272.64	0.026435414	-5.8390592	-0.016807722
272.768	0.026186068	-5.8387854	-0.013996539
272.896	0.026406761	-5.8390338	-0.014256401
273.024	0.026127486	-5.8386914	-0.013322395
273.152	0.026265407	-5.8388723	-0.012986574
273.28	0.026082822	-5.8388417	-0.013843355
273.408	0.026664205	-5.8396729	-0.018456039
273.536	0.026119552	-5.8390367	-0.01526692
273.664	0.027122237	-5.8395391	-0.018390738
273.792	0.026141782	-5.8385395	-0.012236498
273.92	0.026286141	-5.8385691	-0.01403041
274.048	0.026995362	-5.8390557	-0.017784861
274.176	0.026468095	-5.8383811	-0.012267875
274.304	0.026288211	-5.8380078	-0.0099227495
274.432	0.027631771	-5.8393128	-0.01332336
274.56	0.027365887	-5.8386981	-0.012936391
274.688	0.026541922	-5.8375019	-0.010375231
274.816	0.027142801	-5.8379539	-0.013627507
274.944	0.027316112	-5.8380502	-0.013398271
275.072	0.027114097	-5.8376559	-0.010892599
275.2	0.027344345	-5.8374235	-0.012381034
275.328	0.02741715	-5.8376802	-0.0099126583
275.456	0.027460483	-5.8376581	-0.0096610352
275.584	0.026903547	-5.8369089	-0.0095077361
275.712	0.028432229	-5.8383433	-0.012276281
275.84	0.027215723	-5.8370973	-0.011123495
275.968	0.027696145	-5.8372903	-0.010415283
276.096	0.027819183	-5.8374164	-0.0073866482
276.224	0.027824368	-5.8376258	-0.0097157158
276.352	0.027821104	-5.8375196	-0.010332074
276.48	0.027525496	-5.8371625	-0.010132691
276.608	0.027680804	-5.8376235	-0.014419862
276.736	0.027316921	-5.8374033	-0.015251513
276.864	0.02772406	-5.8373359	-0.012730248
276.992	0.027770953	-5.8377771	-0.013184793
277.12	0.026928718	-5.836951	-0.009816133
277.248	0.027207114	-5.8374475	-0.011398419
277.376	0.027589985	-5.8382146	-0.013953291
277.504	0.027035428	-5.8378989	-0.014299833
277.632	0.026828942	-5.8376647	-0.017638727
277.76	0.027058066	-5.8380493	-0.013922729
277.888	0.027021846	-5.8384417	-0.011299083
278.016	0.027097319	-5.8384555	-0.012422722
278.144	0.026729161	-5.8384126	-0.01581572
278.272	0.026370621	-5.8379507	-0.013109502
278.4	0.027032571	-5.8388664	-0.010832151
278.528	0.026505502	-5.8385918	-0.011167969
278.656	0.026254556	-5.8385053	-0.0082010848
278.784	0.026428142	-5.8385854	-0.011167841
278.912	0.026226752	-5.8388508	-0.016213582
279.04	0.026327244	-5.839356	-0.014609091
279.168	0.026274415	-5.8391093	-0.013170091
279.296	0.025945653	-5.8384565	-0.01232387
279.424	0.02602076	-5.8385155	-0.014316868
279.552	0.026548422	-5.8393711	-0.016687817
279.68	0.026486645	-5.839232	-0.01248552
279.808	0.026104784	-5.8387391	-0.01153531
279.936	0.02627936	-5.8389277	-0.013077226
280.064	0.026651687	-5.8388934	-0.016478819
280.192	0.026629328	-5.8388803	-0.017213723
280.32	0.026532098	-5.8386229	-0.014650698
280.448	0.026118008	-5.8380028	-0.014046115
280.576	0.02682427	-5.8387901	-0.012482162
280.704	0.02690323	-5.8383704	-0.010518733
280.832	0.026935467	-5.8385326	-0.013584576
280.96	0.026748993	-5.83787	-0.013848391
281.088	0.026831221	-5.8379222	-0.012946098
281.216	0.027337485	-5.8381221	-0.015209944
281.344	0.027273109	-5.8379423	-0.01349373
281.472	0.027129191	-5.8374227	-0.011000411
281.6	0.02753447	-5.837716	-0.010373642
281.728	0.027674881	-5.8380657	-0.0094085635
281.856	0.027465477	-5.8376598	-0.0095486281
281.984	0.027367339	-5.8374049	-0.010725005
282.112	0.027889783	-5.8376834	-0.0099828132
282.24	0.027576487	-5.8374514	-0.0099861893
282.368	0.027584519	-5.8373334	-0.010220117
282.496	0.027962231	-5.8376109	-0.012482857
282.624	0.027378942	-5.8370762	-0.012500429
282.752	0.027704128	-5.8375437	-0.014197353
282.88	0.027671122	-5.8375768	-0.011778428
283.008	0.027753568	-5.8380787	-0.012362333
283.136	0.02730203	-5.8373916	-0.0097090497
283.264	0.02746332	-5.8374397	-0.011129512
283.392	0.027593448	-5.8381362	-0.012781533
283.52	0.027328913	-5.8376732	-0.011525787
283.648	0.027405235	-5.8381336	-0.0097122499
283.776	0.027114781	-5.8381538	-0.0090641706
283.904	0.027106726	-5.8380837	-0.011335302
284.032	0.027274435	-5.8381607	-0.016149768
284.16	0.026953774	-5.8381717	-0.013735862
284.288	0.026919619	-5.838288	-0.015190786
284.416	0.026806659	-5.8386879	-0.017662573
284.544	0.026510875	-5.8384094	-0.016050399
284.672	0.026818183	-5.8385775	-0.015262298
284.8	0.02694018	-5.8388364	-0.015993803
284.928	0.025932386	-5.8380656	-0.013298906
285.056	0.02685134	-5.8392872	-0.016237882
285.184	0.025897781	-5.838416	-0.012011815
285.312	0.02642625	-5.8388522	-0.013210305
285.44	0.026563662	-5.8390602	-0.01692859
285.568	0.02578886	-5.8383243	-0.011261169
285.696	0.026516573	-5.8391129	-0.016258228
285.824	0.026418306	-5.8389436	-0.017749624
285.952	0.02593156	-5.8385703	-0.016645424
286.08	0.026413726	-5.8392515	-0.016939857
286.208	0.02679262	-5.8396732	-0.01527604
286.336	0.026499867	-5.8390541	-0.012225957
286.464	0.026306497	-5.8383675	-0.009053971
286.592	0.026218762	-5.8385482	-0.009708241
286.72	0.026842507	-5.8391044	-0.015802053
286.848	0.026270864	-5.8383231	-0.011506466
286.976	0.026807537	-5.8384852	-0.012620838
287.104	0.026799078	-5.8382136	-0.01531659
287.232	0.027011218	-5.8381853	-0.01464715
287.36	0.027212524	-5.8382593	-0.013848836
287.488	0.026991122	-5.8376113	-0.012973712
287.616	0.027485711	-5.838156	-0.013915811
287.744	0.026852441	-5.8373199	-0.011160611
287.872	0.027271863	-5.8377913	-0.0063578486
288	0.027777699	-5.8380307	-0.011116279
288.128	0.027454168	-5.837815	-0.011513345
288.256	0.027341024	-5.8373473	-0.012416515
288.384	0.027769485	-5.8375804	-0.011416469
288.512	0.028045157	-5.8376899	-0.01138279
288.64	0.027374464	-5.8370023	-0.012593566
288.768	0.027793366	-5.8374919	-0.012145007
288.896	0.02777554	-5.8376285	-0.011783411
289.024	0.027480313	-5.8369869	-0.010820523
289.152	0.028051557	-5.837611	-0.01157538
289.28	0.027621791	-5.8373073	-0.011608284
289.408	0.027797621	-5.8373929	-0.014223294
289.536	0.027862494	-5.8376129	-0.013690337
289.664	0.027686649	-5.8379001	-0.0097629122
289.792	0.026976856	-5.8373941	-0.0097324706
289.92	0.027563384	-5.838117	-0.01492298
290.048	0.027212873	-5.8378782	-0.010800634
290.176	0.026930488	-5.8374787	-0.0079743034
290.304	0.027134129	-5.8380037	-0.011519838
290.432	0.026867098	-5.837834	-0.0096464584
290.56	0.027041926	-5.8386063	-0.013234151
290.688	0.026545444	-5.8384197	-0.010444434
290.816	0.027037346	-5.8391207	-0.013717188
290.944	0.026826007	-5.8389924	-0.015173831
291.072	0.026396624	-5.8384871	-0.012734894
291.2	0.026422437	-5.8389024	-0.013951847
291.328	0.026237657	-5.8390595	-0.018046786
291.456	0.026497889	-5.8391612	-0.016528116
291.584	0.026461956	-5.838976	-0.014416995
291.712	0.026183143	-5.8387743	-0.014359367
291.84	0.02623324	-5.8387326	-0.012366834
291.968	0.02584982	-5.8383233	-0.012860933
292.096	0.026091161	-5.838798	-0.018624764
292.224	0.026275767	-5.8389686	-0.017114477
292.352	0.026252552	-5.8386673	-0.011566768
292.48	0.02641195	-5.8389603	-0.015130189
292.608	0.026675677	-5.8389547	-0.017395899
292.736	0.026427093	-5.8388907	-0.015762661
292.864	0.02606289	-5.8381037	-0.014410786
292.992	0.027103041	-5.8392785	-0.018350716
293.12	0.026725957	-5.8387908	-0.015988615
293.248	0.026401529	-5.8380574	-0.011644964
293.376	0.026986772	-5.838362	-0.013757341
293.504	0.027127681	-5.8383592	-0.016526848
293.632	0.026799566	-5.8377128	-0.012293137
293.76	0.027312158	-5.8379144	-0.012118301
293.888	0.027246079	-5.8378907	-0.016205569
294.016	0.027280815	-5.8377095	-0.012609014
294.144	0.027606107	-5.8378406	-0.011527628
294.272	0.027345216	-5.8374682	-0.011949837
294.4	0.027723268	-5.8377432	-0.011840461
294.528	0.027188527	-5.8370863	-0.011411492
294.656	0.027426428	-5.83756	-0.0099618118
294.784	0.02835241	-5.8381071	-0.010980552
294.912	0.027942448	-5.8376029	-0.010611498
295.04	0.027880691	-5.8373849	-0.01089636
295.168	0.027958572	-5.8378075	-0.011281146
295.296	0.027773951	-5.8375458	-0.0090727165
295.424	0.027722669	-5.8375761	-0.0096181597
295.552	0.027606574	-5.8374378	-0.0086355805
295.68	0.027629321	-5.8372797	-0.0085678175
295.808	0.027299487	-5.8374668	-0.0076457546
295.936	0.02759016	-5.8375797	-0.010887949
296.064	0.02677409	-5.8370688	-0.01147017
296.192	0.028074373	-5.8387328	-0.016029827
296.32	0.027208948	-5.8378375	-0.011663461
296.448	0.027278422	-5.8380856	-0.011473135
296.576	0.027014707	-5.838026	-0.012477049
296.704	0.027106268	-5.8383782	-0.014157167
296.832	0.026728691	-5.838331	-0.011910192
296.96	0.026530646	-5.8379395	-0.0091023959
297.088	0.026748608	-5.8384658	-0.010559737
297.216	0.026626238	-5.8386797	-0.014495738
297.344	0.026827935	-5.8390194	-0.014969354
297.472	0.026554831	-5.838875	-0.013142123
297.6	0.025980149	-5.8383478	-0.014578859
297.728	0.02642606	-5.8390862	-0.014310417
297.856	0.026465098	-5.8389813	-0.015110391
297.984	0.026048944	-5.8388437	-0.016876548
298.112	0.02689522	-5.8397336	-0.016318006
298.24	0.025915964	-5.8383841	-0.014373154
298.368	0.026018471	-5.8385567	-0.013448388
298.496	0.026488985	-5.8388277	-0.017274843
298.624	0.026395263	-5.8385883	-0.015426849
298.752	0.02619216	-5.8388924	-0.014517268
298.88	0.026216907	-5.8390963	-0.015624222
299.008	0.027052755	-5.8395026	-0.016094821
299.136	0.025975595	-5.838316	-0.014956084
299.264	0.026630953	-5.8381875	-0.017292577
299.392	0.026709227	-5.8385383	-0.016737827
299.52	0.026848041	-5.8385721	-0.015008001
299.648	0.026659283	-5.8382019	-0.012394789
299.776	0.027207507	-5.838906	-0.013486064
299.904	0.026808162	-5.8380556	-0.014984475
300.032	0.02729318	-5.8382962	-0.016342834
300.16	0.027023079	-5.8376811	-0.0099110007
300.288	0.02739875	-5.8378982	-0.012758848
300.416	0.027195976	-5.8376048	-0.014033944
300.544	0.027514421	-5.8379207	-0.011111495
300.672	0.027879144	-5.8380323	-0.010988351
300.8	0.027503385	-5.8375079	-0.01095203
300.928	0.027709182	-5.8374897	-0.010370173
301.056	0.027893091	-5.8375085	-0.0093741387
301.184	0.027698488	-5.8373089	-0.009491895
301.312	0.027917508	-5.8374026	-0.0085790477
301.44	0.028008796	-5.8375261	-0.0063459479
301.568	0.027892606	-5.8376604	-0.0096865105
301.696	0.027332424	-5.8372404	-0.011032679
301.824	0.027610986	-5.8374856	-0.0095256889
301.952	0.027773708	-5.8380727	-0.0093232057
302.08	0.027203044	-5.8371889	-0.0060203374
302.208	0.027610565	-5.8379711	-0.010806487
302.336	0.027459554	-5.8378908	-0.01231535
302.464	0.027176915	-5.8376572	-0.0058786649
302.592	0.02725973	-5.838032	-0.0098470134
302.72	0.02757874	-5.8385514	-0.013776716
302.848	0.027069862	-5.8380632	-0.011170209
302.976	0.02703891	-5.8380847	-0.014797847
303.104	0.026811291	-5.8381469	-0.013211912
303.232	0.02679853	-5.8383606	-0.013467776
303.36	0.026783615	-5.838717	-0.018522852
303.488	0.026571376	-5.8386732	-0.01508386
303.616	0.026607111	-5.8386216	-0.012524272
303.744	0.026283873	-5.8385914	-0.014831345
303.872	0.02647654	-5.8391411	-0.015139144
304	0.025892227	-5.8384686	-0.012640679
304.128	0.026386438	-5.8389474	-0.01681866
304.256	0.026260438	-5.8387503	-0.014475144
304.384	0.026509643	-5.8389505	-0.014482568
304.512	0.026464057	-5.8390828	-0.017889885
304.64	0.026267457	-5.8390799	-0.016372284
304.768	0.025885769	-5.8385801	-0.012926206
304.896	0.025996922	-5.8386498	-0.014467959
305.024	0.026182116	-5.8389676	-0.017411114
305.152	0.026697525	-5.8395654	-0.01583517
305.28	0.026364667	-5.838694	-0.015061166
305.408	0.026132697	-5.8382162	-0.01561615
305.536	0.026854852	-5.8388874	-0.016058801
305.664	0.026710967	-5.8387341	-0.015085152
305.792	0.026876525	-5.8388138	-0.014304804
305.92	0.027111634	-5.8384598	-0.013987566
306.048	0.026405621	-5.8372401	-0.012144947
306.176	0.027281139	-5.8385324	-0.015591905
306.304	0.027263275	-5.8386501	-0.013213068
306.432	0.027049095	-5.8379756	-0.011033087
306.56	0.027225163	-5.8378292	-0.013523756
306.688	0.027393507	-5.8379455	-0.012821042
306.816	0.027416759	-5.8374424	-0.013359337
306.944	0.027654573	-5.8373681	-0.014039755
307.072	0.027344809	-5.8372487	-0.0072241995
307.2	0.027872655	-5.8373731	-0.012014252
307.328	0.027543917	-5.8368543	-0.015065151
307.456	0.027533015	-5.8369616	-0.0092606397
307.584	0.02782432	-5.8373885	-0.0091830296
307.712	0.028066502	-5.8378892	-0.012656361
307.84	0.027707444	-5.8374027	-0.0093305539
307.968	0.027610081	-5.8375925	-0.0083591828
308.096	0.027900612	-5.8375302	-0.011983484
308.224	0.027975683	-5.8378689	-0.012176759
308.352	0.027655681	-5.8373965	-0.0094874578
308.48	0.027485593	-5.8373559	-0.011316264
308.608	0.027608514	-5.8374749	-0.011960582
308.736	0.027682799	-5.837892	-0.0089155963
308.864	0.027408162	-5.8378483	-0.012558871
308.992	0.027164719	-5.8380046	-0.016779754
309.12	0.027298931	-5.8383566	-0.015106156
309.248	0.026978945	-5.8381909	-0.013451679
309.376	0.026851736	-5.8383139	-0.014260141
309.504	0.026557101	-5.8381291	-0.012940629
309.632	0.026829244	-5.8388263	-0.016155862
309.76	0.026564461	-5.8384794	-0.017722104
309.888	0.026839552	-5.8389185	-0.013630388
310.016	0.026312578	-5.8384404	-0.011076203
310.144	0.026684746	-5.8391078	-0.016954474
310.272	0.026221333	-5.8388661	-0.016398507
310.4	0.026231381	-5.8387238	-0.01634275
310.528	0.026253089	-5.8387409	-0.015156365
310.656	0.026265176	-5.8387749	-0.014383393
310.784	0.026381508	-5.8391397	-0.01610096
310.912	0.026148021	-5.8391599	-0.013875584
311.04	0.026525079	-5.8396757	-0.018071734
311.168	0.026071596	-5.8390371	-0.014908259
311.296	0.0263881	-5.8394093	-0.01478912
311.424	0.026275929	-5.8394139	-0.018050846
311.552	0.026146497	-5.8390376	-0.014095151
311.68	0.026734765	-5.8392612	-0.015944627
311.808	0.026444002	-5.8387464	-0.015617647
311.936	0.026933739	-5.8392537	-0.018906295
312.064	0.026398619	-5.838502	-0.015280086
312.192	0.026597134	-5.8385751	-0.014143074
312.32	0.026839449	-5.8384489	-0.01435593
312.448	0.026903992	-5.8383984	-0.013380899
312.576	0.026811348	-5.8378384	-0.0097842346
312.704	0.027151325	-5.8380299	-0.0089128463
312.832	0.027190782	-5.8377935	-0.0093077474
312.96	0.027518399	-5.8382837	-0.0095036612
313.088	0.027343064	-5.8377797	-0.0109453
313.216	0.027370842	-5.8379716	-0.01009032
313.344	0.027592611	-5.8377922	-0.009453052
313.472	0.027614064	-5.8379702	-0.01044811
313.6	0.027890132	-5.8380066	-0.010353418
313.728	0.027651475	-5.8375524	-0.010290036
313.856	0.027398862	-5.8369918	-0.0085422307
313.984	0.028021014	-5.8378898	-0.011584976
314.112	0.027953697	-5.8380102	-0.012280403
314.24	0.027669314	-5.8375657	-0.013043877
314.368	0.027414033	-5.8374505	-0.012143677
314.496	0.027548405	-5.8375079	-0.011204115
314.624	0.027787917	-5.8377645	-0.012839953
314.752	0.027904297	-5.8382355	-0.012182359
314.88	0.027453354	-5.8376053	-0.01172143
315.008	0.027595121	-5.8382496	-0.013444872
315.136	0.027108949	-5.8380772	-0.0154284
315.264	0.02722744	-5.8385192	-0.014002938
315.392	0.026970239	-5.8381184	-0.010425236
315.52	0.027369351	-5.8387248	-0.014423395
315.648	0.027019817	-5.8384565	-0.014590589
315.776	0.026401129	-5.8383173	-0.0095240639
315.904	0.027003571	-5.839059	-0.013716305
316.032	0.026604413	-5.8385195	-0.013901545
316.16	0.026665221	-5.838516	-0.012751232
316.288	0.026758097	-5.8388711	-0.016396968
316.416	0.026264481	-5.8384962	-0.016275539
316.544	0.025929119	-5.8381301	-0.015818391
316.672	0.026830981	-5.8390499	-0.015013528
316.8	0.026200751	-5.8386928	-0.016129454
316.928	0.02598442	-5.8387733	-0.017799537
317.056	0.026553586	-5.8394828	-0.01865901
317.184	0.026347499	-5.8391577	-0.015221173
317.312	0.026120075	-5.8392837	-0.013456024
317.44	0.02607684	-5.8391616	-0.01405352
317.568	0.026139186	-5.8386346	-0.010755526
317.696	0.026510136	-5.8390595	-0.012585419
317.824	0.026536196	-5.8393425	-0.014739978
317.952	0.026196379	-5.838687	-0.012624116
318.08	0.026509186	-5.8389094	-0.012269316
318.208	0.026106476	-5.838311	-0.013006356
318.336	0.026648612	-5.8385745	-0.0150926
318.464	0.027132947	-5.838845	-0.014037849
318.592	0.027118162	-5.838553	-0.013746379
318.72	0.026904127	-5.8381525	-0.012888732
318.848	0.026952945	-5.837802	-0.011190068
318.976	0.027163707	-5.8384786	-0.01333519
319.104	0.026953342	-5.8377044	-0.010115356
319.232	0.026823468	-5.8373187	-0.011724217
319.36	0.027793087	-5.8383311	-0.013725736
319.488	0.026826316	-5.8373679	-0.0089034866
319.616	0.027864923	-5.8380081	-0.010825939
319.744	0.027733017	-5.8375031	-0.010527806
319.872	0.027731487	-5.8376968	-0.013214137
320	0.0275091	-5.8372576	-0.013143484
320.128	0.027914215	-5.8378312	-0.012273777
320.256	0.027744624	-5.8377129	-0.0088588053
320.384	0.027902851	-5.8375918	-0.012499729
320.512	0.027823843	-5.8377317	-0.0095181166
320.64	0.027508777	-5.837398	-0.0097630644
320.768	0.027561587	-5.8376024	-0.0076336084
320.896	0.027574592	-5.8374113	-0.0089877755
321.024	0.027074262	-5.8370127	-0.0099875423
321.152	0.027850894	-5.8387112	-0.011878988
321.28	0.027602108	-5.8383401	-0.012897341
321.408	0.027193467	-5.8381079	-0.012140756
321.536	0.027215017	-5.8384309	-0.011869718
321.664	0.027152003	-5.8384468	-0.010557454
321.792	0.027183945	-5.838602	-0.013114366
321.92	0.027169439	-5.8388102	-0.014032518
322.048	0.026784452	-5.8383125	-0.014533471
322.176	0.026849015	-5.8384842	-0.013680398
322.304	0.026562892	-5.8386159	-0.011724532
322.432	0.026507319	-5.8384601	-0.016834369
322.56	0.02670452	-5.8387379	-0.015612549
322.688	0.026112496	-5.8384552	-0.015858549
322.816	0.026835493	-5.8393955	-0.016398946
322.944	0.025805643	-5.8383028	-0.012566607
323.072	0.026646722	-5.839188	-0.015918808
323.2	0.026180855	-5.8389282	-0.016458967
323.328	0.026204255	-5.8392365	-0.018517496
323.456	0.026522489	-5.8394021	-0.015939377
323.584	0.026393381	-5.8392448	-0.013201852
323.712	0.026165151	-5.8390043	-0.015544746
323.84	0.026270339	-5.8390183	-0.013363456
323.968	0.026377849	-5.8392605	-0.013214283
324.096	0.026556567	-5.839179	-0.012195484
324.224	0.026559582	-5.8388538	-0.0076759897
324.352	0.026227245	-5.8384586	-0.0086629242
324.48	0.026558269	-5.8387713	-0.010966143
324.608	0.026904638	-5.8391813	-0.016042795
324.736	0.026676577	-5.8386956	-0.012644547
324.864	0.027154058	-5.8387207	-0.013595017
324.992	0.026986382	-5.838153	-0.01402515
325.12	0.026955619	-5.8380249	-0.012566198
325.248	0.026685948	-5.8375727	-0.01272511
325.376	0.027202939	-5.8380599	-0.01446938
325.504	0.027126383	-5.8381242	-0.010769935
325.632	0.027697093	-5.8385948	-0.013062723
325.76	0.027338164	-5.8376424	-0.011334899
325.888	0.027438973	-5.8380734	-0.01025727
326.016	0.027536252	-5.837716	-0.011859252
326.144	0.02770438	-5.8378819	-0.011532653
326.272	0.028019801	-5.838215	-0.011471978
326.4	0.027430334	-5.8374685	-0.010233191
326.528	0.027776879	-5.8376266	-0.012845042
326.656	0.027628702	-5.8375366	-0.012418974
326.784	0.027740088	-5.8378703	-0.010344288
326.912	0.027833131	-5.8378229	-0.010593559
327.04	0.027355673	-5.8373335	-0.010744197
327.168	0.02770913	-5.8379491	-0.009359498
327.296	0.027735427	-5.8380941	-0.012928132
327.424	0.027703864	-5.8379683	-0.010763002
327.552	0.027231962	-5.8378887	-0.0083592853
327.68	0.027313066	-5.8380553	-0.011421757
327.808	0.027215563	-5.8378497	-0.011585904
327.936	0.027144602	-5.8380285	-0.012084051
328.064	0.027709513	-5.8386741	-0.011208147
328.192	0.026959712	-5.8384498	-0.011174028
328.32	0.026748418	-5.8385006	-0.012522678
328.448	0.027344503	-5.8388621	-0.016652152
328.576	0.026828805	-5.8387006	-0.019798007
328.704	0.026224545	-5.8384011	-0.013995259
328.832	0.026930206	-5.8390248	-0.012494064
328.96	0.026435363	-5.838605	-0.011568002
329.088	0.026557685	-5.8389011	-0.013202407
329.216	0.026489255	-5.8388847	-0.012668827
329.344	0.026135452	-5.8384807	-0.013063455
329.472	0.026418004	-5.8392718	-0.016504451
329.6	0.026406815	-5.8393783	-0.017830267
329.728	0.026157413	-5.8390692	-0.012157639
329.856	0.02629784	-5.8389833	-0.010747402
329.984	0.02644676	-5.8392531	-0.012622812
330.112	0.025909093	-5.8386765	-0.011471091
330.24	0.026324504	-5.8390384	-0.015944812
330.368	0.026788025	-5.8394265	-0.015965663
330.496	0.025993422	-5.8383276	-0.010692363
330.624	0.026661442	-5.8387497	-0.014990516
330.752	0.026600723	-5.8388276	-0.017689388
330.88	0.026516859	-5.838553	-0.014254155
331.008	0.026725625	-5.838779	-0.01502097
331.136	0.026738962	-5.8386028	-0.014077656
331.264	0.027132728	-5.8385295	-0.010002997
331.392	0.026926138	-5.8381465	-0.013234805
331.52	0.026957488	-5.8377653	-0.013313347
331.648	0.027269049	-5.8380493	-0.010038103
331.776	0.027563652	-5.8384156	-0.015529152
331.904	0.0271721	-5.8377522	-0.011670867
332.032	0.027399626	-5.8379192	-0.012010888
332.16	0.027743122	-5.8379611	-0.012858735
332.288	0.027737224	-5.8380174	-0.0098567099
332.416	0.027455051	-5.8375741	-0.010572306
332.544	0.027762415	-5.8380713	-0.011664804
332.672	0.027503968	-5.8379757	-0.013028567
332.8	0.027588982	-5.8377284	-0.013264994
332.928	0.027464865	-5.8375196	-0.011727762
333.056	0.028285553	-5.838336	-0.011874155
333.184	0.027484149	-5.8374146	-0.011230291
333.312	0.027217059	-5.8372094	-0.011914934
333.44	0.027713135	-5.8374789	-0.010483789
333.568	0.027635068	-5.8375105	-0.012519224
333.696	0.027026585	-5.837424	-0.0070626156
333.824	0.027966396	-5.8383559	-0.011609227
333.952	0.027636681	-5.8380676	-0.015864139
334.08	0.027025235	-5.8378551	-0.012612931
334.208	0.027216816	-5.8381215	-0.013341946
334.336	0.027175234	-5.8382362	-0.011510557
334.464	0.027152678	-5.8383014	-0.011576018
334.592	0.026903763	-5.8382417	-0.012348864
334.72	0.026691905	-5.838262	-0.012595468
334.848	0.027182701	-5.8389008	-0.014949676
334.976	0.026698898	-5.8385258	-0.013017572
335.104	0.026408912	-5.8385837	-0.012915297
335.232	0.026538685	-5.8388489	-0.014931667
335.36	0.026351066	-5.8386271	-0.013360109
335.488	0.026400481	-5.8389127	-0.013699946
335.616	0.02665049	-5.839646	-0.016995363
335.744	0.025998497	-5.8393326	-0.01179365
335.872	0.026611745	-5.8399172	-0.012775597
336	0.026277854	-5.8391115	-0.015256481
336.128	0.025945508	-5.8386684	-0.017846487
336.256	0.026326431	-5.8389203	-0.015703082
336.384	0.026185719	-5.8388324	-0.017933817
336.512	0.026183947	-5.8388037	-0.017836783
336.64	0.026458918	-5.8392675	-0.014552775
336.768	0.026422068	-5.8391443	-0.013437934
336.896	0.026407546	-5.8388286	-0.017569906
337.024	0.026770295	-5.8389435	-0.016739323
337.152	0.025957403	-5.838178	-0.0097818628
337.28	0.026391274	-5.8387877	-0.014207062
337.408	0.027098434	-5.838988	-0.014877115
337.536	0.026940493	-5.8387195	-0.012148057
337.664	0.02694069	-5.8386854	-0.012110445
337.792	0.027204738	-5.8386949	-0.011399081
337.92	0.027079232	-5.8380863	-0.01158062
338.048	0.027322076	-5.8381362	-0.010851497
338.176	0.027229935	-5.8376358	-0.012783645
338.304	0.027440941	-5.8378629	-0.012406911
338.432	0.027726833	-5.8384224	-0.010912209
338.56	0.027328896	-5.8379727	-0.0094183678
338.688	0.027343357	-5.8375137	-0.0094218551
338.816	0.027791665	-5.8374792	-0.012094532
338.944	0.027489964	-5.8376115	-0.013122329
339.072	0.027260954	-5.837277	-0.0093896154
339.2	0.028000533	-5.8381206	-0.010333212
339.328	0.027673943	-5.8375675	-0.013670921
339.456	0.027961966	-5.8376977	-0.011287854
339.584	0.027196891	-5.8370066	-0.0071634293
339.712	0.02765641	-5.8375444	-0.0090621466
339.84	0.027449935	-5.8377474	-0.0086355801
339.968	0.027756006	-5.838372	-0.0098750962
340.096	0.027390169	-5.837743	-0.014343614
340.224	0.02753279	-5.8379313	-0.01528013
340.352	0.027349286	-5.8379326	-0.014319628
340.48	0.027167374	-5.8378009	-0.014663331
340.608	0.02749786	-5.8383198	-0.014224321
340.736	0.026737696	-5.8378571	-0.010476753
340.864	0.027050012	-5.8383159	-0.012732002
340.992	0.02669823	-5.8379891	-0.011422157
341.12	0.026786545	-5.8382815	-0.014343741
341.248	0.027143869	-5.8390142	-0.015903004
341.376	0.026349015	-5.8382811	-0.012589676
341.504	0.026584026	-5.8387892	-0.014691554
341.632	0.02668228	-5.8389596	-0.014841703
341.76	0.026216525	-5.8388838	-0.013363347
341.888	0.026325306	-5.8388927	-0.014158964
342.016	0.026349169	-5.8390769	-0.013558707
342.144	0.026043901	-5.8386641	-0.012668647
342.272	0.025885727	-5.8389108	-0.014228274
342.4	0.026546941	-5.839557	-0.015256072
342.528	0.026469527	-5.8392542	-0.0122033
342.656	0.026020945	-5.8387491	-0.012494996
342.784	0.025597331	-5.8383594	-0.013400985
342.912	0.026937036	-5.8396256	-0.015929454
343.04	0.026126066	-5.8386544	-0.013963123
343.168	0.026680442	-5.8389948	-0.016720659
343.296	0.026547914	-5.8386498	-0.018510974
343.424	0.026410909	-5.8388918	-0.017645949
343.552	0.026707724	-5.838731	-0.01676717
343.68	0.026460199	-5.8382287	-0.014516833
343.808	0.026461384	-5.8382157	-0.011080976
343.936	0.027084894	-5.8389221	-0.013900854
344.064	0.0270548	-5.8383723	-0.013455899
344.192	0.02730391	-5.8382881	-0.011979159
344.32	0.026960671	-5.8378774	-0.01145088
344.448	0.027553248	-5.8383322	-0.015103383
344.576	0.027131422	-5.8378816	-0.012219696
344.704	0.027781509	-5.8383221	-0.01154707
344.832	0.027494516	-5.8377735	-0.010068845
344.96	0.027457919	-5.837725	-0.0098843973
345.088	0.027625757	-5.8377485	-0.0097837251
345.216	0.028032547	-5.8380351	-0.012948404
345.344	0.02752528	-5.8374227	-0.0067284124
345.472	0.027755851	-5.8376702	-0.0082931132
345.6	0.027612305	-5.8377397	-0.010298076
345.728	0.027842579	-5.8379432	-0.010284028
345.856	0.02755336	-5.8374541	-0.010784928
345.984	0.027775619	-5.8375574	-0.012131196
346.112	0.028019452	-5.8380701	-0.012060605
346.24	0.027662741	-5.8377868	-0.012704602
346.368	0.027091432	-5.8375492	-0.012584702
346.496	0.027405147	-5.8379491	-0.011263723
346.624	0.027531634	-5.8382169	-0.014389525
346.752	0.027492793	-5.8385008	-0.013519599
346.88	0.027193586	-5.8382185	-0.010395119
347.008	0.027086275	-5.8383178	-0.013566433
347.136	0.027380016	-5.8384694	-0.017553476
347.264	0.026494543	-5.8379672	-0.012906665
347.392	0.027044984	-5.8388557	-0.013862938
347.52	0.026684222	-5.838472	-0.012189193
347.648	0.026543384	-5.8386397	-0.014764236
347.776	0.026475943	-5.8390286	-0.013977313
347.904	0.026512898	-5.8393261	-0.014470538
348.032	0.026263067	-5.8388542	-0.01434526
348.16	0.026478593	-5.8388754	-0.014244585
348.288	0.026891199	-5.8393258	-0.014733391
348.416	0.026038793	-5.8390829	-0.01199931
348.544	0.02590594	-5.8389606	-0.0097890861
348.672	0.02635515	-5.8396863	-0.014083786
348.8	0.026310342	-5.8394753	-0.01215872
348.928	0.026346427	-5.8392324	-0.016554158
349.056	0.025894475	-5.8388587	-0.01558269
349.184	0.026409869	-5.8389552	-0.013059422
349.312	0.026439887	-5.8389479	-0.014796841
349.44	0.026355473	-5.8389811	-0.014739075
349.568	0.026447107	-5.8390815	-0.014350144
349.696	0.026623837	-5.8390347	-0.014567211
349.824	0.026593323	-5.8386692	-0.016569232
349.952	0.026732249	-5.83854	-0.016208442
350.08	0.026938276	-5.8384619	-0.014828874
350.208	0.026747159	-5.8384701	-0.016829184
350.336	0.027071989	-5.8388163	-0.015439462
350.464	0.02671613	-5.8381653	-0.011459827
350.592	0.027289604	-5.8383319	-0.016435617
350.72	0.027208717	-5.8383191	-0.012936138
350.848	0.027176374	-5.8378368	-0.011230357
350.976	0.027613066	-5.8379386	-0.012567781
351.104	0.027470665	-5.8375429	-0.0095986421
351.232	0.027866335	-5.8376516	-0.011325163
351.36	0.027527281	-5.8373694	-0.011195733
351.488	0.027527728	-5.8375193	-0.01164349
351.616	0.027840817	-5.8377451	-0.010409367
351.744	0.027711166	-5.8378185	-0.0092723069
351.872	0.027770797	-5.8379039	-0.0098416302
352	0.027824132	-5.8380853	-0.010898554
352.128	0.027864393	-5.8378217	-0.011471059
352.256	0.027784598	-5.8377289	-0.01494124
352.384	0.027601606	-5.8376278	-0.012710608
352.512	0.027538699	-5.8374558	-0.011795027
352.64	0.027665504	-5.8377548	-0.012051182
352.768	0.027227807	-5.8375144	-0.0097720786
352.896	0.027231375	-5.8378212	-0.010291656
353.024	0.027605441	-5.8384661	-0.01210769
353.152	0.027404394	-5.8381182	-0.011759307
353.28	0.02675596	-5.8376164	-0.012297363
353.408	0.026905591	-5.8381768	-0.014382681
353.536	0.027198148	-5.8387587	-0.011842917
353.664	0.026841994	-5.8388696	-0.012826351
353.792	0.026720403	-5.8389248	-0.011125199
353.92	0.026736077	-5.8390774	-0.012451955
354.048	0.026968351	-5.8391401	-0.015232479
354.176	0.026546328	-5.838767	-0.014486897
354.304	0.026672129	-5.8392485	-0.01351732
354.432	0.026015497	-5.8384743	-0.012679971
354.56	0.026336411	-5.8389845	-0.015563959
354.688	0.026252495	-5.8388646	-0.015213467
354.816	0.026077775	-5.8387439	-0.014610729
354.944	0.026071151	-5.8386549	-0.01476334
355.072	0.026233861	-5.838728	-0.012394109
355.2	0.02621403	-5.8387054	-0.016981164
355.328	0.026081523	-5.83873	-0.016850051
355.456	0.026250254	-5.8388673	-0.013567003
355.584	0.026571941	-5.8390683	-0.015786871
355.712	0.026078191	-5.8389478	-0.014715731
355.84	0.026875006	-5.8397904	-0.018064442
355.968	0.026181657	-5.838869	-0.015900834
356.096	0.026490904	-5.838587	-0.013166276
356.224	0.026438911	-5.8385766	-0.011347449
356.352	0.02686869	-5.8389131	-0.011303438
356.48	0.027123009	-5.8386552	-0.015519552
356.608	0.02692116	-5.8382308	-0.012835835
356.736	0.02700153	-5.8380838	-0.015205541
356.864	0.027032146	-5.8380666	-0.015404712
356.992	0.027518928	-5.8383684	-0.014260601
357.12	0.027303785	-5.8379523	-0.012651575
357.248	0.027166132	-5.8376187	-0.0090227019
357.376	0.027529104	-5.8378339	-0.010994456
357.504	0.027747337	-5.8379789	-0.011482539
357.632	0.027787876	-5.8378426	-0.014060703
357.76	0.027469752	-5.8373162	-0.011755929
357.888	0.027884046	-5.8375562	-0.010779323
358.016	0.027782152	-5.8376358	-0.011510984
358.144	0.028095374	-5.8378092	-0.010362537
358.272	0.027609406	-5.8373298	-0.010639729
358.4	0.02790885	-5.8377178	-0.012607123
358.528	0.027848563	-5.8376814	-0.010243197
358.656	0.027937557	-5.8378954	-0.012258858
358.784	0.02748246	-5.8375233	-0.010067729
358.912	0.027686473	-5.8379673	-0.013137227
359.04	0.027432527	-5.8377431	-0.01470513
359.168	0.027208333	-5.8376221	-0.014684955
359.296	0.02739771	-5.8380265	-0.012361578
359.424	0.027286736	-5.8385044	-0.0069835509
359.552	0.027272393	-5.8387537	-0.00807834
359.68	0.026876837	-5.8386259	-0.012316277
359.808	0.027184087	-5.8390662	-0.015202043
359.936	0.026360347	-5.8380974	-0.0098943088
360.064	0.026697289	-5.8387649	-0.012879898
360.192	0.02676002	-5.8389257	-0.015904537
360.32	0.026979704	-5.8388638	-0.013467112
360.448	0.026745858	-5.8388807	-0.014235615
360.576	0.026516396	-5.8390116	-0.015153667
360.704	0.026055508	-5.838364	-0.0092454161
360.832	0.026605989	-5.8393461	-0.010491881
360.96	0.026041465	-5.8385528	-0.015409064
361.088	0.026052776	-5.8386832	-0.014304789
361.216	0.02622668	-5.8390046	-0.013754399
361.344	0.026314748	-5.8393881	-0.014714486
361.472	0.026062244	-5.8391112	-0.014186824
361.6	0.026349712	-5.8395802	-0.016664421
361.728	0.02619911	-5.8392725	-0.013194035
361.856	0.026388834	-5.839399	-0.016510358
361.984	0.026222026	-5.8391693	-0.014654601
362.112	0.026400298	-5.8390575	-0.01357358
362.24	0.026027905	-5.8386743	-0.015319468
362.368	0.026396611	-5.8386363	-0.015553823
362.496	0.026143983	-5.8384317	-0.013813136
362.624	0.027067738	-5.8392257	-0.01154053
362.752	0.02742718	-5.8391024	-0.01265944
362.88	0.026940337	-5.8381726	-0.014232226
363.008	0.02675246	-5.8378121	-0.010289292
363.136	0.027316619	-5.8379256	-0.011691564
363.264	0.027055608	-5.8380027	-0.01337311
363.392	0.027631091	-5.8384522	-0.014916632
363.52	0.027472565	-5.8380596	-0.011358771
363.648	0.027543252	-5.8380441	-0.012635607
363.776	0.027115894	-5.8374748	-0.0094978231
363.904	0.027568526	-5.837711	-0.011533406
364.032	0.027348799	-5.8375252	-0.01020565
364.16	0.028317492	-5.8384857	-0.010530867
364.288	0.027641008	-5.8371526	-0.011578769
364.416	0.028109365	-5.8378826	-0.012894889
364.544	0.027695347	-5.8374303	-0.0084164644
364.672	0.027996672	-5.8378424	-0.011195634
364.8	0.027881247	-5.837752	-0.010667551
364.928	0.027148689	-5.8369332	-0.0068291923
365.056	0.027888681	-5.8380271	-0.011356843
365.184	0.028134243	-5.8380195	-0.01430763
365.312	0.027154056	-5.8373454	-0.011665187
365.44	0.026946074	-5.8371557	-0.012635787
365.568	0.027782642	-5.8381594	-0.01568335
365.696	0.027336642	-5.8379065	-0.010976935
365.824	0.027335133	-5.8381805	-0.01184168
365.952	0.026932226	-5.8381398	-0.013635412
366.08	0.026775598	-5.8381311	-0.013593096
366.208	0.026819259	-5.8384099	-0.010698677
366.336	0.026929584	-5.8382694	-0.01210282
366.464	0.026778046	-5.8388389	-0.015950742
366.592	0.026509108	-5.8388636	-0.014569902
366.72	0.026745197	-5.8393388	-0.013732933
366.848	0.02612935	-5.8386294	-0.015567414
366.976	0.026807592	-5.8393561	-0.018240695
367.104	0.026668037	-5.8389998	-0.014918921
367.232	0.026341097	-5.8390336	-0.014451836
367.36	0.026482731	-5.8393474	-0.016469803
367.488	0.026021399	-5.8390862	-0.013386648
367.616	0.02630811	-5.8393037	-0.017042172
367.744	0.026258875	-5.839351	-0.018595864
367.872	0.026257289	-5.8389655	-0.018021569
368	0.026403688	-5.8391011	-0.016548023
368.128	0.026251443	-5.8391679	-0.011861192
368.256	0.026499301	-5.8393662	-0.012285883
368.384	0.026690012	-5.8391581	-0.013593008
368.512	0.026328183	-5.8387603	-0.017829194
368.64	0.026424762	-5.8386166	-0.018928565
368.768	0.026523548	-5.8386193	-0.016128382
368.896	0.026398607	-5.8380971	-0.015110626
369.024	0.026918058	-5.8385569	-0.013717715
369.152	0.026944453	-5.8384767	-0.013932186
369.28	0.027273247	-5.8386153	-0.015862309
369.408	0.026810929	-5.8378857	-0.012406794
369.536	0.026951494	-5.8379961	-0.011101559
369.664	0.027092545	-5.8379033	-0.010474177
369.792	0.02781931	-5.8383789	-0.010975968
369.92	0.027431909	-5.8379383	-0.00857189
370.048	0.027372431	-5.8372584	-0.010045792
370.176	0.027829199	-5.83782	-0.011781785
370.304	0.027540578	-5.8375947	-0.013791755
370.432	0.027336858	-5.8372467	-0.011688356
370.56	0.028036325	-5.8376781	-0.0095845934
370.688	0.027829049	-5.8374848	-0.011979216
370.816	0.027546052	-5.8372695	-0.010765678
370.944	0.02800489	-5.8376638	-0.010023128
371.072	0.027536335	-5.8371954	-0.0066404666
371.2	0.027778859	-5.8379419	-0.0070597525
371.328	0.0279362	-5.8380999	-0.011139129
371.456	0.02760157	-5.8378575	-0.0097231753
371.584	0.027539654	-5.8377275	-0.0086617473
371.712	0.027725617	-5.837832	-0.013804092
371.84	0.027469115	-5.8379237	-0.013279092
371.968	0.027116209	-5.8382528	-0.01482704
372.096	0.027262968	-5.8383235	-0.013016551
372.224	0.026894384	-5.8384372	-0.010501806
372.352	0.026961982	-5.8383661	-0.013572167
372.48	0.026620027	-5.8376949	-0.011180566
372.608	0.027139264	-5.8389224	-0.016731467
372.736	0.026688209	-5.8386741	-0.013898062
372.864	0.026579693	-5.8387577	-0.014744217
372.992	0.026321566	-5.8386324	-0.014671483
373.12	0.026178754	-5.8387174	-0.013744822
373.248	0.026803638	-5.8395281	-0.017590969
373.376	0.026450108	-5.8393821	-0.017675864
373.504	0.026106356	-5.8389002	-0.011978851
373.632	0.026250548	-5.8391841	-0.013449873
373.76	0.026709083	-5.8394944	-0.017705109
373.888	0.026063102	-5.8391045	-0.018615703
374.016	0.026133413	-5.8387402	-0.014587213
374.144	0.026286305	-5.8392176	-0.015317386
374.272	0.026301446	-5.8389424	-0.016400844
374.4	0.026564407	-5.8394548	-0.014882198
374.528	0.02634016	-5.8391283	-0.016305056
374.656	0.026541696	-5.8395286	-0.017396029
374.784	0.026454642	-5.8390445	-0.012999584
374.912	0.02665852	-5.8389882	-0.014062637
375.04	0.026174607	-5.8381486	-0.014134883
375.168	0.026711723	-5.8385742	-0.011459957
375.296	0.026632057	-5.8382105	-0.012652947
375.424	0.026678213	-5.8377802	-0.010532849
375.552	0.027672948	-5.8386793	-0.014444361
375.68	0.026984695	-5.8379728	-0.010422721
375.808	0.027055182	-5.8379451	-0.0081519979
375.936	0.027045804	-5.8378716	-0.013544233
376.064	0.027403634	-5.8377966	-0.013067223
376.192	0.027332471	-5.8374477	-0.0091703208
376.32	0.027679963	-5.8378378	-0.01256484
376.448	0.027563125	-5.837697	-0.010499443
376.576	0.027541234	-5.8375974	-0.011121461
376.704	0.027370726	-5.8373563	-0.011787032
376.832	0.028168738	-5.8380713	-0.012594721
376.96	0.027696787	-5.8374331	-0.010540588
377.088	0.027787655	-5.8375797	-0.011880406
377.216	0.027963563	-5.8375068	-0.0063294832
377.344	0.027877444	-5.8377466	-0.0075707818
377.472	0.027482329	-5.8376819	-0.011394223
377.6	0.027989927	-5.8384195	-0.0099428552
377.728	0.02736096	-5.8375354	-0.0096075927
377.856	0.027413746	-5.8375479	-0.011439005
377.984	0.027573626	-5.837858	-0.012975481
378.112	0.027591925	-5.8379153	-0.013039993
378.24	0.027433885	-5.8380847	-0.010435198
378.368	0.026807109	-5.8378637	-0.010249664
378.496	0.027569613	-5.8388166	-0.01191569
378.624	0.026541189	-5.8377569	-0.0080551878
378.752	0.026901688	-5.838324	-0.014978881
378.88	0.027147178	-5.8387068	-0.016725896
379.008	0.027161248	-5.8388796	-0.01417102
379.136	0.02653664	-5.8384431	-0.013343627
379.264	0.0263999	-5.8383876	-0.012359509
379.392	0.026723634	-5.8389369	-0.013172394
379.52	0.026740798	-5.8392477	-0.015293582
379.648	0.026769442	-5.8392068	-0.016743047
379.776	0.026090342	-5.8388126	-0.013601417
379.904	0.026135321	-5.8388638	-0.014366038
380.032	0.026289269	-5.8390577	-0.016832563
380.16	0.026503602	-5.8392936	-0.014432933
380.288	0.025577598	-5.8385236	-0.014868475
380.416	0.026267762	-5.8391438	-0.01541753
380.544	0.02625846	-5.8393184	-0.013721281
380.672	0.026628945	-5.8396834	-0.015163412
380.8	0.026049718	-5.8387785	-0.016619187
380.928	0.026066108	-5.8385582	-0.015267358
381.056	0.026297213	-5.8387186	-0.014564862
381.184	0.026748507	-5.839273	-0.017516218
381.312	0.026688979	-5.8388342	-0.01543024
381.44	0.026166713	-5.8381367	-0.010437382
381.568	0.027403876	-5.8393563	-0.012121994
381.696	0.026845043	-5.8382025	-0.012724116
381.824	0.027148951	-5.8384336	-0.015517854
381.952	0.027063565	-5.8383963	-0.012975261
382.08	0.02710709	-5.8382916	-0.011686707
382.208	0.027227442	-5.8377623	-0.011325562
382.336	0.027118714	-5.8373905	-0.009396928
382.464	0.027321142	-5.837701	-0.011331381
382.592	0.027735301	-5.8381037	-0.012312221
382.72	0.027358151	-5.8375116	-0.0088500286
382.848	0.027864943	-5.8380508	-0.010729134
382.976	0.02761351	-5.8377379	-0.01066149
383.104	0.027535189	-5.8375792	-0.01343607
383.232	0.027899849	-5.8375979	-0.013039113
383.36	0.027679784	-5.8373084	-0.008688054
383.488	0.027768758	-5.8374247	-0.0073393709
383.616	0.0281888	-5.8379619	-0.010403887
383.744	0.027553981	-5.8375715	-0.0096101398
383.872	0.027949918	-5.8378966	-0.011299504
384	0.027537495	-5.8379713	-0.010361042
384.128	0.027696682	-5.8380216	-0.0090717087
384.256	0.027600249	-5.8379645	-0.010386277
384.384	0.02733203	-5.8378954	-0.013571462
384.512	0.0275135	-5.8382685	-0.012194608
384.64	0.027102083	-5.8380715	-0.01186746
384.768	0.027047262	-5.8381224	-0.010300923
384.896	0.026812566	-5.8380413	-0.011509563
385.024	0.026943424	-5.8383436	-0.015305448
385.152	0.026582487	-5.8383015	-0.014650875
385.28	0.026565479	-5.8385373	-0.017149216
385.408	0.02646944	-5.8384015	-0.012485827
385.536	0.026668267	-5.8390366	-0.014793542
385.664	0.026557185	-5.8390195	-0.0163733
385.792	0.026515066	-5.8390618	-0.015202946
385.92	0.02596996	-5.838655	-0.013510746
386.048	0.026090397	-5.8390415	-0.015103772
386.176	0.026336333	-5.8396794	-0.01812483
386.304	0.026311833	-5.8396226	-0.014339456
386.432	0.026416959	-5.8393186	-0.014804822
386.56	0.025952776	-5.8385354	-0.013540927
386.688	0.026425156	-5.8393129	-0.01227393
386.816	0.026341298	-5.8389354	-0.01867406
386.944	0.026122104	-5.8386024	-0.018176122
387.072	0.026782336	-5.8391099	-0.015724272
387.2	0.026074017	-5.8386133	-0.012759023
387.328	0.026811644	-5.8395361	-0.014674023
387.456	0.026197461	-5.8382084	-0.009098947
387.584	0.026721957	-5.838758	-0.01175607
387.712	0.027262373	-5.838965	-0.015895325
387.84	0.026418387	-5.8383732	-0.01463544
387.968	0.027024974	-5.8384223	-0.015432756
388.096	0.0269046	-5.8383197	-0.013082767
388.224	0.027055068	-5.8383046	-0.011904754
388.352	0.026678876	-5.8375593	-0.011192279
388.48	0.027304256	-5.8380253	-0.01171538
388.608	0.027494082	-5.8379389	-0.012765536
388.736	0.027728759	-5.8378871	-0.013406992
388.864	0.027300142	-5.8372485	-0.013753719
388.992	0.027807412	-5.8379289	-0.014094573
389.12	0.02775532	-5.8378739	-0.0096337737
389.248	0.028012855	-5.8376149	-0.009705172
389.376	0.027836865	-5.8376789	-0.010299126
389.504	0.027610033	-5.837415	-0.0099592603
389.632	0.027743873	-5.8376081	-0.0097247312
389.76	0.027767653	-5.837547	-0.0090330186
389.888	0.027563865	-5.8372299	-0.0094061741
390.016	0.027781797	-5.8376653	-0.010131208
390.144	0.027711853	-5.8377896	-0.0099731927
390.272	0.027983347	-5.8381942	-0.013934877
390.4	0.027331996	-5.8375212	-0.011546927
390.528	0.027054196	-5.8375961	-0.011156353
390.656	0.027414018	-5.8382181	-0.012672268
390.784	0.026879793	-5.8376335	-0.011286566
390.912	0.027454416	-5.838235	-0.012674608
391.04	0.027202787	-5.8384526	-0.011457903
391.168	0.027167391	-5.8384245	-0.015016331
391.296	0.026530161	-5.8378714	-0.01258478
391.424	0.026930362	-5.8384822	-0.012969841
391.552	0.027164089	-5.8391393	-0.015538519
391.68	0.026238171	-5.8379805	-0.014811883
391.808	0.026888282	-5.8388956	-0.014867481
391.936	0.026531658	-5.8388804	-0.014032883
392.064	0.026246759	-5.8387825	-0.0124783
392.192	0.026355297	-5.8390587	-0.013577865
392.32	0.026700515	-5.8394929	-0.015844758
392.448	0.025937997	-5.8390828	-0.014355229
392.576	0.026497749	-5.8395252	-0.013362291
392.704	0.026407389	-5.8396128	-0.015480458
392.832	0.026114278	-5.8390763	-0.016158232
392.96	0.026338063	-5.8396141	-0.014994857
393.088	0.026201832	-5.8392718	-0.015153323
393.216	0.02603203	-5.8387023	-0.010418456
393.344	0.026136877	-5.8388086	-0.010877903
393.472	0.026683472	-5.839281	-0.016492481
393.6	0.026500695	-5.8390138	-0.015970301
393.728	0.026465869	-5.8388807	-0.012194955
393.856	0.026503017	-5.8388692	-0.010705631
393.984	0.026653735	-5.8385999	-0.01212066
394.112	0.026880578	-5.8388864	-0.01431237
394.24	0.026802542	-5.8383999	-0.012129835
394.368	0.026969499	-5.8383979	-0.011453234
394.496	0.027560977	-5.8385434	-0.014337934
394.624	0.027070949	-5.8376221	-0.014661453
394.752	0.027166089	-5.8381088	-0.01311565
394.88	0.027560664	-5.8382047	-0.011194215
395.008	0.02722927	-5.8377213	-0.0081707802
395.136	0.027419147	-5.8377264	-0.0069982512
395.264	0.027613047	-5.8377622	-0.011853471
395.392	0.027503234	-5.837811	-0.011266906
395.52	0.027651476	-5.8376836	-0.010280882
395.648	0.027978148	-5.8379044	-0.0097858958
395.776	0.027616629	-5.8373846	-0.0082598213
395.904	0.027592497	-5.837158	-0.012643478
396.032	0.02808052	-5.8378244	-0.013450917
396.16	0.027840459	-5.8380511	-0.012537376
396.288	0.027637298	-5.837796	-0.0098080758
396.416	0.027382856	-5.8371651	-0.0063847233
396.544	0.028200817	-5.8383138	-0.012692813
396.672	0.027448512	-5.8375086	-0.013629751
396.8	0.02777278	-5.8377033	-0.015026658
396.928	0.027019813	-5.8371913	-0.013148076
397.056	0.027447524	-5.8377833	-0.014357372
397.184	0.027578607	-5.8382071	-0.015276522
397.312	0.026935548	-5.8382691	-0.0098081009
397.44	0.026344072	-5.8378989	-0.010059293
397.568	0.026821771	-5.8385995	-0.013846362
397.696	0.026941861	-5.8388452	-0.011035626
397.824	0.026643857	-5.8388442	-0.012474342
397.952	0.026820286	-5.8391976	-0.010291549
398.08	0.026843798	-5.8391209	-0.014049238
398.208	0.026444174	-5.8389162	-0.010694971
398.336	0.02627725	-5.8388129	-0.011107533
398.464	0.026573694	-5.839358	-0.014874706
398.592	0.026563476	-5.8394985	-0.012323167
398.72	0.026075467	-5.8388908	-0.012447948
398.848	0.026309692	-5.8391728	-0.014677655
398.976	0.026215994	-5.8386945	-0.013210365
399.104	0.026380863	-5.8393882	-0.016189211
399.232	0.026206191	-5.8388769	-0.013840682
399.36	0.026145973	-5.8387871	-0.01120357
399.488	0.026555529	-5.839194	-0.015993656
399.616	0.026437815	-5.839022	-0.013268095
399.744	0.026138017	-5.8384159	-0.015817654
399.872	0.027024078	-5.8393679	-0.017987681
400	0.026239642	-5.8383211	-0.012360993
400.128	0.026846685	-5.8385656	-0.015511546
400.256	0.026813762	-5.8384394	-0.014267274
400.384	0.026675835	-5.8380866	-0.01186977
400.512	0.026599334	-5.8378177	-0.012894176
400.64	0.026819269	-5.8381113	-0.011566277
400.768	0.027574288	-5.8388445	-0.014326834
400.896	0.027190216	-5.8383833	-0.012452173
401.024	0.027404489	-5.838581	-0.011820153
401.152	0.027393631	-5.8383951	-0.010133089
401.28	0.026712944	-5.837298	-0.009070462
401.408	0.028025001	-5.8381463	-0.01148811
401.536	0.027343272	-5.8372418	-0.0074023849
401.664	0.027830627	-5.8377216	-0.0094044861
401.792	0.027351511	-5.8371782	-0.0060298614
401.92	0.027872553	-5.8377186	-0.0069789253
402.048	0.027473575	-5.8374493	-0.0070973583
402.176	0.02806406	-5.8378838	-0.0087856429
402.304	0.027707954	-5.8374048	-0.0064006491
402.432	0.027553097	-5.8375385	-0.0071662123
402.56	0.027778376	-5.8378822	-0.0092656715
402.688	0.027713962	-5.8379855	-0.010862715
402.816	0.027524821	-5.8378204	-0.014126401
402.944	0.027039252	-5.8372176	-0.011091836
403.072	0.027882359	-5.8384231	-0.009214247
403.2	0.02742039	-5.8382581	-0.011623132
403.328	0.027492077	-5.8383431	-0.012088148
403.456	0.027100046	-5.8380278	-0.012566253
403.584	0.027082516	-5.8380843	-0.012388752
403.712	0.026640432	-5.8374391	-0.010591922
403.84	0.026889545	-5.8383558	-0.014147559
403.968	0.027010953	-5.8387404	-0.016561648
404.096	0.027036931	-5.8388356	-0.016013042
404.224	0.026961598	-5.8390252	-0.012831158
404.352	0.02678728	-5.8387176	-0.015010775
404.48	0.02661165	-5.8388191	-0.015412536
404.608	0.026933883	-5.8392803	-0.014055249
404.736	0.026463242	-5.8388341	-0.012454522
404.864	0.026473539	-5.8389244	-0.012188952
404.992	0.025996633	-5.8386724	-0.010512906
405.12	0.026228665	-5.8389668	-0.013791959
405.248	0.025924833	-5.838719	-0.012861713
405.376	0.026469636	-5.8393326	-0.012679406
405.504	0.026411888	-5.839187	-0.012908985
405.632	0.026262083	-5.8392626	-0.014901992
405.76	0.026148655	-5.8386973	-0.014858951
405.888	0.026483269	-5.8389683	-0.014705821
406.016	0.026397195	-5.8387625	-0.01532906
406.144	0.026113417	-5.8390554	-0.012597859
406.272	0.026627634	-5.8396674	-0.012265431
406.4	0.02633111	-5.8390118	-0.011000604
406.528	0.026829232	-5.839204	-0.014199972
406.656	0.026882436	-5.8390495	-0.016203539
406.784	0.026604064	-5.8386063	-0.010003359
406.912	0.026982519	-5.8389575	-0.012237299
407.04	0.027087079	-5.8389827	-0.01637822
407.168	0.026916377	-5.8388329	-0.013677216
407.296	0.027172348	-5.8387557	-0.013711717
407.424	0.026980063	-5.8378874	-0.0083375594
407.552	0.027257045	-5.8382648	-0.0072499811
407.68	0.027795286	-5.8385498	-0.011227227
407.808	0.027385118	-5.838113	-0.0094077586
407.936	0.027759399	-5.8383561	-0.010430893
408.064	0.027481457	-5.8382645	-0.011678952
408.192	0.027242607	-5.8375181	-0.0087701864
408.32	0.027526866	-5.8378566	-0.0097610222
408.448	0.02768324	-5.8377204	-0.012799449
408.576	0.027436405	-5.8374312	-0.0097955543
408.704	0.027649885	-5.8383005	-0.0098086628
408.832	0.027858403	-5.8384179	-0.0097753546
408.96	0.027644474	-5.8378688	-0.012579623
409.088	0.027553179	-5.8378609	-0.0129186
409.216	0.027452176	-5.8377448	-0.0098909345
409.344	0.027151556	-5.8378839	-0.0097654644
409.472	0.027548262	-5.8383746	-0.011037179
409.6	0.027651762	-5.8383853	-0.010979051
409.728	0.026937858	-5.8378892	-0.0094305382
409.856	0.027377897	-5.8382892	-0.011361342
409.984	0.027197396	-5.8381357	-0.011795639
410.112	0.027077035	-5.8386156	-0.013145122
410.24	0.027063259	-5.8388	-0.013151676
410.368	0.026703102	-5.8383881	-0.010439474
410.496	0.026693137	-5.8382846	-0.010712412
410.624	0.026795756	-5.8389143	-0.012431272
410.752	0.026884938	-5.8391563	-0.011447388
410.88	0.026799002	-5.8391618	-0.012405674
411.008	0.026921675	-5.839568	-0.01586012
411.136	0.025920288	-5.8388303	-0.012355061
411.264	0.026391965	-5.8394631	-0.013851943
411.392	0.02638474	-5.8392862	-0.014821931
411.52	0.026302102	-5.8388781	-0.012858816
411.648	0.026444988	-5.8391923	-0.013255658
411.776	0.026135569	-5.8390599	-0.015608749
411.904	0.026725468	-5.8396133	-0.017516206
412.032	0.026668355	-5.839303	-0.015257049
412.16	0.025960783	-5.8386493	-0.0115813
412.288	0.02617623	-5.8387932	-0.015894945
412.416	0.026589553	-5.8393835	-0.016874962
412.544	0.026811153	-5.839552	-0.014249937
412.672	0.026202007	-5.8391373	-0.014379861
412.8	0.026593737	-5.8394788	-0.011390148
412.928	0.026644184	-5.8391399	-0.0079610875
413.056	0.026985339	-5.8390494	-0.012025834
413.184	0.02662413	-5.8388422	-0.013040208
413.312	0.02698543	-5.838916	-0.01358865
413.44	0.026961134	-5.8385522	-0.013710022
413.568	0.026760986	-5.8383112	-0.012566558
413.696	0.026614423	-5.8378006	-0.013338617
413.824	0.027432114	-5.8383225	-0.011755413
413.952	0.027387572	-5.8381319	-0.0074812082
414.08	0.027419601	-5.8384405	-0.010598465
414.208	0.027542546	-5.8382849	-0.011039313
414.336	0.027518587	-5.8377471	-0.0088857839
414.464	0.027363004	-5.8375489	-0.0095047366
414.592	0.027608386	-5.8378765	-0.01066203
414.72	0.027891307	-5.8379873	-0.011347776
414.848	0.027446969	-5.8377119	-0.0089310168
414.976	0.027316499	-5.8373694	-0.0072250871
415.104	0.027922095	-5.8379785	-0.012813634
415.232	0.027508178	-5.837901	-0.01241416
415.36	0.027783293	-5.8382876	-0.012773359
415.488	0.027481155	-5.8380889	-0.010463119
415.616	0.027368713	-5.8379366	-0.010070155
415.744	0.027728688	-5.8383201	-0.010460617
415.872	0.027592171	-5.8386546	-0.011343284
416	0.027306847	-5.8381054	-0.013986813
416.128	0.027412566	-5.8379914	-0.014401504
416.256	0.027298846	-5.8384289	-0.011595938
416.384	0.026984324	-5.8380837	-0.011815722
416.512	0.027076783	-5.8388146	-0.013338158
416.64	0.02702832	-5.8386342	-0.012873246
416.768	0.027165275	-5.8390844	-0.01281367
416.896	0.026910117	-5.8388091	-0.013602864
417.024	0.026254567	-5.8385503	-0.012077846
417.152	0.027137607	-5.8394294	-0.013443353
417.28	0.026741676	-5.8390433	-0.012936202
417.408	0.026119061	-5.8384542	-0.012399911
417.536	0.026557482	-5.8389988	-0.01449269
417.664	0.026699188	-5.8394779	-0.014431753
417.792	0.026232518	-5.8394004	-0.012252906
417.92	0.026373267	-5.8394753	-0.012261812
418.048	0.02637206	-5.839474	-0.013646351
418.176	0.025896848	-5.8386708	-0.015158345
418.304	0.02684758	-5.839857	-0.016035474
418.432	0.026474914	-5.8394801	-0.013652948
418.56	0.026307118	-5.8391218	-0.018959389
418.688	0.026188309	-5.8390036	-0.013953472
418.816	0.02634126	-5.8392112	-0.012476673
418.944	0.026352192	-5.8390084	-0.013868736
419.072	0.026647708	-5.8391503	-0.014563628
419.2	0.026154191	-5.8386224	-0.011349192
419.328	0.026669743	-5.8389552	-0.0093541363
419.456	0.027236676	-5.8394488	-0.015382657
419.584	0.026424936	-5.8385039	-0.015342678
419.712	0.02715819	-5.838731	-0.013053184
419.84	0.026630355	-5.8383249	-0.0081810611
419.968	0.027157733	-5.8385838	-0.011814441
420.096	0.027286068	-5.8384591	-0.011711989
420.224	0.027513683	-5.8385597	-0.013350569
420.352	0.027061157	-5.8381277	-0.0097613324
420.48	0.027586992	-5.8386983	-0.010517253
420.608	0.027230947	-5.8379959	-0.012061337
420.736	0.027685075	-5.8381321	-0.011742589
420.864	0.02771215	-5.8383019	-0.0098450793
420.992	0.027609343	-5.8382524	-0.010965065
421.12	0.027702197	-5.8378737	-0.010098742
421.248	0.02771209	-5.8380045	-0.011192423
421.376	0.027507397	-5.8381674	-0.0092478686
421.504	0.027375994	-5.837821	-0.009441013
421.632	0.0277202	-5.8385377	-0.013741021
421.76	0.028017848	-5.8386549	-0.012361753
421.888	0.027658771	-5.8383599	-0.012069051
422.016	0.027364489	-5.8379912	-0.012403521
422.144	0.027533396	-5.8380023	-0.013460097
422.272	0.02755525	-5.8380725	-0.010148422
422.4	0.027448621	-5.8384165	-0.0093554314
422.528	0.027645656	-5.8387106	-0.010153952
422.656	0.027049366	-5.8384588	-0.0080637107
422.784	0.027330381	-5.8385055	-0.01343611
422.912	0.027362447	-5.8388465	-0.014329338
423.04	0.026577912	-5.8381353	-0.0118535
423.168	0.026766163	-5.8385769	-0.011770525
423.296	0.027158815	-5.8395747	-0.014813537
423.424	0.0260289	-5.838346	-0.011807738
423.552	0.027286481	-5.8399936	-0.016174838
423.68	0.026487018	-5.8392262	-0.013829815
423.808	0.026553826	-5.8393563	-0.016211403
423.936	0.02623384	-5.8391679	-0.01536227
424.064	0.026460932	-5.8395672	-0.013588528
424.192	0.02615302	-5.8392703	-0.013664533
424.32	0.02622255	-5.8394214	-0.013111628
424.448	0.026671174	-5.8399097	-0.0096635541
424.576	0.025964419	-5.8389714	-0.011530833
424.704	0.026970504	-5.8396929	-0.017825049
424.832	0.025639217	-5.8383887	-0.013981021
424.96	0.026074163	-5.8388566	-0.016081709
425.088	0.026328639	-5.8391856	-0.012483419
425.216	0.026581043	-5.8392664	-0.01659202
425.344	0.026687572	-5.8393169	-0.018453647
425.472	0.026292464	-5.8388876	-0.012642032
425.6	0.026364002	-5.8386041	-0.0098154593
425.728	0.027100871	-5.8391152	-0.012987989
425.856	0.026934369	-5.8387447	-0.014007495
425.984	0.02677115	-5.8384646	-0.011430504
426.112	0.02696355	-5.8385572	-0.01080915
426.24	0.02697614	-5.8388213	-0.013234624
426.368	0.027198817	-5.8388468	-0.012907555
426.496	0.027169663	-5.8384011	-0.01108902
426.624	0.027257485	-5.8382979	-0.01270289
426.752	0.027553551	-5.8385253	-0.011034404
426.88	0.027649497	-5.838314	-0.011051826
427.008	0.027454202	-5.8379089	-0.010266529
427.136	0.02767688	-5.8381135	-0.011671999
427.264	0.027593387	-5.8378234	-0.0095029585
427.392	0.027522283	-5.8377686	-0.0088663873
427.52	0.02774324	-5.8378426	-0.012800292
427.648	0.02755155	-5.8374118	-0.0093296293
427.776	0.028009406	-5.8382668	-0.011288383
427.904	0.027767996	-5.837953	-0.011385095
428.032	0.027768494	-5.8381783	-0.0081191035
428.16	0.027323967	-5.8375929	-0.010018875
428.288	0.027863326	-5.8379897	-0.011526021
428.416	0.027346275	-5.8378012	-0.0088043764
428.544	0.027847143	-5.8385094	-0.012890652
428.672	0.026959175	-5.838	-0.008507414
428.8	0.027558866	-5.8387252	-0.012956705
428.928	0.027841415	-5.8390896	-0.012337412
429.056	0.02694512	-5.8385842	-0.0077636541
429.184	0.026865342	-5.838816	-0.010252221
429.312	0.027462105	-5.8392582	-0.015005076
429.44	0.027110327	-5.8388798	-0.012106985
429.568	0.02705977	-5.8391802	-0.014834027
429.696	0.02682042	-5.8391057	-0.016506046
429.824	0.026743143	-5.8391695	-0.012251762
429.952	0.026304045	-5.8390005	-0.013622661
430.08	0.026855278	-5.8396335	-0.020397139
430.208	0.026306378	-5.8394877	-0.019019777
430.336	0.026608194	-5.8396548	-0.018491626
430.464	0.026421709	-5.8397918	-0.016355121
430.592	0.026491413	-5.8399016	-0.016631296
430.72	0.026592373	-5.8402404	-0.019106083
430.848	0.025912004	-5.8395989	-0.016078316
430.976	0.026523873	-5.8401009	-0.016876141
431.104	0.025784992	-5.8395932	-0.0151293
431.232	0.026404965	-5.8400911	-0.020349403
431.36	0.026197301	-5.8400295	-0.019795955
431.488	0.025955484	-5.8399143	-0.016978321
431.616	0.026320152	-5.8402829	-0.017325044
431.744	0.026691337	-5.8402034	-0.017551087
431.872	0.026141783	-5.8396551	-0.017071742
432	0.026368443	-5.8400699	-0.01611545
432.128	0.02693795	-5.8400912	-0.020237867
432.256	0.026314303	-5.8393061	-0.015946919
432.384	0.026243218	-5.8389262	-0.013278804
432.512	0.027454157	-5.8402431	-0.018391838
432.64	0.026825974	-5.839515	-0.014281297
432.768	0.027255499	-5.8396129	-0.01351018
432.896	0.027217587	-5.8395142	-0.01590674
433.024	0.026764401	-5.8385063	-0.014607486
433.152	0.027137802	-5.8386661	-0.015506552
433.28	0.027334156	-5.838717	-0.012819965
433.408	0.027335129	-5.8382299	-0.010825987
433.536	0.027811977	-5.8383119	-0.011658937
433.664	0.028109161	-5.8386451	-0.011504988
433.792	0.027668499	-5.8386045	-0.010458948
433.92	0.027686773	-5.838332	-0.012793613
434.048	0.027392277	-5.8380585	-0.011380828
434.176	0.027720531	-5.8382475	-0.018267572
434.304	0.027879568	-5.8382554	-0.01442691
434.432	0.027270573	-5.8380961	-0.0096171353
434.56	0.027790724	-5.8387665	-0.01777451
434.688	0.02760968	-5.8384253	-0.016694573
434.816	0.027575949	-5.8384163	-0.01465039
434.944	0.027371564	-5.8383931	-0.014076449
435.072	0.027619021	-5.8386215	-0.01274191
435.2	0.027379988	-5.8385303	-0.013972864
435.328	0.027488773	-5.8390703	-0.015867719
435.456	0.02729787	-5.8389511	-0.011997496
435.584	0.027507566	-5.8393427	-0.01358413
435.712	0.027462906	-5.8390028	-0.010217596
435.84	0.026614152	-5.8386412	-0.011596672
435.968	0.027435865	-5.8395945	-0.020162226
436.096	0.026706177	-5.838876	-0.015111496
436.224	0.027039865	-5.8395371	-0.017142205
436.352	0.026780095	-5.8396578	-0.018192014
436.48	0.026645627	-5.8397584	-0.017320165
436.608	0.026460011	-5.8396942	-0.017217223
436.736	0.026471844	-5.8396782	-0.018433854
436.864	0.02598707	-5.8394769	-0.01932965
436.992	0.026628547	-5.8402296	-0.019884888
437.12	0.026463986	-5.840042	-0.01646289
437.248	0.026277595	-5.8398817	-0.015985595
437.376	0.026239549	-5.8399737	-0.017566476
437.504	0.026056464	-5.8396101	-0.016746986
437.632	0.026242428	-5.839624	-0.017842893
437.76	0.026422468	-5.8400888	-0.01709201
437.888	0.026368407	-5.8401863	-0.017383938
438.016	0.026611862	-5.8403553	-0.017525202
438.144	0.026159823	-5.8399464	-0.013682503
438.272	0.026244852	-5.8397731	-0.013624776
438.4	0.026630853	-5.8398231	-0.015959664
438.528	0.026417215	-5.8394156	-0.018668831
438.656	0.026706715	-5.8397233	-0.020338943
438.784	0.026361133	-5.8386973	-0.016781742
438.912	0.026855297	-5.8388939	-0.017515905
439.04	0.026996004	-5.8393	-0.018436409
439.168	0.026906877	-5.8389967	-0.015569871
439.296	0.026847645	-5.8392631	-0.0123486
439.424	0.027688109	-5.8394178	-0.014988018
439.552	0.027535339	-5.8389402	-0.015856361
439.68	0.02725145	-5.8385544	-0.013296605
439.808	0.0271659	-5.8384345	-0.010317084
439.936	0.027418952	-5.8386173	-0.013137435
440.064	0.027735977	-5.8387119	-0.014603282
440.192	0.027801445	-5.8386754	-0.015122975
440.32	0.027190142	-5.837729	-0.012543929
440.448	0.027599076	-5.8380365	-0.012520987
440.576	0.028224356	-5.8389624	-0.013043559
440.704	0.027710342	-5.8386458	-0.012603816
440.832	0.027852161	-5.8387569	-0.010533067
440.96	0.027558796	-5.8385766	-0.007758523
441.088	0.027781915	-5.8384357	-0.011480244
441.216	0.027591701	-5.8385524	-0.0089193197
441.344	0.027589479	-5.8384787	-0.0085972294
441.472	0.027504076	-5.8386483	-0.013829674
441.6	0.02743678	-5.8387055	-0.012467012
441.728	0.027564572	-5.8394508	-0.013810307
441.856	0.027205913	-5.8388383	-0.013827484
441.984	0.027091501	-5.8387784	-0.015140536
442.112	0.027300331	-5.8391303	-0.013996623
442.24	0.026655737	-5.8389611	-0.012021706
442.368	0.026703804	-5.838969	-0.016079416
442.496	0.027031225	-5.839844	-0.018431271
442.624	0.026448283	-5.8389816	-0.017163543
442.752	0.027047124	-5.8399935	-0.018375706
442.88	0.025916476	-5.8390274	-0.014579456
443.008	0.026539006	-5.8397812	-0.021447081
443.136	0.02619243	-5.8395498	-0.019864352
443.264	0.026617424	-5.8399529	-0.02139387
443.392	0.025806781	-5.83916	-0.016458303
443.52	0.026790998	-5.8405231	-0.019649439
443.648	0.026422977	-5.8400623	-0.020681118
443.776	0.026268437	-5.8399909	-0.019569143
443.904	0.026183527	-5.8397	-0.01719068
444.032	0.026617869	-5.8401086	-0.0191
444.16	0.026427754	-5.8397608	-0.019823817
444.288	0.02582264	-5.8390894	-0.013870821
444.416	0.026591702	-5.840047	-0.017390349
444.544	0.026275375	-5.8395407	-0.018659539
444.672	0.026118132	-5.8396242	-0.014635117
444.8	0.026600362	-5.8397063	-0.012163784
444.928	0.0268363	-5.8398822	-0.015995123
445.056	0.026823985	-5.8398125	-0.0153147
445.184	0.026841963	-5.8395071	-0.013205992
445.312	0.026823788	-5.8389578	-0.018576272
445.44	0.027241159	-5.8391158	-0.016141593
445.568	0.02745736	-5.8389968	-0.01267882
445.696	0.026721937	-5.8384659	-0.015006237
445.824	0.027529317	-5.8389262	-0.018098585
445.952	0.028012418	-5.8394765	-0.014218445
446.08	0.027174969	-5.8381859	-0.0095518218
446.208	0.027623252	-5.8386206	-0.013725318
446.336	0.02752208	-5.8383616	-0.014426812
446.464	0.027646291	-5.8384141	-0.011375839
446.592	0.027810425	-5.838474	-0.01266937
446.72	0.028007867	-5.8385386	-0.014340715
446.848	0.027751371	-5.8382898	-0.012476933
446.976	0.027400172	-5.8379616	-0.011361748
447.104	0.027866486	-5.8385618	-0.017181441
447.232	0.027927845	-5.8387871	-0.015076216
447.36	0.027762656	-5.838444	-0.012412507
447.488	0.027946523	-5.8387993	-0.014165611
447.616	0.027402472	-5.8384088	-0.013314981
447.744	0.027254758	-5.8384424	-0.013447472
447.872	0.026743729	-5.8383619	-0.011651908
448	0.027503973	-5.8388571	-0.011099119
448.128	0.027654992	-5.8393065	-0.012735594
448.256	0.027209946	-5.8391305	-0.012842014
448.384	0.02718002	-5.8395468	-0.015296367
448.512	0.027100023	-5.8396852	-0.016471016
448.64	0.026598182	-5.8390215	-0.01580456
448.768	0.026559314	-5.8390758	-0.017481367
448.896	0.026796153	-5.8395757	-0.019523829
449.024	0.02609575	-5.8389084	-0.016820148
449.152	0.027104673	-5.8404278	-0.014499513
449.28	0.026737679	-5.8403008	-0.016184776
449.408	0.026001017	-5.839339	-0.014648965
449.536	0.026169755	-5.8397723	-0.013338837
449.664	0.026188704	-5.8395693	-0.019733453
449.792	0.026308278	-5.8398674	-0.019678242
449.92	0.026789426	-5.8402413	-0.017695129
450.048	0.025812329	-5.839332	-0.01812156
450.176	0.026551807	-5.8403096	-0.020200647
450.304	0.026226418	-5.8400867	-0.01990951
450.432	0.025584144	-5.8392057	-0.019596686
450.56	0.026226003	-5.8396865	-0.018878121
450.688	0.027078597	-5.8406704	-0.021368007
450.816	0.026198834	-5.8398432	-0.015574654
450.944	0.02663907	-5.8400846	-0.01621359
451.072	0.026576751	-5.8394232	-0.019064544
451.2	0.026770771	-5.8394966	-0.013724823
451.328	0.02680019	-5.839644	-0.014459272
451.456	0.026681414	-5.8392074	-0.015562649
451.584	0.027216213	-5.8396292	-0.014814656
451.712	0.027299701	-5.8394428	-0.012443084
451.84	0.026697097	-5.8387797	-0.010490696
451.968	0.027457993	-5.8392723	-0.017823017
452.096	0.027198404	-5.8387282	-0.015699687
452.224	0.027231003	-5.8388981	-0.013635145
452.352	0.027930525	-5.8393408	-0.014362367
452.48	0.027759661	-5.8390496	-0.015317955
452.608	0.027466564	-5.8386445	-0.013145707
452.736	0.02756446	-5.8383996	-0.01223865
452.864	0.027521686	-5.8383861	-0.011415074
452.992	0.027869409	-5.8385487	-0.013128585
453.12	0.02771941	-5.8384797	-0.012418604
453.248	0.027798399	-5.8384932	-0.015363555
453.376	0.027565666	-5.8382826	-0.01367669
453.504	0.027621842	-5.8383737	-0.011615338
453.632	0.027572318	-5.8382757	-0.011887688
453.76	0.027936846	-5.8388245	-0.012884445
453.888	0.027641067	-5.8388736	-0.014979462
454.016	0.027589377	-5.8385114	-0.013504805
454.144	0.027374142	-5.8386436	-0.012884722
454.272	0.027092181	-5.8383029	-0.010477986
454.4	0.027491139	-5.8391262	-0.012767964
454.528	0.026923614	-5.839045	-0.015552814
454.656	0.027093728	-5.8392221	-0.011856913
454.784	0.026795777	-5.8390911	-0.015576256
454.912	0.026638734	-5.8393045	-0.016978204
455.04	0.027165417	-5.8401099	-0.013656762
455.168	0.026787479	-5.8397333	-0.014838097
455.296	0.02662076	-5.8395416	-0.017065777
455.424	0.026616931	-5.8399383	-0.018932372
455.552	0.026285395	-5.8397387	-0.015106464
455.68	0.026332254	-5.8395289	-0.015924096
455.808	0.026446344	-5.8396869	-0.017469879
455.936	0.026022743	-5.839581	-0.01522091
456.064	0.026605784	-5.8403051	-0.016150762
456.192	0.026456994	-5.8397161	-0.017287941
456.32	0.026394906	-5.8397193	-0.01851398
456.448	0.026525578	-5.8399233	-0.017639782
456.576	0.026575597	-5.840283	-0.016053084
456.704	0.026343661	-5.8399199	-0.015985837
456.832	0.026399262	-5.839736	-0.018652606
456.96	0.026364095	-5.8397671	-0.015443014
457.088	0.026473702	-5.8397939	-0.016074729
457.216	0.026210121	-5.8393763	-0.014890601
457.344	0.027008767	-5.8399832	-0.018796348
457.472	0.026658062	-5.8395228	-0.014642875
457.6	0.026959693	-5.8399147	-0.013491125
457.728	0.026535044	-5.8392525	-0.014709843
457.856	0.026982244	-5.8390513	-0.014368304
457.984	0.02710845	-5.839234	-0.013836399
458.112	0.027314665	-5.8392684	-0.013193568
458.24	0.027289058	-5.8388265	-0.012823345
458.368	0.027266194	-5.8386511	-0.014881653
458.496	0.027723524	-5.8389326	-0.016110652
458.624	0.027193412	-5.8385111	-0.012251404
458.752	0.027323099	-5.8385463	-0.013165833
458.88	0.027343064	-5.8386431	-0.014178768
459.008	0.027897918	-5.839003	-0.016906628
459.136	0.027470933	-5.8385103	-0.010609743
459.264	0.027746971	-5.8384685	-0.013966243
459.392	0.028113121	-5.8390336	-0.014286253
459.52	0.027602882	-5.8386393	-0.011835262
459.648	0.027482535	-5.8386986	-0.012359129
459.776	0.027666089	-5.8388526	-0.011482094
459.904	0.027400548	-5.8385511	-0.013600594
460.032	0.027733745	-5.8386383	-0.014617212
460.16	0.027465663	-5.8386974	-0.013545324
460.288	0.027142355	-5.8383997	-0.01454472
460.416	0.027628483	-5.8388054	-0.014066848
460.544	0.027488579	-5.8391884	-0.012864143
460.672	0.027348384	-5.8390333	-0.016005221
460.8	0.027236991	-5.8390956	-0.019277577
460.928	0.026484743	-5.8385103	-0.012217503
461.056	0.027715607	-5.8396229	-0.014345266
461.184	0.026659544	-5.8386839	-0.014230248
461.312	0.027004169	-5.8394707	-0.016233479
461.44	0.026573238	-5.8390152	-0.012754588
461.568	0.026586646	-5.8391202	-0.012550509
461.696	0.026599416	-5.8396884	-0.01652564
461.824	0.026214175	-5.839358	-0.013686796
461.952	0.026671884	-5.8400933	-0.014197893
462.08	0.026507701	-5.8399197	-0.014105983
462.208	0.026345275	-5.8397091	-0.018272628
462.336	0.026297504	-5.8399262	-0.01841712
462.464	0.026774755	-5.8404487	-0.018183435
462.592	0.025812416	-5.8396458	-0.015510773
462.72	0.026421734	-5.8401543	-0.020560455
462.848	0.026215828	-5.8400832	-0.01752352
462.976	0.026322261	-5.8396242	-0.014069909
463.104	0.026076424	-5.8393887	-0.015817595
463.232	0.026020672	-5.8394196	-0.010542542
463.36	0.027001147	-5.8401324	-0.015064623
463.488	0.026655638	-5.8397362	-0.019909785
463.616	0.026929724	-5.8397486	-0.019019254
463.744	0.026097604	-5.8388345	-0.014470253
463.872	0.026847494	-5.8394492	-0.013583952
464	0.027091212	-5.8398402	-0.014558472
464.128	0.027056656	-5.8393684	-0.014045914
464.256	0.026955742	-5.8390173	-0.014038817
464.384	0.026872687	-5.8390051	-0.017780078
464.512	0.027239376	-5.8390964	-0.01558668
464.64	0.027079924	-5.8387419	-0.011518779
464.768	0.02734125	-5.8389239	-0.015839975
464.896	0.027105895	-5.8387944	-0.015147122
465.024	0.027381594	-5.8387002	-0.014025334
465.152	0.027564481	-5.8389446	-0.01162058
465.28	0.027320839	-5.8384882	-0.010684911
465.408	0.027746967	-5.8385495	-0.014231112
465.536	0.027992516	-5.8388558	-0.014893233
465.664	0.027658265	-5.8386975	-0.0084498056
465.792	0.027360897	-5.8381692	-0.0062060457
465.92	0.028470366	-5.8394182	-0.014485483
466.048	0.027689299	-5.8386333	-0.012309762
466.176	0.027095252	-5.838225	-0.010969411
466.304	0.027718513	-5.8383669	-0.0099428997
466.432	0.02754958	-5.8385324	-0.014188014
466.56	0.027736766	-5.8388759	-0.016110927
466.688	0.027483199	-5.8387828	-0.013357701
466.816	0.027123606	-5.8384352	-0.013683351
466.944	0.027147828	-5.8385158	-0.014463828
467.072	0.027360599	-5.8389944	-0.015086843
467.2	0.027181752	-5.8389745	-0.013872078
467.328	0.026827203	-5.8389122	-0.011232926
467.456	0.026471649	-5.8387606	-0.015233377
467.584	0.027324346	-5.8401728	-0.017677792
467.712	0.027090779	-5.8398999	-0.014766537
467.84	0.02668851	-5.8399299	-0.017410824
467.968	0.026243131	-5.8393785	-0.015280153
468.096	0.026447788	-5.8396168	-0.012302473
468.224	0.026433847	-5.8398013	-0.015770459
468.352	0.026626061	-5.8397952	-0.017619088
468.48	0.02658326	-5.8401824	-0.017508601
468.608	0.026176599	-5.8397305	-0.015901053
468.736	0.026579949	-5.8403258	-0.016377268
468.864	0.026087708	-5.8399327	-0.014456133
468.992	0.025923508	-5.8394825	-0.013039811
469.12	0.026984878	-5.8406733	-0.015574491
469.248	0.02580635	-5.8396169	-0.012564828
469.376	0.026452241	-5.8399793	-0.01441965
469.504	0.026372012	-5.8397264	-0.014019334
469.632	0.026772791	-5.8400146	-0.017467111
469.76	0.027120744	-5.840239	-0.017453187
469.888	0.026582333	-5.8398197	-0.013816263
470.016	0.026185023	-5.8392662	-0.012679573
470.144	0.027029133	-5.8398274	-0.013707123
470.272	0.026672895	-5.8389899	-0.015174569
470.4	0.026734872	-5.8393643	-0.016647056
470.528	0.02721322	-5.8394831	-0.01399043
470.656	0.027060205	-5.8388246	-0.012492136
470.784	0.027197697	-5.8389097	-0.01547553
470.912	0.027703117	-5.8392054	-0.014030941
471.04	0.027248541	-5.8386386	-0.011667409
471.168	0.02738481	-5.8387542	-0.014864246
471.296	0.027044093	-5.8382151	-0.013356401
471.424	0.027694409	-5.8388483	-0.016700279
471.552	0.027546828	-5.8386916	-0.014999101
471.68	0.02757837	-5.8387057	-0.011368366
471.808	0.027476772	-5.838714	-0.011369429
471.936	0.0275488	-5.8387511	-0.012573056
472.064	0.027957598	-5.8390754	-0.01495636
472.192	0.027674947	-5.8384664	-0.0145679
472.32	0.027682927	-5.8385029	-0.013585531
472.448	0.02757445	-5.838415	-0.011388187
472.576	0.027582653	-5.8383438	-0.011863674
472.704	0.027967853	-5.8389007	-0.013183778
472.832	0.027417739	-5.8388352	-0.012685613
472.96	0.027526845	-5.8389042	-0.016294163
473.088	0.026924711	-5.8385365	-0.013026026
473.216	0.027483185	-5.8392269	-0.016123949
473.344	0.027510914	-5.8391304	-0.01451627
473.472	0.026907575	-5.838814	-0.011192898
473.6	0.027313649	-5.8393376	-0.017281735
473.728	0.02646666	-5.8388674	-0.014207678
473.856	0.027390249	-5.8401153	-0.014011511
473.984	0.026366797	-5.8392142	-0.014998544
474.112	0.026486927	-5.8394245	-0.018037259
474.24	0.026524926	-5.8396102	-0.016357125
474.368	0.026478545	-5.8396759	-0.011953821
474.496	0.026492793	-5.84001	-0.013409842
474.624	0.026667651	-5.8401623	-0.018476063
474.752	0.025999875	-5.839233	-0.016032327
474.88	0.026494366	-5.8399802	-0.015011121
475.008	0.026216388	-5.8398573	-0.013625098
475.136	0.026213823	-5.8396233	-0.013941708
475.264	0.026575694	-5.8400659	-0.017425435
475.392	0.026461397	-5.8396876	-0.018792489
475.52	0.026285997	-5.8398158	-0.016787703
475.648	0.026165561	-5.8398194	-0.019610758
475.776	0.026389163	-5.8397979	-0.021666809
475.904	0.026654942	-5.8396733	-0.019820536
476.032	0.025874515	-5.8389302	-0.01518464
476.16	0.026641838	-5.839357	-0.016332417
476.288	0.026852052	-5.8398114	-0.015660941
476.416	0.026358596	-5.8389426	-0.01758854
476.544	0.026882078	-5.8392897	-0.016715821
476.672	0.027186173	-5.8394141	-0.015780199
476.8	0.027180626	-5.8392531	-0.013304221
476.928	0.026819672	-5.8388677	-0.011313028
477.056	0.027263445	-5.8390893	-0.013127057
477.184	0.027327229	-5.838926	-0.01488183
477.312	0.027320288	-5.8384841	-0.015027056
477.44	0.026973339	-5.8383284	-0.014627066
477.568	0.027490846	-5.8387423	-0.01489689
477.696	0.027362621	-5.8382365	-0.0097513242
477.824	0.027906321	-5.8388518	-0.01123147
477.952	0.027555697	-5.8387872	-0.012055876
478.08	0.027806455	-5.838809	-0.014296579
478.208	0.028010811	-5.8391151	-0.017874394
478.336	0.027654889	-5.838904	-0.01418676
478.464	0.027660412	-5.8388843	-0.013238852
478.592	0.027269869	-5.8379547	-0.017271412
478.72	0.027403649	-5.8384801	-0.012530196
478.848	0.027919463	-5.8390643	-0.01103371
478.976	0.02776967	-5.8387274	-0.014762452
479.104	0.027362733	-5.8383664	-0.014239924
479.232	0.027375471	-5.8385421	-0.013289733
479.36	0.027616467	-5.8389191	-0.015674447
479.488	0.027304025	-5.83888	-0.015517368
479.616	0.027114804	-5.8389156	-0.013752685
479.744	0.027327546	-5.8395246	-0.014078359
479.872	0.026966837	-5.8391048	-0.012290766
480	0.027425698	-5.8395633	-0.019343326
480.128	0.026765814	-5.8393258	-0.018449892
480.256	0.02659417	-5.8390013	-0.015503306
480.384	0.026774064	-5.8393177	-0.013682717
480.512	0.026419137	-5.838871	-0.01389236
480.64	0.026564343	-5.8392959	-0.016932917
480.768	0.026316017	-5.839345	-0.01746818
480.896	0.026356112	-5.8395459	-0.020571123
481.024	0.026754203	-5.8401646	-0.020347676
481.152	0.026101619	-5.8397425	-0.018110355
481.28	0.026207386	-5.8397483	-0.016290624
481.408	0.026617344	-5.8402999	-0.015936208
481.536	0.026284495	-5.8398732	-0.017248229
481.664	0.026573302	-5.8402008	-0.019068795
481.792	0.026306454	-5.8397786	-0.019049391
481.92	0.026191403	-5.8395928	-0.019562995
482.048	0.026233067	-5.8395583	-0.017537726
482.176	0.026349081	-5.8396219	-0.016504819
482.304	0.026753081	-5.8396994	-0.018462127
482.432	0.027011374	-5.8397959	-0.015984607
482.56	0.026642991	-5.8393403	-0.016106351
482.688	0.026695711	-5.8393724	-0.018918452
482.816	0.02706301	-5.8396619	-0.015788618
482.944	0.026742737	-5.8393719	-0.01269461
483.072	0.026750018	-5.8390157	-0.011896847
483.2	0.027099919	-5.8394417	-0.012910321
483.328	0.027140394	-5.8392538	-0.012216878
483.456	0.027628277	-5.8395884	-0.015839192
483.584	0.026856852	-5.8382862	-0.015430548
483.712	0.027359844	-5.8386685	-0.013168847
483.84	0.027132688	-5.8382545	-0.012032479
483.968	0.027341889	-5.8384879	-0.01354988
484.096	0.027654355	-5.8386493	-0.012999952
484.224	0.027699491	-5.8386788	-0.013013397
484.352	0.027215532	-5.8382491	-0.013345186
484.48	0.02752124	-5.8383588	-0.011423986
484.608	0.028432659	-5.8391599	-0.014431787
484.736	0.02786869	-5.838515	-0.014573683
484.864	0.027267569	-5.8381017	-0.014384457
484.992	0.027912274	-5.8389268	-0.018434709
485.12	0.027558413	-5.8386213	-0.016691764
485.248	0.02761053	-5.8384652	-0.018428305
485.376	0.027059353	-5.8383175	-0.015675445
485.504	0.027510268	-5.8389828	-0.0142448
485.632	0.028060771	-5.8394629	-0.00962606
485.76	0.027139942	-5.8389267	-0.011738278
485.888	0.02705329	-5.8388259	-0.014484528
486.016	0.027331169	-5.8391419	-0.015749405
486.144	0.026495732	-5.8387735	-0.012181395
486.272	0.027073387	-5.8394209	-0.01440016
486.4	0.026995254	-5.8395679	-0.015835243
486.528	0.026628779	-5.8393037	-0.014678497
486.656	0.026772736	-5.8394656	-0.015952563
486.784	0.026735728	-5.8394846	-0.013965797
486.912	0.026832791	-5.8397167	-0.013986638
487.04	0.026454226	-5.8396971	-0.017484379
487.168	0.026230172	-5.839566	-0.017597506
487.296	0.02654382	-5.8401497	-0.016151896
487.424	0.026622188	-5.8405786	-0.014053909
487.552	0.025818829	-5.8393256	-0.013497559
487.68	0.026731046	-5.8403239	-0.019280162
487.808	0.026438641	-5.8398523	-0.014715629
487.936	0.026430426	-5.8399433	-0.017273434
488.064	0.026200033	-5.8396912	-0.017628085
488.192	0.026794917	-5.8402133	-0.017989235
488.32	0.025989566	-5.8393742	-0.013946068
488.448	0.026125991	-5.8392943	-0.014301504
488.576	0.026604288	-5.8397851	-0.017712988
488.704	0.026735977	-5.8398873	-0.015599828
488.832	0.026618782	-5.8397342	-0.016734602
488.96	0.026992865	-5.8399802	-0.017414435
489.088	0.026588491	-5.8395308	-0.014625387
489.216	0.026793461	-5.8395165	-0.015369541
489.344	0.027108534	-5.8394156	-0.016703796
489.472	0.026675756	-5.8386948	-0.016511849
489.6	0.026955557	-5.8387013	-0.017657916
489.728	0.027291988	-5.8389205	-0.014358916
489.856	0.027302789	-5.8391819	-0.01285405
489.984	0.027708497	-5.8395312	-0.015609122
490.112	0.027296581	-5.8385923	-0.011583214
490.24	0.027461836	-5.8389043	-0.015538076
490.368	0.027270401	-5.8385602	-0.017897288
490.496	0.027377509	-5.8385128	-0.012558011
490.624	0.028167405	-5.8393837	-0.013699785
490.752	0.027211317	-5.8383367	-0.012045676
490.88	0.027734341	-5.8387091	-0.0120952
491.008	0.028072827	-5.8390903	-0.010578676
491.136	0.027583457	-5.8383912	-0.011506997
491.264	0.027604455	-5.8382062	-0.012358779
491.392	0.027625213	-5.8380372	-0.013438491
491.52	0.027687096	-5.8386671	-0.012491214
491.648	0.027232888	-5.8387236	-0.013213419
491.776	0.027618055	-5.8390165	-0.014965425
491.904	0.027266753	-5.8386888	-0.014935401
492.032	0.027299945	-5.8388303	-0.015539828
492.16	0.027524772	-5.8392228	-0.015428692
492.288	0.027276614	-5.8392416	-0.014769865
492.416	0.027106697	-5.8392679	-0.013423657
492.544	0.026993523	-5.8394103	-0.014911237
492.672	0.026635389	-5.8392742	-0.016880165
492.8	0.026778219	-5.8395115	-0.014453159
492.928	0.026645647	-5.8393824	-0.014160661
493.056	0.026872645	-5.8393914	-0.017206252
493.184	0.026891149	-5.8394556	-0.014973654
493.312	0.026508413	-5.8393924	-0.014463858
493.44	0.026119392	-5.839312	-0.015406851
493.568	0.02635611	-5.8396068	-0.017994258
493.696	0.026581686	-5.8399552	-0.017707745
493.824	0.026433938	-5.840111	-0.01638005
493.952	0.026628605	-5.8401341	-0.014969585
494.08	0.026083239	-5.8396209	-0.015264237
494.208	0.026122447	-5.8397461	-0.017682021
494.336	0.026253415	-5.8400506	-0.01835893
494.464	0.025957468	-5.8395445	-0.014592367
494.592	0.026587492	-5.8398977	-0.015805295
494.72	0.026569869	-5.840102	-0.014289974
494.848	0.026299244	-5.8395043	-0.015748838
494.976	0.026732942	-5.8401788	-0.017345779
495.104	0.026905714	-5.8399603	-0.015894816
495.232	0.026319888	-5.8392648	-0.012686836
495.36	0.027002887	-5.8395182	-0.014600611
495.488	0.026789473	-5.8390532	-0.01193447
495.616	0.02731666	-5.8395167	-0.01486535
495.744	0.026831056	-5.8389341	-0.017263254
495.872	0.027103763	-5.8390435	-0.017023312
496	0.027148062	-5.8392515	-0.016258828
496.128	0.027178465	-5.8387091	-0.016809929
496.256	0.027143454	-5.8387639	-0.016305529
496.384	0.027431053	-5.8388027	-0.015440489
496.512	0.027600582	-5.8390282	-0.015732843
496.64	0.02759823	-5.8390401	-0.01541334
496.768	0.027645296	-5.8388577	-0.011210599
496.896	0.027351679	-5.8382411	-0.011060373
497.024	0.028086677	-5.839392	-0.015932862
497.152	0.027532214	-5.8386859	-0.013145608
497.28	0.027728014	-5.8385617	-0.012484533
497.408	0.027272119	-5.8377777	-0.011672794
497.536	0.02801516	-5.8385285	-0.014104173
497.664	0.027339951	-5.8380767	-0.012116852
497.792	0.027597604	-5.8384001	-0.014908236
497.92	0.027471564	-5.838141	-0.010015145
498.048	0.027380626	-5.8386577	-0.012374656
498.176	0.027572884	-5.8390414	-0.016428346
498.304	0.027256782	-5.8387493	-0.014663887
498.432	0.027162756	-5.8387305	-0.014040294
498.56	0.027155499	-5.8391297	-0.01648038
498.688	0.026997325	-5.838852	-0.014591993
498.816	0.026925181	-5.8391183	-0.012263992
498.944	0.027098545	-5.8394513	-0.018050074
499.072	0.026343818	-5.8391711	-0.015091302
499.2	0.02713529	-5.839959	-0.018314804
499.328	0.026395079	-5.8392505	-0.016239776
499.456	0.026782726	-5.8398678	-0.013859955
499.584	0.026855427	-5.8401724	-0.015729193
499.712	0.026666142	-5.8398648	-0.012620677
499.84	0.026421142	-5.8400361	-0.014529856
499.968	0.026309678	-5.8401594	-0.018050807
