0	0.017522918	-5.8251452	0.030111381
0.128	0.017661371	-5.8252179	0.032280495
0.256	0.017552382	-5.8252608	0.030392287
0.384	0.017445221	-5.8251676	0.031351028
0.512	0.01770209	-5.8253012	0.032815228
0.64	0.01802573	-5.8256157	0.029042398
0.768	0.017823347	-5.825331	0.029647648
0.896	0.017679248	-5.8251113	0.030941372
1.024	0.017906106	-5.8250854	0.029716483
1.152	0.018008134	-5.8251835	0.028145669
1.28	0.017885789	-5.8247365	0.03088838
1.408	0.018145348	-5.8247359	0.029315872
1.536	0.017913613	-5.8247543	0.030346085
1.664	0.01792758	-5.8247963	0.031890668
1.792	0.017912338	-5.824624	0.031297397
1.92	0.018162964	-5.8247873	0.033110024
2.048	0.018189219	-5.8249197	0.032055906
2.176	0.018243834	-5.8248858	0.028114117
2.304	0.017997717	-5.8246942	0.030996376
2.432	0.018154144	-5.8247008	0.030961042
2.56	0.01827651	-5.8245091	0.029663785
2.688	0.018469573	-5.8248281	0.031761398
2.816	0.018502615	-5.8248865	0.032117124
2.944	0.018136439	-5.8245916	0.031518401
3.072	0.018552817	-5.8249622	0.032108611
3.2	0.017893531	-5.8242301	0.032004988
3.328	0.018440816	-5.8247633	0.02988206
3.456	0.018562449	-5.8248679	0.02959315
3.584	0.018461825	-5.8248242	0.030136895
3.712	0.018239722	-5.8245125	0.03285382
3.84	0.018181067	-5.8245563	0.031547166
3.968	0.017863692	-5.8247392	0.029397943
4.096	0.018279781	-5.8249736	0.028830082
4.224	0.018199838	-5.8251174	0.030074139
4.352	0.018015901	-5.8247186	0.0320761
4.48	0.017968357	-5.8247565	0.031120615
4.608	0.017854924	-5.8247517	0.031960216
4.736	0.018292626	-5.8252544	0.030915024
4.864	0.017659139	-5.8248512	0.032688386
4.992	0.018130939	-5.8254661	0.030051043
5.12	0.017877423	-5.8252336	0.029186781
5.248	0.0178214	-5.8251073	0.028422644
5.376	0.017730452	-5.8249667	0.031166638
5.504	0.017823889	-5.8252802	0.031367412
5.632	0.018008818	-5.8254234	0.028733055
5.76	0.017631933	-5.8251648	0.030681783
5.888	0.017809056	-5.8254541	0.028912173
6.016	0.017524987	-5.8251102	0.030608461
6.144	0.017672419	-5.8248138	0.030799543
6.272	0.017697582	-5.8250357	0.032666386
6.4	0.017834865	-5.8251437	0.030170709
6.528	0.017665274	-5.8248617	0.028552315
6.656	0.017645122	-5.8248605	0.02965966
6.784	0.017788184	-5.8252017	0.030679462
6.912	0.017381867	-5.8249125	0.032969052
7.04	0.017980645	-5.8253407	0.029063188
7.168	0.017749231	-5.8249996	0.029648115
7.296	0.017983556	-5.8252606	0.029011937
7.424	0.017720243	-5.8247306	0.02940398
7.552	0.018008731	-5.8248458	0.029374441
7.68	0.017755801	-5.8248015	0.028937774
7.808	0.017960808	-5.8250017	0.031034309
7.936	0.018074639	-5.8251878	0.032233711
8.064	0.018161679	-5.8251843	0.028248482
8.192	0.018009786	-5.8249608	0.030256162
8.32	0.018244027	-5.8250257	0.029429566
8.448	0.017956497	-5.8246706	0.03179146
8.576	0.018248509	-5.8249122	0.031967141
8.704	0.018181753	-5.824764	0.032064561
8.832	0.018515613	-5.8249554	0.029541103
8.96	0.01853303	-5.8248846	0.032306535
9.088	0.01830208	-5.8247382	0.032938535
9.216	0.018430859	-5.8248698	0.030134971
9.344	0.018475915	-5.8249975	0.032244971
9.472	0.018254673	-5.8247612	0.032866835
9.6	0.018477931	-5.8247409	0.031070982
9.728	0.018545436	-5.8247659	0.033269619
9.856	0.018313705	-5.8250408	0.031123368
9.984	0.018349592	-5.8249788	0.033339179
10.112	0.018493694	-5.8253272	0.032961375
10.24	0.018099905	-5.8248406	0.029640251
10.368	0.01835155	-5.8252621	0.031915324
10.496	0.018321387	-5.8252881	0.032268189
10.624	0.017871424	-5.8251538	0.033221775
10.752	0.017706862	-5.8246302	0.032993697
10.88	0.018164944	-5.8254193	0.030830398
11.008	0.0177648	-5.8251135	0.032000757
11.136	0.017727453	-5.8252731	0.029968973
11.264	0.017720711	-5.8254014	0.02864728
11.392	0.017909529	-5.8257786	0.029097063
11.52	0.017296479	-5.8252394	0.031795196
11.648	0.017790004	-5.8259862	0.031802439
11.776	0.018026715	-5.8264731	0.031752483
11.904	0.017494775	-5.8260995	0.030460024
12.032	0.017625621	-5.8261114	0.031355981
12.16	0.017490646	-5.8257791	0.03152896
12.288	0.017450634	-5.8254683	0.028044269
12.416	0.017735138	-5.8257332	0.030271347
12.544	0.017495082	-5.8254294	0.032588051
12.672	0.017651534	-5.8257451	0.029535372
12.8	0.017745351	-5.8260047	0.028591824
12.928	0.017390387	-5.8256634	0.030758703
13.056	0.017928406	-5.825983	0.030006468
13.184	0.017774575	-5.8257955	0.028415002
13.312	0.017509255	-5.8254272	0.031083509
13.44	0.017957154	-5.8254675	0.030684534
13.568	0.017837512	-5.8254516	0.031102348
13.696	0.018453041	-5.8260294	0.029099967
13.824	0.017820968	-5.8252417	0.031390012
13.952	0.018039987	-5.8254198	0.032861297
14.08	0.018072857	-5.825364	0.032294533
14.208	0.017973044	-5.8250831	0.035310103
14.336	0.018455483	-5.8255329	0.034493297
14.464	0.018198385	-5.8251451	0.032330062
14.592	0.01828026	-5.8248792	0.032629089
14.72	0.01833714	-5.8249406	0.032556493
14.848	0.018450139	-5.8249816	0.033736038
14.976	0.018266746	-5.8247993	0.032824135
15.104	0.018383866	-5.8249663	0.030238144
15.232	0.018300815	-5.8248727	0.031748547
15.36	0.018714747	-5.8251535	0.033348015
15.488	0.018475638	-5.824954	0.031862801
15.616	0.018077812	-5.824708	0.033483845
15.744	0.018526146	-5.8254111	0.031293088
15.872	0.018492347	-5.8249668	0.028575801
16	0.018347038	-5.8249228	0.031494862
16.128	0.017839446	-5.8240461	0.033703072
16.256	0.018479013	-5.8248393	0.026961482
16.384	0.0183637	-5.825155	0.029667029
16.512	0.01811788	-5.8251225	0.033322418
16.64	0.01807866	-5.8248887	0.035693154
16.768	0.018154939	-5.8250811	0.032828778
16.896	0.018300687	-5.8253737	0.031004016
17.024	0.017872925	-5.8251412	0.031396185
17.152	0.018288625	-5.8256473	0.029421798
17.28	0.018069132	-5.825393	0.03156535
17.408	0.017854281	-5.8251067	0.032536038
17.536	0.01805755	-5.825721	0.030947592
17.664	0.017868653	-5.8253933	0.0296406
17.792	0.018046531	-5.8258328	0.028855206
17.92	0.017579259	-5.8254061	0.030870587
18.048	0.017747354	-5.8254443	0.031069538
18.176	0.017698955	-5.8257675	0.030897778
18.304	0.017383736	-5.8257893	0.030397867
18.432	0.01774891	-5.8261592	0.029280997
18.56	0.017450321	-5.8259842	0.032938296
18.688	0.017667559	-5.8261546	0.029936168
18.816	0.017526488	-5.8263004	0.028135361
18.944	0.017452451	-5.8258144	0.030408052
19.072	0.017540434	-5.8260708	0.029656792
19.2	0.01756615	-5.8257807	0.027905089
19.328	0.017316531	-5.8255297	0.029206134
19.456	0.01776816	-5.8262491	0.031923169
19.584	0.017804607	-5.8261592	0.032768862
19.712	0.017540424	-5.825699	0.033795342
19.84	0.018103958	-5.8258999	0.029857466
19.968	0.01753566	-5.8253347	0.029450873
20.096	0.017842362	-5.8255819	0.030025337
20.224	0.017986048	-5.8257907	0.029925278
20.352	0.017911875	-5.8254456	0.03254087
20.48	0.017814688	-5.8252147	0.033923569
20.608	0.018162155	-5.8255676	0.032156234
20.736	0.018140841	-5.8251639	0.030088397
20.864	0.018340099	-5.8253722	0.028985294
20.992	0.018151985	-5.8249915	0.034590773
21.12	0.018156513	-5.8254119	0.033063892
21.248	0.018601074	-5.8255441	0.031807415
21.376	0.018380418	-5.82504	0.035179946
21.504	0.018422004	-5.8252043	0.035178136
21.632	0.018554838	-5.8251879	0.035827464
21.76	0.018580858	-5.824914	0.03447403
21.888	0.018607333	-5.8251008	0.036177685
22.016	0.018323251	-5.8250595	0.040561123
22.144	0.018647822	-5.8252427	0.037087782
22.272	0.018663565	-5.8252653	0.035150884
22.4	0.01864451	-5.8254934	0.035586066
22.528	0.018419734	-5.825164	0.035556703
22.656	0.018564154	-5.8255252	0.034422802
22.784	0.018468255	-5.8252606	0.034290056
22.912	0.018399524	-5.8255424	0.034484936
23.04	0.018481748	-5.8256352	0.032586649
23.168	0.018356145	-5.8259509	0.03276297
23.296	0.018190764	-5.8261062	0.03434433
23.424	0.018107552	-5.8261146	0.035294716
23.552	0.017916028	-5.8261087	0.037569617
23.68	0.018187565	-5.8262696	0.033359032
23.808	0.017852574	-5.8262117	0.034662582
23.936	0.017840619	-5.8265479	0.035209898
24.064	0.017921813	-5.8268967	0.035183306
24.192	0.017844792	-5.8268071	0.034527615
24.32	0.017658018	-5.826633	0.031086211
24.448	0.018029464	-5.8271642	0.028886196
24.576	0.018034351	-5.8270807	0.031162568
24.704	0.018109284	-5.8273799	0.031055189
24.832	0.017721231	-5.827137	0.031344676
24.96	0.017311679	-5.8270874	0.032599815
25.088	0.017930832	-5.8277775	0.027973259
25.216	0.017356727	-5.8270775	0.029996077
25.344	0.017676199	-5.8274327	0.029149624
25.472	0.0176155	-5.8275787	0.029509553
25.6	0.017642648	-5.8280109	0.028807829
25.728	0.017429464	-5.8280112	0.030349821
25.856	0.017657197	-5.8278453	0.030745687
25.984	0.017370433	-5.8278146	0.030581091
26.112	0.017598423	-5.8278938	0.030400713
26.24	0.017676343	-5.8281442	0.030618765
26.368	0.01718286	-5.8278281	0.033360018
26.496	0.017232021	-5.8279618	0.032305305
26.624	0.017320882	-5.8281505	0.028171699
26.752	0.017560822	-5.8281144	0.029232317
26.88	0.017733918	-5.8280279	0.029587814
27.008	0.017820467	-5.8278238	0.029428466
27.136	0.017431196	-5.8273248	0.031389004
27.264	0.017602205	-5.8274091	0.033455881
27.392	0.017981872	-5.8280913	0.031830847
27.52	0.017963717	-5.8280708	0.0305437
27.648	0.018054343	-5.8278699	0.030163663
27.776	0.018355025	-5.8283844	0.031537742
27.904	0.018426729	-5.8283111	0.030098858
28.032	0.018574208	-5.8282089	0.027054672
28.16	0.018544118	-5.8280917	0.028408717
28.288	0.01859725	-5.8281009	0.027785249
28.416	0.018767977	-5.8282737	0.026228473
28.544	0.01873161	-5.828202	0.029230601
28.672	0.018357744	-5.8277548	0.028842868
28.8	0.018633451	-5.8279064	0.027129599
28.928	0.018692009	-5.8277794	0.027739204
29.056	0.018562656	-5.8274888	0.028262374
29.184	0.018289404	-5.8274351	0.029917365
29.312	0.018457997	-5.8276995	0.030488464
29.44	0.018304892	-5.827785	0.03138315
29.568	0.018379449	-5.8281419	0.029518404
29.696	0.018823397	-5.8284894	0.028712362
29.824	0.018303441	-5.8280288	0.029359746
29.952	0.018401034	-5.8283905	0.028337558
30.08	0.017920567	-5.8282103	0.029828398
30.208	0.018032044	-5.8286708	0.029867674
30.336	0.018126716	-5.8288435	0.029076191
30.464	0.017742232	-5.8285865	0.029268894
30.592	0.017663009	-5.8287853	0.029536089
30.72	0.017631111	-5.8290829	0.028308876
30.848	0.017497591	-5.8288482	0.02808578
30.976	0.017743795	-5.8291025	0.028339522
31.104	0.017549563	-5.8290818	0.025748921
31.232	0.017443257	-5.8293979	0.026882962
31.36	0.017260483	-5.8291871	0.02498463
31.488	0.017313611	-5.8290359	0.023023595
31.616	0.017296177	-5.8293945	0.023767616
31.744	0.016940913	-5.8292196	0.025880583
31.872	0.017491268	-5.8298089	0.023805518
32	0.017323271	-5.8295792	0.024468978
32.128	0.017445358	-5.8295115	0.02446588
32.256	0.017103685	-5.8290393	0.026672987
32.384	0.017500404	-5.8295868	0.024679099
32.512	0.017633814	-5.8295127	0.024308393
32.64	0.017649203	-5.8293622	0.025951662
32.768	0.017888179	-5.8296191	0.025122414
32.896	0.01774484	-5.8290783	0.024674506
33.024	0.017867044	-5.828995	0.022824614
33.152	0.017854265	-5.8288927	0.024867771
33.28	0.017920334	-5.8290279	0.025118745
33.408	0.017777615	-5.8284677	0.024349882
33.536	0.018341066	-5.8288432	0.026913794
33.664	0.018034234	-5.8282251	0.027318745
33.792	0.018142848	-5.8284567	0.024818484
33.92	0.018267474	-5.8284612	0.026399066
34.048	0.018385531	-5.8286043	0.026634619
34.176	0.018322298	-5.8282644	0.028051058
34.304	0.018341843	-5.828313	0.025758936
34.432	0.018626361	-5.8285907	0.025134342
34.56	0.018537825	-5.8283186	0.025784021
34.688	0.018351026	-5.8281903	0.028553709
34.816	0.018678568	-5.8285497	0.028196732
34.944	0.018437918	-5.8283469	0.027892317
35.072	0.018100301	-5.8279632	0.0281583
35.2	0.018887396	-5.828604	0.027409212
35.328	0.01858747	-5.8283175	0.03132538
35.456	0.018375007	-5.8283559	0.029324042
35.584	0.018597856	-5.828952	0.027737244
35.712	0.018065398	-5.828509	0.0301544
35.84	0.018453156	-5.8288888	0.029598144
35.968	0.018273034	-5.8289875	0.030123608
36.096	0.018534507	-5.8292895	0.028436578
36.224	0.018493835	-5.8290635	0.026671611
36.352	0.01805569	-5.8288644	0.028107886
36.48	0.018288321	-5.8291615	0.026262225
36.608	0.017782064	-5.82875	0.027700584
36.736	0.017945864	-5.8288294	0.025531532
36.864	0.01845011	-5.8295389	0.023295952
36.992	0.017696934	-5.8291042	0.027565998
37.12	0.017705114	-5.829058	0.025445386
37.248	0.017799817	-5.8289609	0.024871781
37.376	0.017688156	-5.8291929	0.022329364
37.504	0.017706395	-5.8293957	0.023022196
37.632	0.01734718	-5.8292948	0.023517869
37.76	0.017689801	-5.8295486	0.021996274
37.888	0.016847999	-5.8290799	0.026989616
38.016	0.01734814	-5.8295081	0.022876566
38.144	0.017555325	-5.8296802	0.022158613
38.272	0.017589947	-5.8297224	0.023744828
38.4	0.017191545	-5.8294043	0.024255925
38.528	0.017257604	-5.8295993	0.022126392
38.656	0.017298486	-5.8296672	0.021985219
38.784	0.017437469	-5.8294065	0.021366787
38.912	0.017541281	-5.8293847	0.022549044
39.04	0.017759303	-5.8295356	0.023639973
39.168	0.017829249	-5.8293736	0.020639821
39.296	0.017620648	-5.8291819	0.022189213
39.424	0.017636762	-5.8289084	0.024597742
39.552	0.017395095	-5.8289473	0.023292418
39.68	0.017876442	-5.8292906	0.02264706
39.808	0.017827893	-5.8291181	0.025515639
39.936	0.017801834	-5.8287232	0.029049732
40.064	0.01860113	-5.8294535	0.025694575
40.192	0.017980987	-5.8288408	0.025821282
40.32	0.018260115	-5.8290135	0.026113324
40.448	0.018435046	-5.8290045	0.027311353
40.576	0.018076281	-5.8283407	0.028909768
40.704	0.01821377	-5.8284034	0.026620889
40.832	0.01860572	-5.8287461	0.026807334
40.96	0.018489659	-5.8288915	0.027469615
41.088	0.018560437	-5.8286533	0.026351674
41.216	0.018996185	-5.8289665	0.02614484
41.344	0.01867931	-5.828497	0.026129963
41.472	0.018457076	-5.8282034	0.027015325
41.6	0.01860392	-5.8281766	0.025578106
41.728	0.018705435	-5.8283275	0.023683981
41.856	0.018277327	-5.8279313	0.024280736
41.984	0.018512031	-5.828428	0.026460683
42.112	0.018668194	-5.8284745	0.027729439
42.24	0.018703661	-5.8284304	0.02395518
42.368	0.018601266	-5.8283391	0.024348544
42.496	0.018422697	-5.8283791	0.025949157
42.624	0.017973787	-5.8281643	0.025897069
42.752	0.018358135	-5.8288471	0.023507625
42.88	0.018229351	-5.8291111	0.023879235
43.008	0.017933122	-5.8287815	0.024270582
43.136	0.018083314	-5.8292369	0.023578833
43.264	0.017999253	-5.8294801	0.025045346
43.392	0.018081999	-5.8299363	0.022842869
43.52	0.017609988	-5.8296325	0.02219618
43.648	0.017578322	-5.8294499	0.025888489
43.776	0.017541198	-5.8295279	0.021570465
43.904	0.017426387	-5.8296497	0.020944268
44.032	0.017243167	-5.8296663	0.022110243
44.16	0.01754651	-5.8299614	0.020492825
44.288	0.017186199	-5.8298943	0.021015166
44.416	0.017130292	-5.8297556	0.020481457
44.544	0.017325728	-5.83003	0.020113218
44.672	0.017214348	-5.830094	0.022238431
44.8	0.017268718	-5.829727	0.021116479
44.928	0.017502739	-5.8299678	0.0223581
45.056	0.017037804	-5.829421	0.027536606
45.184	0.017249338	-5.8296687	0.023472776
45.312	0.017448919	-5.8295617	0.021186634
45.44	0.017275278	-5.8294726	0.022125223
45.568	0.017425985	-5.8296631	0.023235839
45.696	0.017657735	-5.8297658	0.025183836
45.824	0.017795573	-5.8294957	0.024580829
45.952	0.017990254	-5.8293258	0.024860857
46.08	0.01751346	-5.8287194	0.025713345
46.208	0.018285127	-5.8295728	0.024544713
46.336	0.01795184	-5.8289671	0.023338065
46.464	0.018203333	-5.8288228	0.022647519
46.592	0.018370304	-5.8286762	0.026826572
46.72	0.018441659	-5.8290069	0.026854657
46.848	0.018276406	-5.8283322	0.027621825
46.976	0.018276515	-5.8285048	0.028350766
47.104	0.018662885	-5.8285475	0.026926566
47.232	0.018847494	-5.828597	0.025980234
47.36	0.018768834	-5.8283392	0.025395615
47.488	0.018879019	-5.8285816	0.02503926
47.616	0.018559379	-5.8281406	0.028089926
47.744	0.018629251	-5.828697	0.028180766
47.872	0.018607335	-5.828847	0.025691053
48	0.018540499	-5.8286963	0.024161734
48.128	0.018590733	-5.8287614	0.02557184
48.256	0.019021353	-5.8290137	0.025134116
48.384	0.018703486	-5.8285462	0.025905843
48.512	0.018552316	-5.8282925	0.025024969
48.64	0.018407324	-5.8284795	0.022024946
48.768	0.018245417	-5.8285014	0.024379216
48.896	0.018370676	-5.8289838	0.025188125
49.024	0.018573055	-5.8293633	0.020215134
49.152	0.018079485	-5.8288434	0.021012654
49.28	0.018190099	-5.8291803	0.021275211
49.408	0.017858527	-5.8291798	0.023338326
49.536	0.017884802	-5.8295072	0.023922213
49.664	0.017764296	-5.8296059	0.025620789
49.792	0.017747428	-5.8296623	0.025043926
49.92	0.017608377	-5.8298419	0.024940112
50.048	0.017615411	-5.8298344	0.024088629
50.176	0.01769472	-5.8303082	0.022518392
50.304	0.017314999	-5.82997	0.02305986
50.432	0.017147566	-5.8298077	0.023240845
50.56	0.017578677	-5.8304822	0.020509826
50.688	0.017565029	-5.8304677	0.019594654
50.816	0.016906413	-5.8297926	0.02265386
50.944	0.017448195	-5.8302951	0.024209289
51.072	0.017241188	-5.8298286	0.025660089
51.2	0.017335352	-5.8302059	0.022909456
51.328	0.017442282	-5.830267	0.022551123
51.456	0.017224914	-5.8297107	0.022135236
51.584	0.017155337	-5.8296563	0.022207876
51.712	0.017292571	-5.8295004	0.024211253
51.84	0.01762301	-5.8296906	0.022469894
51.968	0.017159291	-5.8293916	0.025020603
52.096	0.017884392	-5.8298783	0.023952223
52.224	0.017510739	-5.829463	0.024832349
52.352	0.017778495	-5.8295768	0.025220656
52.48	0.018051172	-5.8298302	0.024316087
52.608	0.01790678	-5.8295328	0.024726175
52.736	0.01834547	-5.8295785	0.025166566
52.864	0.018210913	-5.8292013	0.025045597
52.992	0.018314282	-5.8288663	0.025134586
53.12	0.01829816	-5.8289533	0.026867496
53.248	0.018363099	-5.8291421	0.027540878
53.376	0.01877517	-5.8292992	0.025049276
53.504	0.018597471	-5.8291178	0.028269753
53.632	0.018467412	-5.8286909	0.030718536
53.76	0.018857827	-5.8288834	0.027187504
53.888	0.01875207	-5.8285602	0.026286092
54.016	0.018575939	-5.8283838	0.025810054
54.144	0.018858727	-5.8288852	0.024637311
54.272	0.018619418	-5.8287286	0.026975051
54.4	0.018448419	-5.8283138	0.026818763
54.528	0.018868638	-5.828944	0.022175801
54.656	0.018879616	-5.8288276	0.026352583
54.784	0.018445929	-5.8283756	0.026830979
54.912	0.018475436	-5.8285145	0.024285996
55.04	0.01875162	-5.8292061	0.024633506
55.168	0.018253671	-5.8285418	0.024985266
55.296	0.018360621	-5.8290115	0.024490381
55.424	0.018160563	-5.8290715	0.023888771
55.552	0.01794947	-5.828887	0.025831082
55.68	0.018041222	-5.8293046	0.026384121
55.808	0.018310147	-5.8297688	0.023984127
55.936	0.017859565	-5.8291794	0.023033189
56.064	0.017622217	-5.8292523	0.024554184
56.192	0.017683272	-5.8295192	0.025404105
56.32	0.017468935	-5.8296512	0.024953672
56.448	0.017542683	-5.8299047	0.02204773
56.576	0.017816965	-5.8301534	0.022708794
56.704	0.017193493	-5.8296548	0.023809291
56.832	0.017548156	-5.8300389	0.022587307
56.96	0.017256	-5.8299632	0.022689271
57.088	0.017193	-5.8298139	0.02291612
57.216	0.017263403	-5.8300281	0.023318548
57.344	0.017381602	-5.8300773	0.021727051
57.472	0.017117452	-5.8297386	0.022203346
57.6	0.017206661	-5.8297749	0.024065007
57.728	0.017229953	-5.8298616	0.022730128
57.856	0.01741903	-5.8299511	0.020835641
57.984	0.016994924	-5.829331	0.024116966
58.112	0.017502762	-5.8300828	0.023008681
58.24	0.017827922	-5.8299998	0.023358636
58.368	0.017841326	-5.8301815	0.020948396
58.496	0.017527738	-5.8294694	0.019141915
58.624	0.017832637	-5.829408	0.022235314
58.752	0.017882831	-5.8291904	0.024479663
58.88	0.017811905	-5.8290221	0.025730529
59.008	0.018294528	-5.8292709	0.025699419
59.136	0.018024451	-5.8291992	0.026886856
59.264	0.018190441	-5.8291109	0.027844378
59.392	0.018235297	-5.8288409	0.028270291
59.52	0.018376088	-5.8286932	0.027552618
59.648	0.018533771	-5.8286511	0.026839864
59.776	0.018465713	-5.8287154	0.026072511
59.904	0.018616559	-5.8287081	0.027523277
60.032	0.018429529	-5.8288675	0.029331646
60.16	0.018998512	-5.8290359	0.025966391
60.288	0.018440541	-5.8283338	0.026960626
60.416	0.018749344	-5.8287897	0.025424749
60.544	0.018586452	-5.828604	0.024206411
60.672	0.019084743	-5.8291532	0.025175653
60.8	0.018538162	-5.8285226	0.030312394
60.928	0.018609945	-5.8284871	0.026100425
61.056	0.018788181	-5.828822	0.027762212
61.184	0.018475583	-5.8285455	0.027204632
61.312	0.018639794	-5.8289517	0.023199252
61.44	0.018215835	-5.828639	0.024840263
61.568	0.018493386	-5.8291892	0.022576033
61.696	0.018061726	-5.8290884	0.027007686
61.824	0.018338505	-5.8295449	0.024448725
61.952	0.01786234	-5.8293685	0.023905753
62.08	0.017841561	-5.8293648	0.02314867
62.208	0.017834409	-5.8294595	0.024657116
62.336	0.017902025	-5.8296464	0.024195308
62.464	0.017811889	-5.8298465	0.024519064
62.592	0.017810687	-5.8298718	0.0218521
62.72	0.017729943	-5.8300961	0.021714068
62.848	0.017422929	-5.8297492	0.024235393
62.976	0.017283491	-5.8297697	0.024550279
63.104	0.017613505	-5.8305175	0.02298814
63.232	0.017386201	-5.8302013	0.02424268
63.36	0.017392203	-5.8303504	0.023401545
63.488	0.017239817	-5.8301304	0.022367323
63.616	0.017241057	-5.8299045	0.021326397
63.744	0.017356036	-5.8299779	0.021169652
63.872	0.017378479	-5.8302651	0.021506928
64	0.017214599	-5.8300122	0.02125973
64.128	0.01757441	-5.8301956	0.021155444
64.256	0.017499325	-5.830252	0.022318981
64.384	0.017242698	-5.8299039	0.024117022
64.512	0.017259791	-5.8295895	0.026780429
64.64	0.017654419	-5.8301955	0.023094125
64.768	0.017765576	-5.8299728	0.020785285
64.896	0.017619973	-5.8293828	0.023232635
65.024	0.017747079	-5.8291915	0.023910535
65.152	0.018064481	-5.8294414	0.022927798
65.28	0.018377792	-5.8294594	0.022105041
65.408	0.018249483	-5.829357	0.023732448
65.536	0.018024179	-5.8288689	0.027247388
65.664	0.018474462	-5.8292005	0.026449301
65.792	0.018217573	-5.828828	0.025901908
65.92	0.018543825	-5.8289332	0.027730896
66.048	0.018485943	-5.8287518	0.026806089
66.176	0.018733974	-5.8286241	0.026391974
66.304	0.018779868	-5.828838	0.027579836
66.432	0.018418515	-5.8284099	0.027796265
66.56	0.018442812	-5.8284568	0.027112397
66.688	0.019060813	-5.8290457	0.026945735
66.816	0.018668153	-5.8286136	0.028269746
66.944	0.01873348	-5.8285201	0.025265064
67.072	0.018577377	-5.828687	0.025652761
67.2	0.018786171	-5.8288496	0.02634932
67.328	0.018544551	-5.8285425	0.02864848
67.456	0.018601901	-5.8288053	0.025340324
67.584	0.018505154	-5.8286884	0.024709521
67.712	0.018099468	-5.8284053	0.028459994
67.84	0.018400889	-5.8289527	0.024446823
67.968	0.018328323	-5.8291367	0.021592718
68.096	0.018219121	-5.8293099	0.023296434
68.224	0.017825805	-5.8291413	0.027336612
68.352	0.018082113	-5.8295243	0.02443568
68.48	0.017906719	-5.8295297	0.024586854
68.608	0.018044025	-5.829876	0.02330782
68.736	0.017658355	-5.8295833	0.023389648
68.864	0.017691738	-5.8295597	0.023039993
68.992	0.01755538	-5.8295229	0.021349865
69.12	0.017355625	-5.8295466	0.022324682
69.248	0.017646794	-5.8301462	0.0211133
69.376	0.017316095	-5.830072	0.021697471
69.504	0.017372062	-5.8300511	0.02134787
69.632	0.017194854	-5.8299507	0.024418986
69.76	0.017329251	-5.829964	0.023300116
69.888	0.017307992	-5.830292	0.020667326
70.016	0.017338973	-5.8301277	0.023173846
70.144	0.017209003	-5.8297677	0.02545244
70.272	0.017414691	-5.8300519	0.022662072
70.4	0.017370683	-5.8299935	0.023507524
70.528	0.017519409	-5.8303778	0.025498912
70.656	0.017453975	-5.8300822	0.023712192
70.784	0.017423195	-5.8298459	0.024525453
70.912	0.017396351	-5.8293841	0.022709295
71.04	0.017920389	-5.8298383	0.022788227
71.168	0.017416745	-5.8290518	0.028785466
71.296	0.017991925	-5.8295357	0.025562297
71.424	0.017774016	-5.8291278	0.026698325
71.552	0.017996972	-5.8292256	0.024254665
71.68	0.018117798	-5.8291443	0.023695932
71.808	0.018307568	-5.8293843	0.024643781
71.936	0.018361638	-5.829398	0.024303493
72.064	0.018487954	-5.8291272	0.02285157
72.192	0.018132988	-5.8290372	0.026155391
72.32	0.018296041	-5.8288506	0.026830103
72.448	0.018533787	-5.8285933	0.024821166
72.576	0.018930249	-5.8290721	0.023267596
72.704	0.018493501	-5.8284803	0.025274672
72.832	0.018745293	-5.828533	0.027229751
72.96	0.018651683	-5.8285243	0.027993712
73.088	0.018449507	-5.8285117	0.025936312
73.216	0.018775541	-5.8286155	0.024554297
73.344	0.018721614	-5.8282818	0.024577157
73.472	0.018423647	-5.8282045	0.025448639
73.6	0.018618773	-5.8287984	0.025957932
73.728	0.018551976	-5.8289099	0.026624172
73.856	0.01869515	-5.8289685	0.026069036
73.984	0.018298987	-5.8285783	0.028941783
74.112	0.018526478	-5.8291049	0.028437368
74.24	0.018289521	-5.8290174	0.026980581
74.368	0.018369306	-5.8295409	0.026716984
74.496	0.017885494	-5.8289086	0.025515966
74.624	0.01801378	-5.8295587	0.023529224
74.752	0.01814822	-5.8294804	0.024415122
74.88	0.017813158	-5.8291864	0.024102564
75.008	0.017689818	-5.8294047	0.02439084
75.136	0.017715804	-5.8300119	0.024943385
75.264	0.01731936	-5.829778	0.023843172
75.392	0.017506267	-5.8300558	0.025316013
75.52	0.01763536	-5.830123	0.022787187
75.648	0.017404623	-5.8301309	0.022980294
75.776	0.017209653	-5.8300029	0.023028077
75.904	0.017652959	-5.8303706	0.020982511
76.032	0.017415158	-5.8301474	0.02328964
76.16	0.017294374	-5.8297975	0.022467847
76.288	0.017441806	-5.8303837	0.020612588
76.416	0.017116758	-5.8298381	0.021820447
76.544	0.017336261	-5.8297421	0.021087058
76.672	0.017257641	-5.8295981	0.023457581
76.8	0.017426355	-5.8296711	0.023354283
76.928	0.017237035	-5.8296624	0.023243009
77.056	0.017519742	-5.82988	0.021120824
77.184	0.017530342	-5.8295726	0.022196134
77.312	0.01770035	-5.8298421	0.022847687
77.44	0.017712498	-5.8296041	0.022807021
77.568	0.017915174	-5.8295463	0.024514686
77.696	0.017969478	-5.8292579	0.024651862
77.824	0.017854955	-5.8292193	0.025417828
77.952	0.018130847	-5.8293126	0.024239076
78.08	0.018376213	-5.8297977	0.022807523
78.208	0.018135218	-5.8290293	0.027528612
78.336	0.018243467	-5.8288023	0.027908966
78.464	0.018334859	-5.8287853	0.027101148
78.592	0.018589912	-5.8290395	0.025055603
78.72	0.018761379	-5.8289443	0.025464793
78.848	0.018445728	-5.8284524	0.026501151
78.976	0.018834273	-5.8288227	0.025306948
79.104	0.01862463	-5.8284593	0.028329647
79.232	0.018493257	-5.828365	0.028873476
79.36	0.018829521	-5.8290009	0.02534853
79.488	0.018898494	-5.8289942	0.024933599
79.616	0.018778886	-5.8289072	0.025439457
79.744	0.018378627	-5.8284922	0.025889671
79.872	0.018775369	-5.8291132	0.025876181
80	0.01833127	-5.8287076	0.029839486
80.128	0.018625773	-5.8288343	0.026980018
80.256	0.018232032	-5.8285485	0.024676744
80.384	0.01865312	-5.8289875	0.023987921
80.512	0.018115367	-5.8288901	0.026845728
80.64	0.018272232	-5.8290492	0.027217969
80.768	0.018099394	-5.8289176	0.026108787
80.896	0.018120545	-5.8293062	0.026148755
81.024	0.017935961	-5.8291813	0.022740408
81.152	0.017815889	-5.8293331	0.020508573
81.28	0.01784382	-5.8294619	0.023021465
81.408	0.017661981	-5.829525	0.021595481
81.536	0.017673548	-5.8296062	0.020991356
81.664	0.017418559	-5.8294198	0.024595416
81.792	0.017346334	-5.8296293	0.021308738
81.92	0.017590001	-5.8303296	0.01908791
82.048	0.017168195	-5.8299139	0.025723867
82.176	0.017541024	-5.8302751	0.025130283
82.304	0.017417244	-5.8300751	0.024141533
82.432	0.017436372	-5.8300836	0.02238935
82.56	0.017303686	-5.8296765	0.020751991
82.688	0.017282181	-5.8299037	0.024118956
82.816	0.017110279	-5.8298093	0.024726286
82.944	0.017367109	-5.8300681	0.022146386
83.072	0.017388796	-5.8297831	0.022528714
83.2	0.017191309	-5.8296143	0.022403437
83.328	0.017633563	-5.8299325	0.023386186
83.456	0.017628147	-5.8298333	0.02511984
83.584	0.017612241	-5.8294524	0.02440013
83.712	0.017920392	-5.8298716	0.025467921
83.84	0.01763182	-5.8294079	0.02612559
83.968	0.017832733	-5.8295864	0.024680641
84.096	0.017925893	-5.829323	0.023898022
84.224	0.018022098	-5.8292284	0.024648856
84.352	0.018241289	-5.8295768	0.023392472
84.48	0.018086758	-5.8291611	0.023702742
84.608	0.018372016	-5.8290178	0.026204405
84.736	0.018332679	-5.8288319	0.026519975
84.864	0.018250601	-5.8288067	0.02513715
84.992	0.018545992	-5.8289358	0.024323644
85.12	0.018444566	-5.828678	0.02861774
85.248	0.018649601	-5.828771	0.027640202
85.376	0.01866879	-5.8288583	0.023740875
85.504	0.018915678	-5.8289509	0.025006377
85.632	0.0186844	-5.8285432	0.027439685
85.76	0.018725159	-5.8285825	0.023122414
85.888	0.018684982	-5.8285908	0.023030751
86.016	0.018731868	-5.8285467	0.023917153
86.144	0.018531839	-5.8285278	0.026027988
86.272	0.018726207	-5.8289487	0.028227449
86.4	0.018582824	-5.8289519	0.028156149
86.528	0.018325186	-5.828836	0.025985772
86.656	0.018463139	-5.8290107	0.02410732
86.784	0.018444675	-5.8289374	0.027535688
86.912	0.018369498	-5.8293707	0.025233222
87.04	0.018476242	-5.8295245	0.022401968
87.168	0.01754254	-5.8287731	0.024854782
87.296	0.01812093	-5.8295251	0.024402407
87.424	0.018027806	-5.829502	0.027895715
87.552	0.017800773	-5.8294696	0.02591364
87.68	0.017850437	-5.8292768	0.025517815
87.808	0.01749393	-5.8293135	0.024417728
87.936	0.017683553	-5.8297796	0.023683296
88.064	0.017451876	-5.8298299	0.022121925
88.192	0.017571536	-5.8299105	0.021360294
88.32	0.017552931	-5.8300348	0.023870325
88.448	0.017243145	-5.8299046	0.026146406
88.576	0.017547006	-5.8302785	0.020851315
88.704	0.017141596	-5.8300231	0.021831315
88.832	0.017202446	-5.8298431	0.025787496
88.96	0.017341884	-5.8299595	0.023253241
89.088	0.017406692	-5.8299713	0.02347483
89.216	0.017362565	-5.8302597	0.023633163
89.344	0.017428857	-5.8300469	0.022223627
89.472	0.017196413	-5.8298294	0.023854537
89.6	0.017084697	-5.8295011	0.022757817
89.728	0.018001192	-5.8301614	0.023175614
89.856	0.01753933	-5.8293698	0.026239394
89.984	0.017571933	-5.8297726	0.026871645
90.112	0.017711771	-5.8299252	0.023776447
90.24	0.017831382	-5.8295857	0.025416201
90.368	0.017803354	-5.8294648	0.024000974
90.496	0.018280643	-5.8295972	0.021339194
90.624	0.017887774	-5.828922	0.025882383
90.752	0.018100174	-5.8288756	0.024477509
90.88	0.018154984	-5.8287476	0.026996755
91.008	0.018415312	-5.8290208	0.026355877
91.136	0.018458534	-5.8290064	0.027423155
91.264	0.018764565	-5.829224	0.029076817
91.392	0.018476578	-5.8287597	0.027912718
91.52	0.018534205	-5.8285682	0.025487888
91.648	0.018296832	-5.8282821	0.025616783
91.776	0.018808577	-5.8286987	0.023974535
91.904	0.018615583	-5.828441	0.026197601
92.032	0.018726865	-5.828423	0.027639336
92.16	0.018414897	-5.8281129	0.027569799
92.288	0.018908819	-5.8286364	0.0269403
92.416	0.018453543	-5.8282508	0.029197854
92.544	0.018708577	-5.8285337	0.026284359
92.672	0.0185214	-5.8287437	0.025880326
92.8	0.01829181	-5.8287195	0.026859539
92.928	0.018381873	-5.8288107	0.028344179
93.056	0.0183993	-5.8290205	0.029224332
93.184	0.018444487	-5.8291398	0.025876175
93.312	0.018153835	-5.829422	0.023775824
93.44	0.018087936	-5.829404	0.024686488
93.568	0.018105498	-5.829579	0.024903618
93.696	0.01807927	-5.8295681	0.023256103
93.824	0.017485816	-5.8291979	0.023637618
93.952	0.017800058	-5.8294689	0.024254568
94.08	0.01769076	-5.829512	0.023399831
94.208	0.017685202	-5.8296862	0.022610391
94.336	0.017719251	-5.8299081	0.023026608
94.464	0.017227982	-5.829423	0.023458774
94.592	0.017337283	-5.8296126	0.024549295
94.72	0.017418405	-5.8297345	0.025427483
94.848	0.017522601	-5.8300543	0.02376702
94.976	0.017436729	-5.8302606	0.021088288
95.104	0.017170839	-5.8297868	0.021994287
95.232	0.017279297	-5.8295798	0.024005439
95.36	0.017521908	-5.82991	0.022228256
95.488	0.017240241	-5.8299541	0.021958302
95.616	0.017256663	-5.8301382	0.024286463
95.744	0.017306564	-5.8298155	0.024055654
95.872	0.017715683	-5.8304505	0.021889491
96	0.017802758	-5.8302824	0.021737358
96.128	0.017365552	-5.829799	0.021506159
96.256	0.01791078	-5.8299359	0.021416154
96.384	0.017718355	-5.8297681	0.023956625
96.512	0.017805315	-5.8297217	0.026250836
96.64	0.017650544	-5.8293537	0.027920008
96.768	0.018055857	-5.8291499	0.026428004
96.896	0.018001998	-5.82947	0.028140599
97.024	0.018129789	-5.8292008	0.026887126
97.152	0.018259166	-5.8291779	0.024280588
97.28	0.018132526	-5.8287209	0.024342733
97.408	0.018485738	-5.8290185	0.023774512
97.536	0.018487933	-5.8286643	0.026580509
97.664	0.01866849	-5.8290784	0.026266928
97.792	0.018589641	-5.8288373	0.026710891
97.92	0.018236912	-5.8283832	0.027997427
98.048	0.018524146	-5.8283523	0.027529318
98.176	0.018446183	-5.8283383	0.024254258
98.304	0.018853922	-5.8289043	0.024001021
98.432	0.018695267	-5.828761	0.027668386
98.56	0.018506594	-5.8285885	0.026189873
98.688	0.018881856	-5.8285979	0.025424941
98.816	0.018465801	-5.8285877	0.027611171
98.944	0.018585103	-5.8291215	0.024900895
99.072	0.018524526	-5.8289491	0.027123531
99.2	0.018331976	-5.8288997	0.029048199
99.328	0.018547808	-5.829326	0.026160695
99.456	0.018367586	-5.8292267	0.026581997
99.584	0.018335127	-5.8290395	0.025888006
99.712	0.018147794	-5.8292662	0.026127509
99.84	0.017963406	-5.828993	0.027400893
99.968	0.018049967	-5.8293939	0.023624872
100.096	0.017732026	-5.8291981	0.025460385
100.224	0.017823409	-5.8292913	0.023421827
100.352	0.017914536	-5.8296251	0.020715518
100.48	0.017573803	-5.8292959	0.023916708
100.608	0.017579439	-5.8294978	0.022755708
100.736	0.017621191	-5.8297879	0.022736759
100.864	0.017471282	-5.8297657	0.024707105
100.992	0.017627088	-5.8301391	0.021381226
101.12	0.017136948	-5.8298733	0.021840885
101.248	0.017276507	-5.8298901	0.02167125
101.376	0.017295746	-5.8299917	0.023073686
101.504	0.017453128	-5.8299784	0.023396562
101.632	0.017249394	-5.8296799	0.023657084
101.76	0.017588102	-5.8299789	0.023867196
101.888	0.017375732	-5.829724	0.022347413
102.016	0.017457639	-5.8300538	0.022832049
102.144	0.017332567	-5.82999	0.026268148
102.272	0.017403119	-5.8298032	0.02241872
102.4	0.017662525	-5.8298236	0.024700023
102.528	0.017556972	-5.8295125	0.025515442
102.656	0.017836542	-5.8295812	0.024041598
102.784	0.017745895	-5.8294379	0.025472027
102.912	0.017877527	-5.8292019	0.025403302
103.04	0.018019464	-5.8292883	0.025991654
103.168	0.018024037	-5.8293976	0.024377704
103.296	0.018120589	-5.8291708	0.02593736
103.424	0.018278567	-5.8290345	0.024395442
103.552	0.018012965	-5.8289094	0.024651806
103.68	0.01874095	-5.8293678	0.022885578
103.808	0.01853465	-5.8287165	0.023867999
103.936	0.018293284	-5.8287216	0.027685511
104.064	0.018625642	-5.8290549	0.029065117
104.192	0.01864633	-5.8289067	0.028788747
104.32	0.01874191	-5.8289051	0.025529919
104.448	0.018375496	-5.8285788	0.026491492
104.576	0.018698792	-5.8286151	0.025734166
104.704	0.018325068	-5.8282376	0.025382431
104.832	0.018877921	-5.8286619	0.02734508
104.96	0.018825546	-5.828837	0.026866651
105.088	0.018520058	-5.828713	0.026021647
105.216	0.018331797	-5.828609	0.029269373
105.344	0.018291719	-5.8286451	0.026942372
105.472	0.018613959	-5.8292275	0.02384924
105.6	0.018298833	-5.828937	0.02586947
105.728	0.018347987	-5.8291208	0.024181065
105.856	0.018164955	-5.8291873	0.023572091
105.984	0.018067312	-5.8290559	0.023574197
106.112	0.018355499	-5.8297194	0.024999441
106.24	0.017669676	-5.8290103	0.02453009
106.368	0.01796741	-5.8293846	0.021105131
106.496	0.017948614	-5.8291753	0.021685614
106.624	0.017863801	-5.8295382	0.024704004
106.752	0.01781287	-5.82963	0.023067822
106.88	0.017303621	-5.8296713	0.023647584
107.008	0.017499656	-5.8300533	0.026739628
107.136	0.017976011	-5.8302326	0.023847254
107.264	0.017288506	-5.8298343	0.023584132
107.392	0.017296082	-5.8298341	0.021859718
107.52	0.017521838	-5.8300285	0.019199845
107.648	0.017234813	-5.8296976	0.021775725
107.776	0.017476139	-5.830237	0.023842543
107.904	0.017343696	-5.8302064	0.022577535
108.032	0.017038229	-5.8297761	0.024677042
108.16	0.017590352	-5.8304164	0.02311583
108.288	0.017481263	-5.8301508	0.02259451
108.416	0.017705031	-5.8301715	0.022207972
108.544	0.017676672	-5.829921	0.023577313
108.672	0.017255108	-5.8293146	0.023910769
108.8	0.017761782	-5.8297955	0.021831351
108.928	0.017710926	-5.8296325	0.023526731
109.056	0.017857931	-5.8296003	0.023726533
109.184	0.017715663	-5.8290335	0.023929286
109.312	0.017839007	-5.829271	0.022511712
109.44	0.018169405	-5.8295464	0.024746637
109.568	0.018248776	-5.8294344	0.026599806
109.696	0.018066672	-5.8290756	0.026282258
109.824	0.018121981	-5.8289321	0.026613847
109.952	0.018631006	-5.8291015	0.02653344
110.08	0.018024494	-5.8284062	0.028205997
110.208	0.018618856	-5.8290333	0.022574813
110.336	0.018221545	-5.8286841	0.026856516
110.464	0.01851491	-5.8288846	0.028405395
110.592	0.0186589	-5.8288173	0.024645358
110.72	0.018467171	-5.828682	0.02772151
110.848	0.018878026	-5.8290215	0.023791404
110.976	0.018631313	-5.828804	0.026370759
111.104	0.018624435	-5.8289233	0.026849307
111.232	0.018523798	-5.828826	0.02477305
111.36	0.018654491	-5.8290259	0.022465996
111.488	0.0186432	-5.828988	0.023130416
111.616	0.018651403	-5.8292577	0.025290512
111.744	0.018662215	-5.829106	0.026584073
111.872	0.0183552	-5.8289141	0.029017416
112	0.018323116	-5.8289104	0.027658542
112.128	0.018025122	-5.8288405	0.025146593
112.256	0.01849181	-5.8292402	0.024634346
112.384	0.017796022	-5.8288111	0.02746511
112.512	0.018101823	-5.8293314	0.02544374
112.64	0.01795448	-5.829491	0.024468498
112.768	0.017688913	-5.8295149	0.024978418
112.896	0.017891358	-5.82965	0.022730236
113.024	0.017550614	-5.8294878	0.023465772
113.152	0.017782763	-5.8297167	0.024175618
113.28	0.017461506	-5.82976	0.024556269
113.408	0.01784891	-5.829906	0.020267813
113.536	0.017027845	-5.8292453	0.023176585
113.664	0.017621832	-5.8298787	0.021373532
113.792	0.01729975	-5.8296925	0.020994166
113.92	0.017424768	-5.8299093	0.02295106
114.048	0.017375092	-5.8300488	0.022495188
114.176	0.017379532	-5.8298178	0.022035155
114.304	0.017477824	-5.8299492	0.023582011
114.432	0.017298307	-5.82968	0.026297229
114.56	0.017540907	-5.8299671	0.026143136
114.688	0.017393406	-5.8298694	0.024906819
114.816	0.017544403	-5.8299172	0.023355925
114.944	0.017561566	-5.8298074	0.022838496
115.072	0.01782383	-5.83031	0.021697245
115.2	0.01751932	-5.8297634	0.023810343
115.328	0.017848263	-5.8298069	0.021786364
115.456	0.018128825	-5.8297903	0.023118533
115.584	0.017841651	-5.8291965	0.025961684
115.712	0.017884124	-5.8294929	0.025412191
115.84	0.01810348	-5.8294196	0.023081791
115.968	0.017999999	-5.8292507	0.024822884
116.096	0.01830681	-5.8293874	0.025740573
116.224	0.018181337	-5.8290679	0.023847769
116.352	0.018551068	-5.8291269	0.02501485
116.48	0.01845821	-5.8291298	0.027051602
116.608	0.018262423	-5.8287478	0.028773709
116.736	0.01845276	-5.8287462	0.027180538
116.864	0.018773295	-5.829022	0.026194474
116.992	0.01848126	-5.828832	0.025833174
117.12	0.018647898	-5.8287947	0.023422265
117.248	0.018436127	-5.8283614	0.027177224
117.376	0.018950339	-5.8289995	0.028323884
117.504	0.018737319	-5.8288082	0.028002469
117.632	0.018722434	-5.8287057	0.026754394
117.76	0.018439401	-5.8286417	0.024868793
117.888	0.018789732	-5.8290875	0.023787339
118.016	0.018209674	-5.8284692	0.026795284
118.144	0.018232193	-5.8287561	0.023321748
118.272	0.018732061	-5.8293775	0.021011607
118.4	0.018047616	-5.8288637	0.022898366
118.528	0.01824496	-5.8292147	0.0228306
118.656	0.018300174	-5.8293067	0.022916273
118.784	0.018039136	-5.8293176	0.024509541
118.912	0.017903908	-5.8294563	0.021362614
119.04	0.017832721	-5.8296266	0.023781251
119.168	0.018134959	-5.8298445	0.025762892
119.296	0.017717796	-5.8295691	0.025028079
119.424	0.017576573	-5.8295039	0.024875586
119.552	0.017473022	-5.8292906	0.025871202
119.68	0.017634105	-5.8297049	0.024658707
119.808	0.017327683	-5.8295937	0.025002266
119.936	0.017533655	-5.8298488	0.025014924
120.064	0.017472152	-5.829994	0.025004953
120.192	0.01728838	-5.8297375	0.024534332
120.32	0.017720501	-5.8302532	0.022408726
120.448	0.017264231	-5.8297534	0.02224631
120.576	0.017090375	-5.8297414	0.021374928
120.704	0.017217095	-5.8298124	0.020538408
120.832	0.017728141	-5.8300289	0.019873608
120.96	0.017389345	-5.8297905	0.021045987
121.088	0.017376039	-5.8297404	0.024526848
121.216	0.017577514	-5.8298128	0.022393485
121.344	0.017499823	-5.8296773	0.022416577
121.472	0.017635993	-5.8297203	0.023146918
121.6	0.017788997	-5.8296606	0.021964242
121.728	0.017857192	-5.8299362	0.022823458
121.856	0.017891516	-5.8296419	0.020531157
121.984	0.017997886	-5.8297484	0.021925282
122.112	0.018085246	-5.8293162	0.026225618
122.24	0.017960313	-5.8291736	0.026775272
122.368	0.017943987	-5.8288849	0.026388266
122.496	0.018110979	-5.8288692	0.025659551
122.624	0.018283347	-5.8288253	0.02561231
122.752	0.018357171	-5.8288474	0.027557745
122.88	0.018635502	-5.8291806	0.024862745
123.008	0.018576338	-5.8290187	0.027576454
123.136	0.018701429	-5.8288539	0.027796753
123.264	0.018774193	-5.8287987	0.026876858
123.392	0.018473314	-5.8285672	0.027471219
123.52	0.018555307	-5.828699	0.024037226
123.648	0.018374153	-5.8284548	0.024762012
123.776	0.018639808	-5.8285396	0.025607553
123.904	0.01881681	-5.8288947	0.024788496
124.032	0.018715456	-5.8290026	0.027168893
124.16	0.018658585	-5.828837	0.027953878
124.288	0.018560616	-5.8288145	0.025615657
124.416	0.018471615	-5.8288403	0.024776086
124.544	0.018232325	-5.8285981	0.026825257
124.672	0.018480717	-5.8292195	0.02566515
124.8	0.01814423	-5.8290949	0.023998971
124.928	0.018249882	-5.8293348	0.025346727
125.056	0.018135859	-5.8294809	0.024635392
125.184	0.0178677	-5.8291214	0.026227786
125.312	0.017941985	-5.8293509	0.027324245
125.44	0.017770331	-5.8294645	0.025291163
125.568	0.017905593	-5.8296767	0.024772234
125.696	0.017596917	-5.8296482	0.023986958
125.824	0.017527967	-5.8297062	0.02344837
125.952	0.017424112	-5.8299256	0.023581765
126.08	0.017502635	-5.8301653	0.024046871
126.208	0.017262209	-5.8295819	0.024859883
126.336	0.017772136	-5.829873	0.020149427
126.464	0.017286177	-5.8295446	0.024406787
126.592	0.017437643	-5.8299239	0.02366285
126.72	0.017221598	-5.8299605	0.023132988
126.848	0.017424853	-5.8300107	0.020560824
126.976	0.017109245	-5.8296816	0.023724801
127.104	0.017621602	-5.8301039	0.022957905
127.232	0.017473467	-5.8300789	0.023525495
127.36	0.017454139	-5.8298951	0.023692243
127.488	0.017692279	-5.829988	0.02194565
127.616	0.017135879	-5.8289507	0.024318038
127.744	0.017816168	-5.829686	0.02257638
127.872	0.017751184	-5.8296478	0.024825632
128	0.017821644	-5.8294514	0.023668998
128.128	0.01794381	-5.8296617	0.025734987
128.256	0.01818465	-5.8297277	0.026131868
128.384	0.017728454	-5.8292272	0.026280325
128.512	0.018261892	-5.8292876	0.024547806
128.64	0.018198264	-5.8287822	0.025016624
128.768	0.018064522	-5.8288353	0.024688434
128.896	0.018063985	-5.8286887	0.024781106
129.024	0.018313618	-5.828863	0.023144788
129.152	0.018499191	-5.8292054	0.024856335
129.28	0.01842453	-5.8289566	0.025433745
129.408	0.018334418	-5.828713	0.027987837
129.536	0.018729248	-5.8287332	0.027151864
129.664	0.018624511	-5.8287137	0.025901509
129.792	0.01871865	-5.8286732	0.026193605
129.92	0.018729172	-5.8288363	0.024556853
130.048	0.01874824	-5.8286455	0.024270048
130.176	0.018333567	-5.8285212	0.026576457
130.304	0.018575763	-5.8288391	0.027111785
130.432	0.018605484	-5.8288561	0.028627393
130.56	0.018434951	-5.8288536	0.026710472
130.688	0.018476505	-5.8291701	0.022080688
130.816	0.018597573	-5.8294052	0.024227721
130.944	0.018400445	-5.8293481	0.024431407
131.072	0.018289639	-5.8292058	0.023787417
131.2	0.018113723	-5.8292047	0.024066588
131.328	0.018095451	-5.8293729	0.024351221
131.456	0.017719643	-5.8289785	0.023871623
131.584	0.018218654	-5.8294457	0.02258412
131.712	0.017922219	-5.8296456	0.025986416
131.84	0.017582573	-5.8292972	0.026032418
131.968	0.017812594	-5.8297303	0.025546629
132.096	0.017938846	-5.8302144	0.024406329
132.224	0.017496205	-5.8296599	0.025033059
132.352	0.017622322	-5.8299565	0.021348658
132.48	0.017400695	-5.8298366	0.021491041
132.608	0.017591098	-5.8305057	0.023649971
132.736	0.017357095	-5.8301278	0.024091592
132.864	0.01743636	-5.8303052	0.023375575
132.992	0.017390073	-5.8299803	0.022666037
133.12	0.017490946	-5.8299139	0.023422543
133.248	0.017522624	-5.829888	0.021408392
133.376	0.017220173	-5.8297128	0.021454378
133.504	0.017294485	-5.8298465	0.020701655
133.632	0.017559564	-5.8300088	0.024350532
133.76	0.01767572	-5.8298534	0.022953707
133.888	0.017601639	-5.8294641	0.023775343
134.016	0.01760705	-5.8295101	0.023560265
134.144	0.017677374	-5.8294369	0.022491789
134.272	0.017366531	-5.829048	0.022937172
134.4	0.017700033	-5.8295588	0.02103525
134.528	0.018204389	-5.8297082	0.023809341
134.656	0.017869657	-5.8292555	0.025141238
134.784	0.018060791	-5.8296897	0.026580808
134.912	0.018094698	-5.829406	0.028362808
135.04	0.018192068	-5.8293829	0.026601869
135.168	0.018201976	-5.8290277	0.02572593
135.296	0.018637523	-5.8291618	0.02570483
135.424	0.018215735	-5.8287149	0.028590261
135.552	0.018542112	-5.8289565	0.025227021
135.68	0.018610243	-5.8287445	0.023603631
135.808	0.018641963	-5.8286262	0.02777151
135.936	0.018822956	-5.828772	0.025043583
136.064	0.018638846	-5.8284312	0.023705024
136.192	0.018622007	-5.8286024	0.026990883
136.32	0.018669218	-5.8288937	0.025333211
136.448	0.018779405	-5.8290196	0.025649166
136.576	0.018479162	-5.8285633	0.029615107
136.704	0.018585834	-5.8289285	0.02596387
136.832	0.018701353	-5.8291828	0.025361421
136.96	0.01852735	-5.8291684	0.024385116
137.088	0.018211533	-5.8287664	0.026827298
137.216	0.018361617	-5.8289921	0.024886032
137.344	0.018336835	-5.8289469	0.023291949
137.472	0.017967898	-5.8287363	0.026287042
137.6	0.017998651	-5.8289016	0.024626565
137.728	0.018099387	-5.8291291	0.023733646
137.856	0.0178079	-5.8293154	0.02517054
137.984	0.018116611	-5.829801	0.023969495
138.112	0.017708964	-5.8295045	0.023745974
138.24	0.017609808	-5.8294152	0.025286641
138.368	0.017575935	-5.8295046	0.02545578
138.496	0.017752987	-5.8298501	0.022065803
138.624	0.017616444	-5.8298336	0.023611216
138.752	0.017188146	-5.8298364	0.025083475
138.88	0.017565878	-5.8302322	0.024155503
139.008	0.017481541	-5.8298199	0.021530139
139.136	0.017293336	-5.8297228	0.021482522
139.264	0.017513261	-5.8302654	0.022658906
139.392	0.017612261	-5.8301174	0.023832805
139.52	0.017444763	-5.8302683	0.023254727
139.648	0.017261499	-5.8298381	0.020912353
139.776	0.017284087	-5.8295626	0.020335354
139.904	0.017296406	-5.8295791	0.021906785
140.032	0.017415389	-5.8298811	0.021728422
140.16	0.017882189	-5.8304173	0.022702228
140.288	0.017415111	-5.8297735	0.027871246
140.416	0.017630321	-5.8299071	0.023797994
140.544	0.018044171	-5.8299048	0.020736087
140.672	0.017828899	-5.829355	0.022251603
140.8	0.017962498	-5.8292595	0.025404534
140.928	0.017814126	-5.8290313	0.025115275
141.056	0.018070657	-5.829384	0.023967339
141.184	0.018013151	-5.8291259	0.025650203
141.312	0.018214491	-5.8295	0.024377347
141.44	0.018196358	-5.8290317	0.02654271
141.568	0.018464319	-5.829208	0.023517831
141.696	0.01843243	-5.8289439	0.023520203
141.824	0.018420565	-5.8287912	0.027032829
141.952	0.018690739	-5.8287745	0.024382534
142.08	0.018415413	-5.828414	0.025483019
142.208	0.018837821	-5.82885	0.024415165
142.336	0.018515991	-5.8286736	0.027728964
142.464	0.018704446	-5.8287775	0.02607552
142.592	0.018557773	-5.8287771	0.026179269
142.72	0.018536175	-5.828657	0.02815748
142.848	0.018507079	-5.8284871	0.027975271
142.976	0.018738671	-5.8288573	0.029396123
143.104	0.018542672	-5.8287577	0.027673313
143.232	0.018563947	-5.8290013	0.027163033
143.36	0.018335324	-5.8288714	0.027282921
143.488	0.018428201	-5.8289435	0.02610092
143.616	0.017982838	-5.8289751	0.027349431
143.744	0.018338284	-5.8296454	0.024285739
143.872	0.018261374	-5.8294458	0.024576112
144	0.017823309	-5.8292582	0.026261157
144.128	0.018046498	-5.8297516	0.024924527
144.256	0.017959048	-5.8296723	0.02500371
144.384	0.017867137	-5.8298607	0.025222026
144.512	0.017521168	-5.829613	0.025246559
144.64	0.017529649	-5.8296918	0.023291581
144.768	0.017727476	-5.829863	0.021779305
144.896	0.017488932	-5.8298753	0.022333257
145.024	0.017424424	-5.8300553	0.023763606
145.152	0.017669917	-5.8304408	0.020193639
145.28	0.017414016	-5.8300316	0.022262373
145.408	0.017349725	-5.8301786	0.023361049
145.536	0.017570474	-5.8304137	0.021169189
145.664	0.017443574	-5.8304222	0.023927496
145.792	0.01740772	-5.8302022	0.023039366
145.92	0.017366637	-5.8302375	0.022849417
146.048	0.017154489	-5.8295666	0.023906372
146.176	0.017279174	-5.8294568	0.023263689
146.304	0.017667609	-5.8298802	0.022445347
146.432	0.017407318	-5.8297624	0.022738507
146.56	0.01795571	-5.8301386	0.020477471
146.688	0.017453507	-5.8294153	0.022795603
146.816	0.017757934	-5.8294095	0.022541622
146.944	0.017710568	-5.8294321	0.025109886
147.072	0.017644003	-5.8289587	0.025940445
147.2	0.017945492	-5.8290629	0.024266289
147.328	0.018152909	-5.8291138	0.024977165
147.456	0.018106337	-5.8290473	0.024505937
147.584	0.018385715	-5.8291125	0.024149463
147.712	0.018173103	-5.8288178	0.02546844
147.84	0.018410335	-5.8290304	0.024625407
147.968	0.018415323	-5.8288971	0.026739701
148.096	0.018435665	-5.8287354	0.028242294
148.224	0.018302219	-5.8282432	0.025194302
148.352	0.018340962	-5.8284166	0.027115614
148.48	0.018557188	-5.8288723	0.026904385
148.608	0.018782857	-5.8289228	0.02286079
148.736	0.018502495	-5.8282586	0.024600563
148.864	0.01859822	-5.8286237	0.026717564
148.992	0.018442713	-5.8287024	0.027229064
149.12	0.018915295	-5.8290088	0.025483715
149.248	0.018417804	-5.8285904	0.02715578
149.376	0.018672878	-5.8290067	0.025270554
149.504	0.018523928	-5.8288823	0.025705224
149.632	0.018518961	-5.8288733	0.027105661
149.76	0.01803756	-5.8286479	0.029006556
149.888	0.018358651	-5.8290694	0.025016933
150.016	0.018158427	-5.8293646	0.023800458
150.144	0.018233398	-5.8292451	0.026313263
150.272	0.018181254	-5.8292252	0.024949751
150.4	0.017869958	-5.8292601	0.024015291
150.528	0.017910231	-5.8293963	0.024228801
150.656	0.017682692	-5.829381	0.024610655
150.784	0.017795373	-5.8297568	0.023740485
150.912	0.018054827	-5.8302315	0.023988056
151.04	0.017484479	-5.8296873	0.024225686
151.168	0.017519425	-5.8297404	0.023852464
151.296	0.01760424	-5.8300899	0.023490763
151.424	0.017750431	-5.8303179	0.020915077
151.552	0.017385483	-5.8299264	0.021831743
151.68	0.017266267	-5.8298544	0.022729261
151.808	0.017579447	-5.8305135	0.022026033
151.936	0.017156723	-5.8299275	0.020702107
152.064	0.01747213	-5.8302485	0.018584934
152.192	0.017455338	-5.83039	0.020068237
152.32	0.017568517	-5.8300376	0.021355216
152.448	0.017542735	-5.8298045	0.023878222
152.576	0.017443933	-5.8295147	0.023771844
152.704	0.017330758	-5.8295368	0.024506118
152.832	0.017774365	-5.829962	0.02232268
152.96	0.017765969	-5.8300017	0.022022529
153.088	0.017543651	-5.8295187	0.023811373
153.216	0.017641819	-5.8297671	0.022330492
153.344	0.017881352	-5.8296552	0.021643959
153.472	0.017793277	-5.8295403	0.021410551
153.6	0.017983864	-5.8295149	0.022273243
153.728	0.018125001	-5.8291887	0.021801854
153.856	0.017874772	-5.8292382	0.02384931
153.984	0.01814363	-5.8291317	0.024075262
154.112	0.0182976	-5.829178	0.022703656
154.24	0.018380572	-5.8292052	0.023458442
154.368	0.018323422	-5.8288247	0.024742513
154.496	0.018717745	-5.8292783	0.024482908
154.624	0.018202091	-5.8287675	0.025796909
154.752	0.018692814	-5.8291325	0.022716663
154.88	0.018536667	-5.8287828	0.023016204
155.008	0.018649838	-5.8286868	0.024083734
155.136	0.018539431	-5.8287168	0.026336612
155.264	0.018755031	-5.8291647	0.025579503
155.392	0.018333111	-5.8288214	0.025505107
155.52	0.018351215	-5.828915	0.02181094
155.648	0.018690592	-5.8293358	0.023015614
155.776	0.018622312	-5.8290763	0.02427804
155.904	0.018317776	-5.8287533	0.02544461
156.032	0.018412596	-5.8290065	0.026997722
156.16	0.018503402	-5.8291892	0.023072298
156.288	0.017915552	-5.8286534	0.0246669
156.416	0.018236174	-5.8293367	0.023329823
156.544	0.018028593	-5.829069	0.02465559
156.672	0.01793992	-5.8293247	0.023226698
156.8	0.018194896	-5.8296078	0.024376983
156.928	0.018169558	-5.829919	0.025530537
157.056	0.017730367	-5.829426	0.024526681
157.184	0.017372723	-5.829132	0.0261213
157.312	0.017887942	-5.8299545	0.022292138
157.44	0.017420925	-5.8296375	0.023772756
157.568	0.017619687	-5.829582	0.022911014
157.696	0.01774111	-5.8298854	0.021529858
157.824	0.017448017	-5.8302411	0.02043466
157.952	0.017469661	-5.8301782	0.020029272
158.08	0.017213295	-5.8299716	0.022122528
158.208	0.017460935	-5.8303114	0.020957226
158.336	0.017184995	-5.82997	0.020697153
158.464	0.017619958	-5.8300306	0.020675823
158.592	0.017029755	-5.8295303	0.024355761
158.72	0.017556579	-5.8299841	0.023756742
158.848	0.017558467	-5.8300005	0.022835785
158.976	0.017677337	-5.8302139	0.021313183
159.104	0.01747159	-5.8297963	0.021080624
159.232	0.017551641	-5.8297156	0.021368686
159.36	0.017808571	-5.8295219	0.021491459
159.488	0.017860832	-5.8298297	0.021959113
159.616	0.017840475	-5.8298561	0.022201412
159.744	0.017631065	-5.829291	0.022186845
159.872	0.017953484	-5.8292068	0.023947134
160	0.017813687	-5.8289915	0.024093937
160.128	0.018200899	-5.8295673	0.024073185
160.256	0.018071018	-5.829042	0.026292601
160.384	0.0184715	-5.8294014	0.02281856
160.512	0.018204295	-5.8289776	0.023026685
160.64	0.018346851	-5.8290247	0.023729244
160.768	0.018421276	-5.8292424	0.027187707
160.896	0.018603804	-5.8291885	0.024151537
161.024	0.018540904	-5.829168	0.024472113
161.152	0.018416584	-5.8289508	0.027088586
161.28	0.018739058	-5.8290269	0.02610653
161.408	0.018599361	-5.8286003	0.023352634
161.536	0.018664309	-5.8286536	0.026323716
161.664	0.018479375	-5.8288035	0.026708411
161.792	0.018471396	-5.8287348	0.023782163
161.92	0.018454342	-5.8289525	0.023424507
162.048	0.018566397	-5.828732	0.025128866
162.176	0.018537206	-5.8288015	0.025076101
162.304	0.01856104	-5.829058	0.024883077
162.432	0.018483875	-5.8290001	0.025910188
162.56	0.017932337	-5.8286162	0.026079867
162.688	0.018255525	-5.829062	0.02426603
162.816	0.018147922	-5.8291864	0.022926855
162.944	0.017877252	-5.8290095	0.024803955
163.072	0.01779606	-5.8291078	0.023985881
163.2	0.018158697	-5.8299479	0.020712649
163.328	0.017635004	-5.8296432	0.022034303
163.456	0.017841706	-5.8300206	0.021093458
163.584	0.017623774	-5.82981	0.024103387
163.712	0.017616579	-5.8298137	0.021906217
163.84	0.017547068	-5.8298313	0.019562461
163.968	0.017603875	-5.8300625	0.020399791
164.096	0.017498423	-5.8299179	0.019474806
164.224	0.017109149	-5.8297095	0.022052011
164.352	0.017549124	-5.8301726	0.020778249
164.48	0.017575452	-5.8304076	0.019466144
164.608	0.017305647	-5.8304305	0.022383393
164.736	0.017601504	-5.8304539	0.023568063
164.864	0.017497252	-5.8302447	0.021835842
164.992	0.017328039	-5.82973	0.02226238
165.12	0.017501709	-5.8298322	0.023322408
165.248	0.017679929	-5.8301297	0.022773416
165.376	0.017311063	-5.8295938	0.02176705
165.504	0.017356459	-5.8293085	0.024125274
165.632	0.017923692	-5.8296105	0.023201672
165.76	0.017743289	-5.8296823	0.020673205
165.888	0.017783695	-5.8294883	0.022936848
166.016	0.017774428	-5.8292153	0.024451098
166.144	0.017972961	-5.8291769	0.023617519
166.272	0.017993157	-5.8294819	0.02302577
166.4	0.018132658	-5.8291407	0.02351118
166.528	0.018288346	-5.8292173	0.023358289
166.656	0.017890575	-5.8288979	0.024869483
166.784	0.018574307	-5.8296911	0.024583837
166.912	0.01866338	-5.8293164	0.022332652
167.04	0.018290513	-5.8286606	0.022359189
167.168	0.018636675	-5.8289861	0.022723694
167.296	0.018290011	-5.8287124	0.023758027
167.424	0.018380656	-5.8288544	0.024403888
167.552	0.018496506	-5.8289748	0.024963924
167.68	0.018784992	-5.8290072	0.021181479
167.808	0.018448669	-5.8286899	0.021662144
167.936	0.018623281	-5.8285971	0.024587924
168.064	0.01869237	-5.8286777	0.023635048
168.192	0.018927434	-5.8289406	0.022345774
168.32	0.018319127	-5.8285703	0.026297555
168.448	0.018276904	-5.8289784	0.024682698
168.576	0.018664276	-5.8294864	0.026160189
168.704	0.018346741	-5.829261	0.027255115
168.832	0.018280557	-5.8293081	0.021482065
168.96	0.017955647	-5.8289949	0.02481484
169.088	0.018306532	-5.8291673	0.025435864
169.216	0.017961534	-5.8288539	0.024974307
169.344	0.017980087	-5.8291699	0.024472925
169.472	0.018159699	-5.8294459	0.022620277
169.6	0.017611272	-5.829068	0.023327505
169.728	0.017777079	-5.8294783	0.023404127
169.856	0.01780179	-5.8298421	0.023467126
169.984	0.017619892	-5.8296964	0.025219113
170.112	0.017538827	-5.829935	0.022893664
170.24	0.017698102	-5.8299538	0.022084292
170.368	0.017655757	-5.8300627	0.019753308
170.496	0.017450603	-5.8303301	0.019948717
170.624	0.017527279	-5.8302262	0.02282012
170.752	0.017636946	-5.8302411	0.020306116
170.88	0.017681818	-5.8303788	0.020371207
171.008	0.017598091	-5.8302342	0.022805303
171.136	0.017062019	-5.8297931	0.022452962
171.264	0.017249278	-5.8299365	0.022188465
171.392	0.017695785	-5.8298792	0.021292374
171.52	0.017280853	-5.8293722	0.022380069
171.648	0.017575011	-5.8296735	0.021242843
171.776	0.017526754	-5.8294992	0.023821399
171.904	0.01752083	-5.8293039	0.022897909
172.032	0.017845861	-5.829844	0.022651554
172.16	0.017952938	-5.8297363	0.025822599
172.288	0.017822204	-5.8300429	0.022963594
172.416	0.017703573	-5.8294497	0.024650842
172.544	0.018311615	-5.8297343	0.021910055
172.672	0.017779178	-5.8289474	0.024825656
172.8	0.018195695	-5.8292053	0.025949701
172.928	0.018163956	-5.8290289	0.024083539
173.056	0.017886267	-5.8286711	0.024659066
173.184	0.018528735	-5.8291837	0.022047126
173.312	0.018472543	-5.8290892	0.021515559
173.44	0.01820966	-5.8288857	0.024517144
173.568	0.01862623	-5.8288387	0.025892487
173.696	0.018415698	-5.8286843	0.026750389
173.824	0.018379009	-5.8286491	0.026408589
173.952	0.018745433	-5.8289171	0.024299444
174.08	0.018716213	-5.8290743	0.022689264
174.208	0.01844568	-5.828671	0.025147113
174.336	0.018755481	-5.828868	0.025869415
174.464	0.018264491	-5.8287455	0.024818669
174.592	0.018499774	-5.8289667	0.024777116
174.72	0.01863826	-5.8289909	0.022723497
174.848	0.01839681	-5.8292391	0.023318389
174.976	0.01858963	-5.8294965	0.024582881
175.104	0.018194414	-5.8289871	0.02389532
175.232	0.018475051	-5.8297878	0.019459582
175.36	0.018148651	-5.8292271	0.022781912
175.488	0.017801966	-5.8286738	0.024772804
175.616	0.01830165	-5.829396	0.024469798
175.744	0.017880417	-5.8292502	0.027158799
175.872	0.017768712	-5.8295471	0.024928854
176	0.018145204	-5.8299099	0.023235085
176.128	0.017559881	-5.8296957	0.023809522
176.256	0.017430977	-5.8297428	0.023711468
176.384	0.017428355	-5.830016	0.021681477
176.512	0.017863276	-5.8302439	0.021446031
176.64	0.017580327	-5.829877	0.023333125
176.768	0.017397993	-5.8296165	0.02532134
176.896	0.01762425	-5.8298348	0.02079215
177.024	0.017255786	-5.829646	0.018947536
177.152	0.017339669	-5.8299072	0.022358771
177.28	0.017447154	-5.8301779	0.021075394
177.408	0.017412165	-5.8300475	0.018763267
177.536	0.017157369	-5.8297029	0.021286281
177.664	0.017542556	-5.8301333	0.023001102
177.792	0.017353488	-5.8298991	0.023397732
177.92	0.017330014	-5.829482	0.022516276
178.048	0.017649834	-5.8296344	0.02235704
178.176	0.017675657	-5.8296739	0.022809917
178.304	0.017813407	-5.8300383	0.023119687
178.432	0.017839927	-5.8299659	0.023516885
178.56	0.017816295	-5.8294366	0.02112227
178.688	0.017805558	-5.8295201	0.020834683
178.816	0.017685698	-5.8294895	0.0237858
178.944	0.018040355	-5.8301422	0.02469447
179.072	0.018141503	-5.8295303	0.023576939
179.2	0.017973981	-5.829129	0.025595786
179.328	0.018438863	-5.829561	0.024962903
179.456	0.018167396	-5.8288962	0.025250589
179.584	0.018281001	-5.8288869	0.025685096
179.712	0.018421165	-5.8288806	0.026280563
179.84	0.018438637	-5.8283593	0.024718811
179.968	0.018626593	-5.8288565	0.025475016
180.096	0.018470371	-5.8285109	0.024557802
180.224	0.018434147	-5.8285293	0.024419801
180.352	0.018426671	-5.8285233	0.025519691
180.48	0.018690841	-5.8289714	0.024689976
180.608	0.018296781	-5.8286288	0.024642726
180.736	0.018456797	-5.8288434	0.025204612
180.864	0.018773451	-5.8288628	0.023491403
180.992	0.01851489	-5.8287291	0.023870776
181.12	0.018287462	-5.8286985	0.025794947
181.248	0.018320849	-5.8287363	0.023759131
181.376	0.018274692	-5.8290342	0.025025322
181.504	0.018714423	-5.829629	0.025353737
181.632	0.018155314	-5.8290153	0.02175789
181.76	0.018057351	-5.8291193	0.023920122
181.888	0.018234942	-5.8293466	0.025756744
182.016	0.018075511	-5.8292564	0.02237797
182.144	0.017936931	-5.829323	0.023698043
182.272	0.017904869	-5.8295602	0.025397879
182.4	0.017815941	-5.8296356	0.023379213
182.528	0.017518305	-5.8297599	0.021831242
182.656	0.017614326	-5.8298077	0.020546717
182.784	0.017634089	-5.8299141	0.020577871
182.912	0.017526404	-5.8298398	0.022846746
183.04	0.017547544	-5.8300491	0.021214043
183.168	0.017578268	-5.83001	0.020741251
183.296	0.01745923	-5.8298348	0.020369611
183.424	0.017260455	-5.8297913	0.019820982
183.552	0.017430642	-5.8295465	0.019291751
183.68	0.017612292	-5.8301643	0.018601333
183.808	0.017485486	-5.8303364	0.021398244
183.936	0.017445022	-5.8299032	0.023509647
184.064	0.017471847	-5.8299107	0.024189923
184.192	0.017372946	-5.8299317	0.024010794
184.32	0.017616828	-5.8300268	0.021224589
184.448	0.017527588	-5.8297657	0.021211234
184.576	0.017806951	-5.8302717	0.021579592
184.704	0.017698241	-5.8298008	0.020119254
184.832	0.01770841	-5.8297228	0.021040787
184.96	0.018119445	-5.829732	0.023648777
185.088	0.017767955	-5.8293531	0.024086175
185.216	0.018079543	-5.8295313	0.018616003
185.344	0.018055212	-5.8290956	0.02162204
185.472	0.018165651	-5.8292223	0.023638503
185.6	0.018063851	-5.8293328	0.025166501
185.728	0.018159407	-5.8288272	0.025157397
185.856	0.018405482	-5.8291956	0.024029973
185.984	0.018773161	-5.8293137	0.02519223
186.112	0.018584356	-5.8289588	0.025842956
186.24	0.018124882	-5.8285271	0.026843711
186.368	0.018849597	-5.8292704	0.023685161
186.496	0.018717351	-5.828969	0.026926472
186.624	0.018402009	-5.8284719	0.027496691
186.752	0.018636296	-5.8285357	0.022951415
186.88	0.018787336	-5.8287758	0.024123347
187.008	0.018414597	-5.8285941	0.028188216
187.136	0.018739512	-5.8291541	0.027196032
187.264	0.01852866	-5.828654	0.026437448
187.392	0.01838615	-5.8287177	0.026110216
187.52	0.018671614	-5.8291806	0.022022076
187.648	0.018238373	-5.8288501	0.021615305
187.776	0.018307826	-5.8290976	0.021830014
187.904	0.018167747	-5.8291599	0.024815459
188.032	0.018299796	-5.8293301	0.023843794
188.16	0.018133005	-5.8294443	0.022820627
188.288	0.017881279	-5.8291544	0.024213425
188.416	0.017839024	-5.8293289	0.023755496
188.544	0.017863085	-5.8297235	0.022722306
188.672	0.018035091	-5.8300086	0.021511009
188.8	0.017651408	-5.8297432	0.022792958
188.928	0.017565283	-5.8293671	0.025885544
189.056	0.017741729	-5.830024	0.021710344
189.184	0.017475505	-5.8298874	0.022631898
189.312	0.017483938	-5.8300686	0.023601774
189.44	0.017362075	-5.8300923	0.023907122
189.568	0.017647056	-5.8302933	0.022632977
189.696	0.017449124	-5.829934	0.021541927
189.824	0.017270424	-5.8297007	0.022262864
189.952	0.017441835	-5.8299354	0.021372587
190.08	0.017477536	-5.8302005	0.020207297
190.208	0.017558647	-5.8300042	0.023760313
190.336	0.017615984	-5.8297219	0.021749768
190.464	0.017437458	-5.8295693	0.022522705
190.592	0.017475275	-5.8298617	0.02325349
190.72	0.017968313	-5.8303034	0.020372733
190.848	0.017670986	-5.829666	0.022592926
190.976	0.017934661	-5.8298461	0.022259192
191.104	0.01741295	-5.8293096	0.024040495
191.232	0.017685444	-5.8296467	0.019854042
191.36	0.017826089	-5.8294917	0.021085451
191.488	0.017812325	-5.8291318	0.021705742
191.616	0.018082332	-5.8294772	0.021966829
191.744	0.018075598	-5.8291029	0.022906447
191.872	0.01814212	-5.8293786	0.021213038
192	0.018208044	-5.8291615	0.024278577
192.128	0.018666655	-5.8295336	0.024732919
192.256	0.018151472	-5.8287993	0.027225347
192.384	0.018393841	-5.8289311	0.024973183
192.512	0.018805123	-5.8292957	0.022954184
192.64	0.018295565	-5.8285287	0.024598815
192.768	0.018741128	-5.8289364	0.023239912
192.896	0.018694424	-5.8287231	0.024324557
193.024	0.018655067	-5.828995	0.023634748
193.152	0.018191911	-5.8284816	0.026927149
193.28	0.018473867	-5.8288048	0.025928191
193.408	0.018487381	-5.8288434	0.023062837
193.536	0.018632553	-5.8290345	0.023642207
193.664	0.018245502	-5.8288888	0.024070172
193.792	0.01830274	-5.8286724	0.025882267
193.92	0.01863171	-5.8292882	0.023451609
194.048	0.018509205	-5.8294475	0.023073124
194.176	0.018248792	-5.8291415	0.024113408
194.304	0.018320098	-5.8293591	0.022334972
194.432	0.018051803	-5.8291474	0.024919216
194.56	0.017959314	-5.8291988	0.025449319
194.688	0.01795364	-5.8295642	0.025136359
194.816	0.017964651	-5.8298727	0.021231573
194.944	0.017954869	-5.8298829	0.020711726
195.072	0.017891435	-5.8298028	0.022401134
195.2	0.017493339	-5.8294164	0.02421954
195.328	0.017328097	-5.8295753	0.023937659
195.456	0.017790254	-5.8300779	0.020487683
195.584	0.017676881	-5.8299157	0.02262254
195.712	0.017655397	-5.8301059	0.021413154
195.84	0.017420268	-5.8300961	0.02146441
195.968	0.017455405	-5.8301074	0.022055866
196.096	0.017387604	-5.8300217	0.022523249
196.224	0.017299685	-5.8300119	0.022080327
196.352	0.017290432	-5.8297298	0.022330208
196.48	0.017510799	-5.8298704	0.022855895
196.608	0.017523292	-5.8297863	0.020299149
196.736	0.017637054	-5.8299273	0.020490476
196.864	0.017542568	-5.8299086	0.022744277
196.992	0.017605371	-5.8301809	0.025182625
197.12	0.017566934	-5.8297555	0.023985395
197.248	0.017687009	-5.8296269	0.021440526
197.376	0.017758023	-5.8301168	0.021337023
197.504	0.017758505	-5.8299716	0.023873956
197.632	0.017863078	-5.8294181	0.024311967
197.76	0.01791964	-5.8295366	0.021159121
197.888	0.017696098	-5.8289308	0.023067846
198.016	0.018368631	-5.8296568	0.021076969
198.144	0.018225132	-5.8291839	0.021892153
198.272	0.018638319	-5.8294337	0.021144452
198.4	0.018157017	-5.8290365	0.023668209
198.528	0.018048608	-5.8289288	0.02580506
198.656	0.018831834	-5.8295212	0.022187438
198.784	0.018377491	-5.8291671	0.026091629
198.912	0.01844987	-5.8291687	0.025743174
199.04	0.018606876	-5.8288494	0.021904652
199.168	0.018932277	-5.8292109	0.024484338
199.296	0.018719056	-5.8289379	0.026255396
199.424	0.018403268	-5.8286053	0.026123244
199.552	0.018473538	-5.8287484	0.027078904
199.68	0.018607829	-5.8290206	0.026327667
199.808	0.0185408	-5.8288203	0.021305881
199.936	0.018152746	-5.8287063	0.025016061
200.064	0.018632262	-5.8290701	0.023087238
200.192	0.01826867	-5.8289436	0.024124704
200.32	0.018337215	-5.8292024	0.028467504
200.448	0.018237386	-5.8291172	0.025289434
200.576	0.018056137	-5.829062	0.026658009
200.704	0.018269077	-5.829371	0.025002427
200.832	0.018143752	-5.8292988	0.024114304
200.96	0.018092522	-5.829583	0.02224518
201.088	0.017894926	-5.8296966	0.023320554
201.216	0.017845681	-5.829881	0.022494129
201.344	0.017842606	-5.829967	0.021677923
201.472	0.017472439	-5.8296405	0.023362611
201.6	0.017567905	-5.8298268	0.023348899
201.728	0.017509404	-5.8298022	0.024194151
201.856	0.017476333	-5.8298873	0.024916777
201.984	0.017620717	-5.8303985	0.024885085
202.112	0.017395133	-5.830466	0.022971293
202.24	0.017421805	-5.8300657	0.022414991
202.368	0.017592525	-5.830282	0.021592141
202.496	0.017430681	-5.8301853	0.020281559
202.624	0.01727551	-5.8301969	0.021274749
202.752	0.017349584	-5.8300353	0.018917395
202.88	0.017640661	-5.8299471	0.019229916
203.008	0.017560078	-5.8301974	0.023115966
203.136	0.017290865	-5.8297045	0.024329832
203.264	0.017898307	-5.8301991	0.021696689
203.392	0.017524656	-5.8298686	0.023346263
203.52	0.017671441	-5.8298645	0.02256239
203.648	0.017824779	-5.8297659	0.022725613
203.776	0.01772306	-5.8292918	0.022997689
203.904	0.018018627	-5.8294025	0.021283431
204.032	0.017933916	-5.8292814	0.022139265
204.16	0.017860226	-5.8290597	0.023061451
204.288	0.01808318	-5.8287969	0.022262409
204.416	0.018317653	-5.8291502	0.023062776
204.544	0.018081564	-5.8291673	0.02537304
204.672	0.018406183	-5.8290342	0.025278114
204.8	0.018496279	-5.8293434	0.023864054
204.928	0.018248691	-5.8288393	0.02633829
205.056	0.018329783	-5.8289044	0.027013661
205.184	0.018542814	-5.8291702	0.021645927
205.312	0.018411256	-5.828834	0.020507051
205.44	0.018606844	-5.8291088	0.025278736
205.568	0.018602267	-5.8289298	0.027230973
205.696	0.018745345	-5.8291336	0.022650786
205.824	0.018408572	-5.8288311	0.025242949
205.952	0.018739919	-5.8289118	0.023143979
206.08	0.018403181	-5.8288699	0.025560534
206.208	0.018729281	-5.8291357	0.023558129
206.336	0.018404916	-5.8290269	0.025256434
206.464	0.018480567	-5.8292138	0.023651122
206.592	0.018179849	-5.8290373	0.025990099
206.72	0.01838221	-5.8290361	0.024951492
206.848	0.018301209	-5.8293384	0.022785411
206.976	0.017947596	-5.8290526	0.025669134
207.104	0.018187766	-5.8294325	0.024382533
207.232	0.017801652	-5.8292086	0.024967326
207.36	0.017820545	-5.8295749	0.023686211
207.488	0.018061738	-5.8298172	0.019531711
207.616	0.018011522	-5.8298531	0.019049162
207.744	0.017633599	-5.8291633	0.022806291
207.872	0.017877837	-5.8295352	0.022780189
208	0.017734665	-5.8297231	0.023150927
208.128	0.017496855	-5.8296604	0.022311859
208.256	0.017470164	-5.8298082	0.023196354
208.384	0.017413794	-5.8300048	0.019742127
208.512	0.017463066	-5.8298145	0.021255678
208.64	0.017515494	-5.8299112	0.022423915
208.768	0.017306077	-5.8300083	0.022427987
208.896	0.017203906	-5.8298637	0.024401536
209.024	0.017499241	-5.830133	0.023894647
209.152	0.017426952	-5.8303108	0.022793223
209.28	0.017491705	-5.830013	0.023595238
209.408	0.017430633	-5.8296518	0.0228664
209.536	0.017423182	-5.8294121	0.022025587
209.664	0.017892567	-5.8295499	0.021561348
209.792	0.017534288	-5.8294928	0.023946846
209.92	0.017815716	-5.8298783	0.021345631
210.048	0.017688216	-5.8295536	0.021670096
210.176	0.018205001	-5.8297428	0.022429036
210.304	0.017910853	-5.8292222	0.022741693
210.432	0.01760876	-5.8290099	0.020687256
210.56	0.018265287	-5.8294179	0.019162783
210.688	0.018264737	-5.8294535	0.022582618
210.816	0.018204232	-5.8292505	0.026047031
210.944	0.018298496	-5.82885	0.026408476
211.072	0.01847247	-5.8291908	0.024297709
211.2	0.018309612	-5.8291392	0.026338178
211.328	0.018618507	-5.8291058	0.027759181
211.456	0.018480189	-5.829015	0.025167146
211.584	0.018333141	-5.8289943	0.023645571
211.712	0.018400806	-5.8287454	0.023851325
211.84	0.018982223	-5.829298	0.02485673
211.968	0.018478208	-5.8285286	0.025755458
212.096	0.018343941	-5.8285021	0.024351618
212.224	0.018528714	-5.8285844	0.02315969
212.352	0.018403585	-5.8288344	0.024622054
212.48	0.018612074	-5.8293127	0.025576008
212.608	0.018386713	-5.8288715	0.024256815
212.736	0.018565897	-5.8293864	0.022416936
212.864	0.018153666	-5.8289525	0.028407814
212.992	0.018226835	-5.8290489	0.025452556
213.12	0.018351976	-5.8291509	0.024413038
213.248	0.017895436	-5.8287999	0.025031816
213.376	0.018348242	-5.8293328	0.022784795
213.504	0.018062466	-5.829217	0.0253725
213.632	0.017984185	-5.8296071	0.023596669
213.76	0.017969823	-5.829795	0.017528667
213.888	0.017515899	-5.8294354	0.023189057
214.016	0.017859509	-5.8299207	0.02458876
214.144	0.017593091	-5.8295631	0.020715771
214.272	0.017696903	-5.8294337	0.02116755
214.4	0.017475578	-5.829541	0.022482809
214.528	0.017619353	-5.8298751	0.021565105
214.656	0.017567951	-5.8299956	0.023202667
214.784	0.017576114	-5.8301926	0.020690463
214.912	0.017434913	-5.8297223	0.023187205
215.04	0.017623583	-5.8299435	0.023028976
215.168	0.017411081	-5.830013	0.021638493
215.296	0.017324996	-5.8297467	0.024367029
215.424	0.017364885	-5.8298027	0.023705393
215.552	0.017417796	-5.82973	0.021545223
215.68	0.017609626	-5.8297743	0.021039688
215.808	0.017421253	-5.8296754	0.021959716
215.936	0.017559679	-5.8297811	0.022928662
216.064	0.017613122	-5.8297974	0.024647269
216.192	0.017735999	-5.8298466	0.022691466
216.32	0.01754856	-5.8292296	0.023809948
216.448	0.017877453	-5.8294978	0.023647746
216.576	0.017961354	-5.8296229	0.022484622
216.704	0.01810319	-5.8291752	0.022677798
216.832	0.018343208	-5.829524	0.024222123
216.96	0.018110226	-5.8292893	0.026588024
217.088	0.018129502	-5.8289806	0.023099353
217.216	0.018293953	-5.8290801	0.024452199
217.344	0.01859	-5.8292851	0.024692153
217.472	0.018290855	-5.8292524	0.025277587
217.6	0.01818588	-5.8289234	0.02606429
217.728	0.018680084	-5.8291485	0.024945915
217.856	0.01865692	-5.8290127	0.023319274
217.984	0.018635381	-5.8289081	0.024052479
218.112	0.018525063	-5.8286724	0.022951148
218.24	0.018459771	-5.8288779	0.024372858
218.368	0.018463271	-5.8288662	0.026500517
218.496	0.018532884	-5.828969	0.024935938
218.624	0.018769266	-5.8289525	0.024753838
218.752	0.018268611	-5.828977	0.02421689
218.88	0.01853323	-5.8296364	0.022562555
219.008	0.018452215	-5.8293254	0.022153721
219.136	0.01840499	-5.8290509	0.023192096
219.264	0.018257275	-5.8293695	0.025484324
219.392	0.017951528	-5.8292558	0.024951223
219.52	0.018076707	-5.8295876	0.020154062
219.648	0.017790574	-5.8292629	0.022376611
219.776	0.018339317	-5.8298808	0.023225798
219.904	0.018045696	-5.8298888	0.023992905
220.032	0.017819292	-5.8295375	0.021810016
220.16	0.017927855	-5.8298519	0.019792042
220.288	0.017738301	-5.8298956	0.020120343
220.416	0.017669401	-5.8299865	0.02080873
220.544	0.017538497	-5.8296339	0.022163234
220.672	0.017638385	-5.8300925	0.022805988
220.8	0.017716342	-5.8303589	0.024165225
220.928	0.017204461	-5.8296523	0.025154971
221.056	0.017478634	-5.8299959	0.022831276
221.184	0.01728632	-5.8299386	0.023730749
221.312	0.017393726	-5.8301023	0.022814805
221.44	0.017537606	-5.8297447	0.020756339
221.568	0.017580266	-5.8298815	0.020114559
221.696	0.017311296	-5.8296217	0.021464754
221.824	0.017528874	-5.8297444	0.021136149
221.952	0.017668555	-5.8304814	0.022072017
222.08	0.017710615	-5.8304026	0.021420029
222.208	0.017552821	-5.8297108	0.02316892
222.336	0.017662796	-5.8299308	0.024460613
222.464	0.017987253	-5.82995	0.021790756
222.592	0.017855078	-5.8297805	0.022337282
222.72	0.017908405	-5.8297434	0.022267348
222.848	0.018095563	-5.8296934	0.022412752
222.976	0.017736103	-5.8290255	0.025388611
223.104	0.017913017	-5.8292231	0.025392966
223.232	0.018238148	-5.8294967	0.024364694
223.36	0.018376464	-5.8294141	0.023551669
223.488	0.018372429	-5.8292869	0.023515173
223.616	0.018193723	-5.8289962	0.026092416
223.744	0.018487463	-5.8291383	0.025198381
223.872	0.01828954	-5.8288552	0.026012015
224	0.018470588	-5.8290867	0.024114321
224.128	0.018575594	-5.8287372	0.02253079
224.256	0.018619853	-5.8290216	0.024927818
224.384	0.018277427	-5.8286466	0.028115893
224.512	0.018620306	-5.8290452	0.025063332
224.64	0.018471333	-5.8289502	0.025599954
224.768	0.018419322	-5.8290071	0.028389918
224.896	0.018520594	-5.829099	0.026316281
225.024	0.018610664	-5.8290895	0.025122314
225.152	0.018249971	-5.8288427	0.025847536
225.28	0.018470546	-5.8290973	0.022965803
225.408	0.018325914	-5.8293134	0.022683112
225.536	0.018462813	-5.8295097	0.020586486
225.664	0.01810462	-5.8292349	0.022237107
225.792	0.018036001	-5.8292331	0.024378391
225.92	0.017959859	-5.8293038	0.024663212
226.048	0.01795931	-5.8292691	0.025691457
226.176	0.018071438	-5.8296509	0.023805423
226.304	0.018063237	-5.8294608	0.02058949
226.432	0.017661864	-5.8298186	0.024046647
226.56	0.017756892	-5.8299094	0.023674857
226.688	0.018098382	-5.8303166	0.021279728
226.816	0.017497882	-5.8296254	0.022589511
226.944	0.017686421	-5.8299775	0.020359255
227.072	0.017370527	-5.8297813	0.021929724
227.2	0.017271834	-5.8298122	0.02372903
227.328	0.017461316	-5.8298353	0.023428846
227.456	0.017659742	-5.8299946	0.022985341
227.584	0.017544342	-5.8298978	0.023898866
227.712	0.017565346	-5.8300614	0.02194168
227.84	0.017526646	-5.8298871	0.021713546
227.968	0.017392681	-5.8300024	0.024242854
228.096	0.017443568	-5.8299753	0.022487731
228.224	0.017503242	-5.8300326	0.021775621
228.352	0.017615058	-5.829957	0.02139279
228.48	0.017870026	-5.8301606	0.020012087
228.608	0.017706489	-5.8299608	0.022631825
228.736	0.017853809	-5.8297727	0.024194835
228.864	0.01770899	-5.8294068	0.023973116
228.992	0.018085536	-5.8300675	0.021887971
229.12	0.017871407	-5.8295286	0.023557123
229.248	0.018099665	-5.8296996	0.024461516
229.376	0.017960288	-5.8291678	0.022577486
229.504	0.017783455	-5.8289656	0.025666582
229.632	0.018121322	-5.8290418	0.025424734
229.76	0.018241891	-5.8291954	0.023120013
229.888	0.018405642	-5.8290442	0.023420614
230.016	0.018326788	-5.8288686	0.026003197
230.144	0.018275748	-5.8285737	0.026363585
230.272	0.018795861	-5.8293248	0.026074568
230.4	0.018172888	-5.828526	0.028432429
230.528	0.018376141	-5.828941	0.02477863
230.656	0.018291474	-5.8287699	0.023845952
230.784	0.018691822	-5.8290089	0.023835428
230.912	0.018407005	-5.828558	0.026529839
231.04	0.018645708	-5.8288225	0.028264589
231.168	0.018741903	-5.8290804	0.025799324
231.296	0.018299091	-5.8287301	0.026045456
231.424	0.018362624	-5.8285728	0.024265993
231.552	0.018389407	-5.8288164	0.022274475
231.68	0.018241778	-5.8288531	0.023610909
231.808	0.018455457	-5.8294596	0.024962643
231.936	0.018001764	-5.8292302	0.024927919
232.064	0.018156808	-5.829399	0.024049753
232.192	0.018211557	-5.8295839	0.026647182
232.32	0.018128928	-5.8296235	0.024454352
232.448	0.018108421	-5.829566	0.022223095
232.576	0.017817351	-5.8293649	0.020452666
232.704	0.017747326	-5.8292843	0.021578606
232.832	0.017810748	-5.8296458	0.024700999
232.96	0.017782509	-5.8297836	0.022733967
233.088	0.017827359	-5.8298963	0.02063245
233.216	0.017831698	-5.829928	0.020788102
233.344	0.017715149	-5.8299942	0.020971193
233.472	0.017197483	-5.8296016	0.023553823
233.6	0.017219541	-5.8296379	0.022993332
233.728	0.017562145	-5.8299972	0.019731998
233.856	0.01785762	-5.8304805	0.021179171
233.984	0.017385771	-5.8299866	0.025172328
234.112	0.017554398	-5.82994	0.023273077
234.24	0.017490413	-5.8302827	0.022907204
234.368	0.017486642	-5.8299864	0.023068027
234.496	0.017527467	-5.8302513	0.021871388
234.624	0.017589766	-5.8297623	0.021043614
234.752	0.017748671	-5.8299283	0.021531537
234.88	0.017891292	-5.8299289	0.023325995
235.008	0.017604476	-5.8300659	0.02041076
235.136	0.01791304	-5.8299938	0.019377269
235.264	0.017821403	-5.8299124	0.01987134
235.392	0.017767727	-5.8297592	0.023104649
235.52	0.018370343	-5.8299476	0.023616065
235.648	0.018101864	-5.8295679	0.02138296
235.776	0.01789285	-5.8292785	0.02147547
235.904	0.018372057	-5.8297916	0.021637138
236.032	0.018402047	-5.829966	0.023172496
236.16	0.01862347	-5.8298366	0.02250493
236.288	0.018475922	-5.8294299	0.02218097
236.416	0.01827333	-5.829133	0.02190046
236.544	0.018737681	-5.8298948	0.023250336
236.672	0.018648086	-5.8299419	0.022588163
236.8	0.018522001	-5.8298242	0.021775789
236.928	0.018566077	-5.8298649	0.019024159
237.056	0.018682244	-5.8298632	0.020029603
237.184	0.018328633	-5.8295369	0.022867004
237.312	0.018355521	-5.8297211	0.018508362
237.44	0.018396707	-5.8296941	0.018054749
237.568	0.018309886	-5.8298882	0.019660852
237.696	0.018154718	-5.8293667	0.022140827
237.824	0.018229098	-5.8297531	0.021617947
237.952	0.018187533	-5.8300186	0.022051016
238.08	0.017967302	-5.8299238	0.021991549
238.208	0.017814942	-5.8299762	0.020022038
238.336	0.018132563	-5.8304354	0.018662335
238.464	0.017820294	-5.8301682	0.020963908
238.592	0.017823202	-5.8305125	0.02115433
238.72	0.017928023	-5.8304192	0.017910271
238.848	0.017728724	-5.8303741	0.020363974
238.976	0.017878251	-5.8305364	0.022264656
239.104	0.017354606	-5.8300846	0.020135053
239.232	0.017792942	-5.8307542	0.02062624
239.36	0.017615435	-5.8305279	0.022502201
239.488	0.017356051	-5.8304082	0.018867394
239.616	0.017505354	-5.8307643	0.01811271
239.744	0.017717234	-5.830854	0.019421436
239.872	0.017367669	-5.8305966	0.018509723
240	0.01760844	-5.831062	0.017699905
240.128	0.01747339	-5.831014	0.02243552
240.256	0.017410789	-5.8308232	0.020520336
240.384	0.017808073	-5.8308238	0.020330819
240.512	0.017326113	-5.8304908	0.021547627
240.64	0.017552856	-5.8304375	0.019002592
240.768	0.01776694	-5.8309111	0.017053984
240.896	0.017764173	-5.830742	0.018843374
241.024	0.017752674	-5.8304323	0.020944564
241.152	0.017623055	-5.8301377	0.018881628
241.28	0.018040609	-5.830515	0.02047178
241.408	0.018300217	-5.8304334	0.019776017
241.536	0.017910888	-5.8299238	0.020784367
241.664	0.018151153	-5.8301272	0.020869819
241.792	0.018165443	-5.8299022	0.02156093
241.92	0.01794698	-5.8296248	0.024383737
242.048	0.018317182	-5.8301024	0.020907452
242.176	0.018290977	-5.829982	0.023216338
242.304	0.018477406	-5.8298282	0.02183876
242.432	0.018222686	-5.8293793	0.02135992
242.56	0.018625047	-5.8297638	0.022851976
242.688	0.018664059	-5.8299634	0.020137318
242.816	0.018489176	-5.8295727	0.020399662
242.944	0.018835804	-5.8299841	0.021544587
243.072	0.018247322	-5.8294108	0.022200267
243.2	0.018745259	-5.8301437	0.021272477
243.328	0.018202374	-5.8296199	0.019386497
243.456	0.018607606	-5.8299883	0.017497958
243.584	0.018595301	-5.830012	0.019103911
243.712	0.018606621	-5.830217	0.017007856
243.84	0.017932063	-5.829475	0.020741455
243.968	0.018360925	-5.8299082	0.018407413
244.096	0.01828194	-5.8299106	0.014962634
244.224	0.018249048	-5.8301533	0.016541347
244.352	0.018272312	-5.830596	0.01742281
244.48	0.017973857	-5.8304602	0.016363513
244.608	0.018017067	-5.8304611	0.016890559
244.736	0.017689175	-5.8300708	0.0206277
244.864	0.018213831	-5.8311286	0.017973533
244.992	0.01777557	-5.8307458	0.014327046
245.12	0.017895735	-5.8311906	0.016292863
245.248	0.017544481	-5.8307426	0.017168537
245.376	0.017851624	-5.8314075	0.015051361
245.504	0.017388894	-5.8309327	0.018609421
245.632	0.017573406	-5.8313043	0.014922726
245.76	0.017655217	-5.8313321	0.014511341
245.888	0.017735056	-5.8312154	0.01478774
246.016	0.017344825	-5.8308459	0.016278748
246.144	0.017224923	-5.8308423	0.016743522
246.272	0.0173343	-5.8307444	0.01475858
246.4	0.017462534	-5.8310126	0.015303564
246.528	0.017446185	-5.8314458	0.016331312
246.656	0.017229875	-5.8310758	0.017410002
246.784	0.017572212	-5.8314286	0.016490999
246.912	0.017865288	-5.8321273	0.016621089
247.04	0.017623189	-5.831635	0.015623096
247.168	0.017770901	-5.8314799	0.018015354
247.296	0.017672114	-5.831251	0.017854445
247.424	0.017892801	-5.8314691	0.01498573
247.552	0.017823037	-5.8310685	0.019002788
247.68	0.017790962	-5.830852	0.019119432
247.808	0.017923845	-5.8312056	0.01943078
247.936	0.018171723	-5.8312268	0.016658142
248.064	0.017997888	-5.8307473	0.017324392
248.192	0.018482068	-5.831142	0.017870596
248.32	0.018210533	-5.8306559	0.021083616
248.448	0.018699707	-5.8310246	0.017848343
248.576	0.018166572	-5.8302254	0.017569283
248.704	0.018153644	-5.8301702	0.022346249
248.832	0.01851777	-5.8305352	0.022446407
248.96	0.018366924	-5.8303572	0.020558555
249.088	0.01861567	-5.8303571	0.021375498
249.216	0.018603167	-5.8306789	0.021248303
249.344	0.018142998	-5.8299608	0.020178151
249.472	0.018511956	-5.8306198	0.01956989
249.6	0.018952192	-5.8308827	0.017916131
249.728	0.018442797	-5.8306767	0.020116737
249.856	0.018158016	-5.8303954	0.021375836
249.984	0.018356057	-5.8307306	0.021392524
250.112	0.018297135	-5.8306295	0.020609087
250.24	0.018321734	-5.8310531	0.018667941
250.368	0.018038632	-5.8303232	0.0200845
250.496	0.018375728	-5.830919	0.017679114
250.624	0.018382028	-5.8312525	0.018197198
250.752	0.018042448	-5.8311733	0.019207616
250.88	0.01794305	-5.8310495	0.018474644
251.008	0.017872017	-5.8310923	0.016142904
251.136	0.01805352	-5.8316665	0.020556035
251.264	0.017869918	-5.8319171	0.021368659
251.392	0.017492262	-5.8313684	0.019049994
251.52	0.01774922	-5.8318154	0.017250969
251.648	0.017574035	-5.8317328	0.017344878
251.776	0.017504006	-5.8317451	0.019751832
251.904	0.017590735	-5.8319971	0.01741338
252.032	0.017617224	-5.8323156	0.017545632
252.16	0.017416212	-5.8322589	0.019601793
252.288	0.017287213	-5.8318374	0.019978693
252.416	0.017455936	-5.832308	0.0203505
252.544	0.017444681	-5.8323658	0.01928378
252.672	0.017540129	-5.8326165	0.015690011
252.8	0.017548601	-5.8326374	0.016202639
252.928	0.017224111	-5.832285	0.018299528
253.056	0.017510696	-5.832258	0.017857387
253.184	0.017582404	-5.832163	0.01724805
253.312	0.017646044	-5.8321508	0.015727162
253.44	0.017728062	-5.8319771	0.016294899
253.568	0.017754597	-5.8319013	0.018214477
253.696	0.017988221	-5.8321338	0.018165737
253.824	0.017587545	-5.8316642	0.01919172
253.952	0.017996923	-5.8319077	0.019152779
254.08	0.018098632	-5.8317528	0.016673605
254.208	0.017747122	-5.8311262	0.017799387
254.336	0.017937147	-5.8312971	0.020682952
254.464	0.018160016	-5.8316385	0.020675854
254.592	0.018333715	-5.8315919	0.020799137
254.72	0.018322173	-5.8314088	0.020772435
254.848	0.01803359	-5.8311555	0.021816123
254.976	0.018615211	-5.8315431	0.019753917
255.104	0.018528739	-5.8314596	0.019807418
255.232	0.018548163	-5.8309004	0.020302242
255.36	0.018377128	-5.8308466	0.020403395
255.488	0.018482689	-5.8309968	0.020424392
255.616	0.01856594	-5.8313224	0.020428798
255.744	0.01858978	-5.8311251	0.017810385
255.872	0.018137612	-5.8307636	0.020514413
256	0.018783213	-5.8313854	0.02116872
256.128	0.018366421	-5.8309292	0.022046805
256.256	0.018607859	-5.8311109	0.020461616
256.384	0.018521045	-5.8309598	0.018895948
256.512	0.018242851	-5.8311309	0.018232641
256.64	0.018414594	-5.8316479	0.019202073
256.768	0.018482407	-5.8315988	0.022647793
256.896	0.018055864	-5.8314447	0.022167412
257.024	0.01825991	-5.8315958	0.019090822
257.152	0.018271532	-5.8317348	0.019521306
257.28	0.018118279	-5.8317676	0.020421392
257.408	0.017967151	-5.8317175	0.018030821
257.536	0.017979949	-5.8319676	0.016793272
257.664	0.01781939	-5.8319775	0.018854188
257.792	0.01761102	-5.8318916	0.01741379
257.92	0.018011418	-5.8323859	0.011617473
258.048	0.01765034	-5.8322861	0.015760574
258.176	0.017829565	-5.8324125	0.01531663
258.304	0.0175721	-5.8325007	0.016426711
258.432	0.017574089	-5.8324075	0.018565558
258.56	0.017435924	-5.8322698	0.016404578
258.688	0.01755083	-5.8324534	0.016451355
258.816	0.017277016	-5.8324125	0.018177023
258.944	0.017230558	-5.8323538	0.015836142
259.072	0.017704475	-5.8327665	0.013010372
259.2	0.017457605	-5.8326399	0.014568415
259.328	0.017460592	-5.8324464	0.013600571
259.456	0.017299912	-5.8322478	0.016598295
259.584	0.017428083	-5.8324994	0.015696648
259.712	0.017514807	-5.8325449	0.013065879
259.84	0.017554428	-5.8321852	0.014025869
259.968	0.017690581	-5.8322252	0.01345977
260.096	0.018112408	-5.8327857	0.014095997
260.224	0.01778986	-5.8325018	0.01756908
260.352	0.017968394	-5.8326144	0.016269923
260.48	0.018036597	-5.8324703	0.015836756
260.608	0.018140926	-5.8322685	0.013406982
260.736	0.018008226	-5.8320332	0.014278528
260.864	0.017856046	-5.8318168	0.018285223
260.992	0.018026981	-5.8320065	0.016153833
261.12	0.018103182	-5.8322611	0.012713738
261.248	0.018305225	-5.8322622	0.014213692
261.376	0.018469824	-5.8323126	0.016292712
261.504	0.018492542	-5.8322168	0.015548059
261.632	0.018340884	-5.8318101	0.019396602
261.76	0.018503265	-5.8323248	0.020887038
261.888	0.018585034	-5.8320316	0.018353707
262.016	0.018656214	-5.8319181	0.017663445
262.144	0.018437508	-5.8321072	0.016825402
262.272	0.018225332	-5.8320959	0.016688896
262.4	0.018711359	-5.8323043	0.015871786
262.528	0.018761911	-5.8325032	0.01387326
262.656	0.018182525	-5.8318195	0.014881088
262.784	0.018428645	-5.8319998	0.013635764
262.912	0.018489127	-5.8324303	0.013243969
263.04	0.018000061	-5.8321731	0.015944253
263.168	0.018457792	-5.8329947	0.012821076
263.296	0.017686587	-5.8322242	0.015580981
263.424	0.017843119	-5.8321743	0.012897743
263.552	0.018718143	-5.8329258	0.0079889076
263.68	0.017912311	-5.8324485	0.013860467
263.808	0.017696548	-5.8324102	0.012674273
263.936	0.018313495	-5.8331506	0.0095200899
264.064	0.017589833	-5.8324479	0.014887214
264.192	0.017563561	-5.8325026	0.012790961
264.32	0.017523076	-5.8326554	0.012426921
264.448	0.017873217	-5.8332058	0.012785971
264.576	0.017759071	-5.8329624	0.0089881147
264.704	0.017492535	-5.8328477	0.011678438
264.832	0.017610936	-5.8334891	0.011946861
264.96	0.017590198	-5.8333864	0.0089543888
265.088	0.017614844	-5.8334902	0.0097463931
265.216	0.017325775	-5.8331434	0.012305814
265.344	0.017417796	-5.83297	0.01011171
265.472	0.017739276	-5.8336034	0.0078363973
265.6	0.017431821	-5.8332228	0.010094402
265.728	0.017604356	-5.8333974	0.0093088581
265.856	0.017652028	-5.8331555	0.008911385
265.984	0.017663157	-5.8331334	0.0095576429
266.112	0.017633191	-5.8329482	0.010009032
266.24	0.017631166	-5.8328532	0.0055349414
266.368	0.01810405	-5.8331041	0.0073762254
266.496	0.017763477	-5.8328158	0.011210744
266.624	0.017837565	-5.8329804	0.0097087237
266.752	0.018031284	-5.832969	0.010158074
266.88	0.01824529	-5.8332442	0.0086101908
267.008	0.017927673	-5.8325835	0.010006557
267.136	0.017990315	-5.8326014	0.012685458
267.264	0.01835822	-5.8327788	0.010273007
267.392	0.018279188	-5.8324311	0.0091476423
267.52	0.0185741	-5.8329105	0.0112667
267.648	0.018121684	-5.8322762	0.013473564
267.776	0.018593448	-5.8326357	0.010782372
267.904	0.01870738	-5.8326931	0.010223426
268.032	0.018605349	-5.8325929	0.011903309
268.16	0.018371656	-5.8321979	0.011229481
268.288	0.018337268	-5.8320345	0.010097054
268.416	0.018566545	-5.8324778	0.011779034
268.544	0.018787001	-5.8325955	0.010356097
268.672	0.018613628	-5.832504	0.0099720398
268.8	0.01833364	-5.8326778	0.011622842
268.928	0.018299248	-5.8326375	0.014384651
269.056	0.018477314	-5.8330627	0.01115461
269.184	0.018345233	-5.833074	0.0088800593
269.312	0.018042282	-5.8330404	0.0084220342
269.44	0.018275693	-5.8333178	0.0082199162
269.568	0.017947142	-5.8330882	0.0096680938
269.696	0.017904485	-5.8332487	0.010211964
269.824	0.018290431	-5.8338062	0.0096353264
269.952	0.017964421	-5.83356	0.01312846
270.08	0.017787013	-5.8330215	0.0097276642
270.208	0.017972554	-5.8331585	0.0065731895
270.336	0.017465463	-5.8330652	0.011211565
270.464	0.017644833	-5.83352	0.0085842604
270.592	0.017754071	-5.8333105	0.0081616835
270.72	0.017749383	-5.8337085	0.0098360167
270.848	0.017456024	-5.8335326	0.0082844256
270.976	0.017471005	-5.833699	0.009577607
271.104	0.017661295	-5.8338843	0.0071198431
271.232	0.017297689	-5.8335264	0.0072422408
271.36	0.01735135	-5.8333961	0.008698223
271.488	0.017514777	-5.8337138	0.0062236819
271.616	0.017419775	-5.8337794	0.0085677826
271.744	0.017866624	-5.8340363	0.0076250849
271.872	0.017387832	-5.8337909	0.008848597
272	0.01741389	-5.8337469	0.013626478
272.128	0.017418796	-5.8338644	0.011463666
272.256	0.01767042	-5.8339081	0.010270972
272.384	0.01760101	-5.8336757	0.011798556
272.512	0.017558945	-5.8334104	0.0092242618
272.64	0.017850735	-5.8333098	0.0092364133
272.768	0.018198191	-5.8334704	0.010518747
272.896	0.018081129	-5.8337789	0.010105733
273.024	0.017600475	-5.8328745	0.012171851
273.152	0.018159513	-5.8331671	0.012133824
273.28	0.018186766	-5.8330678	0.012426706
273.408	0.018181058	-5.8329939	0.012744252
273.536	0.018257818	-5.8326245	0.011309248
273.664	0.018242136	-5.8326915	0.012280032
273.792	0.01849592	-5.8328854	0.012493782
273.92	0.018601135	-5.833008	0.011623374
274.048	0.018674981	-5.8330268	0.010567956
274.176	0.018173816	-5.8322305	0.015372322
274.304	0.018655633	-5.8326742	0.01563157
274.432	0.018749121	-5.8327303	0.01243159
274.56	0.018278952	-5.8324311	0.013660508
274.688	0.018573266	-5.8329802	0.011902055
274.816	0.018601233	-5.8328038	0.012409461
274.944	0.01845191	-5.8327545	0.013517889
275.072	0.018837427	-5.8333087	0.011214628
275.2	0.018383405	-5.8328529	0.011732795
275.328	0.018220094	-5.8327712	0.011700488
275.456	0.018391196	-5.8331789	0.01161817
275.584	0.018503785	-5.8334872	0.0097030859
275.712	0.018192155	-5.8329969	0.012308291
275.84	0.017929711	-5.8330785	0.012823997
275.968	0.018253947	-5.8336356	0.011304487
276.096	0.018286156	-5.8337922	0.01311239
276.224	0.017897422	-5.8332197	0.011325803
276.352	0.017481454	-5.8332795	0.011100079
276.48	0.017977251	-5.8339989	0.0093876272
276.608	0.017778276	-5.8339349	0.007386327
276.736	0.017505099	-5.8334707	0.011826555
276.864	0.017522923	-5.8336602	0.0096330337
276.992	0.017362576	-5.8336977	0.0099240856
277.12	0.017213994	-5.8338832	0.011584377
277.248	0.01769846	-5.8343925	0.0068111297
277.376	0.017198526	-5.8336601	0.0099407807
277.504	0.017152967	-5.8335789	0.010915477
277.632	0.017663432	-5.8339377	0.006369492
277.76	0.017246141	-5.8341722	0.0076552672
277.888	0.017470217	-5.8341653	0.0087436779
278.016	0.017317776	-5.8340047	0.010994916
278.144	0.017628927	-5.8343333	0.012592982
278.272	0.017424308	-5.833796	0.012848418
278.4	0.017676854	-5.8340704	0.011703071
278.528	0.017692277	-5.8339185	0.0090127729
278.656	0.017604612	-5.8334704	0.0079594763
278.784	0.017818491	-5.8338005	0.010701163
278.912	0.018032498	-5.8338458	0.010923262
279.04	0.017820862	-5.8333983	0.010051289
279.168	0.018040187	-5.8335714	0.010383996
279.296	0.018067521	-5.8337196	0.0096772788
279.424	0.018213758	-5.8333529	0.01089572
279.552	0.018301708	-5.8334151	0.010131779
279.68	0.018121635	-5.8332983	0.010022231
279.808	0.018371564	-5.8335302	0.011729212
279.936	0.018544691	-5.8332364	0.012164815
280.064	0.018216632	-5.8326403	0.013708091
280.192	0.018478133	-5.8330234	0.01097755
280.32	0.018646644	-5.8331828	0.01110045
280.448	0.018533296	-5.8328823	0.010534792
280.576	0.018713362	-5.8332112	0.01078701
280.704	0.01867635	-5.8329823	0.011769195
280.832	0.018218046	-5.8330019	0.012011893
280.96	0.018557352	-5.8331272	0.0089224439
281.088	0.01815832	-5.8326522	0.010492497
281.216	0.01894443	-5.8335791	0.010022117
281.344	0.018566646	-5.83346	0.009582926
281.472	0.018286186	-5.833096	0.0086508957
281.6	0.018462317	-5.8331948	0.0099181231
281.728	0.018058985	-5.832832	0.0104949
281.856	0.018146721	-5.8332628	0.0089901256
281.984	0.017752894	-5.8328291	0.0096787979
282.112	0.017966823	-5.8333304	0.0085056041
282.24	0.017911119	-5.8335191	0.0098041822
282.368	0.018073326	-5.8338213	0.010450319
282.496	0.017955311	-5.8339179	0.0070674888
282.624	0.01787036	-5.8338724	0.0075984759
282.752	0.017715585	-5.833938	0.0098812391
282.88	0.017508785	-5.833892	0.0096515662
283.008	0.0177625	-5.8341919	0.0076399224
283.136	0.017332105	-5.8340156	0.006456865
283.264	0.017510253	-5.8340502	0.0076128721
283.392	0.017591841	-5.8343433	0.0068355381
283.52	0.017449998	-5.8342937	0.0079360918
283.648	0.017356009	-5.8342878	0.011200802
283.776	0.017446798	-5.8340966	0.010750106
283.904	0.017748297	-5.8345231	0.0065485815
284.032	0.017396863	-5.8343276	0.0067067391
284.16	0.017471252	-5.8343113	0.0096862268
284.288	0.017606521	-5.8341089	0.0087110193
284.416	0.017598802	-5.8338743	0.0071037321
284.544	0.017878502	-5.8344058	0.00714963
284.672	0.017489887	-5.8337203	0.00909389
284.8	0.0176576	-5.8339282	0.0082540519
284.928	0.017836594	-5.8340718	0.0079478323
285.056	0.017963882	-5.8340094	0.0087534611
285.184	0.018040138	-5.8341351	0.0068341494
285.312	0.017680205	-5.8336153	0.0077777232
285.44	0.017944598	-5.8336579	0.0083007242
285.568	0.01801298	-5.8336381	0.0085386438
285.696	0.018095864	-5.8339309	0.0065571495
285.824	0.018246688	-5.8337777	0.0054223217
285.952	0.018432266	-5.8336047	0.0093770537
286.08	0.018342041	-5.8333862	0.010090698
286.208	0.018376283	-5.8331944	0.0083088237
286.336	0.018444102	-5.8332252	0.0095609926
286.464	0.018292205	-5.832782	0.010823036
286.592	0.018385503	-5.833169	0.010651609
286.72	0.018907657	-5.8335026	0.011113542
286.848	0.018144736	-5.8324754	0.011382416
286.976	0.018400541	-5.8328122	0.010012624
287.104	0.018443545	-5.8331365	0.011425543
287.232	0.018582796	-5.8331954	0.01142451
287.36	0.01866078	-5.8331865	0.01076423
287.488	0.018248637	-5.8327839	0.011866272
287.616	0.018613385	-5.8332274	0.012933734
287.744	0.018285259	-5.8329649	0.01073199
287.872	0.018539125	-5.8331859	0.0094829692
288	0.018290241	-5.8332771	0.0084928882
288.128	0.018191613	-5.833379	0.0087925917
288.256	0.017986432	-5.833411	0.010921416
288.384	0.018177572	-5.8336803	0.009442007
288.512	0.017908636	-5.8337156	0.006651489
288.64	0.017629142	-5.8334661	0.0066437538
288.768	0.018059606	-5.8340307	0.0080623428
288.896	0.017791391	-5.8339523	0.01047184
289.024	0.017566238	-5.8340103	0.0087324946
289.152	0.017589768	-5.8339231	0.0063568835
289.28	0.017859606	-5.833918	0.0091170708
289.408	0.017588325	-5.8336538	0.0095939447
289.536	0.017720728	-5.8340422	0.0064478584
289.664	0.017892331	-5.8345143	0.0078161373
289.792	0.017578828	-5.8342838	0.0084002272
289.92	0.017334739	-5.834117	0.0068918588
290.048	0.017615984	-5.8346266	0.0053445654
290.176	0.017082446	-5.8342371	0.0084451122
290.304	0.017336364	-5.8343572	0.010308705
290.432	0.017556677	-5.8344758	0.0080729616
290.56	0.01769548	-5.834373	0.0032213914
290.688	0.017664654	-5.8341155	0.0022460774
290.816	0.017508069	-5.8341153	0.0063872272
290.944	0.017702167	-5.8343099	0.0054061835
291.072	0.017334017	-5.833875	0.0064921432
291.2	0.01764221	-5.8341836	0.0075980677
291.328	0.017788405	-5.8341548	0.0069522305
291.456	0.017853805	-5.8339578	0.0064713707
291.584	0.017784375	-5.8336749	0.0067074279
291.712	0.018249891	-5.8342473	0.0082874119
291.84	0.018218782	-5.8338939	0.0093870464
291.968	0.017811774	-5.8334058	0.00749026
292.096	0.018256073	-5.8338036	0.007719575
292.224	0.018298107	-5.8336652	0.010852456
292.352	0.018058549	-5.8331006	0.012065829
292.48	0.018537939	-5.8333891	0.0084200429
292.608	0.01834752	-5.8334518	0.0075080425
292.736	0.018590496	-5.8333959	0.0083477029
292.864	0.018619708	-5.8331125	0.0075425415
292.992	0.01852553	-5.8328989	0.0087515584
293.12	0.018393977	-5.8330295	0.0098390403
293.248	0.018463372	-5.8329514	0.010045981
293.376	0.018338896	-5.8329867	0.010090142
293.504	0.018487308	-5.8331784	0.011637715
293.632	0.018640851	-5.8333742	0.010765435
293.76	0.018684723	-5.8334269	0.011475023
293.888	0.018337324	-5.8332829	0.01182792
294.016	0.018348052	-5.8333463	0.0088903756
294.144	0.018238412	-5.8332153	0.0093363508
294.272	0.017986335	-5.8327324	0.010249413
294.4	0.01846979	-5.8335419	0.009376596
294.528	0.018322838	-5.833521	0.0081207075
294.656	0.018118574	-5.8335191	0.0078093966
294.784	0.017890938	-5.8333803	0.0088116465
294.912	0.017840795	-5.8337057	0.0078245485
295.04	0.018003061	-5.8336168	0.0047736689
295.168	0.017960892	-5.8337796	0.0049042958
295.296	0.018041293	-5.8341994	0.0069808988
295.424	0.01774043	-5.8340263	0.0059434792
295.552	0.01779063	-5.8341191	0.0082039574
295.68	0.017652561	-5.8341212	0.0072729733
295.808	0.017600131	-5.834164	0.005914071
295.936	0.01735049	-5.8340402	0.0084779043
296.064	0.017596229	-5.8346312	0.0080452637
296.192	0.017495391	-5.8344071	0.0055794564
296.32	0.01733474	-5.8342742	0.0052164861
296.448	0.017430756	-5.8343598	0.0066231975
296.576	0.017643384	-5.8344693	0.003592127
296.704	0.017316345	-5.8341748	0.006392329
296.832	0.017564882	-5.834289	0.0069902078
296.96	0.017452529	-5.8338432	0.0068180352
297.088	0.01757331	-5.8341353	0.0073846122
297.216	0.017730527	-5.8344838	0.0066415488
297.344	0.017377623	-5.833636	0.0075908612
297.472	0.017539955	-5.8337506	0.0089995076
297.6	0.017830559	-5.8341331	0.0088047127
297.728	0.017659955	-5.8337067	0.00914224
297.856	0.018107447	-5.833997	0.0094718925
297.984	0.018186523	-5.8339558	0.0099064642
298.112	0.017899596	-5.8335213	0.0084441682
298.24	0.018105662	-5.8337394	0.005541183
298.368	0.018008128	-5.8334006	0.011217758
298.496	0.018365142	-5.8337078	0.0090465302
298.624	0.01839748	-5.8338569	0.00573836
298.752	0.018366492	-5.8333341	0.010628168
298.88	0.018131065	-5.8329912	0.013517721
299.008	0.018434473	-5.8334757	0.0092792781
299.136	0.018405105	-5.8329662	0.0087568364
299.264	0.018590977	-5.8330601	0.0081085468
299.392	0.018084393	-5.8324956	0.0090010103
299.52	0.018666243	-5.8333987	0.01009278
299.648	0.018365825	-5.833332	0.012606532
299.776	0.01892636	-5.8335563	0.008841175
299.904	0.018655238	-5.8334147	0.0086665095
300.032	0.018469763	-5.8332205	0.0089675201
300.16	0.018667665	-5.8336224	0.007410309
300.288	0.01828832	-5.8331621	0.0094143511
300.416	0.018352108	-5.8333856	0.012650676
300.544	0.018240644	-5.833391	0.0090291666
300.672	0.018401893	-5.833735	0.0077144858
300.8	0.018287451	-5.8339083	0.01024188
300.928	0.018039751	-5.8336757	0.0080140773
301.056	0.018205592	-5.8336664	0.0086867509
301.184	0.018103464	-5.8336264	0.0091929351
301.312	0.017827539	-5.8336062	0.0075254237
301.44	0.017908826	-5.8341418	0.006729271
301.568	0.017578321	-5.833935	0.0068808022
301.696	0.017861211	-5.8341001	0.0067868134
301.824	0.017554198	-5.8337873	0.0064015831
301.952	0.017870577	-5.8345946	0.0036665381
302.08	0.01765777	-5.8340798	0.0054744825
302.208	0.01760185	-5.8342416	0.0091390123
302.336	0.017532946	-5.8343574	0.0098948508
302.464	0.017691816	-5.8344428	0.0071652107
302.592	0.017561946	-5.8345291	0.0075379878
302.72	0.0172223	-5.8341086	0.007376317
302.848	0.01760185	-5.8343363	0.0093828208
302.976	0.017465025	-5.8344104	0.0090284665
303.104	0.017639312	-5.8344513	0.0045751235
303.232	0.017619437	-5.8342734	0.0062144745
303.36	0.017718747	-5.8341399	0.0045452274
303.488	0.017579082	-5.8340973	0.0041417575
303.616	0.017632701	-5.8342291	0.0067359514
303.744	0.017727369	-5.8343066	0.0079489034
303.872	0.017610322	-5.8339021	0.0098684767
304	0.017946125	-5.8339712	0.0079736836
304.128	0.018104745	-5.8340176	0.0068835847
304.256	0.017740208	-5.833939	0.0086273366
304.384	0.017974298	-5.8341066	0.010080538
304.512	0.0178003	-5.8337461	0.0097329615
304.64	0.018210056	-5.8339202	0.0077898148
304.768	0.017963322	-5.8332915	0.0092556674
304.896	0.018069213	-5.8334577	0.009475032
305.024	0.017959522	-5.8331059	0.0097217567
305.152	0.018307849	-5.8335229	0.0078397989
305.28	0.018112188	-5.833197	0.0083880409
305.408	0.018564701	-5.8337513	0.010285494
305.536	0.01865212	-5.8337666	0.01089087
305.664	0.018156777	-5.8333334	0.011822785
305.792	0.018242598	-5.8332526	0.010116774
305.92	0.018622042	-5.8337503	0.0085879556
306.048	0.018390032	-5.8333604	0.010448908
306.176	0.018582641	-5.8333145	0.0088434678
306.304	0.018613394	-5.8331839	0.011317537
306.432	0.018363949	-5.8333004	0.011905184
306.56	0.018511473	-5.8336711	0.0083732484
306.688	0.018503134	-5.8336082	0.007813144
306.816	0.018280018	-5.8335115	0.0091640321
306.944	0.018243082	-5.8335451	0.011882566
307.072	0.018362744	-5.8331157	0.012681113
307.2	0.018223592	-5.8333672	0.011271714
307.328	0.018089241	-5.8335539	0.011366531
307.456	0.018300739	-5.8338701	0.0085413165
307.584	0.017953408	-5.8335629	0.0094578665
307.712	0.017999571	-5.8339615	0.0090255539
307.84	0.017898989	-5.8336652	0.0066343681
307.968	0.017957531	-5.8338471	0.0096507212
308.096	0.017755385	-5.8335082	0.011869559
308.224	0.01777389	-5.8339911	0.0098599362
308.352	0.017805136	-5.8342109	0.010104555
308.48	0.017637392	-5.8341107	0.010741492
308.608	0.01744759	-5.8339817	0.0096150793
308.736	0.017560862	-5.8338856	0.0074311821
308.864	0.017866859	-5.8346161	0.0072039306
308.992	0.017476577	-5.8340263	0.0098302117
309.12	0.017604202	-5.8344367	0.010076176
309.248	0.017477693	-5.8340519	0.0074306999
309.376	0.017443334	-5.8340773	0.008552939
309.504	0.017762637	-5.8344784	0.0076511936
309.632	0.017460901	-5.8340337	0.0076357858
309.76	0.017587209	-5.8338416	0.0093036966
309.888	0.017195657	-5.8337069	0.008595334
310.016	0.017798526	-5.8341933	0.0067730761
310.144	0.017927773	-5.8345798	0.0079369012
310.272	0.017503057	-5.8339462	0.0098062378
310.4	0.017844604	-5.8341295	0.0063785153
310.528	0.017927479	-5.8340606	0.0048441533
310.656	0.017813149	-5.8340599	0.0078838722
310.784	0.017953509	-5.8337014	0.008178743
310.912	0.017784386	-5.8332935	0.01033729
311.04	0.017798863	-5.833393	0.0091258524
311.168	0.018138256	-5.8339594	0.0085107202
311.296	0.018174198	-5.8335742	0.010016219
311.424	0.018356586	-5.833397	0.00867754
311.552	0.018087919	-5.8330587	0.008853862
311.68	0.018438791	-5.8332415	0.0084230807
311.808	0.018538788	-5.8333685	0.012145455
311.936	0.01831894	-5.8331232	0.0084855903
312.064	0.018429591	-5.833247	0.0080432042
312.192	0.018674654	-5.8337327	0.010809331
312.32	0.018207935	-5.8329791	0.010866882
312.448	0.018375506	-5.8329578	0.010316763
312.576	0.018608206	-5.8332323	0.0097695828
312.704	0.018710833	-5.8337347	0.011444818
312.832	0.01834481	-5.8333286	0.012150494
312.96	0.01844075	-5.8331137	0.010332082
313.088	0.018321993	-5.8330564	0.010469301
313.216	0.018457038	-5.8335215	0.011810894
313.344	0.018230593	-5.8331033	0.011377656
313.472	0.01801359	-5.833096	0.012014543
313.6	0.018527387	-5.8337968	0.0096341083
313.728	0.018149465	-5.8334426	0.0083057228
313.856	0.018299739	-5.8338037	0.0063005446
313.984	0.017918921	-5.8334429	0.0095839876
314.112	0.018100395	-5.8340267	0.010368647
314.24	0.017438761	-5.8330781	0.0085015833
314.368	0.017954242	-5.8337004	0.0076129248
314.496	0.017895069	-5.833767	0.0088598823
314.624	0.017726401	-5.8338851	0.0062514417
314.752	0.017758576	-5.8342352	0.00664676
314.88	0.017593186	-5.8344386	0.0084525206
315.008	0.017553592	-5.8343776	0.0098056208
315.136	0.017427011	-5.8343204	0.0098813878
315.264	0.017270577	-5.8340561	0.0073538372
315.392	0.017826016	-5.8343862	0.0053167793
315.52	0.017603334	-5.8344612	0.0074793729
315.648	0.01761016	-5.8343113	0.0082301675
315.776	0.017498888	-5.834139	0.0083525222
315.904	0.017190993	-5.8337872	0.0091951371
316.032	0.017712985	-5.8345693	0.0078300737
316.16	0.017681042	-5.8345697	0.0086663755
316.288	0.017284528	-5.834252	0.010473193
316.416	0.01743403	-5.8340292	0.010390501
316.544	0.017841817	-5.8344435	0.0081063644
316.672	0.017785328	-5.8343007	0.0091671225
316.8	0.017796972	-5.8339377	0.0078889866
316.928	0.017714055	-5.8338476	0.0082998346
317.056	0.017758889	-5.8337797	0.011410463
317.184	0.018087697	-5.8338722	0.0096570078
317.312	0.018002309	-5.8334407	0.010295301
317.44	0.018343107	-5.8338531	0.012084012
317.568	0.018002283	-5.8335093	0.0111044
317.696	0.01842929	-5.8336536	0.0075944055
317.824	0.018451644	-5.8334979	0.012404411
317.952	0.018373044	-5.8336093	0.013530933
318.08	0.018571715	-5.8339907	0.0089082489
318.208	0.018588885	-5.8338174	0.010763679
318.336	0.018349382	-5.8332671	0.012724152
318.464	0.018564497	-5.8334679	0.010377881
318.592	0.018446333	-5.8332432	0.010634524
318.72	0.018412116	-5.8332391	0.01169169
318.848	0.018688721	-5.8334585	0.0095918046
318.976	0.018682899	-5.8336241	0.0077681277
319.104	0.018290551	-5.8335082	0.010463807
319.232	0.018558629	-5.8337966	0.0088766188
319.36	0.018561708	-5.8335953	0.010381646
319.488	0.018495346	-5.8337865	0.013641493
319.616	0.018517401	-5.833894	0.010582719
319.744	0.018492659	-5.8341311	0.010650178
319.872	0.01811435	-5.8338163	0.014302277
320	0.018317226	-5.8337108	0.012434179
320.128	0.018160109	-5.8339285	0.011741984
320.256	0.01776766	-5.833727	0.012301333
320.384	0.018133974	-5.8342119	0.0095488923
320.512	0.017803207	-5.8340085	0.011251744
320.64	0.017850803	-5.8342697	0.011401126
320.768	0.01778158	-5.8346009	0.0097605728
320.896	0.017746311	-5.8346965	0.0077256199
321.024	0.017589794	-5.834577	0.010054966
321.152	0.017889042	-5.8349042	0.010596515
321.28	0.017517928	-5.8346915	0.0097166264
321.408	0.017607076	-5.8348871	0.0085169552
321.536	0.017058279	-5.834549	0.0078250124
321.664	0.017543696	-5.8351092	0.0087966678
321.792	0.017367191	-5.8348029	0.0081616847
321.92	0.017233271	-5.8346489	0.0062475483
322.048	0.017429438	-5.8347823	0.0070522914
322.176	0.017248115	-5.8346383	0.0094687909
322.304	0.017487934	-5.8346192	0.0087970171
322.432	0.017797291	-5.835024	0.0095648773
322.56	0.017439009	-5.834581	0.010715419
322.688	0.017607	-5.834429	0.0097263291
322.816	0.017481541	-5.8344594	0.010330411
322.944	0.017719086	-5.8344099	0.0097337067
323.072	0.01780412	-5.834657	0.010236492
323.2	0.017899791	-5.8344727	0.010027077
323.328	0.017896392	-5.8344745	0.0097340331
323.456	0.017998603	-5.8343159	0.0095773798
323.584	0.018080871	-5.8346361	0.008376307
323.712	0.017975087	-5.833951	0.010729882
323.84	0.018053369	-5.8338178	0.013565929
323.968	0.018320682	-5.8338776	0.012011329
324.096	0.018332432	-5.8337676	0.013230836
324.224	0.01840145	-5.8341278	0.01392618
324.352	0.018638679	-5.8339168	0.013599376
324.48	0.018331511	-5.8332359	0.013414807
324.608	0.018924478	-5.833955	0.010560176
324.736	0.018500902	-5.8333315	0.014235199
324.864	0.018648052	-5.833535	0.014176512
324.992	0.018397173	-5.8331427	0.011253257
325.12	0.018616227	-5.8333477	0.0089776603
325.248	0.018566973	-5.8336607	0.011227913
325.376	0.018619774	-5.8338059	0.0099238385
325.504	0.018724168	-5.8342913	0.0086930319
325.632	0.018324899	-5.8339542	0.010526419
325.76	0.018751753	-5.83424	0.009983676
325.888	0.018573133	-5.8342268	0.0098685859
326.016	0.018163346	-5.8339187	0.012275555
326.144	0.018377604	-5.8340193	0.0097756338
326.272	0.018266501	-5.8341372	0.007168077
326.4	0.018346321	-5.8344119	0.010045664
326.528	0.018140185	-5.8345168	0.011510207
326.656	0.01845562	-5.835152	0.0067378646
326.784	0.018128596	-5.8347848	0.009473082
326.912	0.017926185	-5.8347835	0.0096959179
327.04	0.017781717	-5.8347144	0.0067683847
327.168	0.017745288	-5.8349032	0.0061075818
327.296	0.017350232	-5.8345788	0.0068356701
327.424	0.017667332	-5.8351814	0.0059992189
327.552	0.017402916	-5.8350814	0.0056399643
327.68	0.017475913	-5.8354638	0.0040723268
327.808	0.017319134	-5.8354584	0.0073295382
327.936	0.017427079	-5.8357224	0.0042306113
328.064	0.017050979	-5.8354506	0.0049180263
328.192	0.017494888	-5.8356848	0.0031761464
328.32	0.01732783	-5.8356301	0.0032740673
328.448	0.017269698	-5.8357381	0.0046655636
328.576	0.016854172	-5.8353855	0.0070922325
328.704	0.017200301	-5.8357873	0.0080870371
328.832	0.017413823	-5.8357572	0.0018208443
328.96	0.017669779	-5.8360241	0.0019923501
329.088	0.017436014	-5.8353265	0.002398383
329.216	0.01734763	-5.8353459	0.0022703048
329.344	0.017604172	-5.8357086	0.0034563512
329.472	0.017782853	-5.8357725	0.0027485696
329.6	0.017765758	-5.8353978	0.0020625744
329.728	0.017760764	-5.8352835	0.0048199688
329.856	0.018008563	-5.8353664	0.006007746
329.984	0.017983849	-5.8351363	0.0059491392
330.112	0.01789633	-5.8345702	0.0051589041
330.24	0.018127285	-5.8347742	0.0056848504
330.368	0.018510481	-5.8353654	0.0046611494
330.496	0.018381976	-5.8348967	0.0071456267
330.624	0.018521732	-5.8348032	0.0097712946
330.752	0.018687387	-5.8349244	0.0096454037
330.88	0.018860143	-5.8350256	0.0084333987
331.008	0.018401746	-5.8344762	0.0077217176
331.136	0.018480315	-5.8345445	0.0080315432
331.264	0.018930081	-5.8349691	0.0066367774
331.392	0.01863614	-5.8348116	0.0059641758
331.52	0.018704211	-5.835239	0.0076555937
331.648	0.019047901	-5.8354175	0.0077578372
331.776	0.018605757	-5.8348336	0.0093283406
331.904	0.018667971	-5.8351633	0.0069243419
332.032	0.018541632	-5.8351278	0.0048789338
332.16	0.018543245	-5.8351166	0.0036316816
332.288	0.018686962	-5.8355294	0.004315978
332.416	0.018419189	-5.8355401	0.0082367042
332.544	0.018030195	-5.8352628	0.0062549518
332.672	0.018275625	-5.8353414	0.0037279272
332.8	0.01833489	-5.835906	0.0060403806
332.928	0.018372056	-5.8358492	0.0053244706
333.056	0.017887336	-5.8355663	0.0058871814
333.184	0.017479163	-5.8352634	0.0068312291
333.312	0.017688132	-5.8359063	0.0038944801
333.44	0.017354415	-5.8359133	0.0042172608
333.568	0.018079472	-5.8366887	0.0017579794
333.696	0.017292178	-5.8360829	0.0028192992
333.824	0.017523338	-5.8364009	0.0029753751
333.952	0.017277681	-5.8364651	0.005940694
334.08	0.017421658	-5.8364353	0.0041522273
334.208	0.017384886	-5.8363113	0.0026182504
334.336	0.017453921	-5.8366466	0.0026051003
334.464	0.017161364	-5.8364104	0.0014832197
334.592	0.01728682	-5.836544	-0.00075618603
334.72	0.017359784	-5.8368491	-0.0012433414
334.848	0.017385582	-5.836569	0.0023228569
334.976	0.017491651	-5.8368692	0.0018008258
335.104	0.017470405	-5.8365597	0.0047954576
335.232	0.017432373	-5.8365902	0.0038188207
335.36	0.017690417	-5.8368356	0.002582748
335.488	0.017802598	-5.8367972	0.0054529236
335.616	0.017759028	-5.8366598	0.0037404778
335.744	0.017740816	-5.8367232	0.0040631541
335.872	0.018012383	-5.8368652	0.0034040644
336	0.017902072	-5.8364837	0.0035311711
336.128	0.017931832	-5.8360607	0.0032192275
336.256	0.017928471	-5.8359587	0.0048273119
336.384	0.018301758	-5.8365177	0.0024176631
336.512	0.018212557	-5.8362086	0.0049908961
336.64	0.018475756	-5.8363331	0.0063178149
336.768	0.018407376	-5.8363456	0.0045855624
336.896	0.018397405	-5.8361289	0.0036509907
337.024	0.018440734	-5.8362677	0.0057303557
337.152	0.018557132	-5.8360929	0.0052237509
337.28	0.019009634	-5.836689	0.0049547014
337.408	0.018521302	-5.8362827	0.0052985738
337.536	0.018391592	-5.8360292	0.0046483579
337.664	0.01854288	-5.8362587	0.0062104314
337.792	0.018461655	-5.8360621	0.0048118164
337.92	0.018358584	-5.8360858	0.004638207
338.048	0.018312266	-5.8362321	0.0063878273
338.176	0.018403864	-5.8362942	0.006228372
338.304	0.018256922	-5.8360811	0.0062151365
338.432	0.018149095	-5.8359649	0.007332788
338.56	0.018327426	-5.8364758	0.0063566148
338.688	0.01820193	-5.8363481	0.0077345132
338.816	0.017901007	-5.8361354	0.0084338746
338.944	0.01816033	-5.8367937	0.0052188684
339.072	0.018085229	-5.8369474	0.004250628
339.2	0.017778562	-5.8366765	0.0054189396
339.328	0.017835219	-5.8370745	0.0035609437
339.456	0.017778877	-5.8370421	0.0030687978
339.584	0.017912816	-5.8372323	0.0022527719
339.712	0.017698684	-5.8371471	0.0013135939
339.84	0.017394533	-5.8369358	0.0026902748
339.968	0.017767612	-5.8372962	0.00034550021
340.096	0.018107224	-5.8376434	0.0017380719
340.224	0.017740665	-5.8373595	0.0013383958
340.352	0.01778731	-5.8376917	0.002515027
340.48	0.017919571	-5.8376567	0.0025831566
340.608	0.017794922	-5.8375367	0.0011592819
340.736	0.017666412	-5.8376078	0.0009585878
340.864	0.017317249	-5.8372889	0.0046422931
340.992	0.017863707	-5.8378719	0.0054053392
341.12	0.017773464	-5.8377465	0.0036519021
341.248	0.017724176	-5.8375962	0.003919938
341.376	0.017891804	-5.8377942	0.0034317059
341.504	0.017812589	-5.8376207	0.0038460777
341.632	0.017754264	-5.8376195	0.0023072335
341.76	0.017571875	-5.8372176	0.0042596552
341.888	0.017701062	-5.8374835	0.0055933584
342.016	0.017786393	-5.8376699	0.0044892332
342.144	0.018057747	-5.8380052	0.0033477926
342.272	0.017707986	-5.8378966	0.0037949644
342.4	0.018260799	-5.8382959	0.00029074326
342.528	0.01787015	-5.8377462	0.0033244647
342.656	0.017971054	-5.8377758	0.0042662894
342.784	0.018028376	-5.8379344	0.0028138039
342.912	0.01783553	-5.8376516	0.0033691698
343.04	0.017877188	-5.8373108	0.0060201249
343.168	0.017800759	-5.8374662	0.0059252615
343.296	0.018149842	-5.8374332	0.0047931308
343.424	0.018217745	-5.8373328	0.0023285909
343.552	0.017935198	-5.8375498	0.0035122071
343.68	0.017790381	-5.8371936	0.0053422493
343.808	0.018244215	-5.8374141	0.0048865384
343.936	0.017845748	-5.8371834	0.0040765059
344.064	0.018212764	-5.8375059	0.0021341035
344.192	0.018070334	-5.8373212	0.0055895355
344.32	0.018282902	-5.8374373	0.0074021728
344.448	0.017868835	-5.8370478	0.0038949173
344.576	0.018210193	-5.8372679	0.00061095419
344.704	0.01841003	-5.8375771	0.0050034061
344.832	0.018520088	-5.8376985	0.00059316826
344.96	0.018313248	-5.8375148	0.0010789999
345.088	0.018506652	-5.8379882	0.0019129317
345.216	0.018461925	-5.8378751	0.00021309621
345.344	0.018488243	-5.837927	0.0023349192
345.472	0.018425088	-5.8380592	0.0011535024
345.6	0.018572387	-5.8382398	-0.00080724861
345.728	0.018159568	-5.837939	0.0008578802
345.856	0.018295471	-5.8383059	0.0016138892
345.984	0.018022757	-5.8381582	-5.9571508e-05
346.112	0.018206035	-5.8385772	0.00098529558
346.24	0.018138097	-5.8387099	-0.00032410849
346.368	0.01766207	-5.8383527	-0.00073919084
346.496	0.018184508	-5.8387945	-0.001167312
346.624	0.017922116	-5.8385373	-0.0013496398
346.752	0.018088842	-5.8389337	-0.00016512002
346.88	0.017847793	-5.8389367	-0.0003181163
347.008	0.01788593	-5.8390662	-0.0025250809
347.136	0.017661428	-5.8390314	0.00080719209
347.264	0.017675445	-5.8390519	0.00026855181
347.392	0.0178009	-5.8391352	-0.0027256747
347.52	0.017455637	-5.8390397	-0.0024412029
347.648	0.017203613	-5.838803	-0.0012660389
347.776	0.017651435	-5.8392665	-0.0013907357
347.904	0.017679826	-5.8392234	-0.0017097805
348.032	0.017492918	-5.8391578	-0.0025086948
348.16	0.017697215	-5.839349	-0.00049166616
348.288	0.017868462	-5.839257	-0.0019292709
348.416	0.017469392	-5.8387763	-0.0014029872
348.544	0.017208472	-5.8389363	0.00017960953
348.672	0.017682663	-5.8391677	-0.0044643009
348.8	0.017649487	-5.8389756	-0.0028797528
348.928	0.017829666	-5.8392973	-0.0023565746
349.056	0.017699618	-5.8387601	-0.0012216052
349.184	0.017667786	-5.83868	-0.0016866383
349.312	0.017561977	-5.8386844	-0.0017863863
349.44	0.018120987	-5.8391407	-0.0017130742
349.568	0.017749539	-5.8387879	-0.00015984421
349.696	0.017995974	-5.8388627	-0.001179654
349.824	0.017812877	-5.8381836	0.0011386858
349.952	0.018390423	-5.8386637	-0.0021896487
350.08	0.018238399	-5.8388607	-0.0017834925
350.208	0.018186133	-5.8387221	0.00065801311
350.336	0.018194259	-5.8383108	-0.00075268018
350.464	0.018303384	-5.8381244	-0.0022611136
350.592	0.018383243	-5.8382271	-0.00037572541
350.72	0.018502402	-5.838226	-0.0045853314
350.848	0.018548884	-5.8381651	-0.0036015136
350.976	0.018247989	-5.8379029	0.0019141415
351.104	0.018399752	-5.8382449	-0.00042975484
351.232	0.018448234	-5.8384499	-0.0027735269
351.36	0.018140741	-5.8380011	-0.00017105336
351.488	0.018528488	-5.8386154	-0.0011982267
351.616	0.01829883	-5.8383372	-0.0023768694
351.744	0.018486242	-5.8388978	-0.00050881558
351.872	0.018167793	-5.8386967	0.00093317602
352	0.018247379	-5.8389003	0.0011341879
352.128	0.018321327	-5.8389967	0.00096031066
352.256	0.018472166	-5.8393574	-0.00027409348
352.384	0.018198677	-5.8389209	0.00016547102
352.512	0.017919027	-5.8386559	-0.00045350832
352.64	0.018310458	-5.8396054	-0.00099178842
352.768	0.017911767	-5.8390689	-0.0003262169
352.896	0.017843754	-5.8388243	-0.0021565946
353.024	0.017991445	-5.8393167	-0.0034602482
353.152	0.017723714	-5.839104	-0.0021788557
353.28	0.018080419	-5.8394274	-0.0040290569
353.408	0.017784418	-5.8391601	-0.0038393535
353.536	0.017724884	-5.8391232	-0.0038534306
353.664	0.01749539	-5.8388179	-0.0013026813
353.792	0.017598903	-5.8389166	-0.0016919152
353.92	0.017251912	-5.8384755	-0.0030842869
354.048	0.017645022	-5.8392568	-0.002816372
354.176	0.01764948	-5.8393479	-0.0017132063
354.304	0.017619927	-5.8395275	-0.0040772896
354.432	0.017502597	-5.839574	-0.0036954758
354.56	0.017586414	-5.8393516	-0.003431462
354.688	0.017540943	-5.8394002	-0.0022747476
354.816	0.017796501	-5.8395768	-0.0025696226
354.944	0.017688586	-5.8393191	-0.0037573281
355.072	0.01765621	-5.8395022	-0.003883139
355.2	0.017507106	-5.8391625	-0.0017299576
355.328	0.017801311	-5.839349	-0.0034344303
355.456	0.017774234	-5.8392556	-0.0028747796
355.584	0.017611261	-5.838839	-0.00093696842
355.712	0.018165915	-5.8393872	-0.0041309834
355.84	0.018210802	-5.8395408	-0.0059751289
355.968	0.017658215	-5.8385992	-0.00080451728
356.096	0.017871648	-5.8388064	0.0017331151
356.224	0.018342125	-5.8390298	-0.00017549523
356.352	0.018010789	-5.8386996	9.0084571e-05
356.48	0.018366224	-5.8388559	-2.1178441e-05
356.608	0.018185915	-5.8384434	-0.0015016112
356.736	0.018280484	-5.8385984	-0.0017688506
356.864	0.018367031	-5.8384989	0.00083606978
356.992	0.018494923	-5.8388418	-0.0046481302
357.12	0.018456772	-5.8385021	-0.0051132776
357.248	0.018469448	-5.8385749	0.0001866468
357.376	0.018705573	-5.8388992	-0.0046248851
357.504	0.018732773	-5.8389351	-0.0048570999
357.632	0.018520381	-5.8386181	-0.0018121649
357.76	0.018505773	-5.8386499	-0.0043428881
357.888	0.018291236	-5.8384737	-0.0025958095
358.016	0.018530393	-5.838593	-0.00088771276
358.144	0.018612175	-5.8387044	-0.0078182085
358.272	0.018161497	-5.8387717	-0.0075004539
358.4	0.018420603	-5.8392056	-0.0041167653
358.528	0.018326877	-5.8391039	-0.0072954896
358.656	0.018173336	-5.8390983	-0.0084278858
358.784	0.017856649	-5.8390387	-0.0066400974
358.912	0.017739212	-5.8390074	-0.0062394228
359.04	0.018170825	-5.8395863	-0.0072128125
359.168	0.017719275	-5.8395475	-0.0046658034
359.296	0.017813639	-5.8395434	-0.0073455737
359.424	0.01776246	-5.8397362	-0.006151512
359.552	0.018086002	-5.8402461	-0.0089455216
359.68	0.018005409	-5.8400306	-0.0096596734
359.808	0.017733279	-5.8398328	-0.0058306406
359.936	0.018234644	-5.8405936	-0.0081936502
360.064	0.017771226	-5.8400533	-0.0078467373
360.192	0.017628882	-5.840217	-0.0078815725
360.32	0.017379344	-5.8401057	-0.0083618829
360.448	0.017465928	-5.8399876	-0.0098026278
360.576	0.017681928	-5.8401583	-0.011034955
360.704	0.017394336	-5.8400791	-0.008265025
360.832	0.017541264	-5.8403869	-0.0052031003
360.96	0.017674377	-5.8404966	-0.0058718
361.088	0.017825857	-5.8406538	-0.0057842925
361.216	0.017829088	-5.840539	-0.0053930936
361.344	0.017404316	-5.8400107	-0.0052565728
361.472	0.017457682	-5.8399303	-0.006232253
361.6	0.017616663	-5.839922	-0.0071220599
361.728	0.017468699	-5.8401514	-0.0043893394
361.856	0.017725122	-5.8401	-0.0060550223
361.984	0.017612296	-5.8399632	-0.0058775554
362.112	0.017820372	-5.8399221	-0.0051041127
362.24	0.017758441	-5.8399227	-0.0063795719
362.368	0.017806681	-5.8395827	-0.0083425756
362.496	0.017884551	-5.8398058	-0.0088161679
362.624	0.018249992	-5.8401119	-0.0084148727
362.752	0.018127065	-5.8398739	-0.0071332399
362.88	0.017990495	-5.8394473	-0.0057105236
363.008	0.018161559	-5.8393402	-0.0061426056
363.136	0.018428438	-5.8397484	-0.0065118621
363.264	0.018545924	-5.8399164	-0.0062031743
363.392	0.018533421	-5.8397465	-0.0044554224
363.52	0.018456038	-5.8396773	-0.0041108574
363.648	0.018660861	-5.8399413	-0.0024849822
363.776	0.018982685	-5.8402096	-0.0022285869
363.904	0.018313619	-5.8396438	-0.00088679942
364.032	0.018783133	-5.8400717	-0.0025053476
364.16	0.018283538	-5.8392479	-0.00378291
364.288	0.01836851	-5.8396765	-0.0061149008
364.416	0.018362242	-5.83963	-0.0043359208
364.544	0.018790984	-5.8399511	-0.006964042
364.672	0.018473233	-5.8395907	-0.0067607009
364.8	0.018345074	-5.8397692	-0.0060260266
364.928	0.018166527	-5.8395375	-0.0058827925
365.056	0.01815984	-5.839707	-0.0071170201
365.184	0.018055654	-5.8397371	-0.0062317286
365.312	0.017902294	-5.8396416	-0.0080895626
365.44	0.018050029	-5.840104	-0.0082062142
365.568	0.018266585	-5.8405476	-0.0064882285
365.696	0.0176213	-5.8400449	-0.0072466293
365.824	0.01779158	-5.8402611	-0.011231519
365.952	0.017812151	-5.8404136	-0.012773747
366.08	0.017418929	-5.8404394	-0.012009116
366.208	0.017606999	-5.8405216	-0.01004063
366.336	0.017525865	-5.8405268	-0.0083510245
366.464	0.017626775	-5.8409274	-0.0089483102
366.592	0.017442753	-5.8408061	-0.011157121
366.72	0.017535772	-5.8409411	-0.012161507
366.848	0.01752421	-5.8409493	-0.011090745
366.976	0.017512845	-5.8409348	-0.010214842
367.104	0.017619031	-5.8411345	-0.0088853221
367.232	0.017460923	-5.841163	-0.0077991125
367.36	0.017515738	-5.8408704	-0.0082212812
367.488	0.017449183	-5.8408078	-0.010926738
367.616	0.017488827	-5.8405818	-0.011002709
367.744	0.017544153	-5.8405184	-0.010152583
367.872	0.01764884	-5.8405292	-0.0089733347
368	0.017634953	-5.8406465	-0.0079838418
368.128	0.017696909	-5.8405342	-0.008840537
368.256	0.017688936	-5.8401558	-0.0073235003
368.384	0.017844209	-5.8399384	-0.0057639879
368.512	0.018090974	-5.8403925	-0.0069985292
368.64	0.0180283	-5.8401693	-0.0090487988
368.768	0.017896697	-5.8400205	-0.0074790965
368.896	0.017906215	-5.8398097	-0.0057613057
369.024	0.018162297	-5.8400872	-0.0064192232
369.152	0.018425753	-5.8402342	-0.0045359084
369.28	0.018416842	-5.8400229	-0.0040875521
369.408	0.018562712	-5.8399458	-0.0058352061
369.536	0.018336787	-5.8397204	-0.0046428987
369.664	0.01863382	-5.8398671	-0.0073873196
369.792	0.018414685	-5.8395439	-0.0079899732
369.92	0.018645942	-5.8399402	-0.0078196805
370.048	0.018616569	-5.8397888	-0.0085061476
370.176	0.018584016	-5.8396288	-0.0079052121
370.304	0.018630257	-5.8394954	-0.0056481434
370.432	0.018774582	-5.8396112	-0.0069673016
370.56	0.018737598	-5.8395726	-0.010186411
370.688	0.018788013	-5.8399017	-0.0079613257
370.816	0.018156426	-5.8395812	-0.0061626177
370.944	0.018515207	-5.8398889	-0.0084099719
371.072	0.018381128	-5.8395774	-0.0084707303
371.2	0.018410254	-5.8400644	-0.0094317246
371.328	0.018254298	-5.8401673	-0.0081684266
371.456	0.018016069	-5.8403255	-0.0041897554
371.584	0.018544036	-5.8409487	-0.0079336203
371.712	0.01798715	-5.8405993	-0.007047744
371.84	0.017287431	-5.8400462	-0.0054100424
371.968	0.017802964	-5.8402993	-0.0068085061
372.096	0.018046458	-5.8407991	-0.0073509351
372.224	0.017817458	-5.840885	-0.0067400576
372.352	0.017727648	-5.8409726	-0.0067972607
372.48	0.01730241	-5.840674	-0.0089016543
372.608	0.017619066	-5.840885	-0.0085760919
372.736	0.017715641	-5.8409952	-0.0082802829
372.864	0.017292025	-5.8406598	-0.0076303689
372.992	0.017383118	-5.8408159	-0.0077419826
373.12	0.017254133	-5.8406481	-0.0085629657
373.248	0.017587049	-5.8412275	-0.0089908105
373.376	0.017020627	-5.8403867	-0.0056863665
373.504	0.017510812	-5.8409016	-0.0097384752
373.632	0.017226323	-5.8408017	-0.011315515
373.76	0.017725283	-5.8412344	-0.011429385
373.888	0.017431774	-5.8406473	-0.010943927
374.016	0.017888051	-5.8408108	-0.012713283
374.144	0.017477109	-5.8404101	-0.0086779037
374.272	0.017550429	-5.8405816	-0.0096385238
374.4	0.017843234	-5.8408165	-0.0070287252
374.528	0.017879156	-5.8407153	-0.0083462092
374.656	0.017969154	-5.840566	-0.0083509491
374.784	0.017714548	-5.8400472	-0.0055914082
374.912	0.017843434	-5.8402889	-0.0073665152
375.04	0.017961504	-5.8399529	-0.0063762374
375.168	0.017856848	-5.8395949	-0.0072281648
375.296	0.018419755	-5.8399899	-0.0052279053
375.424	0.018275146	-5.8399644	-0.0061945338
375.552	0.018540272	-5.8398743	-0.0098312297
375.68	0.018637827	-5.8400231	-0.0062842613
375.808	0.018496964	-5.8397886	-0.0067903748
375.936	0.018542948	-5.8401392	-0.0076396702
376.064	0.018703126	-5.8398721	-0.0062135566
376.192	0.018421294	-5.8392996	-0.0061795252
376.32	0.018641363	-5.8394766	-0.0053740505
376.448	0.01860168	-5.8395635	-0.0066293851
376.576	0.018616972	-5.8397624	-0.005939139
376.704	0.018455904	-5.8397812	-0.0062623969
376.832	0.018523214	-5.8399468	-0.0048203587
376.96	0.018654268	-5.8399247	-0.0020498693
377.088	0.018388695	-5.8395401	-0.0020954965
377.216	0.018542447	-5.8397224	-0.0055089178
377.344	0.018414383	-5.8400175	-0.004450314
377.472	0.018420613	-5.8399801	-0.0051558977
377.6	0.018283895	-5.8404156	-0.0062824957
377.728	0.018342599	-5.8405292	-0.0080762508
377.856	0.018157823	-5.8405534	-0.0062797117
377.984	0.018024604	-5.8405611	-0.0062680986
378.112	0.017617705	-5.84008	-0.0064805738
378.24	0.018207544	-5.8410417	-0.0064407527
378.368	0.017792908	-5.8406726	-0.0084094051
378.496	0.017546644	-5.8407157	-0.0081917549
378.624	0.017829455	-5.8410379	-0.0077063627
378.752	0.017736471	-5.8407927	-0.0080960837
378.88	0.017476345	-5.8408599	-0.0080908429
379.008	0.01740585	-5.8405392	-0.0098254165
379.136	0.017447961	-5.8409497	-0.0093635656
379.264	0.017362446	-5.8409849	-0.0082441368
379.392	0.017563603	-5.8412016	-0.010948183
379.52	0.017511699	-5.8410692	-0.0098896712
379.648	0.017137963	-5.8406597	-0.0061922722
379.776	0.01748075	-5.8410652	-0.0099995957
379.904	0.017268222	-5.8408648	-0.0094708124
380.032	0.017167591	-5.8407624	-0.0064440975
380.16	0.017543415	-5.8408923	-0.0083918743
380.288	0.017496359	-5.8405678	-0.009486983
380.416	0.017592509	-5.8407797	-0.010508948
380.544	0.017642916	-5.8406893	-0.01008306
380.672	0.017551394	-5.8405655	-0.0066345352
380.8	0.017493102	-5.8402241	-0.0065863993
380.928	0.017817737	-5.8407726	-0.0062517496
381.056	0.017852148	-5.840461	-0.0060193857
381.184	0.01815325	-5.8403493	-0.0062723604
381.312	0.018192859	-5.8404602	-0.0054827425
381.44	0.018557255	-5.8405515	-0.0077575453
381.568	0.017946258	-5.8398195	-0.005349769
381.696	0.018152516	-5.8399878	-0.005275116
381.824	0.01832204	-5.8400758	-0.0047081276
381.952	0.018669932	-5.840325	-0.0068424847
382.08	0.0184634	-5.8398289	-0.0052207446
382.208	0.018466213	-5.83959	-0.0040208839
382.336	0.018553246	-5.8396585	-0.0056253412
382.464	0.01863446	-5.8397602	-0.0063775811
382.592	0.018630717	-5.8397053	-0.0068872972
382.72	0.018651469	-5.8400446	-0.0087714608
382.848	0.018611847	-5.8397524	-0.0052122152
382.976	0.018392924	-5.8396037	-0.0045763166
383.104	0.018803628	-5.8399941	-0.0082797436
383.232	0.018406758	-5.8397387	-0.0046352679
383.36	0.018528388	-5.8397583	-0.0058685523
383.488	0.018786044	-5.8400837	-0.00721435
383.616	0.018343791	-5.8396982	-0.005951124
383.744	0.018471837	-5.8403024	-0.0075382716
383.872	0.01819988	-5.8400596	-0.0064101068
384	0.018247069	-5.8404854	-0.0079357032
384.128	0.017859707	-5.8399072	-0.0074243035
384.256	0.017763756	-5.8398383	-0.0068556572
384.384	0.018309701	-5.8405392	-0.0073723911
384.512	0.018002872	-5.8406844	-0.0077554819
384.64	0.018248194	-5.8410843	-0.0092561722
384.768	0.01762593	-5.8403796	-0.0080424768
384.896	0.017375104	-5.8402684	-0.010370382
385.024	0.017752831	-5.8407741	-0.0091215557
385.152	0.017348739	-5.8407252	-0.0073309926
385.28	0.017376229	-5.8408944	-0.0085895485
385.408	0.017804884	-5.8413979	-0.010189037
385.536	0.017188085	-5.8409211	-0.0084443376
385.664	0.017290914	-5.8409876	-0.0097778589
385.792	0.017494961	-5.8410325	-0.0078217839
385.92	0.017229715	-5.8409098	-0.0065532177
386.048	0.0175098	-5.8410814	-0.010461831
386.176	0.017439809	-5.8410673	-0.0094672891
386.304	0.017320405	-5.8407861	-0.008411566
386.432	0.017281896	-5.8406726	-0.0077208627
386.56	0.017960894	-5.841181	-0.008878849
386.688	0.017457816	-5.8408126	-0.0076036241
386.816	0.017761141	-5.8407445	-0.0088343779
386.944	0.017557512	-5.8403898	-0.0076083817
387.072	0.017527432	-5.8402646	-0.0052807408
387.2	0.018215277	-5.8410177	-0.0093247382
387.328	0.017888003	-5.8403672	-0.0056651368
387.456	0.017846951	-5.8401183	-0.0046528683
387.584	0.018203667	-5.8398366	-0.0063639483
387.712	0.018287004	-5.8400683	-0.0061724572
387.84	0.018126211	-5.8399406	-0.0074669544
387.968	0.018015459	-5.8399175	-0.0045698647
388.096	0.018550385	-5.840422	-0.0073684819
388.224	0.01820374	-5.8401255	-0.0058040204
388.352	0.018523094	-5.8398627	-0.0027794807
388.48	0.018347129	-5.839713	-0.002480781
388.608	0.01863419	-5.839841	-0.0024386053
388.736	0.018495357	-5.8399164	-0.0036696959
388.864	0.018509102	-5.8400885	-0.0038726499
388.992	0.018634122	-5.8398899	-0.0055309871
389.12	0.018682104	-5.8395047	-0.0084034385
389.248	0.018293788	-5.8391939	-0.0056909327
389.376	0.018620181	-5.8396456	-0.0051052747
389.504	0.018620008	-5.8398699	-0.0057407095
389.632	0.018371449	-5.839562	-0.0064173803
389.76	0.018488759	-5.8399809	-0.0077449265
389.888	0.018576413	-5.8401763	-0.0081323613
390.016	0.01815171	-5.839886	-0.00626156
390.144	0.018356068	-5.8401662	-0.0051745342
390.272	0.018178472	-5.8401224	-0.0048727407
390.4	0.018066009	-5.8402219	-0.0035390003
390.528	0.018263084	-5.8408247	-0.0086338335
390.656	0.018135401	-5.8405508	-0.010630542
390.784	0.017762021	-5.8402965	-0.0069794572
390.912	0.017503695	-5.8400609	-0.007101126
391.04	0.01759719	-5.8402385	-0.0086448643
391.168	0.017969291	-5.8406533	-0.0084998015
391.296	0.017623325	-5.8404078	-0.0052195555
391.424	0.017599945	-5.8407658	-0.0080033489
391.552	0.01704283	-5.8402662	-0.0086346998
391.68	0.017494412	-5.8411522	-0.0083169782
391.808	0.017446554	-5.8406632	-0.0075049657
391.936	0.017516348	-5.8411115	-0.0069312024
392.064	0.017375438	-5.8410415	-0.0064533535
392.192	0.017474108	-5.840979	-0.0096368661
392.32	0.017531266	-5.8409449	-0.0099772258
392.448	0.017185901	-5.8405907	-0.0088871972
392.576	0.017562327	-5.8408531	-0.0091769611
392.704	0.017539662	-5.841011	-0.0090344769
392.832	0.017001491	-5.8402309	-0.0072966557
392.96	0.017413193	-5.8407226	-0.0087867293
393.088	0.017913975	-5.8412967	-0.010569184
393.216	0.017832857	-5.8408895	-0.0098358051
393.344	0.01745225	-5.8401999	-0.0064102974
393.472	0.017773782	-5.8403098	-0.008702685
393.6	0.017995205	-5.8404257	-0.0091122649
393.728	0.018271554	-5.8405024	-0.007961346
393.856	0.01746741	-5.8393917	-0.0044092457
393.984	0.01829244	-5.8404491	-0.0052816508
394.112	0.018113883	-5.8400903	-0.0060511527
394.24	0.018095516	-5.8399313	-0.0055902995
394.368	0.018402107	-5.8403729	-0.0065801247
394.496	0.018182518	-5.8398668	-0.0059888634
394.624	0.018624217	-5.8401108	-0.0054069567
394.752	0.018442805	-5.8398093	-0.0062101497
394.88	0.018144263	-5.8393983	-0.005469496
395.008	0.018620379	-5.8399265	-0.0046879291
395.136	0.018535751	-5.8394145	-0.0035319998
395.264	0.018953601	-5.8400289	-0.0052565073
395.392	0.018426526	-5.8395314	-0.0021463621
395.52	0.018491101	-5.8397926	-0.0029456062
395.648	0.018573729	-5.8397451	-0.0030434284
395.776	0.018682374	-5.8397898	-0.0046195377
395.904	0.018323523	-5.8392918	-0.004212364
396.032	0.018246419	-5.8396669	-0.0067216554
396.16	0.01841742	-5.8398918	-0.0076822018
396.288	0.018347622	-5.840202	-0.0068956312
396.416	0.018312681	-5.8401714	-0.0080719393
396.544	0.018173294	-5.8399994	-0.0080881246
396.672	0.018040255	-5.8401254	-0.0075331442
396.8	0.018156521	-5.8405472	-0.0098568862
396.928	0.017930139	-5.8401557	-0.0099883322
397.056	0.018030506	-5.8403331	-0.0079139719
397.184	0.017882667	-5.8401701	-0.0079080619
397.312	0.017522394	-5.840084	-0.005985084
397.44	0.018038391	-5.840623	-0.007242769
397.568	0.01776929	-5.8407248	-0.0084466844
397.696	0.017348981	-5.8404772	-0.0063578169
397.824	0.017595923	-5.8409725	-0.0091178982
397.952	0.017466069	-5.8407943	-0.01027213
398.08	0.017703199	-5.8411291	-0.011808164
398.208	0.017364172	-5.8406901	-0.0093533304
398.336	0.017340649	-5.8410235	-0.0069264038
398.464	0.017490437	-5.8411183	-0.0097006285
398.592	0.017218718	-5.8409437	-0.0076296292
398.72	0.017351272	-5.8411338	-0.0063957522
398.848	0.017532512	-5.8411782	-0.009530569
398.976	0.017388029	-5.8408189	-0.010160313
399.104	0.017680161	-5.8409728	-0.0089367077
399.232	0.017504692	-5.8409753	-0.0097212811
399.36	0.017580432	-5.8409109	-0.012367916
399.488	0.017613244	-5.8407769	-0.0099194785
399.616	0.017528849	-5.8407118	-0.0049818403
399.744	0.017934189	-5.8406102	-0.0058197572
399.872	0.017831981	-5.8406653	-0.0076704146
400	0.01784721	-5.8401867	-0.0064537321
400.128	0.018039282	-5.8403406	-0.0064326685
400.256	0.017999211	-5.8401338	-0.0062065916
400.384	0.018014495	-5.8401237	-0.0061255578
400.512	0.018163839	-5.8402992	-0.0083421638
400.64	0.018342332	-5.8402579	-0.0083793201
400.768	0.018536292	-5.8398991	-0.0078632769
400.896	0.018363816	-5.839478	-0.0092880118
401.024	0.018389538	-5.8394499	-0.0051779886
401.152	0.018382485	-5.8395336	-0.0060980426
401.28	0.018643695	-5.8399316	-0.0074240994
401.408	0.018398415	-5.8396046	-0.0055911289
401.536	0.018566081	-5.8396516	-0.006488271
401.664	0.018611085	-5.8398515	-0.0070001611
401.792	0.018535213	-5.8398195	-0.0062321024
401.92	0.018557123	-5.8398069	-0.0059770179
402.048	0.018511078	-5.8399922	-0.008273866
402.176	0.018714713	-5.839829	-0.0087947159
402.304	0.018421229	-5.8396314	-0.005355923
402.432	0.018707121	-5.8401125	-0.0059750789
402.56	0.018297358	-5.8399821	-0.0054528457
402.688	0.018227862	-5.8399082	-0.0057536232
402.816	0.01827472	-5.8401068	-0.0083590844
402.944	0.018190984	-5.8401346	-0.0081394803
403.072	0.018084101	-5.8404367	-0.0072129409
403.2	0.018085845	-5.8403593	-0.0079017411
403.328	0.017850983	-5.8402143	-0.0075687304
403.456	0.017894483	-5.8404586	-0.010624705
403.584	0.017726525	-5.8401284	-0.0085278116
403.712	0.017505701	-5.8403916	-0.0054260307
403.84	0.01805118	-5.84101	-0.0078855959
403.968	0.01738002	-5.8407748	-0.0094504458
404.096	0.017481335	-5.8407147	-0.010972514
404.224	0.017543188	-5.8409248	-0.01125544
404.352	0.017663588	-5.8410511	-0.010054059
404.48	0.017562542	-5.8410957	-0.010159163
404.608	0.017272174	-5.8411038	-0.0094576474
404.736	0.017493896	-5.8412734	-0.0091873592
404.864	0.017620656	-5.8414308	-0.0084643402
404.992	0.017322233	-5.8410011	-0.0096647782
405.12	0.017383284	-5.8408537	-0.010441385
405.248	0.017505843	-5.8409754	-0.0086489527
405.376	0.01753649	-5.8410282	-0.0066259659
405.504	0.017335499	-5.8407047	-0.0063506495
405.632	0.017718974	-5.8410274	-0.0080117874
405.76	0.017674844	-5.840859	-0.0057770373
405.888	0.017641736	-5.840474	-0.0044984326
406.016	0.017939668	-5.8407073	-0.0085327376
406.144	0.018072508	-5.8406763	-0.0065058517
406.272	0.017583283	-5.840029	-0.0025536633
406.4	0.018042216	-5.8404936	-0.0056024208
406.528	0.018143144	-5.8404368	-0.0046955031
406.656	0.018171827	-5.8400191	-0.007066115
406.784	0.018153044	-5.8398509	-0.010019455
406.912	0.018399219	-5.8399036	-0.0095392073
407.04	0.018432644	-5.8398439	-0.0065654043
407.168	0.018218012	-5.8398082	-0.0049328167
407.296	0.018500497	-5.8399924	-0.0080641086
407.424	0.018641038	-5.840068	-0.007285554
407.552	0.018304922	-5.8395247	-0.0044969295
407.68	0.018539636	-5.8397539	-0.0065521054
407.808	0.018608484	-5.8399062	-0.0034766
407.936	0.018523238	-5.8398686	-0.0046467142
408.064	0.018419102	-5.8395243	-0.0074400556
408.192	0.018356082	-5.8395756	-0.010495582
408.32	0.018726964	-5.8400297	-0.011514775
408.448	0.018266586	-5.839691	-0.0072463068
408.576	0.018380439	-5.8397333	-0.0054785254
408.704	0.018434115	-5.8397534	-0.0040746071
408.832	0.018321344	-5.8395808	-0.0095102552
408.96	0.018693383	-5.8401879	-0.012635742
409.088	0.018437893	-5.8402128	-0.0072660417
409.216	0.01827725	-5.8400945	-0.007028147
409.344	0.018086845	-5.8402178	-0.0083164961
409.472	0.017970286	-5.8402205	-0.0083719946
409.6	0.017827856	-5.8404699	-0.005546166
409.728	0.017867518	-5.8404617	-0.0046420412
409.856	0.017752083	-5.8401704	-0.0062033891
409.984	0.017924414	-5.8405257	-0.01030583
410.112	0.017673696	-5.8406296	-0.0076687089
410.24	0.01788315	-5.8411971	-0.0079015023
410.368	0.017353211	-5.8406207	-0.0096500392
410.496	0.017553623	-5.8408867	-0.008488056
410.624	0.017353324	-5.8411031	-0.0059039896
410.752	0.017622681	-5.8409351	-0.0086203997
410.88	0.01719622	-5.840644	-0.0074532306
411.008	0.017497682	-5.8410884	-0.0094307116
411.136	0.017426916	-5.8410397	-0.0087109252
411.264	0.017349784	-5.8410707	-0.0067954116
411.392	0.017601676	-5.8412443	-0.0092251068
411.52	0.017570271	-5.8409495	-0.010931061
411.648	0.017476043	-5.8408679	-0.01143873
411.776	0.017538859	-5.8408159	-0.010015147
411.904	0.017589241	-5.840785	-0.010639103
412.032	0.017902915	-5.8410877	-0.0076491743
412.16	0.017670117	-5.8406459	-0.0073090892
412.288	0.017663177	-5.840542	-0.0074956139
412.416	0.017946336	-5.8405872	-0.0082895255
412.544	0.017871138	-5.8402924	-0.0092525622
412.672	0.017698993	-5.8400154	-0.0068575284
412.8	0.018026791	-5.8402861	-0.0080274844
412.928	0.018285722	-5.8404982	-0.00809777
413.056	0.018275137	-5.8402739	-0.0070670419
413.184	0.018326008	-5.840282	-0.0082379304
413.312	0.018339335	-5.840252	-0.0074077252
413.44	0.018372796	-5.8398843	-0.0056420128
413.568	0.018332466	-5.8399672	-0.0062251687
413.696	0.018542267	-5.8397809	-0.0045166524
413.824	0.018469003	-5.8396551	-0.0025122004
413.952	0.018412617	-5.839553	-0.0033167872
414.08	0.018519177	-5.8392645	-0.0035514091
414.208	0.018686261	-5.8395949	-0.0053619105
414.336	0.018783782	-5.8400804	-0.0062288475
414.464	0.018634828	-5.8399274	-0.0045967665
414.592	0.018133797	-5.8392716	-0.0057182938
414.72	0.018509812	-5.8395365	-0.0072118057
414.848	0.018430043	-5.8395569	-0.0082908687
414.976	0.018552868	-5.8397472	-0.0093880247
415.104	0.018421061	-5.8397156	-0.0062815171
415.232	0.018496497	-5.8402615	-0.005407787
415.36	0.018370839	-5.8400706	-0.0060360273
415.488	0.018361429	-5.8404109	-0.0056391831
415.616	0.018450378	-5.8405244	-0.0060172172
415.744	0.018134694	-5.8404966	-0.0078949589
415.872	0.018147658	-5.840502	-0.0071820844
416	0.017803369	-5.8402414	-0.0075872313
416.128	0.017996833	-5.8405534	-0.0066236905
416.256	0.017639776	-5.8400212	-0.0042560354
416.384	0.017761207	-5.8404418	-0.0063410635
416.512	0.01769506	-5.8409011	-0.0084671333
416.64	0.017771468	-5.8412343	-0.0097725363
416.768	0.017444595	-5.8409278	-0.0077692443
416.896	0.01730389	-5.8410393	-0.0098951699
417.024	0.017570683	-5.8409826	-0.0094882558
417.152	0.017476419	-5.8409486	-0.0087341783
417.28	0.017492578	-5.841205	-0.010614373
417.408	0.017162126	-5.8406129	-0.011056355
417.536	0.01756121	-5.8409745	-0.011408005
417.664	0.017421917	-5.8410662	-0.0090401801
417.792	0.01729242	-5.8408241	-0.0072239735
417.92	0.017578187	-5.8409897	-0.007545711
418.048	0.01749205	-5.8408078	-0.0095802725
418.176	0.01762754	-5.8408106	-0.0091187622
418.304	0.017786683	-5.841027	-0.0098044942
418.432	0.017654318	-5.8404443	-0.0091442947
418.56	0.017510223	-5.8403404	-0.0051109004
418.688	0.01794843	-5.8406759	-0.0082987547
418.816	0.01792697	-5.8405339	-0.0086321026
418.944	0.017830762	-5.8402361	-0.0056379066
419.072	0.018354435	-5.8405484	-0.0070794495
419.2	0.017805417	-5.8399678	-0.0083260092
419.328	0.018035655	-5.8401065	-0.0064304863
419.456	0.018084495	-5.8399533	-0.0042975273
419.584	0.018643067	-5.8406656	-0.006911424
419.712	0.017960953	-5.8397126	-0.0068374597
419.84	0.018455727	-5.8400477	-0.005680575
419.968	0.018423958	-5.8399684	-0.0031452194
420.096	0.018479214	-5.8399431	-0.0070570557
420.224	0.018477702	-5.8400492	-0.0093095028
420.352	0.018759985	-5.8400144	-0.0052354975
420.48	0.018229837	-5.8393007	-0.0057983343
420.608	0.018845988	-5.8400069	-0.010219248
420.736	0.018419993	-5.8394069	-0.006254942
420.864	0.018279703	-5.8394193	-0.0053254054
420.992	0.018621854	-5.8398342	-0.0075841235
421.12	0.018430933	-5.8397607	-0.0063680182
421.248	0.018342471	-5.8397651	-0.0055125657
421.376	0.018584929	-5.8400272	-0.0080716325
421.504	0.018234396	-5.8398015	-0.007176788
421.632	0.018007538	-5.8398825	-0.0039559321
421.76	0.01831004	-5.8400118	-0.0052856315
421.888	0.018453666	-5.8403347	-0.0069022602
422.016	0.018109556	-5.8402614	-0.0070813706
422.144	0.017700208	-5.8400345	-0.0075300127
422.272	0.018082945	-5.8408218	-0.006649136
422.4	0.017898487	-5.8405507	-0.0061813836
422.528	0.017834534	-5.8408265	-0.0067767588
422.656	0.017617112	-5.8404431	-0.0067558199
422.784	0.017769129	-5.8407618	-0.010221144
422.912	0.017518531	-5.8404419	-0.0074058829
423.04	0.017780032	-5.841189	-0.0070860153
423.168	0.017461029	-5.8406906	-0.0090778861
423.296	0.01753493	-5.8409802	-0.010332904
423.424	0.017520371	-5.8408368	-0.0071475275
423.552	0.017007653	-5.8401854	-0.0055026788
423.68	0.01742125	-5.8407973	-0.011124891
423.808	0.017895239	-5.8412761	-0.0093110662
423.936	0.017266563	-5.8406499	-0.0087617528
424.064	0.017452041	-5.8411067	-0.011551419
424.192	0.017377987	-5.8411095	-0.0080131277
424.32	0.017467505	-5.8406711	-0.0090292622
424.448	0.017584437	-5.8407355	-0.0084796388
424.576	0.017642444	-5.8407839	-0.0084382462
424.704	0.017501475	-5.8404705	-0.0081122916
424.832	0.01769503	-5.8405127	-0.0080468199
424.96	0.01765171	-5.8405458	-0.0088826218
425.088	0.017923072	-5.8405103	-0.0073722404
425.216	0.018109888	-5.8403786	-0.0061167509
425.344	0.017930248	-5.8404044	-0.0068848757
425.472	0.018262077	-5.8406718	-0.0080429558
425.6	0.018267707	-5.8404698	-0.010399056
425.728	0.018276923	-5.8405572	-0.0084704684
425.856	0.018066319	-5.8401775	-0.0021737621
425.984	0.018533427	-5.8399978	-0.0054624842
426.112	0.018034337	-5.8394562	-0.0053523012
426.24	0.018465523	-5.839967	-0.0080517493
426.368	0.018476713	-5.8396457	-0.0064834645
426.496	0.018597021	-5.8399268	-0.0053276304
426.624	0.018430578	-5.8399177	-0.0047291935
426.752	0.018376756	-5.8398156	-0.0030482047
426.88	0.018668105	-5.840004	-0.0077674063
427.008	0.018502823	-5.8394833	-0.008394639
427.136	0.018479304	-5.83996	-0.0071658305
427.264	0.018533176	-5.8401393	-0.0068741007
427.392	0.018627402	-5.8398909	-0.0055026761
427.52	0.018443764	-5.8398186	-0.0049589281
427.648	0.018072636	-5.8396927	-0.0028651192
427.776	0.01861859	-5.840383	-0.0059760551
427.904	0.018508362	-5.8403842	-0.006150657
428.032	0.018481901	-5.8405459	-0.0058208831
428.16	0.01809187	-5.8401506	-0.0073447697
428.288	0.01797917	-5.8400562	-0.0090427039
428.416	0.018046669	-5.8402324	-0.0080082118
428.544	0.017872472	-5.840387	-0.0072327016
428.672	0.017651889	-5.8404194	-0.00728466
428.8	0.017921104	-5.8405002	-0.0065574617
428.928	0.017427511	-5.8399372	-0.0064891646
429.056	0.017939826	-5.8408701	-0.0093433764
429.184	0.017905791	-5.8409252	-0.0086116491
429.312	0.01765175	-5.8407322	-0.0096168115
429.44	0.01754231	-5.8406517	-0.011600316
429.568	0.017402029	-5.8406626	-0.0089608014
429.696	0.017722316	-5.8408717	-0.011529116
429.824	0.017394638	-5.8406453	-0.0096737886
429.952	0.017509373	-5.8406528	-0.0094563395
430.08	0.017356103	-5.8406444	-0.0096018245
430.208	0.017361381	-5.840723	-0.0066484003
430.336	0.017416766	-5.8406579	-0.0068036819
430.464	0.017661455	-5.8408886	-0.008167027
430.592	0.017442786	-5.8407722	-0.010182321
430.72	0.017361069	-5.8407299	-0.009220236
430.848	0.017712274	-5.8405837	-0.0086474671
430.976	0.017916502	-5.8409822	-0.0090122039
431.104	0.0173355	-5.8404469	-0.0080302214
431.232	0.018030247	-5.8410597	-0.0090709012
431.36	0.01771086	-5.8406095	-0.0053759849
431.488	0.017660356	-5.8402235	-0.0066001197
431.616	0.018177326	-5.8405609	-0.0067847807
431.744	0.017939615	-5.8402222	-0.0066681729
431.872	0.018077626	-5.8401909	-0.009710143
432	0.018206031	-5.8402397	-0.011449624
432.128	0.018105156	-5.8400736	-0.010146783
432.256	0.017993431	-5.8397555	-0.0054454738
432.384	0.018598269	-5.8403177	-0.0056676562
432.512	0.018298242	-5.8398162	-0.0032143697
432.64	0.018608691	-5.8399719	-0.005189476
432.768	0.018229237	-5.8393075	-0.004741339
432.896	0.018797352	-5.8402131	-0.0066477873
433.024	0.018425117	-5.8398279	-0.0052034009
433.152	0.018286534	-5.8395732	-0.0052797363
433.28	0.018460482	-5.8395619	-0.0081448554
433.408	0.018540141	-5.8399647	-0.0083873634
433.536	0.01828507	-5.8398222	-0.0059126287
433.664	0.018740415	-5.8398441	-0.0076352479
433.792	0.01832843	-5.8396313	-0.0059639667
433.92	0.018618738	-5.8400608	-0.0065688524
434.048	0.01838714	-5.8401178	-0.0063461107
434.176	0.018280303	-5.8400458	-0.0072606321
434.304	0.018287736	-5.8400568	-0.0077733623
434.432	0.018240228	-5.8400722	-0.0093379704
434.56	0.018010376	-5.8398757	-0.0074018641
434.688	0.01831703	-5.8406901	-0.010341813
434.816	0.017668232	-5.8401039	-0.0063080026
434.944	0.018412603	-5.8408011	-0.0059077752
435.072	0.017613224	-5.8403738	-0.0045132537
435.2	0.017999406	-5.8408654	-0.0089081686
435.328	0.017570282	-5.8402646	-0.0072999661
435.456	0.017655644	-5.8404358	-0.0066587809
435.584	0.01774969	-5.84059	-0.0083129242
435.712	0.017564282	-5.8405099	-0.008600075
435.84	0.017509003	-5.8404835	-0.01063906
435.968	0.017426638	-5.8406334	-0.0074351593
436.096	0.017663704	-5.8405934	-0.006813887
436.224	0.017291382	-5.8403123	-0.0082185964
436.352	0.017427846	-5.8406661	-0.0083718918
436.48	0.017602834	-5.840977	-0.0088176059
436.608	0.017568086	-5.841087	-0.011276489
436.736	0.017632708	-5.8411874	-0.0096323969
436.864	0.017355764	-5.840633	-0.0076230265
436.992	0.01724246	-5.8404282	-0.0086463945
437.12	0.017708804	-5.8409801	-0.0088461578
437.248	0.017605301	-5.8407978	-0.006585945
437.376	0.017735201	-5.840763	-0.0094408588
437.504	0.017640088	-5.8407892	-0.0080686113
437.632	0.01755252	-5.8404358	-0.0057788814
437.76	0.018225607	-5.8409289	-0.0086860464
437.888	0.017886817	-5.8403697	-0.0083923956
438.016	0.017821655	-5.8403269	-0.0076355059
438.144	0.01800982	-5.8402769	-0.0087030135
438.272	0.018004575	-5.8401261	-0.0079263377
438.4	0.018193066	-5.840289	-0.0097943957
438.528	0.018249823	-5.8401378	-0.0089796629
438.656	0.018476276	-5.8401494	-0.004183667
438.784	0.018525015	-5.840187	-0.0066882122
438.912	0.018290877	-5.8399872	-0.0071379328
439.04	0.018377515	-5.8400485	-0.0045836449
439.168	0.01869839	-5.8404107	-0.0072982989
439.296	0.018327308	-5.8396845	-0.0076376983
439.424	0.018466827	-5.8400405	-0.0065905161
439.552	0.018597402	-5.8398447	-0.0058433218
439.68	0.018369106	-5.8396221	-0.0049380622
439.808	0.018759113	-5.8401667	-0.0062403762
439.936	0.018750933	-5.8400269	-0.0063684981
440.064	0.018507755	-5.8398209	-0.0049224777
440.192	0.018608336	-5.8401703	-0.0069151623
440.32	0.018359649	-5.8398899	-0.0044532705
440.448	0.018168813	-5.8398013	-0.0078590414
440.576	0.018223029	-5.8397966	-0.0076891025
440.704	0.018001761	-5.8398782	-0.0079970442
440.832	0.018296772	-5.8400385	-0.010227541
440.96	0.018107537	-5.8402558	-0.0071463411
441.088	0.017974997	-5.8399474	-0.010285516
441.216	0.018169494	-5.8405163	-0.0084069525
441.344	0.017899069	-5.840405	-0.0065903583
441.472	0.017767612	-5.8406564	-0.0073558615
441.6	0.017608794	-5.8403864	-0.0072810651
441.728	0.017651455	-5.8405719	-0.0075337994
441.856	0.017887019	-5.8410744	-0.012309679
441.984	0.017544346	-5.8405605	-0.010280264
442.112	0.01730364	-5.8403991	-0.0047053667
442.24	0.017484589	-5.8407075	-0.0076233
442.368	0.017772743	-5.8412925	-0.0081674115
442.496	0.017503239	-5.8410297	-0.0071211816
442.624	0.017502885	-5.8408942	-0.0085926374
442.752	0.017151864	-5.840518	-0.0072676242
442.88	0.017708396	-5.841013	-0.011186825
443.008	0.017301411	-5.8404766	-0.0089680355
443.136	0.017591729	-5.8408977	-0.0096205534
443.264	0.017535395	-5.8406142	-0.0074725887
443.392	0.017493766	-5.8405182	-0.0071805936
443.52	0.017817257	-5.8407792	-0.0099094835
443.648	0.017531616	-5.8403561	-0.0095946812
443.776	0.017691424	-5.8407785	-0.009479645
443.904	0.017639112	-5.8406459	-0.009921709
444.032	0.017839401	-5.8405629	-0.0074519321
444.16	0.017627843	-5.8402509	-0.0041518592
444.288	0.01786015	-5.8403829	-0.0045266876
444.416	0.018350979	-5.8405922	-0.0077125315
444.544	0.018108477	-5.8403875	-0.0074472333
444.672	0.017974469	-5.8400466	-0.0078370486
444.8	0.018293131	-5.8400787	-0.0078533272
444.928	0.018303222	-5.8401917	-0.0067884667
445.056	0.018421965	-5.8398663	-0.0079575713
445.184	0.018514016	-5.8402367	-0.0078252217
445.312	0.018466719	-5.8402476	-0.0080812579
445.44	0.018541451	-5.8400221	-0.0068872369
445.568	0.018434944	-5.8397547	-0.0072628354
445.696	0.018233943	-5.8395396	-0.0085238423
445.824	0.018482358	-5.8396962	-0.0068472746
445.952	0.01875701	-5.839899	-0.0071780039
446.08	0.018373952	-5.8398558	-0.0063746287
446.208	0.018535877	-5.8399311	-0.0057778145
446.336	0.018311556	-5.8398375	-0.0059952447
446.464	0.018673403	-5.840023	-0.0037966474
446.592	0.018346538	-5.8398337	-0.0028162292
446.72	0.018296267	-5.8400099	-0.0064105442
446.848	0.018351216	-5.8401692	-0.0065618109
446.976	0.018258029	-5.8400575	-0.0089115711
447.104	0.018139869	-5.8401175	-0.0079787455
447.232	0.018048441	-5.8402304	-0.006858844
447.36	0.018210446	-5.8401864	-0.0071334361
447.488	0.018007147	-5.8400905	-0.007713738
447.616	0.017961893	-5.8404481	-0.010876966
447.744	0.017760793	-5.8404778	-0.0086392861
447.872	0.017672563	-5.8406132	-0.0058052792
448	0.017789139	-5.8405303	-0.0065703523
448.128	0.017921387	-5.8410369	-0.0089131318
448.256	0.017621234	-5.8409319	-0.0086799562
448.384	0.017693932	-5.8410592	-0.0090501365
448.512	0.017542123	-5.8407355	-0.0072459802
448.64	0.017511655	-5.8406506	-0.009348166
448.768	0.017477824	-5.8408393	-0.011473696
448.896	0.017523972	-5.8408867	-0.0083043383
449.024	0.017536616	-5.8409107	-0.010462765
449.152	0.017547793	-5.8410982	-0.0099439528
449.28	0.017689865	-5.840861	-0.0073747452
449.408	0.0175806	-5.8406015	-0.0069271036
449.536	0.017619584	-5.8409883	-0.0069562701
449.664	0.017557008	-5.8408496	-0.0087519207
449.792	0.017699288	-5.8409742	-0.0059230768
449.92	0.017534503	-5.8405196	-0.0066510095
450.048	0.017751377	-5.8407941	-0.0081257468
450.176	0.017785827	-5.8404531	-0.0063311688
450.304	0.017502935	-5.840225	-0.0064172486
450.432	0.018013351	-5.8408505	-0.01011419
450.56	0.017871845	-5.8404456	-0.0087592176
450.688	0.0179683	-5.8403682	-0.0061442871
450.816	0.01806593	-5.8404486	-0.0074778959
450.944	0.018025989	-5.8399977	-0.0057313508
451.072	0.018123329	-5.8398349	-0.0059354931
451.2	0.018240281	-5.8395946	-0.0094865868
451.328	0.018107808	-5.8396577	-0.0073644868
451.456	0.018315697	-5.8401386	-0.0055147727
451.584	0.018186664	-5.840029	-0.0063709966
451.712	0.018401725	-5.839904	-0.0059990381
451.84	0.018737299	-5.839946	-0.0061746941
451.968	0.018595816	-5.8398049	-0.0069680704
452.096	0.018358485	-5.8395417	-0.0063176002
452.224	0.018665129	-5.8400143	-0.005313806
452.352	0.01842968	-5.8399365	-0.0047794963
452.48	0.018454509	-5.8400667	-0.0066565877
452.608	0.018367494	-5.8400477	-0.006384156
452.736	0.018447192	-5.8401392	-0.0076165151
452.864	0.01853395	-5.8401722	-0.0063294266
452.992	0.018257426	-5.8400139	-0.0044286904
453.12	0.018542325	-5.8402303	-0.0046711557
453.248	0.018225555	-5.8401837	-0.0057956115
453.376	0.018228454	-5.840438	-0.0077368607
453.504	0.018045312	-5.8402533	-0.0070280832
453.632	0.018111904	-5.8404259	-0.0067292813
453.76	0.018136799	-5.840633	-0.0084038727
453.888	0.017884854	-5.8406136	-0.0090929125
454.016	0.017806041	-5.8402823	-0.0092388846
454.144	0.018007152	-5.840682	-0.010688808
454.272	0.017695334	-5.8406576	-0.0075283307
454.4	0.017768033	-5.8406768	-0.0072533622
454.528	0.017446217	-5.8403913	-0.00794031
454.656	0.017631934	-5.8406992	-0.0081880991
454.784	0.017471167	-5.8405977	-0.0067821376
454.912	0.017696766	-5.8409394	-0.0094045219
455.04	0.017623927	-5.841012	-0.0087942869
455.168	0.017515415	-5.8411025	-0.0066057709
455.296	0.017670938	-5.8408982	-0.0076984138
455.424	0.017424673	-5.8408728	-0.0069898006
455.552	0.017538019	-5.8407887	-0.0077803371
455.68	0.017179488	-5.8403288	-0.0063281198
455.808	0.017436357	-5.8405862	-0.0062025157
455.936	0.01774561	-5.8409577	-0.0099039421
456.064	0.017329534	-5.8405702	-0.0092197804
456.192	0.017430433	-5.8403761	-0.0082877055
456.32	0.017911683	-5.8406879	-0.0080429992
456.448	0.017832253	-5.8407867	-0.0070981118
456.576	0.017807359	-5.8406804	-0.0081608531
456.704	0.01789813	-5.8406904	-0.0084302701
456.832	0.017674777	-5.840101	-0.0050216713
456.96	0.018126993	-5.8403936	-0.0065867811
457.088	0.017984723	-5.8400825	-0.0055871026
457.216	0.018071665	-5.8402131	-0.006371907
457.344	0.018307595	-5.8404821	-0.009750811
457.472	0.018164404	-5.839958	-0.010722269
457.6	0.017984072	-5.839617	-0.0083037365
457.728	0.018263443	-5.8398566	-0.0057277249
457.856	0.018565848	-5.8397392	-0.0078686344
457.984	0.018617724	-5.8400264	-0.0089644091
458.112	0.018422397	-5.8397317	-0.0068416491
458.24	0.01834433	-5.8398068	-0.004643272
458.368	0.018250216	-5.8397065	-0.0046695407
458.496	0.018738683	-5.8402914	-0.0085233498
458.624	0.018477414	-5.8396172	-0.0065309151
458.752	0.018481053	-5.8397678	-0.0048439558
458.88	0.018335034	-5.8396824	-0.0052773141
459.008	0.01852829	-5.8402402	-0.0088628274
459.136	0.018350607	-5.8399918	-0.0055872054
459.264	0.01838978	-5.8400095	-0.0074422841
459.392	0.018406281	-5.840421	-0.010686307
459.52	0.01811083	-5.8397572	-0.006136383
459.648	0.018038877	-5.8397494	-0.0065578435
459.776	0.018390986	-5.8403138	-0.0065524907
459.904	0.017669236	-5.8397167	-0.0042192358
460.032	0.018030122	-5.840051	-0.0077245168
460.16	0.018131109	-5.8403359	-0.0073696897
460.288	0.01794046	-5.840694	-0.0071184188
460.416	0.017941956	-5.8407787	-0.0086078772
460.544	0.017491246	-5.8403087	-0.0052241024
460.672	0.017513727	-5.8401583	-0.0052807744
460.8	0.018059047	-5.8411713	-0.007264419
460.928	0.01748074	-5.8406941	-0.0065112859
461.056	0.017359916	-5.8403143	-0.009662065
461.184	0.017427111	-5.8404934	-0.0089767509
461.312	0.017688705	-5.8411579	-0.008353016
461.44	0.017514327	-5.8408041	-0.010780479
461.568	0.017468074	-5.8406421	-0.010359084
461.696	0.017506173	-5.8406176	-0.0078128902
461.824	0.01775898	-5.840993	-0.010433463
461.952	0.017523892	-5.8407117	-0.0098506773
462.08	0.017442641	-5.8405414	-0.0058088972
462.208	0.017295159	-5.8407411	-0.0051757965
462.336	0.017710314	-5.8408856	-0.0084005085
462.464	0.017659125	-5.8408275	-0.0095051717
462.592	0.017716267	-5.8408684	-0.0097485434
462.72	0.01766854	-5.8405437	-0.011090332
462.848	0.017975815	-5.8405368	-0.011126546
462.976	0.017702933	-5.8403349	-0.0062659887
463.104	0.017750057	-5.8402047	-0.0059216721
463.232	0.017977971	-5.8402928	-0.006979649
463.36	0.018275101	-5.8407414	-0.0091292354
463.488	0.018143473	-5.8404586	-0.0083576654
463.616	0.018186404	-5.8404437	-0.0070700582
463.744	0.018025887	-5.8398921	-0.0070405041
463.872	0.018303577	-5.840187	-0.0069026578
464	0.018297345	-5.8402087	-0.0076193792
464.128	0.018244058	-5.8401066	-0.0052382717
464.256	0.018251998	-5.8400706	-0.0056362035
464.384	0.018390143	-5.8398452	-0.0076487227
464.512	0.018448698	-5.8398147	-0.0060616197
464.64	0.018709944	-5.8400848	-0.0055659404
464.768	0.018490902	-5.8398218	-0.0056013613
464.896	0.018460489	-5.8399161	-0.0048143198
465.024	0.018409636	-5.8397881	-0.0060284397
465.152	0.018464724	-5.8396864	-0.0066028473
465.28	0.018405673	-5.8397882	-0.0037024248
465.408	0.018591783	-5.8402596	-0.0048150764
465.536	0.018276853	-5.8398458	-0.0060012377
465.664	0.01866338	-5.840422	-0.0065130646
465.792	0.018205829	-5.8399372	-0.0063098173
465.92	0.018409804	-5.8401925	-0.0081194052
466.048	0.017852065	-5.839719	-0.0066581636
466.176	0.01825036	-5.8405244	-0.0079313589
466.304	0.017958383	-5.8400825	-0.0041941134
466.432	0.017998507	-5.8400744	-0.0066277794
466.56	0.018090924	-5.8403907	-0.0092045296
466.688	0.017643458	-5.8402162	-0.0076516367
466.816	0.017402918	-5.8400825	-0.0094616002
466.944	0.017936973	-5.8407985	-0.0085263418
467.072	0.01781137	-5.8408732	-0.008372914
467.2	0.017590928	-5.8405101	-0.0074954675
467.328	0.017710287	-5.8408816	-0.0061556357
467.456	0.017489507	-5.840566	-0.0069198958
467.584	0.017603466	-5.8409938	-0.0074161019
467.712	0.017554212	-5.8409672	-0.0076017187
467.84	0.017447688	-5.8407574	-0.0087920031
467.968	0.017452325	-5.8407609	-0.0093187837
468.096	0.017433027	-5.8407818	-0.010808205
468.224	0.017423789	-5.8407287	-0.01073934
468.352	0.017765749	-5.8413486	-0.0095377962
468.48	0.017491816	-5.8407981	-0.011146083
468.608	0.017642834	-5.8409217	-0.011529083
468.736	0.017476402	-5.8406523	-0.0083116132
468.864	0.017511495	-5.840481	-0.0084939941
468.992	0.017608675	-5.8404829	-0.011411343
469.12	0.01803359	-5.8408656	-0.010681835
469.248	0.017945213	-5.8406704	-0.0084014303
469.376	0.017976294	-5.8403475	-0.006693385
469.504	0.01783955	-5.8400505	-0.0075023232
469.632	0.017790458	-5.8400543	-0.0084039188
469.76	0.018413823	-5.840578	-0.0089052276
469.888	0.018092742	-5.8403169	-0.0056250013
470.016	0.018190132	-5.8400629	-0.0044808423
470.144	0.018186543	-5.8398103	-0.0044844598
470.272	0.018385414	-5.8401732	-0.0041739875
470.4	0.018378301	-5.8398262	-0.0058854947
470.528	0.018706676	-5.8400661	-0.0057028655
470.656	0.018390481	-5.8394573	-0.0066394911
470.784	0.018443654	-5.8398004	-0.0084134196
470.912	0.018423379	-5.839906	-0.0058756848
471.04	0.018563598	-5.8396353	-0.003967726
471.168	0.01852945	-5.8396214	-0.005390905
471.296	0.018515196	-5.839667	-0.0083365482
471.424	0.018867119	-5.8401017	-0.0053360095
471.552	0.018536155	-5.8397791	-0.0061941123
471.68	0.01840435	-5.8397778	-0.0065512382
471.808	0.018378513	-5.8399148	-0.0040444367
471.936	0.018521639	-5.8401323	-0.0058102681
472.064	0.018003236	-5.8394189	-0.004005829
472.192	0.01811804	-5.8399859	-0.0072960153
472.32	0.018445229	-5.8402956	-0.0085534261
472.448	0.018162642	-5.8400879	-0.008180468
472.576	0.017890074	-5.8398565	-0.010683527
472.704	0.018146459	-5.8404898	-0.0097621088
472.832	0.01785801	-5.8404704	-0.0079813316
472.96	0.01774714	-5.8402412	-0.0076992263
473.088	0.017763943	-5.840557	-0.0042103176
473.216	0.01792322	-5.8409072	-0.0083523777
473.344	0.017453206	-5.8405878	-0.0086753399
473.472	0.017794523	-5.8407073	-0.009515934
473.6	0.017714961	-5.8407404	-0.0090152048
473.728	0.017662012	-5.8412097	-0.0072080405
473.856	0.017639441	-5.8409013	-0.010601064
473.984	0.017390771	-5.8406129	-0.0087603888
474.112	0.017270738	-5.8408272	-0.0080287046
474.24	0.017364872	-5.8408052	-0.0091656622
474.368	0.017139451	-5.8408326	-0.0076912836
474.496	0.017734521	-5.8413307	-0.0095818687
474.624	0.017504623	-5.8406898	-0.0073933622
474.752	0.017372737	-5.8405829	-0.0074878229
474.88	0.017821616	-5.8406414	-0.01012561
475.008	0.017637736	-5.8408122	-0.0076219622
475.136	0.017460593	-5.8403065	-0.0091068811
475.264	0.017751465	-5.8406272	-0.010042836
475.392	0.017620836	-5.8403586	-0.0076946323
475.52	0.018045272	-5.8406926	-0.0086204057
475.648	0.01780431	-5.8403992	-0.0079463018
475.776	0.017915028	-5.8404176	-0.0069679698
475.904	0.018063996	-5.8404853	-0.0061965202
476.032	0.018116055	-5.8402529	-0.0071268126
476.16	0.018021856	-5.8399258	-0.0091674658
476.288	0.018152584	-5.8399429	-0.0083039218
476.416	0.018168524	-5.8399628	-0.0079287171
476.544	0.018037896	-5.8397211	-0.0029890948
476.672	0.018306761	-5.84011	-0.001898286
476.8	0.018739319	-5.8402685	-0.0071143574
476.928	0.018392226	-5.8397479	-0.0080126421
477.056	0.018510611	-5.8399321	-0.0061725887
477.184	0.018592045	-5.8401126	-0.0028777741
477.312	0.018439197	-5.8394938	-0.0028317029
477.44	0.018473537	-5.8395973	-0.0028819464
477.568	0.018813306	-5.8399514	-0.0060898205
477.696	0.018500433	-5.8395819	-0.0068862545
477.824	0.018488439	-5.8397714	-0.0070068488
477.952	0.01861254	-5.8398768	-0.0075123047
478.08	0.018654788	-5.8400863	-0.0081003058
478.208	0.01807515	-5.8396478	-0.0045426437
478.336	0.01833214	-5.8398822	-0.0047350083
478.464	0.018398462	-5.8401928	-0.0067530443
478.592	0.018331173	-5.8401775	-0.0071942659
478.72	0.018198967	-5.840154	-0.0069661064
478.848	0.018064453	-5.8401039	-0.0065293499
478.976	0.01788944	-5.8401817	-0.0055583452
479.104	0.017840052	-5.8402647	-0.0067557714
479.232	0.017581379	-5.8400961	-0.0059494851
479.36	0.017861951	-5.8406661	-0.0096367293
479.488	0.017713111	-5.8406247	-0.0092133296
479.616	0.01773202	-5.8406796	-0.011180318
479.744	0.01758181	-5.840801	-0.010684802
479.872	0.017734882	-5.8411337	-0.0097971647
480	0.017474009	-5.8406673	-0.0087608875
480.128	0.017533839	-5.8407901	-0.0094265889
480.256	0.017349957	-5.8408069	-0.0095728631
480.384	0.017343003	-5.8410047	-0.01059106
480.512	0.017519477	-5.8411218	-0.010237277
480.64	0.017590925	-5.8409652	-0.010287131
480.768	0.017311605	-5.8409588	-0.0090442705
480.896	0.017522935	-5.8413068	-0.0097447118
481.024	0.017450442	-5.8411814	-0.0083522614
481.152	0.017595769	-5.841003	-0.0088612432
481.28	0.017609133	-5.8409146	-0.0091673834
481.408	0.017750689	-5.840842	-0.008405878
481.536	0.017781943	-5.8407601	-0.0086824931
481.664	0.017472919	-5.8401865	-0.0060000245
481.792	0.01770987	-5.8403845	-0.0065833817
481.92	0.017897482	-5.8406207	-0.0074566694
482.048	0.017772683	-5.8403608	-0.0091708597
482.176	0.018109488	-5.8404794	-0.010576624
482.304	0.018186207	-5.8403626	-0.0090281392
482.432	0.017946413	-5.8401828	-0.0050525347
482.56	0.018288879	-5.8402673	-0.0053158212
482.688	0.018365291	-5.8402095	-0.0071714396
482.816	0.018277199	-5.8397801	-0.0077940125
482.944	0.018061121	-5.8396176	-0.0054821666
483.072	0.018532026	-5.8399014	-0.0070980861
483.2	0.018330125	-5.8394795	-0.006694701
483.328	0.01862452	-5.839929	-0.0079241494
483.456	0.018698761	-5.8400433	-0.0046582886
483.584	0.018631573	-5.8400651	-0.0040679757
483.712	0.018673167	-5.8401378	-0.0059555682
483.84	0.018287713	-5.8399815	-0.0047998305
483.968	0.018541216	-5.8399706	-0.0052422261
484.096	0.018718944	-5.8402863	-0.0057019062
484.224	0.018263806	-5.8397304	-0.0029040306
484.352	0.018259635	-5.8397596	-0.0043536455
484.48	0.01853048	-5.8401239	-0.0069097647
484.608	0.018285787	-5.8399258	-0.004778719
484.736	0.018372795	-5.8400344	-0.0061229269
484.864	0.018190657	-5.8400484	-0.0077368171
484.992	0.018140062	-5.840227	-0.0081995628
485.12	0.018226043	-5.8406275	-0.0089436897
485.248	0.017856331	-5.8403428	-0.005815749
485.376	0.017728621	-5.8404134	-0.0078719403
485.504	0.017866604	-5.8405067	-0.0091287251
485.632	0.017846855	-5.8404811	-0.0070629607
485.76	0.017715847	-5.8407109	-0.0092290601
485.888	0.017904345	-5.8406955	-0.0105237
486.016	0.017496382	-5.8404839	-0.0093969099
486.144	0.0178591	-5.8412575	-0.013471712
486.272	0.017574936	-5.8410044	-0.008300077
486.4	0.017329237	-5.8408098	-0.0044395138
486.528	0.017509749	-5.840968	-0.0072389901
486.656	0.017635413	-5.8410384	-0.0084628019
486.784	0.017450354	-5.8408492	-0.0075131501
486.912	0.017232737	-5.8407624	-0.010441361
487.04	0.017148407	-5.8405282	-0.0066663768
487.168	0.017772285	-5.8409863	-0.0087914985
487.296	0.017362873	-5.8409327	-0.0096318758
487.424	0.017710085	-5.8412342	-0.0077178741
487.552	0.017487294	-5.8409537	-0.0074757892
487.68	0.017620642	-5.8408518	-0.011331577
487.808	0.017590136	-5.8407452	-0.010722222
487.936	0.01795063	-5.8407418	-0.0089901054
488.064	0.017769438	-5.8403385	-0.0076738335
488.192	0.017812661	-5.840369	-0.0098989492
488.32	0.017888608	-5.8401403	-0.011498919
488.448	0.017978468	-5.8400879	-0.0085633767
488.576	0.01816941	-5.8402136	-0.0072346469
488.704	0.01799688	-5.8399927	-0.0057539438
488.832	0.018372851	-5.8402402	-0.0074030029
488.96	0.018219751	-5.8399069	-0.0068277923
489.088	0.018206785	-5.8398085	-0.0050946254
489.216	0.018417726	-5.8398905	-0.005745646
489.344	0.018475095	-5.8398569	-0.0050881715
489.472	0.018489174	-5.8397725	-0.0043985671
489.6	0.018473003	-5.839408	-0.0060077721
489.728	0.018725078	-5.8396835	-0.0071680275
489.856	0.01863223	-5.8397372	-0.0055987714
489.984	0.018549712	-5.8395478	-0.0044246273
490.112	0.018549901	-5.8393912	-0.0049040235
490.24	0.018687014	-5.8399896	-0.0071847488
490.368	0.018466622	-5.8397845	-0.006188045
490.496	0.018582904	-5.839976	-0.0040213175
490.624	0.018450257	-5.839795	-0.0049142784
490.752	0.018104116	-5.8397336	-0.0045852795
490.88	0.01848242	-5.8402359	-0.0046716402
491.008	0.018102475	-5.8399823	-0.0055795808
491.136	0.018226845	-5.8400925	-0.0048302808
491.264	0.018269434	-5.8403616	-0.0073490702
491.392	0.018108155	-5.8404165	-0.0071898323
491.52	0.017971693	-5.8401651	-0.006748129
491.648	0.017698413	-5.8399635	-0.0066539137
491.776	0.01797377	-5.840312	-0.0077280953
491.904	0.017826809	-5.8405343	-0.0064674882
492.032	0.017858305	-5.841024	-0.0076596954
492.16	0.017709946	-5.8407275	-0.0062913343
492.288	0.017690443	-5.8410163	-0.010549599
492.416	0.017470557	-5.8408931	-0.012476595
492.544	0.017445956	-5.8406416	-0.0092322544
492.672	0.017538609	-5.8407632	-0.010063937
492.8	0.017482488	-5.840604	-0.010159231
492.928	0.01700556	-5.8402718	-0.0083969024
493.056	0.017590677	-5.8408939	-0.010772505
493.184	0.017496461	-5.8406493	-0.010215537
493.312	0.017294513	-5.8404156	-0.010012715
493.44	0.017357094	-5.8407886	-0.010526493
493.568	0.017682172	-5.841186	-0.0091289451
493.696	0.017554803	-5.84096	-0.0076326044
493.824	0.017424821	-5.8405648	-0.0068491767
493.952	0.017725569	-5.8409022	-0.0098281832
494.08	0.018039986	-5.8409596	-0.0096630357
494.208	0.017675594	-5.8403693	-0.0068331727
494.336	0.017510339	-5.8401514	-0.0093302503
494.464	0.017971939	-5.8405232	-0.0079192534
494.592	0.01800668	-5.8404102	-0.0078381443
494.72	0.017946228	-5.8400768	-0.0080679584
494.848	0.017978451	-5.839645	-0.0062010628
494.976	0.018316469	-5.8402111	-0.008662283
495.104	0.018064877	-5.8401054	-0.0055292251
495.232	0.018572263	-5.8403621	-0.0054952068
495.36	0.01842157	-5.8400559	-0.0077288485
495.488	0.018430736	-5.8401155	-0.0061078338
495.616	0.018280076	-5.8393114	-0.0051006879
495.744	0.018684258	-5.8399396	-0.0079832568
495.872	0.018897553	-5.840116	-0.0077967975
496	0.01858717	-5.8395523	-0.0034049218
496.128	0.018253774	-5.8393985	-0.0005781218
496.256	0.018588795	-5.8397405	-0.0069989115
496.384	0.018675032	-5.8397145	-0.0089787484
496.512	0.018466294	-5.8397355	-0.006838101
496.64	0.018572513	-5.8398729	-0.0072610354
496.768	0.018567697	-5.8399919	-0.0052011177
496.896	0.018536888	-5.8396487	-0.0052277027
497.024	0.018214046	-5.8396387	-0.0057593038
497.152	0.018393825	-5.8401302	-0.0066840209
497.28	0.018390858	-5.8401914	-0.007598756
497.408	0.017980929	-5.8401602	-0.0080448931
497.536	0.018041802	-5.8400373	-0.0076445871
497.664	0.017955824	-5.8399372	-0.0071095565
497.792	0.018019258	-5.8403563	-0.005887105
497.92	0.017693841	-5.8403348	-0.0055021225
498.048	0.017908538	-5.8406115	-0.0096513888
498.176	0.017881448	-5.8408706	-0.0097435931
498.304	0.017618202	-5.8409041	-0.0079449299
498.432	0.017820549	-5.8409777	-0.0069533088
498.56	0.017492751	-5.8406995	-0.0062557689
498.688	0.017811517	-5.8412702	-0.01487284
498.816	0.01729151	-5.840963	-0.01134482
498.944	0.017524816	-5.841016	-0.0086257063
499.072	0.017262138	-5.8406764	-0.007294028
499.2	0.017483102	-5.8408625	-0.0090731628
499.328	0.017418747	-5.8408859	-0.0090296208
499.456	0.017493969	-5.8410669	-0.0091541463
499.584	0.017213351	-5.8407368	-0.0082456856
499.712	0.017775352	-5.8409406	-0.0098503469
499.84	0.017393875	-5.8404913	-0.0077472288
499.968	0.017426218	-5.8403213	-0.0068699388
