0	0.013338308	-5.829804	0.01821673
0.128	0.013333334	-5.8298931	0.019384005
0.256	0.013437366	-5.8297879	0.018027746
0.384	0.013257864	-5.829893	0.017890251
0.512	0.013014406	-5.8294381	0.019197006
0.64	0.013446714	-5.8296846	0.018303361
0.768	0.013236013	-5.8296374	0.018502597
0.896	0.013628775	-5.8298884	0.017088879
1.024	0.013354677	-5.8294274	0.018146582
1.152	0.013201635	-5.8288177	0.017937991
1.28	0.013557482	-5.8292098	0.01793862
1.408	0.013416201	-5.8293658	0.018216909
1.536	0.01323751	-5.8291338	0.016342843
1.664	0.013477036	-5.8294182	0.018691379
1.792	0.013585665	-5.8296317	0.020001415
1.92	0.013636895	-5.8293719	0.019791609
2.048	0.013589505	-5.8292121	0.0198637
2.176	0.013791069	-5.8293567	0.019445407
2.304	0.013517704	-5.8289798	0.021198713
2.432	0.01348985	-5.8291115	0.022083723
2.56	0.013769095	-5.8293752	0.020504228
2.688	0.013590439	-5.829401	0.019729952
2.816	0.013929254	-5.8298704	0.018331873
2.944	0.013747751	-5.8294816	0.020321503
3.072	0.013826356	-5.8296632	0.021610069
3.2	0.013749756	-5.8292301	0.019278171
3.328	0.013615762	-5.8288113	0.019570617
3.456	0.013621501	-5.8291919	0.019381904
3.584	0.013762056	-5.8292105	0.01862403
3.712	0.013582532	-5.8290073	0.019256309
3.84	0.013761456	-5.8289754	0.020523241
3.968	0.013655068	-5.8293653	0.020237898
4.096	0.013789171	-5.8296229	0.016579925
4.224	0.013662063	-5.8293941	0.017396756
4.352	0.013499294	-5.8289998	0.020119551
4.48	0.013626824	-5.8293721	0.020009474
4.608	0.013385115	-5.8292749	0.020680912
4.736	0.013444409	-5.8293144	0.019949428
4.864	0.013446088	-5.8294732	0.019067316
4.992	0.013650938	-5.8298312	0.016244524
5.12	0.013413087	-5.8295923	0.014831593
5.248	0.01321559	-5.8294962	0.017055251
5.376	0.013203592	-5.8294256	0.01719904
5.504	0.013464374	-5.8295534	0.014664749
5.632	0.013122855	-5.8293965	0.018355916
5.76	0.013401708	-5.8297735	0.015426295
5.888	0.013244545	-5.8296632	0.017441764
6.016	0.013203735	-5.8295176	0.019252512
6.144	0.013079222	-5.8295324	0.015678305
6.272	0.013191236	-5.8294951	0.018262667
6.4	0.013085869	-5.829357	0.020766917
6.528	0.01339448	-5.8296236	0.017174417
6.656	0.013384276	-5.8296088	0.016541466
6.784	0.013300688	-5.8295934	0.016404339
6.912	0.01322891	-5.8296155	0.01765156
7.04	0.013451698	-5.8297955	0.017255687
7.168	0.01331552	-5.8294776	0.02119798
7.296	0.013351272	-5.8295189	0.019379741
7.424	0.013415497	-5.8297608	0.017285797
7.552	0.013576708	-5.8302319	0.018367101
7.68	0.01340163	-5.8293353	0.017521638
7.808	0.013434617	-5.8293608	0.017890002
7.936	0.01349569	-5.8294721	0.019265114
8.064	0.013363392	-5.8292532	0.01949542
8.192	0.013634258	-5.8295425	0.020189873
8.32	0.01350376	-5.8291486	0.020739153
8.448	0.013653121	-5.829129	0.020220067
8.576	0.013827957	-5.8296119	0.01932098
8.704	0.013516958	-5.8292869	0.020931303
8.832	0.013706852	-5.8291346	0.02027835
8.96	0.013746803	-5.8291788	0.019718298
9.088	0.013624068	-5.8291385	0.019387439
9.216	0.013661417	-5.8292328	0.018501947
9.344	0.013707879	-5.8291664	0.017214572
9.472	0.013927164	-5.8294103	0.016388637
9.6	0.013420204	-5.8289392	0.017751932
9.728	0.013612946	-5.8292878	0.019579842
9.856	0.01363087	-5.8294101	0.022160954
9.984	0.013842686	-5.8296735	0.018556582
10.112	0.013685211	-5.8296032	0.018025344
10.24	0.013871217	-5.8299202	0.016533166
10.368	0.013529421	-5.829503	0.017823393
10.496	0.013546147	-5.8294545	0.018954039
10.624	0.013415473	-5.8293582	0.019341753
10.752	0.013555464	-5.8293091	0.020425607
10.88	0.01354705	-5.8294962	0.020958373
11.008	0.013602382	-5.8295283	0.018422553
11.136	0.013470811	-5.8295429	0.015078135
11.264	0.013412983	-5.8291954	0.016969637
11.392	0.013424232	-5.8293526	0.020716125
11.52	0.013546586	-5.8296061	0.019138436
11.648	0.013454598	-5.8295479	0.016361618
11.776	0.013427894	-5.8295799	0.017317519
11.904	0.013373615	-5.8297744	0.017226557
12.032	0.013390005	-5.8298755	0.014779369
12.16	0.0133871	-5.8297567	0.017546853
12.288	0.013157227	-5.8295651	0.019221957
12.416	0.01299098	-5.8293541	0.017151126
12.544	0.013459206	-5.829957	0.016452742
12.672	0.013325458	-5.8298088	0.017834739
12.8	0.013221865	-5.8296743	0.015870982
12.928	0.013302156	-5.8296643	0.015003634
13.056	0.01320986	-5.8295295	0.017851866
13.184	0.013385903	-5.8298071	0.017387603
13.312	0.013419937	-5.8297277	0.016257376
13.44	0.013424232	-5.8295448	0.019614151
13.568	0.013172644	-5.8293501	0.019603525
13.696	0.013250768	-5.8293976	0.018209515
13.824	0.013546946	-5.8296722	0.01927671
13.952	0.013541873	-5.8296032	0.019403655
14.08	0.013473865	-5.8295232	0.019955603
14.208	0.013392776	-5.8293001	0.019580263
14.336	0.01343907	-5.8295344	0.01865055
14.464	0.013429237	-5.8292255	0.019453541
14.592	0.013522679	-5.8293079	0.018035945
14.72	0.013718211	-5.8294517	0.018783312
14.848	0.013657098	-5.8294848	0.021173502
14.976	0.013638716	-5.8294127	0.019491901
15.104	0.013671586	-5.8291778	0.017915964
15.232	0.013871219	-5.8293492	0.016457071
15.36	0.013492106	-5.8291051	0.01748567
15.488	0.013717921	-5.8292741	0.016017536
15.616	0.013922458	-5.8294281	0.017633637
15.744	0.013641433	-5.8289626	0.018851567
15.872	0.013562264	-5.8288175	0.020157374
16	0.013616718	-5.8290002	0.020375871
16.128	0.013666624	-5.8290979	0.019631308
16.256	0.013746777	-5.8292401	0.016246176
16.384	0.013731367	-5.8293684	0.016724118
16.512	0.013788437	-5.8294608	0.017350759
16.64	0.013396418	-5.8289807	0.017010215
16.768	0.013668736	-5.8292575	0.020459169
16.896	0.013775341	-5.8296023	0.019368329
17.024	0.013589638	-5.8295104	0.018911225
17.152	0.013599865	-5.8296215	0.017843142
17.28	0.013644887	-5.8294742	0.016674471
17.408	0.01344805	-5.8294915	0.017096803
17.536	0.013384656	-5.829362	0.016849222
17.664	0.013388055	-5.8295468	0.018605095
17.792	0.013557672	-5.8297364	0.019355001
17.92	0.013198658	-5.8292472	0.019499976
18.048	0.013454047	-5.8297097	0.016349417
18.176	0.013313686	-5.8292139	0.016589847
18.304	0.013436282	-5.8294186	0.015168674
18.432	0.01306881	-5.8292405	0.01543593
18.56	0.013312914	-5.8296499	0.017386264
18.688	0.013242748	-5.8295289	0.018696803
18.816	0.013257336	-5.8295213	0.018340114
18.944	0.013360236	-5.8295934	0.017892992
19.072	0.013146949	-5.8296866	0.019295152
19.2	0.013122233	-5.8297726	0.019753151
19.328	0.013201224	-5.8299989	0.018930038
19.456	0.013359331	-5.8299113	0.017578297
19.584	0.013272071	-5.8295598	0.016740876
19.712	0.013278796	-5.8295231	0.017049393
19.84	0.013420006	-5.8296637	0.0178198
19.968	0.013564044	-5.829785	0.017761825
20.096	0.013285668	-5.8293842	0.021611131
20.224	0.013499446	-5.8295364	0.019814656
20.352	0.013467342	-5.8296084	0.015343732
20.48	0.013415593	-5.8294117	0.015410181
20.608	0.013573633	-5.8290756	0.018050471
20.736	0.013431057	-5.8289751	0.017919371
20.864	0.013757973	-5.8295462	0.016674001
20.992	0.013607429	-5.8293809	0.019376129
21.12	0.013393945	-5.8290362	0.019443414
21.248	0.013773406	-5.8295136	0.019160541
21.376	0.013574578	-5.8293402	0.019498802
21.504	0.013607315	-5.8292156	0.018704407
21.632	0.013614038	-5.828974	0.01731656
21.76	0.013602057	-5.8288926	0.018200719
21.888	0.013583258	-5.8292837	0.019439711
22.016	0.01395763	-5.8292225	0.018613487
22.144	0.013927308	-5.8292076	0.019870682
22.272	0.01393084	-5.8293678	0.017926552
22.4	0.013619154	-5.8293871	0.018197831
22.528	0.013467542	-5.8292693	0.01802963
22.656	0.013863164	-5.8296222	0.01761021
22.784	0.013488482	-5.8291574	0.018355081
22.912	0.013719692	-5.8293944	0.014721348
23.04	0.013597129	-5.8295408	0.016844955
23.168	0.013635614	-5.8293677	0.018288518
23.296	0.013576114	-5.8294945	0.021701371
23.424	0.013605043	-5.8294179	0.018927899
23.552	0.013143049	-5.8288927	0.016973663
23.68	0.013694381	-5.8294357	0.01863356
23.808	0.013685397	-5.8295714	0.020257219
23.936	0.013251362	-5.8290923	0.019851649
24.064	0.013569639	-5.8298071	0.0164332
24.192	0.0134336	-5.8297559	0.01857033
24.32	0.013471556	-5.8297032	0.018023271
24.448	0.013213739	-5.8292529	0.017983697
24.576	0.013396701	-5.8295936	0.016166185
24.704	0.013440239	-5.8298224	0.017094336
24.832	0.013307402	-5.8296583	0.01855975
24.96	0.013192365	-5.829618	0.017626264
25.088	0.013136398	-5.8294784	0.018908052
25.216	0.013432362	-5.8300993	0.01629491
25.344	0.01330571	-5.8297736	0.019196311
25.472	0.013127893	-5.8296053	0.020512932
25.6	0.013261966	-5.8297626	0.017414855
25.728	0.013403071	-5.83006	0.016365267
25.856	0.013278994	-5.8299605	0.016260538
25.984	0.013267747	-5.8297044	0.017792814
26.112	0.013568193	-5.830047	0.016473177
26.24	0.013365479	-5.8296586	0.01611339
26.368	0.013217473	-5.8296376	0.017410303
26.496	0.013518673	-5.8296308	0.01796178
26.624	0.013260778	-5.8292216	0.02077153
26.752	0.013657308	-5.8295218	0.017732609
26.88	0.013598018	-5.8295797	0.017455934
27.008	0.013531723	-5.8294501	0.017245328
27.136	0.013416079	-5.8291895	0.019070171
27.264	0.013294751	-5.8289198	0.020028251
27.392	0.013599226	-5.8292718	0.019098316
27.52	0.013918841	-5.8295024	0.017134766
27.648	0.013385401	-5.8291486	0.018410698
27.776	0.013780515	-5.8295098	0.019112835
27.904	0.013721713	-5.8293262	0.019694033
28.032	0.0135509	-5.8289589	0.020391631
28.16	0.013931319	-5.8295851	0.019973951
28.288	0.013837639	-5.8295393	0.020067163
28.416	0.013787727	-5.8293819	0.019896079
28.544	0.013522869	-5.8292226	0.018771869
28.672	0.013684	-5.8292976	0.019126701
28.8	0.013814095	-5.8293946	0.018796585
28.928	0.013799457	-5.8291692	0.019021038
29.056	0.013779561	-5.8290309	0.021066429
29.184	0.013688623	-5.8291565	0.019774176
29.312	0.013583325	-5.829217	0.01902261
29.44	0.013643846	-5.829291	0.017391504
29.568	0.013564636	-5.8292002	0.016743251
29.696	0.013434286	-5.8291308	0.018462142
29.824	0.013505973	-5.8293726	0.018113589
29.952	0.013574525	-5.8296263	0.01583629
30.08	0.013581166	-5.8296746	0.016820799
30.208	0.013312542	-5.8296179	0.017720051
30.336	0.013488076	-5.8296463	0.017225477
30.464	0.013352223	-5.8292389	0.01861561
30.592	0.013297357	-5.829477	0.019662652
30.72	0.013304319	-5.8296615	0.018379063
30.848	0.013307039	-5.8297488	0.017151127
30.976	0.013202071	-5.8298197	0.019108937
31.104	0.013158283	-5.8294594	0.019190716
31.232	0.013399167	-5.8296173	0.01922567
31.36	0.013391553	-5.8297368	0.017733524
31.488	0.013153753	-5.8298188	0.019195971
31.616	0.013413471	-5.8298951	0.01932241
31.744	0.01311659	-5.8294772	0.018520718
31.872	0.013296433	-5.8296761	0.016890182
32	0.013385438	-5.8297781	0.015871862
32.128	0.013277273	-5.8296139	0.015401335
32.256	0.013360322	-5.8296485	0.015698439
32.384	0.013301351	-5.8294201	0.017072959
32.512	0.013517472	-5.8296015	0.020100608
32.64	0.013407186	-5.8296213	0.017264137
32.768	0.013492406	-5.8298966	0.01588631
32.896	0.013420342	-5.8295602	0.020246807
33.024	0.013375934	-5.829524	0.020497
33.152	0.013692857	-5.8299305	0.017377368
33.28	0.013504401	-5.8292153	0.018233601
33.408	0.013568565	-5.8294443	0.018099708
33.536	0.013678351	-5.8292617	0.019388616
33.664	0.013734993	-5.8292997	0.01690851
33.792	0.013481469	-5.8291154	0.016705906
33.92	0.013587712	-5.8292566	0.018995198
34.048	0.013741104	-5.8292299	0.01968049
34.176	0.013812177	-5.8293293	0.019549349
34.304	0.013627012	-5.82912	0.020152453
34.432	0.013735382	-5.8295674	0.019317196
34.56	0.013681916	-5.829385	0.019567159
34.688	0.013702262	-5.82935	0.018173778
34.816	0.013954648	-5.8298245	0.018066537
34.944	0.013680604	-5.8291779	0.019727028
35.072	0.013488387	-5.8290381	0.02037209
35.2	0.013808874	-5.8293548	0.020129752
35.328	0.013689337	-5.8293918	0.018274762
35.456	0.013560278	-5.8290432	0.01813322
35.584	0.013551751	-5.8292082	0.019782856
35.712	0.013704976	-5.8296697	0.018886846
35.84	0.013610002	-5.8297379	0.017635364
35.968	0.013455031	-5.8293121	0.01748289
36.096	0.0133827	-5.8292295	0.020846387
36.224	0.013610812	-5.8296143	0.019212558
36.352	0.013364665	-5.8294771	0.018109027
36.48	0.01368419	-5.8296224	0.018161194
36.608	0.013405067	-5.8295089	0.017491556
36.736	0.013583704	-5.8296395	0.014890208
36.864	0.013222218	-5.8295693	0.016943492
36.992	0.013498911	-5.8299136	0.017256362
37.12	0.01327572	-5.8295784	0.019431926
37.248	0.013365134	-5.8295646	0.017518098
37.376	0.013433704	-5.8296402	0.01616535
37.504	0.01327685	-5.8295185	0.019457569
37.632	0.013223674	-5.8297592	0.018759503
37.76	0.013339742	-5.8298849	0.016599671
37.888	0.013350686	-5.8300135	0.01531851
38.016	0.0131071	-5.8295975	0.016535571
38.144	0.013386132	-5.8297391	0.017211652
38.272	0.013231553	-5.8293054	0.018395026
38.4	0.013359499	-5.8293285	0.018447416
38.528	0.013415361	-5.8293354	0.019096319
38.656	0.013319436	-5.8295548	0.018378591
38.784	0.01341173	-5.8294549	0.017436551
38.912	0.013347964	-5.8292744	0.018852298
39.04	0.013378293	-5.8292409	0.017057762
39.168	0.013502532	-5.8295583	0.016672821
39.296	0.01333004	-5.8293134	0.019754818
39.424	0.013493	-5.8294389	0.018768579
39.552	0.013515729	-5.8296176	0.018684222
39.68	0.013604708	-5.829452	0.017841133
39.808	0.01353444	-5.8292207	0.019423291
39.936	0.01360348	-5.829496	0.020348629
40.064	0.013579993	-5.8291941	0.018893775
40.192	0.013721538	-5.8292564	0.019357033
40.32	0.013605817	-5.8290456	0.018983501
40.448	0.01356356	-5.8290504	0.019955805
40.576	0.013865072	-5.8295158	0.021566917
40.704	0.013732349	-5.8296596	0.018225131
40.832	0.013737389	-5.8296053	0.016651339
40.96	0.013819576	-5.8294589	0.018868488
41.088	0.01353857	-5.8290981	0.017827882
41.216	0.013608241	-5.8294177	0.016607974
41.344	0.013619017	-5.8292513	0.02008712
41.472	0.013928751	-5.8295994	0.019435313
41.6	0.013535218	-5.8294371	0.020240371
41.728	0.013786797	-5.8294495	0.018990602
41.856	0.013539023	-5.8291731	0.019077741
41.984	0.013517581	-5.8292721	0.018038946
42.112	0.013650048	-5.8292849	0.018490903
42.24	0.013491347	-5.829016	0.018553449
42.368	0.013415805	-5.8291119	0.015602708
42.496	0.013478336	-5.8292667	0.01662346
42.624	0.013523312	-5.8295648	0.018050029
42.752	0.013490111	-5.8296434	0.017334694
42.88	0.013374844	-5.8292648	0.018011795
43.008	0.013435245	-5.8296788	0.018677796
43.136	0.013144197	-5.8295241	0.018836664
43.264	0.013438334	-5.8294926	0.017102654
43.392	0.01340498	-5.8297342	0.017321049
43.52	0.013502436	-5.829962	0.016610529
43.648	0.01334309	-5.8299028	0.016316235
43.776	0.013463162	-5.8300238	0.017192046
43.904	0.01324433	-5.8297466	0.017084877
44.032	0.013218124	-5.8296084	0.017421742
44.16	0.013097537	-5.8295211	0.020079643
44.288	0.013465967	-5.829835	0.018748464
44.416	0.013187072	-5.8292278	0.018599249
44.544	0.013363972	-5.8297755	0.018791202
44.672	0.013356321	-5.8298115	0.018897852
44.8	0.013569603	-5.829821	0.018088188
44.928	0.013272527	-5.8294508	0.020628945
45.056	0.01336429	-5.8297081	0.017408972
45.184	0.013282302	-5.8295214	0.017262432
45.312	0.01353315	-5.8296805	0.016753089
45.44	0.013571146	-5.8296065	0.016179942
45.568	0.013303857	-5.82921	0.017617714
45.696	0.013617388	-5.8295113	0.017506101
45.824	0.013441779	-5.8294015	0.017925446
45.952	0.013581034	-5.8293819	0.016858764
46.08	0.013500679	-5.8291867	0.018473916
46.208	0.013626955	-5.8295785	0.019024922
46.336	0.013598609	-5.8294905	0.020486458
46.464	0.013604187	-5.8294605	0.021074367
46.592	0.013762117	-5.8293458	0.01794521
46.72	0.013736679	-5.8293973	0.017156156
46.848	0.01375592	-5.8291243	0.018924399
46.976	0.013321063	-5.8287736	0.020027007
47.104	0.013656726	-5.8290728	0.019828354
47.232	0.013856358	-5.8294722	0.018235274
47.36	0.013643202	-5.8293079	0.017060244
47.488	0.013603374	-5.8290857	0.017868936
47.616	0.013726653	-5.829563	0.018953481
47.744	0.013603829	-5.8293081	0.018925909
47.872	0.013819282	-5.8293644	0.017790027
48	0.013905304	-5.8298255	0.01971237
48.128	0.013551107	-5.8294564	0.021541498
48.256	0.013380371	-5.8291575	0.02241355
48.384	0.013634281	-5.8295805	0.020094172
48.512	0.013580383	-5.8295976	0.016821409
48.64	0.013421516	-5.8292431	0.018644053
48.768	0.013552682	-5.8294718	0.018463243
48.896	0.013603242	-5.8298441	0.016489319
49.024	0.013306425	-5.8294825	0.018396571
49.152	0.013411605	-5.829635	0.021112035
49.28	0.013595157	-5.8298097	0.019111173
49.408	0.013429844	-5.8296258	0.018279125
49.536	0.013178858	-5.8293317	0.01816113
49.664	0.013442134	-5.8297501	0.016456734
49.792	0.013388671	-5.8295133	0.018791077
49.92	0.01344174	-5.8299581	0.016988733
50.048	0.013334482	-5.8299865	0.015375614
50.176	0.013468152	-5.8295442	0.015152751
50.304	0.01323278	-5.8294764	0.015988723
50.432	0.013204492	-5.8298391	0.017521627
50.56	0.013247989	-5.8298701	0.016702585
50.688	0.013222952	-5.829761	0.016735059
50.816	0.013222306	-5.829707	0.017302655
50.944	0.01351018	-5.8299499	0.017882896
51.072	0.013091295	-5.8295299	0.019418378
51.2	0.013361126	-5.8299049	0.016564464
51.328	0.013131451	-5.8294256	0.018480865
51.456	0.013658349	-5.8298261	0.017996178
51.584	0.013278866	-5.82956	0.016209688
51.712	0.013517746	-5.8296183	0.016408547
51.84	0.013633111	-5.8296575	0.01835078
51.968	0.01340529	-5.8291884	0.018192861
52.096	0.013354202	-5.8291918	0.019973761
52.224	0.013692448	-5.8294811	0.019451527
52.352	0.013372602	-5.8291376	0.021367239
52.48	0.013681139	-5.8293369	0.019434452
52.608	0.013757669	-5.8294192	0.01869109
52.736	0.013626151	-5.8291107	0.019783509
52.864	0.013763862	-5.8291553	0.018263059
52.992	0.013637549	-5.8289753	0.019710157
53.12	0.013647044	-5.8290992	0.020789738
53.248	0.013791769	-5.8293964	0.017119638
53.376	0.013631157	-5.8292788	0.018240501
53.504	0.01365683	-5.8292543	0.020515944
53.632	0.01378049	-5.8295486	0.018199498
53.76	0.013652397	-5.8291434	0.019593772
53.888	0.013505761	-5.8290511	0.020136982
54.016	0.013754344	-5.8290844	0.01829349
54.144	0.013744241	-5.829045	0.018226828
54.272	0.013686444	-5.8290986	0.017476732
54.4	0.013716794	-5.8292796	0.017671085
54.528	0.013379499	-5.8292096	0.02060979
54.656	0.013588418	-5.8294546	0.018342764
54.784	0.013413119	-5.8293709	0.018871125
54.912	0.013541312	-5.8294395	0.01971242
55.04	0.013708897	-5.8295623	0.019297762
55.168	0.013319497	-5.8291082	0.020262788
55.296	0.013578075	-5.8294206	0.018915517
55.424	0.01342742	-5.8294923	0.020033262
55.552	0.013393762	-5.829651	0.01902936
55.68	0.013501383	-5.8298278	0.017242745
55.808	0.013384055	-5.8297504	0.018745104
55.936	0.013299405	-5.8296794	0.01943006
56.064	0.013489043	-5.8298725	0.017542661
56.192	0.013300053	-5.8296244	0.018100799
56.32	0.01317826	-5.8294423	0.019038322
56.448	0.013454682	-5.8299616	0.018774656
56.576	0.013307023	-5.829858	0.017283492
56.704	0.013310744	-5.829761	0.015329146
56.832	0.013261996	-5.8299534	0.015437146
56.96	0.01323063	-5.8298165	0.01885607
57.088	0.01305342	-5.8294386	0.019977159
57.216	0.013632303	-5.8300528	0.015774906
57.344	0.013181245	-5.829501	0.017658245
57.472	0.013519464	-5.8296309	0.016563497
57.6	0.01325982	-5.8292335	0.017398969
57.728	0.013338009	-5.8295159	0.018922686
57.856	0.013267078	-5.8291511	0.01814111
57.984	0.013385437	-5.8292619	0.019638652
58.112	0.013582983	-5.8296904	0.016707737
58.24	0.013445416	-5.8293807	0.017906271
58.368	0.01371402	-5.8297733	0.017188433
58.496	0.013382592	-5.8294882	0.018530618
58.624	0.01363625	-5.8294418	0.017379211
58.752	0.01346671	-5.8295044	0.01695229
58.88	0.013820558	-5.829613	0.017281617
59.008	0.013653742	-5.8297475	0.017450551
59.136	0.013606918	-5.8295186	0.019015817
59.264	0.013495809	-5.8292607	0.020392502
59.392	0.013628688	-5.8291621	0.022436731
59.52	0.013878872	-5.8296515	0.02056752
59.648	0.013468979	-5.8291561	0.018333741
59.776	0.013719075	-5.8291419	0.018507586
59.904	0.013751883	-5.8288618	0.01996422
60.032	0.013676496	-5.8289854	0.01610372
60.16	0.013509643	-5.828893	0.018383892
60.288	0.013681773	-5.8290639	0.020214601
60.416	0.013731732	-5.8294345	0.018969781
60.544	0.013737872	-5.8294921	0.01739108
60.672	0.013668334	-5.8292144	0.01780667
60.8	0.01347808	-5.8291476	0.020698552
60.928	0.013619717	-5.8293791	0.01834784
61.056	0.013778513	-5.8297143	0.01667895
61.184	0.013223075	-5.8292207	0.016425854
61.312	0.013644578	-5.8295439	0.014207097
61.44	0.0134822	-5.8294066	0.017168131
61.568	0.013506537	-5.8293774	0.01765952
61.696	0.013437628	-5.82942	0.019560421
61.824	0.013151037	-5.8292205	0.020628988
61.952	0.013505027	-5.8293944	0.017352858
62.08	0.013370737	-5.8292331	0.018002875
62.208	0.013580589	-5.8296363	0.016154025
62.336	0.013290007	-5.8293757	0.016365941
62.464	0.013250137	-5.8296502	0.016179864
62.592	0.01345949	-5.8296211	0.017618407
62.72	0.013143374	-5.8291736	0.01928706
62.848	0.013259342	-5.8295357	0.018824184
62.976	0.013426068	-5.8299235	0.019428372
63.104	0.013308128	-5.8297123	0.016835039
63.232	0.013216024	-5.8296041	0.019157146
63.36	0.013560129	-5.8300755	0.019455997
63.488	0.013166498	-5.8296716	0.018245103
63.616	0.013355825	-5.8298247	0.01818741
63.744	0.013140906	-5.8294284	0.018789764
63.872	0.013563366	-5.8298098	0.019101535
64	0.013302208	-5.82941	0.01828411
64.128	0.013391861	-5.8297569	0.017294588
64.256	0.013357475	-5.829765	0.018287725
64.384	0.013332967	-5.8295128	0.01814321
64.512	0.013340329	-5.8293956	0.019365294
64.64	0.013765725	-5.8297045	0.018918212
64.768	0.013446494	-5.8293707	0.019232825
64.896	0.013429735	-5.8293902	0.019899071
65.024	0.013546826	-5.8294952	0.021036314
65.152	0.013397052	-5.8292043	0.018699594
65.28	0.013699806	-5.8294867	0.017951123
65.408	0.013743538	-5.8294917	0.01936699
65.536	0.013555945	-5.8291168	0.022062049
65.664	0.013634662	-5.8292529	0.01999677
65.792	0.013693965	-5.8289605	0.015634283
65.92	0.013604083	-5.8290982	0.018426105
66.048	0.013697921	-5.8292853	0.019590508
66.176	0.013923685	-5.8298061	0.017300845
66.304	0.013502353	-5.8292804	0.018042864
66.432	0.013712584	-5.8292046	0.020180796
66.56	0.013511323	-5.8290916	0.021859303
66.688	0.013850746	-5.8293733	0.018466169
66.816	0.013775904	-5.8293136	0.015251657
66.944	0.013475483	-5.8290397	0.016984857
67.072	0.013922577	-5.8294838	0.015927197
67.2	0.013775713	-5.8293547	0.017604913
67.328	0.013217401	-5.8289141	0.022028988
67.456	0.013898279	-5.8295549	0.020868866
67.584	0.013559885	-5.8292578	0.01922514
67.712	0.013486448	-5.8294222	0.018394516
67.84	0.013605611	-5.8298247	0.018399098
67.968	0.013602215	-5.8295746	0.016387282
68.096	0.013406608	-5.8295334	0.016483051
68.224	0.013531628	-5.8295171	0.019139563
68.352	0.013325196	-5.8292526	0.018654338
68.48	0.013350401	-5.8295321	0.016662612
68.608	0.013560719	-5.8296818	0.016247513
68.736	0.013338795	-5.8296586	0.016729002
68.864	0.013309897	-5.8296784	0.017147758
68.992	0.013245109	-5.8296807	0.016363894
69.12	0.013297977	-5.830075	0.016707704
69.248	0.013214768	-5.8298151	0.017988309
69.376	0.013302262	-5.829758	0.01928553
69.504	0.013078989	-5.8292943	0.019176186
69.632	0.013374394	-5.8297211	0.016985108
69.76	0.013327402	-5.8294364	0.018813221
69.888	0.013404159	-5.829586	0.017259435
70.016	0.013359872	-5.8295592	0.017645355
70.144	0.01346701	-5.8296877	0.018142703
70.272	0.013349539	-5.8293745	0.017972707
70.4	0.013423464	-5.829569	0.018776933
70.528	0.013423917	-5.8294127	0.017379411
70.656	0.013445586	-5.8291311	0.017694608
70.784	0.013472515	-5.829369	0.017758831
70.912	0.013282882	-5.8292764	0.018458437
71.04	0.013363553	-5.82947	0.01939158
71.168	0.013492225	-5.8295466	0.018694524
71.296	0.013504858	-5.8294729	0.01804288
71.424	0.013484511	-5.829225	0.02028002
71.552	0.013611891	-5.8294257	0.019519283
71.68	0.01386009	-5.8295375	0.018440673
71.808	0.013509324	-5.8289879	0.020844545
71.936	0.013686672	-5.8289715	0.01896883
72.064	0.013669354	-5.8291724	0.017493316
72.192	0.01368013	-5.8291427	0.018494731
72.32	0.01376652	-5.8292786	0.018971173
72.448	0.013789491	-5.8294617	0.019872494
72.576	0.013447081	-5.8291953	0.019821597
72.704	0.013991475	-5.8297754	0.016089401
72.832	0.013504682	-5.8291243	0.018470425
72.96	0.013641863	-5.8290873	0.017570105
73.088	0.013710416	-5.8292658	0.019146214
73.216	0.013790676	-5.829374	0.017524762
73.344	0.013694683	-5.8292719	0.018694397
73.472	0.013878154	-5.8293412	0.020492591
73.6	0.013438948	-5.8289782	0.018241687
73.728	0.013701246	-5.8293291	0.018969548
73.856	0.013312915	-5.8291086	0.022807446
73.984	0.013558705	-5.8295878	0.019332883
74.112	0.013240843	-5.829398	0.019828561
74.24	0.013470311	-5.8295893	0.018047802
74.368	0.013565418	-5.8296767	0.016950687
74.496	0.013604952	-5.8297354	0.018603086
74.624	0.013433032	-5.8297337	0.015930618
74.752	0.013443113	-5.8295536	0.015618234
74.88	0.013425809	-5.8298878	0.016705353
75.008	0.013273852	-5.8299196	0.01703554
75.136	0.01319072	-5.8297784	0.017088813
75.264	0.01333747	-5.8299182	0.018342956
75.392	0.01323536	-5.8294437	0.021195412
75.52	0.013170412	-5.8294361	0.017723541
75.648	0.013431171	-5.8297755	0.015469017
75.776	0.013237672	-5.8294862	0.019217259
75.904	0.013400495	-5.8296564	0.017810211
76.032	0.013409333	-5.8298752	0.016050172
76.16	0.013200479	-5.8294935	0.018395669
76.288	0.013189718	-5.8294545	0.016770465
76.416	0.013398465	-5.8298887	0.017036374
76.544	0.013363342	-5.8294696	0.017873615
76.672	0.013413737	-5.8296859	0.016390522
76.8	0.013231462	-5.8293648	0.021192282
76.928	0.01367168	-5.8298358	0.019371803
77.056	0.013335722	-5.8293319	0.018606162
77.184	0.013494026	-5.8294149	0.018428277
77.312	0.013411808	-5.829292	0.017479707
77.44	0.01337293	-5.8292323	0.016212489
77.568	0.013679906	-5.8295035	0.016979424
77.696	0.013611242	-5.8294813	0.019326366
77.824	0.013619903	-5.8292515	0.018107929
77.952	0.013476045	-5.8290766	0.01805335
78.08	0.013695763	-5.8294754	0.019660402
78.208	0.013592307	-5.8291245	0.019720493
78.336	0.013576756	-5.8291108	0.020359044
78.464	0.013584212	-5.8289562	0.020042466
78.592	0.01353633	-5.82917	0.019283321
78.72	0.013873687	-5.8293871	0.018568402
78.848	0.013708964	-5.8293287	0.016952313
78.976	0.013628444	-5.8293017	0.020586102
79.104	0.013678485	-5.8294224	0.021648633
79.232	0.013704814	-5.8293385	0.019813009
79.36	0.013824186	-5.8295264	0.01766778
79.488	0.013516814	-5.8291834	0.017809334
79.616	0.013689049	-5.8293214	0.018435334
79.744	0.013743129	-5.8295025	0.016467497
79.872	0.013665389	-5.8292035	0.018068741
80	0.013537008	-5.828799	0.020725291
80.128	0.013562314	-5.8289577	0.018677115
80.256	0.01353734	-5.8292935	0.015645426
80.384	0.013555465	-5.8293296	0.017266635
80.512	0.013420717	-5.8292888	0.016940095
80.64	0.013504421	-5.8293854	0.018010437
80.768	0.013327363	-5.8294299	0.019769232
80.896	0.013519434	-5.8295151	0.016440416
81.024	0.013443297	-5.8294435	0.016466233
81.152	0.013268238	-5.8295005	0.019078575
81.28	0.013335932	-5.8297623	0.018510493
81.408	0.013469218	-5.8298564	0.016127574
81.536	0.013311252	-5.8296148	0.01772525
81.664	0.013440041	-5.8294971	0.016486063
81.792	0.013198838	-5.8293677	0.018537313
81.92	0.01324575	-5.8296042	0.01864094
82.048	0.013265696	-5.829689	0.017990685
82.176	0.013401697	-5.8299529	0.017801325
82.304	0.013263283	-5.8297784	0.018600971
82.432	0.013368168	-5.8297895	0.019991966
82.56	0.013123493	-5.8296604	0.020362495
82.688	0.013263084	-5.8296325	0.018911491
82.816	0.013366125	-5.8297459	0.020735623
82.944	0.013233221	-5.8297244	0.020056567
83.072	0.01357091	-5.8300518	0.018786655
83.2	0.013356737	-5.8295316	0.017286086
83.328	0.013432795	-5.8295586	0.015634991
83.456	0.013426758	-5.8295934	0.01571377
83.584	0.013494663	-5.8296787	0.017014021
83.712	0.013356851	-5.8292966	0.020489726
83.84	0.013563976	-5.8295651	0.019597485
83.968	0.013644602	-5.8294773	0.019789633
84.096	0.013600381	-5.82938	0.017183805
84.224	0.013774925	-5.8296152	0.01933939
84.352	0.013521165	-5.8293199	0.020685324
84.48	0.013673531	-5.8292364	0.017651439
84.608	0.013579367	-5.828704	0.021023204
84.736	0.013695248	-5.8289316	0.020409951
84.864	0.013895644	-5.8291606	0.01668672
84.992	0.013600268	-5.8288223	0.018426185
85.12	0.01363912	-5.8289771	0.01992063
85.248	0.013635998	-5.8292589	0.017972292
85.376	0.013658854	-5.8295309	0.018500256
85.504	0.013787523	-5.829609	0.018019433
85.632	0.013736213	-5.8293711	0.018313243
85.76	0.013658865	-5.8290544	0.017135277
85.888	0.013510165	-5.8290583	0.017365378
86.016	0.013650775	-5.8292846	0.020371049
86.144	0.013769386	-5.8294708	0.01959049
86.272	0.013460158	-5.8291721	0.019821644
86.4	0.013835405	-5.829498	0.018165089
86.528	0.013568965	-5.8291552	0.018962435
86.656	0.013357071	-5.8292688	0.020479407
86.784	0.013779341	-5.8296713	0.018611066
86.912	0.01339614	-5.8294127	0.020259872
87.04	0.01332396	-5.8291916	0.019877801
87.168	0.013243296	-5.8289937	0.019490334
87.296	0.013678578	-5.8297081	0.017348908
87.424	0.013371383	-5.8294535	0.018428729
87.552	0.013332777	-5.8295854	0.015398202
87.68	0.013551639	-5.8299431	0.01761278
87.808	0.013387898	-5.8302255	0.018520492
87.936	0.013003298	-5.8295512	0.018184389
88.064	0.013231125	-5.829605	0.017682674
88.192	0.013274692	-5.8296627	0.01669081
88.32	0.013479317	-5.8300221	0.016934324
88.448	0.013164546	-5.8293874	0.016976978
88.576	0.013130802	-5.8294021	0.016914999
88.704	0.013267776	-5.8296636	0.017317608
88.832	0.013463622	-5.8297689	0.015368667
88.96	0.013125955	-5.829418	0.019323077
89.088	0.013325522	-5.8298756	0.019789292
89.216	0.01328852	-5.8296453	0.018142158
89.344	0.013415063	-5.8297995	0.017893582
89.472	0.013422827	-5.8297938	0.018231195
89.6	0.013410392	-5.8298076	0.020071367
89.728	0.013472649	-5.8295368	0.020746924
89.856	0.013581723	-5.8296155	0.01833152
89.984	0.013227099	-5.8292168	0.016728165
90.112	0.013681355	-5.8297378	0.017821896
90.24	0.013681348	-5.8297553	0.01804583
90.368	0.013660379	-5.8295236	0.019137504
90.496	0.01361002	-5.8293356	0.019409829
90.624	0.013535847	-5.8292999	0.017602544
90.752	0.013632424	-5.8292043	0.016576241
90.88	0.013564995	-5.8292995	0.019079243
91.008	0.01358256	-5.8292636	0.019084385
91.136	0.013750378	-5.8295036	0.018199646
91.264	0.013634919	-5.8292369	0.018764765
91.392	0.01392357	-5.8294263	0.018830386
91.52	0.013644823	-5.8290076	0.017753677
91.648	0.013774241	-5.829132	0.017258718
91.776	0.013492701	-5.8289536	0.020074135
91.904	0.013616608	-5.8289894	0.019017117
92.032	0.013611779	-5.8289418	0.019720781
92.16	0.013583466	-5.8289164	0.019313273
92.288	0.013603895	-5.8290462	0.019857095
92.416	0.013923747	-5.8296486	0.018065279
92.544	0.013509893	-5.8291825	0.018773039
92.672	0.013785112	-5.8293062	0.016693286
92.8	0.013422801	-5.829084	0.01854827
92.928	0.013573778	-5.8292921	0.019331427
93.056	0.013386076	-5.8293016	0.020440663
93.184	0.013368758	-5.8293065	0.018995961
93.312	0.013379525	-5.8294633	0.018526521
93.44	0.013416273	-5.8296124	0.01871141
93.568	0.01345986	-5.8297899	0.019432186
93.696	0.013312742	-5.8294993	0.01889283
93.824	0.013232384	-5.8294641	0.015785685
93.952	0.013489003	-5.8297871	0.017369395
94.08	0.013265584	-5.8295421	0.019954466
94.208	0.013341343	-5.8296239	0.017598588
94.336	0.013236409	-5.8295097	0.017213753
94.464	0.013369325	-5.8295611	0.016770652
94.592	0.013482587	-5.8297407	0.016020754
94.72	0.013365062	-5.8295288	0.019360796
94.848	0.01359163	-5.8299837	0.020281367
94.976	0.013037052	-5.8293876	0.019075471
95.104	0.01329493	-5.8297621	0.014986909
95.232	0.013609955	-5.830287	0.01672761
95.36	0.013217202	-5.829701	0.020294032
95.488	0.013233726	-5.8297639	0.017141334
95.616	0.013440023	-5.8299157	0.01670704
95.744	0.013709639	-5.8299425	0.017759156
95.872	0.013407158	-5.8295208	0.016853532
96	0.0135247	-5.8296833	0.017364239
96.128	0.01347662	-5.8297028	0.017403957
96.256	0.013585287	-5.8296678	0.018275556
96.384	0.013465935	-5.8297438	0.019211284
96.512	0.013610116	-5.8297822	0.019006144
96.64	0.013665136	-5.8300099	0.018439477
96.768	0.01344299	-5.8294046	0.019393227
96.896	0.013512001	-5.8294118	0.017922531
97.024	0.013761238	-5.8296249	0.01928459
97.152	0.013337937	-5.8291724	0.021512624
97.28	0.013558103	-5.8296207	0.018526665
97.408	0.013573546	-5.8294927	0.017645711
97.536	0.013466058	-5.8293816	0.019434468
97.664	0.013716503	-5.8293998	0.019343376
97.792	0.013647622	-5.8292765	0.01982606
97.92	0.013527261	-5.8292693	0.019270659
98.048	0.013664191	-5.8289835	0.018645213
98.176	0.013794624	-5.8294817	0.019943127
98.304	0.013471174	-5.8294154	0.019018835
98.432	0.013562963	-5.8293754	0.016984115
98.56	0.013534073	-5.8293839	0.017742742
98.688	0.013766878	-5.829644	0.01734966
98.816	0.013455407	-5.8294104	0.017780705
98.944	0.013633784	-5.8296804	0.016791557
99.072	0.013599941	-5.8295442	0.016931655
99.2	0.013741537	-5.8296999	0.017557038
99.328	0.013559773	-5.8296219	0.01770918
99.456	0.01360831	-5.8298005	0.019226566
99.584	0.013657891	-5.8300074	0.018494747
99.712	0.01365769	-5.8300536	0.015933748
99.84	0.013477556	-5.8300845	0.017515631
99.968	0.013490254	-5.8300221	0.018339052
100.096	0.013283905	-5.8297552	0.017029387
100.224	0.013466374	-5.8299194	0.017363532
100.352	0.013530317	-5.8301354	0.015884122
100.48	0.013244155	-5.83011	0.019227805
100.608	0.013383128	-5.8300571	0.017621236
100.736	0.013401462	-5.8300297	0.016757558
100.864	0.013341306	-5.8299593	0.017091517
100.992	0.013120016	-5.8300341	0.016981493
101.12	0.01330977	-5.8300476	0.018350961
101.248	0.013230393	-5.8303071	0.016273444
101.376	0.013404047	-5.8303595	0.015580415
101.504	0.013097962	-5.8297629	0.017059034
101.632	0.013223346	-5.8298294	0.016707904
101.76	0.013309103	-5.8303545	0.019459865
101.888	0.013318971	-5.8304625	0.018374246
102.016	0.013315717	-5.8302682	0.018253419
102.144	0.013291353	-5.8301813	0.019149803
102.272	0.013291122	-5.8300271	0.019457456
102.4	0.013339729	-5.830073	0.018217198
102.528	0.013644438	-5.8304853	0.014124057
102.656	0.013351108	-5.8301086	0.017586522
102.784	0.013334894	-5.8299751	0.018598853
102.912	0.013357565	-5.8298252	0.020889003
103.04	0.01342603	-5.8297592	0.018827875
103.168	0.013388656	-5.8294423	0.016165892
103.296	0.013605414	-5.829556	0.017363533
103.424	0.013637161	-5.8298644	0.019002567
103.552	0.013765624	-5.8297427	0.019005115
103.68	0.013603195	-5.8295598	0.020189082
103.808	0.013539063	-5.829491	0.020439814
103.936	0.013916455	-5.8299275	0.018931517
104.064	0.013687405	-5.8294134	0.019692992
104.192	0.013459606	-5.8291992	0.019203125
104.32	0.013923482	-5.8297452	0.016948546
104.448	0.013535203	-5.829221	0.019276974
104.576	0.014059151	-5.8299529	0.016831048
104.704	0.013633436	-5.8293803	0.01903943
104.832	0.013908763	-5.8299347	0.018304151
104.96	0.013611975	-5.8293954	0.016932352
105.088	0.01349992	-5.829154	0.018606772
105.216	0.013881748	-5.8296046	0.01700357
105.344	0.013901178	-5.8299527	0.017377183
105.472	0.013470354	-5.8296413	0.017991386
105.6	0.013429362	-5.8296709	0.017718799
105.728	0.013721898	-5.8300394	0.017865677
105.856	0.013495642	-5.8299152	0.017264443
105.984	0.013508829	-5.8299653	0.016610295
106.112	0.013415827	-5.8299756	0.015431439
106.24	0.013501998	-5.8304398	0.016024695
106.368	0.013357784	-5.8304028	0.017367438
106.496	0.013370716	-5.8303156	0.017679127
106.624	0.013345793	-5.8305359	0.017362225
106.752	0.013475749	-5.8302467	0.016671912
106.88	0.013239851	-5.8299233	0.018482552
107.008	0.013319566	-5.8298961	0.019032919
107.136	0.013353414	-5.8305499	0.018202092
107.264	0.013276197	-5.8303024	0.017790236
107.392	0.013374882	-5.8304783	0.017696016
107.52	0.013337695	-5.8304292	0.018934788
107.648	0.013261901	-5.8304194	0.021002923
107.776	0.013197454	-5.8302116	0.020821614
107.904	0.013178934	-5.8301803	0.016497656
108.032	0.01341283	-5.8304629	0.015739189
108.16	0.013097038	-5.8298272	0.018817665
108.288	0.013210529	-5.830001	0.020029045
108.416	0.01298422	-5.8297238	0.018690139
108.544	0.01357177	-5.8304451	0.017503408
108.672	0.013389524	-5.8302306	0.021295322
108.8	0.013471607	-5.8304442	0.016395883
108.928	0.013102978	-5.8299853	0.01744079
109.056	0.013305709	-5.8302095	0.019319538
109.184	0.013610037	-5.8304491	0.015748034
109.312	0.013487228	-5.8298802	0.014919161
109.44	0.013489411	-5.8299685	0.013630818
109.568	0.013455707	-5.8298791	0.014418056
109.696	0.013661129	-5.8296991	0.018036106
109.824	0.013626682	-5.8296034	0.020357893
109.952	0.013327822	-5.8294142	0.019663404
110.08	0.013554176	-5.8297192	0.02076269
110.208	0.013802826	-5.8300112	0.019997304
110.336	0.0138324	-5.8297981	0.018928534
110.464	0.013592818	-5.8294002	0.020822958
110.592	0.01379745	-5.8297396	0.020339796
110.72	0.013782222	-5.829538	0.020856237
110.848	0.013795945	-5.8298144	0.019987534
110.976	0.01370835	-5.8299461	0.019037512
111.104	0.013636316	-5.8298151	0.017777017
111.232	0.013795368	-5.8299802	0.017790598
111.36	0.013747809	-5.8295067	0.021782173
111.488	0.013724985	-5.8296113	0.02056983
111.616	0.013732138	-5.8296734	0.018579725
111.744	0.013680996	-5.8296559	0.019789875
111.872	0.013682499	-5.8297303	0.020882468
112	0.013773489	-5.8298662	0.019118962
112.128	0.013611469	-5.8297282	0.019405991
112.256	0.013705043	-5.8301001	0.017807353
112.384	0.013666417	-5.8302148	0.018846897
112.512	0.013562795	-5.8299861	0.020558208
112.64	0.013418792	-5.829792	0.021457723
112.768	0.013698592	-5.830246	0.018762844
112.896	0.013372416	-5.8303358	0.018859609
113.024	0.013250349	-5.8300392	0.021357852
113.152	0.013371671	-5.8304315	0.02002164
113.28	0.013623722	-5.8305915	0.018634247
113.408	0.01332946	-5.8301641	0.018164883
113.536	0.013256229	-5.8298613	0.018005974
113.664	0.013297548	-5.8300163	0.017762027
113.792	0.013238104	-5.8303038	0.016736113
113.92	0.013346518	-5.8302545	0.015480465
114.048	0.013234531	-5.8298486	0.017082653
114.176	0.013263353	-5.8300488	0.016843225
114.304	0.013229483	-5.8303131	0.01776717
114.432	0.01335591	-5.8302877	0.015503668
114.56	0.013074112	-5.8300344	0.015858013
114.688	0.013295531	-5.8302374	0.018056279
114.816	0.013037409	-5.8299847	0.020377379
114.944	0.013369417	-5.8305813	0.021170812
115.072	0.01333094	-5.8301522	0.01840561
115.2	0.013503818	-5.8299556	0.014191779
115.328	0.013415599	-5.8299354	0.018114791
115.456	0.013190704	-5.8301166	0.021317247
115.584	0.013606055	-5.8302339	0.017798567
115.712	0.013381488	-5.8300884	0.018259365
115.84	0.013643638	-5.8298459	0.017702107
115.968	0.013295965	-5.8293484	0.018727261
116.096	0.013640554	-5.829651	0.016298667
116.224	0.01361556	-5.8296843	0.017131105
116.352	0.013547659	-5.8296943	0.017610649
116.48	0.013382429	-5.829718	0.019219481
116.608	0.013645774	-5.8298821	0.018529984
116.736	0.013683041	-5.8296652	0.017820137
116.864	0.013938697	-5.8299849	0.019298166
116.992	0.013841442	-5.8298629	0.020701411
117.12	0.013513869	-5.8296248	0.022051607
117.248	0.013850663	-5.829992	0.020692828
117.376	0.013757649	-5.8297274	0.019499561
117.504	0.01378007	-5.8299438	0.018959085
117.632	0.013865785	-5.8298218	0.020180381
117.76	0.013694851	-5.8296106	0.022026107
117.888	0.013705846	-5.8297446	0.019174127
118.016	0.013628402	-5.8294303	0.018818293
118.144	0.013616304	-5.8295429	0.017921727
118.272	0.013621869	-5.8297104	0.018359783
118.4	0.013599355	-5.8297983	0.019917551
118.528	0.013769236	-5.8299037	0.018998386
118.656	0.01335969	-5.829772	0.019748721
118.784	0.013587813	-5.8301281	0.019209114
118.912	0.013653339	-5.8301253	0.018050072
119.04	0.013519504	-5.8299458	0.01634139
119.168	0.01355632	-5.8302906	0.016356387
119.296	0.013304678	-5.8298426	0.016542381
119.424	0.013464539	-5.8300676	0.016267835
119.552	0.01348807	-5.8304191	0.017988556
119.68	0.013136687	-5.8302016	0.018364364
119.808	0.013383689	-5.8304221	0.015766446
119.936	0.013326788	-5.8301431	0.017658496
120.064	0.0131328	-5.8298824	0.0173739
120.192	0.013173459	-5.830069	0.015496434
120.32	0.012942697	-5.8297987	0.018000539
120.448	0.013214068	-5.830125	0.01660635
120.576	0.013397685	-5.8303966	0.014065198
120.704	0.013150588	-5.8301343	0.018145397
120.832	0.013272759	-5.8301381	0.018257059
120.96	0.013389557	-5.8302484	0.016319469
121.088	0.013271755	-5.8301894	0.016093173
121.216	0.01350361	-5.8304296	0.017346311
121.344	0.013084635	-5.8299086	0.019928117
121.472	0.013467862	-5.8301149	0.019372806
121.6	0.013262337	-5.8297377	0.021361387
121.728	0.013367208	-5.8301435	0.018725607
121.856	0.013372135	-5.8301701	0.018435021
121.984	0.01340162	-5.8302917	0.019858463
122.112	0.013645494	-5.8305799	0.018349379
122.24	0.013336317	-5.8299917	0.019415074
122.368	0.013726948	-5.8302536	0.016920114
122.496	0.01346896	-5.8296657	0.017546878
122.624	0.013626655	-5.8299163	0.017642313
122.752	0.013760857	-5.8299527	0.016547817
122.88	0.013595565	-5.8300038	0.020421085
123.008	0.013726156	-5.8300799	0.01752457
123.136	0.013692246	-5.8298949	0.016560529
123.264	0.013820476	-5.8299857	0.01760532
123.392	0.013702475	-5.829533	0.019063085
123.52	0.013824957	-5.829562	0.020600222
123.648	0.013895365	-5.8296176	0.017494081
123.776	0.01350532	-5.8294038	0.01917694
123.904	0.01373585	-5.8297555	0.020285895
124.032	0.01379371	-5.8295022	0.0188676
124.16	0.013819354	-5.8296859	0.017912772
124.288	0.013573024	-5.8294442	0.017411252
124.416	0.01385518	-5.8296549	0.01713127
124.544	0.013772653	-5.829615	0.020268723
124.672	0.013746542	-5.8296398	0.019025299
124.8	0.013798806	-5.82988	0.017769723
124.928	0.013704611	-5.8299308	0.018365135
125.056	0.013351785	-5.8298145	0.018176294
125.184	0.013329657	-5.8300924	0.017859055
125.312	0.013864282	-5.8306091	0.017278053
125.44	0.013490847	-5.8303811	0.016858328
125.568	0.013413992	-5.8303435	0.016897895
125.696	0.013110378	-5.8301543	0.016918028
125.824	0.01339605	-5.8304683	0.014692835
125.952	0.013550064	-5.8303848	0.018177118
126.08	0.01321772	-5.8298186	0.019625264
126.208	0.013422775	-5.8300762	0.01646641
126.336	0.013264514	-5.8300832	0.017765972
126.464	0.013184879	-5.8301243	0.016622266
126.592	0.013385398	-5.8304608	0.018584302
126.72	0.01308487	-5.8300906	0.020035401
126.848	0.013260785	-5.8305267	0.017136175
126.976	0.013135939	-5.830426	0.018781125
127.104	0.013297468	-5.8303744	0.018603423
127.232	0.013252431	-5.8306583	0.016607517
127.36	0.013361544	-5.8305105	0.016708878
127.488	0.013335356	-5.8302913	0.01964099
127.616	0.013193163	-5.8300797	0.019905647
127.744	0.013270004	-5.8302124	0.017757653
127.872	0.013389169	-5.8302078	0.015450187
128	0.013397797	-5.8301694	0.016669001
128.128	0.013297844	-5.8298806	0.017468623
128.256	0.013496419	-5.830026	0.017139521
128.384	0.013422001	-5.8299048	0.018598203
128.512	0.013503909	-5.82968	0.019117805
128.64	0.013601654	-5.8297401	0.017342151
128.768	0.013461567	-5.8297761	0.018756615
128.896	0.013621357	-5.8299619	0.018748422
129.024	0.013587209	-5.8299748	0.019927322
129.152	0.013817617	-5.829757	0.022096307
129.28	0.0135326	-5.8296493	0.021218916
129.408	0.013723977	-5.8298917	0.022021893
129.536	0.013700196	-5.8298093	0.021641509
129.664	0.013908476	-5.8299334	0.018319751
129.792	0.013997618	-5.8300766	0.016734779
129.92	0.013874583	-5.8297947	0.018709272
130.048	0.013788515	-5.8295377	0.020180962
130.176	0.013871607	-5.8297347	0.018863943
130.304	0.01383941	-5.8295454	0.019554894
130.432	0.013904051	-5.8294077	0.018882972
130.56	0.01384806	-5.8294862	0.016996099
130.688	0.013597801	-5.8294244	0.020149046
130.816	0.013615268	-5.8298594	0.021173715
130.944	0.013949284	-5.8301269	0.020043805
131.072	0.013465285	-5.8299244	0.016120165
131.2	0.013631237	-5.8300575	0.015870664
131.328	0.013424039	-5.8299092	0.017793818
131.456	0.013802077	-5.8302846	0.015161805
131.584	0.013544901	-5.8302605	0.018837775
131.712	0.013388722	-5.8301034	0.018071027
131.84	0.013449096	-5.8300634	0.017186812
131.968	0.013211139	-5.8302553	0.017391125
132.096	0.013190495	-5.8300973	0.018950009
132.224	0.013245733	-5.8302035	0.018526313
132.352	0.013310206	-5.8302691	0.018287805
132.48	0.013187275	-5.8303251	0.017616919
132.608	0.013120976	-5.8299389	0.016527125
132.736	0.013158214	-5.8304554	0.017334681
132.864	0.013332091	-5.830843	0.017071981
132.992	0.013125653	-5.8303057	0.01615933
133.12	0.013084231	-5.8303754	0.018987462
133.248	0.013207444	-5.8307407	0.018448245
133.376	0.013286783	-5.8309191	0.016170571
133.504	0.013140169	-5.8307366	0.017153348
133.632	0.013253691	-5.8308198	0.016429736
133.76	0.013220889	-5.830655	0.018221652
133.888	0.013209267	-5.8304129	0.018774754
134.016	0.013575584	-5.8308091	0.016818029
134.144	0.013472664	-5.8303492	0.018020417
134.272	0.013576603	-5.8306267	0.019101704
134.4	0.013550854	-5.8306321	0.019895315
134.528	0.013679858	-5.8305224	0.019297299
134.656	0.013628829	-5.8304653	0.018230742
134.784	0.013744034	-5.8304952	0.017209703
134.912	0.013530432	-5.8303018	0.020320123
135.04	0.013682445	-5.8304901	0.020249107
135.168	0.013593077	-5.8304602	0.018001378
135.296	0.013884879	-5.830641	0.01611809
135.424	0.013731742	-5.8304755	0.02048977
135.552	0.013703349	-5.8301615	0.019843951
135.68	0.013990817	-5.8304216	0.018028523
135.808	0.01358679	-5.8300522	0.020629983
135.936	0.013537212	-5.830458	0.020926642
136.064	0.013670023	-5.8305763	0.019838926
136.192	0.013652781	-5.8303264	0.019916483
136.32	0.013496789	-5.8303137	0.01997935
136.448	0.013728603	-5.8305607	0.017235548
136.576	0.013670017	-5.8304552	0.016078906
136.704	0.013488129	-5.8305111	0.017925647
136.832	0.013740916	-5.8307481	0.01946274
136.96	0.013740583	-5.8305768	0.016855533
137.088	0.01345237	-5.8303421	0.017336584
137.216	0.013457909	-5.8304823	0.018445355
137.344	0.013566416	-5.8306215	0.019653185
137.472	0.013444898	-5.8309084	0.020601382
137.6	0.013507412	-5.8306918	0.020711757
137.728	0.013494553	-5.8308413	0.019394855
137.856	0.013413182	-5.830945	0.018243243
137.984	0.013298113	-5.830858	0.018969279
138.112	0.013158738	-5.8308001	0.01926797
138.24	0.013504491	-5.8312935	0.018260593
138.368	0.013159404	-5.8308881	0.019056146
138.496	0.013281761	-5.8313036	0.017290689
138.624	0.013397217	-5.8312575	0.015670322
138.752	0.013188338	-5.8312034	0.0180442
138.88	0.013321914	-5.8313509	0.017399314
139.008	0.013210374	-5.8311086	0.017006182
139.136	0.013369854	-5.8311714	0.015828135
139.264	0.013173506	-5.8310432	0.016795123
139.392	0.013251646	-5.8310716	0.019073711
139.52	0.013427862	-5.831496	0.018261138
139.648	0.013339968	-5.8314144	0.018488477
139.776	0.01325169	-5.8311314	0.020968077
139.904	0.01320603	-5.8309955	0.021022106
140.032	0.013118944	-5.8309234	0.020784832
140.16	0.013342977	-5.8310495	0.019465201
140.288	0.013327443	-5.8310301	0.019584463
140.416	0.013240816	-5.8307117	0.020857346
140.544	0.013575043	-5.8310595	0.019953785
140.672	0.013542485	-5.8311756	0.01788162
140.8	0.013595665	-5.8311785	0.021981841
140.928	0.013612187	-5.8309502	0.019862613
141.056	0.013639927	-5.8307897	0.019671453
141.184	0.013608974	-5.8308151	0.021241666
141.312	0.013941137	-5.8310969	0.017133905
141.44	0.013492698	-5.8305949	0.018665021
141.568	0.013580685	-5.8308617	0.018785649
141.696	0.013828728	-5.8309239	0.018780256
141.824	0.013747027	-5.8306838	0.018410186
141.952	0.013773248	-5.8303696	0.018447332
142.08	0.0137384	-5.8303416	0.019681368
142.208	0.013748366	-5.8303243	0.020507382
142.336	0.013616693	-5.8301384	0.019848232
142.464	0.01388842	-5.8304662	0.017457713
142.592	0.013745833	-5.8303652	0.017039294
142.72	0.013678206	-5.8304075	0.019823699
142.848	0.014254785	-5.830969	0.020012067
142.976	0.013691137	-5.8302555	0.022093247
143.104	0.013756176	-5.8307152	0.02254713
143.232	0.013404997	-5.8300114	0.022280133
143.36	0.013427449	-5.8304716	0.018840013
143.488	0.013774269	-5.8310057	0.016836415
143.616	0.01351113	-5.8306421	0.018164461
143.744	0.01358935	-5.8306442	0.018191381
143.872	0.013604879	-5.8307218	0.018047785
144	0.013241866	-5.8303486	0.020657277
144.128	0.013475397	-5.8307795	0.018345348
144.256	0.013333482	-5.8308944	0.017429341
144.384	0.013265581	-5.8308623	0.018794445
144.512	0.013414449	-5.8312414	0.019506343
144.64	0.013238212	-5.8311003	0.020450507
144.768	0.013309524	-5.831296	0.018063525
144.896	0.013374805	-5.8312866	0.017450206
145.024	0.013051049	-5.8309457	0.019570988
145.152	0.013199847	-5.8309729	0.018013078
145.28	0.013059096	-5.8306941	0.017800551
145.408	0.013472004	-5.8312159	0.015653856
145.536	0.013134755	-5.8308811	0.018761527
145.664	0.013214776	-5.8314424	0.019406015
145.792	0.01350637	-5.8316145	0.017090298
145.92	0.012978303	-5.8309108	0.018723823
146.048	0.013467217	-5.8313132	0.016104954
146.176	0.013176388	-5.8310343	0.018274562
146.304	0.013396265	-5.8312786	0.017982961
146.432	0.013285591	-5.8310615	0.019087575
146.56	0.013421201	-5.8310337	0.019413152
146.688	0.013576577	-5.8311706	0.020022635
146.816	0.01343927	-5.8309151	0.021268689
146.944	0.013384675	-5.830772	0.019530162
147.072	0.013517867	-5.8308617	0.020549991
147.2	0.013582974	-5.8307556	0.019954015
147.328	0.013498636	-5.8307585	0.019099313
147.456	0.013573175	-5.8306972	0.02111028
147.584	0.013525351	-5.8308001	0.020630913
147.712	0.013573824	-5.8305219	0.02211285
147.84	0.013651856	-5.83044	0.020233139
147.968	0.013711301	-5.8303467	0.02171731
148.096	0.013633535	-5.8303831	0.020907126
148.224	0.013894639	-5.8306295	0.019382603
148.352	0.013647615	-5.8306471	0.022201733
148.48	0.013773797	-5.8306075	0.021209184
148.608	0.013902914	-5.8309843	0.022813608
148.736	0.013695972	-5.830639	0.024779558
148.864	0.013829445	-5.8309157	0.023198084
148.992	0.013744343	-5.8305749	0.020935414
149.12	0.01377644	-5.8307328	0.019995054
149.248	0.013885184	-5.8309736	0.019420715
149.376	0.013709883	-5.8305743	0.020356248
149.504	0.013709816	-5.8306881	0.018895963
149.632	0.013570616	-5.8309304	0.019022047
149.76	0.014000411	-5.83132	0.018968514
149.888	0.013454964	-5.830736	0.018800071
150.016	0.013604636	-5.8310297	0.019483819
150.144	0.013604071	-5.8311817	0.019520329
150.272	0.01349226	-5.8308785	0.018263316
150.4	0.013605839	-5.8310599	0.020223562
150.528	0.013469453	-5.8311185	0.02022626
150.656	0.01333633	-5.8312828	0.017473347
150.784	0.013314644	-5.8316852	0.015289933
150.912	0.013468387	-5.8314473	0.018908667
151.04	0.013299216	-5.8315649	0.020253296
151.168	0.013203107	-5.8315619	0.015397672
151.296	0.013076463	-5.8315759	0.015989404
151.424	0.013406005	-5.8320983	0.017080665
151.552	0.013285441	-5.8317575	0.015861214
151.68	0.013501634	-5.8318019	0.014776238
151.808	0.01330337	-5.8315328	0.017030207
151.936	0.013447935	-5.8316999	0.016750643
152.064	0.013220087	-5.8316988	0.014858089
152.192	0.013323654	-5.8317843	0.015168793
152.32	0.013304552	-5.8320799	0.014193868
152.448	0.013437622	-5.8319119	0.014297589
152.576	0.01306237	-5.8317754	0.015615721
152.704	0.013141594	-5.8318097	0.014985789
152.832	0.013523347	-5.832162	0.013272074
152.96	0.013259775	-5.8319434	0.015183368
153.088	0.013328925	-5.8319281	0.017180961
153.216	0.01335174	-5.8319482	0.018960281
153.344	0.013258705	-5.8315269	0.018172875
153.472	0.013421942	-5.832032	0.015350634
153.6	0.013484064	-5.8318278	0.014454605
153.728	0.013484373	-5.8317864	0.017419615
153.856	0.013654557	-5.8321099	0.018974778
153.984	0.01350562	-5.8319383	0.018046491
154.112	0.01374628	-5.8322271	0.01892853
154.24	0.01379636	-5.8321082	0.019044854
154.368	0.013637833	-5.8321783	0.020267815
154.496	0.013998745	-5.8324346	0.019063216
154.624	0.013923542	-5.8322474	0.017504381
154.752	0.013761789	-5.8320268	0.017375203
154.88	0.014281	-5.8325931	0.01597502
155.008	0.013943824	-5.8325148	0.017469606
155.136	0.014087887	-5.8328284	0.01790254
155.264	0.01445198	-5.8331666	0.016432219
155.392	0.013956098	-5.8327067	0.016737358
155.52	0.014210729	-5.8328997	0.014791689
155.648	0.014325999	-5.8331171	0.014984515
155.776	0.014160206	-5.833201	0.01567403
155.904	0.01420801	-5.8333818	0.012874885
156.032	0.014072173	-5.8334734	0.012913031
156.16	0.013878482	-5.8333209	0.01232908
156.288	0.013565622	-5.8333047	0.01224432
156.416	0.013509832	-5.8336812	0.013256073
156.544	0.013224427	-5.833712	0.015240348
156.672	0.013111835	-5.8336805	0.014032546
156.8	0.013394207	-5.834499	0.011768242
156.928	0.013112134	-5.834215	0.012900731
157.056	0.013010923	-5.8342206	0.010879715
157.184	0.012804517	-5.8341308	0.01187055
157.312	0.012805025	-5.8342738	0.011577666
157.44	0.012728487	-5.8343397	0.0095675114
157.568	0.012771706	-5.8344381	0.0093094802
157.696	0.012986276	-5.8348536	0.0097479816
157.824	0.012633054	-5.8345856	0.01201205
157.952	0.012916214	-5.8350952	0.011780742
158.08	0.012621156	-5.8348665	0.010710291
158.208	0.012693179	-5.8350129	0.012209491
158.336	0.012931097	-5.83516	0.010805326
158.464	0.012606884	-5.8350478	0.010295458
158.592	0.013026194	-5.8349059	0.0092399521
158.72	0.01299608	-5.8348937	0.0091539143
158.848	0.012846284	-5.8347847	0.012632754
158.976	0.013027652	-5.8347202	0.012808638
159.104	0.012839444	-5.8342606	0.012549793
159.232	0.01293998	-5.8340298	0.014244709
159.36	0.013275218	-5.8345434	0.013791971
159.488	0.013566328	-5.83453	0.013846538
159.616	0.01346238	-5.834397	0.01159572
159.744	0.013481718	-5.8341102	0.012627334
159.872	0.013610059	-5.8341232	0.015039239
160	0.013633103	-5.8338286	0.014758735
160.128	0.013939118	-5.8339161	0.01492918
160.256	0.013755626	-5.8337025	0.014464139
160.384	0.013770567	-5.833805	0.014565215
160.512	0.014040002	-5.8336769	0.016716321
160.64	0.01397576	-5.8333361	0.01575938
160.768	0.014103746	-5.8334521	0.014916273
160.896	0.014150342	-5.8332651	0.015871498
161.024	0.014372823	-5.833539	0.013837045
161.152	0.014154797	-5.8336074	0.014271302
161.28	0.01427394	-5.8337868	0.012968944
161.408	0.014096249	-5.8334391	0.014796974
161.536	0.014242604	-5.8338818	0.014921008
161.664	0.014384869	-5.8340861	0.014996703
161.792	0.014003541	-5.8339077	0.014736603
161.92	0.014209107	-5.8341745	0.011840147
162.048	0.014031326	-5.8338491	0.01219988
162.176	0.014083617	-5.8341694	0.01303486
162.304	0.014042946	-5.8344748	0.010418275
162.432	0.013988394	-5.8346096	0.0096098875
162.56	0.013779378	-5.8344091	0.013674989
162.688	0.013922554	-5.8349647	0.009290503
162.816	0.013696156	-5.8350939	0.01107433
162.944	0.01348818	-5.8348459	0.013535916
163.072	0.013378977	-5.8348059	0.010398188
163.2	0.013419718	-5.8352147	0.010000992
163.328	0.013020917	-5.8350448	0.010492614
163.456	0.013227333	-5.8355523	0.0090731353
163.584	0.012933121	-5.8352859	0.011136714
163.712	0.013090677	-5.8357494	0.0085659677
163.84	0.012696568	-5.8354798	0.0076936462
163.968	0.01282056	-5.835929	0.0074224801
164.096	0.012764568	-5.835771	0.0071824838
164.224	0.012812374	-5.8358349	0.0077816216
164.352	0.012491581	-5.8355246	0.0095717342
164.48	0.012761808	-5.8359082	0.0073753091
164.608	0.012706066	-5.8359803	0.008282753
164.736	0.01259632	-5.8359135	0.0085074825
164.864	0.012797951	-5.8359417	0.0067649966
164.992	0.012647508	-5.835842	0.0083371393
165.12	0.012810232	-5.8357289	0.0091303178
165.248	0.012898229	-5.8357712	0.0095747197
165.376	0.013155728	-5.836028	0.0083613582
165.504	0.013023815	-5.8359345	0.010529909
165.632	0.013069791	-5.8356818	0.011149378
165.76	0.012999912	-5.8355499	0.010462572
165.888	0.013289121	-5.8355578	0.011867595
166.016	0.013479516	-5.8356062	0.011714425
166.144	0.013541801	-5.8356518	0.010586176
166.272	0.013575129	-5.8354494	0.0097999443
166.4	0.013568409	-5.8353678	0.0091058531
166.528	0.013766451	-5.8353204	0.0092108242
166.656	0.013637256	-5.8351075	0.010380968
166.784	0.013819003	-5.8347756	0.011762047
166.912	0.014049962	-5.8347282	0.012324272
167.04	0.014208967	-5.8349708	0.012131372
167.168	0.014164597	-5.8345181	0.01263546
167.296	0.014027029	-5.8345874	0.01244101
167.424	0.014199516	-5.8346242	0.011652843
167.552	0.014265192	-5.834732	0.012910341
167.68	0.01421074	-5.8350129	0.012511375
167.808	0.014499525	-5.8351561	0.011178194
167.936	0.014132547	-5.8345305	0.011781771
168.064	0.014253904	-5.8345793	0.010907971
168.192	0.014246669	-5.8348497	0.013452251
168.32	0.014221347	-5.8350321	0.014261744
168.448	0.014391586	-5.8351986	0.011503105
168.576	0.014073185	-5.8351	0.011391885
168.704	0.014021956	-5.835124	0.011517224
168.832	0.013713056	-5.8350422	0.010969835
168.96	0.013939151	-5.8353986	0.012411813
169.088	0.013806386	-5.8354712	0.010911889
169.216	0.013749247	-5.8355515	0.0091236975
169.344	0.013478043	-5.8357571	0.00981138
169.472	0.013580277	-5.8361123	0.0085207457
169.6	0.013225134	-5.8358569	0.010332585
169.728	0.013251686	-5.8361489	0.009063191
169.856	0.013094493	-5.8364397	0.010147321
169.984	0.012978058	-5.8364887	0.0087486229
170.112	0.013035732	-5.8369454	0.006165781
170.24	0.012769	-5.8367649	0.0048229199
170.368	0.012581316	-5.836625	0.0058027233
170.496	0.012923017	-5.8370252	0.0029655218
170.624	0.012772699	-5.8366859	0.0049559846
170.752	0.01288865	-5.8369688	0.0072437517
170.88	0.012390603	-5.8365842	0.0098553802
171.008	0.012785895	-5.8370306	0.0062572775
171.136	0.012830526	-5.837001	0.0052767715
171.264	0.012654544	-5.8366641	0.0092131154
171.392	0.012874131	-5.8368293	0.0069366853
171.52	0.012788185	-5.8369345	0.0049904131
171.648	0.012931588	-5.8367738	0.0051857025
171.776	0.01297367	-5.8365718	0.0080299164
171.904	0.012910725	-5.8365369	0.0075674684
172.032	0.013283288	-5.8367911	0.0068948978
172.16	0.01318587	-5.8366163	0.0093376537
172.288	0.013356601	-5.8367981	0.008444867
172.416	0.013700502	-5.8369695	0.0075262323
172.544	0.013413942	-5.8362734	0.0077243572
172.672	0.013619068	-5.836416	0.0076720737
172.8	0.013425767	-5.8361591	0.0096621842
172.928	0.013739001	-5.8363368	0.0079265417
173.056	0.013646166	-5.8359908	0.0072596595
173.184	0.01385715	-5.8362642	0.0073008155
173.312	0.014197798	-5.8365009	0.0081801747
173.44	0.013999855	-5.8361438	0.011280853
173.568	0.014502198	-5.836482	0.010136218
173.696	0.014044255	-5.8356204	0.010006736
173.824	0.01439901	-5.8360181	0.0075345709
173.952	0.014052266	-5.8358711	0.0095190755
174.08	0.013809837	-5.8352733	0.010684995
174.208	0.014079694	-5.835551	0.0098082927
174.336	0.014310356	-5.8361459	0.0076811621
174.464	0.014169819	-5.8360178	0.0066453535
174.592	0.014022413	-5.8357	0.0093250766
174.72	0.014138713	-5.836179	0.011249638
174.848	0.01414396	-5.8364662	0.0086597421
174.976	0.013816765	-5.8363122	0.0077317512
175.104	0.014138344	-5.8367275	0.0077175657
175.232	0.013849555	-5.8365288	0.0077027985
175.36	0.013935977	-5.8369616	0.0070868194
175.488	0.013651992	-5.8366722	0.0078263584
175.616	0.013554069	-5.836774	0.0088134186
175.744	0.013319238	-5.8368807	0.008896734
175.872	0.013275421	-5.8370958	0.0061207
176	0.013236928	-5.8370129	0.0074237656
176.128	0.013174093	-5.8371364	0.0082451463
176.256	0.013175546	-5.8374644	0.0069563853
176.384	0.012984508	-5.8371017	0.0063447265
176.512	0.012946253	-5.83733	0.0055690912
176.64	0.012888874	-5.8376788	0.0075704439
176.768	0.013209984	-5.8382095	0.0055038877
176.896	0.012664352	-5.8378326	0.0033669858
177.024	0.012893958	-5.8381536	0.0043227103
177.152	0.013066976	-5.8384558	0.0044522816
177.28	0.012654074	-5.8379049	0.0071227841
177.408	0.013038038	-5.838258	0.0066282435
177.536	0.012699285	-5.8379117	0.0066145673
177.664	0.012980986	-5.8381215	0.0085175689
177.792	0.012893504	-5.8377626	0.0076736539
177.92	0.01270846	-5.8375151	0.0058996668
178.048	0.012786154	-5.8377189	0.0041977301
178.176	0.012879287	-5.8375732	0.0075316144
178.304	0.012966414	-5.8375604	0.00778335
178.432	0.013045145	-5.8372405	0.0058576153
178.56	0.013261785	-5.8374347	0.0061564699
178.688	0.013043144	-5.8369898	0.007358106
178.816	0.013496624	-5.8373026	0.004717244
178.944	0.013372536	-5.8369197	0.0035611776
179.072	0.013696575	-5.8375478	0.0034972053
179.2	0.013729375	-5.8368564	0.0068012472
179.328	0.013796976	-5.8370455	0.0081800454
179.456	0.013892432	-5.8370576	0.0070090625
179.584	0.013786951	-5.8368039	0.0080362316
179.712	0.013835566	-5.8363582	0.0087613485
179.84	0.014002505	-5.836419	0.0083157196
179.968	0.013958608	-5.8361979	0.0087145437
180.096	0.014264528	-5.8366866	0.0073517812
180.224	0.013993938	-5.8361454	0.0090907765
180.352	0.014292384	-5.8364562	0.0082450142
180.48	0.014068501	-5.8363323	0.0090099973
180.608	0.014249857	-5.8364744	0.0090552126
180.736	0.014355151	-5.8365288	0.0079799579
180.864	0.014202149	-5.8364358	0.0075340963
180.992	0.014151042	-5.8362795	0.0065062228
181.12	0.014368782	-5.8365347	0.0055979852
181.248	0.014240404	-5.8367774	0.0046353521
181.376	0.013918347	-5.8361623	0.0079538516
181.504	0.013892595	-5.8366488	0.00620161
181.632	0.014221082	-5.8373173	0.0054554449
181.76	0.013676472	-5.8368367	0.0068665164
181.888	0.01359313	-5.8368849	0.0055968
182.016	0.013400487	-5.8368953	0.0093591598
182.144	0.01378973	-5.8373744	0.005955668
182.272	0.013331117	-5.8375284	0.007275641
182.4	0.013320539	-5.8373661	0.0071390119
182.528	0.013296059	-5.8377486	0.0063110633
182.656	0.013169224	-5.8377289	0.0090136299
182.784	0.013120452	-5.83769	0.0088484895
182.912	0.013164291	-5.8377724	0.0029393831
183.04	0.012697808	-5.8372685	0.0048969435
183.168	0.012713237	-5.8374936	0.0052709464
183.296	0.012799661	-5.8375649	0.0038581768
183.424	0.0127672	-5.8379052	0.0061412052
183.552	0.012760276	-5.8381662	0.0062986752
183.68	0.012716337	-5.8380521	0.0044998819
183.808	0.01274453	-5.8380089	0.0045026298
183.936	0.012681379	-5.8379527	0.0047015969
184.064	0.012598984	-5.8377986	0.0052001751
184.192	0.012809985	-5.8380061	0.0045412807
184.32	0.013025072	-5.8382016	0.0040328097
184.448	0.012895024	-5.8378841	0.0061756502
184.576	0.01293198	-5.8376894	0.0051723015
184.704	0.013182003	-5.8376855	0.0036666015
184.832	0.013240883	-5.8374972	0.0053893232
184.96	0.01335429	-5.8372994	0.0048499751
185.088	0.013341986	-5.8374132	0.0061071955
185.216	0.013480244	-5.8370039	0.0061876954
185.344	0.013367993	-5.8369235	0.0055927553
185.472	0.013576462	-5.8368869	0.0073218121
185.6	0.01356371	-5.8370279	0.0082725611
185.728	0.013704769	-5.8369549	0.0085488517
185.856	0.013811287	-5.8366842	0.010089579
185.984	0.014033803	-5.8367133	0.0094056406
186.112	0.01384794	-5.8364993	0.0082626925
186.24	0.014326335	-5.8368831	0.0083808126
186.368	0.014079695	-5.8364527	0.0085992825
186.496	0.013884293	-5.8362457	0.0085846768
186.624	0.014560722	-5.8366331	0.0076933674
186.752	0.014266957	-5.8365129	0.0081288193
186.88	0.014185362	-5.8363788	0.0091302056
187.008	0.014345554	-5.8365291	0.0092040329
187.136	0.014162233	-5.8362997	0.0094480462
187.264	0.014185431	-5.8361699	0.00916579
187.392	0.014129065	-5.8365017	0.0084622748
187.52	0.014344701	-5.8367593	0.0071181769
187.648	0.014158006	-5.8365953	0.010407389
187.776	0.013999785	-5.8366108	0.0094708114
187.904	0.013996365	-5.8369147	0.0081358565
188.032	0.013762314	-5.8367648	0.007416619
188.16	0.013478703	-5.8366382	0.0059656945
188.288	0.013514092	-5.8366698	0.006128523
188.416	0.013479069	-5.8368319	0.0063661834
188.544	0.013412595	-5.8369703	0.0039353899
188.672	0.013437717	-5.8374676	0.0033803968
188.8	0.013166822	-5.8373573	0.0065178327
188.928	0.013026094	-5.8372643	0.0069911081
189.056	0.013217914	-5.8376697	0.0070222656
189.184	0.013071539	-5.8375555	0.0074152974
189.312	0.012869037	-5.8377605	0.0065018254
189.44	0.012838329	-5.8380153	0.0065805927
189.568	0.012690711	-5.8378629	0.0054099342
189.696	0.0128719	-5.8380403	0.0021645064
189.824	0.012771514	-5.8380088	0.0041822387
189.952	0.012784216	-5.8380406	0.0054675978
190.08	0.012902052	-5.8380957	0.0041589184
190.208	0.012692882	-5.8378457	0.0063821319
190.336	0.012769007	-5.8377508	0.0054147508
190.464	0.012806905	-5.837721	0.0052344622
190.592	0.012680831	-5.8376217	0.0060584967
190.72	0.013133536	-5.8381005	0.0065514811
190.848	0.012918403	-5.8374248	0.0076852375
190.976	0.013201071	-5.837638	0.0053509456
191.104	0.013058934	-5.8373754	0.0051593064
191.232	0.013207409	-5.8374513	0.0066554055
191.36	0.013359671	-5.8373619	0.0065814217
191.488	0.013283484	-5.8373062	0.0058702248
191.616	0.013551462	-5.8371881	0.0073066635
191.744	0.01355812	-5.8369778	0.0086401804
191.872	0.01373934	-5.8370043	0.0065864227
192	0.013786988	-5.8368799	0.0065895941
192.128	0.013928929	-5.8368804	0.0070306118
192.256	0.013755101	-5.8364345	0.0084903395
192.384	0.013896611	-5.8366249	0.0083146462
192.512	0.013895849	-5.8364291	0.0097742607
192.64	0.014094628	-5.8364306	0.0088562023
192.768	0.014299429	-5.8366435	0.0088159869
192.896	0.014275564	-5.8364075	0.0083496706
193.024	0.014056535	-5.8360395	0.0097522607
193.152	0.014429925	-5.8365558	0.010117112
193.28	0.014167041	-5.836274	0.010965103
193.408	0.014320664	-5.8364381	0.0076808707
193.536	0.014131958	-5.8361838	0.0062993034
193.664	0.014142201	-5.8364849	0.00883195
193.792	0.014206879	-5.8364664	0.0091710688
193.92	0.013991198	-5.8362052	0.0080072545
194.048	0.013876324	-5.8363863	0.007329914
194.176	0.014089158	-5.8368935	0.0065606213
194.304	0.013677465	-5.83667	0.0077383007
194.432	0.013707731	-5.8372069	0.0077479286
194.56	0.013673481	-5.8370247	0.0057358791
194.688	0.013332134	-5.8369976	0.0078911944
194.816	0.013390568	-5.8371111	0.0089969517
194.944	0.013446206	-5.8376891	0.0038646809
195.072	0.013277638	-5.8376502	0.0047992225
195.2	0.013197	-5.8376859	0.0077802892
195.328	0.013067145	-5.8376557	0.0062336058
195.456	0.013037391	-5.8376096	0.0065344925
195.584	0.012999164	-5.8375564	0.0064834113
195.712	0.012866938	-5.837565	0.0052297122
195.84	0.012980651	-5.837821	0.0059961868
195.968	0.013027076	-5.837783	0.0052720124
196.096	0.013030155	-5.8379017	0.005376128
196.224	0.012585875	-5.8376673	0.0032120526
196.352	0.012934224	-5.8381565	0.00018080539
196.48	0.012836712	-5.8376644	0.0046184045
196.608	0.01293113	-5.8379278	0.0050228669
196.736	0.012619979	-5.8374889	0.0066289341
196.864	0.013146225	-5.8376578	0.0044905665
196.992	0.012781503	-5.8374788	0.0046335032
197.12	0.013105787	-5.8377398	0.0046498948
197.248	0.013082631	-5.8378302	0.0043830636
197.376	0.013161856	-5.8378623	0.0075536061
197.504	0.013102011	-5.8373972	0.0079182182
197.632	0.013275245	-5.8376068	0.0048402645
197.76	0.013173242	-5.8373086	0.0071790722
197.888	0.013583212	-5.8377794	0.0065050371
198.016	0.013494663	-5.8371673	0.0075791109
198.144	0.013262128	-5.8366535	0.0072812858
198.272	0.013818234	-5.8368933	0.0062130849
198.4	0.01392725	-5.8369373	0.0073153498
198.528	0.013909872	-5.8368019	0.0069306605
198.656	0.013935905	-5.8364584	0.0058213735
198.784	0.013924144	-5.8361914	0.0081906466
198.912	0.014309517	-5.8368287	0.0088122384
199.04	0.013919363	-5.8362939	0.010985841
199.168	0.014227235	-5.8364837	0.011205114
199.296	0.014136182	-5.8363442	0.011145677
199.424	0.014179397	-5.8361667	0.010999136
199.552	0.014228543	-5.8362452	0.0080593275
199.68	0.014187363	-5.8365624	0.011330919
199.808	0.014318777	-5.836491	0.010633623
199.936	0.014096687	-5.8361695	0.0095175243
200.064	0.013995693	-5.836227	0.0078468315
200.192	0.014021115	-5.8363668	0.0087501707
200.32	0.014279384	-5.8371098	0.0081342792
200.448	0.013768592	-5.8369122	0.0082670097
200.576	0.013885424	-5.8371225	0.0083094186
200.704	0.013848847	-5.8372287	0.010091631
200.832	0.013684257	-5.8372064	0.0062269156
200.96	0.013443531	-5.8371883	0.005180546
201.088	0.013393216	-5.8374354	0.0079850141
201.216	0.013629471	-5.8375336	0.005025336
201.344	0.013130931	-5.8372073	0.0042160924
201.472	0.013203337	-5.8376068	0.0049427929
201.6	0.013172824	-5.8376154	0.0062421463
201.728	0.012950521	-5.8374703	0.0047213367
201.856	0.013125025	-5.8379248	0.0045737801
201.984	0.013096052	-5.8379569	0.0061942121
202.112	0.012725482	-5.8375938	0.0064122355
202.24	0.012806769	-5.8376794	0.0027500537
202.368	0.012717737	-5.8377447	0.0018621871
202.496	0.012783332	-5.8378441	0.0038634846
202.624	0.012914985	-5.8379097	0.0058587396
202.752	0.012899926	-5.8379497	0.0046108402
202.88	0.012746955	-5.8376711	0.0047716716
203.008	0.012861565	-5.8376068	0.0062384724
203.136	0.012697177	-5.8375353	0.0073467478
203.264	0.012845401	-5.8374656	0.0067451757
203.392	0.012985203	-5.8376417	0.0049801876
203.52	0.013233074	-5.8379087	0.0035414942
203.648	0.013142122	-5.8376253	0.0052039074
203.776	0.013248975	-5.8376924	0.0044000272
203.904	0.013386316	-5.8376061	0.0042923232
204.032	0.013142046	-5.8371535	0.0047058089
204.16	0.01330128	-5.8371658	0.006733444
204.288	0.013835513	-5.8374068	0.0082329513
204.416	0.013720979	-5.8371813	0.0069189743
204.544	0.013387793	-5.837058	0.0078871769
204.672	0.013993085	-5.8372683	0.0090830513
204.8	0.013924708	-5.8367147	0.011325662
204.928	0.013967139	-5.8366534	0.0098816847
205.056	0.013707769	-5.8362256	0.010644059
205.184	0.014104701	-5.8361915	0.0099105604
205.312	0.013928515	-5.836142	0.0097078104
205.44	0.013996042	-5.836098	0.010191766
205.568	0.014336945	-5.8365574	0.009196302
205.696	0.014270387	-5.8365038	0.0094501461
205.824	0.014154871	-5.8364676	0.010559744
205.952	0.014160143	-5.8364201	0.011708262
206.08	0.014382453	-5.8369756	0.0075286021
206.208	0.013990528	-5.8363384	0.0084450347
206.336	0.014236426	-5.8364194	0.0090020559
206.464	0.01391881	-5.8362657	0.0070970115
206.592	0.014221701	-5.8367852	0.0069705277
206.72	0.013769983	-5.8366355	0.0070520972
206.848	0.013731526	-5.8365965	0.005681312
206.976	0.013877087	-5.837146	0.0063215554
207.104	0.013563952	-5.8367964	0.0097031698
207.232	0.013568715	-5.8371487	0.0083421276
207.36	0.013576877	-5.8373134	0.0047978781
207.488	0.013286522	-5.8372365	0.0081470415
207.616	0.013210414	-5.8373341	0.0082485175
207.744	0.013242949	-5.8377967	0.0047759018
207.872	0.013061636	-5.837418	0.0062631115
208	0.012945599	-5.8373979	0.0084238817
208.128	0.013144404	-5.8376256	0.0066292915
208.256	0.012958365	-5.8376853	0.0063401037
208.384	0.013106705	-5.8379585	0.0055762468
208.512	0.012700695	-5.8375138	0.005173385
208.64	0.01300994	-5.8377068	0.0051495429
208.768	0.012809194	-5.8378298	0.0052391392
208.896	0.012785411	-5.8378541	0.0050102613
209.024	0.012823261	-5.8382184	0.0064177109
209.152	0.012705623	-5.8377821	0.0071726262
209.28	0.012936099	-5.8381025	0.004535867
209.408	0.012857518	-5.8378726	0.0048437355
209.536	0.013002375	-5.8380165	0.0037982343
209.664	0.012934801	-5.8376385	0.0060421723
209.792	0.012914608	-5.837509	0.0071090808
209.92	0.013204524	-5.8373939	0.0058906642
210.048	0.013030366	-5.8371171	0.0070796051
210.176	0.013181912	-5.837234	0.0048539748
210.304	0.013319795	-5.8375467	0.0044673997
210.432	0.013600848	-5.837843	0.0054215847
210.56	0.013401087	-5.8370729	0.0075734092
210.688	0.013435517	-5.8369494	0.0082255717
210.816	0.013753567	-5.8370204	0.0085346999
210.944	0.013849833	-5.8367677	0.011512943
211.072	0.013668473	-5.8366407	0.010111517
211.2	0.013883494	-5.8367441	0.0086436767
211.328	0.01394267	-5.8363839	0.0091944551
211.456	0.014195087	-5.8362437	0.008102717
211.584	0.01418724	-5.8364674	0.010235524
211.712	0.014207999	-5.8365716	0.012848558
211.84	0.014210992	-5.8367875	0.013362734
211.968	0.014063318	-5.836782	0.011381865
212.096	0.013927369	-5.8363333	0.0081039185
212.224	0.014339147	-5.836769	0.0073670728
212.352	0.014243633	-5.8363255	0.0098915648
212.48	0.014331368	-5.836486	0.0092082517
212.608	0.014024495	-5.8362889	0.0099683666
212.736	0.014225883	-5.836682	0.0093944572
212.864	0.013976549	-5.8367008	0.0098387343
212.992	0.013703924	-5.8365122	0.0083376414
213.12	0.014076101	-5.8371653	0.0076311727
213.248	0.013802673	-5.8366693	0.0085912091
213.376	0.013642531	-5.8366127	0.006487119
213.504	0.013611504	-5.8369902	0.0079227169
213.632	0.013428914	-5.8371624	0.0088167257
213.76	0.013510991	-5.8372403	0.0054212445
213.888	0.013026988	-5.8368109	0.0065739102
214.016	0.0135003	-5.8377146	0.0048342288
214.144	0.013141463	-5.8376102	0.0061797973
214.272	0.013098994	-5.8375144	0.0078827758
214.4	0.013046315	-5.8374743	0.0065512611
214.528	0.01313881	-5.8377383	0.0059594403
214.656	0.012791811	-5.8374123	0.0076089559
214.784	0.012785442	-5.8375605	0.0072858149
214.912	0.012829607	-5.837888	0.006139073
215.04	0.012965272	-5.8380597	0.0064629132
215.168	0.012747228	-5.8378943	0.0066363544
215.296	0.012765189	-5.8379843	0.0053920884
215.424	0.012912292	-5.8380865	0.0050695274
215.552	0.012986952	-5.838185	0.0030907205
215.68	0.01301907	-5.8378907	0.0041228921
215.808	0.012989045	-5.8376062	0.0060956522
215.936	0.01289153	-5.8374179	0.0062183021
216.064	0.012885131	-5.8374277	0.0049473959
216.192	0.013016074	-5.8375512	0.004426385
216.32	0.013242333	-5.8374678	0.007257357
216.448	0.013116363	-5.8372218	0.0064298324
216.576	0.013328531	-5.8373918	0.0038638839
216.704	0.013304211	-5.8372437	0.008755926
216.832	0.013386065	-5.8372363	0.010890994
216.96	0.013657397	-5.8371958	0.0081365843
217.088	0.013863065	-5.8372482	0.0062281068
217.216	0.013735691	-5.8371519	0.01038418
217.344	0.013942305	-5.8371322	0.01071657
217.472	0.01377772	-5.836771	0.0093135698
217.6	0.013945626	-5.8366983	0.0083728004
217.728	0.014097028	-5.8367769	0.0087615904
217.856	0.014166764	-5.8367133	0.0071908968
217.984	0.014105197	-5.8364879	0.0070733566
218.112	0.014117256	-5.8365105	0.0078773814
218.24	0.014315231	-5.8366397	0.0073893208
218.368	0.014050234	-5.8359403	0.0087610373
218.496	0.014385938	-5.8364397	0.0084480488
218.624	0.014249315	-5.8362857	0.0082094998
218.752	0.0141324	-5.8363966	0.0088908245
218.88	0.014411398	-5.8368967	0.007631545
219.008	0.014070141	-5.8366322	0.0079924161
219.136	0.013830559	-5.8362745	0.0088726256
219.264	0.013969668	-5.8366841	0.0068574202
219.392	0.013835074	-5.8367978	0.0077943612
219.52	0.013839397	-5.8368002	0.0073914948
219.648	0.013783222	-5.8373834	0.0052708957
219.776	0.013329044	-5.8370451	0.0061220862
219.904	0.013684044	-5.8376254	0.0064981881
220.032	0.01341051	-5.8373347	0.0064116169
220.16	0.013320706	-5.8372477	0.0064374131
220.288	0.013174936	-5.8374655	0.0077457013
220.416	0.013288722	-5.837537	0.0052816469
220.544	0.013168188	-5.8375629	0.0054521221
220.672	0.013056223	-5.837681	0.0054339597
220.8	0.013103401	-5.8378031	0.0055792669
220.928	0.01295792	-5.8378024	0.0056825377
221.056	0.012955257	-5.8379049	0.0037956037
221.184	0.012760939	-5.837579	0.0023301329
221.312	0.012935072	-5.8376475	0.0043871286
221.44	0.012766512	-5.8377167	0.0045959772
221.568	0.012912421	-5.8379091	0.0026888691
221.696	0.012837689	-5.8379711	0.0059434175
221.824	0.012851114	-5.8378211	0.0039771125
221.952	0.012871983	-5.8377926	0.0023595882
222.08	0.012890609	-5.837812	0.0058863193
222.208	0.012885487	-5.8375002	0.0062800285
222.336	0.012858635	-5.8376005	0.0095284381
222.464	0.013110797	-5.8377059	0.010193701
222.592	0.013109632	-5.8374947	0.0065493744
222.72	0.013195064	-5.8375479	0.0052743274
222.848	0.013262507	-5.8373181	0.004034245
222.976	0.01359706	-5.8374238	0.002581425
223.104	0.013233826	-5.8368568	0.0058829142
223.232	0.01370733	-5.8372924	0.0076256477
223.36	0.013554257	-5.8368495	0.0087159522
223.488	0.013845592	-5.8372411	0.0065321517
223.616	0.013603851	-5.8367361	0.0087980314
223.744	0.013869755	-5.8368084	0.011177636
223.872	0.013808038	-5.8366963	0.0091442228
224	0.014155889	-5.836767	0.0077367265
224.128	0.0141547	-5.8363528	0.011218551
224.256	0.013924102	-5.8362491	0.010452906
224.384	0.014404131	-5.8368192	0.0072874824
224.512	0.014110416	-5.8366797	0.0078104797
224.64	0.014122688	-5.8366215	0.0075051091
224.768	0.014236815	-5.836593	0.005841831
224.896	0.014278487	-5.8366556	0.0057952337
225.024	0.014043845	-5.8364885	0.0092390672
225.152	0.014053288	-5.8365387	0.0085068889
225.28	0.01407957	-5.8363546	0.0065864064
225.408	0.014017901	-5.8365708	0.0074151441
225.536	0.014027437	-5.8367598	0.0081965158
225.664	0.013840814	-5.8367539	0.0087772471
225.792	0.013859761	-5.8369872	0.0099868734
225.92	0.013958468	-5.8372291	0.0074012269
226.048	0.013551095	-5.8368841	0.0068564902
226.176	0.013471754	-5.836768	0.0075579863
226.304	0.013176861	-5.8367392	0.0078573282
226.432	0.013524168	-5.8372956	0.0052028346
226.56	0.013018143	-5.8368871	0.0051103397
226.688	0.013442445	-5.8376001	0.0038294001
226.816	0.013091548	-5.8373613	0.0056323634
226.944	0.01322587	-5.8376057	0.0055588862
227.072	0.012991342	-5.8375677	0.0046466669
227.2	0.012955522	-5.8376298	0.0020709575
227.328	0.012785067	-5.8378653	0.0045759809
227.456	0.013040316	-5.8379718	0.0034106682
227.584	0.012794353	-5.8376564	0.0060055424
227.712	0.012969748	-5.8380472	0.0063722799
227.84	0.012646735	-5.8377249	0.0062424799
227.968	0.01279349	-5.8377937	0.0029194299
228.096	0.012824222	-5.837893	0.0052952877
228.224	0.01286483	-5.8379304	0.0048977174
228.352	0.012873235	-5.8377577	0.0042338856
228.48	0.012939913	-5.8376332	0.0055894222
228.608	0.013167767	-5.8376608	0.0050353546
228.736	0.012755499	-5.8372348	0.007553805
228.864	0.013257774	-5.8373878	0.0068841311
228.992	0.013090906	-5.8372474	0.0075922584
229.12	0.013258839	-5.837058	0.006116924
229.248	0.013409587	-5.837164	0.0062215732
229.376	0.013296404	-5.8370005	0.0081803941
229.504	0.013599455	-5.8373026	0.0077461787
229.632	0.01363574	-5.8373038	0.0078274669
229.76	0.013700329	-5.8368827	0.0087323725
229.888	0.013691956	-5.8366961	0.0088226712
230.016	0.013994974	-5.8370923	0.0075479458
230.144	0.013967274	-5.8369615	0.0083879625
230.272	0.013893039	-5.8365077	0.0076793828
230.4	0.014020452	-5.8365565	0.008954742
230.528	0.014321221	-5.8367703	0.0071908952
230.656	0.01414438	-5.8361888	0.0086002243
230.784	0.014216584	-5.8364222	0.0077676301
230.912	0.01418232	-5.8364274	0.0085915046
231.04	0.014137485	-5.8362499	0.01042049
231.168	0.014361872	-5.8365637	0.01004551
231.296	0.014253666	-5.8363924	0.0099582953
231.424	0.013894297	-5.8363754	0.0098104833
231.552	0.014409466	-5.8368571	0.007859854
231.68	0.013739814	-5.8360113	0.0091890107
231.808	0.014029245	-5.8366313	0.0054091317
231.936	0.013942511	-5.8369468	0.0073220325
232.064	0.013877608	-5.8370361	0.0065105929
232.192	0.013939658	-5.8373308	0.0059603756
232.32	0.013659827	-5.836771	0.0077103939
232.448	0.013390207	-5.8365973	0.0067355184
232.576	0.013437104	-5.8371027	0.0080291086
232.704	0.013412141	-5.8373757	0.0071632381
232.832	0.013239532	-5.8376653	0.0078881148
232.96	0.013477675	-5.8380545	0.0047497233
233.088	0.013019794	-5.8376665	0.0059451482
233.216	0.012952896	-5.8376287	0.0065955272
233.344	0.012983773	-5.8376353	0.0062521286
233.472	0.012940133	-5.8377592	0.0081756031
233.6	0.013001016	-5.8378867	0.0048814776
233.728	0.012861213	-5.8377313	0.0027290462
233.856	0.012795853	-5.837697	0.005720963
233.984	0.012642717	-5.8377205	0.0063318795
234.112	0.012789785	-5.8377364	0.0058582225
234.24	0.013070679	-5.8379764	0.0055045254
234.368	0.012891764	-5.837837	0.0050022865
234.496	0.01273853	-5.8377557	0.0069733824
234.624	0.012940371	-5.8377939	0.0065821441
234.752	0.012783554	-5.8374721	0.0047628545
234.88	0.013052092	-5.8374652	0.0059603309
235.008	0.013021875	-5.8373122	0.0072599633
235.136	0.013002205	-5.8375318	0.0043763597
235.264	0.013275761	-5.8375471	0.0064558382
235.392	0.01313295	-5.8372923	0.0060374998
235.52	0.013421382	-5.8374951	0.0063503105
235.648	0.013407685	-5.8372197	0.0081001114
235.776	0.013396858	-5.8369625	0.0077718763
235.904	0.013698148	-5.8370081	0.0079476211
236.032	0.013772637	-5.8370466	0.0070522219
236.16	0.013768089	-5.837056	0.0079345714
236.288	0.01396871	-5.8369673	0.0078698254
236.416	0.013958255	-5.83642	0.008352024
236.544	0.013963823	-5.8364583	0.01214876
236.672	0.013919887	-5.8364294	0.009471714
236.8	0.01430371	-5.836527	0.0067030743
236.928	0.0143037	-5.8367186	0.0092225229
237.056	0.01416212	-5.8366309	0.010793029
237.184	0.01432336	-5.8366751	0.0083917112
237.312	0.01394289	-5.8363677	0.0089175312
237.44	0.014266539	-5.8364566	0.010800281
237.568	0.014201081	-5.8364077	0.0089130502
237.696	0.014230618	-5.8363563	0.0060637597
237.824	0.014068561	-5.8364831	0.0084400057
237.952	0.013979654	-5.8365806	0.0082109297
238.08	0.014144686	-5.8366585	0.007031244
238.208	0.01373096	-5.8364076	0.0091822161
238.336	0.013881908	-5.8367437	0.0081469444
238.464	0.013637451	-5.8367483	0.0077576802
238.592	0.0136824	-5.8371332	0.007482133
238.72	0.013548629	-5.8373024	0.0048552205
238.848	0.013717042	-5.8375346	0.0041641165
238.976	0.013238291	-5.8373244	0.0060635711
239.104	0.013463993	-5.8373467	0.0054424781
239.232	0.012924221	-5.8368935	0.006161576
239.36	0.013224344	-5.8374688	0.0042485296
239.488	0.012974452	-5.8374713	0.0058894564
239.616	0.013166476	-5.8378161	0.0046646656
239.744	0.012952472	-5.837752	0.0040137625
239.872	0.013001794	-5.8378782	0.0045404231
240	0.012889152	-5.8378194	0.0049278805
240.128	0.012864519	-5.8378161	0.0065411884
240.256	0.012641773	-5.8377608	0.0068317695
240.384	0.012931456	-5.8380854	0.0057024228
240.512	0.012813501	-5.8379014	0.0031244632
240.64	0.012847716	-5.8380766	0.0038404613
240.768	0.01285542	-5.8379051	0.0048038843
240.896	0.013005663	-5.8378198	0.0051088964
241.024	0.0129087	-5.8374176	0.0063657707
241.152	0.012896519	-5.8373146	0.00655415
241.28	0.013121753	-5.8375206	0.0050642814
241.408	0.013086652	-5.8375182	0.0034335438
241.536	0.012967468	-5.8371378	0.0064323921
241.664	0.013330243	-5.8373799	0.006841131
241.792	0.013082313	-5.8372403	0.0086597005
241.92	0.013477921	-5.8373255	0.0066396231
242.048	0.0135125	-5.8372944	0.0073566293
242.176	0.013825198	-5.8374985	0.0073720838
242.304	0.013764108	-5.8372042	0.005971121
242.432	0.013673631	-5.8368464	0.0070096229
242.56	0.01374806	-5.8366236	0.0074366604
242.688	0.01405555	-5.8369954	0.0084020688
242.816	0.014071401	-5.836646	0.008323709
242.944	0.013973924	-5.8365655	0.0090944859
243.072	0.013926885	-5.8364463	0.010002257
243.2	0.014179442	-5.8364759	0.008336703
243.328	0.014204737	-5.8364291	0.0096994073
243.456	0.013983842	-5.8360151	0.011233738
243.584	0.014168272	-5.836266	0.0093603354
243.712	0.014189762	-5.8362025	0.010109339
243.84	0.01444714	-5.8364769	0.0085553441
243.968	0.014210741	-5.8363024	0.0094574993
244.096	0.013971448	-5.8364037	0.0096672676
244.224	0.014270558	-5.8365529	0.00726343
244.352	0.014021952	-5.8364503	0.0073927067
244.48	0.013755617	-5.8365133	0.0054593811
244.608	0.013928905	-5.8369658	0.0051397554
244.736	0.013841499	-5.8368852	0.0079966298
244.864	0.013585911	-5.8366062	0.0079837529
244.992	0.013591927	-5.8368423	0.0075706962
245.12	0.013406483	-5.8370892	0.0071676537
245.248	0.013549573	-5.8370958	0.0079331124
245.376	0.013332983	-5.837102	0.0092265713
245.504	0.01324126	-5.8373237	0.0083122667
245.632	0.013081729	-5.8375388	0.0067635431
245.76	0.013221035	-5.8378821	0.0061134329
245.888	0.012870288	-5.837429	0.0053523987
246.016	0.013177054	-5.8377351	0.005419195
246.144	0.013114597	-5.8380163	0.006848192
246.272	0.012708975	-5.8375376	0.0081816575
246.4	0.012878209	-5.8375125	0.0052930941
246.528	0.012459616	-5.8373621	0.0062840244
246.656	0.01290945	-5.8381593	0.0046691292
246.784	0.012911833	-5.8381595	0.0042157072
246.912	0.012695718	-5.8380534	0.0064811013
247.04	0.012708158	-5.8379948	0.0055180003
247.168	0.012955146	-5.8380961	0.0038761247
247.296	0.012932554	-5.8376898	0.0043366564
247.424	0.013129711	-5.8378336	0.0053800242
247.552	0.012991578	-5.8376084	0.0057652571
247.68	0.013136872	-5.8376886	0.0070724529
247.808	0.013218085	-5.8377815	0.0088172832
247.936	0.013127886	-5.8373342	0.007986367
248.064	0.013410802	-5.8374057	0.0067876914
248.192	0.013249212	-5.8370906	0.010356002
248.32	0.013602314	-5.8371371	0.0084656109
248.448	0.01364278	-5.8372801	0.004670139
248.576	0.01371023	-5.8368911	0.0072356122
248.704	0.013603272	-5.836904	0.0099740314
248.832	0.013794547	-5.8367322	0.006995451
248.96	0.013969708	-5.837184	0.0077167277
249.088	0.013971374	-5.8369131	0.011518705
249.216	0.014164882	-5.8369005	0.0093102876
249.344	0.01424211	-5.8369697	0.0085373412
249.472	0.014044494	-5.8366785	0.011870589
249.6	0.01408164	-5.8364883	0.0095187705
249.728	0.014187257	-5.8363506	0.0082273111
249.856	0.014199782	-5.8362276	0.011121356
249.984	0.014268402	-5.8364924	0.010809399
250.112	0.014239729	-5.8365051	0.009753121
250.24	0.014121841	-5.8365082	0.0095424908
250.368	0.014122961	-5.8366387	0.0070617983
250.496	0.013958014	-5.8365006	0.0081771881
250.624	0.013906609	-5.8362972	0.009566371
250.752	0.013900587	-5.8365733	0.0086667735
250.88	0.014041435	-5.8371907	0.0069886838
251.008	0.013888752	-5.8369688	0.0080742358
251.136	0.013696023	-5.8368326	0.0074743919
251.264	0.013752803	-5.8371269	0.0051401769
251.392	0.013581484	-5.8371931	0.007464539
251.52	0.013265167	-5.8371409	0.010535438
251.648	0.013549248	-5.83741	0.0073193617
251.776	0.01311719	-5.8371774	0.0051648932
251.904	0.013218257	-5.837633	0.0056702311
252.032	0.013224732	-5.837794	0.0045061247
252.16	0.013150811	-5.8377774	0.0043142555
252.288	0.013049455	-5.8376278	0.0061212807
252.416	0.012863421	-5.8374284	0.0081194262
252.544	0.012956116	-5.8377102	0.0051985341
252.672	0.012746517	-5.8377783	0.0054562032
252.8	0.01280225	-5.8378293	0.0062021993
252.928	0.012654216	-5.8377392	0.0053908214
253.056	0.012960377	-5.8380525	0.0042113631
253.184	0.012914651	-5.8380737	0.0069309662
253.312	0.01270601	-5.8376841	0.0067542783
253.44	0.012814549	-5.8375663	0.0055382535
253.568	0.01281955	-5.8374313	0.0056079752
253.696	0.013343281	-5.8383607	0.0042641805
253.824	0.012968275	-5.837793	0.0077556572
253.952	0.0130552	-5.8377324	0.0058321138
254.08	0.013214089	-5.8378585	0.0057746766
254.208	0.013174839	-5.8374936	0.0065481683
254.336	0.013281776	-5.837172	0.0061020439
254.464	0.013326206	-5.8372779	0.0070121667
254.592	0.013575672	-5.8377541	0.0071672701
254.72	0.01347185	-5.837051	0.008415559
254.848	0.01358612	-5.8370009	0.010144851
254.976	0.013671228	-5.8369163	0.0089854841
255.104	0.013888989	-5.8371618	0.0074447746
255.232	0.014078815	-5.836839	0.0074262844
255.36	0.013849411	-5.8363976	0.0080377595
255.488	0.014001083	-5.8365758	0.01027564
255.616	0.014108318	-5.8366793	0.010210447
255.744	0.014098816	-5.8365104	0.0092832225
255.872	0.014253649	-5.836691	0.010577658
256	0.014150699	-5.836589	0.0087820327
256.128	0.014369872	-5.8366778	0.0064067751
256.256	0.014045249	-5.8363789	0.0077958092
256.384	0.014272674	-5.8365564	0.0064089357
256.512	0.014009155	-5.8361886	0.0068785292
256.64	0.014015468	-5.8364303	0.0072355886
256.768	0.014193426	-5.8365697	0.007895144
256.896	0.014082323	-5.8367881	0.0075271695
257.024	0.01399263	-5.8366319	0.0070270493
257.152	0.013826223	-5.8367039	0.0090818106
257.28	0.013793336	-5.8366951	0.0080603643
257.408	0.013814626	-5.8366784	0.005831628
257.536	0.013753049	-5.8368592	0.0079472502
257.664	0.01345885	-5.8367671	0.00784883
257.792	0.013436948	-5.8368779	0.0084434681
257.92	0.01337395	-5.8370842	0.0082539874
258.048	0.01327806	-5.8371988	0.0065482841
258.176	0.013301476	-5.8372147	0.0071590219
258.304	0.013175682	-5.837311	0.0062083914
258.432	0.01331944	-5.838022	0.0071544218
258.56	0.013013624	-5.8373383	0.0064907259
258.688	0.012707496	-5.8373433	0.0055528419
258.816	0.01301808	-5.8376322	0.0044516114
258.944	0.012902467	-5.8379486	0.0043854657
259.072	0.012978884	-5.8380197	0.0027068397
259.2	0.012837277	-5.837889	0.002629704
259.328	0.012744804	-5.8381153	0.0037078489
259.456	0.012908921	-5.8378835	0.0047803255
259.584	0.01273607	-5.8378622	0.0068097166
259.712	0.012639899	-5.8374353	0.0068275105
259.84	0.012905647	-5.8375916	0.0052589825
259.968	0.013022123	-5.8376499	0.0047366782
260.096	0.013178188	-5.8378507	0.0068766505
260.224	0.013129707	-5.8377323	0.0081769175
260.352	0.013031453	-5.8373881	0.0059818311
260.48	0.013147146	-5.8374366	0.0070026862
260.608	0.013228996	-5.837153	0.0080962742
260.736	0.013322807	-5.837152	0.0045038463
260.864	0.013460692	-5.8369664	0.0050557622
260.992	0.013417548	-5.8368363	0.0065048563
261.12	0.013570011	-5.8368909	0.0064092712
261.248	0.013806231	-5.8367717	0.0066900039
261.376	0.013762022	-5.8369192	0.0082598241
261.504	0.013937007	-5.8367307	0.0088622315
261.632	0.014010384	-5.8365863	0.0086719046
261.76	0.013871095	-5.8365307	0.0099919237
261.888	0.014063705	-5.8366817	0.0081291012
262.016	0.01401939	-5.8366884	0.0083848844
262.144	0.014362542	-5.8368611	0.0092167539
262.272	0.013911318	-5.8363786	0.0076128613
262.4	0.014179443	-5.8366331	0.0081341283
262.528	0.014044267	-5.8364264	0.011470518
262.656	0.014150589	-5.8363341	0.0089190133
262.784	0.014274186	-5.8362598	0.0088386899
262.912	0.014412613	-5.8366443	0.008965081
263.04	0.014105898	-5.8362942	0.0095081946
263.168	0.013849609	-5.8363218	0.012270041
263.296	0.013955682	-5.8367077	0.011534481
263.424	0.013840103	-5.8367975	0.010345314
263.552	0.013776385	-5.8368125	0.0092919924
263.68	0.014118162	-5.8372294	0.0081111714
263.808	0.013555992	-5.8369872	0.010007455
263.936	0.013603101	-5.837146	0.0079698159
264.064	0.013501728	-5.8370425	0.0071344328
264.192	0.013230299	-5.8370766	0.0080124287
264.32	0.013091891	-5.8372619	0.0068134828
264.448	0.013299796	-5.8374854	0.0033953375
264.576	0.013353163	-5.8376994	0.00398649
264.704	0.012953224	-5.8377494	0.0057435846
264.832	0.013182276	-5.8377988	0.0062546218
264.96	0.012994475	-5.8381268	0.0059955239
265.088	0.012849589	-5.8381134	0.0024055762
265.216	0.012841963	-5.8377575	0.0063340537
265.344	0.012990698	-5.8380527	0.0042403944
265.472	0.012794597	-5.8375987	0.0040033577
265.6	0.012810058	-5.8376872	0.0055166813
265.728	0.012764261	-5.8376734	0.0041787179
265.856	0.012910511	-5.8377744	0.0038910046
265.984	0.013019691	-5.8378984	0.0052681673
266.112	0.012975872	-5.8378069	0.0071673372
266.24	0.012875603	-5.8378335	0.0058624362
266.368	0.013128026	-5.8380467	0.0070272841
266.496	0.012912704	-5.8376064	0.0075371341
266.624	0.013005955	-5.8375124	0.006920692
266.752	0.013187016	-5.8374594	0.0088533949
266.88	0.013271565	-5.8371733	0.0088250994
267.008	0.013548685	-5.8374054	0.0053741969
267.136	0.013365237	-5.8367851	0.0054617585
267.264	0.013554454	-5.836955	0.0057638933
267.392	0.01364699	-5.8368918	0.0053629616
267.52	0.013455925	-5.8366468	0.0062014368
267.648	0.013733289	-5.8368306	0.0076533797
267.776	0.013967613	-5.8367676	0.0076092859
267.904	0.013680669	-5.836394	0.0088811588
268.032	0.013850575	-5.836571	0.0089790283
268.16	0.014199347	-5.8367593	0.0072172068
268.288	0.014046338	-5.8365656	0.008288341
268.416	0.01418122	-5.8365174	0.0074562957
268.544	0.014279587	-5.8366028	0.0081579959
268.672	0.014005101	-5.836248	0.0083167109
268.8	0.014249388	-5.8363537	0.0067146729
268.928	0.014182305	-5.836414	0.0077172131
269.056	0.014238955	-5.8365468	0.0076362353
269.184	0.014011205	-5.8366137	0.009108425
269.312	0.01385155	-5.8363353	0.0078594898
269.44	0.014069244	-5.8366542	0.007817822
269.568	0.013965788	-5.83659	0.010453928
269.696	0.014030034	-5.8369695	0.0089817477
269.824	0.013902829	-5.836968	0.010058216
269.952	0.013672439	-5.837014	0.0076495408
270.08	0.013794445	-5.8370935	0.0082272699
270.208	0.013503517	-5.8369941	0.010011658
270.336	0.013659761	-5.8371206	0.007219595
270.464	0.013383577	-5.8371955	0.0089248997
270.592	0.013284684	-5.8370237	0.007927443
270.72	0.013369431	-5.8372002	0.0075331809
270.848	0.013081235	-5.8371483	0.0073585701
270.976	0.013080452	-5.8374137	0.0063195284
271.104	0.013006529	-5.8376355	0.0049963358
271.232	0.013026679	-5.8377499	0.0056938361
271.36	0.012970897	-5.8377683	0.00534329
271.488	0.012786966	-5.837723	0.0049488024
271.616	0.012890048	-5.8379157	0.005221906
271.744	0.01293508	-5.8378859	0.0060423773
271.872	0.012858486	-5.8376403	0.0063434453
272	0.012885225	-5.8379846	0.0038622056
272.128	0.012753475	-5.8378112	0.0056375564
272.256	0.012846239	-5.8379402	0.0059048241
272.384	0.013009808	-5.8379643	0.0047418347
272.512	0.012812752	-5.8374771	0.0047046162
272.64	0.012888239	-5.8376483	0.0053039095
272.768	0.013121659	-5.8376652	0.0060751802
272.896	0.013074972	-5.8374998	0.0067299216
273.024	0.013110693	-5.8374546	0.0072527718
273.152	0.01322825	-5.837431	0.0073182404
273.28	0.013392597	-5.8374412	0.0069775997
273.408	0.013211438	-5.8371101	0.0063959449
273.536	0.013507032	-5.837402	0.0067106143
273.664	0.013693491	-5.8374627	0.0087972542
273.792	0.013701206	-5.8374141	0.010851415
273.92	0.013701618	-5.8372192	0.0094151328
274.048	0.013736717	-5.836874	0.0068297134
274.176	0.013786116	-5.8365435	0.0082573997
274.304	0.014099081	-5.8366857	0.0081730908
274.432	0.014080746	-5.8365336	0.009029323
274.56	0.01411209	-5.8366388	0.010052049
274.688	0.013914211	-5.8362373	0.0085452002
274.816	0.014220381	-5.8366788	0.0058122757
274.944	0.014349211	-5.8363871	0.0094138855
275.072	0.014255781	-5.836437	0.011797818
275.2	0.014048099	-5.8363164	0.0092361041
275.328	0.014206005	-5.8362104	0.0069680432
275.456	0.014081995	-5.8359292	0.011563012
275.584	0.014017857	-5.8363652	0.011053977
275.712	0.014271876	-5.8367949	0.0073282864
275.84	0.01405129	-5.8364005	0.0084885514
275.968	0.013976264	-5.8366703	0.009802992
276.096	0.013625862	-5.8367169	0.010379721
276.224	0.013775179	-5.8370538	0.0081591706
276.352	0.01377562	-5.8369989	0.0083504392
276.48	0.013848644	-5.8371059	0.0055732397
276.608	0.013393507	-5.8371524	0.0060280895
276.736	0.013677713	-5.8374935	0.0042353805
276.864	0.013169803	-5.837063	0.0054165073
276.992	0.013345231	-5.8375417	0.006582682
277.12	0.012914696	-5.8374335	0.0069432524
277.248	0.013286176	-5.8380344	0.0054775095
277.376	0.012910319	-5.8375486	0.0083040895
277.504	0.013142162	-5.8378338	0.0073375811
277.632	0.013016602	-5.8377073	0.0047190372
277.76	0.013060432	-5.8377753	0.0056101548
277.888	0.012839002	-5.8374828	0.0074903853
278.016	0.012849579	-5.8373936	0.0056806858
278.144	0.012896176	-5.8377535	0.0082372493
278.272	0.012718665	-5.8377986	0.0052879679
278.4	0.012870503	-5.8378937	0.0031561101
278.528	0.012794337	-5.8375451	0.0073448389
278.656	0.012969993	-5.8375634	0.00726531
278.784	0.012957329	-5.8376342	0.0067942148
278.912	0.012899722	-5.837488	0.006297702
279.04	0.013096229	-5.8373952	0.0089881641
279.168	0.013172513	-5.8375929	0.0060686871
279.296	0.013197227	-5.8373208	0.0051444352
279.424	0.01320242	-5.8371954	0.0063278127
279.552	0.013318883	-5.8372059	0.0056870425
279.68	0.013474688	-5.8373565	0.0068859344
279.808	0.013367294	-5.8369328	0.0098071671
279.936	0.013457037	-5.8370673	0.0079127351
280.064	0.01378521	-5.8371154	0.0065796095
280.192	0.013678409	-5.8368161	0.0083694611
280.32	0.013644632	-5.8365646	0.011193733
280.448	0.014043236	-5.8370578	0.011456201
280.576	0.014129373	-5.8368423	0.0086168019
280.704	0.013929441	-5.8366254	0.0091211335
280.832	0.014069944	-5.836524	0.010603146
280.96	0.014316244	-5.8366162	0.010906933
281.088	0.014029388	-5.8363492	0.0084712918
281.216	0.014094762	-5.8365694	0.0078066142
281.344	0.014101522	-5.8363782	0.0091320763
281.472	0.014161273	-5.8365076	0.0083595403
281.6	0.014080374	-5.8364647	0.010488464
281.728	0.014307176	-5.8369334	0.0089143791
281.856	0.014072073	-5.8364429	0.010054257
281.984	0.01395476	-5.8365313	0.0092135027
282.112	0.013954779	-5.836708	0.008132163
282.24	0.013988311	-5.8368846	0.0098332962
282.368	0.013728664	-5.8366382	0.0089879682
282.496	0.013678943	-5.8370331	0.0071230717
282.624	0.013866891	-5.8374496	0.0075334395
282.752	0.013613633	-5.8372509	0.0062767269
282.88	0.013617874	-5.8372214	0.0044163501
283.008	0.013306955	-5.8371634	0.0060363634
283.136	0.013362841	-5.8372111	0.0076503864
283.264	0.013288267	-5.8371628	0.0075643978
283.392	0.013164907	-5.8373317	0.0077354331
283.52	0.013113504	-5.8377236	0.0088441606
283.648	0.013071594	-5.8377336	0.007284906
283.776	0.013122326	-5.8374938	0.0072649436
283.904	0.013044727	-5.8376449	0.0067911554
284.032	0.012958428	-5.8376734	0.0072810536
284.16	0.012934605	-5.8377532	0.0056715766
284.288	0.012755209	-5.8378721	0.0063504965
284.416	0.013027854	-5.8380391	0.0039356413
284.544	0.012850104	-5.8378606	0.0032763922
284.672	0.012851712	-5.8376296	0.0042550978
284.8	0.012744046	-5.8374418	0.0046899608
284.928	0.012981215	-5.8375545	0.0060320023
285.056	0.012916954	-5.8372999	0.0056526158
285.184	0.012899586	-5.8375183	0.0057814333
285.312	0.013185276	-5.8377897	0.0065165821
285.44	0.012885758	-5.8376724	0.0080743474
285.568	0.013143777	-5.8376655	0.0076634141
285.696	0.013416865	-5.8375752	0.0049065302
285.824	0.013262677	-5.8372885	0.0060974023
285.952	0.013418992	-5.8372916	0.0068185169
286.08	0.013369643	-5.837088	0.0083505636
286.208	0.013622663	-5.8372847	0.0075604048
286.336	0.013420503	-5.837018	0.007348233
286.464	0.013828921	-5.837081	0.005867677
286.592	0.013708115	-5.836706	0.0082161803
286.72	0.013638067	-5.8365428	0.0093647197
286.848	0.013862087	-5.8363971	0.0065525135
286.976	0.014106427	-5.8364531	0.0085696407
287.104	0.014045966	-5.8366403	0.0083931882
287.232	0.014262201	-5.8367887	0.007320147
287.36	0.014266753	-5.8366495	0.0071724617
287.488	0.013985748	-5.8363588	0.0092855473
287.616	0.014190552	-5.8366502	0.0098498365
287.744	0.014046927	-5.8363302	0.010414792
287.872	0.014358529	-5.8364452	0.0079504913
288	0.013972787	-5.8362813	0.01188112
288.128	0.013972274	-5.8363342	0.01079993
288.256	0.01409556	-5.8364671	0.011476543
288.384	0.014136568	-5.836785	0.010195737
288.512	0.013907717	-5.836633	0.0082082584
288.64	0.013820331	-5.8364707	0.0091997196
288.768	0.013894053	-5.8368875	0.0090279631
288.896	0.013754483	-5.8371083	0.010628643
289.024	0.013683554	-5.8370375	0.0086887377
289.152	0.013637279	-5.8372337	0.0062862712
289.28	0.013533457	-5.8372409	0.0054207514
289.408	0.013341653	-5.837176	0.0056227979
289.536	0.013157485	-5.8371727	0.0052366167
289.664	0.01327715	-5.8373946	0.0064184843
289.792	0.013153848	-5.8373446	0.0064640143
289.92	0.013187856	-5.8376835	0.003965291
290.048	0.012798024	-5.8376801	0.0065902736
290.176	0.012956555	-5.8379182	0.0071708291
290.304	0.013132759	-5.83807	0.0058147091
290.432	0.012870157	-5.8378099	0.0048050257
290.56	0.012688672	-5.8376896	0.0051722703
290.688	0.013067259	-5.8379213	0.0049212407
290.816	0.012924377	-5.8376232	0.0066871133
290.944	0.012883861	-5.8377566	0.0065989288
291.072	0.012825808	-5.8375031	0.0050049334
291.2	0.012862281	-5.8378018	0.0058968181
291.328	0.012928845	-5.8378231	0.0078353936
291.456	0.013076462	-5.837973	0.0053032536
291.584	0.012960865	-5.8376674	0.0084066456
291.712	0.013067175	-5.8376413	0.0095188716
291.84	0.013198527	-5.8376859	0.0042088484
291.968	0.013063423	-5.8374821	0.008081644
292.096	0.013225524	-5.8373797	0.0075820361
292.224	0.013343823	-5.8370761	0.0074913655
292.352	0.013498221	-5.8371839	0.0089895589
292.48	0.013474747	-5.8372087	0.0071043771
292.608	0.013606721	-5.8370949	0.0055522314
292.736	0.013659733	-5.8369868	0.008409352
292.864	0.01340041	-5.8364618	0.0091636534
292.992	0.014239879	-5.8372494	0.0067025227
293.12	0.013642603	-5.8363424	0.010220959
293.248	0.014108876	-5.8366549	0.0070303277
293.376	0.014116908	-5.8367376	0.0085377534
293.504	0.014078262	-5.8365182	0.010766218
293.632	0.014370242	-5.8367477	0.0076944961
293.76	0.014057339	-5.8363424	0.008866106
293.888	0.014199298	-5.8367349	0.0097896867
294.016	0.014123023	-5.836806	0.010800347
294.144	0.014054767	-5.8364685	0.0092446997
294.272	0.014119787	-5.836584	0.0080141503
294.4	0.014095348	-5.8366553	0.0085857878
294.528	0.014000529	-5.836524	0.010306616
294.656	0.014046156	-5.8366259	0.0096668914
294.784	0.01399504	-5.8365685	0.008825174
294.912	0.013677328	-5.8365827	0.0092386365
295.04	0.014003564	-5.8370575	0.0078109284
295.168	0.013839801	-5.8370161	0.0067121814
295.296	0.013441411	-5.8369006	0.0056055718
295.424	0.013737892	-5.837586	0.0048707336
295.552	0.013406215	-5.8372847	0.0077569593
295.68	0.013605462	-5.8377312	0.0084119005
295.808	0.013180681	-5.8373182	0.0074412243
295.936	0.013293794	-5.8374846	0.006123836
296.064	0.012968072	-5.8371611	0.0060141931
296.192	0.013216176	-5.8374501	0.0063092598
296.32	0.013174331	-5.8376205	0.0089621626
296.448	0.012844466	-5.8371482	0.0083647953
296.576	0.012833012	-5.8372784	0.0073836878
296.704	0.01325349	-5.8379856	0.0065722201
296.832	0.013002111	-5.8379904	0.0074124382
296.96	0.012709511	-5.8378614	0.0073065137
297.088	0.012837396	-5.837844	0.006433629
297.216	0.013013262	-5.8379115	0.0036053785
297.344	0.012789849	-5.8376033	0.0021895695
297.472	0.012841513	-5.8375162	0.0043179182
297.6	0.012963137	-5.8377807	0.0050040269
297.728	0.012699408	-5.8378554	0.0035091217
297.856	0.013145058	-5.8377852	0.0045212736
297.984	0.013026714	-5.8376161	0.0074785373
298.112	0.013017642	-5.8375338	0.0063796124
298.24	0.013218546	-5.8373355	0.0083319845
298.368	0.013050283	-5.8371008	0.010281061
298.496	0.013597278	-5.8374039	0.0065319956
298.624	0.013375095	-5.8372153	0.0083013253
298.752	0.013611043	-5.8370112	0.0076028301
298.88	0.013436495	-5.8367691	0.0094546945
299.008	0.013847758	-5.8371605	0.0058108805
299.136	0.013674155	-5.8370223	0.0068885325
299.264	0.013727019	-5.8367968	0.005690278
299.392	0.014246717	-5.8366742	0.0058679509
299.52	0.013756996	-5.8361844	0.0070505726
299.648	0.013973021	-5.8364904	0.0081391866
299.776	0.014092505	-5.8365951	0.0098624032
299.904	0.014018635	-5.8364131	0.0093024035
300.032	0.014084006	-5.8366486	0.0083043582
300.16	0.014115804	-5.8365778	0.0052036638
300.288	0.014256105	-5.8367723	0.0071557635
300.416	0.014136538	-5.8366606	0.010614643
300.544	0.014266167	-5.8366932	0.0090327439
300.672	0.014113199	-5.836449	0.0094236283
300.8	0.013848356	-5.8364144	0.010304461
300.928	0.013842706	-5.8363054	0.0074826881
301.056	0.014092181	-5.8367733	0.0080146328
301.184	0.013919183	-5.8366078	0.0092132817
301.312	0.013828644	-5.8367889	0.0073688517
301.44	0.013931849	-5.8367839	0.0062070264
301.568	0.013562196	-5.8367594	0.006869997
301.696	0.013580165	-5.8370211	0.0055267163
301.824	0.013454709	-5.8371549	0.0060370725
301.952	0.013394176	-5.8376509	0.0091240175
302.08	0.013536806	-5.8374195	0.0075309518
302.208	0.01324545	-5.8375336	0.005660309
302.336	0.013228172	-5.8375925	0.0064814686
302.464	0.01332921	-5.8377691	0.0067203235
302.592	0.012947368	-5.8373409	0.0078933431
302.72	0.012712511	-5.8372055	0.0072069443
302.848	0.013225471	-5.837723	0.0046374117
302.976	0.012940146	-5.8376212	0.0047934831
303.104	0.012873803	-5.8376646	0.0056789721
303.232	0.012671081	-5.837579	0.0072265041
303.36	0.01304329	-5.8379078	0.0053099229
303.488	0.012694729	-5.8379042	0.0058165029
303.616	0.013030158	-5.8379684	0.0067885566
303.744	0.013014844	-5.837964	0.0065162329
303.872	0.012913939	-5.8377365	0.0036481983
304	0.012827508	-5.8376672	0.0033716109
304.128	0.012892382	-5.8375757	0.0041437608
304.256	0.013078772	-5.8373051	0.0045503473
304.384	0.013091694	-5.837357	0.0062909105
304.512	0.01311948	-5.8372419	0.0083667342
304.64	0.01337895	-5.8374277	0.0071778245
304.768	0.01335311	-5.8375261	0.006204771
304.896	0.013467785	-5.8374526	0.0082299878
305.024	0.013649967	-5.8373684	0.0094489505
305.152	0.013612679	-5.8372256	0.0098295369
305.28	0.013638	-5.8370492	0.0091243114
305.408	0.013541364	-5.83676	0.007178812
305.536	0.013840822	-5.8370939	0.0072653854
305.664	0.013990675	-5.8366892	0.0077511324
305.792	0.013817369	-5.8364042	0.0077552413
305.92	0.013909657	-5.8363285	0.0077651895
306.048	0.014174805	-5.8367636	0.007034197
306.176	0.013969791	-5.8366397	0.0082920512
306.304	0.014109043	-5.8366549	0.0082996684
306.432	0.014121867	-5.8366264	0.0078883975
306.56	0.014103509	-5.8365618	0.006959443
306.688	0.014109583	-5.8364581	0.0070639616
306.816	0.014107665	-5.8364535	0.010106249
306.944	0.014252511	-5.8367376	0.009978813
307.072	0.014142729	-5.8368163	0.0094535104
307.2	0.014012378	-5.8369141	0.0097872306
307.328	0.013838742	-5.8367439	0.0093629363
307.456	0.013946997	-5.83697	0.0062548408
307.584	0.01372054	-5.8366382	0.0086068044
307.712	0.014144407	-5.8371222	0.0086709775
307.84	0.013588918	-5.8367428	0.009773472
307.968	0.013552062	-5.8369283	0.0091790724
308.096	0.013765963	-5.8372063	0.0067518713
308.224	0.013374324	-5.8371075	0.0084063257
308.352	0.013511271	-5.8373084	0.0086267664
308.48	0.013316137	-5.8375818	0.0063547487
308.608	0.013123602	-5.8373332	0.0064223913
308.736	0.0130458	-5.8373517	0.0051428685
308.864	0.013169823	-5.837847	0.005971124
308.992	0.013270463	-5.8378073	0.0051339962
309.12	0.013036	-5.8381133	0.0038179946
309.248	0.012821941	-5.8376695	0.0056571176
309.376	0.012971681	-5.8376982	0.0064390978
309.504	0.012621314	-5.8374926	0.0056438943
309.632	0.012949038	-5.8378994	0.0055468909
309.76	0.012661824	-5.8378202	0.0053092251
309.888	0.012702822	-5.8377242	0.0045947014
310.016	0.012960294	-5.8381153	0.0050155474
310.144	0.013128554	-5.8383623	0.0052188467
310.272	0.012943966	-5.8378794	0.0069705299
310.4	0.013024525	-5.8379896	0.0070119821
310.528	0.012949624	-5.837733	0.0068767052
310.656	0.013252261	-5.83768	0.0045520711
310.784	0.013173247	-5.8374036	0.0045749991
310.912	0.013252948	-5.8374703	0.0053381846
311.04	0.013228398	-5.8372339	0.0073521125
311.168	0.01324711	-5.8372564	0.0061361539
311.296	0.013507687	-5.8372169	0.0051571684
311.424	0.013510188	-5.8369646	0.0061528741
311.552	0.013783045	-5.837329	0.0069368213
311.68	0.01362237	-5.836824	0.0074287231
311.808	0.013899406	-5.8369625	0.0077833178
311.936	0.013529917	-5.8365049	0.010219191
312.064	0.014032484	-5.8367019	0.0080385395
312.192	0.013981732	-5.8365796	0.00856023
312.32	0.013979001	-5.8369053	0.010292425
312.448	0.014038407	-5.8365887	0.008788133
312.576	0.014040319	-5.8365653	0.0093612074
312.704	0.014156439	-5.8365345	0.010199048
312.832	0.01424359	-5.8366225	0.0093513708
312.96	0.014206233	-5.8366606	0.008135456
313.088	0.014117498	-5.8363972	0.00606139
313.216	0.014393256	-5.8365161	0.0028193967
313.344	0.013824283	-5.8359203	0.0078354357
313.472	0.013935967	-5.8361181	0.0088588293
313.6	0.014175897	-5.8367497	0.0045159849
313.728	0.014040479	-5.8369121	0.0074321391
313.856	0.013861166	-5.8367355	0.0092022233
313.984	0.013745016	-5.8369733	0.0074836351
314.112	0.013635968	-5.8368452	0.0082485976
314.24	0.013850179	-5.8371761	0.0088776491
314.368	0.013583355	-5.8371289	0.0091680806
314.496	0.013530471	-5.8370514	0.0085932428
314.624	0.013602019	-5.8372883	0.0077275008
314.752	0.013103766	-5.8368902	0.0089914509
314.88	0.01315089	-5.8371665	0.0060173681
315.008	0.013296408	-5.8378116	0.0020283965
315.136	0.01328373	-5.8378296	0.0028608167
315.264	0.012806532	-5.8374368	0.0045136243
315.392	0.01305237	-5.8377147	0.0028764323
315.52	0.013019108	-5.8376943	0.0059656614
315.648	0.012844259	-5.8378789	0.0082766482
315.776	0.01292061	-5.8378444	0.004733684
315.904	0.01287366	-5.8379236	0.0052325752
316.032	0.012810476	-5.8379111	0.0074357964
316.16	0.012975864	-5.8381304	0.006437839
316.288	0.012629321	-5.8378055	0.0075361462
316.416	0.012986278	-5.8379606	0.0044028397
316.544	0.01293482	-5.8377732	0.0049575515
316.672	0.01307644	-5.8378911	0.0067602681
316.8	0.012947641	-5.8378631	0.005380416
316.928	0.013099779	-5.8376622	0.00528224
317.056	0.013211187	-5.8374598	0.0066279307
317.184	0.013135916	-5.8372393	0.0078306728
317.312	0.013309384	-5.8374278	0.0072557075
317.44	0.013317309	-5.8373923	0.00560676
317.568	0.013268747	-5.8370527	0.0058959981
317.696	0.013430715	-5.8369303	0.0078373466
317.824	0.013615091	-5.8371302	0.0081158554
317.952	0.013864922	-5.8370218	0.0067387507
318.08	0.013690403	-5.8368253	0.0074762191
318.208	0.013793271	-5.8367895	0.0080850815
318.336	0.013968611	-5.8369156	0.0062667919
318.464	0.013966253	-5.836822	0.0077161583
318.592	0.014082831	-5.8370684	0.009287979
318.72	0.013968596	-5.8362252	0.0081555534
318.848	0.013953001	-5.8362179	0.0091424558
318.976	0.014035203	-5.8361581	0.0096474001
319.104	0.014272142	-5.8367174	0.006659424
319.232	0.013890623	-5.8363089	0.0076514911
319.36	0.014260213	-5.8365796	0.0085480566
319.488	0.014257528	-5.8364008	0.0078828993
319.616	0.013994885	-5.8362706	0.0087700438
319.744	0.014025602	-5.8365645	0.0086264444
319.872	0.014025396	-5.8366432	0.007115076
320	0.013964815	-5.8364098	0.006960273
320.128	0.013755833	-5.8366019	0.008484232
320.256	0.014020468	-5.8372785	0.0076172589
320.384	0.013924013	-5.8373797	0.0085495415
320.512	0.013547923	-5.836928	0.0085771557
320.64	0.013523793	-5.8370956	0.009239922
320.768	0.013497336	-5.8371906	0.009453669
320.896	0.013378386	-5.8370115	0.0086922573
321.024	0.013438968	-5.8373377	0.0083704804
321.152	0.013226974	-5.8374018	0.0045229932
321.28	0.01301572	-5.8375061	0.0059378933
321.408	0.013139912	-5.8375087	0.003817236
321.536	0.013112882	-5.837702	0.0051954463
321.664	0.013075871	-5.8376928	0.0066195125
321.792	0.01287238	-5.8377131	0.0070512507
321.92	0.012836752	-5.8380404	0.0071949469
322.048	0.013026665	-5.8380488	0.0072580332
322.176	0.012736311	-5.8378634	0.0067297551
322.304	0.012873809	-5.8377224	0.0055815265
322.432	0.012890991	-5.8376971	0.0043010012
322.56	0.012737914	-5.8376211	0.0021112141
322.688	0.012910924	-5.8379285	0.0058344195
322.816	0.013002976	-5.8377225	0.0049100413
322.944	0.012623925	-5.8373373	0.0032745886
323.072	0.013131133	-5.8378645	0.0040894229
323.2	0.013193298	-5.8377255	0.0061518553
323.328	0.013116938	-5.8373738	0.0063821521
323.456	0.013218361	-5.8374397	0.0061677899
323.584	0.013070556	-5.8374705	0.0080433402
323.712	0.013525057	-5.8376247	0.0063669474
323.84	0.013455966	-5.8372035	0.0072880695
323.968	0.013369156	-5.8369214	0.0069828756
324.096	0.013630097	-5.8368812	0.0051595917
324.224	0.013748026	-5.8369617	0.008034265
324.352	0.013549678	-5.8364991	0.0093007827
324.48	0.013874727	-5.8367909	0.0084120032
324.608	0.013994891	-5.8367753	0.009061366
324.736	0.01384921	-5.8364613	0.0087225725
324.864	0.014115684	-5.8365615	0.0081156855
324.992	0.014115865	-5.8364121	0.011254048
325.12	0.014072304	-5.8365023	0.0098605851
325.248	0.013947528	-5.8363537	0.0097321248
325.376	0.014356308	-5.836424	0.009312033
325.504	0.013991159	-5.8364634	0.0076497745
325.632	0.01408515	-5.8363404	0.0093319072
325.76	0.014283598	-5.8367961	0.0065610367
325.888	0.013996943	-5.8365625	0.0080652621
326.016	0.014213924	-5.8366144	0.0081826914
326.144	0.013844171	-5.8366771	0.0079060237
326.272	0.013912494	-5.8369807	0.0075154957
326.4	0.013862581	-5.8368675	0.0083999749
326.528	0.013919029	-5.8368933	0.0081804327
326.656	0.013805776	-5.8368355	0.0072365648
326.784	0.013670468	-5.8369311	0.0083819917
326.912	0.013682321	-5.8372464	0.0087661528
327.04	0.013363624	-5.83692	0.008240178
327.168	0.013399776	-5.8371825	0.0076777345
327.296	0.013479038	-5.8372161	0.0061384191
327.424	0.01331199	-5.8373694	0.0043691217
327.552	0.013064111	-5.8371422	0.0062841807
327.68	0.013075238	-5.837442	0.0030216627
327.808	0.01322006	-5.8376699	0.00446938
327.936	0.012945965	-5.8374153	0.0087301939
328.064	0.013054045	-5.8378087	0.0055862802
328.192	0.013094397	-5.838163	0.0041175974
328.32	0.012841026	-5.8376411	0.0062772287
328.448	0.012944017	-5.8375162	0.0069317971
328.576	0.01292514	-5.837674	0.00568557
328.704	0.012781502	-5.8374274	0.0053679115
328.832	0.012848337	-5.8376162	0.0044285019
328.96	0.013011605	-5.8379181	0.0040330199
329.088	0.01288922	-5.8380236	0.0058032727
329.216	0.01283048	-5.8379409	0.0066300407
329.344	0.01298396	-5.8378875	0.0079648022
329.472	0.013239947	-5.8380505	0.0077025272
329.6	0.012993052	-5.8375214	0.0073137352
329.728	0.013291098	-5.8377395	0.0072078687
329.856	0.013427967	-5.8375793	0.0064242275
329.984	0.013147516	-5.8372376	0.0061875515
330.112	0.013489614	-5.837512	0.0073156017
330.24	0.013430579	-5.837296	0.0073416565
330.368	0.01347168	-5.8372835	0.007783155
330.496	0.013808672	-5.8372438	0.007655002
330.624	0.013730066	-5.8369678	0.0068652071
330.752	0.013759892	-5.8366913	0.0087417044
330.88	0.013887887	-5.8366476	0.009768311
331.008	0.013773526	-5.8364886	0.010867105
331.136	0.014036607	-5.8367167	0.010529548
331.264	0.014000233	-5.8366732	0.0079538088
331.392	0.014030172	-5.8365186	0.0073768977
331.52	0.014134911	-5.8364169	0.0090638377
331.648	0.014206468	-5.8365389	0.010068425
331.776	0.014159508	-5.8363204	0.008981234
331.904	0.014022296	-5.8362809	0.011235603
332.032	0.014168401	-5.8365809	0.010989115
332.16	0.014284502	-5.8367011	0.0077137778
332.288	0.014109667	-5.8367067	0.0090589748
332.416	0.013945648	-5.8365408	0.0084786769
332.544	0.013852781	-5.8363669	0.0075174748
332.672	0.013945859	-5.8365298	0.009706551
332.8	0.013876123	-5.836727	0.0099831498
332.928	0.013724298	-5.836802	0.0081782682
333.056	0.013842605	-5.8368215	0.0072205919
333.184	0.013701481	-5.8370001	0.006407297
333.312	0.013229775	-5.8366063	0.008534171
333.44	0.013621194	-5.837021	0.0039317594
333.568	0.013486735	-5.8368009	0.0049099484
333.696	0.013403748	-5.8372808	0.0061050142
333.824	0.013303933	-5.8374128	0.0052141768
333.952	0.013145281	-5.8371261	0.0070849934
334.08	0.012815975	-5.8373231	0.0069286321
334.208	0.013115222	-5.8376322	0.0052825621
334.336	0.012920164	-5.8375169	0.0034837166
334.464	0.012920313	-5.8377378	0.0042465095
334.592	0.012806833	-5.8375948	0.0042631183
334.72	0.013032298	-5.8380084	0.0048224135
334.848	0.01268273	-5.8377091	0.0034350528
334.976	0.012987122	-5.8378827	0.0020555168
335.104	0.013099639	-5.8377708	0.0057138865
335.232	0.013094869	-5.8380089	0.0057031569
335.36	0.012602579	-5.8375939	0.0072622012
335.488	0.012962039	-5.8379693	0.0045435666
335.616	0.01311637	-5.8377543	0.0044129499
335.744	0.012976881	-5.8375935	0.0067909589
335.872	0.013009277	-5.8374313	0.0048948343
336	0.013290773	-5.837624	0.0032539965
336.128	0.012942266	-5.8371515	0.0042665971
336.256	0.013361396	-5.8369847	0.0065151237
336.384	0.01329106	-5.8369597	0.0086224177
336.512	0.013627267	-5.8372794	0.0081134357
336.64	0.013422547	-5.837115	0.006368131
336.768	0.013549801	-5.8371693	0.0064876355
336.896	0.013693626	-5.8371182	0.008846031
337.024	0.013738188	-5.8368567	0.0088297539
337.152	0.013943403	-5.8370881	0.0082144778
337.28	0.013873532	-5.8369926	0.0074686268
337.408	0.013903801	-5.8367021	0.0084343498
337.536	0.014189282	-5.8369182	0.0087610592
337.664	0.013954375	-5.8364394	0.009004435
337.792	0.013947711	-5.8363913	0.012080558
337.92	0.014115439	-5.8366461	0.0095910511
338.048	0.014257066	-5.8366642	0.0069614741
338.176	0.013908745	-5.8361699	0.0095435934
338.304	0.014275725	-5.8367631	0.0076906532
338.432	0.01417776	-5.8366553	0.0074320033
338.56	0.013958388	-5.8365511	0.010207216
338.688	0.014291212	-5.8367689	0.0087507888
338.816	0.01402239	-5.8369087	0.0070307233
338.944	0.013892215	-5.8368451	0.0088176241
339.072	0.013705291	-5.8366047	0.0095772839
339.2	0.013697343	-5.8366436	0.0064398973
339.328	0.013695699	-5.8369223	0.0047751398
339.456	0.013816882	-5.8372117	0.0066132784
339.584	0.013500453	-5.8370843	0.0084597374
339.712	0.013606984	-5.8375206	0.0055860609
339.84	0.013413121	-5.8375305	0.0083010641
339.968	0.013462957	-5.8374544	0.0075743574
340.096	0.01330522	-5.8373982	0.0076615808
340.224	0.013138817	-5.8375625	0.0068966326
340.352	0.013214626	-5.8375847	0.0032189018
340.48	0.013046454	-5.837458	0.0030110422
340.608	0.012942735	-5.8371181	0.0055163455
340.736	0.01306707	-5.8375142	0.0081239011
340.864	0.01293495	-5.8376904	0.0061660995
340.992	0.012812489	-5.8374653	0.0033191933
341.12	0.012916472	-5.8378372	0.0055681239
341.248	0.013065959	-5.8378267	0.0063313168
341.376	0.01274219	-5.8377489	0.005821024
341.504	0.012780876	-5.8379468	0.0062627943
341.632	0.012860012	-5.8378491	0.0032665433
341.76	0.012967027	-5.8378639	0.003824304
341.888	0.012908984	-5.8375096	0.0064797488
342.016	0.012875936	-5.8376652	0.0058473138
342.144	0.013263435	-5.8377907	0.0043864586
342.272	0.013143989	-5.8374808	0.0044905844
342.4	0.013080486	-5.837107	0.0047496997
342.528	0.013533776	-5.8372128	0.0052136739
342.656	0.013334489	-5.8371759	0.0068189489
342.784	0.013502112	-5.8371214	0.0069573925
342.912	0.013502362	-5.8372123	0.010511578
343.04	0.013376236	-5.8369047	0.0065486426
343.168	0.01368216	-5.8369146	0.0045780253
343.296	0.01378114	-5.8365795	0.0063155897
343.424	0.013837329	-5.8367518	0.0038167137
343.552	0.013838748	-5.8368254	0.006745217
343.68	0.013899778	-5.8366843	0.0080040412
343.808	0.014141068	-5.8370795	0.0073773448
343.936	0.013745423	-5.8365171	0.010505053
344.064	0.014387154	-5.8371989	0.0090699545
344.192	0.014010793	-5.8364766	0.010997952
344.32	0.014161125	-5.8366479	0.0099941927
344.448	0.014180092	-5.8366254	0.0088315425
344.576	0.013803816	-5.8363419	0.01143009
344.704	0.014181066	-5.8367503	0.0079713816
344.832	0.014247073	-5.8367902	0.0072592157
344.96	0.013823995	-5.8360023	0.011048579
345.088	0.01438023	-5.8367775	0.0084620399
345.216	0.01383599	-5.836405	0.0096713432
345.344	0.014019381	-5.8367539	0.0086115221
345.472	0.013866322	-5.8367179	0.0080018666
345.6	0.013529471	-5.8368654	0.0081795391
345.728	0.013645684	-5.8369646	0.0066276394
345.856	0.013837635	-5.8371465	0.0063297451
345.984	0.013324754	-5.8366231	0.0076417913
346.112	0.013523256	-5.8370714	0.0066096699
346.24	0.013378271	-5.8372335	0.0076875014
346.368	0.013248355	-5.8376187	0.0050893667
346.496	0.013205095	-5.8376725	0.0054418888
346.624	0.012941055	-5.8371019	0.0089420525
346.752	0.013108764	-5.8378094	0.0054444398
346.88	0.012868253	-5.8376277	0.0027335093
347.008	0.012817789	-5.8376315	0.007264407
347.136	0.013035694	-5.8377872	0.0076717562
347.264	0.012731562	-5.8375402	0.0082284373
347.392	0.01302792	-5.8378396	0.0060002717
347.52	0.012753005	-5.8373969	0.0062894653
347.648	0.012743261	-5.8377757	0.0063776154
347.776	0.012945786	-5.8377331	0.0065814422
347.904	0.012848345	-5.837686	0.0070511836
348.032	0.012959725	-5.8377399	0.0033005268
348.16	0.012914788	-5.8377997	0.003060667
348.288	0.01322978	-5.8379146	0.0031972939
348.416	0.01284656	-5.8375835	0.0068414349
348.544	0.013269169	-5.8376595	0.00714906
348.672	0.01324381	-5.8375891	0.0076319143
348.8	0.01326248	-5.8372919	0.0079522134
348.928	0.013354827	-5.8372304	0.0063349988
349.056	0.013218699	-5.8366522	0.0058440311
349.184	0.013617842	-5.8369437	0.006322322
349.312	0.013592512	-5.8369601	0.0073981818
349.44	0.013627045	-5.8367892	0.0082345158
349.568	0.013780121	-5.8369161	0.0083019356
349.696	0.013671265	-5.8367954	0.0099394441
349.824	0.013885149	-5.8369428	0.0081912372
349.952	0.013872406	-5.8367124	0.0059280881
350.08	0.014144751	-5.8371731	0.005919702
350.208	0.014117503	-5.8369081	0.0089876389
350.336	0.013945684	-5.836265	0.012172294
350.464	0.014285874	-5.8366028	0.0077810172
350.592	0.01400245	-5.8360852	0.0082700281
350.72	0.014250482	-5.8366177	0.0095505124
350.848	0.013972151	-5.8364198	0.0090924854
350.976	0.014201246	-5.8365848	0.0090175202
351.104	0.014174005	-5.8368895	0.0077456794
351.232	0.01407302	-5.8366966	0.0088990784
351.36	0.013953218	-5.8364902	0.011629052
351.488	0.014061493	-5.8370354	0.008187056
351.616	0.014142129	-5.837022	0.0076599826
351.744	0.013718894	-5.8368942	0.0070163553
351.872	0.013645255	-5.8368874	0.0086646705
352	0.013574818	-5.8372712	0.010637161
352.128	0.013725247	-5.8372186	0.0073649142
352.256	0.013675084	-5.8371434	0.0056250687
352.384	0.013364155	-5.8370607	0.0043342833
352.512	0.013271319	-5.8371096	0.0060460114
352.64	0.013292095	-5.8371696	0.0053784498
352.768	0.013222245	-5.837474	0.0061410675
352.896	0.013159512	-5.8372884	0.0061797453
353.024	0.013012067	-5.8372658	0.0025142529
353.152	0.012786171	-5.8374965	0.002899392
353.28	0.013258816	-5.8379489	0.0038797196
353.408	0.012790203	-5.8375675	0.0058336237
353.536	0.013172376	-5.8380071	0.0055486578
353.664	0.01281925	-5.8379061	0.0067202224
353.792	0.012870117	-5.8378038	0.0053979534
353.92	0.012999722	-5.8383341	0.0045952342
354.048	0.013029514	-5.8382583	0.0053573145
354.176	0.012661895	-5.8377022	0.0058961345
354.304	0.012799312	-5.8376903	0.0066723848
354.432	0.012774066	-5.8374907	0.0046534412
354.56	0.012916885	-5.8373776	0.0041361837
354.688	0.013199872	-5.8374899	0.0056828921
354.816	0.013083533	-5.8375453	0.0063470216
354.944	0.013183742	-5.8371667	0.0072233202
355.072	0.013227968	-5.8373095	0.008621221
355.2	0.01355444	-5.837596	0.0074549835
355.328	0.013229705	-5.8373167	0.0090325363
355.456	0.013493072	-5.8374495	0.008898288
355.584	0.013520904	-5.8371325	0.0061953777
355.712	0.013580732	-5.8369933	0.0052262851
355.84	0.013657342	-5.8369013	0.0052217757
355.968	0.013775733	-5.836901	0.0063607841
356.096	0.013885215	-5.8369858	0.005893933
356.224	0.013694748	-5.8364183	0.0055818658
356.352	0.013956589	-5.836556	0.0053606718
356.48	0.014257374	-5.8368657	0.0074335152
356.608	0.014003688	-5.8364848	0.010898012
356.736	0.014087811	-5.8363529	0.011536754
356.864	0.014107077	-5.8362479	0.0095746904
356.992	0.014065831	-5.8361692	0.010994773
357.12	0.014375513	-5.8366975	0.010446053
357.248	0.014009736	-5.8365634	0.008572519
357.376	0.014177171	-5.8365408	0.0096125424
357.504	0.014201378	-5.8366518	0.0091115555
357.632	0.014124066	-5.8369618	0.0087870964
357.76	0.013942807	-5.8370527	0.0085353962
357.888	0.013959672	-5.8370654	0.0071152978
358.016	0.013786219	-5.8370759	0.0087105907
358.144	0.013734835	-5.8370133	0.0084068306
358.272	0.01371531	-5.8367964	0.0067601602
358.4	0.013449252	-5.8367055	0.0067070109
358.528	0.01363294	-5.8369417	0.0080544408
358.656	0.013548604	-5.8373022	0.0057008557
358.784	0.013309027	-5.8372443	0.004360409
358.912	0.013369858	-5.8374496	0.0048735697
359.04	0.013339862	-5.8372965	0.0043850575
359.168	0.013288974	-5.8376661	0.0055149507
359.296	0.012929848	-5.8374012	0.0061042785
359.424	0.013212515	-5.837572	0.0045189726
359.552	0.012834544	-5.8374073	0.0065507311
359.68	0.012990105	-5.8375981	0.0062174998
359.808	0.012799471	-5.837635	0.0064642532
359.936	0.012879102	-5.8377736	0.0072997414
360.064	0.013000545	-5.8379935	0.0066453156
360.192	0.012844694	-5.8376908	0.0069614695
360.32	0.012798652	-5.8375672	0.0050136636
360.448	0.012899592	-5.8376163	0.0050589978
360.576	0.012917022	-5.8378655	0.0051695015
360.704	0.012746102	-5.8379775	0.0050320826
360.832	0.013081673	-5.8380316	0.0032016841
360.96	0.01297211	-5.8372241	0.0052250497
361.088	0.013016009	-5.8373197	0.0085488953
361.216	0.013289334	-5.8375689	0.0065230495
361.344	0.013095381	-5.8372991	0.0061535325
361.472	0.013439137	-5.8376237	0.0051900299
361.6	0.013173365	-5.8373434	0.0052472488
361.728	0.013530021	-5.8372713	0.0046431318
361.856	0.013554767	-5.8371242	0.00691811
361.984	0.013584704	-5.8370434	0.0099391797
362.112	0.013832646	-5.8370161	0.0094299629
362.24	0.013771449	-5.8367663	0.0069492321
362.368	0.0137668	-5.8365446	0.0068805412
362.496	0.013897211	-5.8367119	0.0099602648
362.624	0.014046433	-5.8369076	0.0085433931
362.752	0.014082056	-5.8365608	0.0089734319
362.88	0.014097083	-5.8365311	0.010885161
363.008	0.014088868	-5.8363655	0.0093690681
363.136	0.014173249	-5.8365058	0.009887876
363.264	0.014052969	-5.8361698	0.01078983
363.392	0.014209265	-5.83651	0.0071702421
363.52	0.014192467	-5.8364019	0.0083270961
363.648	0.014098635	-5.8364782	0.010569122
363.776	0.013999728	-5.8367325	0.0090956159
363.904	0.01411174	-5.8370127	0.0095255421
364.032	0.013911283	-5.8365711	0.0084748323
364.16	0.013917935	-5.8366639	0.0086390578
364.288	0.013823535	-5.8365801	0.008382246
364.416	0.013754008	-5.8367559	0.0066574206
364.544	0.013836274	-5.8369496	0.0082380231
364.672	0.013659217	-5.8369865	0.0091065679
364.8	0.013658431	-5.8371424	0.0075652181
364.928	0.013474472	-5.837024	0.0081489241
365.056	0.01337107	-5.837276	0.0058946557
365.184	0.013207802	-5.8373269	0.002596315
365.312	0.013297216	-5.8376367	0.0037990509
365.44	0.01316818	-5.8374165	0.006221323
365.568	0.012858226	-5.8372664	0.0069004799
365.696	0.013263912	-5.8377973	0.0059954723
365.824	0.01291692	-5.8378501	0.006486716
365.952	0.012957977	-5.8376974	0.0035993801
366.08	0.012816646	-5.8378093	0.0056939775
366.208	0.013062241	-5.8380619	0.0047429215
366.336	0.012741308	-5.8375901	0.0044189242
366.464	0.012831554	-5.8378461	0.0038848823
366.592	0.012903521	-5.8380084	0.0039128262
366.72	0.012801976	-5.8378108	0.0037391856
366.848	0.013032249	-5.8378264	0.0052734824
366.976	0.012755528	-5.8373879	0.0078077961
367.104	0.013125348	-5.8379209	0.0056746122
367.232	0.012984082	-5.837636	0.0066727182
367.36	0.012942344	-5.8375696	0.006495708
367.488	0.013299874	-5.8374431	0.0048908916
367.616	0.01330054	-5.8375054	0.0061616575
367.744	0.013339651	-5.8376031	0.007567908
367.872	0.013221655	-5.8374635	0.0056494584
368	0.013495719	-5.8376348	0.0041176674
368.128	0.013458628	-5.8371402	0.0064268774
368.256	0.013545004	-5.8372926	0.0072031409
368.384	0.013481913	-5.8368321	0.00823721
368.512	0.013689723	-5.8368006	0.0066665857
368.64	0.013762172	-5.8366095	0.0075831029
368.768	0.014214154	-5.8371649	0.0070082704
368.896	0.014102649	-5.8369403	0.0072409208
369.024	0.014192493	-5.8367225	0.0081290369
369.152	0.013941807	-5.836628	0.009217547
369.28	0.013951859	-5.8362628	0.011897877
369.408	0.01428926	-5.836668	0.010139233
369.536	0.014029173	-5.8364211	0.0097370807
369.664	0.013864996	-5.8363511	0.010109798
369.792	0.014196401	-5.8364983	0.0088588787
369.92	0.014411593	-5.8367887	0.0071496308
370.048	0.014258747	-5.8368817	0.007004794
370.176	0.013787666	-5.8363908	0.0083610366
370.304	0.014190893	-5.8368658	0.0084269713
370.432	0.014084507	-5.8372256	0.010570254
370.56	0.013749306	-5.8368294	0.0074430673
370.688	0.013921106	-5.837136	0.0055815549
370.816	0.013614822	-5.83679	0.0083929812
370.944	0.013724697	-5.8370799	0.0058429001
371.072	0.01338922	-5.8369248	0.0060787731
371.2	0.013784576	-5.8373715	0.0070230013
371.328	0.013231954	-5.8370307	0.0084246992
371.456	0.013469365	-5.8375239	0.0048556814
371.584	0.013251778	-5.8373089	0.0045823243
371.712	0.013125427	-5.8373136	0.004206173
371.84	0.013212787	-5.8376399	0.0063161004
371.968	0.013062846	-5.8376627	0.0060040076
372.096	0.012880933	-5.8378946	0.0061576545
372.224	0.013058276	-5.8377889	0.0038637428
372.352	0.012817793	-5.8377433	0.0047111822
372.48	0.013063886	-5.838106	0.0046121236
372.608	0.013084233	-5.8380211	0.0068154534
372.736	0.012821005	-5.837748	0.0067531521
372.864	0.012837367	-5.8380172	0.0061080528
372.992	0.012839841	-5.8378935	0.0059428434
373.12	0.012790111	-5.837702	0.0054619338
373.248	0.012832887	-5.8376014	0.0072490938
373.376	0.012927666	-5.8375987	0.0075089003
373.504	0.013058093	-5.8374312	0.0062260737
373.632	0.01301163	-5.8372259	0.0039899625
373.76	0.013002644	-5.8371891	0.005715654
373.888	0.013315778	-5.8374404	0.0063040632
374.016	0.013254628	-5.8373694	0.0057148477
374.144	0.013362323	-5.8373521	0.0050189539
374.272	0.013268153	-5.8369512	0.0072148505
374.4	0.013563253	-5.8370531	0.007815127
374.528	0.01355652	-5.836967	0.0077747288
374.656	0.013581962	-5.836841	0.01095896
374.784	0.013841591	-5.8370363	0.0084607546
374.912	0.013783734	-5.836761	0.0078919906
375.04	0.013940081	-5.8365623	0.0086275197
375.168	0.014124978	-5.8365784	0.0093704248
375.296	0.013885013	-5.8365045	0.0084747336
375.424	0.013911747	-5.8362901	0.008878052
375.552	0.01442513	-5.8369444	0.009679041
375.68	0.013966342	-5.8363215	0.01107362
375.808	0.014017888	-5.8361586	0.0089272304
375.936	0.014437902	-5.837006	0.0095449954
376.064	0.014228317	-5.8366343	0.010542888
376.192	0.01404669	-5.8368599	0.0099586977
376.32	0.013990384	-5.836412	0.01281794
376.448	0.014089226	-5.8363778	0.0097363708
376.576	0.014101947	-5.8366818	0.0063123254
376.704	0.014020763	-5.836697	0.0097214844
376.832	0.013789783	-5.8367448	0.010217452
376.96	0.013704548	-5.8369807	0.009212565
377.088	0.013901909	-5.8372031	0.0086260249
377.216	0.013619455	-5.837018	0.0073936346
377.344	0.013743512	-5.8371185	0.0087720627
377.472	0.013421251	-5.8373226	0.0059527548
377.6	0.013442532	-5.837366	0.0071802891
377.728	0.013222654	-5.8369164	0.0075473698
377.856	0.013247038	-5.8371295	0.0049187825
377.984	0.013228911	-5.8371272	0.0052272283
378.112	0.012917895	-5.8370723	0.0061257314
378.24	0.01311306	-5.8375279	0.0054709614
378.368	0.012912972	-5.8376061	0.0063664363
378.496	0.013101205	-5.8380249	0.0036078265
378.624	0.012820797	-5.8376103	0.0056089617
378.752	0.012775923	-5.8377019	0.0057786509
378.88	0.012794635	-5.8377095	0.0052489383
379.008	0.012948135	-5.8376871	0.0059015767
379.136	0.012806837	-5.8376249	0.0065731606
379.264	0.012671871	-5.8377202	0.0066205643
379.392	0.013075704	-5.838141	0.0052634608
379.52	0.012974469	-5.837942	0.0082411109
379.648	0.012960153	-5.8377815	0.0098269889
379.776	0.013162634	-5.8379278	0.010098802
379.904	0.012995464	-5.8378023	0.0075354707
380.032	0.013013853	-5.8374905	0.0047652153
380.16	0.013303649	-5.8376635	0.0033815638
380.288	0.013313292	-5.8373544	0.0030762788
380.416	0.013048098	-5.8369976	0.0064151417
380.544	0.013515676	-5.837508	0.0066756379
380.672	0.013245735	-5.8368782	0.0056462295
380.8	0.013400053	-5.8369336	0.0074340838
380.928	0.013773374	-5.836908	0.0082202947
381.056	0.013579683	-5.8365357	0.0075143456
381.184	0.014072863	-5.836979	0.0068122234
381.312	0.014056616	-5.8368131	0.0091621191
381.44	0.014015096	-5.8364989	0.010265465
381.568	0.014233272	-5.8365811	0.0076058769
381.696	0.014177941	-5.8364767	0.0067295163
381.824	0.01404365	-5.8363163	0.0091302646
381.952	0.01410454	-5.8364052	0.0083426825
382.08	0.014269457	-5.8365356	0.0086516415
382.208	0.014151066	-5.8366243	0.011344231
382.336	0.014201687	-5.8367309	0.009584557
382.464	0.013965263	-5.8362399	0.0099361491
382.592	0.014037088	-5.8364375	0.010657375
382.72	0.014332121	-5.8367579	0.0086707941
382.848	0.013975204	-5.8366262	0.0094410616
382.976	0.013997651	-5.8365087	0.0099304904
383.104	0.01394197	-5.8364196	0.012797373
383.232	0.014219981	-5.8370797	0.010005028
383.36	0.013605562	-5.8364052	0.0091767731
383.488	0.013558351	-5.8367559	0.0087624603
383.616	0.013520612	-5.8368608	0.0093610034
383.744	0.013513175	-5.8370193	0.0081952051
383.872	0.013704372	-5.8375902	0.0053476356
384	0.01340635	-5.8373314	0.00735445
384.128	0.013352568	-5.8376209	0.0071252844
384.256	0.012958342	-5.8371081	0.0084744675
384.384	0.013133592	-5.8373527	0.0069685945
384.512	0.012982465	-5.8375848	0.0076889623
384.64	0.013065038	-5.8378115	0.0064690478
384.768	0.012958501	-5.837552	0.0049777982
384.896	0.012921012	-5.837793	0.0064023782
385.024	0.012942836	-5.838225	0.0065715363
385.152	0.012867194	-5.8383195	0.0077988746
385.28	0.012632173	-5.8377245	0.0058739294
385.408	0.012968212	-5.8378149	0.0038163644
385.536	0.012997264	-5.8378907	0.0055440929
385.664	0.012580185	-5.837476	0.0077449913
385.792	0.01285983	-5.8377422	0.008323065
385.92	0.012940396	-5.8377788	0.0078735993
386.048	0.012968047	-5.8377696	0.0060027214
386.176	0.013203709	-5.8382238	0.0055736538
386.304	0.013061886	-5.8376435	0.0072198467
386.432	0.013352567	-5.8379146	0.0058897829
386.56	0.013318594	-5.8376168	0.0065323405
386.688	0.013142243	-5.8371447	0.0069804722
386.816	0.013544598	-5.8371647	0.0045175668
386.944	0.013148134	-5.8366698	0.0061066263
387.072	0.013537825	-5.8368216	0.0060360965
387.2	0.013803094	-5.8371338	0.0065785973
387.328	0.013508736	-5.8368048	0.007245098
387.456	0.013892637	-5.8369471	0.006773353
387.584	0.013913933	-5.8367427	0.0075474813
387.712	0.013704182	-5.8362527	0.0091019402
387.84	0.0140958	-5.8364524	0.0089148382
387.968	0.014041714	-5.8363265	0.0089334839
388.096	0.014056202	-5.836457	0.0096800608
388.224	0.014052072	-5.8363417	0.01220425
388.352	0.014071731	-5.836485	0.01075511
388.48	0.014131304	-5.8366165	0.0094743678
388.608	0.014446287	-5.8367385	0.0092360743
388.736	0.014368397	-5.8367239	0.0091134218
388.864	0.014079576	-5.8365013	0.0099327287
388.992	0.013973809	-5.8364697	0.008204055
389.12	0.013890088	-5.8364804	0.0082407015
389.248	0.014175626	-5.8366086	0.011138034
389.376	0.013849293	-5.8367599	0.0093391466
389.504	0.014096082	-5.8372329	0.0056727975
389.632	0.013653571	-5.8366421	0.0095912129
389.76	0.01380994	-5.8370034	0.0079410449
389.888	0.013469438	-5.8369265	0.0096380631
390.016	0.013507	-5.8371945	0.0082102441
390.144	0.013615054	-5.8375049	0.0074023114
390.272	0.013475074	-5.8374569	0.0085102646
390.4	0.013350442	-5.8373972	0.0070460023
390.528	0.01325538	-5.837688	0.0082842625
390.656	0.012887524	-5.8373475	0.0072548732
390.784	0.013134346	-5.837689	0.0053555767
390.912	0.012915569	-5.837585	0.0083745563
391.04	0.012981108	-5.8378259	0.006903583
391.168	0.013008571	-5.8379995	0.0055595793
391.296	0.01289229	-5.8378761	0.0054908947
391.424	0.012518416	-5.837466	0.0039233916
391.552	0.012898825	-5.8377385	0.0034652514
391.68	0.012896332	-5.8380645	0.0067124613
391.808	0.012844336	-5.8379274	0.005611945
391.936	0.01298151	-5.8377266	0.0053300034
392.064	0.012957567	-5.8377586	0.005228881
392.192	0.012920713	-5.8376462	0.0080810576
392.32	0.01297697	-5.8376548	0.0075006781
392.448	0.01292736	-5.8377462	0.0064874705
392.576	0.013059721	-5.8374829	0.0064435003
392.704	0.013122944	-5.837466	0.0083489731
392.832	0.013414459	-5.8376751	0.0073361352
392.96	0.013029024	-5.8371026	0.0064290242
393.088	0.013346586	-5.8371169	0.0058829329
393.216	0.013412558	-5.8370477	0.0078649931
393.344	0.013773735	-5.8369771	0.0073595436
393.472	0.013621332	-5.8369636	0.0047714985
393.6	0.013854863	-5.8369221	0.006315053
393.728	0.01366874	-5.8367393	0.0089433429
393.856	0.013616817	-5.8364473	0.0087138785
393.984	0.014211893	-5.8368371	0.0076536995
394.112	0.013833094	-5.8363205	0.0088005995
394.24	0.014090385	-5.8366446	0.0080968527
394.368	0.014156986	-5.8366293	0.007645046
394.496	0.01411435	-5.836779	0.0067701016
394.624	0.014045546	-5.8362928	0.0089935339
394.752	0.014303389	-5.8365262	0.011004879
394.88	0.014210413	-5.8366626	0.012059178
395.008	0.013966795	-5.8364735	0.012713565
395.136	0.014058332	-5.8366207	0.0080382891
395.264	0.014190033	-5.8365723	0.0065692091
395.392	0.01440397	-5.8366142	0.0073510003
395.52	0.013857691	-5.8363259	0.0087971613
395.648	0.013827078	-5.8366144	0.0099404089
395.776	0.014080909	-5.8370784	0.0090085447
395.904	0.013832742	-5.8370041	0.0093426624
396.032	0.013640378	-5.8369478	0.0087295775
396.16	0.013795221	-5.837266	0.0087148362
396.288	0.013401354	-5.8370621	0.0086594997
396.416	0.013508206	-5.8372595	0.008196012
396.544	0.013442807	-5.8373836	0.0081381953
396.672	0.013250948	-5.8372455	0.0050508851
396.8	0.01320234	-5.8374627	0.0060641321
396.928	0.013457939	-5.8377367	0.0061728714
397.056	0.012981782	-5.8374283	0.0070281789
397.184	0.012897281	-5.8374271	0.0065594556
397.312	0.013182068	-5.8377273	0.0049679055
397.44	0.012763497	-5.8373868	0.0068879016
397.568	0.01284865	-5.8375845	0.0055774701
397.696	0.012949347	-5.8375963	0.0055237578
397.824	0.012787986	-5.8375833	0.0050223092
397.952	0.01284228	-5.8373843	0.006478404
398.08	0.012729549	-5.8374299	0.0071704291
398.208	0.012977059	-5.8378269	0.0051062302
398.336	0.012862509	-5.8374679	0.0063528176
398.464	0.012896551	-5.8379145	0.0057973085
398.592	0.012926075	-5.8378168	0.0071099507
398.72	0.012972984	-5.8375958	0.0074793523
398.848	0.013007632	-5.837787	0.0069241677
398.976	0.013241129	-5.8376179	0.0075689357
399.104	0.013054002	-5.837212	0.0076805209
399.232	0.013345826	-5.8371764	0.0063456862
399.36	0.013304354	-5.8372124	0.0074419502
399.488	0.013345746	-5.8371985	0.0063377412
399.616	0.013422873	-5.8371494	0.0059903245
399.744	0.013768167	-5.837252	0.008066612
399.872	0.013776166	-5.8368874	0.010920606
400	0.013959283	-5.8369846	0.0090987033
400.128	0.014098028	-5.8367968	0.0051996841
400.256	0.013572818	-5.8361313	0.0076615227
400.384	0.014198189	-5.8368143	0.0070431103
400.512	0.014210966	-5.8365857	0.0063354195
400.64	0.014032894	-5.8363876	0.0069909485
400.768	0.013928852	-5.8361161	0.0088345705
400.896	0.014306989	-5.836567	0.0084815608
401.024	0.014167597	-5.8363653	0.006623024
401.152	0.014280832	-5.8366766	0.0079261847
401.28	0.014173397	-5.8365992	0.010192392
401.408	0.013893726	-5.8364425	0.0098312093
401.536	0.014218251	-5.8368782	0.010139061
401.664	0.014064046	-5.8367511	0.0086597919
401.792	0.014181694	-5.8367077	0.007008379
401.92	0.013893132	-5.8364006	0.010234414
402.048	0.013959893	-5.8367745	0.0098926761
402.176	0.013872216	-5.8367701	0.0094029371
402.304	0.013726817	-5.8367904	0.008144214
402.432	0.013647973	-5.8372867	0.0082349871
402.56	0.013676488	-5.8374321	0.0073672973
402.688	0.013394978	-5.8371012	0.0084812605
402.816	0.013553887	-5.8374276	0.0062755636
402.944	0.013383558	-5.8371468	0.0071072824
403.072	0.013171533	-5.837264	0.0051205299
403.2	0.013131442	-5.8376251	0.0037927484
403.328	0.013273235	-5.8376062	0.0067021499
403.456	0.013204684	-5.837447	0.0057429691
403.584	0.012912558	-5.8373455	0.0064281871
403.712	0.012767576	-5.8375071	0.0089614511
403.84	0.013114785	-5.8378256	0.0057192128
403.968	0.012733416	-5.8375366	0.0056926982
404.096	0.012884936	-5.8377906	0.0071525898
404.224	0.012875459	-5.8379984	0.0064517412
404.352	0.012731261	-5.8376696	0.0048370872
404.48	0.013022396	-5.83786	0.0060654802
404.608	0.012838009	-5.8379158	0.0073586653
404.736	0.012821201	-5.8379871	0.0060612128
404.864	0.013164547	-5.838037	0.0042252575
404.992	0.013011782	-5.837749	0.0068770752
405.12	0.012918444	-5.8376635	0.0074460274
405.248	0.013090168	-5.8379639	0.0054679556
405.376	0.013441819	-5.8378726	0.005154693
405.504	0.013191401	-5.8372513	0.0066089956
405.632	0.013369174	-5.837432	0.0055238857
405.76	0.013200314	-5.8369173	0.0071688822
405.888	0.013651801	-5.8371253	0.0063817763
406.016	0.013519079	-5.8368412	0.0063736723
406.144	0.013693573	-5.8371165	0.0062503268
406.272	0.013923545	-5.8374822	0.0065334628
406.4	0.013907724	-5.837225	0.0075940129
406.528	0.013747629	-5.836735	0.010081222
406.656	0.013831282	-5.8367767	0.0086967345
406.784	0.014050517	-5.8368637	0.0094200618
406.912	0.014001706	-5.8363622	0.0097229531
407.04	0.014385308	-5.836601	0.0093220308
407.168	0.014185675	-5.8367392	0.011000785
407.296	0.013902477	-5.8364736	0.0089776403
407.424	0.014012384	-5.8364507	0.0089167243
407.552	0.014196215	-5.8366556	0.0082694903
407.68	0.013987478	-5.8362598	0.0082139134
407.808	0.014080819	-5.8362463	0.0085110702
407.936	0.014173438	-5.8365473	0.0073906447
408.064	0.013957188	-5.8366742	0.0067229661
408.192	0.013974132	-5.8368811	0.0076868164
408.32	0.013843346	-5.8369957	0.0093081281
408.448	0.013994907	-5.83719	0.0083289846
408.576	0.013830133	-5.8368743	0.0083665449
408.704	0.013732999	-5.8369886	0.0059917502
408.832	0.013512215	-5.8370615	0.0068224345
408.96	0.013580697	-5.8373692	0.0068920978
409.088	0.013109691	-5.8369535	0.0068841328
409.216	0.013518008	-5.8375902	0.0055206906
409.344	0.013495855	-5.8376962	0.0066342933
409.472	0.012911225	-5.8371528	0.0076129567
409.6	0.013196422	-5.8375954	0.0063645767
409.728	0.013256639	-5.8376782	0.0059650532
409.856	0.013080921	-5.8374404	0.00700817
409.984	0.013131276	-5.8376937	0.0050384254
410.112	0.012889031	-5.8377887	0.005777785
410.24	0.012861693	-5.8379451	0.004345315
410.368	0.012820376	-5.8377609	0.0044274595
410.496	0.012819191	-5.8377942	0.0058930322
410.624	0.012967379	-5.8378482	0.004729938
410.752	0.012871924	-5.8377055	0.0070698866
410.88	0.012698249	-5.8374798	0.0055601594
411.008	0.012903847	-5.837716	0.0022060046
411.136	0.01301205	-5.8377315	0.0048036192
411.264	0.013069412	-5.8377674	0.0068587323
411.392	0.01306017	-5.8374081	0.0040108648
411.52	0.013150848	-5.8376678	0.0042725345
411.648	0.013160398	-5.83754	0.0065624956
411.776	0.013279784	-5.8375372	0.0066918289
411.904	0.013393928	-5.8374178	0.0072866893
412.032	0.013312761	-5.8371085	0.0072727328
412.16	0.013324044	-5.8370747	0.0053141046
412.288	0.013553496	-5.8370278	0.0059821771
412.416	0.01363354	-5.8368863	0.0061662015
412.544	0.013844357	-5.8367649	0.0055791507
412.672	0.013671022	-5.8366848	0.0079327579
412.8	0.013802417	-5.836535	0.0068319261
412.928	0.013838977	-5.8366658	0.0078808657
413.056	0.014029776	-5.8365918	0.0091837807
413.184	0.01398551	-5.8365838	0.011603603
413.312	0.013967427	-5.8367652	0.008249778
413.44	0.014217402	-5.8366191	0.0076063221
413.568	0.014058117	-5.8363294	0.0090032006
413.696	0.01429158	-5.8366483	0.0077629951
413.824	0.014007864	-5.8362884	0.0092210745
413.952	0.014071587	-5.8365557	0.010213869
414.08	0.014024513	-5.8365368	0.01047125
414.208	0.014165936	-5.8365642	0.0078798364
414.336	0.013973489	-5.8361219	0.00945588
414.464	0.014199077	-5.8366471	0.0081121667
414.592	0.013891867	-5.8366722	0.0094621263
414.72	0.013842823	-5.836804	0.0083499901
414.848	0.013759589	-5.8368368	0.0059838049
414.976	0.013620822	-5.8365576	0.0067310488
415.104	0.013715526	-5.8369217	0.0063882159
415.232	0.013541029	-5.8372119	0.0083234569
415.36	0.013287356	-5.8371543	0.0066155884
415.488	0.013469879	-5.8376138	0.0051758959
415.616	0.013399255	-5.8376598	0.0068560531
415.744	0.013360827	-5.8375334	0.006393705
415.872	0.012941167	-5.8373756	0.007940074
416	0.012988645	-5.8373061	0.0061218672
416.128	0.01304437	-5.8375774	0.0042451276
416.256	0.013047677	-5.8376304	0.0065422608
416.384	0.012971758	-5.8376729	0.0059998357
416.512	0.012847678	-5.8377057	0.0047334348
416.64	0.012923625	-5.8378102	0.0041691843
416.768	0.012759825	-5.8377854	0.0058490498
416.896	0.012869016	-5.8374835	0.0060232031
417.024	0.012969966	-5.8375503	0.0044824217
417.152	0.012763399	-5.8377106	0.0062143393
417.28	0.013006754	-5.8377927	0.0060962784
417.408	0.012907431	-5.8375177	0.0049002307
417.536	0.013101343	-5.8378435	0.0050224644
417.664	0.012969116	-5.8375905	0.0076616516
417.792	0.013050838	-5.8376522	0.0048235686
417.92	0.013191631	-5.8377084	0.0050153594
418.048	0.013248384	-5.8376046	0.0060672214
418.176	0.013395764	-5.8376811	0.0055361126
418.304	0.013302965	-5.8373222	0.0056314724
418.432	0.013566564	-5.8373479	0.0048668316
418.56	0.013545442	-5.8375087	0.005329966
418.688	0.013598095	-5.8370663	0.0070574665
418.816	0.013703815	-5.8369654	0.0094361494
418.944	0.013740207	-5.8369347	0.0092011279
419.072	0.01378999	-5.8365646	0.010200257
419.2	0.013994921	-5.8367314	0.0082305912
419.328	0.013936346	-5.8365374	0.0088252131
419.456	0.01417391	-5.8364874	0.010207336
419.584	0.014075917	-5.8364834	0.0074363353
419.712	0.014145083	-5.8365331	0.0088659101
419.84	0.014095188	-5.8362867	0.0077316144
419.968	0.014249355	-5.8366556	0.0075312628
420.096	0.014074354	-5.8365883	0.011199729
420.224	0.014268901	-5.8366753	0.0091124192
420.352	0.014216466	-5.8364557	0.0090220122
420.48	0.014107375	-5.8364513	0.0075495034
420.608	0.013912621	-5.8365561	0.0071448774
420.736	0.014063985	-5.8366519	0.0067653106
420.864	0.01375574	-5.8365017	0.0072244706
420.992	0.013828331	-5.8368323	0.0088372181
421.12	0.013875787	-5.8369903	0.010265356
421.248	0.013617518	-5.8370407	0.0093542244
421.376	0.013576566	-5.8370999	0.0077184817
421.504	0.01363336	-5.8372261	0.0073123502
421.632	0.013345696	-5.8371233	0.007892435
421.76	0.013230128	-5.8371013	0.0064864633
421.888	0.013693722	-5.8378394	0.006765877
422.016	0.013152807	-5.8371809	0.006747487
422.144	0.013153099	-5.837276	0.0062446244
422.272	0.012900594	-5.8373083	0.0077255498
422.4	0.013029377	-5.8375225	0.0065780603
422.528	0.012946423	-5.8377709	0.0038826684
422.656	0.012823577	-5.8375996	0.0042655787
422.784	0.013134907	-5.8379409	0.0035662834
422.912	0.012793051	-5.8377083	0.0053007536
423.04	0.013089689	-5.8380323	0.0066437143
423.168	0.012821265	-5.8380059	0.0074871368
423.296	0.01280962	-5.8378719	0.0061609883
423.424	0.012757343	-5.8376959	0.0058196388
423.552	0.012728735	-5.8376209	0.0051135808
423.68	0.012993414	-5.8378541	0.0036723263
423.808	0.013022253	-5.8376848	0.0051366314
423.936	0.013061781	-5.837515	0.0059479944
424.064	0.013117135	-5.8372987	0.0047937985
424.192	0.013245398	-5.8377222	0.0037740129
424.32	0.013177477	-5.837331	0.0055981204
424.448	0.013360716	-5.8376021	0.0055939877
424.576	0.013494585	-5.8374255	0.0061394116
424.704	0.013450944	-5.8371257	0.0084091101
424.832	0.013606669	-5.8370518	0.0069722996
424.96	0.013601132	-5.8370246	0.0082114653
425.088	0.013826054	-5.8369542	0.0081943765
425.216	0.01361733	-5.8369751	0.0098419023
425.344	0.013796152	-5.8367713	0.010232947
425.472	0.014011132	-5.836984	0.0085079962
425.6	0.013999332	-5.8365956	0.0083764407
425.728	0.014109087	-5.8367391	0.006487159
425.856	0.01394683	-5.8366421	0.0079563883
425.984	0.014177679	-5.8367716	0.006708156
426.112	0.014340747	-5.8369434	0.0091393701
426.24	0.014096731	-5.8366232	0.0086638063
426.368	0.01395967	-5.8361709	0.0075317493
426.496	0.013960983	-5.8361032	0.0062271822
426.624	0.01417376	-5.8364188	0.0071308381
426.752	0.014035226	-5.8362501	0.0094332756
426.88	0.014078581	-5.8367237	0.0079877502
427.008	0.013979774	-5.8366738	0.0075256257
427.136	0.013740115	-5.8367516	0.010861613
427.264	0.013816707	-5.8367655	0.0097832168
427.392	0.013984484	-5.837212	0.0062837508
427.52	0.013752568	-5.8371425	0.0075184353
427.648	0.013679411	-5.8371013	0.0084473531
427.776	0.013375518	-5.8368209	0.0079710672
427.904	0.013515784	-5.8371926	0.00723147
428.032	0.013571235	-5.8375657	0.0073192328
428.16	0.013237626	-5.8372389	0.0084180334
428.288	0.013483126	-5.8377237	0.0056906649
428.416	0.013301904	-5.8376032	0.0033422021
428.544	0.012778705	-5.837338	0.0078389623
428.672	0.013163772	-5.8379708	0.0065970549
428.8	0.013007597	-5.8379155	0.0051079625
428.928	0.01294935	-5.8377587	0.0070820954
429.056	0.012960753	-5.8379144	0.0043310723
429.184	0.013061193	-5.8382039	0.0044342151
429.312	0.012637857	-5.8378175	0.0068491292
429.44	0.012830365	-5.8379944	0.0053759395
429.568	0.012879417	-5.8375274	0.0059947222
429.696	0.012939786	-5.8378615	0.0038855706
429.824	0.013005401	-5.8377115	0.0035864124
429.952	0.012932753	-5.8376977	0.0035250756
430.08	0.013122984	-5.8376273	0.0055563236
430.208	0.01292181	-5.8374115	0.0068431711
430.336	0.013199048	-5.8375962	0.0022183071
430.464	0.012842138	-5.8371076	0.0040510502
430.592	0.013238377	-5.8377374	0.0059892061
430.72	0.013172069	-5.8374486	0.0075055522
430.848	0.013615663	-5.8378234	0.0050976222
430.976	0.013287144	-5.8372104	0.007466743
431.104	0.01344077	-5.8371441	0.006241869
431.232	0.013734564	-5.8372807	0.0063300643
431.36	0.013588887	-5.8369081	0.0058298412
431.488	0.013667737	-5.8370392	0.0088017652
431.616	0.01395429	-5.8370061	0.0085853162
431.744	0.014027838	-5.836465	0.0083348956
431.872	0.013864635	-5.8363057	0.010281775
432	0.014048671	-5.8363665	0.0089631684
432.128	0.014074495	-5.8366897	0.0096126884
432.256	0.01408135	-5.8366789	0.0093801268
432.384	0.014175469	-5.8364746	0.0088086354
432.512	0.014094615	-5.8364865	0.0062795684
432.64	0.014303923	-5.8367513	0.0081345893
432.768	0.013920352	-5.8361926	0.010700162
432.896	0.013896855	-5.8361836	0.0084483037
433.024	0.014394792	-5.8366352	0.0077725774
433.152	0.014144289	-5.8367795	0.0086208331
433.28	0.014006379	-5.8368373	0.008705139
433.408	0.014004327	-5.8370036	0.0097432851
433.536	0.013835576	-5.8368447	0.0090456888
433.664	0.013795329	-5.8368092	0.0076907523
433.792	0.013690412	-5.8369685	0.0074402392
433.92	0.013540921	-5.8371158	0.008200486
434.048	0.013688169	-5.8371291	0.0063880584
434.176	0.013465387	-5.8372387	0.0062260649
434.304	0.013587457	-5.8370686	0.0070545642
434.432	0.013292829	-5.8372099	0.0076208495
434.56	0.013384649	-5.8375112	0.0064146195
434.688	0.013199838	-5.8375412	0.0053777667
434.816	0.013105353	-5.8375079	0.0048626087
434.944	0.012805827	-5.8374214	0.0043393733
435.072	0.013012544	-5.8378998	0.0044205062
435.2	0.013062489	-5.8378847	0.0054335644
435.328	0.012944866	-5.8378641	0.0045054449
435.456	0.013038147	-5.8378922	0.0045374822
435.584	0.012811594	-5.8378503	0.0062444999
435.712	0.012915643	-5.837783	0.0055606923
435.84	0.012761249	-5.8376979	0.0063686244
435.968	0.012937993	-5.8378687	0.0055983881
436.096	0.013009419	-5.8378139	0.0042817443
436.224	0.012844082	-5.8376213	0.0071553943
436.352	0.012758473	-5.8375596	0.0060425687
436.48	0.012911575	-5.8375826	0.0052360246
436.608	0.013213888	-5.8378008	0.0063127832
436.736	0.013320962	-5.8378329	0.0045850318
436.864	0.013056403	-5.8372796	0.0043241067
436.992	0.013232926	-5.8371708	0.0066513167
437.12	0.013357207	-5.8371716	0.0097197978
437.248	0.013585197	-5.8372762	0.0092716579
437.376	0.013328545	-5.8369051	0.0081670216
437.504	0.013633574	-5.8373473	0.0081267181
437.632	0.013760181	-5.8371733	0.0086743254
437.76	0.013507266	-5.8370263	0.010408544
437.888	0.013860382	-5.8371005	0.0095595873
438.016	0.013917363	-5.8369303	0.0075204072
438.144	0.014093714	-5.8370468	0.0060524479
438.272	0.013922129	-5.8367552	0.0079527241
438.4	0.014201118	-5.8369957	0.0065670848
438.528	0.013978067	-5.8365516	0.0066848726
438.656	0.014278604	-5.8368836	0.0069339819
438.784	0.014075196	-5.8365368	0.0074454164
438.912	0.014112926	-5.8363263	0.0083383424
439.04	0.014348354	-5.8365241	0.0073574633
439.168	0.01380566	-5.836312	0.0093138269
439.296	0.014356694	-5.836781	0.0083293555
439.424	0.013915292	-5.8364317	0.0097326822
439.552	0.013930181	-5.836381	0.0080021533
439.68	0.014110752	-5.8366576	0.008644255
439.808	0.014022011	-5.8369145	0.0092270275
439.936	0.013881973	-5.8367477	0.0072983531
440.064	0.013874106	-5.8369832	0.0048998406
440.192	0.013663607	-5.8369181	0.0062199282
440.32	0.013594217	-5.8371025	0.0062945276
440.448	0.013370426	-5.8369091	0.0074465418
440.576	0.013377812	-5.8371418	0.0080835836
440.704	0.013373387	-5.8372845	0.0066732573
440.832	0.01351273	-5.8377134	0.0051990427
440.96	0.012781671	-5.8370236	0.0076757026
441.088	0.013100315	-5.8373952	0.0078397542
441.216	0.013156783	-5.8379916	0.0069091482
441.344	0.012864785	-5.8375358	0.0054490202
441.472	0.012845704	-5.8374591	0.0038103753
441.6	0.012802109	-5.8374297	0.0065036513
441.728	0.013045662	-5.8378025	0.0074598732
441.856	0.012979483	-5.8374525	0.0078343568
441.984	0.012925275	-5.8377528	0.0036278545
442.112	0.012857524	-5.8376539	0.0055107718
442.24	0.012866066	-5.837854	0.0039040818
442.368	0.012855055	-5.8377117	0.00066612716
442.496	0.012930703	-5.8375183	0.0023129654
442.624	0.012753334	-5.8372585	0.0037758626
442.752	0.01317836	-5.8376739	0.0071580826
442.88	0.013009826	-5.837424	0.0062241975
443.008	0.013119928	-5.8375266	0.0052005209
443.136	0.013285452	-5.8375991	0.0082787375
443.264	0.013255338	-5.8372439	0.00695377
443.392	0.013387299	-5.8373523	0.005631078
443.52	0.013332897	-5.8370535	0.0063545823
443.648	0.013486429	-5.8370463	0.0067145594
443.776	0.01367172	-5.8370862	0.0097667367
443.904	0.013700472	-5.8367327	0.010143886
444.032	0.013865759	-5.8366743	0.0098058304
444.16	0.01392584	-5.8369731	0.0098926432
444.288	0.014100448	-5.8367194	0.0053108664
444.416	0.013714536	-5.8362002	0.0088143931
444.544	0.014035358	-5.8364123	0.0093730845
444.672	0.014207212	-5.8366503	0.0063095432
444.8	0.014317553	-5.8368068	0.0076071417
444.928	0.013825171	-5.8363928	0.011893807
445.056	0.014238048	-5.8366281	0.0073597806
445.184	0.014178518	-5.8367049	0.0092888167
445.312	0.013915678	-5.8364342	0.012088469
445.44	0.014230497	-5.8365831	0.0096911116
445.568	0.014244597	-5.8368662	0.0095567819
445.696	0.014026208	-5.8365446	0.01037911
445.824	0.013972773	-5.8363496	0.010904826
445.952	0.013932465	-5.8366359	0.010616913
446.08	0.013808798	-5.8365932	0.0088105202
446.208	0.013838086	-5.8368723	0.0075490142
446.336	0.013675786	-5.8367942	0.0067701302
446.464	0.013888136	-5.8373103	0.0050546708
446.592	0.013568338	-5.837103	0.0065049489
446.72	0.013457708	-5.8370403	0.0062089582
446.848	0.013290507	-5.8373203	0.0054259611
446.976	0.013339957	-5.8373756	0.0039419283
447.104	0.013239047	-5.8375797	0.0070951029
447.232	0.013198339	-5.8376859	0.0076392398
447.36	0.012956339	-5.8372967	0.0068276038
447.488	0.013142513	-5.8377079	0.0070316432
447.616	0.012995396	-5.8377118	0.0056310999
447.744	0.012992807	-5.8377848	0.0061517713
447.872	0.012974551	-5.8377881	0.006933756
448	0.013007374	-5.8379649	0.0052174341
448.128	0.012707651	-5.8376581	0.0063815183
448.256	0.013082042	-5.8380282	0.0049098989
448.384	0.012805983	-5.8376612	0.0064528078
448.512	0.012919883	-5.8379833	0.0061913348
448.64	0.012904686	-5.8377094	0.0058741577
448.768	0.012909861	-5.837698	0.0067741025
448.896	0.013001443	-5.8375972	0.0058614773
449.024	0.013067121	-5.8375612	0.0051139151
449.152	0.012882552	-5.8374601	0.0034040408
449.28	0.013056026	-5.8376445	0.0042665767
449.408	0.013354412	-5.8377439	0.0054970311
449.536	0.013142223	-5.8373022	0.0089597794
449.664	0.013248785	-5.837291	0.0078553462
449.792	0.013312818	-5.8370776	0.0091869253
449.92	0.013620549	-5.8373211	0.0066856464
450.048	0.013722492	-5.837095	0.0060760187
450.176	0.013703738	-5.8368886	0.0086054538
450.304	0.013714998	-5.8369214	0.0060556066
450.432	0.013733318	-5.8366048	0.0083095503
450.56	0.013881666	-5.8366306	0.011568183
450.688	0.014158091	-5.8368204	0.010463463
450.816	0.014067671	-5.8366808	0.0097345564
450.944	0.014057598	-5.8365989	0.011258921
451.072	0.014268737	-5.8367453	0.011649252
451.2	0.014006742	-5.8362712	0.010274677
451.328	0.014133962	-5.8364875	0.0076564902
451.456	0.013962131	-5.8364801	0.009146023
451.584	0.014213488	-5.8365703	0.0075691
451.712	0.01425657	-5.8367656	0.007728788
451.84	0.01421212	-5.836887	0.0079256753
451.968	0.013641146	-5.8363133	0.010089975
452.096	0.014345255	-5.8369923	0.0069323318
452.224	0.013909306	-5.8364207	0.0072845209
452.352	0.013884923	-5.8366445	0.0058093638
452.48	0.013803292	-5.8368527	0.0080686854
452.608	0.013718162	-5.836877	0.0095212776
452.736	0.013762134	-5.8369293	0.0082057241
452.864	0.013583964	-5.8371536	0.0086611272
452.992	0.013456003	-5.8372227	0.0082738327
453.12	0.013430542	-5.8375347	0.0072614377
453.248	0.0132883	-5.8375878	0.0061227707
453.376	0.013555756	-5.8376516	0.0058941278
453.504	0.01330083	-5.8375124	0.0066794392
453.632	0.013046037	-5.8370914	0.0069803418
453.76	0.013019786	-5.8371301	0.0071171886
453.888	0.012939727	-5.8371848	0.007594219
454.016	0.01295582	-5.8376749	0.0051122343
454.144	0.012706102	-5.8377721	0.0055275642
454.272	0.012981708	-5.8377973	0.004994864
454.4	0.012887603	-5.837687	0.005390223
454.528	0.012672282	-5.8378117	0.0072644942
454.656	0.01294096	-5.8380709	0.0054517483
454.784	0.012708812	-5.8376581	0.0068242457
454.912	0.013239717	-5.8379693	0.0038336098
455.04	0.012794702	-5.8375134	0.0060198507
455.168	0.013004156	-5.8378132	0.0063008055
455.296	0.012966006	-5.8375768	0.0059407254
455.424	0.012961815	-5.8374817	0.0061209242
455.552	0.013111503	-5.8376604	0.0053826953
455.68	0.013207313	-5.8374592	0.0038339156
455.808	0.013265954	-5.8374459	0.0068242054
455.936	0.013174055	-5.8373546	0.0079290193
456.064	0.013479209	-5.8377392	0.0065044542
456.192	0.013523263	-5.8374172	0.0066617342
456.32	0.013561364	-5.8369059	0.0064522551
456.448	0.013843604	-5.8371629	0.0059480204
456.576	0.013449683	-5.8368589	0.0056985517
456.704	0.013682508	-5.8367492	0.006336646
456.832	0.013849771	-5.8366377	0.0078027077
456.96	0.013929306	-5.8365094	0.0080922902
457.088	0.014063214	-5.836372	0.0075073554
457.216	0.014120586	-5.8365186	0.0093465308
457.344	0.014104083	-5.8367206	0.010928254
457.472	0.014192255	-5.8365754	0.0087058619
457.6	0.014059058	-5.8364733	0.0087676817
457.728	0.014196183	-5.8364712	0.0081670858
457.856	0.014097983	-5.8362182	0.0086034978
457.984	0.014244431	-5.8365552	0.0084157276
458.112	0.013966869	-5.8363534	0.0087690317
458.24	0.014124295	-5.8365484	0.0097260638
458.368	0.014111417	-5.8368394	0.0089513933
458.496	0.013684257	-5.836491	0.0080744524
458.624	0.013932836	-5.8367106	0.0081359757
458.752	0.014061074	-5.8368907	0.0084129263
458.88	0.013931234	-5.837048	0.0068721619
459.008	0.013498008	-5.8364435	0.0065360885
459.136	0.013711052	-5.8372345	0.005988805
459.264	0.013553131	-5.8370335	0.0082003479
459.392	0.013417782	-5.837307	0.007071968
459.52	0.013680726	-5.8375396	0.0047958577
459.648	0.01287925	-5.8369258	0.009905027
459.776	0.013199201	-5.8375879	0.0074015063
459.904	0.013071512	-5.8375237	0.0038912645
460.032	0.01338351	-5.8380042	0.003110383
460.16	0.013048028	-5.837897	0.0058468533
460.288	0.012739563	-5.8374338	0.006604008
460.416	0.01310097	-5.8380708	0.0047651621
460.544	0.012797232	-5.8377792	0.005183
460.672	0.012802084	-5.8378794	0.0070406242
460.8	0.01286822	-5.8379979	0.0052677119
460.928	0.012957952	-5.8378868	0.0034780475
461.056	0.012945965	-5.8378702	0.0043824216
461.184	0.012632364	-5.8375817	0.00652013
461.312	0.012837325	-5.8377046	0.0053103972
461.44	0.012960293	-5.8376823	0.005045261
461.568	0.013114212	-5.8377099	0.0055995378
461.696	0.012921587	-5.8375073	0.0065930373
461.824	0.013140714	-5.837602	0.0071383397
461.952	0.013003437	-5.8375363	0.0091214513
462.08	0.013154903	-5.837341	0.0089779439
462.208	0.013369786	-5.8372398	0.0066869316
462.336	0.013214639	-5.8371098	0.0082687663
462.464	0.013715728	-5.8374056	0.0058396075
462.592	0.01349082	-5.8371186	0.0067852617
462.72	0.013636134	-5.8369595	0.0068228677
462.848	0.013717883	-5.8369092	0.0064918497
462.976	0.014079967	-5.8371357	0.0053289109
463.104	0.013848088	-5.8368553	0.0073584542
463.232	0.013928303	-5.8369321	0.0091440909
463.36	0.013795446	-5.8365861	0.010271271
463.488	0.014282733	-5.8367172	0.0080722018
463.616	0.013969207	-5.8362146	0.0087259908
463.744	0.014012846	-5.8362307	0.0080436173
463.872	0.01443576	-5.8367204	0.0060932715
464	0.014278096	-5.8365694	0.0092275564
464.128	0.014279447	-5.8363617	0.0090386355
464.256	0.013974427	-5.8361797	0.0085469132
464.384	0.014433877	-5.8366928	0.010981574
464.512	0.014088279	-5.8364867	0.011927578
464.64	0.014085053	-5.8367479	0.0090230363
464.768	0.013988839	-5.8368046	0.0092295344
464.896	0.013956496	-5.837112	0.0080283464
465.024	0.013870769	-5.8370229	0.0071617353
465.152	0.013765531	-5.8368529	0.0054743282
465.28	0.01369235	-5.8368547	0.0081567784
465.408	0.013748664	-5.837319	0.0082070571
465.536	0.013557896	-5.8369878	0.0072873335
465.664	0.013466247	-5.8368018	0.0087071978
465.792	0.013396817	-5.8369432	0.0087239699
465.92	0.013314893	-5.8372315	0.007076627
466.048	0.013355729	-5.8375057	0.0064619354
466.176	0.013225112	-5.8377534	0.0080809165
466.304	0.013089296	-5.8379276	0.0049578739
466.432	0.013014153	-5.8374903	0.0039129399
466.56	0.013140062	-5.837974	0.0029336607
466.688	0.012878682	-5.8377238	0.0039125549
466.816	0.012773537	-5.837663	0.0035701894
466.944	0.012929444	-5.8379603	0.0040342
467.072	0.012679569	-5.8376453	0.0044850026
467.2	0.012920476	-5.8377362	0.0023510111
467.328	0.012832901	-5.8377162	0.005248461
467.456	0.012813676	-5.8377348	0.0049779274
467.584	0.012726621	-5.8377015	0.004662837
467.712	0.012949217	-5.8377139	0.0046929635
467.84	0.012894718	-5.8374631	0.0045508251
467.968	0.012891082	-5.8375451	0.0068426954
468.096	0.013127635	-5.837964	0.0072277221
468.224	0.013187697	-5.8373724	0.0059744504
468.352	0.013226417	-5.8374126	0.0049511266
468.48	0.013407121	-5.8373587	0.0075234271
468.608	0.013436872	-5.8375581	0.0075984076
468.736	0.013397505	-5.8373218	0.0078023562
468.864	0.01358823	-5.8370533	0.0075344308
468.992	0.013645885	-5.8368672	0.0059890743
469.12	0.013661528	-5.8368528	0.0065315348
469.248	0.013817952	-5.8367734	0.0089502195
469.376	0.013916075	-5.836873	0.0068307644
469.504	0.013781761	-5.8367146	0.0065676219
469.632	0.013986169	-5.8365035	0.0083684154
469.76	0.014136129	-5.8364766	0.0080482466
469.888	0.013955417	-5.8360994	0.010501326
470.016	0.014061991	-5.8363672	0.008332155
470.144	0.014161356	-5.8362616	0.0073036175
470.272	0.01413765	-5.8362685	0.011073006
470.4	0.01441525	-5.8364602	0.0087962849
470.528	0.014238588	-5.8363879	0.008374115
470.656	0.014139304	-5.8363723	0.0091544765
470.784	0.014339731	-5.8365029	0.0079986439
470.912	0.014056123	-5.8365071	0.009614564
471.04	0.014065354	-5.8366783	0.0090883259
471.168	0.013895095	-5.8363957	0.0047970264
471.296	0.013816162	-5.8365834	0.0053079048
471.424	0.013814018	-5.8368358	0.010894568
471.552	0.013858504	-5.8370151	0.009263426
471.68	0.013683988	-5.8371676	0.0073293459
471.808	0.013496027	-5.8370305	0.0072889478
471.936	0.013523316	-5.8374155	0.0063502948
472.064	0.013338925	-5.8369754	0.0048444126
472.192	0.013351152	-5.8374022	0.004857954
472.32	0.013219605	-5.8374695	0.0048369073
472.448	0.013187801	-5.8373471	0.0035053471
472.576	0.012935017	-5.8372436	0.0042815569
472.704	0.013099416	-5.837654	0.0053629375
472.832	0.012958055	-5.837553	0.007394804
472.96	0.013135908	-5.8377283	0.0034197632
473.088	0.01266311	-5.8371583	0.0045343397
473.216	0.012793983	-5.8376071	0.0032704845
473.344	0.012793957	-5.8375934	0.0051304569
473.472	0.012865523	-5.8376584	0.0043641705
473.6	0.012976955	-5.8378235	0.0020212161
473.728	0.012928514	-5.8376857	0.0044804343
473.856	0.012656725	-5.8375979	0.0059709928
473.984	0.013021937	-5.8377985	0.0035076863
474.112	0.01300218	-5.8378102	0.0031196376
474.24	0.012983676	-5.837972	0.0042862659
474.368	0.013046674	-5.8378216	0.004465392
474.496	0.013069071	-5.8372992	0.0039827928
474.624	0.013199194	-5.8375366	0.0066416038
474.752	0.013122703	-5.8371792	0.0083772984
474.88	0.013259363	-5.8371959	0.0073445137
475.008	0.013517538	-5.837371	0.008327767
475.136	0.013363792	-5.8369844	0.0099960422
475.264	0.013811848	-5.8374369	0.0086406399
475.392	0.013659174	-5.8368523	0.0084553964
475.52	0.013812693	-5.8368256	0.0054365208
475.648	0.013818742	-5.8367492	0.0073385874
475.776	0.013928622	-5.8367494	0.0095149778
475.904	0.014060194	-5.8366867	0.0096129235
476.032	0.014219895	-5.836456	0.0091991925
476.16	0.014134329	-5.8365736	0.0091568422
476.288	0.014130988	-5.8365438	0.0082424537
476.416	0.01423626	-5.8365623	0.0085078269
476.544	0.014196833	-5.836402	0.0097961213
476.672	0.014118343	-5.8363377	0.0091952038
476.8	0.014076668	-5.8363339	0.006419811
476.928	0.014329298	-5.8366066	0.0065507345
477.056	0.014159718	-5.8365524	0.0082291088
477.184	0.014254501	-5.8365186	0.0081803418
477.312	0.013690131	-5.8363555	0.0091817786
477.44	0.013915066	-5.836839	0.0082757765
477.568	0.013830369	-5.8368062	0.0073092567
477.696	0.013830636	-5.8368915	0.007095115
477.824	0.013737958	-5.836751	0.010432146
477.952	0.013904773	-5.8374162	0.0069742065
478.08	0.013145673	-5.8369574	0.0076850461
478.208	0.013688035	-5.8375373	0.0056101698
478.336	0.01340225	-5.8372248	0.0054511659
478.464	0.013706374	-5.8375029	0.0045587713
478.592	0.013150043	-5.8372432	0.0060832407
478.72	0.013035674	-5.8373618	0.0073833104
478.848	0.013095045	-5.8375117	0.0051324494
478.976	0.012994621	-5.8375735	0.0063853573
479.104	0.012885951	-5.8376948	0.0074439497
479.232	0.012956739	-5.8377551	0.0042378561
479.36	0.012895081	-5.8376889	0.0039595071
479.488	0.012936711	-5.8379407	0.0040550024
479.616	0.012720289	-5.8380268	0.0030041022
479.744	0.012888656	-5.8381145	0.0033149622
479.872	0.012751154	-5.837612	0.0048649351
480	0.012980993	-5.8377463	0.0035277631
480.128	0.012716214	-5.837343	0.0067563253
480.256	0.012851937	-5.8375658	0.0086675051
480.384	0.01271077	-5.8374279	0.0068173733
480.512	0.013242622	-5.8380913	0.0051252682
480.64	0.012662898	-5.8373561	0.0080136762
480.768	0.013417456	-5.8381077	0.0069904284
480.896	0.013172872	-5.8374124	0.0092869688
481.024	0.01330176	-5.8372258	0.0062672795
481.152	0.013376224	-5.8373056	0.0036395462
481.28	0.013439554	-5.8372508	0.0036876703
481.408	0.013500809	-5.8371003	0.0059769202
481.536	0.013615508	-5.8369793	0.0068198556
481.664	0.013855315	-5.8369621	0.0076890552
481.792	0.013505662	-5.8366097	0.0090221869
481.92	0.014103787	-5.8368483	0.0067986015
482.048	0.013932012	-5.836706	0.0059014468
482.176	0.014049776	-5.8368548	0.0072050963
482.304	0.014127637	-5.836593	0.0084603332
482.432	0.014090229	-5.8365021	0.0079774703
482.56	0.014078781	-5.8363032	0.0064175528
482.688	0.01416073	-5.8363678	0.006800142
482.816	0.014148289	-5.8363156	0.010453872
482.944	0.013996478	-5.8362757	0.0099049774
483.072	0.014238497	-5.8366545	0.0084127875
483.2	0.013792834	-5.8362377	0.011751474
483.328	0.014212485	-5.8364673	0.0079097698
483.456	0.014089203	-5.8365873	0.0071606796
483.584	0.013873218	-5.8361452	0.010433363
483.712	0.014260563	-5.8366574	0.0076285589
483.84	0.013887062	-5.8366977	0.0078702622
483.968	0.013763761	-5.8366181	0.0073129744
484.096	0.013870179	-5.8370956	0.0064551254
484.224	0.013597244	-5.8369951	0.0057115098
484.352	0.013894035	-5.8374227	0.0066246035
484.48	0.013610673	-5.8371959	0.0070984512
484.608	0.013311336	-5.836911	0.0063019313
484.736	0.013227351	-5.8371272	0.0070778483
484.864	0.01353887	-5.8376376	0.0048433904
484.992	0.013172094	-5.8373167	0.0041642521
485.12	0.013028512	-5.8373983	0.0063430638
485.248	0.013261832	-5.8376229	0.0062307413
485.376	0.012818561	-5.8373887	0.0049868998
485.504	0.012822743	-5.8376759	0.0042291784
485.632	0.012877361	-5.8376584	0.003355113
485.76	0.012923179	-5.8378548	0.0047660168
485.888	0.012820328	-5.8378659	0.0032031019
486.016	0.012732362	-5.8376303	0.0013427922
486.144	0.013101819	-5.8382203	0.0040778015
486.272	0.012743744	-5.8376569	0.0059153494
486.4	0.012901743	-5.8379002	0.0060284362
486.528	0.012750919	-5.8374878	0.0053944707
486.656	0.012737491	-5.8372617	0.0061753245
486.784	0.013270474	-5.8378867	0.0060242303
486.912	0.012998154	-5.8374293	0.0055741693
487.04	0.012841223	-5.8373613	0.0080584879
487.168	0.013395781	-5.8379135	0.0078977658
487.296	0.013497307	-5.8376723	0.0077013624
487.424	0.013386515	-5.8372537	0.006634933
487.552	0.013268483	-5.8367887	0.0082836959
487.68	0.013344844	-5.8370245	0.0090976347
487.808	0.013723255	-5.8370921	0.010086896
487.936	0.01379105	-5.8371076	0.0078620627
488.064	0.013796788	-5.836984	0.0049448428
488.192	0.013734341	-5.8369999	0.0076098591
488.32	0.013720316	-5.8372641	0.0091447108
488.448	0.013924554	-5.837131	0.0083793498
488.576	0.013836752	-5.8368461	0.009298001
488.704	0.014356229	-5.8371801	0.0077597429
488.832	0.013978456	-5.8365968	0.009241421
488.96	0.014306177	-5.8366944	0.0080303266
489.088	0.014051752	-5.8364089	0.0083482603
489.216	0.014079971	-5.8364193	0.0083180516
489.344	0.014285406	-5.8363591	0.0067903041
489.472	0.014183983	-5.836431	0.008145776
489.6	0.014184672	-5.8365023	0.007668634
489.728	0.014240571	-5.8366631	0.0089125892
489.856	0.013901474	-5.8362426	0.010915083
489.984	0.013924241	-5.8363624	0.0087726189
490.112	0.013858854	-5.8365534	0.009592931
490.24	0.013955511	-5.8368066	0.0093396532
490.368	0.013983681	-5.8368995	0.0079014531
490.496	0.013664999	-5.8366481	0.0066715634
490.624	0.013501438	-5.8367821	0.006795003
490.752	0.013740813	-5.8373686	0.0066529816
490.88	0.013414786	-5.8373802	0.0070941816
491.008	0.013514569	-5.8374559	0.0075537361
491.136	0.013339869	-5.8375436	0.0070544145
491.264	0.013193489	-5.8372376	0.0072899928
491.392	0.013116812	-5.8375203	0.007570055
491.52	0.013077588	-5.8374214	0.0054246629
491.648	0.01292464	-5.8373452	0.007392224
491.776	0.013045518	-5.8375398	0.0047064316
491.904	0.012884032	-5.8373605	0.0023524507
492.032	0.01285521	-5.8376188	0.0031138002
492.16	0.012814967	-5.838045	0.0026366054
492.288	0.012913397	-5.8379245	0.0029920535
492.416	0.012918976	-5.8380127	0.0049194278
492.544	0.012795618	-5.8378272	0.0051190884
492.672	0.012735921	-5.8376623	0.0050901388
492.8	0.013087824	-5.8380299	0.0038067929
492.928	0.012717938	-5.8376155	0.0060263591
493.056	0.013117583	-5.8376822	0.0048007774
493.184	0.012764519	-5.8373982	0.0064980816
493.312	0.013175281	-5.8376032	0.0041213357
493.44	0.013214511	-5.8377551	0.0039617879
493.568	0.013068136	-5.8372268	0.0063791519
493.696	0.013145805	-5.8371102	0.0054454522
493.824	0.013503261	-5.8374448	0.0050184803
493.952	0.01366914	-5.8373056	0.0041932672
494.08	0.013384313	-5.8369717	0.0087901449
494.208	0.013581642	-5.8370391	0.010005683
494.336	0.013889369	-5.8371275	0.0080862731
494.464	0.013816306	-5.8366658	0.0084495775
494.592	0.013765323	-5.8363205	0.0077851118
494.72	0.014044585	-5.8367492	0.0072052462
494.848	0.013987274	-5.8365527	0.0084300612
494.976	0.014059779	-5.8365965	0.0066576096
495.104	0.014059304	-5.8365058	0.0080208955
495.232	0.014202745	-5.836701	0.0098253922
495.36	0.014149296	-5.8365875	0.0095151839
495.488	0.014300542	-5.836727	0.0082675853
495.616	0.0141423	-5.8367198	0.0086601791
495.744	0.014079625	-5.8365022	0.0040624191
495.872	0.014238153	-5.8367044	0.0058847369
496	0.014150616	-5.8367412	0.010882229
496.128	0.014030829	-5.8365262	0.0083187244
496.256	0.014153879	-5.8365061	0.0085779164
496.384	0.013818107	-5.8366789	0.010441522
496.512	0.013729893	-5.8366474	0.011246313
496.64	0.013757292	-5.836787	0.012844745
496.768	0.013658903	-5.8366854	0.011136951
496.896	0.013823648	-5.8369237	0.0062712047
497.024	0.013567956	-5.8366159	0.00570826
497.152	0.013456174	-5.8369976	0.007740707
497.28	0.013588435	-5.8374951	0.0051241239
497.408	0.013312592	-5.8374292	0.0063763461
497.536	0.013142305	-5.8374756	0.0058544865
497.664	0.01305201	-5.8373887	0.0052293245
497.792	0.013212057	-5.8377844	0.0054415528
497.92	0.01308152	-5.8378157	0.0073081756
498.048	0.012800896	-5.8375669	0.00771935
498.176	0.012930399	-5.8377798	0.0031680744
498.304	0.012935887	-5.8378144	0.0040823298
498.432	0.012862196	-5.8375659	0.0032851458
498.56	0.012878682	-5.8375492	0.0037678314
498.688	0.012805059	-5.8377431	0.006452614
498.816	0.012758087	-5.8375854	0.0072756875
498.944	0.012778646	-5.8376165	0.0067866185
499.072	0.012806825	-5.8376506	0.006051504
499.2	0.012812774	-5.8373485	0.0051423385
499.328	0.012934195	-5.8376281	0.0056161122
499.456	0.012997654	-5.8377906	0.0028567998
499.584	0.013013108	-5.8377899	0.0048949584
499.712	0.013195029	-5.8376342	0.004815321
499.84	0.013089566	-5.8374634	0.0045281365
499.968	0.013347948	-5.8376549	0.0077734244
