0	0.031088975	-5.8198671	0.051716997
0.128	0.031280601	-5.8202121	0.052354306
0.256	0.030741211	-5.8194688	0.054861028
0.384	0.030994922	-5.8195517	0.050054296
0.512	0.030854788	-5.8197564	0.05186711
0.64	0.031628842	-5.8205637	0.052372438
0.768	0.031174976	-5.8202377	0.054007157
0.896	0.031468203	-5.8204915	0.05478993
1.024	0.031324848	-5.8200924	0.053681601
1.152	0.030641033	-5.8192327	0.056769285
1.28	0.031070101	-5.8198735	0.057759538
1.408	0.031826368	-5.8201428	0.05595879
1.536	0.031257978	-5.8191652	0.057803559
1.664	0.031598849	-5.8193536	0.055969316
1.792	0.03181082	-5.8199679	0.053107808
1.92	0.031460494	-5.8195297	0.056740359
2.048	0.032006985	-5.8197688	0.057155073
2.176	0.031942028	-5.819545	0.052617253
2.304	0.031294547	-5.8188984	0.053590346
2.432	0.031907641	-5.8191444	0.054862004
2.56	0.031718268	-5.8188436	0.054784778
2.688	0.03146169	-5.8182981	0.051475785
2.816	0.032122319	-5.8191993	0.054966705
2.944	0.031709873	-5.8194123	0.056131856
3.072	0.031757388	-5.8190889	0.05276714
3.2	0.032017281	-5.8194324	0.053106061
3.328	0.031705843	-5.8191926	0.055478119
3.456	0.032277308	-5.8195459	0.052347829
3.584	0.031352022	-5.8186304	0.057173625
3.712	0.031807774	-5.818782	0.054401632
3.84	0.031962775	-5.8187743	0.05553739
3.968	0.032189056	-5.819248	0.056421621
4.096	0.031729167	-5.8191608	0.056861092
4.224	0.032139091	-5.8202699	0.052286134
4.352	0.031310153	-5.8192105	0.05143601
4.48	0.031798468	-5.8196309	0.05221103
4.608	0.031705126	-5.8200291	0.054566783
4.736	0.031480853	-5.8196073	0.05343121
4.864	0.031611798	-5.8199318	0.053218232
4.992	0.031184744	-5.8196835	0.05126478
5.12	0.031491283	-5.8198186	0.050995245
5.248	0.031423162	-5.8199727	0.053012602
5.376	0.030922093	-5.8193795	0.054027289
5.504	0.031690363	-5.8199821	0.051834708
5.632	0.030969925	-5.819635	0.053122645
5.76	0.03138813	-5.8204536	0.050565777
5.888	0.031097795	-5.8199683	0.053020272
6.016	0.030882167	-5.8199725	0.053713849
6.144	0.031026839	-5.8200503	0.053001204
6.272	0.03134057	-5.8203603	0.053165428
6.4	0.031334217	-5.8204033	0.051529831
6.528	0.030910548	-5.8200694	0.050778378
6.656	0.03122535	-5.8203532	0.053817134
6.784	0.030923938	-5.8202849	0.056047852
6.912	0.031195515	-5.8206375	0.049676218
7.04	0.030909724	-5.8200347	0.051958293
7.168	0.031244283	-5.8204877	0.054104992
7.296	0.030939131	-5.8202996	0.055489204
7.424	0.031359275	-5.8205096	0.053448835
7.552	0.031361322	-5.8203617	0.05243027
7.68	0.031418323	-5.8204231	0.051929881
7.808	0.031060395	-5.8198031	0.054279793
7.936	0.031147966	-5.8193447	0.054920216
8.064	0.03201068	-5.8205582	0.050163069
8.192	0.032056108	-5.8207391	0.05001113
8.32	0.031141812	-5.8195341	0.05842801
8.448	0.032214288	-5.8202907	0.056760862
8.576	0.031443648	-5.8195212	0.058318981
8.704	0.031464115	-5.8192081	0.058988942
8.832	0.032111793	-5.8200789	0.054657192
8.96	0.031773619	-5.8194295	0.05865997
9.088	0.031958031	-5.8196421	0.057737983
9.216	0.032146409	-5.8197853	0.053681932
9.344	0.03184916	-5.8197355	0.060933856
9.472	0.032024155	-5.8197166	0.055865961
9.6	0.032059494	-5.8196208	0.052572551
9.728	0.031970292	-5.8199607	0.055613647
9.856	0.031758781	-5.8194007	0.058130009
9.984	0.031514502	-5.818938	0.058925887
10.112	0.032221546	-5.8201917	0.054258861
10.24	0.031446682	-5.8193948	0.056263382
10.368	0.03200798	-5.8203629	0.054617393
10.496	0.031575212	-5.8200237	0.053655381
10.624	0.031493089	-5.82003	0.055023621
10.752	0.031721889	-5.8202504	0.056256533
10.88	0.031828026	-5.8207721	0.055367745
11.008	0.031764116	-5.8207194	0.053221713
11.136	0.031028085	-5.8200472	0.05716858
11.264	0.031357747	-5.8205741	0.055740527
11.392	0.031516121	-5.8207669	0.049333116
11.52	0.031210059	-5.8204996	0.049254088
11.648	0.031214265	-5.8209319	0.054373188
11.776	0.031509979	-5.8212001	0.052892365
11.904	0.03134595	-5.820977	0.053065676
12.032	0.031453108	-5.821213	0.054030223
12.16	0.031098534	-5.8208791	0.053394967
12.288	0.031117839	-5.8209348	0.053965151
12.416	0.031633623	-5.8211077	0.051548601
12.544	0.030835434	-5.8205036	0.054415527
12.672	0.031177398	-5.8207796	0.055368829
12.8	0.031500976	-5.8212262	0.053804824
12.928	0.031025417	-5.8205836	0.053165916
13.056	0.031307579	-5.821015	0.051804275
13.184	0.030637733	-5.8203511	0.057474545
13.312	0.031481943	-5.8211484	0.057048824
13.44	0.031672221	-5.8211289	0.054729439
13.568	0.031380135	-5.8210243	0.058090085
13.696	0.031515387	-5.8210596	0.055427132
13.824	0.031114344	-5.8204522	0.051833193
13.952	0.031214003	-5.8204694	0.051792923
14.08	0.031366818	-5.8207041	0.055844108
14.208	0.032307629	-5.8216971	0.052745994
14.336	0.030893077	-5.8202775	0.05548707
14.464	0.031116949	-5.8201237	0.058761963
14.592	0.031204116	-5.8202493	0.05782751
14.72	0.031660041	-5.8207638	0.057484787
14.848	0.031743408	-5.8205077	0.059844674
14.976	0.032167705	-5.8208665	0.052762861
15.104	0.031708216	-5.8199885	0.054430715
15.232	0.031415262	-5.8198953	0.058261073
15.36	0.031798445	-5.8202705	0.059014377
15.488	0.03282539	-5.8212371	0.055525264
15.616	0.031836693	-5.8205738	0.055907889
15.744	0.03157068	-5.8200752	0.057299283
15.872	0.031745686	-5.820523	0.05630986
16	0.031719772	-5.8206034	0.053451695
16.128	0.031907679	-5.8207208	0.054786393
16.256	0.031591767	-5.8202731	0.055986624
16.384	0.031602766	-5.8204119	0.052127366
16.512	0.031301076	-5.8199022	0.051969988
16.64	0.031819	-5.8205965	0.053540733
16.768	0.031747744	-5.8208036	0.051222382
16.896	0.031706202	-5.8207625	0.04982449
17.024	0.03148877	-5.8202921	0.054494936
17.152	0.031602673	-5.8206267	0.056167195
17.28	0.031781561	-5.821187	0.055584602
17.408	0.031242343	-5.8210313	0.055455724
17.536	0.031055578	-5.8206191	0.055417318
17.664	0.031904259	-5.8212401	0.054267792
17.792	0.031908282	-5.8215441	0.056839202
17.92	0.031064962	-5.8208109	0.05675095
18.048	0.031261527	-5.8213857	0.049991182
18.176	0.030929716	-5.8207982	0.056264944
18.304	0.030750483	-5.8206378	0.054389238
18.432	0.031134442	-5.8208003	0.04928001
18.56	0.031375027	-5.8209554	0.051512746
18.688	0.031947052	-5.8218536	0.051253551
18.816	0.031183048	-5.8212476	0.051970224
18.944	0.03107805	-5.8216314	0.052463816
19.072	0.031185352	-5.8210784	0.052250188
19.2	0.030757876	-5.8208088	0.052641205
19.328	0.031805287	-5.8218193	0.05534772
19.456	0.031318232	-5.8209738	0.05407681
19.584	0.031539681	-5.8212289	0.052346189
19.712	0.031341872	-5.8209058	0.056037509
19.84	0.031275687	-5.8206091	0.053325155
19.968	0.031491887	-5.8211914	0.055414241
20.096	0.030982603	-5.8203808	0.054497149
20.224	0.031544484	-5.8207243	0.053992176
20.352	0.031464923	-5.8206797	0.055717811
20.48	0.031936214	-5.8214209	0.052453941
20.608	0.031295971	-5.8206162	0.057702172
20.736	0.032279753	-5.8213856	0.052822479
20.864	0.031199961	-5.8200735	0.057575036
20.992	0.031904993	-5.8209283	0.055573178
21.12	0.031553494	-5.8207167	0.054872955
21.248	0.031635685	-5.820451	0.058677353
21.376	0.031794425	-5.8206556	0.057372586
21.504	0.031391205	-5.8208971	0.055227902
21.632	0.031730973	-5.8209374	0.053117481
21.76	0.031416685	-5.8203552	0.054428472
21.888	0.031649275	-5.8206358	0.053545461
22.016	0.031292183	-5.8206106	0.056655527
22.144	0.031544245	-5.8207022	0.053698278
22.272	0.031377826	-5.8207167	0.054777469
22.4	0.031681247	-5.8207827	0.055162522
22.528	0.03167165	-5.821024	0.054787593
22.656	0.031650725	-5.8209726	0.054007776
22.784	0.031640503	-5.8208003	0.055344576
22.912	0.031908474	-5.8212858	0.053241071
23.04	0.031712141	-5.8211401	0.051348377
23.168	0.031895943	-5.821191	0.051563183
23.296	0.031466735	-5.82054	0.056531586
23.424	0.031575428	-5.8210546	0.050902306
23.552	0.031283339	-5.8207044	0.048643314
23.68	0.031362513	-5.8209068	0.048650968
23.808	0.031007484	-5.8205746	0.051324034
23.936	0.031508243	-5.8211279	0.051930981
24.064	0.031614129	-5.8210972	0.050997557
24.192	0.030793115	-5.8209281	0.052566376
24.32	0.031514293	-5.821384	0.053855379
24.448	0.031266871	-5.8210441	0.056586786
24.576	0.03128804	-5.8213632	0.05482929
24.704	0.031551109	-5.8215698	0.053256144
24.832	0.031641132	-5.8216404	0.053173528
24.96	0.031552155	-5.8214134	0.054037141
25.088	0.030975965	-5.8207631	0.053355863
25.216	0.031490572	-5.8211957	0.049808861
25.344	0.030967846	-5.8204105	0.051848612
25.472	0.031619678	-5.8212124	0.049356779
25.6	0.031524636	-5.8212187	0.049617289
25.728	0.030993889	-5.8204919	0.056648245
25.856	0.031454882	-5.8215359	0.054650086
25.984	0.031483406	-5.821445	0.053248936
26.112	0.031200197	-5.8214356	0.054490461
26.24	0.031617445	-5.8216945	0.051879318
26.368	0.031078727	-5.8210594	0.051615873
26.496	0.031062484	-5.8210823	0.05100637
26.624	0.031909502	-5.8213767	0.047602955
26.752	0.031286327	-5.8208095	0.049598636
26.88	0.031678733	-5.8212359	0.049218729
27.008	0.030931486	-5.8204224	0.053034124
27.136	0.031485997	-5.8212706	0.050851376
27.264	0.031744028	-5.8213494	0.051138542
27.392	0.031288819	-5.8209326	0.053480546
27.52	0.032057597	-5.8219539	0.049800681
27.648	0.031232213	-5.8207131	0.055101315
27.776	0.031967379	-5.8214025	0.051698337
27.904	0.031763815	-5.821225	0.052679053
28.032	0.031596074	-5.8210429	0.050364015
28.16	0.031632579	-5.8208625	0.051629857
28.288	0.031557048	-5.8211073	0.053862249
28.416	0.031534528	-5.8210162	0.051243588
28.544	0.031725501	-5.8212037	0.048126107
28.672	0.031588903	-5.8215148	0.050362493
28.8	0.031693348	-5.821277	0.050879921
28.928	0.031031641	-5.8204015	0.052443158
29.056	0.031948305	-5.8214469	0.051524511
29.184	0.031551309	-5.8211091	0.048750233
29.312	0.032077709	-5.8215918	0.049243235
29.44	0.031316187	-5.8208325	0.054131262
29.568	0.032069891	-5.8215567	0.050782119
29.696	0.031128141	-5.8204254	0.053565497
29.824	0.031793918	-5.8209501	0.05097359
29.952	0.031457093	-5.8209918	0.05493152
30.08	0.031198488	-5.820655	0.051333751
30.208	0.03187889	-5.8214553	0.053057542
30.336	0.031615729	-5.8214487	0.05372223
30.464	0.03055513	-5.82018	0.054788549
30.592	0.032068469	-5.8218402	0.052310536
30.72	0.031404576	-5.821587	0.05389602
30.848	0.031866606	-5.8218824	0.052892553
30.976	0.031231511	-5.8213634	0.05252937
31.104	0.031034491	-5.8213094	0.05214031
31.232	0.03158449	-5.821689	0.051306145
31.36	0.030865452	-5.8207258	0.053882882
31.488	0.031519715	-5.82139	0.053603718
31.616	0.030791432	-5.8209733	0.052974941
31.744	0.03150513	-5.8220099	0.053544137
31.872	0.031485243	-5.8221712	0.053240614
32	0.031329991	-5.8215689	0.053232277
32.128	0.031383906	-5.8215273	0.053948298
32.256	0.031468515	-5.82175	0.05465544
32.384	0.031432978	-5.821743	0.05052418
32.512	0.031330615	-5.8215769	0.053828757
32.64	0.031110294	-5.8212832	0.054144197
32.768	0.031219035	-5.8214913	0.049083258
32.896	0.031384157	-5.8219949	0.049488207
33.024	0.03176323	-5.8222851	0.050912229
33.152	0.031164268	-5.8212533	0.053596674
33.28	0.031155617	-5.8212942	0.053742638
33.408	0.031360675	-5.8216365	0.05221662
33.536	0.031671281	-5.8216867	0.048819775
33.664	0.031827188	-5.8216894	0.050178489
33.792	0.031568248	-5.8216844	0.054463554
33.92	0.031554985	-5.8215328	0.054889816
34.048	0.031444029	-5.8208961	0.05132105
34.176	0.031991184	-5.8214007	0.049108457
34.304	0.031614478	-5.8209671	0.051239922
34.432	0.031426626	-5.8209672	0.052091725
34.56	0.031873624	-5.8213033	0.050983778
34.688	0.031483215	-5.8211504	0.050870047
34.816	0.031580967	-5.820887	0.052697328
34.944	0.031523807	-5.8207383	0.058319747
35.072	0.031947812	-5.8212464	0.053447362
35.2	0.031415359	-5.82105	0.0557659
35.328	0.032061749	-5.8215609	0.054019321
35.456	0.03178104	-5.8212055	0.055219031
35.584	0.031888321	-5.8212202	0.060919977
35.712	0.032091935	-5.8215338	0.054194594
35.84	0.031111085	-5.8203565	0.055415456
35.968	0.031608657	-5.8212121	0.055037184
36.096	0.031573942	-5.8211603	0.055160185
36.224	0.031793629	-5.8218551	0.050505271
36.352	0.031224509	-5.821003	0.050178871
36.48	0.031380994	-5.8213683	0.052484456
36.608	0.031658579	-5.8214468	0.051178672
36.736	0.031669357	-5.821541	0.05215066
36.864	0.031461073	-5.8213971	0.050522752
36.992	0.031546734	-5.8218593	0.050792029
37.12	0.030936296	-5.8213524	0.056879342
37.248	0.031801003	-5.8221259	0.049604893
37.376	0.03121469	-5.821376	0.049390944
37.504	0.031332295	-5.8215695	0.052791887
37.632	0.031089078	-5.8213879	0.054103841
37.76	0.031587941	-5.8219765	0.05294968
37.888	0.031472144	-5.8219124	0.051266128
38.016	0.030858495	-5.8214136	0.053133575
38.144	0.031401435	-5.821722	0.053307997
38.272	0.031402423	-5.8218834	0.052720421
38.4	0.030954681	-5.8214309	0.051380426
38.528	0.031507398	-5.8219908	0.051201167
38.656	0.030939716	-5.8212515	0.052849166
38.784	0.03166492	-5.8218984	0.050322202
38.912	0.031048775	-5.8210596	0.051842739
39.04	0.031273381	-5.8212855	0.051115892
39.168	0.031051854	-5.8211548	0.053365956
39.296	0.031191581	-5.8213317	0.053567423
39.424	0.031583661	-5.821857	0.050525497
39.552	0.031193536	-5.8214551	0.050902436
39.68	0.03168148	-5.8218872	0.049383672
39.808	0.031351582	-5.8212962	0.049290906
39.936	0.031707638	-5.8215602	0.053215848
40.064	0.031921259	-5.8217246	0.054168947
40.192	0.031683444	-5.8214133	0.05375873
40.32	0.031536889	-5.8211531	0.054014303
40.448	0.031452186	-5.8208909	0.055355524
40.576	0.032127739	-5.8217513	0.052490798
40.704	0.030906319	-5.8206712	0.057866392
40.832	0.03217174	-5.8216798	0.054301756
40.96	0.031998566	-5.8215981	0.054905673
41.088	0.0320858	-5.8216412	0.052436607
41.216	0.032071793	-5.8214716	0.052964978
41.344	0.032077443	-5.8213594	0.053965562
41.472	0.03219302	-5.8211077	0.047258189
41.6	0.031787654	-5.8211099	0.051773148
41.728	0.032034981	-5.8215684	0.055995405
41.856	0.031920498	-5.8217387	0.051785358
41.984	0.031645116	-5.8215332	0.052856487
42.112	0.031824952	-5.8216887	0.052909608
42.24	0.031844448	-5.8216486	0.05126208
42.368	0.031599576	-5.8215125	0.054128558
42.496	0.032356449	-5.8225935	0.047700546
42.624	0.031252476	-5.8217424	0.047610349
42.752	0.031546965	-5.8220384	0.048884368
42.88	0.030940779	-5.821693	0.052226594
43.008	0.031039442	-5.8215706	0.049752143
43.136	0.031329429	-5.8220669	0.048357597
43.264	0.030932554	-5.8220366	0.048057008
43.392	0.031337584	-5.8222762	0.047385235
43.52	0.031193244	-5.8221137	0.053288549
43.648	0.031238013	-5.8222627	0.051812261
43.776	0.030875469	-5.8220451	0.051842392
43.904	0.03071791	-5.8224302	0.05281229
44.032	0.030932751	-5.8225697	0.051405945
44.16	0.03123092	-5.8227103	0.046544569
44.288	0.031306734	-5.8229557	0.049202788
44.416	0.031067441	-5.8225568	0.051862077
44.544	0.0301961	-5.8215071	0.051003323
44.672	0.030990919	-5.8223232	0.047635512
44.8	0.031223203	-5.8225055	0.046265941
44.928	0.030976837	-5.8223905	0.047326858
45.056	0.030947867	-5.8222966	0.047887969
45.184	0.031113759	-5.8221927	0.047220665
45.312	0.031654965	-5.8226729	0.048767032
45.44	0.031533111	-5.8226262	0.050015618
45.568	0.031549093	-5.8222938	0.048747219
45.696	0.030836831	-5.8214118	0.04868772
45.824	0.031854167	-5.8222551	0.048748166
45.952	0.031506548	-5.8217321	0.048622854
46.08	0.031729037	-5.8219025	0.049028711
46.208	0.03172158	-5.8216482	0.051490684
46.336	0.031082689	-5.8210321	0.050902821
46.464	0.032189739	-5.8222437	0.050261002
46.592	0.032128395	-5.8221217	0.0498317
46.72	0.032184303	-5.8216741	0.048131881
46.848	0.032093032	-5.8218346	0.050689359
46.976	0.031830089	-5.8216727	0.050822549
47.104	0.03258055	-5.8217444	0.047018101
47.232	0.032042896	-5.821431	0.048821604
47.36	0.032464575	-5.8218339	0.052279783
47.488	0.03221713	-5.8216631	0.051366185
47.616	0.032249416	-5.8221657	0.04907701
47.744	0.031521207	-5.8215962	0.049451179
47.872	0.032124352	-5.8221711	0.050254989
48	0.032338989	-5.8223092	0.050367687
48.128	0.03141114	-5.8213684	0.051731208
48.256	0.031247622	-5.8213934	0.052568656
48.384	0.031974707	-5.8223457	0.046587889
48.512	0.032273462	-5.8229494	0.043410936
48.64	0.031873774	-5.8229303	0.049590814
48.768	0.03145631	-5.8225759	0.053774166
48.896	0.03138524	-5.8227774	0.049548636
49.024	0.031147428	-5.8227764	0.051273245
49.152	0.031379975	-5.8231496	0.049255773
49.28	0.031547502	-5.8235686	0.0481617
49.408	0.030873312	-5.8226842	0.052512278
49.536	0.031726652	-5.8239154	0.047342778
49.664	0.031052696	-5.8232177	0.047277163
49.792	0.031193062	-5.8234563	0.047203897
49.92	0.031155662	-5.8233153	0.047693392
50.048	0.030929598	-5.8232651	0.04540157
50.176	0.030926684	-5.8235307	0.046226537
50.304	0.030530574	-5.8233334	0.048846857
50.432	0.031049962	-5.8237488	0.044638169
50.56	0.030269337	-5.8231638	0.042947402
50.688	0.030743722	-5.8235628	0.043449182
50.816	0.030860119	-5.823566	0.045595919
50.944	0.030650092	-5.8233016	0.046563643
51.072	0.031664275	-5.824249	0.043904516
51.2	0.03073348	-5.8231873	0.040703317
51.328	0.030683994	-5.8230436	0.044332219
51.456	0.031534174	-5.824218	0.049761513
51.584	0.031232784	-5.8236317	0.049871969
51.712	0.03130109	-5.8234482	0.046564965
51.84	0.030732407	-5.8225657	0.047359666
51.968	0.031514285	-5.8230736	0.046448609
52.096	0.031569369	-5.8232507	0.043966971
52.224	0.03143875	-5.8225887	0.046133712
52.352	0.031687654	-5.8227984	0.048765057
52.48	0.031668917	-5.8229272	0.048054731
52.608	0.031709956	-5.8227099	0.047347844
52.736	0.031907469	-5.8226104	0.047669264
52.864	0.031888713	-5.8226412	0.048842467
52.992	0.032197658	-5.822358	0.04861202
53.12	0.031452106	-5.8214756	0.047831644
53.248	0.032160812	-5.8223125	0.046223632
53.376	0.032385907	-5.8224575	0.045869855
53.504	0.031946275	-5.8219792	0.043357583
53.632	0.032508725	-5.8227567	0.045597676
53.76	0.032022911	-5.8224088	0.047966192
53.888	0.032394586	-5.822519	0.045303302
54.016	0.032095428	-5.8224632	0.045817589
54.144	0.032687311	-5.8231665	0.043735298
54.272	0.031719659	-5.8224796	0.044185697
54.4	0.032040671	-5.8228334	0.043321423
54.528	0.032430198	-5.8232944	0.045667888
54.656	0.0311893	-5.822237	0.045831631
54.784	0.03200176	-5.8232825	0.044701208
54.912	0.031530932	-5.8233452	0.045668051
55.04	0.031324629	-5.8230943	0.044075455
55.168	0.031269943	-5.8229429	0.046643734
55.296	0.031531944	-5.8237087	0.042155532
55.424	0.031958941	-5.8242753	0.042800491
55.552	0.031282228	-5.8238596	0.046182282
55.68	0.030652408	-5.8231521	0.043334255
55.808	0.030992573	-5.8237554	0.041834252
55.936	0.030710194	-5.8235377	0.045205486
56.064	0.031105618	-5.8239594	0.043430991
56.192	0.030804532	-5.8236917	0.044964968
56.32	0.03085628	-5.8241262	0.043676161
56.448	0.030976038	-5.8243296	0.043902148
56.576	0.030899944	-5.8242451	0.047949951
56.704	0.030707821	-5.8244392	0.04135302
56.832	0.03088386	-5.8245146	0.045469955
56.96	0.030625875	-5.824053	0.044904908
57.088	0.030649846	-5.8237819	0.042950108
57.216	0.030629059	-5.823592	0.041976367
57.344	0.031243743	-5.8243577	0.041333809
57.472	0.030573134	-5.8237944	0.045589065
57.6	0.030823116	-5.8236858	0.044798261
57.728	0.031151232	-5.8238937	0.042946019
57.856	0.030838004	-5.8233312	0.04425861
57.984	0.031306391	-5.8237671	0.043688009
58.112	0.031249907	-5.8232536	0.04682174
58.24	0.031466325	-5.8234344	0.042604306
58.368	0.031004066	-5.8225285	0.046299397
58.496	0.031951736	-5.8235865	0.047098897
58.624	0.032241675	-5.8234946	0.04706889
58.752	0.031276164	-5.8223943	0.049010039
58.88	0.031858606	-5.8226766	0.047632004
59.008	0.031557902	-5.8224847	0.049475223
59.136	0.032598685	-5.8236077	0.044807886
59.264	0.032278081	-5.8230321	0.048041864
59.392	0.032069527	-5.8226888	0.049349243
59.52	0.032495978	-5.8232488	0.047257537
59.648	0.032266265	-5.8226277	0.045586811
59.776	0.032428314	-5.8230717	0.044450785
59.904	0.031801606	-5.8222275	0.047203184
60.032	0.032170649	-5.8225963	0.047729006
60.16	0.03204564	-5.8225103	0.047439973
60.288	0.03225642	-5.8227232	0.04807757
60.416	0.031782082	-5.8222232	0.049636814
60.544	0.032070421	-5.8227801	0.047151396
60.672	0.032004253	-5.8227996	0.049010512
60.8	0.032130804	-5.8228062	0.044917525
60.928	0.031479304	-5.8222691	0.045469189
61.056	0.031820337	-5.8228402	0.047403117
61.184	0.031476837	-5.8228828	0.044131302
61.312	0.031505097	-5.823155	0.043321254
61.44	0.031663271	-5.8235995	0.042775917
61.568	0.031190274	-5.8231776	0.041500665
61.696	0.031402219	-5.8232923	0.042664758
61.824	0.031262488	-5.8230538	0.046145481
61.952	0.031357796	-5.8236662	0.042902569
62.08	0.031154279	-5.8238662	0.040578618
62.208	0.03092869	-5.8236961	0.040146637
62.336	0.031013341	-5.8241179	0.039605918
62.464	0.030424193	-5.8233062	0.044957022
62.592	0.031231219	-5.8243891	0.042908821
62.72	0.030475693	-5.8237866	0.043648876
62.848	0.031319862	-5.8244651	0.038791595
62.976	0.03113584	-5.8244001	0.039566786
63.104	0.031017462	-5.824056	0.042790955
63.232	0.030541784	-5.8236182	0.040331426
63.36	0.030405803	-5.8234775	0.046243522
63.488	0.030708397	-5.8237375	0.045920315
63.616	0.030944848	-5.8240908	0.042931614
63.744	0.031229646	-5.8239955	0.041749245
63.872	0.030910558	-5.8239916	0.042633115
64	0.031276452	-5.8239937	0.045672684
64.128	0.030895048	-5.823485	0.042140571
64.256	0.030998223	-5.8234286	0.044341922
64.384	0.031638609	-5.8237042	0.046533051
64.512	0.031248311	-5.8234369	0.047115292
64.64	0.031864029	-5.8240528	0.045875807
64.768	0.0316604	-5.823645	0.047821467
64.896	0.031447657	-5.8232576	0.051363666
65.024	0.031563746	-5.823334	0.0483209
65.152	0.032060185	-5.823349	0.044667828
65.28	0.031973135	-5.8232119	0.047332086
65.408	0.031997209	-5.822937	0.048990201
65.536	0.031897665	-5.822523	0.048002269
65.664	0.032621326	-5.8231661	0.046108798
65.792	0.032648574	-5.8232978	0.046231482
65.92	0.031961909	-5.8228233	0.04692868
66.048	0.032023774	-5.8226725	0.050222174
66.176	0.031829565	-5.8223938	0.047130491
66.304	0.032165818	-5.8226672	0.044511456
66.432	0.031745122	-5.8219807	0.047034646
66.56	0.032047118	-5.8223518	0.045211369
66.688	0.031908372	-5.8224799	0.043342093
66.816	0.032388549	-5.8229987	0.046252346
66.944	0.031994239	-5.8230228	0.051805909
67.072	0.031964164	-5.8231294	0.045440736
67.2	0.032007481	-5.8229224	0.043695054
67.328	0.031686592	-5.8226916	0.046067738
67.456	0.031880088	-5.8227514	0.045662758
67.584	0.031802051	-5.8229483	0.041804935
67.712	0.03137554	-5.8228609	0.038441953
67.84	0.031528281	-5.8231151	0.037732448
67.968	0.031077796	-5.8228994	0.044573571
68.096	0.031616948	-5.8238648	0.044394771
68.224	0.03109898	-5.823568	0.04556184
68.352	0.031176496	-5.823815	0.047865076
68.48	0.031191202	-5.8240424	0.045053271
68.608	0.031239727	-5.8235436	0.043328727
68.736	0.031400006	-5.8239991	0.044285442
68.864	0.030897117	-5.8235587	0.04686181
68.992	0.031422867	-5.824074	0.039904175
69.12	0.031307412	-5.8241368	0.043021603
69.248	0.031195557	-5.824521	0.043498466
69.376	0.031665474	-5.8248824	0.039076975
69.504	0.031264359	-5.8243279	0.039719304
69.632	0.030491331	-5.823631	0.040377285
69.76	0.031296215	-5.8243363	0.042765727
69.888	0.030775006	-5.8235928	0.04334788
70.016	0.03080791	-5.8240918	0.037761716
70.144	0.031044773	-5.824272	0.041323638
70.272	0.031325767	-5.8244302	0.046033094
70.4	0.031032153	-5.8240958	0.045104717
70.528	0.03136245	-5.8245716	0.042904435
70.656	0.031143168	-5.8243175	0.042393129
70.784	0.030865618	-5.8241168	0.044112762
70.912	0.030957427	-5.8237659	0.046134124
71.04	0.031845843	-5.8245384	0.042406433
71.168	0.031170946	-5.8241907	0.043534918
71.296	0.031514631	-5.8241435	0.040594566
71.424	0.031347346	-5.823616	0.042168815
71.552	0.031363494	-5.8238992	0.042107174
71.68	0.031135536	-5.8237653	0.039965191
71.808	0.031598216	-5.8236894	0.040744167
71.936	0.031273169	-5.8232642	0.045965266
72.064	0.032334235	-5.8244077	0.043937418
72.192	0.031192575	-5.8228094	0.044432228
72.32	0.032375999	-5.8240116	0.04487926
72.448	0.031599697	-5.8228239	0.046151429
72.576	0.031691547	-5.8226505	0.044647055
72.704	0.031950793	-5.8236232	0.044307522
72.832	0.03158966	-5.8230232	0.0453999
72.96	0.031834658	-5.823036	0.044897804
73.088	0.032139034	-5.823605	0.040409303
73.216	0.031975949	-5.8234692	0.040810205
73.344	0.0318275	-5.8233517	0.045905887
73.472	0.031576699	-5.8228895	0.048276993
73.6	0.032166658	-5.8237764	0.044599424
73.728	0.03184757	-5.823644	0.043478593
73.856	0.031884732	-5.8234746	0.044520085
73.984	0.031521152	-5.8234719	0.044179352
74.112	0.032134673	-5.8236823	0.040085972
74.24	0.031352949	-5.8235044	0.043061836
74.368	0.032107161	-5.8241564	0.042838727
74.496	0.031734339	-5.8238196	0.042024432
74.624	0.031240163	-5.8233011	0.041671632
74.752	0.03205436	-5.8243222	0.037388691
74.88	0.031574709	-5.8239197	0.04205559
75.008	0.031921892	-5.8244125	0.040646723
75.136	0.031090086	-5.8235154	0.041713715
75.264	0.031175648	-5.8238173	0.040075455
75.392	0.031137162	-5.8236931	0.036865538
75.52	0.031604038	-5.824585	0.036626281
75.648	0.031239306	-5.8242745	0.041980725
75.776	0.031221575	-5.8243979	0.044277246
75.904	0.031373186	-5.8246181	0.043870677
76.032	0.030660084	-5.8241065	0.042398196
76.16	0.031236085	-5.8242278	0.036514251
76.288	0.030960191	-5.8240124	0.036004816
76.416	0.030675123	-5.8238484	0.04158264
76.544	0.031930491	-5.8251528	0.042132348
76.672	0.030342478	-5.823436	0.046096726
76.8	0.031096151	-5.824106	0.038792512
76.928	0.031248055	-5.8242223	0.044178205
77.056	0.030919111	-5.8240862	0.046634327
77.184	0.03126633	-5.8242117	0.039099725
77.312	0.031768532	-5.8243679	0.039355852
77.44	0.031124799	-5.823649	0.042730582
77.568	0.031341253	-5.8239769	0.04067924
77.696	0.031239834	-5.8239376	0.040720927
77.824	0.031565478	-5.8241562	0.0388112
77.952	0.031313882	-5.8237928	0.038264234
78.08	0.031895053	-5.8243335	0.038525043
78.208	0.031546608	-5.8236667	0.045336048
78.336	0.031738748	-5.8241495	0.041955715
78.464	0.032001831	-5.823994	0.041389629
78.592	0.031505712	-5.8231515	0.046559235
78.72	0.032061079	-5.82375	0.040822756
78.848	0.032240921	-5.8239807	0.03950008
78.976	0.032390749	-5.8238811	0.04327107
79.104	0.031293304	-5.8228298	0.048607017
79.232	0.032464477	-5.8238145	0.042298434
79.36	0.032071433	-5.823809	0.042417758
79.488	0.032185362	-5.8238711	0.040499431
79.616	0.031565564	-5.8235709	0.03870927
79.744	0.032204881	-5.8243411	0.038417435
79.872	0.031786352	-5.8239228	0.040169761
80	0.032207913	-5.8243548	0.037177508
80.128	0.031973984	-5.8239342	0.037003193
80.256	0.031742113	-5.8236757	0.04004369
80.384	0.031392033	-5.823607	0.040686117
80.512	0.031695876	-5.8240613	0.03776787
80.64	0.031591798	-5.8240664	0.037784878
80.768	0.031050925	-5.82422	0.037482343
80.896	0.031546323	-5.8245752	0.036959415
81.024	0.030905923	-5.8243005	0.040805108
81.152	0.03124221	-5.8243753	0.037901468
81.28	0.03053164	-5.8237993	0.039935704
81.408	0.031107377	-5.8247079	0.037275234
81.536	0.030985671	-5.8244299	0.034819073
81.664	0.03144334	-5.8248128	0.034070159
81.792	0.031172057	-5.824688	0.039036086
81.92	0.030968264	-5.8244717	0.04292088
82.048	0.031150989	-5.8246955	0.039671234
82.176	0.030883181	-5.8245521	0.038897585
82.304	0.030957835	-5.8245998	0.038920685
82.432	0.03188552	-5.8256506	0.03666898
82.56	0.030308662	-5.8239629	0.041154036
82.688	0.031011011	-5.8245533	0.038227995
82.816	0.03135426	-5.824785	0.037944554
82.944	0.031131737	-5.8244132	0.036754809
83.072	0.031158109	-5.8242363	0.036581356
83.2	0.030801358	-5.8239802	0.037443604
83.328	0.031539139	-5.8246047	0.03813952
83.456	0.031390561	-5.8243184	0.038428789
83.584	0.031548352	-5.8245678	0.03862602
83.712	0.031385253	-5.8241538	0.04190807
83.84	0.031910353	-5.8246135	0.039375673
83.968	0.031937129	-5.8243854	0.039826999
84.096	0.031683567	-5.8238493	0.041220285
84.224	0.031294414	-5.8233994	0.041921268
84.352	0.031985617	-5.8237569	0.043417212
84.48	0.032256355	-5.8242043	0.0404004
84.608	0.031913305	-5.8235836	0.037882939
84.736	0.031935214	-5.8238516	0.039222362
84.864	0.031536367	-5.8234373	0.04159303
84.992	0.031777858	-5.8238147	0.041868281
85.12	0.032341182	-5.8241635	0.039828348
85.248	0.032236019	-5.8240995	0.042646664
85.376	0.031964161	-5.8234882	0.042526971
85.504	0.031683449	-5.8231555	0.042400963
85.632	0.031822519	-5.8232107	0.042214387
85.76	0.031935665	-5.8235961	0.041599336
85.888	0.031698092	-5.8235879	0.0435268
86.016	0.0318594	-5.8238385	0.040286354
86.144	0.03158717	-5.8236702	0.040500236
86.272	0.031794567	-5.8239583	0.045383821
86.4	0.031864268	-5.8240336	0.043685504
86.528	0.031521072	-5.8237217	0.040009781
86.656	0.031694882	-5.8241821	0.039234075
86.784	0.031840771	-5.8243522	0.039699433
86.912	0.031607828	-5.8240566	0.037666907
87.04	0.031395619	-5.8242504	0.039020679
87.168	0.031061274	-5.8239216	0.045888354
87.296	0.031613739	-5.8247785	0.040572471
87.424	0.030915961	-5.8236744	0.040013073
87.552	0.03098616	-5.8241564	0.035821692
87.68	0.030928757	-5.8246016	0.035072617
87.808	0.030918243	-5.8244377	0.035322605
87.936	0.031323731	-5.825081	0.036450459
88.064	0.030764865	-5.8244508	0.03904872
88.192	0.031025919	-5.8250457	0.039104227
88.32	0.030862153	-5.8250109	0.038244851
88.448	0.03123739	-5.8252882	0.03709014
88.576	0.030828274	-5.8250535	0.040144614
88.704	0.031411609	-5.8253911	0.038029894
88.832	0.030891386	-5.8249658	0.039552053
88.96	0.030730384	-5.8248417	0.042984216
89.088	0.031336655	-5.8249537	0.03940085
89.216	0.031269921	-5.8248197	0.038867453
89.344	0.031574424	-5.8247804	0.038528754
89.472	0.030886666	-5.8241704	0.044210074
89.6	0.031697886	-5.8247985	0.041044186
89.728	0.030712659	-5.8238959	0.044626373
89.856	0.031503491	-5.8244132	0.042998939
89.984	0.03138434	-5.8235734	0.041841571
90.112	0.030991143	-5.8237483	0.040975968
90.24	0.032077033	-5.8247412	0.041114222
90.368	0.031706003	-5.8241332	0.043094523
90.496	0.032298843	-5.8246915	0.037403794
90.624	0.031884082	-5.8243194	0.038023471
90.752	0.03147017	-5.8236512	0.041574552
90.88	0.032254805	-5.8242303	0.040300204
91.008	0.031555084	-5.8236078	0.044060443
91.136	0.031770596	-5.8236507	0.042808151
91.264	0.032198012	-5.8242527	0.039217946
91.392	0.03184732	-5.8236941	0.042514001
91.52	0.03201428	-5.8236047	0.041064833
91.648	0.031855739	-5.8235948	0.042678822
91.776	0.031706536	-5.8234638	0.042979755
91.904	0.032050501	-5.8240698	0.041911899
92.032	0.031817549	-5.8237961	0.041928883
92.16	0.031986859	-5.8235247	0.039440323
92.288	0.031916679	-5.8233086	0.042444826
92.416	0.03148454	-5.8236351	0.044109135
92.544	0.031992628	-5.8240929	0.039777696
92.672	0.031453227	-5.8233867	0.04085652
92.8	0.031729849	-5.8237074	0.038357545
92.928	0.031693207	-5.8238222	0.037125798
93.056	0.03116302	-5.8236524	0.038380095
93.184	0.031597349	-5.824295	0.037893035
93.312	0.031636683	-5.8243843	0.036017879
93.44	0.031741928	-5.8247782	0.039906069
93.568	0.031376845	-5.8244179	0.035096021
93.696	0.031270955	-5.8246023	0.039263209
93.824	0.031245058	-5.8245052	0.042459805
93.952	0.030929763	-5.8243956	0.039812892
94.08	0.031242655	-5.8246944	0.041573789
94.208	0.030858778	-5.8243695	0.040027316
94.336	0.031203141	-5.8246613	0.036644543
94.464	0.030891316	-5.8244164	0.036859613
94.592	0.03098486	-5.8243903	0.041143899
94.72	0.031004482	-5.8246541	0.044308832
94.848	0.030852211	-5.8243973	0.040578856
94.976	0.031330944	-5.8247843	0.038271668
95.104	0.030759668	-5.8241929	0.041275373
95.232	0.031216446	-5.8247069	0.043609956
95.36	0.031008489	-5.8245422	0.036283745
95.488	0.03124028	-5.8246531	0.033635994
95.616	0.030749943	-5.8241576	0.040645843
95.744	0.031637838	-5.8251954	0.037737407
95.872	0.03159445	-5.8247858	0.040756137
96	0.031287399	-5.8241678	0.042416798
96.128	0.03129431	-5.8238685	0.036928099
96.256	0.031786513	-5.8244069	0.03554849
96.384	0.031697002	-5.8240892	0.038436535
96.512	0.031265276	-5.8238683	0.040900372
96.64	0.031471611	-5.823838	0.039731545
96.768	0.031910773	-5.8241043	0.037969952
96.896	0.032349654	-5.8242081	0.038572771
97.024	0.031713813	-5.8238356	0.041614117
97.152	0.031991322	-5.8238686	0.040805912
97.28	0.03176226	-5.8236622	0.042084968
97.408	0.032337219	-5.82411	0.043747552
97.536	0.032078083	-5.8236637	0.044440819
97.664	0.031904111	-5.8237308	0.043895404
97.792	0.031974969	-5.8236979	0.038829727
97.92	0.031839508	-5.8234496	0.040466523
98.048	0.032300585	-5.8241573	0.044107937
98.176	0.031615053	-5.8235607	0.043770594
98.304	0.03173473	-5.8239263	0.039719863
98.432	0.031457231	-5.8231056	0.042142777
98.56	0.031857694	-5.8236369	0.042244789
98.688	0.032012092	-5.824015	0.040901667
98.816	0.031629656	-5.8238596	0.041552574
98.944	0.031647468	-5.823961	0.042265066
99.072	0.031754521	-5.8242298	0.040672806
99.2	0.031663465	-5.8242282	0.040438611
99.328	0.031854419	-5.8247595	0.041183269
99.456	0.030586578	-5.8231897	0.042764152
99.584	0.031280074	-5.8242676	0.039770097
99.712	0.031588274	-5.8245673	0.038328981
99.84	0.030965106	-5.8239668	0.040373647
99.968	0.031464189	-5.8249916	0.03928923
100.096	0.031103815	-5.8247661	0.039767791
100.224	0.031351836	-5.8251143	0.040536893
100.352	0.031045792	-5.8244785	0.040605085
100.48	0.031070629	-5.8241512	0.040031406
100.608	0.031055847	-5.8243467	0.03960786
100.736	0.031084364	-5.8244351	0.036747613
100.864	0.030593006	-5.8239677	0.043188212
100.992	0.030983643	-5.8245618	0.040932511
101.12	0.031503702	-5.824903	0.034211318
101.248	0.030881195	-5.8245577	0.040136523
101.376	0.031517536	-5.825543	0.03860481
101.504	0.030811618	-5.8246253	0.041350595
101.632	0.0311536	-5.8244784	0.038688321
101.76	0.031403007	-5.8249865	0.037864127
101.888	0.031238955	-5.8246996	0.040051756
102.016	0.030884336	-5.8241315	0.038556882
102.144	0.031428704	-5.8245116	0.037137363
102.272	0.031218457	-5.8245709	0.040784952
102.4	0.031094438	-5.8241835	0.042531397
102.528	0.031572195	-5.8243768	0.038156602
102.656	0.031583688	-5.824341	0.040945249
102.784	0.031136185	-5.8238858	0.042425515
102.912	0.032006821	-5.824422	0.038864252
103.04	0.031279298	-5.8236048	0.044637547
103.168	0.031467327	-5.8239853	0.041266896
103.296	0.032104449	-5.8245257	0.037589888
103.424	0.031785693	-5.8238292	0.04176478
103.552	0.031407482	-5.8232532	0.044220941
103.68	0.032343953	-5.8241919	0.03792533
103.808	0.031546215	-5.8234554	0.040842795
103.936	0.032012343	-5.8237497	0.044959706
104.064	0.032339869	-5.8239494	0.042452833
104.192	0.032028805	-5.823707	0.039442634
104.32	0.031674917	-5.8235337	0.042008105
104.448	0.032224038	-5.8241703	0.038502785
104.576	0.031980993	-5.8237593	0.03994614
104.704	0.03197584	-5.8239097	0.040978566
104.832	0.032001085	-5.8239843	0.041850618
104.96	0.031896561	-5.8237863	0.043366553
105.088	0.032341804	-5.8242927	0.040735048
105.216	0.031062302	-5.8232564	0.043685103
105.344	0.031873964	-5.8244555	0.041744924
105.472	0.031129582	-5.8237224	0.046648427
105.6	0.03164892	-5.8243916	0.040863289
105.728	0.031208684	-5.8241049	0.040150401
105.856	0.031683858	-5.8248861	0.039795178
105.984	0.031138584	-5.8244283	0.04270968
106.112	0.031652511	-5.8248212	0.038928606
106.24	0.031336377	-5.8245172	0.035568804
106.368	0.030886479	-5.82431	0.036093854
106.496	0.031270816	-5.8246731	0.038579341
106.624	0.030920492	-5.8246577	0.042449252
106.752	0.030651035	-5.8239968	0.041497782
106.88	0.031449045	-5.8249789	0.036615109
107.008	0.031019902	-5.8248555	0.042692366
107.136	0.030723627	-5.8243365	0.041158462
107.264	0.031548661	-5.8255225	0.037585554
107.392	0.030727076	-5.8245622	0.043069372
107.52	0.030851992	-5.8247781	0.039980921
107.648	0.031416134	-5.8250353	0.039097518
107.776	0.031070406	-5.8244015	0.044883336
107.904	0.03110125	-5.8245211	0.040882423
108.032	0.031654878	-5.82497	0.036809629
108.16	0.030892785	-5.8242006	0.040691723
108.288	0.031207844	-5.8242935	0.038703642
108.416	0.031192773	-5.8246041	0.040425325
108.544	0.031387836	-5.8243996	0.03893675
108.672	0.031284058	-5.8242552	0.040077863
108.8	0.031440163	-5.8243377	0.041959215
108.928	0.030957112	-5.8237414	0.04237585
109.056	0.031745113	-5.824167	0.038769528
109.184	0.031921288	-5.8240643	0.038545206
109.312	0.03176423	-5.8238924	0.041204946
109.44	0.031499304	-5.8236613	0.046700821
109.568	0.031434294	-5.8236806	0.046053065
109.696	0.031815715	-5.8235953	0.039840998
109.824	0.031903201	-5.8240084	0.038988028
109.952	0.031020326	-5.8229455	0.04072929
110.08	0.032683738	-5.8242828	0.03964622
110.208	0.03192918	-5.823571	0.042549417
110.336	0.031878128	-5.8236445	0.040700339
110.464	0.031959486	-5.8238445	0.038094371
110.592	0.031311295	-5.8231214	0.043814472
110.72	0.032081819	-5.8237228	0.040804175
110.848	0.031605638	-5.8235214	0.042467725
110.976	0.032060881	-5.8241879	0.038640568
111.104	0.031729751	-5.8238107	0.042174309
111.232	0.031559527	-5.8233794	0.041069782
111.36	0.032120231	-5.8241382	0.039957345
111.488	0.031730078	-5.8239586	0.043667721
111.616	0.031619577	-5.8236816	0.043889746
111.744	0.032118625	-5.8242101	0.040706185
111.872	0.031622809	-5.8239949	0.042880491
112	0.032005242	-5.8245201	0.044062275
112.128	0.031536571	-5.8241892	0.040607467
112.256	0.031028169	-5.8238708	0.041695395
112.384	0.031343282	-5.8245709	0.039919881
112.512	0.031619538	-5.8245361	0.037701202
112.64	0.03090827	-5.8240518	0.037155339
112.768	0.030890473	-5.8240115	0.035186214
112.896	0.031032693	-5.8241955	0.037870059
113.024	0.031106797	-5.8247467	0.037970822
113.152	0.030972543	-5.8246254	0.037202098
113.28	0.030810155	-5.8245093	0.041894599
113.408	0.031042957	-5.8248157	0.038696266
113.536	0.030700238	-5.8244276	0.038573241
113.664	0.030898379	-5.8248842	0.039005638
113.792	0.031503027	-5.8255091	0.037047714
113.92	0.030734744	-5.8244778	0.039417554
114.048	0.03105679	-5.8245754	0.040173726
114.176	0.031061911	-5.8247411	0.038850179
114.304	0.031325653	-5.824713	0.038765646
114.432	0.031217764	-5.8245122	0.03887701
114.56	0.031239207	-5.8247861	0.036290108
114.688	0.031303575	-5.8246937	0.043066599
114.816	0.03164181	-5.8248934	0.038866671
114.944	0.030805827	-5.8237403	0.038521989
115.072	0.031548251	-5.8243689	0.03783121
115.2	0.031757037	-5.8246417	0.041026314
115.328	0.031401581	-5.8241002	0.043332417
115.456	0.031340473	-5.8237662	0.041783721
115.584	0.031636662	-5.8241064	0.041932092
115.712	0.031995978	-5.8245274	0.040511265
115.84	0.031930362	-5.8240763	0.040375043
115.968	0.032214001	-5.8240562	0.040943069
116.096	0.031657384	-5.8232814	0.045195283
116.224	0.03176871	-5.8235229	0.041454781
116.352	0.031390653	-5.8228444	0.040683738
116.48	0.032047132	-5.8237935	0.040075979
116.608	0.032605679	-5.8241257	0.039893606
116.736	0.031554593	-5.8231058	0.044810875
116.864	0.032005912	-5.8237624	0.03943211
116.992	0.031852487	-5.8237226	0.038647265
117.12	0.031857443	-5.8234972	0.041707053
117.248	0.031399651	-5.8230747	0.040187492
117.376	0.032250663	-5.8241274	0.039988437
117.504	0.031943979	-5.8235921	0.043024162
117.632	0.032193235	-5.8241229	0.040732254
117.76	0.031484004	-5.8233998	0.040006748
117.888	0.031624247	-5.8235423	0.040291917
118.016	0.031660098	-5.8240147	0.042439306
118.144	0.031621178	-5.8242073	0.041312233
118.272	0.031841587	-5.8247319	0.041531022
118.4	0.031204845	-5.8238615	0.042196573
118.528	0.031281478	-5.8239021	0.040516329
118.656	0.031792671	-5.8245722	0.038918198
118.784	0.031213982	-5.8242004	0.04102462
118.912	0.031198352	-5.8244513	0.042859035
119.04	0.030630252	-5.8238611	0.044351979
119.168	0.031340103	-5.8247674	0.042105141
119.296	0.031082049	-5.8244102	0.040225578
119.424	0.031423258	-5.8248229	0.0340019
119.552	0.030754722	-5.8244658	0.040981543
119.68	0.03120058	-5.8248833	0.041859531
119.808	0.031214579	-5.8247925	0.039263781
119.936	0.031562979	-5.82527	0.036129379
120.064	0.031296552	-5.8250283	0.035975187
120.192	0.030809076	-5.8244415	0.03860411
120.32	0.031182066	-5.8243868	0.041092912
120.448	0.031053511	-5.824092	0.040502806
120.576	0.030874419	-5.8242198	0.042327802
120.704	0.031221861	-5.8245151	0.039687237
120.832	0.031401695	-5.8249081	0.039765898
120.96	0.031224127	-5.8247367	0.041165505
121.088	0.031395533	-5.8249317	0.038634527
121.216	0.031353888	-5.8248644	0.037519156
121.344	0.030778596	-5.8240479	0.041304774
121.472	0.031291743	-5.8241862	0.03928262
121.6	0.031296375	-5.824075	0.038498727
121.728	0.031898214	-5.8244932	0.040099135
121.856	0.031467969	-5.82399	0.040771645
121.984	0.03174346	-5.8244707	0.037312125
122.112	0.031581373	-5.8239006	0.041175159
122.24	0.031127344	-5.8235556	0.043364643
122.368	0.031897551	-5.8241662	0.041246217
122.496	0.031880603	-5.8240642	0.042626288
122.624	0.031590909	-5.8236336	0.044868536
122.752	0.032267116	-5.8243129	0.040208189
122.88	0.032212967	-5.8242581	0.040837724
123.008	0.031334409	-5.8231256	0.040747429
123.136	0.032121101	-5.8238543	0.036584814
123.264	0.031870969	-5.8235844	0.044979839
123.392	0.031646593	-5.8232895	0.044675068
123.52	0.031468774	-5.8229315	0.045409423
123.648	0.031902682	-5.8237357	0.043801981
123.776	0.031796334	-5.8239186	0.041718771
123.904	0.032083212	-5.8242831	0.039834044
124.032	0.032002247	-5.8238221	0.038848771
124.16	0.031686418	-5.8237611	0.040158878
124.288	0.031657938	-5.8241111	0.041393659
124.416	0.031615229	-5.8242571	0.038177635
124.544	0.031311386	-5.8241068	0.037438292
124.672	0.032178849	-5.8248778	0.037893079
124.8	0.031411677	-5.8241737	0.04134363
124.928	0.031294019	-5.8243308	0.041832574
125.056	0.031020617	-5.824195	0.041563955
125.184	0.031262705	-5.8243705	0.037553225
125.312	0.03170819	-5.8248437	0.036721919
125.44	0.030732581	-5.8240067	0.040413777
125.568	0.031235301	-5.8244455	0.03905699
125.696	0.031390105	-5.8246661	0.038681339
125.824	0.030608309	-5.8239537	0.038625035
125.952	0.031213608	-5.8244915	0.036300447
126.08	0.030841505	-5.8240976	0.04123121
126.208	0.031189456	-5.8245811	0.039492405
126.336	0.031357339	-5.8246817	0.036120749
126.464	0.031601878	-5.8251457	0.036810724
126.592	0.030288281	-5.8239696	0.040235157
126.72	0.030684489	-5.8244312	0.040211578
126.848	0.031904861	-5.8256363	0.033552503
126.976	0.031249413	-5.8251791	0.034818593
127.104	0.031029602	-5.824887	0.041813875
127.232	0.030863981	-5.82449	0.042271415
127.36	0.030953618	-5.8243279	0.040273078
127.488	0.031762518	-5.8248127	0.039239755
127.616	0.031835695	-5.8248052	0.037892073
127.744	0.031675956	-5.8249762	0.038714345
127.872	0.031228223	-5.8242038	0.039865918
128	0.031541377	-5.8243031	0.041044315
128.128	0.031569903	-5.8236006	0.045056161
128.256	0.031058433	-5.8233249	0.046744294
128.384	0.031762578	-5.8240041	0.042433771
128.512	0.031621704	-5.8239723	0.042874815
128.64	0.032071511	-5.8241627	0.037436848
128.768	0.031369588	-5.82341	0.0406389
128.896	0.031844343	-5.8243712	0.042945525
129.024	0.031855407	-5.8240782	0.040920754
129.152	0.031497638	-5.8239395	0.038995291
129.28	0.031843547	-5.8239262	0.037380928
129.408	0.031857594	-5.8239295	0.040371049
129.536	0.031910763	-5.8242729	0.040226959
129.664	0.031823994	-5.823854	0.03941507
129.792	0.031907488	-5.8238153	0.041933576
129.92	0.032338151	-5.8243818	0.042347059
130.048	0.031748117	-5.8239421	0.04311942
130.176	0.032085971	-5.82425	0.042199299
130.304	0.031559653	-5.8238368	0.044300206
130.432	0.03139937	-5.8237976	0.044617863
130.56	0.03218028	-5.8245301	0.041251128
130.688	0.03120293	-5.8237064	0.041267568
130.816	0.031535534	-5.8237396	0.040303646
130.944	0.031794058	-5.8244934	0.041596612
131.072	0.031109168	-5.824107	0.043764841
131.2	0.031540576	-5.8242729	0.038773465
131.328	0.031720343	-5.8243807	0.037268712
131.456	0.031659871	-5.8247529	0.037479202
131.584	0.03117663	-5.8244238	0.038383882
131.712	0.031113124	-5.8245659	0.041208013
131.84	0.03069751	-5.824109	0.040385758
131.968	0.031230603	-5.8246915	0.041047344
132.096	0.031810783	-5.8252894	0.039982163
132.224	0.031374873	-5.8247772	0.037878054
132.352	0.030997876	-5.8243304	0.039703216
132.48	0.030915879	-5.8244122	0.040480565
132.608	0.030596554	-5.8240833	0.03763629
132.736	0.031729729	-5.8253247	0.033017942
132.864	0.030925218	-5.8244295	0.042219866
132.992	0.030940108	-5.8243688	0.043156977
133.12	0.031680111	-5.8251976	0.039657387
133.248	0.030955791	-5.824421	0.040511261
133.376	0.030970461	-5.8243635	0.040099632
133.504	0.030748252	-5.8240352	0.040277717
133.632	0.031764348	-5.8250342	0.039829906
133.76	0.030977933	-5.8238952	0.041053559
133.888	0.031293836	-5.8241915	0.038939644
134.016	0.031678344	-5.8248586	0.03625479
134.144	0.031224925	-5.8243339	0.039345563
134.272	0.031092746	-5.8238908	0.041274356
134.4	0.031572963	-5.8243519	0.04064332
134.528	0.031695028	-5.8244997	0.042657703
134.656	0.031622009	-5.8241788	0.043255457
134.784	0.031581198	-5.8239481	0.044529534
134.912	0.031495343	-5.8238077	0.038611906
135.04	0.032317574	-5.8242817	0.035794427
135.168	0.031785594	-5.8238087	0.043792688
135.296	0.031952342	-5.8240976	0.040932288
135.424	0.031821196	-5.8238551	0.036490028
135.552	0.031625885	-5.8235635	0.041114457
135.68	0.031915628	-5.8237923	0.046018133
135.808	0.032337275	-5.8242814	0.041146178
135.936	0.031770086	-5.8236676	0.04230091
136.064	0.031758726	-5.8238343	0.041749523
136.192	0.031746033	-5.8238706	0.040504984
136.32	0.03186126	-5.8240857	0.040792086
136.448	0.03186167	-5.8236805	0.042084465
136.576	0.031741327	-5.8236706	0.041944953
136.704	0.03198381	-5.8240701	0.042027975
136.832	0.031289544	-5.823259	0.039135102
136.96	0.03166659	-5.823968	0.036754032
137.088	0.031941815	-5.8242547	0.039942685
137.216	0.031563911	-5.8240768	0.038637826
137.344	0.031794965	-5.8242569	0.038336113
137.472	0.031096406	-5.823544	0.041893596
137.6	0.032011537	-5.8246492	0.038872444
137.728	0.031328922	-5.8239006	0.039853883
137.856	0.031559972	-5.8242375	0.039784668
137.984	0.030787293	-5.8237019	0.046782728
138.112	0.031415188	-5.8244775	0.039824879
138.24	0.031141991	-5.8241513	0.038415931
138.368	0.030611791	-5.8236708	0.039822271
138.496	0.031534211	-5.8247295	0.038491366
138.624	0.031507688	-5.8246371	0.037297682
138.752	0.030886719	-5.8242823	0.037480452
138.88	0.030907602	-5.8244578	0.036412467
139.008	0.031187432	-5.8251034	0.038276625
139.136	0.030968156	-5.8245226	0.039794989
139.264	0.03109534	-5.8246502	0.041031895
139.392	0.031576598	-5.8251212	0.040360042
139.52	0.03062941	-5.8242473	0.040549827
139.648	0.031321339	-5.8248781	0.039843585
139.776	0.031426089	-5.8249263	0.039939867
139.904	0.031123719	-5.8244898	0.041860272
140.032	0.030904243	-5.8241798	0.043936964
140.16	0.031300879	-5.8243849	0.040004188
140.288	0.032071663	-5.825227	0.037186164
140.416	0.03097085	-5.8241058	0.043319539
140.544	0.031584291	-5.8245454	0.037726571
140.672	0.031209707	-5.8237934	0.040059131
140.8	0.031391305	-5.8236898	0.041256831
140.928	0.031875349	-5.824354	0.039223042
141.056	0.032064556	-5.8245363	0.03771646
141.184	0.031527382	-5.8237243	0.040995136
141.312	0.031832077	-5.8241034	0.044726241
141.44	0.03180877	-5.8240447	0.041504776
141.568	0.032156973	-5.824426	0.040562915
141.696	0.031706904	-5.823533	0.044736091
141.824	0.032006003	-5.8240487	0.040442342
141.952	0.031816154	-5.8238415	0.042334743
142.08	0.031717143	-5.8238505	0.042247433
142.208	0.031537696	-5.8234543	0.040824938
142.336	0.031976543	-5.823701	0.039313032
142.464	0.031728572	-5.8232528	0.041106561
142.592	0.031706061	-5.8234517	0.03988611
142.72	0.031320469	-5.8231642	0.041918823
142.848	0.031787759	-5.8235987	0.040348311
142.976	0.032362991	-5.8243984	0.043430726
143.104	0.031769633	-5.8237277	0.043317819
143.232	0.031839931	-5.8241649	0.040820591
143.36	0.031655832	-5.8240432	0.042292676
143.488	0.031488185	-5.8237763	0.039514477
143.616	0.031605564	-5.8241672	0.038847536
143.744	0.031154756	-5.8242788	0.0402736
143.872	0.032180328	-5.824871	0.035266252
144	0.031094053	-5.8240173	0.04162013
144.128	0.031161627	-5.8238697	0.041609908
144.256	0.031630393	-5.8244932	0.040717948
144.384	0.031052396	-5.8238924	0.04000614
144.512	0.031571145	-5.8243556	0.033396538
144.64	0.031079193	-5.824294	0.038597577
144.768	0.031444603	-5.8245883	0.040674521
144.896	0.031063542	-5.8246828	0.044604728
145.024	0.031021725	-5.8246432	0.042864949
145.152	0.031269375	-5.8247465	0.039770621
145.28	0.030695706	-5.824307	0.039186629
145.408	0.03140398	-5.82508	0.035096949
145.536	0.03156776	-5.8251607	0.036760232
145.664	0.030630645	-5.8240666	0.039758701
145.792	0.031642532	-5.8249933	0.038004417
145.92	0.03118623	-5.8246284	0.040362591
146.048	0.03096385	-5.8242727	0.040845844
146.176	0.031361479	-5.824514	0.040715971
146.304	0.031442235	-5.8245407	0.039492503
146.432	0.031433637	-5.8246118	0.038541366
146.56	0.031069978	-5.824104	0.041948809
146.688	0.031969223	-5.8249232	0.038781815
146.816	0.031559833	-5.824453	0.038150332
146.944	0.031578914	-5.8242735	0.042717638
147.072	0.03160297	-5.8243878	0.042515241
147.2	0.031240877	-5.8235767	0.042486512
147.328	0.031653604	-5.8237695	0.045619635
147.456	0.031629051	-5.8238953	0.043979733
147.584	0.032193652	-5.8243028	0.038815078
147.712	0.031314158	-5.8233436	0.039694232
147.84	0.032073013	-5.8237708	0.039736837
147.968	0.031870664	-5.8237061	0.041341076
148.096	0.031922483	-5.823761	0.039558337
148.224	0.032110162	-5.8239742	0.040522345
148.352	0.032043564	-5.8240918	0.039496761
148.48	0.031492984	-5.8232241	0.042890991
148.608	0.031710544	-5.8233437	0.038793115
148.736	0.031993471	-5.8239966	0.040058725
148.864	0.031568572	-5.8234632	0.044249119
148.992	0.032192227	-5.8243227	0.039496809
149.12	0.032162895	-5.8243516	0.04150085
149.248	0.031472751	-5.8233527	0.046362566
149.376	0.031695443	-5.8236629	0.04345063
149.504	0.031826071	-5.823984	0.043155485
149.632	0.031621594	-5.8243397	0.03978324
149.76	0.03150332	-5.8240447	0.037175427
149.888	0.031558745	-5.8244935	0.038296947
150.016	0.030856096	-5.8238873	0.041264974
150.144	0.031713009	-5.8244054	0.039701675
150.272	0.031177845	-5.8240758	0.041452788
150.4	0.031556239	-5.8244053	0.04280667
150.528	0.030655351	-5.8237123	0.043586232
150.656	0.0312104	-5.8245391	0.040324914
150.784	0.031237755	-5.8245448	0.039105995
150.912	0.03134326	-5.824702	0.037509106
151.04	0.031316182	-5.8245597	0.036046727
151.168	0.031223666	-5.8247921	0.036891851
151.296	0.03127763	-5.8248298	0.043396052
151.424	0.031091152	-5.824357	0.040619599
151.552	0.031266097	-5.8244913	0.038960913
151.68	0.031454881	-5.8249422	0.036471108
151.808	0.030855453	-5.8241253	0.0358876
151.936	0.031110187	-5.8245059	0.037654316
152.064	0.030910131	-5.8243149	0.042932994
152.192	0.031128233	-5.8242774	0.042496205
152.32	0.031631586	-5.8249185	0.040628487
152.448	0.031953518	-5.8253027	0.042381908
152.576	0.031165363	-5.8245621	0.040394218
152.704	0.031783316	-5.8251818	0.037115721
152.832	0.030649284	-5.82386	0.042977161
152.96	0.031219414	-5.8241828	0.04147741
153.088	0.031454053	-5.8243211	0.041832521
153.216	0.031335953	-5.8241309	0.042307761
153.344	0.031619414	-5.824134	0.041147145
153.472	0.031631169	-5.823801	0.043810235
153.6	0.0318388	-5.824129	0.042941756
153.728	0.031782283	-5.8239949	0.039156519
153.856	0.031372925	-5.8234367	0.03984073
153.984	0.031942508	-5.8238705	0.038074566
154.112	0.031944952	-5.8242164	0.040432304
154.24	0.032153445	-5.8242919	0.037739169
154.368	0.031253517	-5.8231373	0.040058722
154.496	0.032251221	-5.8239746	0.039403185
154.624	0.031753218	-5.8237442	0.041800527
154.752	0.032068277	-5.8241154	0.04155799
154.88	0.031727838	-5.8237261	0.046538334
155.008	0.031706056	-5.8236674	0.042885507
155.136	0.032205466	-5.8238004	0.040712637
155.264	0.032122346	-5.8237868	0.041621112
155.392	0.032047082	-5.8237468	0.040261359
155.52	0.03156154	-5.8234767	0.043066492
155.648	0.032320106	-5.8245694	0.041467485
155.776	0.031702029	-5.8239164	0.042351446
155.904	0.031575454	-5.824014	0.04189137
156.032	0.031618698	-5.8241891	0.039455585
156.16	0.03142671	-5.8241686	0.038132372
156.288	0.031427957	-5.8246407	0.038785706
156.416	0.031124954	-5.8239955	0.037744357
156.544	0.031067669	-5.824271	0.039190084
156.672	0.031150392	-5.824284	0.040751245
156.8	0.031404871	-5.8244648	0.039222264
156.928	0.031337322	-5.8244804	0.042608679
157.056	0.031091938	-5.8244363	0.041634307
157.184	0.031139406	-5.8246248	0.038672865
157.312	0.031838373	-5.8251963	0.039099119
157.44	0.031189663	-5.8245217	0.040517208
157.568	0.030805474	-5.8241481	0.042476319
157.696	0.031649976	-5.825178	0.03988158
157.824	0.03107257	-5.8243832	0.041690067
157.952	0.030805196	-5.8239056	0.040676003
158.08	0.031171126	-5.824389	0.037634146
158.208	0.031456823	-5.8246762	0.037741248
158.336	0.030704718	-5.8239064	0.044878633
158.464	0.031502871	-5.8248476	0.038513555
158.592	0.031530452	-5.8251066	0.039853487
158.72	0.031500795	-5.8246731	0.043526465
158.848	0.031119997	-5.8244695	0.041041
158.976	0.031128985	-5.8242517	0.040802136
159.104	0.031139761	-5.8243599	0.042210155
159.232	0.031232529	-5.824415	0.043464035
159.36	0.031215368	-5.824237	0.04297544
159.488	0.032094325	-5.824758	0.037368521
159.616	0.031180017	-5.8238578	0.039961474
159.744	0.031704543	-5.8239382	0.040833967
159.872	0.031906408	-5.824197	0.039512954
160	0.031759817	-5.8240492	0.04061563
160.128	0.031696538	-5.8241177	0.041068847
160.256	0.031956368	-5.8244055	0.038534269
160.384	0.031975756	-5.8241505	0.042470982
160.512	0.031627671	-5.8239258	0.043954225
160.64	0.031704978	-5.8236148	0.040157306
160.768	0.032168756	-5.8243363	0.04225432
160.896	0.032134292	-5.8239279	0.039512801
161.024	0.032114917	-5.823966	0.036513391
161.152	0.031490955	-5.8231488	0.039907497
161.28	0.031511327	-5.8233833	0.040308983
161.408	0.032178676	-5.8241638	0.039853563
161.536	0.031163908	-5.8233674	0.043518578
161.664	0.031945233	-5.824252	0.037966699
161.792	0.031408353	-5.8236991	0.042924042
161.92	0.031621849	-5.8237168	0.042607186
162.048	0.032038235	-5.8241993	0.041838935
162.176	0.031216659	-5.8238626	0.046483854
162.304	0.031721117	-5.8242118	0.040646205
162.432	0.031840714	-5.8241272	0.039757941
162.56	0.03161295	-5.8241874	0.038649209
162.688	0.031260003	-5.8240461	0.043081224
162.816	0.031287361	-5.8241173	0.040969712
162.944	0.031225176	-5.8241056	0.041213798
163.072	0.031360944	-5.8243469	0.042567568
163.2	0.031585979	-5.8244312	0.037735021
163.328	0.031301892	-5.8243483	0.039716944
163.456	0.031103091	-5.8249042	0.040576605
163.584	0.030867472	-5.8243555	0.041412792
163.712	0.03149304	-5.8248908	0.033609011
163.84	0.031146321	-5.8248008	0.037312352
163.968	0.031076384	-5.8246274	0.042157378
164.096	0.03139728	-5.8249979	0.038059641
164.224	0.031001964	-5.824637	0.04004956
164.352	0.031215825	-5.8249867	0.040615312
164.48	0.030907324	-5.8242153	0.040441122
164.608	0.030725812	-5.8239335	0.041128083
164.736	0.031887493	-5.8250405	0.037994932
164.864	0.030519443	-5.8236254	0.040303536
164.992	0.031778269	-5.8248083	0.039286252
165.12	0.031711811	-5.8248394	0.042232185
165.248	0.031156634	-5.8240223	0.04362113
165.376	0.031442581	-5.8241647	0.041916805
165.504	0.031444282	-5.8243178	0.041048493
165.632	0.031086935	-5.8240732	0.040927231
165.76	0.031565548	-5.8241234	0.041288919
165.888	0.031868865	-5.8242043	0.041952672
166.016	0.031650031	-5.8241431	0.039937009
166.144	0.031900003	-5.8239787	0.039017728
166.272	0.031935709	-5.8240355	0.04160816
166.4	0.031663258	-5.8234867	0.043714252
166.528	0.031650715	-5.8237138	0.038043779
166.656	0.031732146	-5.8236472	0.03752544
166.784	0.032092318	-5.8242201	0.038538269
166.912	0.031520894	-5.8241244	0.040286439
167.04	0.031507205	-5.8238142	0.043335509
167.168	0.031952515	-5.8240932	0.039603899
167.296	0.031376749	-5.8235063	0.043014482
167.424	0.031755139	-5.8239825	0.041641274
167.552	0.032303345	-5.8247338	0.038332369
167.68	0.0317222	-5.8236608	0.041190425
167.808	0.031675706	-5.8239106	0.041093303
167.936	0.031566537	-5.823732	0.042288135
168.064	0.031629349	-5.8240319	0.043044269
168.192	0.03232697	-5.8249854	0.038624592
168.32	0.03167119	-5.8243388	0.03997525
168.448	0.031578265	-5.8243338	0.039604757
168.576	0.031437979	-5.8240959	0.042033913
168.704	0.031694115	-5.8242193	0.041799246
168.832	0.031468729	-5.8242172	0.03855285
168.96	0.030925281	-5.8237843	0.039038081
169.088	0.031827715	-5.8244135	0.038089847
169.216	0.031292988	-5.8239514	0.039143219
169.344	0.030875023	-5.8236424	0.040512336
169.472	0.031434851	-5.8242103	0.038449462
169.6	0.031104871	-5.8243493	0.040606405
169.728	0.031668507	-5.8247954	0.039449835
169.856	0.031098622	-5.8244158	0.037416376
169.984	0.031400046	-5.8245827	0.038778741
170.112	0.0309991	-5.8243838	0.038807419
170.24	0.031018255	-5.8245323	0.03565581
170.368	0.031427171	-5.8248721	0.035571278
170.496	0.031136469	-5.8244128	0.037544991
170.624	0.031208074	-5.8247528	0.039783986
170.752	0.031148103	-5.8247052	0.038796046
170.88	0.031172133	-5.824889	0.040026274
171.008	0.031357097	-5.8246784	0.041731509
171.136	0.031072033	-5.8245789	0.040041835
171.264	0.031456085	-5.8245634	0.040102111
171.392	0.031556867	-5.8244803	0.040051666
171.52	0.031085003	-5.8240263	0.040347316
171.648	0.031155944	-5.8240104	0.041506825
171.776	0.031248067	-5.8240964	0.041105575
171.904	0.03163465	-5.8244176	0.041869833
172.032	0.0315213	-5.8241416	0.041509486
172.16	0.031412934	-5.8240536	0.042720387
172.288	0.031772586	-5.824277	0.042867029
172.416	0.031471615	-5.8238921	0.041511353
172.544	0.031314672	-5.8237457	0.039254194
172.672	0.031713635	-5.8238044	0.041163549
172.8	0.03196959	-5.823854	0.042976035
172.928	0.031597012	-5.8235791	0.041034485
173.056	0.032438803	-5.8244111	0.036990458
173.184	0.031671716	-5.8237746	0.042738957
173.312	0.031354243	-5.8232778	0.044761196
173.44	0.031981117	-5.8239391	0.042893998
173.568	0.032097695	-5.8242455	0.042122291
173.696	0.032018937	-5.8242637	0.040458926
173.824	0.032173781	-5.8242251	0.039038472
173.952	0.031811005	-5.8239631	0.038737889
174.08	0.031774044	-5.8241995	0.039795829
174.208	0.031961833	-5.8242888	0.038980866
174.336	0.03152244	-5.8239134	0.039823082
174.464	0.031514927	-5.8242781	0.037483857
174.592	0.031529008	-5.824009	0.041861534
174.72	0.031560572	-5.8241503	0.047245556
174.848	0.031330834	-5.8237353	0.043157256
174.976	0.03120605	-5.823916	0.043614897
175.104	0.031853851	-5.8246468	0.041718403
175.232	0.031587374	-5.8244114	0.045520293
175.36	0.031182774	-5.8241863	0.042619918
175.488	0.031120293	-5.8243394	0.036353601
175.616	0.031027469	-5.8240581	0.037966013
175.744	0.031300224	-5.8245209	0.03564833
175.872	0.031156791	-5.824486	0.036041614
176	0.031292147	-5.8245107	0.037232765
176.128	0.031215135	-5.8243749	0.036683255
176.256	0.031182429	-5.8244591	0.041645544
176.384	0.031095478	-5.8242536	0.045469807
176.512	0.031224539	-5.8247728	0.041853944
176.64	0.030978716	-5.8244849	0.042547971
176.768	0.031290003	-5.8245716	0.040601051
176.896	0.030847462	-5.8241378	0.043491503
177.024	0.031266638	-5.8244272	0.041774688
177.152	0.031088248	-5.8243073	0.036493909
177.28	0.031084138	-5.8243601	0.0410505
177.408	0.031296149	-5.8245331	0.043032274
177.536	0.031067239	-5.8241426	0.036903501
177.664	0.031465715	-5.8247691	0.038522985
177.792	0.031289706	-5.8240794	0.043262127
177.92	0.031402337	-5.8238677	0.041851746
178.048	0.031412167	-5.8243204	0.039285854
178.176	0.031049927	-5.8234299	0.04136032
178.304	0.031600644	-5.8241158	0.04088399
178.432	0.031357609	-5.8237887	0.04017511
178.56	0.031392533	-5.8238095	0.037004455
178.688	0.031812841	-5.8242023	0.035543562
178.816	0.031697564	-5.8240539	0.040873182
178.944	0.032033053	-5.824418	0.041919087
179.072	0.03204344	-5.8243575	0.040908924
179.2	0.031972995	-5.8240382	0.037904521
179.328	0.031498666	-5.823306	0.039193473
179.456	0.031874867	-5.8238784	0.042208774
179.584	0.032072935	-5.8237947	0.040444537
179.712	0.031468268	-5.8230732	0.042087986
179.84	0.031544482	-5.8236127	0.0451939
179.968	0.032418685	-5.8244447	0.040356411
180.096	0.031810866	-5.8236065	0.042811353
180.224	0.032021533	-5.8242186	0.043140043
180.352	0.031715738	-5.8239127	0.043846245
180.48	0.031757542	-5.8239437	0.043632075
180.608	0.031762381	-5.8239423	0.043145299
180.736	0.031601111	-5.8240276	0.041828415
180.864	0.031700932	-5.8244252	0.039019957
180.992	0.031889668	-5.8249758	0.041028887
181.12	0.031340508	-5.8241078	0.040312204
181.248	0.031414335	-5.8238736	0.041680608
181.376	0.031422784	-5.823864	0.041633894
181.504	0.031675508	-5.8244905	0.037683355
181.632	0.031317375	-5.8242464	0.041078858
181.76	0.031361167	-5.8241836	0.041354859
181.888	0.03148373	-5.8243397	0.039327495
182.016	0.030960455	-5.8240828	0.042176442
182.144	0.030916949	-5.8241519	0.042414386
182.272	0.031267288	-5.8244318	0.039750859
182.4	0.031368726	-5.8245288	0.039006592
182.528	0.031438017	-5.8249168	0.039888912
182.656	0.030554235	-5.823984	0.037705549
182.784	0.030463301	-5.8239562	0.038535569
182.912	0.03142494	-5.8248993	0.038817965
183.04	0.031250049	-5.8250039	0.0393601
183.168	0.031419348	-5.8247758	0.042673785
183.296	0.030948158	-5.8242402	0.042816857
183.424	0.031037217	-5.8244835	0.039855429
183.552	0.030561538	-5.824052	0.042904586
183.68	0.032118315	-5.8254867	0.035982357
183.808	0.031372034	-5.8244259	0.035784092
183.936	0.031334965	-5.8241485	0.037843752
184.064	0.030856835	-5.8242298	0.042296366
184.192	0.031533677	-5.82447	0.040497436
184.32	0.031584552	-5.8247669	0.03921686
184.448	0.031543737	-5.8245113	0.040333879
184.576	0.031347436	-5.8240538	0.040397703
184.704	0.031422593	-5.8240464	0.039616352
184.832	0.031525524	-5.8241253	0.042745277
184.96	0.031582399	-5.823917	0.043151152
185.088	0.031848658	-5.8240505	0.040573525
185.216	0.032025082	-5.8241244	0.038350296
185.344	0.03164013	-5.8236872	0.040547293
185.472	0.031930846	-5.8241329	0.042334776
185.6	0.03224812	-5.8241762	0.039273386
185.728	0.031404811	-5.8231837	0.037377208
185.856	0.032368376	-5.8243769	0.037598007
185.984	0.031550198	-5.8230824	0.042825496
186.112	0.031845811	-5.8235463	0.039111964
186.24	0.031812396	-5.8236842	0.044768084
186.368	0.031720209	-5.8238917	0.047242535
186.496	0.032903516	-5.8250424	0.040309973
186.624	0.031768281	-5.8236465	0.038384627
186.752	0.031565958	-5.8236691	0.039142259
186.88	0.031566653	-5.8237111	0.044525975
187.008	0.031872495	-5.8242729	0.040637526
187.136	0.03173982	-5.8241039	0.041514854
187.264	0.031780463	-5.8242278	0.041607239
187.392	0.03169641	-5.8242675	0.039383774
187.52	0.031531571	-5.8241352	0.039521631
187.648	0.03106139	-5.8235998	0.040857863
187.776	0.031944921	-5.8246184	0.03949819
187.904	0.031228418	-5.8241767	0.043810128
188.032	0.031256372	-5.824374	0.042037821
188.16	0.03082456	-5.8239176	0.04288712
188.288	0.032032482	-5.8251298	0.038868065
188.416	0.031235796	-5.8241861	0.038881475
188.544	0.031050351	-5.824374	0.040691022
188.672	0.031112004	-5.8246501	0.039133151
188.8	0.03119544	-5.8246755	0.038377158
188.928	0.031376417	-5.8249771	0.038418234
189.056	0.03101367	-5.8242591	0.038341103
189.184	0.031483838	-5.8249112	0.037400425
189.312	0.03095837	-5.8245693	0.039856097
189.44	0.03159789	-5.8254962	0.038210162
189.568	0.030530162	-5.8241973	0.040704011
189.696	0.031253797	-5.8244825	0.03896708
189.824	0.031617378	-5.8250423	0.038294428
189.952	0.031181971	-5.8244106	0.04136692
190.08	0.031518057	-5.8246062	0.042006064
190.208	0.031108138	-5.8240843	0.041561719
190.336	0.031254818	-5.824337	0.041873018
190.464	0.031725275	-5.8248207	0.038490676
190.592	0.031340564	-5.8244454	0.037427791
190.72	0.031370007	-5.8243095	0.039498067
190.848	0.032176038	-5.8248311	0.03555782
190.976	0.031741633	-5.8244932	0.040583382
191.104	0.031293432	-5.8240718	0.041890178
191.232	0.031295822	-5.8240172	0.037871173
191.36	0.031543245	-5.8238282	0.041361024
191.488	0.03177455	-5.8241391	0.042767827
191.616	0.031767333	-5.8240662	0.041066938
191.744	0.031899114	-5.8239861	0.044513794
191.872	0.032208016	-5.8241527	0.041951388
192	0.031777734	-5.8237363	0.045100313
192.128	0.031719994	-5.8235473	0.043179516
192.256	0.032170481	-5.8242137	0.039717752
192.384	0.031921568	-5.8238989	0.043723726
192.512	0.031714786	-5.8234758	0.043224978
192.64	0.031816367	-5.8237403	0.036415644
192.768	0.032024243	-5.8238347	0.040045027
192.896	0.031915456	-5.8241178	0.044940675
193.024	0.031668139	-5.8241217	0.042315479
193.152	0.031673443	-5.8241213	0.043228362
193.28	0.031567644	-5.8239645	0.042821863
193.408	0.03168171	-5.8237797	0.037946531
193.536	0.030840227	-5.823464	0.038077379
193.664	0.031984731	-5.8244915	0.035620123
193.792	0.03151192	-5.8237197	0.039873522
193.92	0.031708075	-5.824211	0.037611258
194.048	0.030947252	-5.823514	0.042552584
194.176	0.031515882	-5.8242196	0.041201542
194.304	0.032054172	-5.8248533	0.037873006
194.432	0.031115405	-5.8240829	0.039690354
194.56	0.031282525	-5.8243414	0.039255722
194.688	0.031338676	-5.824407	0.036552057
194.816	0.031264475	-5.8246708	0.037717798
194.944	0.030970123	-5.8245014	0.041944732
195.072	0.030997834	-5.8247028	0.036359238
195.2	0.030815365	-5.8244404	0.036058975
195.328	0.030794307	-5.8245598	0.041228566
195.456	0.031353923	-5.8247237	0.040513442
195.584	0.0306904	-5.8240544	0.043157005
195.712	0.031307274	-5.8247643	0.038962801
195.84	0.0307534	-5.8238192	0.038634998
195.968	0.031114521	-5.8244886	0.040816478
196.096	0.031148	-5.8246163	0.045424611
196.224	0.031267074	-5.8245039	0.038787385
196.352	0.03130536	-5.8243023	0.040554875
196.48	0.031525867	-5.8246698	0.043773332
196.608	0.031668282	-5.8251129	0.039167356
196.736	0.031391611	-5.8242283	0.042052768
196.864	0.03142764	-5.8241534	0.03719835
196.992	0.031816261	-5.8243765	0.035415545
197.12	0.031017885	-5.8237607	0.043838015
197.248	0.031409498	-5.8238631	0.042813053
197.376	0.031380788	-5.8239213	0.040968338
197.504	0.031769335	-5.8238723	0.040923277
197.632	0.031622053	-5.8239215	0.042331007
197.76	0.031959015	-5.8240526	0.042262505
197.888	0.031928223	-5.8239177	0.045854429
198.016	0.031492872	-5.8237174	0.04323834
198.144	0.031878491	-5.8242953	0.041207476
198.272	0.031605948	-5.8240695	0.043770853
198.4	0.032217246	-5.8243942	0.040441792
198.528	0.031621483	-5.8236801	0.042072857
198.656	0.031970889	-5.8240039	0.041676561
198.784	0.03162683	-5.823683	0.046195226
198.912	0.03136632	-5.8236648	0.045480488
199.04	0.032294914	-5.8243096	0.039735908
199.168	0.031721074	-5.8236037	0.042193759
199.296	0.032123191	-5.8240154	0.03999323
199.424	0.031978089	-5.8237322	0.040291468
199.552	0.031761276	-5.8238989	0.0398543
199.68	0.031072164	-5.8234156	0.043485734
199.808	0.031316711	-5.8241855	0.041970569
199.936	0.031424157	-5.8242003	0.039180897
200.064	0.031560029	-5.8241544	0.04002032
200.192	0.031449109	-5.8242772	0.039724663
200.32	0.031780635	-5.8246943	0.03797988
200.448	0.031228094	-5.8242587	0.041079426
200.576	0.031366417	-5.8240403	0.038587949
200.704	0.030974076	-5.8238665	0.038755166
200.832	0.031043922	-5.8242075	0.037745005
200.96	0.031268549	-5.8245496	0.038957053
201.088	0.031134912	-5.824769	0.041535315
201.216	0.031218871	-5.8249112	0.037989866
201.344	0.031125565	-5.824519	0.035578535
201.472	0.03129351	-5.8245587	0.033782668
201.6	0.03123412	-5.8249244	0.03692906
201.728	0.03119452	-5.8244936	0.039710504
201.856	0.03096802	-5.8244377	0.039475376
201.984	0.030755131	-5.8245676	0.039951107
202.112	0.031573837	-5.8252521	0.041839353
202.24	0.030714238	-5.8241285	0.042349222
202.368	0.031228759	-5.8245395	0.043316756
202.496	0.031530153	-5.8248595	0.042303402
202.624	0.031022453	-5.8240691	0.040226154
202.752	0.031292656	-5.824198	0.039892607
202.88	0.031237132	-5.8242865	0.041872469
203.008	0.031388155	-5.824304	0.04216717
203.136	0.031364919	-5.8240978	0.039731199
203.264	0.031442139	-5.8239702	0.044495386
203.392	0.031544043	-5.8241694	0.041150593
203.52	0.032353607	-5.8248957	0.036035559
203.648	0.031179469	-5.8234923	0.04195809
203.776	0.031582484	-5.8236626	0.040217733
203.904	0.031897243	-5.8241379	0.04176676
204.032	0.031742061	-5.823732	0.042579502
204.16	0.031994425	-5.8238611	0.037643257
204.288	0.032191991	-5.8244916	0.039619133
204.416	0.031913359	-5.8238106	0.042528103
204.544	0.031313761	-5.8232748	0.044448842
204.672	0.032023504	-5.8241166	0.041293416
204.8	0.031611345	-5.8236983	0.042993702
204.928	0.031623139	-5.8239165	0.041817894
205.056	0.032123293	-5.8241424	0.037990515
205.184	0.032120563	-5.8243633	0.035475136
205.312	0.031739136	-5.8239714	0.037919467
205.44	0.031460573	-5.8236923	0.042628131
205.568	0.031153302	-5.8231738	0.045086111
205.696	0.031971894	-5.8241758	0.042676558
205.824	0.032052162	-5.8245624	0.040713592
205.952	0.031598484	-5.8245431	0.040080792
206.08	0.03163924	-5.8244369	0.036201745
206.208	0.03165592	-5.8241894	0.038169252
206.336	0.031652979	-5.824177	0.038912537
206.464	0.031356551	-5.8242288	0.039397556
206.592	0.031063119	-5.8239364	0.038590333
206.72	0.030751242	-5.8237176	0.040098423
206.848	0.031627806	-5.8248452	0.035223743
206.976	0.031612245	-5.8248645	0.037967313
207.104	0.030874382	-5.8241429	0.04284205
207.232	0.031656448	-5.8250275	0.040270007
207.36	0.031671133	-5.8251492	0.03830776
207.488	0.031000137	-5.8240573	0.040026204
207.616	0.031072333	-5.8243415	0.038700257
207.744	0.031624507	-5.825003	0.035701236
207.872	0.030729999	-5.8241837	0.037686743
208	0.031224269	-5.825061	0.037009459
208.128	0.031202321	-5.8249797	0.042563498
208.256	0.031401708	-5.8246675	0.043767093
208.384	0.031169909	-5.8244337	0.043923239
208.512	0.031255548	-5.8246153	0.040782097
208.64	0.031497383	-5.8246976	0.03767567
208.768	0.031182473	-5.8244675	0.040530544
208.896	0.031438819	-5.8243743	0.036213787
209.024	0.031229254	-5.823634	0.037839718
209.152	0.031505783	-5.8244882	0.037659132
209.28	0.031129844	-5.8240749	0.040528679
209.408	0.031519743	-5.8241515	0.040587406
209.536	0.031701057	-5.8241965	0.039347103
209.664	0.031433708	-5.8235827	0.040675593
209.792	0.031529451	-5.8236021	0.038436141
209.92	0.031180864	-5.8234063	0.041034413
210.048	0.032277681	-5.8246476	0.040454246
210.176	0.03179668	-5.824142	0.044247308
210.304	0.032013239	-5.8243024	0.040827822
210.432	0.03151507	-5.8237128	0.041811334
210.56	0.031622686	-5.8237815	0.043255605
210.688	0.031413461	-5.8235983	0.042100882
210.816	0.031803577	-5.8239989	0.04180157
210.944	0.031685972	-5.8235926	0.047542071
211.072	0.032352553	-5.8242535	0.04098667
211.2	0.031604159	-5.8234324	0.043164741
211.328	0.031934151	-5.823684	0.046737165
211.456	0.032113897	-5.8240753	0.043928233
211.584	0.031652552	-5.8238677	0.041472403
211.712	0.031727307	-5.8240782	0.040248743
211.84	0.031752477	-5.8240565	0.038205705
211.968	0.031334252	-5.8240378	0.039299119
212.096	0.031652191	-5.8242282	0.040605779
212.224	0.031453972	-5.8240449	0.042844374
212.352	0.031954122	-5.8243345	0.039375563
212.48	0.031675658	-5.8241976	0.041027494
212.608	0.031419878	-5.8241257	0.040817583
212.736	0.031662803	-5.8244714	0.037923619
212.864	0.031575732	-5.8243826	0.037511945
212.992	0.031804743	-5.8246444	0.04139188
213.12	0.030874462	-5.8240814	0.042806722
213.248	0.031486289	-5.825086	0.0401946
213.376	0.031232348	-5.8248048	0.039968355
213.504	0.031552072	-5.8251483	0.038741937
213.632	0.030899839	-5.8245857	0.03992581
213.76	0.031721281	-5.8247953	0.036276986
213.888	0.030780137	-5.8238906	0.039997944
214.016	0.030908055	-5.8241873	0.040934429
214.144	0.031256104	-5.8248913	0.039494263
214.272	0.031408366	-5.8249113	0.034396044
214.4	0.031228025	-5.8248379	0.038680502
214.528	0.031341241	-5.8248028	0.041021147
214.656	0.031164371	-5.824706	0.038749132
214.784	0.03136076	-5.8247899	0.039388355
214.912	0.030355833	-5.8236411	0.04177195
215.04	0.031435921	-5.8243947	0.035062461
215.168	0.031319154	-5.8244792	0.03835704
215.296	0.031424688	-5.8244239	0.042130836
215.424	0.031302793	-5.8245758	0.039116604
215.552	0.030926465	-5.8240619	0.039831951
215.68	0.03173097	-5.8247818	0.041044566
215.808	0.031275179	-5.824061	0.040925162
215.936	0.032005327	-5.8245625	0.036529825
216.064	0.031891556	-5.8245316	0.036988641
216.192	0.031775513	-5.8247258	0.037852412
216.32	0.031766851	-5.8244318	0.04414593
216.448	0.031505675	-5.8237394	0.048012313
216.576	0.031654218	-5.8237818	0.041646567
216.704	0.032069789	-5.8242527	0.041527596
216.832	0.031818656	-5.8239307	0.043063608
216.96	0.031578072	-5.8237374	0.043317294
217.088	0.031905608	-5.8238656	0.042927923
217.216	0.031775743	-5.8239665	0.039234427
217.344	0.03210664	-5.824192	0.041705603
217.472	0.031766819	-5.8239955	0.041738191
217.6	0.031988452	-5.8240839	0.039893023
217.728	0.031376555	-5.823688	0.045033987
217.856	0.032080233	-5.8238787	0.040404018
217.984	0.032100979	-5.8241198	0.036252844
218.112	0.030886857	-5.8229018	0.041423182
218.24	0.031989905	-5.8242394	0.040324445
218.368	0.031460907	-5.823918	0.045574484
218.496	0.03231292	-5.8248278	0.040665588
218.624	0.032230218	-5.8250422	0.04068652
218.752	0.03111498	-5.8239278	0.044424896
218.88	0.03153873	-5.8245613	0.038423655
219.008	0.031440661	-5.8240773	0.039272174
219.136	0.031800352	-5.8245519	0.039921491
219.264	0.030969192	-5.8241799	0.041848501
219.392	0.031598656	-5.824681	0.036448051
219.52	0.03106135	-5.8239408	0.042269228
219.648	0.030877201	-5.8236897	0.043603773
219.776	0.031419377	-5.8241239	0.040459558
219.904	0.031254019	-5.8242169	0.039605916
220.032	0.030875298	-5.8238666	0.040619885
220.16	0.031577757	-5.8247779	0.034994512
220.288	0.031046351	-5.8244803	0.037641059
220.416	0.030718902	-5.824098	0.039565385
220.544	0.031254505	-5.8247222	0.041380653
220.672	0.031328012	-5.8248954	0.041538988
220.8	0.030755665	-5.8243507	0.042730236
220.928	0.031579358	-5.8251142	0.041481436
221.056	0.031531227	-5.8248684	0.039014174
221.184	0.031155191	-5.8244693	0.041637895
221.312	0.031430433	-5.8248905	0.039808232
221.44	0.031339089	-5.8244642	0.039831096
221.568	0.031532272	-5.8246719	0.040690347
221.696	0.031070538	-5.8240106	0.042829434
221.824	0.031353111	-5.8244124	0.041461672
221.952	0.03173636	-5.8246743	0.038184267
222.08	0.031133169	-5.8239862	0.038586716
222.208	0.031445268	-5.8244494	0.039393707
222.336	0.031628169	-5.8245283	0.041237137
222.464	0.031757281	-5.8242591	0.041173456
222.592	0.031772074	-5.8245466	0.040085633
222.72	0.031210131	-5.8237803	0.045955024
222.848	0.031210749	-5.8236687	0.042401479
222.976	0.031696282	-5.8242146	0.038184403
223.104	0.032009578	-5.8242344	0.041020958
223.232	0.031832536	-5.8237318	0.041389136
223.36	0.032499988	-5.8247295	0.035211051
223.488	0.031144894	-5.8230809	0.040559121
223.616	0.031449029	-5.8235073	0.044943345
223.744	0.032201	-5.8242731	0.041449266
223.872	0.031688967	-5.8239815	0.040666737
224	0.031301744	-5.8234457	0.040150973
224.128	0.031883495	-5.8242687	0.039349549
224.256	0.031547242	-5.8244136	0.038571996
224.384	0.032017471	-5.8248869	0.039538115
224.512	0.031480209	-5.8239205	0.040257113
224.64	0.031648444	-5.8242697	0.036931503
224.768	0.031489261	-5.8244905	0.036747637
224.896	0.032051955	-5.8248834	0.038422747
225.024	0.031462732	-5.8241325	0.041913577
225.152	0.03152905	-5.8242619	0.04060257
225.28	0.031285397	-5.8241698	0.040283568
225.408	0.031209254	-5.8244186	0.039154773
225.536	0.032078584	-5.8254561	0.037250555
225.664	0.0312014	-5.8246211	0.042741029
225.792	0.03148944	-5.8245016	0.04146496
225.92	0.031582323	-5.8248572	0.037189019
226.048	0.031014193	-5.824085	0.043183967
226.176	0.031252381	-5.8246876	0.042788693
226.304	0.031772025	-5.8250364	0.039554832
226.432	0.031786756	-5.8250875	0.041771519
226.56	0.030798391	-5.8239745	0.047545969
226.688	0.031698371	-5.8249664	0.040832837
226.816	0.030844574	-5.8244341	0.042479906
226.944	0.031277866	-5.8248107	0.038167151
227.072	0.031052159	-5.824839	0.038001336
227.2	0.031467858	-5.8250139	0.039063817
227.328	0.030625597	-5.8240584	0.039885592
227.456	0.030832873	-5.8241941	0.03726378
227.584	0.031449273	-5.8249281	0.037917758
227.712	0.031599825	-5.8247238	0.041620995
227.84	0.031325149	-5.8242063	0.040441112
227.968	0.031229959	-5.824232	0.041291535
228.096	0.03083924	-5.8238095	0.043448476
228.224	0.031367069	-5.8246101	0.039737871
228.352	0.0314309	-5.8241417	0.036746708
228.48	0.031487802	-5.8242796	0.038218278
228.608	0.031144551	-5.8238985	0.043238756
228.736	0.03174605	-5.824526	0.036918646
228.864	0.031528938	-5.8241912	0.038163088
228.992	0.031442998	-5.8237939	0.044510802
229.12	0.031209166	-5.8238906	0.046317016
229.248	0.031359603	-5.8239791	0.04314593
229.376	0.032192038	-5.8243974	0.045141709
229.504	0.031965383	-5.8241204	0.044909252
229.632	0.031642009	-5.8240767	0.042519258
229.76	0.031740983	-5.8242988	0.042448891
229.888	0.031719044	-5.8239493	0.039798205
230.016	0.031991177	-5.8242391	0.036962646
230.144	0.031766336	-5.8238716	0.039596689
230.272	0.031938627	-5.8239065	0.040923183
230.4	0.031634573	-5.8234163	0.040015324
230.528	0.031722341	-5.8235106	0.047708876
230.656	0.031763274	-5.823667	0.04564778
230.784	0.031706638	-5.8240902	0.039383978
230.912	0.031848556	-5.8245447	0.043090421
231.04	0.031595103	-5.8243938	0.045933489
231.168	0.031577604	-5.8240614	0.042386749
231.296	0.031743861	-5.8243261	0.039362543
231.424	0.031733816	-5.8243479	0.039322721
231.552	0.030967934	-5.8237959	0.040687009
231.68	0.031715554	-5.8242124	0.039425701
231.808	0.031325954	-5.823821	0.041415226
231.936	0.031345013	-5.824119	0.040237058
232.064	0.031531955	-5.8247467	0.037158788
232.192	0.030957215	-5.8246767	0.040919814
232.32	0.031211528	-5.8247273	0.039250301
232.448	0.031087018	-5.8245591	0.039686956
232.576	0.031089791	-5.824528	0.040883129
232.704	0.031187349	-5.8246801	0.041204356
232.832	0.031003614	-5.8245351	0.037996431
232.96	0.031688709	-5.8252928	0.033578174
233.088	0.031530421	-5.8251111	0.035562086
233.216	0.030940534	-5.8244547	0.04103729
233.344	0.031467673	-5.8254271	0.040182
233.472	0.030941426	-5.8247127	0.039902295
233.6	0.030827298	-5.824335	0.040302846
233.728	0.030873397	-5.8243539	0.037305221
233.856	0.031092445	-5.8245753	0.037459121
233.984	0.031428348	-5.8246677	0.039096313
234.112	0.030901589	-5.8243763	0.042114869
234.24	0.031331943	-5.8247734	0.042436568
234.368	0.031146437	-5.8241867	0.041549216
234.496	0.031586358	-5.8244267	0.040829891
234.624	0.031496678	-5.8245863	0.037852431
234.752	0.031379614	-5.8244481	0.040964673
234.88	0.031624385	-5.8242536	0.039699023
235.008	0.031400036	-5.8239485	0.038668455
235.136	0.031762509	-5.8241608	0.04023547
235.264	0.031709443	-5.8242786	0.042277055
235.392	0.031125747	-5.8237734	0.039401108
235.52	0.03189272	-5.8243046	0.038043046
235.648	0.031564165	-5.8238717	0.042289627
235.776	0.032350248	-5.8249024	0.040732954
235.904	0.031646403	-5.8237762	0.040947177
236.032	0.031530459	-5.8237756	0.044040059
236.16	0.031862821	-5.8240356	0.043986761
236.288	0.031919938	-5.8238274	0.043178429
236.416	0.031600773	-5.8233755	0.045628073
236.544	0.032082932	-5.8241621	0.043039709
236.672	0.031543813	-5.8239375	0.043428723
236.8	0.03164269	-5.8241128	0.041728607
236.928	0.032129349	-5.824409	0.03660034
237.056	0.032076296	-5.8244195	0.038791936
237.184	0.031600134	-5.8242906	0.041101591
237.312	0.031398247	-5.8238279	0.038262531
237.44	0.032011027	-5.8244658	0.039352818
237.568	0.031288647	-5.8238592	0.043830142
237.696	0.0314389	-5.8241569	0.041136358
237.824	0.031802229	-5.8247343	0.042508925
237.952	0.031195167	-5.8240929	0.042153005
238.08	0.031352481	-5.8245911	0.039200806
238.208	0.031226487	-5.8247169	0.042675658
238.336	0.031234739	-5.8246829	0.040304815
238.464	0.030913476	-5.8246853	0.042560439
238.592	0.031556914	-5.8251818	0.039382711
238.72	0.031044481	-5.824596	0.043241825
238.848	0.031110218	-5.8245454	0.040999752
238.976	0.030644315	-5.8241514	0.043004299
239.104	0.032021679	-5.8257097	0.034786654
239.232	0.031049507	-5.8243932	0.03730767
239.36	0.030936409	-5.8244689	0.043165306
239.488	0.031175921	-5.8248221	0.040379768
239.616	0.03093427	-5.8245142	0.03922328
239.744	0.031204008	-5.8250073	0.039532509
239.872	0.030976676	-5.8244759	0.036541259
240	0.031565146	-5.8247007	0.031273278
240.128	0.031118776	-5.824357	0.039005287
240.256	0.031684425	-5.8248767	0.037700023
240.384	0.030560077	-5.8235997	0.041449888
240.512	0.031505887	-5.8245685	0.037215553
240.64	0.031303022	-5.8243936	0.039738594
240.768	0.031556353	-5.8246338	0.045640975
240.896	0.031612124	-5.8245063	0.043133315
241.024	0.031000143	-5.8238067	0.043762266
241.152	0.031749161	-5.8243555	0.043361512
241.28	0.031525797	-5.8237969	0.040771333
241.408	0.03214071	-5.8247248	0.035216332
241.536	0.03165072	-5.8244303	0.040494608
241.664	0.031781049	-5.8245017	0.041077839
241.792	0.031454931	-5.824008	0.043213763
241.92	0.03232323	-5.8248305	0.03997247
242.048	0.031386812	-5.8238919	0.04216367
242.176	0.031983221	-5.8242082	0.039791098
242.304	0.031795596	-5.8238968	0.041796282
242.432	0.032403094	-5.8244346	0.04213466
242.56	0.031880193	-5.8238643	0.0439228
242.688	0.031593293	-5.8235434	0.044559223
242.816	0.031958532	-5.8241435	0.044299831
242.944	0.031912647	-5.8242393	0.041390656
243.072	0.031821161	-5.8242502	0.037476174
243.2	0.031839524	-5.8244613	0.039682829
243.328	0.031918937	-5.8245465	0.041590985
243.456	0.031584997	-5.8243227	0.040449936
243.584	0.031416729	-5.8241827	0.042702062
243.712	0.03200674	-5.8247779	0.040971995
243.84	0.031472702	-5.8239886	0.042424044
243.968	0.031711219	-5.8246825	0.038438553
244.096	0.03115944	-5.8239797	0.037369443
244.224	0.031766754	-5.8247125	0.037374106
244.352	0.030805365	-5.8238479	0.039819719
244.48	0.031425452	-5.8247133	0.041153922
244.608	0.030971322	-5.8241959	0.040719345
244.736	0.031136366	-5.8246037	0.037178047
244.864	0.03177448	-5.8252182	0.038912621
244.992	0.03089055	-5.8243057	0.043683726
245.12	0.031455089	-5.8248559	0.037973944
245.248	0.031327158	-5.8249607	0.034100229
245.376	0.030628137	-5.8243184	0.039457055
245.504	0.030728409	-5.8243986	0.041058202
245.632	0.031308753	-5.8249163	0.03988989
245.76	0.031653147	-5.8253067	0.038992555
245.888	0.030258322	-5.8241882	0.043016464
246.016	0.030851126	-5.8245013	0.041058729
246.144	0.031420267	-5.8248554	0.03998305
246.272	0.030752981	-5.824216	0.0454726
246.4	0.031579703	-5.8249168	0.039790284
246.528	0.031203796	-5.8243446	0.037495029
246.656	0.031045646	-5.8243479	0.036779577
246.784	0.03138114	-5.8246372	0.033450603
246.912	0.031503899	-5.8246803	0.039485175
247.04	0.031473442	-5.8244843	0.0391012
247.168	0.031507204	-5.8244829	0.04427216
247.296	0.031365265	-5.8242068	0.046454727
247.424	0.031748538	-5.824506	0.046418025
247.552	0.031750545	-5.8243916	0.044402818
247.68	0.032086515	-5.8244901	0.038287064
247.808	0.031748365	-5.8239301	0.043033191
247.936	0.03149301	-5.824	0.043728907
248.064	0.031659822	-5.823871	0.042972338
248.192	0.03182125	-5.823929	0.040214113
248.32	0.031994016	-5.8240493	0.038344168
248.448	0.031905648	-5.8242637	0.039638659
248.576	0.032163048	-5.8240526	0.04152815
248.704	0.032355399	-5.8244243	0.042028955
248.832	0.032240697	-5.8245407	0.041037987
248.96	0.031603873	-5.8236785	0.04410007
249.088	0.031960327	-5.8237408	0.042258625
249.216	0.031691933	-5.8237864	0.041714412
249.344	0.031594311	-5.8237529	0.04264089
249.472	0.032255756	-5.8243822	0.04014083
249.6	0.03169271	-5.8238689	0.03691517
249.728	0.031805832	-5.8243327	0.037870954
249.856	0.031658354	-5.8242199	0.035768983
249.984	0.031464237	-5.8242339	0.034340188
250.112	0.03158028	-5.8241481	0.038608107
250.24	0.031243768	-5.8242598	0.037902187
250.368	0.031632762	-5.8245652	0.036732854
250.496	0.031126759	-5.8241618	0.040360656
250.624	0.031604894	-5.8248478	0.037479069
250.752	0.031357989	-5.8247482	0.03883035
250.88	0.030709879	-5.8240592	0.042161067
251.008	0.031539213	-5.825216	0.039550516
251.136	0.030974634	-5.8242623	0.038853667
251.264	0.031290568	-5.8247274	0.036827786
251.392	0.031087358	-5.82455	0.041008977
251.52	0.030725527	-5.8242476	0.039167222
251.648	0.031081619	-5.8245975	0.034937947
251.776	0.031224774	-5.8248004	0.038606025
251.904	0.031340828	-5.8249668	0.03957304
252.032	0.031802312	-5.8256483	0.037911295
252.16	0.030541709	-5.8243602	0.043017999
252.288	0.030811611	-5.8248896	0.041147157
252.416	0.031197438	-5.8249719	0.038448976
252.544	0.030941581	-5.8241542	0.041593088
252.672	0.031688073	-5.8249932	0.042309447
252.8	0.031352993	-5.824527	0.041266342
252.928	0.031307269	-5.824616	0.041034127
253.056	0.03093031	-5.8240898	0.04407177
253.184	0.031777157	-5.8246643	0.040769522
253.312	0.031857232	-5.8246975	0.041459382
253.44	0.030973163	-5.8239467	0.042207982
253.568	0.03199653	-5.8246726	0.035715901
253.696	0.031175944	-5.8238023	0.040674316
253.824	0.031632045	-5.8243742	0.045545745
253.952	0.031452921	-5.8239807	0.040957589
254.08	0.031402239	-5.8242128	0.038520496
254.208	0.032185194	-5.8247711	0.041658552
254.336	0.031741497	-5.8240054	0.039461667
254.464	0.031519968	-5.8239685	0.040697481
254.592	0.031748509	-5.8241529	0.043691391
254.72	0.03140004	-5.8236998	0.044347972
254.848	0.031491251	-5.8236757	0.042018778
254.976	0.032242052	-5.8246128	0.035862152
255.104	0.032053654	-5.8245907	0.039663829
255.232	0.031995476	-5.8244509	0.039623934
255.36	0.031959853	-5.8239797	0.040516863
255.488	0.031891937	-5.8237096	0.042945113
255.616	0.031885451	-5.8239442	0.040652772
255.744	0.032224719	-5.824345	0.040548709
255.872	0.03164014	-5.8240598	0.040276047
256	0.031260851	-5.8239127	0.039211647
256.128	0.031173142	-5.823577	0.042780672
256.256	0.032317005	-5.8246463	0.038186387
256.384	0.031383046	-5.8238993	0.041085324
256.512	0.031708593	-5.8245816	0.04320364
256.64	0.031372476	-5.8244756	0.041441088
256.768	0.031476298	-5.8243957	0.040202249
256.896	0.031195982	-5.8241786	0.036691389
257.024	0.031323846	-5.8244633	0.036215129
257.152	0.031404668	-5.8247411	0.041129661
257.28	0.031495753	-5.8245621	0.038898676
257.408	0.031311372	-5.8244904	0.03998234
257.536	0.030938485	-5.8242201	0.04266
257.664	0.030985358	-5.8244483	0.040395517
257.792	0.031652776	-5.8253786	0.041160975
257.92	0.030966888	-5.8246192	0.04034429
258.048	0.031414556	-5.8252652	0.03994427
258.176	0.030703783	-5.8242745	0.044185091
258.304	0.031404227	-5.8250121	0.037170985
258.432	0.031189287	-5.8247492	0.038608164
258.56	0.031261361	-5.8249614	0.039773972
258.688	0.03089442	-5.8244593	0.040364164
258.816	0.03130765	-5.8247058	0.039852171
258.944	0.031494927	-5.8250537	0.038904227
259.072	0.031037698	-5.824444	0.041235986
259.2	0.031227684	-5.8246388	0.036719456
259.328	0.031035873	-5.8242061	0.037743975
259.456	0.031864026	-5.8249159	0.038030422
259.584	0.030631697	-5.8235073	0.038818077
259.712	0.032020339	-5.8244941	0.035923758
259.84	0.030965593	-5.8236197	0.040672386
259.968	0.032141251	-5.8247795	0.035472885
260.096	0.031851256	-5.824751	0.041329848
260.224	0.031984464	-5.8249862	0.043118498
260.352	0.031264779	-5.8238601	0.042019057
260.48	0.031842756	-5.8244041	0.043730763
260.608	0.031365258	-5.823915	0.045606922
260.736	0.031854591	-5.8243045	0.03989707
260.864	0.031633474	-5.823811	0.038624932
260.992	0.031533991	-5.8234966	0.039736829
261.12	0.032174388	-5.8245294	0.039968557
261.248	0.031881477	-5.8240995	0.041956094
261.376	0.032023276	-5.824008	0.044075137
261.504	0.031651204	-5.8240014	0.042686942
261.632	0.032141551	-5.8246803	0.03986657
261.76	0.031810065	-5.8238607	0.045536224
261.888	0.031464774	-5.8236954	0.042657399
262.016	0.03156959	-5.8236235	0.041212535
262.144	0.031878996	-5.8244368	0.041948611
262.272	0.031616349	-5.823997	0.041416589
262.4	0.031629992	-5.8242309	0.040116032
262.528	0.03183139	-5.8244096	0.039337192
262.656	0.03177642	-5.8242789	0.04065607
262.784	0.031225092	-5.8238704	0.041656289
262.912	0.031810056	-5.8247212	0.036843729
263.04	0.031571612	-5.8246215	0.037334901
263.168	0.031336295	-5.8245013	0.040746201
263.296	0.031316988	-5.8248525	0.037373992
263.424	0.031178455	-5.824463	0.040542089
263.552	0.031556533	-5.8249471	0.044167705
263.68	0.031302837	-5.8246947	0.038358556
263.808	0.031163392	-5.8246144	0.040248955
263.936	0.031083379	-5.8247864	0.043035901
264.064	0.031372144	-5.8251262	0.038835699
264.192	0.030990232	-5.8246625	0.038724012
264.32	0.031312929	-5.8251034	0.038775427
264.448	0.031005933	-5.8249285	0.037865224
264.576	0.031110707	-5.8246712	0.036870614
264.704	0.031399483	-5.8248669	0.034027403
264.832	0.031195459	-5.8250137	0.036147626
264.96	0.031293453	-5.8249678	0.039128443
265.088	0.030734145	-5.8241763	0.04115494
265.216	0.031901455	-5.8252976	0.036802834
265.344	0.030904089	-5.824405	0.038082481
265.472	0.031261495	-5.8246445	0.037404045
265.6	0.03142385	-5.8243904	0.041041345
265.728	0.031522515	-5.8246047	0.043554034
265.856	0.031262685	-5.8245759	0.044514998
265.984	0.031239907	-5.8243671	0.043816208
266.112	0.031018841	-5.8240946	0.042727493
266.24	0.031567536	-5.8246132	0.036868788
266.368	0.031400182	-5.8242449	0.039934403
266.496	0.03179239	-5.8244378	0.042326534
266.624	0.031680226	-5.8242218	0.039498526
266.752	0.03211023	-5.8243274	0.03991091
266.88	0.031435595	-5.8239895	0.042405498
267.008	0.032031764	-5.824427	0.039553307
267.136	0.031581486	-5.8238323	0.045703207
267.264	0.032244433	-5.824406	0.038902821
267.392	0.031505459	-5.823668	0.040926089
267.52	0.0320088	-5.8240147	0.043123584
267.648	0.031635076	-5.8233668	0.045736852
267.776	0.031495345	-5.8233	0.044197145
267.904	0.032620222	-5.824623	0.042184911
268.032	0.032202646	-5.8241202	0.041000335
268.16	0.031666091	-5.8236948	0.038049316
268.288	0.031543022	-5.8235233	0.042742491
268.416	0.032338894	-5.8246062	0.039457603
268.544	0.031294361	-5.8235873	0.040932473
268.672	0.032189084	-5.8246679	0.039104447
268.8	0.031488772	-5.824341	0.044093586
268.928	0.031534664	-5.8241915	0.041964407
269.056	0.031697096	-5.8246922	0.045241559
269.184	0.031574119	-5.8245154	0.043118806
269.312	0.031353939	-5.8245247	0.038835232
269.44	0.031579884	-5.824664	0.040918333
269.568	0.031393445	-5.8242909	0.040027202
269.696	0.031125196	-5.8240582	0.036790168
269.824	0.031276879	-5.8248287	0.035738205
269.952	0.031236663	-5.8243369	0.041055338
270.08	0.031108548	-5.8242759	0.039912604
270.208	0.030975457	-5.8245593	0.03590992
270.336	0.030866665	-5.8244951	0.035303665
270.464	0.031207716	-5.8248485	0.038134339
270.592	0.030990988	-5.8247368	0.039592049
270.72	0.030936534	-5.8247948	0.037480222
270.848	0.031905453	-5.8257314	0.035817433
270.976	0.030531515	-5.8243615	0.042372763
271.104	0.03077728	-5.8246032	0.039652245
271.232	0.031520324	-5.8253844	0.035856839
271.36	0.031177612	-5.8246637	0.040893218
271.488	0.030622953	-5.8241477	0.04215726
271.616	0.031471883	-5.8251813	0.036824505
271.744	0.031464584	-5.8248714	0.038495835
271.872	0.030876386	-5.8241702	0.042057362
272	0.031004763	-5.824248	0.039544779
272.128	0.031188706	-5.8243597	0.040953367
272.256	0.031882989	-5.8250253	0.042951553
272.384	0.031577227	-5.8245846	0.039419416
272.512	0.031767375	-5.8246678	0.038516818
272.64	0.031480109	-5.8242188	0.042584132
272.768	0.031906469	-5.8244912	0.040238054
272.896	0.03193643	-5.8243887	0.04099046
273.024	0.031635821	-5.823992	0.043694933
273.152	0.031313776	-5.8235698	0.042091899
273.28	0.031603807	-5.8238534	0.039623374
273.408	0.032876281	-5.8251943	0.037059851
273.536	0.031431109	-5.8236959	0.0441191
273.664	0.03177746	-5.8239535	0.039826652
273.792	0.031660464	-5.8238059	0.038022886
273.92	0.032399511	-5.8245181	0.039162966
274.048	0.031581118	-5.8236301	0.042354596
274.176	0.03183557	-5.824089	0.039618402
274.304	0.031356163	-5.8234188	0.041452016
274.432	0.032389932	-5.824608	0.035385781
274.56	0.031759553	-5.8242062	0.040097233
274.688	0.031739797	-5.8240397	0.04207536
274.816	0.031613385	-5.8239129	0.037568959
274.944	0.032144917	-5.8244359	0.036587358
275.072	0.031756558	-5.823891	0.038155307
275.2	0.031728674	-5.8239818	0.040260468
275.328	0.031320369	-5.8236571	0.041028569
275.456	0.031786986	-5.8244726	0.043565255
275.584	0.031492056	-5.8243309	0.043467798
275.712	0.031769258	-5.8247044	0.041450415
275.84	0.030971577	-5.8245598	0.045343809
275.968	0.031149327	-5.8245072	0.038892121
276.096	0.031549723	-5.8247096	0.036740364
276.224	0.031155338	-5.8241761	0.038994974
276.352	0.030917391	-5.8240974	0.037527161
276.48	0.031150082	-5.8245574	0.039899967
276.608	0.030945341	-5.8243027	0.043011496
276.736	0.031499128	-5.8251812	0.036769958
276.864	0.031105705	-5.8248686	0.037213929
276.992	0.031205469	-5.8251759	0.035969058
277.12	0.030780806	-5.8245336	0.041641378
277.248	0.030965845	-5.8246526	0.041020717
277.376	0.030851587	-5.8245616	0.039222308
277.504	0.031243785	-5.8249395	0.040271515
277.632	0.031400756	-5.8252663	0.041232762
277.76	0.030928576	-5.8246743	0.041112111
277.888	0.03096146	-5.82446	0.042301006
278.016	0.031432843	-5.824821	0.041868613
278.144	0.031318677	-5.8244992	0.041188617
278.272	0.031403321	-5.8245771	0.039896474
278.4	0.031347656	-5.8246532	0.036505134
278.528	0.031293866	-5.8243697	0.038858157
278.656	0.0315277	-5.8245633	0.040133191
278.784	0.0311629	-5.823886	0.038711688
278.912	0.031341057	-5.8239189	0.041392202
279.04	0.032057702	-5.8246937	0.039615816
279.168	0.031291967	-5.8238157	0.04421889
279.296	0.031909547	-5.8243021	0.039953781
279.424	0.031968718	-5.8241383	0.039176557
279.552	0.032373068	-5.8247308	0.041268632
279.68	0.031299326	-5.8230194	0.042081124
279.808	0.032095615	-5.8240494	0.044813064
279.936	0.031375306	-5.8231756	0.046467806
280.064	0.031910751	-5.8238777	0.042481513
280.192	0.032075695	-5.8240627	0.041846571
280.32	0.032058119	-5.8241581	0.041967712
280.448	0.031461411	-5.8236845	0.041201283
280.576	0.031893814	-5.8238503	0.038848152
280.704	0.032459947	-5.824171	0.03761812
280.832	0.031708025	-5.8238401	0.039804115
280.96	0.032133618	-5.8244707	0.03606809
281.088	0.032084714	-5.8245312	0.039794898
281.216	0.032091712	-5.8244349	0.044431827
281.344	0.031168314	-5.8236655	0.044761767
281.472	0.031617243	-5.8245281	0.041823914
281.6	0.032231502	-5.8249824	0.037826648
281.728	0.031065959	-5.823854	0.042937009
281.856	0.031729103	-5.824545	0.036874842
281.984	0.031431252	-5.8242392	0.038097834
282.112	0.03157443	-5.824738	0.03839127
282.24	0.031517978	-5.8248296	0.040541557
282.368	0.030926071	-5.8244692	0.041661093
282.496	0.031471875	-5.8249701	0.036362323
282.624	0.031349413	-5.8249512	0.038526591
282.752	0.031061233	-5.8247117	0.039092992
282.88	0.031012803	-5.8244311	0.039736541
283.008	0.031001371	-5.8244199	0.03943814
283.136	0.03094789	-5.8246743	0.037068532
283.264	0.030969648	-5.8247134	0.038138645
283.392	0.031502578	-5.8255155	0.036018255
283.52	0.030718049	-5.8245008	0.041532933
283.648	0.031528733	-5.8251932	0.040541052
283.776	0.031028435	-5.8247862	0.04027356
283.904	0.030921493	-5.8245672	0.041270008
284.032	0.031009104	-5.8248656	0.041302286
284.16	0.030866462	-5.8248706	0.037910311
284.288	0.031430852	-5.8254716	0.034467587
284.416	0.031419334	-5.8252642	0.034987283
284.544	0.030444403	-5.8240545	0.041624065
284.672	0.031455145	-5.824698	0.043185927
284.8	0.031513835	-5.8243853	0.042562989
284.928	0.031664854	-5.8247681	0.037077963
285.056	0.031434246	-5.8240776	0.03626053
285.184	0.031743267	-5.8241973	0.038027253
285.312	0.031491462	-5.8242741	0.040665295
285.44	0.031274804	-5.8242195	0.040662449
285.568	0.031650114	-5.824438	0.040484144
285.696	0.031680438	-5.8242608	0.04099342
285.824	0.031447061	-5.8239494	0.040400407
285.952	0.032318683	-5.8246184	0.040310981
286.08	0.031452844	-5.8236733	0.042654408
286.208	0.032006307	-5.823925	0.041331624
286.336	0.032033789	-5.8237158	0.041963962
286.464	0.031768322	-5.823726	0.040922656
286.592	0.031934296	-5.8240759	0.039339166
286.72	0.032155629	-5.8242617	0.038112052
286.848	0.032078406	-5.8239153	0.038020733
286.976	0.031938923	-5.8239957	0.040363662
287.104	0.031915762	-5.8239214	0.040935469
287.232	0.031870033	-5.8238748	0.044163073
287.36	0.032106263	-5.8242196	0.041955481
287.488	0.03140763	-5.8234871	0.042789972
287.616	0.032003981	-5.8242049	0.043692094
287.744	0.031943599	-5.8243533	0.044159186
287.872	0.032010297	-5.8245975	0.042074817
288	0.031664022	-5.8242084	0.042133599
288.128	0.031351692	-5.8238602	0.041612033
288.256	0.03140907	-5.8243	0.040758846
288.384	0.031413578	-5.8243766	0.04415499
288.512	0.031706619	-5.8248101	0.040931578
288.64	0.030869903	-5.8242805	0.036551774
288.768	0.031462013	-5.8247821	0.037385332
288.896	0.031433382	-5.8245854	0.041448549
289.024	0.030786277	-5.824134	0.044954351
289.152	0.031150144	-5.8247914	0.038395357
289.28	0.031048798	-5.8247707	0.037382225
289.408	0.030866906	-5.8241436	0.041388004
289.536	0.031322508	-5.8249192	0.03566898
289.664	0.030938614	-5.8245011	0.039613677
289.792	0.030924862	-5.8244224	0.040874696
289.92	0.031090183	-5.8247141	0.037677683
290.048	0.030659827	-5.824567	0.038146323
290.176	0.03140428	-5.8248196	0.03726222
290.304	0.030772379	-5.82412	0.039347924
290.432	0.031077163	-5.8247654	0.038918143
290.56	0.031805621	-5.8253202	0.035815994
290.688	0.030915279	-5.8246493	0.039959201
290.816	0.031180067	-5.8248514	0.039908184
290.944	0.030764688	-5.82413	0.042381655
291.072	0.032087767	-5.8253433	0.038980548
291.2	0.031279418	-5.8241018	0.040553875
291.328	0.031105973	-5.8239987	0.039567115
291.456	0.031741816	-5.8244034	0.040814518
291.584	0.031348204	-5.8241603	0.041152634
291.712	0.031460107	-5.8239452	0.039795977
291.84	0.03207285	-5.8246814	0.040131115
291.968	0.031410004	-5.8239087	0.040643887
292.096	0.031709505	-5.8244899	0.04075109
292.224	0.031611737	-5.8240995	0.041775316
292.352	0.031810219	-5.8242469	0.039509023
292.48	0.03178325	-5.8240198	0.039480408
292.608	0.032010551	-5.8240558	0.041222779
292.736	0.032015611	-5.8237445	0.039309379
292.864	0.031568855	-5.8233904	0.046983512
292.992	0.032429166	-5.8244929	0.042488045
293.12	0.031875786	-5.8237208	0.038748981
293.248	0.032486771	-5.8244328	0.036686743
293.376	0.03190682	-5.8236194	0.038416305
293.504	0.031794934	-5.823898	0.045093243
293.632	0.031799609	-5.8239963	0.044357478
293.76	0.0318678	-5.8239843	0.043581708
293.888	0.032119911	-5.8243348	0.039120863
294.016	0.031873742	-5.8244725	0.041226787
294.144	0.031672861	-5.8237505	0.042106455
294.272	0.032026697	-5.8245007	0.037099571
294.4	0.03225372	-5.8248792	0.03867946
294.528	0.031377232	-5.8238544	0.042147632
294.656	0.031159043	-5.8239573	0.041638085
294.784	0.031312604	-5.8242159	0.035707952
294.912	0.03147076	-5.8243179	0.035539737
295.04	0.030971424	-5.8241066	0.038132115
295.168	0.031585066	-5.8252088	0.038008644
295.296	0.031196077	-5.8250059	0.039000295
295.424	0.031486789	-5.8253159	0.040989649
295.552	0.030849462	-5.8245814	0.039446933
295.68	0.031117402	-5.8248058	0.037463944
295.808	0.031313161	-5.8252277	0.039917243
295.936	0.031061202	-5.8247276	0.041957909
296.064	0.030940114	-5.8248584	0.041967992
296.192	0.031082132	-5.8251427	0.043829466
296.32	0.030769555	-5.824618	0.04090878
296.448	0.030817742	-5.8245521	0.0362568
296.576	0.031093558	-5.8247062	0.040013236
296.704	0.031232192	-5.8247985	0.040766969
296.832	0.031259268	-5.824823	0.040610768
296.96	0.030985838	-5.824606	0.039196796
297.088	0.031301973	-5.8249683	0.039502773
297.216	0.03119378	-5.8245051	0.040108701
297.344	0.031059082	-5.8241967	0.038043538
297.472	0.031136928	-5.8244032	0.038023311
297.6	0.030954951	-5.824086	0.038316152
297.728	0.031596953	-5.8249493	0.039795821
297.856	0.031972545	-5.8248817	0.039209923
297.984	0.03134135	-5.8240905	0.038975576
298.112	0.031774032	-5.8242535	0.041541882
298.24	0.031741411	-5.8239566	0.042712913
298.368	0.031651565	-5.8242486	0.042068953
298.496	0.031376603	-5.8236615	0.040091367
298.624	0.032541321	-5.8246775	0.039523118
298.752	0.031733322	-5.8235925	0.046518482
298.88	0.031410012	-5.8234144	0.045469844
299.008	0.031860617	-5.8240255	0.041780959
299.136	0.032106497	-5.8243042	0.043602746
299.264	0.032093698	-5.8238677	0.042291109
299.392	0.0319759	-5.8239595	0.044408524
299.52	0.032332198	-5.8241413	0.039298559
299.648	0.03154548	-5.8235506	0.039592717
299.776	0.032065165	-5.8241813	0.039721183
299.904	0.03089911	-5.8231335	0.042155385
300.032	0.03207388	-5.8241801	0.037689664
300.16	0.031824755	-5.8239797	0.0407578
300.288	0.031628564	-5.8242451	0.044599983
300.416	0.03194295	-5.8244329	0.041536684
300.544	0.031678678	-5.8240457	0.0367919
300.672	0.031967538	-5.8247055	0.036324506
300.8	0.031966261	-5.8247677	0.039384895
300.928	0.031072757	-5.8241715	0.04130733
301.056	0.031969427	-5.8250378	0.040993206
301.184	0.031073419	-5.824294	0.043984166
301.312	0.031610816	-5.8251229	0.037679181
301.44	0.031410919	-5.8247879	0.038313312
301.568	0.030816256	-5.8245853	0.04359189
301.696	0.03120702	-5.8247824	0.043330551
301.824	0.031161355	-5.8248951	0.038921815
301.952	0.03067094	-5.8242217	0.038412813
302.08	0.031214255	-5.8247965	0.041036943
302.208	0.03114142	-5.8248723	0.042456613
302.336	0.031415025	-5.8251698	0.035617889
302.464	0.031309239	-5.8250707	0.032183537
302.592	0.031039375	-5.8247026	0.03875429
302.72	0.030751311	-5.8246059	0.039400008
302.848	0.031175447	-5.8246365	0.041680991
302.976	0.03131101	-5.8247955	0.039288674
303.104	0.031565993	-5.8251764	0.034923131
303.232	0.031046951	-5.8245003	0.038621756
303.36	0.03169282	-5.8252379	0.034691465
303.488	0.030781709	-5.8242675	0.039020272
303.616	0.031657459	-5.825076	0.037555504
303.744	0.031523894	-5.8250828	0.04014502
303.872	0.030866654	-5.8237956	0.039098742
304	0.031548707	-5.8245134	0.038920545
304.128	0.031684589	-5.8244193	0.040709144
304.256	0.031351171	-5.8240994	0.038857036
304.384	0.031673895	-5.8246702	0.042368048
304.512	0.031630575	-5.8243361	0.040135735
304.64	0.031475878	-5.8238712	0.038016193
304.768	0.031673727	-5.824198	0.04053593
304.896	0.032019323	-5.8242802	0.045279784
305.024	0.032244494	-5.8244536	0.041389875
305.152	0.032038411	-5.8241941	0.038107668
305.28	0.031895238	-5.823905	0.041909126
305.408	0.032114257	-5.8244165	0.038433939
305.536	0.03184669	-5.8238745	0.043232551
305.664	0.031722505	-5.8234655	0.042496487
305.792	0.031601357	-5.8235308	0.039539824
305.92	0.032347257	-5.8241779	0.037401445
306.048	0.031630646	-5.8237231	0.040434437
306.176	0.032195258	-5.8244933	0.040885801
306.304	0.03158809	-5.8240102	0.044070996
306.432	0.031696431	-5.824078	0.043418393
306.56	0.031380734	-5.8234879	0.041525295
306.688	0.031789047	-5.8241554	0.040816131
306.816	0.032045009	-5.8243109	0.041883083
306.944	0.031287748	-5.8239592	0.040672857
307.072	0.031764902	-5.8244063	0.040457893
307.2	0.031600829	-5.8244203	0.039946885
307.328	0.031467411	-5.8245615	0.037844399
307.456	0.031009229	-5.8242832	0.042686386
307.584	0.03187205	-5.825095	0.043218502
307.712	0.031258926	-5.8244601	0.042240665
307.84	0.031191772	-5.8244901	0.041542012
307.968	0.031194477	-5.8246926	0.040615201
308.096	0.030879928	-5.824571	0.039635442
308.224	0.031057314	-5.8244672	0.038885479
308.352	0.031258456	-5.8249679	0.036751978
308.48	0.031142755	-5.824697	0.037703369
308.608	0.031516763	-5.8251343	0.037580884
308.736	0.031252546	-5.8248488	0.036986773
308.864	0.030973616	-5.8249254	0.040472949
308.992	0.030901914	-5.8248005	0.04244275
309.12	0.03166189	-5.8252125	0.036736389
309.248	0.031124401	-5.8244622	0.037865984
309.376	0.031696896	-5.8249345	0.037278019
309.504	0.030692645	-5.8244204	0.03900464
309.632	0.031436486	-5.8246822	0.042249508
309.76	0.03095369	-5.8242767	0.040399795
309.888	0.031687104	-5.8247527	0.037661853
310.016	0.031054353	-5.8239713	0.041801389
310.144	0.031301188	-5.8244219	0.039273966
310.272	0.03150957	-5.8246228	0.039944606
310.4	0.031756852	-5.8246787	0.038766831
310.528	0.031275908	-5.8240847	0.041658038
310.656	0.031505002	-5.8243694	0.041580315
310.784	0.032066836	-5.8247805	0.041142639
310.912	0.031288982	-5.8239628	0.042339386
311.04	0.031688246	-5.8240285	0.041502343
311.168	0.032132832	-5.8247219	0.038673665
311.296	0.032076024	-5.8245219	0.037780625
311.424	0.031669842	-5.824196	0.039025923
311.552	0.031999257	-5.8242325	0.039342138
311.68	0.031291977	-5.8230001	0.043241486
311.808	0.032405467	-5.8242911	0.038878403
311.936	0.031581004	-5.8238287	0.042057659
312.064	0.031949169	-5.824106	0.039112884
312.192	0.031759083	-5.8238678	0.040124175
312.32	0.03151662	-5.8236698	0.043572448
312.448	0.032198947	-5.8244512	0.039596129
312.576	0.031976989	-5.8237764	0.038046637
312.704	0.031403272	-5.8235948	0.043622627
312.832	0.031702724	-5.824297	0.042969701
312.96	0.032205465	-5.8248469	0.038863451
313.088	0.031457333	-5.8239943	0.042013469
313.216	0.031600168	-5.8241647	0.03950923
313.344	0.03145089	-5.8243385	0.041619503
313.472	0.031377684	-5.8243031	0.037873631
313.6	0.03179015	-5.8246453	0.037068521
313.728	0.031173178	-5.824118	0.044782724
313.856	0.03152893	-5.8240636	0.045028743
313.984	0.031349254	-5.823827	0.043191667
314.112	0.031092346	-5.8241725	0.042921346
314.24	0.031409217	-5.8249177	0.03880269
314.368	0.031356333	-5.8252069	0.037792852
314.496	0.031101596	-5.8247483	0.037627983
314.624	0.031141965	-5.8248624	0.038473834
314.752	0.03120118	-5.8247309	0.037473808
314.88	0.030581895	-5.8240185	0.037509114
315.008	0.031186406	-5.8246104	0.034550563
315.136	0.031137469	-5.8247725	0.035829798
315.264	0.03099594	-5.8247961	0.041037903
315.392	0.030753386	-5.8244311	0.041164982
315.52	0.03133119	-5.8249745	0.03779629
315.648	0.031238372	-5.8247959	0.041138919
315.776	0.031085075	-5.8248331	0.040811348
315.904	0.031321591	-5.825008	0.038106167
316.032	0.031320281	-5.8251255	0.039887534
316.16	0.030961703	-5.8243928	0.039324163
316.288	0.031108076	-5.8241717	0.041422837
316.416	0.031934362	-5.825202	0.039477292
316.544	0.031458975	-5.8244586	0.041195562
316.672	0.030972619	-5.8237271	0.048145885
316.8	0.031575705	-5.8242024	0.042885987
316.928	0.031624108	-5.8244819	0.039023709
317.056	0.031701707	-5.8242301	0.038702185
317.184	0.031552199	-5.823819	0.040239303
317.312	0.03171609	-5.8239275	0.040733129
317.44	0.031893389	-5.8240985	0.041244287
317.568	0.031552888	-5.823871	0.04130948
317.696	0.031621079	-5.823602	0.043171259
317.824	0.031615267	-5.823367	0.043162024
317.952	0.031490013	-5.8237125	0.042535063
318.08	0.032150493	-5.8241854	0.043212843
318.208	0.032395112	-5.824059	0.037931916
318.336	0.031303726	-5.8230568	0.040144559
318.464	0.031714638	-5.8236987	0.037739449
318.592	0.032122557	-5.8242416	0.041375744
318.72	0.031548505	-5.8240104	0.043542077
318.848	0.031585318	-5.8237511	0.041671835
318.976	0.031945841	-5.8237562	0.043128252
319.104	0.031773939	-5.8236546	0.040445999
319.232	0.031561809	-5.8237529	0.042489102
319.36	0.031484111	-5.8239491	0.041890907
319.488	0.031841192	-5.8241295	0.041895988
319.616	0.031610222	-5.8241379	0.044057
319.744	0.03162115	-5.8247426	0.042350056
319.872	0.031315016	-5.8243522	0.039617258
320	0.03147803	-5.8246831	0.039792637
320.128	0.031750227	-5.8250218	0.036883445
320.256	0.03105009	-5.8243794	0.038412422
320.384	0.031465455	-5.8246725	0.041581284
320.512	0.031270812	-5.8246349	0.042893008
320.64	0.031446245	-5.8245936	0.040667679
320.768	0.031399131	-5.8249463	0.041648504
320.896	0.031293622	-5.8248451	0.041086808
321.024	0.031538465	-5.8252512	0.038034334
321.152	0.03047764	-5.8242822	0.038269278
321.28	0.031318576	-5.8248803	0.033056882
321.408	0.031355332	-5.8249792	0.037673008
321.536	0.030816472	-5.8243168	0.040007391
321.664	0.030814751	-5.8247263	0.043880783
321.792	0.030991801	-5.8250106	0.040860978
321.92	0.031090313	-5.8247037	0.036949962
322.048	0.030901797	-5.8245317	0.038041625
322.176	0.030300285	-5.8237719	0.037061349
322.304	0.03130101	-5.8245896	0.037579963
322.432	0.03151567	-5.8247593	0.035196024
322.56	0.031624502	-5.8250733	0.037652879
322.688	0.031367977	-5.8248247	0.041687171
322.816	0.031056295	-5.8241581	0.043445525
322.944	0.031751927	-5.8250978	0.043151029
323.072	0.031530905	-5.8244259	0.042305704
323.2	0.031653618	-5.8244776	0.043705591
323.328	0.031601809	-5.8242129	0.045925606
323.456	0.031762165	-5.8243101	0.041304005
323.584	0.031522715	-5.8242083	0.039628507
323.712	0.032182217	-5.8247154	0.042699345
323.84	0.031455904	-5.8239995	0.043395317
323.968	0.032181521	-5.8246464	0.042771281
324.096	0.032145369	-5.824449	0.04302782
324.224	0.03184381	-5.8244633	0.040733191
324.352	0.031586222	-5.8239084	0.043129078
324.48	0.032607562	-5.8247952	0.037492418
324.608	0.031494404	-5.8235938	0.043146413
324.736	0.032196929	-5.8243705	0.038336449
324.864	0.031644981	-5.8237117	0.0362324
324.992	0.031533821	-5.8236026	0.040857089
325.12	0.031503998	-5.8236171	0.040038238
325.248	0.031755738	-5.8238375	0.036923652
325.376	0.031504573	-5.8234689	0.039367529
325.504	0.031266881	-5.8234641	0.039149289
325.632	0.032203891	-5.8244275	0.041891877
325.76	0.031343629	-5.8236058	0.045230375
325.888	0.03206616	-5.824597	0.043655923
326.016	0.031225057	-5.8240565	0.042879296
326.144	0.03174063	-5.824484	0.040477352
326.272	0.031605484	-5.8241985	0.040495363
326.4	0.031546941	-5.8240391	0.038966489
326.528	0.031651612	-5.8243496	0.03888339
326.656	0.03145212	-5.8244444	0.040762407
326.784	0.031678234	-5.8244264	0.0424014
326.912	0.031666504	-5.8247702	0.039522879
327.04	0.030567131	-5.8238152	0.037762181
327.168	0.030816744	-5.8241136	0.0374585
327.296	0.031446652	-5.8250361	0.038191457
327.424	0.031313357	-5.8248399	0.035868958
327.552	0.031055179	-5.8245806	0.035194228
327.68	0.031707201	-5.8252859	0.037577734
327.808	0.03040785	-5.8241385	0.042766849
327.936	0.031815633	-5.8256423	0.039210408
328.064	0.030916741	-5.8245845	0.039650695
328.192	0.031428176	-5.8248204	0.037153514
328.32	0.031213395	-5.8248043	0.039374811
328.448	0.031319236	-5.8247177	0.037072058
328.576	0.030782399	-5.82407	0.041866432
328.704	0.031410427	-5.8250124	0.042318065
328.832	0.030857239	-5.8244385	0.043873423
328.96	0.031298123	-5.8243816	0.039399141
329.088	0.031828731	-5.8247971	0.034853036
329.216	0.031103332	-5.8238658	0.038864463
329.344	0.031462758	-5.8242234	0.037210941
329.472	0.031624772	-5.8245096	0.036467384
329.6	0.031652792	-5.8245264	0.04150413
329.728	0.031262842	-5.8241325	0.040141756
329.856	0.031766373	-5.8246616	0.039907507
329.984	0.031355351	-5.8242817	0.041703814
330.112	0.031880341	-5.8243512	0.039699076
330.24	0.031427673	-5.8234364	0.043100586
330.368	0.032081166	-5.8245432	0.038103102
330.496	0.03187338	-5.8243258	0.042336707
330.624	0.031612877	-5.8236409	0.045393227
330.752	0.032409701	-5.8243156	0.041590607
330.88	0.031846532	-5.8239768	0.037822857
331.008	0.031662169	-5.8238241	0.038973339
331.136	0.031877907	-5.82393	0.043749784
331.264	0.031945704	-5.8240347	0.042693173
331.392	0.031535282	-5.8234561	0.039715257
331.52	0.031996851	-5.8239784	0.041823572
331.648	0.03186708	-5.8241541	0.041893753
331.776	0.031844265	-5.8244232	0.039970588
331.904	0.031532404	-5.8237021	0.040912338
332.032	0.032058215	-5.8245979	0.039414599
332.16	0.031903725	-5.824315	0.041992991
332.288	0.031211979	-5.8237959	0.04223908
332.416	0.031813666	-5.8245162	0.035699635
332.544	0.031494579	-5.8244556	0.036715399
332.672	0.031371579	-5.824318	0.040043758
332.8	0.031316277	-5.8239412	0.043720511
332.928	0.031545341	-5.8247385	0.042888095
333.056	0.031011307	-5.8241569	0.041193892
333.184	0.031338326	-5.8244486	0.044879575
333.312	0.031283988	-5.8246971	0.043498311
333.44	0.031188436	-5.8246051	0.039971162
333.568	0.030994375	-5.8245354	0.03919553
333.696	0.031285762	-5.8247814	0.037069793
333.824	0.031382507	-5.8249894	0.036889363
333.952	0.030801454	-5.8246588	0.037095508
334.08	0.030873693	-5.8246793	0.036243121
334.208	0.031558163	-5.8253914	0.037601292
334.336	0.031128715	-5.8247722	0.040171293
334.464	0.031019966	-5.8247186	0.038503401
334.592	0.030629597	-5.8242802	0.039454655
334.72	0.030996242	-5.8246569	0.035629842
334.848	0.03124555	-5.8249685	0.037658144
334.976	0.031240965	-5.8247509	0.038435589
335.104	0.031812936	-5.8252784	0.037137875
335.232	0.03115979	-5.8244562	0.040057281
335.36	0.031053833	-5.8241716	0.042437369
335.488	0.031231701	-5.8245002	0.041376787
335.616	0.031054712	-5.8242452	0.040380929
335.744	0.031822582	-5.8245944	0.038085594
335.872	0.031635243	-5.8240895	0.042369394
336	0.031573409	-5.8239625	0.042344563
336.128	0.031317632	-5.823784	0.043919991
336.256	0.031954106	-5.8243601	0.041748936
336.384	0.031908086	-5.8241534	0.037615609
336.512	0.03173553	-5.8238311	0.041777057
336.64	0.031783446	-5.8239955	0.041517854
336.768	0.031808422	-5.8243168	0.040794245
336.896	0.032082938	-5.8242917	0.043171271
337.024	0.031803929	-5.8241083	0.041368895
337.152	0.031387736	-5.8235708	0.040936977
337.28	0.031849194	-5.823548	0.040816597
337.408	0.031344769	-5.8231854	0.040590497
337.536	0.032358274	-5.8242022	0.039460908
337.664	0.031795334	-5.8238206	0.04530096
337.792	0.032324399	-5.8241669	0.043600231
337.92	0.03212889	-5.8240376	0.041750425
338.048	0.031927339	-5.8239634	0.041449699
338.176	0.032209309	-5.824709	0.041163564
338.304	0.031093166	-5.8234151	0.043467774
338.432	0.031589148	-5.8241723	0.04402384
338.56	0.031847023	-5.8245873	0.040304127
338.688	0.031564456	-5.824291	0.04115873
338.816	0.031435533	-5.8243364	0.043672261
338.944	0.031978547	-5.8246402	0.038631427
339.072	0.031722706	-5.824433	0.040628078
339.2	0.031190659	-5.8239833	0.041367882
339.328	0.031622374	-5.8246669	0.038897868
339.456	0.03092795	-5.8237045	0.043880646
339.584	0.031690989	-5.8248234	0.036692287
339.712	0.031214683	-5.8246657	0.039032858
339.84	0.031303231	-5.824883	0.037630451
339.968	0.030828316	-5.8243286	0.037674789
340.096	0.030962752	-5.8247309	0.038957496
340.224	0.030915417	-5.8246933	0.038449217
340.352	0.031211634	-5.8250407	0.038656958
340.48	0.031322588	-5.825046	0.037543073
340.608	0.030826214	-5.8245254	0.036952138
340.736	0.031396238	-5.825355	0.034907594
340.864	0.03079232	-5.8243894	0.039848869
340.992	0.031094238	-5.8248156	0.037818525
341.12	0.0309192	-5.8247899	0.039283661
341.248	0.030592587	-5.82448	0.041720379
341.376	0.031243196	-5.8247511	0.042115162
341.504	0.031687249	-5.8250928	0.041082228
341.632	0.030694985	-5.8242134	0.040944016
341.76	0.031617574	-5.8247646	0.038682477
341.888	0.031716677	-5.8244122	0.038367947
342.016	0.031129845	-5.823532	0.041481559
342.144	0.031658787	-5.8239769	0.044684081
342.272	0.031470431	-5.8242261	0.043610657
342.4	0.032224633	-5.8248319	0.039062241
342.528	0.031934505	-5.824607	0.04031504
342.656	0.031307069	-5.8241226	0.040491143
342.784	0.031986628	-5.8244199	0.038894323
342.912	0.031544987	-5.8236453	0.042210833
343.04	0.032152088	-5.8243654	0.043283668
343.168	0.031571919	-5.8234267	0.03996349
343.296	0.032428977	-5.8245171	0.03837848
343.424	0.031994113	-5.8236182	0.041370625
343.552	0.031895645	-5.8233652	0.041133308
343.68	0.031521344	-5.8231862	0.044391662
343.808	0.031646867	-5.8236602	0.039781689
343.936	0.032085177	-5.8241248	0.036038405
344.064	0.032104429	-5.8243454	0.042009529
344.192	0.032381206	-5.8242096	0.044346785
344.32	0.031711958	-5.8236262	0.042522088
344.448	0.031864017	-5.8239989	0.03849615
344.576	0.031694611	-5.8237783	0.042651089
344.704	0.031794617	-5.8242741	0.042804509
344.832	0.031707503	-5.8241327	0.039690593
344.96	0.031812313	-5.8240622	0.038952472
345.088	0.031491253	-5.8240748	0.042076095
345.216	0.031795777	-5.8246458	0.03787122
345.344	0.031124244	-5.8239871	0.040317797
345.472	0.03121893	-5.8247439	0.041437857
345.6	0.031504543	-5.8249736	0.040828908
345.728	0.030807536	-5.8243695	0.038212477
345.856	0.030531567	-5.8241698	0.037156474
345.984	0.031308165	-5.8248814	0.038566829
346.112	0.03137126	-5.8248952	0.040156076
346.24	0.031356999	-5.8252771	0.038965229
346.368	0.030822392	-5.8248888	0.036124431
346.496	0.030905457	-5.8245876	0.034936324
346.624	0.031213484	-5.8252626	0.034644711
346.752	0.031249935	-5.8251096	0.033632805
346.88	0.030713954	-5.8251305	0.036634526
347.008	0.030607645	-5.8246302	0.042110856
347.136	0.031098485	-5.8250316	0.041137492
347.264	0.031416157	-5.825171	0.039377218
347.392	0.031149012	-5.824722	0.04476486
347.52	0.030855336	-5.824127	0.041551322
347.648	0.030916168	-5.8243754	0.040440052
347.776	0.031255373	-5.8247344	0.039375637
347.904	0.031357643	-5.8247786	0.03705085
348.032	0.031311825	-5.8245796	0.041059838
348.16	0.0312398	-5.8243269	0.042402986
348.288	0.031166614	-5.8243222	0.044840777
348.416	0.031770711	-5.8247911	0.041074263
348.544	0.031326856	-5.8241019	0.040391338
348.672	0.031732952	-5.8242294	0.038256346
348.8	0.031513152	-5.8235903	0.040844855
348.928	0.032119063	-5.824392	0.038647164
349.056	0.031964925	-5.8238908	0.039298175
349.184	0.03156646	-5.8235232	0.044227031
349.312	0.031712408	-5.8238969	0.039198265
349.44	0.031855703	-5.8239397	0.041103106
349.568	0.032048583	-5.824068	0.044501308
349.696	0.032280134	-5.8242384	0.044072185
349.824	0.031725234	-5.8238489	0.042803807
349.952	0.03203962	-5.8246569	0.038158824
350.08	0.031708801	-5.8240921	0.044477715
350.208	0.03141489	-5.8235088	0.043830646
350.336	0.032060326	-5.8241845	0.040871248
350.464	0.032068792	-5.8241874	0.041899658
350.592	0.031707169	-5.8239589	0.039356093
350.72	0.031883823	-5.8241299	0.039198773
350.848	0.03195901	-5.8243349	0.0404168
350.976	0.031626714	-5.8239987	0.040076804
351.104	0.031512586	-5.8238569	0.041354801
351.232	0.031472481	-5.8241253	0.041909995
351.36	0.03102885	-5.8235219	0.042616993
351.488	0.031891891	-5.8242948	0.041565964
351.616	0.031613506	-5.8242286	0.03795305
351.744	0.031590434	-5.8242129	0.03418536
351.872	0.030904344	-5.823926	0.039923444
352	0.031509465	-5.8245427	0.037760426
352.128	0.03087164	-5.8245142	0.039296883
352.256	0.031540364	-5.8248989	0.036993594
352.384	0.030907191	-5.8242273	0.039747256
352.512	0.031631946	-5.8252447	0.038700629
352.64	0.031296042	-5.8247849	0.038474214
352.768	0.030876421	-5.8244621	0.040069935
352.896	0.030890857	-5.824527	0.042785465
353.024	0.031084539	-5.8249314	0.037048529
353.152	0.031322045	-5.8252027	0.039420277
353.28	0.030714973	-5.8242745	0.043986999
353.408	0.031301734	-5.8249127	0.039291886
353.536	0.031490266	-5.8249229	0.039424839
353.664	0.030749141	-5.8241138	0.042697084
353.792	0.03092727	-5.8246014	0.043131908
353.92	0.031500418	-5.8245401	0.041100688
354.048	0.031107515	-5.8246437	0.039121928
354.176	0.030939621	-5.8247371	0.040675542
354.304	0.031755063	-5.8253473	0.037249639
354.432	0.031959477	-5.8253284	0.037880771
354.56	0.031251516	-5.8244	0.044183748
354.688	0.03130533	-5.824045	0.040268676
354.816	0.030752921	-5.8237258	0.041530558
354.944	0.032094396	-5.8248147	0.03984581
355.072	0.031425248	-5.8237332	0.040456708
355.2	0.031877767	-5.824143	0.04138214
355.328	0.031280886	-5.8234995	0.040763238
355.456	0.032090322	-5.8242009	0.039197351
355.584	0.031783703	-5.8237343	0.040248988
355.712	0.032033207	-5.8243487	0.038587391
355.84	0.032249362	-5.8243382	0.040241437
355.968	0.031560472	-5.8235813	0.043897639
356.096	0.031976744	-5.8241236	0.04244956
356.224	0.031932142	-5.823814	0.039770453
356.352	0.031982893	-5.8238296	0.040688202
356.48	0.031582792	-5.8235125	0.044290734
356.608	0.031864295	-5.824114	0.039747249
356.736	0.032094347	-5.8243553	0.043552633
356.864	0.032229816	-5.8242861	0.044933155
356.992	0.03228767	-5.8242065	0.040682457
357.12	0.031567329	-5.8239143	0.041058789
357.248	0.03178264	-5.8242203	0.042587045
357.376	0.032117505	-5.8247444	0.041894992
357.504	0.031395983	-5.8240234	0.043889448
357.632	0.031526734	-5.8241519	0.04396608
357.76	0.031515249	-5.8240662	0.042076465
357.888	0.031972861	-5.8248935	0.036983696
358.016	0.031174006	-5.8245274	0.040207934
358.144	0.030948811	-5.8242202	0.042860805
358.272	0.031341229	-5.8245421	0.039749606
358.4	0.031299882	-5.824235	0.036727601
358.528	0.031285103	-5.824846	0.038842873
358.656	0.031220596	-5.8250235	0.036043532
358.784	0.031290204	-5.8250554	0.038114644
358.912	0.031032035	-5.8247861	0.041589614
359.04	0.031032277	-5.8247983	0.044612317
359.168	0.031415716	-5.8250793	0.041219845
359.296	0.030279588	-5.8243713	0.042035094
359.424	0.031195265	-5.8253795	0.041017391
359.552	0.031296571	-5.8252841	0.036777431
359.68	0.030985183	-5.8248822	0.036989771
359.808	0.031251603	-5.8253069	0.035446262
359.936	0.030676315	-5.8244695	0.039431219
360.064	0.031003851	-5.8245624	0.036538113
360.192	0.031346937	-5.8248886	0.034379296
360.32	0.030719248	-5.8242494	0.039523335
360.448	0.03171996	-5.8252134	0.036075943
360.576	0.030583154	-5.8238499	0.038135527
360.704	0.031218378	-5.8245102	0.037592293
360.832	0.031439583	-5.8244446	0.040691276
360.96	0.031868436	-5.8244429	0.039069586
361.088	0.030912291	-5.823567	0.042392802
361.216	0.032086153	-5.8248463	0.035797503
361.344	0.031187352	-5.8236765	0.039784711
361.472	0.031802644	-5.8240384	0.037498714
361.6	0.031872839	-5.8240069	0.040064434
361.728	0.031790111	-5.8239313	0.043442627
361.856	0.031985964	-5.8238407	0.040944729
361.984	0.03208775	-5.8241568	0.039632225
362.112	0.032056998	-5.8241199	0.042228611
362.24	0.031476169	-5.8232757	0.045016407
362.368	0.032508009	-5.8246647	0.041267651
362.496	0.031723584	-5.8237186	0.044269722
362.624	0.032391463	-5.82411	0.042196024
362.752	0.032143266	-5.8241019	0.038434696
362.88	0.031554723	-5.8234716	0.041025616
363.008	0.032047836	-5.8240536	0.041466968
363.136	0.032116865	-5.8242603	0.043241278
363.264	0.03186956	-5.8239485	0.044988681
363.392	0.031762725	-5.8237729	0.044623258
363.52	0.032197393	-5.8242032	0.040512991
363.648	0.031493175	-5.8236787	0.042206936
363.776	0.032439407	-5.8245629	0.035658029
363.904	0.031594307	-5.8242563	0.038768762
364.032	0.031066439	-5.8236862	0.039478552
364.16	0.031728536	-5.8245045	0.036787354
364.288	0.031525753	-5.8247169	0.040978973
364.416	0.03181808	-5.8249533	0.039474304
364.544	0.030840635	-5.8241328	0.040757964
364.672	0.031477168	-5.8247632	0.040985798
364.8	0.030957504	-5.8249506	0.03629831
364.928	0.030996479	-5.8245525	0.034349411
365.056	0.031475788	-5.8253001	0.039545781
365.184	0.030987097	-5.8246639	0.036708592
365.312	0.031213356	-5.825129	0.035659114
365.44	0.03067931	-5.824453	0.039790469
365.568	0.031117647	-5.8251909	0.037853291
365.696	0.031153919	-5.8254238	0.035191059
365.824	0.030552266	-5.8251635	0.039533596
365.952	0.031407657	-5.8256248	0.037765775
366.08	0.030960726	-5.8252179	0.036724155
366.208	0.030882374	-5.8248287	0.0385217
366.336	0.031167136	-5.8250552	0.0389199
366.464	0.031087669	-5.8251087	0.040584635
366.592	0.031370944	-5.8249929	0.039213006
366.72	0.030857976	-5.8244412	0.041186525
366.848	0.031334088	-5.8245166	0.040528326
366.976	0.031019955	-5.8238756	0.041141758
367.104	0.03129108	-5.8244882	0.039933304
367.232	0.030983265	-5.8240396	0.040783944
367.36	0.032006065	-5.8248741	0.039377066
367.488	0.031531213	-5.824272	0.042100209
367.616	0.031571869	-5.8243982	0.038316931
367.744	0.031848577	-5.8244747	0.040039201
367.872	0.032247768	-5.8244415	0.043038039
368	0.031770245	-5.8239205	0.041012635
368.128	0.032043312	-5.8241198	0.043012825
368.256	0.03143226	-5.8233663	0.043301691
368.384	0.032227882	-5.8242754	0.040153001
368.512	0.031535666	-5.8233419	0.04390382
368.64	0.032599371	-5.8243752	0.038733459
368.768	0.031719035	-5.8233305	0.042575964
368.896	0.031979646	-5.8234958	0.040692137
369.024	0.031976232	-5.8236659	0.041260558
369.152	0.031417765	-5.8234193	0.042076702
369.28	0.032316008	-5.8242559	0.039949393
369.408	0.032017754	-5.8240503	0.041869537
369.536	0.031890098	-5.8239296	0.042358071
369.664	0.031732182	-5.8240217	0.044959972
369.792	0.032117958	-5.8244462	0.044586339
369.92	0.032138613	-5.8245075	0.043493951
370.048	0.031445698	-5.8239305	0.040529977
370.176	0.031673773	-5.8242226	0.040197904
370.304	0.031495828	-5.8239551	0.042496061
370.432	0.032354912	-5.8251781	0.032103916
370.56	0.030817325	-5.8240792	0.040167052
370.688	0.031399323	-5.8246	0.041907807
370.816	0.031388071	-5.8245705	0.039831239
370.944	0.031284922	-5.824467	0.036743827
371.072	0.030945539	-5.8242953	0.037206015
371.2	0.031628499	-5.825144	0.033004363
371.328	0.031200216	-5.8252616	0.03560475
371.456	0.030890231	-5.8248058	0.035789333
371.584	0.030460771	-5.8244294	0.036330265
371.712	0.031709736	-5.8255603	0.03471998
371.84	0.030751805	-5.8249479	0.038523527
371.968	0.030856276	-5.8244191	0.038453715
372.096	0.030878211	-5.8247705	0.038945999
372.224	0.030953772	-5.8248482	0.039821357
372.352	0.031396328	-5.8250896	0.041361317
372.48	0.030866427	-5.8245277	0.040957782
372.608	0.031186576	-5.8250339	0.039559991
372.736	0.03136812	-5.8250894	0.039294079
372.864	0.031309798	-5.8245945	0.040138991
372.992	0.031253103	-5.8242832	0.038949772
373.12	0.031223088	-5.8239994	0.043021972
373.248	0.031213457	-5.8241872	0.041780737
373.376	0.031652898	-5.8245909	0.039151279
373.504	0.031460279	-5.8243381	0.042111795
373.632	0.031705556	-5.8244014	0.042327714
373.76	0.031360526	-5.8242182	0.043940692
373.888	0.031677567	-5.8242837	0.038390972
374.016	0.031322491	-5.8240308	0.041061432
374.144	0.032157309	-5.8246287	0.039892841
374.272	0.031551662	-5.8238895	0.04025645
374.4	0.031652913	-5.8240045	0.043260962
374.528	0.031842257	-5.824233	0.043065522
374.656	0.031887247	-5.8241218	0.038227754
374.784	0.031633932	-5.8238417	0.04032877
374.912	0.031777976	-5.823748	0.042715412
375.04	0.031961353	-5.8241474	0.040448704
375.168	0.032014594	-5.8240867	0.042336233
375.296	0.031667382	-5.8235033	0.044728329
375.424	0.032063621	-5.8237844	0.042067311
375.552	0.032426307	-5.8244258	0.041714446
375.68	0.031875511	-5.8237515	0.042547348
375.808	0.031767699	-5.8233908	0.03864136
375.936	0.031700473	-5.8236328	0.039681555
376.064	0.031765859	-5.8239181	0.038405999
376.192	0.031806711	-5.8236875	0.039596368
376.32	0.032086741	-5.8241596	0.042921865
376.448	0.031514114	-5.8238583	0.042391602
376.576	0.031928022	-5.8241447	0.039111747
376.704	0.031043115	-5.8232259	0.045346126
376.832	0.031788313	-5.8244066	0.04039318
376.96	0.0315012	-5.8244796	0.039212612
377.088	0.031572955	-5.8249736	0.035362968
377.216	0.031051993	-5.8248474	0.036052957
377.344	0.031265253	-5.8251155	0.036437312
377.472	0.030785428	-5.8245908	0.039098104
377.6	0.031430829	-5.8253675	0.040041305
377.728	0.030929004	-5.8247331	0.041338627
377.856	0.030852933	-5.8246187	0.04304864
377.984	0.031131457	-5.8251654	0.042522309
378.112	0.031461914	-5.8259552	0.036568835
378.24	0.030996769	-5.8251926	0.033943684
378.368	0.031030196	-5.8251943	0.03901225
378.496	0.030737192	-5.824863	0.038668524
378.624	0.031021903	-5.8246795	0.037867493
378.752	0.031160139	-5.8247848	0.038495159
378.88	0.031099806	-5.8245313	0.03701007
379.008	0.030816884	-5.8247347	0.036731982
379.136	0.030887203	-5.8244952	0.039201524
379.264	0.031043573	-5.8245725	0.037989542
379.392	0.031077266	-5.8246223	0.038174374
379.52	0.03129009	-5.8244867	0.038142481
379.648	0.031224198	-5.8246587	0.035720955
379.776	0.03132146	-5.8244045	0.03903809
379.904	0.030982149	-5.8240578	0.040640791
380.032	0.032045639	-5.8245174	0.040977421
380.16	0.03179268	-5.8241479	0.042848405
380.288	0.031593227	-5.8239388	0.042032224
380.416	0.031599534	-5.8236576	0.042102428
380.544	0.032067556	-5.8239936	0.041433277
380.672	0.031875687	-5.8240742	0.04469522
380.8	0.031485004	-5.8237097	0.046451956
380.928	0.031991035	-5.8242295	0.040037604
381.056	0.031902874	-5.8240545	0.040602882
381.184	0.03129678	-5.8230604	0.042877978
381.312	0.0314964	-5.8234224	0.041786951
381.44	0.032452431	-5.8243248	0.040664374
381.568	0.032176261	-5.8237637	0.038444313
381.696	0.031680326	-5.823485	0.039289954
381.824	0.031947793	-5.8235733	0.043023414
381.952	0.03214295	-5.8238631	0.040941729
382.08	0.031895111	-5.8237782	0.044409983
382.208	0.032223037	-5.8242175	0.045391223
382.336	0.03183037	-5.8240013	0.042508437
382.464	0.032050332	-5.8243344	0.042750846
382.592	0.031223899	-5.823424	0.044171621
382.72	0.031876411	-5.8243267	0.039610583
382.848	0.031846791	-5.8246667	0.04211937
382.976	0.031353936	-5.824334	0.042316871
383.104	0.031702513	-5.8247063	0.038621278
383.232	0.031119895	-5.8239042	0.039886016
383.36	0.031501977	-5.8246777	0.035654656
383.488	0.031312805	-5.8247883	0.036050005
383.616	0.0313091	-5.8243019	0.040083862
383.744	0.031401997	-5.8245668	0.040961272
383.872	0.031175793	-5.8246449	0.038813193
384	0.031332722	-5.824636	0.034946133
384.128	0.031053857	-5.8244378	0.040191608
384.256	0.030488645	-5.8242089	0.042440637
384.384	0.031505918	-5.8255152	0.035793575
384.512	0.03138899	-5.8254721	0.035333123
384.64	0.031147059	-5.8253743	0.039705423
384.768	0.031068978	-5.8254124	0.040113984
384.896	0.030896855	-5.8251548	0.037892895
385.024	0.031419535	-5.8253452	0.03661211
385.152	0.030550281	-5.8246697	0.042364528
385.28	0.031463282	-5.8255272	0.041381195
385.408	0.030645023	-5.8245817	0.040170541
385.536	0.030814569	-5.8244589	0.040347866
385.664	0.031341464	-5.8251024	0.04283345
385.792	0.031196423	-5.8247392	0.042069994
385.92	0.031001033	-5.8245084	0.041160983
386.048	0.031551684	-5.8247761	0.038160413
386.176	0.031821606	-5.8250374	0.039083433
386.304	0.03113413	-5.8241584	0.040714213
386.432	0.03152033	-5.8246466	0.037423332
386.56	0.031372139	-5.8241859	0.03953076
386.688	0.031475583	-5.823849	0.038722653
386.816	0.031465501	-5.8237763	0.03479699
386.944	0.031844606	-5.8241621	0.036326187
387.072	0.031578853	-5.8238335	0.037484463
387.2	0.031429902	-5.8235983	0.038225655
387.328	0.032234891	-5.8243877	0.039069313
387.456	0.031893537	-5.823914	0.03903951
387.584	0.032144193	-5.8240365	0.038952652
387.712	0.032043754	-5.8243021	0.038084645
387.84	0.031863739	-5.8236379	0.040108916
387.968	0.032573293	-5.8244101	0.04035838
388.096	0.031387781	-5.8236321	0.044251563
388.224	0.031707953	-5.8238303	0.043631761
388.352	0.032112431	-5.8240855	0.043372426
388.48	0.032205013	-5.8241824	0.042659272
388.608	0.032090948	-5.8242977	0.039586083
388.736	0.032108304	-5.8241733	0.03617126
388.864	0.03186288	-5.8238828	0.040117353
388.992	0.032050972	-5.8242206	0.042364539
389.12	0.0319428	-5.8244177	0.042355854
389.248	0.03169902	-5.8241464	0.040129206
389.376	0.031710156	-5.8238646	0.038322029
389.504	0.031497578	-5.8241256	0.041431538
389.632	0.03147386	-5.824086	0.03848764
389.76	0.030954982	-5.8241756	0.039763263
389.888	0.031717635	-5.8249714	0.038412982
390.016	0.031156881	-5.8249424	0.042022461
390.144	0.030962663	-5.8245761	0.042893263
390.272	0.031469547	-5.8248561	0.039905446
390.4	0.03132651	-5.8250803	0.039907955
390.528	0.031266322	-5.82483	0.042200047
390.656	0.031275625	-5.8248705	0.041180847
390.784	0.030617408	-5.8246426	0.039759176
390.912	0.031087503	-5.8249168	0.034727231
391.04	0.030893407	-5.8250497	0.041868481
391.168	0.031126608	-5.824781	0.042817077
391.296	0.03100501	-5.8249375	0.041854575
391.424	0.030914214	-5.8246703	0.042151993
391.552	0.031873536	-5.826041	0.035543215
391.68	0.031290655	-5.8253221	0.036524083
391.808	0.03075873	-5.8246175	0.03868881
391.936	0.031188481	-5.8247708	0.036609814
392.064	0.031189863	-5.8246964	0.038307231
392.192	0.031193539	-5.8246736	0.036766907
392.32	0.031415989	-5.8248854	0.037492354
392.448	0.031289922	-5.8247641	0.038966459
392.576	0.030948692	-5.8242355	0.038281341
392.704	0.031379476	-5.824496	0.039051058
392.832	0.031109167	-5.82404	0.039960968
392.96	0.031677511	-5.8242181	0.03732667
393.088	0.031695409	-5.8241637	0.039710972
393.216	0.031758325	-5.8242383	0.037915672
393.344	0.0316902	-5.8239377	0.043552044
393.472	0.032025235	-5.8242193	0.042588569
393.6	0.032178415	-5.8243535	0.041576097
393.728	0.032193043	-5.8241777	0.039703908
393.856	0.031439883	-5.8234701	0.041362177
393.984	0.032520304	-5.8245781	0.042264731
394.112	0.031669839	-5.8234182	0.040481019
394.24	0.032133831	-5.8240059	0.037252721
394.368	0.032065089	-5.823809	0.044002359
394.496	0.032438035	-5.8239912	0.042297513
394.624	0.031425332	-5.8228249	0.042214059
394.752	0.032125676	-5.8236434	0.041019568
394.88	0.03242979	-5.8243504	0.041826253
395.008	0.031646341	-5.8235947	0.044004801
395.136	0.031808913	-5.8239607	0.041978431
395.264	0.031685452	-5.8236743	0.042875938
395.392	0.031501306	-5.8238271	0.043007972
395.52	0.031831787	-5.8243397	0.038432447
395.648	0.031923781	-5.8243087	0.039895547
395.776	0.031496742	-5.8240972	0.043033524
395.904	0.031392522	-5.8241843	0.042595285
396.032	0.031913555	-5.8247961	0.036770267
396.16	0.031257245	-5.8242424	0.037568967
396.288	0.031603523	-5.8247699	0.037708193
396.416	0.030854962	-5.824193	0.040696478
396.544	0.031609666	-5.8250667	0.03765191
396.672	0.030620911	-5.8242822	0.038576455
396.8	0.030876412	-5.824553	0.038672026
396.928	0.03078985	-5.8248528	0.038089852
397.056	0.030771481	-5.824729	0.037650062
397.184	0.031179366	-5.825006	0.034932645
397.312	0.03098665	-5.8250298	0.037446862
397.44	0.031130224	-5.8247301	0.039217074
397.568	0.030550804	-5.8246919	0.039543795
397.696	0.031216333	-5.8254943	0.036771951
397.824	0.031274564	-5.8253162	0.037080938
397.952	0.030781269	-5.8250834	0.037599935
398.08	0.030768571	-5.8243449	0.03558508
398.208	0.03116465	-5.8246707	0.03999826
398.336	0.031135276	-5.8244251	0.040022166
398.464	0.031228866	-5.8245331	0.040088062
398.592	0.031104669	-5.8242169	0.044562491
398.72	0.03140728	-5.82446	0.04281953
398.848	0.031123906	-5.8239909	0.043004414
398.976	0.031318376	-5.8243508	0.041580014
399.104	0.03173649	-5.8247065	0.041027166
399.232	0.031465804	-5.8243944	0.044355239
399.36	0.031553698	-5.8243713	0.042969245
399.488	0.031343145	-5.8239417	0.042819416
399.616	0.031791655	-5.8238908	0.038898943
399.744	0.032084905	-5.8242042	0.038218482
399.872	0.031701341	-5.823696	0.040522225
400	0.031862303	-5.8236393	0.039958645
400.128	0.031690243	-5.8240011	0.042339656
400.256	0.032044973	-5.8242004	0.041777258
400.384	0.032197385	-5.8242308	0.041818954
400.512	0.032112842	-5.8242617	0.044244383
400.64	0.032233182	-5.8241002	0.043430129
400.768	0.031914812	-5.8238534	0.040683051
400.896	0.032332684	-5.8241649	0.039966942
401.024	0.031545571	-5.8235235	0.041507139
401.152	0.032359143	-5.8244204	0.037457943
401.28	0.031566514	-5.8236874	0.044984692
401.408	0.03188442	-5.8241558	0.042287659
401.536	0.031613082	-5.8238038	0.041048323
401.664	0.032437836	-5.8246744	0.038186571
401.792	0.031869012	-5.8244042	0.039588795
401.92	0.031163914	-5.8236564	0.042958756
402.048	0.031986886	-5.8246196	0.041080157
402.176	0.031215431	-5.8239466	0.040526319
402.304	0.031566183	-5.8245735	0.037078091
402.432	0.031110223	-5.8241449	0.044518338
402.56	0.031389621	-5.824963	0.0435829
402.688	0.031030128	-5.8244812	0.044124697
402.816	0.031710856	-5.8250287	0.04003987
402.944	0.031151099	-5.8247844	0.037327834
403.072	0.030732787	-5.8242517	0.035861304
403.2	0.031293979	-5.8246316	0.038991487
403.328	0.030355081	-5.823931	0.043011721
403.456	0.031576491	-5.8254976	0.032108267
403.584	0.030686259	-5.824634	0.041335729
403.712	0.030685881	-5.8246714	0.040832067
403.84	0.031035634	-5.824748	0.039985149
403.968	0.031080762	-5.8250282	0.040285347
404.096	0.030818562	-5.8247917	0.035878877
404.224	0.031017813	-5.8245393	0.035852482
404.352	0.031234907	-5.8244656	0.038494436
404.48	0.031312374	-5.8247044	0.03617955
404.608	0.031075383	-5.8245513	0.039082837
404.736	0.031194628	-5.8244167	0.039940046
404.864	0.031032951	-5.8246394	0.043188136
404.992	0.03172611	-5.8250544	0.041767801
405.12	0.031812993	-5.8247741	0.040559819
405.248	0.031157245	-5.8238489	0.039179279
405.376	0.031544071	-5.8242319	0.038713314
405.504	0.031469296	-5.8240367	0.042295689
405.632	0.031583551	-5.8243153	0.042075973
405.76	0.031708005	-5.8241384	0.043344011
405.888	0.03190131	-5.8240483	0.042590991
406.016	0.03147691	-5.8236933	0.041528886
406.144	0.032235312	-5.8242437	0.039636878
406.272	0.031899362	-5.824031	0.040071296
406.4	0.03205675	-5.8241972	0.04128277
406.528	0.032365991	-5.8243645	0.041091316
406.656	0.03156931	-5.8233856	0.042946852
406.784	0.032469475	-5.8239647	0.041021751
406.912	0.032083821	-5.8237782	0.039587204
407.04	0.031741961	-5.823497	0.040859417
407.168	0.032402034	-5.8244581	0.041046022
407.296	0.031943442	-5.8240573	0.041093311
407.424	0.032470301	-5.8244585	0.040215029
407.552	0.031613338	-5.8239825	0.042091038
407.68	0.03191557	-5.8241511	0.040008348
407.808	0.031131124	-5.8237143	0.040501973
407.936	0.032476802	-5.8247913	0.035569268
408.064	0.03138972	-5.8240884	0.040498633
408.192	0.031068372	-5.8239969	0.042885289
408.32	0.03169301	-5.8244368	0.040844606
408.448	0.031581522	-5.8242617	0.040032436
408.576	0.031320566	-5.8243621	0.040456047
408.704	0.031610913	-5.8247578	0.040728118
408.832	0.031084104	-5.824181	0.041607644
408.96	0.031557981	-5.8245973	0.041860632
409.088	0.030947809	-5.8242	0.043638453
409.216	0.030906529	-5.8243883	0.040345327
409.344	0.031390627	-5.8251492	0.039896593
409.472	0.031162711	-5.8249569	0.040441119
409.6	0.031078862	-5.8249146	0.034578556
409.728	0.030394605	-5.8243455	0.041650775
409.856	0.031284639	-5.8253169	0.039510417
409.984	0.031089564	-5.8249509	0.037177382
410.112	0.031291932	-5.824819	0.037878743
410.24	0.030640934	-5.8242245	0.039360715
410.368	0.030548263	-5.8240779	0.039518394
410.496	0.03129847	-5.8248665	0.039760207
410.624	0.031057293	-5.824829	0.037588628
410.752	0.030829998	-5.8245496	0.036113668
410.88	0.031434379	-5.8251207	0.038828914
411.008	0.031056124	-5.8245687	0.039495313
411.136	0.031440772	-5.8249153	0.036771777
411.264	0.031075127	-5.824294	0.03730501
411.392	0.031364499	-5.8245587	0.037000862
411.52	0.031255675	-5.8244071	0.039554417
411.648	0.031643981	-5.8245944	0.040007713
411.776	0.032003283	-5.8246993	0.039103675
411.904	0.031838501	-5.8242588	0.04168161
412.032	0.031214533	-5.8236917	0.043282299
412.16	0.032015942	-5.8242994	0.04330003
412.288	0.031921196	-5.8240837	0.041487964
412.416	0.031961153	-5.8239527	0.036782173
412.544	0.031881782	-5.8237293	0.041099037
412.672	0.032130421	-5.8240624	0.041275818
412.8	0.032081465	-5.8240469	0.037381689
412.928	0.031701378	-5.8238872	0.042636587
413.056	0.031799637	-5.8237314	0.045099591
413.184	0.032026051	-5.8241619	0.043550602
413.312	0.032418142	-5.8244815	0.040448836
413.44	0.031457054	-5.8233021	0.040072286
413.568	0.032012263	-5.823681	0.03998334
413.696	0.032201286	-5.8235325	0.040581153
413.824	0.0314997	-5.8232829	0.041530347
413.952	0.03224145	-5.8241694	0.040407707
414.08	0.031649315	-5.8236651	0.040008674
414.208	0.031884922	-5.8241962	0.039625893
414.336	0.031673671	-5.8242482	0.041945463
414.464	0.031290834	-5.8238156	0.046822601
414.592	0.031519422	-5.8242701	0.043111558
414.72	0.031595907	-5.8245962	0.037322309
414.848	0.030916179	-5.8237676	0.038585809
414.976	0.030920572	-5.8241395	0.040588483
415.104	0.031821036	-5.8250453	0.03588338
415.232	0.031268408	-5.8246385	0.041063105
415.36	0.030879038	-5.8247266	0.044533754
415.488	0.031252256	-5.8248331	0.042630012
415.616	0.03127382	-5.8248611	0.040428827
415.744	0.031272713	-5.8249729	0.039858977
415.872	0.030607315	-5.8246781	0.042192606
416	0.031379434	-5.8254903	0.037561288
416.128	0.031231115	-5.8253111	0.038919942
416.256	0.030673544	-5.8247836	0.042106133
416.384	0.030838553	-5.8248642	0.039257848
416.512	0.03133694	-5.8255905	0.037494906
416.64	0.030791333	-5.8249078	0.038556067
416.768	0.031220897	-5.8249833	0.037774485
416.896	0.030716637	-5.8249039	0.039527298
417.024	0.031313852	-5.8251313	0.037902866
417.152	0.030908939	-5.8243425	0.042038122
417.28	0.031219908	-5.8245794	0.041744715
417.408	0.031583616	-5.8251187	0.043160608
417.536	0.031466345	-5.8250361	0.04198577
417.664	0.030593819	-5.8238504	0.03942948
417.792	0.031508823	-5.8245581	0.039881303
417.92	0.031529917	-5.8245453	0.041400495
418.048	0.031795724	-5.82441	0.038046161
418.176	0.031681979	-5.8242317	0.041944469
418.304	0.031419026	-5.8237437	0.041390885
418.432	0.031599232	-5.8238017	0.037965044
418.56	0.03211667	-5.824495	0.035650393
418.688	0.03178793	-5.8239604	0.040231367
418.816	0.031879434	-5.8240843	0.038168904
418.944	0.031700155	-5.8236383	0.040177915
419.072	0.031842824	-5.8235641	0.043546615
419.2	0.032509936	-5.8242454	0.043679527
419.328	0.03194853	-5.823674	0.044679354
419.456	0.032126267	-5.8238998	0.039129911
419.584	0.03222066	-5.8240112	0.040948406
419.712	0.032633557	-5.8242746	0.040127979
419.84	0.031720294	-5.8235879	0.04054522
419.968	0.032169945	-5.8241755	0.041440929
420.096	0.031709557	-5.8239359	0.04259116
420.224	0.032069682	-5.8240933	0.042416666
420.352	0.031814391	-5.8237562	0.042448173
420.48	0.032113437	-5.8244803	0.042254484
420.608	0.031889252	-5.8242323	0.042194956
420.736	0.031651525	-5.8239209	0.041009316
420.864	0.03133557	-5.8237548	0.042039817
420.992	0.031377609	-5.8240701	0.040837886
421.12	0.031033633	-5.8238738	0.039607414
421.248	0.03170657	-5.8244212	0.039283297
421.376	0.031082403	-5.824052	0.039665599
421.504	0.031199832	-5.8245383	0.041059897
421.632	0.031717113	-5.8255145	0.038808019
421.76	0.031349786	-5.8253145	0.038107863
421.888	0.031221504	-5.82505	0.039559523
422.016	0.030933894	-5.824595	0.038894028
422.144	0.03042379	-5.8242024	0.043717148
422.272	0.031008283	-5.824956	0.039070562
422.4	0.031106871	-5.824859	0.039458482
422.528	0.030669883	-5.8247009	0.041309743
422.656	0.031409576	-5.8256161	0.035199301
422.784	0.030897731	-5.8249246	0.039475365
422.912	0.03099502	-5.8252064	0.038103109
423.04	0.030781192	-5.824969	0.038541524
423.168	0.031406759	-5.8253768	0.039857673
423.296	0.031359771	-5.8250861	0.03752706
423.424	0.030867832	-5.8246249	0.037122536
423.552	0.030908978	-5.824862	0.040289447
423.68	0.031158334	-5.8246251	0.039036515
423.808	0.031331141	-5.8248716	0.035020669
423.936	0.031248786	-5.8244896	0.039683826
424.064	0.031618149	-5.8248383	0.040785095
424.192	0.030877389	-5.8239316	0.043029775
424.32	0.031909883	-5.8245554	0.041244647
424.448	0.030990806	-5.8234891	0.041734416
424.576	0.031705565	-5.8241074	0.040343191
424.704	0.03152043	-5.8239518	0.044742111
424.832	0.032219034	-5.8244356	0.042555972
424.96	0.03186151	-5.8239738	0.040439805
425.088	0.031615688	-5.8235252	0.041464061
425.216	0.031933482	-5.823886	0.043689925
425.344	0.032494663	-5.824258	0.042244465
425.472	0.032011275	-5.8239568	0.041132081
425.6	0.031970854	-5.823482	0.041379906
425.728	0.032101371	-5.8236735	0.042269121
425.856	0.031921818	-5.8237198	0.045998072
425.984	0.032211273	-5.8243306	0.040023778
426.112	0.03229079	-5.8245484	0.039608025
426.24	0.031684275	-5.8237243	0.044275675
426.368	0.032256333	-5.8240387	0.04162427
426.496	0.031851698	-5.823648	0.042775257
426.624	0.031499222	-5.8236083	0.042440995
426.752	0.032163094	-5.8242897	0.039770554
426.88	0.031861823	-5.8241633	0.03957371
427.008	0.031565923	-5.8241004	0.037433666
427.136	0.03146845	-5.8240515	0.039922058
427.264	0.031879225	-5.8246039	0.039782225
427.392	0.031239697	-5.8240841	0.039414715
427.52	0.030813438	-5.8239514	0.039517343
427.648	0.031275873	-5.8244825	0.041336421
427.776	0.030984127	-5.8245763	0.041156061
427.904	0.031915065	-5.8255065	0.037391244
428.032	0.031281274	-5.8248622	0.041576288
428.16	0.030630971	-5.8243967	0.042590991
428.288	0.030813714	-5.8247786	0.038932675
428.416	0.03109383	-5.8250345	0.039004775
428.544	0.030945654	-5.8249034	0.040653857
428.672	0.03116486	-5.825295	0.039084241
428.8	0.031315105	-5.8253916	0.040006749
428.928	0.030753187	-5.8247546	0.043656745
429.056	0.031086004	-5.8254235	0.040336471
429.184	0.031467351	-5.8253376	0.037933035
429.312	0.030386013	-5.8242703	0.037957408
429.44	0.031075716	-5.824947	0.035948809
429.568	0.03089379	-5.8248343	0.039264154
429.696	0.031592744	-5.8252567	0.03702626
429.824	0.030569148	-5.8239795	0.039264668
429.952	0.031251153	-5.8245361	0.037222425
430.08	0.031185831	-5.8244214	0.0389229
430.208	0.031319524	-5.8248023	0.040921041
430.336	0.031110392	-5.8243718	0.04224528
430.464	0.031621557	-5.8244334	0.04009407
430.592	0.031404388	-5.8239917	0.042096824
430.72	0.031326311	-5.8239375	0.041339083
430.848	0.031795797	-5.8242406	0.037778521
430.976	0.031632661	-5.8241159	0.041419641
431.104	0.032148616	-5.8243848	0.040629361
431.232	0.032052997	-5.8241163	0.042944878
431.36	0.031891195	-5.8237471	0.04187479
431.488	0.031794213	-5.8236113	0.043421943
431.616	0.031733013	-5.8236216	0.039956435
431.744	0.032066674	-5.8241375	0.037970122
431.872	0.032380938	-5.8244301	0.041224412
432	0.03208723	-5.8240623	0.042104102
432.128	0.031290263	-5.8233027	0.045503209
432.256	0.031971159	-5.8237806	0.039443426
432.384	0.032255319	-5.824149	0.03841011
432.512	0.031724714	-5.8237803	0.042900896
432.64	0.03207246	-5.8244579	0.042315596
432.768	0.032397883	-5.824379	0.041978323
432.896	0.031918589	-5.8242875	0.042350535
433.024	0.031629811	-5.8237914	0.044921823
433.152	0.031645759	-5.8238039	0.046124508
433.28	0.031661178	-5.8241752	0.0434795
433.408	0.031430753	-5.8241718	0.039634284
433.536	0.031424757	-5.8244086	0.039736267
433.664	0.03139418	-5.8243668	0.037524979
433.792	0.031308849	-5.8240882	0.038947493
433.92	0.031698225	-5.8249187	0.040197961
434.048	0.03118172	-5.8246736	0.039200053
434.176	0.03095859	-5.8243034	0.040833512
434.304	0.031413002	-5.8250731	0.038367499
434.432	0.031358722	-5.8251612	0.035713934
434.56	0.031076297	-5.8250945	0.040256722
434.688	0.030453734	-5.8245857	0.04298067
434.816	0.031054282	-5.825003	0.036781732
434.944	0.030875273	-5.8247555	0.038925513
435.072	0.031069394	-5.8253148	0.038856937
435.2	0.03064796	-5.8248404	0.040503598
435.328	0.031025551	-5.8251658	0.037967022
435.456	0.03123583	-5.8252043	0.039438182
435.584	0.031347912	-5.8251034	0.037029161
435.712	0.030767986	-5.8244442	0.035306732
435.84	0.031324025	-5.8252203	0.033565042
435.968	0.031431622	-5.8251849	0.038645404
436.096	0.031163389	-5.8249504	0.042210302
436.224	0.031480946	-5.8251068	0.043059355
436.352	0.031375418	-5.824658	0.040695129
436.48	0.031140677	-5.8241828	0.04045933
436.608	0.031499349	-5.8245788	0.041151316
436.736	0.031576825	-5.824241	0.042689455
436.864	0.031588932	-5.8242216	0.04090324
436.992	0.031343471	-5.823784	0.040157681
437.12	0.032113182	-5.8245339	0.037983728
437.248	0.031005417	-5.8235285	0.043096594
437.376	0.031704486	-5.8238096	0.043718621
437.504	0.031852444	-5.8242882	0.041437731
437.632	0.031757972	-5.823713	0.041786951
437.76	0.032303742	-5.8242255	0.036866913
437.888	0.03176092	-5.8233686	0.040410252
438.016	0.031658433	-5.8233787	0.040956117
438.144	0.03209833	-5.82407	0.041846616
438.272	0.031474443	-5.8233869	0.04296444
438.4	0.032533201	-5.8244345	0.036717548
438.528	0.032509343	-5.8242982	0.038561964
438.656	0.032146124	-5.8238553	0.043474295
438.784	0.031702561	-5.8237186	0.041415577
438.912	0.031673138	-5.8232977	0.042951706
439.04	0.032267834	-5.8240093	0.041406726
439.168	0.032041305	-5.8242436	0.041916356
439.296	0.031737804	-5.8238293	0.040625849
439.424	0.031958297	-5.8243217	0.034986801
439.552	0.032191542	-5.8245836	0.03917506
439.68	0.031216082	-5.8241763	0.043888173
439.808	0.031757996	-5.824473	0.040521601
439.936	0.031927646	-5.8248635	0.038691188
440.064	0.031423466	-5.8242252	0.039731215
440.192	0.030956479	-5.8240902	0.041408476
440.32	0.031291409	-5.8248238	0.041947729
440.448	0.031375668	-5.8247481	0.038658958
440.576	0.030945463	-5.8244187	0.037268309
440.704	0.031240611	-5.824736	0.040810932
440.832	0.031340473	-5.8248175	0.039538601
440.96	0.031190011	-5.8250284	0.039256338
441.088	0.030768512	-5.8249471	0.042230558
441.216	0.030562465	-5.8247414	0.036402006
441.344	0.031128469	-5.825308	0.036333047
441.472	0.031181303	-5.8252934	0.037498956
441.6	0.03125876	-5.8251504	0.038969472
441.728	0.030856956	-5.8247393	0.04435193
441.856	0.030704973	-5.8243949	0.043997404
441.984	0.030606124	-5.8245102	0.042591925
442.112	0.030885298	-5.824545	0.040779906
442.24	0.031575784	-5.8254649	0.037872905
442.368	0.030938868	-5.8248312	0.039362046
442.496	0.031442634	-5.825113	0.038197763
442.624	0.031270172	-5.8247051	0.037293395
442.752	0.031092105	-5.824095	0.037018226
442.88	0.031275206	-5.8243672	0.037882312
443.008	0.031513386	-5.8244458	0.037212624
443.136	0.031538603	-5.8247774	0.042894874
443.264	0.031594164	-5.8243912	0.043790491
443.392	0.031496993	-5.8243036	0.038787405
443.52	0.031487985	-5.8240596	0.041131094
443.648	0.031952179	-5.8245283	0.037830071
443.776	0.031834276	-5.8240679	0.038459114
443.904	0.031758888	-5.8238824	0.040364843
444.032	0.032026794	-5.8240284	0.04214785
444.16	0.031853342	-5.8236955	0.043590039
444.288	0.031790082	-5.8234884	0.041037533
444.416	0.03200402	-5.8238077	0.043221145
444.544	0.032383713	-5.8240697	0.042099428
444.672	0.031940657	-5.8239734	0.040545319
444.8	0.032339513	-5.8241594	0.03930252
444.928	0.031936499	-5.8237876	0.039486267
445.056	0.031730379	-5.8230513	0.041788017
445.184	0.032004508	-5.8238507	0.042843193
445.312	0.032074336	-5.82399	0.042405269
445.44	0.032163199	-5.8242544	0.042868884
445.568	0.031644794	-5.8235126	0.041281527
445.696	0.032207253	-5.8241921	0.036985748
445.824	0.031800104	-5.8241148	0.040469021
445.952	0.031702534	-5.8244061	0.039355621
446.08	0.031336172	-5.8242928	0.041146364
446.208	0.032046674	-5.8251198	0.040962699
446.336	0.031422171	-5.82479	0.041785309
446.464	0.031108745	-5.8242019	0.04267579
446.592	0.031488087	-5.8246846	0.038946269
446.72	0.031117155	-5.824778	0.041678087
446.848	0.03161183	-5.8254687	0.0418124
446.976	0.030712479	-5.8248238	0.042624317
447.104	0.03140002	-5.8251083	0.037562231
447.232	0.030565337	-5.824577	0.036888931
447.36	0.03124019	-5.8250956	0.034475246
447.488	0.030667947	-5.8247849	0.038744173
447.616	0.031224203	-5.8253244	0.038306797
447.744	0.030565857	-5.8246635	0.040329028
447.872	0.031190078	-5.8252212	0.037310262
448	0.030830664	-5.8247719	0.042029771
448.128	0.031058894	-5.8246998	0.036993862
448.256	0.030532211	-5.8244278	0.039105129
448.384	0.031198898	-5.8249279	0.041330887
448.512	0.030652827	-5.8245083	0.040504033
448.64	0.031181089	-5.8247834	0.03819576
448.768	0.031053579	-5.8243561	0.039271848
448.896	0.031799582	-5.8249605	0.0381412
449.024	0.031395737	-5.8245683	0.03984244
449.152	0.031515548	-5.8246878	0.037033714
449.28	0.031258372	-5.8244443	0.038868492
449.408	0.031902469	-5.8248586	0.041890839
449.536	0.031402174	-5.8242163	0.043681567
449.664	0.032106711	-5.8247517	0.037854064
449.792	0.031737749	-5.823849	0.037195868
449.92	0.031670843	-5.8240314	0.037610319
450.048	0.031742363	-5.8242399	0.039115265
450.176	0.031932884	-5.8239963	0.03768021
450.304	0.032166739	-5.8243037	0.037644564
450.432	0.031672851	-5.8232131	0.041989406
450.56	0.032148079	-5.8238448	0.043156883
450.688	0.032315654	-5.8242238	0.04081909
450.816	0.032169532	-5.8236213	0.043218346
450.944	0.032012869	-5.8235249	0.042617593
451.072	0.03207239	-5.823848	0.042516767
451.2	0.032184777	-5.8241271	0.045500777
451.328	0.031482567	-5.8236891	0.040723764
451.456	0.032206057	-5.8242858	0.037451261
451.584	0.031858863	-5.8238543	0.041562284
451.712	0.031446281	-5.8232648	0.041650789
451.84	0.032241647	-5.8242874	0.039799325
451.968	0.031345019	-5.8236349	0.040660523
452.096	0.032292373	-5.8245677	0.036724431
452.224	0.031165514	-5.823519	0.039669159
452.352	0.031878065	-5.8243913	0.035675335
452.48	0.031421769	-5.8244112	0.037694047
452.608	0.03180451	-5.8251565	0.039425809
452.736	0.031499511	-5.8249442	0.039491375
452.864	0.031187771	-5.8247936	0.039833607
452.992	0.031362779	-5.8249773	0.037885661
453.12	0.030604546	-5.8244049	0.0411921
453.248	0.031152922	-5.8248133	0.038999254
453.376	0.031477187	-5.8249233	0.036376545
453.504	0.031052696	-5.824553	0.035902155
453.632	0.031019589	-5.8246419	0.036479472
453.76	0.030686416	-5.8247539	0.036924973
453.888	0.031280709	-5.8251387	0.038473551
454.016	0.030566317	-5.8246267	0.040228905
454.144	0.030904659	-5.8249949	0.039178406
454.272	0.03146544	-5.8253695	0.040702642
454.4	0.031149895	-5.824731	0.039450099
454.528	0.031083132	-5.8248295	0.038321647
454.656	0.030722455	-5.8241899	0.039169213
454.784	0.030959508	-5.8242638	0.039120263
454.912	0.031698518	-5.8249182	0.038633448
455.04	0.031222791	-5.8244715	0.041479707
455.168	0.030632936	-5.8240629	0.043481903
455.296	0.030915036	-5.8241288	0.041077762
455.424	0.03164171	-5.8247391	0.038111423
455.552	0.031261932	-5.8242629	0.038455426
455.68	0.031680521	-5.8243041	0.03869463
455.808	0.031006011	-5.8235557	0.042159354
455.936	0.031686145	-5.8242032	0.036597987
456.064	0.03188026	-5.8244533	0.037210998
456.192	0.031225106	-5.8233698	0.045072266
456.32	0.031977004	-5.8239889	0.042661114
456.448	0.032538096	-5.8246403	0.040819432
456.576	0.032227148	-5.8242678	0.043219807
456.704	0.031841825	-5.8236029	0.040371425
456.832	0.031937964	-5.8235915	0.041942761
456.96	0.031538218	-5.8232912	0.047804373
457.088	0.032331984	-5.8242743	0.040482669
457.216	0.032055381	-5.8240625	0.040265381
457.344	0.032214876	-5.8240371	0.041807312
457.472	0.031763011	-5.8236339	0.042498154
457.6	0.031674344	-5.823433	0.03998712
457.728	0.032209994	-5.8240417	0.039418137
457.856	0.031502547	-5.8230936	0.040789454
457.984	0.032136426	-5.824174	0.036562943
458.112	0.031386929	-5.8237929	0.039201199
458.24	0.031985452	-5.824117	0.040709303
458.368	0.031977353	-5.8242539	0.04049018
458.496	0.031850284	-5.82456	0.039301006
458.624	0.031880035	-5.8245225	0.040177967
458.752	0.031402549	-5.8243092	0.040230967
458.88	0.031244141	-5.824319	0.040574084
459.008	0.031219417	-5.8243685	0.04296192
459.136	0.03149224	-5.8249116	0.040937776
459.264	0.030843844	-5.8243672	0.038238178
459.392	0.031407467	-5.8251695	0.040184642
459.52	0.031258058	-5.8250345	0.036879634
459.648	0.030755043	-5.8246303	0.033888387
459.776	0.030744176	-5.8246433	0.043085246
459.904	0.031754031	-5.825763	0.039116374
460.032	0.030778348	-5.8245947	0.036765363
460.16	0.031168811	-5.8250086	0.039420568
460.288	0.030776096	-5.8247867	0.039762828
460.416	0.030624398	-5.8249332	0.040214945
460.544	0.031343999	-5.8254982	0.03938194
460.672	0.030940499	-5.8249478	0.040175211
460.8	0.030612945	-5.8245781	0.037479929
460.928	0.031108424	-5.8247444	0.040471314
461.056	0.031314548	-5.8247056	0.039085481
461.184	0.030833947	-5.8244482	0.038582962
461.312	0.03091724	-5.8246472	0.041392511
461.44	0.03103315	-5.8245599	0.040414865
461.568	0.031535984	-5.8247597	0.037090188
461.696	0.031320581	-5.8243115	0.035161033
461.824	0.031664977	-5.8247304	0.036408415
461.952	0.031186431	-5.8240368	0.044575518
462.08	0.031629683	-5.8242683	0.038995018
462.208	0.031580986	-5.8243786	0.041529716
462.336	0.031763623	-5.824202	0.044010539
462.464	0.031898664	-5.8242233	0.041382073
462.592	0.031557405	-5.8239166	0.043126213
462.72	0.032168159	-5.8244471	0.039214098
462.848	0.03223711	-5.8244494	0.038671779
462.976	0.031464018	-5.8233356	0.042685927
463.104	0.031937969	-5.8239326	0.042887031
463.232	0.032072057	-5.8237179	0.040261811
463.36	0.032225751	-5.8238379	0.038819025
463.488	0.032626631	-5.8243535	0.038572047
463.616	0.031743381	-5.8233938	0.041322467
463.744	0.032191216	-5.8239617	0.041962796
463.872	0.031894371	-5.8235347	0.044055097
464	0.032124668	-5.8238526	0.040161622
464.128	0.031927664	-5.8236383	0.043054207
464.256	0.032127609	-5.8242762	0.044202087
464.384	0.032089647	-5.8243197	0.038501657
464.512	0.031565672	-5.8237155	0.041727692
464.64	0.031505634	-5.8241623	0.042384134
464.768	0.032285635	-5.8248168	0.043890736
464.896	0.031119917	-5.8238307	0.042908896
465.024	0.031772563	-5.8246559	0.037986593
465.152	0.031224857	-5.8242546	0.041806034
465.28	0.031779148	-5.8249833	0.040493006
465.408	0.031189242	-5.8244836	0.041063162
465.536	0.031203456	-5.8244155	0.0425361
465.664	0.031030829	-5.8247779	0.038979548
465.792	0.030969783	-5.8248465	0.0400819
465.92	0.03102144	-5.8249455	0.040373013
466.048	0.031445798	-5.8254388	0.038775799
466.176	0.0308743	-5.8246674	0.039580456
466.304	0.030691428	-5.8247775	0.038168249
466.432	0.030868666	-5.8248755	0.040234372
466.56	0.031152466	-5.8253384	0.036320811
466.688	0.030302886	-5.8243801	0.036582004
466.816	0.03077018	-5.8250679	0.038647001
466.944	0.030483865	-5.824807	0.03819545
467.072	0.030862143	-5.824987	0.036932101
467.2	0.03099835	-5.8250237	0.038756861
467.328	0.031420345	-5.825297	0.037672374
467.456	0.031163342	-5.8250208	0.038922553
467.584	0.031071858	-5.8244207	0.040082142
467.712	0.031341945	-5.8243235	0.038441009
467.84	0.031678907	-5.8247506	0.03643591
467.968	0.031463288	-5.8242529	0.039462054
468.096	0.031556343	-5.8246847	0.037518178
468.224	0.031083228	-5.8241236	0.036188302
468.352	0.031822195	-5.8245522	0.038662861
468.48	0.031386633	-5.8236781	0.042598447
468.608	0.031390925	-5.8236046	0.043671722
468.736	0.031703297	-5.8237989	0.043919546
468.864	0.031943083	-5.8240214	0.044299158
468.992	0.032023442	-5.8240147	0.045163233
469.12	0.03163244	-5.8235893	0.04419481
469.248	0.031826739	-5.8239393	0.03962039
469.376	0.032116178	-5.8241266	0.039271519
469.504	0.031788022	-5.8233765	0.042024217
469.632	0.032143999	-5.8238941	0.041599429
469.76	0.032077031	-5.8237257	0.041038519
469.888	0.032354381	-5.8240579	0.043062876
470.016	0.031694698	-5.823291	0.04596673
470.144	0.032749547	-5.8245303	0.039183633
470.272	0.031547677	-5.8235002	0.041726132
470.4	0.032093834	-5.8239511	0.042450979
470.528	0.03194036	-5.8240412	0.043394839
470.656	0.031427175	-5.8233887	0.041538248
470.784	0.031591791	-5.8241264	0.041925896
470.912	0.032450851	-5.8247879	0.043160162
471.04	0.031590943	-5.8241873	0.040770632
471.168	0.031117357	-5.8238325	0.037770874
471.296	0.031711608	-5.8245559	0.037890757
471.424	0.031746048	-5.8250963	0.041040806
471.552	0.031085687	-5.8244196	0.040831357
471.68	0.031525151	-5.8247883	0.036083902
471.808	0.030737888	-5.8243806	0.038162902
471.936	0.031244008	-5.8250004	0.034687018
472.064	0.031299368	-5.8256016	0.0403932
472.192	0.030803773	-5.8250483	0.042705068
472.32	0.031069275	-5.8252485	0.03986999
472.448	0.030847256	-5.8248184	0.039109145
472.576	0.03072215	-5.8249075	0.036752765
472.704	0.031255316	-5.8253002	0.035741544
472.832	0.031245407	-5.8257187	0.040314779
472.96	0.030750945	-5.8246065	0.040944496
473.088	0.031144643	-5.8249922	0.040958332
473.216	0.031114944	-5.8250421	0.042121353
473.344	0.030284809	-5.8241678	0.041711936
473.472	0.031601571	-5.825442	0.038749076
473.6	0.030844749	-5.824558	0.039515636
473.728	0.030886959	-5.8246811	0.039972965
473.856	0.031149329	-5.8248231	0.039092321
473.984	0.031286001	-5.8245485	0.036520241
474.112	0.031405347	-5.8245949	0.038534697
474.24	0.031185785	-5.8239017	0.041053309
474.368	0.03158559	-5.8247182	0.036477816
474.496	0.031662033	-5.8245814	0.03736417
474.624	0.031773151	-5.8246433	0.040423337
474.752	0.032009773	-5.824566	0.039842754
474.88	0.031580045	-5.8240411	0.041003488
475.008	0.031743609	-5.8238533	0.044183924
475.136	0.031884886	-5.8238945	0.042127066
475.264	0.031755835	-5.8238606	0.039681267
475.392	0.032024625	-5.8239768	0.040502156
475.52	0.032391176	-5.8241215	0.039643449
475.648	0.031991582	-5.8238651	0.041142455
475.776	0.032468264	-5.823936	0.042185861
475.904	0.031761615	-5.8233157	0.044180534
476.032	0.032389591	-5.8243439	0.04438561
476.16	0.03232277	-5.8240212	0.044879696
476.288	0.031778693	-5.823652	0.046566196
476.416	0.032040816	-5.8241196	0.044527176
476.544	0.031674572	-5.8233637	0.044093157
476.672	0.03236705	-5.8243199	0.040253004
476.8	0.032218298	-5.8244638	0.038005212
476.928	0.031624721	-5.8240802	0.039820682
477.056	0.03153679	-5.8239795	0.045360588
477.184	0.032146507	-5.8250129	0.041955437
477.312	0.031614994	-5.8245849	0.039403913
477.44	0.031220761	-5.8241577	0.042726257
477.568	0.030936156	-5.8237636	0.042689686
477.696	0.031779949	-5.8246153	0.037598064
477.824	0.031815494	-5.8250218	0.037256331
477.952	0.03128727	-5.8245373	0.040008728
478.08	0.030432781	-5.8234765	0.0433824
478.208	0.03157387	-5.8250366	0.037973037
478.336	0.031086742	-5.8247519	0.036089915
478.464	0.031272384	-5.8250295	0.037067747
478.592	0.030904449	-5.8249617	0.04076264
478.72	0.031258586	-5.8254274	0.038107926
478.848	0.03064337	-5.824654	0.039539453
478.976	0.031087483	-5.8252073	0.038512231
479.104	0.030963892	-5.825042	0.039317137
479.232	0.030480691	-5.8247914	0.039692236
479.36	0.031006569	-5.8252165	0.03712754
479.488	0.031172678	-5.8251846	0.035791546
479.616	0.030870746	-5.8246508	0.039181385
479.744	0.030986208	-5.8246576	0.040047717
479.872	0.031236321	-5.8247107	0.039435428
480	0.030850194	-5.8244915	0.040721338
480.128	0.031038573	-5.8246035	0.042737121
480.256	0.031799777	-5.825187	0.039952383
480.384	0.031215043	-5.8245367	0.039088019
480.512	0.030955391	-5.8240977	0.038724652
480.64	0.031824003	-5.8250522	0.038298843
480.768	0.03152407	-5.8239659	0.041224933
480.896	0.031554805	-5.8238294	0.036784148
481.024	0.031499815	-5.8233713	0.039165209
481.152	0.032373259	-5.8243564	0.039789005
481.28	0.03188382	-5.8238835	0.043401648
481.408	0.031266958	-5.8231706	0.048422483
481.536	0.032709037	-5.8243167	0.039407009
481.664	0.031847796	-5.8236552	0.039435278
481.792	0.032028447	-5.823959	0.042776348
481.92	0.032249572	-5.8240378	0.040421006
482.048	0.031918756	-5.8235899	0.041334603
482.176	0.032279928	-5.8236769	0.040328876
482.304	0.032091531	-5.8236425	0.038562289
482.432	0.031775105	-5.8232453	0.040968107
482.56	0.031979308	-5.8232778	0.043911791
482.688	0.032246512	-5.8237103	0.042405777
482.816	0.032097474	-5.8238022	0.039756982
482.944	0.031814752	-5.8237178	0.040107691
483.072	0.031885957	-5.8239379	0.04215682
483.2	0.031892173	-5.8244797	0.042052966
483.328	0.031582513	-5.8241555	0.042335842
483.456	0.03177016	-5.824229	0.042824645
483.584	0.031356743	-5.8242484	0.038642216
483.712	0.031637469	-5.824659	0.035710971
483.84	0.031320291	-5.8241183	0.042090455
483.968	0.031260018	-5.8242481	0.040705395
484.096	0.031312724	-5.8245504	0.039464324
484.224	0.031388788	-5.8246029	0.037924477
484.352	0.031156223	-5.8246679	0.037297531
484.48	0.03109288	-5.8243189	0.043007215
484.608	0.031101347	-5.8248561	0.040048066
484.736	0.031141525	-5.8250031	0.038016773
484.864	0.030963905	-5.8245726	0.037074385
484.992	0.030510646	-5.8246871	0.038990896
485.12	0.031257518	-5.8255147	0.037161932
485.248	0.031218361	-5.8253405	0.035879927
485.376	0.030443471	-5.8245329	0.04235952
485.504	0.031236406	-5.8251652	0.039646468
485.632	0.030973774	-5.8247772	0.037237926
485.76	0.030780802	-5.8247785	0.041308106
485.888	0.031361637	-5.8251028	0.038131957
486.016	0.030942684	-5.824444	0.041729709
486.144	0.030816328	-5.824307	0.043099232
486.272	0.031022929	-5.8242685	0.036900729
486.4	0.031419	-5.8250279	0.039884723
486.528	0.030700594	-5.8242416	0.045261639
486.656	0.03129613	-5.8246053	0.043350845
486.784	0.031862457	-5.8246445	0.038364025
486.912	0.031583428	-5.824489	0.039158743
487.04	0.031161293	-5.8236858	0.041112147
487.168	0.030994258	-5.8231463	0.041735851
487.296	0.031863915	-5.824408	0.038462248
487.424	0.031711966	-5.8239635	0.041626246
487.552	0.032386379	-5.8247719	0.042028169
487.68	0.031714353	-5.8236151	0.041943953
487.808	0.031708344	-5.8236829	0.04237361
487.936	0.031982931	-5.8238073	0.041283054
488.064	0.032034999	-5.823661	0.041351147
488.192	0.032033102	-5.8240064	0.04325923
488.32	0.032053853	-5.8237012	0.042281928
488.448	0.032531729	-5.8240927	0.041582929
488.576	0.032230813	-5.8241939	0.039686823
488.704	0.031641321	-5.82349	0.042006978
488.832	0.03205096	-5.8241121	0.041502583
488.96	0.031902579	-5.8237561	0.041608683
489.088	0.031938908	-5.8237433	0.040169894
489.216	0.031888127	-5.8236787	0.0416769
489.344	0.032060623	-5.8238781	0.041276155
489.472	0.031802112	-5.8236894	0.040684849
489.6	0.031830289	-5.8240522	0.040961819
489.728	0.031791052	-5.824003	0.041913913
489.856	0.032149857	-5.8247162	0.042516491
489.984	0.031262006	-5.8243213	0.043884019
490.112	0.031654505	-5.8247389	0.04262944
490.24	0.031585357	-5.8249515	0.038957826
490.368	0.031169724	-5.8244449	0.039073043
490.496	0.030819343	-5.8242257	0.039568112
490.624	0.031040167	-5.8243071	0.04004735
490.752	0.03115172	-5.824543	0.040534613
490.88	0.03133686	-5.824884	0.038569812
491.008	0.030895296	-5.824347	0.039482237
491.136	0.031209013	-5.8251371	0.037764839
491.264	0.031101069	-5.8248165	0.03950553
491.392	0.030839205	-5.8248776	0.040785748
491.52	0.031217075	-5.8250371	0.043160271
491.648	0.030476721	-5.8243709	0.044519833
491.776	0.030998038	-5.8251541	0.036282665
491.904	0.031233895	-5.8252149	0.038798625
492.032	0.030458768	-5.8244149	0.041535758
492.16	0.030882673	-5.8250608	0.037002702
492.288	0.031275603	-5.8249388	0.03677395
492.416	0.030613845	-5.8243166	0.038743991
492.544	0.031315465	-5.8251463	0.036420502
492.672	0.03149264	-5.8254603	0.041483254
492.8	0.030970077	-5.8245402	0.0395177
492.928	0.031447581	-5.8247045	0.038890632
493.056	0.031241678	-5.824293	0.04517872
493.184	0.031333184	-5.8242491	0.04299969
493.312	0.031408214	-5.8244002	0.037111292
493.44	0.03143813	-5.8244237	0.037796834
493.568	0.031687861	-5.8241875	0.042964538
493.696	0.031557223	-5.8240073	0.043805578
493.824	0.031488285	-5.8238329	0.038673682
493.952	0.031623177	-5.8239457	0.038768095
494.08	0.032494166	-5.824803	0.038398235
494.208	0.031916543	-5.824132	0.040017901
494.336	0.031506088	-5.8232095	0.045085692
494.464	0.032626704	-5.8242223	0.043811573
494.592	0.032081378	-5.8239921	0.046002646
494.72	0.031905772	-5.8235289	0.044320457
494.848	0.031867342	-5.8232129	0.041479846
494.976	0.032220841	-5.8241587	0.041330385
495.104	0.031915259	-5.8235146	0.039839637
495.232	0.032000671	-5.823549	0.041539279
495.36	0.03227903	-5.8239707	0.039895464
495.488	0.032117625	-5.8237618	0.040898759
495.616	0.03169923	-5.8236744	0.042968266
495.744	0.031399474	-5.823691	0.042686917
495.872	0.032303614	-5.8245996	0.045861695
496	0.031620275	-5.8241618	0.042325475
496.128	0.031642185	-5.824216	0.036097508
496.256	0.031180168	-5.8233257	0.04008042
496.384	0.03152129	-5.8241967	0.038602401
496.512	0.031526621	-5.8244616	0.040302221
496.64	0.031436543	-5.8245214	0.035978491
496.768	0.031058495	-5.8242819	0.042268633
496.896	0.031534758	-5.8248389	0.041261675
497.024	0.030845821	-5.8241902	0.040685964
497.152	0.031607441	-5.8254987	0.037476733
497.28	0.030615157	-5.8242604	0.036831999
497.408	0.031245678	-5.8248816	0.037484908
497.536	0.031472201	-5.8252292	0.038391539
497.664	0.030876516	-5.8246922	0.039588831
497.792	0.030411375	-5.8243169	0.042184111
497.92	0.031065869	-5.8250221	0.03854921
498.048	0.031386026	-5.8253459	0.032338766
498.176	0.031124751	-5.8250406	0.033147695
498.304	0.030663599	-5.8244635	0.03628506
498.432	0.031382482	-5.8251803	0.031603359
498.56	0.030868792	-5.8246734	0.038876612
498.688	0.03087358	-5.824726	0.044558159
498.816	0.031030521	-5.8243873	0.041250432
498.944	0.030858151	-5.8244575	0.041618803
499.072	0.0315051	-5.8247861	0.037677765
499.2	0.031283049	-5.8246555	0.033585683
499.328	0.031400654	-5.8243647	0.036008872
499.456	0.031464705	-5.8246548	0.038456031
499.584	0.031307574	-5.8241856	0.041690605
499.712	0.031887826	-5.8247772	0.039723715
499.84	0.03187354	-5.8245892	0.039901191
499.968	0.03183094	-5.824394	0.042225346
