0	0.0087608547	-5.8339826	0.0054431348
0.128	0.0088979202	-5.8337034	0.0044770725
0.256	0.0088667622	-5.8340198	0.0059250087
0.384	0.008868636	-5.834226	0.0065318925
0.512	0.0089739	-5.8343414	0.0052567288
0.64	0.0086709926	-5.8339198	0.0072489656
0.768	0.0089563114	-5.8340144	0.0070967012
0.896	0.0088078085	-5.8340073	0.0090345386
1.024	0.0089296122	-5.8339961	0.0090423014
1.152	0.0090099505	-5.8341434	0.0055399869
1.28	0.0089647625	-5.8339604	0.0049334593
1.408	0.0089794393	-5.8338971	0.0051168799
1.536	0.0088837965	-5.8336146	0.0059594004
1.664	0.0091278861	-5.833668	0.0056345037
1.792	0.0089684582	-5.833818	0.0057556325
1.92	0.0090397121	-5.8336687	0.0056391218
2.048	0.009132989	-5.8337198	0.0078887802
2.176	0.0091286703	-5.8337276	0.0078032743
2.304	0.0091213671	-5.8337958	0.0053370631
2.432	0.0091251056	-5.8340567	0.0053089663
2.56	0.0089922981	-5.8338233	0.0063919583
2.688	0.0092128098	-5.8341539	0.0055242859
2.816	0.0091108275	-5.8339352	0.0086047486
2.944	0.0091115637	-5.8337507	0.008201006
3.072	0.0091884748	-5.8337589	0.0071120379
3.2	0.0089827002	-5.8334196	0.0058471749
3.328	0.009062658	-5.8338608	0.0056669582
3.456	0.0092101325	-5.8339302	0.005691732
3.584	0.0091834793	-5.833998	0.0060676305
3.712	0.009087828	-5.8337727	0.0057708745
3.84	0.0091969256	-5.8338439	0.0063729159
3.968	0.0092139501	-5.8339899	0.0073216819
4.096	0.0090373822	-5.83358	0.0075863565
4.224	0.0089845442	-5.8336259	0.0083048519
4.352	0.0091911716	-5.8339559	0.0080008071
4.48	0.0090420695	-5.8338926	0.0084615176
4.608	0.0091269288	-5.8341246	0.0058884546
4.736	0.0090233017	-5.8339549	0.0062004069
4.864	0.0090222465	-5.833902	0.0067554692
4.992	0.0088795605	-5.8341075	0.0043893516
5.12	0.0090327286	-5.8341371	0.0051654622
5.248	0.009061117	-5.8340753	0.0060453384
5.376	0.0089724164	-5.8341468	0.0072216586
5.504	0.0088194759	-5.8339278	0.009459743
5.632	0.0088754692	-5.8339177	0.0063680338
5.76	0.008943175	-5.8340896	0.0049503705
5.888	0.008813069	-5.8338607	0.0054000075
6.016	0.0088007719	-5.8338414	0.0068335356
6.144	0.0088831183	-5.8340694	0.0064915594
6.272	0.0086801347	-5.83385	0.0070100545
6.4	0.0089569654	-5.8341828	0.007300351
6.528	0.0088546733	-5.8339476	0.0057707858
6.656	0.0088085077	-5.8336667	0.0030033602
6.784	0.0088818412	-5.8339968	0.004068549
6.912	0.0088952563	-5.8341919	0.006197312
7.04	0.0088248822	-5.8340298	0.0074959104
7.168	0.008873187	-5.8339746	0.0071444664
7.296	0.0088712715	-5.8339262	0.0077828407
7.424	0.009015562	-5.8339602	0.006908497
7.552	0.0090082063	-5.8339492	0.006292139
7.68	0.0088005465	-5.8336944	0.0081474833
7.808	0.0090253081	-5.8338296	0.0064076114
7.936	0.0089773162	-5.8337103	0.0072196663
8.064	0.009110576	-5.8340111	0.0083604564
8.192	0.0089514554	-5.8338066	0.007518184
8.32	0.0092069322	-5.8341933	0.0046518326
8.448	0.0089728486	-5.8337369	0.0057651389
8.576	0.0090136444	-5.8338798	0.0078437436
8.704	0.0091521293	-5.8340213	0.0067026631
8.832	0.009076882	-5.8340151	0.0049460831
8.96	0.0091512145	-5.8339923	0.0051421234
9.088	0.0091403966	-5.8336424	0.0065222539
9.216	0.0091463707	-5.8340574	0.0069476718
9.344	0.0091774712	-5.8340367	0.0067741152
9.472	0.0092342177	-5.8342181	0.0058312997
9.6	0.0089595552	-5.8337675	0.0068084696
9.728	0.0091748346	-5.8342382	0.0066795876
9.856	0.0091861543	-5.8342409	0.0063943569
9.984	0.0090988761	-5.8338337	0.0064603047
10.112	0.0091516177	-5.8338626	0.0061569056
10.24	0.0091509909	-5.833768	0.0065355206
10.368	0.0091247508	-5.8336098	0.0053902941
10.496	0.0091757101	-5.8336572	0.0052719243
10.624	0.008955099	-5.8336921	0.007604372
10.752	0.0090385179	-5.8337171	0.006765182
10.88	0.0090016266	-5.8337961	0.0077488553
11.008	0.0090014242	-5.8338601	0.010002978
11.136	0.0090857047	-5.8339058	0.0075961884
11.264	0.0089306584	-5.8337268	0.00680342
11.392	0.0089437378	-5.8340133	0.0064631808
11.52	0.0089796335	-5.8341029	0.0053090834
11.648	0.0088682986	-5.8340675	0.0046451269
11.776	0.0088355543	-5.8342364	0.0050489834
11.904	0.0089138661	-5.8343774	0.0035734348
12.032	0.0089598454	-5.8342235	0.0054261016
12.16	0.0088844593	-5.8339679	0.0071442653
12.288	0.0089165529	-5.8338388	0.0059776681
12.416	0.008857862	-5.8340024	0.0065027339
12.544	0.0089483254	-5.8341905	0.0063461882
12.672	0.0087306472	-5.8338813	0.0067258583
12.8	0.0087732676	-5.8339661	0.0067982375
12.928	0.0088208307	-5.833994	0.0064827893
13.056	0.0088919538	-5.8342719	0.005362026
13.184	0.0089768883	-5.8343687	0.0075253127
13.312	0.0089121374	-5.8342067	0.0071845478
13.44	0.0088447216	-5.8341596	0.0081585104
13.568	0.0089247773	-5.8339959	0.006482814
13.696	0.0088315353	-5.8339271	0.0053011874
13.824	0.0088496201	-5.8338028	0.005958899
13.952	0.0090197132	-5.834303	0.0061311279
14.08	0.0090638384	-5.8340396	0.0073866391
14.208	0.0088573634	-5.8337809	0.0060281171
14.336	0.0090108426	-5.8335864	0.0059687163
14.464	0.0090963907	-5.8337625	0.0060749386
14.592	0.0088755086	-5.8336618	0.0061546517
14.72	0.0090385499	-5.8336453	0.0056500632
14.848	0.0091113437	-5.8336217	0.0059130657
14.976	0.0090512909	-5.8338403	0.0057450199
15.104	0.0091844168	-5.8339664	0.0069222048
15.232	0.0090902461	-5.8340933	0.0075772766
15.36	0.0092048241	-5.834033	0.006163193
15.488	0.0091093373	-5.8337023	0.007370833
15.616	0.0089936801	-5.8335399	0.0070945531
15.744	0.0092901493	-5.833945	0.0060369884
15.872	0.0091346601	-5.8336181	0.0093786765
16	0.0091826502	-5.8339471	0.00772598
16.128	0.0091654533	-5.8340072	0.0052820602
16.256	0.009179201	-5.8338659	0.0052273241
16.384	0.0092738599	-5.8342385	0.0046058843
16.512	0.0091061336	-5.8339357	0.0057151974
16.64	0.0091064416	-5.8338513	0.0074016646
16.768	0.0089795143	-5.833843	0.0069668882
16.896	0.0091325043	-5.8338791	0.006086008
17.024	0.0089144958	-5.8337369	0.0065949166
17.152	0.0089740423	-5.8340158	0.0055529664
17.28	0.0091305229	-5.8343491	0.0056283443
17.408	0.0089526583	-5.8341264	0.006949644
17.536	0.0090725486	-5.8341332	0.0064032893
17.664	0.0089225895	-5.8341455	0.0063257938
17.792	0.0089144303	-5.8340841	0.0062860102
17.92	0.0088945647	-5.8338379	0.0056997148
18.048	0.0090154599	-5.8339526	0.0075050328
18.176	0.0088414885	-5.8336924	0.0074787604
18.304	0.0089693653	-5.8339398	0.0039525395
18.432	0.0088631637	-5.8339533	0.0053131345
18.56	0.0088606151	-5.8337212	0.0063798951
18.688	0.0088030437	-5.833905	0.0059950996
18.816	0.0088404982	-5.834155	0.0076489795
18.944	0.0088583453	-5.8341674	0.0063011187
19.072	0.0089388959	-5.8343222	0.0033387374
19.2	0.0088794358	-5.8341206	0.0050177404
19.328	0.0088059609	-5.8341626	0.0048578793
19.456	0.0089296485	-5.8342066	0.0024266382
19.584	0.0086351625	-5.8339038	0.0058019608
19.712	0.0088431088	-5.8340264	0.007036728
19.84	0.0089528377	-5.8340753	0.0046105173
19.968	0.0087120752	-5.8338316	0.0077603233
20.096	0.0091197543	-5.8343271	0.0070066842
20.224	0.0090783494	-5.8339784	0.0061628042
20.352	0.0088397665	-5.8338837	0.006767243
20.48	0.0090616689	-5.8341996	0.0047820768
20.608	0.0089624771	-5.8339825	0.0066969752
20.736	0.0088672157	-5.8338703	0.0073778095
20.864	0.0090463827	-5.833887	0.0078112665
20.992	0.0091268878	-5.8339396	0.0078023273
21.12	0.0089692159	-5.8337111	0.007519734
21.248	0.0091556452	-5.8339962	0.0063001488
21.376	0.008988356	-5.833469	0.0075878856
21.504	0.0092081665	-5.8338659	0.0081424547
21.632	0.0092439191	-5.8338472	0.0060147093
21.76	0.0091349227	-5.8336014	0.0063101995
21.888	0.0091000795	-5.8336862	0.0060237791
22.016	0.009082152	-5.8337033	0.0060434517
22.144	0.0090736355	-5.8338722	0.0071767451
22.272	0.0090888225	-5.834004	0.0059761711
22.4	0.0092105637	-5.8339869	0.0074924369
22.528	0.0090339399	-5.8338734	0.0081178087
22.656	0.0091434296	-5.8335929	0.0068683554
22.784	0.00916434	-5.8336368	0.0061457436
22.912	0.0091060861	-5.8337957	0.007351701
23.04	0.0092400271	-5.8341459	0.007338951
23.168	0.0088772539	-5.8337305	0.0081966451
23.296	0.0091729737	-5.833964	0.0060872676
23.424	0.0090831324	-5.833983	0.0053789348
23.552	0.0088877879	-5.8338208	0.007326805
23.68	0.009146924	-5.8340786	0.004811047
23.808	0.0089133248	-5.8339998	0.00601426
23.936	0.0090003447	-5.8338402	0.0074672014
24.064	0.0089275114	-5.8339767	0.0055711431
24.192	0.0088416492	-5.8338602	0.0043150689
24.32	0.0089965524	-5.8341344	0.0058424949
24.448	0.0089231391	-5.834239	0.0066435344
24.576	0.0087765479	-5.8340402	0.0070237
24.704	0.008930817	-5.8341469	0.005602464
24.832	0.0088191688	-5.834091	0.005390545
24.96	0.0088164597	-5.8340964	0.0059434474
25.088	0.0089010504	-5.8341005	0.006272258
25.216	0.0089528279	-5.8342216	0.0057798506
25.344	0.0088024049	-5.8338856	0.006619586
25.472	0.0088855913	-5.8340051	0.0058942077
25.6	0.0089124511	-5.8341253	0.0066687332
25.728	0.0087949781	-5.8339634	0.0072947003
25.856	0.0088427399	-5.8342961	0.0074783135
25.984	0.0089977035	-5.8342985	0.0052493609
26.112	0.0088285568	-5.8340129	0.0067785251
26.24	0.009067981	-5.8342575	0.0069608223
26.368	0.0088611483	-5.8340221	0.0046828207
26.496	0.0089500129	-5.8341297	0.005665993
26.624	0.0088614758	-5.8340069	0.0078205992
26.752	0.0090462956	-5.8338985	0.0057238854
26.88	0.0089978568	-5.8337665	0.0058695044
27.008	0.0090529998	-5.8338545	0.007712437
27.136	0.0090860265	-5.8338289	0.0058422944
27.264	0.0090021488	-5.8339542	0.005213703
27.392	0.0091588412	-5.8340297	0.0052544312
27.52	0.0089908	-5.8340245	0.0080552516
27.648	0.0091170394	-5.8338596	0.0076419921
27.776	0.0088710433	-5.8336785	0.0078381967
27.904	0.0092012807	-5.8338118	0.0052223939
28.032	0.0092832738	-5.8340239	0.0060636253
28.16	0.0090260342	-5.8336535	0.0081018236
28.288	0.0092721859	-5.8339669	0.0065289643
28.416	0.0090932702	-5.8336936	0.0077654006
28.544	0.0090762027	-5.8338609	0.0070088061
28.672	0.0091803408	-5.833921	0.0060938357
28.8	0.0091112456	-5.8337096	0.0064849916
28.928	0.0090458372	-5.8336682	0.0064534466
29.056	0.0091091494	-5.8338372	0.0078565505
29.184	0.0091507149	-5.8339735	0.0075251214
29.312	0.0091244244	-5.833957	0.0075802299
29.44	0.0091583403	-5.833726	0.0053440702
29.568	0.0089534546	-5.8336968	0.0056180584
29.696	0.0091389443	-5.8340437	0.0068486547
29.824	0.0090234072	-5.834006	0.0071346447
29.952	0.0089548971	-5.8340398	0.0063543112
30.08	0.0089200942	-5.833822	0.0050379749
30.208	0.0091233722	-5.8341195	0.0052087583
30.336	0.008993087	-5.8339728	0.0071405575
30.464	0.0087543242	-5.8336842	0.0069566043
30.592	0.009019455	-5.8341887	0.0059394923
30.72	0.0088608145	-5.8338957	0.0067257512
30.848	0.0087656193	-5.8338019	0.0065274298
30.976	0.0090238298	-5.8340053	0.0054874244
31.104	0.0088476473	-5.8340191	0.0051144272
31.232	0.0088847686	-5.8341119	0.0062881472
31.36	0.0087363456	-5.8338524	0.0073856501
31.488	0.008896662	-5.8342022	0.0063249006
31.616	0.008918581	-5.8340979	0.0056810952
31.744	0.008858388	-5.8340147	0.0056660172
31.872	0.0088205546	-5.8340476	0.0058138595
32	0.0089612995	-5.834525	0.005975108
32.128	0.0087442177	-5.8342239	0.0083219188
32.256	0.0088091364	-5.8340225	0.0083147343
32.384	0.0089973417	-5.8341446	0.0055513846
32.512	0.0088439373	-5.8340967	0.0058176514
32.64	0.0089770248	-5.8342018	0.0068719561
32.768	0.0089197407	-5.8341793	0.0045767475
32.896	0.0088956267	-5.8341882	0.0057227443
33.024	0.0090288028	-5.8342319	0.0050083656
33.152	0.0089094532	-5.8338554	0.0058467664
33.28	0.0092565979	-5.8343895	0.0067913308
33.408	0.0088409579	-5.8337341	0.0064642926
33.536	0.0089605387	-5.8338729	0.0058481553
33.664	0.009109448	-5.8340788	0.0071050694
33.792	0.0090807879	-5.8340865	0.0083250496
33.92	0.0089846174	-5.8338329	0.0085141194
34.048	0.0091143709	-5.8335925	0.0090386502
34.176	0.0091060344	-5.8336646	0.0088478756
34.304	0.0091349166	-5.8335935	0.0066129106
34.432	0.0092442167	-5.8337802	0.0044921533
34.56	0.0090175078	-5.8335346	0.0077337917
34.688	0.0090099368	-5.8337242	0.00778884
34.816	0.0091632155	-5.8338181	0.0054935314
34.944	0.0090341705	-5.8336674	0.0052799969
35.072	0.009245844	-5.8337198	0.0061490027
35.2	0.0090967273	-5.8338215	0.0074936733
35.328	0.0091491713	-5.8338465	0.0067315968
35.456	0.0089446065	-5.8339228	0.0088170618
35.584	0.0092896616	-5.8343826	0.0081984313
35.712	0.0090119812	-5.8340566	0.0062391545
35.84	0.0088701747	-5.8335835	0.0051542038
35.968	0.0091324016	-5.8338252	0.0041765564
36.096	0.0090213356	-5.8339424	0.0058666677
36.224	0.0089801701	-5.8339897	0.0059166184
36.352	0.0089226799	-5.8339232	0.0076287736
36.48	0.0090138345	-5.834056	0.0079883868
36.608	0.0089081504	-5.8336422	0.0070768455
36.736	0.0089840309	-5.8338965	0.006962747
36.864	0.0089247073	-5.8337964	0.0056405867
36.992	0.0090691458	-5.8339853	0.0045193366
37.12	0.0088776391	-5.8339065	0.0063993889
37.248	0.0088669825	-5.8338578	0.0074034553
37.376	0.0087348571	-5.8338657	0.0068092599
37.504	0.0087725292	-5.8339252	0.0078406707
37.632	0.0090632258	-5.8341901	0.0049788075
37.76	0.0088067174	-5.8339069	0.0038930377
37.888	0.0088635991	-5.8342123	0.006090234
38.016	0.0088340408	-5.8341767	0.0066758234
38.144	0.0087981312	-5.8342088	0.0058285361
38.272	0.0088398527	-5.8340194	0.0066351429
38.4	0.0088782244	-5.8341246	0.0047938938
38.528	0.0088794459	-5.8342172	0.0058171116
38.656	0.0090102957	-5.8340448	0.0076452356
38.784	0.0090524414	-5.8339818	0.0082489336
38.912	0.008789057	-5.833621	0.0065856032
39.04	0.0089537266	-5.8340416	0.005215237
39.168	0.0088493855	-5.8338839	0.0056707003
39.296	0.009045459	-5.8342347	0.0050187359
39.424	0.008976634	-5.8340753	0.0066554547
39.552	0.0089089597	-5.8338701	0.0067566903
39.68	0.0091312644	-5.8339388	0.0058990773
39.808	0.009060599	-5.8337873	0.0073338735
39.936	0.009041558	-5.8340155	0.0078519036
40.064	0.0090762247	-5.8340111	0.0064325164
40.192	0.0091111845	-5.8339072	0.0058078984
40.32	0.0091118586	-5.8340005	0.0064898809
40.448	0.0091283415	-5.8339989	0.0070340198
40.576	0.009112416	-5.8340347	0.007741738
40.704	0.0090794015	-5.8336517	0.008015233
40.832	0.0091940846	-5.8338944	0.0066228833
40.96	0.0090308423	-5.8335766	0.0069957406
41.088	0.0092841031	-5.8338833	0.0077404251
41.216	0.0090549489	-5.8337519	0.0068115662
41.344	0.0091039999	-5.8338224	0.0070667801
41.472	0.0091951165	-5.833818	0.0068879542
41.6	0.0089593919	-5.8337009	0.007166702
41.728	0.0091725808	-5.8338475	0.0070637685
41.856	0.009071253	-5.8337533	0.0060817249
41.984	0.0090060448	-5.8336978	0.0069071865
42.112	0.0090983525	-5.8341926	0.0067278843
42.24	0.009010105	-5.8340167	0.0081915792
42.368	0.0089846345	-5.8338229	0.0067417939
42.496	0.0089886255	-5.8338823	0.0050641234
42.624	0.0090742018	-5.8337307	0.0039713688
42.752	0.0088761577	-5.8337276	0.0056020272
42.88	0.0088756762	-5.8338452	0.007014175
43.008	0.0089653991	-5.8338832	0.0050994923
43.136	0.0087606458	-5.8337027	0.0060388833
43.264	0.008861538	-5.8338787	0.0071450648
43.392	0.008978307	-5.8342487	0.0076290646
43.52	0.0089150504	-5.8339198	0.0068569326
43.648	0.0089940386	-5.8341115	0.0052677303
43.776	0.008928825	-5.8341515	0.0047641511
43.904	0.0088950585	-5.8342701	0.0058569397
44.032	0.0088848645	-5.8342091	0.0064267861
44.16	0.008775388	-5.8339293	0.0069966567
44.288	0.008804496	-5.8337965	0.0045247983
44.416	0.0088201869	-5.8339189	0.0053770527
44.544	0.0088661192	-5.8341078	0.006904091
44.672	0.0090422655	-5.8339382	0.0072011902
44.8	0.0089312715	-5.8340654	0.0077807666
44.928	0.0089405085	-5.8341766	0.0045782808
45.056	0.0089416935	-5.8340833	0.0061416831
45.184	0.0089062096	-5.8340402	0.0051283689
45.312	0.0088747728	-5.8339659	0.005428671
45.44	0.0088919709	-5.8338349	0.0062578862
45.568	0.0088611798	-5.8337651	0.0042580641
45.696	0.0091509466	-5.8340503	0.0047903767
45.824	0.0090552722	-5.8337792	0.0074911772
45.952	0.0088849877	-5.8336546	0.0073497668
46.08	0.0090555266	-5.8339486	0.0079781476
46.208	0.0091818577	-5.8340843	0.0084531718
46.336	0.0090311497	-5.8338217	0.007139711
46.464	0.0090871741	-5.8337958	0.0076830656
46.592	0.0091675634	-5.8337835	0.0077354459
46.72	0.0090451165	-5.8337165	0.0082229595
46.848	0.0090149008	-5.8338661	0.0071442919
46.976	0.0090577146	-5.833575	0.0057717327
47.104	0.0092285441	-5.8339111	0.006493017
47.232	0.0092013949	-5.8337818	0.0063631794
47.36	0.0092438931	-5.833571	0.0064315114
47.488	0.0089667217	-5.8334089	0.0064210605
47.616	0.0091375138	-5.8337206	0.0047837121
47.744	0.009129894	-5.8338389	0.0064910298
47.872	0.0091484929	-5.8340753	0.0078908242
48	0.0091482678	-5.8340655	0.0060670958
48.128	0.0089922706	-5.8338444	0.0061272522
48.256	0.0090078122	-5.8339365	0.0075178313
48.384	0.0091763034	-5.8341314	0.0063742194
48.512	0.0091166876	-5.8340601	0.0064371738
48.64	0.0088941289	-5.8337115	0.0067808468
48.768	0.0089946506	-5.8340891	0.0056691768
48.896	0.0091308371	-5.8342655	0.005609912
49.024	0.0089579379	-5.8339537	0.0055800073
49.152	0.0088220793	-5.8339798	0.0067678265
49.28	0.0089721423	-5.834126	0.0061866612
49.408	0.0088859181	-5.8341256	0.0063353665
49.536	0.0088556531	-5.8337875	0.0070978961
49.664	0.0090502199	-5.8341006	0.0050790369
49.792	0.0087626002	-5.8337719	0.0065364397
49.92	0.0087739186	-5.8339085	0.0057988997
50.048	0.0088365498	-5.8340715	0.0045269354
50.176	0.0089603778	-5.8339938	0.0062033107
50.304	0.0088279695	-5.834057	0.0057383478
50.432	0.0088252625	-5.8340354	0.0059936062
50.56	0.008944438	-5.8341732	0.0077406383
50.688	0.0087943203	-5.8342473	0.0054319427
50.816	0.0088034069	-5.8340651	0.0049039872
50.944	0.0088756683	-5.8340664	0.0056972189
51.072	0.0088250423	-5.8340944	0.0062622169
51.2	0.0090839543	-5.8342452	0.0081147744
51.328	0.0089698784	-5.8341021	0.0048906435
51.456	0.0088439074	-5.8336636	0.0057940437
51.584	0.0089512151	-5.8339623	0.0083146866
51.712	0.0090104011	-5.8340662	0.0068311654
51.84	0.0088766758	-5.8338063	0.0068332498
51.968	0.0089712839	-5.8339687	0.0070014358
52.096	0.0090733628	-5.8339557	0.00713953
52.224	0.0091067918	-5.8339721	0.0054409333
52.352	0.008830952	-5.8336361	0.0054559606
52.48	0.0090960458	-5.8339834	0.0060418833
52.608	0.0090935492	-5.8339626	0.0063744421
52.736	0.0091032345	-5.8338818	0.0068724489
52.864	0.0091975824	-5.8338159	0.0075326484
52.992	0.0092619322	-5.8340417	0.0067770012
53.12	0.0090516672	-5.8339245	0.0070607691
53.248	0.0091680186	-5.8338211	0.0064883638
53.376	0.0092010406	-5.8336667	0.0066082221
53.504	0.0092463333	-5.8337662	0.0067097554
53.632	0.0092634711	-5.8339876	0.0058438224
53.76	0.0089773564	-5.8334884	0.007786402
53.888	0.0091028215	-5.8336223	0.0074254028
54.016	0.0091440281	-5.833843	0.0056197538
54.144	0.0090810316	-5.8338421	0.0087558105
54.272	0.0090876601	-5.8336647	0.0061117544
54.4	0.0090886665	-5.8338285	0.0054020514
54.528	0.0091296531	-5.8337137	0.0060265003
54.656	0.0090846892	-5.8336883	0.0053148153
54.784	0.0089942437	-5.8337823	0.0060631209
54.912	0.0089312605	-5.8338404	0.0066549059
55.04	0.0090207227	-5.8338547	0.0074490754
55.168	0.0090268818	-5.8341301	0.0076807564
55.296	0.0088782523	-5.8339251	0.005476595
55.424	0.0089754304	-5.8341216	0.0051072297
55.552	0.0089948501	-5.8342161	0.0060094244
55.68	0.0089251869	-5.8343118	0.0058450499
55.808	0.0088357505	-5.8342592	0.0055217509
55.936	0.0089280757	-5.8340497	0.0068551367
56.064	0.0089074857	-5.8340226	0.007353284
56.192	0.0088048793	-5.8338119	0.0057596309
56.32	0.0089654209	-5.8341973	0.0056115897
56.448	0.0088578285	-5.8342138	0.0058625406
56.576	0.0087880076	-5.8341477	0.0077722331
56.704	0.0088081063	-5.8341659	0.0071402607
56.832	0.0088817123	-5.8340879	0.0055736967
56.96	0.0089222382	-5.8340108	0.0051122148
57.088	0.0088172713	-5.8339862	0.0057203213
57.216	0.0088603806	-5.8340017	0.0050688299
57.344	0.0087934621	-5.8337448	0.0063488011
57.472	0.0090148883	-5.8339632	0.0061972457
57.6	0.0090552037	-5.8339432	0.0056437274
57.728	0.0087168217	-5.8334602	0.0073959659
57.856	0.0089743592	-5.8338378	0.0057488097
57.984	0.0089803824	-5.8339578	0.0069263603
58.112	0.0089644275	-5.8337286	0.0067971366
58.24	0.0090287373	-5.8337925	0.0058720305
58.368	0.009022423	-5.8337586	0.007152278
58.496	0.0090710284	-5.8339666	0.0053429777
58.624	0.0090387818	-5.8337827	0.0070553252
58.752	0.0091661779	-5.8340025	0.0064172554
58.88	0.0091064345	-5.8338163	0.0065858328
59.008	0.0091769986	-5.8340698	0.0072987231
59.136	0.0090146854	-5.8337266	0.0085263497
59.264	0.0091180598	-5.8337031	0.0074379518
59.392	0.009155578	-5.8337574	0.0065285985
59.52	0.0092374313	-5.8339259	0.0057277487
59.648	0.0091628055	-5.8338045	0.0049372658
59.776	0.0091285506	-5.8337048	0.0078659829
59.904	0.0090725679	-5.8338321	0.0086299384
60.032	0.0092338527	-5.8341572	0.0088118158
60.16	0.0090442188	-5.8340076	0.0078311667
60.288	0.0090902324	-5.8337537	0.0059521965
60.416	0.0090309062	-5.8337978	0.0078447525
60.544	0.0091693484	-5.8337397	0.0061730417
60.672	0.0091148307	-5.833661	0.0056280803
60.8	0.0090714424	-5.833885	0.0067830168
60.928	0.0090588163	-5.8338682	0.005574707
61.056	0.0090325835	-5.8341098	0.0060217159
61.184	0.0089397582	-5.8339967	0.0065416878
61.312	0.0090056683	-5.8339823	0.0063848597
61.44	0.0090403914	-5.8340952	0.005567754
61.568	0.0088022526	-5.8336375	0.0056846948
61.696	0.0090134851	-5.8343985	0.0072004218
61.824	0.0089574104	-5.8341983	0.0066717189
61.952	0.0088797883	-5.8340166	0.0050040668
62.08	0.0087069718	-5.833798	0.0059620578
62.208	0.0088873151	-5.8342242	0.0053484408
62.336	0.0089039485	-5.834255	0.0038198145
62.464	0.0088526069	-5.8342299	0.0045753441
62.592	0.0088250213	-5.8343459	0.0082113736
62.72	0.0089817613	-5.8342877	0.0081706528
62.848	0.0088141622	-5.8339591	0.0058387729
62.976	0.0087316031	-5.8338174	0.0070952707
63.104	0.0088425087	-5.8337221	0.0072886887
63.232	0.0089487221	-5.8342042	0.0062379709
63.36	0.0088604715	-5.8340014	0.0077652619
63.488	0.0089470317	-5.8342204	0.0077621744
63.616	0.008891804	-5.8341782	0.0037566685
63.744	0.0090070875	-5.8340375	0.0045089724
63.872	0.0088977123	-5.8341734	0.0050452923
64	0.0089210962	-5.8340201	0.0075556603
64.128	0.008918075	-5.8340786	0.0076031915
64.256	0.0088769358	-5.8337619	0.0083234042
64.384	0.009080869	-5.8337731	0.0068361475
64.512	0.008966824	-5.8338064	0.0046895935
64.64	0.0089518235	-5.8338398	0.0048062048
64.768	0.0090326609	-5.8340146	0.0049439689
64.896	0.0090312258	-5.8339546	0.0052536167
65.024	0.0091109544	-5.8339959	0.0063009919
65.152	0.008966011	-5.8337884	0.0090937402
65.28	0.0090983083	-5.8339568	0.0072051382
65.408	0.0090461754	-5.8337713	0.0064206058
65.536	0.0091599257	-5.8336649	0.0055981505
65.664	0.0092186777	-5.8340007	0.0049530946
65.792	0.0091650607	-5.833733	0.0062499508
65.92	0.0090925368	-5.8338052	0.0075980614
66.048	0.0091078706	-5.8338437	0.0076458599
66.176	0.0092132071	-5.8340375	0.0056630907
66.304	0.0091037319	-5.8337115	0.007019693
66.432	0.0091359903	-5.8336994	0.0072704888
66.56	0.0091549601	-5.8339251	0.0073291207
66.688	0.009008089	-5.8336401	0.0084871585
66.816	0.0090540518	-5.8336945	0.0064332702
66.944	0.0090537436	-5.8338269	0.0062259053
67.072	0.0093288125	-5.8339953	0.0052910719
67.2	0.0090482452	-5.833802	0.0069543966
67.328	0.0089772277	-5.8338347	0.0075075174
67.456	0.0089602691	-5.8337479	0.0074303624
67.584	0.0090569741	-5.833896	0.0062102991
67.712	0.00888083	-5.8339765	0.0058490916
67.84	0.0089985356	-5.8341064	0.0079600008
67.968	0.0088826084	-5.834058	0.0073794976
68.096	0.0090784908	-5.8342442	0.0028062636
68.224	0.0089328534	-5.8341211	0.0038561404
68.352	0.0088226162	-5.8340815	0.0048970537
68.48	0.0089126397	-5.8341406	0.0058910094
68.608	0.0089193291	-5.8342116	0.0076659391
68.736	0.0088074157	-5.8342127	0.0070254531
68.864	0.0089422124	-5.8342089	0.0058006539
68.992	0.008886245	-5.8340482	0.0068154956
69.12	0.0086442454	-5.8338513	0.0064300891
69.248	0.0088916295	-5.8339495	0.0060918459
69.376	0.0090151528	-5.8340496	0.0057419077
69.504	0.0087547125	-5.8339549	0.0066951215
69.632	0.0090405844	-5.8343125	0.0048818584
69.76	0.0088073594	-5.8339951	0.0063795514
69.888	0.0089506044	-5.8341694	0.0071398383
70.016	0.0088334651	-5.8342112	0.0078354822
70.144	0.00882159	-5.8338724	0.0077662465
70.272	0.0089250973	-5.8339372	0.0080429143
70.4	0.0090916302	-5.8340379	0.0069901714
70.528	0.0089517447	-5.833823	0.0070077628
70.656	0.0089391921	-5.8337809	0.0068214339
70.784	0.0089510504	-5.8337428	0.0061252921
70.912	0.008930704	-5.8337791	0.0053293652
71.04	0.0091001359	-5.8338515	0.0048736619
71.168	0.0089718844	-5.8339386	0.0071655549
71.296	0.0090902837	-5.8339761	0.0052605386
71.424	0.0091979215	-5.8341447	0.0057825849
71.552	0.009109345	-5.8338296	0.0073067686
71.68	0.0090072063	-5.8338486	0.0079744332
71.808	0.009040583	-5.8336595	0.0073534222
71.936	0.0089790952	-5.8336243	0.0057355197
72.064	0.0091310831	-5.8335766	0.0048490704
72.192	0.0092689931	-5.8338038	0.0038416737
72.32	0.0089161448	-5.8336533	0.0069356306
72.448	0.0092612889	-5.8340297	0.0069706756
72.576	0.0092091582	-5.8337695	0.0071559045
72.704	0.0090490343	-5.8335794	0.007782677
72.832	0.0092880911	-5.8341313	0.0072091849
72.96	0.0090363799	-5.8341343	0.0077384342
73.088	0.0091107992	-5.833992	0.0060160764
73.216	0.0092837092	-5.8342036	0.0051457485
73.344	0.0090953415	-5.8341615	0.0062908133
73.472	0.0089901377	-5.8340131	0.0068769459
73.6	0.0090350752	-5.8340069	0.003162835
73.728	0.0089839035	-5.8337856	0.0061433291
73.856	0.0089737019	-5.8338072	0.0070833787
73.984	0.0090662207	-5.8337745	0.0048236711
74.112	0.0088833856	-5.8334953	0.0073687958
74.24	0.0090015751	-5.8338878	0.0063656864
74.368	0.0088685409	-5.8336059	0.0061323862
74.496	0.0087218836	-5.8337721	0.0063779094
74.624	0.0091212046	-5.8341622	0.0067176927
74.752	0.0088979027	-5.833771	0.0069965941
74.88	0.009018056	-5.8340785	0.0062713764
75.008	0.0088293683	-5.8336585	0.0052933889
75.136	0.008820038	-5.8339447	0.0042660029
75.264	0.0088212327	-5.8339796	0.0075023275
75.392	0.009008067	-5.8341108	0.0060457101
75.52	0.0086958759	-5.8340242	0.0060997829
75.648	0.0088798007	-5.8342227	0.005802397
75.776	0.008907381	-5.8341635	0.0067639132
75.904	0.0088365995	-5.834058	0.006321074
76.032	0.008966074	-5.8341098	0.0056732654
76.16	0.0088584558	-5.8338825	0.0071396005
76.288	0.008981149	-5.8340291	0.0071256815
76.416	0.0088324484	-5.8339907	0.0076665128
76.544	0.0089666432	-5.8341579	0.0046784902
76.672	0.0088406086	-5.8342527	0.004088944
76.8	0.0089414238	-5.8341605	0.0073322581
76.928	0.0090177231	-5.8339202	0.0069873489
77.056	0.0090407546	-5.8339262	0.0056389485
77.184	0.0089550047	-5.8339821	0.0071827434
77.312	0.0089172376	-5.8338229	0.0078655155
77.44	0.0090996472	-5.8340735	0.0054218239
77.568	0.0088796976	-5.8337624	0.006376671
77.696	0.0092119754	-5.8341734	0.0082329886
77.824	0.0090650946	-5.8340264	0.0044034965
77.952	0.0091463495	-5.8336053	0.0051286774
78.08	0.0088540149	-5.8335634	0.0085330519
78.208	0.0091809126	-5.833968	0.0070294049
78.336	0.0091494475	-5.8338709	0.0044746697
78.464	0.0091743557	-5.8337746	0.0055043328
78.592	0.0091874419	-5.8337677	0.0075344178
78.72	0.0090822798	-5.833937	0.0080758585
78.848	0.0091869794	-5.8338323	0.0079675373
78.976	0.0091031423	-5.8336896	0.0075185594
79.104	0.0091913385	-5.8339715	0.0060556896
79.232	0.0090912529	-5.8339918	0.0072068165
79.36	0.0090451547	-5.833821	0.0067206001
79.488	0.0091662733	-5.8339866	0.0051614555
79.616	0.0091039961	-5.8337597	0.0062168042
79.744	0.0090376778	-5.8334254	0.0074190399
79.872	0.0091978603	-5.8340071	0.0063167379
80	0.0091556606	-5.8339026	0.0057630834
80.128	0.008856584	-5.8333649	0.0066464899
80.256	0.0087987297	-5.8335505	0.0064789195
80.384	0.0091288674	-5.8339109	0.006708321
80.512	0.0088842588	-5.8338934	0.0072371963
80.64	0.009110747	-5.8341414	0.0064427516
80.768	0.0089171356	-5.8338309	0.0071454796
80.896	0.009079959	-5.8342748	0.0044909735
81.024	0.0088219158	-5.8340033	0.0065632694
81.152	0.0088776827	-5.8340128	0.0058112247
81.28	0.0089199792	-5.8341494	0.0031633835
81.408	0.0088169154	-5.8339979	0.0041366046
81.536	0.0088812602	-5.8342684	0.0066388451
81.664	0.0088100731	-5.8341286	0.0063623599
81.792	0.0088354055	-5.834113	0.007237587
81.92	0.0088558209	-5.834204	0.0055656128
82.048	0.008824548	-5.8340581	0.0044043868
82.176	0.0089108293	-5.8342206	0.0050719971
82.304	0.0087562284	-5.8339946	0.0060285611
82.432	0.0088666253	-5.8340157	0.0045858286
82.56	0.0087984113	-5.8336504	0.0053171028
82.688	0.0088666465	-5.8340392	0.0064574313
82.816	0.0088747792	-5.8341311	0.0076258819
82.944	0.0089990595	-5.8341725	0.0063179874
83.072	0.0089200303	-5.8338228	0.0066177988
83.2	0.0089080671	-5.8341285	0.0071394263
83.328	0.0089717411	-5.8342094	0.0063573264
83.456	0.0089565693	-5.8340851	0.0045095668
83.584	0.0090962307	-5.8340738	0.0043348233
83.712	0.009021424	-5.8339338	0.0061379296
83.84	0.0090322538	-5.8337132	0.0076139617
83.968	0.0091143211	-5.8339562	0.0060888092
84.096	0.0089311399	-5.8334577	0.0082351206
84.224	0.009002798	-5.8337738	0.0078631357
84.352	0.0090245307	-5.8338423	0.007695307
84.48	0.0091347726	-5.8337878	0.0071125558
84.608	0.0091626676	-5.8338685	0.0068048299
84.736	0.0091762587	-5.8339777	0.0075771186
84.864	0.0090989438	-5.8335736	0.0068850248
84.992	0.0091406703	-5.833715	0.0065208718
85.12	0.0092419107	-5.834006	0.0064597943
85.248	0.0093072014	-5.8337989	0.0074750356
85.376	0.0089956511	-5.8335991	0.0082100519
85.504	0.0092461632	-5.8337033	0.0074088398
85.632	0.0091049348	-5.8339516	0.0070331193
85.76	0.0091325894	-5.8338036	0.0084057083
85.888	0.0091547664	-5.8338153	0.0057315887
86.016	0.009172084	-5.8338034	0.0043031732
86.144	0.0090225666	-5.8338105	0.0069020962
86.272	0.009068388	-5.8340795	0.0066337724
86.4	0.0090445582	-5.8340015	0.0060934101
86.528	0.0088678939	-5.8337657	0.0058865176
86.656	0.0089834305	-5.8337913	0.0062706747
86.784	0.0089190662	-5.8339821	0.0056508901
86.912	0.0090646436	-5.8342252	0.0062299732
87.04	0.0088457998	-5.8339973	0.0051983873
87.168	0.0089296831	-5.8341945	0.0060193522
87.296	0.0088204895	-5.8339479	0.0072990495
87.424	0.0089588452	-5.8340195	0.0049535785
87.552	0.0087528793	-5.8339734	0.0076245948
87.68	0.008887416	-5.8340516	0.0073484824
87.808	0.0088064639	-5.8339715	0.0064069713
87.936	0.0087464451	-5.8340705	0.0062613951
88.064	0.008946648	-5.8341345	0.0032186631
88.192	0.0088074182	-5.8339774	0.0047250327
88.32	0.0089218519	-5.8340919	0.0041016436
88.448	0.0087845705	-5.8339363	0.0046170237
88.576	0.0087919393	-5.8338795	0.0075930111
88.704	0.0088644126	-5.834107	0.0068974734
88.832	0.0089620003	-5.8340391	0.0070300732
88.96	0.0089155176	-5.8340985	0.0069501502
89.088	0.008972523	-5.8341665	0.0060451081
89.216	0.0088565826	-5.8337569	0.0052784238
89.344	0.008712601	-5.8337483	0.0065804501
89.472	0.0091421892	-5.8341682	0.0055055137
89.6	0.0089493724	-5.8340278	0.0055960667
89.728	0.0090241882	-5.8340153	0.005621181
89.856	0.0090630839	-5.8340586	0.007063944
89.984	0.0088764254	-5.833844	0.0075179275
90.112	0.0090650239	-5.8339106	0.0060905654
90.24	0.009117133	-5.8338851	0.0066871002
90.368	0.0091020815	-5.8338706	0.0070388385
90.496	0.0091178312	-5.8336153	0.0087911073
90.624	0.0091339416	-5.8340425	0.0074496634
90.752	0.0090876415	-5.8336525	0.0057815229
90.88	0.0091570455	-5.8337307	0.0065695431
91.008	0.0093035176	-5.8336862	0.0075457321
91.136	0.0090588865	-5.8336768	0.0060169957
91.264	0.0091531945	-5.8339131	0.0064837799
91.392	0.0090372687	-5.8336913	0.0068200323
91.52	0.0092614012	-5.8338489	0.0039464779
91.648	0.0089335625	-5.8337086	0.0073614077
91.776	0.0092747511	-5.8339738	0.0064555605
91.904	0.0092419004	-5.8340146	0.0075082746
92.032	0.0092152348	-5.8340923	0.0078672324
92.16	0.0091251315	-5.833823	0.0081790394
92.288	0.0090014985	-5.8336111	0.0075873089
92.416	0.009051721	-5.8337282	0.0063731905
92.544	0.0091382235	-5.8341033	0.00593706
92.672	0.0088739154	-5.8338602	0.0062839314
92.8	0.0088890168	-5.8340295	0.006303986
92.928	0.0090310682	-5.8339574	0.0070686729
93.056	0.0089190774	-5.833917	0.006059159
93.184	0.0087778388	-5.8338163	0.0067239194
93.312	0.0090107479	-5.8340887	0.007224281
93.44	0.0089936236	-5.8340448	0.0059325244
93.568	0.0088031697	-5.8339947	0.0066196339
93.696	0.0089294801	-5.8342772	0.0067999717
93.824	0.0089724584	-5.8344232	0.0037911921
93.952	0.0087921856	-5.8340406	0.0045002449
94.08	0.008785819	-5.8337557	0.0076684251
94.208	0.0088117553	-5.834014	0.0070209043
94.336	0.0088372282	-5.8340068	0.0055836239
94.464	0.0086686056	-5.8338982	0.0066525709
94.592	0.0089898282	-5.8341193	0.0059165949
94.72	0.0089417151	-5.8340425	0.0067209269
94.848	0.0089058245	-5.8341184	0.0049343071
94.976	0.0088758709	-5.8340532	0.0046721579
95.104	0.0088529458	-5.8341969	0.005613599
95.232	0.0089074327	-5.8342554	0.0058242927
95.36	0.0089778133	-5.8341765	0.0077717737
95.488	0.0088133268	-5.8338755	0.0090298821
95.616	0.0088830679	-5.8340154	0.0073492911
95.744	0.0089715398	-5.8338783	0.0061984258
95.872	0.0090182406	-5.8338321	0.0068810776
96	0.0090223441	-5.8338505	0.0068116608
96.128	0.0090317841	-5.8339679	0.0046378528
96.256	0.0090511288	-5.8339743	0.006697775
96.384	0.0090610475	-5.8337867	0.0054342813
96.512	0.0089780852	-5.833708	0.0058605475
96.64	0.0091356963	-5.8338834	0.007954193
96.768	0.0091221453	-5.8337186	0.0080193694
96.896	0.0091080599	-5.8335947	0.0067420653
97.024	0.0091637677	-5.8336341	0.0060969732
97.152	0.0090411482	-5.8335753	0.0066573824
97.28	0.0092059231	-5.8336398	0.0048630142
97.408	0.0090815254	-5.8336568	0.006738535
97.536	0.0092398977	-5.8338427	0.007220714
97.664	0.0093157746	-5.8339246	0.006477536
97.792	0.0091469064	-5.8336526	0.0075806839
97.92	0.0091008176	-5.8337433	0.0071837851
98.048	0.0090067497	-5.8338878	0.0060962177
98.176	0.0091698295	-5.8338664	0.0043588239
98.304	0.0091311552	-5.8336071	0.0067881907
98.432	0.0091570434	-5.8339276	0.0073424885
98.56	0.0089514115	-5.8340609	0.0062297856
98.688	0.008967362	-5.8336591	0.0068769466
98.816	0.0090715264	-5.833904	0.0067962054
98.944	0.0089666574	-5.8339932	0.0065821807
99.072	0.0090044683	-5.8339605	0.0048793371
99.2	0.0089092864	-5.833944	0.0062506143
99.328	0.0089016541	-5.8339106	0.0078682868
99.456	0.008890904	-5.8338445	0.00616735
99.584	0.0089752665	-5.8340395	0.0055569638
99.712	0.0088334979	-5.8340718	0.0068135368
99.84	0.0089698128	-5.8341237	0.0060030909
99.968	0.0087391786	-5.8337422	0.0055304659
100.096	0.0089445683	-5.8342017	0.0058426606
100.224	0.0088408292	-5.833898	0.0081173334
100.352	0.008791998	-5.8338441	0.0067153058
100.48	0.0087317546	-5.8339454	0.007568698
100.608	0.009032901	-5.8341093	0.0056772643
100.736	0.0088056531	-5.8339242	0.0061551517
100.864	0.0088311454	-5.8341585	0.0059052753
100.992	0.0089397683	-5.8340763	0.0050759766
101.12	0.0087862464	-5.8339204	0.0074451953
101.248	0.0090161483	-5.8340595	0.0074424217
101.376	0.0088083863	-5.833828	0.0069892029
101.504	0.0088200486	-5.833904	0.0067202777
101.632	0.0089514708	-5.8339656	0.0066290204
101.76	0.0089826441	-5.8340225	0.0063100555
101.888	0.0088832938	-5.8339618	0.0071792892
102.016	0.0090790296	-5.8339194	0.0064715249
102.144	0.0089326475	-5.8337456	0.0078774001
102.272	0.0090252519	-5.8338285	0.0069288861
102.4	0.0089853455	-5.8337792	0.0059583072
102.528	0.0089687489	-5.8338707	0.0069653728
102.656	0.009038425	-5.833928	0.0086675994
102.784	0.009177766	-5.8338465	0.0067124408
102.912	0.0089176993	-5.8335181	0.0061167659
103.04	0.0090669222	-5.8336829	0.0053971736
103.168	0.0090232095	-5.8337362	0.0079151403
103.296	0.0092069285	-5.8340751	0.0060438447
103.424	0.0090104156	-5.8336664	0.0056542152
103.552	0.0092789163	-5.8341219	0.0054462777
103.68	0.0090711228	-5.8338741	0.0062164719
103.808	0.0090691241	-5.8339471	0.005563769
103.936	0.009084853	-5.8338605	0.0069409599
104.064	0.0092125386	-5.8341369	0.0064191956
104.192	0.0091737578	-5.8341595	0.006353194
104.32	0.0091381371	-5.834045	0.005208379
104.448	0.0090236436	-5.8338232	0.0069238531
104.576	0.0091587811	-5.8338726	0.0078874337
104.704	0.0089016416	-5.8334827	0.0076642265
104.832	0.0091269317	-5.8340269	0.0069733723
104.96	0.00908699	-5.8342668	0.0072617085
105.088	0.0089190973	-5.8339752	0.0075011651
105.216	0.009092143	-5.8342848	0.0060536458
105.344	0.0090468582	-5.8340387	0.0044773566
105.472	0.0090922625	-5.8338855	0.0045098433
105.6	0.0088257224	-5.8336131	0.0055976934
105.728	0.0090371027	-5.8337139	0.0052782505
105.856	0.0088360677	-5.8338152	0.0070225179
105.984	0.0088962716	-5.8339646	0.0070519394
106.112	0.0088114732	-5.8337243	0.0064993471
106.24	0.0090442957	-5.8341045	0.0066389522
106.368	0.0086871097	-5.8338139	0.0069578083
106.496	0.008974518	-5.8340494	0.0062729845
106.624	0.0088791158	-5.8338769	0.0062200105
106.752	0.0088554387	-5.8338664	0.0053236853
106.88	0.0088159025	-5.8338877	0.0068762444
107.008	0.0089012141	-5.8340892	0.0053725327
107.136	0.0088462483	-5.8341737	0.0051015788
107.264	0.0088589893	-5.834299	0.0044319675
107.392	0.0088452443	-5.8339575	0.0045369179
107.52	0.0088733145	-5.8339232	0.0082776975
107.648	0.0089625647	-5.8341873	0.0093459145
107.776	0.0089496651	-5.8340952	0.0065775066
107.904	0.0089453494	-5.8341031	0.0062709943
108.032	0.0088707941	-5.8341286	0.0060737499
108.16	0.0090242681	-5.8341564	0.0054091929
108.288	0.0090985375	-5.8341277	0.0048681742
108.416	0.0089310557	-5.8340251	0.0058839064
108.544	0.0089679717	-5.8338469	0.0068468556
108.672	0.0090112636	-5.8338483	0.0057685273
108.8	0.0088516574	-5.8335349	0.0064451294
108.928	0.0090970259	-5.8339085	0.0075314698
109.056	0.0091563465	-5.8339176	0.0067483234
109.184	0.008929782	-5.8335286	0.0071479127
109.312	0.0089726687	-5.8337035	0.0050918533
109.44	0.009210816	-5.834	0.0051689022
109.568	0.0090521567	-5.8337922	0.0066768273
109.696	0.0090508766	-5.8339672	0.0066286821
109.824	0.0092548079	-5.8339455	0.0080701094
109.952	0.0090864043	-5.8337476	0.0071313626
110.08	0.0090779247	-5.8336192	0.0067706154
110.208	0.0091565309	-5.8339682	0.0068548768
110.336	0.0090444675	-5.8336513	0.0079469468
110.464	0.0090653816	-5.8337623	0.0082754442
110.592	0.0089775214	-5.8337544	0.0086897869
110.72	0.009194045	-5.8337089	0.0076684335
110.848	0.0090823739	-5.8337545	0.0078607029
110.976	0.0091203658	-5.8338827	0.0060469007
111.104	0.009164742	-5.8341472	0.006544476
111.232	0.0089916641	-5.8341614	0.0087322888
111.36	0.0089012703	-5.8338918	0.0058432675
111.488	0.0090996703	-5.8340834	0.0058521018
111.616	0.0089100378	-5.8337737	0.0087998222
111.744	0.0089890016	-5.8340334	0.0073573744
111.872	0.0088269224	-5.83379	0.0066622314
112	0.009031533	-5.8337617	0.003179256
112.128	0.0088876822	-5.8336172	0.002973447
112.256	0.0089988223	-5.8338463	0.004066664
112.384	0.0089985961	-5.834103	0.0064085987
112.512	0.0089311232	-5.8338484	0.006755536
112.64	0.0088232407	-5.833733	0.0070788549
112.768	0.0090341561	-5.8340765	0.0060339134
112.896	0.0087644196	-5.8337049	0.0063951344
113.024	0.0088642117	-5.8340039	0.0074115325
113.152	0.0088607458	-5.8340556	0.0074776567
113.28	0.0088443166	-5.8340294	0.0062909902
113.408	0.0088966075	-5.8340965	0.0044475766
113.536	0.0089332751	-5.8339913	0.0049876601
113.664	0.0089051871	-5.8341385	0.0050709816
113.792	0.0088147847	-5.8337741	0.0043061997
113.92	0.0089022781	-5.8338435	0.0060497766
114.048	0.008886378	-5.83408	0.0049072924
114.176	0.0090239614	-5.8345034	0.0042862497
114.304	0.0090065	-5.834171	0.0062607795
114.432	0.0089183782	-5.8339455	0.0052283826
114.56	0.0089318189	-5.8340577	0.005175483
114.688	0.0089405991	-5.8339304	0.0074135731
114.816	0.0088547509	-5.8340146	0.0083302799
114.944	0.0090893102	-5.8340486	0.0079922278
115.072	0.0090876509	-5.8340193	0.0065593062
115.2	0.0090761268	-5.8341319	0.0077057643
115.328	0.0090678835	-5.8339144	0.0074289594
115.456	0.0090621075	-5.8338564	0.0074141333
115.584	0.0090977001	-5.8341209	0.0081659051
115.712	0.0090557647	-5.8339982	0.0058650433
115.84	0.009084745	-5.8338287	0.0067616978
115.968	0.0090722264	-5.8336451	0.0054817707
116.096	0.0091550199	-5.8338286	0.0065120794
116.224	0.0091571391	-5.83402	0.0074256653
116.352	0.0091203023	-5.8337266	0.0071595868
116.48	0.0091734956	-5.8337364	0.0071225557
116.608	0.0089250528	-5.8333979	0.0073087728
116.736	0.009126897	-5.8337325	0.0048532819
116.864	0.0090876664	-5.8338381	0.0051967191
116.992	0.0091095866	-5.8339827	0.0067088554
117.12	0.0091213329	-5.8340749	0.006219872
117.248	0.0090804432	-5.8338849	0.0070325446
117.376	0.0090448155	-5.8337175	0.0074473636
117.504	0.0089379145	-5.8337137	0.0059032997
117.632	0.0090080714	-5.8335844	0.0070479739
117.76	0.0090428708	-5.8337559	0.007813221
117.888	0.0090227195	-5.8338963	0.0047714216
118.016	0.008985397	-5.8337182	0.0055857305
118.144	0.0089003742	-5.8339958	0.0086914318
118.272	0.0090343779	-5.834243	0.0065631718
118.4	0.0089811397	-5.8342314	0.0058999049
118.528	0.008953982	-5.8342528	0.0079515948
118.656	0.0089818397	-5.8342395	0.0077269852
118.784	0.0088552955	-5.8341264	0.006225957
118.912	0.0088932098	-5.8341376	0.0048924224
119.04	0.0088716819	-5.8340627	0.0064592086
119.168	0.0087458339	-5.8338373	0.0069919533
119.296	0.0088269113	-5.8341999	0.005647515
119.424	0.0089826238	-5.8339823	0.0039380977
119.552	0.0088016955	-5.8340817	0.0031077862
119.68	0.0088642017	-5.8340755	0.0034986647
119.808	0.008941997	-5.8341077	0.0055926249
119.936	0.0089368839	-5.8340949	0.0074347947
120.064	0.0087881633	-5.8339312	0.0063709049
120.192	0.0089423606	-5.8340658	0.0051102324
120.32	0.0088009877	-5.8338885	0.0072033898
120.448	0.009030472	-5.8342311	0.004998446
120.576	0.0088587184	-5.8336699	0.0056349848
120.704	0.0089936447	-5.8338317	0.0080545827
120.832	0.009004398	-5.8341188	0.0073945726
120.96	0.0089349348	-5.8337075	0.0063921797
121.088	0.0090166529	-5.833953	0.0058903694
121.216	0.0089548343	-5.8340126	0.0072191655
121.344	0.0092511317	-5.8343933	0.0066404296
121.472	0.0089506112	-5.8341163	0.0081173893
121.6	0.0090827963	-5.8340408	0.0056197011
121.728	0.0089950677	-5.8339287	0.0053676808
121.856	0.009146214	-5.8338652	0.0070873176
121.984	0.0091398323	-5.8337884	0.0090181863
122.112	0.0090829135	-5.8337108	0.0075703656
122.24	0.0089767892	-5.8337019	0.0069759474
122.368	0.0091255561	-5.8336157	0.0055861405
122.496	0.0090157213	-5.8335359	0.0073270675
122.624	0.0091724552	-5.8336454	0.0073795828
122.752	0.0092168347	-5.8337969	0.0052500511
122.88	0.0090747025	-5.833647	0.0064876932
123.008	0.0091291693	-5.8332733	0.0068744117
123.136	0.0090660166	-5.8335258	0.0067991547
123.264	0.0090300041	-5.8337152	0.0066687838
123.392	0.0090005624	-5.8337504	0.0066714162
123.52	0.0091147918	-5.8337502	0.0062176071
123.648	0.0090767509	-5.8338069	0.0065742864
123.776	0.0090750175	-5.8338185	0.006231829
123.904	0.0089318175	-5.8337836	0.0062591321
124.032	0.009036225	-5.8340016	0.0067084884
124.16	0.0089334532	-5.8338845	0.006528173
124.288	0.0090323886	-5.8340062	0.0052926922
124.416	0.0090402362	-5.8341959	0.0051083302
124.544	0.0089382141	-5.8340713	0.0059431363
124.672	0.0090358531	-5.8339806	0.0056632226
124.8	0.0089451272	-5.8343279	0.0069408122
124.928	0.0089535256	-5.8342514	0.0064879336
125.056	0.0089031616	-5.8340404	0.0075483703
125.184	0.008989022	-5.8341858	0.0084340757
125.312	0.0087667095	-5.8338052	0.006342085
125.44	0.0088844489	-5.8342662	0.0032890557
125.568	0.0088496578	-5.8342553	0.006011352
125.696	0.0087880517	-5.8338786	0.0087806432
125.824	0.0090087521	-5.834324	0.0072090226
125.952	0.0087571202	-5.8337655	0.0067232244
126.08	0.0089648969	-5.834004	0.0066552375
126.208	0.0088708061	-5.8340675	0.0054207837
126.336	0.0087732109	-5.8337985	0.0068178101
126.464	0.0089723391	-5.8339318	0.0069541757
126.592	0.0089814529	-5.8342401	0.0060167236
126.72	0.0087672877	-5.8341744	0.006997091
126.848	0.0088799973	-5.8341372	0.0049604432
126.976	0.0090410822	-5.8343073	0.003525926
127.104	0.0090250265	-5.833979	0.0049978519
127.232	0.0089375034	-5.8337063	0.005594081
127.36	0.0090726849	-5.8337815	0.006258021
127.488	0.0089570522	-5.8338478	0.0081155277
127.616	0.0089498606	-5.8338439	0.0074001567
127.744	0.0090988071	-5.8338363	0.0063291363
127.872	0.0090054523	-5.8338315	0.0075581841
128	0.0091855476	-5.8339577	0.0062065712
128.128	0.0091300442	-5.8338328	0.006110829
128.256	0.0090882442	-5.8336513	0.0068159845
128.384	0.0090618927	-5.8334301	0.0068566128
128.512	0.0090185647	-5.8332282	0.0064438324
128.64	0.0091124868	-5.8334921	0.0071084608
128.768	0.0090334025	-5.8335503	0.0063486809
128.896	0.0092205553	-5.8336826	0.0072915504
129.024	0.0092079943	-5.8338628	0.0072419383
129.152	0.0090624026	-5.8337423	0.0057639114
129.28	0.0090016928	-5.8340814	0.0061653865
129.408	0.0092079938	-5.8339275	0.0059225307
129.536	0.009178835	-5.8339527	0.0067247458
129.664	0.0090985572	-5.8340117	0.0070708186
129.792	0.0090960953	-5.8338356	0.0085960197
129.92	0.0090800085	-5.8338633	0.007035293
130.048	0.0089352492	-5.8337091	0.0069196653
130.176	0.0090051766	-5.833671	0.0057114366
130.304	0.0090432649	-5.8338101	0.0058633381
130.432	0.0090208773	-5.8340206	0.0067929598
130.56	0.0089749495	-5.83426	0.0061804378
130.688	0.0089141157	-5.8342468	0.0083670409
130.816	0.0089518321	-5.8338978	0.0064881919
130.944	0.0088343755	-5.8340061	0.006203322
131.072	0.0090049634	-5.8343757	0.0071781486
131.2	0.0090078533	-5.8342371	0.0066680099
131.328	0.008828444	-5.8340956	0.0063119929
131.456	0.0089852492	-5.8343137	0.0046480557
131.584	0.0089358968	-5.8340856	0.006018858
131.712	0.0088238439	-5.8338858	0.0044871974
131.84	0.008698356	-5.8339988	0.0046598493
131.968	0.0089328359	-5.8340695	0.0054273676
132.096	0.0089776677	-5.8341151	0.0056378437
132.224	0.0089441721	-5.8342053	0.0057068805
132.352	0.0087849294	-5.8340367	0.006160268
132.48	0.0086807858	-5.8338712	0.0058171703
132.608	0.0088760092	-5.8341521	0.0070864415
132.736	0.0089650238	-5.8339835	0.0070658781
132.864	0.008921227	-5.8338285	0.0060371282
132.992	0.0089448161	-5.8339947	0.0049717353
133.12	0.0089363455	-5.8339539	0.0065166984
133.248	0.0088465349	-5.8338302	0.0083470516
133.376	0.0090088458	-5.8339278	0.0064151404
133.504	0.0089935167	-5.8340334	0.0043065582
133.632	0.0089485796	-5.8337186	0.0066816019
133.76	0.0090352753	-5.8336837	0.0067779898
133.888	0.0090960892	-5.8340651	0.0094764936
134.016	0.0089888603	-5.8335357	0.0092972141
134.144	0.0089392481	-5.8336049	0.0080106935
134.272	0.0090634574	-5.8342118	0.0066119586
134.4	0.0091565174	-5.833758	0.0070567864
134.528	0.0090721543	-5.8337583	0.00585166
134.656	0.0091648859	-5.8341371	0.0050343159
134.784	0.0091269682	-5.8337892	0.0054375314
134.912	0.0091272083	-5.834075	0.0059687745
135.04	0.0091281879	-5.8338902	0.0077335315
135.168	0.0092033136	-5.833728	0.0059593513
135.296	0.0090720059	-5.8338533	0.006669628
135.424	0.0091503344	-5.8339441	0.0064595182
135.552	0.0091475393	-5.8339451	0.0069708432
135.68	0.0090316237	-5.833945	0.0078503951
135.808	0.0091304664	-5.8336178	0.0052926825
135.936	0.0091261151	-5.8340318	0.0059207117
136.064	0.0089862658	-5.8340384	0.0087326709
136.192	0.0092085965	-5.8340348	0.0053236463
136.32	0.0090844731	-5.8338802	0.0060552596
136.448	0.0091655484	-5.8340216	0.0066734114
136.576	0.0089664357	-5.833911	0.0058342236
136.704	0.0090655347	-5.8339516	0.0085350889
136.832	0.0090882446	-5.8339259	0.0072187229
136.96	0.0090271709	-5.8340951	0.0071588383
137.088	0.0089123102	-5.8339915	0.009133541
137.216	0.0088837489	-5.8337351	0.0055209802
137.344	0.0090433655	-5.8339529	0.0053406571
137.472	0.0089738141	-5.8339282	0.0062131864
137.6	0.0088531628	-5.8340167	0.0044482582
137.728	0.0089249568	-5.8343123	0.0060881932
137.856	0.0089050944	-5.8342353	0.0072141132
137.984	0.0088400546	-5.8344359	0.0048837883
138.112	0.0088933498	-5.8343501	0.0048605261
138.24	0.0088454384	-5.8340152	0.0052904825
138.368	0.0087751408	-5.8339362	0.0079723409
138.496	0.0087988949	-5.8339537	0.0069780915
138.624	0.0089133253	-5.8340385	0.004763898
138.752	0.0088637489	-5.8339893	0.0061154838
138.88	0.0088248924	-5.8338343	0.0049111573
139.008	0.0090114555	-5.834025	0.0052413449
139.136	0.0088919985	-5.8339646	0.0054520903
139.264	0.0088302652	-5.8338521	0.0047363946
139.392	0.0089350451	-5.8340772	0.0071553736
139.52	0.0089791126	-5.8339771	0.0077313378
139.648	0.0090146822	-5.8339887	0.0071861201
139.776	0.0089436138	-5.8338659	0.006719824
139.904	0.0091076968	-5.8340609	0.0042858485
140.032	0.008967489	-5.8336642	0.0050314528
140.16	0.0090026334	-5.8338471	0.0081360465
140.288	0.0089429913	-5.8340929	0.0072948077
140.416	0.0091248894	-5.8339889	0.0027897237
140.544	0.0090970721	-5.8338642	0.0040719983
140.672	0.0091864338	-5.8339155	0.0051326356
140.8	0.0089059323	-5.8337639	0.007654738
140.928	0.0091898208	-5.8340053	0.0068448111
141.056	0.0091883634	-5.8338631	0.0059408196
141.184	0.0091727427	-5.8339775	0.0067824452
141.312	0.0090463087	-5.8337535	0.0062132811
141.44	0.0091024467	-5.8336608	0.0068576708
141.568	0.0091687843	-5.8338952	0.0073719334
141.696	0.0092027822	-5.8338783	0.0071398427
141.824	0.0089433512	-5.8335301	0.0082560412
141.952	0.0091616	-5.8338242	0.0061028488
142.08	0.0091231892	-5.8336472	0.0063736096
142.208	0.0091760739	-5.833928	0.0074196692
142.336	0.0091049009	-5.8340231	0.0076834458
142.464	0.0090979461	-5.8339522	0.0074021944
142.592	0.0088883118	-5.8340312	0.0089721299
142.72	0.0091630526	-5.8339131	0.006981063
142.848	0.0089764639	-5.8339931	0.0080230437
142.976	0.00898997	-5.8338121	0.0072017525
143.104	0.0089123836	-5.8338926	0.0079602336
143.232	0.008964623	-5.8339108	0.0084495987
143.36	0.0089471575	-5.8336782	0.0066883805
143.488	0.0089380836	-5.8338021	0.006246275
143.616	0.008950611	-5.833886	0.0067910988
143.744	0.0088696135	-5.8340099	0.0060211123
143.872	0.0090800824	-5.8343428	0.0069324376
144	0.0088444782	-5.8341218	0.003938794
144.128	0.0087615713	-5.8338274	0.0056551342
144.256	0.0089734999	-5.8341531	0.0065414873
144.384	0.0089206697	-5.8341404	0.0053987848
144.512	0.0088343416	-5.8338623	0.0064673858
144.64	0.0087942895	-5.8338546	0.0073115411
144.768	0.0088499322	-5.833942	0.0074571262
144.896	0.0088046628	-5.8339564	0.0058342628
145.024	0.0087713014	-5.8340245	0.0042714458
145.152	0.0090047361	-5.83415	0.0060026729
145.28	0.0088674564	-5.8339172	0.0060256366
145.408	0.0089867685	-5.8341366	0.00500554
145.536	0.0088580326	-5.8338505	0.0063708515
145.664	0.009015149	-5.8340528	0.005215407
145.792	0.0088840657	-5.83413	0.0074975213
145.92	0.0088668208	-5.8340112	0.0076436643
146.048	0.0088734401	-5.8341045	0.0074169673
146.176	0.0090749939	-5.8341343	0.0064941207
146.304	0.0091134528	-5.8340289	0.004891673
146.432	0.0089859024	-5.833592	0.0050224061
146.56	0.0089385924	-5.8336919	0.0052366035
146.688	0.0090339864	-5.83385	0.0061059458
146.816	0.0090045326	-5.8337862	0.0059360446
146.944	0.0091371413	-5.8339321	0.0057693646
147.072	0.009136002	-5.833915	0.0072589886
147.2	0.0091327922	-5.8340483	0.0069708618
147.328	0.0090356408	-5.8338029	0.0061568896
147.456	0.0091417105	-5.8338473	0.0039869687
147.584	0.0090184943	-5.8338755	0.005297429
147.712	0.0092197766	-5.8339058	0.0067951721
147.84	0.0090336141	-5.8335277	0.0080156896
147.968	0.009092398	-5.8338498	0.0068028795
148.096	0.0091037597	-5.8337654	0.0069635361
148.224	0.0090560589	-5.833755	0.0080064111
148.352	0.0091100008	-5.8339649	0.0073791482
148.48	0.0092274489	-5.8339958	0.0082375953
148.608	0.0089599647	-5.8337963	0.0067884774
148.736	0.0091603172	-5.8340012	0.0040198222
148.864	0.0089901304	-5.8335737	0.0059627276
148.992	0.0090828439	-5.8337758	0.0081835455
149.12	0.0092354501	-5.8340211	0.0053853394
149.248	0.0089283849	-5.8338031	0.0059084461
149.376	0.008919214	-5.834027	0.0057773911
149.504	0.009065608	-5.8341724	0.0074256082
149.632	0.0090081968	-5.8341903	0.0069949407
149.76	0.008854498	-5.8340604	0.0048422441
149.888	0.0089513586	-5.8340844	0.0066863046
150.016	0.0088757245	-5.8341067	0.0078437172
150.144	0.0088795397	-5.8343023	0.006360768
150.272	0.0089269148	-5.8341365	0.0065369706
150.4	0.0089786347	-5.8339162	0.0075088603
150.528	0.0088102246	-5.833773	0.0082166452
150.656	0.0090587052	-5.8342337	0.0073862875
150.784	0.0089065177	-5.8340688	0.0057941246
150.912	0.0087051252	-5.8338559	0.0064486127
151.04	0.0089998504	-5.8341697	0.0060439964
151.168	0.0088023072	-5.8340508	0.0069800461
151.296	0.0088908067	-5.8339857	0.0060186613
151.424	0.0088728671	-5.8338702	0.0064940401
151.552	0.0087898443	-5.8340352	0.0044670879
151.68	0.0089741263	-5.8340019	0.0040121291
151.808	0.0089028669	-5.8339009	0.0067462334
151.936	0.0088408987	-5.8337691	0.0064849513
152.064	0.0090268312	-5.8339466	0.005695524
152.192	0.0089235226	-5.8337592	0.0045702394
152.32	0.0089307034	-5.833913	0.0044072977
152.448	0.0088819758	-5.8341637	0.0062391106
152.576	0.0089909515	-5.8338861	0.0052830636
152.704	0.0091633136	-5.8338	0.0052966866
152.832	0.0089243317	-5.8337106	0.0073621676
152.96	0.0090863969	-5.8339724	0.0069252282
153.088	0.0091691046	-5.8340736	0.0079903164
153.216	0.009039767	-5.834166	0.008318484
153.344	0.0089870321	-5.8338568	0.0082901524
153.472	0.0090327028	-5.8338134	0.0072004973
153.6	0.0091778869	-5.8339788	0.005951651
153.728	0.0091339708	-5.833862	0.0060947473
153.856	0.0090574821	-5.833843	0.0060717926
153.984	0.0093176536	-5.8340986	0.0050858786
154.112	0.0090088544	-5.8338995	0.0067265161
154.24	0.0090230639	-5.8336216	0.0070447413
154.368	0.0091410943	-5.833772	0.0071057148
154.496	0.0091196227	-5.8336155	0.00618118
154.624	0.0091067255	-5.8337685	0.0072265386
154.752	0.0091488196	-5.8339616	0.0064749714
154.88	0.0091075584	-5.8339534	0.0059293009
155.008	0.0089803482	-5.8338615	0.0074061662
155.136	0.0091152876	-5.8337365	0.0081007251
155.264	0.0090650797	-5.8337377	0.0061970871
155.392	0.0090678178	-5.8337985	0.0061409533
155.52	0.0090849193	-5.8337778	0.007503097
155.648	0.0089494052	-5.8337778	0.0079646856
155.776	0.0090008794	-5.8339362	0.0064273409
155.904	0.0089722648	-5.8338939	0.005796853
156.032	0.0089956877	-5.8340805	0.0069736267
156.16	0.0088940453	-5.8338894	0.007980976
156.288	0.0087946595	-5.8337984	0.0078683151
156.416	0.008990591	-5.8340029	0.005858752
156.544	0.0090882596	-5.8340249	0.004900589
156.672	0.0088641197	-5.8342738	0.0066706398
156.8	0.0088353648	-5.8341044	0.0056631267
156.928	0.0087666246	-5.8341698	0.006802416
157.056	0.0090444135	-5.8342698	0.0043055228
157.184	0.0088064146	-5.8341871	0.0054457357
157.312	0.008843522	-5.8342406	0.0066775599
157.44	0.0089476208	-5.8342786	0.0066421284
157.568	0.0088970382	-5.8342943	0.0039656355
157.696	0.0089218199	-5.8340226	0.002364857
157.824	0.0088808529	-5.8339645	0.0037946406
157.952	0.0088433387	-5.8337893	0.0039367571
158.08	0.0088366273	-5.8341571	0.0053805702
158.208	0.0089964433	-5.8342374	0.0062886276
158.336	0.0089139941	-5.833733	0.0067032465
158.464	0.0089814434	-5.8339	0.0063749168
158.592	0.0088722132	-5.8337381	0.0072235449
158.72	0.0091020382	-5.834369	0.0069176065
158.848	0.0090203678	-5.834105	0.0062046475
158.976	0.0089640011	-5.8338397	0.0081463825
159.104	0.0090058488	-5.8339802	0.0082859376
159.232	0.0090660135	-5.8339351	0.0085239903
159.36	0.0089731502	-5.8338499	0.0085169293
159.488	0.0090563556	-5.8339197	0.0062130253
159.616	0.0090931193	-5.8337586	0.0068167558
159.744	0.0092508221	-5.8341848	0.0052955496
159.872	0.0090703795	-5.8338307	0.0047832579
160	0.0090690046	-5.8337145	0.0061954228
160.128	0.009194606	-5.8339109	0.0079021705
160.256	0.009166219	-5.8338929	0.006167192
160.384	0.0090940411	-5.8337287	0.0069223853
160.512	0.0090457517	-5.8338162	0.0077614786
160.64	0.0092102104	-5.8341056	0.0057813481
160.768	0.0091492528	-5.8339104	0.0066647762
160.896	0.0089713653	-5.8337542	0.0087038694
161.024	0.0092013456	-5.8338793	0.006401842
161.152	0.0091250051	-5.8337979	0.0052642709
161.28	0.0089689083	-5.8335953	0.0072777138
161.408	0.0091401728	-5.8337939	0.0069038073
161.536	0.0091684336	-5.8340445	0.0039959991
161.664	0.0091504493	-5.8340079	0.0066683208
161.792	0.0089359466	-5.8341365	0.0070634828
161.92	0.0089193706	-5.8341139	0.0054836261
162.048	0.0090156518	-5.8338457	0.0073015833
162.176	0.0088097593	-5.8338199	0.0063516077
162.304	0.0091098259	-5.8342083	0.0064054384
162.432	0.008768229	-5.8339738	0.0075793237
162.56	0.0090306231	-5.8340882	0.0065165822
162.688	0.0090274556	-5.8341027	0.0074705747
162.816	0.0088737745	-5.8341596	0.0065679361
162.944	0.0089950144	-5.8339195	0.0055894778
163.072	0.0088019813	-5.8338799	0.0046305826
163.2	0.0089489731	-5.8343441	0.0046733237
163.328	0.0087653594	-5.8339681	0.0052220702
163.456	0.0088258372	-5.8338958	0.0067385688
163.584	0.0089153686	-5.8341174	0.005230366
163.712	0.0089677838	-5.8340975	0.0048354541
163.84	0.0088178631	-5.8339047	0.0058780932
163.968	0.0087326407	-5.8338613	0.0036509944
164.096	0.0088848344	-5.8341104	0.0061278938
164.224	0.0090820882	-5.8344283	0.0049328448
164.352	0.0087868567	-5.8338754	0.0060275842
164.48	0.0088488467	-5.834097	0.007364927
164.608	0.0090447056	-5.8342159	0.0058624765
164.736	0.0089625667	-5.8338753	0.0051650803
164.864	0.0089409694	-5.8337577	0.0054031704
164.992	0.0090597924	-5.8338625	0.0077980127
165.12	0.0089585019	-5.833937	0.0059754676
165.248	0.0088596657	-5.8337333	0.0073191988
165.376	0.0092290709	-5.8342292	0.0079148155
165.504	0.0090140037	-5.8339323	0.0072791532
165.632	0.0090300128	-5.8339466	0.0074075037
165.76	0.0090448155	-5.8337069	0.0069066924
165.888	0.0089645424	-5.8337613	0.0079180129
166.016	0.0089658869	-5.8337627	0.0059760448
166.144	0.0092049181	-5.8339456	0.0066295611
166.272	0.0091392427	-5.8335588	0.0074248806
166.4	0.0092546445	-5.8337159	0.0064002128
166.528	0.0089881584	-5.8334921	0.007766398
166.656	0.0091919586	-5.8337174	0.006353509
166.784	0.0093040004	-5.8340331	0.007605402
166.912	0.0090349569	-5.8336093	0.007192182
167.04	0.0089455542	-5.8336658	0.0055867409
167.168	0.0092532109	-5.8337013	0.0053834853
167.296	0.009054713	-5.8336364	0.0063785768
167.424	0.0091373153	-5.8337726	0.0070993594
167.552	0.0090563242	-5.8338228	0.0073806579
167.68	0.0090272961	-5.8335478	0.0068547025
167.808	0.00912289	-5.8337663	0.0056312661
167.936	0.0090661902	-5.8337434	0.0063695201
168.064	0.0089638901	-5.8340408	0.0069659741
168.192	0.009081863	-5.8340288	0.0057341731
168.32	0.0089569719	-5.8337099	0.0067906956
168.448	0.0090441136	-5.8340065	0.0063736926
168.576	0.0089607521	-5.8339738	0.0052536033
168.704	0.0089243232	-5.8341051	0.0063087116
168.832	0.0090125101	-5.8341504	0.0060539408
168.96	0.0088815252	-5.8337709	0.0077713975
169.088	0.0088883127	-5.8341161	0.006686031
169.216	0.0088378792	-5.8342835	0.0044558499
169.344	0.008879094	-5.8343244	0.0060824326
169.472	0.0087733539	-5.8340718	0.0073233087
169.6	0.0088825106	-5.8341262	0.0056020632
169.728	0.0088270377	-5.8340859	0.0059370678
169.856	0.0089668411	-5.8341385	0.0050596735
169.984	0.0088817253	-5.8339394	0.0056162902
170.112	0.0088381841	-5.8339071	0.0036475163
170.24	0.0089556078	-5.8341146	0.0047429866
170.368	0.008796628	-5.8339416	0.005800139
170.496	0.0090348321	-5.8343104	0.0046797587
170.624	0.0088226606	-5.8342456	0.0069327146
170.752	0.0089098818	-5.8340895	0.0063279013
170.88	0.0088288993	-5.8339019	0.0070996147
171.008	0.008891593	-5.8339108	0.0070872775
171.136	0.0090342104	-5.8339604	0.0065822243
171.264	0.0089969495	-5.8338546	0.0063804156
171.392	0.008961083	-5.8338802	0.0078747852
171.52	0.0091453245	-5.8338878	0.0067419805
171.648	0.0089852901	-5.8332892	0.0052270899
171.776	0.0089320416	-5.8336533	0.0066026742
171.904	0.0090946787	-5.834009	0.0069462685
172.032	0.0090686352	-5.8339964	0.0068020698
172.16	0.0091479486	-5.8340545	0.0068345732
172.288	0.0089690189	-5.8337606	0.0061184089
172.416	0.0090722184	-5.8337876	0.0069794585
172.544	0.0090061391	-5.8337107	0.0080230793
172.672	0.0091771482	-5.8336224	0.0074221784
172.8	0.0090486552	-5.8336805	0.00539817
172.928	0.0092777097	-5.8338576	0.0061814904
173.056	0.0088954063	-5.8333779	0.0066707521
173.184	0.0091629987	-5.8338791	0.0055138188
173.312	0.0091285404	-5.8338179	0.0073554074
173.44	0.0090753943	-5.8337424	0.0073287096
173.568	0.009189897	-5.8336651	0.0082231824
173.696	0.0091275897	-5.8336847	0.0079890371
173.824	0.0090929371	-5.8339726	0.0067137685
173.952	0.0090528044	-5.8336686	0.0067910008
174.08	0.0089719278	-5.8335972	0.0077221263
174.208	0.0091008627	-5.833937	0.0050114133
174.336	0.009079459	-5.8340635	0.006232445
174.464	0.0089825519	-5.8341301	0.0077859333
174.592	0.0090122528	-5.833965	0.0054914395
174.72	0.0089824799	-5.8340418	0.0061349062
174.848	0.0090072281	-5.8341217	0.007765461
174.976	0.0089154292	-5.8341318	0.0060385279
175.104	0.0089111659	-5.8340919	0.0061605023
175.232	0.0089719461	-5.8341521	0.0052756518
175.36	0.0090328015	-5.8340611	0.005084415
175.488	0.0088772217	-5.834023	0.0063806253
175.616	0.0088942363	-5.8340158	0.0052577273
175.744	0.0088479315	-5.8340301	0.0048557929
175.872	0.0087838928	-5.833882	0.0058920657
176	0.0088774191	-5.833923	0.0050168378
176.128	0.0089618082	-5.8341513	0.0037405777
176.256	0.0087160075	-5.8338683	0.0061076437
176.384	0.0089592505	-5.8342162	0.0062257455
176.512	0.0088038784	-5.8340843	0.0068550893
176.64	0.008925702	-5.8341499	0.0054124357
176.768	0.0089207553	-5.8339871	0.0056727838
176.896	0.0088874231	-5.8339968	0.0066086336
177.024	0.0089837241	-5.8339985	0.005984558
177.152	0.0089353217	-5.8339518	0.0060778503
177.28	0.0087979458	-5.8338194	0.0057064362
177.408	0.0090199882	-5.8340434	0.0042367711
177.536	0.008913142	-5.8340352	0.0054623741
177.664	0.0090181379	-5.8342878	0.0069887932
177.792	0.009037633	-5.8341624	0.0066651598
177.92	0.0090786982	-5.8341064	0.0074111954
178.048	0.0090026151	-5.833883	0.0084558319
178.176	0.0091051628	-5.8340035	0.0058330872
178.304	0.0090147539	-5.8338822	0.0062270335
178.432	0.0090499783	-5.8339373	0.0067136987
178.56	0.0089967714	-5.8338633	0.0075026447
178.688	0.009197962	-5.8339245	0.0073327395
178.816	0.009138769	-5.8337543	0.0072074775
178.944	0.0090996712	-5.8336086	0.0080083066
179.072	0.0092104788	-5.8337368	0.0067366589
179.2	0.009053655	-5.8335793	0.0075522383
179.328	0.0091990777	-5.8338576	0.0056249994
179.456	0.0091341404	-5.8338378	0.0076333126
179.584	0.0090728551	-5.8336524	0.010259931
179.712	0.0092321808	-5.8337175	0.0056975708
179.84	0.0090258856	-5.8337398	0.0062766527
179.968	0.0090742752	-5.8337583	0.0079394236
180.096	0.0092369613	-5.8340654	0.0062382331
180.224	0.009051769	-5.8339572	0.0072977585
180.352	0.008991525	-5.833848	0.0067714582
180.48	0.0090408222	-5.8341557	0.005879372
180.608	0.0091507394	-5.8343009	0.0060864662
180.736	0.0089612294	-5.8342376	0.0061558271
180.864	0.0089742922	-5.8340233	0.0044783949
180.992	0.0089557169	-5.8339578	0.004037094
181.12	0.008950639	-5.8338625	0.0061012326
181.248	0.0089723451	-5.833947	0.0067423707
181.376	0.0089943771	-5.8339534	0.0053264941
181.504	0.0089042861	-5.8340145	0.0064206332
181.632	0.008866796	-5.8339487	0.005280968
181.76	0.0089188436	-5.8338941	0.0041268583
181.888	0.0089508612	-5.834063	0.0062983202
182.016	0.0087955616	-5.8337299	0.0075192985
182.144	0.0087991904	-5.8338109	0.006758284
182.272	0.0087896712	-5.8338178	0.0045764622
182.4	0.0089671649	-5.8340898	0.0048432839
182.528	0.0088976417	-5.834018	0.0052160078
182.656	0.008856088	-5.8339199	0.005544884
182.784	0.0088148017	-5.8339771	0.0058151796
182.912	0.0088463622	-5.83433	0.0068850767
183.04	0.0088712306	-5.8341877	0.006992867
183.168	0.008926622	-5.8339327	0.0044003897
183.296	0.0090491678	-5.8340955	0.005726148
183.424	0.0089411592	-5.8340776	0.0053786802
183.552	0.0088248768	-5.8336828	0.0061495067
183.68	0.0090746749	-5.8338184	0.0077217647
183.808	0.0089017501	-5.8337312	0.0087130671
183.936	0.008910225	-5.8338143	0.0057451729
184.064	0.0090465666	-5.8337366	0.0059243849
184.192	0.0089928151	-5.8337352	0.0072737552
184.32	0.0090755172	-5.8338464	0.0073297446
184.448	0.0090751295	-5.8338719	0.0076512301
184.576	0.0089434388	-5.8339269	0.0065228169
184.704	0.0091167341	-5.8340827	0.0039528912
184.832	0.0090213645	-5.8338151	0.0053440407
184.96	0.0091649607	-5.8338778	0.0067314649
185.088	0.0091477625	-5.833765	0.0058675652
185.216	0.0090963269	-5.8337885	0.0080414139
185.344	0.0091650078	-5.8340376	0.0080093886
185.472	0.0089868168	-5.8338407	0.0091963916
185.6	0.0091673207	-5.8338057	0.0088218624
185.728	0.0093288336	-5.8340447	0.0076184966
185.856	0.0088237237	-5.8338007	0.007215393
185.984	0.0093394071	-5.8342562	0.0063361099
186.112	0.009126458	-5.8337111	0.0082734763
186.24	0.0090356885	-5.8338586	0.0065072994
186.368	0.0090440056	-5.8338653	0.0041678392
186.496	0.0090372191	-5.8339987	0.0053357508
186.624	0.009137026	-5.8340213	0.0064835453
186.752	0.0090692355	-5.8339412	0.0064342964
186.88	0.0090332126	-5.8338011	0.0073488509
187.008	0.0089605408	-5.8336944	0.0076382836
187.136	0.0089860529	-5.8337598	0.008963039
187.264	0.0089804737	-5.8339751	0.0068538453
187.392	0.0088981091	-5.833806	0.0073581624
187.52	0.0089955365	-5.8341865	0.0061855882
187.648	0.0090553081	-5.8341247	0.0037526497
187.776	0.0090047623	-5.8341574	0.0044949784
187.904	0.0089744003	-5.8341157	0.0064357038
188.032	0.0088295288	-5.8339021	0.0049616507
188.16	0.0088181563	-5.8337894	0.0041790744
188.288	0.0088490763	-5.8339652	0.0055133675
188.416	0.0090249674	-5.8340968	0.0056965935
188.544	0.0086741523	-5.8339187	0.0056864181
188.672	0.0088893993	-5.8342059	0.0040007332
188.8	0.0088541217	-5.8342612	0.0060143745
188.928	0.0089231326	-5.8342406	0.0065807031
189.056	0.0088684071	-5.8341131	0.0068445201
189.184	0.008948471	-5.8340612	0.0058351392
189.312	0.0088451638	-5.8340733	0.005866293
189.44	0.008955775	-5.8341879	0.0054381985
189.568	0.008861479	-5.8338119	0.0060951617
189.696	0.0089007845	-5.8336585	0.0074204703
189.824	0.0088906789	-5.8339467	0.0078520058
189.952	0.0090315444	-5.8338899	0.0074761728
190.08	0.0090351483	-5.8338433	0.0063156076
190.208	0.008919977	-5.8338692	0.0066878718
190.336	0.0090417157	-5.8339438	0.0067560159
190.464	0.0089369206	-5.8339448	0.0079699137
190.592	0.0091142454	-5.8338882	0.0060410622
190.72	0.0090264847	-5.834067	0.0071231629
190.848	0.0091032061	-5.8340949	0.0071456549
190.976	0.0091131558	-5.8341202	0.0043605241
191.104	0.0089559916	-5.8338332	0.0079640475
191.232	0.0091340926	-5.8336865	0.0076689886
191.36	0.0090725885	-5.8336344	0.0073932051
191.488	0.0091297255	-5.8337749	0.0073584587
191.616	0.0090668734	-5.8336186	0.0073238833
191.744	0.0092403513	-5.8337296	0.0061752629
191.872	0.0090407196	-5.8334922	0.0057597608
192	0.0092278706	-5.8338399	0.0061429078
192.128	0.0091389088	-5.833613	0.0076437822
192.256	0.0090748402	-5.8338194	0.0075109651
192.384	0.0090764154	-5.8338073	0.0076249533
192.512	0.0090963342	-5.8337883	0.0063904802
192.64	0.0093035804	-5.8339694	0.0052755312
192.768	0.0090331118	-5.8337848	0.0061116338
192.896	0.0090954006	-5.8338318	0.0058223087
193.024	0.0089876613	-5.833734	0.0058172224
193.152	0.0090585237	-5.8336062	0.0060771541
193.28	0.0089472415	-5.8339126	0.006727995
193.408	0.0091366417	-5.8341758	0.0059313658
193.536	0.0090960514	-5.8340721	0.0076502554
193.664	0.0088944409	-5.8338275	0.0068552002
193.792	0.0091161118	-5.8340601	0.0056744079
193.92	0.0087691264	-5.8338413	0.0056903104
194.048	0.0089313651	-5.8341831	0.005289329
194.176	0.0089152298	-5.8341676	0.0050392488
194.304	0.0088439072	-5.8341037	0.0063588663
194.432	0.008797521	-5.8339525	0.0085713939
194.56	0.0088155299	-5.8337864	0.0062316418
194.688	0.0088568948	-5.8337661	0.008085437
194.816	0.0088901533	-5.8340556	0.007620287
194.944	0.008768026	-5.8340518	0.0075127362
195.072	0.0087782035	-5.8340356	0.0068382648
195.2	0.0088937866	-5.8342677	0.0060294724
195.328	0.0089140918	-5.8342334	0.0060629981
195.456	0.0088302312	-5.8342181	0.0050772467
195.584	0.0089137187	-5.834119	0.0061390708
195.712	0.0088068079	-5.8339564	0.0063232105
195.84	0.0089568119	-5.8341762	0.0053696608
195.968	0.0089585937	-5.8340406	0.0048651434
196.096	0.0087585495	-5.8338589	0.00483399
196.224	0.0090537509	-5.8342042	0.0034017156
196.352	0.0090212631	-5.8340776	0.0057637231
196.48	0.0088544873	-5.8337285	0.0053562067
196.608	0.0089759713	-5.8340052	0.0063890267
196.736	0.0089408618	-5.8340161	0.0082180497
196.864	0.0092161218	-5.8339136	0.0059211826
196.992	0.0090424533	-5.8338551	0.0067208222
197.12	0.0090167661	-5.8338418	0.0071860426
197.248	0.0091253261	-5.8340927	0.0082649281
197.376	0.0092426755	-5.8338719	0.0067122508
197.504	0.0090364023	-5.8338213	0.0060311954
197.632	0.0091397357	-5.8338658	0.0053926972
197.76	0.0090890661	-5.8336965	0.0061723164
197.888	0.0091356576	-5.8337069	0.0066452578
198.016	0.0091593128	-5.8337409	0.0079930309
198.144	0.0092118635	-5.8338517	0.0067356694
198.272	0.0091170203	-5.8336899	0.0056808764
198.4	0.0090780911	-5.8338574	0.0046949226
198.528	0.0092105626	-5.8340698	0.0056523541
198.656	0.0091683629	-5.8338389	0.0075980582
198.784	0.0090928472	-5.8337672	0.0081701526
198.912	0.0091512995	-5.8338805	0.0074860418
199.04	0.0090703039	-5.8338901	0.0069448977
199.168	0.0090805551	-5.8338162	0.0079741121
199.296	0.0089185689	-5.833766	0.007931352
199.424	0.0092034813	-5.8341673	0.0047751901
199.552	0.0090743305	-5.8339775	0.0053419096
199.68	0.0090726683	-5.833805	0.0084421298
199.808	0.0089290875	-5.8337286	0.0062213752
199.936	0.0088620178	-5.8337533	0.0048833989
200.064	0.00900882	-5.8338633	0.0063698248
200.192	0.008997759	-5.8341246	0.005719081
200.32	0.0087757739	-5.8342442	0.0064730909
200.448	0.0090721082	-5.8344416	0.0048820962
200.576	0.0089255246	-5.8342284	0.0067813842
200.704	0.008879014	-5.8340147	0.0057972001
200.832	0.0088686776	-5.8340426	0.004136966
200.96	0.0087947225	-5.8339415	0.0049700388
201.088	0.0088223274	-5.8340066	0.0065566719
201.216	0.008935068	-5.8339615	0.0062543357
201.344	0.0086929132	-5.8338891	0.0048734054
201.472	0.0088424234	-5.833769	0.0073039361
201.6	0.0089143034	-5.8338723	0.0075281331
201.728	0.0088299341	-5.833714	0.0062296181
201.856	0.0088931133	-5.8339543	0.0071237536
201.984	0.0088480995	-5.8337983	0.0087105597
202.112	0.008936473	-5.8337907	0.0077916305
202.24	0.0090049494	-5.8340623	0.0052092319
202.368	0.0089754985	-5.8341789	0.0047302638
202.496	0.008929065	-5.8340342	0.0070906796
202.624	0.0090632015	-5.8341383	0.0046960939
202.752	0.0088887637	-5.834004	0.0052982255
202.88	0.0090594573	-5.8341616	0.0064542219
203.008	0.0089108322	-5.833914	0.0075997721
203.136	0.0090854654	-5.8339413	0.0070495821
203.264	0.0091033304	-5.83417	0.0065652479
203.392	0.0089493793	-5.8339309	0.004896347
203.52	0.0092423521	-5.8342649	0.0058175996
203.648	0.0090140318	-5.8340326	0.0077080345
203.776	0.0091491356	-5.8341434	0.0062456871
203.904	0.0089201183	-5.8340143	0.0086024788
204.032	0.0092065394	-5.8340002	0.0063822703
204.16	0.0090794649	-5.8335368	0.0028319186
204.288	0.0090970821	-5.833687	0.0078892952
204.416	0.0090308813	-5.8338048	0.0093527612
204.544	0.0092725317	-5.8339552	0.0074811695
204.672	0.0091659166	-5.833871	0.0090049937
204.8	0.0091366902	-5.8335952	0.0077306619
204.928	0.0092926606	-5.8337374	0.006664932
205.056	0.0091253888	-5.83369	0.0080684219
205.184	0.0090046052	-5.8337803	0.0076208159
205.312	0.0090331968	-5.8337374	0.0070156094
205.44	0.009333694	-5.8341031	0.0062724304
205.568	0.0090277926	-5.8338274	0.007256537
205.696	0.00901714	-5.8339004	0.006029524
205.824	0.009022025	-5.833976	0.0054561095
205.952	0.0089738545	-5.8338224	0.004869733
206.08	0.0090173736	-5.8337927	0.0050408287
206.208	0.0089889351	-5.833742	0.0074042677
206.336	0.0090075612	-5.8338597	0.0045725823
206.464	0.0089847433	-5.8338613	0.0042667862
206.592	0.0089366709	-5.8340717	0.0053629581
206.72	0.008913617	-5.8339927	0.0058439724
206.848	0.0089817463	-5.8339867	0.0066568102
206.976	0.0088582299	-5.8339674	0.0049850993
207.104	0.0087758612	-5.8340556	0.005771217
207.232	0.0087742044	-5.8341776	0.0069123064
207.36	0.008926576	-5.834356	0.0059270341
207.488	0.0088236917	-5.8343548	0.0066029645
207.616	0.0088197699	-5.8344935	0.005520199
207.744	0.0089712817	-5.8344481	0.0048540467
207.872	0.0087727265	-5.8342401	0.008513202
208	0.0087427756	-5.8342225	0.005902219
208.128	0.0088512958	-5.8342064	0.0049023459
208.256	0.0090316807	-5.8341501	0.0048478002
208.384	0.0089910326	-5.8341457	0.0052821716
208.512	0.008736771	-5.834009	0.0066238666
208.64	0.0088433336	-5.8338084	0.0075039082
208.768	0.0089802883	-5.8336714	0.0078512712
208.896	0.0089888264	-5.8338477	0.0056207308
209.024	0.0089902263	-5.8341549	0.0066610634
209.152	0.0089644899	-5.8341829	0.0066706868
209.28	0.0090433207	-5.8340727	0.0051183212
209.408	0.0090233	-5.8337647	0.00644243
209.536	0.0090983425	-5.8341022	0.007182826
209.664	0.0090010159	-5.8339727	0.0065250778
209.792	0.0091983915	-5.8339294	0.0059081855
209.92	0.0089987158	-5.8336523	0.0074161213
210.048	0.0091380717	-5.8338281	0.0060098591
210.176	0.0091944774	-5.8338275	0.0071725075
210.304	0.0090256487	-5.8338356	0.007144675
210.432	0.0093204265	-5.8341993	0.0046450434
210.56	0.0090593419	-5.8338473	0.0071487419
210.688	0.0091034603	-5.8336267	0.007655084
210.816	0.0091783337	-5.8337982	0.0073819755
210.944	0.0092417827	-5.83381	0.0093800049
211.072	0.0091238463	-5.8337535	0.0071306205
211.2	0.0091091711	-5.8337493	0.0078741964
211.328	0.0091534919	-5.8339577	0.0092717937
211.456	0.009028114	-5.8338896	0.0072162201
211.584	0.0091481528	-5.8339213	0.0069096974
211.712	0.0092131196	-5.8340603	0.0042951323
211.84	0.0090593302	-5.8337383	0.0064650207
211.968	0.0089622571	-5.8337545	0.0075246646
212.096	0.0090347282	-5.8336932	0.0055604745
212.224	0.0089843462	-5.8336781	0.006470666
212.352	0.0089241206	-5.8338138	0.006565075
212.48	0.0091796943	-5.8341856	0.0047264617
212.608	0.0090251089	-5.8340942	0.0046218296
212.736	0.0087183499	-5.8337046	0.0063818387
212.864	0.0090385252	-5.8340896	0.0054577443
212.992	0.0088994124	-5.8343126	0.0083634492
213.12	0.0089124519	-5.8342793	0.00680007
213.248	0.0087019262	-5.8341023	0.0061534967
213.376	0.0089606491	-5.8342497	0.0040506295
213.504	0.0088160129	-5.8340143	0.0047099456
213.632	0.0089451824	-5.8341266	0.0054024283
213.76	0.0087204536	-5.8339284	0.0065771713
213.888	0.0089450437	-5.8341773	0.0069860369
214.016	0.0088242602	-5.8342315	0.0059444459
214.144	0.0087981145	-5.8341248	0.0061320822
214.272	0.0088617747	-5.8339719	0.0074635538
214.4	0.0089153529	-5.8341952	0.004603494
214.528	0.0088287467	-5.8340786	0.005446977
214.656	0.0090055752	-5.8342342	0.0070628574
214.784	0.0088010489	-5.8337885	0.0064404731
214.912	0.008921729	-5.8338411	0.0045816999
215.04	0.0088811943	-5.8337205	0.0061242756
215.168	0.0090002627	-5.8340821	0.0074633852
215.296	0.0089101746	-5.8338435	0.0062183098
215.424	0.0089485288	-5.8339741	0.0051000288
215.552	0.0089687315	-5.8336712	0.0070465021
215.68	0.008965042	-5.8339346	0.007446336
215.808	0.009214143	-5.8338964	0.0059980114
215.936	0.0090163951	-5.8336905	0.0080284921
216.064	0.0091079925	-5.8340974	0.005930921
216.192	0.0089739838	-5.8340446	0.0051985625
216.32	0.0090988694	-5.8338556	0.0054705245
216.448	0.0092499684	-5.8339048	0.0068393427
216.576	0.0090954927	-5.8334865	0.0079272929
216.704	0.0090522018	-5.8335741	0.0069493524
216.832	0.0092436738	-5.8339362	0.0068391362
216.96	0.00927585	-5.8336436	0.0059780795
217.088	0.0090000425	-5.8334644	0.0079710547
217.216	0.0093331752	-5.8336973	0.006373875
217.344	0.0091382109	-5.8337784	0.0067802216
217.472	0.0091117462	-5.8337591	0.0059390979
217.6	0.0090747318	-5.8337568	0.0054315949
217.728	0.009116263	-5.8338468	0.0071383885
217.856	0.0091712973	-5.8338141	0.0081006776
217.984	0.0090715064	-5.8339316	0.0077466279
218.112	0.0090093671	-5.8338701	0.006222363
218.24	0.0090377148	-5.8338019	0.0056903573
218.368	0.0092508018	-5.8339762	0.0059599931
218.496	0.00893687	-5.8338433	0.0064622103
218.624	0.0090276712	-5.8339197	0.004580763
218.752	0.0090568608	-5.8340002	0.0051116864
218.88	0.0088532212	-5.8336807	0.0063319121
219.008	0.0089325246	-5.8342079	0.0064271938
219.136	0.0089379106	-5.833998	0.0075752736
219.264	0.0089432824	-5.8339595	0.0076459586
219.392	0.0089009156	-5.8342145	0.0068281222
219.52	0.0088656477	-5.8341391	0.0066442199
219.648	0.0088363611	-5.8340837	0.0056083309
219.776	0.0088425108	-5.8341512	0.006128633
219.904	0.0089317433	-5.8340874	0.0059933764
220.032	0.0087711367	-5.8338588	0.0071725149
220.16	0.0086780124	-5.8337805	0.0084010386
220.288	0.0088540439	-5.8342435	0.0061032394
220.416	0.0088996473	-5.8341014	0.0064055873
220.544	0.0088237641	-5.8341409	0.0047076463
220.672	0.0089197155	-5.8342266	0.005341441
220.8	0.0088362196	-5.834236	0.0060176153
220.928	0.0089156468	-5.8341149	0.0045128795
221.056	0.0087680738	-5.8337633	0.006182429
221.184	0.0088776001	-5.833729	0.0053333949
221.312	0.0089064709	-5.833573	0.006455659
221.44	0.0089100324	-5.8339275	0.0073779018
221.568	0.0089502823	-5.8339912	0.0058251865
221.696	0.0090657287	-5.8339807	0.0068590237
221.824	0.0089054792	-5.8335929	0.0068731716
221.952	0.0091334103	-5.8338752	0.004516738
222.08	0.0090760114	-5.833967	0.0057606853
222.208	0.0090121843	-5.8337777	0.00531679
222.336	0.0091617541	-5.8342765	0.0050498723
222.464	0.0091449382	-5.8340169	0.0055686109
222.592	0.0089885712	-5.8339015	0.0058271504
222.72	0.0093596319	-5.834136	0.0075268102
222.848	0.009041823	-5.8335736	0.0082344557
222.976	0.0092302726	-5.8337628	0.0065516011
223.104	0.0092224756	-5.8336818	0.0063575841
223.232	0.0093483177	-5.8340794	0.0065353453
223.36	0.0090801871	-5.8338819	0.0066989425
223.488	0.0092506143	-5.833996	0.0061062394
223.616	0.0090404214	-5.8337494	0.007101488
223.744	0.0092053435	-5.8339007	0.0072083794
223.872	0.0090541596	-5.8337201	0.0080552556
224	0.0091434506	-5.8338938	0.0084974849
224.128	0.0091646525	-5.8339106	0.0059620785
224.256	0.0090188797	-5.8338205	0.0077874888
224.384	0.0092478603	-5.8338985	0.0068688624
224.512	0.0090106912	-5.8339481	0.0072117026
224.64	0.0088848223	-5.8338894	0.0064477437
224.768	0.0090003887	-5.8340934	0.0070915881
224.896	0.0090458381	-5.8340514	0.0090610978
225.024	0.0088536545	-5.8337973	0.0067795057
225.152	0.008983473	-5.8339703	0.0053073482
225.28	0.0090454153	-5.8338568	0.0068337102
225.408	0.0088921817	-5.8338728	0.0067043652
225.536	0.0088979629	-5.8338923	0.0049737809
225.664	0.0089055804	-5.834051	0.0049717911
225.792	0.0087686677	-5.8341968	0.0050111668
225.92	0.0087912352	-5.8340085	0.0050017828
226.048	0.0089215928	-5.8341639	0.0063926661
226.176	0.0087504812	-5.8341303	0.0073637794
226.304	0.0088100798	-5.8340747	0.0049995719
226.432	0.0089027737	-5.8342318	0.0041111275
226.56	0.0088136978	-5.834039	0.005332722
226.688	0.0089074966	-5.8340512	0.0034867652
226.816	0.0089271916	-5.834148	0.0043725613
226.944	0.0088841465	-5.8339458	0.0058575995
227.072	0.0087433914	-5.8340417	0.0077212819
227.2	0.0088737123	-5.8339374	0.0058836401
227.328	0.0087716851	-5.83381	0.0058573117
227.456	0.0090883044	-5.8339472	0.0061291579
227.584	0.0088481777	-5.83363	0.0050770802
227.712	0.0089278608	-5.8339494	0.0044510641
227.84	0.0089625901	-5.8338673	0.0052872975
227.968	0.0089894384	-5.8340856	0.0052619822
228.096	0.008946544	-5.83395	0.0061515578
228.224	0.0091957136	-5.8345585	0.0050480917
228.352	0.009047565	-5.8342932	0.0073503203
228.48	0.0090459778	-5.8339393	0.009488169
228.608	0.0088629512	-5.8336243	0.0092247954
228.736	0.0090811393	-5.8339188	0.0071466264
228.864	0.0091894014	-5.8337401	0.0076198261
228.992	0.0089755351	-5.8337096	0.0081352881
229.12	0.0091891478	-5.8337931	0.0060566139
229.248	0.0091622091	-5.8336598	0.0059978577
229.376	0.0091394803	-5.8337072	0.0070194444
229.504	0.0091539575	-5.8338068	0.0050699282
229.632	0.0090630852	-5.8338253	0.007019806
229.76	0.0092173216	-5.8340124	0.0076350761
229.888	0.0091612853	-5.8337901	0.0060536254
230.016	0.0092024898	-5.8337411	0.0055995294
230.144	0.0092408956	-5.8338223	0.0052403748
230.272	0.0090918077	-5.8340249	0.005392522
230.4	0.0089968629	-5.8339089	0.0069785746
230.528	0.0090422062	-5.8338756	0.0071040808
230.656	0.0090650474	-5.8340863	0.0059430614
230.784	0.0090826589	-5.8340002	0.0064302254
230.912	0.0090410494	-5.8338243	0.0064658871
231.04	0.0089345355	-5.8338499	0.0045391616
231.168	0.0089823887	-5.8339177	0.0062033214
231.296	0.0090126532	-5.8340841	0.0065762198
231.424	0.0089243013	-5.8339704	0.0073374702
231.552	0.0091230668	-5.834487	0.0079980663
231.68	0.008912822	-5.8341912	0.0063765377
231.808	0.0088680407	-5.8342345	0.0059049214
231.936	0.0089480967	-5.8343706	0.0057335576
232.064	0.0087285353	-5.8339242	0.0058894266
232.192	0.0088823379	-5.8341198	0.0076935583
232.32	0.0088952105	-5.8342736	0.0072399481
232.448	0.0088943368	-5.8340673	0.0079410518
232.576	0.0087511785	-5.8340493	0.0064224102
232.704	0.0088245662	-5.8340919	0.0044682524
232.832	0.0088435093	-5.8339302	0.0048193038
232.96	0.0089163494	-5.8341009	0.006296569
233.088	0.0087946883	-5.8339757	0.0077347342
233.216	0.0087194044	-5.8341332	0.0057099373
233.344	0.0088109921	-5.8342601	0.0045906194
233.472	0.0089480663	-5.8343629	0.0047920644
233.6	0.0087769109	-5.834151	0.0046216938
233.728	0.0088347199	-5.8339722	0.0060220071
233.856	0.0089446189	-5.8342042	0.0071962831
233.984	0.0089082335	-5.8341996	0.0064536436
234.112	0.0089338906	-5.8340182	0.0071647513
234.24	0.0089603885	-5.8341667	0.0066219543
234.368	0.0090226484	-5.8341217	0.0050028112
234.496	0.0089289342	-5.8337635	0.0075631012
234.624	0.0091846923	-5.8338322	0.0061752918
234.752	0.0091032687	-5.833869	0.0063779878
234.88	0.0090294416	-5.8335215	0.0073464036
235.008	0.0090413044	-5.8336842	0.0060465407
235.136	0.0090287966	-5.8336807	0.0073754289
235.264	0.0092246141	-5.8337954	0.0078342169
235.392	0.0090450902	-5.8337001	0.006525198
235.52	0.0091325796	-5.8338566	0.0054317682
235.648	0.0091683395	-5.8339138	0.0065686029
235.776	0.0093122276	-5.8340291	0.0064571545
235.904	0.0091691861	-5.8336976	0.0053303499
236.032	0.0091745319	-5.8336587	0.0049290289
236.16	0.0089973625	-5.8334558	0.006372916
236.288	0.0091980357	-5.8337409	0.0064164924
236.416	0.0092099934	-5.833997	0.0066544176
236.544	0.0090745055	-5.8338719	0.0079719199
236.672	0.0091302341	-5.8337644	0.0074571151
236.8	0.0091967854	-5.8341311	0.0058211875
236.928	0.0088156805	-5.833775	0.0062267118
237.056	0.0093226721	-5.8340593	0.0072323506
237.184	0.0089745207	-5.8339	0.0077057354
237.312	0.009023012	-5.8338029	0.0066543681
237.44	0.0089696667	-5.8338933	0.0061822285
237.568	0.0090817016	-5.8341219	0.0058062739
237.696	0.009034344	-5.8342061	0.0069269461
237.824	0.0089412491	-5.8341426	0.0077570186
237.952	0.0088299337	-5.834002	0.0076134109
238.08	0.0090491834	-5.8343224	0.0072573686
238.208	0.0087389673	-5.833917	0.0082806271
238.336	0.008968247	-5.8341477	0.0071796067
238.464	0.0089340572	-5.8341504	0.0054588131
238.592	0.0089199573	-5.8341603	0.0061397434
238.72	0.0088017467	-5.8341954	0.0059597875
238.848	0.0089215825	-5.8340522	0.0042118305
238.976	0.0088084844	-5.8339738	0.0051719744
239.104	0.0087213691	-5.8340978	0.0075945064
239.232	0.0088251758	-5.8343829	0.0076296912
239.36	0.0088854752	-5.8343569	0.0057622403
239.488	0.0088078319	-5.8341281	0.006491504
239.616	0.0088817304	-5.8341729	0.0064870606
239.744	0.0089626339	-5.834146	0.0066582608
239.872	0.0087775378	-5.8338775	0.0061582363
240	0.008873276	-5.834075	0.0052727438
240.128	0.0089603847	-5.8344324	0.0065243559
240.256	0.0089077799	-5.8342194	0.0072212736
240.384	0.0090098921	-5.8338934	0.0051085554
240.512	0.0091120536	-5.8339664	0.0050443427
240.64	0.0088993977	-5.8336538	0.006609176
240.768	0.0090970645	-5.8338294	0.0059957577
240.896	0.0091313799	-5.8338255	0.0068453827
241.024	0.0091763121	-5.833905	0.0062248938
241.152	0.0090331215	-5.8339037	0.0064159571
241.28	0.009108135	-5.8338858	0.0061257582
241.408	0.0090199022	-5.8335862	0.008244488
241.536	0.0091045311	-5.8334194	0.0062269971
241.664	0.0092386327	-5.8336828	0.0050373765
241.792	0.0090829254	-5.8337791	0.0062208719
241.92	0.0091924817	-5.8338706	0.0068527908
242.048	0.0090917192	-5.8335954	0.0073994487
242.176	0.0092038132	-5.8338863	0.0052635438
242.304	0.0091463957	-5.833803	0.0057497996
242.432	0.0090815996	-5.8337032	0.0096968382
242.56	0.0091906042	-5.83393	0.0089798818
242.688	0.0092189684	-5.8339192	0.0069535454
242.816	0.0091958751	-5.833761	0.0075801633
242.944	0.0090047574	-5.8336159	0.005818814
243.072	0.0089553557	-5.8335814	0.005626288
243.2	0.0092006928	-5.833858	0.0081681011
243.328	0.0092570442	-5.8341037	0.007239239
243.456	0.0089380288	-5.8340766	0.0084196096
243.584	0.0090590668	-5.833933	0.0064309343
243.712	0.0089116233	-5.8338332	0.0042473179
243.84	0.0090387646	-5.8339729	0.0046876395
243.968	0.0089430619	-5.8339214	0.0064855707
244.096	0.008969585	-5.8340319	0.0057554854
244.224	0.0089450941	-5.8341658	0.0059010891
244.352	0.0090197648	-5.8341045	0.0076492409
244.48	0.0088897936	-5.833957	0.0066821371
244.608	0.0087839983	-5.833826	0.0062567723
244.736	0.0089455617	-5.8339434	0.0061775174
244.864	0.0088665056	-5.833993	0.0055871587
244.992	0.0087568394	-5.8338908	0.0052926213
245.12	0.0088606131	-5.8341067	0.0062666302
245.248	0.008764581	-5.8340991	0.0044302385
245.376	0.0088563131	-5.8340643	0.0034131127
245.504	0.0088411265	-5.834188	0.0066703079
245.632	0.008842813	-5.8341051	0.0059526845
245.76	0.0089700533	-5.8341288	0.0045189635
245.888	0.0089486738	-5.8341738	0.0046709559
246.016	0.0089013488	-5.8340782	0.0062626975
246.144	0.0088265877	-5.8338613	0.0067515377
246.272	0.0089817368	-5.8340594	0.0074353688
246.4	0.0088181855	-5.8338035	0.0075196301
246.528	0.0089094336	-5.8338794	0.0058837021
246.656	0.0089810038	-5.8340299	0.0067509575
246.784	0.0089723665	-5.8340606	0.0068757718
246.912	0.0089898614	-5.8341727	0.0077364731
247.04	0.0090752828	-5.8344775	0.0065819573
247.168	0.0088585022	-5.8338399	0.0072193021
247.296	0.0091642961	-5.8342046	0.006970432
247.424	0.0090807078	-5.8340609	0.0050450225
247.552	0.0090226141	-5.8337025	0.0058368474
247.68	0.009096922	-5.8338871	0.0078462474
247.808	0.0092281704	-5.833983	0.0068926039
247.936	0.0091218819	-5.8336896	0.00623508
248.064	0.0091207885	-5.8337805	0.007978291
248.192	0.0090943545	-5.8339532	0.0088631449
248.32	0.0091140414	-5.8338834	0.0065402851
248.448	0.0091176189	-5.833864	0.0068584951
248.576	0.0091976614	-5.8338659	0.0074572021
248.704	0.0090269778	-5.8334556	0.0085185753
248.832	0.0091722708	-5.8337053	0.005247665
248.96	0.0091695505	-5.8337662	0.0050954726
249.088	0.0091204673	-5.8339398	0.0052195421
249.216	0.0091861296	-5.8341386	0.0062782494
249.344	0.0090441985	-5.8337801	0.0076998751
249.472	0.0089498011	-5.8339086	0.0073296856
249.6	0.0091911281	-5.8341087	0.0070920813
249.728	0.0089823943	-5.8337469	0.0076503989
249.856	0.0089688407	-5.834045	0.0068353788
249.984	0.0092491274	-5.8343081	0.0049126409
250.112	0.0090088144	-5.8341566	0.0073781155
250.24	0.0088842855	-5.8339251	0.0076238619
250.368	0.008949667	-5.8337941	0.0066260026
250.496	0.0089051596	-5.833919	0.0066425138
250.624	0.0089376305	-5.8341134	0.0059335243
250.752	0.0089845753	-5.8342406	0.0060315571
250.88	0.0090535127	-5.8340791	0.0044363323
251.008	0.0087536467	-5.8341419	0.0041870632
251.136	0.0087598161	-5.8341839	0.0065469944
251.264	0.0088400031	-5.8339968	0.0060890206
251.392	0.0088282923	-5.83409	0.0039759195
251.52	0.0089345523	-5.8344629	0.0042124374
251.648	0.0087787074	-5.8342445	0.0056873831
251.776	0.0089498969	-5.8343054	0.0030291148
251.904	0.0087558562	-5.8340848	0.0054162571
252.032	0.0089146336	-5.8341964	0.0068197968
252.16	0.0087894182	-5.8340348	0.0073873864
252.288	0.0089281951	-5.8341877	0.0063827352
252.416	0.0088387401	-5.8340339	0.0067416311
252.544	0.0088831704	-5.8339397	0.0072617259
252.672	0.0088280528	-5.8336357	0.0063007276
252.8	0.008940936	-5.8336092	0.0065253423
252.928	0.0090311059	-5.8339022	0.0045148576
253.056	0.0088543661	-5.8339595	0.0063534069
253.184	0.009018741	-5.8338716	0.0083694756
253.312	0.0090576467	-5.8340173	0.0064454809
253.44	0.008966225	-5.8338347	0.004926106
253.568	0.0091494074	-5.8338611	0.0066966913
253.696	0.0091345017	-5.8338293	0.0069620497
253.824	0.0091300991	-5.8339737	0.0074674741
253.952	0.0090429145	-5.8339376	0.0081734116
254.08	0.0091567578	-5.8338869	0.0061632148
254.208	0.0090300372	-5.8334912	0.0059267956
254.336	0.0090255214	-5.8337276	0.0058618079
254.464	0.0091497383	-5.8339277	0.0053082183
254.592	0.0093651577	-5.8339061	0.0069832759
254.72	0.0092042764	-5.8339203	0.0077627124
254.848	0.0091353152	-5.8336649	0.0068275276
254.976	0.009047396	-5.8336322	0.0092584469
255.104	0.0093276405	-5.8338186	0.0077622237
255.232	0.0091858525	-5.8336931	0.007587455
255.36	0.0091120445	-5.833656	0.0071182171
255.488	0.0090006857	-5.8339436	0.0061489869
255.616	0.0090790468	-5.8338511	0.007126061
255.744	0.0091474293	-5.8337938	0.0068925662
255.872	0.0088573834	-5.8336981	0.007193594
256	0.0091710963	-5.834085	0.0055902515
256.128	0.0090898915	-5.8339076	0.0046239946
256.256	0.0090365413	-5.8336759	0.006446021
256.384	0.0090034862	-5.8338567	0.0069933297
256.512	0.0089344222	-5.833721	0.0040961782
256.64	0.0089310705	-5.8338034	0.0044721495
256.768	0.008832083	-5.8338737	0.0068113281
256.896	0.0090595039	-5.834168	0.005202236
257.024	0.0088003971	-5.8338669	0.0079210309
257.152	0.0088362354	-5.8341453	0.007768894
257.28	0.0089336271	-5.8342361	0.0066948482
257.408	0.0088684103	-5.8342126	0.0072443863
257.536	0.0088763721	-5.8340532	0.004994497
257.664	0.0086888127	-5.8339766	0.0058559793
257.792	0.0088862949	-5.834241	0.0051375603
257.92	0.0088318281	-5.8340359	0.0056787167
258.048	0.008866401	-5.8341476	0.0050120486
258.176	0.0087969181	-5.834136	0.0059436943
258.304	0.0089098922	-5.8341464	0.0065513821
258.432	0.0087730473	-5.8340196	0.0061437082
258.56	0.0088545117	-5.8342914	0.0045627658
258.688	0.0088326654	-5.8341406	0.0044737366
258.816	0.0089959902	-5.8342462	0.0067764233
258.944	0.0088436689	-5.8342252	0.0069690134
259.072	0.0088775493	-5.8340413	0.0056118817
259.2	0.0088798566	-5.8337351	0.0074628034
259.328	0.0089433017	-5.8338834	0.0078524794
259.456	0.0090937232	-5.8341172	0.0073965969
259.584	0.0089849746	-5.8340553	0.0053661293
259.712	0.009079751	-5.8341317	0.0051647993
259.84	0.0090181179	-5.8338164	0.0051287839
259.968	0.0091227669	-5.8340497	0.0043141905
260.096	0.0089751109	-5.8335547	0.0070261061
260.224	0.0092072366	-5.8341534	0.0072978744
260.352	0.0091194447	-5.8338928	0.009023102
260.48	0.0091529399	-5.8339251	0.0074777832
260.608	0.0089742632	-5.8335758	0.00652289
260.736	0.0092813349	-5.8339003	0.0062089379
260.864	0.0091193737	-5.8337383	0.007174783
260.992	0.0090484323	-5.8334467	0.006787884
261.12	0.0092114671	-5.8338809	0.0063296785
261.248	0.009177779	-5.8337793	0.0077647301
261.376	0.0090142306	-5.8336507	0.0075974266
261.504	0.0091506656	-5.8338059	0.0074633487
261.632	0.0091636147	-5.8338146	0.0075573811
261.76	0.0091449295	-5.8337001	0.0082495285
261.888	0.0091639826	-5.8340412	0.0080460675
262.016	0.008924176	-5.8338571	0.0072004924
262.144	0.0092370392	-5.8339841	0.0058574725
262.272	0.0089984451	-5.8336463	0.0060104168
262.4	0.0090156911	-5.8336534	0.0066467207
262.528	0.0091749945	-5.8338233	0.0058656854
262.656	0.00892196	-5.8336954	0.006311644
262.784	0.0089148475	-5.8338443	0.0066091409
262.912	0.0090886071	-5.8339593	0.0037821132
263.04	0.0089275099	-5.8339448	0.0041850914
263.168	0.008750948	-5.8338983	0.006100215
263.296	0.0088792569	-5.8343702	0.005123521
263.424	0.008963241	-5.8342594	0.0063753336
263.552	0.0088926749	-5.8341689	0.0058766375
263.68	0.0088955001	-5.8342518	0.0042382614
263.808	0.0089293127	-5.8342936	0.0057336268
263.936	0.0087915067	-5.8342389	0.007164609
264.064	0.0087639123	-5.8339531	0.0069930614
264.192	0.0087273155	-5.8337862	0.0063164661
264.32	0.0088505707	-5.8340603	0.0075261545
264.448	0.0089409134	-5.8342595	0.0060272511
264.576	0.0089042141	-5.8340819	0.0058533409
264.704	0.0086864511	-5.8336305	0.0068444106
264.832	0.0089966078	-5.8342441	0.0044862814
264.96	0.0089140355	-5.8342109	0.005701629
265.088	0.008866014	-5.8339944	0.0061354911
265.216	0.0089477087	-5.8340562	0.0062551885
265.344	0.0089495383	-5.8342026	0.0059114959
265.472	0.0089654477	-5.8339009	0.0055472137
265.6	0.008975327	-5.8339785	0.0057950252
265.728	0.0088632388	-5.8339712	0.0083174308
265.856	0.0089848255	-5.8339958	0.006393649
265.984	0.0090516615	-5.8338858	0.0060619729
266.112	0.0091791035	-5.8341135	0.0065178833
266.24	0.0091074496	-5.8339831	0.0082414383
266.368	0.0089589921	-5.8339156	0.0072271468
266.496	0.0091340028	-5.8339865	0.0042449795
266.624	0.0090821859	-5.833792	0.0051076298
266.752	0.0089767996	-5.8334162	0.007086172
266.88	0.0093178195	-5.8338568	0.005467451
267.008	0.0092295078	-5.8337411	0.0070484737
267.136	0.0092400254	-5.8338097	0.0080618432
267.264	0.0090890457	-5.8335177	0.0075423069
267.392	0.0091348332	-5.8334883	0.007546241
267.52	0.0092312585	-5.8336542	0.0074136524
267.648	0.008981181	-5.8333999	0.0089666115
267.776	0.0091162034	-5.8337577	0.0060982695
267.904	0.0092302621	-5.8338073	0.0054510533
268.032	0.0091761409	-5.8338332	0.0064511913
268.16	0.0090446132	-5.8338647	0.0064430742
268.288	0.0090944897	-5.8340459	0.0061569984
268.416	0.0091190115	-5.8342487	0.0065848101
268.544	0.0089518691	-5.8339434	0.0074545456
268.672	0.0089364479	-5.8338465	0.0070410293
268.8	0.0090233762	-5.8339443	0.0071642437
268.928	0.0091412418	-5.8341332	0.0070793685
269.056	0.0089569838	-5.8340445	0.0068335353
269.184	0.0088673397	-5.8340684	0.0051397343
269.312	0.0091285171	-5.8343536	0.0066280904
269.44	0.0088747531	-5.83399	0.0079655225
269.568	0.0089187484	-5.834246	0.005159099
269.696	0.0088117528	-5.8342511	0.0037089903
269.824	0.0087676105	-5.8339836	0.0039970928
269.952	0.0088562082	-5.8338293	0.0055272583
270.08	0.0088425789	-5.8338374	0.0065005843
270.208	0.0088294573	-5.8338279	0.0057197565
270.336	0.009000495	-5.8341702	0.005946252
270.464	0.0087698102	-5.8339368	0.006203043
270.592	0.0087233363	-5.833943	0.0061467096
270.72	0.0088744592	-5.8340803	0.0062889801
270.848	0.0087842841	-5.8340649	0.0074439996
270.976	0.0089221935	-5.8340339	0.0067356883
271.104	0.0088760295	-5.8340666	0.0059562918
271.232	0.0088599966	-5.8339778	0.0057479134
271.36	0.0088755923	-5.8341445	0.0054085577
271.488	0.0088320606	-5.8341495	0.0048231532
271.616	0.0090339573	-5.8341255	0.0060162923
271.744	0.0089436542	-5.8340346	0.0062364513
271.872	0.0090256272	-5.834318	0.0068312851
272	0.0089590964	-5.8340581	0.0073865332
272.128	0.0090373879	-5.8338588	0.0076040368
272.256	0.0089498909	-5.8336058	0.0075911394
272.384	0.0090521911	-5.8340778	0.0063448855
272.512	0.0090197216	-5.8339665	0.0090861645
272.64	0.0091490738	-5.833762	0.0071927633
272.768	0.0090847283	-5.8338269	0.0037231119
272.896	0.0089584836	-5.8336248	0.0066559278
273.024	0.0091328304	-5.8338548	0.0067909867
273.152	0.0092270537	-5.8340823	0.0057894069
273.28	0.009174377	-5.83377	0.0051253553
273.408	0.0090915184	-5.8337776	0.0063158429
273.536	0.0091463491	-5.8337679	0.0066596244
273.664	0.0090961525	-5.8337737	0.0061561935
273.792	0.0091138467	-5.8337354	0.0060493121
273.92	0.0092330476	-5.8337756	0.0063299535
274.048	0.0090713911	-5.833654	0.0076860338
274.176	0.0091692705	-5.8338334	0.0066709285
274.304	0.0092307432	-5.834145	0.0063043955
274.432	0.0092127071	-5.8341129	0.007770396
274.56	0.0090542346	-5.8339182	0.0070757619
274.688	0.0089438036	-5.8336853	0.0070068464
274.816	0.0089633519	-5.8338461	0.0074229452
274.944	0.00920792	-5.8341625	0.0055636086
275.072	0.0089245449	-5.8338218	0.0067024842
275.2	0.0090161363	-5.8338595	0.0089654578
275.328	0.0088878489	-5.8340064	0.0078549175
275.456	0.0089804824	-5.8341581	0.0058531807
275.584	0.0090114227	-5.8340533	0.0049003963
275.712	0.0089273572	-5.8340718	0.0053234675
275.84	0.0089466845	-5.8340006	0.00652939
275.968	0.0088612946	-5.8341389	0.0071182851
276.096	0.0087331063	-5.8340405	0.0055830282
276.224	0.0087986958	-5.8340556	0.0061421283
276.352	0.0089240917	-5.8341629	0.0054767614
276.48	0.0088738972	-5.8339425	0.0040626655
276.608	0.0089284825	-5.8340236	0.0050059606
276.736	0.008771839	-5.8336627	0.0066602202
276.864	0.0088368598	-5.8341127	0.0066564415
276.992	0.0087722137	-5.8338602	0.0075064633
277.12	0.0088927157	-5.8341731	0.0068218334
277.248	0.0088463151	-5.8338641	0.0069024605
277.376	0.008754439	-5.833863	0.006742833
277.504	0.0088790848	-5.8338533	0.0063903246
277.632	0.0090567554	-5.8340686	0.0065881876
277.76	0.0087706852	-5.8340466	0.0055875397
277.888	0.0089486583	-5.834149	0.0055800248
278.016	0.0088457652	-5.8339732	0.0074394894
278.144	0.0091725064	-5.834391	0.0071966624
278.272	0.0089198505	-5.8340115	0.0066583029
278.4	0.008870345	-5.8338476	0.0058898815
278.528	0.0091374032	-5.8340876	0.0050255452
278.656	0.0089695624	-5.8338671	0.0045501639
278.784	0.0091899621	-5.8340525	0.0055741398
278.912	0.0089765441	-5.8336623	0.0074344473
279.04	0.009114456	-5.8336022	0.0064540379
279.168	0.0090855628	-5.8334431	0.0060264471
279.296	0.0090640679	-5.8335876	0.0069744731
279.424	0.0091453019	-5.8338996	0.0076903908
279.552	0.0090059106	-5.8335588	0.0076270529
279.68	0.0092328996	-5.8338698	0.0060832158
279.808	0.0092687248	-5.8338655	0.0063146713
279.936	0.0090569039	-5.8335696	0.0074791931
280.064	0.0091894322	-5.8335474	0.0068617653
280.192	0.0091303993	-5.8334833	0.0072318136
280.32	0.009203121	-5.8337853	0.0062915878
280.448	0.0091657734	-5.8338352	0.0069247708
280.576	0.0090903777	-5.8337397	0.006018222
280.704	0.0090626766	-5.8338344	0.0064646214
280.832	0.0090312348	-5.8336085	0.0073739261
280.96	0.0090338412	-5.833954	0.0064516238
281.088	0.0092968636	-5.834112	0.0072658406
281.216	0.00894904	-5.8338189	0.0084414786
281.344	0.0088621943	-5.8336284	0.0058687315
281.472	0.009073809	-5.8338431	0.005600418
281.6	0.0090091197	-5.8336537	0.0060064675
281.728	0.0089980007	-5.8340114	0.004199578
281.856	0.0088979408	-5.8339856	0.0067174597
281.984	0.0088681696	-5.8340871	0.0068928633
282.112	0.0088954262	-5.834195	0.0057988112
282.24	0.0090520525	-5.834565	0.0062122152
282.368	0.0089321704	-5.8342901	0.0065517373
282.496	0.0087217459	-5.8340806	0.0048985772
282.624	0.0087703954	-5.834077	0.0065234294
282.752	0.0088093945	-5.8340529	0.0071863941
282.88	0.008887204	-5.8342394	0.0044630645
283.008	0.008970834	-5.8343907	0.0052062149
283.136	0.0086762189	-5.8337466	0.0078287757
283.264	0.0089619302	-5.8339494	0.0067637085
283.392	0.0087587373	-5.8339756	0.0075508914
283.52	0.0089534329	-5.8341053	0.005095257
283.648	0.0088187637	-5.8338793	0.006774079
283.776	0.0088526393	-5.8340637	0.0075249471
283.904	0.0089405256	-5.834126	0.0065126247
284.032	0.0088278543	-5.8342627	0.0064936584
284.16	0.008850482	-5.8340368	0.0068446494
284.288	0.0089760492	-5.8341427	0.0055397208
284.416	0.0089114067	-5.8342005	0.0058754654
284.544	0.0088679412	-5.83416	0.0069108143
284.672	0.0091278268	-5.8341223	0.0051870512
284.8	0.0089075275	-5.8339006	0.0067812257
284.928	0.0090162773	-5.8336927	0.006229314
285.056	0.0091559806	-5.8339916	0.0052791769
285.184	0.0090862976	-5.8339177	0.0075239445
285.312	0.0090684672	-5.8337079	0.0083767849
285.44	0.008984775	-5.8335837	0.0075452882
285.568	0.0091531089	-5.8338385	0.0068641353
285.696	0.0091154373	-5.8337627	0.0061845707
285.824	0.0091631608	-5.8337591	0.0062642873
285.952	0.0091300911	-5.8337535	0.0066234347
286.08	0.0090520216	-5.8336375	0.0051140903
286.208	0.0092501397	-5.8337222	0.0044458723
286.336	0.0090880091	-5.8338672	0.0071113325
286.464	0.0092132962	-5.8338808	0.0084827116
286.592	0.009099022	-5.8340249	0.0077636145
286.72	0.0091505783	-5.8339302	0.0079741353
286.848	0.0089505219	-5.8338457	0.0089733811
286.976	0.0091019967	-5.8338826	0.0056298025
287.104	0.0091840532	-5.8341986	0.0043399631
287.232	0.0090673127	-5.8338175	0.0054705397
287.36	0.0091885033	-5.8340582	0.0032435111
287.488	0.0090332639	-5.8338694	0.0070535456
287.616	0.0090577903	-5.8338148	0.0081483783
287.744	0.008835541	-5.8336445	0.0065639214
287.872	0.0091042835	-5.8339819	0.0052810992
288	0.0090004069	-5.834121	0.0063052327
288.128	0.0088755005	-5.8341891	0.007187911
288.256	0.0088735246	-5.8339927	0.0062432827
288.384	0.0088589837	-5.8341936	0.0054902842
288.512	0.008875994	-5.8340714	0.005788781
288.64	0.0089157819	-5.8341507	0.0058073956
288.768	0.008814158	-5.8341046	0.0066615659
288.896	0.0088769273	-5.8339472	0.0050583214
289.024	0.0089224312	-5.8342012	0.0052918889
289.152	0.0087185922	-5.8339975	0.0076180764
289.28	0.0087965927	-5.8339752	0.0064275516
289.408	0.0087943624	-5.8340486	0.0053938563
289.536	0.0089178202	-5.8344052	0.0050615696
289.664	0.0087537632	-5.8339484	0.0060306482
289.792	0.0088828654	-5.8341918	0.0055748028
289.92	0.0090362811	-5.8341387	0.0057688115
290.048	0.0088242101	-5.8340013	0.0084737384
290.176	0.0089444785	-5.8341268	0.0077062908
290.304	0.0089546972	-5.8340839	0.0063886921
290.432	0.0087599532	-5.8339923	0.00554372
290.56	0.0090711394	-5.8342477	0.0058300609
290.688	0.0090147282	-5.8339755	0.006904288
290.816	0.0089275548	-5.8336808	0.0062772908
290.944	0.0089090381	-5.8338904	0.0059352462
291.072	0.0090090725	-5.8337473	0.0058120875
291.2	0.0092096601	-5.8338445	0.0057450229
291.328	0.0091037907	-5.8339051	0.0060348887
291.456	0.0088890807	-5.8338222	0.0073392009
291.584	0.0091425656	-5.8339177	0.0072004833
291.712	0.0091118256	-5.8338669	0.0063597973
291.84	0.0091791891	-5.8338446	0.0073691037
291.968	0.0089579958	-5.8336373	0.009306169
292.096	0.0090108025	-5.8337656	0.0068355607
292.224	0.0091262944	-5.8337352	0.0059028291
292.352	0.0092422301	-5.8336867	0.0067365193
292.48	0.009170131	-5.8334562	0.0076513296
292.608	0.0091040367	-5.8336903	0.0074201149
292.736	0.0090768808	-5.8337469	0.0071355333
292.864	0.0091887451	-5.8338595	0.0074326241
292.992	0.009103815	-5.8338412	0.0081269877
293.12	0.0092270321	-5.8339374	0.0061875698
293.248	0.0091692137	-5.8338216	0.0070933602
293.376	0.0091347483	-5.8338193	0.0068150386
293.504	0.0090084565	-5.8336736	0.0061319676
293.632	0.0089593361	-5.8334708	0.0055079844
293.76	0.0090675647	-5.8336128	0.0053000418
293.888	0.0090101719	-5.8337911	0.0063080682
294.016	0.0090728943	-5.8338852	0.0051149533
294.144	0.0090444212	-5.8339741	0.0055765455
294.272	0.0089315671	-5.8338818	0.0061685936
294.4	0.0089344251	-5.8340705	0.0083653628
294.528	0.0089545019	-5.8339952	0.0061407732
294.656	0.0088855505	-5.8338529	0.0057504877
294.784	0.0087315849	-5.8338355	0.0039828597
294.912	0.0089525917	-5.8341866	0.0053282755
295.04	0.0088730761	-5.8341185	0.0069812762
295.168	0.0088951175	-5.834033	0.0062921723
295.296	0.0087856619	-5.8341749	0.0050468224
295.424	0.0088113128	-5.8340264	0.0047424227
295.552	0.0088304648	-5.8342473	0.0058806671
295.68	0.0088721056	-5.8342301	0.006682184
295.808	0.0086365545	-5.833991	0.0066689292
295.936	0.0089708296	-5.8343651	0.0047605077
296.064	0.0090449686	-5.8343284	0.0045394444
296.192	0.0088246789	-5.833874	0.0056119227
296.32	0.008747481	-5.8337662	0.0047522117
296.448	0.008912818	-5.8337791	0.004860397
296.576	0.0089316949	-5.8340192	0.0071354928
296.704	0.0089105595	-5.8340915	0.0059129765
296.832	0.0088920516	-5.8338899	0.0048325081
296.96	0.0089658467	-5.834037	0.0061680511
297.088	0.0089064862	-5.833648	0.0086154222
297.216	0.0091025895	-5.8338438	0.0068702878
297.344	0.009081643	-5.8338551	0.0068828507
297.472	0.0090943897	-5.8338077	0.0082633751
297.6	0.008996726	-5.8336202	0.0073377893
297.728	0.0090750863	-5.8338379	0.0058736574
297.856	0.0091048717	-5.8338747	0.0067385806
297.984	0.0091043525	-5.8336436	0.0078768015
298.112	0.009132985	-5.8337086	0.0063393605
298.24	0.0091709329	-5.8337113	0.0055727655
298.368	0.0090366459	-5.8337063	0.0059351162
298.496	0.009274867	-5.8339339	0.005338593
298.624	0.0092359717	-5.8341369	0.0084126472
298.752	0.0091486511	-5.8338146	0.008234175
298.88	0.0090574749	-5.8337585	0.0061004852
299.008	0.0092136897	-5.8338001	0.006614205
299.136	0.0091722926	-5.8338271	0.0085000473
299.264	0.009171657	-5.8341509	0.0086222072
299.392	0.0091071752	-5.8339606	0.0076500685
299.52	0.0090230039	-5.8338852	0.0071090474
299.648	0.0090469888	-5.8339588	0.0068892197
299.776	0.0089959492	-5.8338424	0.0082664745
299.904	0.0091695265	-5.8339989	0.007076611
300.032	0.0090707468	-5.8338906	0.0069300001
300.16	0.0090131334	-5.8339385	0.0081167201
300.288	0.0089159002	-5.8340581	0.0060326849
300.416	0.0090841777	-5.8339207	0.0057875511
300.544	0.0089923247	-5.8339147	0.006591696
300.672	0.0090079414	-5.8337976	0.0060395372
300.8	0.0088934348	-5.834103	0.006756881
300.928	0.0089722269	-5.8344265	0.0057633355
301.056	0.0088781796	-5.8341836	0.0038489901
301.184	0.0088993658	-5.8341731	0.0044010199
301.312	0.0089557397	-5.8342498	0.0058153578
301.44	0.0086736682	-5.834084	0.0074730379
301.568	0.0087910222	-5.8340908	0.0072811548
301.696	0.0089589033	-5.8344018	0.0034565708
301.824	0.0090521905	-5.8343145	0.0040102015
301.952	0.0088144021	-5.8341391	0.0041493548
302.08	0.0087688015	-5.8341501	0.0054639263
302.208	0.0087528742	-5.8339446	0.0061920903
302.336	0.0089035771	-5.8340255	0.0060428483
302.464	0.0088402584	-5.8339855	0.0077527168
302.592	0.0088641409	-5.8339071	0.0061140811
302.72	0.0089188477	-5.8339588	0.0055635057
302.848	0.0089098602	-5.8341576	0.0052955283
302.976	0.0088599265	-5.8339768	0.004869287
303.104	0.0088122673	-5.8337338	0.0061285222
303.232	0.0089621181	-5.8340836	0.0073799536
303.36	0.0090547366	-5.8340585	0.0063142331
303.488	0.0087661636	-5.8338073	0.0055794733
303.616	0.009229887	-5.834003	0.0064291958
303.744	0.008992915	-5.8336966	0.0079433625
303.872	0.0091219454	-5.8339062	0.0069904854
304	0.0092212958	-5.8337818	0.0079375272
304.128	0.0090219977	-5.8337399	0.0083577774
304.256	0.0091865393	-5.8340355	0.0065790279
304.384	0.0091911245	-5.8339104	0.0052129683
304.512	0.0089868245	-5.8338426	0.0061876766
304.64	0.0092371096	-5.8338368	0.0073504404
304.768	0.0091940344	-5.8334839	0.0044943668
304.896	0.0091997869	-5.8340419	0.0049845076
305.024	0.0089696672	-5.8335131	0.0086474481
305.152	0.0091250568	-5.8337246	0.0081858368
305.28	0.0091924136	-5.8339273	0.0069035742
305.408	0.0091013506	-5.8338988	0.0087816711
305.536	0.0092204748	-5.8337045	0.007265728
305.664	0.0091062836	-5.8335478	0.0050749333
305.792	0.0092273871	-5.8341293	0.006750657
305.92	0.0090464582	-5.8340511	0.0066624652
306.048	0.0090531802	-5.8339542	0.0060435181
306.176	0.0089897265	-5.8338822	0.0075089255
306.304	0.0091090652	-5.8339626	0.0077350041
306.432	0.0088917624	-5.833713	0.0064123906
306.56	0.0091386768	-5.8338337	0.0054952117
306.688	0.0089640838	-5.8336842	0.0076456532
306.816	0.0088305052	-5.833719	0.0078568128
306.944	0.0090568351	-5.8340561	0.0070574168
307.072	0.0087393368	-5.8337882	0.0073315639
307.2	0.0088817326	-5.8340676	0.006946788
307.328	0.0087205048	-5.8338891	0.0078407357
307.456	0.0090642369	-5.8343767	0.0041482346
307.584	0.0089080758	-5.8341072	0.0045179385
307.712	0.0089448328	-5.8342363	0.0037911338
307.84	0.0087645062	-5.8341637	0.0049533302
307.968	0.0087660357	-5.8341927	0.0053933481
308.096	0.0088758867	-5.834046	0.0050619695
308.224	0.0087598656	-5.8340142	0.0061074915
308.352	0.0088881724	-5.8342721	0.0054009823
308.48	0.0088412038	-5.8341769	0.0070993805
308.608	0.0089861356	-5.8340207	0.0067542159
308.736	0.0088434994	-5.8339647	0.0065327347
308.864	0.0089215856	-5.8341762	0.0069276105
308.992	0.0088572341	-5.8339124	0.0078740069
309.12	0.0088085329	-5.8340845	0.0064621296
309.248	0.0090248843	-5.8340516	0.0053155721
309.376	0.0089004507	-5.8334768	0.0061599035
309.504	0.0089013254	-5.8336947	0.005628302
309.632	0.0090664411	-5.8338889	0.0054459157
309.76	0.0089978279	-5.833749	0.0072192619
309.888	0.0089896904	-5.8339482	0.005732658
310.016	0.0088916088	-5.8338119	0.005674862
310.144	0.0090855077	-5.8336502	0.0065832585
310.272	0.0091439351	-5.8336291	0.0056739249
310.4	0.0090139513	-5.8336594	0.005269568
310.528	0.009280729	-5.8338285	0.0061884484
310.656	0.0089997309	-5.833637	0.0069105723
310.784	0.0091549382	-5.8338333	0.0086478042
310.912	0.0091135615	-5.8336978	0.0081291881
311.04	0.009289621	-5.8338078	0.0070435026
311.168	0.0090966743	-5.8334622	0.0069064126
311.296	0.0091578357	-5.8336314	0.0050859146
311.424	0.0090849254	-5.8338536	0.0072771064
311.552	0.0092628077	-5.8340571	0.0076061358
311.68	0.0091399583	-5.8338511	0.0070577758
311.808	0.0090830143	-5.8338791	0.0065280329
311.936	0.0091059052	-5.8339632	0.0067508669
312.064	0.0091232783	-5.8340126	0.0066224337
312.192	0.0090439589	-5.8338854	0.006089169
312.32	0.0090301343	-5.8339155	0.0065279763
312.448	0.0089836843	-5.8336968	0.0051579025
312.576	0.0090564787	-5.8340083	0.0076937551
312.704	0.0091174923	-5.8339941	0.0082733046
312.832	0.0090516961	-5.8340418	0.0065258705
312.96	0.008881408	-5.8341427	0.0065822557
313.088	0.0089456808	-5.8338895	0.0068677519
313.216	0.0089529261	-5.8338	0.006042118
313.344	0.0088788745	-5.833851	0.0063038709
313.472	0.0089612545	-5.8340884	0.0075590763
313.6	0.0089731701	-5.8339594	0.0065818859
313.728	0.008858924	-5.8340099	0.006274287
313.856	0.0089248314	-5.8341679	0.0057041714
313.984	0.0087658404	-5.8342037	0.0065484413
314.112	0.0086975172	-5.8341006	0.0070267742
314.24	0.0088435598	-5.8341399	0.0072010509
314.368	0.0089061013	-5.8340113	0.0067604317
314.496	0.0088657092	-5.8339522	0.0051663319
314.624	0.0086957575	-5.8339077	0.0068140945
314.752	0.0089793696	-5.8343466	0.0052085623
314.88	0.0087825835	-5.8341853	0.0053152499
315.008	0.008797637	-5.8343101	0.0064003407
315.136	0.0088097447	-5.8340358	0.0073317135
315.264	0.0089899452	-5.8341953	0.0063688719
315.392	0.0089313633	-5.8340369	0.0067695845
315.52	0.0088239121	-5.8338922	0.0075375576
315.648	0.0089017169	-5.8340877	0.0071631994
315.776	0.0090220673	-5.8342162	0.0051476337
315.904	0.0089803906	-5.8338884	0.0048898402
316.032	0.0090109579	-5.8339159	0.0074648479
316.16	0.009088013	-5.8340773	0.004985974
316.288	0.0089017479	-5.8337668	0.0046984732
316.416	0.0089324756	-5.8336321	0.0054043891
316.544	0.0090230911	-5.8337203	0.0056643955
316.672	0.0091579921	-5.8337563	0.0066821384
316.8	0.0091861406	-5.8337265	0.0068556823
316.928	0.0091741924	-5.8339735	0.005785248
317.056	0.0089711508	-5.833682	0.0054238411
317.184	0.00913425	-5.8339133	0.0059853202
317.312	0.0092029689	-5.8339719	0.0076048803
317.44	0.0090860488	-5.8339905	0.0061380825
317.568	0.0091218384	-5.8338642	0.0055850266
317.696	0.0092270057	-5.8337661	0.0073844778
317.824	0.0092871759	-5.8339422	0.0073895829
317.952	0.0091626936	-5.833723	0.0052192986
318.08	0.0091673981	-5.8338646	0.0054881413
318.208	0.008942679	-5.833724	0.0079621919
318.336	0.009169853	-5.8338891	0.0080434068
318.464	0.009082756	-5.8336662	0.0078282105
318.592	0.0090012035	-5.8338846	0.0069430359
318.72	0.0092050518	-5.8340507	0.0063645933
318.848	0.00901458	-5.8336534	0.0066889896
318.976	0.009068728	-5.8336565	0.0051860005
319.104	0.008954028	-5.8337664	0.0055993778
319.232	0.0089820361	-5.8338968	0.00702698
319.36	0.0087019456	-5.833638	0.0073855994
319.488	0.0090844463	-5.8340556	0.004963186
319.616	0.0089952138	-5.8340778	0.0043727547
319.744	0.0089114098	-5.8339983	0.005471473
319.872	0.0089013349	-5.8340824	0.003790294
320	0.0089083529	-5.834166	0.0071869527
320.128	0.0087916297	-5.8340423	0.0081264337
320.256	0.0088585811	-5.8343014	0.0057477654
320.384	0.0087504701	-5.8342131	0.0062134126
320.512	0.0089404795	-5.8339925	0.0059394818
320.64	0.0089190947	-5.8339796	0.0054009502
320.768	0.0088508987	-5.833958	0.0060434027
320.896	0.0087530727	-5.8337624	0.0068810721
321.024	0.0090020177	-5.8340379	0.0063512069
321.152	0.0086411732	-5.8337524	0.0068334979
321.28	0.0089623756	-5.8339423	0.0064632444
321.408	0.0087164648	-5.8340318	0.0073985465
321.536	0.0088379517	-5.833845	0.0057876761
321.664	0.0089615289	-5.8340005	0.0061010297
321.792	0.0089673403	-5.8340546	0.0056392705
321.92	0.0089997495	-5.8340929	0.0067647146
322.048	0.0088386699	-5.8338026	0.0065707821
322.176	0.0089915092	-5.8339572	0.0060909303
322.304	0.0090414124	-5.8340635	0.0081548305
322.432	0.0090569349	-5.8340951	0.0054875436
322.56	0.0090741628	-5.8339429	0.0056055353
322.688	0.0090457177	-5.833915	0.0077943421
322.816	0.0091346791	-5.8340732	0.0074212389
322.944	0.0089687897	-5.8337977	0.0052411306
323.072	0.0091060801	-5.8340167	0.0052046145
323.2	0.0090533415	-5.8337562	0.0058296994
323.328	0.0092540703	-5.8339192	0.0064592568
323.456	0.0090897603	-5.8336667	0.0076001633
323.584	0.0091880192	-5.8339409	0.0072344617
323.712	0.0090519864	-5.8338858	0.0055133653
323.84	0.0091951692	-5.8338719	0.0072170088
323.968	0.0091960983	-5.8339119	0.0067036665
324.096	0.0090869113	-5.8338375	0.0059738159
324.224	0.0090762194	-5.8339583	0.0079643983
324.352	0.0091295339	-5.8339245	0.0075210499
324.48	0.0091482589	-5.8337805	0.0080187448
324.608	0.0090051575	-5.8339719	0.007584639
324.736	0.0091510167	-5.8337858	0.0061644864
324.864	0.0091512471	-5.8338341	0.0061573053
324.992	0.0091109914	-5.833813	0.004879547
325.12	0.0089655132	-5.8335509	0.0055185997
325.248	0.0091108255	-5.833875	0.0047304457
325.376	0.0090097789	-5.834017	0.0060709689
325.504	0.0089343732	-5.8339238	0.0072866378
325.632	0.0089720208	-5.8338629	0.0065278431
325.76	0.0089871155	-5.8340753	0.0061962783
325.888	0.0088978887	-5.8340889	0.0062347718
326.016	0.0088555903	-5.8339464	0.005460099
326.144	0.0087872622	-5.8339517	0.0066994591
326.272	0.0089509111	-5.8342911	0.0058857177
326.4	0.0089550712	-5.8342221	0.0042505857
326.528	0.0089349791	-5.8338423	0.0063145005
326.656	0.0087507317	-5.8339262	0.0060504054
326.784	0.0088863667	-5.8340728	0.0050095203
326.912	0.0087449174	-5.8340396	0.0053933853
327.04	0.0088776674	-5.8341852	0.0038170876
327.168	0.0089492314	-5.8341559	0.0064025155
327.296	0.0087442344	-5.8338797	0.0076613815
327.424	0.0089212081	-5.834215	0.0051495629
327.552	0.0088574168	-5.8341153	0.0069949367
327.68	0.0087920955	-5.8339778	0.0066273596
327.808	0.0090564252	-5.83416	0.0071137065
327.936	0.0088307108	-5.8340328	0.0081941793
328.064	0.0088948179	-5.8340392	0.0085495771
328.192	0.0088418945	-5.8340196	0.007902226
328.32	0.0089005122	-5.8339587	0.0051657985
328.448	0.0090449475	-5.834157	0.0044058613
328.576	0.0088143684	-5.8338356	0.0054587686
328.704	0.0089296835	-5.8336718	0.0070817361
328.832	0.0090821189	-5.8338515	0.0064510203
328.96	0.009005378	-5.8341204	0.0078440573
329.088	0.009173167	-5.8341225	0.0065625464
329.216	0.0091523916	-5.8341731	0.0063865354
329.344	0.0091323176	-5.833919	0.0066339566
329.472	0.0090628122	-5.8336704	0.0060076496
329.6	0.0091069139	-5.8338029	0.0063244242
329.728	0.0090954161	-5.8339026	0.005032937
329.856	0.0090335834	-5.8338541	0.0057492533
329.984	0.0092444719	-5.8339228	0.0065437991
330.112	0.0090472648	-5.8335049	0.0075020859
330.24	0.0092803956	-5.8338237	0.0071865709
330.368	0.0091453656	-5.8337402	0.008002976
330.496	0.0092236529	-5.8339358	0.0060175046
330.624	0.0091063638	-5.8336249	0.0071888733
330.752	0.0091503407	-5.833782	0.0084872367
330.88	0.0091111128	-5.8336084	0.0084358162
331.008	0.0091347299	-5.8340139	0.006830235
331.136	0.0090641795	-5.8337338	0.0073048494
331.264	0.0091354293	-5.8337894	0.0057111684
331.392	0.0089857542	-5.8339291	0.005734445
331.52	0.0090410797	-5.8337905	0.0076457807
331.648	0.0090512548	-5.833877	0.0058489062
331.776	0.0090663199	-5.8340353	0.006120155
331.904	0.0088954226	-5.8338502	0.0071224542
332.032	0.0089888821	-5.8341231	0.0049269947
332.16	0.0088023241	-5.833719	0.0055818474
332.288	0.0089155201	-5.8341976	0.0072923046
332.416	0.0089044896	-5.8342235	0.0054572015
332.544	0.0088247966	-5.8340688	0.0053968128
332.672	0.0089443906	-5.8341555	0.0079385106
332.8	0.0088823178	-5.8341734	0.0060526972
332.928	0.0088928762	-5.8342683	0.0049506213
333.056	0.0088511283	-5.8340047	0.007739676
333.184	0.0088729844	-5.8340105	0.0067781392
333.312	0.0089745674	-5.8340218	0.0048944087
333.44	0.008683401	-5.8338234	0.0071486282
333.568	0.0089299918	-5.8341889	0.0055512929
333.696	0.0088677816	-5.8341489	0.0043987004
333.824	0.0088669046	-5.834162	0.0041553119
333.952	0.0087439334	-5.834119	0.0050526734
334.08	0.0089417709	-5.834335	0.0066204623
334.208	0.0089591292	-5.8342463	0.0061015784
334.336	0.008926342	-5.8342156	0.0060780035
334.464	0.0088903615	-5.8341401	0.0062520281
334.592	0.0090511709	-5.8340993	0.0064464106
334.72	0.008905046	-5.833817	0.0069882703
334.848	0.0089175054	-5.833823	0.0068174989
334.976	0.008976059	-5.8337159	0.007908477
335.104	0.0092111127	-5.8339658	0.0075601736
335.232	0.0089200445	-5.8338881	0.0059270898
335.36	0.0091070506	-5.8341406	0.0051274908
335.488	0.0089921778	-5.833778	0.0065273517
335.616	0.0090631828	-5.8340341	0.0077395418
335.744	0.0091064241	-5.8337712	0.0063437357
335.872	0.0092472104	-5.8336232	0.0073598041
336	0.0091688458	-5.8337088	0.0067953734
336.128	0.0091117631	-5.8335554	0.0038042553
336.256	0.0091779137	-5.8339395	0.0051249512
336.384	0.0091444385	-5.833803	0.0061621269
336.512	0.0091542086	-5.8337471	0.0079397727
336.64	0.0091073826	-5.8333734	0.0080710178
336.768	0.0092540698	-5.8339339	0.0076503762
336.896	0.0090453348	-5.8336217	0.0060221419
337.024	0.0091389335	-5.8338189	0.005463439
337.152	0.0090037671	-5.8337542	0.0060366273
337.28	0.0091133916	-5.8337783	0.0066832164
337.408	0.0090444679	-5.8336548	0.0083340333
337.536	0.0091077479	-5.8340247	0.0090359923
337.664	0.0091072849	-5.8340612	0.0090414207
337.792	0.0090144041	-5.8340494	0.0053329277
337.92	0.0090051431	-5.8340567	0.0039596079
338.048	0.0088727499	-5.8340071	0.0062061042
338.176	0.0090031135	-5.8339867	0.0064711264
338.304	0.0089308268	-5.833977	0.0065088179
338.432	0.0090559416	-5.8339859	0.007906493
338.56	0.008868166	-5.8340503	0.0074390905
338.688	0.0089563166	-5.8340765	0.0054661243
338.816	0.0088590764	-5.8339888	0.0045559371
338.944	0.0087468355	-5.8337876	0.0048528446
339.072	0.0089791234	-5.8339561	0.0057769471
339.2	0.008870876	-5.8340934	0.0073054008
339.328	0.0086842467	-5.8339905	0.0062627708
339.456	0.0088469416	-5.8341075	0.0040519902
339.584	0.008913453	-5.8340861	0.0058123686
339.712	0.0089274114	-5.8342608	0.0077160357
339.84	0.0087796399	-5.8342045	0.0081721653
339.968	0.0087813825	-5.8341145	0.0061823815
340.096	0.0089048737	-5.834085	0.0061912081
340.224	0.0088983572	-5.8341741	0.0063370586
340.352	0.0088924549	-5.8339901	0.0051354736
340.48	0.0088174132	-5.8339231	0.0061486968
340.608	0.0089690196	-5.8341724	0.0052429042
340.736	0.0090287077	-5.8341565	0.0048035289
340.864	0.0089627225	-5.8340876	0.0057826281
340.992	0.0089594442	-5.8337965	0.0080324441
341.12	0.0089329465	-5.8338485	0.0076980814
341.248	0.0088420445	-5.8339223	0.0063194145
341.376	0.0090014435	-5.8339369	0.0058660379
341.504	0.0091453048	-5.8338478	0.0045139375
341.632	0.0089815682	-5.8334657	0.0062854284
341.76	0.0090864588	-5.8338647	0.0088150214
341.888	0.0090203981	-5.833667	0.0082376557
342.016	0.0092030233	-5.8339793	0.0076108621
342.144	0.0091921612	-5.8339588	0.0082821672
342.272	0.0090364223	-5.8337578	0.0077208095
342.4	0.0092491282	-5.8338684	0.0067845882
342.528	0.0090597431	-5.8335192	0.0067214988
342.656	0.0090741736	-5.8337402	0.0070822074
342.784	0.009351552	-5.8342478	0.0048009861
342.912	0.0090572834	-5.8336619	0.0066125717
343.04	0.0091831097	-5.8340618	0.006189654
343.168	0.0092355147	-5.8338504	0.0056270092
343.296	0.0090275178	-5.8336238	0.0073995809
343.424	0.0091392302	-5.8337306	0.0082945556
343.552	0.0091117407	-5.8335161	0.0064270633
343.68	0.0091441679	-5.8336118	0.0066571933
343.808	0.0091194525	-5.8337049	0.0076255625
343.936	0.0090506905	-5.8338089	0.0066253023
344.064	0.009055944	-5.8341557	0.0064523347
344.192	0.0090688353	-5.8341103	0.0069281726
344.32	0.0089525983	-5.8340112	0.0073801534
344.448	0.0088788705	-5.8337622	0.0058602603
344.576	0.008872901	-5.8337726	0.0050531124
344.704	0.0090048916	-5.8339602	0.0060859103
344.832	0.0088766804	-5.8340874	0.0061899613
344.96	0.0088826268	-5.834285	0.0049167724
345.088	0.0088472379	-5.8342458	0.0062657592
345.216	0.0089307004	-5.834302	0.0059631796
345.344	0.0088026231	-5.8339295	0.0066409938
345.472	0.0087915451	-5.8339997	0.0064563742
345.6	0.0088885406	-5.8343817	0.0065885664
345.728	0.0088772282	-5.8343351	0.0070247299
345.856	0.0089519474	-5.8342913	0.0064922991
345.984	0.0088613663	-5.8339845	0.0083481779
346.112	0.008806285	-5.834005	0.0074852637
346.24	0.0088035163	-5.8341327	0.0053480525
346.368	0.0088943341	-5.8342792	0.0051485623
346.496	0.00884307	-5.8340378	0.0079031523
346.624	0.0087930796	-5.8340992	0.0056617892
346.752	0.0090574442	-5.8342085	0.0051631036
346.88	0.0089927364	-5.8340763	0.0069527768
347.008	0.0089026922	-5.8339646	0.0042563984
347.136	0.0089236563	-5.8340078	0.0049617065
347.264	0.0089876989	-5.834008	0.0052021254
347.392	0.0089881188	-5.8342087	0.0063128828
347.52	0.0090674255	-5.8342218	0.0054308128
347.648	0.0090383423	-5.8339558	0.006411021
347.776	0.0090141743	-5.8338127	0.0072765743
347.904	0.0089774909	-5.8337371	0.0077326918
348.032	0.0093147242	-5.8341289	0.0071034417
348.16	0.0089135684	-5.833552	0.0066782556
348.288	0.0090515975	-5.8335387	0.0055041723
348.416	0.0091508554	-5.8335828	0.0068718992
348.544	0.009192553	-5.8337873	0.0067948979
348.672	0.0092264258	-5.8339621	0.0051425755
348.8	0.0092402763	-5.8338445	0.0066637848
348.928	0.0090244655	-5.833614	0.0063187923
349.056	0.0091828177	-5.8336017	0.0061937662
349.184	0.0091836154	-5.8336461	0.006593483
349.312	0.0092183048	-5.8338988	0.0068399519
349.44	0.0092982221	-5.834014	0.0065693465
349.568	0.0090504577	-5.8337007	0.0049570915
349.696	0.0089919662	-5.8337406	0.0070861988
349.824	0.0092843665	-5.8340413	0.0075802195
349.952	0.0091043623	-5.8338444	0.006644053
350.08	0.0089669975	-5.8336705	0.0075005493
350.208	0.0090269613	-5.8337739	0.008648138
350.336	0.0091351225	-5.8340484	0.0074166364
350.464	0.0089446747	-5.8339405	0.0062793695
350.592	0.0090237665	-5.8341105	0.0056165294
350.72	0.0089725392	-5.8340239	0.0054958668
350.848	0.0089860272	-5.8342706	0.005889519
350.976	0.0088472474	-5.8341677	0.0067271379
351.104	0.0089354639	-5.8341664	0.0050142026
351.232	0.0089151173	-5.8341328	0.0066014268
351.36	0.0091083514	-5.8343804	0.0067999145
351.488	0.0087700472	-5.8340962	0.0078047689
351.616	0.0088500654	-5.8341457	0.0065091779
351.744	0.0087396214	-5.833892	0.0047459383
351.872	0.0090648049	-5.8343514	0.004054064
352	0.0087636256	-5.8339924	0.0085456143
352.128	0.0087850878	-5.8341491	0.0073555532
352.256	0.0089124307	-5.8341264	0.0069685843
352.384	0.0087499679	-5.8339216	0.0067484425
352.512	0.0089729232	-5.833929	0.0050759658
352.64	0.0088183633	-5.8340176	0.0053009824
352.768	0.0087909854	-5.8343447	0.0054116036
352.896	0.0089262288	-5.8341997	0.0049269492
353.024	0.008842983	-5.8341769	0.0062492215
353.152	0.0088479779	-5.8341828	0.0064694949
353.28	0.0089867517	-5.8342898	0.0059795555
353.408	0.0090227149	-5.834407	0.0058090794
353.536	0.0088172079	-5.8339602	0.0053930861
353.664	0.0089395436	-5.8341453	0.0051259085
353.792	0.0089771708	-5.8337513	0.0067856881
353.92	0.009153451	-5.8339752	0.0068819329
354.048	0.0090182108	-5.8336858	0.0080468061
354.176	0.0090209813	-5.8336748	0.0099109738
354.304	0.0091883304	-5.8339874	0.0067509237
354.432	0.0089741488	-5.8336674	0.0059825101
354.56	0.0091643121	-5.8334792	0.0064816496
354.688	0.0091448854	-5.833565	0.0076326645
354.816	0.0092550053	-5.8337064	0.0046802451
354.944	0.009002323	-5.8336866	0.0064727712
355.072	0.0092071304	-5.8340238	0.008371078
355.2	0.0092149911	-5.8340917	0.0070870845
355.328	0.0091152721	-5.833835	0.0079356014
355.456	0.0089832383	-5.8336629	0.0078991706
355.584	0.0092864989	-5.8338653	0.0062422288
355.712	0.009123615	-5.8337588	0.009086831
355.84	0.0090820013	-5.8336355	0.0076457991
355.968	0.0090552691	-5.8333687	0.0075035955
356.096	0.0091464525	-5.8339157	0.0055445488
356.224	0.0091422048	-5.8342741	0.0040289452
356.352	0.0091441509	-5.8340192	0.0054019701
356.48	0.0090425982	-5.8338604	0.0071735131
356.608	0.0090424114	-5.8338992	0.0061661896
356.736	0.009072154	-5.8339927	0.0064829668
356.864	0.0089002345	-5.8337653	0.0069432241
356.992	0.008896179	-5.8337345	0.0055704068
357.12	0.0090527292	-5.833973	0.0049555654
357.248	0.0089615174	-5.8340991	0.0052819907
357.376	0.0088958234	-5.8338027	0.005782789
357.504	0.0089655324	-5.8340425	0.0043331059
357.632	0.0089372636	-5.8340057	0.0053063452
357.76	0.0087856872	-5.8340381	0.0079287383
357.888	0.0088522153	-5.8343109	0.0065529866
358.016	0.0089783717	-5.8343693	0.0072976098
358.144	0.0088446417	-5.8342767	0.0054675703
358.272	0.0089387131	-5.8343227	0.0038389346
358.4	0.0086146833	-5.8338633	0.0078054987
358.528	0.0088804243	-5.8342373	0.006386023
358.656	0.0087920856	-5.8341956	0.0070856523
358.784	0.0089199939	-5.8342511	0.006201504
358.912	0.0086092381	-5.8338907	0.0062420504
359.04	0.0088676945	-5.8340357	0.0053650518
359.168	0.0088257665	-5.834164	0.0062038781
359.296	0.0089129211	-5.8342535	0.005807081
359.424	0.0090030282	-5.8339678	0.0068513219
359.552	0.008908691	-5.8341091	0.0067641781
359.68	0.0090615117	-5.8343451	0.007159562
359.808	0.0089775718	-5.834155	0.008653497
359.936	0.0089940738	-5.8340328	0.0069524221
360.064	0.0090666136	-5.8340453	0.0057208266
360.192	0.0089874373	-5.8338193	0.00540741
360.32	0.0090298917	-5.833775	0.0066324247
360.448	0.0089713733	-5.8336632	0.0063133875
360.576	0.0091542232	-5.8337022	0.0063792582
360.704	0.0090649953	-5.8334022	0.0068617354
360.832	0.0091516272	-5.8337369	0.0047869336
360.96	0.009138942	-5.833815	0.0067993665
361.088	0.0090974819	-5.8337813	0.0072261596
361.216	0.009185397	-5.8337966	0.0089024995
361.344	0.0091637886	-5.8336248	0.0098192169
361.472	0.0091187426	-5.8337054	0.0072417935
361.6	0.0092104911	-5.8337178	0.007977053
361.728	0.0091029873	-5.8336902	0.0080601206
361.856	0.0092624745	-5.8340823	0.0051068875
361.984	0.009084238	-5.8339201	0.0079348725
362.112	0.0091245652	-5.8339986	0.0065058614
362.24	0.0091304437	-5.8338759	0.0043462156
362.368	0.0090254872	-5.8336281	0.0050885698
362.496	0.0090742702	-5.8338285	0.0066364223
362.624	0.0091833452	-5.8341011	0.0064626167
362.752	0.0090233213	-5.8338799	0.0054509406
362.88	0.0090568153	-5.8341731	0.0051033538
363.008	0.0090462428	-5.8340852	0.005639999
363.136	0.0090249167	-5.8338484	0.0057782257
363.264	0.0089748884	-5.8340167	0.0058359147
363.392	0.0089648776	-5.8340414	0.0070872452
363.52	0.00896766	-5.8341341	0.0079668579
363.648	0.0088922813	-5.8343298	0.0075272741
363.776	0.0089022629	-5.8339745	0.0072184509
363.904	0.0086586286	-5.8338497	0.008734312
364.032	0.0090408689	-5.8341494	0.004521322
364.16	0.008862729	-5.8338224	0.0055950821
364.288	0.008863793	-5.8338808	0.0057197745
364.416	0.0087943432	-5.8339279	0.0049685735
364.544	0.0088884842	-5.8340277	0.0068686248
364.672	0.0088008275	-5.8341405	0.006089607
364.8	0.0088109728	-5.8340909	0.0040397105
364.928	0.0088225128	-5.8340478	0.0051615426
365.056	0.0089527285	-5.8337752	0.0044287281
365.184	0.008877763	-5.8339171	0.0032490193
365.312	0.0089635677	-5.8339819	0.00514303
365.44	0.0088027053	-5.834063	0.0071912944
365.568	0.0088298977	-5.8342816	0.0071250325
365.696	0.0088339373	-5.8341297	0.0074503753
365.824	0.0090209332	-5.8342692	0.0061619357
365.952	0.0089930219	-5.8341842	0.0058198576
366.08	0.0089320908	-5.8340746	0.0061257573
366.208	0.0089275923	-5.8340936	0.0067391663
366.336	0.0088743299	-5.8338897	0.0069276335
366.464	0.0091382361	-5.8340908	0.0064091916
366.592	0.0089300009	-5.8340348	0.0082238647
366.72	0.0091361766	-5.833946	0.0076641485
366.848	0.0090897975	-5.833703	0.0075374021
366.976	0.0090337148	-5.8337232	0.0075899433
367.104	0.0090118949	-5.8336251	0.0078467424
367.232	0.0091278424	-5.8337726	0.0078087638
367.36	0.0091717754	-5.8339039	0.0060528009
367.488	0.0091300904	-5.8336345	0.0070376745
367.616	0.009131749	-5.8336555	0.0065367713
367.744	0.0091386942	-5.8339065	0.0069799894
367.872	0.0092039245	-5.8337611	0.00700588
368	0.0090640196	-5.8336348	0.0082735453
368.128	0.009117823	-5.8336917	0.0080160212
368.256	0.0091589727	-5.8339359	0.0062469963
368.384	0.0090163724	-5.8337858	0.0065080436
368.512	0.0092233246	-5.8340011	0.0051870672
368.64	0.0090940662	-5.8337056	0.0060024421
368.768	0.0091716537	-5.8338449	0.0060279854
368.896	0.0090156077	-5.8337505	0.0075144775
369.024	0.0089848813	-5.8337787	0.0078804545
369.152	0.0091903129	-5.8342622	0.0063201854
369.28	0.0089954083	-5.8341664	0.0076355855
369.408	0.0088926498	-5.8338882	0.0076500159
369.536	0.0091294721	-5.8341862	0.0048359585
369.664	0.0090828614	-5.8339343	0.0058598514
369.792	0.0088525336	-5.8340107	0.0064903091
369.92	0.0088372918	-5.8337491	0.0060045435
370.048	0.0088746405	-5.8338945	0.0052435668
370.176	0.0089887337	-5.8339795	0.0043127694
370.304	0.0087778683	-5.8340121	0.0065390518
370.432	0.0087090822	-5.8338278	0.0045169783
370.56	0.0089212232	-5.8339845	0.0050620878
370.688	0.008916882	-5.8343358	0.0066035972
370.816	0.0088660934	-5.8340281	0.0052261704
370.944	0.0087572414	-5.8340958	0.0081694624
371.072	0.0088238614	-5.8341836	0.006364816
371.2	0.0087770544	-5.8340454	0.0062186529
371.328	0.0088249518	-5.8341544	0.0075246682
371.456	0.0090083879	-5.8344078	0.0053055854
371.584	0.008724294	-5.8338508	0.0057636392
371.712	0.0088603758	-5.8339637	0.004366811
371.84	0.0089067954	-5.8341314	0.0050988011
371.968	0.0089663231	-5.8341733	0.0062875643
372.096	0.0089385578	-5.8340478	0.0055311396
372.224	0.0088101561	-5.834192	0.0062885549
372.352	0.0090561028	-5.8342044	0.0057376485
372.48	0.0088772018	-5.8337781	0.0077923099
372.608	0.0090372803	-5.8339437	0.0068909162
372.736	0.0091334468	-5.8337922	0.0067144508
372.864	0.0090646335	-5.8337668	0.0058193514
372.992	0.0091476741	-5.8340044	0.0048878801
373.12	0.0089452218	-5.8337268	0.0065857822
373.248	0.0089916499	-5.8339123	0.0080123263
373.376	0.009100932	-5.8337626	0.0063253069
373.504	0.0091586441	-5.8338904	0.0037904617
373.632	0.008949636	-5.8335742	0.0053185434
373.76	0.0091741797	-5.8339494	0.0051806115
373.888	0.0090814424	-5.8338456	0.0067282021
374.016	0.0090672121	-5.8338392	0.0073655036
374.144	0.0091461885	-5.8339107	0.0080995956
374.272	0.0093112612	-5.8340088	0.0068595748
374.4	0.0092231088	-5.8339262	0.0062456316
374.528	0.0091695526	-5.8338989	0.0065726195
374.656	0.0091909963	-5.8336596	0.0069657814
374.784	0.0090177601	-5.8333701	0.0066341336
374.912	0.0091739609	-5.8337615	0.0043694879
375.04	0.0089801385	-5.8338739	0.0050443013
375.168	0.0090299943	-5.8336541	0.0041494419
375.296	0.0091605956	-5.8337901	0.0060233484
375.424	0.0090169336	-5.8340321	0.006874037
375.552	0.0091355047	-5.8340999	0.0051631005
375.68	0.0089696717	-5.8338718	0.0064236623
375.808	0.0089751058	-5.8337637	0.0053779995
375.936	0.0089986155	-5.8338642	0.0056402729
376.064	0.0089948512	-5.8340686	0.0059983806
376.192	0.0089465273	-5.8341905	0.006206815
376.32	0.0088047842	-5.834138	0.0080191221
376.448	0.0088120718	-5.8339736	0.0081022764
376.576	0.0089285962	-5.8342072	0.0061329441
376.704	0.0088071875	-5.8343867	0.005343526
376.832	0.0089592702	-5.8343286	0.0054432032
376.96	0.0088624003	-5.8341261	0.0068882188
377.088	0.0088898992	-5.8341231	0.0067285072
377.216	0.0087881833	-5.8340839	0.0065177339
377.344	0.0088009475	-5.8340083	0.0059100835
377.472	0.0088265789	-5.8338466	0.0046829227
377.6	0.0088673404	-5.8340112	0.002766526
377.728	0.008788675	-5.8341783	0.0035846518
377.856	0.0088009505	-5.8341479	0.0046993235
377.984	0.0088453877	-5.8341766	0.0046778716
378.112	0.0089212627	-5.8341997	0.0058553904
378.24	0.0088529388	-5.8339727	0.006023994
378.368	0.0089099943	-5.8342251	0.0046419501
378.496	0.0090787686	-5.8342692	0.0044688794
378.624	0.0088660503	-5.8340472	0.0049864385
378.752	0.0089861705	-5.8342067	0.0034756164
378.88	0.0091817321	-5.8339752	0.004755988
379.008	0.008894143	-5.8339704	0.0066043724
379.136	0.0088655201	-5.833833	0.0065245001
379.264	0.0092562598	-5.834159	0.006596387
379.392	0.0091027294	-5.8338982	0.0064752948
379.52	0.0090000182	-5.8338725	0.0059137755
379.648	0.0089454443	-5.833808	0.0064647655
379.776	0.0091117411	-5.8339141	0.0049155419
379.904	0.009111928	-5.8336111	0.0074619051
380.032	0.0090738639	-5.8337547	0.0096979593
380.16	0.0093055529	-5.8335986	0.0055142932
380.288	0.009148526	-5.8336269	0.0044963091
380.416	0.0091822602	-5.8336985	0.005904906
380.544	0.0092016386	-5.8338877	0.0050275972
380.672	0.0090076114	-5.8335146	0.0049166163
380.8	0.0091136459	-5.833825	0.0062842182
380.928	0.0090293424	-5.8335086	0.006822118
381.056	0.0093782491	-5.8340111	0.0054691478
381.184	0.0091441391	-5.8336085	0.0055646848
381.312	0.0091195029	-5.8338948	0.0063461858
381.44	0.0090592235	-5.8339551	0.0075211114
381.568	0.0091277996	-5.8341101	0.0062755406
381.696	0.0090559269	-5.8341694	0.0060502409
381.824	0.0091092617	-5.8341285	0.0037666851
381.952	0.0089310188	-5.8340161	0.0067443609
382.08	0.0090600534	-5.8340983	0.0064452931
382.208	0.0088326918	-5.8340476	0.0063693546
382.336	0.0089392354	-5.8341006	0.0059040931
382.464	0.0089167882	-5.8340409	0.0034111395
382.592	0.0090882635	-5.8342154	0.0042019422
382.72	0.008906939	-5.8338707	0.005257393
382.848	0.0087835263	-5.8338559	0.0065786875
382.976	0.0088516105	-5.8341064	0.0067422163
383.104	0.0088576505	-5.8342999	0.0068515337
383.232	0.0088040195	-5.8340527	0.0069297796
383.36	0.0089223915	-5.8341166	0.005710144
383.488	0.0089163539	-5.8340881	0.0053824587
383.616	0.0088000546	-5.8340567	0.0064197289
383.744	0.0088799691	-5.8340403	0.0054993065
383.872	0.0088549631	-5.8338678	0.0056656369
384	0.0088737505	-5.8338691	0.0066660892
384.128	0.008946893	-5.8343674	0.0037403237
384.256	0.0089611363	-5.8343148	0.0012853047
384.384	0.0087211287	-5.8341539	0.0041382729
384.512	0.0086934178	-5.8340975	0.0045970523
384.64	0.008801018	-5.8339846	0.0047718763
384.768	0.0089412445	-5.8343238	0.0064124856
384.896	0.0089758138	-5.834219	0.0055003608
385.024	0.0088434057	-5.8339545	0.0055579893
385.152	0.0089395825	-5.8339177	0.0068217504
385.28	0.0089805159	-5.8340896	0.005009534
385.408	0.0090998312	-5.8342596	0.0023050535
385.536	0.0089780544	-5.8339144	0.0055729262
385.664	0.0090508305	-5.8337777	0.0042105143
385.792	0.00906124	-5.834077	0.0053861875
385.92	0.009168964	-5.8340575	0.0073367472
386.048	0.0091522908	-5.8338286	0.004530067
386.176	0.0092113125	-5.8338467	0.0063820205
386.304	0.0090932319	-5.8341262	0.0083056586
386.432	0.0091593472	-5.8339324	0.0070087926
386.56	0.009166744	-5.8338566	0.0058685196
386.688	0.009148246	-5.8335969	0.0070883661
386.816	0.0090705683	-5.8334737	0.0076993062
386.944	0.009186355	-5.8337445	0.0063690273
387.072	0.0092324382	-5.8336645	0.006074682
387.2	0.00911265	-5.833766	0.0047125406
387.328	0.0093449509	-5.8340381	0.0059021817
387.456	0.0090766698	-5.8338458	0.0076770488
387.584	0.0090742113	-5.834003	0.0070296936
387.712	0.0092086422	-5.8338769	0.0062440437
387.84	0.0089865902	-5.8337299	0.0060881526
387.968	0.009014142	-5.8337322	0.0056505842
388.096	0.0089457215	-5.8337508	0.0066584744
388.224	0.0091275658	-5.8339635	0.0059432551
388.352	0.0089573102	-5.8337011	0.0052211283
388.48	0.0089634253	-5.8337319	0.005043899
388.608	0.0090433294	-5.8338689	0.0056162657
388.736	0.0088725059	-5.833981	0.0053990532
388.864	0.0090241373	-5.8337807	0.0037524114
388.992	0.0089189752	-5.8337325	0.0040170914
389.12	0.0090137734	-5.8341544	0.0059240517
389.248	0.0088081061	-5.8340787	0.0075126536
389.376	0.0088666321	-5.8340676	0.0063914632
389.504	0.0088710382	-5.8342804	0.0052387645
389.632	0.0088568047	-5.8341718	0.0043655681
389.76	0.0089262924	-5.8342961	0.0059847296
389.888	0.0086389058	-5.8341867	0.0059067092
390.016	0.0087715882	-5.8342484	0.0052244081
390.144	0.0087587045	-5.8340797	0.006208502
390.272	0.0088380582	-5.834132	0.006168764
390.4	0.0088026418	-5.8340361	0.0043318026
390.528	0.0089384154	-5.8344032	0.0051384235
390.656	0.0087971973	-5.8340759	0.0073718194
390.784	0.0089839397	-5.8341278	0.0034023871
390.912	0.0087786893	-5.8339949	0.0044765307
391.04	0.0088446244	-5.8341014	0.0075270965
391.168	0.0090243601	-5.8340702	0.006575214
391.296	0.0088978574	-5.833872	0.0053771408
391.424	0.0090615829	-5.8340598	0.0036608142
391.552	0.0090135886	-5.8341613	0.0045222748
391.68	0.0089239809	-5.8339984	0.0049138285
391.808	0.008975875	-5.8339342	0.0039351716
391.936	0.0088760761	-5.8338261	0.0046490516
392.064	0.0090638142	-5.8340128	0.0046580935
392.192	0.0092597016	-5.8341155	0.0054393241
392.32	0.0089927008	-5.8339577	0.0065241569
392.448	0.0091037441	-5.8338186	0.0075258958
392.576	0.0091138261	-5.8338238	0.0060979655
392.704	0.0092561984	-5.8340347	0.0038503794
392.832	0.00914788	-5.834025	0.0061503261
392.96	0.0091098181	-5.8338034	0.0064863225
393.088	0.0091838482	-5.8337085	0.0056057743
393.216	0.009216592	-5.8338112	0.0064037643
393.344	0.0089967504	-5.8334541	0.0089322835
393.472	0.0093386117	-5.8338901	0.00746885
393.6	0.0091525639	-5.8338936	0.0057336543
393.728	0.009038355	-5.8336953	0.0064789008
393.856	0.0091339586	-5.8341281	0.0060407519
393.984	0.0091211224	-5.8339729	0.0069882339
394.112	0.0091813136	-5.8340579	0.0066625662
394.24	0.0091651444	-5.8340251	0.0046843242
394.368	0.0090537042	-5.8338491	0.0063129632
394.496	0.0088644445	-5.8338667	0.0073245846
394.624	0.0090699714	-5.8340321	0.0058742578
394.752	0.0089725215	-5.8338771	0.0067153557
394.88	0.0090631762	-5.8341095	0.0052339611
395.008	0.0090169366	-5.8339401	0.0060965946
395.136	0.008856601	-5.8340238	0.0057811514
395.264	0.008898804	-5.8339345	0.0058675507
395.392	0.0088265983	-5.833946	0.0061089849
395.52	0.0088161077	-5.8339349	0.006753078
395.648	0.0089730124	-5.8343139	0.0043543204
395.776	0.0087960853	-5.8341521	0.0042934543
395.904	0.0088614268	-5.8342688	0.0052786595
396.032	0.0088323775	-5.8341562	0.0049745305
396.16	0.0087211384	-5.8339741	0.0044716059
396.288	0.0087905461	-5.8339648	0.0032334952
396.416	0.008866127	-5.8342617	0.0045857801
396.544	0.008905802	-5.8341914	0.0049711138
396.672	0.00876788	-5.8340658	0.0041952113
396.8	0.0089543931	-5.8340502	0.0041024085
396.928	0.0088919854	-5.8340892	0.0055807752
397.056	0.0089520149	-5.8337651	0.0067068013
397.184	0.0088449465	-5.8337683	0.0069491721
397.312	0.0089205183	-5.8338373	0.0076389844
397.44	0.0089058155	-5.8340783	0.0085500374
397.568	0.0089596848	-5.8342187	0.007051436
397.696	0.008913076	-5.8339459	0.0046208075
397.824	0.0088925184	-5.8338553	0.0054825673
397.952	0.0090896573	-5.834077	0.0059123787
398.08	0.0090484907	-5.8338391	0.0046838666
398.208	0.0090435792	-5.8339145	0.0040816014
398.336	0.0090324985	-5.8337247	0.0037319686
398.464	0.0090716498	-5.8338107	0.004001159
398.592	0.0091126255	-5.8338615	0.0057134645
398.72	0.0091540747	-5.833837	0.0055297318
398.848	0.0090927117	-5.8339278	0.0055926738
398.976	0.009142164	-5.8342066	0.0055456519
399.104	0.0090737157	-5.8341036	0.0047981111
399.232	0.0090852157	-5.8341401	0.0055645898
399.36	0.0091436045	-5.8343183	0.0064984758
399.488	0.0092210545	-5.8343807	0.0057887277
399.616	0.0090750514	-5.833813	0.0070486618
399.744	0.0092453715	-5.833953	0.0053660995
399.872	0.0091473346	-5.833897	0.0070316988
400	0.0091392321	-5.8337401	0.0070943775
400.128	0.0091217675	-5.833621	0.0062890219
400.256	0.009193264	-5.8338932	0.0067544369
400.384	0.0091021659	-5.8339058	0.0063500026
400.512	0.0090656682	-5.8337158	0.00622353
400.64	0.0090361706	-5.833897	0.0061610779
400.768	0.0089896118	-5.8338533	0.00729541
400.896	0.0090374214	-5.8337978	0.0065204306
401.024	0.0089100948	-5.8338324	0.0066990056
401.152	0.008918339	-5.8339642	0.0064565374
401.28	0.0089731971	-5.8341283	0.004937415
401.408	0.0089423587	-5.8339126	0.0037025833
401.536	0.0089570315	-5.8338114	0.0052876443
401.664	0.0090519571	-5.8340495	0.0052461139
401.792	0.0087693905	-5.8338117	0.0055737349
401.92	0.0089082559	-5.8339664	0.0040303106
402.048	0.0088370169	-5.8341725	0.0047700032
402.176	0.0087752195	-5.8340484	0.0062973572
402.304	0.0088915321	-5.8343755	0.0046917834
402.432	0.0087928833	-5.8343702	0.0064941506
402.56	0.0088470868	-5.8342832	0.0063325361
402.688	0.0089093967	-5.8342429	0.0048500362
402.816	0.0087978349	-5.83416	0.0069243561
402.944	0.0088485293	-5.8340233	0.004354185
403.072	0.0087804268	-5.8338786	0.0040288557
403.2	0.0088026587	-5.8338458	0.0061556274
403.328	0.0088993174	-5.8339473	0.0042953588
403.456	0.0089434426	-5.8338859	0.0053522268
403.584	0.0088880534	-5.8338714	0.0064602833
403.712	0.0089807398	-5.8339656	0.0062861344
403.84	0.0090021628	-5.83416	0.0058007195
403.968	0.0088414047	-5.8338334	0.0074320716
404.096	0.0089515205	-5.8340275	0.0066179859
404.224	0.0091279386	-5.8342201	0.0049479641
404.352	0.0088284587	-5.8335192	0.0066898792
404.48	0.0089619969	-5.8335978	0.0048427937
404.608	0.0090649427	-5.8337941	0.0047259831
404.736	0.0091878006	-5.8340403	0.0062232497
404.864	0.0091760724	-5.8341892	0.0077920806
404.992	0.0090236275	-5.8338152	0.006975367
405.12	0.0091613173	-5.8339191	0.0048709857
405.248	0.0091530309	-5.8338777	0.0047717326
405.376	0.0090454973	-5.8336535	0.0043530443
405.504	0.0091456661	-5.8339336	0.0055216243
405.632	0.0092881411	-5.8340707	0.0050788162
405.76	0.0091732933	-5.8339433	0.0053621824
405.888	0.0092781581	-5.8338974	0.0061302246
406.016	0.0090685854	-5.8338185	0.0071557246
406.144	0.0091310982	-5.8340716	0.0066030011
406.272	0.0091702737	-5.8341076	0.0058375899
406.4	0.0090958524	-5.8338908	0.005872632
406.528	0.0089670838	-5.8338921	0.0043442534
406.656	0.0091049204	-5.8339284	0.0069545346
406.784	0.0091840565	-5.8341849	0.0071442733
406.912	0.009068282	-5.8338742	0.005771149
407.04	0.0090275015	-5.8339483	0.006178654
407.168	0.0091152802	-5.8341731	0.0056915765
407.296	0.0089248031	-5.8337728	0.0060683913
407.424	0.0089827224	-5.8340475	0.003743889
407.552	0.0088882795	-5.8338515	0.004434845
407.68	0.0087198581	-5.8335273	0.006550129
407.808	0.0090614152	-5.8340655	0.0058756531
407.936	0.0091831451	-5.8341283	0.0046566982
408.064	0.0088088111	-5.8340351	0.0060613345
408.192	0.0087895697	-5.8339994	0.0057414877
408.32	0.0089810438	-5.8341653	0.0052128662
408.448	0.0087753928	-5.8339684	0.005885574
408.576	0.0087941933	-5.8341898	0.0059122527
408.704	0.0088436354	-5.8343152	0.0075566121
408.832	0.008803591	-5.8341551	0.0067456213
408.96	0.0088171257	-5.8343311	0.0056779586
409.088	0.0088657329	-5.834055	0.0064169781
409.216	0.0087160663	-5.8337859	0.0043909838
409.344	0.0089194599	-5.8341785	0.002965515
409.472	0.0087635789	-5.834067	0.0046629775
409.6	0.0089268062	-5.8341046	0.0054294829
409.728	0.0088338765	-5.8341888	0.0055813576
409.856	0.0090486738	-5.8343023	0.0056448226
409.984	0.0088107545	-5.8339623	0.0063034872
410.112	0.0090151248	-5.8343681	0.0051721816
410.24	0.0089684302	-5.8338754	0.0058358914
410.368	0.0088582199	-5.8336872	0.0051266591
410.496	0.0091421553	-5.834035	0.0047212673
410.624	0.0090014764	-5.8339362	0.0061509529
410.752	0.0090013403	-5.8340168	0.0065981234
410.88	0.0089683252	-5.8339443	0.0061464626
411.008	0.0091632035	-5.8338711	0.0059732882
411.136	0.0090683239	-5.8337354	0.0056671746
411.264	0.0092189553	-5.8340341	0.0042264703
411.392	0.00909934	-5.8338261	0.0035993676
411.52	0.0091115009	-5.8337926	0.005268522
411.648	0.0089828845	-5.8339751	0.0069462109
411.776	0.0091239014	-5.8335727	0.0074819279
411.904	0.0093026587	-5.8339662	0.0082406723
412.032	0.0091507475	-5.8341302	0.0079220423
412.16	0.0091729992	-5.8339779	0.004743367
412.288	0.0092072599	-5.8343055	0.0036380769
412.416	0.0091443621	-5.8339606	0.0076514564
412.544	0.0092121977	-5.8337826	0.0068690676
412.672	0.0091849104	-5.8339759	0.0068977863
412.8	0.0090739772	-5.8339426	0.006363765
412.928	0.0091120521	-5.8340792	0.0053252309
413.056	0.0091222435	-5.8339067	0.0047016598
413.184	0.0090707044	-5.8340002	0.0058873488
413.312	0.0091534136	-5.8342022	0.0057640528
413.44	0.0090056745	-5.8339243	0.0063919439
413.568	0.0091052894	-5.834123	0.0048630992
413.696	0.0089198129	-5.8336702	0.0051715972
413.824	0.0089877042	-5.8339164	0.0043143826
413.952	0.0088819893	-5.8339558	0.0062729333
414.08	0.0090062481	-5.8339421	0.008084574
414.208	0.0088914598	-5.8339251	0.0069763089
414.336	0.0088464276	-5.8338771	0.0051560412
414.464	0.0087943946	-5.8337757	0.0038592585
414.592	0.0088553311	-5.83428	0.0031100199
414.72	0.008742012	-5.833993	0.0064972031
414.848	0.0089199125	-5.8340614	0.0043955732
414.976	0.0088684603	-5.8341895	0.0044081654
415.104	0.0087296884	-5.8340625	0.0059426239
415.232	0.0088360022	-5.8341171	0.0052426222
415.36	0.0088183315	-5.8340796	0.0058113692
415.488	0.0088828049	-5.8343184	0.0058038366
415.616	0.0088138987	-5.8341761	0.0047269363
415.744	0.0089381912	-5.8341333	0.0053352752
415.872	0.0087728348	-5.8340489	0.0042965496
416	0.0090042145	-5.834207	0.0033941487
416.128	0.0089632206	-5.8341514	0.0040884514
416.256	0.008838745	-5.8340425	0.0039873328
416.384	0.008826406	-5.8340265	0.0042715675
416.512	0.0091189713	-5.8343891	0.0062932719
416.64	0.0089164005	-5.834276	0.0065869389
416.768	0.0090468093	-5.8340339	0.0049231332
416.896	0.0090619838	-5.8338362	0.0053575872
417.024	0.0090878424	-5.8338934	0.0056366326
417.152	0.0090060339	-5.8339484	0.0075036288
417.28	0.009167064	-5.8337684	0.0051240376
417.408	0.0090846516	-5.8337516	0.0050919286
417.536	0.0090706192	-5.8339743	0.006657645
417.664	0.0091235941	-5.8337751	0.0070667252
417.792	0.0093048645	-5.83364	0.0068836544
417.92	0.0091526389	-5.8336201	0.0081871623
418.048	0.0089824397	-5.8336068	0.0081279582
418.176	0.0091747007	-5.8336885	0.0071638362
418.304	0.0092883017	-5.8338656	0.0069533214
418.432	0.008880257	-5.833477	0.0065960946
418.56	0.0091806859	-5.8338781	0.0063795249
418.688	0.009379356	-5.834086	0.0065434531
418.816	0.009223553	-5.8340645	0.0049621913
418.944	0.009072869	-5.8339196	0.006987669
419.072	0.0089971393	-5.8337775	0.0064012935
419.2	0.0091359439	-5.8341268	0.0057687508
419.328	0.0090683737	-5.833683	0.0044230049
419.456	0.0090282593	-5.8339666	0.0046854847
419.584	0.0091652235	-5.8341494	0.0052828134
419.712	0.009019952	-5.8341477	0.0042196281
419.84	0.0090098428	-5.8338116	0.007107797
419.968	0.0089352951	-5.8337677	0.0064332066
420.096	0.0090439589	-5.8338815	0.0046239475
420.224	0.0088519438	-5.8339684	0.0047912941
420.352	0.0089254086	-5.8340805	0.0058866047
420.48	0.0089034345	-5.8339996	0.0055491905
420.608	0.0091113239	-5.8343051	0.004251817
420.736	0.00885803	-5.8339721	0.0053979096
420.864	0.0086817864	-5.8338875	0.0063673846
420.992	0.0088178488	-5.8340523	0.0055827098
421.12	0.0090160608	-5.8343346	0.0053102894
421.248	0.0087398764	-5.8340923	0.0064166718
421.376	0.0087990815	-5.8339961	0.0041861545
421.504	0.0088551464	-5.8339568	0.0056274647
421.632	0.0087811889	-5.8340257	0.0061130579
421.76	0.0088183452	-5.8343298	0.0058225237
421.888	0.0088259822	-5.8341003	0.0049784905
422.016	0.0088719749	-5.8342243	0.005301881
422.144	0.0089346432	-5.8343658	0.005776294
422.272	0.0089283847	-5.8341519	0.0064899313
422.4	0.0088250648	-5.8336657	0.0071664635
422.528	0.0089782682	-5.8337952	0.0061401585
422.656	0.0089338101	-5.8341397	0.0042891621
422.784	0.0087870191	-5.833744	0.0058347356
422.912	0.0090959829	-5.8340736	0.0033347301
423.04	0.0091571723	-5.8342347	0.0037488882
423.168	0.0088834204	-5.8339277	0.0072410921
423.296	0.0089973871	-5.8338309	0.005630288
423.424	0.0091124992	-5.8337586	0.0045163125
423.552	0.0090765937	-5.8338693	0.0047781195
423.68	0.0092300451	-5.8338437	0.0049273203
423.808	0.0090517833	-5.8336871	0.0064609632
423.936	0.0090892544	-5.8340838	0.0067197342
424.064	0.0092051961	-5.8341266	0.006924497
424.192	0.0090679203	-5.833698	0.0063213441
424.32	0.0090921127	-5.8335602	0.0062154868
424.448	0.0091241578	-5.8336262	0.0073283476
424.576	0.0092928374	-5.8340657	0.0044588127
424.704	0.0091281648	-5.8337194	0.0055430435
424.832	0.0091865582	-5.8338633	0.0059282445
424.96	0.0089856897	-5.8333716	0.0057097216
425.088	0.0091118333	-5.8337426	0.0061411954
425.216	0.0092862097	-5.8341156	0.005580497
425.344	0.0089761972	-5.8340581	0.0069287296
425.472	0.0090602648	-5.8338049	0.0074740533
425.6	0.0092093975	-5.834191	0.0060133533
425.728	0.0091277394	-5.833937	0.007088458
425.856	0.0091657829	-5.8339219	0.0063859051
425.984	0.008922829	-5.8339226	0.007453695
426.112	0.0089681306	-5.833918	0.0070230557
426.24	0.0089247824	-5.8335401	0.0057328962
426.368	0.0089665808	-5.8337678	0.0062321147
426.496	0.0089492082	-5.8339718	0.0064458431
426.624	0.0089689223	-5.8342295	0.0045510999
426.752	0.0088060391	-5.8338522	0.0049882507
426.88	0.0089596789	-5.8340883	0.0043366158
427.008	0.0089434248	-5.8342036	0.0050405081
427.136	0.0089497113	-5.8341204	0.0055289226
427.264	0.0087362562	-5.8339117	0.0060976202
427.392	0.0087724192	-5.8341679	0.0051846293
427.52	0.0088388995	-5.8341912	0.003167555
427.648	0.0088552214	-5.8341776	0.003429435
427.776	0.0088340034	-5.8341879	0.0058834311
427.904	0.008813985	-5.8340931	0.0059095359
428.032	0.0087803813	-5.8340208	0.0049476188
428.16	0.0088948837	-5.8343705	0.0060294333
428.288	0.00890498	-5.8342445	0.0077827702
428.416	0.0088265064	-5.8340623	0.0057142704
428.544	0.0089945783	-5.8342013	0.0030536224
428.672	0.0088818061	-5.8340573	0.0051078461
428.8	0.0088946914	-5.8340048	0.0050027948
428.928	0.008905665	-5.8339783	0.0065068028
429.056	0.0089864033	-5.8339905	0.0067507054
429.184	0.0088689623	-5.8336941	0.0049661831
429.312	0.0090223528	-5.8339892	0.0040635244
429.44	0.0088811701	-5.8337571	0.0072862783
429.568	0.0091186188	-5.8339817	0.0046145694
429.696	0.0092087695	-5.8340699	0.0038230849
429.824	0.0090663592	-5.8336648	0.005699881
429.952	0.0090980256	-5.8339677	0.0049369285
430.08	0.0088582438	-5.8337981	0.0076203025
430.208	0.0091507427	-5.8340198	0.0059979431
430.336	0.009186142	-5.8338794	0.005536206
430.464	0.0093256931	-5.8338201	0.0051608739
430.592	0.0090521449	-5.8335748	0.005260599
430.72	0.0091746367	-5.8337675	0.0060294115
430.848	0.0092444892	-5.834052	0.0069100659
430.976	0.0090780537	-5.8336555	0.0080299548
431.104	0.0091072129	-5.8335607	0.0078374242
431.232	0.0091717004	-5.8337577	0.0065425445
431.36	0.0091385185	-5.8338393	0.0072086116
431.488	0.0091391739	-5.8339174	0.0050431871
431.616	0.0090991856	-5.8339747	0.0048273469
431.744	0.0091048732	-5.8340118	0.0075409315
431.872	0.0091137714	-5.8338735	0.0082055425
432	0.0091010278	-5.8341231	0.0051054257
432.128	0.0090432994	-5.8342012	0.0056093815
432.256	0.0089420407	-5.8341756	0.0053556332
432.384	0.0089339802	-5.8339679	0.006580826
432.512	0.0089171108	-5.8340886	0.0067875929
432.64	0.0090579418	-5.8341933	0.0045211234
432.768	0.0088203641	-5.8341206	0.0042237196
432.896	0.0089147759	-5.8339343	0.0047261348
433.024	0.0088395827	-5.834027	0.0051846152
433.152	0.0089943666	-5.8342995	0.0044105739
433.28	0.0088887194	-5.8341884	0.0043122868
433.408	0.0089417367	-5.834098	0.0037816299
433.536	0.0087987385	-5.8342034	0.0053465783
433.664	0.0089548093	-5.8343047	0.0043968613
433.792	0.0086679159	-5.8340471	0.0058996914
433.92	0.0089430754	-5.8342609	0.0056601913
434.048	0.0088478345	-5.8338601	0.00497059
434.176	0.0088735616	-5.834231	0.0041674876
434.304	0.0088798293	-5.8342148	0.0044198292
434.432	0.0088421856	-5.8340855	0.0060093463
434.56	0.008909473	-5.8340101	0.004571121
434.688	0.0087900336	-5.8337902	0.0060277367
434.816	0.0088524146	-5.8337875	0.0047991102
434.944	0.0088656111	-5.8337677	0.0046008082
435.072	0.0089650046	-5.833789	0.0034834238
435.2	0.0089842955	-5.8337946	0.0050021885
435.328	0.0090840605	-5.834116	0.0058459107
435.456	0.0090431264	-5.8339933	0.006438386
435.584	0.009073862	-5.833961	0.0053996576
435.712	0.0089551334	-5.8337092	0.006212935
435.84	0.0089502027	-5.8338798	0.007552701
435.968	0.0090796744	-5.8339164	0.0078530913
436.096	0.0090846774	-5.833922	0.0067220841
436.224	0.0091401227	-5.8341339	0.0050241981
436.352	0.0090668583	-5.8338482	0.0045394792
436.48	0.0091732969	-5.8339079	0.0053275578
436.608	0.0091480749	-5.8338868	0.0081087314
436.736	0.0090831709	-5.833748	0.0066507567
436.864	0.0091259749	-5.8338699	0.0060791347
436.992	0.0092003672	-5.833753	0.0075869489
437.12	0.0090965495	-5.8335515	0.0063401244
437.248	0.0092866264	-5.83408	0.003935982
437.376	0.0091198112	-5.8336261	0.0051705973
437.504	0.0091765029	-5.8338107	0.0054754217
437.632	0.0091975846	-5.8336357	0.0072348323
437.76	0.0091486715	-5.8338044	0.0075178375
437.888	0.0091781609	-5.8337673	0.0064691568
438.016	0.0089235598	-5.8337292	0.0062205911
438.144	0.0091483455	-5.8340078	0.0051253449
438.272	0.0089969074	-5.8339464	0.0064141057
438.4	0.0090284593	-5.8340427	0.0075460032
438.528	0.0089449552	-5.8339693	0.006759806
438.656	0.008965687	-5.8340888	0.0056376903
438.784	0.0089421812	-5.834187	0.0051439978
438.912	0.0090384426	-5.8340872	0.0053671409
439.04	0.0090482195	-5.8339773	0.0054465586
439.168	0.008882881	-5.8340922	0.0051523559
439.296	0.0089276815	-5.8341476	0.0045394804
439.424	0.0089298178	-5.8339808	0.004769102
439.552	0.008939795	-5.8344381	0.0056053881
439.68	0.0088572717	-5.8341059	0.0048593156
439.808	0.0088856084	-5.8340995	0.0055719503
439.936	0.0089451104	-5.8342657	0.0078592966
440.064	0.008810626	-5.8340151	0.0067432356
440.192	0.0088261401	-5.834099	0.0051549146
440.32	0.0088952672	-5.8341535	0.0048823369
440.448	0.0087948024	-5.8341873	0.0042694775
440.576	0.0088903824	-5.8341783	0.0038815011
440.704	0.0087621779	-5.8340777	0.0043946994
440.832	0.0089232589	-5.8342711	0.0047993803
440.96	0.0087527277	-5.8339286	0.0054596302
441.088	0.0088947762	-5.8341803	0.0053963467
441.216	0.0088751175	-5.8338985	0.0066465607
441.344	0.0088316702	-5.833808	0.0051356388
441.472	0.0089551585	-5.8338075	0.0053572991
441.6	0.0089292696	-5.8340603	0.0075515302
441.728	0.0090267605	-5.8341272	0.0055598278
441.856	0.0088156078	-5.8337321	0.0057746029
441.984	0.0091223591	-5.8340515	0.0047272364
442.112	0.009118077	-5.8343831	0.0056062387
442.24	0.0088839403	-5.8338548	0.0060318547
442.368	0.0092236067	-5.8338911	0.0063454647
442.496	0.0089915767	-5.8335183	0.0060482846
442.624	0.0089645049	-5.8335803	0.0056897961
442.752	0.0090911913	-5.8338961	0.0073186611
442.88	0.0092097626	-5.8341105	0.0057688788
443.008	0.0090997715	-5.8338465	0.0061485554
443.136	0.0092907614	-5.8340766	0.0051895771
443.264	0.0090286165	-5.8338917	0.0047816294
443.392	0.0092623598	-5.8338717	0.0051539132
443.52	0.0091379336	-5.8336113	0.0062282849
443.648	0.0090699695	-5.8335182	0.0067836708
443.776	0.0092645715	-5.8338737	0.0076310076
443.904	0.0091048504	-5.8336785	0.007772578
444.032	0.0090820846	-5.8338063	0.0067488862
444.16	0.0089815373	-5.833775	0.0070179976
444.288	0.0092370411	-5.8338247	0.0056336498
444.416	0.009234588	-5.8339725	0.0067481203
444.544	0.0089430157	-5.8338498	0.0087311401
444.672	0.0089811574	-5.8340658	0.0066871884
444.8	0.0088805256	-5.8337758	0.0055865136
444.928	0.0091570339	-5.8342187	0.0047472682
445.056	0.0090147638	-5.8340091	0.0040444909
445.184	0.009031005	-5.8337257	0.0040162412
445.312	0.0089746774	-5.8337601	0.0063334108
445.44	0.0088452735	-5.8339899	0.0048650478
445.568	0.0089738268	-5.8343295	0.004021958
445.696	0.0088211599	-5.8339766	0.0056861797
445.824	0.008942985	-5.8340757	0.0047460687
445.952	0.0087859681	-5.8339495	0.0068009963
446.08	0.0089401767	-5.8342272	0.0064659607
446.208	0.0088462366	-5.8341059	0.0061710614
446.336	0.008892806	-5.8343123	0.0056390475
446.464	0.0090040787	-5.8343457	0.0045507365
446.592	0.0088281279	-5.8341116	0.0050174183
446.72	0.0088469828	-5.833926	0.0069599526
446.848	0.0088595846	-5.8341738	0.0055420335
446.976	0.0088369877	-5.8343036	0.0024370126
447.104	0.008938651	-5.834186	0.004735533
447.232	0.0087735519	-5.8341376	0.0057601139
447.36	0.0088993596	-5.8341287	0.0036176102
447.488	0.0088607195	-5.8339922	0.0054369871
447.616	0.0088649781	-5.8341134	0.006061644
447.744	0.0089414023	-5.8343043	0.0043261618
447.872	0.0089127766	-5.8340895	0.0057558061
448	0.0088711838	-5.833706	0.0073287679
448.128	0.0090490191	-5.8340549	0.0058573429
448.256	0.0089461459	-5.8341658	0.0080292888
448.384	0.0090531238	-5.8341601	0.0052615531
448.512	0.0090624029	-5.8340447	0.0062989115
448.64	0.0090770433	-5.834304	0.0074538103
448.768	0.0090732263	-5.8342767	0.0054024825
448.896	0.0090977009	-5.8339037	0.0058749209
449.024	0.0090855123	-5.8337168	0.0055024771
449.152	0.0092663195	-5.833963	0.0058907551
449.28	0.0091682942	-5.833775	0.0054275606
449.408	0.0090739416	-5.8334564	0.0048722614
449.536	0.0090648528	-5.8337057	0.006399529
449.664	0.0092249661	-5.834104	0.0046388132
449.792	0.0091616218	-5.8338105	0.005629824
449.92	0.0090791124	-5.8338609	0.0082118905
450.048	0.0091342463	-5.8335874	0.006283007
450.176	0.0092018507	-5.8337024	0.0064817847
450.304	0.0092307473	-5.8337842	0.0060617848
450.432	0.0090280365	-5.8335206	0.0055348823
450.56	0.0091828855	-5.8336046	0.0039136914
450.688	0.0090774209	-5.8337824	0.0052449864
450.816	0.0092674254	-5.8340271	0.0057607818
450.944	0.0089358351	-5.8338306	0.0065532894
451.072	0.0089520054	-5.8337602	0.0045536129
451.2	0.0089196776	-5.8337524	0.0060769788
451.328	0.009072624	-5.8339129	0.0064407512
451.456	0.0091126316	-5.8338316	0.0056416203
451.584	0.0088507838	-5.8338212	0.0068932776
451.712	0.0089433235	-5.8341243	0.0073574143
451.84	0.0090476003	-5.8342841	0.0069029307
451.968	0.0088220733	-5.8339874	0.0069537678
452.096	0.0088674772	-5.8339895	0.0077107156
452.224	0.0088346312	-5.8339892	0.0053492569
452.352	0.0089432362	-5.8341821	0.0051622024
452.48	0.0088674045	-5.8342767	0.0046787074
452.608	0.0087453436	-5.8342091	0.0057218508
452.736	0.0087528435	-5.8341798	0.0051406542
452.864	0.0088353299	-5.8343634	0.0055054701
452.992	0.00892319	-5.8343145	0.0054371649
453.12	0.008963042	-5.8344965	0.0051766851
453.248	0.0089295726	-5.8340846	0.00643742
453.376	0.0088484511	-5.8341134	0.0047550831
453.504	0.0088543564	-5.8342152	0.004446817
453.632	0.0088233021	-5.8340749	0.0066614162
453.76	0.008949253	-5.8342109	0.0060168805
453.888	0.0088998414	-5.8342221	0.0041981412
454.016	0.0089922205	-5.8342002	0.0052224546
454.144	0.0089256296	-5.8339159	0.0055430347
454.272	0.0090334293	-5.8340182	0.0044736009
454.4	0.0088302039	-5.8339728	0.006243622
454.528	0.0090695939	-5.8341529	0.004629355
454.656	0.0089166568	-5.8338295	0.0043235214
454.784	0.0090453833	-5.83393	0.0061787776
454.912	0.0091151519	-5.8340385	0.0063770721
455.04	0.0090316075	-5.8339916	0.0067263631
455.168	0.0090812975	-5.833846	0.0058330205
455.296	0.0091202834	-5.8340276	0.0043145568
455.424	0.0090581547	-5.8336942	0.0054946944
455.552	0.0091952934	-5.8335915	0.0052524257
455.68	0.0092113878	-5.8339172	0.0040589345
455.808	0.0091757105	-5.8339411	0.0052777536
455.936	0.0091189714	-5.8337246	0.0063386134
456.064	0.0090970534	-5.8335845	0.0072926194
456.192	0.0092780294	-5.833958	0.0047576101
456.32	0.0092830988	-5.8339737	0.0038591163
456.448	0.0090517705	-5.8335511	0.0064490936
456.576	0.0089638931	-5.833408	0.0086821103
456.704	0.0092326402	-5.8339917	0.0079964424
456.832	0.0092371236	-5.8341315	0.0058277074
456.96	0.0088892572	-5.8336873	0.0063204954
457.088	0.0089917952	-5.833741	0.0062616543
457.216	0.0090326736	-5.8340601	0.0063028706
457.344	0.009067434	-5.8340506	0.0091933256
457.472	0.0089889151	-5.8339169	0.0071333992
457.6	0.0089211413	-5.8337458	0.0040923683
457.728	0.0091268699	-5.8340644	0.0054818067
457.856	0.0089174277	-5.8340383	0.0073178494
457.984	0.0090428168	-5.8343026	0.0062585366
458.112	0.0089189326	-5.8341413	0.0042027757
458.24	0.0089043979	-5.8338371	0.0046280552
458.368	0.0088664628	-5.8337811	0.0069687965
458.496	0.0088649805	-5.8340277	0.0050392203
458.624	0.0090188864	-5.8342859	0.0052256902
458.752	0.0086483539	-5.8338166	0.0052946857
458.88	0.0089541105	-5.8340907	0.0049205676
459.008	0.008758319	-5.8340564	0.0071766313
459.136	0.0088943265	-5.8343242	0.0043154762
459.264	0.0089284847	-5.8343223	0.0055235554
459.392	0.0087087589	-5.8339275	0.005495395
459.52	0.0088929154	-5.8339673	0.0020691569
459.648	0.0088302392	-5.8340538	0.0039989317
459.776	0.0088356131	-5.833812	0.0059445593
459.904	0.0088217328	-5.8338764	0.0046336559
460.032	0.0090042108	-5.8343597	0.0055187453
460.16	0.00889397	-5.8340557	0.0065197636
460.288	0.0089633841	-5.8340816	0.0059974684
460.416	0.0088539488	-5.833829	0.0038999935
460.544	0.0089629186	-5.83388	0.0043356395
460.672	0.0090389877	-5.8342218	0.0057246205
460.8	0.0089499859	-5.8341872	0.0057289038
460.928	0.0090644059	-5.8342024	0.0069008302
461.056	0.0090107881	-5.8338188	0.0065512302
461.184	0.0091566553	-5.8341475	0.0049744867
461.312	0.0089520682	-5.8336501	0.0051034195
461.44	0.0090767504	-5.8336752	0.0059338775
461.568	0.0091066186	-5.8338131	0.007396624
461.696	0.0091633011	-5.8338137	0.0073471385
461.824	0.009164862	-5.8339173	0.0059714951
461.952	0.0091190621	-5.833791	0.0052634941
462.08	0.0091337025	-5.8337254	0.0064556011
462.208	0.009234287	-5.8339419	0.0058106322
462.336	0.0091767144	-5.8338909	0.0058282609
462.464	0.009025794	-5.83358	0.0054314339
462.592	0.0092923056	-5.8339692	0.0061129151
462.72	0.0091275327	-5.8336039	0.0070735337
462.848	0.0090829787	-5.8337492	0.0067946792
462.976	0.0091389203	-5.8337997	0.0049622108
463.104	0.0092428143	-5.8339151	0.0046408851
463.232	0.0089212954	-5.8333596	0.0076512144
463.36	0.0090398711	-5.833752	0.0070283188
463.488	0.009209061	-5.8340955	0.0058495887
463.616	0.0091187145	-5.8342537	0.0070287521
463.744	0.0090207121	-5.8341087	0.0044111354
463.872	0.0089666669	-5.8338364	0.0043795909
464	0.0089337444	-5.8339416	0.0061354055
464.128	0.0089761209	-5.8337677	0.0049667445
464.256	0.0089862943	-5.833961	0.0051579143
464.384	0.0089294288	-5.8338264	0.0076379646
464.512	0.008907273	-5.8339718	0.0059415157
464.64	0.0089089306	-5.8340818	0.0047002487
464.768	0.0089933586	-5.8342192	0.0044018736
464.896	0.0088911688	-5.8342554	0.0030523726
465.024	0.0088364592	-5.8341907	0.0040114626
465.152	0.0088801017	-5.8342103	0.0055864627
465.28	0.0088034483	-5.8343413	0.0039175012
465.408	0.0088277518	-5.8343718	0.003110354
465.536	0.0087513668	-5.834078	0.0055201781
465.664	0.0089102256	-5.8341436	0.006192013
465.792	0.0087878845	-5.8340259	0.0072746544
465.92	0.0088904685	-5.8341546	0.006853773
466.048	0.008928094	-5.8341299	0.0052855745
466.176	0.0088275976	-5.8340372	0.0062954956
466.304	0.0087421207	-5.8338565	0.00779242
466.432	0.0091088646	-5.8343925	0.0052951214
466.56	0.0088984724	-5.8341752	0.0064775355
466.688	0.0090486899	-5.8342698	0.0074815748
466.816	0.0088606483	-5.8339324	0.0056440867
466.944	0.0090172385	-5.833979	0.0052135205
467.072	0.0090207498	-5.8338946	0.0058935046
467.2	0.0090879267	-5.8341365	0.0041887964
467.328	0.0089972446	-5.8338371	0.0061180783
467.456	0.0090388457	-5.8339961	0.0039552743
467.584	0.009111914	-5.8341875	0.0034221727
467.712	0.0090723858	-5.8339854	0.0068536648
467.84	0.0090857412	-5.8338337	0.0074518027
467.968	0.0091894479	-5.8339289	0.0052213628
468.096	0.0091096048	-5.8340187	0.0069316365
468.224	0.0091153655	-5.8338552	0.0065575676
468.352	0.0088956523	-5.8334143	0.0072818222
468.48	0.0091706035	-5.8337246	0.0063123023
468.608	0.0091421432	-5.833663	0.0066212096
468.736	0.0092001149	-5.8339059	0.0069396844
468.864	0.0091150594	-5.8337366	0.0078537059
468.992	0.0090547455	-5.8335752	0.0071029371
469.12	0.0093287717	-5.8337831	0.0052223281
469.248	0.0092082811	-5.8337515	0.0053598825
469.376	0.0091411007	-5.8338352	0.0055025316
469.504	0.0090765976	-5.8336942	0.0051551119
469.632	0.0089668565	-5.8337018	0.0054574634
469.76	0.0090681962	-5.834	0.0042371407
469.888	0.0091251525	-5.8339864	0.0050002076
470.016	0.0090841707	-5.8338038	0.0070751697
470.144	0.0089678053	-5.8339475	0.006616262
470.272	0.0088503656	-5.8338261	0.0040666912
470.4	0.0089350912	-5.8339701	0.0055589799
470.528	0.009097637	-5.8343288	0.005635998
470.656	0.0087777247	-5.8340003	0.00585119
470.784	0.008867481	-5.8340677	0.0062533264
470.912	0.0088730943	-5.8340667	0.0065318152
471.04	0.0088963124	-5.8341027	0.0061437046
471.168	0.0090009347	-5.8341796	0.00403544
471.296	0.008843535	-5.8339265	0.0055469285
471.424	0.0088065926	-5.8340767	0.0054307337
471.552	0.0087711434	-5.8341769	0.0053311893
471.68	0.0087903017	-5.834363	0.005191171
471.808	0.0089100918	-5.8343184	0.003707495
471.936	0.0088320472	-5.8342545	0.0046899331
472.064	0.008765732	-5.8341181	0.0072850676
472.192	0.0090104786	-5.834394	0.0042917711
472.32	0.0088985366	-5.8341026	0.004309847
472.448	0.0088326369	-5.834108	0.0042681553
472.576	0.0089237002	-5.8342057	0.0039274198
472.704	0.0088741029	-5.8338159	0.0059530194
472.832	0.0089563256	-5.8340244	0.0044346452
472.96	0.008879514	-5.8340307	0.005146636
473.088	0.0089559758	-5.8340574	0.0053403413
473.216	0.0089745453	-5.8338989	0.0061487178
473.344	0.0089451465	-5.8339156	0.0060140743
473.472	0.0090297704	-5.8336962	0.0064321947
473.6	0.0091243948	-5.8340187	0.0073652733
473.728	0.0089260285	-5.833776	0.0059579623
473.856	0.0090543488	-5.8340132	0.0049634686
473.984	0.009139172	-5.834079	0.0044583841
474.112	0.0089989935	-5.8340253	0.0043707379
474.24	0.0092590049	-5.833959	0.0063129858
474.368	0.0089908709	-5.8335425	0.0080314434
474.496	0.0092249376	-5.8337938	0.00664618
474.624	0.0091106886	-5.8336287	0.0071698635
474.752	0.0092270346	-5.8337962	0.0061429835
474.88	0.0090255766	-5.8338604	0.0061789727
475.008	0.0091037795	-5.833919	0.0086955918
475.136	0.0093004021	-5.833981	0.0067490643
475.264	0.0090966623	-5.833637	0.0060648153
475.392	0.0091242805	-5.8335661	0.0067343607
475.52	0.0091522555	-5.8339237	0.0041598865
475.648	0.0089490459	-5.8337296	0.0055047961
475.776	0.0091049076	-5.8341595	0.0066570716
475.904	0.0090955753	-5.8339475	0.0065925889
476.032	0.0091598486	-5.8339926	0.0064542649
476.16	0.0091043902	-5.8339314	0.0055058942
476.288	0.0090412272	-5.8337949	0.0050438687
476.416	0.0090040909	-5.8338293	0.0073334354
476.544	0.0088975935	-5.8338637	0.0076802769
476.672	0.0090715128	-5.8341157	0.004098552
476.8	0.0089781068	-5.834394	0.004767214
476.928	0.0089679735	-5.8341878	0.0057297073
477.056	0.0089211577	-5.8341101	0.0047360456
477.184	0.0088691808	-5.8343123	0.0044475642
477.312	0.008817342	-5.8343483	0.0024641903
477.44	0.0088956833	-5.8345187	0.0045842909
477.568	0.0087822087	-5.8344275	0.0056657132
477.696	0.0089547806	-5.8344973	0.0034281017
477.824	0.008842745	-5.8341646	0.0046112317
477.952	0.0088185723	-5.8341653	0.0065099866
478.08	0.0088757173	-5.8340322	0.0055534015
478.208	0.0089120869	-5.8341667	0.0051074297
478.336	0.0087703996	-5.8341472	0.0058083499
478.464	0.0090262964	-5.8340416	0.0049507933
478.592	0.0087223036	-5.834081	0.0060902062
478.72	0.0087357948	-5.8339758	0.0070534856
478.848	0.0088813762	-5.8341366	0.0048808837
478.976	0.008886914	-5.8339763	0.0045210522
479.104	0.0090195788	-5.8340997	0.0067303277
479.232	0.0089460918	-5.8341648	0.0058857229
479.36	0.0090003216	-5.8341179	0.0059299392
479.488	0.0090653612	-5.8341728	0.007577134
479.616	0.0090170037	-5.8340124	0.0045601521
479.744	0.0089943533	-5.8338643	0.0037950051
479.872	0.0090490633	-5.8339102	0.0047008034
480	0.0091150954	-5.8339259	0.0048140578
480.128	0.0089882529	-5.8337413	0.007042229
480.256	0.0090798149	-5.8337075	0.0077111099
480.384	0.0089776477	-5.8335675	0.0067596844
480.512	0.0091325623	-5.8335931	0.0067161456
480.64	0.0092210507	-5.8339745	0.0073706871
480.768	0.0091176179	-5.8337009	0.0071378274
480.896	0.009095694	-5.8338152	0.0058024214
481.024	0.0091061875	-5.8338347	0.003928101
481.152	0.0093214714	-5.8339653	0.0055530572
481.28	0.0092041355	-5.8337751	0.0067279216
481.408	0.0090237655	-5.8336627	0.0061516287
481.536	0.0092201237	-5.8336831	0.0059631775
481.664	0.009277714	-5.8338723	0.0058862999
481.792	0.0091695433	-5.8336598	0.0062690863
481.92	0.0090771299	-5.8337377	0.006968186
482.048	0.0090186649	-5.8337971	0.0055769636
482.176	0.00904317	-5.8338994	0.0057162902
482.304	0.0090286346	-5.8337881	0.0065773598
482.432	0.0090802137	-5.8340239	0.0066416597
482.56	0.0089474768	-5.8339006	0.0051510968
482.688	0.0088602383	-5.8338026	0.0074039677
482.816	0.0090863989	-5.8341004	0.0066156218
482.944	0.0089598985	-5.8339221	0.0065105171
483.072	0.0089423855	-5.8339769	0.0055969024
483.2	0.0088677874	-5.8339999	0.0075031361
483.328	0.0090873954	-5.8342693	0.0051935924
483.456	0.0090544327	-5.8341893	0.0033251412
483.584	0.0088156403	-5.8339063	0.0055679188
483.712	0.0088484638	-5.8342391	0.0027594339
483.84	0.0087953773	-5.8341972	0.0049204282
483.968	0.0089776453	-5.8342908	0.0051489102
484.096	0.0089279813	-5.8344377	0.0043093133
484.224	0.0087556502	-5.8341295	0.0042995567
484.352	0.0088558722	-5.8341069	0.0033666012
484.48	0.0087726394	-5.8340953	0.0053926414
484.608	0.0088497189	-5.8342018	0.0071441386
484.736	0.0089921594	-5.8341561	0.0069682447
484.864	0.0088693654	-5.8339261	0.005664375
484.992	0.0089494459	-5.8340567	0.0054489879
485.12	0.0088034191	-5.834008	0.0062473973
485.248	0.0087429486	-5.8338718	0.0056453269
485.376	0.0088821923	-5.8339819	0.0055592419
485.504	0.008963523	-5.8338786	0.0063908561
485.632	0.0089862431	-5.8338335	0.0064595359
485.76	0.0089471007	-5.8337309	0.0058735378
485.888	0.0091057992	-5.8341535	0.0055284998
486.016	0.0089992486	-5.8341077	0.0066010609
486.144	0.0089470721	-5.8338338	0.0064141696
486.272	0.0089783068	-5.833615	0.0069329488
486.4	0.0091362742	-5.834025	0.0053793216
486.528	0.0091085593	-5.8342066	0.0059110669
486.656	0.0091902621	-5.8341302	0.0065560244
486.784	0.0090677384	-5.833863	0.0046191361
486.912	0.0090230455	-5.8336856	0.0052078366
487.04	0.0090354686	-5.8334703	0.0066787587
487.168	0.0092053987	-5.833774	0.0068364926
487.296	0.0090790005	-5.8335122	0.0068754417
487.424	0.0090470641	-5.8335429	0.0072824504
487.552	0.0093792476	-5.8338143	0.0040749593
487.68	0.0089509386	-5.833374	0.0050808738
487.808	0.0090963336	-5.8337536	0.0055944023
487.936	0.0090192074	-5.8337423	0.0059842573
488.064	0.0091354611	-5.8338424	0.004701876
488.192	0.0091960483	-5.8339477	0.0057171061
488.32	0.0090109328	-5.8336634	0.007058917
488.448	0.0092522713	-5.8339903	0.0068390364
488.576	0.0091777638	-5.8339507	0.0054454853
488.704	0.0090338909	-5.8337808	0.0058503411
488.832	0.0089796065	-5.8337671	0.0065013722
488.96	0.0091076505	-5.8340299	0.0058462234
489.088	0.0089814603	-5.8338397	0.0065547407
489.216	0.0089733922	-5.8336316	0.0045562035
489.344	0.0090064185	-5.8338641	0.0052918196
489.472	0.0088705197	-5.834158	0.0052838708
489.6	0.0089246722	-5.8341227	0.0042979287
489.728	0.0089608986	-5.8340873	0.0051237529
489.856	0.009035092	-5.8340607	0.0048574516
489.984	0.0088201421	-5.8340968	0.0070252124
490.112	0.0088062302	-5.8339987	0.0055880096
490.24	0.0088459118	-5.8340141	0.0045168173
490.368	0.0089014066	-5.8342147	0.0052253365
490.496	0.008877351	-5.8340262	0.006030497
490.624	0.0088481455	-5.8341901	0.0075025628
490.752	0.0088287156	-5.8341907	0.0067549501
490.88	0.0088844467	-5.8342104	0.0047917349
491.008	0.0089321829	-5.8340782	0.0044566375
491.136	0.0089291235	-5.8340448	0.0068066095
491.264	0.0088397748	-5.8340535	0.0058819041
491.392	0.0088263157	-5.8341255	0.0037325495
491.52	0.0090846079	-5.8341159	0.0051802058
491.648	0.0088845811	-5.8341455	0.0072884974
491.776	0.0087991386	-5.8339737	0.0073116183
491.904	0.008965574	-5.8340729	0.0047050502
492.032	0.00898455	-5.8339302	0.0042999142
492.16	0.0089364474	-5.834123	0.0059674903
492.288	0.0091442947	-5.8341605	0.0036080673
492.416	0.0088141346	-5.8336022	0.003951114
492.544	0.0091354344	-5.8341869	0.0052152709
492.672	0.0090859922	-5.8339094	0.0060551718
492.8	0.0089121059	-5.8338906	0.0055849164
492.928	0.0090389974	-5.8339353	0.005492012
493.056	0.0091274587	-5.8338875	0.0047858514
493.184	0.0091623095	-5.8338396	0.0042096292
493.312	0.009082743	-5.8337915	0.0049987891
493.44	0.0091528546	-5.8338359	0.0049991652
493.568	0.0091399349	-5.8335795	0.0064197668
493.696	0.0091495416	-5.8337644	0.0059504832
493.824	0.0089046591	-5.8335635	0.0068455732
493.952	0.0092236759	-5.8337187	0.0067500536
494.08	0.0090872509	-5.8336436	0.0074116976
494.208	0.0090928483	-5.8339067	0.0075252585
494.336	0.0091731108	-5.8338022	0.0073016607
494.464	0.0090180495	-5.8336812	0.0091060811
494.592	0.0091561769	-5.8339827	0.0058727733
494.72	0.0090136012	-5.8338633	0.0069324153
494.848	0.0091635058	-5.8343863	0.0048583324
494.976	0.0089860636	-5.8338211	0.0060192842
495.104	0.0090227452	-5.8338211	0.0078303767
495.232	0.0090779168	-5.8339636	0.0064895698
495.36	0.0090829119	-5.8342392	0.0065353111
495.488	0.0089624599	-5.8339074	0.0068251988
495.616	0.0090116507	-5.834016	0.0058797919
495.744	0.0089043003	-5.8340094	0.0062228168
495.872	0.0089998576	-5.8342116	0.0066546792
496	0.0088891539	-5.8338911	0.0045847662
496.128	0.008937588	-5.8342949	0.0042317064
496.256	0.0089703191	-5.8340634	0.0051289005
496.384	0.0088820738	-5.8338432	0.0040762174
496.512	0.008957387	-5.8339594	0.0041544145
496.64	0.0088134032	-5.8339559	0.0054971582
496.768	0.0089286919	-5.834044	0.0053496612
496.896	0.0090011637	-5.8342074	0.0051549337
497.024	0.0087112475	-5.8341264	0.0058483361
497.152	0.008875284	-5.8341386	0.0050459817
497.28	0.0088616647	-5.8340389	0.0039221214
497.408	0.0087939763	-5.833928	0.0054926683
497.536	0.0088219881	-5.8341074	0.0049295346
497.664	0.0089205414	-5.8341995	0.0041347831
497.792	0.0089294999	-5.8340928	0.0054780922
497.92	0.0088721711	-5.8341085	0.0040006846
498.048	0.0088196641	-5.834222	0.0051496093
498.176	0.0089028049	-5.8342563	0.0063265358
498.304	0.0088726649	-5.8341471	0.005126719
498.432	0.0089190198	-5.833832	0.0052062022
498.56	0.0090172196	-5.8340962	0.0060373862
498.688	0.0089417506	-5.8340948	0.005308633
498.816	0.0090369789	-5.8341843	0.0050167076
498.944	0.0090906018	-5.8341167	0.0054282575
499.072	0.0089658045	-5.8339384	0.0075507766
499.2	0.0091329156	-5.8338443	0.0067285984
499.328	0.0090913032	-5.8338089	0.0040815936
499.456	0.0091658724	-5.8337011	0.0059237303
499.584	0.009087202	-5.8337095	0.0056146158
499.712	0.0090288763	-5.8338675	0.006762687
499.84	0.0091680611	-5.8339224	0.0079274801
499.968	0.0091735036	-5.8340486	0.0069013757
