0	0.013386836	-5.8341187	0.014042901
0.128	0.013324371	-5.8343599	0.011974689
0.256	0.013386596	-5.8343796	0.012808118
0.384	0.01318579	-5.8338664	0.015268394
0.512	0.013262041	-5.8339039	0.01397565
0.64	0.013384874	-5.8340906	0.012837238
0.768	0.013301559	-5.8341094	0.012684246
0.896	0.013546049	-5.8343765	0.0099825853
1.024	0.013479216	-5.8344071	0.013438145
1.152	0.013470189	-5.8342275	0.013298175
1.28	0.013514555	-5.8343277	0.013016262
1.408	0.013475259	-5.8339951	0.012896057
1.536	0.013774151	-5.8341209	0.01043191
1.664	0.01351436	-5.8338764	0.012112479
1.792	0.013544003	-5.8340345	0.012549327
1.92	0.013532421	-5.8338489	0.01468074
2.048	0.013620571	-5.8341336	0.0143283
2.176	0.013529298	-5.8340793	0.012060231
2.304	0.013531899	-5.8340132	0.011498621
2.432	0.013363868	-5.8339202	0.012493016
2.56	0.013723746	-5.834328	0.01038125
2.688	0.013527148	-5.8337722	0.012662688
2.816	0.013640297	-5.8337037	0.014086025
2.944	0.013765947	-5.8338568	0.012839161
3.072	0.01366207	-5.8340024	0.011545438
3.2	0.013366755	-5.8336772	0.014755365
3.328	0.013697385	-5.8339193	0.013101676
3.456	0.013604196	-5.8339764	0.012490459
3.584	0.013744302	-5.8338751	0.013569042
3.712	0.013655733	-5.8339766	0.011615148
3.84	0.013787894	-5.8342566	0.01078547
3.968	0.013370324	-5.8337133	0.012665273
4.096	0.013583343	-5.8340375	0.011222437
4.224	0.013473764	-5.8339902	0.011943341
4.352	0.013618712	-5.834132	0.01095346
4.48	0.01336598	-5.8338586	0.013084358
4.608	0.013502432	-5.8340999	0.012126473
4.736	0.013390045	-5.8339922	0.012086017
4.864	0.013577987	-5.834365	0.011297776
4.992	0.013563159	-5.8341838	0.011070204
5.12	0.01353567	-5.8344817	0.01093893
5.248	0.01335109	-5.8343425	0.012123203
5.376	0.013496204	-5.8343995	0.010625537
5.504	0.01341898	-5.8344472	0.008734352
5.632	0.013319106	-5.8343046	0.0093011974
5.76	0.013578526	-5.8345652	0.0082540469
5.888	0.013591677	-5.8346072	0.010427929
6.016	0.013141095	-5.8341938	0.011636958
6.144	0.013428463	-5.8346094	0.0097710624
6.272	0.013276014	-5.8345269	0.008847856
6.4	0.013538539	-5.8346449	0.0066302903
6.528	0.013505909	-5.8345729	0.0089342016
6.656	0.013558263	-5.8347022	0.011585977
6.784	0.013248462	-5.8344948	0.012799208
6.912	0.013725946	-5.8349153	0.010256558
7.04	0.013406595	-5.8346726	0.0091858426
7.168	0.01365019	-5.8347298	0.0081359671
7.296	0.013499876	-5.8348215	0.0083953231
7.424	0.013561533	-5.8348071	0.009252003
7.552	0.013315291	-5.8346137	0.010919057
7.68	0.013172467	-5.8343525	0.010045586
7.808	0.013439442	-5.8346362	0.0074199371
7.936	0.013596793	-5.8349613	0.0073763659
8.064	0.013530561	-5.8346111	0.0069473109
8.192	0.013495581	-5.8347541	0.0087966663
8.32	0.013490576	-5.8346942	0.0079553543
8.448	0.013291087	-5.8343732	0.01055317
8.576	0.013491329	-5.8348355	0.011414953
8.704	0.01343456	-5.8345204	0.0084820287
8.832	0.013508473	-5.8347026	0.0072862056
8.96	0.013534625	-5.8347337	0.0073222196
9.088	0.013473096	-5.834755	0.0092372108
9.216	0.013490718	-5.8350781	0.0075702636
9.344	0.013315368	-5.8347287	0.0071592128
9.472	0.013680583	-5.8350657	0.007237799
9.6	0.01328298	-5.8345131	0.007400163
9.728	0.013561251	-5.8349116	0.0061253362
9.856	0.013562212	-5.8349192	0.0069084837
9.984	0.013378659	-5.8346479	0.0076000125
10.112	0.013472027	-5.834717	0.0057021157
10.24	0.013576775	-5.8347207	0.0064865631
10.368	0.013581546	-5.8347899	0.0055982585
10.496	0.013706365	-5.8350887	0.0060572925
10.624	0.013337753	-5.8344353	0.008626048
10.752	0.013534478	-5.8346259	0.0088690078
10.88	0.01400073	-5.8349948	0.0072204633
11.008	0.013650057	-5.8348028	0.007105814
11.136	0.013419637	-5.8346112	0.0093965576
11.264	0.013531945	-5.8346492	0.0065639092
11.392	0.013372487	-5.8347086	0.0076039628
11.52	0.013827129	-5.8353967	0.0068069763
11.648	0.013417775	-5.8348045	0.0079354762
11.776	0.013571392	-5.8349929	0.0069506856
11.904	0.013480264	-5.8348573	0.0077328949
12.032	0.013322482	-5.8345346	0.0068144042
12.16	0.013710703	-5.8348816	0.0054332376
12.288	0.013581529	-5.8349271	0.0068016901
12.416	0.013394169	-5.8348609	0.0055590958
12.544	0.013454436	-5.8350047	0.0053269484
12.672	0.013328578	-5.8349608	0.0045379322
12.8	0.013506793	-5.8352825	0.00510404
12.928	0.013509884	-5.8352513	0.0075907932
13.056	0.013445695	-5.8351011	0.0040192627
13.184	0.013452075	-5.8350782	0.0047134859
13.312	0.013166387	-5.8347698	0.0086765817
13.44	0.013391597	-5.835043	0.0056372846
13.568	0.013380324	-5.8351326	0.0020910486
13.696	0.013536243	-5.8349718	0.0047525126
13.824	0.013425868	-5.8349397	0.0079780519
13.952	0.013372175	-5.834847	0.0058721099
14.08	0.013394585	-5.8347672	0.0046457793
14.208	0.013563422	-5.8351439	0.0081846832
14.336	0.013422085	-5.8351267	0.007461749
14.464	0.013507267	-5.8348273	0.0073263005
14.592	0.013483747	-5.8352175	0.0077060863
14.72	0.013713042	-5.8355734	0.0070182703
14.848	0.013207973	-5.8347493	0.010921434
14.976	0.013390845	-5.834701	0.010546929
15.104	0.013542853	-5.834691	0.0093288159
15.232	0.013521449	-5.8347035	0.0074564227
15.36	0.013382481	-5.8345519	0.0066524237
15.488	0.013612263	-5.8349975	0.0046958036
15.616	0.013611522	-5.8349482	0.0055880063
15.744	0.013535593	-5.8347791	0.009839493
15.872	0.013607533	-5.8347775	0.0075454013
16	0.013265881	-5.8343868	0.0072710842
16.128	0.013706463	-5.8349543	0.0073383393
16.256	0.013637371	-5.8348356	0.006746605
16.384	0.013577967	-5.8346975	0.0055863018
16.512	0.013664156	-5.8347772	0.0057520121
16.64	0.01368621	-5.8349931	0.0060736989
16.768	0.013495659	-5.834914	0.0047369776
16.896	0.01362081	-5.835029	0.0066856153
17.024	0.013800753	-5.8353572	0.0057475098
17.152	0.013764474	-5.835197	0.0058576031
17.28	0.013630503	-5.8351437	0.004774626
17.408	0.013800273	-5.835334	0.0042290158
17.536	0.01389579	-5.8353943	0.0047771471
17.664	0.01377156	-5.8352681	0.0070014151
17.792	0.01379357	-5.8352619	0.0082096454
17.92	0.013934137	-5.8351527	0.0066527801
18.048	0.013901228	-5.835152	0.0045916088
18.176	0.013718675	-5.8352083	0.0038062231
18.304	0.013698012	-5.8356006	0.0043900703
18.432	0.013646145	-5.8355747	0.004957834
18.56	0.013497856	-5.8355675	0.00327664
18.688	0.013787499	-5.8359464	0.0023452746
18.816	0.013718268	-5.836136	0.002076919
18.944	0.01348457	-5.8363909	0.00094032308
19.072	0.013537205	-5.8362838	0.003705654
19.2	0.01365934	-5.8365999	0.0017041331
19.328	0.013687876	-5.8369752	-0.00013965394
19.456	0.01351845	-5.83674	-0.00026062175
19.584	0.013511908	-5.8369923	0.00079249087
19.712	0.01355663	-5.8369463	-0.00086226173
19.84	0.013275342	-5.837088	0.001455045
19.968	0.013907042	-5.8380213	0.00038374854
20.096	0.013590657	-5.8377499	-0.0010278726
20.224	0.013632228	-5.8382405	-1.4548238e-05
20.352	0.013428779	-5.8379535	0.00028223663
20.48	0.013507815	-5.8381671	-0.0024436177
20.608	0.013475598	-5.8386738	-0.001654169
20.736	0.013066062	-5.8383157	-0.00022565714
20.864	0.013183088	-5.8387593	-0.0028434243
20.992	0.013379811	-5.8388618	-0.0025321181
21.12	0.013090594	-5.8386378	-0.001805507
21.248	0.013049018	-5.8386723	-0.0029282333
21.376	0.013059457	-5.8388153	-0.0016376058
21.504	0.012832418	-5.838538	3.8952723e-05
21.632	0.013156006	-5.8392039	-0.0038066246
21.76	0.012846346	-5.8387253	-0.0032239037
21.888	0.012909381	-5.8388705	-0.0043134142
22.016	0.013003432	-5.8391077	-0.0038260917
22.144	0.012863465	-5.8389633	-0.0016099951
22.272	0.012826521	-5.8389208	-0.0012993278
22.4	0.012788406	-5.8390346	0.00053824624
22.528	0.01282934	-5.8389641	-0.00081058275
22.656	0.012732639	-5.8388584	-0.00044301993
22.784	0.013226502	-5.8394855	-0.0025706143
22.912	0.012992251	-5.839253	-0.0027314195
23.04	0.013523957	-5.8397465	-0.005052354
23.168	0.012966685	-5.8389418	-4.3758907e-05
23.296	0.013269015	-5.8388422	0.0015730088
23.424	0.01321699	-5.8386386	1.5433128e-05
23.552	0.013664874	-5.8387777	-0.0037490135
23.68	0.013258552	-5.8385983	0.00097973404
23.808	0.013674135	-5.8386649	0.0019466817
23.936	0.01326206	-5.8382657	0.0025269804
24.064	0.013429551	-5.8383129	0.0050880181
24.192	0.013623888	-5.8381761	0.0044854698
24.32	0.013903396	-5.8383889	0.0012096199
24.448	0.014099453	-5.8382996	0.00073402952
24.576	0.014071501	-5.8382879	-0.00025519257
24.704	0.014376326	-5.8384207	-0.0030338466
24.832	0.014134847	-5.8383279	-0.0027073551
24.96	0.014325444	-5.8383743	-0.0015810586
25.088	0.014142556	-5.8380183	-0.0037415785
25.216	0.014103207	-5.8379728	-0.0046205484
25.344	0.014070156	-5.838002	0.00015139018
25.472	0.014087942	-5.838188	-0.00027131768
25.6	0.01402483	-5.8381639	-0.0014558456
25.728	0.014059522	-5.8385905	-0.0027740887
25.856	0.014022936	-5.8383847	-0.002413168
25.984	0.013784194	-5.8381738	-0.0011527441
26.112	0.013531182	-5.8379914	-0.0019984513
26.24	0.013755238	-5.8381735	-0.0049908441
26.368	0.013802701	-5.8382415	-0.0043072183
26.496	0.013724889	-5.8385344	-0.0022115189
26.624	0.013380421	-5.8382343	-0.0029257069
26.752	0.013412051	-5.8384347	-0.0048091061
26.88	0.013251984	-5.8385099	-0.003381032
27.008	0.013475901	-5.8390955	-0.0050290663
27.136	0.013347539	-5.8389139	-0.005849726
27.264	0.013309164	-5.8389699	-0.005081098
27.392	0.01326171	-5.8393236	-0.0052013859
27.52	0.01326555	-5.8396844	-0.0051530016
27.648	0.012900335	-5.8394423	-0.0016726156
27.776	0.013006497	-5.8396597	-0.0020587617
27.904	0.012859121	-5.8396371	-0.0029453087
28.032	0.012936897	-5.8396468	-0.0024821182
28.16	0.013002567	-5.8397104	-0.0026229919
28.288	0.012922892	-5.8397935	-0.0033928128
28.416	0.012996707	-5.8398438	-0.0034652354
28.544	0.013045669	-5.8396723	-0.0043859615
28.672	0.01282421	-5.8391606	-0.0049706344
28.8	0.012979083	-5.8391836	-0.0040519809
28.928	0.013076673	-5.8396316	-0.0035839344
29.056	0.012796304	-5.8391416	-0.0060352196
29.184	0.013357909	-5.8394792	-0.0044790086
29.312	0.013038007	-5.8389197	-0.00036965737
29.44	0.01329207	-5.839056	-0.0018717134
29.568	0.013376514	-5.8391579	-0.0019212231
29.696	0.013356607	-5.8390695	-0.0020829409
29.824	0.013326228	-5.8388294	-0.0016959163
29.952	0.01340018	-5.8391239	-0.0020026933
30.08	0.01357154	-5.8388944	-0.003620914
30.208	0.013627164	-5.8386303	-0.0022813963
30.336	0.01376657	-5.8387227	-0.0015939461
30.464	0.013693943	-5.8386171	-0.0018240861
30.592	0.013629116	-5.8384298	-0.0012569035
30.72	0.013933655	-5.8387113	-0.0019888181
30.848	0.013816202	-5.8384119	-0.0023408621
30.976	0.013943952	-5.838537	-0.00072294002
31.104	0.013973166	-5.838498	-0.001080885
31.232	0.014083171	-5.8385182	0.000563869
31.36	0.014207631	-5.8389894	-0.00047323369
31.488	0.013931474	-5.8385184	-0.00049199916
31.616	0.014105246	-5.8385847	-0.0046958661
31.744	0.014092423	-5.8386144	-0.00049008602
31.872	0.013915739	-5.8384663	0.0025818216
32	0.013975033	-5.8384909	-0.0011974586
32.128	0.013983073	-5.8385149	-0.0011883456
32.256	0.014061871	-5.838518	-0.0018127219
32.384	0.013731705	-5.8383418	0.0006861176
32.512	0.013785016	-5.8384848	-0.0011018219
32.64	0.013861252	-5.8385494	-0.0023572593
32.768	0.013492214	-5.8382366	0.0015009293
32.896	0.013556306	-5.8386519	0.00010604329
33.024	0.013790915	-5.8393127	-0.0021683739
33.152	0.013418359	-5.8390258	0.00019375514
33.28	0.013328089	-5.8389099	-0.0017504585
33.408	0.013275275	-5.8391248	-0.0021328852
33.536	0.013402531	-5.8394951	-0.00083697569
33.664	0.013467857	-5.8393529	-0.001766217
33.792	0.01312527	-5.8391277	-0.0026733551
33.92	0.01308515	-5.8392632	-0.0029329012
34.048	0.013216446	-5.8394965	-0.0028997532
34.176	0.013082053	-5.8395314	-0.0033234882
34.304	0.012902054	-5.8392045	-0.005952222
34.432	0.012981022	-5.8395457	-0.0062328507
34.56	0.012923584	-5.8395702	-0.0045307857
34.688	0.012709136	-5.8394289	-0.0045017829
34.816	0.013068296	-5.8396876	-0.0052922156
34.944	0.01317881	-5.8394737	-0.0047953839
35.072	0.013017583	-5.8391505	-0.0050178819
35.2	0.012769796	-5.8391568	-0.0035269731
35.328	0.013051675	-5.8393203	-0.0024947032
35.456	0.012905641	-5.8391467	-0.00094719832
35.584	0.013267777	-5.8392572	-0.0031950862
35.712	0.013267274	-5.8391059	-0.0026682265
35.84	0.013235651	-5.839264	-0.0027897938
35.968	0.01347262	-5.8391664	-0.0014999
36.096	0.013263569	-5.8387716	-0.0016990883
36.224	0.01355985	-5.8388809	-0.0030113559
36.352	0.013707406	-5.8389882	-0.0027417836
36.48	0.013701704	-5.8390893	-0.0021024477
36.608	0.013608032	-5.838858	0.0009562075
36.736	0.013603294	-5.8386315	-0.0004535506
36.864	0.013869581	-5.8387028	-0.0029910156
36.992	0.013638683	-5.8382952	-0.0024058372
37.12	0.013956679	-5.8383995	-0.0048102839
37.248	0.014040637	-5.8386348	-0.0030666625
37.376	0.014061979	-5.8387695	-0.00071252897
37.504	0.013993142	-5.8386373	-0.0024304428
37.632	0.013984572	-5.83836	-0.0019428358
37.76	0.013867174	-5.8384679	0.0010303964
37.888	0.014015099	-5.8382904	-0.0021327015
38.016	0.013965425	-5.8381589	-0.0014486204
38.144	0.01406384	-5.838496	-0.0024926592
38.272	0.014234192	-5.8387567	-0.0059261858
38.4	0.013887743	-5.8382907	-3.9593375e-05
38.528	0.014074597	-5.8386009	-0.0014946661
38.656	0.013820118	-5.8383455	-0.0026381813
38.784	0.013671239	-5.838401	-0.0022465649
38.912	0.013958197	-5.8385561	-0.0036229418
39.04	0.013513999	-5.8384032	-0.0019715516
39.168	0.01352619	-5.838632	-0.002748539
39.296	0.013591012	-5.8390763	-0.0029044715
39.424	0.013266146	-5.838894	-8.4876828e-06
39.552	0.013547137	-5.8393311	-0.0015234089
39.68	0.013448211	-5.839347	-0.003321059
39.808	0.013299609	-5.8393718	-0.0036694393
39.936	0.013244193	-5.8392855	-0.0040566059
40.064	0.013234204	-5.8393827	-0.0024201532
40.192	0.01302316	-5.8392719	-0.00081951852
40.32	0.013276002	-5.839729	-0.0016282437
40.448	0.01314498	-5.839458	-0.0027583322
40.576	0.01299866	-5.8393905	-0.0041488192
40.704	0.012992299	-5.8396845	-0.0036281543
40.832	0.012734294	-5.8392819	-0.0029587052
40.96	0.01292987	-5.8393322	-0.0061967484
41.088	0.012910035	-5.8391861	-0.0042893584
41.216	0.012952809	-5.8391996	-0.0019970615
41.344	0.012986704	-5.8396227	-0.0039708108
41.472	0.013186099	-5.8397136	-0.0040686702
41.6	0.013143412	-5.8395311	-0.0053942625
41.728	0.012957762	-5.8392642	-0.0061552487
41.856	0.013206695	-5.8395418	-0.0035104883
41.984	0.013120473	-5.8392446	-0.0027129321
42.112	0.013021755	-5.8391369	-0.0040538154
42.24	0.013254765	-5.8393982	-0.005323602
42.368	0.013236187	-5.8392634	-0.0032340463
42.496	0.013362826	-5.8391976	-0.0050738373
42.624	0.013525475	-5.8391842	-0.0033819112
42.752	0.013676523	-5.8390313	-0.0038536205
42.88	0.013580055	-5.8386681	-0.0022331867
43.008	0.013713242	-5.8387143	-0.00057695833
43.136	0.013650226	-5.8384775	-0.0033315744
43.264	0.013939348	-5.8384662	-0.0044517903
43.392	0.014094661	-5.8384694	-0.0034015463
43.52	0.013819681	-5.8382352	-0.0044178519
43.648	0.013798549	-5.8379351	-0.0015323167
43.776	0.014087227	-5.8382386	-0.0021680682
43.904	0.014006701	-5.8384792	-0.0020535517
44.032	0.014068812	-5.8385433	0.0008672161
44.16	0.014295122	-5.8386131	-0.00050088008
44.288	0.013950313	-5.8384534	-0.00043799769
44.416	0.014073809	-5.8386723	-0.00012759003
44.544	0.013784032	-5.8383709	-0.00049914388
44.672	0.013895538	-5.8385913	-0.000708241
44.8	0.01377991	-5.8384436	-0.00066678721
44.928	0.014082574	-5.8387166	-0.0025078416
45.056	0.013902461	-5.838604	-0.0012570599
45.184	0.013808361	-5.8385789	-0.0012611809
45.312	0.01345442	-5.8385729	-0.0031563595
45.44	0.013910014	-5.8389323	-0.0032944077
45.568	0.013615417	-5.8387706	-0.0020114232
45.696	0.013370884	-5.8390756	-0.00168382
45.824	0.013301411	-5.8390022	-0.0050705019
45.952	0.013300884	-5.8390216	-0.0042437738
46.08	0.013338511	-5.8391029	-0.0032529253
46.208	0.013216467	-5.8392162	-0.0028165722
46.336	0.0134785	-5.8398906	-0.0024368992
46.464	0.013048277	-5.8394749	-0.0024859959
46.592	0.012822409	-5.8392847	-0.0027865228
46.72	0.013128516	-5.839658	-0.0026966536
46.848	0.012944215	-5.8396021	-0.0028381076
46.976	0.013143797	-5.8396762	-0.0031432201
47.104	0.012751571	-5.8394376	-0.0047141928
47.232	0.012947148	-5.8397853	-0.0064534533
47.36	0.013036481	-5.8397347	-0.0058764261
47.488	0.012804889	-5.8392743	-0.003777528
47.616	0.012792739	-5.8389269	-0.0048918975
47.744	0.013223813	-5.8396673	-0.0064510972
47.872	0.013009412	-5.839613	-0.0071136981
48	0.013106955	-5.8395152	-0.0077603057
48.128	0.013064622	-5.839368	-0.006611148
48.256	0.013217929	-5.839349	-0.0058379281
48.384	0.012916091	-5.8387709	-0.0030649192
48.512	0.013296761	-5.8394103	-0.0032308294
48.64	0.013368964	-5.8392124	-0.001952986
48.768	0.013156621	-5.8390156	0.00040220535
48.896	0.013448977	-5.8392671	-0.0031091587
49.024	0.013514247	-5.8390456	-0.0036721844
49.152	0.013611325	-5.8386275	-0.0012204596
49.28	0.013735081	-5.8389696	-0.00021324801
49.408	0.013857667	-5.838985	-0.0032376086
49.536	0.013947998	-5.8389371	-0.0040673948
49.664	0.013728415	-5.83851	-0.0014843336
49.792	0.01380376	-5.8383692	-0.0021887097
49.92	0.013934716	-5.8384974	-0.0045220807
50.048	0.014218216	-5.8385394	-0.0034595276
50.176	0.014044452	-5.83833	-0.0028790833
50.304	0.013972225	-5.8381953	-0.0013644948
50.432	0.014045947	-5.8384692	0.00012817639
50.56	0.014043205	-5.8381792	-4.9536936e-05
50.688	0.014107673	-5.8382727	0.00041152856
50.816	0.014134871	-5.8382417	-0.00028807701
50.944	0.014042483	-5.8382371	-0.0019382332
51.072	0.014017215	-5.8385251	-0.0011542434
51.2	0.013897601	-5.8384923	-0.000389012
51.328	0.01386711	-5.8386747	-0.0037019175
51.456	0.013816781	-5.8386975	-0.0024505659
51.584	0.013864288	-5.8389203	-0.00036290775
51.712	0.013611776	-5.83882	-0.0024885028
51.84	0.013791685	-5.8391948	-0.0031226143
51.968	0.013434077	-5.838605	-0.0019239727
52.096	0.013687469	-5.8392967	-0.0054191474
52.224	0.013427205	-5.8390843	-0.002053077
52.352	0.013175185	-5.8389915	-0.0014785531
52.48	0.013321313	-5.8392987	-0.0054954903
52.608	0.01297253	-5.8392223	-0.0035112947
52.736	0.013287908	-5.8396475	-0.003277848
52.864	0.012978761	-5.83943	-0.0028901641
52.992	0.012917216	-5.8391766	-0.002646325
53.12	0.013114715	-5.8395049	-0.0053757162
53.248	0.012964257	-5.8396713	-0.0038556987
53.376	0.01277876	-5.8395571	-0.0044029899
53.504	0.013032843	-5.8396164	-0.0064810628
53.632	0.012996298	-5.8396394	-0.0069891899
53.76	0.013075152	-5.8396543	-0.0077211511
53.888	0.012895137	-5.8392866	-0.0045048292
54.016	0.012866107	-5.8391016	-0.0052398923
54.144	0.01307689	-5.8395572	-0.0065626857
54.272	0.012817467	-5.8391969	-0.0044491133
54.4	0.013055743	-5.8393736	-0.0050856712
54.528	0.013092054	-5.8394214	-0.004771989
54.656	0.013206438	-5.839513	-0.00344514
54.784	0.013155601	-5.8394386	-0.0029846723
54.912	0.013275327	-5.8393976	-0.0025645864
55.04	0.013678451	-5.8392173	-0.0025554971
55.168	0.013284819	-5.8388343	-0.0031726957
55.296	0.013531562	-5.8387405	-0.0020711178
55.424	0.013498988	-5.8388041	-0.00013185755
55.552	0.013972278	-5.8390745	-0.0052055407
55.68	0.013965129	-5.8389839	-0.0037013342
55.808	0.013847534	-5.8384389	-0.0007630325
55.936	0.0139183	-5.8387215	-0.0020500959
56.064	0.013774362	-5.8385661	-0.00058482077
56.192	0.013737557	-5.8386113	0.0010228186
56.32	0.013910985	-5.8385049	-0.0010072305
56.448	0.014256356	-5.8386717	-0.0023104779
56.576	0.013982197	-5.8380992	-0.0007490461
56.704	0.014167227	-5.8385186	-0.0017873992
56.832	0.014110453	-5.8382245	0.0015340147
56.96	0.014070659	-5.8383581	-0.0016016436
57.088	0.013848828	-5.8381462	-0.0036761979
57.216	0.014138873	-5.8386434	-0.0027638506
57.344	0.014065807	-5.8386313	-0.0003212342
57.472	0.013871613	-5.8383975	-0.00152842
57.6	0.013916432	-5.8386265	-0.0018951024
57.728	0.014037169	-5.8386859	0.0012003232
57.856	0.013587995	-5.8385579	0.00055756242
57.984	0.013902691	-5.8389	-0.0023491384
58.112	0.013612585	-5.8387537	-0.0017300937
58.24	0.01357816	-5.8388369	-0.0028667424
58.368	0.013531037	-5.8389464	-0.0039082833
58.496	0.013320494	-5.8389824	-0.0033486883
58.624	0.013299176	-5.8389795	-0.0026404459
58.752	0.013381207	-5.8393158	-0.0011482979
58.88	0.012960452	-5.8393657	-0.001180447
59.008	0.013226097	-5.8398079	-0.0031253127
59.136	0.013344804	-5.8398975	-0.0030918883
59.264	0.012965516	-5.8393968	-0.004826618
59.392	0.012873455	-5.8392425	-0.0051962942
59.52	0.012889846	-5.8393055	-0.0059673165
59.648	0.012903526	-5.8393239	-0.0049572637
59.776	0.013038816	-5.8397429	-0.0031287687
59.904	0.012855815	-5.8397712	-0.0038167059
60.032	0.013096174	-5.8397386	-0.0046919794
60.16	0.012879585	-5.8394883	-0.004685863
60.288	0.013079943	-5.8397701	-0.0052174878
60.416	0.013003298	-5.839626	-0.0033886166
60.544	0.012827529	-5.8394169	-0.0048063187
60.672	0.012959689	-5.8394058	-0.0044799522
60.8	0.013081694	-5.8393441	-0.0043299427
60.928	0.013319954	-5.8397332	-0.0045941744
61.056	0.013107578	-5.8394536	-0.0023173467
61.184	0.013339567	-5.8394255	-0.0018060708
61.312	0.013493018	-5.8391295	-0.00082214107
61.44	0.013348144	-5.8389754	-0.0018891225
61.568	0.013283626	-5.8385861	-0.0027550321
61.696	0.013699219	-5.8386947	-0.00096335866
61.824	0.013590283	-5.8387716	-0.0012150384
61.952	0.013747421	-5.8388616	-0.0038302324
62.08	0.013651357	-5.8384495	-0.0020069523
62.208	0.013890004	-5.8385735	-0.0012899667
62.336	0.014047561	-5.8386963	-0.0014518806
62.464	0.014085547	-5.8385977	-0.002615892
62.592	0.014169083	-5.8383162	-0.0023181408
62.72	0.014001522	-5.8382222	-0.00059658348
62.848	0.014135944	-5.8387366	-0.004628705
62.976	0.014080799	-5.8386031	-0.0010691696
63.104	0.014054852	-5.8382142	0.00038150094
63.232	0.014104009	-5.8382894	-0.00061023352
63.36	0.014054997	-5.8385426	2.6639123e-05
63.488	0.014208749	-5.8388375	-0.0036856024
63.616	0.013968965	-5.8385222	-0.0016167401
63.744	0.013870527	-5.838802	0.0015934887
63.872	0.013972133	-5.8389456	-0.0033011234
64	0.014073578	-5.8391272	-0.0037735398
64.128	0.013565044	-5.8385653	-0.0011708512
64.256	0.013674392	-5.8386839	-0.0066143545
64.384	0.013818548	-5.8389174	-0.0042535942
64.512	0.013508295	-5.838815	0.0014729134
64.64	0.013735037	-5.8389668	-0.0020092629
64.768	0.013319606	-5.8388917	-0.0024267455
64.896	0.013251635	-5.8389682	-0.0021841275
65.024	0.013357604	-5.8393123	-0.0039028299
65.152	0.013386498	-5.8393446	-0.0012572594
65.28	0.013090574	-5.8391731	-0.0028510324
65.408	0.013296834	-5.8396693	-0.0052785943
65.536	0.012995008	-5.8395773	-0.0028606777
65.664	0.013213083	-5.8399157	-0.0056351737
65.792	0.012991199	-5.8394801	-0.0058915274
65.92	0.012889171	-5.8394257	-0.0041864349
66.048	0.012965761	-5.8395727	-0.0033777391
66.176	0.012862033	-5.8394736	-0.0037736147
66.304	0.012727705	-5.8394089	-0.0034629987
66.432	0.013098624	-5.8399135	-0.0047815843
66.56	0.012721479	-5.8394066	-0.0048631729
66.688	0.013159338	-5.8397596	-0.0043170542
66.816	0.013136348	-5.8397135	-0.0043907016
66.944	0.012989838	-5.8393445	-0.0045286503
67.072	0.012847217	-5.8392055	-0.0050927651
67.2	0.013003484	-5.8388872	-0.0037377874
67.328	0.013222046	-5.839193	-0.0030438246
67.456	0.013364865	-5.8392072	-0.0042681472
67.584	0.013244251	-5.8386765	-0.0031809338
67.712	0.013438132	-5.8391522	-0.0032013097
67.84	0.013718876	-5.8394713	-0.002878439
67.968	0.013484491	-5.838919	-0.0013038642
68.096	0.013570429	-5.8388787	-0.00021893088
68.224	0.013807061	-5.8388298	-0.0032156022
68.352	0.01372543	-5.8389046	-0.0027149155
68.48	0.013925159	-5.8388192	-0.0018660108
68.608	0.013858086	-5.8384466	-0.0023893795
68.736	0.013911326	-5.8387276	0.00021358159
68.864	0.014053444	-5.838248	-0.0021606997
68.992	0.013904754	-5.838142	-0.0011528306
69.12	0.014273589	-5.838463	-0.0021854219
69.248	0.014020386	-5.8382588	-0.0015479149
69.376	0.014327867	-5.8384497	0.00029532907
69.504	0.013922873	-5.8381184	0.0009920197
69.632	0.014099995	-5.8383521	-0.00062810402
69.76	0.013819232	-5.8379515	4.1869526e-05
69.888	0.014257519	-5.8384049	-0.00011013563
70.016	0.014082151	-5.8384578	-0.0012577335
70.144	0.01381721	-5.8382676	-0.0014722566
70.272	0.013969011	-5.8385713	-0.00053354471
70.4	0.013672477	-5.8386308	-0.00017907898
70.528	0.013659661	-5.8387966	-0.0012230828
70.656	0.013780611	-5.8390119	-0.0025738726
70.784	0.013698631	-5.8391882	-0.0040104826
70.912	0.013514998	-5.838869	-0.00443511
71.04	0.013179354	-5.838692	-0.0033761618
71.168	0.013331659	-5.8389875	-0.0031459959
71.296	0.013281472	-5.83914	-0.0031119098
71.424	0.013461365	-5.8391425	-0.0027986892
71.552	0.013039557	-5.8392655	-0.0036356645
71.68	0.013086432	-5.8392149	-0.0057212336
71.808	0.012937706	-5.8393043	-0.0032636659
71.936	0.013113053	-5.8395363	-0.0031754914
72.064	0.013003589	-5.8394469	-0.0051018237
72.192	0.012958047	-5.8393239	-0.0039036882
72.32	0.013135384	-5.8398572	-0.0049331329
72.448	0.012865827	-5.8395188	-0.0040845906
72.576	0.012754809	-5.8393746	-0.0040800745
72.704	0.01286878	-5.8394518	-0.0046001483
72.832	0.01285486	-5.8394624	-0.0068642534
72.96	0.012888627	-5.8394708	-0.0061601493
73.088	0.013165755	-5.8397831	-0.0046686392
73.216	0.012948322	-5.8395942	-0.0057152237
73.344	0.013146631	-5.8396002	-0.0043025316
73.472	0.012998827	-5.8393804	-0.0029030153
73.6	0.013300043	-5.8393894	-0.0039196469
73.728	0.01317178	-5.8390595	-0.0027028041
73.856	0.013278292	-5.8391023	-0.0018508863
73.984	0.013337981	-5.8392626	-0.0012720085
74.112	0.013565584	-5.8390671	-0.003139224
74.24	0.013381307	-5.8386103	-0.00095694509
74.368	0.013729164	-5.8388581	-0.0013825906
74.496	0.013659222	-5.8387325	-0.0014782011
74.624	0.013739004	-5.8387221	-0.001508985
74.752	0.013995652	-5.8391791	-0.0015313066
74.88	0.013838436	-5.8386371	-0.002960887
75.008	0.014135285	-5.838534	-0.0020117819
75.136	0.013981111	-5.8384428	-0.0017618928
75.264	0.013882216	-5.8380949	-0.0032738293
75.392	0.014167773	-5.8383414	-0.00058819444
75.52	0.013937977	-5.8382982	-0.00030086256
75.648	0.013930687	-5.8381887	-0.0012563643
75.776	0.014133234	-5.8382684	-0.0004316773
75.904	0.014163576	-5.8383499	-0.0011258841
76.032	0.014027246	-5.8383309	-0.00063844164
76.16	0.014201118	-5.838767	-0.0030989913
76.288	0.014039272	-5.8387726	-0.0026423585
76.416	0.014012659	-5.8389427	-0.0037171125
76.544	0.013965398	-5.8387884	-0.0035996329
76.672	0.013665455	-5.8387082	0.00089716608
76.8	0.013809238	-5.8389973	0.00012405086
76.928	0.013608815	-5.8385871	-0.0033307598
77.056	0.013612555	-5.8387852	-0.0042174559
77.184	0.013432704	-5.8387227	-0.003246341
77.312	0.013372261	-5.8390058	-0.0033023832
77.44	0.013420171	-5.839111	-0.0050540673
77.568	0.013138134	-5.8389199	-0.0061660494
77.696	0.013290863	-5.8394505	-0.0063852819
77.824	0.013139819	-5.8392811	-0.004995568
77.952	0.013027955	-5.8394332	-0.003924395
78.08	0.012974676	-5.8392715	-0.0025421765
78.208	0.013337813	-5.8397365	-0.004413991
78.336	0.012934354	-5.8394736	-0.0053795971
78.464	0.013047967	-5.8396777	-0.0040463503
78.592	0.013060027	-5.8395755	-0.0013823867
78.72	0.012829458	-5.8395126	-0.0028123454
78.848	0.013107466	-5.8397716	-0.0037126061
78.976	0.012794304	-5.8393957	-0.0017823565
79.104	0.012930513	-5.8395282	-0.0035297288
79.232	0.012960635	-5.8394915	-0.0037671714
79.36	0.01314119	-5.8398219	-0.0044688632
79.488	0.013055308	-5.8394346	-0.0056890608
79.616	0.012827228	-5.8392351	-0.0049201926
79.744	0.013345096	-5.8395509	-0.0032677283
79.872	0.013254683	-5.8392947	-0.0026012061
80	0.013135274	-5.8390713	-0.0031127323
80.128	0.01331104	-5.8389254	-0.0029889576
80.256	0.013496472	-5.8389812	-0.0044547543
80.384	0.013301647	-5.8383846	-0.0039985917
80.512	0.013593294	-5.8388742	-0.0039380857
80.64	0.013522889	-5.8387736	-0.0017292596
80.768	0.01360733	-5.8388532	-0.0025374376
80.896	0.013829785	-5.8388734	-0.0033440078
81.024	0.013772719	-5.8388481	-0.0023908288
81.152	0.013578672	-5.8386591	-0.0016258681
81.28	0.01403976	-5.8388813	-0.001390233
81.408	0.013996675	-5.8386694	-0.00040107544
81.536	0.013957882	-5.838294	-0.00059489006
81.664	0.013949785	-5.8383388	-0.0026856452
81.792	0.014277088	-5.838551	-0.0032306664
81.92	0.014127671	-5.8384299	0.00012954495
82.048	0.013959823	-5.838232	-0.0011762715
82.176	0.014014163	-5.8381209	-0.00011579943
82.304	0.014121547	-5.8381648	-0.0031745913
82.432	0.014093633	-5.8383149	-0.0021706005
82.56	0.014079976	-5.8387029	-0.0029053417
82.688	0.013904771	-5.8385212	-0.0040172664
82.816	0.013796193	-5.8384164	-0.00066895071
82.944	0.013881637	-5.8385234	-0.0015418909
83.072	0.013708342	-5.8385093	-0.0012208402
83.2	0.013674155	-5.8385246	-0.00062291064
83.328	0.013652279	-5.8387188	-0.0026546604
83.456	0.013831284	-5.8391125	-0.0027543196
83.584	0.013494233	-5.8390372	-0.00099117407
83.712	0.013222433	-5.8387396	-0.00029221778
83.84	0.013344026	-5.8390701	-0.00089786549
83.968	0.013175764	-5.8392533	-0.0034217686
84.096	0.013141676	-5.8394	-0.0042430294
84.224	0.013120476	-5.8396216	-0.0037568066
84.352	0.013254343	-5.8394319	-0.0044701376
84.48	0.013046283	-5.8392323	-0.0056773978
84.608	0.012989721	-5.8392003	-0.0044858558
84.736	0.013002841	-5.8392873	-0.005389065
84.864	0.013030397	-5.8394423	-0.003842312
84.992	0.012737358	-5.8392837	-0.0032642657
85.12	0.013034439	-5.8397217	-0.0036759692
85.248	0.012905876	-5.8397779	-0.0032881429
85.376	0.0127541	-5.8396981	-0.0048873761
85.504	0.013192636	-5.8399218	-0.0051409466
85.632	0.013012247	-5.8396298	-0.0036586321
85.76	0.0130327	-5.8396761	-0.0021563507
85.888	0.013088312	-5.8396167	-0.0015866803
86.016	0.013216347	-5.8394003	-0.0035712012
86.144	0.013180628	-5.8391207	-0.0049895938
86.272	0.012977793	-5.8391713	-0.0037584508
86.4	0.013271523	-5.8394618	-0.0023077599
86.528	0.013330555	-5.8393119	-0.0037040776
86.656	0.013507774	-5.8392262	-0.0042932918
86.784	0.013572618	-5.8390491	-0.0028970935
86.912	0.013513897	-5.8389657	-0.0012980954
87.04	0.013702822	-5.8389468	-0.00054664868
87.168	0.013732947	-5.8388666	-0.0012194983
87.296	0.013770993	-5.8386058	-0.00083338812
87.424	0.01379528	-5.8383235	-0.0021862926
87.552	0.01377103	-5.8382931	-0.00089111852
87.68	0.013907438	-5.8383627	-0.0017235074
87.808	0.013850744	-5.8384059	-0.0030821568
87.936	0.014076907	-5.8386256	-0.0024755589
88.064	0.014133784	-5.8384428	-0.0028106874
88.192	0.013982704	-5.8381889	-0.0023830423
88.32	0.014249979	-5.8389434	-0.0014244929
88.448	0.013967985	-5.8384411	-0.0028518281
88.576	0.014158166	-5.8383434	-0.0037105151
88.704	0.013917687	-5.8383743	-0.0026243584
88.832	0.014041741	-5.8385909	-0.0030008667
88.96	0.013993064	-5.8385542	-0.0024121752
89.088	0.014271328	-5.8390105	-0.0040592512
89.216	0.013865134	-5.8386439	0.0012102124
89.344	0.013859778	-5.8389789	-0.001825685
89.472	0.013763862	-5.8390431	-0.0033637865
89.6	0.013831655	-5.8390561	-0.003545204
89.728	0.013385245	-5.8386904	-0.0021537356
89.856	0.013623628	-5.8389367	-0.0029865146
89.984	0.013314183	-5.8388186	-0.00088896926
90.112	0.013437447	-5.8391482	6.0123644e-05
90.24	0.013310438	-5.8392513	-0.0015046058
90.368	0.013203092	-5.8391233	-0.0012549858
90.496	0.013210631	-5.839245	-0.002606435
90.624	0.013009919	-5.8391821	-0.0042436325
90.752	0.012975589	-5.8393374	-0.0038256985
90.88	0.012991481	-5.8391802	-0.0047071333
91.008	0.01294587	-5.8393144	-0.0047131078
91.136	0.012991806	-5.8394823	-0.0037055631
91.264	0.013004119	-5.8394129	-0.0049126237
91.392	0.012931096	-5.8395185	-0.0074142994
91.52	0.012810748	-5.8393339	-0.0066350705
91.648	0.012890291	-5.8393954	-0.0043680651
91.776	0.012910511	-5.8394687	-0.0036246222
91.904	0.013162324	-5.8398533	-0.0055501881
92.032	0.013051888	-5.839537	-0.0053630815
92.16	0.012879922	-5.8393165	-0.0035126795
92.288	0.013092046	-5.8395602	-0.0042396139
92.416	0.013094361	-5.8396639	-0.0057878123
92.544	0.013336228	-5.839384	-0.0040668887
92.672	0.01335758	-5.8391373	-0.0032673915
92.8	0.013122544	-5.8387418	-0.0024159236
92.928	0.01338751	-5.8389658	-0.0037719813
93.056	0.013580886	-5.8390732	-0.0061652315
93.184	0.013439873	-5.8387814	-0.0026570978
93.312	0.013818636	-5.8392513	-0.0032389032
93.44	0.013567046	-5.8387796	-0.0036425616
93.568	0.013794874	-5.838793	-0.0036205005
93.696	0.013903007	-5.8386266	-0.0025206181
93.824	0.014059157	-5.8383989	-0.002439881
93.952	0.013784762	-5.8382905	0.00083675989
94.08	0.014203672	-5.8388152	-0.00041413675
94.208	0.013803079	-5.8381426	-0.0034739157
94.336	0.013940214	-5.8381615	-0.00024726159
94.464	0.014166032	-5.8384553	-0.0013931575
94.592	0.014084599	-5.8383405	0.00082745937
94.72	0.013945584	-5.8382243	0.00089141261
94.848	0.014165353	-5.8384222	-0.0020097159
94.976	0.013938737	-5.8381681	-0.0002418984
95.104	0.013906405	-5.8381012	0.000322185
95.232	0.014092676	-5.8383769	-0.0015663169
95.36	0.013978652	-5.8385841	-0.00011763771
95.488	0.014027556	-5.8388872	-0.0006882457
95.616	0.013807663	-5.8384963	-0.0020934169
95.744	0.013623743	-5.8384406	-0.0020039747
95.872	0.013864559	-5.8389479	-0.00048011134
96	0.013771891	-5.8392651	-0.0021158207
96.128	0.013486893	-5.8391027	-0.00199693
96.256	0.013429444	-5.8388079	-0.00029760654
96.384	0.013257024	-5.8390595	-0.0020588149
96.512	0.013456022	-5.8392851	-0.0036367667
96.64	0.013193775	-5.8394728	-0.0038594399
96.768	0.01315849	-5.8393859	-0.0046496574
96.896	0.013413235	-5.8394977	-0.0038743086
97.024	0.013232264	-5.8394937	-0.0048564735
97.152	0.012939282	-5.8395956	-0.0060306595
97.28	0.012959812	-5.8397385	-0.0039246209
97.408	0.012950587	-5.839742	-0.0046316446
97.536	0.013053892	-5.8400746	-0.0065569255
97.664	0.012862596	-5.8395778	-0.0061666442
97.792	0.012949378	-5.8394011	-0.0034082401
97.92	0.01284572	-5.8393275	-0.0052415243
98.048	0.012617587	-5.8390488	-0.0039451118
98.176	0.013033748	-5.839392	-0.0047138751
98.304	0.013035155	-5.8393751	-0.0035668833
98.432	0.012896038	-5.8392568	-0.0041589413
98.56	0.013145583	-5.8396216	-0.0027134845
98.688	0.012908196	-5.8392586	-0.0024261604
98.816	0.013128608	-5.8392498	-0.0040969744
98.944	0.013294553	-5.8393103	-0.0016430934
99.072	0.01349269	-5.8391224	-0.0033266253
99.2	0.013238419	-5.838797	-0.0027651794
99.328	0.01355747	-5.8391916	-0.0026582685
99.456	0.013568452	-5.838938	-0.0011878748
99.584	0.013568225	-5.8387276	-0.0018773003
99.712	0.013748431	-5.8386892	-0.00026794775
99.84	0.013564793	-5.8386096	-0.0025345285
99.968	0.013903793	-5.8389532	-0.0049784787
100.096	0.013730315	-5.8384362	-0.0018897108
100.224	0.014101921	-5.8386836	-0.0021815851
100.352	0.013930947	-5.838552	-0.000572187
100.48	0.014025731	-5.8382597	0.00071334473
100.608	0.014016591	-5.8378399	-0.0011539504
100.736	0.014094437	-5.8382147	-0.001691588
100.864	0.013917757	-5.8379781	0.00036205897
100.992	0.01416935	-5.8383449	-0.00091839045
101.12	0.014200989	-5.8384039	-0.001378265
101.248	0.014116965	-5.8384062	-0.0024657094
101.376	0.014010583	-5.8381413	-0.0011842577
101.504	0.014132012	-5.8385799	-0.0010879852
101.632	0.013908948	-5.8385959	-0.0010088011
101.76	0.013904906	-5.8387378	-0.00036612145
101.888	0.013972412	-5.8389236	-0.00078922009
102.016	0.013722432	-5.8385132	-0.0030948428
102.144	0.013977959	-5.8391392	-0.0033356571
102.272	0.013524336	-5.8386081	-0.0029252354
102.4	0.013487958	-5.8386335	-0.0040286546
102.528	0.013447679	-5.838926	-0.0024464329
102.656	0.013433231	-5.8392932	-0.0028195968
102.784	0.013399986	-5.839422	-0.003316763
102.912	0.013214648	-5.8389939	-0.0033656152
103.04	0.01331391	-5.8392686	-0.0055938823
103.168	0.013033501	-5.8391698	-0.0039634019
103.296	0.013214232	-5.8397884	-0.0041764822
103.424	0.012917198	-5.8391485	-0.0047185213
103.552	0.013105949	-5.8392533	-0.0053894099
103.68	0.012940675	-5.8394358	-0.0045190164
103.808	0.012870113	-5.8393703	-0.0022103871
103.936	0.012927143	-5.8394581	-0.0032836541
104.064	0.012904079	-5.8397772	-0.0053602533
104.192	0.012876433	-5.8396121	-0.0034099602
104.32	0.012604752	-5.839256	-0.0028570666
104.448	0.013153675	-5.8397951	-0.0048854074
104.576	0.012993136	-5.8395101	-0.002504088
104.704	0.013150166	-5.8396027	-0.0030644179
104.832	0.01294052	-5.839426	-0.0027859677
104.96	0.013101695	-5.8396665	-0.006767404
105.088	0.01319535	-5.8396269	-0.0069033109
105.216	0.01324015	-5.8390893	-0.0032485129
105.344	0.013285519	-5.8390477	-0.0022719472
105.472	0.013255158	-5.839127	-0.0022923238
105.6	0.013671675	-5.8396075	-0.0030060377
105.728	0.013463989	-5.8390397	-0.0029130793
105.856	0.013704146	-5.8391118	-0.0038626083
105.984	0.013451632	-5.8386377	-0.0019267628
106.112	0.013757227	-5.8390866	-0.0027853126
106.24	0.013889325	-5.8388139	-0.0020218613
106.368	0.013725425	-5.8385958	-0.0013993634
106.496	0.01397053	-5.838389	-0.0020834353
106.624	0.013972927	-5.8384115	-0.0018800512
106.752	0.014192114	-5.8387607	0.0001998506
106.88	0.014229178	-5.8385274	0.00060129523
107.008	0.014113552	-5.8385087	-0.0010391298
107.136	0.014097016	-5.8383147	-0.0020734919
107.264	0.014164838	-5.8383497	-0.002299905
107.392	0.014019023	-5.8383722	-0.00098345932
107.52	0.014026673	-5.8383471	0.0010074502
107.648	0.014001298	-5.8383626	-0.0033616077
107.776	0.014191842	-5.8382629	-0.0035881852
107.904	0.013887369	-5.8380319	0.0010669974
108.032	0.014227494	-5.8386028	-0.0021530876
108.16	0.013945265	-5.8385419	-0.0024886079
108.288	0.013825856	-5.8387309	-0.003398412
108.416	0.013727843	-5.8388303	-0.0022064892
108.544	0.013668523	-5.8387665	-0.0019791988
108.672	0.013705584	-5.8391122	-0.0019409303
108.8	0.013692599	-5.8392323	-0.0017893578
108.928	0.013262493	-5.8389681	0.00037708487
109.056	0.013462119	-5.8391465	-0.0024196064
109.184	0.013292866	-5.8390916	-0.0060971991
109.312	0.013248215	-5.8392354	-0.004381229
109.44	0.01302219	-5.8393768	-0.00088811534
109.568	0.013149073	-5.8391549	-0.0023975409
109.696	0.013136954	-5.8391716	-0.0052143618
109.824	0.012881799	-5.8390316	-0.0027520155
109.952	0.013027753	-5.8394757	-0.0047436757
110.08	0.012885559	-5.8393785	-0.0052748801
110.208	0.013192207	-5.8396886	-0.0038894587
110.336	0.01286312	-5.8394272	-0.0034040978
110.464	0.012846551	-5.8396265	-0.0053723829
110.592	0.012865699	-5.8394554	-0.0042654618
110.72	0.01280634	-5.8391771	-0.0024862299
110.848	0.012960754	-5.8394702	-0.0027387157
110.976	0.01310206	-5.8394723	-0.00069940332
111.104	0.012942479	-5.8394099	-0.0013921728
111.232	0.013143705	-5.8394941	-0.0041782462
111.36	0.013128142	-5.8392363	-0.0037574271
111.488	0.013194798	-5.8393772	-0.0050956565
111.616	0.013392784	-5.8394896	-0.0058949435
111.744	0.013389394	-5.8391848	-0.0052086098
111.872	0.01338626	-5.8390173	-0.0028105823
112	0.013295657	-5.8388819	-0.00253318
112.128	0.013765456	-5.8392508	-0.0028537726
112.256	0.013705599	-5.8389818	-0.0022821157
112.384	0.013713494	-5.8390566	-0.0024781572
112.512	0.013660433	-5.838522	0.0015275387
112.64	0.013602211	-5.8383054	-0.0018410955
112.768	0.014010842	-5.8386624	-0.004381188
112.896	0.014031038	-5.8384605	-0.0025920664
113.024	0.013927097	-5.8384924	-0.0040998269
113.152	0.013892257	-5.8382995	-0.0030707488
113.28	0.014146166	-5.8384189	-0.0029717127
113.408	0.014127649	-5.8388381	-0.0018378854
113.536	0.014017079	-5.8381414	0.00032040115
113.664	0.014125671	-5.8385212	-0.0015869761
113.792	0.013898274	-5.8381804	-0.0014394956
113.92	0.014177226	-5.8384669	-0.0012065501
114.048	0.013938267	-5.838335	0.0019072938
114.176	0.014055174	-5.8384157	-0.00060394595
114.304	0.014006339	-5.8385336	-0.0006590579
114.432	0.013876686	-5.8385592	0.00073123293
114.56	0.013636607	-5.8382449	0.0016775334
114.688	0.013938267	-5.839027	-0.00099345901
114.816	0.01372201	-5.8392179	-0.0020940784
114.944	0.013537606	-5.8391833	-0.0024663531
115.072	0.013581443	-5.8391121	-0.0031292004
115.2	0.013482437	-5.838952	-0.0016766596
115.328	0.013549744	-5.8394146	-0.0030964167
115.456	0.013349003	-5.8392353	-0.0032398402
115.584	0.013251443	-5.8393194	-0.0060950698
115.712	0.01320691	-5.8393937	-0.0041040616
115.84	0.013180468	-5.8395333	-0.0014339871
115.968	0.013095806	-5.8393108	-0.0058576853
116.096	0.013026816	-5.8393539	-0.0054468214
116.224	0.012773998	-5.8390857	-0.0043272558
116.352	0.013168047	-5.8395942	-0.004197982
116.48	0.013013571	-5.8395854	-0.002253829
116.608	0.012955695	-5.8396109	-0.0030931557
116.736	0.012967716	-5.8396383	-0.0045036698
116.864	0.012752351	-5.8394939	-0.0031155795
116.992	0.012856456	-5.8392666	-0.0029397994
117.12	0.01295094	-5.8394349	-0.0044919624
117.248	0.01305558	-5.8393079	-0.0050725576
117.376	0.012954492	-5.8392798	-0.0052848527
117.504	0.012878672	-5.8392878	-0.0048329367
117.632	0.012958841	-5.8391575	-0.0030187973
117.76	0.01337869	-5.8393238	-0.0014881879
117.888	0.013201031	-5.8390006	-0.0015128351
118.016	0.013530288	-5.8391764	-0.0056255273
118.144	0.013322226	-5.8388858	-0.0046982991
118.272	0.013383542	-5.838818	-0.0014447579
118.4	0.01351786	-5.8389183	-0.0037538272
118.528	0.013528669	-5.8385378	-0.0016669994
118.656	0.013619312	-5.8388111	0.00073000512
118.784	0.013700078	-5.8388655	0.00070550954
118.912	0.013767404	-5.8387987	-0.00021755598
119.04	0.013864026	-5.8383787	-0.0019474693
119.168	0.013959754	-5.8385529	-0.0016280843
119.296	0.013776054	-5.8383944	-0.0016974191
119.424	0.014132573	-5.8386639	-0.00065555234
119.552	0.014055417	-5.8385746	0.00084886899
119.68	0.014281576	-5.8384858	-0.0014389565
119.808	0.014028198	-5.8384783	0.00030663967
119.936	0.014119819	-5.8385535	-0.0014530297
120.064	0.014076923	-5.8385008	-0.0040462021
120.192	0.013769805	-5.8382216	-0.0026237699
120.32	0.014038551	-5.8384749	-0.0026482501
120.448	0.014129481	-5.8383517	-0.0029848506
120.576	0.014094022	-5.8382994	-0.0018699935
120.704	0.013984439	-5.8383443	-0.0018682974
120.832	0.013688574	-5.8383067	-0.0022413498
120.96	0.013684547	-5.8382991	-0.0020572748
121.088	0.013674578	-5.8384126	-0.0043263669
121.216	0.013643532	-5.8388405	-0.0041257514
121.344	0.013608794	-5.8387359	-0.0030857404
121.472	0.013285191	-5.838347	-0.0018739114
121.6	0.013402245	-5.8389811	-0.0049041129
121.728	0.0135482	-5.8394312	-0.0045941481
121.856	0.013363014	-5.8394797	-0.003073896
121.984	0.013132505	-5.8392968	-0.003151505
122.112	0.013145116	-5.8392787	-0.003311532
122.24	0.013180451	-5.8392109	-0.0047086436
122.368	0.012913365	-5.8390508	-0.0031163331
122.496	0.0131825	-5.8396489	-0.0034454753
122.624	0.012935111	-5.8397389	-0.0057987782
122.752	0.013234178	-5.8397658	-0.006174453
122.88	0.012934086	-5.8397422	-0.0033568348
123.008	0.012707857	-5.8392586	-0.0020452093
123.136	0.013080525	-5.8396279	-0.0054989701
123.264	0.01285004	-5.8397958	-0.0024647688
123.392	0.012589378	-5.8392576	-0.00063223964
123.52	0.013256693	-5.8399042	-0.0058105096
123.648	0.012794803	-5.8394087	-0.0030855784
123.776	0.013086307	-5.8395871	-0.0036459659
123.904	0.013232027	-5.8396316	-0.0039238442
124.032	0.013167759	-5.8394149	-0.0055272921
124.16	0.013127352	-5.8391217	-0.0076060344
124.288	0.013444402	-5.8392216	-0.003645715
124.416	0.013280938	-5.8390822	-0.0018723885
124.544	0.013472427	-5.839061	-0.0038798791
124.672	0.013495097	-5.8389861	-0.0041754556
124.8	0.01375823	-5.8391189	-0.0032063587
124.928	0.013252419	-5.8387562	-0.00091118269
125.056	0.013726242	-5.838792	-0.0029955495
125.184	0.013859895	-5.8385987	-0.0030598685
125.312	0.014061799	-5.8386168	-0.0039962988
125.44	0.013863499	-5.8384659	-0.0017370822
125.568	0.01410701	-5.838584	-0.0035640644
125.696	0.013883082	-5.8381376	-0.0014846869
125.824	0.01400674	-5.8382777	-0.0014388862
125.952	0.014172283	-5.8383253	-0.0034623609
126.08	0.014066137	-5.8381825	0.00034993457
126.208	0.01414355	-5.8383594	-0.0010551082
126.336	0.014124361	-5.8382706	-0.00080964746
126.464	0.014105006	-5.8383357	-0.0011352526
126.592	0.014086776	-5.8382955	-0.0015832155
126.72	0.013995674	-5.8385119	1.5524723e-05
126.848	0.01404888	-5.8384554	-0.00084987334
126.976	0.013985488	-5.8386448	-0.0016281573
127.104	0.013931949	-5.8385587	-0.0011957732
127.232	0.01357984	-5.838435	-0.0025467365
127.36	0.013347761	-5.8384503	-0.00020365217
127.488	0.013838734	-5.8389486	0.00085113759
127.616	0.013632965	-5.8388546	0.00016354563
127.744	0.013455277	-5.8392043	-0.0017687213
127.872	0.013368993	-5.8391519	-0.0046930055
128	0.013413913	-5.8394473	-0.0032090992
128.128	0.013269676	-5.8391707	-0.0026166915
128.256	0.013380616	-5.8394609	-0.0056346388
128.384	0.013065847	-5.8393792	-0.0038278933
128.512	0.013126772	-5.8394331	-0.0053889647
128.64	0.013070457	-5.8393995	-0.0068872067
128.768	0.013054454	-5.8395016	-0.006692405
128.896	0.01313182	-5.8397	-0.0061312753
129.024	0.012706321	-5.8393736	-0.003930641
129.152	0.012816731	-5.8397012	-0.0037699552
129.28	0.012956332	-5.8395032	-0.0036541486
129.408	0.012808306	-5.8392829	-0.0036244395
129.536	0.012877878	-5.8397202	-0.0068689842
129.664	0.013120196	-5.8398004	-0.0059388722
129.792	0.012798518	-5.8396326	-0.0041462299
129.92	0.013043526	-5.8397324	-0.0040814877
130.048	0.01284169	-5.8395054	-0.0043594233
130.176	0.013028769	-5.8396356	-0.004436807
130.304	0.013182859	-5.839394	-0.0044334766
130.432	0.013199068	-5.8393384	-0.0042316408
130.56	0.013332221	-5.8392124	-0.0041661593
130.688	0.013531653	-5.8392799	-0.0033348791
130.816	0.013594999	-5.8392783	-0.0035709042
130.944	0.01332777	-5.8386204	-0.0025202321
131.072	0.013495161	-5.8385002	-0.0010198767
131.2	0.013642364	-5.8385946	-0.00145327
131.328	0.013521148	-5.8384634	-0.0023964914
131.456	0.01381467	-5.8389354	-0.0029274403
131.584	0.014030622	-5.8386475	-0.0017101862
131.712	0.013982261	-5.838449	-0.00091982144
131.84	0.013694293	-5.8380784	0.00060340723
131.968	0.014098538	-5.8383952	-0.001898397
132.096	0.01413112	-5.8385992	-0.0013595794
132.224	0.014203949	-5.8388223	-0.0011064388
132.352	0.014004612	-5.8386039	0.001152994
132.48	0.014154448	-5.8386196	-0.00056143881
132.608	0.013970447	-5.8384019	-0.0010058128
132.736	0.014103809	-5.8382955	-0.00092014418
132.864	0.014100297	-5.8385147	-0.0028310991
132.992	0.013940067	-5.8384387	0.00021375576
133.12	0.014092549	-5.8385756	-0.0011210358
133.248	0.013867975	-5.8382378	-0.0022498131
133.376	0.01415305	-5.8388603	-0.0041191808
133.504	0.013809892	-5.8385034	-0.003790064
133.632	0.013793386	-5.8385183	-0.0011068029
133.76	0.013723197	-5.8388062	-0.0036109869
133.888	0.013588318	-5.8387323	-0.0048579884
134.016	0.0135585	-5.8388168	-0.003567715
134.144	0.013619502	-5.8391198	-0.0036652148
134.272	0.013431488	-5.839001	-0.0041225499
134.4	0.013245321	-5.8387681	-0.0032616096
134.528	0.013145213	-5.8389456	-0.0028523317
134.656	0.01329797	-5.8393816	-0.0034492997
134.784	0.012907163	-5.8392354	-0.0031343911
134.912	0.013185669	-5.8396034	-0.0054304942
135.04	0.012881671	-5.8391068	-0.0029009313
135.168	0.012985278	-5.8392929	-0.0052301389
135.296	0.012850943	-5.8393125	-0.0062140933
135.424	0.012899033	-5.8398074	-0.0027519342
135.552	0.013099054	-5.8402136	-0.0029677991
135.68	0.012611617	-5.8393489	-0.0042808447
135.808	0.013111677	-5.8397956	-0.0052476489
135.936	0.012880305	-5.8394705	-0.0037800581
136.064	0.012915038	-5.8394925	-0.005556898
136.192	0.01293313	-5.8394008	-0.0045802755
136.32	0.012797258	-5.8393837	-0.0020389448
136.448	0.013148857	-5.8397993	-0.0048319987
136.576	0.013269948	-5.8392796	-0.0047279365
136.704	0.013124262	-5.8389912	-0.0040224878
136.832	0.013196616	-5.8392062	-0.0064736622
136.96	0.013270535	-5.8390617	-0.0050745706
137.088	0.013398059	-5.8387745	-0.0025780294
137.216	0.013656853	-5.839175	-0.00300787
137.344	0.013365041	-5.8386635	-0.00072873551
137.472	0.013652755	-5.838935	-0.0015913556
137.6	0.013772265	-5.8389304	-0.0017153493
137.728	0.013904284	-5.8388128	-0.0028341196
137.856	0.013927535	-5.8389929	-0.0008700523
137.984	0.013869313	-5.8387735	0.00076651989
138.112	0.014061069	-5.8387853	-0.00081957267
138.24	0.013870199	-5.83839	-0.0020803121
138.368	0.014062027	-5.8385779	-0.0013031841
138.496	0.013965646	-5.8383372	0.0010009135
138.624	0.014030533	-5.8385347	-0.0011683564
138.752	0.014243894	-5.8385541	-0.0016024396
138.88	0.01417724	-5.838479	-0.0033882721
139.008	0.014184399	-5.8382508	-0.0033758568
139.136	0.014093146	-5.8385286	-0.0013659721
139.264	0.014063857	-5.8384964	0.0017941949
139.392	0.013890542	-5.8382495	-0.0011613542
139.52	0.013957539	-5.8386479	-0.0026992424
139.648	0.013965671	-5.8387729	0.00086382347
139.776	0.013716529	-5.8385633	-0.00098021449
139.904	0.013727546	-5.8387384	-0.0012910627
140.032	0.013743886	-5.838758	-0.0017930714
140.16	0.013839689	-5.8390959	-0.0026467569
140.288	0.013570128	-5.8389841	-0.0030159039
140.416	0.013110548	-5.8389375	-0.0049632063
140.544	0.013468335	-5.8396367	-0.0049271132
140.672	0.01327421	-5.8393614	-0.0054988192
140.8	0.013347365	-5.839438	-0.0053820468
140.928	0.013119524	-5.8391807	-0.0028723365
141.056	0.013072957	-5.8392276	-0.0038580986
141.184	0.01295358	-5.8392477	-0.0026952264
141.312	0.013069854	-5.839454	-0.0043720035
141.44	0.013180853	-5.8397132	-0.0047139326
141.568	0.012882715	-5.8392391	-0.0043487374
141.696	0.012911817	-5.839428	-0.0060826718
141.824	0.012767364	-5.8394241	-0.0040343882
141.952	0.012966063	-5.8395928	-0.0049854766
142.08	0.012746597	-5.8390654	-0.0027062872
142.208	0.013172941	-5.839802	-0.0023222006
142.336	0.012847104	-5.8392006	-0.0025627239
142.464	0.013014339	-5.8391853	-0.004982134
142.592	0.01298284	-5.8394339	-0.0049944471
142.72	0.013113017	-5.8392952	-0.004343001
142.848	0.01299388	-5.8390018	-0.00064881901
142.976	0.013234482	-5.8393294	-0.0040413409
143.104	0.013202226	-5.8390934	-0.0045959128
143.232	0.013215395	-5.8390378	-0.0022213581
143.36	0.013538432	-5.8391021	-0.0034562455
143.488	0.01327467	-5.8385878	-0.0031623458
143.616	0.013567899	-5.8389861	-0.0017538311
143.744	0.013762611	-5.8391802	-0.0033555103
143.872	0.013584433	-5.8389974	-0.0040604238
144	0.013762164	-5.8385762	-0.0016706921
144.128	0.013935366	-5.8384686	-0.0022532257
144.256	0.013970354	-5.8385352	-0.0025621131
144.384	0.013695767	-5.8383502	0.00029250942
144.512	0.013788087	-5.8386711	0.00019800605
144.64	0.014094141	-5.8389953	-0.0027449724
144.768	0.014037273	-5.8387903	-0.0024434137
144.896	0.01399644	-5.8384654	-0.0011971179
145.024	0.014067731	-5.8383518	0.00033057112
145.152	0.014094471	-5.8384003	0.00078110798
145.28	0.01425225	-5.8384703	-0.0026188372
145.408	0.014084737	-5.8384099	-0.0021508813
145.536	0.013887179	-5.8383924	-0.0013907323
145.664	0.01397454	-5.8387123	0.0020410922
145.792	0.014144944	-5.838868	-0.0011935037
145.92	0.013823401	-5.8386145	-0.0049373308
146.048	0.013721783	-5.8383465	-0.0042486281
146.176	0.013826487	-5.8388082	-0.0031057529
146.304	0.013706539	-5.8388093	-0.0025840571
146.432	0.013645092	-5.8386806	-0.0055918501
146.56	0.013371106	-5.8387688	-0.0051277634
146.688	0.013683741	-5.8390712	-0.0017031668
146.816	0.013505878	-5.8389465	-0.0022292024
146.944	0.013343122	-5.8387179	-0.004492881
147.072	0.013142444	-5.838606	-0.0034580323
147.2	0.01321376	-5.838976	-0.0015872789
147.328	0.013047388	-5.8392155	-0.0015580816
147.456	0.013079111	-5.8395412	-0.0040700737
147.584	0.01293157	-5.8393127	-0.0044171564
147.712	0.012988685	-5.8394921	-0.0046047493
147.84	0.013022148	-5.8396879	-0.0060098681
147.968	0.0128596	-5.8398371	-0.0051331529
148.096	0.012914312	-5.8397904	-0.0030656416
148.224	0.013109011	-5.8397807	-0.0047351667
148.352	0.012918571	-5.8397797	-0.0026978563
148.48	0.012994311	-5.8398291	-0.0015405449
148.608	0.012964262	-5.8395971	-0.0042170293
148.736	0.0129854	-5.8393995	-0.0053634165
148.864	0.013105983	-5.8396938	-0.0049277894
148.992	0.013301012	-5.8395522	-0.0043150475
149.12	0.012894275	-5.8391231	-0.0036695092
149.248	0.013007792	-5.8391437	-0.0055337845
149.376	0.013086773	-5.8390765	-0.0056980538
149.504	0.013232022	-5.8392124	-0.0012253349
149.632	0.013545924	-5.8393687	-0.0017831654
149.76	0.013553841	-5.8390405	-0.0024574004
149.888	0.013410823	-5.8387453	-0.0018746309
150.016	0.013590959	-5.8388089	-0.0024415046
150.144	0.013758117	-5.8390541	-0.0049449727
150.272	0.013577672	-5.8388791	-0.0029359212
150.4	0.013854265	-5.8391178	-0.00086868912
150.528	0.013839407	-5.8385779	-0.00069887878
150.656	0.013864521	-5.8383561	-0.0012798942
150.784	0.014215066	-5.8384173	-0.0026390069
150.912	0.013844173	-5.8382938	-0.0011626616
151.04	0.014020579	-5.8383359	-0.0025297074
151.168	0.013932016	-5.8382628	-0.0010653473
151.296	0.014116062	-5.8384739	-0.0033584429
151.424	0.014090447	-5.8385455	-0.00088338233
151.552	0.013917391	-5.8382985	-0.0010366619
151.68	0.014093449	-5.8387442	-0.001843025
151.808	0.014021797	-5.8387284	-0.0027498245
151.936	0.014097068	-5.8383905	-0.0024932924
152.064	0.014116784	-5.8385417	-0.0018974635
152.192	0.01380012	-5.8383429	0.00069152923
152.32	0.013691931	-5.8383328	-0.0015087343
152.448	0.013900476	-5.8383703	-0.004874865
152.576	0.013695731	-5.8385061	-0.0032582029
152.704	0.013617869	-5.8385634	-0.002548571
152.832	0.013624876	-5.8387809	-0.0039542056
152.96	0.013502768	-5.8390039	0.00014009051
153.088	0.013364589	-5.8387831	0.00023747055
153.216	0.013483548	-5.8391742	-0.0038150829
153.344	0.013218126	-5.8391675	-0.0039603618
153.472	0.013287059	-5.8395637	-0.0034257901
153.6	0.013257728	-5.8396185	-0.0036001188
153.728	0.013112154	-5.8396067	-0.0031159361
153.856	0.013241443	-5.8395187	-0.0019760078
153.984	0.012909709	-5.8392811	-0.0024821531
154.112	0.012967747	-5.8395618	-0.0020468822
154.24	0.012963025	-5.8396934	-0.0041727038
154.368	0.013206585	-5.8398934	-0.0058957176
154.496	0.012827502	-5.8397882	-0.0044088608
154.624	0.012858235	-5.8396287	-0.0039357633
154.752	0.012959758	-5.8395868	-0.0038748975
154.88	0.01299759	-5.8395417	-0.0047080373
155.008	0.012800096	-5.839178	-0.0038516415
155.136	0.012852173	-5.8391981	-0.0038210106
155.264	0.013284779	-5.8395672	-0.0050259778
155.392	0.01292822	-5.8390946	-0.0036116975
155.52	0.013274424	-5.8392752	-0.0039889527
155.648	0.013120269	-5.8391799	-0.0021453389
155.776	0.013184819	-5.8392537	-0.0022922361
155.904	0.013260302	-5.8389074	-0.0016955204
156.032	0.013468527	-5.838806	-0.0037504099
156.16	0.013301533	-5.8387066	-0.0013783194
156.288	0.013535729	-5.8388777	-0.0017347868
156.416	0.013517684	-5.8387314	-0.0021438725
156.544	0.013724398	-5.8391598	-0.0032484719
156.672	0.013865786	-5.8388478	-0.0037471708
156.8	0.013704311	-5.83867	-0.0042119564
156.928	0.014089986	-5.8388744	-0.0029676399
157.056	0.013814474	-5.8386632	-0.0012878045
157.184	0.014127149	-5.8387627	-0.0037792745
157.312	0.013806556	-5.8382432	0.00025378548
157.44	0.013995081	-5.8384514	0.00091993799
157.568	0.014066991	-5.8383112	0.00013437494
157.696	0.014084059	-5.8381416	8.5760134e-05
157.824	0.014117318	-5.8385485	-0.0048093873
157.952	0.013983954	-5.838349	-0.0034389416
158.08	0.01411954	-5.8385506	-0.0014889909
158.208	0.013996706	-5.8386508	-0.00019786352
158.336	0.014243992	-5.838943	2.6510744e-05
158.464	0.013914783	-5.8385333	-0.0024698211
158.592	0.014015465	-5.8388266	-0.002508122
158.72	0.013758171	-5.838517	-0.00051454712
158.848	0.013527311	-5.8384375	-0.00031299664
158.976	0.013621302	-5.8387575	-0.0010435947
159.104	0.013743022	-5.8388914	-0.0029988414
159.232	0.013463476	-5.8388778	-0.0029111561
159.36	0.013680118	-5.8392907	-0.0037140875
159.488	0.013435037	-5.8392536	-0.0017808429
159.616	0.013189445	-5.8389092	-0.00079091453
159.744	0.01321895	-5.8391378	-0.0038981108
159.872	0.013159035	-5.8395072	-0.0041043321
160	0.013150341	-5.8393662	-0.0037176136
160.128	0.013043656	-5.8394819	-0.0030965586
160.256	0.013136374	-5.8396359	-0.004890366
160.384	0.012857727	-5.8394977	-0.0033456947
160.512	0.012909918	-5.8396299	-0.0041995892
160.64	0.012884724	-5.839535	-0.0066421956
160.768	0.012912471	-5.8395874	-0.0079437109
160.896	0.013135764	-5.8398103	-0.003343569
161.024	0.012904788	-5.8397446	-0.0033900631
161.152	0.013036036	-5.8397235	-0.0040770922
161.28	0.013040261	-5.8394049	-0.0026413726
161.408	0.012851826	-5.8392185	-0.0041183476
161.536	0.01310956	-5.8395072	-0.0060465378
161.664	0.013014664	-5.8393179	-0.0045793916
161.792	0.013073352	-5.8390019	-0.0038175476
161.92	0.013098821	-5.839011	-0.0018252247
162.048	0.013334123	-5.8393884	-0.0026666388
162.176	0.013159243	-5.8388247	-0.0023179493
162.304	0.01356728	-5.8391857	-0.0017744715
162.432	0.013617088	-5.8392245	-0.0014557552
162.56	0.013378743	-5.8387813	-0.0021955896
162.688	0.01355558	-5.838745	-0.0011280034
162.816	0.013703386	-5.8384671	-0.0017837077
162.944	0.01371394	-5.8384625	-0.0049173496
163.072	0.013824193	-5.8385624	-0.0035673545
163.2	0.013735877	-5.8384782	-0.001643321
163.328	0.013973916	-5.8385308	-0.0030135686
163.456	0.014096119	-5.8384344	-0.0031794623
163.584	0.013949188	-5.8381336	-0.00089455796
163.712	0.014080488	-5.8381896	-0.0017896365
163.84	0.013972484	-5.838035	-0.0011959646
163.968	0.014137967	-5.8384789	-0.0015949405
164.096	0.014182402	-5.8386814	-0.0031245045
164.224	0.014264622	-5.8387468	-0.0015917447
164.352	0.014081228	-5.8386211	0.0013707792
164.48	0.013864312	-5.8383275	0.0025224416
164.608	0.013611093	-5.8380711	0.0020561932
164.736	0.014125565	-5.8385865	-0.0016614839
164.864	0.01387705	-5.8386589	-0.0032508899
164.992	0.01395885	-5.8388657	-0.0019660502
165.12	0.01370015	-5.8384569	-0.0035788339
165.248	0.013583266	-5.8384782	-0.0016562382
165.376	0.013602882	-5.8384843	0.0010124951
165.504	0.013703737	-5.8387614	-0.0026383703
165.632	0.013572429	-5.8389302	-0.0049021898
165.76	0.013412208	-5.8387206	-0.0029225911
165.888	0.013277125	-5.8389776	-0.0021561599
166.016	0.013170271	-5.8393016	-0.0015660226
166.144	0.013118303	-5.8394092	-0.0019957559
166.272	0.013335179	-5.8398234	-0.005280944
166.4	0.012938976	-5.8395015	-0.0060249294
166.528	0.012943782	-5.8394848	-0.0031261084
166.656	0.012832541	-5.8393499	-0.0039360887
166.784	0.01302421	-5.8395599	-0.0052382202
166.912	0.012910871	-5.8396362	-0.0038093952
167.04	0.012740645	-5.8394837	-0.0044312099
167.168	0.013072629	-5.8397574	-0.0035974739
167.296	0.012869526	-5.839537	-0.0036170201
167.424	0.012750987	-5.8394863	-0.0027126372
167.552	0.012918384	-5.8396242	-0.0024355314
167.68	0.013030841	-5.8395452	-0.0055097973
167.808	0.013142653	-5.8393093	-0.0043184017
167.936	0.013106363	-5.8394502	-0.0036451464
168.064	0.013102728	-5.8391826	-0.0037166731
168.192	0.013118247	-5.8392209	-0.003047122
168.32	0.01343426	-5.8393543	-0.0041576602
168.448	0.013010412	-5.8388848	-0.0041790114
168.576	0.013517961	-5.8393035	-0.0044104632
168.704	0.013530562	-5.8390481	-0.0046239434
168.832	0.013478286	-5.838783	-0.0047522397
168.96	0.013635866	-5.838794	-0.001586247
169.088	0.013721548	-5.8385302	-0.0026817835
169.216	0.013669324	-5.8386285	-0.00081559859
169.344	0.013775853	-5.8386348	0.00066979555
169.472	0.014018235	-5.8384839	-0.0016625152
169.6	0.013928326	-5.8387029	-0.0013920149
169.728	0.013835907	-5.8382366	0.0021398223
169.856	0.014181636	-5.8382018	-0.0015752348
169.984	0.013994272	-5.8381019	-0.0013879084
170.112	0.01413441	-5.8382707	0.000564956
170.24	0.013931421	-5.8380159	0.0018772943
170.368	0.013931458	-5.8381711	-0.0011699112
170.496	0.014494048	-5.8388412	-0.003324463
170.624	0.014077417	-5.8386672	-0.0030097118
170.752	0.013994582	-5.8386426	-0.0030333698
170.88	0.014147333	-5.8386851	-0.0013971337
171.008	0.014056497	-5.8384912	-0.0026493787
171.136	0.013722385	-5.8384288	-0.00021365795
171.264	0.013961248	-5.8386067	-0.0019733596
171.392	0.013578898	-5.838186	-0.0025786813
171.52	0.013554508	-5.8386013	-0.00040941846
171.648	0.013974256	-5.8391543	-0.00047319153
171.776	0.013596772	-5.8389688	-0.00059282511
171.904	0.013462509	-5.8390623	-0.0038165084
172.032	0.013415572	-5.8393248	-0.004797693
172.16	0.013192224	-5.8390982	-0.0031241241
172.288	0.013159413	-5.8391052	-0.0034659579
172.416	0.013121199	-5.839096	-0.003054459
172.544	0.01298162	-5.8389016	-0.0027828878
172.672	0.013099666	-5.8393369	-0.0061161375
172.8	0.013047981	-5.8396309	-0.0063594578
172.928	0.012882012	-5.8394929	-0.0031838613
173.056	0.013066171	-5.8395624	-0.0028932216
173.184	0.012991997	-5.8393969	-0.0041298766
173.312	0.012730703	-5.8391998	-0.0047971266
173.44	0.012865698	-5.8397265	-0.0041865862
173.568	0.0131867	-5.8400288	-0.005034984
173.696	0.012841368	-5.8397342	-0.0050480563
173.824	0.012839268	-5.8395657	-0.0035656863
173.952	0.012917164	-5.8392822	-0.0035461582
174.08	0.01311625	-5.8395905	-0.0055334912
174.208	0.013191897	-5.8395027	-0.0051768522
174.336	0.013265109	-5.8396461	-0.0059866913
174.464	0.013023439	-5.8390918	-0.0038966944
174.592	0.013170557	-5.8392778	-0.0018124576
174.72	0.013318781	-5.8391312	-0.0011586178
174.848	0.013429413	-5.839137	-0.0023717434
174.976	0.013475126	-5.83932	-0.0018621188
175.104	0.013351041	-5.8390736	0.000617704
175.232	0.013767454	-5.8392297	-0.0036028815
175.36	0.013527891	-5.8387367	-0.0012915991
175.488	0.01370055	-5.8387332	-0.0013892696
175.616	0.013818986	-5.8387171	-0.0018950927
175.744	0.013815965	-5.8385288	-0.0014304842
175.872	0.013971953	-5.8389244	-0.00087130426
176	0.013801845	-5.8382407	-0.00062895788
176.128	0.014057924	-5.8384725	-0.0008486084
176.256	0.014058637	-5.8383203	-0.0012600096
176.384	0.014362818	-5.8384768	-0.0020160626
176.512	0.014114598	-5.8382491	-0.0014438974
176.64	0.014099902	-5.8381177	-0.0027238425
176.768	0.013929645	-5.8379955	-0.0022013597
176.896	0.014233629	-5.8384857	0.00093126227
177.024	0.013896757	-5.8383757	-0.0019491747
177.152	0.013929964	-5.8379179	-0.0017623472
177.28	0.014118285	-5.8384251	-0.0031226269
177.408	0.013701876	-5.8384931	-0.0048836718
177.536	0.013846714	-5.8388154	-0.0029765883
177.664	0.013888616	-5.8390165	-0.0017711866
177.792	0.013532129	-5.8385365	-0.0013608992
177.92	0.013647912	-5.8387419	-0.0031197476
178.048	0.01364097	-5.8390687	-0.0018701265
178.176	0.013495867	-5.8390485	-0.002470508
178.304	0.01353528	-5.8392764	-0.0052514891
178.432	0.013360243	-5.8393747	-0.0049101374
178.56	0.01334537	-5.839605	-0.0030523027
178.688	0.01353552	-5.8398093	-0.0020430149
178.816	0.012937792	-5.8390547	-0.00013926917
178.944	0.013008426	-5.8393622	-0.0038559143
179.072	0.01301944	-5.8395076	-0.0056837619
179.2	0.013115049	-5.8395233	-0.0052011642
179.328	0.01279328	-5.8394077	-0.0051394533
179.456	0.012809445	-5.8394409	-0.00094488087
179.584	0.012907191	-5.8395	-0.0031453339
179.712	0.012927054	-5.8393749	-0.0038028591
179.84	0.012734915	-5.8392294	-0.0033244159
179.968	0.012989174	-5.8395415	-0.0037302672
180.096	0.013001928	-5.839558	-0.0022011027
180.224	0.012954178	-5.8391171	-0.0014781993
180.352	0.012978054	-5.8393311	-0.0051666029
180.48	0.013040416	-5.8394445	-0.005442383
180.608	0.013222821	-5.8396846	-0.0037380399
180.736	0.013233587	-5.8397159	-0.004932673
180.864	0.013254091	-5.839307	-0.0033081013
180.992	0.013167146	-5.8390149	-0.0029538907
181.12	0.013321189	-5.8391247	-0.0022232156
181.248	0.013421077	-5.839189	-0.0027252
181.376	0.013424402	-5.8390246	-0.0028344563
181.504	0.013586953	-5.8391215	-0.0030571996
181.632	0.01349674	-5.8385571	-0.0017300541
181.76	0.013760051	-5.8387227	-0.0020428933
181.888	0.013903758	-5.8384958	-0.0032042249
182.016	0.014011954	-5.8385866	-0.0022495381
182.144	0.013909384	-5.8384597	-0.0011255213
182.272	0.01377867	-5.8380854	-0.0013520209
182.4	0.013964871	-5.8383074	-0.0023157399
182.528	0.014266938	-5.8388235	-0.0034998613
182.656	0.013967603	-5.8382481	-0.0014436581
182.784	0.014096033	-5.8384519	-0.0026725007
182.912	0.014069884	-5.8384941	-0.0020686853
183.04	0.013951145	-5.8382359	0.00086810706
183.168	0.014112445	-5.8382916	0.001664085
183.296	0.013931394	-5.8383969	0.00013326518
183.424	0.014104785	-5.8387806	-0.0014649095
183.552	0.01413849	-5.8388834	-0.0018507581
183.68	0.013843594	-5.8384475	-0.0034416611
183.808	0.013873067	-5.8387672	-0.001786633
183.936	0.013786723	-5.8384608	0.0010535686
184.064	0.013790868	-5.8388607	-0.0029053101
184.192	0.013777856	-5.8386863	-0.0025288154
184.32	0.013451813	-5.8388179	-0.0039771697
184.448	0.013421491	-5.8388792	-0.002822648
184.576	0.013462822	-5.8393739	-0.003121804
184.704	0.013302014	-5.8391456	-0.0038142977
184.832	0.013436904	-5.8393705	-0.0063641055
184.96	0.013163147	-5.8392891	-0.0031549484
185.088	0.013214251	-5.8396493	-0.0026829677
185.216	0.012977227	-5.8391527	-0.0012203398
185.344	0.013231457	-5.8395547	-0.0015370992
185.472	0.012947522	-5.8394399	-0.0035289405
185.6	0.012955779	-5.8394522	-0.0062511625
185.728	0.012983817	-5.8397707	-0.0054148511
185.856	0.012988789	-5.8396949	-0.0043718098
185.984	0.01307503	-5.8397953	-0.0045976057
186.112	0.012823488	-5.839305	-0.0036235749
186.24	0.012943315	-5.8395751	-0.0010977145
186.368	0.01298112	-5.8396754	-0.0022377031
186.496	0.012937989	-5.8394232	-0.0024575751
186.624	0.012906764	-5.8393912	-0.00098791802
186.752	0.012897152	-5.8394794	-0.0033260214
186.88	0.013171622	-5.8394994	-0.0042864895
187.008	0.013151508	-5.8396676	-0.0029791924
187.136	0.013148662	-5.8393957	-0.0014383634
187.264	0.013252218	-5.8391752	-0.0033003757
187.392	0.013425123	-5.839171	-0.0055023159
187.52	0.013448312	-5.8390307	-0.0027836672
187.648	0.013380054	-5.8387405	-0.0032630737
187.776	0.013417391	-5.8390769	-0.0045245978
187.904	0.013760938	-5.8390818	-0.0045516647
188.032	0.013585513	-5.8389653	-0.0028926663
188.16	0.013743012	-5.8388497	-0.0031951474
188.288	0.013814697	-5.8387926	-0.0018062533
188.416	0.013797764	-5.8382715	-0.0028907332
188.544	0.014029704	-5.8383154	-0.0040681343
188.672	0.013808845	-5.8381353	-0.0008932328
188.8	0.013992087	-5.8383476	0.00083509708
188.928	0.01411065	-5.8386161	-0.001741864
189.056	0.014209998	-5.8386255	-0.0022690132
189.184	0.01420991	-5.8383914	0.00063305961
189.312	0.014165587	-5.8388183	2.4274956e-05
189.44	0.014067394	-5.8384983	-0.00093759596
189.568	0.01398695	-5.8384865	-0.00037434499
189.696	0.01398769	-5.8384066	-0.00039638863
189.824	0.014162059	-5.8383144	-0.0012763945
189.952	0.013993231	-5.8385321	-0.0028992579
190.08	0.0137632	-5.8386672	-0.0013265182
190.208	0.013724392	-5.8385352	0.00058275197
190.336	0.01376721	-5.8387596	-0.00036583068
190.464	0.013577762	-5.8386354	-0.0025118892
190.592	0.013708766	-5.8388833	-0.0035166735
190.72	0.013537816	-5.8389813	-0.0019765688
190.848	0.013541552	-5.8393202	-0.0021622717
190.976	0.013510542	-5.8393849	-0.002423521
191.104	0.01319449	-5.8391461	-0.0033076656
191.232	0.013047655	-5.839093	-0.0037940501
191.36	0.013235998	-5.8389715	-0.0031695966
191.488	0.01296101	-5.8392617	-0.0056161025
191.616	0.01308532	-5.8394661	-0.0064823276
191.744	0.012990019	-5.839328	-0.0035838653
191.872	0.013357275	-5.8398902	-0.0060117397
192	0.012874908	-5.8397298	-0.0036463779
192.128	0.013010728	-5.8397683	-0.0032433699
192.256	0.01288385	-5.8395667	-0.0041729378
192.384	0.013031036	-5.8396863	-0.0030772754
192.512	0.012964679	-5.8395294	-0.0048565862
192.64	0.012970221	-5.8394362	-0.0057060088
192.768	0.012948244	-5.8393754	-0.0046272783
192.896	0.013067659	-5.8395684	-0.0042427069
193.024	0.012862503	-5.839554	-0.0023975049
193.152	0.012879125	-5.8396987	-0.0025270611
193.28	0.013229737	-5.8396653	-0.0045333036
193.408	0.013163801	-5.8393939	-0.0041871463
193.536	0.013244317	-5.83935	-0.0037685152
193.664	0.013343541	-5.8392101	-0.0024119516
193.792	0.013496523	-5.8391025	-0.0015701756
193.92	0.013347587	-5.8389674	-0.0022846374
194.048	0.013468617	-5.8390742	-0.0031029091
194.176	0.013740473	-5.8393218	-0.0017402455
194.304	0.013717808	-5.8391149	-0.00037198096
194.432	0.013389842	-5.838693	-0.0010449404
194.56	0.014023213	-5.8392049	-0.0045090458
194.688	0.013740846	-5.8386275	-0.00066731198
194.816	0.013790906	-5.8383988	-1.0336297e-05
194.944	0.014060014	-5.8385755	-0.0020774969
195.072	0.014159254	-5.8383601	-0.00051366327
195.2	0.014084888	-5.8384609	-0.0006395579
195.328	0.014174408	-5.8387978	-0.0016081463
195.456	0.014240468	-5.8387426	-0.001754588
195.584	0.01387761	-5.8385281	-0.0015522021
195.712	0.014184077	-5.8385278	-0.0024752178
195.84	0.014056891	-5.8382445	-0.00044835747
195.968	0.014063263	-5.8380008	-9.4582153e-06
196.096	0.014096939	-5.8386186	-0.0028971418
196.224	0.014058484	-5.8386067	-0.0014830928
196.352	0.014025865	-5.8386892	-0.00011807287
196.48	0.014010563	-5.8385361	-0.0013096306
196.608	0.01351547	-5.8383425	-0.00097550821
196.736	0.013835939	-5.8390007	-0.0022600875
196.864	0.013326054	-5.8384161	-0.0019796224
196.992	0.013729286	-5.839212	-0.004535044
197.12	0.013229141	-5.8388632	-0.002912571
197.248	0.013613089	-5.8392546	-0.0052299059
197.376	0.013389954	-5.8393791	-0.0034957541
197.504	0.0130507	-5.8389844	-0.0040271895
197.632	0.013222354	-5.8392775	-0.0038045839
197.76	0.013056375	-5.8394402	-0.0052580968
197.888	0.013205768	-5.839552	-0.0034209046
198.016	0.012966816	-5.8395202	-0.0028022607
198.144	0.013052442	-5.8395968	-0.0042773332
198.272	0.013034275	-5.8394068	-0.0044076305
198.4	0.012913403	-5.8394151	-0.0054307277
198.528	0.012927649	-5.8394887	-0.0067995996
198.656	0.013003941	-5.8394897	-0.0052117374
198.784	0.012807127	-5.8394106	-0.0020843374
198.912	0.013161443	-5.8397933	-0.0038084426
199.04	0.012886097	-5.8394991	-0.0043594334
199.168	0.013009108	-5.839675	-0.0034901631
199.296	0.013097437	-5.839558	-0.0026527352
199.424	0.013163107	-5.8394968	-0.0031076857
199.552	0.012967755	-5.8390739	-0.0030566884
199.68	0.01298434	-5.8389136	-0.0035948279
199.808	0.013198406	-5.8395729	-0.003325624
199.936	0.013390523	-5.8392936	-0.0026085738
200.064	0.013506609	-5.8393091	-0.0043718692
200.192	0.013448882	-5.8390897	-0.0042088211
200.32	0.013360313	-5.838741	-0.0017902312
200.448	0.013635208	-5.8388752	-0.0021523805
200.576	0.013728839	-5.8388181	-0.0022351488
200.704	0.013728682	-5.8387725	-0.0029408599
200.832	0.013676422	-5.8385715	-0.0028454834
200.96	0.013737478	-5.8382262	-0.0025146719
201.088	0.014050729	-5.8385184	-0.0013709763
201.216	0.013934528	-5.8383081	-0.0014565655
201.344	0.014109065	-5.8384514	0.00042753745
201.472	0.014040841	-5.8382164	0.0012481564
201.6	0.014134549	-5.8383694	-0.0013766952
201.728	0.014507602	-5.8387402	-0.0010227031
201.856	0.013797863	-5.8381285	0.0020336184
201.984	0.014018712	-5.8382539	-0.0014745648
202.112	0.014161558	-5.8384991	-0.0013834973
202.24	0.014099204	-5.8383473	2.2031171e-05
202.368	0.013995848	-5.8383193	0.00020200845
202.496	0.013946769	-5.8385382	-0.0022387104
202.624	0.013955875	-5.8387301	-0.0039285332
202.752	0.013907349	-5.8387454	-0.0030380973
202.88	0.013732821	-5.8388029	-0.0011262014
203.008	0.01348251	-5.8386959	-0.00042673443
203.136	0.013761982	-5.8390573	-0.0012990041
203.264	0.013502529	-5.8390912	-0.0019380818
203.392	0.013525904	-5.8390904	-0.0039780691
203.52	0.013270858	-5.8388585	-0.0044032585
203.648	0.013323536	-5.8387976	-0.0049752233
203.776	0.013244295	-5.8390038	-0.006612664
203.904	0.013148876	-5.8393675	-0.0040415516
204.032	0.013077277	-5.8395503	-0.0022372458
204.16	0.013228783	-5.8395772	-0.0036246194
204.288	0.01293892	-5.8394138	-0.0036745086
204.416	0.012917797	-5.8392201	-0.0029469
204.544	0.013292323	-5.8397924	-0.0049302503
204.672	0.012914787	-5.839768	-0.003603005
204.8	0.012725227	-5.8392802	-0.0021625987
204.928	0.012693447	-5.839214	-0.0030679304
205.056	0.013174364	-5.8399003	-0.004042955
205.184	0.012905869	-5.8396691	-0.0035647703
205.312	0.013051753	-5.8396494	-0.0015732598
205.44	0.012871142	-5.8392831	-0.0027176203
205.568	0.013050237	-5.8394486	-0.0051964957
205.696	0.013147718	-5.8395119	-0.0029360059
205.824	0.013289301	-5.839499	-0.0043431746
205.952	0.013074543	-5.8390868	-0.0035365644
206.08	0.013121156	-5.8392314	-0.0045611624
206.208	0.013332917	-5.8389631	-0.0038767131
206.336	0.013179408	-5.8386932	-0.0026738815
206.464	0.013547072	-5.8391854	-0.0049013682
206.592	0.013335176	-5.8387617	-0.0040767774
206.72	0.013893142	-5.8391492	-0.0038083856
206.848	0.01352268	-5.8388294	-0.0026483271
206.976	0.013857276	-5.8389232	-0.0032152944
207.104	0.013619657	-5.8384299	0.00039502996
207.232	0.014107003	-5.8390889	-0.00036107204
207.36	0.013685742	-5.8385593	-0.0013982243
207.488	0.014318568	-5.8391942	-0.0016027838
207.616	0.014287658	-5.8390312	-0.0018414071
207.744	0.013820313	-5.838434	0.001213298
207.872	0.01391271	-5.838221	0.0018493202
208	0.014125058	-5.838222	-0.00036888116
208.128	0.014154835	-5.8385072	4.0960437e-05
208.256	0.013994498	-5.8381254	-0.0003051307
208.384	0.014162263	-5.8383778	-0.0032170516
208.512	0.014205203	-5.8383826	-0.0020115731
208.64	0.01390181	-5.8383389	-0.0015650149
208.768	0.014190112	-5.8388398	-0.0024615942
208.896	0.013767333	-5.838387	-0.0014060678
209.024	0.013748921	-5.8385101	-0.0024321975
209.152	0.013771388	-5.8387817	-0.0029121046
209.28	0.013698314	-5.8387611	-0.0029170787
209.408	0.014037736	-5.8390191	-0.0040007568
209.536	0.013569634	-5.8388822	-0.0031038301
209.664	0.013431405	-5.8390786	-0.0033278397
209.792	0.013401324	-5.8391399	-0.0028918592
209.92	0.013359254	-5.839144	-0.0023816646
210.048	0.013107739	-5.8388743	-0.0024280881
210.176	0.013381792	-5.8390689	-0.0052284101
210.304	0.013175483	-5.8390633	-0.0045141222
210.432	0.012979539	-5.8392278	-0.0043832065
210.56	0.013261236	-5.8396111	-0.0071242283
210.688	0.012981575	-5.8395843	-0.0047155573
210.816	0.012863757	-5.8397122	-0.0055044159
210.944	0.012926082	-5.8393732	-0.0038091204
211.072	0.012742232	-5.8392731	-0.0023560847
211.2	0.013261995	-5.8398551	-0.0050445628
211.328	0.012894258	-5.8395024	-0.0050779601
211.456	0.012952386	-5.83966	-0.0062365072
211.584	0.012844523	-5.8394384	-0.0048123519
211.712	0.01294534	-5.8395048	-0.0040822228
211.84	0.01298574	-5.8393759	-0.0035675331
211.968	0.01313741	-5.8394308	-0.003812306
212.096	0.01308636	-5.8393881	-0.0037926553
212.224	0.012912171	-5.8390642	-0.0050959909
212.352	0.013343228	-5.8390816	-0.0047495582
212.48	0.013275474	-5.8388769	-0.0032538929
212.608	0.013474395	-5.8390447	-0.0036776786
212.736	0.013466812	-5.8389047	-0.0032749933
212.864	0.013501195	-5.8389727	-0.0037596589
212.992	0.013552887	-5.8388852	-0.0030210891
213.12	0.013687412	-5.8390059	-0.0010042918
213.248	0.013866226	-5.8390452	-0.0019390873
213.376	0.013599979	-5.8385697	-0.0029303084
213.504	0.013825754	-5.8385777	-0.0026611074
213.632	0.013847551	-5.8383261	-0.0013219609
213.76	0.013952884	-5.8386898	-0.0013599583
213.888	0.014122672	-5.8386132	-0.00081707002
214.016	0.014058874	-5.8386125	-0.00034786939
214.144	0.014002628	-5.8385883	-0.00033329297
214.272	0.014220251	-5.838627	-0.002311696
214.4	0.014126075	-5.838456	-0.0025463047
214.528	0.013923659	-5.8383732	-0.00074525445
214.656	0.014018206	-5.8388496	-0.00067038221
214.784	0.014115652	-5.8390822	-0.0014057121
214.912	0.013763465	-5.8386101	0.0010519947
215.04	0.014007276	-5.838547	-0.0023343917
215.168	0.014054181	-5.83866	-0.0051272281
215.296	0.013753675	-5.8383925	-0.0034185068
215.424	0.013825079	-5.8389126	-0.0034892
215.552	0.0137949	-5.8387563	-0.0035713936
215.68	0.01370833	-5.8386461	-0.0024855674
215.808	0.013682323	-5.8391019	-0.0036505469
215.936	0.013692183	-5.8390914	-0.0046097275
216.064	0.013381879	-5.8389537	-0.0031099834
216.192	0.013342043	-5.8389572	-0.00054324612
216.32	0.013520949	-5.8393719	-0.0045816483
216.448	0.013282923	-5.8392697	-0.0045347497
216.576	0.013335431	-5.8393057	-0.0038650908
216.704	0.013072389	-5.8393915	-0.004091164
216.832	0.013168684	-5.8394505	-0.0034352622
216.96	0.013106465	-5.8397076	-0.0030650659
217.088	0.013022216	-5.839576	-0.0054116026
217.216	0.013001259	-5.839604	-0.0063591316
217.344	0.012764809	-5.8393946	-0.0044783197
217.472	0.012998915	-5.8394823	-0.0032491231
217.6	0.01271695	-5.8391363	-0.0034396561
217.728	0.01311701	-5.8395784	-0.0053419617
217.856	0.012957483	-5.8391779	-0.0036102063
217.984	0.012815679	-5.8388509	-0.0044380436
218.112	0.013190153	-5.8393061	-0.0047268086
218.24	0.013059459	-5.8390029	-0.0053969684
218.368	0.012857983	-5.8388972	-0.0049080111
218.496	0.013253923	-5.8392041	-0.0036863315
218.624	0.01327348	-5.8394562	-0.0015114001
218.752	0.013164147	-5.8391622	-0.0027598816
218.88	0.013346065	-5.8391626	-0.0042348426
219.008	0.013383834	-5.8389315	-0.0038507298
219.136	0.013485206	-5.8390789	-0.0046888619
219.264	0.01340033	-5.8389097	-0.0018313878
219.392	0.013464543	-5.8389123	-0.0019235333
219.52	0.013820841	-5.8391125	-0.0049664335
219.648	0.01384286	-5.8388777	-0.0028216939
219.776	0.013770736	-5.8386334	-0.00075141494
219.904	0.01387048	-5.8386928	-0.0021629819
220.032	0.013719701	-5.8384035	-0.00017555915
220.16	0.014141016	-5.8388113	-0.0021459199
220.288	0.014146753	-5.8384915	-0.0017540873
220.416	0.013774696	-5.8384222	-0.0010949672
220.544	0.013972151	-5.8384593	-0.00092252889
220.672	0.014151426	-5.8385135	-0.0018139839
220.8	0.014191143	-5.8386075	-0.0012215134
220.928	0.014070839	-5.8381984	-0.0016220478
221.056	0.013944135	-5.8381193	-0.0039828605
221.184	0.013949025	-5.8382632	-0.0023367577
221.312	0.013781365	-5.8382922	0.00035751566
221.44	0.013891042	-5.8384383	-0.001299025
221.568	0.014238699	-5.8387239	-0.0048424916
221.696	0.013560505	-5.8383736	-2.5078508e-05
221.824	0.014015624	-5.8387201	-0.002027996
221.952	0.013528841	-5.8383516	-0.0044644914
222.08	0.013694794	-5.838722	-0.0035713504
222.208	0.013560142	-5.8386715	-0.0021470341
222.336	0.013695836	-5.8389869	-0.003879854
222.464	0.013196274	-5.83895	-0.0021767858
222.592	0.013543723	-5.8392573	-0.0038614611
222.72	0.013169941	-5.8391959	-0.002901454
222.848	0.013209528	-5.8392417	-0.0046707242
222.976	0.013254511	-5.8395469	-0.0048657242
223.104	0.013158923	-5.8395246	-0.0030859588
223.232	0.013008617	-5.8395639	-0.0024548722
223.36	0.012918035	-5.8394564	-0.0041755352
223.488	0.012965096	-5.8395358	-0.0064909158
223.616	0.013026946	-5.8399711	-0.0035156144
223.744	0.012733188	-5.8394704	0.00064421859
223.872	0.013011393	-5.8397917	-0.0034380897
224	0.012937364	-5.8396981	-0.0022780617
224.128	0.012995997	-5.8396265	-0.0050686323
224.256	0.012764394	-5.8393885	-0.0036198723
224.384	0.013112926	-5.839715	-0.0043734141
224.512	0.013156953	-5.8395486	-0.0046284281
224.64	0.012982245	-5.8393092	-0.0039132388
224.768	0.013232415	-5.8395181	-0.0050644324
224.896	0.013214739	-5.8394571	-0.0041161204
225.024	0.013115507	-5.8390924	-0.0029851435
225.152	0.01346474	-5.8392237	-0.0050740607
225.28	0.013147051	-5.8387466	-0.0021653278
225.408	0.01353199	-5.8392091	-0.0035677631
225.536	0.01336164	-5.8390099	-0.0027982807
225.664	0.013655174	-5.8387166	-0.0039553043
225.792	0.01369232	-5.8389421	-0.0030058485
225.92	0.013694622	-5.8388236	-0.0035701051
226.048	0.013627436	-5.8384797	-0.0017836995
226.176	0.013800189	-5.8388068	-0.0011059069
226.304	0.01401242	-5.8387809	-0.0024621163
226.432	0.013898081	-5.8384907	-0.0013250494
226.56	0.013978102	-5.8382393	-0.0011337313
226.688	0.014097765	-5.8383977	-0.0030487861
226.816	0.014077579	-5.8383327	-0.003866852
226.944	0.014089608	-5.8384019	-0.0015274392
227.072	0.013981667	-5.8383495	-0.0019541747
227.2	0.014274305	-5.8384121	-0.0019342145
227.328	0.014032882	-5.8381636	0.0012470732
227.456	0.013830887	-5.8383385	-0.0012289008
227.584	0.014137817	-5.8386716	-0.0036289296
227.712	0.014121249	-5.8386046	-0.0015548779
227.84	0.013714892	-5.8385308	-0.00093128969
227.968	0.013796574	-5.838541	-0.0026533944
228.096	0.013820178	-5.8385313	-0.002107737
228.224	0.013742207	-5.8383887	-0.0017054816
228.352	0.013609115	-5.8386803	-0.0017933702
228.48	0.01372982	-5.8390052	-0.0037361573
228.608	0.013429068	-5.8388112	-0.001702614
228.736	0.013631509	-5.8397385	-0.0041815208
228.864	0.013096036	-5.839257	-0.0028305704
228.992	0.013347192	-5.8395164	-0.0026705066
229.12	0.013069025	-5.8390629	-0.0031023824
229.248	0.013340329	-5.8394851	-0.0051646689
229.376	0.012826693	-5.8392063	-0.0035847794
229.504	0.013010157	-5.8393887	-0.0031483223
229.632	0.013184854	-5.8394543	-0.0044712492
229.76	0.01302621	-5.8394082	-0.003552608
229.888	0.013059079	-5.839533	-0.0046982952
230.016	0.012883146	-5.8394796	-0.005576622
230.144	0.012904338	-5.8394109	-0.0031324647
230.272	0.012909573	-5.8395231	-0.0020588641
230.4	0.012938772	-5.8394334	-0.0046287742
230.528	0.013108252	-5.8397514	-0.0052242463
230.656	0.012959865	-5.8394483	-0.005078223
230.784	0.012932318	-5.8393015	-0.0055982854
230.912	0.013260951	-5.8395127	-0.0056809553
231.04	0.012917326	-5.8392914	-0.0021260841
231.168	0.013303857	-5.8398749	-0.0037177726
231.296	0.013114378	-5.8393408	-0.0036697115
231.424	0.013323181	-5.8392842	-0.0026821005
231.552	0.013473588	-5.839288	-0.004357703
231.68	0.01336234	-5.8390878	-0.0044215055
231.808	0.013598153	-5.8389551	-0.0048817645
231.936	0.013413201	-5.8387005	-0.0035710751
232.064	0.013556279	-5.8387679	-0.0022646929
232.192	0.013779429	-5.8389124	-0.0017547569
232.32	0.013684893	-5.8381946	-0.00036709933
232.448	0.013704827	-5.8385916	-0.0013444777
232.576	0.013926175	-5.8385016	-0.0034940529
232.704	0.013900543	-5.8381449	-0.00037589702
232.832	0.014128181	-5.8384117	0.00034534556
232.96	0.013836256	-5.8382152	-0.0010329797
233.088	0.014052731	-5.838592	-0.0013621019
233.216	0.014111091	-5.8386097	-0.0015835213
233.344	0.014096339	-5.8383174	-0.0042518824
233.472	0.01405675	-5.8384279	-0.0034312993
233.6	0.013873814	-5.8385748	-0.00064574048
233.728	0.014131785	-5.838984	-0.0021796522
233.856	0.013978983	-5.838571	-0.0016913312
233.984	0.013745185	-5.8380772	-0.0015933501
234.112	0.014097263	-5.8388198	-0.0012602192
234.24	0.013813909	-5.8384124	-0.00060004593
234.368	0.014030929	-5.8388324	-0.0023945897
234.496	0.013355489	-5.8379538	-0.0015917152
234.624	0.013832085	-5.8385967	-0.0028746672
234.752	0.01372555	-5.8388669	-0.0029464737
234.88	0.013307368	-5.8388677	-0.0016157722
235.008	0.013469542	-5.8392764	-0.001457036
235.136	0.013405907	-5.8389345	-0.0013434351
235.264	0.013401726	-5.8390634	-0.002057359
235.392	0.013172399	-5.8390298	-0.0030520147
235.52	0.013109963	-5.8392938	-0.0043140348
235.648	0.01299637	-5.8389106	-0.0026374862
235.776	0.012925	-5.8388806	-0.0031513254
235.904	0.013195877	-5.8394089	-0.0041569096
236.032	0.01300189	-5.8392692	-0.0042360212
236.16	0.013072245	-5.8393322	-0.0033822767
236.288	0.012865369	-5.8393553	-0.0036448469
236.416	0.012977645	-5.8393543	-0.0042609314
236.544	0.013024869	-5.8396491	-0.006516537
236.672	0.013028892	-5.8395399	-0.0064612658
236.8	0.012903196	-5.8392832	-0.0016907888
236.928	0.012989851	-5.8396262	-0.0035705164
237.056	0.012901346	-5.8392314	-0.0043078016
237.184	0.013135367	-5.839483	-0.0052767734
237.312	0.013171903	-5.8394187	-0.0067798422
237.44	0.013078058	-5.8393423	-0.00680329
237.568	0.013213643	-5.8392709	-0.0018602654
237.696	0.013310154	-5.83903	-0.0020994281
237.824	0.013534792	-5.8394768	-0.0051912931
237.952	0.01345064	-5.8390475	-0.003872022
238.08	0.013560681	-5.8391768	-0.0024566631
238.208	0.013357822	-5.8390073	-0.0031734397
238.336	0.01357427	-5.8386953	-0.0051001692
238.464	0.013665427	-5.8387089	-0.0028896995
238.592	0.01374401	-5.8387887	-0.00064755202
238.72	0.013863778	-5.8387682	-0.0037058339
238.848	0.013778326	-5.8388675	-0.0018067168
238.976	0.013870918	-5.8387059	0.00077653461
239.104	0.013920198	-5.8384521	0.00088680696
239.232	0.013961677	-5.8383368	-0.0015294561
239.36	0.014095468	-5.8384692	-0.00033498395
239.488	0.014074889	-5.8381493	-0.0023467509
239.616	0.014096882	-5.8380696	-0.003059479
239.744	0.013893703	-5.8383578	-0.001124085
239.872	0.013887698	-5.8381105	-0.0029273392
240	0.014020643	-5.8384192	-0.00034029204
240.128	0.013873601	-5.8383648	-0.0004387538
240.256	0.013945996	-5.8385305	-0.0026704746
240.384	0.013786656	-5.8384699	-2.9954114e-05
240.512	0.014045801	-5.8388614	-0.000624609
240.64	0.013802451	-5.8387014	-0.0009259268
240.768	0.013699608	-5.8385091	-0.002163442
240.896	0.013644524	-5.8387039	-0.0022854467
241.024	0.013629752	-5.8390116	-0.0038227119
241.152	0.013532225	-5.8391048	-0.002039952
241.28	0.013549792	-5.8392698	-0.0022063412
241.408	0.013440107	-5.8391413	-0.0024954566
241.536	0.013321656	-5.8391044	-0.0067594782
241.664	0.013136652	-5.8390565	-0.0047193779
241.792	0.013219022	-5.8391985	-0.0039311309
241.92	0.013147715	-5.8393383	-0.0063994386
242.048	0.013129156	-5.8395797	-0.0058179588
242.176	0.013000924	-5.8393505	-0.0052064307
242.304	0.013038307	-5.8396632	-0.0069639201
242.432	0.012888156	-5.8393181	-0.0031827765
242.56	0.013008295	-5.839455	-0.0037843651
242.688	0.012947087	-5.8394693	-0.0029538393
242.816	0.013238331	-5.8397822	-0.0043877768
242.944	0.012885734	-5.8394457	-0.0052421196
243.072	0.013072566	-5.8393453	-0.0049263049
243.2	0.012842972	-5.839293	-0.0025573654
243.328	0.013065298	-5.8394378	-0.0054266028
243.456	0.013122931	-5.8395665	-0.0063102698
243.584	0.013059695	-5.8392961	-0.002762799
243.712	0.013239806	-5.839488	-0.0046682205
243.84	0.013186751	-5.8394761	-0.0043705573
243.968	0.013254205	-5.8395471	-0.0037413595
244.096	0.013147823	-5.8388062	-0.0026379984
244.224	0.013355818	-5.8390048	-0.0044401813
244.352	0.013567021	-5.8392001	-0.0033224947
244.48	0.013643598	-5.8393396	-0.0019616322
244.608	0.013413189	-5.8386246	-0.0024900659
244.736	0.013983167	-5.8390055	-0.0025309182
244.864	0.013508306	-5.8383796	0.00076672403
244.992	0.013772805	-5.8383436	-0.00020649746
245.12	0.01394663	-5.8384657	-0.00035307687
245.248	0.013772357	-5.8383182	-0.0017016933
245.376	0.014168165	-5.838693	-0.0064955096
245.504	0.013947339	-5.8383412	-0.0033683268
245.632	0.014032188	-5.8383612	-0.0033101601
245.76	0.014024788	-5.8385821	-0.0031980531
245.888	0.013873708	-5.838404	-0.0014698353
246.016	0.014210774	-5.8387211	-0.0025234823
246.144	0.014326951	-5.8385158	-0.0028360882
246.272	0.013833816	-5.8377607	0.00017377204
246.4	0.013881406	-5.8382654	-0.00084156628
246.528	0.013963509	-5.8384628	-0.0009294387
246.656	0.013947356	-5.8386122	-0.0011998925
246.784	0.013735405	-5.8386454	0.0011858479
246.912	0.013794647	-5.8389497	-0.0028402815
247.04	0.01382514	-5.8392718	-0.004901841
247.168	0.013625958	-5.8389338	-0.0017181866
247.296	0.013760144	-5.8389257	-0.0026820514
247.424	0.013485935	-5.8386392	-0.0030934638
247.552	0.013457545	-5.8388945	-0.00063465348
247.68	0.013551191	-5.8392183	-0.00085182523
247.808	0.013246582	-5.8389751	-0.003570146
247.936	0.013317881	-5.8393142	-0.0028146449
248.064	0.013351448	-5.8395249	-0.0028338642
248.192	0.013030059	-5.8392792	-0.0038097672
248.32	0.013015707	-5.83949	-0.0047314197
248.448	0.013105818	-5.8395741	-0.0045139513
248.576	0.013113693	-5.8395154	-0.0065196514
248.704	0.013088198	-5.8396469	-0.0052247424
248.832	0.012873025	-5.8393257	-0.0023567349
248.96	0.012880197	-5.8394698	-0.0029929549
249.088	0.013029893	-5.8397187	-0.0032677039
249.216	0.012843074	-5.8395409	-0.0048372755
249.344	0.013030037	-5.8395967	-0.0036549554
249.472	0.012935202	-5.8392634	-0.0029111251
249.6	0.013189909	-5.8395788	-0.0043348044
249.728	0.013002262	-5.8395382	-0.0032502465
249.856	0.013066519	-5.8394344	-0.0022952786
249.984	0.013237757	-5.8394995	-0.0035676365
250.112	0.013330741	-5.8393692	-0.0045244885
250.24	0.013096507	-5.8387497	-0.0040889436
250.368	0.013517131	-5.8389416	-0.0052106603
250.496	0.013404394	-5.839385	-0.0032275059
250.624	0.01351798	-5.8392594	-0.0019154913
250.752	0.013515766	-5.8390554	-0.0013065852
250.88	0.013551365	-5.8388209	-0.0013196441
251.008	0.013666216	-5.8388637	-0.0012227877
251.136	0.013914372	-5.8390876	0.00018378229
251.264	0.013689168	-5.8385153	-0.00085244527
251.392	0.013907174	-5.8386413	-0.0048869164
251.52	0.013920128	-5.8386523	-0.0047104809
251.648	0.013724506	-5.8381269	-0.00089683607
251.776	0.014001361	-5.8386711	0.00053316882
251.904	0.014097855	-5.8387553	-0.00094922023
252.032	0.014128828	-5.838742	-0.0010257402
252.16	0.014069745	-5.8383172	0.0012049644
252.288	0.014042158	-5.8383562	0.00014215216
252.416	0.013960338	-5.8382563	-0.0010683206
252.544	0.013949714	-5.8382319	0.00029967726
252.672	0.014002363	-5.8383903	-0.00248545
252.8	0.014041715	-5.8386372	-0.0039527265
252.928	0.014179678	-5.8388545	-0.0028393895
253.056	0.013616986	-5.8383668	-0.0024091319
253.184	0.013858261	-5.838835	-0.0035714393
253.312	0.013681478	-5.838868	-0.001760037
253.44	0.0136581	-5.8389177	-0.004480815
253.568	0.013775439	-5.8388115	-0.0027486133
253.696	0.013423408	-5.8389349	-0.00017672376
253.824	0.013777152	-5.839332	-0.0016348682
253.952	0.013240894	-5.8388861	0.00018955256
254.08	0.013381787	-5.8391002	-0.0036857517
254.208	0.013399051	-5.8392697	-0.00094843986
254.336	0.01309769	-5.8391954	-0.0013877211
254.464	0.013141224	-5.8396139	-0.0049863797
254.592	0.013100347	-5.8394925	-0.0063145978
254.72	0.013105125	-5.8395736	-0.0038286101
254.848	0.013156252	-5.8396762	-0.0034233779
254.976	0.012730503	-5.8391987	-0.0039535477
255.104	0.012718748	-5.8394414	-0.0026626933
255.232	0.012860644	-5.839475	-0.003887332
255.36	0.013192801	-5.8398571	-0.0051975551
255.488	0.01293948	-5.8391745	-0.0036392668
255.616	0.012961083	-5.8392863	-0.0044410755
255.744	0.012915832	-5.8390719	-0.0048180579
255.872	0.013166914	-5.8393534	-0.0052428598
256	0.012913831	-5.8391881	-0.0023327501
256.128	0.013183935	-5.8392695	-0.0045144898
256.256	0.013139913	-5.8389876	-0.00483607
256.384	0.01322746	-5.8392787	-0.003932919
256.512	0.012989439	-5.8388156	0.00034189581
256.64	0.013180909	-5.839234	-0.0037370642
256.768	0.013308386	-5.8393688	-0.0053706593
256.896	0.013530111	-5.8394874	-0.0039027495
257.024	0.013458984	-5.8391649	-0.0035817129
257.152	0.013589013	-5.8391803	-0.0030304207
257.28	0.013708351	-5.8391339	-0.0025196826
257.408	0.013596212	-5.8386432	-0.00098072781
257.536	0.013742154	-5.8384916	-0.0016623413
257.664	0.013923522	-5.8385769	0.00017171368
257.792	0.01393708	-5.838517	0.00058638455
257.92	0.013995191	-5.8386617	-0.00036672661
258.048	0.013991154	-5.8384898	-0.0020138609
258.176	0.01401113	-5.8383057	-0.0019135596
258.304	0.013974851	-5.8382436	-0.0011892891
258.432	0.013863663	-5.8383735	-0.0008096943
258.56	0.014125175	-5.8383918	-0.0022096748
258.688	0.014241987	-5.8385467	-0.002278077
258.816	0.01401554	-5.8388127	-0.0032968942
258.944	0.013929709	-5.8385648	-0.0020347592
259.072	0.014186216	-5.838771	-0.0021811906
259.2	0.013511646	-5.8380485	-0.00026022145
259.328	0.014041345	-5.8389178	-0.0017513439
259.456	0.013902974	-5.8386049	-0.0023162192
259.584	0.013565703	-5.8386434	-0.0032887604
259.712	0.01375057	-5.838746	-0.0017986268
259.84	0.013732475	-5.8389413	-0.0020067086
259.968	0.013549205	-5.8390278	-0.0033983481
260.096	0.013497751	-5.8390544	-0.0027274378
260.224	0.013378104	-5.8390009	-0.0040543503
260.352	0.013422803	-5.8391108	-0.0033733696
260.48	0.013270843	-5.8388619	-0.0014917351
260.608	0.013075087	-5.8388795	-0.00085132153
260.736	0.013213028	-5.8389985	-0.0025345714
260.864	0.013253917	-5.8391652	-0.0056346588
260.992	0.01310569	-5.8392861	-0.0052300086
261.12	0.01310855	-5.839524	-0.0040621913
261.248	0.01311329	-5.8395966	-0.005426489
261.376	0.012806223	-5.8394611	-0.0063021208
261.504	0.012881686	-5.8393173	-0.0029888857
261.632	0.01289738	-5.839523	-0.0022966609
261.76	0.013132727	-5.8398271	-0.0033125571
261.888	0.013029608	-5.8397448	-0.003869099
262.016	0.013013794	-5.8393914	-0.0018585795
262.144	0.01288208	-5.8390377	-0.0015940939
262.272	0.01309689	-5.8395328	-0.0035022251
262.4	0.013045021	-5.8393963	-0.0048155998
262.528	0.013167503	-5.8395138	-0.0051567498
262.656	0.013156467	-5.8395509	-0.0046748265
262.784	0.013203202	-5.8395613	-0.003775598
262.912	0.013244117	-5.8391758	-0.0038574021
263.04	0.013342647	-5.8391835	-0.0043996305
263.168	0.013480504	-5.8389763	-0.002747765
263.296	0.013332659	-5.8387863	-0.0011359454
263.424	0.013468928	-5.83886	-0.0030766295
263.552	0.013545376	-5.8389366	-0.0040392095
263.68	0.013778739	-5.8388985	-0.0025319185
263.808	0.014027781	-5.8388024	-0.0028553384
263.936	0.013692654	-5.838087	-0.0021380691
264.064	0.013798715	-5.8380214	-0.00031888265
264.192	0.013699118	-5.8382733	-0.00075205697
264.32	0.013872517	-5.8382983	-0.0019908446
264.448	0.014075581	-5.8383808	-0.0019191081
264.576	0.014276439	-5.8387065	-0.0027957547
264.704	0.014178254	-5.8384958	-0.0011360968
264.832	0.013951841	-5.8383168	0.0011067313
264.96	0.01394954	-5.8384043	-0.0017332493
265.088	0.014069909	-5.838422	-0.0034411785
265.216	0.013522431	-5.8382125	0.00034089524
265.344	0.014292727	-5.8391209	-0.0029405
265.472	0.013922979	-5.8387886	-0.0011187149
265.6	0.013954668	-5.8387096	-0.00066357358
265.728	0.01381672	-5.8388625	0.00037210982
265.856	0.013756402	-5.8387718	-0.00031258535
265.984	0.013810844	-5.8389794	0.00055344531
266.112	0.01382467	-5.8388838	-0.00071757925
266.24	0.013648939	-5.8388966	-0.0017574773
266.368	0.013243099	-5.8383709	-0.0012715194
266.496	0.013770564	-5.8392503	-0.0044291779
266.624	0.013453535	-5.8393352	-0.0030970719
266.752	0.013337877	-5.8393165	-0.0027224888
266.88	0.013356402	-5.839274	-0.0052589867
267.008	0.013192664	-5.8390976	-0.0050969078
267.136	0.013030129	-5.8389868	-0.0034493547
267.264	0.013012674	-5.8392959	-0.0016803916
267.392	0.01330108	-5.8395574	-0.0054289932
267.52	0.012982703	-5.8391316	-0.0066416005
267.648	0.012920643	-5.8393288	-0.0038906795
267.776	0.012798168	-5.8396765	-0.0022385532
267.904	0.013082227	-5.8396623	-0.0047155387
268.032	0.012896216	-5.839546	-0.0042250548
268.16	0.013028677	-5.8397315	-0.0047768725
268.288	0.012872328	-5.839667	-0.0029791382
268.416	0.01313805	-5.8399305	-0.0052885515
268.544	0.012904984	-5.8395312	-0.0044508293
268.672	0.013216413	-5.8395359	-0.0043380194
268.8	0.013203276	-5.8395851	-0.0040683201
268.928	0.013142119	-5.8393232	-0.0037904725
269.056	0.013063116	-5.8389165	-0.0021512312
269.184	0.013475853	-5.8394731	-0.0023875467
269.312	0.013344498	-5.8391034	-0.0035676356
269.44	0.013279362	-5.8390715	-0.00096797282
269.568	0.013439837	-5.8391438	-0.0042302241
269.696	0.01346979	-5.8388406	-0.0042009307
269.824	0.013778763	-5.8390452	-0.0044012167
269.952	0.013666669	-5.8387527	-0.0012342362
270.08	0.013709733	-5.8384385	-7.2363218e-05
270.208	0.013675262	-5.8383282	-0.0042676474
270.336	0.013800145	-5.838185	-0.0017790913
270.464	0.013924717	-5.8383611	-0.0015166051
270.592	0.013916858	-5.8383663	-0.0021929806
270.72	0.013838978	-5.8384575	-0.00041455775
270.848	0.014160991	-5.8388627	-0.00024510179
270.976	0.013934655	-5.8384536	-0.0001964378
271.104	0.014004438	-5.8385434	-0.00046406587
271.232	0.013981499	-5.8382547	-0.00080474316
271.36	0.013996301	-5.8383139	-0.00021813894
271.488	0.014042513	-5.8387153	-0.00035041931
271.616	0.013914313	-5.8384757	-0.00071178142
271.744	0.013897254	-5.8382055	-0.0014524664
271.872	0.01392523	-5.8385594	-0.00159621
272	0.013828134	-5.838343	-0.00083588136
272.128	0.013998298	-5.8385589	-0.00082828213
272.256	0.013855614	-5.838759	-0.0025121245
272.384	0.013620608	-5.8387202	-0.0014977915
272.512	0.013607951	-5.8388415	-0.002263911
272.64	0.013526102	-5.8387672	-0.0027450907
272.768	0.01337076	-5.838893	-0.0034693339
272.896	0.013687666	-5.8392738	-0.0039876346
273.024	0.013351539	-5.8392155	-0.0029853666
273.152	0.013181626	-5.8390236	-0.0022692277
273.28	0.013140604	-5.8395009	-0.0047402183
273.408	0.01298415	-5.8393822	-0.0029289741
273.536	0.01306915	-5.8394458	-0.0034643992
273.664	0.013024114	-5.8395627	-0.0031424524
273.792	0.01318804	-5.8395543	-0.0037957518
273.92	0.013198824	-5.8398326	-0.0053464911
274.048	0.01291409	-5.8395843	-0.0026326097
274.176	0.012942437	-5.8397064	-0.0036326803
274.304	0.012939959	-5.8397569	-0.0052845778
274.432	0.012944748	-5.8397159	-0.0049313197
274.56	0.013058027	-5.8396533	-0.0040700428
274.688	0.012981681	-5.8393035	-0.0043389497
274.816	0.013104388	-5.8394116	-0.0045203103
274.944	0.013026641	-5.8392904	-0.0035997173
275.072	0.013052302	-5.8395105	-0.0028832369
275.2	0.013093536	-5.8393541	-0.0028748135
275.328	0.013401848	-5.8395095	-0.002842283
275.456	0.013276609	-5.8392452	-0.0020049904
275.584	0.013337623	-5.8394285	-0.0035158214
275.712	0.013315787	-5.8393334	-0.0017877071
275.84	0.013439166	-5.8393315	-0.0028474695
275.968	0.01356479	-5.8389425	-0.002977416
276.096	0.013612179	-5.8388042	7.97252e-05
276.224	0.013490616	-5.8384791	0.00097159372
276.352	0.013883544	-5.8386101	-0.0037038905
276.48	0.013785749	-5.8383705	-0.0013068261
276.608	0.013818614	-5.8382744	-0.0012577939
276.736	0.013536315	-5.8380438	-0.0033695283
276.864	0.01408946	-5.8385429	-0.0049628702
276.992	0.014020287	-5.8384777	-0.0027300238
277.12	0.014158887	-5.838494	-0.001438588
277.248	0.013977597	-5.838357	0.0014731212
277.376	0.014170609	-5.8386593	-0.0017425952
277.504	0.013934609	-5.8387631	-0.002271021
277.632	0.013890355	-5.8386002	-0.00079822963
277.76	0.014127117	-5.8385181	-0.0016760906
277.888	0.013790911	-5.8383563	-0.00088699585
278.016	0.014005575	-5.8387141	-8.3594371e-05
278.144	0.013780256	-5.8384153	0.00059308605
278.272	0.013764944	-5.838611	-0.00056860982
278.4	0.014100658	-5.8391185	-0.0022281867
278.528	0.013864629	-5.8389345	-0.0033270886
278.656	0.013490799	-5.8387286	-0.0033221606
278.784	0.013640743	-5.8386416	-0.0018065504
278.912	0.013686084	-5.8392418	-0.0027602729
279.04	0.013310356	-5.8387784	-0.0023967072
279.168	0.013543606	-5.838969	-0.0032344578
279.296	0.013218519	-5.8385282	-0.0038628799
279.424	0.013368162	-5.8389988	-0.0042582811
279.552	0.012955036	-5.838909	-0.0034659369
279.68	0.013248589	-5.8394521	-0.0038164572
279.808	0.013107842	-5.8392912	-0.0040073242
279.936	0.013288518	-5.8392544	-0.0044418499
280.064	0.013102012	-5.8392956	-0.0050585805
280.192	0.013169742	-5.8396486	-0.0043548286
280.32	0.01288065	-5.8392377	-0.0030143704
280.448	0.013051142	-5.8393928	-0.0036807796
280.576	0.012861864	-5.8393198	-0.0040421839
280.704	0.012855329	-5.8394766	-0.0041763146
280.832	0.013113831	-5.8398011	-0.0039177073
280.96	0.012887638	-5.8393745	-0.0041822842
281.088	0.01312603	-5.8395256	-0.0038393975
281.216	0.013087675	-5.839504	-0.0018472941
281.344	0.013011191	-5.8392094	-0.0037471796
281.472	0.013203965	-5.8393698	-0.0051115865
281.6	0.013143465	-5.8392353	-0.0033821182
281.728	0.013103927	-5.8392481	-0.0027016002
281.856	0.013419968	-5.8390843	-0.004754398
281.984	0.013308536	-5.8389121	-0.0057384087
282.112	0.013274089	-5.8387454	-0.0029270788
282.24	0.013681323	-5.8391279	-0.002260902
282.368	0.013531534	-5.8386401	-0.0018801502
282.496	0.013486944	-5.8386484	-0.002313415
282.624	0.013815925	-5.8389237	-0.0012250775
282.752	0.014000819	-5.8388839	-0.00089028806
282.88	0.01356364	-5.8385781	0.0011363012
283.008	0.013967081	-5.8389551	-0.00084560214
283.136	0.013873631	-5.8386226	-0.00020072749
283.264	0.013929894	-5.8386386	0.0017550232
283.392	0.013857798	-5.8384371	0.0018670953
283.52	0.014073248	-5.8387952	-0.0033693255
283.648	0.0140509	-5.838455	-0.0013697053
283.776	0.01416175	-5.8386069	9.7409672e-05
283.904	0.013924975	-5.8384561	-0.00099815477
284.032	0.014067842	-5.838625	-0.0019620743
284.16	0.013950496	-5.8385226	-0.0020369759
284.288	0.014109641	-5.8390441	-0.0032270897
284.416	0.013931661	-5.838643	-0.003390228
284.544	0.013768505	-5.8385255	-0.0021529809
284.672	0.013710996	-5.8385879	-0.0012639864
284.8	0.0138957	-5.8391072	-0.0021217045
284.928	0.013898264	-5.8393832	-0.0035372455
285.056	0.013709657	-5.838813	-0.0024690368
285.184	0.013515281	-5.8389918	-0.0026716433
285.312	0.013522258	-5.8388891	-0.003620879
285.44	0.013527431	-5.8389294	-0.0013588584
285.568	0.013525547	-5.8391735	-0.0025844715
285.696	0.013415619	-5.838837	-0.0022336734
285.824	0.01310461	-5.8389414	-0.002434751
285.952	0.013050518	-5.8391346	-0.0024350123
286.08	0.013222397	-5.8392235	-0.0041919595
286.208	0.013253233	-5.8393377	-0.006296645
286.336	0.012921854	-5.8390767	-0.0054348931
286.464	0.012871905	-5.8392487	-0.004831133
286.592	0.013100359	-5.8395317	-0.0031560921
286.72	0.012962781	-5.8394591	-0.0047920075
286.848	0.012899616	-5.8393579	-0.0038034229
286.976	0.012937094	-5.8394807	-0.0031162019
287.104	0.013067121	-5.8395583	-0.0030757105
287.232	0.012951643	-5.8395518	-0.0034865659
287.36	0.013008332	-5.8394182	-0.0052342977
287.488	0.013041542	-5.8397297	-0.0048164621
287.616	0.013125573	-5.8396487	-0.0041478012
287.744	0.013100571	-5.8391556	-0.0021720809
287.872	0.01317955	-5.8390719	-0.0031410776
288	0.013139815	-5.8389401	-0.004284521
288.128	0.013288875	-5.8390341	-0.0038322421
288.256	0.013535171	-5.8393488	-0.0025997356
288.384	0.013352576	-5.8387384	-0.0018846314
288.512	0.013352372	-5.8386019	-0.0024731072
288.64	0.013594749	-5.838933	-0.0038893921
288.768	0.013639636	-5.8390126	-0.0017517632
288.896	0.013610031	-5.8390504	-0.00094219929
289.024	0.013843884	-5.8390684	-0.0034453854
289.152	0.013727588	-5.8390762	-0.0034235818
289.28	0.013637589	-5.8386522	-0.0052401862
289.408	0.01394656	-5.8387896	-0.0028896523
289.536	0.013982377	-5.8388577	0.0024195603
289.664	0.014114387	-5.8387094	0.0016425582
289.792	0.014026119	-5.8385883	0.0019185411
289.92	0.013932128	-5.8384891	0.00083068758
290.048	0.014006035	-5.8382048	-0.0016548213
290.176	0.014018723	-5.8382204	-0.00059672919
290.304	0.013837492	-5.8379633	-0.0022566397
290.432	0.014030349	-5.8384519	-0.0017825865
290.56	0.01405785	-5.8385738	-0.000284344
290.688	0.013865592	-5.8383322	-0.00083300121
290.816	0.013886154	-5.8385897	0.00092487794
290.944	0.013896215	-5.838637	-0.00059931601
291.072	0.013690089	-5.8388978	-0.00059352231
291.2	0.013958517	-5.8392001	-0.0037670616
291.328	0.01353433	-5.838608	-0.0024917316
291.456	0.01360939	-5.8390402	-0.0040804493
291.584	0.013501582	-5.8390995	-0.0031780056
291.712	0.013487129	-5.8389928	-0.0033668711
291.84	0.01341278	-5.8390302	-0.0032594361
291.968	0.013220281	-5.8391615	-0.002912707
292.096	0.013320081	-5.8392793	-0.0029995549
292.224	0.013273461	-5.8393507	-0.0044907409
292.352	0.013382428	-5.8395485	-0.0049442946
292.48	0.012961371	-5.8393483	-0.0030812806
292.608	0.013107731	-5.8396072	-0.0045758663
292.736	0.012974362	-5.8395184	-0.0029554965
292.864	0.013052966	-5.8394401	-0.0030172224
292.992	0.01312651	-5.8393937	-0.0045005231
293.12	0.012840245	-5.8390743	-0.0048625833
293.248	0.012891901	-5.8394413	-0.0039149993
293.376	0.013076225	-5.839771	-0.0025401351
293.504	0.012983039	-5.839512	-0.0045408783
293.632	0.012910045	-5.8393236	-0.0033590686
293.76	0.012863669	-5.8392712	0.00029897546
293.888	0.013049525	-5.8393451	-0.0040443854
294.016	0.013154539	-5.8393484	-0.0052074604
294.144	0.013304481	-5.839311	-0.0040785352
294.272	0.013336432	-5.8392479	-0.0014954966
294.4	0.013359176	-5.8392278	-0.0019417821
294.528	0.013273328	-5.8388795	-0.0020122766
294.656	0.01354624	-5.8391893	-0.0042282242
294.784	0.013315197	-5.8389331	-0.004001228
294.912	0.013550575	-5.8388172	-0.0035252289
295.04	0.013487036	-5.8385536	-0.00056548877
295.168	0.013592131	-5.8388292	-0.0021915662
295.296	0.013757493	-5.8389174	-0.0013107512
295.424	0.013803556	-5.838875	-0.0021011928
295.552	0.013893467	-5.8387109	-0.001508526
295.68	0.013786301	-5.8385232	0.00019774458
295.808	0.013706862	-5.8386302	-0.00098599564
295.936	0.01409152	-5.838868	-0.0014411845
296.064	0.014062389	-5.8387452	-0.0021209842
296.192	0.013917083	-5.8384824	-0.0028246741
296.32	0.013712127	-5.8381409	3.2594721e-05
296.448	0.014199897	-5.8386875	-0.001919679
296.576	0.014017952	-5.8384976	-0.0022021132
296.704	0.013844495	-5.8382141	-0.0023781488
296.832	0.013900031	-5.8382503	-0.0024727286
296.96	0.01409716	-5.8387781	-0.0016967493
297.088	0.013766986	-5.8384612	-0.00029381788
297.216	0.014111505	-5.8386105	-0.0015307806
297.344	0.01382219	-5.838467	-0.0022402384
297.472	0.013770637	-5.8388219	-0.00017181125
297.6	0.013727922	-5.8389636	-0.0032836574
297.728	0.013654463	-5.8386245	-0.00423115
297.856	0.013420702	-5.8388002	-0.0022055339
297.984	0.013399489	-5.8388247	-0.0033887624
298.112	0.013472561	-5.8389944	-0.0019332604
298.24	0.013362614	-5.8391517	-0.0035984422
298.368	0.013262189	-5.8392658	-0.0038828072
298.496	0.013304973	-5.8391463	-0.0025617788
298.624	0.013127589	-5.8389558	-0.0036567741
298.752	0.013245587	-5.8396296	-0.0037971586
298.88	0.013098396	-5.8393622	-0.0020929527
299.008	0.013318773	-5.8393675	-0.0033687406
299.136	0.013076825	-5.839443	-0.001898273
299.264	0.012883041	-5.8395483	-0.0027870227
299.392	0.01305044	-5.8396513	-0.0034867158
299.52	0.013022577	-5.8396273	-0.0018166715
299.648	0.013163305	-5.8398417	-0.0069640733
299.776	0.013008242	-5.8395924	-0.0078776091
299.904	0.012901596	-5.8393221	-0.0049522828
300.032	0.013163736	-5.8396725	-0.0060702769
300.16	0.012966698	-5.839295	-0.0051437948
300.288	0.01309153	-5.8394486	-0.0039502884
300.416	0.013100954	-5.8394049	-0.0023225803
300.544	0.013278554	-5.8394658	-0.0022097128
300.672	0.013126124	-5.8391464	-0.003970553
300.8	0.013314011	-5.8389644	-0.005782614
300.928	0.013402053	-5.8387985	-0.003508697
301.056	0.013645722	-5.8392699	-0.0022215585
301.184	0.013340206	-5.838857	-0.0039432266
301.312	0.013598225	-5.8390784	-0.0039796829
301.44	0.01373205	-5.8390493	-0.0013741443
301.568	0.013678715	-5.8385411	-0.0015216539
301.696	0.013699875	-5.8384625	-0.0030739346
301.824	0.013648009	-5.8383704	-0.0009628202
301.952	0.013638198	-5.8383478	0.00072054653
302.08	0.013976092	-5.8386639	-0.003424468
302.208	0.0139258	-5.8385313	-0.0041970166
302.336	0.014037337	-5.8386558	-0.0038280782
302.464	0.014034988	-5.8385437	-0.00072488591
302.592	0.014082734	-5.8385494	-0.0036809905
302.72	0.014024716	-5.8385229	-0.0025020213
302.848	0.01395822	-5.8382945	-0.00022603227
302.976	0.014030867	-5.8381621	0.0017896207
303.104	0.013960147	-5.8380439	0.0011169099
303.232	0.013917441	-5.8383166	-0.0011190471
303.36	0.01397139	-5.8386921	-0.0022600647
303.488	0.013749565	-5.8388744	-0.0024065072
303.616	0.013844147	-5.8389506	-0.001504847
303.744	0.013949818	-5.8390227	-0.0018882065
303.872	0.013620885	-5.8387325	-0.0033652362
304	0.013657597	-5.8389576	-0.0030219259
304.128	0.013658491	-5.8392499	-0.0042864301
304.256	0.013576694	-5.839229	-0.003493445
304.384	0.013436517	-5.8390463	-0.0051400353
304.512	0.013235566	-5.8388681	-0.0055308816
304.64	0.013339358	-5.839098	-0.0043851081
304.768	0.013244278	-5.839057	-0.0040369593
304.896	0.013384444	-5.8392881	-0.0052031959
305.024	0.013010282	-5.8389597	-0.0044903985
305.152	0.013069326	-5.8393646	-0.002978469
305.28	0.013008726	-5.8395211	-0.0027740171
305.408	0.013072288	-5.8396937	-0.0015575697
305.536	0.01306865	-5.8396292	-3.098914e-05
305.664	0.013376078	-5.8397234	-0.0025593236
305.792	0.012812327	-5.8390295	-0.0048717702
305.92	0.012882446	-5.8393243	-0.0036351808
306.048	0.013037022	-5.8395189	-0.0028026678
306.176	0.012916329	-5.8394182	-0.0035171448
306.304	0.013034348	-5.839536	-0.0047318782
306.432	0.01308243	-5.8394498	-0.0057426221
306.56	0.013011848	-5.8394919	-0.0057789114
306.688	0.013152562	-5.8394605	-0.0055373603
306.816	0.01313424	-5.8390544	-0.0057216694
306.944	0.013093453	-5.8388736	-0.0064762998
307.072	0.013239714	-5.8390992	-0.0037846295
307.2	0.013407759	-5.8391647	-0.0022797647
307.328	0.013477279	-5.8388573	-0.00291336
307.456	0.013517772	-5.8390955	-0.0037425751
307.584	0.01341082	-5.8390624	-0.0035378404
307.712	0.013554211	-5.8392467	-0.0043533738
307.84	0.013693879	-5.8389455	-0.0041215725
307.968	0.013893393	-5.8388524	-0.0046443002
308.096	0.01360826	-5.8384955	-0.00086065434
308.224	0.013941754	-5.838951	-0.0014995529
308.352	0.013906105	-5.8385883	-0.0020131954
308.48	0.013909346	-5.8384284	-0.0022746497
308.608	0.013929143	-5.8386848	-0.00093375058
308.736	0.013973747	-5.8385794	0.0014294575
308.864	0.013955513	-5.8384639	0.0016540852
308.992	0.01401105	-5.8386662	-0.00059741942
309.12	0.013984075	-5.8388967	-0.00062560409
309.248	0.014100048	-5.8386286	-0.001584843
309.376	0.013996833	-5.8387744	-0.0015040206
309.504	0.013921405	-5.8385025	-0.0022877762
309.632	0.013993581	-5.8386156	-0.0044582574
309.76	0.013806907	-5.8383701	-0.0013063399
309.888	0.013707248	-5.8385977	-0.0011746546
310.016	0.013878546	-5.8388785	-0.0017536518
310.144	0.013689089	-5.838772	-0.0042939808
310.272	0.013786549	-5.8388518	-0.0039138813
310.4	0.013682632	-5.838849	-0.00082221681
310.528	0.013587002	-5.8390458	-0.00051918762
310.656	0.013386192	-5.8389725	-0.00078920125
310.784	0.013466132	-5.839281	-0.0036799258
310.912	0.013129146	-5.8387836	-0.0041683037
311.04	0.01345905	-5.8393795	-0.0038804204
311.168	0.013040737	-5.8391288	-0.0017888308
311.296	0.01324931	-5.8394772	-0.0042760729
311.424	0.013304432	-5.8395837	-0.0047410736
311.552	0.013242315	-5.8394294	-0.0035499602
311.68	0.01311322	-5.8393937	-0.0031534303
311.808	0.013084351	-5.8397708	-0.0054439168
311.936	0.012989794	-5.8396341	-0.0055243901
312.064	0.013000307	-5.8394138	-0.0046491106
312.192	0.012648992	-5.8390616	-0.0039547386
312.32	0.013042432	-5.8394139	-0.0038420635
312.448	0.013041225	-5.8392993	-0.0043769997
312.576	0.013181177	-5.8396884	-0.0035816979
312.704	0.012958441	-5.8393555	-0.0038211189
312.832	0.013240329	-5.8397024	-0.0048677929
312.96	0.013013584	-5.8392786	-0.0039877182
313.088	0.013196863	-5.8390885	-0.0046637822
313.216	0.013212587	-5.8389951	-0.0031570561
313.344	0.013492273	-5.8395332	-0.0037832941
313.472	0.013122945	-5.8389473	-0.002985907
313.6	0.01344093	-5.838974	-0.0057059512
313.728	0.013633357	-5.8389104	-0.0054577137
313.856	0.013211086	-5.8383169	-0.0028935661
313.984	0.013596662	-5.8385778	-0.0045716368
314.112	0.01381412	-5.8388364	-0.0029845375
314.24	0.013612065	-5.8385948	-0.0011996074
314.368	0.013753642	-5.838803	-0.0023261645
314.496	0.013715907	-5.8383174	-0.001125271
314.624	0.01400209	-5.838897	0.00053229763
314.752	0.013851523	-5.8383707	0.00056006689
314.88	0.013943449	-5.8385529	0.0021457681
315.008	0.014056032	-5.8390401	0.0013130401
315.136	0.014019888	-5.8387906	0.00032071703
315.264	0.013959444	-5.8384317	0.00049323689
315.392	0.013721344	-5.8381987	-0.00034854508
315.52	0.014164693	-5.8386213	-0.00014896459
315.648	0.013962741	-5.8384322	-0.00043669315
315.776	0.013875566	-5.838518	-0.0023656803
315.904	0.014104086	-5.8386097	-0.0021791579
316.032	0.013717063	-5.8383027	-0.00063456641
316.16	0.014021108	-5.8389808	-0.0020884901
316.288	0.013737644	-5.8387537	-0.00077831805
316.416	0.013838348	-5.8388962	-0.00097538586
316.544	0.013527638	-5.8388229	-0.0031553785
316.672	0.013521174	-5.8387154	-0.0038028845
316.8	0.0135886	-5.8389069	-0.0023859541
316.928	0.013516672	-5.8390613	-0.00273068
317.056	0.013492269	-5.8391614	-0.0035938604
317.184	0.013388007	-5.8391515	-0.0030414938
317.312	0.013375847	-5.8390606	-0.0036825843
317.44	0.013229312	-5.8392413	-0.0042393112
317.568	0.013359233	-5.8390969	-0.0037166746
317.696	0.013084904	-5.8391332	-0.0032013023
317.824	0.013012293	-5.8394239	-0.0022229635
317.952	0.013099647	-5.8392964	-0.0030806696
318.08	0.013042075	-5.8393405	-0.0042455941
318.208	0.01308818	-5.8393827	-0.0042754658
318.336	0.013027424	-5.8396009	-0.0045126494
318.464	0.01308273	-5.8394738	-0.0071218399
318.592	0.013075549	-5.839421	-0.0064982839
318.72	0.013069001	-5.8394568	-0.0037539986
318.848	0.013092858	-5.8392991	-0.0033554394
318.976	0.013102556	-5.8391091	-0.003734207
319.104	0.013057572	-5.8391713	-0.0039031068
319.232	0.01327806	-5.8395079	-0.0043250247
319.36	0.013011371	-5.8391834	-0.0032059557
319.488	0.013181477	-5.8394739	-0.003705639
319.616	0.013308165	-5.8393095	-0.0035591686
319.744	0.013158653	-5.838975	-0.0038020107
319.872	0.013395898	-5.839252	-0.0020833971
320	0.013597127	-5.8391914	-0.0014738344
320.128	0.013705911	-5.8392429	-0.0041302272
320.256	0.013504836	-5.8387335	-0.0024912833
320.384	0.013564438	-5.8387282	-0.0032528572
320.512	0.013650039	-5.8387424	-0.00099031394
320.64	0.013765655	-5.8386418	-0.0012796261
320.768	0.013905336	-5.8385772	-0.0013274551
320.896	0.013819755	-5.8386678	-0.0004208595
321.024	0.01392104	-5.8388499	-0.0015325376
321.152	0.013962624	-5.8383008	-7.0035429e-05
321.28	0.013788755	-5.8381978	-0.002009105
321.408	0.013892853	-5.8382427	-0.003071474
321.536	0.01412121	-5.8383926	-0.0021396042
321.664	0.013906216	-5.8382814	-0.0023695464
321.792	0.014134429	-5.838372	-0.0031342785
321.92	0.013974219	-5.8383812	-0.0010979505
322.048	0.014010311	-5.8386555	-0.0024960079
322.176	0.013887929	-5.8385577	-0.0022561639
322.304	0.013898052	-5.8385994	-0.0017341144
322.432	0.013890467	-5.838751	-0.0011225683
322.56	0.013908965	-5.838773	-0.0023367602
322.688	0.013680553	-5.8384483	-0.002323311
322.816	0.013766047	-5.8386503	-0.0032749243
322.944	0.013642674	-5.8387241	-0.0036586704
323.072	0.013647124	-5.8388972	-0.0026938607
323.2	0.013492384	-5.8387841	-0.0043486421
323.328	0.013400964	-5.8390635	-0.0040908978
323.456	0.013322821	-5.8388771	-0.0028691055
323.584	0.013437677	-5.8393044	-0.0032354246
323.712	0.01339428	-5.8394206	-0.0042316524
323.84	0.013184726	-5.8392124	-0.0024663462
323.968	0.012977228	-5.839244	0.00010515462
324.096	0.013340716	-5.839673	-0.0034181052
324.224	0.012965486	-5.8396046	-0.0028803571
324.352	0.013004775	-5.839355	-0.0030931059
324.48	0.013103601	-5.8393685	-0.0042498599
324.608	0.013048621	-5.8393164	-0.0040378134
324.736	0.013058838	-5.8395999	-0.0029482099
324.864	0.012986651	-5.8394666	-0.0039140539
324.992	0.012996721	-5.8394735	-0.0033412913
325.12	0.012984536	-5.839205	-0.005487307
325.248	0.013168119	-5.8395136	-0.0050285112
325.376	0.013036265	-5.8392998	-0.0046497057
325.504	0.013005861	-5.8392904	-0.0041375582
325.632	0.01319393	-5.8392292	-0.0031226541
325.76	0.013282942	-5.8389357	-0.0029940748
325.888	0.013161409	-5.8392061	-0.0034999358
326.016	0.013299733	-5.8389408	-0.0024523101
326.144	0.013431338	-5.8391075	-0.0030633754
326.272	0.013462404	-5.8386136	-0.0037538376
326.4	0.013546264	-5.8388031	-0.004782897
326.528	0.01368129	-5.8390528	-0.002744766
326.656	0.013502013	-5.8387013	-0.0027498982
326.784	0.013529479	-5.8387823	-0.0032434742
326.912	0.013911514	-5.8389004	-0.0035295962
327.04	0.013727001	-5.8384603	-0.0013923939
327.168	0.013767204	-5.8386058	-0.001419981
327.296	0.01379083	-5.8385676	-0.000129665
327.424	0.014240814	-5.8391192	-0.00067465097
327.552	0.01382084	-5.8384746	-0.0018609994
327.68	0.013873981	-5.8384149	-0.0016138903
327.808	0.014170321	-5.8389708	-0.00011757103
327.936	0.013863147	-5.8383724	-0.00024282143
328.064	0.013972823	-5.8383537	-0.0018570514
328.192	0.013982007	-5.8384823	-0.0033244413
328.32	0.013843136	-5.8381643	-0.0042791143
328.448	0.013958017	-5.8387531	-0.0037705792
328.576	0.013726772	-5.8388155	-0.0022836996
328.704	0.014058137	-5.8388801	-0.0019611832
328.832	0.013609587	-5.8385087	0.00018656468
328.96	0.013711017	-5.8385884	-0.0019704868
329.088	0.013908895	-5.8388673	-0.0032678817
329.216	0.013481497	-5.838747	-0.0034014118
329.344	0.01380469	-5.8391342	-0.0034517082
329.472	0.013543841	-5.8390519	-0.0019506073
329.6	0.013437176	-5.8393086	-0.0033593819
329.728	0.013405615	-5.8393256	-0.0044992768
329.856	0.013324625	-5.839223	-0.00082181919
329.984	0.013222218	-5.839218	-0.0013669926
330.112	0.013214998	-5.8391389	-0.0038516089
330.24	0.013268596	-5.8393871	-0.0037071077
330.368	0.013179998	-5.8393954	-0.0035644139
330.496	0.013046417	-5.8393868	-0.0062985185
330.624	0.01306828	-5.8393344	-0.0062116749
330.752	0.013081317	-5.8394181	-0.0057370617
330.88	0.013155472	-5.8395544	-0.0061703665
331.008	0.013046832	-5.8394433	-0.0059513137
331.136	0.012944161	-5.8391968	-0.0039747035
331.264	0.012915955	-5.83918	-0.0017728058
331.392	0.01283879	-5.8393624	-0.0031384752
331.52	0.013142594	-5.8397643	-0.0028896139
331.648	0.013102641	-5.8396848	-0.0019841158
331.776	0.01328093	-5.83981	-0.0053780754
331.904	0.013166071	-5.8393342	-0.0051211878
332.032	0.013151847	-5.8391347	-0.0043578786
332.16	0.01319025	-5.8389788	-0.0040219605
332.288	0.013420706	-5.8393019	-0.0043043638
332.416	0.013437225	-5.8390111	-0.003412951
332.544	0.013068776	-5.8389513	-0.0014985092
332.672	0.01353283	-5.8392028	-0.00090938518
332.8	0.013651293	-5.8391123	-0.0013233121
332.928	0.013516008	-5.8387295	-0.0016902059
333.056	0.014011118	-5.8390508	-0.0033090122
333.184	0.013507526	-5.838265	-0.0021919038
333.312	0.013866314	-5.8389386	-0.0023390096
333.44	0.013899611	-5.8389132	-0.00067048046
333.568	0.013786758	-5.8383476	-0.00048566782
333.696	0.013936022	-5.8385048	-0.00027233613
333.824	0.013945809	-5.8386666	0.0011354534
333.952	0.013958984	-5.8384851	0.00044631901
334.08	0.013906939	-5.8385914	-0.0023680744
334.208	0.013920529	-5.8384864	-0.0021905369
334.336	0.014036672	-5.8384751	-0.0030035649
334.464	0.014010554	-5.8384822	-0.0039977041
334.592	0.014181698	-5.8387944	-0.0030759227
334.72	0.013682625	-5.8383502	0.00068954441
334.848	0.014018485	-5.8388841	0.0016186707
334.976	0.013918273	-5.8389336	0.0011380538
335.104	0.013981401	-5.8387827	-0.0015780409
335.232	0.013666291	-5.8386177	-0.0033218898
335.36	0.013749396	-5.8388102	-0.0048576599
335.488	0.013557816	-5.8387257	-0.0061282285
335.616	0.013544458	-5.8387821	-0.0035683397
335.744	0.01361713	-5.8390308	-0.0032351786
335.872	0.013594861	-5.8389693	-0.0040686659
336	0.013336487	-5.8389663	-0.0022837126
336.128	0.013520495	-5.8392514	-0.0027043033
336.256	0.013311042	-5.8389535	-0.0021193768
336.384	0.013249337	-5.8391746	-0.0029142728
336.512	0.013141221	-5.8391446	-0.0054874849
336.64	0.013016731	-5.8391389	-0.0034889598
336.768	0.013026315	-5.8391487	-0.0018325378
336.896	0.013225114	-5.839442	-0.0034011269
337.024	0.012862936	-5.8392236	-0.0028736824
337.152	0.013240895	-5.8396451	-0.0048725554
337.28	0.013024095	-5.8393854	-0.0053511213
337.408	0.013096339	-5.8395387	-0.0068280117
337.536	0.012873954	-5.8392628	-0.0050523895
337.664	0.013096096	-5.839439	-0.0036322052
337.792	0.012890004	-5.8394573	-0.003027744
337.92	0.013043374	-5.8396261	-0.0032126631
338.048	0.013183797	-5.8395888	-0.0029852105
338.176	0.013322635	-5.8394782	-0.0045808923
338.304	0.013394256	-5.839477	-0.0044405077
338.432	0.012962694	-5.8390445	-0.002189957
338.56	0.013422021	-5.8395275	-0.003773466
338.688	0.013296027	-5.8392409	-0.0032463633
338.816	0.013394979	-5.8394445	-0.0032135517
338.944	0.013211279	-5.8389315	-0.00063026217
339.072	0.013626103	-5.8390287	-0.0035959878
339.2	0.013660201	-5.8388748	-0.0045127256
339.328	0.013694902	-5.8389903	-0.0045405995
339.456	0.013688365	-5.8387401	-0.003849291
339.584	0.013575198	-5.8386198	-0.00052487805
339.712	0.01368731	-5.8386887	-0.0010312603
339.84	0.013974946	-5.8386742	-0.0050419673
339.968	0.013609814	-5.8383312	-0.0040074047
340.096	0.014297573	-5.8387639	-0.0041030449
340.224	0.01387059	-5.8383992	-0.0037607116
340.352	0.014033014	-5.8386988	-0.0042031054
340.48	0.014131657	-5.8386945	-0.00074085297
340.608	0.014048667	-5.8384423	-0.00048408937
340.736	0.013971614	-5.8384929	-0.0030425001
340.864	0.013861881	-5.8381283	-0.0016028528
340.992	0.014025998	-5.8384095	-0.0013053358
341.12	0.014212899	-5.8389836	-0.0012793587
341.248	0.013547551	-5.8385092	-0.00037170433
341.376	0.0138758	-5.8384925	-0.0034357593
341.504	0.014018182	-5.8386107	-0.0021565992
341.632	0.013591545	-5.8387403	0.0013393269
341.76	0.013684861	-5.8387277	-0.0010990787
341.888	0.013379561	-5.8385895	-0.0025891431
342.016	0.013766545	-5.8392142	-0.0026251327
342.144	0.013484934	-5.8391829	-0.0022283127
342.272	0.01346939	-5.8392134	-0.0034828638
342.4	0.013298473	-5.8391458	-0.0038397688
342.528	0.013492704	-5.8393356	-0.0053299964
342.656	0.013158746	-5.8392367	-0.0057892088
342.784	0.013167934	-5.8392067	-0.0040142018
342.912	0.013133048	-5.8392127	-0.0016891242
343.04	0.013130601	-5.8397297	-0.0022509689
343.168	0.012949607	-5.8394503	-0.0022177683
343.296	0.013017026	-5.8396175	-0.0043768896
343.424	0.012916328	-5.8395324	-0.0057140303
343.552	0.01306148	-5.8394214	-0.0055466356
343.68	0.013133681	-5.8394671	-0.006028154
343.808	0.012840465	-5.8392243	-0.0024643842
343.936	0.013220345	-5.8396798	-0.0054347179
344.064	0.013156006	-5.8398272	-0.006716055
344.192	0.013103868	-5.8393084	-0.0027322785
344.32	0.012913281	-5.8391986	-0.00082889545
344.448	0.013205422	-5.8394022	-0.0035367239
344.576	0.013183725	-5.8390372	-0.0016722328
344.704	0.013249118	-5.8393794	-0.0033235246
344.832	0.013411657	-5.8395285	-0.0063205979
344.96	0.01335066	-5.8393423	-0.0041055757
345.088	0.013439066	-5.8390261	-0.0023762529
345.216	0.013488517	-5.8391376	-0.0038343939
345.344	0.013495326	-5.8391174	-0.0058624571
345.472	0.013688402	-5.8389474	-0.0043945144
345.6	0.013520075	-5.8386929	-0.0026257488
345.728	0.013620099	-5.8386576	-0.0044394478
345.856	0.013715758	-5.8383477	-0.0036325359
345.984	0.01375446	-5.8383772	-0.0026572563
346.112	0.013925715	-5.8386197	-0.0036709263
346.24	0.01378621	-5.838432	-0.0021467032
346.368	0.013924943	-5.8385976	-0.0013022142
346.496	0.014010597	-5.838424	-0.0010005615
346.624	0.014077434	-5.8385009	0.00037061114
346.752	0.013943651	-5.8381962	-4.7758276e-05
346.88	0.01401194	-5.8385465	-0.00028833837
347.008	0.0140246	-5.8386207	-0.0012796281
347.136	0.013847469	-5.8385776	-0.00045354572
347.264	0.013819169	-5.8384373	-0.0029302222
347.392	0.013902672	-5.8386951	-0.0039892993
347.52	0.013889154	-5.838581	-0.0031968975
347.648	0.013690879	-5.8384252	-0.0021768412
347.776	0.013877806	-5.8389789	-0.0041737915
347.904	0.013725653	-5.8390747	-0.00308097
348.032	0.013669701	-5.8386621	-0.0016532743
348.16	0.013661144	-5.838909	-0.0024407485
348.288	0.013436178	-5.838613	-0.0011568895
348.416	0.013580979	-5.83883	-0.0021534553
348.544	0.01342215	-5.8387485	-0.0018755046
348.672	0.013403508	-5.8389075	-0.0025293545
348.8	0.013485712	-5.8394146	-0.0038628569
348.928	0.013059601	-5.8390917	-0.002176077
349.056	0.013478756	-5.8394078	-0.0023723585
349.184	0.013032346	-5.8391702	-0.0010163328
349.312	0.013125664	-5.839279	-0.0039619331
349.44	0.013072917	-5.8393106	-0.0052573587
349.568	0.012987765	-5.8392396	-0.0012747948
349.696	0.013106129	-5.83966	-0.0039986958
349.824	0.013046043	-5.8393719	-0.0047104359
349.952	0.013194891	-5.8394919	-0.0010778488
350.08	0.013158981	-5.8392445	-0.0031469245
350.208	0.012939557	-5.8389867	-0.0064504564
350.336	0.013034815	-5.8391276	-0.0052603519
350.464	0.012913476	-5.8392688	-0.0044969712
350.592	0.013225918	-5.839497	-0.0048809956
350.72	0.013253077	-5.8393127	-0.0027089755
350.848	0.013004092	-5.8391517	-0.0028157992
350.976	0.013429424	-5.8395155	-0.0033414431
351.104	0.013016748	-5.8388121	-0.0017224495
351.232	0.013409268	-5.8392104	-0.0043751636
351.36	0.013402639	-5.8391126	-0.0052401891
351.488	0.01332655	-5.8390493	-0.0032224876
351.616	0.013616399	-5.8392909	-0.0020059619
351.744	0.013383914	-5.8387366	-0.0010386059
351.872	0.013706863	-5.8390445	-0.0043407756
352	0.013712883	-5.8386563	-0.0023792083
352.128	0.013610742	-5.8384438	-0.00085053593
352.256	0.013754851	-5.8386053	-0.0024653445
352.384	0.013849441	-5.8385708	-0.0034662847
352.512	0.013511184	-5.8381011	-0.0016697052
352.64	0.01404462	-5.8387188	-0.00058792515
352.768	0.013930175	-5.8386626	-0.0030722322
352.896	0.013824112	-5.8386292	-0.00018320829
353.024	0.013968989	-5.8386217	-0.00019889396
353.152	0.014005157	-5.8386802	-0.0016001038
353.28	0.014238252	-5.8389892	-0.0015371557
353.408	0.013893301	-5.8382225	0.0013871371
353.536	0.013976009	-5.8385743	-0.00028712692
353.664	0.013988756	-5.8386124	-0.0002215201
353.792	0.013521363	-5.8380262	0.0020081233
353.92	0.013870566	-5.8383989	-0.00072750361
354.048	0.014067933	-5.8388759	-0.0022868559
354.176	0.013623171	-5.8386786	-0.0037050921
354.304	0.013561553	-5.8388028	-0.0048067527
354.432	0.013897554	-5.8390827	-0.0028379644
354.56	0.013686952	-5.8390064	-0.0031653527
354.688	0.013585365	-5.8390094	-0.0031344044
354.816	0.013407939	-5.8392077	-0.0033095748
354.944	0.013305519	-5.8390634	-0.005001834
355.072	0.01324388	-5.8392778	-0.0052383458
355.2	0.013524849	-5.8394956	-0.0053230774
355.328	0.013233913	-5.839215	-0.002512909
355.456	0.01315744	-5.8390301	-0.0014113207
355.584	0.013381548	-5.8397462	-0.0043299836
355.712	0.012969235	-5.839464	-0.0032176381
355.84	0.013137203	-5.8394532	-0.0041075163
355.968	0.013131191	-5.8394232	-0.0044475789
356.096	0.012830703	-5.8393107	-0.0048221616
356.224	0.013219541	-5.8397071	-0.0070383219
356.352	0.013195319	-5.8399427	-0.0048184958
356.48	0.01306024	-5.8394499	-0.0019616713
356.608	0.012952846	-5.8389846	-0.0018395893
356.736	0.013280821	-5.8395686	-0.0034678608
356.864	0.012933526	-5.839366	-0.0039758371
356.992	0.013200323	-5.8393817	-0.0053069083
357.12	0.013316643	-5.8394948	-0.0047420146
357.248	0.012965263	-5.8391493	-0.0043671558
357.376	0.013245128	-5.8391651	-0.0056587506
357.504	0.013106503	-5.8390228	-0.005169565
357.632	0.013502663	-5.8393007	-0.0046044858
357.76	0.01328658	-5.8391032	-0.0021206066
357.888	0.013450626	-5.8389534	-0.0020425936
358.016	0.013326942	-5.838644	-0.0020577713
358.144	0.013918744	-5.8392141	-0.0033058603
358.272	0.013575611	-5.8387436	-0.00127935
358.4	0.013525725	-5.8385765	-0.0011385727
358.528	0.013861317	-5.8389697	-0.0036544301
358.656	0.013909989	-5.8388879	-0.004074894
358.784	0.013797453	-5.8387225	-0.0023976913
358.912	0.013728394	-5.8387693	-0.002689292
359.04	0.013961593	-5.838931	-0.0027716525
359.168	0.013927607	-5.8385376	-0.0033831601
359.296	0.014083107	-5.838544	-0.0022161839
359.424	0.01393262	-5.8383911	0.00084158315
359.552	0.014019341	-5.8386056	-0.00086612621
359.68	0.013879428	-5.8384721	-0.0018230595
359.808	0.013944666	-5.8383838	-0.00312653
359.936	0.013952624	-5.8384027	-0.0051496879
360.064	0.014019288	-5.8386115	-0.0019135736
360.192	0.014060623	-5.8386904	-0.00079432247
360.32	0.013646291	-5.8382021	-0.00075789077
360.448	0.013873605	-5.838714	-0.0015234044
360.576	0.013810173	-5.8390119	0.00049932723
360.704	0.013662972	-5.8385829	0.00036095547
360.832	0.013571568	-5.8386917	-0.00041165723
360.96	0.013791627	-5.8392042	-0.002756536
361.088	0.013483714	-5.839077	-0.0034439285
361.216	0.013439825	-5.8392051	-0.0026799197
361.344	0.013421159	-5.83933	-0.0019582588
361.472	0.013377388	-5.8392494	-0.0022533635
361.6	0.013240381	-5.839423	-0.0036699769
361.728	0.013329871	-5.8394101	-0.0054992679
361.856	0.013164314	-5.8394299	-0.0053370618
361.984	0.013147236	-5.8395183	-0.0053322239
362.112	0.013073636	-5.8391661	-0.0061535384
362.24	0.013043509	-5.8392347	-0.0034698401
362.368	0.013110431	-5.8396062	-0.0040374543
362.496	0.01277945	-5.8392175	-0.004640957
362.624	0.012964577	-5.8394239	-0.0044852891
362.752	0.013078591	-5.8395706	-0.0054456715
362.88	0.013067415	-5.8395824	-0.0065989542
363.008	0.012804812	-5.8393629	-0.0038037905
363.136	0.013154522	-5.8393889	-0.0022140935
363.264	0.013030704	-5.8394279	-0.0028349138
363.392	0.013005368	-5.839477	-0.003402722
363.52	0.013057857	-5.8394312	-0.003120748
363.648	0.013384344	-5.8397346	-0.006187916
363.776	0.013320986	-5.8392908	-0.0044662513
363.904	0.013227418	-5.8387951	-0.0032952074
364.032	0.013246531	-5.839	-0.0013717103
364.16	0.013593247	-5.8389517	-0.0022977441
364.288	0.013566204	-5.8386	-0.0047278092
364.416	0.013445335	-5.8387065	-0.005122546
364.544	0.013600088	-5.8388255	-0.0041193155
364.672	0.013625922	-5.8386622	-0.0038601846
364.8	0.013733215	-5.8391241	-0.0032361525
364.928	0.013937298	-5.8390331	-0.0024567394
365.056	0.013629501	-5.838339	-0.0021450784
365.184	0.013986855	-5.8387291	0.00011465783
365.312	0.013991222	-5.8381143	-0.0012319102
365.44	0.014007666	-5.8386618	-0.002275614
365.568	0.01396838	-5.838562	-0.00062721001
365.696	0.014201724	-5.8388561	-0.0030364156
365.824	0.013731773	-5.8384012	-0.0012448516
365.952	0.013897331	-5.838408	-0.00013957633
366.08	0.013943993	-5.8383557	-0.0017025946
366.208	0.013909658	-5.8386863	-0.0025033579
366.336	0.014108471	-5.8388703	-0.00058891293
366.464	0.013964593	-5.8387905	0.00035009252
366.592	0.013839227	-5.8388977	-0.0020579092
366.72	0.013516759	-5.8384133	-0.0019475092
366.848	0.013865078	-5.8387637	-0.0013495543
366.976	0.013682208	-5.8387041	-0.0015481854
367.104	0.013558212	-5.8386864	-0.0014780174
367.232	0.013603649	-5.839018	-0.00096847695
367.36	0.013480061	-5.8388623	-0.0034044321
367.488	0.013166801	-5.8386182	-0.0031310675
367.616	0.01365302	-5.8394899	-0.0043640508
367.744	0.013422466	-5.8394739	-0.004564172
367.872	0.013203809	-5.8390897	-0.0030345604
368	0.013345163	-5.8394345	-0.00342571
368.128	0.013246402	-5.8392823	-0.003449547
368.256	0.013158701	-5.8394106	-0.0043532322
368.384	0.013007521	-5.8395684	-0.0042301648
368.512	0.013016074	-5.8395419	-0.0020556441
368.64	0.013049442	-5.8393911	-0.0041173728
368.768	0.013196379	-5.8393288	-0.0072731671
368.896	0.012909406	-5.8390933	-0.0061164975
369.024	0.013178	-5.8394344	-0.0056113925
369.152	0.01294648	-5.8393188	-0.0040830124
369.28	0.01322869	-5.8394501	-0.0056104896
369.408	0.013017586	-5.8391559	-0.0041703122
369.536	0.013247209	-5.8392794	-0.0036182599
369.664	0.013134682	-5.8392092	-0.002993651
369.792	0.013283786	-5.83925	-0.003957002
369.92	0.013120407	-5.8391505	-0.0015418576
370.048	0.013356015	-5.83947	-0.0019460104
370.176	0.013292845	-5.8393198	-0.0038841448
370.304	0.013421434	-5.8391638	-0.0013206635
370.432	0.013519423	-5.8391589	-0.0020783498
370.56	0.013425195	-5.8389847	-0.0038230091
370.688	0.013264911	-5.8384948	-0.0038403843
370.816	0.013685067	-5.8389611	-0.0036926971
370.944	0.01334284	-5.8386145	-0.00061102936
371.072	0.013692663	-5.8388703	-0.0026605564
371.2	0.013882434	-5.8388753	-0.0031696245
371.328	0.013921364	-5.8388877	-0.0018750845
371.456	0.0139441	-5.8386356	-0.0035250722
371.584	0.013781806	-5.8382286	-0.0008430822
371.712	0.013934757	-5.8383239	-0.00056396605
371.84	0.014151094	-5.8389505	-0.0032033575
371.968	0.013975707	-5.8386113	-0.0027956056
372.096	0.013767956	-5.8382638	0.0014469451
372.224	0.013976767	-5.8384707	-0.0024537597
372.352	0.014071314	-5.8385194	-0.004468128
372.48	0.013878983	-5.8387366	-0.00078386124
372.608	0.014013558	-5.838919	-0.0029674414
372.736	0.01379122	-5.8385434	-0.00095549992
372.864	0.013736542	-5.8386663	-0.0018844283
372.992	0.01357782	-5.8384144	-0.0023070115
373.12	0.013696732	-5.8383708	-0.0019103829
373.248	0.013836472	-5.8387044	-0.0029822276
373.376	0.013658478	-5.8388704	-0.0048681499
373.504	0.013734057	-5.8390928	-0.0034166682
373.632	0.013316384	-5.8387045	-0.00072466733
373.76	0.01331918	-5.8389111	-0.0027076155
373.888	0.013526006	-5.8391697	-0.0055813023
374.016	0.013262349	-5.839072	-0.0053181509
374.144	0.013364026	-5.8394782	-0.0049312237
374.272	0.013357965	-5.8395242	-0.0056380706
374.4	0.013255703	-5.8393409	-0.0036425834
374.528	0.013269645	-5.8395089	-0.0039977375
374.656	0.01305969	-5.8393493	-0.0021071188
374.784	0.012874799	-5.839277	-0.0012454247
374.912	0.013301361	-5.8395068	-0.004819397
375.04	0.012988508	-5.8393387	-0.0039207447
375.168	0.013068876	-5.8395899	-0.0029546557
375.296	0.013205739	-5.8395448	-0.0019860466
375.424	0.013171922	-5.8398007	-0.0041282959
375.552	0.012957147	-5.839411	-0.0043639453
375.68	0.013130694	-5.8392583	-0.003024449
375.808	0.013156607	-5.8392463	-0.0051259127
375.936	0.013062461	-5.839132	-0.0046254429
376.064	0.01316718	-5.8393768	-0.0050497144
376.192	0.013348719	-5.8393109	-0.0038703009
376.32	0.013208564	-5.8392109	-0.0016401055
376.448	0.013340367	-5.839359	-0.0061327331
376.576	0.013289306	-5.8389449	-0.0042713019
376.704	0.013321763	-5.8388681	-0.002556988
376.832	0.013504731	-5.8386134	-0.0045863326
376.96	0.013635179	-5.8387677	-0.0044649909
377.088	0.013516188	-5.8387896	-0.0029372185
377.216	0.013571399	-5.8388149	-0.001798241
377.344	0.013782117	-5.8386544	-0.00059615139
377.472	0.013790134	-5.8385123	-0.0019444674
377.6	0.013640192	-5.8386053	-0.003088669
377.728	0.013944717	-5.8387949	-0.0032470595
377.856	0.013975397	-5.8386344	-0.003609334
377.984	0.014029329	-5.8389495	-0.0025753788
378.112	0.013847039	-5.838747	-0.0019912742
378.24	0.013732842	-5.8386859	-0.00050939884
378.368	0.013990951	-5.8388052	0.00090152017
378.496	0.014031673	-5.8385188	-0.00011833888
378.624	0.013965837	-5.8386259	-0.0011515276
378.752	0.013888342	-5.8386066	-0.0034221328
378.88	0.013805597	-5.8385877	-0.0014284832
379.008	0.013613535	-5.8387429	-0.0029854337
379.136	0.013955566	-5.8391465	-0.0040508853
379.264	0.013907376	-5.8388716	-0.0027821228
379.392	0.013683559	-5.8389033	-0.0015295588
379.52	0.013720311	-5.8389729	0.00035385263
379.648	0.013736309	-5.8390841	-0.0022039225
379.776	0.013346697	-5.8386805	-0.0032787172
379.904	0.013500712	-5.8388401	-0.0040206796
380.032	0.013565315	-5.8388921	-0.00077541005
380.16	0.013482951	-5.8389394	-0.0012680494
380.288	0.013350396	-5.8389027	-0.0036767994
380.416	0.013335379	-5.8391157	-0.0037216899
380.544	0.013417643	-5.839378	-0.0031316174
380.672	0.013182853	-5.8392392	-0.0031643314
380.8	0.013103746	-5.839455	-0.0042773366
380.928	0.013073623	-5.8392591	-0.001824524
381.056	0.013060759	-5.8395421	-0.0035938448
381.184	0.013072671	-5.8392715	-0.0034915627
381.312	0.013063153	-5.8395295	-0.0063403864
381.44	0.013004144	-5.8394155	-0.0051739168
381.568	0.013106092	-5.8395356	-0.0036062495
381.696	0.012961004	-5.8393695	-0.0057830451
381.824	0.012802793	-5.8389864	-0.0036924855
381.952	0.013262057	-5.839325	-0.0042797694
382.08	0.013255904	-5.8395312	-0.0051094411
382.208	0.013332625	-5.8395477	-0.0045639562
382.336	0.01303148	-5.8392002	-0.00381105
382.464	0.013177908	-5.839036	-0.0044229919
382.592	0.013306896	-5.8393457	-0.0046750463
382.72	0.013205686	-5.8390593	-0.0052159607
382.848	0.013519325	-5.8393183	-0.0066142088
382.976	0.013543192	-5.8391982	-0.0037332763
383.104	0.013378081	-5.839224	-0.00037142667
383.232	0.01369153	-5.8391409	-0.0016436729
383.36	0.013474494	-5.8388794	-0.0027700688
383.488	0.013732521	-5.8388805	-0.0023737081
383.616	0.013631484	-5.8385269	-0.00039577447
383.744	0.013861	-5.8385842	-0.0030873715
383.872	0.013764475	-5.8385801	-0.0039708524
384	0.013988264	-5.8386068	-0.0044791109
384.128	0.013778294	-5.8385438	-0.0010616697
384.256	0.013966001	-5.8388336	-0.003210603
384.384	0.013742998	-5.8384251	-0.0031038021
384.512	0.013955688	-5.8386131	-0.0038313003
384.64	0.014171734	-5.8386064	-0.0049247274
384.768	0.013733984	-5.8382663	-0.0010031738
384.896	0.01395889	-5.8384788	-0.0016461822
385.024	0.013908299	-5.8386023	0.0014522414
385.152	0.013951772	-5.8386729	-6.4639128e-05
385.28	0.0137814	-5.8385328	-0.0012643387
385.408	0.013991325	-5.8387012	-0.0011379851
385.536	0.013838183	-5.8387582	-0.0012213134
385.664	0.013839214	-5.8388541	-0.00052420236
385.792	0.013449708	-5.8386932	0.00039207479
385.92	0.013783755	-5.8391171	-0.0032869946
386.048	0.01360882	-5.8389922	-0.0006568159
386.176	0.013412206	-5.838749	0.00047896092
386.304	0.013521945	-5.8387304	-0.0039569792
386.432	0.013369895	-5.8389166	-0.0042986813
386.56	0.013448546	-5.8391305	-0.0025481681
386.688	0.013318917	-5.8391809	-0.0031733502
386.816	0.013239938	-5.8392822	-0.0032809672
386.944	0.013207617	-5.8391188	-0.0037509157
387.072	0.013209078	-5.8395245	-0.0054219101
387.2	0.01338194	-5.839702	-0.0052830677
387.328	0.012791538	-5.8390564	-0.0045202779
387.456	0.013287636	-5.8394696	-0.0069020416
387.584	0.013068414	-5.8394417	-0.0048703027
387.712	0.012989685	-5.8394253	-0.0037148698
387.84	0.012856669	-5.8392374	-0.0037416478
387.968	0.013148254	-5.8396203	-0.0045558236
388.096	0.013219907	-5.8394735	-0.0042667352
388.224	0.012951453	-5.8393183	-0.0046593958
388.352	0.01313431	-5.8392768	-0.0041283744
388.48	0.013072128	-5.8391003	-0.0054217156
388.608	0.013116322	-5.8390079	-0.0058160055
388.736	0.013291684	-5.8390381	-0.0029643831
388.864	0.013324654	-5.8392965	-0.004524792
388.992	0.013371506	-5.8396787	-0.0049397058
389.12	0.013423281	-5.8392562	-0.0040112346
389.248	0.013531244	-5.8391302	-0.0035741447
389.376	0.013484628	-5.8391042	-0.0025523026
389.504	0.013440974	-5.838995	0.00059401809
389.632	0.01351275	-5.8388449	-0.00095195222
389.76	0.013504207	-5.8387561	-0.0023228842
389.888	0.013927746	-5.8391891	-0.00083760866
390.016	0.013712949	-5.8385461	-0.00014315555
390.144	0.013850907	-5.8387644	4.1958924e-05
390.272	0.013888384	-5.8389715	-0.0015750854
390.4	0.013754334	-5.8383769	0.0006283545
390.528	0.013909294	-5.8385451	-0.0015294688
390.656	0.013802427	-5.8383267	-0.0018572166
390.784	0.01403101	-5.8384011	-0.0029270789
390.912	0.013857421	-5.8383742	-0.0031104266
391.04	0.014054698	-5.8384603	-0.0031944968
391.168	0.01393953	-5.8384819	-0.0038709969
391.296	0.013868433	-5.83833	-0.0052598912
391.424	0.014018392	-5.8385516	-0.0043256547
391.552	0.014085823	-5.8388072	-0.0042673232
391.68	0.013649557	-5.8383586	-0.003766941
391.808	0.013976228	-5.8390958	-0.0044653959
391.936	0.013657086	-5.83854	-0.0022615867
392.064	0.013731804	-5.8386541	-0.0020106196
392.192	0.013706113	-5.8386468	-0.002971926
392.32	0.01360321	-5.8385736	-0.0014593833
392.448	0.013431825	-5.8386402	0.00063631396
392.576	0.013550905	-5.8389577	-0.0016021872
392.704	0.013337074	-5.838821	-0.001783135
392.832	0.013548469	-5.8389378	-0.0043592181
392.96	0.013311036	-5.8393347	-0.0045201613
393.088	0.01334156	-5.8395058	-0.0038940529
393.216	0.013240761	-5.8395444	-0.0037503013
393.344	0.013160945	-5.8395087	-0.0050472263
393.472	0.013294345	-5.8393922	-0.005326954
393.6	0.013134608	-5.8393126	-0.006341578
393.728	0.012999957	-5.839402	-0.0055704341
393.856	0.013102851	-5.8395376	-0.0023926579
393.984	0.012996724	-5.8396106	-0.00090096065
394.112	0.013141693	-5.8398353	-0.001718674
394.24	0.013084545	-5.8394516	-0.0040875783
394.368	0.012957127	-5.8392198	-0.0050082652
394.496	0.012981606	-5.8395073	-0.0037498158
394.624	0.012924426	-5.839514	-0.0036668029
394.752	0.013253992	-5.8395841	-0.0050435377
394.88	0.012963098	-5.8388606	-0.0052431592
395.008	0.013393322	-5.839493	-0.0069239807
395.136	0.013288164	-5.8391458	-0.0051010304
395.264	0.01310152	-5.8389618	-0.0019649758
395.392	0.013354513	-5.8393701	-0.0028578098
395.52	0.013521874	-5.8392401	-0.0041022342
395.648	0.013516381	-5.8389947	-0.001904467
395.776	0.013539845	-5.8389132	0.00040131907
395.904	0.013660327	-5.8391098	-0.0028339936
396.032	0.013329644	-5.8383814	-0.0045361609
396.16	0.013873822	-5.8390032	-0.0038293405
396.288	0.013540414	-5.8385238	0.00066609844
396.416	0.013891769	-5.8390479	-0.0024842753
396.544	0.013805559	-5.8387413	-0.0032666075
396.672	0.013914325	-5.8385016	-0.002016192
396.8	0.013797319	-5.8385282	-0.00086826957
396.928	0.014050365	-5.8388551	-0.004027772
397.056	0.01383788	-5.8384203	-0.0035020791
397.184	0.013708213	-5.8381985	-0.0010981296
397.312	0.013907744	-5.8383314	-0.00097720274
397.44	0.014064753	-5.8384099	-0.0023631849
397.568	0.013869069	-5.8382133	-0.0031995511
397.696	0.013903309	-5.8382901	-0.0046755873
397.824	0.01365394	-5.8383001	-0.0013458602
397.952	0.01394632	-5.8386477	-0.0017101677
398.08	0.014078769	-5.8387481	-0.0026415357
398.208	0.013757364	-5.8386785	-0.0020130143
398.336	0.013761064	-5.8388373	-0.002554112
398.464	0.013671562	-5.8390237	-0.0022430179
398.592	0.013518094	-5.8387218	-0.0025923129
398.72	0.013749109	-5.8388957	-0.0033617771
398.848	0.013434433	-5.8387877	0.0012200897
398.976	0.013480091	-5.8389258	-0.0003568672
399.104	0.013475994	-5.8391046	-0.0038654051
399.232	0.013456993	-5.8390623	-0.0036511292
399.36	0.013221442	-5.8388972	-0.0018011087
399.488	0.013424334	-5.8395369	-0.0035902668
399.616	0.013127616	-5.8390398	-0.0038104167
399.744	0.013111906	-5.8390768	-0.0046441206
399.872	0.013339095	-5.839596	-0.0039414257
400	0.013074065	-5.8393482	-0.0040416563
400.128	0.013098749	-5.8393501	-0.0042045389
400.256	0.012825306	-5.8392714	-0.0038312422
400.384	0.013154447	-5.8396283	-0.0070294316
400.512	0.01312078	-5.8395215	-0.0053277564
400.64	0.013223978	-5.8395854	-0.0047442474
400.768	0.013193742	-5.8394685	-0.0051989071
400.896	0.013118693	-5.8391787	-0.0030493326
401.024	0.013122088	-5.8392505	-0.0015257275
401.152	0.012964772	-5.8390471	-0.0015741976
401.28	0.013239069	-5.8393413	-0.0017930358
401.408	0.013162525	-5.8390331	-0.0016201484
401.536	0.013380338	-5.8390981	-0.0035567638
401.664	0.013350553	-5.8389725	-0.0037431996
401.792	0.013395525	-5.8388801	-0.0035625674
401.92	0.013567607	-5.8391992	-0.0040083326
402.048	0.013419753	-5.8389434	-0.002664281
402.176	0.013548555	-5.8390521	-0.0046945598
402.304	0.013477751	-5.8390044	-0.0014203462
402.432	0.013620162	-5.8390039	-0.00057843138
402.56	0.013737861	-5.8390073	-0.00019076173
402.688	0.013519853	-5.8386097	-0.00081116431
402.816	0.013745543	-5.8388303	-0.0030608493
402.944	0.013837604	-5.8387336	-0.0010272614
403.072	0.013822209	-5.8384239	-0.0015533547
403.2	0.013918399	-5.8386379	-0.0032632809
403.328	0.013776418	-5.8387369	-0.0039787977
403.456	0.013834668	-5.8384754	-0.003031551
403.584	0.014040417	-5.8387382	-0.0032760356
403.712	0.014074664	-5.8388467	-0.0029179551
403.84	0.013653275	-5.8383225	0.00034024399
403.968	0.013787025	-5.8385045	-0.0021302597
404.096	0.014020042	-5.838731	-0.0013028926
404.224	0.013913897	-5.8383816	0.00063510872
404.352	0.013813421	-5.8384467	-0.00093596164
404.48	0.013639964	-5.8382531	-0.00096847559
404.608	0.013868988	-5.8385273	-0.00095039298
404.736	0.013752005	-5.8386822	-0.0031806814
404.864	0.013532002	-5.8386897	-0.0030489791
404.992	0.013804668	-5.8391299	-0.003619991
405.12	0.013488845	-5.8389791	-0.0043063472
405.248	0.013409712	-5.8389579	-0.0016673074
405.376	0.013283954	-5.838913	0.00063415533
405.504	0.013282291	-5.8388833	-0.0023976494
405.632	0.013340246	-5.8391023	-0.0024386854
405.76	0.013266307	-5.8390551	-0.0025648866
405.888	0.013152662	-5.839111	-0.0024485176
406.016	0.013145197	-5.8392318	-0.0023252313
406.144	0.013148186	-5.8393183	-0.0043049929
406.272	0.013089341	-5.8393914	-0.0047039306
406.4	0.013204089	-5.8395759	-0.0048443256
406.528	0.012921576	-5.8391244	-0.005381986
406.656	0.013123742	-5.8396493	-0.0051077197
406.784	0.013228983	-5.8396008	-0.0042414554
406.912	0.01282183	-5.8393116	-0.0040238193
407.04	0.013214977	-5.8395028	-0.0054488399
407.168	0.01310523	-5.8394451	-0.0038656647
407.296	0.013005341	-5.8392434	-0.0050305738
407.424	0.013130736	-5.8391496	-0.0047665415
407.552	0.0129969	-5.8391709	-0.002555059
407.68	0.013360313	-5.8396825	-0.0059317218
407.808	0.013141164	-5.8390973	-0.0027741139
407.936	0.013418379	-5.8394656	-0.0021517336
408.064	0.013316128	-5.8390492	-0.00085383609
408.192	0.013627448	-5.8391069	-0.0018181135
408.32	0.013499251	-5.8389467	-0.0015123565
408.448	0.013583139	-5.8386671	-0.0015844411
408.576	0.013662586	-5.8390169	-0.0042953961
408.704	0.013569024	-5.8391336	-0.003703435
408.832	0.013600908	-5.8387919	-0.0039795488
408.96	0.013904287	-5.8390911	-0.0037078463
409.088	0.01368071	-5.838667	0.00015921095
409.216	0.01394864	-5.8387571	-0.00078466484
409.344	0.014108494	-5.8386091	-0.0011314752
409.472	0.013730683	-5.8383942	-0.00017885867
409.6	0.013807466	-5.8384921	-0.00091030004
409.728	0.013880291	-5.8384292	-0.00086064396
409.856	0.014061118	-5.838831	-0.0024884581
409.984	0.013898144	-5.8386511	0.0013558721
410.112	0.014032885	-5.8387715	0.0012291144
410.24	0.013697342	-5.838275	-0.00015683412
410.368	0.013956631	-5.8383482	-0.0011948782
410.496	0.013958402	-5.8386164	-0.0029974814
410.624	0.013913963	-5.8386967	-0.0055434486
410.752	0.013923706	-5.8385767	-0.0027160502
410.88	0.013766197	-5.8386119	0.00021621082
411.008	0.013852465	-5.8389566	-0.00065873304
411.136	0.01373937	-5.8390169	-0.0023371727
411.264	0.013467867	-5.8387784	-0.0028775731
411.392	0.013591887	-5.8392822	-0.0016883882
411.52	0.013530421	-5.8392224	-0.0034274583
411.648	0.013330058	-5.8393264	-0.0027887677
411.776	0.013235839	-5.8391742	-0.0036497097
411.904	0.013424069	-5.8397366	-0.0054529579
412.032	0.013060405	-5.8393148	-0.0027098591
412.16	0.013295287	-5.8396771	-0.0042953553
412.288	0.012975599	-5.8390798	-0.0033571666
412.416	0.013227645	-5.8394015	-0.0030360208
412.544	0.01315457	-5.8395105	-0.0031918701
412.672	0.013090257	-5.8397473	-0.0028906559
412.8	0.013003973	-5.8396244	-0.003846116
412.928	0.012845038	-5.839378	-0.0048914338
413.056	0.013082921	-5.8394977	-0.0059089548
413.184	0.013146348	-5.839429	-0.0042992371
413.312	0.012942961	-5.8392333	-0.0034223291
413.44	0.01302157	-5.8391442	-0.003826436
413.568	0.013089674	-5.8391278	-0.0036169675
413.696	0.013098336	-5.8391067	-0.0041961598
413.824	0.013095203	-5.8393328	-0.0038208017
413.952	0.013238076	-5.8391131	-0.0030957383
414.08	0.013201784	-5.8390926	-0.0017607435
414.208	0.013220476	-5.8389086	-0.0013471172
414.336	0.013275583	-5.8390372	-0.0038214503
414.464	0.013661032	-5.8391002	-0.0046801615
414.592	0.013315936	-5.8386799	-0.0014734811
414.72	0.013623437	-5.8388487	-0.003855706
414.848	0.013546838	-5.8386938	-0.0029757949
414.976	0.013664564	-5.8387827	-0.00026076213
415.104	0.013599056	-5.8387547	-0.0029056886
415.232	0.013791202	-5.8388983	-0.003341016
415.36	0.013641041	-5.8385537	-0.0012400597
415.488	0.013778025	-5.8386886	-0.00082289831
415.616	0.013774188	-5.8385901	-0.0010566947
415.744	0.013956979	-5.8385935	-0.0014900371
415.872	0.013915785	-5.8387359	-0.003905611
416	0.014109243	-5.8388253	-0.0039433245
416.128	0.013950064	-5.8385944	-0.0022613269
416.256	0.013989566	-5.8385737	-0.0014870176
416.384	0.013807146	-5.8383056	0.00038086751
416.512	0.013942024	-5.8383164	4.6896849e-05
416.64	0.013962115	-5.8383804	0.000214042
416.768	0.013651648	-5.838255	-0.0003029158
416.896	0.014095449	-5.8388757	-0.0046495199
417.024	0.013679175	-5.8387211	-0.0028645371
417.152	0.013745194	-5.8387607	-0.00054576739
417.28	0.013909513	-5.838996	0.0012069476
417.408	0.013417098	-5.8385873	0.00083500566
417.536	0.013431382	-5.8383974	-0.0010252101
417.664	0.013564257	-5.8389682	-0.0038884114
417.792	0.013640732	-5.8393351	-0.0059060063
417.92	0.01349459	-5.8389449	-0.0035532001
418.048	0.013117467	-5.8387377	-0.0041364326
418.176	0.013398794	-5.8390196	-0.0030722058
418.304	0.013166469	-5.8390177	-0.0017124867
418.432	0.013364355	-5.8393272	-0.0039411815
418.56	0.013111231	-5.8393039	-0.0037577422
418.688	0.012982444	-5.8390403	-0.0034949811
418.816	0.013323141	-5.8394424	-0.0035447389
418.944	0.01323816	-5.8393394	-0.0052675482
419.072	0.013096304	-5.8394937	-0.0034460382
419.2	0.012990251	-5.839231	-0.002592236
419.328	0.013040597	-5.8394324	-0.004003582
419.456	0.013053573	-5.8394706	-0.0039898657
419.584	0.012822772	-5.8392692	-0.0043452673
419.712	0.013181378	-5.8395101	-0.0039631118
419.84	0.013333215	-5.839812	-0.0048560796
419.968	0.012952141	-5.8390828	-0.0048482058
420.096	0.013218323	-5.8391757	-0.0040771337
420.224	0.013207745	-5.8395075	-0.003755128
420.352	0.013400684	-5.839602	-0.0048233306
420.48	0.013150247	-5.8392768	-0.0032023216
420.608	0.013386336	-5.8393654	-0.0029692397
420.736	0.013508614	-5.8391933	-0.0036368903
420.864	0.013284133	-5.8386595	-0.002477319
420.992	0.013576584	-5.8390108	-0.0030047011
421.12	0.013500391	-5.8386434	-0.0049794438
421.248	0.013682476	-5.838948	-0.0046489052
421.376	0.013607291	-5.8387193	-0.0013901451
421.504	0.013822963	-5.8390788	-0.0014689447
421.632	0.013916423	-5.8389839	-0.0033837603
421.76	0.013758469	-5.8385879	-0.0010574983
421.888	0.013737822	-5.8387728	-0.00036059113
422.016	0.013893338	-5.8388747	-0.0028911183
422.144	0.013791452	-5.8385009	-0.0014161123
422.272	0.014162006	-5.838858	-0.0011897263
422.4	0.013921002	-5.838705	-0.0028702023
422.528	0.014061002	-5.8388052	-0.00034650116
422.656	0.013949375	-5.8387696	-0.0018201587
422.784	0.013796105	-5.8383669	-0.0026382893
422.912	0.013715194	-5.8382432	-0.0017315101
423.04	0.014022142	-5.8388632	-0.0049927707
423.168	0.014067585	-5.8389807	-0.0046535547
423.296	0.013623728	-5.8384113	-0.0016853129
423.424	0.013690747	-5.8385193	-2.7713558e-05
423.552	0.013706809	-5.8386038	-0.00014846479
423.68	0.013796521	-5.8386134	-0.0033857148
423.808	0.013656552	-5.8388139	-0.0019492685
423.936	0.013578308	-5.8391409	-0.0013151899
424.064	0.013340744	-5.8387002	-0.001497495
424.192	0.013483584	-5.8389864	-0.0035884582
424.32	0.013126129	-5.8387786	-0.0036059551
424.448	0.013424865	-5.8390427	-0.0053071768
424.576	0.013355122	-5.8392678	-0.0029168392
424.704	0.013209556	-5.8390822	-0.002406734
424.832	0.013260502	-5.8393979	-0.0042489903
424.96	0.013014844	-5.8393062	-0.0028087886
425.088	0.013257652	-5.8393357	-0.0044232111
425.216	0.013111234	-5.8391319	-0.0049751011
425.344	0.012915486	-5.839317	-0.0032985627
425.472	0.013245455	-5.8397387	-0.0037196126
425.6	0.013046599	-5.8395105	-0.0033246509
425.728	0.013011747	-5.8392542	-0.0017885086
425.856	0.013035241	-5.83932	-0.0040142922
425.984	0.013146049	-5.8393943	-0.0050276329
426.112	0.012832572	-5.8391846	-0.0033244637
426.24	0.013208956	-5.8394118	-0.0073796923
426.368	0.013113443	-5.83886	-0.0030993014
426.496	0.013250849	-5.8392321	-0.0026891828
426.624	0.013208147	-5.8388707	-0.003925978
426.752	0.013444727	-5.8391465	-0.0040147398
426.88	0.013400194	-5.8390918	-0.0031855013
427.008	0.013426924	-5.8391868	-0.0047478141
427.136	0.013375745	-5.8386851	-0.0024629597
427.264	0.013749829	-5.8393524	-0.0029648839
427.392	0.013391433	-5.8387235	-0.002764499
427.52	0.013663774	-5.8390202	-0.0020299605
427.648	0.013750398	-5.8391858	-0.0029637184
427.776	0.01384862	-5.8389111	-0.0042534236
427.904	0.013571555	-5.8382877	-0.0012275291
428.032	0.013787778	-5.8386311	-0.00051656207
428.16	0.013880394	-5.8387351	-0.00032946726
428.288	0.013934016	-5.8385346	0.00088418771
428.416	0.013893916	-5.838431	-9.499933e-05
428.544	0.014025038	-5.8389134	-0.0030173533
428.672	0.013646963	-5.8383692	-0.0022797722
428.8	0.014120015	-5.8384494	-0.0028034337
428.928	0.013671048	-5.8380774	-0.00042179826
429.056	0.014115523	-5.8385993	-0.0035062663
429.184	0.013905158	-5.8383929	-0.0020262615
429.312	0.013734903	-5.8383063	-0.0020484232
429.44	0.013838195	-5.8386284	-0.0023331543
429.568	0.013707764	-5.8385427	-0.0041395608
429.696	0.013940577	-5.8391278	-0.0041237243
429.824	0.013773678	-5.8389414	-0.001923454
429.952	0.013603899	-5.8388662	-0.0027194094
430.08	0.013570065	-5.838969	-0.00082508151
430.208	0.013529834	-5.8390458	-0.0029653599
430.336	0.013671664	-5.8390196	-0.0045899254
430.464	0.013430125	-5.8390262	-0.0031972673
430.592	0.013131118	-5.8388392	-0.00054630877
430.72	0.013552544	-5.8394051	-0.002484046
430.848	0.013326575	-5.8393435	-0.0042197783
430.976	0.013052525	-5.8390449	-0.0035314547
431.104	0.013428433	-5.8396199	-0.0044371597
431.232	0.013180819	-5.8395219	-0.0046125563
431.36	0.013138847	-5.839502	-0.0040664931
431.488	0.013115223	-5.8392413	-0.0033093366
431.616	0.012915313	-5.8389133	-0.0030491767
431.744	0.012932381	-5.8392196	-0.0030636269
431.872	0.013385384	-5.8394632	-0.0055973828
432	0.012995688	-5.8393522	-0.0046360489
432.128	0.013007832	-5.8395434	-0.0042914561
432.256	0.013078944	-5.8394679	-0.0071421473
432.384	0.01314409	-5.8395557	-0.0064888997
432.512	0.013082365	-5.8395462	-0.002615236
432.64	0.01311044	-5.8394886	-0.0030618766
432.768	0.013075152	-5.839415	-0.002731599
432.896	0.013203175	-5.8390377	-0.0033682718
433.024	0.013569735	-5.8394202	-0.0064562867
433.152	0.013363079	-5.8393653	-0.0055000368
433.28	0.013252562	-5.8391638	-0.0037071127
433.408	0.013536935	-5.8391888	-0.0034286345
433.536	0.013609694	-5.8393127	-0.0035348878
433.664	0.013481897	-5.8390335	-0.0022346391
433.792	0.013441902	-5.838663	-0.00070079059
433.92	0.01380945	-5.8390182	-0.0036247179
434.048	0.01342821	-5.8384731	-0.001589696
434.176	0.013792137	-5.8389645	-0.0022332451
434.304	0.013911284	-5.8387075	-0.0016276767
434.432	0.013664329	-5.8386134	-0.0014245801
434.56	0.014342531	-5.8391753	-0.0027048478
434.688	0.013745642	-5.8383283	3.6888442e-05
434.816	0.013845288	-5.8380716	-0.004675816
434.944	0.013975063	-5.8383812	-0.0044287611
435.072	0.013882649	-5.8382206	-0.00065453739
435.2	0.013892947	-5.8383161	0.0015125418
435.328	0.01414137	-5.838599	-0.0015583597
435.456	0.013978049	-5.8383023	-0.001128525
435.584	0.013812885	-5.8382844	-0.00045995693
435.712	0.013787292	-5.8385808	0.0015886368
435.84	0.013835309	-5.838841	-0.0013348272
435.968	0.01382043	-5.838768	-0.0020938315
436.096	0.013622831	-5.8384339	0.00013892351
436.224	0.01362057	-5.8387524	-0.0015079475
436.352	0.013609878	-5.8392933	-0.0031680724
436.48	0.013719383	-5.8390892	-0.004556477
436.608	0.013505541	-5.8391809	-0.0039062258
436.736	0.013540907	-5.8391267	-0.004730954
436.864	0.013538356	-5.8389892	-0.0043465645
436.992	0.013247777	-5.8385049	-0.0032755466
437.12	0.013128336	-5.8384358	-0.0028488134
437.248	0.013275247	-5.8390207	-0.0043335899
437.376	0.013193743	-5.8389234	-0.0053311802
437.504	0.013126228	-5.8391325	-0.0040662875
437.632	0.012948656	-5.8389188	-0.0017359516
437.76	0.013180567	-5.839458	-0.0043244117
437.888	0.013156525	-5.8396602	-0.004363158
438.016	0.013034496	-5.8395126	-0.00357787
438.144	0.013079547	-5.8396021	-0.0039692833
438.272	0.013038779	-5.8395166	-0.0044545211
438.4	0.012863211	-5.8393551	-0.0062031931
438.528	0.012906204	-5.8393802	-0.00416253
438.656	0.013372442	-5.8396498	-0.0044983087
438.784	0.013224762	-5.8395215	-0.0056764804
438.912	0.013117746	-5.8391279	-0.0062226376
439.04	0.012898055	-5.8390437	-0.0037935531
439.168	0.01337806	-5.8394066	-0.0041714716
439.296	0.013393012	-5.839465	-0.0055954806
439.424	0.013240091	-5.8391113	-0.0046623405
439.552	0.013264969	-5.8388625	-0.0054550871
439.68	0.013289324	-5.8389401	-0.00037816023
439.808	0.013660676	-5.8392461	-0.00045266523
439.936	0.01350701	-5.8388464	-0.0010846988
440.064	0.013637488	-5.8389493	0.0010137167
440.192	0.013393631	-5.8386189	0.00093551561
440.32	0.013563733	-5.8388275	-0.00113454
440.448	0.014129279	-5.8390457	-0.0030623774
440.576	0.013517465	-5.8384253	-0.0022030445
440.704	0.013901468	-5.8385879	-0.002793177
440.832	0.013790076	-5.8382688	-0.002565809
440.96	0.013807159	-5.8385542	-0.0025349944
441.088	0.014094025	-5.8387808	-0.0016290903
441.216	0.013790381	-5.8383407	0.00016299901
441.344	0.013964523	-5.8384665	-0.00019223609
441.472	0.013905704	-5.8385277	-0.0036267596
441.6	0.013773924	-5.8383294	-0.0016334023
441.728	0.014224221	-5.8388107	-0.0020910235
441.856	0.014081261	-5.8386707	-0.0028444926
441.984	0.013676771	-5.838453	-0.0024829834
442.112	0.013939106	-5.8386976	-0.0056806428
442.24	0.013832402	-5.8389006	-0.0034057529
442.368	0.01364959	-5.8388168	-0.0042649158
442.496	0.01363629	-5.8386216	-0.0013463318
442.624	0.013791156	-5.8391117	-0.0015876175
442.752	0.013556629	-5.8387568	-0.0037976405
442.88	0.013549045	-5.8389801	-0.0063844129
443.008	0.013488147	-5.8390206	-0.0055075045
443.136	0.013380111	-5.8390927	-0.0030635992
443.264	0.013318121	-5.8390294	-0.0027320948
443.392	0.013208838	-5.8389646	-0.0035310139
443.52	0.01341699	-5.8393978	-0.0035825081
443.648	0.013355658	-5.8393556	-0.0033927911
443.776	0.013354586	-5.8391983	-0.0043618164
443.904	0.012978419	-5.8391369	-0.0041692481
444.032	0.01311733	-5.8394883	-0.0036509735
444.16	0.013073198	-5.8394367	-0.0050648439
444.288	0.012976792	-5.8395192	-0.0036181488
444.416	0.012893218	-5.839488	-0.0014126871
444.544	0.013281672	-5.8396394	-0.0021716797
444.672	0.013136147	-5.8394913	-0.0015091215
444.8	0.013171605	-5.839548	-0.0032634549
444.928	0.012795323	-5.8389733	-0.0026972669
445.056	0.013260169	-5.8393435	-0.0059323524
445.184	0.01304748	-5.8389651	-0.0021139651
445.312	0.013281583	-5.8393398	-0.0059947121
445.44	0.013248488	-5.8392888	-0.0052458126
445.568	0.013384242	-5.8393218	-0.005045375
445.696	0.013167859	-5.8389203	-0.0029440734
445.824	0.013272001	-5.8390487	-0.003299268
445.952	0.013558239	-5.8394592	-0.0037209964
446.08	0.013449565	-5.8389605	-0.0035945605
446.208	0.013563443	-5.838885	-0.0026307962
446.336	0.013372012	-5.8386095	-4.0642446e-05
446.464	0.013642862	-5.8388272	-0.0015051918
446.592	0.013440243	-5.838817	-0.0021971964
446.72	0.013849285	-5.8387519	-0.002610029
446.848	0.014010424	-5.8388448	-0.0030257367
446.976	0.013584013	-5.8383599	-0.002892997
447.104	0.013903701	-5.8389204	-0.003748328
447.232	0.014011841	-5.8390542	-0.0013776976
447.36	0.013929437	-5.839093	-0.002217827
447.488	0.013902104	-5.8388619	-0.00065524426
447.616	0.013882006	-5.8386105	0.00026996875
447.744	0.013834081	-5.8383738	-0.00025178917
447.872	0.014058969	-5.8386232	-0.0011066773
448	0.013956571	-5.8383427	-0.0018602128
448.128	0.013764307	-5.838392	-0.0019218862
448.256	0.013771791	-5.8383758	-0.0017191991
448.384	0.013785468	-5.8383981	-0.0030024709
448.512	0.013905711	-5.838863	-0.0021173867
448.64	0.013742709	-5.8388277	-0.00062757798
448.768	0.013449609	-5.8385368	-0.001871992
448.896	0.013872532	-5.8389875	-0.0023459482
449.024	0.013447622	-5.8388883	-0.0017897529
449.152	0.013541364	-5.839052	-0.0028492103
449.28	0.013588738	-5.838973	-0.0054323848
449.408	0.01338584	-5.8388118	-0.0046642151
449.536	0.013406682	-5.8390129	-0.0020905665
449.664	0.013266744	-5.8393146	-0.0065018468
449.792	0.013172675	-5.8392235	-0.0059751066
449.92	0.013409835	-5.8396526	-0.0027377862
450.048	0.013097987	-5.8393214	-0.0028149884
450.176	0.013202276	-5.8393313	-0.0037612427
450.304	0.012933271	-5.8392918	-0.0019685072
450.432	0.013158014	-5.839547	-0.0053727441
450.56	0.013080344	-5.8396016	-0.0047965984
450.688	0.012996155	-5.8393365	-0.0055023789
450.816	0.013172918	-5.839508	-0.0056629165
450.944	0.013076854	-5.8394672	-0.0037132536
451.072	0.013069013	-5.839246	-0.0040640189
451.2	0.013045106	-5.8390889	-0.0054496557
451.328	0.013218026	-5.8391279	-0.0043377951
451.456	0.012986219	-5.8393853	-0.0028967386
451.584	0.013123456	-5.8393989	-0.0029741677
451.712	0.013474718	-5.8395637	-0.0072580954
451.84	0.013112052	-5.8390536	-0.0042146212
451.968	0.013333869	-5.8391742	-0.0011608197
452.096	0.013344972	-5.8392262	-0.00036110997
452.224	0.013449629	-5.8392045	-1.706942e-05
452.352	0.013676519	-5.8393669	-0.0023976708
452.48	0.013309	-5.8387025	-0.0010806107
452.608	0.013706832	-5.8391033	-0.0029906165
452.736	0.01363091	-5.8389656	-0.0016504763
452.864	0.013642007	-5.8388069	-0.000832786
452.992	0.013788938	-5.8388284	-0.0011419961
453.12	0.013703899	-5.83856	-0.0014498312
453.248	0.013742496	-5.8384011	-0.0041247371
453.376	0.013764598	-5.8383213	-0.0026872369
453.504	0.0139125	-5.838499	-0.0018182975
453.632	0.013867416	-5.8384104	-0.00055438433
453.76	0.013917702	-5.8384943	-7.9023509e-05
453.888	0.01412363	-5.8386216	-0.0032734236
454.016	0.013905128	-5.8385427	-0.0033016115
454.144	0.013826571	-5.838775	-0.0025966755
454.272	0.013920777	-5.8386671	-0.0027726275
454.4	0.013857477	-5.8385218	-0.0018896583
454.528	0.013633062	-5.8388407	-0.002149073
454.656	0.01390956	-5.8391435	-0.001403641
454.784	0.013819939	-5.8388046	-0.0014716528
454.912	0.013543895	-5.8387811	-0.0022070951
455.04	0.013789435	-5.8386976	-0.0046349502
455.168	0.01367962	-5.8386899	-0.0031270702
455.296	0.013610964	-5.8389177	-0.0013101307
455.424	0.013460082	-5.8388282	-0.0029835379
455.552	0.013609341	-5.8392667	-0.002778597
455.68	0.013390456	-5.838841	-0.00046062144
455.808	0.013387792	-5.8390779	-0.0051566423
455.936	0.013344855	-5.8391875	-0.0042131607
456.064	0.013369699	-5.8392096	-0.0029658029
456.192	0.013149684	-5.839019	-0.0027104923
456.32	0.013238632	-5.8392615	-0.0034701176
456.448	0.013318917	-5.8389809	-0.0044169079
456.576	0.013153899	-5.8390979	-0.0042426203
456.704	0.013036816	-5.8389877	-0.0035333839
456.832	0.013132539	-5.8391903	-0.0020731787
456.96	0.013174247	-5.8392297	-0.0025406788
457.088	0.012961447	-5.839286	-0.0018641186
457.216	0.013182688	-5.8391656	-0.0021130645
457.344	0.013294442	-5.839716	-0.0019935504
457.472	0.013268931	-5.8395157	-0.0042840018
457.6	0.013054908	-5.8392609	-0.005719666
457.728	0.013103269	-5.8393339	-0.0058213565
457.856	0.013310617	-5.8393622	-0.0051544088
457.984	0.013196014	-5.8392095	-0.0041680842
458.112	0.013492999	-5.8394727	-0.0043485522
458.24	0.013490279	-5.8395094	-0.0052626105
458.368	0.013198476	-5.8388403	-0.0038840383
458.496	0.013390243	-5.8393174	-0.0039956281
458.624	0.013290057	-5.8388485	-0.0011090813
458.752	0.01352055	-5.8388713	-0.0022941785
458.88	0.013564757	-5.8389553	-0.0048024642
459.008	0.013508757	-5.838775	-0.0029047257
459.136	0.013881471	-5.8391795	-0.0023907245
459.264	0.013620745	-5.8387484	-0.0019452075
459.392	0.013823387	-5.8389359	-0.0037241634
459.52	0.013884272	-5.8389835	-0.0031045251
459.648	0.013654996	-5.8385786	-0.00071282752
459.776	0.013879412	-5.8385412	-0.0016866595
459.904	0.013955978	-5.8385383	-0.0023357089
460.032	0.013889596	-5.8385266	-0.0022693566
460.16	0.013869784	-5.8386857	-0.0008997451
460.288	0.013905003	-5.8383411	-0.00096145065
460.416	0.0140104	-5.8384341	0.00018137359
460.544	0.013863335	-5.8384333	-0.00076092442
460.672	0.013909059	-5.8381468	-0.00093879034
460.8	0.013669496	-5.838228	-0.0010715587
460.928	0.013940883	-5.838544	-0.0029934572
461.056	0.01386768	-5.8384968	-8.1934482e-05
461.184	0.013591805	-5.8385445	0.00048007571
461.312	0.013801425	-5.8388489	-0.0021281819
461.44	0.013806028	-5.8390153	-0.0026694215
461.568	0.013424464	-5.8387806	-0.0043875171
461.696	0.013719383	-5.839014	-0.0040022746
461.824	0.013350693	-5.8390379	-0.0013728547
461.952	0.013567445	-5.8389415	-0.0027970666
462.08	0.013435153	-5.8391278	-0.0026465047
462.208	0.01330677	-5.8392913	-0.0032012096
462.336	0.013355367	-5.8394517	-0.003602579
462.464	0.01316862	-5.8390591	-0.0041122583
462.592	0.0135901	-5.8397164	-0.0045453417
462.72	0.01298483	-5.83913	-0.0046100266
462.848	0.013030578	-5.8391392	-0.0053726669
462.976	0.01310013	-5.8394944	-0.006220687
463.104	0.013129911	-5.8395389	-0.0056595836
463.232	0.0131646	-5.8394226	-0.0040611946
463.36	0.012928444	-5.839168	-0.0036442321
463.488	0.013104431	-5.8395244	-0.0033335736
463.616	0.013057018	-5.8393645	-0.0028800017
463.744	0.0132809	-5.8394913	-0.0052604649
463.872	0.012829661	-5.8389937	-0.0055126425
464	0.013186694	-5.8394912	-0.00514285
464.128	0.013304921	-5.8392407	-0.0065589383
464.256	0.013474235	-5.8395358	-0.0055596547
464.384	0.013182341	-5.8393795	-0.0025579574
464.512	0.013042674	-5.8389684	-0.001563337
464.64	0.013453359	-5.8391271	-0.0028358786
464.768	0.013436855	-5.838784	-0.0026659504
464.896	0.013386821	-5.8386602	-0.0040206792
465.024	0.013529348	-5.8388435	-0.0040511896
465.152	0.013631959	-5.8389827	-0.0036686746
465.28	0.013423872	-5.8385368	-0.0028207714
465.408	0.013684288	-5.8387964	-0.0018077364
465.536	0.01356763	-5.8387652	-0.0012115234
465.664	0.013836728	-5.8389668	-0.0030158119
465.792	0.013980316	-5.8388485	-0.0021976279
465.92	0.013868048	-5.8388857	-0.001852926
466.048	0.013793231	-5.8386233	-0.0028939594
466.176	0.013912635	-5.8386587	-0.0017014959
466.304	0.01407402	-5.8384855	-0.0018129599
466.432	0.01385232	-5.8385379	-0.0013408374
466.56	0.013942758	-5.8386587	-0.001854416
466.688	0.013613541	-5.8383775	-0.0005955957
466.816	0.013765159	-5.83874	-0.0012962484
466.944	0.014021574	-5.8389708	-0.0047233425
467.072	0.013887548	-5.838641	-0.0038711937
467.2	0.013744804	-5.8385315	-0.00052492753
467.328	0.013912851	-5.8387116	-0.0032479526
467.456	0.013814924	-5.8389191	-0.0056144128
467.584	0.013696452	-5.8389485	0.00024918966
467.712	0.013507397	-5.8385704	-0.00069060453
467.84	0.013663287	-5.8389953	-0.0048112422
467.968	0.013415709	-5.8388197	-0.0037950676
468.096	0.013649684	-5.8392021	-0.0025744857
468.224	0.01346175	-5.8391172	-0.0019046248
468.352	0.013426253	-5.8390162	-0.0040433085
468.48	0.013273194	-5.8387695	-0.0035723343
468.608	0.013516193	-5.8393154	-0.005265286
468.736	0.013269225	-5.8389705	-0.0043760433
468.864	0.013276348	-5.8393678	-0.0023747501
468.992	0.0130334	-5.8389463	-0.002427219
469.12	0.01302908	-5.8389756	-0.0030432782
469.248	0.013416803	-5.8394572	-0.002478718
469.376	0.013138243	-5.8395628	-0.0014795776
469.504	0.012965245	-5.8394885	-0.0018278324
469.632	0.013124174	-5.8394193	-0.0027785403
469.76	0.012979263	-5.8393218	-0.0011379266
469.888	0.013277969	-5.8393429	-0.0050087829
470.016	0.013171742	-5.8390859	-0.0054503884
470.144	0.013106343	-5.8391562	-0.0057206466
470.272	0.013240501	-5.83923	-0.0058323113
470.4	0.013107685	-5.8390589	-0.0047261222
470.528	0.01321894	-5.8392266	-0.0048762824
470.656	0.013385253	-5.839137	-0.0041182571
470.784	0.013374007	-5.8392681	-0.004383691
470.912	0.012982604	-5.8387999	-0.0045966698
471.04	0.013483275	-5.8391608	-0.003778205
471.168	0.013445595	-5.8392731	-0.0029928809
471.296	0.01327205	-5.8387994	-0.0038429866
471.424	0.013586807	-5.8390489	-0.0037529046
471.552	0.013432449	-5.8387505	-0.0025799237
471.68	0.01348726	-5.8384434	-0.0039502021
471.808	0.013902406	-5.8389953	-0.0046436789
471.936	0.013591495	-5.8386339	-0.0032279754
472.064	0.013783075	-5.8386546	-0.0030334731
472.192	0.013819242	-5.838618	-0.0036519324
472.32	0.01386337	-5.8385257	-0.002464897
472.448	0.013812897	-5.8385829	0.00098743298
472.576	0.013964016	-5.8388927	8.6724888e-05
472.704	0.013844857	-5.8385074	-0.0012135166
472.832	0.014035168	-5.8387153	0.00048840935
472.96	0.013879813	-5.8387408	0.0016100871
473.088	0.013950058	-5.8385977	-0.0022247467
473.216	0.013871547	-5.8386415	-0.0030616887
473.344	0.013768595	-5.8387336	-0.002967723
473.472	0.013884024	-5.838664	-0.00386858
473.6	0.013788668	-5.8384848	-0.0021435017
473.728	0.01377467	-5.8386373	-0.0016954324
473.856	0.013822423	-5.8390046	-0.0045343031
473.984	0.013610058	-5.839069	-0.0026297617
474.112	0.013576122	-5.8387333	-0.0010430435
474.24	0.013645555	-5.8386828	-0.0017275505
474.368	0.013750831	-5.8391141	-0.0028464149
474.496	0.013494161	-5.838825	-0.0027762763
474.624	0.013351967	-5.8388439	-0.0027548364
474.752	0.013549081	-5.8392673	-0.0027769867
474.88	0.013161653	-5.8390174	-0.0024106247
475.008	0.013298782	-5.839395	-0.0032172892
475.136	0.013246457	-5.8391552	-0.002128291
475.264	0.013015757	-5.8389088	-0.0041216779
475.392	0.013221819	-5.8392122	-0.0037153039
475.52	0.013220426	-5.8393236	-0.0043380028
475.648	0.013166886	-5.8393353	-0.0056689494
475.776	0.013130004	-5.839356	-0.007774726
475.904	0.012806523	-5.8391524	-0.0062680532
476.032	0.013121021	-5.839394	-0.0051049442
476.16	0.013069415	-5.8393043	-0.0030676226
476.288	0.013160424	-5.8394596	-0.0032050261
476.416	0.012998628	-5.8391214	-0.0033576597
476.544	0.013126293	-5.8391445	-0.0048884479
476.672	0.013237591	-5.8394747	-0.0041071643
476.8	0.013055192	-5.8390933	-0.0033493839
476.928	0.013412566	-5.8394424	-0.0028346617
477.056	0.013150728	-5.8388583	-0.0027836078
477.184	0.013221761	-5.8389759	-0.002941443
477.312	0.013285536	-5.8389707	-0.0022791457
477.44	0.013371855	-5.8387613	-0.0008699997
477.568	0.013709972	-5.8389687	-0.0019821653
477.696	0.01350389	-5.8384678	-0.0038499846
477.824	0.013590855	-5.8388429	-0.0024375714
477.952	0.013470148	-5.8385669	-0.0019236729
478.08	0.013731949	-5.8388355	-0.00264187
478.208	0.013716006	-5.8388405	-0.004100666
478.336	0.013787113	-5.8387219	-0.0039130947
478.464	0.013882645	-5.8388181	-0.0031043934
478.592	0.013788419	-5.8384151	-0.0026208928
478.72	0.013819752	-5.8384792	-0.0019234297
478.848	0.01401625	-5.8387141	-0.0025697444
478.976	0.013977487	-5.8385555	-0.0014445786
479.104	0.013625222	-5.8384259	-0.00041790997
479.232	0.013931101	-5.8386579	-0.0031042605
479.36	0.013938502	-5.8387773	-0.0035829316
479.488	0.014077988	-5.8385137	-0.0026817294
479.616	0.013572049	-5.8381001	-0.0030843234
479.744	0.014066483	-5.8387934	-0.0042649821
479.872	0.013944855	-5.8386358	-0.0041290246
480	0.013667409	-5.8385233	-0.0027814812
480.128	0.013882754	-5.8387913	-0.0012526721
480.256	0.013589071	-5.8388571	-0.00097262869
480.384	0.013366794	-5.8387102	-0.0011468008
480.512	0.013664547	-5.8390392	-0.00040136396
480.64	0.013566939	-5.8391465	-0.0014485085
480.768	0.01357257	-5.8391017	-0.0012293054
480.896	0.013419177	-5.8389426	-0.0013577844
481.024	0.013443228	-5.838998	-0.0020610683
481.152	0.01330898	-5.8388788	-0.0027649899
481.28	0.013225733	-5.839117	-0.0048677402
481.408	0.013335694	-5.8393476	-0.0051304684
481.536	0.013147491	-5.8392634	-0.0031650213
481.664	0.013122172	-5.839467	-0.0025793869
481.792	0.013249194	-5.8394112	-0.003249551
481.92	0.013085564	-5.8390403	-0.0025486864
482.048	0.013169136	-5.8391598	-0.0068577278
482.176	0.013202908	-5.8392404	-0.0057954124
482.304	0.012938498	-5.8392104	-0.0029261835
482.432	0.012974427	-5.8392757	-0.0034581019
482.56	0.013140279	-5.8394608	-0.0025113038
482.688	0.013052418	-5.8392152	-0.0021377871
482.816	0.012930997	-5.8389034	-0.001357836
482.944	0.013263985	-5.8395017	-0.005274468
483.072	0.01308992	-5.8393515	-0.0036367446
483.2	0.013221885	-5.8396825	-0.0038943501
483.328	0.013158234	-5.8393453	-0.0050006653
483.456	0.013274628	-5.8394603	-0.0073507207
483.584	0.013342454	-5.8392362	-0.0046665716
483.712	0.013371362	-5.8390479	-0.0033969331
483.84	0.013397154	-5.8387074	-0.0037348091
483.968	0.013385369	-5.8385656	-0.0014604252
484.096	0.013768699	-5.8389822	-0.0044600859
484.224	0.013625799	-5.8387052	-0.0029542696
484.352	0.013830543	-5.8388198	-0.0029763251
484.48	0.013819715	-5.8385082	-0.0039347331
484.608	0.013630837	-5.8383883	-0.00090288565
484.736	0.013954932	-5.8388258	0.00019707068
484.864	0.013946215	-5.8388058	-0.0013079416
484.992	0.01381284	-5.8381344	-0.0011840447
485.12	0.013907323	-5.8385138	-0.0010970115
485.248	0.013868065	-5.8383981	-0.00080811843
485.376	0.013962058	-5.8388579	-0.00039807398
485.504	0.013928401	-5.8384371	-0.0010164965
485.632	0.013876933	-5.8383106	-0.00056450697
485.76	0.013922144	-5.8383673	0.00065470118
485.888	0.013738005	-5.8383851	2.6405329e-05
486.016	0.01386015	-5.838625	-0.0029314051
486.144	0.014074108	-5.8390258	-0.0029490025
486.272	0.013745548	-5.8388067	-0.0016205906
486.4	0.013730576	-5.8389235	-0.00095644738
486.528	0.013626923	-5.8389111	-0.0029684166
486.656	0.013779959	-5.8391479	-0.0041508583
486.784	0.013637493	-5.8390869	-0.0045768235
486.912	0.013469621	-5.8388572	-0.0055401638
487.04	0.013470364	-5.8391184	-0.003587536
487.168	0.013465764	-5.8392219	-0.0037979736
487.296	0.013394028	-5.8392766	-0.002901515
487.424	0.013480447	-5.8392131	-0.0010836683
487.552	0.013196446	-5.8390295	-0.0026240206
487.68	0.013351115	-5.8393282	-0.0019301033
487.808	0.013044862	-5.8389348	-0.0014774493
487.936	0.013216331	-5.8391536	-0.0051360611
488.064	0.013211686	-5.8390993	-0.0038754906
488.192	0.013146151	-5.8391297	-0.0041523593
488.32	0.013141142	-5.839237	-0.0034102054
488.448	0.013009372	-5.8390925	-0.0031912971
488.576	0.013152019	-5.8395156	-0.0062747942
488.704	0.012985263	-5.8391039	-0.0038813374
488.832	0.013286431	-5.8396147	-0.0045787537
488.96	0.013107922	-5.8396773	-0.0033861788
489.088	0.013110753	-5.8393681	-0.0049420789
489.216	0.013105505	-5.8390753	-0.0039281952
489.344	0.013103794	-5.8389772	-0.0011990543
489.472	0.01330726	-5.8392072	-0.0033566517
489.6	0.013168415	-5.8391991	-0.004570795
489.728	0.013264076	-5.8392534	-0.0042941669
489.856	0.012949942	-5.8386657	-0.0020210463
489.984	0.013560537	-5.839195	-0.0042017017
490.112	0.0134444	-5.8388742	-0.0041668635
490.24	0.013256728	-5.8386401	-0.0033734706
490.368	0.013497343	-5.838828	-0.00094017428
490.496	0.013749844	-5.8390172	-0.0011182161
490.624	0.013669773	-5.8388875	-0.0041609851
490.752	0.013635564	-5.8387188	-0.0028185136
490.88	0.013826566	-5.838799	-0.00062397318
491.008	0.013770426	-5.8384607	-0.0017293307
491.136	0.01371126	-5.8383611	-0.0037548267
491.264	0.013845935	-5.8384167	-0.00050289448
491.392	0.013996693	-5.8386615	-0.0018308657
491.52	0.014047688	-5.8385193	-0.0029034631
491.648	0.013843922	-5.8384237	-0.00012651147
491.776	0.01404046	-5.8386983	-0.0009317574
491.904	0.014009343	-5.8390174	-0.0031041031
492.032	0.013832892	-5.8384901	-0.0029439388
492.16	0.01395498	-5.8386732	-0.0018993418
492.288	0.013836853	-5.8387364	-0.0024493745
492.416	0.013878682	-5.8386386	-0.003200073
492.544	0.013806725	-5.8384421	-0.0036712189
492.672	0.013835064	-5.8387281	-0.001280183
492.8	0.013654822	-5.838617	0.0021118639
492.928	0.013761801	-5.8387803	-0.0021574622
493.056	0.013505747	-5.8386453	-0.002629151
493.184	0.013614538	-5.8391033	-0.0039193335
493.312	0.013411933	-5.8391527	-0.0029610905
493.44	0.013559786	-5.8393294	-0.0027287064
493.568	0.013382779	-5.8391403	-0.0018786084
493.696	0.013458766	-5.8390856	-0.0033436026
493.824	0.013249831	-5.838888	-0.0032844016
493.952	0.013285442	-5.839061	-0.0020445712
494.08	0.013229242	-5.839573	-0.0028010827
494.208	0.012965675	-5.8390528	-0.00272695
494.336	0.013202077	-5.8394418	-0.0049603331
494.464	0.013145577	-5.8393803	-0.0039450137
494.592	0.012967775	-5.8392189	-0.0038723134
494.72	0.013231993	-5.8394379	-0.0048339706
494.848	0.013044697	-5.8393193	-0.0026617626
494.976	0.012913285	-5.8390166	-0.0025918425
495.104	0.013084142	-5.8393834	-0.0027003664
495.232	0.013185892	-5.8392337	-0.0044627838
495.36	0.013390107	-5.8395311	-0.0066709223
495.488	0.01301745	-5.8389922	-0.0036875838
495.616	0.013034082	-5.8387704	-0.0034895357
495.744	0.013053093	-5.8389617	-0.0020479319
495.872	0.013325718	-5.8392664	-0.0022385625
496	0.013337896	-5.8391509	-0.0035588767
496.128	0.013466269	-5.8392153	-0.0040021091
496.256	0.013149523	-5.8389533	-0.0051462132
496.384	0.013421747	-5.8392609	-0.0056014739
496.512	0.013476707	-5.8391185	-0.0012565234
496.64	0.013281914	-5.83897	-0.0017751185
496.768	0.013719375	-5.8390055	-0.00162575
496.896	0.013355857	-5.8384229	0.00049949857
497.024	0.013546025	-5.8383684	-0.00055184328
497.152	0.013918669	-5.8387236	-0.0046481024
497.28	0.013681355	-5.8385258	-0.0050576894
497.408	0.013847537	-5.8384517	-0.0042914234
497.536	0.013904155	-5.8384748	-0.0023205878
497.664	0.014062484	-5.838616	-0.0022958258
497.792	0.013671953	-5.8383712	0.00016150275
497.92	0.0141186	-5.8387699	0.00068199459
498.048	0.014003136	-5.8386765	0.00012783893
498.176	0.014054781	-5.8387655	-0.0017540177
498.304	0.013954844	-5.838643	-0.0052424705
498.432	0.013889654	-5.8385551	-0.00060834755
498.56	0.014072485	-5.8386626	0.0023686262
498.688	0.013732505	-5.838446	-2.969883e-05
498.816	0.013972705	-5.8386279	-0.0044419809
498.944	0.01394032	-5.8388812	-0.0045283388
499.072	0.01396823	-5.8391007	-0.0021091374
499.2	0.013649358	-5.8390706	-0.0030210242
499.328	0.013821856	-5.8393829	-0.0018171113
499.456	0.013756101	-5.8392725	-0.0023019089
499.584	0.013308333	-5.8386261	0.00011143026
499.712	0.013551817	-5.8391736	-0.0012616638
499.84	0.013478499	-5.8391169	-0.0019386253
499.968	0.013341391	-5.8388036	-0.0011582457
