0	0.027184323	-5.8200822	0.052845372
0.128	0.027064626	-5.8197874	0.051737188
0.256	0.026936283	-5.8195504	0.053196733
0.384	0.026983633	-5.8198841	0.052894578
0.512	0.026562587	-5.8196723	0.053301137
0.64	0.02704422	-5.8201676	0.056307926
0.768	0.027002872	-5.8196717	0.056773118
0.896	0.027026534	-5.8198857	0.052928377
1.024	0.026910986	-5.8200428	0.054183588
1.152	0.027288068	-5.8202206	0.054784878
1.28	0.027059475	-5.8195773	0.055776349
1.408	0.027232196	-5.8197907	0.053313753
1.536	0.026593215	-5.8192062	0.057266701
1.664	0.0271449	-5.8198848	0.051972531
1.792	0.02710642	-5.8197222	0.05181552
1.92	0.027159809	-5.8196959	0.055688396
2.048	0.027083675	-5.8196646	0.054216666
2.176	0.026899515	-5.8193784	0.057817126
2.304	0.027129442	-5.8195368	0.055143166
2.432	0.027033399	-5.8195318	0.052836764
2.56	0.027138005	-5.8198542	0.057040935
2.688	0.027391257	-5.8200626	0.058338531
2.816	0.027124862	-5.8198275	0.056988717
2.944	0.027146528	-5.8197827	0.053772247
3.072	0.026999862	-5.8194703	0.054633415
3.2	0.027443281	-5.8201144	0.051517634
3.328	0.027435685	-5.8197665	0.054152539
3.456	0.027486426	-5.8200249	0.055520415
3.584	0.026614006	-5.8195553	0.052913247
3.712	0.027046301	-5.8200657	0.05076556
3.84	0.027610244	-5.8211357	0.051229348
3.968	0.026824344	-5.8202421	0.053785356
4.096	0.026977675	-5.8209588	0.052692399
4.224	0.02666041	-5.8204341	0.052752832
4.352	0.02685684	-5.8207515	0.050966856
4.48	0.027206895	-5.8213592	0.052520549
4.608	0.026875831	-5.8209794	0.053556251
4.736	0.026514937	-5.8208238	0.053011136
4.864	0.027019128	-5.8214608	0.052631116
4.992	0.026933734	-5.8212635	0.052426457
5.12	0.026513885	-5.820919	0.053399243
5.248	0.026643656	-5.8212041	0.053147047
5.376	0.026412232	-5.8210827	0.054203763
5.504	0.02642968	-5.8209311	0.053287855
5.632	0.026680197	-5.8211613	0.047969113
5.76	0.026732188	-5.8216683	0.049343596
5.888	0.026349564	-5.8210446	0.052476138
6.016	0.026785676	-5.8217712	0.049987553
6.144	0.026411891	-5.821053	0.053348661
6.272	0.026745985	-5.8211816	0.052642837
6.4	0.026757439	-5.8211285	0.053469792
6.528	0.026508531	-5.820794	0.052157991
6.656	0.026813843	-5.8211688	0.049242078
6.784	0.027023333	-5.8213271	0.049658862
6.912	0.026558144	-5.8205604	0.051682673
7.04	0.027130311	-5.8213366	0.050130098
7.168	0.026900221	-5.8209118	0.050978815
7.296	0.026993226	-5.8210182	0.051409202
7.424	0.027004043	-5.82082	0.051513964
7.552	0.027324546	-5.8209814	0.049412798
7.68	0.027060187	-5.8204897	0.050293753
7.808	0.027366755	-5.8208517	0.050099552
7.936	0.027570151	-5.8208973	0.04869085
8.064	0.027373884	-5.8206885	0.052655607
8.192	0.02664202	-5.8199839	0.053515954
8.32	0.02748495	-5.8208626	0.046765634
8.448	0.027585378	-5.8210681	0.049409732
8.576	0.02723665	-5.8205469	0.050996062
8.704	0.027835482	-5.8213174	0.047986211
8.832	0.027116569	-5.8203789	0.050201732
8.96	0.027244996	-5.8204338	0.05168834
9.088	0.027280144	-5.8208724	0.053658648
9.216	0.027151829	-5.820674	0.051444208
9.344	0.0276116	-5.821447	0.050731699
9.472	0.027350972	-5.8208986	0.051713216
9.6	0.027153917	-5.8209364	0.049373965
9.728	0.02722592	-5.8212252	0.048920842
9.856	0.027344105	-5.8214188	0.04993637
9.984	0.026843432	-5.8208044	0.04893224
10.112	0.026931531	-5.8210344	0.045581609
10.24	0.026644104	-5.8208729	0.045510339
10.368	0.027023754	-5.8212037	0.04828151
10.496	0.026943455	-5.8216018	0.049247531
10.624	0.026778233	-5.8214812	0.047802849
10.752	0.026824968	-5.8216317	0.045325571
10.88	0.026650723	-5.8213599	0.044835522
11.008	0.026332713	-5.8210207	0.045978374
11.136	0.026791695	-5.8218787	0.047819538
11.264	0.026677539	-5.8214448	0.043733309
11.392	0.027139407	-5.8219928	0.040645515
11.52	0.027007896	-5.8217917	0.04739535
11.648	0.026794623	-5.8217308	0.046367761
11.776	0.026857575	-5.8217702	0.043144479
11.904	0.027033076	-5.8216087	0.04387571
12.032	0.026772082	-5.8218631	0.046710033
12.16	0.026750704	-5.8220005	0.046872906
12.288	0.027142793	-5.8224314	0.044864123
12.416	0.027265307	-5.8226389	0.04399632
12.544	0.026575486	-5.8224157	0.047429548
12.672	0.026722589	-5.8223529	0.043580518
12.8	0.026929733	-5.8221635	0.041900609
12.928	0.026759606	-5.822137	0.045488476
13.056	0.027161282	-5.8226067	0.041241727
13.184	0.027077475	-5.8223944	0.041472424
13.312	0.026948815	-5.8219977	0.040356394
13.44	0.026971733	-5.822106	0.038973747
13.568	0.027129771	-5.8224132	0.040790332
13.696	0.027205078	-5.8227082	0.040588701
13.824	0.026679769	-5.8223101	0.044878678
13.952	0.026869841	-5.8225455	0.043425227
14.08	0.027694872	-5.8233278	0.038800891
14.208	0.026806171	-5.8224484	0.046824988
14.336	0.027445994	-5.8230009	0.042200782
14.464	0.027331042	-5.8229995	0.039980711
14.592	0.026862079	-5.8225722	0.043456318
14.72	0.026957603	-5.8228313	0.042318171
14.848	0.026431212	-5.822054	0.04558593
14.976	0.027015585	-5.8229571	0.043685945
15.104	0.026767702	-5.8226234	0.039918659
15.232	0.027546662	-5.823414	0.036171421
15.36	0.027157562	-5.8231823	0.040077489
15.488	0.026760174	-5.8225973	0.043095523
15.616	0.027194617	-5.8229838	0.046583628
15.744	0.026836582	-5.82247	0.043841181
15.872	0.026904472	-5.8226291	0.041973726
16	0.026575567	-5.8226043	0.041712602
16.128	0.026932147	-5.8228869	0.038442028
16.256	0.026997472	-5.8227407	0.040852119
16.384	0.026683469	-5.8223046	0.039059387
16.512	0.027110117	-5.8227594	0.039819805
16.64	0.027274557	-5.8230466	0.040546913
16.768	0.026705183	-5.8226839	0.040816937
16.896	0.026879722	-5.8228682	0.04269165
17.024	0.026623477	-5.8227965	0.041931979
17.152	0.026984959	-5.8231772	0.04133801
17.28	0.02716345	-5.8230149	0.041232273
17.408	0.027204342	-5.8230244	0.03996647
17.536	0.02744387	-5.823118	0.035513421
17.664	0.02625855	-5.8218893	0.039265939
17.792	0.027165207	-5.822671	0.039894253
17.92	0.026965059	-5.8226877	0.038885764
18.048	0.027577118	-5.8232321	0.037777514
18.176	0.026535129	-5.8219477	0.040640138
18.304	0.027042123	-5.8225315	0.037311946
18.432	0.02692762	-5.8225293	0.039961422
18.56	0.027498931	-5.8233746	0.040486166
18.688	0.027381632	-5.8228738	0.042803647
18.816	0.027075132	-5.8226899	0.040635952
18.944	0.026878792	-5.8225631	0.04140376
19.072	0.027074091	-5.8230912	0.04168738
19.2	0.027390099	-5.8233026	0.04228834
19.328	0.027218997	-5.823165	0.044216775
19.456	0.02661447	-5.8224198	0.043753937
19.584	0.027430505	-5.8234673	0.041998955
19.712	0.026746349	-5.8224556	0.043227214
19.84	0.026695917	-5.8219888	0.042817879
19.968	0.027595544	-5.8234771	0.038324011
20.096	0.026409933	-5.8225001	0.042025317
20.224	0.027052931	-5.8231613	0.040325037
20.352	0.026777662	-5.8225239	0.042747814
20.48	0.027073154	-5.8227477	0.039976593
20.608	0.026820184	-5.8225484	0.037505876
20.736	0.026866972	-5.8228337	0.039327289
20.864	0.026901481	-5.8229066	0.039073518
20.992	0.02698456	-5.8231582	0.040351571
21.12	0.026883425	-5.8230287	0.041853152
21.248	0.0272757	-5.8232641	0.04215256
21.376	0.026468263	-5.8225099	0.043471732
21.504	0.026473871	-5.8224444	0.044684752
21.632	0.027023975	-5.8232014	0.044403001
21.76	0.027025185	-5.8230254	0.043671905
21.888	0.027166329	-5.8231115	0.039890085
22.016	0.027095966	-5.8231412	0.041030665
22.144	0.027012117	-5.8231053	0.037990229
22.272	0.02710717	-5.8234575	0.040445133
22.4	0.027141311	-5.8234821	0.040337129
22.528	0.026921122	-5.8231979	0.037693411
22.656	0.027590163	-5.8238591	0.037910042
22.784	0.027227075	-5.8235046	0.040771663
22.912	0.026816886	-5.8227431	0.042257839
23.04	0.027147134	-5.823212	0.033951424
23.168	0.027130182	-5.8234534	0.032569759
23.296	0.02732829	-5.8234809	0.036483256
23.424	0.026887158	-5.8225555	0.037959076
23.552	0.027396334	-5.8232702	0.036307054
23.68	0.027329947	-5.8234491	0.036003958
23.808	0.027008338	-5.8232056	0.033836676
23.936	0.026873691	-5.8230823	0.036546889
24.064	0.027099663	-5.823445	0.039476756
24.192	0.027239563	-5.8237252	0.039076737
24.32	0.027091715	-5.8233753	0.039081351
24.448	0.027264591	-5.8239334	0.038853908
24.576	0.027203919	-5.8240667	0.035968767
24.704	0.026810613	-5.8236346	0.037154345
24.832	0.02693848	-5.8239351	0.038603092
24.96	0.027020665	-5.8240615	0.040334671
25.088	0.026960844	-5.824067	0.038929341
25.216	0.027022529	-5.8244389	0.03554669
25.344	0.02720618	-5.8246321	0.035709445
25.472	0.026909883	-5.8242784	0.036165895
25.6	0.026463237	-5.8240843	0.037180861
25.728	0.027332264	-5.8247344	0.033327275
25.856	0.027127135	-5.8248753	0.033806887
25.984	0.026997031	-5.8244633	0.0355378
26.112	0.026648596	-5.8244861	0.035598306
26.24	0.026583982	-5.8246654	0.036961297
26.368	0.026872013	-5.8248957	0.035702172
26.496	0.026787934	-5.8247699	0.034587431
26.624	0.026502469	-5.8246586	0.036654686
26.752	0.026580977	-5.8249142	0.03691137
26.88	0.027137664	-5.825564	0.035360377
27.008	0.026946389	-5.8250829	0.034346811
27.136	0.026463104	-5.8246138	0.034786457
27.264	0.026507497	-5.8248748	0.03558726
27.392	0.026870447	-5.8250578	0.035425098
27.52	0.026591201	-5.824658	0.036986863
27.648	0.026549281	-5.82464	0.035540121
27.776	0.027029765	-5.8252265	0.034599843
27.904	0.026930047	-5.824748	0.038389083
28.032	0.026717045	-5.8243696	0.03912959
28.16	0.02657622	-5.82422	0.038345452
28.288	0.026906985	-5.824581	0.037553959
28.416	0.026989891	-5.8249816	0.036869217
28.544	0.02685691	-5.824645	0.035513557
28.672	0.027199688	-5.8250395	0.03555442
28.8	0.027079862	-5.8245131	0.033128824
28.928	0.027001666	-5.8244889	0.035174419
29.056	0.026933989	-5.8243501	0.036322897
29.184	0.026922385	-5.8242142	0.033419262
29.312	0.027362393	-5.8243347	0.035493067
29.44	0.026962379	-5.824035	0.036165135
29.568	0.0270793	-5.8241185	0.036339217
29.696	0.027489816	-5.8247153	0.035685556
29.824	0.027303425	-5.8241718	0.036455741
29.952	0.026983337	-5.823619	0.040031565
30.08	0.027585023	-5.8246123	0.037129685
30.208	0.027553758	-5.8246496	0.039120104
30.336	0.027103386	-5.8241949	0.039891799
30.464	0.027505829	-5.8247925	0.03229798
30.592	0.027017008	-5.8241497	0.037603789
30.72	0.027573991	-5.8244609	0.038732554
30.848	0.027228367	-5.8245988	0.037950117
30.976	0.027193507	-5.8243571	0.036267661
31.104	0.027219898	-5.8244325	0.031919277
31.232	0.027465499	-5.8248455	0.031547841
31.36	0.027055658	-5.8245253	0.034392709
31.488	0.027162386	-5.8242431	0.037386711
31.616	0.027643943	-5.8251389	0.034913344
31.744	0.026653383	-5.824556	0.036346112
31.872	0.026926212	-5.8249388	0.036325245
32	0.027691731	-5.8257175	0.032628589
32.128	0.026757588	-5.8244521	0.033023326
32.256	0.026916676	-5.8242655	0.033048734
32.384	0.026702188	-5.8243427	0.031257219
32.512	0.027198397	-5.8250835	0.028492668
32.64	0.027070657	-5.8252614	0.034673904
32.768	0.026586907	-5.8249576	0.038108117
32.896	0.026818653	-5.8252293	0.036268324
33.024	0.026832286	-5.8251394	0.031900265
33.152	0.026917002	-5.8255277	0.028544916
33.28	0.026683692	-5.8253676	0.031909931
33.408	0.026690191	-5.8252917	0.029950631
33.536	0.026699467	-5.8253898	0.025322589
33.664	0.026849614	-5.8254391	0.026436664
33.792	0.02677652	-5.8256653	0.027316739
33.92	0.026863503	-5.8257049	0.026794332
34.048	0.026864508	-5.8256611	0.027423955
34.176	0.02686677	-5.8256057	0.029042086
34.304	0.026819294	-5.8256809	0.032005672
34.432	0.026946075	-5.8259199	0.029425869
34.56	0.026765482	-5.8253858	0.029160718
34.688	0.026553373	-5.8252866	0.030647163
34.816	0.026441155	-5.8250976	0.031106562
34.944	0.02723151	-5.8258108	0.029180811
35.072	0.026755986	-5.8259611	0.028294356
35.2	0.027039967	-5.8259762	0.027796046
35.328	0.027116226	-5.8261684	0.027791435
35.456	0.026661552	-5.8259761	0.029207507
35.584	0.026797612	-5.8258161	0.032706564
35.712	0.02673585	-5.8256857	0.031672439
35.84	0.027100376	-5.8259599	0.029940492
35.968	0.026840805	-5.8254002	0.031156836
36.096	0.02663634	-5.8251362	0.029507269
36.224	0.026888008	-5.8254532	0.030219856
36.352	0.026815351	-5.825218	0.031891823
36.48	0.026928665	-5.8253929	0.029167548
36.608	0.027216062	-5.8254344	0.029707933
36.736	0.027200009	-5.8253766	0.030006706
36.864	0.026864125	-5.825171	0.030037463
36.992	0.027428078	-5.8259277	0.029900978
37.12	0.026911543	-5.8251821	0.033027632
37.248	0.027323522	-5.8254297	0.026934895
37.376	0.026873585	-5.8249044	0.028710258
37.504	0.026886416	-5.8253035	0.031105764
37.632	0.02734832	-5.8255548	0.032285892
37.76	0.027760822	-5.8258683	0.030556648
37.888	0.026770588	-5.8249059	0.029180168
38.016	0.027340159	-5.8255477	0.026019628
38.144	0.027127191	-5.8252591	0.029746112
38.272	0.027235184	-5.8253803	0.029196851
38.4	0.027184505	-5.8252903	0.031286619
38.528	0.027247746	-5.825059	0.025549894
38.656	0.027231365	-5.8254899	0.026226711
38.784	0.027209261	-5.8255231	0.029546119
38.912	0.027113096	-5.8251625	0.027248282
39.04	0.027424978	-5.8252559	0.028857358
39.168	0.027117583	-5.8254008	0.028751027
39.296	0.027044753	-5.8255103	0.029392913
39.424	0.027313771	-5.8256513	0.031204427
39.552	0.026922005	-5.8255406	0.031085399
39.68	0.027105188	-5.8255822	0.029485441
39.808	0.026772603	-5.8251584	0.028359976
39.936	0.027204135	-5.8256192	0.030183027
40.064	0.027031662	-5.8256924	0.030243993
40.192	0.027090762	-5.8261475	0.027619331
40.32	0.026882918	-5.8260089	0.028379063
40.448	0.026558092	-5.8253921	0.029981022
40.576	0.027063747	-5.8261429	0.029442702
40.704	0.026877572	-5.8260939	0.028638194
40.832	0.026618008	-5.8256032	0.025910187
40.96	0.02665027	-5.8259306	0.026686596
41.088	0.026857358	-5.8260175	0.026600858
41.216	0.026833069	-5.8259866	0.026451388
41.344	0.026671843	-5.8260844	0.027568385
41.472	0.025846117	-5.8254818	0.031970754
41.6	0.027009181	-5.8263065	0.028923033
41.728	0.026595524	-5.8257881	0.02612748
41.856	0.026718571	-5.8257525	0.027079665
41.984	0.027222959	-5.8262319	0.026456888
42.112	0.02665929	-5.8259938	0.029479935
42.24	0.026571346	-5.8255477	0.029474099
42.368	0.026489211	-5.8253255	0.027245589
42.496	0.026699748	-5.825545	0.026915329
42.624	0.026797382	-5.8254683	0.026879725
42.752	0.02717503	-5.826018	0.026883226
42.88	0.026950633	-5.8258742	0.030588027
43.008	0.026682556	-5.8253686	0.030102667
43.136	0.027061991	-5.8254508	0.030975174
43.264	0.027094452	-5.8256913	0.03008963
43.392	0.026823967	-5.8253862	0.029904212
43.52	0.02742024	-5.8256973	0.028229757
43.648	0.027159713	-5.8253478	0.029475221
43.776	0.027138221	-5.8252158	0.030467208
43.904	0.027023202	-5.82509	0.027187373
44.032	0.027538095	-5.8254617	0.028426558
44.16	0.027461612	-5.8252836	0.032017413
44.288	0.027213633	-5.8249917	0.032405102
44.416	0.027513365	-5.8254853	0.031167211
44.544	0.027551683	-5.8255715	0.030722566
44.672	0.027316343	-5.8254862	0.033067475
44.8	0.027566938	-5.8259677	0.026879047
44.928	0.027104042	-5.8253889	0.025961811
45.056	0.027302622	-5.8255407	0.028424206
45.184	0.027198169	-5.825371	0.031173807
45.312	0.02703674	-5.825135	0.030105512
45.44	0.027132181	-5.8250488	0.031802356
45.568	0.027187721	-5.8255614	0.029582672
45.696	0.027009747	-5.8253367	0.029437114
45.824	0.027095367	-5.8254022	0.029339624
45.952	0.027142397	-5.825733	0.02884831
46.08	0.027132163	-5.8262761	0.032555658
46.208	0.027415132	-5.8266894	0.031180339
46.336	0.027016057	-5.8264576	0.026694427
46.464	0.02631959	-5.8252262	0.029332974
46.592	0.027130699	-5.8258895	0.027311749
46.72	0.027344091	-5.8263054	0.024991243
46.848	0.026431853	-5.8254619	0.032653528
46.976	0.026969031	-5.8259736	0.028543723
47.104	0.026822394	-5.8262094	0.026276121
47.232	0.026892933	-5.8262046	0.027990574
47.36	0.026436141	-5.8259428	0.027812462
47.488	0.026683252	-5.8259971	0.027760696
47.616	0.02697806	-5.8262172	0.029650758
47.744	0.0265871	-5.825796	0.031085712
47.872	0.026278593	-5.8254219	0.02686727
48	0.026977125	-5.826163	0.02624742
48.128	0.026560459	-5.8257532	0.028801111
48.256	0.026887239	-5.8259515	0.029027266
48.384	0.026260715	-5.8253661	0.027773752
48.512	0.026598837	-5.8256857	0.026649392
48.64	0.027012823	-5.8260176	0.027522951
48.768	0.026954003	-5.8260789	0.027235905
48.896	0.026842538	-5.8258325	0.025339703
49.024	0.026710661	-5.825491	0.024943782
49.152	0.027007913	-5.8258926	0.024851033
49.28	0.026667515	-5.8252704	0.026254945
49.408	0.027366906	-5.8260122	0.02443577
49.536	0.027235343	-5.8255435	0.026283794
49.664	0.027229668	-5.8255555	0.025630125
49.792	0.027268429	-5.8257078	0.026023635
49.92	0.027165809	-5.8252258	0.028453465
50.048	0.026998308	-5.8252565	0.027582836
50.176	0.027380915	-5.8256008	0.026799799
50.304	0.027504891	-5.8257923	0.025787128
50.432	0.027463768	-5.8256638	0.02805744
50.56	0.02731711	-5.8255578	0.026373107
50.688	0.027134041	-5.8254039	0.029751328
50.816	0.027401303	-5.8255702	0.02819213
50.944	0.027437041	-5.8257031	0.023343462
51.072	0.027224141	-5.8256525	0.021542607
51.2	0.026799711	-5.8251576	0.028083566
51.328	0.027446569	-5.8258588	0.02761784
51.456	0.027379146	-5.8260077	0.027828874
51.584	0.027035651	-5.8255668	0.032848022
51.712	0.027024756	-5.8258088	0.031035945
51.84	0.027523001	-5.8264548	0.025927003
51.968	0.02710437	-5.8264872	0.025101172
52.096	0.027027912	-5.8262399	0.02562142
52.224	0.027338069	-5.8263982	0.026539877
52.352	0.027204665	-5.8265265	0.028192695
52.48	0.026942102	-5.826246	0.026012181
52.608	0.027066531	-5.8265061	0.02518512
52.736	0.02655753	-5.8259067	0.025581253
52.864	0.02712482	-5.8264536	0.021992327
52.992	0.026501413	-5.8260672	0.023976069
53.12	0.026798267	-5.8265877	0.023647315
53.248	0.026596133	-5.8266626	0.026358631
53.376	0.026775956	-5.8269814	0.025216843
53.504	0.026737442	-5.8266116	0.028828408
53.632	0.026734353	-5.8266343	0.021782958
53.76	0.026529277	-5.8267454	0.019679048
53.888	0.027007425	-5.827535	0.024620362
54.016	0.026944108	-5.8270598	0.02499354
54.144	0.0267931	-5.8269628	0.021023656
54.272	0.027014735	-5.8275204	0.020733443
54.4	0.026245005	-5.8267941	0.024071582
54.528	0.0264346	-5.8267711	0.024571306
54.656	0.026942297	-5.826825	0.026659061
54.784	0.026797883	-5.8271989	0.023852774
54.912	0.026551101	-5.8268175	0.02262212
55.04	0.027118317	-5.8271816	0.021487645
55.168	0.026825164	-5.8269754	0.026477761
55.296	0.027153062	-5.8273421	0.02966111
55.424	0.026905948	-5.8270394	0.027240541
55.552	0.027287552	-5.8271873	0.021783257
55.68	0.027027789	-5.8268934	0.023867552
55.808	0.026922745	-5.8269657	0.022944739
55.936	0.027140535	-5.8268217	0.024307561
56.064	0.027032906	-5.8265908	0.023003755
56.192	0.026404297	-5.8258957	0.029469622
56.32	0.027429231	-5.8269398	0.027322189
56.448	0.027955797	-5.8273196	0.024073219
56.576	0.027090943	-5.8265734	0.02543204
56.704	0.027456476	-5.8266862	0.024398985
56.832	0.027288023	-5.826493	0.027515069
56.96	0.027258779	-5.8265754	0.023891535
57.088	0.027372446	-5.8268754	0.022620664
57.216	0.027643938	-5.8273865	0.02463055
57.344	0.027468057	-5.8271729	0.024741765
57.472	0.027137087	-5.826796	0.02882456
57.6	0.027706935	-5.8272091	0.023758444
57.728	0.027776385	-5.8274445	0.022674215
57.856	0.02677083	-5.8265398	0.028009503
57.984	0.027321528	-5.8274614	0.024016397
58.112	0.027373745	-5.8275723	0.022341737
58.24	0.027317415	-5.8276935	0.020798535
58.368	0.026985358	-5.8273925	0.025968688
58.496	0.027204878	-5.8274065	0.025702709
58.624	0.02750429	-5.8277894	0.022243452
58.752	0.027050387	-5.8278667	0.024776514
58.88	0.026600946	-5.8275393	0.026612156
59.008	0.026704598	-5.8276552	0.021618932
59.136	0.026852613	-5.8278798	0.020108961
59.264	0.027184958	-5.8281194	0.019466608
59.392	0.026341883	-5.827602	0.021955302
59.52	0.026745353	-5.8279073	0.020269298
59.648	0.026290369	-5.8274941	0.022940168
59.776	0.026126551	-5.8276451	0.023492252
59.904	0.026649937	-5.828378	0.021185034
60.032	0.026605613	-5.8279325	0.020361368
60.16	0.026864913	-5.8285321	0.020192294
60.288	0.026536043	-5.8284083	0.019725337
60.416	0.02684926	-5.8286258	0.019533391
60.544	0.026781919	-5.8285528	0.02054932
60.672	0.026598998	-5.8284218	0.021274088
60.8	0.026823164	-5.8282775	0.021104015
60.928	0.026426674	-5.8275639	0.020990241
61.056	0.026675943	-5.827924	0.021194703
61.184	0.026710673	-5.827777	0.019892998
61.312	0.026681184	-5.8278578	0.019976681
61.44	0.026646695	-5.8276226	0.021197715
61.568	0.026963717	-5.8277994	0.024357912
61.696	0.026775685	-5.8277049	0.021027093
61.824	0.026376013	-5.8270601	0.018888281
61.952	0.026867866	-5.8273876	0.022643682
62.08	0.027241829	-5.8279649	0.02231233
62.208	0.026735673	-5.8274026	0.027271224
62.336	0.027175058	-5.8273393	0.025572009
62.464	0.02727099	-5.8273311	0.024163866
62.592	0.027054736	-5.8270561	0.025346151
62.72	0.027727326	-5.8278129	0.020688499
62.848	0.027263398	-5.8270637	0.024498628
62.976	0.027339591	-5.8270859	0.020663008
63.104	0.027584817	-5.8274186	0.019448028
63.232	0.027287372	-5.8270821	0.026484322
63.36	0.027212889	-5.826964	0.025158931
63.488	0.027750067	-5.8273625	0.02493643
63.616	0.027781363	-5.8274977	0.022901873
63.744	0.02735127	-5.8273351	0.021729244
63.872	0.027228283	-5.8268656	0.024034787
64	0.027325753	-5.8270144	0.021932367
64.128	0.027694041	-5.827465	0.022592493
64.256	0.027150227	-5.8273853	0.024372972
64.384	0.027653415	-5.8277233	0.023117709
64.512	0.027340494	-5.8277037	0.021855709
64.64	0.027679362	-5.8278224	0.020921836
64.768	0.027132791	-5.8277019	0.025560382
64.896	0.026901367	-5.8278864	0.022283882
65.024	0.027057206	-5.8282086	0.019982721
65.152	0.027024225	-5.8279502	0.022242959
65.28	0.027008354	-5.8282617	0.022262919
65.408	0.026913443	-5.8284045	0.024672325
65.536	0.026793644	-5.8285462	0.021871689
65.664	0.027110164	-5.8290607	0.01867471
65.792	0.026614914	-5.8286883	0.022594944
65.92	0.026986778	-5.8291529	0.020162649
66.048	0.026311122	-5.8282382	0.021578058
66.176	0.026756361	-5.8287619	0.022470165
66.304	0.02593218	-5.8279303	0.021179622
66.432	0.026671069	-5.8288703	0.014756927
66.56	0.026306469	-5.8284115	0.020286397
66.688	0.026621074	-5.8289008	0.02165551
66.816	0.026443163	-5.8287064	0.020123203
66.944	0.026233805	-5.8287542	0.021547447
67.072	0.026414187	-5.8288952	0.020558449
67.2	0.026636034	-5.8289773	0.018769295
67.328	0.026316181	-5.8286091	0.01953395
67.456	0.02599953	-5.8284624	0.018323927
67.584	0.026956368	-5.8292314	0.015998649
67.712	0.026265698	-5.8282715	0.020700243
67.84	0.026600311	-5.8283279	0.018105633
67.968	0.026482938	-5.8281232	0.021784109
68.096	0.026961365	-5.828825	0.018457038
68.224	0.026967727	-5.8286862	0.019807014
68.352	0.026480525	-5.8279025	0.025287616
68.48	0.027259185	-5.8286928	0.019634127
68.608	0.027184577	-5.8282175	0.018686802
68.736	0.026992942	-5.8275608	0.021923544
68.864	0.027721591	-5.8285901	0.016810056
68.992	0.027564877	-5.8282426	0.01717417
69.12	0.027027977	-5.8280175	0.018942519
69.248	0.027713039	-5.8282905	0.018145657
69.376	0.027584312	-5.8277805	0.01770757
69.504	0.027651382	-5.8276994	0.017968679
69.632	0.027342961	-5.8278434	0.02279391
69.76	0.028098692	-5.8285938	0.023275318
69.888	0.027580891	-5.8279631	0.026899624
70.016	0.028123167	-5.8282651	0.022950188
70.144	0.027426647	-5.8276166	0.023232123
70.272	0.027435528	-5.8277422	0.022935922
70.4	0.027618832	-5.827916	0.022521157
70.528	0.027694702	-5.8278724	0.020330682
70.656	0.027455901	-5.8278963	0.018532333
70.784	0.027038944	-5.8279959	0.018914329
70.912	0.02722153	-5.8283331	0.020744514
71.04	0.02728059	-5.8285982	0.023525493
71.168	0.027389481	-5.8286105	0.023034935
71.296	0.027204773	-5.8288214	0.022997793
71.424	0.026762921	-5.828532	0.022823541
71.552	0.02655003	-5.8285878	0.022470756
71.68	0.027221366	-5.8293741	0.018342033
71.808	0.026558549	-5.8288983	0.021679272
71.936	0.026374989	-5.8290948	0.021337828
72.064	0.026773084	-5.829564	0.019854913
72.192	0.02624237	-5.8292562	0.02368184
72.32	0.026566625	-5.8297966	0.018457652
72.448	0.026593122	-5.8298013	0.021116581
72.576	0.026179217	-5.8293647	0.026580514
72.704	0.026673538	-5.8299064	0.021862783
72.832	0.026072997	-5.8292044	0.021805052
72.96	0.026297605	-5.8293708	0.023035815
73.088	0.026228969	-5.8291493	0.023167978
73.216	0.026053075	-5.8288778	0.01856842
73.344	0.026845516	-5.8296102	0.015814844
73.472	0.026051534	-5.8289879	0.02276968
73.6	0.026713914	-5.8296027	0.020868428
73.728	0.026441479	-5.8296393	0.02104764
73.856	0.026495927	-5.8293922	0.021880438
73.984	0.026540136	-5.8293868	0.021149278
74.112	0.026994232	-5.8297524	0.019710219
74.24	0.02721305	-5.8297641	0.021590817
74.368	0.026451788	-5.8288021	0.023290521
74.496	0.027085372	-5.829557	0.022612547
74.624	0.026945386	-5.8292265	0.024873109
74.752	0.026924533	-5.8290442	0.022939957
74.88	0.027130746	-5.8288226	0.022485861
75.008	0.027558556	-5.8291064	0.024410333
75.136	0.027414344	-5.8289635	0.022390191
75.264	0.027604717	-5.8289642	0.021304681
75.392	0.027537104	-5.8288623	0.0244885
75.52	0.027426139	-5.8289056	0.025767653
75.648	0.027610335	-5.8290475	0.02527556
75.776	0.027576635	-5.8287643	0.024300764
75.904	0.027616178	-5.8289507	0.019854082
76.032	0.027685336	-5.8286914	0.020744778
76.16	0.027507328	-5.8284551	0.028230653
76.288	0.027511489	-5.8282052	0.027117204
76.416	0.027813918	-5.8288452	0.021994738
76.544	0.027175921	-5.8284457	0.024156853
76.672	0.02758808	-5.828912	0.023222264
76.8	0.027302672	-5.8291117	0.021521474
76.928	0.027678311	-5.829311	0.021235583
77.056	0.027517515	-5.8294882	0.024028024
77.184	0.026959078	-5.8288102	0.023420141
77.312	0.027219438	-5.8294299	0.024138332
77.44	0.027137962	-5.8294993	0.022274953
77.568	0.027436244	-5.8297754	0.018270442
77.696	0.026662946	-5.8290165	0.018968613
77.824	0.026979141	-5.8295028	0.021794844
77.952	0.02676352	-5.8295121	0.019524257
78.08	0.026741366	-5.8294458	0.018093001
78.208	0.02626764	-5.8294729	0.021934548
78.336	0.026779353	-5.8301006	0.022955372
78.464	0.026174603	-5.8294869	0.020508296
78.592	0.026796454	-5.830212	0.016478695
78.72	0.026826984	-5.8303889	0.018781607
78.848	0.026166475	-5.8297232	0.016465631
78.976	0.026209581	-5.8298244	0.019255718
79.104	0.0265134	-5.8300562	0.02001668
79.232	0.026393581	-5.8299158	0.019272116
79.36	0.026457778	-5.8298319	0.019787183
79.488	0.026750892	-5.8301478	0.017892579
79.616	0.026324482	-5.8292912	0.02063752
79.744	0.026458322	-5.829804	0.022206683
79.872	0.026802505	-5.8298628	0.018629126
80	0.026600187	-5.8296732	0.018829331
80.128	0.026534221	-5.829522	0.021394435
80.256	0.026966303	-5.8297349	0.019561044
80.384	0.026565098	-5.829322	0.020905607
80.512	0.026842637	-5.8293255	0.022903345
80.64	0.02695611	-5.8290693	0.02175051
80.768	0.027028959	-5.8291858	0.017682748
80.896	0.0269343	-5.82893	0.022297263
81.024	0.027192406	-5.8292782	0.021500528
81.152	0.027267925	-5.8294327	0.022431928
81.28	0.026592951	-5.8283834	0.025960024
81.408	0.027509108	-5.8291205	0.021275995
81.536	0.027692965	-5.828831	0.022107229
81.664	0.027470249	-5.8285524	0.022251245
81.792	0.027316611	-5.8286689	0.020370717
81.92	0.027583751	-5.8291129	0.023791863
82.048	0.027634515	-5.8287117	0.02334172
82.176	0.027271779	-5.8286442	0.022728928
82.304	0.027865569	-5.8291684	0.023594925
82.432	0.027796081	-5.8290605	0.023037334
82.56	0.027318007	-5.8286248	0.024133995
82.688	0.027718439	-5.8287757	0.024411496
82.816	0.027718149	-5.8291839	0.022064453
82.944	0.027824064	-5.8293754	0.018206114
83.072	0.027492295	-5.8292585	0.015506692
83.2	0.027130518	-5.8290604	0.020824281
83.328	0.027781961	-5.8300494	0.019571588
83.456	0.027434102	-5.8293959	0.019882293
83.584	0.026809046	-5.8290246	0.025822373
83.712	0.026914825	-5.8293351	0.021971921
83.84	0.02696849	-5.8294709	0.020830353
83.968	0.027094816	-5.8294164	0.02384767
84.096	0.026700162	-5.829613	0.020036934
84.224	0.026827096	-5.8295856	0.020024341
84.352	0.026641139	-5.8295767	0.020178105
84.48	0.026671645	-5.8296418	0.019157249
84.608	0.026619724	-5.8297919	0.018663126
84.736	0.026673658	-5.8299709	0.020180003
84.864	0.026680947	-5.8302721	0.018652668
84.992	0.026253341	-5.8296863	0.020931134
85.12	0.026640225	-5.8304034	0.021870186
85.248	0.026303856	-5.8301201	0.021802058
85.376	0.026348279	-5.8303743	0.019971687
85.504	0.026116757	-5.8302646	0.020764692
85.632	0.026641883	-5.8306975	0.019304683
85.76	0.026521603	-5.8305051	0.01738999
85.888	0.026966808	-5.8309771	0.014840198
86.016	0.026082662	-5.8301811	0.020158531
86.144	0.026597415	-5.8302282	0.02104415
86.272	0.02710007	-5.8308308	0.019257927
86.4	0.026053821	-5.8300348	0.020413581
86.528	0.026966076	-5.8305754	0.021579674
86.656	0.026648862	-5.8297511	0.022635292
86.784	0.026530207	-5.8294293	0.023026187
86.912	0.02664339	-5.8296023	0.0232063
87.04	0.0271926	-5.8300757	0.019751811
87.168	0.027056782	-5.8299711	0.023489499
87.296	0.026778413	-5.8294581	0.02522596
87.424	0.027569569	-5.830067	0.021172019
87.552	0.027404941	-5.8292672	0.020596489
87.68	0.026665653	-5.8285918	0.02502079
87.808	0.027319541	-5.8290231	0.023180661
87.936	0.027582643	-5.8292863	0.024939427
88.064	0.027692736	-5.8294103	0.02820024
88.192	0.027674947	-5.8292151	0.025574946
88.32	0.02746903	-5.8289244	0.026972436
88.448	0.027518138	-5.8284393	0.025743497
88.576	0.027050942	-5.8281796	0.024648681
88.704	0.028006098	-5.8290422	0.023329321
88.832	0.027472755	-5.8287464	0.026099579
88.96	0.027549601	-5.829135	0.025738921
89.088	0.027602576	-5.8294601	0.021036394
89.216	0.027640396	-5.8297308	0.020836764
89.344	0.027167802	-5.8287397	0.025053711
89.472	0.027729064	-5.8296946	0.023104974
89.6	0.027545725	-5.8294893	0.023893493
89.728	0.027706979	-5.8295374	0.023178628
89.856	0.026852702	-5.8289849	0.02423012
89.984	0.027002071	-5.8292101	0.022465044
90.112	0.02683433	-5.82914	0.022249457
90.24	0.02718713	-5.8300695	0.021318215
90.368	0.026607494	-5.8295523	0.022346666
90.496	0.027326092	-5.8302724	0.020953646
90.624	0.026722152	-5.8300011	0.022862747
90.752	0.02680129	-5.8302501	0.022321214
90.88	0.026941629	-5.8304278	0.022371362
91.008	0.026593226	-5.830293	0.018661182
91.136	0.027022356	-5.8304415	0.01810106
91.264	0.026726874	-5.8301576	0.020242943
91.392	0.026142118	-5.8299735	0.023162184
91.52	0.02627849	-5.8302962	0.022882592
91.648	0.027091038	-5.8311896	0.019208925
91.776	0.025626196	-5.8297673	0.023834267
91.904	0.026453701	-5.8307261	0.021701276
92.032	0.026523711	-5.8306712	0.02204001
92.16	0.026168571	-5.830248	0.018493448
92.288	0.026353477	-5.8307192	0.019377151
92.416	0.026437766	-5.8307104	0.019631695
92.544	0.026615205	-5.8306515	0.015678265
92.672	0.02678471	-5.8307113	0.018169726
92.8	0.026813432	-5.8304187	0.02074441
92.928	0.026689748	-5.8302796	0.02096261
93.056	0.027024586	-5.830583	0.021693327
93.184	0.026592067	-5.8297324	0.021059438
93.312	0.027017441	-5.8302068	0.021772641
93.44	0.027077078	-5.8301975	0.020795366
93.568	0.026803416	-5.8299997	0.023210036
93.696	0.027264012	-5.8303938	0.019561119
93.824	0.026757769	-5.829843	0.018401081
93.952	0.027055996	-5.8300971	0.021698686
94.08	0.027641017	-5.8305934	0.022900335
94.208	0.027431592	-5.8304056	0.021493909
94.336	0.026995162	-5.8300195	0.026037149
94.464	0.02719759	-5.8301123	0.028008842
94.592	0.026593834	-5.829281	0.028108994
94.72	0.026992115	-5.8295419	0.026427121
94.848	0.027930859	-5.8305127	0.025713359
94.976	0.027398035	-5.8300471	0.027518121
95.104	0.026864453	-5.82931	0.025428673
95.232	0.027955597	-5.8305725	0.022007558
95.36	0.027068779	-5.8297647	0.02319684
95.488	0.027329237	-5.8302131	0.024726578
95.616	0.027324516	-5.8301101	0.0258091
95.744	0.027195772	-5.829729	0.025049649
95.872	0.027634786	-5.8303462	0.021731842
96	0.027385419	-5.8303844	0.023141845
96.128	0.027214095	-5.8303321	0.02403305
96.256	0.026815587	-5.8301917	0.024303394
96.384	0.026820224	-5.8300203	0.025103114
96.512	0.027116923	-5.8307349	0.025061512
96.64	0.027093252	-5.8307608	0.023322111
96.768	0.026985178	-5.8305834	0.022720084
96.896	0.026894894	-5.8302385	0.02343281
97.024	0.026859171	-5.8304442	0.01994823
97.152	0.026710415	-5.8305743	0.019831645
97.28	0.026872849	-5.830802	0.023396748
97.408	0.026754833	-5.8305441	0.024509587
97.536	0.026862415	-5.8308162	0.022569907
97.664	0.026405085	-5.8307055	0.022868843
97.792	0.027242792	-5.8313104	0.021796352
97.92	0.02655908	-5.8306612	0.02352949
98.048	0.02687626	-5.831022	0.021102544
98.176	0.026269265	-5.8306755	0.024874655
98.304	0.027271531	-5.8318167	0.018229929
98.432	0.026987085	-5.8315879	0.021460337
98.56	0.026579326	-5.8310506	0.023316687
98.688	0.026543945	-5.8306254	0.023816521
98.816	0.026643586	-5.8306493	0.023631681
98.944	0.02696363	-5.8310662	0.020498879
99.072	0.026496788	-5.8304493	0.024693473
99.2	0.026750832	-5.8307482	0.021074054
99.328	0.026782888	-5.8309174	0.021197895
99.456	0.026927346	-5.8309613	0.021195133
99.584	0.026466139	-5.8301165	0.024327287
99.712	0.027182367	-5.8308756	0.023821109
99.84	0.027063167	-5.8305851	0.021615157
99.968	0.027054507	-5.8305691	0.023190853
100.096	0.026916667	-5.8305317	0.024087284
100.224	0.027293713	-5.8305558	0.020985449
100.352	0.02698986	-5.8302114	0.022974825
100.48	0.027605156	-5.8306558	0.018900767
100.608	0.026996882	-5.8300502	0.020943607
100.736	0.027061644	-5.8299825	0.022671941
100.864	0.027163437	-5.8303831	0.022054184
100.992	0.027554038	-5.8307029	0.021688666
101.12	0.027461721	-5.8304874	0.024114222
101.248	0.027320756	-5.8301444	0.024163049
101.376	0.027149918	-5.8302659	0.020908348
101.504	0.027218476	-5.8301828	0.020797428
101.632	0.027342267	-5.8305322	0.022475735
101.76	0.027725348	-5.8306654	0.023224214
101.888	0.026926763	-5.829705	0.025738449
102.016	0.027345241	-5.8302082	0.022306142
102.144	0.027132756	-5.830166	0.024689075
102.272	0.027416801	-5.8306059	0.023849799
102.4	0.027024797	-5.8302981	0.021555999
102.528	0.027120118	-5.8304181	0.020692501
102.656	0.027565956	-5.8309196	0.022693747
102.784	0.026928772	-5.8302847	0.023361278
102.912	0.027337984	-5.8305717	0.020243693
103.04	0.026549508	-5.8301917	0.023637156
103.168	0.027181042	-5.8307017	0.019340014
103.296	0.027103799	-5.8306097	0.01829649
103.424	0.026682122	-5.8304019	0.021117606
103.552	0.026924592	-5.8312589	0.022186358
103.68	0.027172505	-5.831223	0.02262179
103.808	0.026133217	-5.8301963	0.025447362
103.936	0.026601243	-5.8307863	0.02173799
104.064	0.026815172	-5.8311454	0.023467637
104.192	0.026951001	-5.8313007	0.022821691
104.32	0.026860734	-5.8312527	0.018118932
104.448	0.02640312	-5.830625	0.020793126
104.576	0.026661773	-5.8309915	0.025303089
104.704	0.026154543	-5.8309294	0.022942067
104.832	0.02681923	-5.8312469	0.019462143
104.96	0.027009312	-5.8311498	0.021682754
105.088	0.026557912	-5.8306754	0.021945902
105.216	0.027028594	-5.8312567	0.021637313
105.344	0.026574156	-5.8307684	0.022296284
105.472	0.026852496	-5.8310143	0.021941728
105.6	0.026621417	-5.8308108	0.021896771
105.728	0.026826361	-5.830677	0.023003723
105.856	0.026992179	-5.8308544	0.02509433
105.984	0.026841038	-5.8306221	0.02084777
106.112	0.027112062	-5.8309311	0.022124357
106.24	0.027005696	-5.830721	0.024902684
106.368	0.027089218	-5.8307577	0.021619332
106.496	0.027233619	-5.8306855	0.023079687
106.624	0.027117593	-5.8303655	0.025810338
106.752	0.026923028	-5.8303192	0.025116808
106.88	0.027727385	-5.8307737	0.021531533
107.008	0.02747374	-5.8310784	0.019800046
107.136	0.027062224	-5.8303165	0.025997675
107.264	0.026933544	-5.8300004	0.02652065
107.392	0.027605994	-5.8304593	0.023317991
107.52	0.026798798	-5.8298115	0.026240753
107.648	0.02733108	-5.8301793	0.026555012
107.776	0.027441282	-5.8306799	0.025556343
107.904	0.027376116	-5.8304527	0.023174746
108.032	0.027540859	-5.8308002	0.021691282
108.16	0.027495746	-5.8306785	0.024020567
108.288	0.026976014	-5.8302032	0.025268931
108.416	0.027361675	-5.8306522	0.022740279
108.544	0.027589052	-5.8307227	0.021861831
108.672	0.027959747	-5.8312903	0.019756904
108.8	0.02711218	-5.8306998	0.025101675
108.928	0.027076323	-5.8305934	0.022855333
109.056	0.026759397	-5.8306287	0.020107962
109.184	0.027208879	-5.8313399	0.019431202
109.312	0.027148564	-5.831156	0.021390026
109.44	0.027034081	-5.8311983	0.021102419
109.568	0.027119989	-5.8311386	0.020369856
109.696	0.026726033	-5.8307404	0.021809506
109.824	0.026802594	-5.8311016	0.019798085
109.952	0.026928942	-5.831492	0.02170481
110.08	0.026896213	-5.8314596	0.021249565
110.208	0.026667093	-5.8314312	0.018991536
110.336	0.026537508	-5.8309154	0.020013775
110.464	0.026742245	-5.8312007	0.019122283
110.592	0.026604556	-5.83138	0.018966566
110.72	0.026590121	-5.8314431	0.017496806
110.848	0.026306364	-5.8309461	0.021275861
110.976	0.026962526	-5.8316113	0.019709875
111.104	0.026739057	-5.8313599	0.020258745
111.232	0.02648489	-5.8310378	0.021574899
111.36	0.026921557	-5.8314574	0.018388373
111.488	0.026510789	-5.8309822	0.021739671
111.616	0.026955184	-5.8314236	0.021597294
111.744	0.026818216	-5.8312129	0.021766338
111.872	0.027093352	-5.8314294	0.019957327
112	0.026397394	-5.8305467	0.021523334
112.128	0.027236508	-5.8311915	0.020134301
112.256	0.026874122	-5.8314118	0.017576162
112.384	0.026952637	-5.8313354	0.018611021
112.512	0.026731707	-5.8309487	0.019531628
112.64	0.02688453	-5.8312066	0.019183388
112.768	0.0269465	-5.8310059	0.018128927
112.896	0.027108159	-5.8309828	0.019195572
113.024	0.027397333	-5.8311391	0.016954375
113.152	0.027289791	-5.8308879	0.02075665
113.28	0.027027208	-5.8309107	0.020989106
113.408	0.027064293	-5.8309703	0.020903867
113.536	0.027199528	-5.8308941	0.021046781
113.664	0.027343314	-5.8308602	0.017409559
113.792	0.027413126	-5.8308788	0.018977695
113.92	0.027478304	-5.830768	0.017647971
114.048	0.027373906	-5.8308188	0.020560117
114.176	0.027089191	-5.8307042	0.025634619
114.304	0.027577136	-5.8308546	0.021288651
114.432	0.027218301	-5.8306456	0.023610349
114.56	0.026981763	-5.8304371	0.023750111
114.688	0.027541993	-5.8310915	0.018502602
114.816	0.027025397	-5.8305717	0.021299255
114.944	0.026987917	-5.8307949	0.024591622
115.072	0.027237405	-5.831242	0.023570351
115.2	0.026900959	-5.8307613	0.022709043
115.328	0.027148579	-5.8311589	0.020272368
115.456	0.027184495	-5.8312919	0.016171464
115.584	0.02711538	-5.8310655	0.021624613
115.712	0.02718249	-5.8314464	0.021051596
115.84	0.02655986	-5.8307501	0.021177019
115.968	0.027327685	-5.8316428	0.020923996
116.096	0.027377533	-5.8316951	0.017280108
116.224	0.026678658	-5.8309685	0.023641416
116.352	0.026890455	-5.8313163	0.023722703
116.48	0.027137962	-5.8315162	0.018042623
116.608	0.026601787	-5.8313278	0.018086467
116.736	0.026550065	-5.8312135	0.019477246
116.864	0.027182139	-5.8320842	0.017331647
116.992	0.026812977	-5.8315766	0.01807882
117.12	0.026867918	-5.831687	0.017128278
117.248	0.026755152	-5.8317253	0.018544554
117.376	0.026940807	-5.8323622	0.017636404
117.504	0.02678078	-5.8319644	0.018624156
117.632	0.026363619	-5.8316063	0.020246025
117.76	0.026666035	-5.8318862	0.020360646
117.888	0.026663401	-5.8320235	0.019140892
118.016	0.026489109	-5.8316616	0.018337472
118.144	0.026664606	-5.8318469	0.021066958
118.272	0.027019578	-5.8322651	0.01963041
118.4	0.026553461	-5.8317779	0.02126711
118.528	0.026738675	-5.8320258	0.018231766
118.656	0.02670496	-5.8322964	0.018184337
118.784	0.026737117	-5.8318866	0.017776909
118.912	0.026628623	-5.8313529	0.018035637
119.04	0.026711016	-5.8312926	0.018677574
119.168	0.027236467	-5.8321118	0.016784079
119.296	0.026753337	-5.83145	0.017271154
119.424	0.026504925	-5.8307137	0.018174166
119.552	0.026926887	-5.8314547	0.019217217
119.68	0.027390234	-5.8319185	0.016072159
119.808	0.026979673	-5.8315223	0.0190406
119.936	0.027286909	-5.8317983	0.019518431
120.064	0.026721153	-5.8315451	0.020696789
120.192	0.027347492	-5.8319285	0.019216332
120.32	0.027452431	-5.8319182	0.016090023
120.448	0.027174089	-5.8315631	0.021456613
120.576	0.027389037	-5.8317414	0.019778019
120.704	0.027259861	-5.8313893	0.019008406
120.832	0.027064825	-5.8312319	0.020947484
120.96	0.027480758	-5.8313777	0.018576949
121.088	0.027503724	-5.8313607	0.017391591
121.216	0.027056972	-5.8311503	0.020592472
121.344	0.027351857	-5.8314865	0.018571435
121.472	0.026947966	-5.8309654	0.020322527
121.6	0.02752294	-5.8311575	0.020857945
121.728	0.027500489	-5.8311392	0.018901769
121.856	0.027303669	-5.8312124	0.016328816
121.984	0.026974803	-5.8312719	0.018925013
122.112	0.027137496	-5.8314591	0.01905903
122.24	0.027158431	-5.8316983	0.014289027
122.368	0.026799468	-5.8311034	0.017877817
122.496	0.027272885	-5.8316571	0.019517196
122.624	0.026574116	-5.8310274	0.017823708
122.752	0.027068121	-5.8315506	0.016705664
122.88	0.026946034	-5.8317228	0.0170824
123.008	0.026971773	-5.8317342	0.014536415
123.136	0.027342195	-5.8324636	0.015859561
123.264	0.0269048	-5.8321623	0.017463916
123.392	0.027095082	-5.8323566	0.018767713
123.52	0.026791624	-5.8321325	0.01818969
123.648	0.026428212	-5.8314834	0.022239711
123.776	0.026996775	-5.8321214	0.018391533
123.904	0.026845121	-5.8319788	0.014590592
124.032	0.026664404	-5.831575	0.016268278
124.16	0.026607234	-5.8316569	0.0181553
124.288	0.026817771	-5.8318045	0.016568308
124.416	0.026757493	-5.831871	0.016999696
124.544	0.027055113	-5.8321796	0.017623264
124.672	0.026645788	-5.8314393	0.016717192
124.8	0.02635203	-5.8314117	0.018519571
124.928	0.026871412	-5.8318435	0.020604287
125.056	0.026607867	-5.8315586	0.016926329
125.184	0.026675733	-5.8315452	0.016251685
125.312	0.026395412	-5.8314214	0.021418646
125.44	0.0269368	-5.8322056	0.018974644
125.568	0.027334885	-5.8321898	0.0186956
125.696	0.027350973	-5.8327633	0.019506523
125.824	0.026500007	-5.8314108	0.02103172
125.952	0.027159737	-5.8319331	0.019456697
126.08	0.026813753	-5.8315278	0.021356317
126.208	0.027257315	-5.8319974	0.016853777
126.336	0.027072769	-5.8316715	0.016795196
126.464	0.027021058	-5.831681	0.019990609
126.592	0.026980644	-5.8312871	0.018446839
126.72	0.027651181	-5.8320477	0.013471226
126.848	0.027100245	-5.831472	0.019648701
126.976	0.027065189	-5.8313443	0.01792046
127.104	0.02712722	-5.8316644	0.01630122
127.232	0.027396602	-5.8314782	0.012486322
127.36	0.027454109	-5.8313357	0.014425986
127.488	0.027445392	-5.8313453	0.019682762
127.616	0.027734576	-5.8318659	0.016716247
127.744	0.026729941	-5.8306237	0.018948528
127.872	0.027409092	-5.8313012	0.016469581
128	0.026756436	-5.830546	0.022664599
128.128	0.02719782	-5.8309908	0.019102421
128.256	0.027028335	-5.8312164	0.018396059
128.384	0.027214458	-5.8313041	0.020754409
128.512	0.02716691	-5.8314101	0.018350857
128.64	0.027729879	-5.8317598	0.014901236
128.768	0.02671498	-5.8311305	0.019404295
128.896	0.026980735	-5.8315693	0.017508321
129.024	0.027417959	-5.832051	0.01510286
129.152	0.026758156	-5.8312642	0.016012801
129.28	0.026876731	-5.8318188	0.01434218
129.408	0.026912193	-5.831658	0.014047726
129.536	0.026998229	-5.8321086	0.018312812
129.664	0.026974813	-5.8319327	0.019064482
129.792	0.026688653	-5.8321009	0.015999169
129.92	0.027120868	-5.8322318	0.015453856
130.048	0.026486307	-5.8314152	0.015670576
130.176	0.027060732	-5.8318463	0.015499963
130.304	0.026788343	-5.8318304	0.018460237
130.432	0.026648558	-5.8317205	0.016547751
130.56	0.027052014	-5.8323272	0.015430486
130.688	0.026707993	-5.8315555	0.019694824
130.816	0.026603509	-5.8317213	0.019104768
130.944	0.027173374	-5.8322993	0.018301148
131.072	0.026708989	-5.8318924	0.018288333
131.2	0.02673694	-5.832009	0.01865647
131.328	0.026808065	-5.8322069	0.020418466
131.456	0.027084863	-5.8323099	0.020335286
131.584	0.026900389	-5.8318309	0.018418635
131.712	0.026530158	-5.8313762	0.019343167
131.84	0.027144303	-5.8318889	0.01644292
131.968	0.026190899	-5.8309464	0.019567864
132.096	0.027313576	-5.8321091	0.015624061
132.224	0.02729227	-5.8320177	0.016162776
132.352	0.026861923	-5.831659	0.019675532
132.48	0.026574519	-5.8315064	0.020337904
132.608	0.02715073	-5.8318324	0.017466002
132.736	0.026997763	-5.8316754	0.014437518
132.864	0.027116505	-5.8318569	0.015383342
132.992	0.026938572	-5.8318664	0.019213465
133.12	0.027306152	-5.8318929	0.01667951
133.248	0.026854613	-5.8313519	0.017509133
133.376	0.02709436	-5.8311802	0.016367299
133.504	0.026924232	-5.8310985	0.018565053
133.632	0.02741226	-5.8315168	0.016510958
133.76	0.026773675	-5.8308543	0.018610866
133.888	0.027331005	-5.8316333	0.015649325
134.016	0.027072633	-5.8308398	0.016759701
134.144	0.027373797	-5.830954	0.017298755
134.272	0.027548484	-5.8312579	0.017906369
134.4	0.027134871	-5.8310558	0.020483716
134.528	0.027093464	-5.8313722	0.019709273
134.656	0.027140712	-5.8314148	0.01467261
134.784	0.027514773	-5.8317881	0.017365162
134.912	0.027380983	-5.8317551	0.019487053
135.04	0.02714689	-5.8312689	0.017644166
135.168	0.027322917	-5.8318037	0.017845453
135.296	0.026951449	-5.8315084	0.02147401
135.424	0.026865187	-5.8314236	0.017789317
135.552	0.02686442	-5.8312233	0.017742042
135.68	0.027158741	-5.8316185	0.020679073
135.808	0.026773301	-5.8314838	0.021423677
135.936	0.027137664	-5.8317499	0.018581892
136.064	0.026906763	-5.8317403	0.016605784
136.192	0.026315117	-5.8311712	0.017504859
136.32	0.026652746	-5.8318485	0.017703754
136.448	0.026517713	-5.8316396	0.019418826
136.576	0.027280559	-5.8325916	0.016141694
136.704	0.026662065	-5.8318285	0.018041521
136.832	0.026865376	-5.8321137	0.018392174
136.96	0.027039621	-5.8321717	0.014909072
137.088	0.026447809	-5.8317751	0.014128047
137.216	0.026766475	-5.8319271	0.012095366
137.344	0.026470207	-5.8317443	0.014502696
137.472	0.026760872	-5.8317657	0.015264535
137.6	0.026609683	-5.8317921	0.015993294
137.728	0.026841088	-5.8319411	0.016061744
137.856	0.027109204	-5.8323261	0.016254615
137.984	0.027161656	-5.8321996	0.01433529
138.112	0.026117383	-5.8309675	0.015912172
138.24	0.026205182	-5.8308342	0.015880511
138.368	0.027032535	-5.831848	0.013186147
138.496	0.027073758	-5.8320413	0.016659092
138.624	0.026809746	-5.8318401	0.015381991
138.752	0.026968605	-5.8315406	0.014855684
138.88	0.026960087	-5.8315589	0.017374828
139.008	0.026851015	-5.8312475	0.017720357
139.136	0.027155743	-5.8311819	0.014321022
139.264	0.027062834	-5.8312799	0.018442952
139.392	0.027352578	-5.8313787	0.018269692
139.52	0.02708986	-5.8308157	0.021013291
139.648	0.027188107	-5.8312357	0.019352069
139.776	0.027378899	-5.8313598	0.018603801
139.904	0.026927367	-5.8310609	0.021002555
140.032	0.0277907	-5.8318633	0.016667063
140.16	0.027251461	-5.8310391	0.020318208
140.288	0.027338454	-5.8311687	0.021845813
140.416	0.027669953	-5.8315913	0.019102856
140.544	0.027117207	-5.8309951	0.019589718
140.672	0.027305039	-5.831303	0.019841503
140.8	0.02727489	-5.8315291	0.019611085
140.928	0.027057965	-5.8314196	0.019613176
141.056	0.027048826	-5.8313084	0.01750271
141.184	0.027388427	-5.8318249	0.018172915
141.312	0.026631993	-5.8310508	0.018943812
141.44	0.027002674	-5.8314254	0.016886055
141.568	0.027323508	-5.831828	0.014644486
141.696	0.026985992	-5.8315978	0.015035894
141.824	0.02694097	-5.8319149	0.015624554
141.952	0.026752702	-5.8314598	0.016146316
142.08	0.027066133	-5.8318897	0.014732321
142.208	0.027287364	-5.8322161	0.013478093
142.336	0.02689509	-5.8314219	0.017613468
142.464	0.026743319	-5.83187	0.017815434
142.592	0.026431047	-5.8317967	0.018689338
142.72	0.026952778	-5.8320765	0.018501509
142.848	0.02730995	-5.8326446	0.015340785
142.976	0.026878563	-5.8318299	0.016206206
143.104	0.026705836	-5.8315725	0.017057248
143.232	0.027047541	-5.8320871	0.016718175
143.36	0.026366869	-5.8314665	0.020531883
143.488	0.026881273	-5.8320164	0.016531037
143.616	0.026850588	-5.8319426	0.016246094
143.744	0.026383335	-5.8313663	0.017320422
143.872	0.026612626	-5.8314022	0.016411743
144	0.027045626	-5.831959	0.016611569
144.128	0.026830941	-5.8321131	0.015622552
144.256	0.026487037	-5.8313032	0.012935648
144.384	0.026633303	-5.8316557	0.017541291
144.512	0.026785401	-5.8320586	0.017339626
144.64	0.026922654	-5.83222	0.014568383
144.768	0.026632762	-5.8315345	0.015429191
144.896	0.026872933	-5.8317087	0.017673329
145.024	0.027002232	-5.8318188	0.016694566
145.152	0.027100642	-5.8318554	0.015069751
145.28	0.027651729	-5.8321128	0.016264591
145.408	0.026922661	-5.8313845	0.016345539
145.536	0.026985548	-5.8317956	0.018189243
145.664	0.026906037	-5.8313933	0.021801829
145.792	0.027282365	-5.8316816	0.017141314
145.92	0.02722596	-5.831282	0.015667468
146.048	0.026993738	-5.831028	0.018515275
146.176	0.027412207	-5.8314699	0.020403599
146.304	0.026890008	-5.8307442	0.022363967
146.432	0.027547173	-5.8315999	0.01838193
146.56	0.026845442	-5.8307796	0.018828693
146.688	0.027430271	-5.8315882	0.015255731
146.816	0.027462947	-5.8315916	0.017257456
146.944	0.027450909	-5.831535	0.018360762
147.072	0.027134398	-5.8310928	0.019320914
147.2	0.027324286	-5.8316143	0.016750706
147.328	0.027209331	-5.831062	0.017944965
147.456	0.02704938	-5.8311972	0.021660197
147.584	0.027173506	-5.831433	0.019248536
147.712	0.027174018	-5.8314841	0.021124083
147.84	0.027205221	-5.8320127	0.017946595
147.968	0.026912639	-5.8318616	0.017840603
148.096	0.026804995	-5.8317234	0.022795549
148.224	0.027054017	-5.8316531	0.019705889
148.352	0.026788508	-5.8315809	0.018166744
148.48	0.027105435	-5.8318064	0.019249983
148.608	0.026825854	-5.8317429	0.01877299
148.736	0.027018476	-5.8318089	0.015121442
148.864	0.027123683	-5.8318605	0.015678015
148.992	0.026520597	-5.8311083	0.018548857
149.12	0.02703545	-5.8317962	0.016075114
149.248	0.026417778	-5.8311887	0.014874678
149.376	0.026993665	-5.8320958	0.015877315
149.504	0.026756253	-5.8317994	0.017326853
149.632	0.026818306	-5.8317388	0.013269077
149.76	0.026723773	-5.8319661	0.013708485
149.888	0.02663954	-5.8316198	0.01822857
150.016	0.026723294	-5.8321073	0.016649264
150.144	0.026256827	-5.831811	0.014758313
150.272	0.026731353	-5.8321015	0.012068093
150.4	0.026604991	-5.8319084	0.018168275
150.528	0.026856923	-5.8319384	0.015232425
150.656	0.026812517	-5.8317589	0.015058159
150.784	0.027190195	-5.8323837	0.016891991
150.912	0.026799646	-5.8318782	0.019742397
151.04	0.026858907	-5.8318664	0.018897426
151.168	0.027067047	-5.83212	0.015929539
151.296	0.027067427	-5.8318253	0.016444174
151.424	0.027135321	-5.8320903	0.016308121
151.552	0.026820426	-5.8314526	0.018096866
151.68	0.027151221	-5.8317362	0.017285138
151.808	0.027182121	-5.8316924	0.016947
151.936	0.027035426	-5.8316552	0.0186976
152.064	0.027106855	-5.831594	0.018513323
152.192	0.027338235	-5.8318257	0.017249593
152.32	0.027098411	-5.8312897	0.021335682
152.448	0.027046266	-5.830921	0.02371276
152.576	0.027255766	-5.8313537	0.020819015
152.704	0.027613402	-5.8319396	0.018078354
152.832	0.027001946	-5.8314968	0.021686014
152.96	0.02785911	-5.8319691	0.017051523
153.088	0.027073374	-5.8311659	0.020343754
153.216	0.027498738	-5.8316666	0.02001603
153.344	0.027372026	-5.8316211	0.017780398
153.472	0.027167362	-5.8314365	0.017391753
153.6	0.026554989	-5.831015	0.018744784
153.728	0.027650662	-5.8321225	0.017607429
153.856	0.026800269	-5.8312737	0.019416222
153.984	0.027088008	-5.831743	0.023012319
154.112	0.027319788	-5.8316326	0.020524714
154.24	0.026745538	-5.8311768	0.017270681
154.368	0.027101707	-5.8319067	0.015635479
154.496	0.026335725	-5.8313699	0.019501047
154.624	0.027444106	-5.8324572	0.014180089
154.752	0.02668752	-5.8316402	0.015616359
154.88	0.026529259	-5.8316982	0.016053791
155.008	0.027065805	-5.8321783	0.012971222
155.136	0.02675135	-5.8318133	0.018052344
155.264	0.026805076	-5.8317689	0.016159761
155.392	0.02698785	-5.8321771	0.016987396
155.52	0.026550801	-5.8316828	0.0201858
155.648	0.026760555	-5.8318209	0.018566377
155.776	0.027111137	-5.8323835	0.014668192
155.904	0.0264224	-5.8314965	0.021224972
156.032	0.026557273	-5.831913	0.019897777
156.16	0.026972588	-5.8323391	0.017656393
156.288	0.026924117	-5.832019	0.016254724
156.416	0.026431646	-5.8314247	0.016373977
156.544	0.026520431	-5.8314668	0.016711594
156.672	0.026496969	-5.8314396	0.01649623
156.8	0.027090588	-5.8320088	0.012196061
156.928	0.026702776	-5.8315368	0.016787623
157.056	0.026650488	-5.8317456	0.019600667
157.184	0.027300674	-5.8322297	0.019475289
157.312	0.026944301	-5.8318768	0.015294799
157.44	0.026868071	-5.831773	0.012743864
157.568	0.026726805	-5.8312249	0.018715744
157.696	0.027211308	-5.8320377	0.016164085
157.824	0.026882909	-5.8314275	0.017411096
157.952	0.027191396	-5.8319654	0.018349821
158.08	0.027536272	-5.831986	0.017743362
158.208	0.026424611	-5.8305369	0.019174868
158.336	0.027074286	-5.831244	0.016290082
158.464	0.027116313	-5.8316109	0.019123179
158.592	0.027415157	-5.8316923	0.02034265
158.72	0.027334296	-5.8316828	0.019152152
158.848	0.02703151	-5.8310282	0.018445241
158.976	0.027332754	-5.8314046	0.017341291
159.104	0.027289189	-5.8313355	0.017172935
159.232	0.027072451	-5.8314302	0.020069426
159.36	0.027624206	-5.8319386	0.020948924
159.488	0.02750296	-5.8319252	0.019172139
159.616	0.027446467	-5.8319672	0.02046013
159.744	0.027031845	-5.8313745	0.020160385
159.872	0.027419952	-5.831751	0.016429966
160	0.026851989	-5.8312299	0.020512321
160.128	0.026789805	-5.8311943	0.020174407
160.256	0.027044031	-5.8313461	0.019678174
160.384	0.027130819	-5.8316923	0.019322874
160.512	0.02712764	-5.8317513	0.018153211
160.64	0.026734117	-5.8314163	0.018893253
160.768	0.027013853	-5.8315071	0.015593225
160.896	0.027245493	-5.8319906	0.016833559
161.024	0.026875789	-5.8318389	0.017279549
161.152	0.026738501	-5.8319546	0.017888893
161.28	0.026873148	-5.8321885	0.015691252
161.408	0.026545674	-5.8317485	0.014798652
161.536	0.02696575	-5.8321706	0.015715739
161.664	0.026814394	-5.8317222	0.016216338
161.792	0.026693303	-5.8319025	0.014983026
161.92	0.027071761	-5.8321286	0.013031966
162.048	0.026471524	-5.8314338	0.01536239
162.176	0.026655637	-5.8317356	0.015363594
162.304	0.026772795	-5.8316779	0.018437367
162.432	0.026646392	-5.8318585	0.019151046
162.56	0.02651875	-5.8318227	0.018805747
162.688	0.026670216	-5.8318018	0.01753202
162.816	0.026739441	-5.8322089	0.015615869
162.944	0.027029052	-5.8321647	0.016762583
163.072	0.026967772	-5.8320236	0.01809325
163.2	0.026895478	-5.8316206	0.017650165
163.328	0.026771849	-5.8314539	0.017370224
163.456	0.027312958	-5.8321	0.015215483
163.584	0.026791129	-5.8318987	0.017832095
163.712	0.027401457	-5.8323215	0.014989504
163.84	0.026819196	-5.8315326	0.019565915
163.968	0.026933158	-5.8317021	0.018783648
164.096	0.02673034	-5.8316744	0.017203482
164.224	0.02698288	-5.8316283	0.017096628
164.352	0.027009257	-5.8315476	0.020130371
164.48	0.027492377	-5.8322192	0.018840495
164.608	0.026864871	-5.8315353	0.020719141
164.736	0.027456026	-5.8319046	0.017254989
164.864	0.0273437	-5.8316924	0.016044586
164.992	0.026945505	-5.8313241	0.018320562
165.12	0.027067272	-5.8313017	0.01861369
165.248	0.027624644	-5.8315182	0.013305429
165.376	0.027525072	-5.8314756	0.014616057
165.504	0.027147471	-5.831183	0.01671875
165.632	0.027345364	-5.831513	0.020128326
165.76	0.027174899	-5.831275	0.01978195
165.888	0.026895686	-5.831188	0.016444303
166.016	0.027597722	-5.8320222	0.016409448
166.144	0.027359408	-5.8320182	0.020016845
166.272	0.027102574	-5.831341	0.019062957
166.4	0.027059731	-5.831601	0.01777034
166.528	0.027244744	-5.8316744	0.020237771
166.656	0.027268729	-5.8314849	0.019169182
166.784	0.027220333	-5.8317427	0.017227303
166.912	0.026947599	-5.8315275	0.017787174
167.04	0.026994088	-5.8316269	0.018141825
167.168	0.026443056	-5.8312669	0.017588782
167.296	0.026913863	-5.8321556	0.017183886
167.424	0.027154162	-5.8321552	0.019477939
167.552	0.027359104	-5.8323143	0.017255624
167.68	0.026672868	-5.831535	0.013538855
167.808	0.026367931	-5.8313409	0.016710101
167.936	0.026859401	-5.8318521	0.020342168
168.064	0.026232447	-5.831694	0.021114488
168.192	0.026897886	-5.8319897	0.017272585
168.32	0.026513916	-5.8317719	0.015477896
168.448	0.026963976	-5.8322638	0.014899371
168.576	0.027021671	-5.8323006	0.014444127
168.704	0.026365125	-5.8315265	0.015238241
168.832	0.026748424	-5.8320871	0.017069206
168.96	0.026969626	-5.8319321	0.015467356
169.088	0.02671038	-5.8317364	0.016970617
169.216	0.026845976	-5.8319311	0.021722296
169.344	0.026042696	-5.8311649	0.022132608
169.472	0.026966055	-5.831761	0.013933288
169.6	0.02696753	-5.8322661	0.014678866
169.728	0.027136866	-5.8321252	0.01761814
169.856	0.02702346	-5.831411	0.017459738
169.984	0.027211103	-5.8317034	0.015348265
170.112	0.026628896	-5.831075	0.019646009
170.24	0.026982988	-5.8312845	0.019089256
170.368	0.027039512	-5.8316583	0.018371341
170.496	0.027459959	-5.8320868	0.015898842
170.624	0.027207362	-5.8315961	0.017028547
170.752	0.026744076	-5.8310036	0.021500559
170.88	0.027615422	-5.8319119	0.016265907
171.008	0.026959742	-5.830822	0.020149259
171.136	0.027536238	-5.8317496	0.019827429
171.264	0.026788969	-5.8309514	0.019655232
171.392	0.02733575	-5.8314918	0.017649856
171.52	0.027564767	-5.8316588	0.015528542
171.648	0.027250663	-5.8315088	0.016421765
171.776	0.027266753	-5.8314173	0.018394545
171.904	0.027648337	-5.8318674	0.01566458
172.032	0.026739736	-5.830727	0.023401755
172.16	0.027033414	-5.8314081	0.020284632
172.288	0.027248529	-5.8316613	0.017989042
172.416	0.027649178	-5.8318339	0.017580131
172.544	0.026924849	-5.8311929	0.0175229
172.672	0.026801705	-5.8313782	0.018340851
172.8	0.027172632	-5.831919	0.018604321
172.928	0.027018825	-5.8316931	0.015046947
173.056	0.027174041	-5.831563	0.014797958
173.184	0.026916879	-5.8312885	0.020454371
173.312	0.02700565	-5.831972	0.018573202
173.44	0.026665332	-5.8314089	0.014224284
173.568	0.026837469	-5.8319197	0.013930266
173.696	0.026555468	-5.8315205	0.018760548
173.824	0.026907565	-5.8321595	0.018525985
173.952	0.026650717	-5.8317069	0.01775791
174.08	0.026620022	-5.83154	0.018360514
174.208	0.026901139	-5.8319059	0.015451825
174.336	0.026396342	-5.8318687	0.019432081
174.464	0.026568814	-5.8319946	0.019348458
174.592	0.026860504	-5.8321923	0.013047971
174.72	0.026548087	-5.8319863	0.012370609
174.848	0.026697359	-5.832065	0.013483873
174.976	0.026820703	-5.8319716	0.01585931
175.104	0.026582577	-5.8316873	0.016978341
175.232	0.027427993	-5.8322388	0.015232782
175.36	0.026598499	-5.8314721	0.014038636
175.488	0.026730783	-5.8318094	0.013068226
175.616	0.026693683	-5.8319325	0.016379588
175.744	0.02635169	-5.8311854	0.014784337
175.872	0.026889715	-5.8320722	0.01502859
176	0.027166752	-5.8321731	0.017818965
176.128	0.026694899	-5.8316012	0.019315904
176.256	0.02739074	-5.8319919	0.018128255
176.384	0.027234503	-5.8319239	0.018279493
176.512	0.026844051	-5.831459	0.019337968
176.64	0.027158457	-5.8316036	0.018338078
176.768	0.027319604	-5.8315906	0.013276951
176.896	0.027170939	-5.8313255	0.016633306
177.024	0.027521116	-5.8320919	0.016103413
177.152	0.027189679	-5.831453	0.014339342
177.28	0.027007421	-5.8313579	0.015360974
177.408	0.02716657	-5.8312482	0.016977733
177.536	0.027841377	-5.8318725	0.014867924
177.664	0.026846875	-5.8310821	0.015427759
177.792	0.027507989	-5.8316225	0.016891818
177.92	0.027029892	-5.8311442	0.019924888
178.048	0.027744642	-5.8317662	0.017184407
178.176	0.027207629	-5.831394	0.020940907
178.304	0.027458215	-5.8314302	0.01756295
178.432	0.027136737	-5.831219	0.016676441
178.56	0.027127644	-5.8315046	0.018884644
178.688	0.027399715	-5.831253	0.017917495
178.816	0.02697154	-5.8310876	0.016370201
178.944	0.027363476	-5.8318582	0.013740781
179.072	0.027170052	-5.8319955	0.012753855
179.2	0.026817497	-5.8313329	0.015501411
179.328	0.026892061	-5.831484	0.019189237
179.456	0.027280991	-5.8318104	0.017363171
179.584	0.027043503	-5.8318122	0.015228468
179.712	0.026177516	-5.8311031	0.022439733
179.84	0.027214968	-5.8323494	0.016609465
179.968	0.027131428	-5.8324894	0.016161899
180.096	0.026551392	-5.8319873	0.01679774
180.224	0.027232482	-5.8326644	0.012411976
180.352	0.02643231	-5.8317024	0.01588239
180.48	0.026499139	-5.8321791	0.015538007
180.608	0.026891279	-5.832468	0.014363622
180.736	0.026693514	-5.8320669	0.014360091
180.864	0.027154532	-5.8325042	0.014001222
180.992	0.026335779	-5.8317738	0.017884139
181.12	0.026418113	-5.831361	0.014829694
181.248	0.027047755	-5.832239	0.014696957
181.376	0.026414598	-5.8317754	0.019617933
181.504	0.026887051	-5.8322411	0.017726358
181.632	0.026324624	-5.8314737	0.021006487
181.76	0.026953712	-5.8320735	0.018413654
181.888	0.027189646	-5.8322611	0.016306034
182.016	0.026728936	-5.831708	0.016509959
182.144	0.027107006	-5.8321263	0.014610235
182.272	0.026830642	-5.8317594	0.01691378
182.4	0.026793488	-5.8311742	0.015232278
182.528	0.026818258	-5.8315403	0.017586853
182.656	0.027355805	-5.8320329	0.015170661
182.784	0.027292775	-5.8319284	0.016824535
182.912	0.027310021	-5.8320687	0.016039866
183.04	0.02687705	-5.8314181	0.017216888
183.168	0.027255328	-5.831721	0.01934262
183.296	0.027028099	-5.8317872	0.01817387
183.424	0.02713214	-5.8312814	0.015793395
183.552	0.027350851	-5.831381	0.014764301
183.68	0.026637313	-5.83061	0.019019205
183.808	0.027323326	-5.8312954	0.018048251
183.936	0.027960607	-5.8321757	0.017303802
184.064	0.027315327	-5.8312846	0.018729697
184.192	0.027228458	-5.8313439	0.019612871
184.32	0.02777744	-5.8318603	0.01796152
184.448	0.026803462	-5.8309654	0.017610975
184.576	0.027149501	-5.8314592	0.021670256
184.704	0.027695739	-5.8320892	0.021238185
184.832	0.027147258	-5.8311303	0.019728242
184.96	0.027212518	-5.8313509	0.01631784
185.088	0.026866229	-5.8309533	0.017847225
185.216	0.027267686	-5.8314337	0.015447841
185.344	0.027457707	-5.8320308	0.014039668
185.472	0.026957842	-5.8319283	0.016492613
185.6	0.026843811	-5.8317199	0.017805064
185.728	0.026636212	-5.8312875	0.017534746
185.856	0.026645843	-5.8316381	0.01509751
185.984	0.027059908	-5.8319939	0.016184685
186.112	0.027044727	-5.8321147	0.017813463
186.24	0.026298881	-5.8311781	0.015055726
186.368	0.026830107	-5.831583	0.014514542
186.496	0.027025309	-5.83183	0.017383246
186.624	0.026562109	-5.8317323	0.013254945
186.752	0.0270235	-5.8324898	0.011525385
186.88	0.026423965	-5.8317548	0.017827438
187.008	0.026756197	-5.8320625	0.019150697
187.136	0.026543075	-5.8320733	0.017167229
187.264	0.027377897	-5.8329883	0.011093053
187.392	0.026596182	-5.8321823	0.014065093
187.52	0.026605381	-5.831919	0.014448729
187.648	0.026620405	-5.8315456	0.018156826
187.776	0.026571397	-5.8318837	0.015844887
187.904	0.026633188	-5.8319353	0.017874496
188.032	0.026770207	-5.8318136	0.016421711
188.16	0.026541735	-5.8315899	0.016968593
188.288	0.027085726	-5.8320396	0.016694096
188.416	0.026775558	-5.8316485	0.018128231
188.544	0.027103871	-5.8319211	0.015753004
188.672	0.02699994	-5.8314232	0.01738549
188.8	0.027281247	-5.8317469	0.019625044
188.928	0.026978754	-5.8315205	0.0176706
189.056	0.026890017	-5.8314082	0.015017045
189.184	0.027177077	-5.8317111	0.017950322
189.312	0.027045939	-5.8312268	0.017986509
189.44	0.027142441	-5.8312662	0.017056497
189.568	0.027473611	-5.8316591	0.017168797
189.696	0.027381454	-5.8314505	0.018547664
189.824	0.026883085	-5.8309683	0.021034336
189.952	0.027323463	-5.8315179	0.01798114
190.08	0.027350928	-5.8315048	0.016781011
190.208	0.026957853	-5.8311346	0.016357932
190.336	0.027350148	-5.8316115	0.015041694
190.464	0.027676206	-5.8318001	0.01515878
190.592	0.026922822	-5.8311064	0.023426741
190.72	0.027497553	-5.8317073	0.019110016
190.848	0.027063788	-5.8312808	0.019092176
190.976	0.027204523	-5.8313721	0.018524084
191.104	0.026853697	-5.8311627	0.018312393
191.232	0.027250039	-5.8317096	0.016775122
191.36	0.027253015	-5.83175	0.01456686
191.488	0.026958639	-5.8318079	0.017804531
191.616	0.027038997	-5.8318673	0.018478823
191.744	0.02699867	-5.8316724	0.015431064
191.872	0.027045649	-5.8316976	0.018869787
192	0.027230372	-5.8320621	0.020141302
192.128	0.026713965	-5.831366	0.020401501
192.256	0.027189656	-5.8317862	0.015434068
192.384	0.026740549	-5.8318597	0.016363172
192.512	0.026887605	-5.8323207	0.015595688
192.64	0.026295678	-5.8316045	0.015437699
192.768	0.026273257	-5.8316846	0.016555903
192.896	0.02640194	-5.8318832	0.015906205
193.024	0.026887596	-5.8323717	0.01421884
193.152	0.026847988	-5.8321195	0.017406372
193.28	0.026756423	-5.8316783	0.015827796
193.408	0.026628484	-5.8314565	0.015359533
193.536	0.026939998	-5.8322987	0.017281158
193.664	0.026467766	-5.8312007	0.018833034
193.792	0.026762938	-5.8316823	0.014487042
193.92	0.026627112	-5.8314576	0.017436604
194.048	0.027168237	-5.8323205	0.016888364
194.176	0.026559246	-5.8317918	0.016211477
194.304	0.027031969	-5.8322492	0.01599331
194.432	0.02691811	-5.8319064	0.017473183
194.56	0.026858729	-5.8315893	0.019867378
194.688	0.026698842	-5.8316792	0.018076585
194.816	0.027455688	-5.8322063	0.015786511
194.944	0.026606119	-5.8313194	0.019949415
195.072	0.02705335	-5.8316316	0.018867819
195.2	0.027266838	-5.8316655	0.017562426
195.328	0.027149352	-5.8313894	0.015147729
195.456	0.02742301	-5.8317064	0.01590464
195.584	0.027319086	-5.8315023	0.017073632
195.712	0.027013635	-5.8312636	0.020569839
195.84	0.027002774	-5.8314152	0.021028906
195.968	0.027562429	-5.8318052	0.018406137
196.096	0.026916217	-5.8311299	0.018496431
196.224	0.026982821	-5.8311447	0.020054312
196.352	0.027155283	-5.8310053	0.021821749
196.48	0.027593777	-5.8315907	0.016394894
196.608	0.027752024	-5.8319643	0.01843544
196.736	0.026803774	-5.8308549	0.021347959
196.864	0.027404613	-5.831454	0.017028292
196.992	0.02723758	-5.8317124	0.017434531
197.12	0.026828711	-5.8313233	0.01844386
197.248	0.02737163	-5.8317347	0.020053784
197.376	0.027405483	-5.8318195	0.016928713
197.504	0.026998919	-5.8312009	0.013837008
197.632	0.026966165	-5.8313252	0.016256588
197.76	0.026858585	-5.8314946	0.018635615
197.888	0.026866732	-5.8314156	0.01765237
198.016	0.027221949	-5.8321193	0.015413171
198.144	0.02705524	-5.8318164	0.01374085
198.272	0.02678627	-5.8316723	0.014937792
198.4	0.027137877	-5.8320784	0.014915463
198.528	0.026925769	-5.8320598	0.018552818
198.656	0.026491204	-5.8317093	0.021807626
198.784	0.026701055	-5.8317054	0.01738158
198.912	0.026512117	-5.8317031	0.017543206
199.04	0.026805214	-5.8319623	0.016254484
199.168	0.027366907	-5.832634	0.014416212
199.296	0.026556831	-5.8314703	0.018058599
199.424	0.026769716	-5.8318663	0.018906243
199.552	0.026325191	-5.8313311	0.020158112
199.68	0.02641073	-5.8314357	0.018970791
199.808	0.026512655	-5.8314822	0.018460564
199.936	0.027020773	-5.8320536	0.017005578
200.064	0.026885554	-5.8320847	0.01904994
200.192	0.026641481	-5.8314614	0.017003826
200.32	0.026882315	-5.8319396	0.018520884
200.448	0.026961351	-5.831702	0.019456704
200.576	0.027075836	-5.831815	0.016492377
200.704	0.026844323	-5.8316951	0.016168611
200.832	0.026919687	-5.831274	0.018372418
200.96	0.027206698	-5.8320392	0.018158948
201.088	0.026949485	-5.831902	0.020774141
201.216	0.026702034	-5.8316753	0.019854266
201.344	0.026885607	-5.831458	0.015306109
201.472	0.026931383	-5.8311621	0.017927171
201.6	0.02696653	-5.831384	0.016860443
201.728	0.027592229	-5.8318634	0.014019761
201.856	0.026966067	-5.8312574	0.019221593
201.984	0.027787213	-5.8316353	0.018137807
202.112	0.026807037	-5.8311178	0.020316194
202.24	0.02737342	-5.8316795	0.019913625
202.368	0.027228974	-5.8312726	0.017913198
202.496	0.026806499	-5.8308086	0.020898334
202.624	0.027412086	-5.8312817	0.016114136
202.752	0.027273931	-5.831473	0.018216805
202.88	0.027677989	-5.8320171	0.022236016
203.008	0.026907187	-5.8309476	0.017405058
203.136	0.027414355	-5.8317562	0.014092621
203.264	0.027552952	-5.8318855	0.018135127
203.392	0.02690505	-5.8310376	0.019355805
203.52	0.02709011	-5.8311463	0.021955194
203.648	0.027251895	-5.8313046	0.018819304
203.776	0.027287317	-5.8312936	0.015223145
203.904	0.027178336	-5.8314762	0.01757996
204.032	0.026917814	-5.8315423	0.016340309
204.16	0.027391196	-5.8320511	0.015652305
204.288	0.027341628	-5.8320758	0.016229109
204.416	0.027244764	-5.8318544	0.016257407
204.544	0.026292593	-5.8311193	0.021503724
204.672	0.027131448	-5.8320533	0.017741663
204.8	0.026705147	-5.8320403	0.020351943
204.928	0.026766228	-5.8320679	0.020813567
205.056	0.026742773	-5.8318502	0.018532998
205.184	0.026679329	-5.8317732	0.017443843
205.312	0.026882561	-5.8318792	0.017691497
205.44	0.026962375	-5.8319439	0.018959068
205.568	0.026814797	-5.8318626	0.021202756
205.696	0.026766386	-5.8320427	0.017835481
205.824	0.02670064	-5.8320499	0.015951586
205.952	0.026451602	-5.8319804	0.020308657
206.08	0.026465658	-5.8321998	0.020873067
206.208	0.026298713	-5.8317611	0.020722216
206.336	0.026909828	-5.8320836	0.019450936
206.464	0.026688295	-5.8317309	0.020397196
206.592	0.027148444	-5.8322182	0.018137476
206.72	0.026880591	-5.8319407	0.01748878
206.848	0.026722441	-5.8315189	0.016463931
206.976	0.026711675	-5.8319058	0.016258231
207.104	0.026738636	-5.8317229	0.017296185
207.232	0.026934624	-5.8318128	0.017077613
207.36	0.027122602	-5.8319378	0.014638766
207.488	0.027094671	-5.8318225	0.018459116
207.616	0.0271473	-5.8319496	0.02123422
207.744	0.027112149	-5.8318334	0.017425008
207.872	0.026693055	-5.8312177	0.020634671
208	0.027401627	-5.8317464	0.019702836
208.128	0.026774721	-5.8309891	0.019194234
208.256	0.026813381	-5.8313822	0.019829532
208.384	0.027649785	-5.8320841	0.01824024
208.512	0.027045561	-5.8311711	0.019090368
208.64	0.02759653	-5.8318468	0.014566672
208.768	0.027322988	-5.8316692	0.016808685
208.896	0.027249084	-5.8316452	0.019253535
209.024	0.027133203	-5.8314428	0.018611386
209.152	0.026993996	-5.8311419	0.021033291
209.28	0.02733821	-5.831291	0.019228927
209.408	0.027167163	-5.8312867	0.024366693
209.536	0.027783411	-5.831862	0.019954578
209.664	0.027159307	-5.8316956	0.018641664
209.792	0.027583311	-5.8320991	0.018600835
209.92	0.026722034	-5.8312226	0.019524385
210.048	0.026988021	-5.8315624	0.020487833
210.176	0.02705947	-5.8312938	0.019139797
210.304	0.027427618	-5.8319372	0.01803287
210.432	0.026950847	-5.8315265	0.0212879
210.56	0.026711534	-5.8312656	0.018802639
210.688	0.026737279	-5.8314957	0.018233478
210.816	0.027294189	-5.832291	0.017755595
210.944	0.026668576	-5.8319787	0.01637318
211.072	0.027434764	-5.8326193	0.014999607
211.2	0.026697215	-5.8318483	0.020556796
211.328	0.026794198	-5.8316561	0.022028154
211.456	0.026451684	-5.8317494	0.022248979
211.584	0.026876285	-5.8322316	0.020123053
211.712	0.026992757	-5.8320392	0.016206955
211.84	0.027073689	-5.8322532	0.018262006
211.968	0.026749554	-5.8321398	0.021475027
212.096	0.026375031	-5.8318509	0.020604278
212.224	0.026599438	-5.8318025	0.017236905
212.352	0.02618882	-5.831672	0.019767342
212.48	0.027167355	-5.832664	0.017109531
212.608	0.026603497	-5.831828	0.01668031
212.736	0.026543347	-5.8315416	0.018888408
212.864	0.026844363	-5.8319311	0.019907188
212.992	0.026617046	-5.8318325	0.019313679
213.12	0.026632095	-5.8316288	0.017175128
213.248	0.027096376	-5.8322256	0.01594386
213.376	0.026733713	-5.8318595	0.018231092
213.504	0.026914098	-5.8317749	0.014848462
213.632	0.027209843	-5.8319154	0.013084491
213.76	0.027191444	-5.8318133	0.01682094
213.888	0.026406638	-5.830879	0.019656463
214.016	0.027599224	-5.8324256	0.01445454
214.144	0.027336683	-5.8320216	0.017754
214.272	0.026551069	-5.8312014	0.022553022
214.4	0.027166561	-5.8315061	0.018101434
214.528	0.026900682	-5.8312057	0.018320709
214.656	0.027600014	-5.8318917	0.015634824
214.784	0.027286094	-5.8314462	0.01626989
214.912	0.027408203	-5.8318117	0.020776184
215.04	0.027229749	-5.8315275	0.020561419
215.168	0.02720261	-5.831352	0.014943024
215.296	0.02719269	-5.8313303	0.016939135
215.424	0.027251757	-5.8310844	0.019694324
215.552	0.027490731	-5.8313685	0.02029597
215.68	0.027295331	-5.8313533	0.023107315
215.808	0.027254493	-5.8313289	0.020621427
215.936	0.027366405	-5.8314886	0.020192784
216.064	0.027357474	-5.8316285	0.019241829
216.192	0.027198723	-5.831752	0.018608361
216.32	0.027081553	-5.8314993	0.023625158
216.448	0.027113245	-5.8314692	0.022555672
216.576	0.027070388	-5.8317824	0.018008857
216.704	0.027019839	-5.8317306	0.019226323
216.832	0.026914847	-5.8320014	0.021617234
216.96	0.027130681	-5.8320092	0.016734326
217.088	0.026649759	-5.8312638	0.019809677
217.216	0.026633632	-5.8315908	0.021011537
217.344	0.027037947	-5.8318257	0.018305826
217.472	0.026798604	-5.8318595	0.019896315
217.6	0.02677512	-5.832027	0.021495235
217.728	0.02686296	-5.8322581	0.016628774
217.856	0.027222869	-5.8325774	0.01667955
217.984	0.026703423	-5.832369	0.01939154
218.112	0.026360697	-5.8321047	0.016905162
218.24	0.026781672	-5.8319613	0.016113265
218.368	0.026682537	-5.8318515	0.017905004
218.496	0.026968502	-5.8324561	0.01678877
218.624	0.026626961	-5.8318661	0.015155888
218.752	0.026059426	-5.8313121	0.020908264
218.88	0.026979801	-5.8324442	0.01787107
219.008	0.027009511	-5.832264	0.018820102
219.136	0.027045404	-5.8324437	0.020465121
219.264	0.026682212	-5.8318525	0.020011179
219.392	0.026994015	-5.8321224	0.01512097
219.52	0.026277655	-5.8316067	0.01766211
219.648	0.026911885	-5.8320322	0.017280409
219.776	0.027253789	-5.8321004	0.017966307
219.904	0.02653823	-5.8314759	0.019498141
220.032	0.026945535	-5.8317531	0.01980838
220.16	0.027243902	-5.8317796	0.017137934
220.288	0.026633226	-5.8310559	0.018095445
220.416	0.02685801	-5.8313715	0.019366925
220.544	0.02757555	-5.8318795	0.016398864
220.672	0.027141744	-5.8314654	0.017041214
220.8	0.027143706	-5.8311372	0.020774076
220.928	0.027162136	-5.8314173	0.020050425
221.056	0.02717583	-5.8313485	0.02160798
221.184	0.02714864	-5.8309818	0.024379667
221.312	0.027837645	-5.8320155	0.019654732
221.44	0.027162262	-5.831247	0.022137107
221.568	0.026898631	-5.8309613	0.019032488
221.696	0.027466246	-5.8313692	0.018261983
221.824	0.027430669	-5.8313931	0.022553272
221.952	0.027895857	-5.8319278	0.020987144
222.08	0.027261396	-5.8316759	0.020819218
222.208	0.026997231	-5.831553	0.018380985
222.336	0.027040573	-5.8313006	0.018210374
222.464	0.026914959	-5.8313017	0.024371362
222.592	0.026945161	-5.8314099	0.019128053
222.72	0.027423325	-5.8318114	0.016776377
222.848	0.027151553	-5.8317271	0.022085427
222.976	0.027320293	-5.832231	0.017968834
223.104	0.026942089	-5.831855	0.019263028
223.232	0.026837788	-5.8319488	0.020950476
223.36	0.027007743	-5.8322402	0.016191632
223.488	0.026962628	-5.8323315	0.015928033
223.616	0.026784642	-5.8317296	0.017506517
223.744	0.026686265	-5.8315058	0.016153322
223.872	0.026926743	-5.8319027	0.019402764
224	0.0266605	-5.8317259	0.018432765
224.128	0.027158179	-5.8325025	0.014474163
224.256	0.026667077	-5.8319224	0.020255093
224.384	0.026660381	-5.8317791	0.018474904
224.512	0.026810008	-5.8319819	0.016250084
224.64	0.026855406	-5.8320607	0.01643784
224.768	0.026598019	-5.8318372	0.017954397
224.896	0.026464442	-5.8317297	0.0182216
225.024	0.026380048	-5.8316348	0.016846979
225.152	0.027162972	-5.8323532	0.014095997
225.28	0.026291348	-5.8317234	0.016842965
225.408	0.027065805	-5.8325288	0.014305583
225.536	0.026434084	-5.831757	0.016898704
225.664	0.027064123	-5.8322741	0.020415364
225.792	0.027181527	-5.8323693	0.019143855
225.92	0.026697497	-5.8317148	0.01763833
226.048	0.027025196	-5.8322022	0.016533257
226.176	0.026910604	-5.8317459	0.016756281
226.304	0.026849194	-5.8315651	0.01613522
226.432	0.026796073	-5.8314202	0.022133067
226.56	0.026777296	-5.8317565	0.019613065
226.688	0.027401431	-5.8322101	0.016259654
226.816	0.027168207	-5.8319641	0.019990143
226.944	0.027175446	-5.8319707	0.017315615
227.072	0.026874975	-5.8310585	0.019022622
227.2	0.027387721	-5.8317747	0.019890213
227.328	0.026891513	-5.8312683	0.020520621
227.456	0.027148626	-5.8312883	0.019965713
227.584	0.027037815	-5.831477	0.019132559
227.712	0.02743011	-5.8316171	0.019361882
227.84	0.02721577	-5.8314152	0.020656568
227.968	0.027062059	-5.8312586	0.018363462
228.096	0.027910616	-5.8321128	0.016467505
228.224	0.027123483	-5.8316912	0.018843608
228.352	0.027192132	-5.8314506	0.019891119
228.48	0.027370797	-5.8315431	0.018705281
228.608	0.026964123	-5.8311987	0.020021729
228.736	0.027346824	-5.8316124	0.018066355
228.864	0.027031409	-5.8315393	0.017983902
228.992	0.027036319	-5.8314509	0.019391698
229.12	0.027197121	-5.8316018	0.015488093
229.248	0.026704306	-5.8313789	0.018130119
229.376	0.027073289	-5.8315642	0.021845007
229.504	0.02707603	-5.8316892	0.02043104
229.632	0.027654068	-5.8323937	0.016488455
229.76	0.026619113	-5.8312519	0.016440724
229.888	0.026777907	-5.831379	0.018332194
230.016	0.027080886	-5.8319891	0.01839726
230.144	0.026564092	-5.8316719	0.017075573
230.272	0.026802717	-5.8321216	0.017298866
230.4	0.02717137	-5.8322822	0.016589459
230.528	0.026674846	-5.8319193	0.018832693
230.656	0.026632729	-5.831985	0.016072536
230.784	0.02670339	-5.8317286	0.015895468
230.912	0.026461701	-5.8316586	0.02070574
231.04	0.027014889	-5.8325631	0.012157259
231.168	0.026900946	-5.8324423	0.013935204
231.296	0.026715499	-5.832132	0.019579866
231.424	0.026565849	-5.8321819	0.017443355
231.552	0.026832088	-5.832329	0.018331448
231.68	0.026496021	-5.8319617	0.019493504
231.808	0.026886165	-5.8319463	0.020402597
231.936	0.026366146	-5.8315392	0.022794441
232.064	0.027199643	-5.832465	0.017628105
232.192	0.026550128	-5.8317526	0.022610183
232.32	0.026948841	-5.8318733	0.020863027
232.448	0.027245817	-5.8320602	0.016067347
232.576	0.026831639	-5.8316668	0.017498416
232.704	0.026831556	-5.8319871	0.016351651
232.832	0.027272929	-5.8322603	0.017005051
232.96	0.027047489	-5.8317426	0.018071524
233.088	0.026868906	-5.8320278	0.019664828
233.216	0.027207011	-5.831744	0.019215184
233.344	0.026958807	-5.8315477	0.021602501
233.472	0.027344137	-5.832105	0.020662588
233.6	0.026954804	-5.8312868	0.018145719
233.728	0.027507153	-5.8319904	0.016409545
233.856	0.027117975	-5.8314454	0.019760569
233.984	0.027389011	-5.8314918	0.017026469
234.112	0.026976647	-5.8312686	0.020092085
234.24	0.026810354	-5.8308076	0.018142824
234.368	0.027853181	-5.8321521	0.012708411
234.496	0.027373256	-5.8317682	0.019238997
234.624	0.027253336	-5.8314017	0.018265149
234.752	0.026951627	-5.8313972	0.021147782
234.88	0.026964246	-5.8314022	0.024004559
235.008	0.0275639	-5.8318728	0.022567182
235.136	0.026924723	-5.8312068	0.021234236
235.264	0.027416915	-5.8318089	0.01563806
235.392	0.027390524	-5.8318804	0.017531163
235.52	0.026942174	-5.831323	0.019598944
235.648	0.027171411	-5.8318786	0.01970608
235.776	0.026997085	-5.8318155	0.02014072
235.904	0.027047956	-5.8316203	0.020891053
236.032	0.027170319	-5.8318014	0.017217948
236.16	0.027150066	-5.8319625	0.016059064
236.288	0.026580259	-5.8314326	0.019112926
236.416	0.026835843	-5.8318363	0.014877514
236.544	0.027013347	-5.8322555	0.016046457
236.672	0.02684197	-5.8319252	0.017593896
236.8	0.026434418	-5.8315309	0.016390576
236.928	0.027098344	-5.8323594	0.01541439
237.056	0.026512703	-5.8317578	0.015870914
237.184	0.026871131	-5.8322929	0.018338121
237.312	0.026036325	-5.8312926	0.019871727
237.44	0.026751457	-5.8321862	0.015151296
237.568	0.026375351	-5.8316382	0.016604239
237.696	0.02676899	-5.8320606	0.015581059
237.824	0.027094772	-5.8323077	0.014937704
237.952	0.026422732	-5.831704	0.016767644
238.08	0.026882354	-5.8322804	0.017137505
238.208	0.026560879	-5.8321003	0.013636652
238.336	0.027239459	-5.8327997	0.01392368
238.464	0.026570037	-5.831706	0.018389859
238.592	0.026719467	-5.8316487	0.015714748
238.72	0.027047812	-5.8320566	0.0173809
238.848	0.027079782	-5.8324039	0.019647928
238.976	0.027289781	-5.8324322	0.01885455
239.104	0.027096887	-5.8320067	0.01693059
239.232	0.027195625	-5.8318864	0.018411973
239.36	0.026515728	-5.8310512	0.018909467
239.488	0.027321181	-5.8318509	0.014364477
239.616	0.02690612	-5.8312508	0.020261274
239.744	0.027570658	-5.8319355	0.017360889
239.872	0.027022886	-5.8314473	0.017386527
240	0.027012364	-5.8316772	0.020497578
240.128	0.027624381	-5.8321282	0.016804516
240.256	0.027037209	-5.8312868	0.019254325
240.384	0.026922917	-5.8315539	0.019347535
240.512	0.027652646	-5.8318693	0.019085333
240.64	0.02747767	-5.8314804	0.017914617
240.768	0.027338377	-5.831415	0.017579082
240.896	0.026897882	-5.8311839	0.019152214
241.024	0.027625905	-5.8321223	0.016073311
241.152	0.0271628	-5.8316303	0.020475122
241.28	0.027138748	-5.8313632	0.02039055
241.408	0.027009538	-5.8312372	0.020267095
241.536	0.027263651	-5.8314884	0.01867139
241.664	0.027333006	-5.8318718	0.014503112
241.792	0.027379414	-5.8320548	0.016319592
241.92	0.026880619	-5.8313262	0.020573975
242.048	0.027159326	-5.8317207	0.016015359
242.176	0.026911485	-5.8318674	0.017550826
242.304	0.026964567	-5.8317993	0.018464262
242.432	0.027075394	-5.8318548	0.018965049
242.56	0.026871464	-5.8315662	0.017644697
242.688	0.02687251	-5.8315856	0.01865142
242.816	0.026910057	-5.8317894	0.019759885
242.944	0.026687093	-5.8316714	0.016711148
243.072	0.026592828	-5.8317536	0.019189801
243.2	0.02703428	-5.8326048	0.015275754
243.328	0.026463665	-5.8319881	0.015838599
243.456	0.027198984	-5.8325649	0.013747104
243.584	0.026253432	-5.831749	0.015834633
243.712	0.026773402	-5.8322509	0.016685881
243.84	0.026941469	-5.8323084	0.016321109
243.968	0.026290041	-5.8315094	0.017924581
244.096	0.026854909	-5.8320142	0.01767651
244.224	0.026774059	-5.8319467	0.018473859
244.352	0.0270367	-5.8322925	0.019092223
244.48	0.026770084	-5.8319955	0.017187748
244.608	0.027222496	-5.8325976	0.015557552
244.736	0.026304531	-5.8316077	0.020850398
244.864	0.026854948	-5.8322564	0.016969926
244.992	0.026856622	-5.832221	0.016316124
245.12	0.027033299	-5.8320852	0.016269351
245.248	0.026722963	-5.8316504	0.016542842
245.376	0.027080611	-5.8317991	0.014442119
245.504	0.026658033	-5.8313281	0.018443136
245.632	0.026970782	-5.8317651	0.020616559
245.76	0.027169101	-5.8319949	0.016601717
245.888	0.026884933	-5.8313695	0.017535513
246.016	0.027196399	-5.8315556	0.0187577
246.144	0.026908631	-5.8314809	0.0175322
246.272	0.027477399	-5.8319204	0.018905656
246.4	0.027155041	-5.8312685	0.016680684
246.528	0.027359411	-5.8315157	0.015559956
246.656	0.027470409	-5.8313672	0.020140414
246.784	0.027189358	-5.8314256	0.017550011
246.912	0.027045453	-5.8310362	0.020215648
247.04	0.026992355	-5.8309979	0.023454436
247.168	0.027702519	-5.8318096	0.019399261
247.296	0.027317048	-5.831733	0.02070936
247.424	0.027275533	-5.8316767	0.01991857
247.552	0.027295738	-5.8317145	0.019498129
247.68	0.027360111	-5.8317282	0.017994731
247.808	0.027466387	-5.8316171	0.016385746
247.936	0.027086351	-5.831247	0.021465003
248.064	0.027280154	-5.831461	0.019834628
248.192	0.02688173	-5.8311902	0.01741439
248.32	0.027359945	-5.8318441	0.014909002
248.448	0.027174141	-5.8317709	0.014403013
248.576	0.026818137	-5.8316308	0.016984428
248.704	0.02677267	-5.8318161	0.017112372
248.832	0.027394296	-5.8326174	0.013186476
248.96	0.026491945	-5.8318161	0.02142793
249.088	0.026694494	-5.8317357	0.021501116
249.216	0.026770876	-5.8317565	0.015244993
249.344	0.027076647	-5.8321964	0.016073435
249.472	0.026612648	-5.8318142	0.016943144
249.6	0.02656991	-5.8321986	0.014045114
249.728	0.026828858	-5.8324239	0.016856649
249.856	0.026407221	-5.8320152	0.020064475
249.984	0.026834386	-5.8321473	0.01837468
250.112	0.026770949	-5.8320126	0.015853499
250.24	0.02669265	-5.8322067	0.016073001
250.368	0.026913164	-5.8323211	0.017851654
250.496	0.026526035	-5.831791	0.021042941
250.624	0.02636057	-5.8315488	0.01917866
250.752	0.02677757	-5.8320259	0.018415404
250.88	0.026572977	-5.8321794	0.021391383
251.008	0.027086824	-5.8323503	0.020400541
251.136	0.026697928	-5.8320492	0.018294864
251.264	0.027222995	-5.8326281	0.016233805
251.392	0.026802553	-5.8321025	0.021127884
251.52	0.026553717	-5.8315085	0.018289392
251.648	0.027349168	-5.8324285	0.014699202
251.776	0.026936485	-5.8320351	0.01942076
251.904	0.026805898	-5.8318191	0.018221079
252.032	0.027108778	-5.8322845	0.015542598
252.16	0.027013104	-5.8318267	0.017755806
252.288	0.026918437	-5.8317588	0.019409159
252.416	0.026647355	-5.8312175	0.020699469
252.544	0.027002309	-5.8313767	0.01682919
252.672	0.027462906	-5.8316605	0.015784382
252.8	0.027381897	-5.8314311	0.01669529
252.928	0.02716896	-5.8311383	0.017573409
253.056	0.027360635	-5.8313644	0.019598133
253.184	0.026950018	-5.831227	0.02008593
253.312	0.027442148	-5.8317366	0.016179011
253.44	0.027918549	-5.8322204	0.016965428
253.568	0.027046972	-5.8311306	0.017977311
253.696	0.027190319	-5.8314667	0.019347505
253.824	0.027533662	-5.8320989	0.020604917
253.952	0.027259819	-5.8314562	0.019908711
254.08	0.027084994	-5.8314423	0.023214658
254.208	0.027121206	-5.8316916	0.019652359
254.336	0.026819707	-5.8311981	0.017922016
254.464	0.027490743	-5.8318906	0.019914272
254.592	0.026951803	-5.8313976	0.021679824
254.72	0.027269103	-5.8318383	0.020160732
254.848	0.026699049	-5.8314452	0.018205959
254.976	0.027208458	-5.8317191	0.016385818
255.104	0.026794915	-5.8314645	0.015480039
255.232	0.027251924	-5.8324219	0.016092768
255.36	0.026918471	-5.8317791	0.016209667
255.488	0.027255626	-5.8324904	0.014639926
255.616	0.026802272	-5.8318321	0.01923954
255.744	0.026444337	-5.8316734	0.019406935
255.872	0.02689164	-5.8319998	0.018283482
256	0.02657339	-5.8317704	0.020846123
256.128	0.02691308	-5.8321327	0.016966672
256.256	0.026886012	-5.8320193	0.01649457
256.384	0.026655252	-5.8320717	0.016830664
256.512	0.026456122	-5.8318997	0.016655791
256.64	0.026886402	-5.832397	0.01488288
256.768	0.026453281	-5.8315445	0.01831837
256.896	0.026750423	-5.832094	0.018090877
257.024	0.026674701	-5.8318909	0.015702758
257.152	0.026638059	-5.8320784	0.013093181
257.28	0.026479646	-5.8321319	0.016678798
257.408	0.02688217	-5.8319603	0.014611817
257.536	0.027227904	-5.8323596	0.01618384
257.664	0.026710032	-5.8317816	0.02196047
257.792	0.026698776	-5.831584	0.018139951
257.92	0.02708106	-5.8319415	0.016328333
258.048	0.026789212	-5.8315645	0.014176628
258.176	0.027135294	-5.8319433	0.01475635
258.304	0.027102825	-5.8317977	0.019098934
258.432	0.026635329	-5.8313892	0.020237652
258.56	0.027307817	-5.8319964	0.018929414
258.688	0.026888816	-5.8314108	0.015895479
258.816	0.026621705	-5.8310781	0.015973634
258.944	0.027540599	-5.8319489	0.016162444
259.072	0.026978467	-5.8311996	0.017974352
259.2	0.027402298	-5.8316561	0.016274429
259.328	0.027432899	-5.831513	0.017085838
259.456	0.027452706	-5.8315407	0.017921416
259.584	0.027405099	-5.8315298	0.018724743
259.712	0.027414548	-5.8316945	0.020882094
259.84	0.027049695	-5.8314773	0.019899556
259.968	0.027488839	-5.8315299	0.015733033
260.096	0.02720789	-5.831205	0.018191003
260.224	0.027533156	-5.8316806	0.013725779
260.352	0.027302074	-5.8314586	0.014910092
260.48	0.026899795	-5.8311763	0.017917825
260.608	0.02729048	-5.8318498	0.016915919
260.736	0.027584176	-5.8320279	0.017208709
260.864	0.027165143	-5.8315665	0.019171857
260.992	0.026901284	-5.8314077	0.019324885
261.12	0.026798482	-5.8314513	0.016328188
261.248	0.026997709	-5.8316268	0.01711941
261.376	0.026893239	-5.8314877	0.01661537
261.504	0.027010701	-5.8315977	0.018520019
261.632	0.027041637	-5.8321867	0.016259892
261.76	0.026699696	-5.8320569	0.017788328
261.888	0.027150295	-5.8325626	0.017069761
262.016	0.026699636	-5.8321723	0.016174098
262.144	0.026748475	-5.8321263	0.014070051
262.272	0.026820988	-5.8324824	0.015853272
262.4	0.026647006	-5.832228	0.017305767
262.528	0.026481655	-5.8318195	0.014120663
262.656	0.026401405	-5.8319319	0.019928943
262.784	0.026951263	-5.8325446	0.017424265
262.912	0.026344669	-5.8316747	0.015321584
263.04	0.026452691	-5.8317002	0.016430504
263.168	0.027194549	-5.8324458	0.016272416
263.296	0.026791103	-5.832192	0.018812319
263.424	0.026903865	-5.831812	0.016121789
263.552	0.026596307	-5.8319384	0.017820761
263.68	0.026742349	-5.832581	0.018550363
263.808	0.026851811	-5.8323452	0.018214181
263.936	0.02690339	-5.8321473	0.01542424
264.064	0.026839186	-5.8318087	0.013601274
264.192	0.026783738	-5.8317557	0.015312956
264.32	0.026583668	-5.8317437	0.014111888
264.448	0.026756983	-5.831683	0.016360113
264.576	0.026766397	-5.8317579	0.018780997
264.704	0.027228312	-5.8317706	0.018741298
264.832	0.027114354	-5.8314429	0.020328271
264.96	0.027140956	-5.8314153	0.019631814
265.088	0.027388351	-5.8318871	0.018203819
265.216	0.027061293	-5.8315143	0.021395781
265.344	0.027480609	-5.8320202	0.017376134
265.472	0.027463986	-5.8318901	0.018672897
265.6	0.027341414	-5.8316721	0.021174997
265.728	0.027326875	-5.8314724	0.020545221
265.856	0.02728227	-5.8314308	0.024047572
265.984	0.027607056	-5.8316602	0.022422757
266.112	0.027158433	-5.8310169	0.021237686
266.24	0.027299605	-5.831327	0.019544968
266.368	0.027244025	-5.8314202	0.019444228
266.496	0.027001527	-5.8312869	0.020932458
266.624	0.027259711	-5.831625	0.020048991
266.752	0.027547555	-5.8316222	0.02008226
266.88	0.027585567	-5.8316307	0.016601295
267.008	0.02700036	-5.8313702	0.017507299
267.136	0.027091061	-5.8315143	0.017644926
267.264	0.026868594	-5.8312474	0.017486477
267.392	0.026999484	-5.831577	0.020327528
267.52	0.027140317	-5.8316111	0.016987228
267.648	0.027295933	-5.8318534	0.015141235
267.776	0.026933047	-5.8314733	0.019009386
267.904	0.027376514	-5.8321981	0.015655248
268.032	0.026576957	-5.8315544	0.016894883
268.16	0.026398257	-5.8314752	0.02050828
268.288	0.026807704	-5.8324007	0.018444623
268.416	0.026969571	-5.8322173	0.019220141
268.544	0.026496534	-5.8316103	0.022789582
268.672	0.026816576	-5.832074	0.016705379
268.8	0.027198131	-5.8328152	0.013757025
268.928	0.026677789	-5.8322127	0.018865275
269.056	0.026217348	-5.8316917	0.020443218
269.184	0.026825538	-5.8322324	0.014989984
269.312	0.026322077	-5.8314649	0.020114337
269.44	0.026979101	-5.8323268	0.01899892
269.568	0.026321395	-5.8317233	0.0167448
269.696	0.026585299	-5.8320894	0.017064451
269.824	0.026717009	-5.8322616	0.017706407
269.952	0.026993022	-5.8322911	0.017694
270.08	0.026685532	-5.8318473	0.017215409
270.208	0.026830263	-5.8319229	0.015393438
270.336	0.026655432	-5.8319964	0.016209003
270.464	0.026975303	-5.8318827	0.015138835
270.592	0.026784043	-5.8317077	0.017853907
270.72	0.027109764	-5.8322648	0.01505788
270.848	0.02694786	-5.8319914	0.019862793
270.976	0.026743577	-5.8316134	0.01926334
271.104	0.027005733	-5.8316112	0.014657115
271.232	0.027535455	-5.8316985	0.020746915
271.36	0.027228597	-5.8316858	0.021417902
271.488	0.027135974	-5.8315857	0.017992253
271.616	0.027095598	-5.831433	0.01971886
271.744	0.027497907	-5.8318612	0.018064008
271.872	0.027156218	-5.8312211	0.021447462
272	0.026924819	-5.8309667	0.023214905
272.128	0.027349299	-5.8315156	0.018361565
272.256	0.027625721	-5.8316444	0.016022102
272.384	0.027534411	-5.8312447	0.018569757
272.512	0.02752221	-5.8315697	0.020222261
272.64	0.027517484	-5.8318199	0.019687456
272.768	0.0271471	-5.8313434	0.020256499
272.896	0.027479542	-5.8315299	0.016047401
273.024	0.026938703	-5.8310702	0.022570788
273.152	0.027479624	-5.831776	0.02113698
273.28	0.026949763	-5.8313582	0.016388826
273.408	0.027327278	-5.8318859	0.019572641
273.536	0.027199065	-5.8315684	0.018224731
273.664	0.027090662	-5.831979	0.015772097
273.792	0.02692773	-5.8317269	0.016914847
273.92	0.026976219	-5.8318677	0.016088003
274.048	0.027026913	-5.8320351	0.018117457
274.176	0.026858984	-5.8321818	0.019194065
274.304	0.026941669	-5.8318101	0.018253942
274.432	0.026424641	-5.83125	0.020350503
274.56	0.026749986	-5.8316591	0.019086779
274.688	0.026910914	-5.8318983	0.016802685
274.816	0.026302115	-5.8314686	0.019853324
274.944	0.026876233	-5.832144	0.017541641
275.072	0.026551708	-5.8317296	0.017810136
275.2	0.026770025	-5.8321758	0.017482373
275.328	0.026983808	-5.8327181	0.017744763
275.456	0.026612515	-5.8324593	0.020443719
275.584	0.026478777	-5.8321999	0.019631929
275.712	0.026679482	-5.8321877	0.018553218
275.84	0.026613304	-5.8319966	0.018754694
275.968	0.026664137	-5.8321839	0.016126666
276.096	0.026408962	-5.831542	0.018149009
276.224	0.027187624	-5.832367	0.016201059
276.352	0.027154049	-5.8322723	0.016536097
276.48	0.027060914	-5.8319726	0.016792485
276.608	0.026478748	-5.8315235	0.017064847
276.736	0.026761841	-5.8317356	0.018707173
276.864	0.02653049	-5.8312741	0.016712823
276.992	0.027070102	-5.8317604	0.016755723
277.12	0.027033186	-5.8320695	0.01561766
277.248	0.026802158	-5.8320032	0.01636578
277.376	0.027276112	-5.8319101	0.021277175
277.504	0.027080667	-5.831495	0.021943405
277.632	0.027248005	-5.8316498	0.01790777
277.76	0.027116973	-5.8312783	0.018310343
277.888	0.027060229	-5.8314737	0.017103053
278.016	0.027208609	-5.8314083	0.017211488
278.144	0.027408044	-5.8316808	0.018800945
278.272	0.027315386	-5.831378	0.01632239
278.4	0.027461243	-5.8314521	0.015289888
278.528	0.027413802	-5.8315744	0.015813677
278.656	0.02732722	-5.8316231	0.015564588
278.784	0.027671385	-5.8318146	0.01404876
278.912	0.027554208	-5.8320877	0.016982987
279.04	0.027432724	-5.8319038	0.014334777
279.168	0.027511374	-5.8318967	0.012259429
279.296	0.027011975	-5.8313353	0.014899746
279.424	0.027412956	-5.8323049	0.012596504
279.552	0.027203274	-5.8320765	0.016454239
279.68	0.027376471	-5.8324169	0.016927057
279.808	0.026790754	-5.8318023	0.014663322
279.936	0.026954827	-5.8318618	0.01287976
280.064	0.027273628	-5.8325468	0.012765803
280.192	0.026894849	-5.8322356	0.012271343
280.32	0.026483917	-5.8317295	0.015216685
280.448	0.027101495	-5.8325129	0.012249122
280.576	0.026472052	-5.8321369	0.014848507
280.704	0.026795538	-5.8323717	0.01251478
280.832	0.026630294	-5.8323816	0.011544269
280.96	0.026510805	-5.8324939	0.014253519
281.088	0.026639799	-5.8327573	0.011283859
281.216	0.026275319	-5.8321993	0.011655324
281.344	0.026898885	-5.832815	0.010190001
281.472	0.025970026	-5.8319589	0.014724877
281.6	0.026524717	-5.8327248	0.012179983
281.728	0.026776972	-5.8327997	0.013070993
281.856	0.026643931	-5.8326687	0.012762913
281.984	0.026988471	-5.832805	0.014235511
282.112	0.026437478	-5.8323232	0.01468111
282.24	0.026840609	-5.8325602	0.010387037
282.368	0.026797255	-5.8324191	0.01244053
282.496	0.026739289	-5.8321062	0.013603387
282.624	0.026528255	-5.8319819	0.013950608
282.752	0.026806243	-5.8322761	0.011629687
282.88	0.02702926	-5.8325249	0.0095183405
283.008	0.027006413	-5.8324607	0.010244918
283.136	0.027188178	-5.8325044	0.010362324
283.264	0.027326469	-5.832854	0.012961859
283.392	0.026480674	-5.8318039	0.016263873
283.52	0.027049536	-5.8320058	0.012069877
283.648	0.027675871	-5.8327112	0.01363788
283.776	0.027463219	-5.8320941	0.014332408
283.904	0.027061735	-5.831799	0.015435406
284.032	0.027097467	-5.8317293	0.011414843
284.16	0.027302083	-5.8318271	0.012014626
284.288	0.027804864	-5.8325733	0.012774249
284.416	0.027539719	-5.8320751	0.01022444
284.544	0.027074558	-5.8315246	0.013049599
284.672	0.027400988	-5.831902	0.01335274
284.8	0.027417549	-5.8320025	0.012922644
284.928	0.027186401	-5.8322158	0.013339605
285.056	0.027702424	-5.8326064	0.0091783126
285.184	0.027340749	-5.8322095	0.011170493
285.312	0.026821697	-5.8317386	0.0132429
285.44	0.027138367	-5.8323536	0.010503349
285.568	0.027400996	-5.8326179	0.009654817
285.696	0.027623572	-5.8326383	0.011207605
285.824	0.026651403	-5.8319262	0.010388215
285.952	0.027270979	-5.8324286	0.011100962
286.08	0.026878247	-5.8320707	0.015518038
286.208	0.027220546	-5.8325161	0.0099692234
286.336	0.026911933	-5.8323288	0.010708747
286.464	0.026985496	-5.8323728	0.012242231
286.592	0.027010951	-5.8324255	0.012590859
286.72	0.026863498	-5.8324122	0.012727193
286.848	0.026885409	-5.8328974	0.012360453
286.976	0.026831879	-5.8324811	0.011057087
287.104	0.026292287	-5.8319041	0.014449579
287.232	0.02679317	-5.8323916	0.011663398
287.36	0.026419777	-5.8322609	0.013258381
287.488	0.027080111	-5.8329443	0.011454957
287.616	0.02638737	-5.8323882	0.0088581584
287.744	0.026428602	-5.8326388	0.0090344267
287.872	0.026479677	-5.8325509	0.0098260389
288	0.027069485	-5.8331453	0.0091278732
288.128	0.026490895	-5.8329915	0.01437819
288.256	0.026351463	-5.8330983	0.012172027
288.384	0.026217607	-5.8324584	0.012330222
288.512	0.026645405	-5.8326536	0.011034236
288.64	0.026954088	-5.8329552	0.0065086444
288.768	0.026193224	-5.8320961	0.0098070938
288.896	0.026974782	-5.8328176	0.010591707
289.024	0.026727423	-5.8325511	0.011295504
289.152	0.026839872	-5.8325435	0.012422896
289.28	0.026300537	-5.8315686	0.010827483
289.408	0.02712526	-5.8326319	0.0077071268
289.536	0.027269325	-5.8325524	0.0084051926
289.664	0.027040757	-5.8323358	0.0095848457
289.792	0.027169905	-5.8322981	0.0092829685
289.92	0.027445362	-5.832538	0.011663877
290.048	0.027316971	-5.8318391	0.010155386
290.176	0.027222707	-5.8318658	0.010521007
290.304	0.027547481	-5.8320347	0.012609624
290.432	0.027356088	-5.831847	0.010792932
290.56	0.027115275	-5.8317018	0.011871379
290.688	0.027312211	-5.8320631	0.010704187
290.816	0.027596176	-5.83193	0.01078531
290.944	0.02759706	-5.8320402	0.014070806
291.072	0.027683532	-5.8322484	0.013578418
291.2	0.027195887	-5.8317029	0.011903778
291.328	0.027305832	-5.8318263	0.014237092
291.456	0.027517277	-5.832237	0.016534314
291.584	0.027437531	-5.8324265	0.013167
291.712	0.027554873	-5.8324838	0.010717524
291.84	0.026963752	-5.8318344	0.012252319
291.968	0.027383704	-5.8323102	0.011645221
292.096	0.027542788	-5.8323826	0.0095905216
292.224	0.027064085	-5.8319497	0.012636329
292.352	0.027196783	-5.832507	0.014675221
292.48	0.027514114	-5.8326701	0.01242998
292.608	0.02708668	-5.8320935	0.012987022
292.736	0.026671064	-5.8320904	0.016262833
292.864	0.027222982	-5.8325131	0.013526974
292.992	0.026752379	-5.8322269	0.0082829986
293.12	0.026598887	-5.8321882	0.0097281655
293.248	0.026682147	-5.8326587	0.011394211
293.376	0.027119721	-5.8332052	0.0096506061
293.504	0.026304011	-5.83228	0.0098950948
293.632	0.026941411	-5.8332229	0.0055774755
293.76	0.026711727	-5.8326299	0.0086267729
293.888	0.025585314	-5.831619	0.010198987
294.016	0.026463542	-5.8323952	0.0080652672
294.144	0.026815919	-5.8326451	0.010465826
294.272	0.026231636	-5.8322106	0.011391077
294.4	0.026671234	-5.8329026	0.0099187114
294.528	0.026512801	-5.8325729	0.013730106
294.656	0.02682853	-5.8328315	0.010351585
294.784	0.02672247	-5.832719	0.0082697713
294.912	0.026560527	-5.8324624	0.0098226863
295.04	0.027009371	-5.8328365	0.0085644636
295.168	0.026521594	-5.8323375	0.011018773
295.296	0.026791013	-5.8325276	0.0092250331
295.424	0.026799284	-5.83222	0.011760625
295.552	0.026906247	-5.8322039	0.013834149
295.68	0.026887401	-5.8324056	0.012892271
295.808	0.027011345	-5.8322184	0.012027703
295.936	0.026993979	-5.8322438	0.012338097
296.064	0.026973008	-5.8318368	0.012700019
296.192	0.027153233	-5.8316241	0.013695139
296.32	0.027318314	-5.8317465	0.013838393
296.448	0.027270448	-5.8318338	0.011900958
296.576	0.027225337	-5.8319062	0.009956072
296.704	0.027147577	-5.8315866	0.010169523
296.832	0.027936899	-5.832457	0.0080794153
296.96	0.027136608	-5.8315527	0.012526547
297.088	0.027643949	-5.8317531	0.0095644721
297.216	0.027223154	-5.8316912	0.0099844252
297.344	0.027561586	-5.8320342	0.011221392
297.472	0.027278286	-5.8312315	0.01333822
297.6	0.027432586	-5.8315693	0.012421212
297.728	0.027666267	-5.8319169	0.0099288083
297.856	0.027304524	-5.831622	0.011395067
297.984	0.027807311	-5.8322549	0.0090387378
298.112	0.026965053	-5.8315143	0.0099551403
298.24	0.027235958	-5.8318287	0.0080787331
298.368	0.026863819	-5.8314022	0.010934494
298.496	0.026919258	-5.8317126	0.012426549
298.624	0.02730751	-5.8321822	0.01204827
298.752	0.026772063	-5.8320179	0.011652017
298.88	0.027222888	-5.8322684	0.0096567155
299.008	0.026867273	-5.831985	0.011027901
299.136	0.027160494	-5.832357	0.010694682
299.264	0.026490199	-5.8316313	0.012968186
299.392	0.027068895	-5.8327438	0.010225874
299.52	0.026603502	-5.8327097	0.0097763436
299.648	0.026604326	-5.8325416	0.0090276727
299.776	0.026576617	-5.8323253	0.0095617073
299.904	0.02637866	-5.8322179	0.01083928
300.032	0.026877599	-5.8325743	0.010384316
300.16	0.026699993	-5.8331313	0.010928373
300.288	0.026484036	-5.8325527	0.0078266864
300.416	0.026377199	-5.832333	0.008153829
300.544	0.026946963	-5.8330579	0.0091510481
300.672	0.026409568	-5.8324732	0.011252509
300.8	0.026697705	-5.8325832	0.0094354936
300.928	0.026180375	-5.8319499	0.0087833758
301.056	0.026854058	-5.8325672	0.011267023
301.184	0.026693193	-5.8321689	0.013069074
301.312	0.026785228	-5.8323461	0.0092591925
301.44	0.026676993	-5.8324976	0.011922618
301.568	0.026661927	-5.8322475	0.012119122
301.696	0.026969096	-5.8319349	0.0097857901
301.824	0.02640434	-5.8317168	0.0091498877
301.952	0.027200632	-5.8325668	0.0069415582
302.08	0.027093113	-5.8325802	0.011265588
302.208	0.027198329	-5.8324414	0.0099998662
302.336	0.026903226	-5.8317133	0.012290816
302.464	0.027004225	-5.8318519	0.010572794
302.592	0.027364382	-5.8321731	0.0087558972
302.72	0.027095997	-5.8314403	0.0083540695
302.848	0.027705762	-5.8323021	0.005983823
302.976	0.02732375	-5.8320644	0.012075396
303.104	0.027465365	-5.8319834	0.01093073
303.232	0.027090181	-5.8314622	0.010470906
303.36	0.027503607	-5.8321832	0.011634154
303.488	0.027424926	-5.831822	0.013004603
303.616	0.027128289	-5.831826	0.013822242
303.744	0.027473065	-5.8319603	0.014149728
303.872	0.027157534	-5.8317775	0.014423822
304	0.02739395	-5.8318597	0.0096092562
304.128	0.027791961	-5.832148	0.0095841038
304.256	0.027054476	-5.8313875	0.016684797
304.384	0.027817277	-5.8322676	0.012416618
304.512	0.027028231	-5.8316154	0.011658917
304.64	0.027083459	-5.8317789	0.0088631175
304.768	0.027335385	-5.8319434	0.0087078758
304.896	0.026988052	-5.8316162	0.013104882
305.024	0.027081818	-5.8319674	0.012275636
305.152	0.027201737	-5.8322995	0.0089298155
305.28	0.026743725	-5.8320942	0.011293136
305.408	0.027221824	-5.832495	0.0094281085
305.536	0.02725244	-5.832968	0.0080803587
305.664	0.02629716	-5.8319347	0.011575111
305.792	0.026656904	-5.8322812	0.0117366
305.92	0.026813448	-5.8325919	0.0080744517
306.048	0.026822945	-5.8328347	0.0061486946
306.176	0.026441533	-5.8321424	0.011852488
306.304	0.026889194	-5.832611	0.0093754634
306.432	0.02655532	-5.8322591	0.0091940824
306.56	0.02624551	-5.832383	0.0088001657
306.688	0.026593611	-5.8328786	0.011191706
306.816	0.026381304	-5.8324925	0.012007396
306.944	0.026668601	-5.8326904	0.011872086
307.072	0.026867695	-5.8329268	0.0097147632
307.2	0.026112321	-5.8323719	0.012473479
307.328	0.026685727	-5.8326475	0.010482102
307.456	0.026940554	-5.83295	0.010292145
307.584	0.02680815	-5.8328967	0.0098608358
307.712	0.026675458	-5.8324099	0.0096396532
307.84	0.026393121	-5.8319307	0.0090486139
307.968	0.026634516	-5.8320762	0.0074427933
308.096	0.026812599	-5.8327567	0.010861461
308.224	0.027410358	-5.8329105	0.0097655581
308.352	0.026897008	-5.832003	0.0099104137
308.48	0.026982428	-5.8322846	0.010946867
308.608	0.026773231	-5.8319457	0.010647376
308.736	0.027070053	-5.8321774	0.012077848
308.864	0.027021156	-5.8319432	0.01062593
308.992	0.027584659	-5.8324686	0.0090393106
309.12	0.027515932	-5.8323474	0.012980477
309.248	0.027411127	-5.8318562	0.011800563
309.376	0.027103702	-5.8316651	0.014139493
309.504	0.027216959	-5.8316535	0.013637906
309.632	0.027525987	-5.8318726	0.013999066
309.76	0.027525018	-5.8317492	0.012623761
309.888	0.027173428	-5.8315702	0.010442081
310.016	0.027725654	-5.8321576	0.010486656
310.144	0.02667185	-5.8309412	0.015542779
310.272	0.027916931	-5.8320906	0.0088878355
310.4	0.027381599	-5.831755	0.016156743
310.528	0.027266304	-5.8314238	0.017844033
310.656	0.02760666	-5.8321009	0.0089597556
310.784	0.027590247	-5.8325078	0.0070947658
310.912	0.0270556	-5.831852	0.0091100404
311.04	0.02763345	-5.8323138	0.0082605391
311.168	0.026585561	-5.8314773	0.011230872
311.296	0.027235348	-5.8322875	0.012323701
311.424	0.027254806	-5.8324014	0.013644818
311.552	0.027100165	-5.8324716	0.0079717155
311.68	0.026617419	-5.8319382	0.0074667687
311.808	0.027226646	-5.8325903	0.010077188
311.936	0.027035619	-5.8326237	0.012688821
312.064	0.026911311	-5.8326186	0.011098966
312.192	0.026483778	-5.8320965	0.012480706
312.32	0.02669504	-5.8323831	0.0099940518
312.448	0.026696011	-5.8326072	0.0090368051
312.576	0.026452545	-5.8322275	0.0090855651
312.704	0.026332387	-5.8327702	0.0069194707
312.832	0.026572876	-5.8328705	0.0074988088
312.96	0.026909825	-5.8332051	0.0084588752
313.088	0.026303728	-5.8324617	0.009871065
313.216	0.026846145	-5.8329147	0.0060872102
313.344	0.026128216	-5.8321397	0.011874192
313.472	0.026974887	-5.83279	0.0080564135
313.6	0.02650625	-5.8325948	0.010540417
313.728	0.026823125	-5.8329243	0.012220434
313.856	0.02597934	-5.8319827	0.013340791
313.984	0.026650853	-5.8324699	0.0083240979
314.112	0.026743479	-5.8324343	0.011016584
314.24	0.026989252	-5.8325606	0.0086428468
314.368	0.026822648	-5.8324401	0.0086655493
314.496	0.02647965	-5.8319225	0.01192031
314.624	0.027136433	-5.832355	0.010959584
314.752	0.027269029	-5.8323359	0.0096139536
314.88	0.02695665	-5.8321785	0.010855621
315.008	0.026942195	-5.8316917	0.011661959
315.136	0.027430857	-5.832276	0.0078229614
315.264	0.027041804	-5.8320472	0.011898572
315.392	0.027449081	-5.8322153	0.014989704
315.52	0.02713564	-5.8317518	0.012539331
315.648	0.027494611	-5.8319442	0.0076058911
315.776	0.027060044	-5.8314604	0.012660007
315.904	0.027317409	-5.8314865	0.011885693
316.032	0.027029908	-5.8314683	0.010982047
316.16	0.02744579	-5.8320594	0.009200773
316.288	0.027582895	-5.8317664	0.011097567
316.416	0.027768629	-5.8317286	0.011600118
316.544	0.027770821	-5.8322061	0.010409635
316.672	0.027451129	-5.832055	0.01226801
316.8	0.027671966	-5.8322031	0.010971732
316.928	0.027074232	-5.8316031	0.011700692
317.056	0.027418487	-5.8319583	0.010132149
317.184	0.02677203	-5.8313753	0.011812776
317.312	0.027613611	-5.8323173	0.012381156
317.44	0.027068236	-5.8318743	0.012795261
317.568	0.026955162	-5.8319405	0.0085210556
317.696	0.027037112	-5.8317539	0.0069854724
317.824	0.027165354	-5.8325037	0.0093342989
317.952	0.026869092	-5.8324278	0.014513522
318.08	0.026894244	-5.8325768	0.01260778
318.208	0.026927977	-5.8327445	0.01085273
318.336	0.026764885	-5.8323322	0.011639814
318.464	0.026654266	-5.83263	0.012059502
318.592	0.026354485	-5.8321161	0.0090434723
318.72	0.026849562	-5.8325005	0.010532334
318.848	0.026491303	-5.8321097	0.012071388
318.976	0.026413277	-5.8324604	0.0093681994
319.104	0.026506023	-5.8325687	0.0082281713
319.232	0.026728282	-5.8324247	0.0097716509
319.36	0.026592546	-5.8324282	0.013113476
319.488	0.026900561	-5.8330656	0.010376346
319.616	0.02660742	-5.8327971	0.009634835
319.744	0.026177272	-5.8322396	0.010494838
319.872	0.02714853	-5.833251	0.0087474403
320	0.02587077	-5.8318005	0.015376013
320.128	0.026693707	-5.8325054	0.010158468
320.256	0.026733956	-5.832276	0.0089390771
320.384	0.026661803	-5.8323407	0.010258028
320.512	0.02702063	-5.8324519	0.0090158078
320.64	0.027020541	-5.8327866	0.009064219
320.768	0.026602091	-5.8321166	0.0093155355
320.896	0.027467879	-5.8328736	0.0057737147
321.024	0.026995028	-5.8322742	0.0098800122
321.152	0.026822999	-5.8322573	0.012002663
321.28	0.02735908	-5.8326324	0.01134788
321.408	0.027025668	-5.8319922	0.013381678
321.536	0.027267654	-5.8322157	0.010316632
321.664	0.027345867	-5.8323217	0.0084005564
321.792	0.027138594	-5.8318487	0.012091237
321.92	0.027090571	-5.8316853	0.011993189
322.048	0.027665137	-5.8323855	0.0075932839
322.176	0.026845123	-5.8314801	0.011795475
322.304	0.027642134	-5.8318815	0.011340968
322.432	0.027411431	-5.8315198	0.013656684
322.56	0.02756162	-5.8315674	0.011758479
322.688	0.027198943	-5.8311952	0.010814927
322.816	0.027514321	-5.8318277	0.01067334
322.944	0.027583867	-5.8317875	0.011007677
323.072	0.027567057	-5.8318304	0.011570807
323.2	0.027204328	-5.8316098	0.011859909
323.328	0.027128499	-5.8317599	0.011185596
323.456	0.02727399	-5.8319518	0.011060211
323.584	0.027395996	-5.8319272	0.011120031
323.712	0.027205023	-5.8319644	0.011986639
323.84	0.027520829	-5.8324333	0.011146694
323.968	0.026653774	-5.8315686	0.015332645
324.096	0.027232957	-5.8321983	0.0097721445
324.224	0.027020903	-5.8323226	0.0067884828
324.352	0.02679171	-5.8320509	0.012767541
324.48	0.02691991	-5.8326613	0.0099570519
324.608	0.026625993	-5.8324484	0.01100223
324.736	0.027074215	-5.832881	0.011472765
324.864	0.026304723	-5.8321706	0.011108033
324.992	0.026813386	-5.832696	0.011592887
325.12	0.026618455	-5.832498	0.010259547
325.248	0.026246031	-5.832311	0.010684242
325.376	0.026881788	-5.8329607	0.0099923857
325.504	0.026424924	-5.8326082	0.010550732
325.632	0.0261561	-5.8324027	0.011761676
325.76	0.026766592	-5.8329723	0.010360108
325.888	0.026323782	-5.8321635	0.0099238771
326.016	0.026519321	-5.8324998	0.011009508
326.144	0.026973247	-5.8331254	0.010257323
326.272	0.026204594	-5.8322888	0.010812389
326.4	0.0264919	-5.832672	0.0083387107
326.528	0.026862009	-5.832856	0.0091606203
326.656	0.026348603	-5.8321726	0.013634706
326.784	0.026955889	-5.8328192	0.0087914422
326.912	0.026804567	-5.8325513	0.0096144206
327.04	0.026718507	-5.8320125	0.011717812
327.168	0.026771249	-5.8315098	0.011884298
327.296	0.027217429	-5.8321663	0.0094555862
327.424	0.026985297	-5.8321793	0.0092509756
327.552	0.026718487	-5.8316113	0.010867137
327.68	0.027631024	-5.8325304	0.0096894922
327.808	0.026869543	-5.8316111	0.010560335
327.936	0.027203937	-5.8321681	0.0077533883
328.064	0.02743539	-5.8321133	0.0099240808
328.192	0.027625639	-5.8321997	0.010057318
328.32	0.027271948	-5.8315476	0.0085806338
328.448	0.027581984	-5.8319286	0.0089801356
328.576	0.027050215	-5.8317398	0.010185435
328.704	0.027658237	-5.8323662	0.011579899
328.832	0.02754173	-5.8318471	0.014107379
328.96	0.027284876	-5.8318121	0.012582997
329.088	0.027484117	-5.8316217	0.011565465
329.216	0.027807588	-5.8320329	0.011737846
329.344	0.027323886	-5.8314998	0.013550368
329.472	0.02753781	-5.832013	0.0087423706
329.6	0.027345318	-5.8322099	0.011435366
329.728	0.026607619	-5.8316543	0.01435041
329.856	0.027771991	-5.832886	0.0078981228
329.984	0.026991265	-5.8318348	0.0089705095
330.112	0.027215552	-5.832473	0.010709223
330.24	0.027203654	-5.8323392	0.012650066
330.368	0.026899651	-5.8318739	0.0134093
330.496	0.027252175	-5.8322987	0.0099738921
330.624	0.026492308	-5.8320023	0.011090894
330.752	0.02683597	-5.8318991	0.012278002
330.88	0.027006898	-5.8321358	0.0092219809
331.008	0.026915226	-5.8324576	0.0096427475
331.136	0.026443858	-5.8322464	0.010241781
331.264	0.026680566	-5.8325566	0.0097678038
331.392	0.026791807	-5.8327878	0.010149675
331.52	0.026293411	-5.8324358	0.011745843
331.648	0.027059748	-5.8330374	0.0060348724
331.776	0.026481863	-5.8323036	0.011040046
331.904	0.026422117	-5.8325175	0.013013529
332.032	0.026231222	-5.832272	0.0091737243
332.16	0.026633784	-5.8325657	0.011137189
332.288	0.026587101	-5.8326736	0.010582304
332.416	0.026233297	-5.8321915	0.0092804708
332.544	0.026675213	-5.8327502	0.010414679
332.672	0.02651953	-5.832383	0.010748334
332.8	0.026943628	-5.8327258	0.0056845119
332.928	0.027134119	-5.8326381	0.0076568695
333.056	0.026782441	-5.8321829	0.0097700701
333.184	0.026887293	-5.8322504	0.0093694261
333.312	0.02670193	-5.8322149	0.012147412
333.44	0.027054554	-5.8324401	0.010885553
333.568	0.026808323	-5.8320995	0.0098550386
333.696	0.027410843	-5.8326041	0.0082659191
333.824	0.026887488	-5.8321232	0.012729179
333.952	0.027067416	-5.8323123	0.01329811
334.08	0.026595424	-5.8314579	0.011521699
334.208	0.027384087	-5.8323884	0.012021084
334.336	0.027179505	-5.8319709	0.013451155
334.464	0.027346013	-5.8322253	0.0097210127
334.592	0.027368226	-5.8318873	0.011251999
334.72	0.02751385	-5.832192	0.0112731
334.848	0.026986631	-5.8317099	0.012088234
334.976	0.027279746	-5.8313758	0.012703102
335.104	0.027409136	-5.8317408	0.010034018
335.232	0.027135317	-5.8315311	0.011471548
335.36	0.027098759	-5.8313343	0.013226991
335.488	0.027604431	-5.8317212	0.011109359
335.616	0.027781207	-5.8319482	0.010818238
335.744	0.027081894	-5.8313493	0.011873845
335.872	0.027876336	-5.8322157	0.0077978477
336	0.027333852	-5.8316636	0.011057118
336.128	0.027567408	-5.8320006	0.011427648
336.256	0.027138545	-5.8317626	0.011244098
336.384	0.02764574	-5.8323366	0.011265004
336.512	0.026773055	-5.8316756	0.012919516
336.64	0.027046965	-5.8320316	0.0091017641
336.768	0.026722086	-5.8318226	0.011541271
336.896	0.027303421	-5.8323917	0.0098129464
337.024	0.026605942	-5.8321587	0.012159997
337.152	0.026811034	-5.8324301	0.00774846
337.28	0.026988271	-5.8325601	0.0078451181
337.408	0.026719159	-5.8323452	0.0078380585
337.536	0.02701057	-5.832841	0.0083833515
337.664	0.026529964	-5.8324415	0.0092315946
337.792	0.026368446	-5.8322113	0.0075401
337.92	0.026922237	-5.8328927	0.0070665157
338.048	0.026601891	-5.8323513	0.0092848688
338.176	0.026565224	-5.8323742	0.010662122
338.304	0.026916029	-5.8328267	0.0061039922
338.432	0.026523308	-5.8324414	0.009315095
338.56	0.026740298	-5.8328139	0.008900632
338.688	0.026246643	-5.8324118	0.012124144
338.816	0.026524131	-5.8327719	0.0099995929
338.944	0.026500507	-5.8325681	0.01226109
339.072	0.026586686	-5.8326472	0.015446544
339.2	0.026706618	-5.8324855	0.011306546
339.328	0.026995274	-5.8325641	0.0097607982
339.456	0.027081192	-5.8327403	0.0097347667
339.584	0.026729794	-5.832054	0.012690612
339.712	0.026680668	-5.832219	0.014789596
339.84	0.026970252	-5.8325765	0.00871377
339.968	0.026855964	-5.8321271	0.0089923592
340.096	0.027148386	-5.8321507	0.0084109329
340.224	0.026827893	-5.8317854	0.0077694613
340.352	0.02723691	-5.8323813	0.0083580366
340.48	0.027192928	-5.8316724	0.012494407
340.608	0.027456289	-5.8322908	0.011804581
340.736	0.027179358	-5.8319639	0.010391778
340.864	0.027126382	-5.8316792	0.011829763
340.992	0.02760435	-5.8321993	0.010476687
341.12	0.02766259	-5.8323918	0.013164393
341.248	0.027627912	-5.8321996	0.013415756
341.376	0.027430936	-5.8318273	0.012045103
341.504	0.027074595	-5.8316534	0.013133176
341.632	0.02728682	-5.8317293	0.010709506
341.76	0.027365228	-5.8315891	0.014536349
341.888	0.027369386	-5.8313153	0.015765016
342.016	0.027416268	-5.8320011	0.0098548594
342.144	0.027139788	-5.8317406	0.012559539
342.272	0.027265225	-5.8318242	0.011135597
342.4	0.027489366	-5.8321676	0.0061746862
342.528	0.02721916	-5.8317992	0.0092620705
342.656	0.02731807	-5.8318629	0.007141138
342.784	0.027237808	-5.8320692	0.0073208025
342.912	0.027025614	-5.8319475	0.0096385374
343.04	0.027248815	-5.832111	0.0093060311
343.168	0.027165562	-5.8323534	0.011099386
343.296	0.026601467	-5.8317171	0.013880044
343.424	0.026917739	-5.8322073	0.010453118
343.552	0.026702147	-5.8322739	0.010634843
343.68	0.026940015	-5.8326773	0.0083400656
343.808	0.026724584	-5.832208	0.0097979331
343.936	0.026616441	-5.8321154	0.0094515856
344.064	0.026862953	-5.8328524	0.01005877
344.192	0.026587969	-5.8326997	0.013594562
344.32	0.02630898	-5.8325309	0.009110041
344.448	0.026797291	-5.8329176	0.0067715069
344.576	0.026618425	-5.8324616	0.0082049208
344.704	0.02650814	-5.8324496	0.0078811637
344.832	0.026282428	-5.832272	0.0098608608
344.96	0.026916712	-5.8330516	0.0093886277
345.088	0.026840865	-5.8328792	0.010564494
345.216	0.026547048	-5.8324802	0.01024933
345.344	0.026685984	-5.8322923	0.011255541
345.472	0.026652508	-5.8323796	0.011496961
345.6	0.02678482	-5.8323424	0.010834053
345.728	0.026881868	-5.8325171	0.011283553
345.856	0.026434325	-5.8319755	0.013518324
345.984	0.027228202	-5.8327671	0.01245521
346.112	0.026968927	-5.8322751	0.010212187
346.24	0.026948566	-5.8320255	0.0072275401
346.368	0.027168064	-5.8323548	0.0070677709
346.496	0.026509971	-5.8315247	0.010256618
346.624	0.026865938	-5.831863	0.011566541
346.752	0.027403077	-5.8322648	0.013141288
346.88	0.027514456	-5.8320513	0.0088702726
347.008	0.027088753	-5.8315457	0.010738873
347.136	0.027182786	-5.831848	0.012031377
347.264	0.026814402	-5.8317886	0.012323412
347.392	0.02775748	-5.8325458	0.012178793
347.52	0.027250675	-5.8317586	0.016477706
347.648	0.027250179	-5.8315639	0.011154308
347.776	0.027197001	-5.8315211	0.01202121
347.904	0.027383023	-5.831795	0.013225683
348.032	0.027543189	-5.8319278	0.01080765
348.16	0.027246715	-5.8317941	0.013244304
348.288	0.027323011	-5.8322876	0.014799411
348.416	0.027324126	-5.8320604	0.012197418
348.544	0.027357769	-5.8317555	0.011618166
348.672	0.027340235	-5.8316487	0.013087734
348.8	0.027690058	-5.8320772	0.0072797506
348.928	0.027020554	-5.8318552	0.0093466226
349.056	0.02707092	-5.8319958	0.012121705
349.184	0.027074947	-5.8318567	0.011344985
349.312	0.027270172	-5.8323767	0.0096250684
349.44	0.026746267	-5.8318188	0.013894679
349.568	0.027063802	-5.832438	0.0098332983
349.696	0.027005229	-5.832524	0.013257211
349.824	0.026917852	-5.8324251	0.011500671
349.952	0.026834314	-5.8323898	0.011660733
350.08	0.026852055	-5.8324709	0.0072825582
350.208	0.026798714	-5.8324975	0.0054671838
350.336	0.026223087	-5.8320871	0.011385738
350.464	0.026863226	-5.8328364	0.010459502
350.592	0.026844943	-5.8328945	0.0086942373
350.72	0.026219115	-5.8322642	0.010427563
350.848	0.026380621	-5.8325792	0.010444135
350.976	0.026381038	-5.8323914	0.0092418439
351.104	0.026490116	-5.8326831	0.011498585
351.232	0.026314305	-5.8323249	0.01121822
351.36	0.026961098	-5.8329658	0.008960683
351.488	0.026742855	-5.8327351	0.010522679
351.616	0.026209506	-5.832386	0.013177141
351.744	0.027264942	-5.8331434	0.0084513718
351.872	0.026775296	-5.8323888	0.012079835
352	0.026789983	-5.8324184	0.012978824
352.128	0.027095216	-5.8326165	0.0096793534
352.256	0.026761236	-5.8322792	0.0099646719
352.384	0.026746616	-5.8319838	0.0098320354
352.512	0.027165717	-5.8323111	0.012237856
352.64	0.026752447	-5.8321615	0.012096108
352.768	0.027010405	-5.8321056	0.011223795
352.896	0.027019196	-5.8321031	0.010864369
353.024	0.027439422	-5.8321745	0.0074471983
353.152	0.027094031	-5.8316775	0.0096045629
353.28	0.027133461	-5.8318976	0.0086520438
353.408	0.02733591	-5.8321782	0.011133632
353.536	0.027236739	-5.8319728	0.011173072
353.664	0.027557464	-5.8322021	0.011672191
353.792	0.0270095	-5.831809	0.012427797
353.92	0.027763419	-5.832103	0.010685443
354.048	0.027119802	-5.8313898	0.015183238
354.176	0.027666066	-5.8319754	0.012573632
354.304	0.027481203	-5.8319887	0.010523357
354.432	0.027162679	-5.8314947	0.0089132433
354.56	0.027393582	-5.831564	0.0091104453
354.688	0.026905987	-5.8312125	0.013270498
354.816	0.027420285	-5.8324288	0.012076682
354.944	0.027611394	-5.8322948	0.010354943
355.072	0.026761466	-5.8312637	0.01254154
355.2	0.027447757	-5.8323432	0.011380053
355.328	0.026849518	-5.8317464	0.011227674
355.456	0.027361895	-5.8324454	0.009569763
355.584	0.026734477	-5.8319937	0.014814241
355.712	0.027407591	-5.8329352	0.011013285
355.84	0.026977883	-5.8325177	0.0091033854
355.968	0.026730891	-5.8321882	0.0089576391
356.096	0.026396698	-5.8317782	0.011315113
356.224	0.02740341	-5.8331322	0.0061917028
356.352	0.026571612	-5.8322234	0.011175829
356.48	0.0265067	-5.8323286	0.0089091172
356.608	0.02687657	-5.8328417	0.0084140443
356.736	0.026958817	-5.8327057	0.0098153976
356.864	0.026307417	-5.832313	0.010181732
356.992	0.026419048	-5.8324168	0.0083765992
357.12	0.026499187	-5.8324772	0.011434226
357.248	0.026536228	-5.8326432	0.011400919
357.376	0.026637778	-5.8325418	0.008229107
357.504	0.026808453	-5.8326597	0.010859251
357.632	0.026376126	-5.8319585	0.012080521
357.76	0.026612092	-5.8320604	0.0095562185
357.888	0.0264534	-5.8320355	0.0095783099
358.016	0.027199201	-5.8326817	0.0091816484
358.144	0.026988296	-5.8327474	0.0079111836
358.272	0.026604166	-5.8322944	0.009124084
358.4	0.02682358	-5.832262	0.011387573
358.528	0.02668707	-5.8320548	0.011088955
358.656	0.026777577	-5.8321189	0.011397602
358.784	0.026834158	-5.8322112	0.0087129532
358.912	0.026923559	-5.8324966	0.0078822498
359.04	0.026891886	-5.8322177	0.0093649472
359.168	0.027034527	-5.8320555	0.0077746323
359.296	0.026957759	-5.8318313	0.012761275
359.424	0.026946526	-5.8317778	0.013353088
359.552	0.027596291	-5.8322994	0.011894752
359.68	0.027598958	-5.8321826	0.015413231
359.808	0.027095213	-5.8317082	0.013532567
359.936	0.027308809	-5.8316585	0.011189459
360.064	0.027464808	-5.8317601	0.012053976
360.192	0.027390278	-5.8316853	0.0083040212
360.32	0.027542381	-5.8323003	0.009110098
360.448	0.026901705	-5.8315011	0.011621201
360.576	0.027631735	-5.8321915	0.0078322492
360.704	0.027287922	-5.8319789	0.0098741749
360.832	0.027352697	-5.8318979	0.0080360206
360.96	0.027733413	-5.832111	0.0064422355
361.088	0.026816674	-5.8312157	0.014265506
361.216	0.027642384	-5.8321079	0.0094384716
361.344	0.02713908	-5.8315655	0.0095774706
361.472	0.027240826	-5.831924	0.012386627
361.6	0.027280451	-5.8322695	0.010067891
361.728	0.026811429	-5.8317716	0.012259544
361.856	0.027615129	-5.8331152	0.0098284643
361.984	0.027037634	-5.8324104	0.0095561257
362.112	0.026688741	-5.831971	0.011566542
362.24	0.027184148	-5.8322364	0.011071681
362.368	0.026786067	-5.8317779	0.0099902436
362.496	0.027040581	-5.8325459	0.0084204206
362.624	0.02682875	-5.8322115	0.0098092665
362.752	0.026870707	-5.8324284	0.010258524
362.88	0.02659339	-5.8322799	0.011945287
363.008	0.026841919	-5.8328562	0.0088624046
363.136	0.026926405	-5.8327361	0.012598119
363.264	0.026306892	-5.8320613	0.015624844
363.392	0.026509071	-5.832508	0.010485683
363.52	0.026522319	-5.8325571	0.011813185
363.648	0.026699287	-5.8326815	0.0093767685
363.776	0.02635903	-5.8323275	0.0083275575
363.904	0.026787493	-5.8327687	0.0078028771
364.032	0.027035183	-5.8330656	0.0074153569
364.16	0.026307356	-5.8322428	0.00875489
364.288	0.02636445	-5.8321613	0.0078316397
364.416	0.026796184	-5.8325139	0.0093996723
364.544	0.026930958	-5.8327255	0.010392652
364.672	0.026909313	-5.8327915	0.0084238141
364.8	0.026903586	-5.8325879	0.0095225066
364.928	0.026668486	-5.8318556	0.0095902447
365.056	0.026952295	-5.8320447	0.0090145034
365.184	0.027144002	-5.8324641	0.012129487
365.312	0.026927429	-5.8322749	0.010788816
365.44	0.026950796	-5.8323584	0.0095207695
365.568	0.026958716	-5.8323771	0.013839343
365.696	0.027234825	-5.8321943	0.010634442
365.824	0.02698034	-5.8319035	0.010734791
365.952	0.02751431	-5.8322273	0.0092742708
366.08	0.027202226	-5.8319721	0.010431313
366.208	0.027241158	-5.8316864	0.012510024
366.336	0.027154446	-5.8316278	0.011708569
366.464	0.027298378	-5.8317853	0.011717803
366.592	0.027431928	-5.8318231	0.011062189
366.72	0.027194603	-5.8315331	0.0095039015
366.848	0.027689363	-5.8320964	0.0077197292
366.976	0.027117738	-5.831502	0.012019306
367.104	0.027375494	-5.8319007	0.012693181
367.232	0.02723225	-5.8317264	0.0097814137
367.36	0.027710502	-5.8322286	0.0056367243
367.488	0.027155173	-5.8313574	0.010470733
367.616	0.027223899	-5.8316339	0.0099782564
367.744	0.027270763	-5.8321647	0.010356569
367.872	0.027082548	-5.8321001	0.010199313
368	0.026876734	-5.832107	0.010260114
368.128	0.026742873	-5.8316804	0.010505157
368.256	0.027695941	-5.8325736	0.00746287
368.384	0.027057644	-5.8321188	0.0085768389
368.512	0.026789147	-5.8319758	0.0093564588
368.64	0.027104668	-5.8324755	0.012315294
368.768	0.026874729	-5.8326571	0.010391405
368.896	0.02659407	-5.8320068	0.010309722
369.024	0.026901687	-5.8321098	0.011140436
369.152	0.026802571	-5.832305	0.007453703
369.28	0.026800784	-5.832402	0.0084063456
369.408	0.026759054	-5.8323027	0.012848745
369.536	0.026615918	-5.8322641	0.013556188
369.664	0.026350034	-5.8322875	0.0096870054
369.792	0.026497999	-5.8324292	0.0067436872
369.92	0.027020577	-5.8329513	0.010235191
370.048	0.026615197	-5.8323566	0.0079866172
370.176	0.026666701	-5.8322478	0.0079186178
370.304	0.026075396	-5.8318668	0.010556945
370.432	0.027222615	-5.8328706	0.006308605
370.56	0.026939531	-5.832833	0.0073240788
370.688	0.026455022	-5.8325814	0.010778135
370.816	0.026939338	-5.8327814	0.0068143039
370.944	0.026514748	-5.8319657	0.0058118324
371.072	0.026543269	-5.8318398	0.0085210508
371.2	0.026889157	-5.8322674	0.0088800468
371.328	0.027305585	-5.8323948	0.010066635
371.456	0.027169258	-5.8325967	0.0095639336
371.584	0.026960528	-5.8319542	0.013290767
371.712	0.02724842	-5.8324398	0.012399192
371.84	0.026881533	-5.8321913	0.011127784
371.968	0.027101238	-5.8323769	0.011120207
372.096	0.027313402	-5.8322672	0.0088930787
372.224	0.026958832	-5.8317714	0.012709226
372.352	0.027085928	-5.8319465	0.01254887
372.48	0.027708593	-5.8326715	0.0095156366
372.608	0.026915095	-5.8316035	0.013087679
372.736	0.027446296	-5.8319859	0.010896648
372.864	0.02745996	-5.8317458	0.0090546864
372.992	0.027109993	-5.8315771	0.0095382707
373.12	0.027259247	-5.8317477	0.010533976
373.248	0.027318256	-5.8318847	0.010929551
373.376	0.027468981	-5.832185	0.0099128587
373.504	0.027309804	-5.8318874	0.013764317
373.632	0.02720687	-5.8320075	0.01340288
373.76	0.027443541	-5.8322242	0.0098888203
373.888	0.027526088	-5.8322764	0.011393208
374.016	0.027624552	-5.8322906	0.011542205
374.144	0.026958605	-5.8318912	0.013530869
374.272	0.026951931	-5.8320813	0.012281895
374.4	0.027046552	-5.832069	0.012511871
374.528	0.027039236	-5.8321546	0.010145295
374.656	0.027029966	-5.8323239	0.0095907473
374.784	0.026845362	-5.8322914	0.01156896
374.912	0.027103973	-5.8325647	0.0085452863
375.04	0.026343088	-5.8318209	0.010360363
375.168	0.026725927	-5.8322977	0.01146355
375.296	0.026907612	-5.83258	0.0082135122
375.424	0.026554993	-5.8324034	0.007259408
375.552	0.02691077	-5.8327845	0.0079952497
375.68	0.026821032	-5.8327935	0.0084418702
375.808	0.026164842	-5.8322685	0.010449772
375.936	0.027155985	-5.8334457	0.0062555483
376.064	0.026670069	-5.8329358	0.011123896
376.192	0.026489816	-5.8326043	0.010753861
376.32	0.026837491	-5.8330402	0.0080007341
376.448	0.026496372	-5.8328256	0.0099839868
376.576	0.026432667	-5.8328249	0.009374325
376.704	0.026565384	-5.8325741	0.010113411
376.832	0.026942958	-5.8325654	0.0096354102
376.96	0.026507203	-5.8320176	0.011004049
377.088	0.027070969	-5.8326704	0.010090769
377.216	0.02688548	-5.8322449	0.0084921306
377.344	0.026919362	-5.8323099	0.0081667942
377.472	0.026645073	-5.8322054	0.011288522
377.6	0.027269845	-5.8328582	0.0080956337
377.728	0.026939059	-5.8325478	0.010926657
377.856	0.027338618	-5.8324859	0.013538331
377.984	0.027001183	-5.8323008	0.012145033
378.112	0.027029049	-5.8322701	0.01393264
378.24	0.026968004	-5.8319835	0.013243847
378.368	0.027231695	-5.8322024	0.0095237687
378.496	0.02743103	-5.8323393	0.011799283
378.624	0.027400783	-5.8321944	0.014089035
378.752	0.027132545	-5.8318796	0.01093996
378.88	0.027697731	-5.8322787	0.0086349734
379.008	0.026975108	-5.8317762	0.012394675
379.136	0.026952148	-5.8314568	0.012835779
379.264	0.027477537	-5.832075	0.0093674998
379.392	0.027348492	-5.8321266	0.010309261
379.52	0.027127934	-5.8315608	0.011421475
379.648	0.026803496	-5.8311334	0.01167375
379.776	0.028079278	-5.8327651	0.0078731581
379.904	0.02750018	-5.8323594	0.01096366
380.032	0.026704973	-5.8314364	0.014483217
380.16	0.027190286	-5.8317976	0.01254859
380.288	0.027379495	-5.832081	0.011416158
380.416	0.027362751	-5.832426	0.0087648027
380.544	0.026996303	-5.8324343	0.0099671476
380.672	0.0268199	-5.8322936	0.0124566
380.8	0.027092537	-5.8326787	0.012403823
380.928	0.027574022	-5.8330985	0.0095796048
381.056	0.027032961	-5.8324097	0.012597869
381.184	0.026799601	-5.8323713	0.0079616494
381.312	0.026854266	-5.8324189	0.0074649965
381.44	0.026841596	-5.8326137	0.012050633
381.568	0.026843525	-5.8323765	0.01169274
381.696	0.026839695	-5.8321929	0.0088254705
381.824	0.026466877	-5.8319643	0.012118493
381.952	0.026370206	-5.8320929	0.010689653
382.08	0.027076088	-5.8329214	0.0061868067
382.208	0.026555533	-5.8324806	0.0080857516
382.336	0.026094357	-5.8320494	0.012363866
382.464	0.026619401	-5.8322767	0.010172961
382.592	0.026439383	-5.832208	0.011171577
382.72	0.027195523	-5.8329361	0.0083675375
382.848	0.02610698	-5.8321756	0.013317304
382.976	0.02664554	-5.8328522	0.010934011
383.104	0.026809424	-5.8325621	0.012155571
383.232	0.026803709	-5.8324029	0.010018785
383.36	0.026624788	-5.8323416	0.0084911078
383.488	0.026519094	-5.8322386	0.010163132
383.616	0.026833319	-5.8323366	0.010274557
383.744	0.02716865	-5.8327779	0.0069076125
383.872	0.027159919	-5.8326288	0.01165455
384	0.027021278	-5.8324447	0.011417128
384.128	0.026944544	-5.8325416	0.0093733539
384.256	0.027071659	-5.8324802	0.010570405
384.384	0.026865058	-5.8318376	0.011092416
384.512	0.02761514	-5.8325084	0.0092349568
384.64	0.027477615	-5.8324725	0.012578402
384.768	0.026918663	-5.8321245	0.011394921
384.896	0.02701257	-5.8320923	0.011856036
385.024	0.027021574	-5.8319859	0.012658063
385.152	0.027216037	-5.8320185	0.012671628
385.28	0.027497175	-5.8324786	0.0090382812
385.408	0.027357507	-5.8322008	0.0093543747
385.536	0.027347336	-5.8319437	0.011842628
385.664	0.027244265	-5.8319969	0.01329419
385.792	0.027512188	-5.8320271	0.010588422
385.92	0.027143153	-5.8318408	0.014065262
386.048	0.026825354	-5.8315287	0.012890343
386.176	0.027478219	-5.8319815	0.0070544672
386.304	0.027258239	-5.8319325	0.0065950817
386.432	0.027275912	-5.8319801	0.010388419
386.56	0.027069901	-5.831959	0.010780325
386.688	0.027243074	-5.8322248	0.010101219
386.816	0.027396827	-5.8324582	0.010195652
386.944	0.026739775	-5.8317295	0.0098433331
387.072	0.026902881	-5.8320322	0.01015552
387.2	0.02742365	-5.8327457	0.0096121502
387.328	0.027061795	-5.8324398	0.014231669
387.456	0.026749483	-5.8319481	0.010602382
387.584	0.02700936	-5.8324846	0.011512876
387.712	0.026670976	-5.8321528	0.012701539
387.84	0.027115048	-5.8326098	0.0087307072
387.968	0.027096256	-5.832951	0.0096643388
388.096	0.026028637	-5.8319762	0.014021038
388.224	0.026846252	-5.8327502	0.0097205597
388.352	0.026766457	-5.832663	0.0088294936
388.48	0.026369339	-5.831931	0.012127882
388.608	0.026799812	-5.832225	0.0076274873
388.736	0.026765375	-5.8324959	0.0083075464
388.864	0.026919581	-5.8326963	0.011905709
388.992	0.026553085	-5.8325638	0.0088017184
389.12	0.026778572	-5.8322351	0.0066680649
389.248	0.025918517	-5.8314811	0.0096414206
389.376	0.026642393	-5.8323392	0.0072668035
389.504	0.026969045	-5.8328106	0.0064897731
389.632	0.026785455	-5.8324529	0.008882859
389.76	0.026933328	-5.8327538	0.0096492856
389.888	0.026890293	-5.8325815	0.010638587
390.016	0.026342682	-5.8319577	0.011499574
390.144	0.027363179	-5.8332179	0.0077835887
390.272	0.027362139	-5.8328397	0.0097087031
390.4	0.02689352	-5.8322033	0.0099410861
390.528	0.027364311	-5.8324992	0.010440879
390.656	0.027042574	-5.8322706	0.015229985
390.784	0.027433238	-5.8321823	0.012914326
390.912	0.026922928	-5.8316646	0.010336053
391.04	0.027187436	-5.832311	0.010134534
391.168	0.027528523	-5.8328454	0.011586937
391.296	0.027161048	-5.8323641	0.013510048
391.424	0.026667028	-5.8315562	0.013719659
391.552	0.027421863	-5.8317974	0.0096215681
391.68	0.027308609	-5.8319134	0.012046714
391.808	0.027497664	-5.8321632	0.010572385
391.936	0.027611843	-5.8321469	0.0098570321
392.064	0.027169761	-5.8313987	0.011991031
392.192	0.027273757	-5.8315549	0.010732084
392.32	0.027169657	-5.8317844	0.010774601
392.448	0.027267535	-5.8317977	0.010471211
392.576	0.027337777	-5.8318493	0.010582756
392.704	0.026902783	-5.8315447	0.0098245513
392.832	0.027460265	-5.8322772	0.010658902
392.96	0.0276711	-5.8325099	0.0098936993
393.088	0.027549955	-5.8327564	0.0087951744
393.216	0.026507608	-5.8317336	0.016005744
393.344	0.026882219	-5.8319186	0.014843018
393.472	0.026636597	-5.831905	0.013486003
393.6	0.027102675	-5.8327052	0.010946211
393.728	0.027289406	-5.8327545	0.0092976605
393.856	0.026717011	-5.8320964	0.013371127
393.984	0.026998525	-5.8325121	0.01199422
394.112	0.026674147	-5.8322948	0.010232822
394.24	0.026520723	-5.8323791	0.0086410501
394.368	0.027031075	-5.8327204	0.0065919808
394.496	0.026302039	-5.8322363	0.0074608139
394.624	0.026235418	-5.8322523	0.0090522977
394.752	0.026674823	-5.8325754	0.0085767142
394.88	0.02682795	-5.8325938	0.010995667
395.008	0.026772928	-5.8325912	0.0089803113
395.136	0.02666543	-5.8323192	0.0037923808
395.264	0.026305574	-5.8321429	0.0070055035
395.392	0.027175745	-5.8328538	0.0094153932
395.52	0.026635914	-5.8324593	0.011233049
395.648	0.026376809	-5.8321291	0.010886886
395.776	0.02634534	-5.8318595	0.012782509
395.904	0.027583383	-5.8333263	0.0073438841
396.032	0.026468365	-5.8320805	0.0098276925
396.16	0.02698424	-5.8325035	0.011062999
396.288	0.026794612	-5.8324493	0.011194113
396.416	0.02704562	-5.832672	0.010376926
396.544	0.027056759	-5.8321593	0.012741024
396.672	0.027163775	-5.8324711	0.0093301264
396.8	0.027304652	-5.832668	0.011383191
396.928	0.02701126	-5.8324145	0.013007264
397.056	0.02733968	-5.8326879	0.0080776542
397.184	0.026970213	-5.8319541	0.010038768
397.312	0.026944146	-5.8319683	0.010998885
397.44	0.026997213	-5.8318284	0.012278602
397.568	0.027600441	-5.8326317	0.01103991
397.696	0.02747033	-5.8322235	0.012476941
397.824	0.027313487	-5.8316319	0.014586575
397.952	0.027455962	-5.8321675	0.010992581
398.08	0.027374976	-5.8321904	0.013466211
398.208	0.026910662	-5.8317813	0.014574991
398.336	0.027316703	-5.8321448	0.008453988
398.464	0.027310023	-5.8318651	0.010358304
398.592	0.027624012	-5.8324544	0.010717887
398.72	0.027150091	-5.8316415	0.0091860118
398.848	0.027801872	-5.8321261	0.010154659
398.976	0.027146536	-5.8317476	0.011207543
399.104	0.027174541	-5.8319667	0.010150779
399.232	0.027360316	-5.8323416	0.011454278
399.36	0.027092208	-5.8322437	0.013954801
399.488	0.027121195	-5.8322568	0.015270704
399.616	0.026940117	-5.832279	0.0093094411
399.744	0.027055636	-5.8322329	0.0088823145
399.872	0.02660982	-5.8317071	0.013834735
400	0.027387359	-5.8326544	0.0084317094
400.128	0.026711918	-5.8323394	0.0093397086
400.256	0.026619445	-5.832311	0.010217075
400.384	0.026953436	-5.8323723	0.010376718
400.512	0.026353146	-5.8318875	0.015687123
400.64	0.026684781	-5.8323634	0.014277262
400.768	0.026816107	-5.8324466	0.0087958441
400.896	0.026552889	-5.8325379	0.010201391
401.024	0.026570695	-5.8325206	0.010486004
401.152	0.026287398	-5.8323352	0.010955668
401.28	0.027093549	-5.8331311	0.0071837509
401.408	0.026415315	-5.8326262	0.0095576754
401.536	0.026891604	-5.8326364	0.0093493866
401.664	0.026558723	-5.8325203	0.0084787826
401.792	0.02701209	-5.8328462	0.0078221588
401.92	0.026682168	-5.8325526	0.0075843904
402.048	0.026456578	-5.8324953	0.010454777
402.176	0.026578129	-5.8324213	0.010634477
402.304	0.026951892	-5.8326249	0.0087514324
402.432	0.027035901	-5.8324242	0.011493325
402.56	0.026583442	-5.832247	0.010646335
402.688	0.02693099	-5.832406	0.0089952648
402.816	0.026742115	-5.8323379	0.012894133
402.944	0.027178096	-5.8329589	0.011772753
403.072	0.027352996	-5.8327807	0.012690388
403.2	0.027151183	-5.8321528	0.013229394
403.328	0.026847186	-5.8315931	0.012714181
403.456	0.027287984	-5.8321113	0.010471585
403.584	0.027302937	-5.8319823	0.011204499
403.712	0.027205239	-5.8319525	0.010419567
403.84	0.027344416	-5.8320742	0.011488393
403.968	0.027324404	-5.8319704	0.010581817
404.096	0.02715662	-5.8316953	0.012148724
404.224	0.027006394	-5.8315762	0.012166707
404.352	0.027498014	-5.8318154	0.010524603
404.48	0.027555817	-5.8319263	0.011663692
404.608	0.027461999	-5.8319371	0.01079416
404.736	0.027226052	-5.8317154	0.010471483
404.864	0.02759194	-5.8319742	0.012193474
404.992	0.027184763	-5.8316545	0.011114183
405.12	0.027212293	-5.8317906	0.011352381
405.248	0.027560375	-5.8323911	0.013601203
405.376	0.026998991	-5.8320077	0.010770322
405.504	0.027422063	-5.8322815	0.010138165
405.632	0.027164722	-5.8324806	0.011812466
405.76	0.026970667	-5.8319678	0.013204234
405.888	0.027132856	-5.8326251	0.01218828
406.016	0.02687785	-5.8323157	0.011282792
406.144	0.027125164	-5.8327226	0.0067574901
406.272	0.027081232	-5.8326198	0.0072539764
406.4	0.026744291	-5.832354	0.0093387465
406.528	0.026944384	-5.8329826	0.006918742
406.656	0.026945676	-5.8330885	0.0094047204
406.784	0.026661859	-5.8325875	0.010497588
406.912	0.026911448	-5.832709	0.011478304
407.04	0.026807486	-5.8327337	0.010393717
407.168	0.026393021	-5.8320856	0.014401654
407.296	0.026422473	-5.832394	0.012834222
407.424	0.026532186	-5.8322719	0.0093054284
407.552	0.02691229	-5.8328953	0.0094196783
407.68	0.026588894	-5.8325839	0.011289329
407.808	0.026642721	-5.8321897	0.0082964797
407.936	0.026699627	-5.8324981	0.0075869134
408.064	0.02643291	-5.8322157	0.011276913
408.192	0.026733957	-5.8325703	0.008854845
408.32	0.026978759	-5.8330635	0.009593547
408.448	0.027170976	-5.8330946	0.010062403
408.576	0.027096202	-5.8326721	0.0088935314
408.704	0.026791452	-5.8321848	0.010821
408.832	0.026892283	-5.8325433	0.0099028688
408.96	0.026741098	-5.8323104	0.013311322
409.088	0.027038268	-5.8322021	0.012049373
409.216	0.026957768	-5.8322197	0.0096921043
409.344	0.026756675	-5.8317436	0.014627573
409.472	0.027737112	-5.832954	0.011526827
409.6	0.026563612	-5.8320172	0.014118555
409.728	0.027126081	-5.8322998	0.012783167
409.856	0.027296129	-5.83238	0.012147164
409.984	0.027156445	-5.8319355	0.012277822
410.112	0.027303138	-5.8319582	0.010050615
410.24	0.026758078	-5.8313907	0.012368629
410.368	0.027565165	-5.8320355	0.0075410723
410.496	0.027066302	-5.8317396	0.0098030627
410.624	0.027258796	-5.8315918	0.01085249
410.752	0.027519252	-5.8321452	0.0097873942
410.88	0.027496587	-5.8323199	0.013296196
411.008	0.027379746	-5.8320311	0.015151995
411.136	0.027498661	-5.8322572	0.014101364
411.264	0.027378983	-5.8320556	0.013974062
411.392	0.026967035	-5.8314224	0.011692275
411.52	0.02757834	-5.8322722	0.0074146733
411.648	0.027650449	-5.8323015	0.0088667453
411.776	0.027022379	-5.8317787	0.011270647
411.904	0.0267272	-5.8318397	0.012595837
412.032	0.026984054	-5.8324774	0.014228803
412.16	0.027062531	-5.8324164	0.011345172
412.288	0.026938161	-5.8323299	0.012912903
412.416	0.02730254	-5.8325485	0.012758307
412.544	0.026449774	-5.8317728	0.014737311
412.672	0.027278736	-5.8326026	0.009522032
412.8	0.026683539	-5.8322792	0.01036458
412.928	0.027085553	-5.8331167	0.0077044037
413.056	0.026427104	-5.8322279	0.012587424
413.184	0.026803703	-5.8326476	0.011723736
413.312	0.026761881	-5.8324274	0.011373081
413.44	0.027016674	-5.8328188	0.0094374444
413.568	0.026487739	-5.8326396	0.011964933
413.696	0.026632904	-5.8325775	0.012772347
413.824	0.02683293	-5.83297	0.0091163252
413.952	0.026421069	-5.8324628	0.0077140988
414.08	0.026704173	-5.8327846	0.010810763
414.208	0.026462549	-5.8326395	0.010344502
414.336	0.026757408	-5.8327926	0.0077352764
414.464	0.026896428	-5.832796	0.007410705
414.592	0.026300322	-5.8320925	0.010889977
414.72	0.026751359	-5.8327071	0.011543867
414.848	0.026442982	-5.8319155	0.011008083
414.976	0.026916607	-5.8324516	0.01139412
415.104	0.026914006	-5.8323645	0.0099037993
415.232	0.026858152	-5.8324486	0.010984015
415.36	0.027220749	-5.8328438	0.011390189
415.488	0.027016649	-5.8323912	0.0091851638
415.616	0.027078521	-5.8321677	0.010649134
415.744	0.026862986	-5.8316533	0.012835824
415.872	0.027549104	-5.8323849	0.011778108
416	0.026878331	-5.8318725	0.011093155
416.128	0.026941634	-5.8319582	0.0081974634
416.256	0.027910612	-5.8326372	0.0064800613
416.384	0.027063727	-5.831705	0.010960346
416.512	0.027338032	-5.8318249	0.013131525
416.64	0.027217901	-5.8317811	0.013219593
416.768	0.027409016	-5.8318987	0.014383184
416.896	0.027240858	-5.8316869	0.01522437
417.024	0.027602311	-5.8321929	0.010350933
417.152	0.02751151	-5.8323287	0.010404824
417.28	0.027110189	-5.8319206	0.013309716
417.408	0.027285746	-5.832185	0.011440696
417.536	0.027213183	-5.8320401	0.01235323
417.664	0.027210642	-5.8322217	0.013549138
417.792	0.027125451	-5.8319133	0.014433366
417.92	0.027586045	-5.8323898	0.013028133
418.048	0.027335459	-5.8321902	0.011422427
418.176	0.026856928	-5.8316536	0.010138551
418.304	0.027143981	-5.8321156	0.0088605213
418.432	0.027192789	-5.8322577	0.0091007845
418.56	0.02726665	-5.8328296	0.012971901
418.688	0.027254038	-5.8327403	0.013757259
418.816	0.026567236	-5.8322244	0.013762961
418.944	0.026812253	-5.8327156	0.01087872
419.072	0.027302467	-5.8331192	0.0093568256
419.2	0.026877837	-5.8324569	0.012137873
419.328	0.026583279	-5.83222	0.012935156
419.456	0.02680244	-5.8325558	0.010820104
419.584	0.026571653	-5.832646	0.011435218
419.712	0.026686118	-5.8326903	0.010663172
419.84	0.026304569	-5.8322401	0.011797501
419.968	0.026749607	-5.832645	0.0096335876
420.096	0.026732954	-5.832644	0.0081942888
420.224	0.026699013	-5.832548	0.0080310891
420.352	0.026753189	-5.8328138	0.0096840092
420.48	0.026781857	-5.8329435	0.012031314
420.608	0.026901928	-5.8330437	0.009052999
420.736	0.02642354	-5.8322424	0.0071477584
420.864	0.026773621	-5.8326459	0.0090972842
420.992	0.026727776	-5.8327874	0.01156852
421.12	0.026994708	-5.8328666	0.010547483
421.248	0.026711971	-5.8326268	0.012032015
421.376	0.026526764	-5.8322271	0.013021056
421.504	0.027043689	-5.8325117	0.010147129
421.632	0.027116738	-5.8326119	0.010064729
421.76	0.02687535	-5.832229	0.011034302
421.888	0.026755775	-5.8318965	0.012184187
422.016	0.027183023	-5.8326149	0.011014983
422.144	0.026941882	-5.8318802	0.012423984
422.272	0.027451345	-5.8324234	0.011797596
422.4	0.027217177	-5.8321528	0.012126015
422.528	0.027258666	-5.8320486	0.011700264
422.656	0.027475124	-5.8323751	0.0088710267
422.784	0.027499562	-5.8325671	0.0058079748
422.912	0.026771333	-5.8315521	0.01463494
423.04	0.027265645	-5.831825	0.012434487
423.168	0.027561962	-5.8318814	0.011825961
423.296	0.027515119	-5.8321469	0.012836088
423.424	0.027031654	-5.8316987	0.010952944
423.552	0.027446259	-5.8318094	0.011061932
423.68	0.027150085	-5.8317317	0.012713163
423.808	0.027529075	-5.8323756	0.0093135651
423.936	0.02758286	-5.8321095	0.011388958
424.064	0.027315162	-5.8321516	0.011482174
424.192	0.027381191	-5.8321514	0.0096703491
424.32	0.027387618	-5.8323502	0.0099814645
424.448	0.026980197	-5.8320141	0.01470361
424.576	0.027146881	-5.8320951	0.014296002
424.704	0.026730223	-5.8318735	0.014456688
424.832	0.027209216	-5.8323477	0.015083553
424.96	0.027052895	-5.8322419	0.012386979
425.088	0.027048804	-5.8319061	0.010775953
425.216	0.027039312	-5.8320911	0.011243416
425.344	0.026814795	-5.8319937	0.012709577
425.472	0.026962094	-5.8323098	0.013151607
425.6	0.026817666	-5.8324812	0.010978099
425.728	0.026674048	-5.8329575	0.011786338
425.856	0.026677716	-5.8325123	0.013169541
425.984	0.026574861	-5.8325096	0.009232835
426.112	0.026971187	-5.8329157	0.0076584646
426.24	0.026700215	-5.8325241	0.013252954
426.368	0.026612794	-5.8323559	0.010071563
426.496	0.026697424	-5.8323812	0.008456431
426.624	0.026552844	-5.8324668	0.0084352953
426.752	0.026495069	-5.8325706	0.0069984176
426.88	0.026849987	-5.8331398	0.0099944368
427.008	0.026426694	-5.832662	0.01310176
427.136	0.02709842	-5.8331845	0.0078956263
427.264	0.026924551	-5.8330757	0.0059693526
427.392	0.026480805	-5.8326294	0.010789447
427.52	0.026982895	-5.83317	0.0078520061
427.648	0.026439323	-5.8323184	0.0085972306
427.776	0.027337961	-5.8330398	0.0085159073
427.904	0.026696461	-5.8324292	0.0092701666
428.032	0.027030892	-5.8324893	0.0086548116
428.16	0.026994642	-5.8323758	0.014829674
428.288	0.026734597	-5.8319553	0.016788149
428.416	0.027078442	-5.8320345	0.013110641
428.544	0.027404826	-5.8322769	0.0084693533
428.672	0.027390478	-5.8320739	0.010830042
428.8	0.02682921	-5.8317311	0.012758975
428.928	0.027430019	-5.832275	0.0090098207
429.056	0.027523476	-5.8323921	0.010313543
429.184	0.027076959	-5.8318704	0.0098459733
429.312	0.027165913	-5.8320466	0.012354447
429.44	0.027521761	-5.8322372	0.011223524
429.568	0.027416025	-5.8317559	0.01325244
429.696	0.027713626	-5.8323701	0.012279504
429.824	0.027656969	-5.832402	0.0094300249
429.952	0.027012998	-5.8314923	0.012241845
430.08	0.027513907	-5.8321885	0.015126996
430.208	0.027071447	-5.8316426	0.014071647
430.336	0.027026893	-5.8314933	0.011966506
430.464	0.027690177	-5.8321237	0.010398843
430.592	0.027067636	-5.8318409	0.013730955
430.72	0.027060984	-5.831982	0.014608442
430.848	0.027366231	-5.8324712	0.013368285
430.976	0.027228969	-5.8323525	0.011106146
431.104	0.027332897	-5.8323179	0.012566071
431.232	0.026879286	-5.8323874	0.012410368
431.36	0.027100795	-5.832634	0.010729187
431.488	0.026392358	-5.8319593	0.010396845
431.616	0.02715304	-5.833029	0.0066900613
431.744	0.026631127	-5.8326646	0.0090541128
431.872	0.026698244	-5.8324309	0.010536676
432	0.0266719	-5.8326602	0.01366287
432.128	0.026484469	-5.8321086	0.0089325436
432.256	0.026977769	-5.8328341	0.0077161692
432.384	0.026128438	-5.8321348	0.013281895
432.512	0.026362241	-5.8325682	0.010673481
432.64	0.026914534	-5.8330325	0.010293821
432.768	0.026314454	-5.8324865	0.011209504
432.896	0.026724886	-5.8327223	0.0067119926
433.024	0.026562838	-5.8327624	0.008818453
433.152	0.026909665	-5.8336052	0.0076997185
433.28	0.026114746	-5.8320984	0.0096044615
433.408	0.027041464	-5.8326112	0.010843752
433.536	0.02647868	-5.8322622	0.012306105
433.664	0.027424837	-5.8331087	0.0097978341
433.792	0.026541543	-5.8325332	0.014024357
433.92	0.027141786	-5.8326866	0.009969838
434.048	0.026419429	-5.8320131	0.010727787
434.176	0.026884545	-5.8323025	0.011493696
434.304	0.026831801	-5.8323619	0.012633387
434.432	0.027024847	-5.832421	0.011558619
434.56	0.027051218	-5.8322012	0.012088881
434.688	0.027160774	-5.8322416	0.009253739
434.816	0.027085938	-5.8316219	0.01171716
434.944	0.027380001	-5.8318888	0.015577511
435.072	0.026803742	-5.8315062	0.013865536
435.2	0.02768196	-5.8320783	0.0073766253
435.328	0.027427978	-5.8318693	0.012361036
435.456	0.027294742	-5.8317567	0.011408625
435.584	0.027422696	-5.8319936	0.011142599
435.712	0.02728	-5.8319115	0.013196548
435.84	0.027216052	-5.8318808	0.012166256
435.968	0.027531054	-5.8319065	0.011300024
436.096	0.027210808	-5.8316477	0.011668834
436.224	0.027334485	-5.8317378	0.0098306082
436.352	0.027574637	-5.831861	0.010966746
436.48	0.026901052	-5.831245	0.015030476
436.608	0.027581701	-5.8321987	0.013560845
436.736	0.027379341	-5.832117	0.012253513
436.864	0.027294751	-5.8323391	0.011635273
436.992	0.026916804	-5.8319974	0.012161875
437.12	0.027588232	-5.8325599	0.0091008369
437.248	0.026535246	-5.8315209	0.015222828
437.376	0.027346311	-5.8328611	0.012422656
437.504	0.026909641	-5.8325759	0.012872964
437.632	0.027178244	-5.8328941	0.011322248
437.76	0.02711919	-5.8329784	0.0128785
437.888	0.026638616	-5.8319305	0.013070081
438.016	0.02674384	-5.832104	0.011361715
438.144	0.026830977	-5.8325628	0.011063228
438.272	0.026655225	-5.8325514	0.01127944
438.4	0.026557996	-5.8325094	0.010214086
438.528	0.026531793	-5.8324595	0.0090160596
438.656	0.026839349	-5.8327194	0.010532289
438.784	0.026865352	-5.8324875	0.010082731
438.912	0.026536276	-5.8322989	0.0094009235
439.04	0.026308119	-5.8324363	0.010956537
439.168	0.026655424	-5.8328804	0.0067984828
439.296	0.026763595	-5.8329641	0.0089028637
439.424	0.026716893	-5.8326801	0.0090210147
439.552	0.026688242	-5.832407	0.0099959504
439.68	0.026649564	-5.8324629	0.0079029324
439.808	0.026706137	-5.832531	0.0098975706
439.936	0.02650849	-5.8324798	0.011889842
440.064	0.026217933	-5.8318771	0.012636679
440.192	0.026817317	-5.8322278	0.0085796779
440.32	0.02723886	-5.8331583	0.0075425719
440.448	0.026410893	-5.8319638	0.011989032
440.576	0.027062893	-5.8326582	0.00914754
440.704	0.027121966	-5.8325663	0.0092375688
440.832	0.026744266	-5.8318306	0.010024679
440.96	0.026992685	-5.8316418	0.0093224923
441.088	0.027291943	-5.8319787	0.010526005
441.216	0.027402258	-5.8321877	0.011499473
441.344	0.02680493	-5.8314809	0.014154999
441.472	0.027870263	-5.8325877	0.0072988831
441.6	0.027532444	-5.8323028	0.012493896
441.728	0.027441172	-5.8320213	0.015837839
441.856	0.027723948	-5.8322453	0.012222196
441.984	0.027133373	-5.8316124	0.013621208
442.112	0.026896884	-5.8313303	0.012374945
442.24	0.027859343	-5.831859	0.0090212287
442.368	0.027588383	-5.8321471	0.011926241
442.496	0.027395189	-5.8316639	0.013987961
442.624	0.027437033	-5.8315146	0.010540605
442.752	0.027123406	-5.8312379	0.013490547
442.88	0.027839829	-5.8324128	0.013077654
443.008	0.027172432	-5.8316517	0.016884753
443.136	0.026848063	-5.8312093	0.013721527
443.264	0.027823152	-5.8325513	0.0090090845
443.392	0.027418398	-5.8321614	0.011928335
443.52	0.026762894	-5.8316103	0.01423772
443.648	0.0270534	-5.8321699	0.010489167
443.776	0.027044631	-5.8319891	0.01274137
443.904	0.027143463	-5.8323279	0.013344652
444.032	0.027120938	-5.8325562	0.011196904
444.16	0.026548255	-5.8322489	0.013663319
444.288	0.026650344	-5.8322371	0.012627638
444.416	0.026663197	-5.8320543	0.010917807
444.544	0.026884786	-5.8325163	0.0092481611
444.672	0.026123747	-5.8322827	0.0071461247
444.8	0.027055297	-5.8331461	0.0062576746
444.928	0.026678426	-5.8324995	0.012553512
445.056	0.026041141	-5.8321332	0.012716191
445.184	0.026698507	-5.8329782	0.0081524073
445.312	0.026818835	-5.8329006	0.0091905625
445.44	0.026266862	-5.8328825	0.0097531928
445.568	0.026596352	-5.8329859	0.0080597156
445.696	0.026598766	-5.8329582	0.0095199764
445.824	0.026672569	-5.8328073	0.0078963973
445.952	0.0266162	-5.8325715	0.011480317
446.08	0.026566785	-5.8324967	0.014934488
446.208	0.026455809	-5.8322849	0.012510644
446.336	0.027074829	-5.8325701	0.0091956364
446.464	0.026798538	-5.8322028	0.0085977549
446.592	0.026700226	-5.8323247	0.011481131
446.72	0.026890836	-5.832319	0.012215966
446.848	0.02716957	-5.8322584	0.0085254588
446.976	0.026810399	-5.8317131	0.0094244432
447.104	0.02708476	-5.8319775	0.010512238
447.232	0.027459575	-5.8324319	0.010066492
447.36	0.02717149	-5.8322257	0.011885577
447.488	0.027456797	-5.8323775	0.010535322
447.616	0.026837702	-5.8317843	0.013068792
447.744	0.027214693	-5.8318151	0.01039831
447.872	0.027524171	-5.8321358	0.010040213
448	0.027609161	-5.8321306	0.010474696
448.128	0.027051637	-5.8318207	0.01189415
448.256	0.02743403	-5.8319353	0.014115735
448.384	0.027442985	-5.8319954	0.013810248
448.512	0.027528046	-5.8322794	0.013159744
448.64	0.027122338	-5.8315564	0.012039708
448.768	0.027358054	-5.8320002	0.011845199
448.896	0.02763961	-5.831896	0.015176141
449.024	0.027539076	-5.8319119	0.014443794
449.152	0.026698483	-5.8311207	0.013326759
449.28	0.027382362	-5.8318845	0.014205812
449.408	0.027257797	-5.8320145	0.013350588
449.536	0.027292769	-5.831999	0.0097409461
449.664	0.027011957	-5.831962	0.011230921
449.792	0.027622564	-5.8330921	0.0090123495
449.92	0.027004244	-5.8325639	0.010005036
450.048	0.026877364	-5.8323885	0.0080753357
450.176	0.026766905	-5.831897	0.0080026369
450.304	0.026930848	-5.8320798	0.0089083636
450.432	0.026551091	-5.8323096	0.010920066
450.56	0.026577474	-5.8321775	0.01097183
450.688	0.026533568	-5.8323984	0.011053883
450.816	0.026673716	-5.8323931	0.011154704
450.944	0.0269954	-5.8323792	0.009185409
451.072	0.026483772	-5.8321512	0.00781602
451.2	0.026728701	-5.8327836	0.0093639104
451.328	0.026443576	-5.8327862	0.012488725
451.456	0.026506666	-5.8328176	0.01259499
451.584	0.027000692	-5.8334024	0.010043812
451.712	0.026073695	-5.832126	0.012473629
451.84	0.026267286	-5.8323952	0.012007748
451.968	0.026842527	-5.8329855	0.0099879149
452.096	0.026753531	-5.8326793	0.0092287684
452.224	0.026418027	-5.8324169	0.011579973
452.352	0.027073679	-5.8325328	0.010545503
452.48	0.026757445	-5.8323595	0.0094043703
452.608	0.02702366	-5.8325901	0.0077912911
452.736	0.026172856	-5.8314951	0.011924512
452.864	0.026878735	-5.8325522	0.0090970854
452.992	0.027609233	-5.8329764	0.0075661509
453.12	0.027111868	-5.8322224	0.011658109
453.248	0.027127718	-5.8327398	0.013587797
453.376	0.026494411	-5.8320373	0.014156036
453.504	0.027299983	-5.8325478	0.010149083
453.632	0.027191864	-5.8324519	0.010333718
453.76	0.027227085	-5.8320623	0.012407339
453.888	0.027213259	-5.8324344	0.013960679
454.016	0.027367278	-5.8319659	0.013130572
454.144	0.027052517	-5.8316801	0.014266923
454.272	0.027495824	-5.8319638	0.012440263
454.4	0.027950883	-5.8322599	0.0080085129
454.528	0.027056857	-5.831655	0.012020502
454.656	0.027532058	-5.8319525	0.014588593
454.784	0.027159688	-5.8318255	0.014142346
454.912	0.027405573	-5.8323551	0.0098309625
455.04	0.027926158	-5.8326849	0.0074646947
455.168	0.027669539	-5.8324687	0.010795169
455.296	0.027042379	-5.8317184	0.013437552
455.424	0.02712921	-5.8318702	0.013265799
455.552	0.027021256	-5.8318329	0.012306079
455.68	0.027262018	-5.8325655	0.010318281
455.808	0.027302165	-5.8326525	0.0095150631
455.936	0.02673305	-5.832172	0.013225525
456.064	0.026824392	-5.8321637	0.010653309
456.192	0.026914618	-5.8323725	0.010545624
456.32	0.027024567	-5.8324226	0.012648737
456.448	0.026897289	-5.8324005	0.012833929
456.576	0.026734458	-5.8321188	0.013885741
456.704	0.027278889	-5.8330358	0.010359074
456.832	0.027216241	-5.8330403	0.0098834438
456.96	0.026475405	-5.8320997	0.0098014161
457.088	0.026711643	-5.8325058	0.0093278162
457.216	0.027045678	-5.8330893	0.0098289313
457.344	0.026496628	-5.832706	0.012313319
457.472	0.026459961	-5.8323757	0.012749005
457.6	0.026826165	-5.8328518	0.011638211
457.728	0.02662791	-5.8324445	0.009523759
457.856	0.026724935	-5.8328995	0.0088482503
457.984	0.026566649	-5.8327027	0.010558853
458.112	0.026112675	-5.8324251	0.013880147
458.24	0.026884548	-5.8331523	0.0083754846
458.368	0.026400429	-5.832608	0.0088060857
458.496	0.026606294	-5.8325437	0.0092086372
458.624	0.026569685	-5.8324824	0.0097150111
458.752	0.026799822	-5.8325187	0.01116687
458.88	0.026712161	-5.8323318	0.0089065211
459.008	0.025988261	-5.8316984	0.01090002
459.136	0.02735795	-5.8330473	0.0075745409
459.264	0.026885342	-5.8322695	0.011049326
459.392	0.027234023	-5.8325554	0.015083711
459.52	0.026868942	-5.832014	0.012713326
459.648	0.026996377	-5.8322132	0.014158522
459.776	0.027000376	-5.8319618	0.014408038
459.904	0.027070114	-5.8318228	0.012144259
460.032	0.027360161	-5.832185	0.01494058
460.16	0.027258801	-5.831729	0.015245158
460.288	0.027242013	-5.8319509	0.014318079
460.416	0.02715192	-5.8316973	0.013530394
460.544	0.02725922	-5.8313756	0.012029696
460.672	0.02733742	-5.8316752	0.010447179
460.8	0.027252282	-5.8320081	0.01414772
460.928	0.027481932	-5.8320133	0.011541836
461.056	0.027645921	-5.8324265	0.0081539818
461.184	0.027090284	-5.8318789	0.010660173
461.312	0.02728657	-5.8321501	0.012766356
461.44	0.027598	-5.8321187	0.011447971
461.568	0.027211188	-5.831947	0.012673685
461.696	0.02727038	-5.8321493	0.012672411
461.824	0.027308095	-5.832031	0.010254283
461.952	0.027583597	-5.832505	0.010457099
462.08	0.026880008	-5.8317822	0.013548692
462.208	0.026901345	-5.8318763	0.0095344204
462.336	0.0267697	-5.8316744	0.01046456
462.464	0.02697558	-5.8318875	0.01232332
462.592	0.027034496	-5.8322327	0.008891992
462.72	0.027326833	-5.8324547	0.008266358
462.848	0.026560485	-5.8318423	0.010655189
462.976	0.027020163	-5.8321797	0.011379913
463.104	0.026472854	-5.8319544	0.013231295
463.232	0.026629281	-5.8325004	0.010649752
463.36	0.027031621	-5.8330103	0.011171592
463.488	0.026396693	-5.8322958	0.012542181
463.616	0.026744271	-5.8327963	0.0098014111
463.744	0.026716052	-5.83263	0.01354183
463.872	0.026295716	-5.8321403	0.010860144
464	0.026215	-5.8322858	0.012497376
464.128	0.026715492	-5.8327923	0.010957379
464.256	0.026613202	-5.8327054	0.011920636
464.384	0.026594808	-5.8328908	0.0087792225
464.512	0.026108889	-5.8320089	0.011759767
464.64	0.026763941	-5.8328412	0.0089306263
464.768	0.026547699	-5.8326567	0.0082535343
464.896	0.026927536	-5.8328574	0.010210871
465.024	0.026760568	-5.8325355	0.011588407
465.152	0.026858776	-5.8326257	0.0087437714
465.28	0.027318631	-5.8326543	0.0086347572
465.408	0.026920542	-5.8324907	0.008729015
465.536	0.026595991	-5.8321924	0.010047474
465.664	0.026833597	-5.8323936	0.013897473
465.792	0.027505485	-5.8327928	0.0062373145
465.92	0.02667892	-5.8316195	0.0064486609
466.048	0.027322153	-5.832319	0.010901809
466.176	0.026995622	-5.8317264	0.014041259
466.304	0.027281416	-5.8320322	0.012064198
466.432	0.027432275	-5.8323289	0.012913878
466.56	0.027200991	-5.8322401	0.012460812
466.688	0.027024734	-5.8318158	0.010736863
466.816	0.027349533	-5.8317921	0.013075799
466.944	0.02742291	-5.8324551	0.013358365
467.072	0.027173618	-5.8318504	0.013269275
467.2	0.027174154	-5.8314646	0.011500678
467.328	0.027545004	-5.832125	0.010014096
467.456	0.027291794	-5.8318778	0.013738641
467.584	0.027712947	-5.8324796	0.012168589
467.712	0.02677835	-5.8314185	0.014286779
467.84	0.027444483	-5.8321661	0.011073549
467.968	0.027112995	-5.8318139	0.011264014
468.096	0.027978839	-5.832742	0.0087114446
468.224	0.027076213	-5.8321231	0.010775626
468.352	0.027188845	-5.8323135	0.011043311
468.48	0.027314708	-5.8321129	0.013436854
468.608	0.026462408	-5.8313937	0.015469451
468.736	0.027068093	-5.8319225	0.0107274
468.864	0.027282861	-5.8322468	0.0093831113
468.992	0.027032731	-5.8321856	0.011598269
469.12	0.02671112	-5.8316024	0.01151351
469.248	0.026929139	-5.8321554	0.010839857
469.376	0.026838685	-5.8321718	0.0091064825
469.504	0.026755213	-5.8324766	0.0097446827
469.632	0.026861506	-5.8328014	0.010740186
469.76	0.02681144	-5.8326333	0.011956262
469.888	0.027064248	-5.8327394	0.010434201
470.016	0.025949838	-5.8320991	0.011689114
470.144	0.026824672	-5.8325387	0.012454321
470.272	0.026236527	-5.8323187	0.010049647
470.4	0.026494408	-5.8326683	0.009177408
470.528	0.026659355	-5.8327277	0.010067655
470.656	0.027081107	-5.8332575	0.010362949
470.784	0.026305532	-5.8323441	0.010728046
470.912	0.026808134	-5.8326641	0.0090483356
471.04	0.026440644	-5.8326525	0.010697895
471.168	0.026891177	-5.8326278	0.0066221951
471.296	0.026236003	-5.8319445	0.0074045404
471.424	0.027452067	-5.8333998	0.0077909095
471.552	0.026419004	-5.8322137	0.0149982
471.68	0.026820378	-5.8325577	0.011100038
471.808	0.026816324	-5.8324465	0.012754415
471.936	0.026946959	-5.8323978	0.0096870301
472.064	0.026584077	-5.8322454	0.0099263628
472.192	0.027164196	-5.8328841	0.0081538654
472.32	0.027249642	-5.8324091	0.010464852
472.448	0.02717555	-5.8322158	0.0075677215
472.576	0.026880873	-5.8322036	0.01166709
472.704	0.027434775	-5.8322437	0.012905707
472.832	0.027238758	-5.8317203	0.015639703
472.96	0.027223287	-5.8313923	0.015240072
473.088	0.02783297	-5.8324605	0.01095319
473.216	0.02720026	-5.8317186	0.011380069
473.344	0.027304363	-5.8319547	0.01245339
473.472	0.027061539	-5.8315687	0.011561529
473.6	0.027538737	-5.8321798	0.012506294
473.728	0.027267084	-5.8315947	0.016753826
473.856	0.027704163	-5.8321364	0.013766034
473.984	0.02745466	-5.8320242	0.01198996
474.112	0.027291515	-5.8316289	0.013113819
474.24	0.02760385	-5.8321714	0.0078330635
474.368	0.027371318	-5.8320772	0.0074472997
474.496	0.027113881	-5.8316731	0.01380849
474.624	0.027258673	-5.8317525	0.015594407
474.752	0.027157488	-5.8318153	0.013277368
474.88	0.027065318	-5.8320023	0.017306685
475.008	0.026923246	-5.8324044	0.014146765
475.136	0.02685851	-5.8320776	0.0082129491
475.264	0.026939078	-5.8319542	0.010620986
475.392	0.027230736	-5.8324634	0.0077119496
475.52	0.027340465	-5.8329298	0.01072457
475.648	0.026918571	-5.832528	0.012383328
475.776	0.026113416	-5.8317519	0.014539869
475.904	0.026744332	-5.8326207	0.011788252
476.032	0.026518128	-5.8321919	0.010271953
476.16	0.026533569	-5.8323365	0.0084523084
476.288	0.026518293	-5.8324926	0.0089527085
476.416	0.026820579	-5.8328267	0.0076429703
476.544	0.026709655	-5.8327833	0.0057803992
476.672	0.026678546	-5.8327734	0.0086154171
476.8	0.026284738	-5.8323532	0.011903549
476.928	0.026819858	-5.8330523	0.009023951
477.056	0.026567527	-5.8328118	0.010563289
477.184	0.026442961	-5.8327324	0.011566661
477.312	0.026500139	-5.8326978	0.011904445
477.44	0.026929545	-5.8328524	0.0074993437
477.568	0.026846315	-5.8327001	0.0094584987
477.696	0.026894658	-5.8323753	0.0095926227
477.824	0.026974081	-5.8324035	0.0077359289
477.952	0.026696794	-5.8319976	0.011548191
478.08	0.02644424	-5.8318665	0.0096576756
478.208	0.027382173	-5.8327238	0.0073868305
478.336	0.026935225	-5.8323207	0.010877567
478.464	0.026718716	-5.8319337	0.010457467
478.592	0.027531426	-5.8325382	0.0088721602
478.72	0.027451101	-5.8323307	0.010805402
478.848	0.02695004	-5.8322057	0.011164278
478.976	0.027295711	-5.8320874	0.009500244
479.104	0.027126203	-5.8320548	0.010836912
479.232	0.027795417	-5.8325925	0.012631376
479.36	0.027238697	-5.831551	0.014627727
479.488	0.027254669	-5.8316092	0.012177343
479.616	0.027367899	-5.8316737	0.016304544
479.744	0.027621151	-5.8319325	0.015192459
479.872	0.02780491	-5.8323754	0.010138948
480	0.027315396	-5.8317588	0.014211967
480.128	0.026778295	-5.8315117	0.012264298
480.256	0.027483581	-5.8320091	0.0093398034
480.384	0.027429342	-5.8319981	0.009133656
480.512	0.027544124	-5.8318803	0.0093790066
480.64	0.026930599	-5.8318571	0.012126302
480.768	0.027483815	-5.8323517	0.0094781721
480.896	0.027169572	-5.8319737	0.0089443706
481.024	0.027384927	-5.8323628	0.010834864
481.152	0.027116584	-5.8319058	0.011317208
481.28	0.027375933	-5.8324928	0.006169359
481.408	0.026807639	-5.8318609	0.010098809
481.536	0.026710684	-5.8318028	0.01212609
481.664	0.026652993	-5.8320585	0.0080752063
481.792	0.027080941	-5.8328567	0.0081361754
481.92	0.026352693	-5.8321661	0.011610124
482.048	0.027085986	-5.8330852	0.0096839689
482.176	0.026841121	-5.8330728	0.012057311
482.304	0.026951422	-5.8332551	0.011173767
482.432	0.026371457	-5.8323966	0.013228869
482.56	0.026470075	-5.83224	0.011654204
482.688	0.026637231	-5.8325379	0.0089940854
482.816	0.026471001	-5.8321502	0.012233759
482.944	0.026442173	-5.8323676	0.012075663
483.072	0.026732831	-5.8330352	0.010166824
483.2	0.026556651	-5.8329308	0.013097815
483.328	0.026772817	-5.8327454	0.0090876777
483.456	0.0264962	-5.8323035	0.0095205253
483.584	0.026532987	-5.832642	0.011001259
483.712	0.027090237	-5.8330847	0.010239682
483.84	0.026421165	-5.8323944	0.0094506002
483.968	0.026864901	-5.8324227	0.006875738
484.096	0.026906915	-5.8323652	0.010967604
484.224	0.026897981	-5.8324958	0.012779775
484.352	0.026553773	-5.8320163	0.012932512
484.48	0.027047434	-5.8322393	0.011148428
484.608	0.027084898	-5.8319739	0.012088157
484.736	0.026673988	-5.8315499	0.010244055
484.864	0.027289693	-5.8320875	0.0083343692
484.992	0.026924915	-5.8318579	0.012562566
485.12	0.027265143	-5.8320341	0.011867669
485.248	0.026966764	-5.8315267	0.011078478
485.376	0.027185853	-5.8317311	0.0081680074
485.504	0.027375328	-5.8318767	0.011160831
485.632	0.027425125	-5.8320613	0.013352025
485.76	0.027366636	-5.8318575	0.011569874
485.888	0.027119436	-5.8316775	0.011618595
486.016	0.027508538	-5.8319505	0.012130783
486.144	0.027821873	-5.8323534	0.010602213
486.272	0.027049089	-5.8319391	0.0098114989
486.4	0.027292045	-5.8319822	0.011875316
486.528	0.02729561	-5.8318756	0.015245386
486.656	0.027405667	-5.8321556	0.011054942
486.784	0.027771021	-5.8323725	0.0096832342
486.912	0.02722455	-5.8319144	0.014271305
487.04	0.027189584	-5.8320446	0.014102978
487.168	0.027388424	-5.8321991	0.011607309
487.296	0.027157799	-5.8318776	0.012300187
487.424	0.027306976	-5.8322131	0.014661978
487.552	0.027120622	-5.8321489	0.013483442
487.68	0.027443488	-5.8324346	0.0094085949
487.808	0.026593242	-5.8318589	0.012680539
487.936	0.027209762	-5.8329523	0.011069727
488.064	0.026836709	-5.8321867	0.010987109
488.192	0.026812417	-5.8322227	0.014471071
488.32	0.026392508	-5.8322551	0.012109607
488.448	0.02671036	-5.832571	0.0071827354
488.576	0.026714858	-5.8326369	0.0084541794
488.704	0.02688137	-5.8329655	0.0051568869
488.832	0.026616629	-5.8327936	0.0075294535
488.96	0.026502229	-5.8329195	0.013285722
489.088	0.026819954	-5.8328489	0.010295523
489.216	0.026561193	-5.8326442	0.010351266
489.344	0.026502983	-5.8327306	0.0078230865
489.472	0.026760721	-5.8327567	0.0054075858
489.6	0.026221378	-5.8323779	0.010067425
489.728	0.02666515	-5.8328911	0.013495015
489.856	0.026868017	-5.8328936	0.0098812948
489.984	0.026438607	-5.8322789	0.011557117
490.112	0.026457497	-5.8322405	0.010313788
490.24	0.026921337	-5.8327629	0.010037036
490.368	0.026470623	-5.8321843	0.013368788
490.496	0.027218731	-5.8329594	0.011207162
490.624	0.026754754	-5.8325142	0.010966374
490.752	0.027510152	-5.83291	0.0084403572
490.88	0.026796398	-5.8320744	0.0097513952
491.008	0.026932935	-5.8322989	0.0092505653
491.136	0.026641451	-5.8319622	0.0095845391
491.264	0.02694354	-5.8320737	0.0083467476
491.392	0.026699683	-5.83152	0.013580678
491.52	0.02760725	-5.8325664	0.009274408
491.648	0.027444026	-5.8322181	0.011642643
491.776	0.027421759	-5.8319579	0.012345223
491.904	0.027410607	-5.8320657	0.011068674
492.032	0.02745275	-5.8318729	0.011955114
492.16	0.027300585	-5.8317936	0.012396799
492.288	0.027447243	-5.8319711	0.012477514
492.416	0.027362635	-5.8318326	0.016588817
492.544	0.027947011	-5.8323859	0.015014181
492.672	0.027501578	-5.8318468	0.011701345
492.8	0.027417115	-5.8319149	0.0079789288
492.928	0.027389943	-5.8315487	0.0076844893
493.056	0.027328135	-5.8317042	0.010930105
493.184	0.027733036	-5.8326631	0.012397426
493.312	0.027045245	-5.8320863	0.012949035
493.44	0.027651841	-5.8324792	0.0093830504
493.568	0.027373913	-5.8321445	0.0095362695
493.696	0.027318271	-5.8320799	0.0099262855
493.824	0.027074176	-5.8321832	0.012983057
493.952	0.026955248	-5.8321819	0.011600055
494.08	0.026808321	-5.8322421	0.014488515
494.208	0.027102818	-5.8324936	0.011397973
494.336	0.027060614	-5.8325112	0.010652726
494.464	0.026899508	-5.83265	0.010890249
494.592	0.026712796	-5.8326017	0.011480483
494.72	0.026666322	-5.8324943	0.014024769
494.848	0.02666483	-5.8324654	0.014717524
494.976	0.027052434	-5.8328212	0.011751934
495.104	0.026684806	-5.832464	0.011913673
495.232	0.026334174	-5.8323416	0.012968182
495.36	0.026753293	-5.8327002	0.0080319683
495.488	0.026699823	-5.8329933	0.010414042
495.616	0.026528863	-5.83246	0.011971207
495.744	0.026717769	-5.8327498	0.0066847016
495.872	0.026164735	-5.8326518	0.0085640506
496	0.026539797	-5.8329322	0.0075053766
496.128	0.026536112	-5.8327705	0.0083871119
496.256	0.026387725	-5.8325273	0.0092413382
496.384	0.026605975	-5.8324931	0.008690269
496.512	0.026687502	-5.8326303	0.0098054664
496.64	0.026264924	-5.8318568	0.012787223
496.768	0.026703155	-5.8323523	0.01192391
496.896	0.027487859	-5.8331054	0.0071768579
497.024	0.026860111	-5.8326523	0.0093751844
497.152	0.026623847	-5.8325795	0.011513548
497.28	0.027008625	-5.8324961	0.011359666
497.408	0.0272047	-5.8327582	0.013889451
497.536	0.026966353	-5.832235	0.012134226
497.664	0.02709619	-5.832156	0.0086134658
497.792	0.027333493	-5.8319063	0.013283818
497.92	0.027623773	-5.8321829	0.01337462
498.048	0.027731517	-5.8322182	0.010724107
498.176	0.027112281	-5.8316556	0.011097853
498.304	0.026650064	-5.8312663	0.014605369
498.432	0.027574621	-5.8321588	0.009273454
498.56	0.027155953	-5.8317176	0.0090676446
498.688	0.027648259	-5.8318035	0.010945119
498.816	0.027422281	-5.8315183	0.014167111
498.944	0.027407823	-5.8319305	0.01183938
499.072	0.02779884	-5.8325388	0.011429236
499.2	0.027070736	-5.8318534	0.012989517
499.328	0.027671415	-5.8321715	0.012224022
499.456	0.027702468	-5.8322636	0.013012014
499.584	0.027549642	-5.832121	0.012556739
499.712	0.027392635	-5.8321564	0.012633859
499.84	0.027369283	-5.8324084	0.011723878
499.968	0.027332272	-5.832324	0.0089415246
