0	0.027292326	-5.8227988	0.045186189
0.128	0.027421095	-5.8234014	0.039089064
0.256	0.027107501	-5.8232563	0.036364521
0.384	0.027713321	-5.8235959	0.037057683
0.512	0.027785865	-5.8237727	0.037166207
0.64	0.027349301	-5.8234529	0.036829905
0.768	0.02769136	-5.823563	0.034815351
0.896	0.027355714	-5.8231125	0.036532456
1.024	0.027711618	-5.8237132	0.034102629
1.152	0.027958713	-5.8244027	0.033111534
1.28	0.027486479	-5.8240141	0.035612297
1.408	0.027209689	-5.8238617	0.033582325
1.536	0.027078554	-5.8240109	0.036234307
1.664	0.027205961	-5.8241096	0.037199777
1.792	0.027148855	-5.8242796	0.038594092
1.92	0.026903214	-5.8243423	0.036448827
2.048	0.026725567	-5.8243659	0.033357648
2.176	0.026754408	-5.8245419	0.038191966
2.304	0.02647445	-5.824786	0.03558185
2.432	0.026216065	-5.8245622	0.030822145
2.56	0.026516421	-5.8250726	0.032860174
2.688	0.026329569	-5.824946	0.034463127
2.816	0.026040702	-5.8248098	0.032491775
2.944	0.026394745	-5.8251846	0.031175157
3.072	0.026484719	-5.8255232	0.031235026
3.2	0.02662931	-5.8256427	0.031990972
3.328	0.026356277	-5.8254941	0.033455635
3.456	0.026351435	-5.8254182	0.03134225
3.584	0.025963227	-5.8248862	0.034033053
3.712	0.026498436	-5.8255632	0.033291001
3.84	0.026190755	-5.8253284	0.035775104
3.968	0.026444114	-5.8255035	0.036939038
4.096	0.026567218	-5.8250375	0.034115106
4.224	0.026463897	-5.8250148	0.034672589
4.352	0.026695902	-5.8251872	0.03181238
4.48	0.026659568	-5.8250385	0.032464704
4.608	0.026251669	-5.8248344	0.035468187
4.736	0.027026199	-5.8258956	0.03488304
4.864	0.027034129	-5.8255567	0.03560841
4.992	0.027050851	-5.8251675	0.037530218
5.12	0.026759103	-5.8246553	0.039886026
5.248	0.026498364	-5.8240293	0.041871559
5.376	0.027760345	-5.8254612	0.037853503
5.504	0.026898192	-5.8248472	0.037445722
5.632	0.027018691	-5.8245574	0.036959244
5.76	0.027563852	-5.8246452	0.035805059
5.888	0.027733313	-5.8246312	0.036473294
6.016	0.027760422	-5.8244383	0.037665408
6.144	0.027639289	-5.8241271	0.039803135
6.272	0.027677162	-5.8238678	0.038910122
6.4	0.027222412	-5.8236097	0.039474212
6.528	0.027741855	-5.8245815	0.039920874
6.656	0.027787906	-5.8242999	0.040267055
6.784	0.027221843	-5.8239021	0.037016041
6.912	0.028078328	-5.8249546	0.032150698
7.04	0.02761315	-5.824242	0.036060833
7.168	0.027616784	-5.8243517	0.040439774
7.296	0.027465935	-5.8242171	0.039412284
7.424	0.027406442	-5.8243612	0.037308384
7.552	0.027841398	-5.8247878	0.037592192
7.68	0.027466649	-5.8243456	0.038167222
7.808	0.02742143	-5.8246261	0.040687436
7.936	0.026956025	-5.824369	0.039365991
8.064	0.027492624	-5.8252686	0.036615838
8.192	0.027143714	-5.825206	0.037959321
8.32	0.026863762	-5.8252653	0.038190411
8.448	0.026747695	-5.8252397	0.036150416
8.576	0.026765764	-5.8253512	0.03434922
8.704	0.026580558	-5.825091	0.036366309
8.832	0.026684186	-5.8256914	0.032897728
8.96	0.027084448	-5.8261542	0.031723691
9.088	0.02642712	-5.8255148	0.034547967
9.216	0.026347518	-5.825405	0.034213818
9.344	0.026127564	-5.8253663	0.037612588
9.472	0.026525949	-5.8259246	0.034417395
9.6	0.026139846	-5.8252926	0.033089692
9.728	0.026221934	-5.8253105	0.03212443
9.856	0.026291194	-5.8255278	0.030923867
9.984	0.026509854	-5.8260614	0.033853502
10.112	0.026357833	-5.8257355	0.032858344
10.24	0.026548382	-5.8258553	0.029197769
10.368	0.025925962	-5.8249539	0.032870936
10.496	0.02654809	-5.8258033	0.030783468
10.624	0.026291031	-5.8255615	0.03281884
10.752	0.026752627	-5.8257384	0.035148829
10.88	0.026995596	-5.826058	0.035554552
11.008	0.0270455	-5.8256171	0.032536346
11.136	0.026681233	-5.8251959	0.0350056
11.264	0.027227534	-5.8257311	0.036356756
11.392	0.027049536	-5.8255371	0.035778039
11.52	0.026585334	-5.8246728	0.037557389
11.648	0.027370091	-5.8253067	0.0358797
11.776	0.027485999	-5.825105	0.036573135
11.904	0.027257765	-5.8250801	0.037924322
12.032	0.027029537	-5.8246635	0.036232151
12.16	0.027761367	-5.8250712	0.034266476
12.288	0.027386907	-5.8246065	0.034792606
12.416	0.027994438	-5.8252278	0.033799021
12.544	0.027806918	-5.8253551	0.036747019
12.672	0.027195795	-5.8246141	0.037334255
12.8	0.027831613	-5.8253869	0.036906496
12.928	0.027210144	-5.824618	0.039041287
13.056	0.027271368	-5.8248611	0.037395221
13.184	0.027447464	-5.8250021	0.036618357
13.312	0.028017875	-5.8257375	0.034920067
13.44	0.027523859	-5.8254707	0.034966228
13.568	0.027336002	-5.8253398	0.036042137
13.696	0.027706328	-5.8255857	0.033618838
13.824	0.027370412	-5.8256216	0.036796405
13.952	0.026794076	-5.825057	0.035679754
14.08	0.027448813	-5.8255611	0.031834015
14.208	0.02652074	-5.8247014	0.038595101
14.336	0.027014712	-5.8254492	0.036322381
14.464	0.027241322	-5.8260963	0.032232366
14.592	0.026180498	-5.8251141	0.03876389
14.72	0.02713281	-5.826196	0.035184359
14.848	0.026838879	-5.8260411	0.038015768
14.976	0.026826446	-5.826133	0.0360974
15.104	0.026461873	-5.8260713	0.03505615
15.232	0.026663064	-5.8264195	0.033499587
15.36	0.026598618	-5.8265562	0.031097153
15.488	0.026210244	-5.8260889	0.033244618
15.616	0.026525246	-5.8264941	0.033366913
15.744	0.026098887	-5.826233	0.032214651
15.872	0.026440834	-5.8265129	0.031251843
16	0.026411979	-5.826399	0.034976763
16.128	0.026262977	-5.8263174	0.032844168
16.256	0.025868318	-5.8258007	0.034652229
16.384	0.026436388	-5.8261893	0.033957888
16.512	0.026487572	-5.8261557	0.031411799
16.64	0.026346283	-5.8259975	0.035870775
16.768	0.026380747	-5.8258257	0.038995905
16.896	0.026789485	-5.8263202	0.035114441
17.024	0.026752385	-5.8263856	0.037441326
17.152	0.026244775	-5.8251654	0.036446896
17.28	0.026864251	-5.8257232	0.033564247
17.408	0.026579141	-5.8251292	0.038239563
17.536	0.027406712	-5.8258426	0.03393885
17.664	0.027219101	-5.825486	0.035688555
17.792	0.026832475	-5.8250984	0.037836747
17.92	0.027978231	-5.8261123	0.031888434
18.048	0.027479903	-5.8253964	0.0350736
18.176	0.027154694	-5.8249523	0.036006645
18.304	0.027535775	-5.8252478	0.033363476
18.432	0.027637735	-5.8253133	0.037312238
18.56	0.028443029	-5.826119	0.031750682
18.688	0.027008174	-5.8244947	0.037910442
18.816	0.027959716	-5.82553	0.037144486
18.944	0.027811857	-5.8249486	0.036440996
19.072	0.027572132	-5.8250215	0.036912083
19.2	0.027499743	-5.8250691	0.036557572
19.328	0.027354593	-5.8250466	0.034342116
19.456	0.027618799	-5.8252824	0.035589136
19.584	0.027482525	-5.8254569	0.037778743
19.712	0.027200978	-5.825153	0.038638485
19.84	0.02703155	-5.8251539	0.035837305
19.968	0.027195254	-5.8255745	0.037541606
20.096	0.027446827	-5.8257422	0.038039666
20.224	0.027271623	-5.8257881	0.039975154
20.352	0.027629876	-5.8265949	0.035479011
20.48	0.026695062	-5.825365	0.0365706
20.608	0.027238583	-5.8264651	0.033565536
20.736	0.026805783	-5.825969	0.036511259
20.864	0.027017042	-5.8265299	0.036624768
20.992	0.026496604	-5.8261118	0.035149781
21.12	0.026705014	-5.8262679	0.031511011
21.248	0.026377823	-5.8266113	0.035261378
21.376	0.026842678	-5.8272069	0.034223965
21.504	0.026346316	-5.826556	0.034269289
21.632	0.026349757	-5.8268329	0.033764937
21.76	0.026707094	-5.8268995	0.030715848
21.888	0.025952783	-5.826394	0.031037808
22.016	0.026498207	-5.8270174	0.030565536
22.144	0.025978468	-5.8265069	0.032555665
22.272	0.026050824	-5.8263965	0.033551227
22.4	0.026685796	-5.8268526	0.033193966
22.528	0.026555828	-5.8270689	0.03448338
22.656	0.026545836	-5.8269047	0.033212216
22.784	0.026146217	-5.8265511	0.032281355
22.912	0.026328934	-5.826506	0.034314534
23.04	0.025924386	-5.8260958	0.035789152
23.168	0.026609352	-5.8264859	0.034028597
23.296	0.02677953	-5.8265746	0.035178523
23.424	0.026863822	-5.8264345	0.033257945
23.552	0.026920167	-5.8261122	0.035179837
23.68	0.026800651	-5.8257404	0.034232302
23.808	0.027183025	-5.8259373	0.033476945
23.936	0.027122335	-5.8260537	0.035946024
24.064	0.026910381	-5.8255729	0.037389872
24.192	0.027391241	-5.8257697	0.036731777
24.32	0.028168239	-5.8265424	0.035166961
24.448	0.027359359	-5.8253035	0.03777375
24.576	0.02748941	-5.8258946	0.038214906
24.704	0.027120195	-5.8252147	0.038821558
24.832	0.027252219	-5.8251286	0.036256511
24.96	0.027481868	-5.8253381	0.036608398
25.088	0.02786327	-5.8255178	0.038317866
25.216	0.027685709	-5.8257659	0.035826166
25.344	0.027947274	-5.8255412	0.035647365
25.472	0.027396792	-5.8249808	0.034342536
25.6	0.027691613	-5.8254873	0.035435216
25.728	0.027807345	-5.8254406	0.03514813
25.856	0.027748837	-5.8256174	0.034929209
25.984	0.027486207	-5.8255487	0.037316122
26.112	0.027538827	-5.8252454	0.03556444
26.24	0.027291163	-5.825387	0.037321255
26.368	0.027242505	-5.8255112	0.036155709
26.496	0.027442732	-5.8261307	0.034228568
26.624	0.027184094	-5.8258499	0.033968571
26.752	0.026903323	-5.8255194	0.036206253
26.88	0.027329347	-5.8261194	0.034861391
27.008	0.026654892	-5.8257988	0.036545703
27.136	0.026835612	-5.8261028	0.034765799
27.264	0.026859305	-5.8262621	0.034800483
27.392	0.026527143	-5.8264309	0.033340807
27.52	0.026695793	-5.8266528	0.030323435
27.648	0.026602459	-5.8265096	0.031107016
27.776	0.026541139	-5.8267183	0.031741375
27.904	0.02643244	-5.8267752	0.032341043
28.032	0.026301865	-5.8266634	0.034556153
28.16	0.026358289	-5.82695	0.034874836
28.288	0.026212126	-5.8268871	0.032532293
28.416	0.025893084	-5.8264962	0.032814926
28.544	0.026543021	-5.8271089	0.031658309
28.672	0.026555099	-5.8268414	0.031750083
28.8	0.02576503	-5.8260532	0.036039331
28.928	0.026325742	-5.8265248	0.030705021
29.056	0.026415773	-5.8266238	0.029948325
29.184	0.026534925	-5.8266334	0.03398623
29.312	0.026572371	-5.8264482	0.035927638
29.44	0.027178309	-5.8270648	0.031483525
29.568	0.026931992	-5.8267936	0.033746006
29.696	0.02628907	-5.8259432	0.035548591
29.824	0.026571122	-5.8260536	0.03219858
29.952	0.026891506	-5.8261804	0.032529813
30.08	0.026964434	-5.8260231	0.033853792
30.208	0.027471492	-5.8262943	0.034042965
30.336	0.02708486	-5.8257201	0.034549075
30.464	0.027318504	-5.8258771	0.034116759
30.592	0.027600151	-5.8261078	0.034343619
30.72	0.027187188	-5.8254331	0.036842232
30.848	0.02763964	-5.8257013	0.036252022
30.976	0.027321533	-5.8253482	0.036749877
31.104	0.027454363	-5.8254309	0.035953002
31.232	0.027727751	-5.825759	0.034372484
31.36	0.027801761	-5.8256976	0.036927596
31.488	0.027357184	-5.8252989	0.039926294
31.616	0.027816692	-5.8256541	0.036844349
31.744	0.027404695	-5.8253944	0.038919353
31.872	0.028130788	-5.826037	0.034978656
32	0.027316657	-5.8254437	0.033286741
32.128	0.027873507	-5.8259001	0.035485642
32.256	0.027256039	-5.8254845	0.038598665
32.384	0.027565787	-5.8255195	0.035849583
32.512	0.026912846	-5.8254825	0.034957328
32.64	0.027550147	-5.826389	0.03381985
32.768	0.027342236	-5.8261688	0.034216491
32.896	0.027246763	-5.8259244	0.034749643
33.024	0.027556294	-5.8266837	0.033680331
33.152	0.026926082	-5.8266234	0.037064105
33.28	0.026709974	-5.8261228	0.039168228
33.408	0.026205896	-5.8255823	0.038080846
33.536	0.027003978	-5.8263563	0.031468751
33.664	0.026860473	-5.8261771	0.03298962
33.792	0.026508568	-5.8262132	0.035396244
33.92	0.026777431	-5.8268859	0.033318903
34.048	0.026506887	-5.8269304	0.035551591
34.176	0.026581261	-5.826943	0.035721412
34.304	0.026232753	-5.8263925	0.03363433
34.432	0.026430376	-5.8268815	0.034334036
34.56	0.026529568	-5.8270699	0.031612621
34.688	0.026356964	-5.8270643	0.030235784
34.816	0.026388615	-5.8269997	0.028705046
34.944	0.026312158	-5.8268496	0.026629195
35.072	0.026293069	-5.8266745	0.031286123
35.2	0.026373762	-5.82658	0.033166416
35.328	0.026477875	-5.8267114	0.031284998
35.456	0.026625748	-5.8265417	0.030526703
35.584	0.026522452	-5.8265188	0.031604774
35.712	0.026764086	-5.8267605	0.032445016
35.84	0.026446933	-5.8264503	0.034615716
35.968	0.026639217	-5.8264028	0.03644571
36.096	0.026889095	-5.8266807	0.037783949
36.224	0.027110777	-5.8266049	0.036869046
36.352	0.026972356	-5.8260528	0.036748681
36.48	0.027347962	-5.8266027	0.036020238
36.608	0.026826155	-5.8259902	0.035686111
36.736	0.027166375	-5.8257588	0.034702017
36.864	0.026938028	-5.825721	0.036601678
36.992	0.027481288	-5.8263221	0.035612723
37.12	0.027292214	-5.8261854	0.037353189
37.248	0.0275259	-5.8260513	0.036217147
37.376	0.027349721	-5.825646	0.034334121
37.504	0.027963911	-5.8262735	0.033765464
37.632	0.028280118	-5.8264423	0.03436496
37.76	0.027288157	-5.8257064	0.037221276
37.888	0.0275163	-5.8257985	0.034542749
38.016	0.028106531	-5.8262414	0.03350448
38.144	0.026992822	-5.8248375	0.038939685
38.272	0.027580257	-5.8255887	0.034809455
38.4	0.027302259	-5.8255392	0.037300001
38.528	0.027839176	-5.8259853	0.036461769
38.656	0.027232218	-5.8254379	0.03698959
38.784	0.027483928	-5.8259374	0.037349939
38.912	0.028009695	-5.8266095	0.033510566
39.04	0.026830893	-5.8258705	0.03396863
39.168	0.026860381	-5.8260035	0.038330954
39.296	0.027646619	-5.8270921	0.036019315
39.424	0.027155871	-5.826433	0.034682983
39.552	0.026879947	-5.8263769	0.037135785
39.68	0.027028879	-5.8267116	0.034384678
39.808	0.026642097	-5.8263162	0.034761537
39.936	0.02666914	-5.8264218	0.032497125
40.064	0.026714684	-5.8270013	0.035417392
40.192	0.026618056	-5.8266386	0.038142639
40.32	0.026552798	-5.8265114	0.034358468
40.448	0.026431831	-5.8266531	0.035200131
40.576	0.026642213	-5.8269429	0.03563428
40.704	0.026264235	-5.8265735	0.035844411
40.832	0.026162024	-5.8267331	0.03690758
40.96	0.026445695	-5.8269455	0.035404268
41.088	0.026264034	-5.8267175	0.032691899
41.216	0.026517016	-5.8269625	0.032136738
41.344	0.026213585	-5.8266556	0.033721436
41.472	0.026357067	-5.8268174	0.033651516
41.6	0.026783494	-5.8271708	0.035045726
41.728	0.026392833	-5.8269797	0.032354976
41.856	0.026644769	-5.8270137	0.030975762
41.984	0.026443643	-5.8263185	0.032943203
42.112	0.026352616	-5.8264892	0.035350708
42.24	0.026326457	-5.8262939	0.036557936
42.368	0.027227089	-5.8266262	0.03360821
42.496	0.026837807	-5.8264327	0.034916921
42.624	0.026812465	-5.8263399	0.037555695
42.752	0.027139019	-5.8262111	0.037441146
42.88	0.026896622	-5.8260641	0.034600901
43.008	0.027570329	-5.8265763	0.035583032
43.136	0.027144317	-5.8257095	0.03770704
43.264	0.027960821	-5.826352	0.036713858
43.392	0.026789022	-5.8252909	0.043713003
43.52	0.027680605	-5.8259746	0.036470964
43.648	0.02739529	-5.8258449	0.036284254
43.776	0.027946187	-5.8263433	0.036414585
43.904	0.027548569	-5.8257865	0.035237628
44.032	0.02772201	-5.8257216	0.033210025
44.16	0.027366627	-5.8251657	0.038408822
44.288	0.02753614	-5.8256007	0.03671859
44.416	0.027741742	-5.8255417	0.036843135
44.544	0.027640035	-5.8256533	0.039003314
44.672	0.027440787	-5.8256782	0.038684276
44.8	0.027413328	-5.8253588	0.038109862
44.928	0.027231141	-5.8253233	0.034257152
45.056	0.027672271	-5.8263444	0.034118217
45.184	0.02736896	-5.8259752	0.037085565
45.312	0.027238726	-5.8260852	0.037980848
45.44	0.027319942	-5.8264706	0.035954718
45.568	0.027332627	-5.8264085	0.035135359
45.696	0.026805687	-5.8257896	0.034668477
45.824	0.026627817	-5.8257772	0.031755676
45.952	0.026798182	-5.8263382	0.031591997
46.08	0.027075265	-5.8268955	0.031524835
46.208	0.026543106	-5.8266704	0.031719798
46.336	0.026634852	-5.8266714	0.033793687
46.464	0.026721154	-5.826673	0.036458007
46.592	0.026877328	-5.826884	0.032603584
46.72	0.02657496	-5.8266791	0.029824059
46.848	0.026561253	-5.8271291	0.030894273
46.976	0.026428729	-5.8270126	0.031445453
47.104	0.025959719	-5.8264163	0.030523898
47.232	0.027066704	-5.8275529	0.029557559
47.36	0.026089684	-5.826688	0.031320473
47.488	0.026357256	-5.8269663	0.025947387
47.616	0.026221184	-5.8266825	0.03423972
47.744	0.026038984	-5.8266516	0.037049062
47.872	0.026370799	-5.8269138	0.029337333
48	0.026580004	-5.827011	0.030640375
48.128	0.02669969	-5.8269302	0.032595887
48.256	0.026371792	-5.8266452	0.03081367
48.384	0.026529596	-5.826568	0.031452902
48.512	0.026731979	-5.8264301	0.029883508
48.64	0.026627728	-5.826761	0.032919439
48.768	0.026509326	-5.8263956	0.036627195
48.896	0.026885724	-5.8266957	0.031404605
49.024	0.027190428	-5.8267792	0.033058491
49.152	0.0268994	-5.8258687	0.035814052
49.28	0.02712487	-5.8259049	0.031038382
49.408	0.02745617	-5.8262045	0.036349962
49.536	0.027421911	-5.8262498	0.034940554
49.664	0.027604572	-5.8264879	0.032583784
49.792	0.027513776	-5.8259305	0.035962936
49.92	0.027502109	-5.8260455	0.035993306
50.048	0.02740174	-5.8255795	0.038884461
50.176	0.027387257	-5.8257659	0.038996763
50.304	0.027761305	-5.8257559	0.031528846
50.432	0.027397428	-5.8253734	0.031720068
50.56	0.027579862	-5.8255502	0.035619568
50.688	0.027499142	-5.8258036	0.033287906
50.816	0.027644596	-5.8256899	0.03467633
50.944	0.027938992	-5.8259923	0.032654474
51.072	0.027669129	-5.825827	0.032302098
51.2	0.027683303	-5.8258151	0.037216323
51.328	0.02768404	-5.8260861	0.036209955
51.456	0.02754694	-5.8262573	0.035463378
51.584	0.026891699	-5.8258567	0.035763013
51.712	0.027746612	-5.8267124	0.030961501
51.84	0.027480126	-5.8265152	0.030830936
51.968	0.027355393	-5.8263883	0.033949477
52.096	0.027094307	-5.8261033	0.03421003
52.224	0.026421897	-5.825755	0.03156752
52.352	0.026754045	-5.8260467	0.031239548
52.48	0.026701332	-5.8264721	0.029271398
52.608	0.026904825	-5.8269901	0.029890337
52.736	0.026940369	-5.8271144	0.034822414
52.864	0.026182848	-5.8261889	0.035853564
52.992	0.026569488	-5.8268006	0.034267351
53.12	0.026806862	-5.8272631	0.032018646
53.248	0.026170661	-5.8268219	0.032291232
53.376	0.026479578	-5.8272112	0.030721023
53.504	0.026580894	-5.8270032	0.029545643
53.632	0.026210731	-5.8268468	0.03115346
53.76	0.026464656	-5.8272294	0.029752785
53.888	0.026246737	-5.826894	0.028433505
54.016	0.02647829	-5.8268709	0.0310323
54.144	0.026965584	-5.8272412	0.034122421
54.272	0.026099255	-5.8265534	0.035167743
54.4	0.026418958	-5.8266736	0.030832526
54.528	0.026389022	-5.8267183	0.029459056
54.656	0.026470346	-5.8269239	0.032738899
54.784	0.026753449	-5.826958	0.037176579
54.912	0.026679924	-5.8265353	0.037623161
55.04	0.027127702	-5.8266321	0.030749955
55.168	0.02665665	-5.8264015	0.033971044
55.296	0.026760278	-5.8261781	0.035164055
55.424	0.027361745	-5.8265913	0.033642116
55.552	0.027004487	-5.8264835	0.040558875
55.68	0.02716444	-5.826171	0.037151532
55.808	0.027201584	-5.8259106	0.035462412
55.936	0.027510117	-5.8260888	0.031587787
56.064	0.027431995	-5.8260971	0.031323939
56.192	0.027682997	-5.8258542	0.033302723
56.32	0.02731754	-5.8254979	0.036865494
56.448	0.027580161	-5.8258859	0.035638743
56.576	0.028062986	-5.8259724	0.033928594
56.704	0.027046792	-5.8250984	0.038341611
56.832	0.0276284	-5.8257179	0.035296868
56.96	0.027633351	-5.825746	0.035392243
57.088	0.027554324	-5.8256349	0.03884449
57.216	0.02740157	-5.8255921	0.036494665
57.344	0.027482716	-5.8255708	0.032973041
57.472	0.027658779	-5.8259467	0.034661055
57.6	0.0278079	-5.826591	0.03524401
57.728	0.027251604	-5.8259915	0.035073782
57.856	0.027254575	-5.8257023	0.034026154
57.984	0.027179569	-5.8258781	0.035115759
58.112	0.027350623	-5.8265515	0.033211245
58.24	0.026986494	-5.8260956	0.033641321
58.368	0.027526424	-5.8266512	0.033683674
58.496	0.027060574	-5.8260459	0.033715065
58.624	0.026508387	-5.8261121	0.029882229
58.752	0.026588731	-5.8261782	0.031993415
58.88	0.027205109	-5.8267763	0.032918131
59.008	0.026352601	-5.8260292	0.033098974
59.136	0.026519428	-5.8265756	0.032790602
59.264	0.026544017	-5.8267033	0.031418576
59.392	0.026645991	-5.8270109	0.032339608
59.52	0.025999818	-5.8263203	0.035579867
59.648	0.026366534	-5.827222	0.031915424
59.776	0.026513349	-5.8272268	0.030475301
59.904	0.026589043	-5.8271369	0.031337845
60.032	0.026339201	-5.8267671	0.031652197
60.16	0.026050997	-5.8265822	0.035781083
60.288	0.026684574	-5.8273834	0.03280143
60.416	0.026737136	-5.8272744	0.030885242
60.544	0.02625097	-5.8265217	0.030835403
60.672	0.026627947	-5.8268031	0.031715802
60.8	0.026757063	-5.8269584	0.034725364
60.928	0.027141065	-5.8273563	0.030174894
61.056	0.02725879	-5.827458	0.028777159
61.184	0.026632949	-5.8269254	0.032033547
61.312	0.027087206	-5.8270588	0.030235517
61.44	0.026885429	-5.8264737	0.030848757
61.568	0.026888312	-5.8265511	0.033514094
61.696	0.027046284	-5.8264206	0.035086064
61.824	0.027241645	-5.8264625	0.032276757
61.952	0.027210333	-5.8264447	0.029557252
62.08	0.027342553	-5.8265893	0.031380463
62.208	0.027811817	-5.826906	0.027774368
62.336	0.027523108	-5.8266039	0.029196922
62.464	0.02810346	-5.8273126	0.032568766
62.592	0.027441468	-5.8265119	0.033493547
62.72	0.027347525	-5.8262092	0.032455849
62.848	0.027928024	-5.8269309	0.033868893
62.976	0.027315448	-5.8263105	0.034000345
63.104	0.02751386	-5.8269979	0.031140015
63.232	0.027357435	-5.8266631	0.03558769
63.36	0.027556594	-5.826955	0.035699343
63.488	0.027231863	-5.8267923	0.034247319
63.616	0.026816902	-5.8264025	0.033986882
63.744	0.027398353	-5.8270646	0.030910221
63.872	0.027017966	-5.8267826	0.030413653
64	0.027279974	-5.8270618	0.031944595
64.128	0.02676422	-5.8266418	0.032909093
64.256	0.027270743	-5.8274534	0.031226678
64.384	0.026881747	-5.8269104	0.03162768
64.512	0.026598286	-5.8268258	0.032065729
64.64	0.027138441	-5.8274709	0.028848219
64.768	0.026318164	-5.8266574	0.030015689
64.896	0.026533205	-5.8274339	0.028812915
65.024	0.026420168	-5.8274511	0.027668619
65.152	0.026693974	-5.8275561	0.029460913
65.28	0.026508353	-5.8276299	0.030538178
65.408	0.026574624	-5.8278334	0.024827913
65.536	0.026737075	-5.8274904	0.028341849
65.664	0.026277856	-5.8271152	0.02991667
65.792	0.026622637	-5.8273989	0.028526163
65.92	0.026368282	-5.8274074	0.031171042
66.048	0.02642678	-5.827359	0.02901393
66.176	0.02647562	-5.8274406	0.029067822
66.304	0.026621182	-5.8271616	0.030046353
66.432	0.026727933	-5.827399	0.03015731
66.56	0.026935865	-5.8275595	0.029272409
66.688	0.026667485	-5.8272782	0.027869282
66.816	0.026829128	-5.8274362	0.028273798
66.944	0.02656999	-5.8268116	0.030203219
67.072	0.026772771	-5.8267356	0.03066842
67.2	0.026836751	-5.8270507	0.031899653
67.328	0.027021571	-5.8272228	0.031521503
67.456	0.027180202	-5.8272666	0.032210058
67.584	0.027246745	-5.8271028	0.029982979
67.712	0.027367179	-5.826973	0.030985256
67.84	0.026936595	-5.8267888	0.031978327
67.968	0.02713752	-5.826729	0.028978584
68.096	0.027150949	-5.8265102	0.031318349
68.224	0.027593652	-5.8268368	0.034844025
68.352	0.027206147	-5.8266376	0.035382324
68.48	0.027789236	-5.8270315	0.029345212
68.608	0.027542246	-5.8268865	0.027962721
68.736	0.027427222	-5.8266455	0.031588629
68.864	0.027510477	-5.8263547	0.028862733
68.992	0.027458277	-5.8264467	0.031280955
69.12	0.027513085	-5.8268072	0.03292566
69.248	0.027431895	-5.8269267	0.033314672
69.376	0.027590398	-5.8269712	0.032871216
69.504	0.027417138	-5.8265661	0.02939552
69.632	0.027361205	-5.8265863	0.029634095
69.76	0.027080586	-5.8263252	0.030368194
69.888	0.027246759	-5.8266875	0.029455085
70.016	0.027095182	-5.8269756	0.031999624
70.144	0.027036948	-5.827126	0.031665377
70.272	0.027366332	-5.8273015	0.026358826
70.4	0.026957729	-5.8269407	0.02649254
70.528	0.027299132	-5.8276345	0.026521206
70.656	0.027117623	-5.8277412	0.028075613
70.784	0.026494954	-5.8271177	0.027923768
70.912	0.026815834	-5.8273262	0.029986304
71.04	0.026420404	-5.8270567	0.033149286
71.168	0.026603968	-5.8273041	0.031577843
71.296	0.026530073	-5.827431	0.028481822
71.424	0.026504872	-5.8274619	0.027812563
71.552	0.026252791	-5.8273828	0.033221684
71.68	0.026710587	-5.8279881	0.031448944
71.808	0.026554153	-5.8275899	0.028249776
71.936	0.025991603	-5.8274501	0.02965705
72.064	0.026599529	-5.827953	0.026163539
72.192	0.026816158	-5.8275283	0.027726768
72.32	0.026411185	-5.8273888	0.028823003
72.448	0.026519554	-5.827504	0.029454833
72.576	0.027056541	-5.827705	0.027766547
72.704	0.027056851	-5.8276224	0.029396519
72.832	0.026610999	-5.8270041	0.031667265
72.96	0.02716803	-5.8277687	0.027736301
73.088	0.02670956	-5.8277035	0.029631894
73.216	0.02665027	-5.827234	0.027137872
73.344	0.026807329	-5.8275134	0.028287451
73.472	0.026680364	-5.8271074	0.03204481
73.6	0.026999349	-5.8273397	0.030098725
73.728	0.027052861	-5.8268166	0.030053961
73.856	0.027130847	-5.8267163	0.028639362
73.984	0.027669177	-5.8269318	0.027426695
74.112	0.027486245	-5.8269777	0.030684429
74.24	0.026896743	-5.8263558	0.034056261
74.368	0.027407075	-5.8269197	0.0320532
74.496	0.027202569	-5.8263788	0.033805908
74.624	0.027746496	-5.8268831	0.029437634
74.752	0.027345802	-5.8267607	0.029209297
74.88	0.027345488	-5.8265121	0.032799469
75.008	0.027663427	-5.8268946	0.033451653
75.136	0.027716542	-5.8267007	0.031031597
75.264	0.026987705	-5.8262906	0.033216986
75.392	0.027424023	-5.8267211	0.032655661
75.52	0.027371189	-5.8266161	0.030561413
75.648	0.027625307	-5.8269072	0.029569326
75.776	0.027359847	-5.8264821	0.033267778
75.904	0.027612765	-5.8270269	0.032966352
76.032	0.027311388	-5.8271621	0.030363552
76.16	0.027314145	-5.8272085	0.030154107
76.288	0.02724433	-5.8268958	0.030585728
76.416	0.026929133	-5.8266838	0.029873252
76.544	0.026670156	-5.8265214	0.031778416
76.672	0.027257734	-5.8272539	0.029373113
76.8	0.026982844	-5.8273731	0.030857559
76.928	0.02699969	-5.8276773	0.030330807
77.056	0.026848727	-5.8276121	0.032462348
77.184	0.026859763	-5.8274552	0.035347454
77.312	0.026922649	-5.8275233	0.028531907
77.44	0.02675393	-5.8275652	0.027321961
77.568	0.02674798	-5.8272793	0.029396703
77.696	0.02646599	-5.8274929	0.029197029
77.824	0.026509498	-5.8276821	0.028063298
77.952	0.026559225	-5.827804	0.029249961
78.08	0.026745254	-5.8279805	0.026301859
78.208	0.026266109	-5.8274673	0.029071352
78.336	0.026330224	-5.8275992	0.029607429
78.464	0.026649617	-5.827739	0.027344275
78.592	0.026617372	-5.8276772	0.027291027
78.72	0.026350864	-5.8276024	0.025235671
78.848	0.026424816	-5.8274307	0.026329225
78.976	0.026409509	-5.8272211	0.0315444
79.104	0.02685352	-5.8277963	0.028605151
79.232	0.0266585	-5.8273349	0.026515537
79.36	0.026725942	-5.8272266	0.028183495
79.488	0.026833624	-5.8271171	0.030951288
79.616	0.026945364	-5.8270626	0.031855437
79.744	0.026965594	-5.8271246	0.031293892
79.872	0.027407633	-5.8276393	0.032297796
80	0.027409564	-5.8270977	0.033189883
80.128	0.027173877	-5.8269026	0.03045844
80.256	0.027252638	-5.8268125	0.029684467
80.384	0.02695488	-5.8264045	0.031993997
80.512	0.027476324	-5.8265272	0.029614586
80.64	0.027394254	-5.8265389	0.030990984
80.768	0.027633386	-5.8268589	0.030557702
80.896	0.027223477	-5.8263126	0.031738101
81.024	0.027751277	-5.8270842	0.029893114
81.152	0.027347039	-5.82656	0.030851921
81.28	0.027629731	-5.8268942	0.03029263
81.408	0.027246406	-5.8264277	0.029750701
81.536	0.027192202	-5.8264474	0.032590202
81.664	0.027710097	-5.8270813	0.032728772
81.792	0.027651956	-5.8272638	0.032727614
81.92	0.026976782	-5.8262439	0.03439333
82.048	0.027110976	-5.8266292	0.029147617
82.176	0.027655106	-5.8270944	0.027660765
82.304	0.027158456	-5.8266969	0.02852213
82.432	0.02724304	-5.8267382	0.026358969
82.56	0.027118484	-5.826584	0.029448555
82.688	0.027110757	-5.826698	0.032827619
82.816	0.026867791	-5.8263038	0.030511558
82.944	0.027332321	-5.8272311	0.029079931
83.072	0.027056508	-5.8274263	0.030283883
83.2	0.026749274	-5.8273971	0.031854171
83.328	0.026912727	-5.8276139	0.032974351
83.456	0.026944105	-5.8275508	0.032833323
83.584	0.02654468	-5.8273959	0.031406215
83.712	0.026473157	-5.8276977	0.033759661
83.84	0.026606713	-5.8276426	0.03037564
83.968	0.026516679	-5.8275948	0.03112532
84.096	0.026501615	-5.8277182	0.029485939
84.224	0.026217241	-5.8273897	0.029232937
84.352	0.026351618	-5.8274892	0.030234154
84.48	0.026752668	-5.8277275	0.027344758
84.608	0.026318225	-5.8274929	0.028645966
84.736	0.026680541	-5.8274867	0.031165187
84.864	0.026670223	-5.8277797	0.028482861
84.992	0.026395523	-5.8269305	0.027315398
85.12	0.026684516	-5.8273459	0.029347399
85.248	0.026659827	-5.8274042	0.029714511
85.376	0.026885913	-5.827648	0.027118313
85.504	0.02693323	-5.8276007	0.02803222
85.632	0.026825895	-5.8273294	0.02948077
85.76	0.026754128	-5.8269451	0.028300885
85.888	0.02706768	-5.8272655	0.026192773
86.016	0.026875021	-5.8271079	0.029579774
86.144	0.026850633	-5.8272613	0.029919271
86.272	0.026677837	-5.8268024	0.030252036
86.4	0.027455109	-5.827378	0.025849465
86.528	0.026773027	-5.8265543	0.031023955
86.656	0.027511963	-5.8268322	0.029925996
86.784	0.02776728	-5.8271458	0.029554627
86.912	0.027459574	-5.8268088	0.031965725
87.04	0.027046558	-5.8263709	0.033030609
87.168	0.027814468	-5.8269509	0.034347344
87.296	0.027143449	-5.8261613	0.033282103
87.424	0.028035365	-5.8266902	0.03101933
87.552	0.027115429	-5.8260817	0.035848267
87.68	0.02739948	-5.8265794	0.03275774
87.808	0.027588828	-5.8268345	0.032493007
87.936	0.027400534	-5.8266439	0.031227605
88.064	0.027416693	-5.8265017	0.031682286
88.192	0.027407219	-5.8265727	0.032000861
88.32	0.026749624	-5.8259356	0.033059062
88.448	0.027890552	-5.8271551	0.031744495
88.576	0.027170519	-5.8267001	0.032954745
88.704	0.027073264	-5.8267966	0.034424214
88.832	0.027274887	-5.8268247	0.03261796
88.96	0.026807822	-5.8263291	0.033263638
89.088	0.027080088	-5.8267654	0.031896163
89.216	0.026811708	-5.82668	0.031006047
89.344	0.027102171	-5.827439	0.030242572
89.472	0.026625476	-5.8272747	0.030980039
89.6	0.027105075	-5.8278929	0.026677076
89.728	0.026323445	-5.826483	0.029570764
89.856	0.027041395	-5.8275252	0.028422167
89.984	0.027101402	-5.8278253	0.028699839
90.112	0.026493019	-5.8271626	0.027979044
90.24	0.026342371	-5.8272498	0.028104257
90.368	0.026625668	-5.8274519	0.026679478
90.496	0.026373639	-5.8272714	0.031124845
90.624	0.026403566	-5.8273438	0.029798165
90.752	0.026618736	-5.8280924	0.02898037
90.88	0.026514822	-5.8278623	0.032813444
91.008	0.026330288	-5.8276839	0.031041075
91.136	0.026521737	-5.8276997	0.030362476
91.264	0.027199332	-5.8280816	0.029868015
91.392	0.026434393	-5.8272509	0.030436796
91.52	0.026553015	-5.8272701	0.02841224
91.648	0.0267998	-5.8277194	0.030777707
91.776	0.026952332	-5.8278024	0.031047002
91.904	0.026803461	-5.8275372	0.030782009
92.032	0.026578719	-5.8271773	0.030751055
92.16	0.027132168	-5.827295	0.03062877
92.288	0.027011557	-5.826952	0.028621653
92.416	0.027383154	-5.8275361	0.026204293
92.544	0.027014829	-5.826998	0.029162402
92.672	0.027304913	-5.8270296	0.028987764
92.8	0.027314284	-5.8272913	0.029593449
92.928	0.026927839	-5.8265299	0.034081516
93.056	0.027167421	-5.8265713	0.033713841
93.184	0.027389768	-5.8264884	0.031964544
93.312	0.02725953	-5.8262724	0.033591758
93.44	0.027388738	-5.8263753	0.034439528
93.568	0.027723888	-5.826487	0.031087778
93.696	0.027147375	-5.8260528	0.03069358
93.824	0.027696037	-5.8268513	0.029572812
93.952	0.027535423	-5.8262801	0.0334254
94.08	0.02732289	-5.826395	0.030803909
94.208	0.027385065	-5.8266768	0.030701979
94.336	0.027375715	-5.8266319	0.031027568
94.464	0.02738241	-5.8263517	0.03203874
94.592	0.027726917	-5.8268376	0.031054288
94.72	0.027436762	-5.8267858	0.029861896
94.848	0.026569193	-5.826132	0.033664748
94.976	0.027140329	-5.8267572	0.034735401
95.104	0.027285387	-5.827021	0.033643146
95.232	0.02699765	-5.8269841	0.031856
95.36	0.027000224	-5.8267737	0.031067796
95.488	0.027057887	-5.8270916	0.031204881
95.616	0.026653558	-5.8268187	0.032094778
95.744	0.027222686	-5.827678	0.030068504
95.872	0.02665468	-5.8268154	0.028722247
96	0.026848403	-5.8275177	0.026346351
96.128	0.026504799	-5.8273434	0.030645714
96.256	0.026555901	-5.8272162	0.033690476
96.384	0.026775014	-5.8271824	0.029817326
96.512	0.026351252	-5.8269706	0.028236503
96.64	0.026239027	-5.8269505	0.029442222
96.768	0.026703411	-5.8275446	0.028133762
96.896	0.026719214	-5.8275565	0.02925272
97.024	0.026733458	-5.8278957	0.029412457
97.152	0.026421488	-5.8272468	0.030261003
97.28	0.026182211	-5.8271401	0.031235584
97.408	0.026785534	-5.8277143	0.029549455
97.536	0.02660739	-5.8273097	0.027839194
97.664	0.026952444	-5.827591	0.032344621
97.792	0.026094294	-5.8270713	0.031427883
97.92	0.026604367	-5.8272679	0.029423806
98.048	0.026601607	-5.8270936	0.033012527
98.176	0.026821214	-5.8269327	0.031631177
98.304	0.026902208	-5.827005	0.030439314
98.432	0.026682244	-5.8268475	0.033916548
98.56	0.027024956	-5.8273806	0.02819066
98.688	0.027074139	-5.8271502	0.030779104
98.816	0.027201893	-5.8270258	0.030994735
98.944	0.02713623	-5.8271242	0.028963065
99.072	0.026979309	-5.8269562	0.032986406
99.2	0.027470629	-5.8271948	0.031213493
99.328	0.027220941	-5.8268134	0.030901773
99.456	0.027597747	-5.8270346	0.030497281
99.584	0.026816998	-5.8258677	0.033869447
99.712	0.028149537	-5.8272371	0.032274826
99.84	0.027773189	-5.8270076	0.031045517
99.968	0.026905764	-5.8260245	0.034562904
100.096	0.027447033	-5.8262748	0.031658826
100.224	0.027147822	-5.8260831	0.033126251
100.352	0.027513711	-5.8264996	0.034324453
100.48	0.027594616	-5.8266936	0.032915726
100.608	0.027434203	-5.8268911	0.029563043
100.736	0.027402617	-5.8267161	0.032691846
100.864	0.026979362	-5.8264084	0.032787759
100.992	0.027446952	-5.8264595	0.030734535
101.12	0.027271331	-5.8262613	0.03269216
101.248	0.027279721	-5.8265862	0.033332544
101.376	0.026501495	-5.8261961	0.035996936
101.504	0.027161703	-5.8271178	0.034568457
101.632	0.027041542	-5.827159	0.03465797
101.76	0.027262991	-5.8273773	0.029178593
101.888	0.027124778	-5.8272336	0.028644564
102.016	0.02669053	-5.8267247	0.030732221
102.144	0.026977003	-5.8270692	0.029986415
102.272	0.027013808	-5.8272484	0.0296055
102.4	0.026363566	-5.8267439	0.031891322
102.528	0.026883331	-5.8272419	0.031531521
102.656	0.026705579	-5.8273794	0.03162745
102.784	0.026276643	-5.8271729	0.035068165
102.912	0.026667961	-5.8275764	0.032180639
103.04	0.026526118	-5.8275777	0.030176468
103.168	0.026547177	-5.8276495	0.029677446
103.296	0.026588767	-5.8275612	0.03072546
103.424	0.026414884	-5.8271935	0.032998482
103.552	0.026462866	-5.827136	0.029163478
103.68	0.026676237	-5.8274292	0.029709956
103.808	0.02643868	-5.8273466	0.031432347
103.936	0.026973611	-5.8277324	0.031711006
104.064	0.026386862	-5.8271425	0.032486763
104.192	0.026974022	-5.8277201	0.029790991
104.32	0.026747579	-5.8273002	0.030385163
104.448	0.026280148	-5.82675	0.03289743
104.576	0.026724395	-5.8273082	0.031200446
104.704	0.027019243	-5.8271201	0.028868707
104.832	0.027051777	-5.8273188	0.029143111
104.96	0.027055137	-5.8274652	0.027800536
105.088	0.027030861	-5.8271065	0.028779085
105.216	0.027387956	-5.8272591	0.028703437
105.344	0.026845266	-5.8269239	0.031686037
105.472	0.026886928	-5.8269451	0.031157572
105.6	0.027275887	-5.827174	0.028976317
105.728	0.027576191	-5.8270873	0.030884829
105.856	0.027439345	-5.8269615	0.031785538
105.984	0.027494977	-5.826915	0.030714555
106.112	0.027453938	-5.8268572	0.033541929
106.24	0.027358093	-5.8268186	0.03153014
106.368	0.027359749	-5.8265127	0.028148891
106.496	0.027461979	-5.8266374	0.030842041
106.624	0.027386244	-5.8264136	0.031857564
106.752	0.027045974	-5.8261002	0.031474193
106.88	0.027633505	-5.8266681	0.031705003
107.008	0.027666523	-5.8272032	0.032885712
107.136	0.027015821	-5.8264626	0.033734074
107.264	0.027249773	-5.8269001	0.027275607
107.392	0.027282514	-5.8267466	0.030070339
107.52	0.027555763	-5.8273167	0.031596124
107.648	0.027202603	-5.8268841	0.029886671
107.776	0.027152713	-5.8272032	0.032673087
107.904	0.027131518	-5.827178	0.031230308
108.032	0.027175818	-5.8271683	0.027184451
108.16	0.026856169	-5.8270582	0.029290868
108.288	0.026640173	-5.8269745	0.032317481
108.416	0.027294571	-5.8277528	0.030408236
108.544	0.026789708	-5.8275478	0.032692851
108.672	0.026688361	-5.8270183	0.033745265
108.8	0.026582485	-5.8271002	0.029110225
108.928	0.026602614	-5.8270553	0.030363212
109.056	0.027020112	-5.8276916	0.025712244
109.184	0.026512105	-5.8273645	0.02851642
109.312	0.026545379	-5.8276936	0.031955808
109.44	0.026368265	-5.8274991	0.03068105
109.568	0.026806515	-5.8279367	0.026398796
109.696	0.026593751	-5.8274506	0.028675539
109.824	0.026421126	-5.8274579	0.027938277
109.952	0.026421093	-5.8274881	0.028716881
110.08	0.026576808	-5.8275541	0.029284595
110.208	0.027043005	-5.8279898	0.026991572
110.336	0.026291578	-5.827063	0.02976866
110.464	0.027089521	-5.8277492	0.027108622
110.592	0.026538752	-5.8269665	0.029431635
110.72	0.02677084	-5.8269751	0.030167369
110.848	0.026632501	-5.8271715	0.031043687
110.976	0.02673489	-5.8270016	0.031354718
111.104	0.027177972	-5.8273529	0.032672795
111.232	0.027125833	-5.8268049	0.033441274
111.36	0.027088262	-5.8274145	0.032888892
111.488	0.027204843	-5.827113	0.030434961
111.616	0.027285777	-5.8269483	0.029751582
111.744	0.027264908	-5.8270938	0.029804054
111.872	0.026973814	-5.8268275	0.030861001
112	0.027432609	-5.8271033	0.033231635
112.128	0.027691712	-5.8273524	0.034089792
112.256	0.027582781	-5.8271974	0.029246585
112.384	0.026951739	-5.826507	0.031513762
112.512	0.02716914	-5.8263695	0.031258239
112.64	0.027629046	-5.8271421	0.029548291
112.768	0.027310953	-5.8266984	0.028779817
112.896	0.027084624	-5.8264416	0.033446385
113.024	0.027569663	-5.8267863	0.034396681
113.152	0.027203428	-5.826682	0.028922815
113.28	0.027778625	-5.827414	0.027996325
113.408	0.027312878	-5.8268781	0.031078898
113.536	0.027132862	-5.826619	0.032791633
113.664	0.027365558	-5.8267797	0.03247942
113.792	0.026972147	-5.8263708	0.03391324
113.92	0.026776427	-5.8262549	0.034784678
114.048	0.027483648	-5.8272248	0.031228712
114.176	0.026746382	-5.8263166	0.034439407
114.304	0.026723224	-5.8266232	0.033069155
114.432	0.027314741	-5.8274079	0.030172555
114.56	0.027459765	-5.8273507	0.029776459
114.688	0.026885008	-5.8272945	0.029460774
114.816	0.0266679	-5.8270337	0.030610111
114.944	0.027004018	-5.8273275	0.027959948
115.072	0.026680833	-5.8270732	0.024303186
115.2	0.026574804	-5.8272967	0.024947843
115.328	0.026403918	-5.8271376	0.029213871
115.456	0.026294041	-5.827186	0.03015677
115.584	0.027524709	-5.8283959	0.026152441
115.712	0.026335266	-5.8272659	0.031384675
115.84	0.026394732	-5.8278701	0.029763475
115.968	0.026811658	-5.8280866	0.027583594
116.096	0.026263504	-5.8275762	0.029140255
116.224	0.026777495	-5.8275897	0.028557331
116.352	0.026821556	-5.8276546	0.025902202
116.48	0.026893547	-5.827623	0.025549741
116.608	0.026575437	-5.8271499	0.028479549
116.736	0.026427187	-5.827352	0.026681571
116.864	0.027030416	-5.8276956	0.027062048
116.992	0.026941415	-5.8273934	0.032383365
117.12	0.026745813	-5.8268412	0.031787104
117.248	0.026776977	-5.8271111	0.03021801
117.376	0.026625816	-5.8268388	0.034387332
117.504	0.027367862	-5.8274113	0.033911463
117.632	0.026976836	-5.827431	0.032220924
117.76	0.026904612	-5.8267854	0.031336475
117.888	0.027012263	-5.826895	0.029414138
118.016	0.027201541	-5.8269807	0.027223707
118.144	0.027644544	-5.8273801	0.025367666
118.272	0.027446664	-5.8269608	0.027318916
118.4	0.02710111	-5.8267503	0.031586901
118.528	0.027522558	-5.8271648	0.034199072
118.656	0.027147757	-5.8266912	0.0350399
118.784	0.027366624	-5.8268405	0.028644998
118.912	0.027253817	-5.8266106	0.031003879
119.04	0.02767739	-5.8270111	0.030156645
119.168	0.027113027	-5.8266655	0.032351239
119.296	0.027328937	-5.8268484	0.031251912
119.424	0.027772979	-5.8272219	0.03260812
119.552	0.027632686	-5.8270115	0.035682254
119.68	0.026835297	-5.8258932	0.034813937
119.808	0.027169588	-5.8266715	0.031137783
119.936	0.027357873	-5.8268567	0.030591588
120.064	0.027285938	-5.827	0.032326381
120.192	0.02699138	-5.8264058	0.034001815
120.32	0.027055833	-5.8265691	0.034203437
120.448	0.027047986	-5.8269466	0.033750005
120.576	0.026925032	-5.8268815	0.030584972
120.704	0.027408947	-5.8274698	0.02906716
120.832	0.026371089	-5.8268424	0.029969682
120.96	0.026985716	-5.8276436	0.027859812
121.088	0.027050871	-5.8277526	0.028238149
121.216	0.026772991	-5.8276625	0.031209362
121.344	0.026845186	-5.8274149	0.031371831
121.472	0.02636698	-5.826831	0.032016632
121.6	0.02659641	-5.8271303	0.03129407
121.728	0.026759926	-5.8274549	0.030500063
121.856	0.026505961	-5.8271639	0.029792883
121.984	0.026927155	-5.827865	0.027691252
122.112	0.026357051	-5.8274403	0.027195841
122.24	0.026722688	-5.8277999	0.027917314
122.368	0.026546555	-5.8271886	0.029389696
122.496	0.027133296	-5.8277007	0.026046027
122.624	0.026487236	-5.8273176	0.028268789
122.752	0.026411556	-5.8274029	0.0297756
122.88	0.026706434	-5.8275076	0.030960665
123.008	0.026862676	-5.8275926	0.028384172
123.136	0.026712751	-5.8273802	0.027756838
123.264	0.026603298	-5.8274275	0.031399538
123.392	0.02720659	-5.8274478	0.030649039
123.52	0.026867701	-5.8269718	0.028844557
123.648	0.026994214	-5.8272832	0.030036146
123.776	0.026825438	-5.8270445	0.031227501
123.904	0.027458922	-5.8272677	0.030640936
124.032	0.026814605	-5.8266286	0.031264086
124.16	0.027293765	-5.8270771	0.032787399
124.288	0.02740674	-5.8271303	0.034164005
124.416	0.026998589	-5.8269619	0.031923862
124.544	0.027084589	-5.8268248	0.03440856
124.672	0.027518731	-5.8270018	0.03208576
124.8	0.027811239	-5.8271398	0.028724143
124.928	0.027302707	-5.8265826	0.029137137
125.056	0.027907381	-5.8272034	0.029754878
125.184	0.02684627	-5.8263152	0.033203864
125.312	0.027577243	-5.8270467	0.029694095
125.44	0.027412273	-5.8265971	0.031402285
125.568	0.027282057	-5.8263654	0.0344048
125.696	0.026993034	-5.8265722	0.033337988
125.824	0.027576828	-5.8270458	0.033672467
125.952	0.027360182	-5.8267447	0.034389378
126.08	0.027313506	-5.8263822	0.030900359
126.208	0.027476533	-5.8270559	0.030359448
126.336	0.02749656	-5.827436	0.029338077
126.464	0.026849131	-5.8271628	0.029486978
126.592	0.027231003	-5.8271621	0.029602964
126.72	0.027419354	-5.8275939	0.027797822
126.848	0.026686401	-5.8270548	0.029984067
126.976	0.026695624	-5.8271503	0.029298164
127.104	0.02705781	-5.8271381	0.026738302
127.232	0.026687202	-5.8267659	0.028381174
127.36	0.026872179	-5.8272369	0.02892907
127.488	0.026538589	-5.8270084	0.030714593
127.616	0.026597528	-5.8272253	0.030823477
127.744	0.026718698	-5.8273535	0.028781099
127.872	0.026573012	-5.8273767	0.031401889
128	0.027144046	-5.827893	0.026856835
128.128	0.026660554	-5.8274434	0.030479242
128.256	0.026434914	-5.8273188	0.031040633
128.384	0.026491241	-5.8273368	0.031524601
128.512	0.026283753	-5.8271166	0.031481324
128.64	0.026993529	-5.8278643	0.027175254
128.768	0.02694334	-5.8276183	0.029403258
128.896	0.02632595	-5.8268724	0.033471132
129.024	0.027011906	-5.8276917	0.031006361
129.152	0.026938322	-5.8277501	0.029474284
129.28	0.026342365	-5.8271974	0.031936241
129.408	0.026765764	-5.8276495	0.031047581
129.536	0.027046039	-5.827736	0.02695002
129.664	0.026594524	-5.8269514	0.032514349
129.792	0.027031461	-5.8273325	0.031082772
129.92	0.026761656	-5.8271088	0.031248381
130.048	0.026926478	-5.8271088	0.029369511
130.176	0.02665761	-5.8268322	0.030948724
130.304	0.027431689	-5.8273769	0.029691674
130.432	0.027296572	-5.8269492	0.030452404
130.56	0.026920803	-5.8265126	0.034541037
130.688	0.026826838	-5.8264698	0.035137271
130.816	0.027224451	-5.8267249	0.030761797
130.944	0.02768137	-5.8270384	0.024512171
131.072	0.027038877	-5.826298	0.028462758
131.2	0.027311912	-5.8267977	0.029009997
131.328	0.027398436	-5.826766	0.030050202
131.456	0.027590114	-5.8267932	0.03091188
131.584	0.027125835	-5.8261764	0.032510557
131.712	0.027209682	-5.8265157	0.03210475
131.84	0.027288112	-5.8264479	0.034324536
131.968	0.027805702	-5.8270594	0.032999958
132.096	0.026839425	-5.8260981	0.034418558
132.224	0.02716347	-5.8266233	0.029337253
132.352	0.027548403	-5.8271016	0.032168062
132.48	0.027711437	-5.8272924	0.032217731
132.608	0.027144845	-5.8267914	0.030162946
132.736	0.027170684	-5.8265703	0.029454257
132.864	0.027532286	-5.8268614	0.031374884
132.992	0.026758684	-5.8263947	0.031296239
133.12	0.02710708	-5.8271999	0.030920236
133.248	0.026867608	-5.8266702	0.034076086
133.376	0.027566947	-5.8275418	0.029948752
133.504	0.027369773	-5.8274842	0.031608051
133.632	0.026457763	-5.8265144	0.032518204
133.76	0.026645063	-5.826696	0.029995518
133.888	0.027031826	-5.8274252	0.02858439
134.016	0.026787524	-5.8273417	0.029146387
134.144	0.026835211	-5.827478	0.029412256
134.272	0.026698623	-5.8273006	0.0287199
134.4	0.026427417	-5.8271255	0.02756281
134.528	0.026535648	-5.8273808	0.027468622
134.656	0.026439511	-5.8274014	0.030268824
134.784	0.02656516	-5.8275364	0.028762361
134.912	0.026636081	-5.827523	0.02713433
135.04	0.026576892	-5.8271883	0.026756374
135.168	0.026641363	-5.8270986	0.026812759
135.296	0.027319664	-5.8278845	0.02596722
135.424	0.025757582	-5.8264845	0.031630477
135.552	0.02687781	-5.8273834	0.029834129
135.68	0.026470241	-5.8275842	0.032576324
135.808	0.026821552	-5.8279284	0.032194355
135.936	0.026934339	-5.8275638	0.031035762
136.064	0.026535677	-5.8268949	0.029722797
136.192	0.026982193	-5.8274579	0.031848177
136.32	0.026904173	-5.8270339	0.032621676
136.448	0.026562296	-5.8266371	0.031901168
136.576	0.027076017	-5.827141	0.029948733
136.704	0.027118655	-5.8269916	0.032399388
136.832	0.027189767	-5.8273463	0.032923652
136.96	0.027149365	-5.8271955	0.030128957
137.088	0.026938592	-5.8268185	0.029441628
137.216	0.027645008	-5.8271686	0.030693839
137.344	0.027254713	-5.8268369	0.030214276
137.472	0.027134936	-5.8266088	0.029954047
137.6	0.027322749	-5.8267565	0.028362544
137.728	0.026927982	-5.8261207	0.031042876
137.856	0.027702461	-5.8265627	0.032196883
137.984	0.027512897	-5.8268173	0.032622108
138.112	0.027492569	-5.8269787	0.03139216
138.24	0.027303023	-5.8265979	0.031587206
138.368	0.027378288	-5.8265843	0.030897811
138.496	0.027346033	-5.8263557	0.030695698
138.624	0.02715286	-5.8262829	0.031809421
138.752	0.027144517	-5.8265239	0.032050436
138.88	0.027175998	-5.826584	0.030943105
139.008	0.027431728	-5.8270407	0.031795227
139.136	0.027324288	-5.82705	0.032657445
139.264	0.026777034	-5.8265314	0.033325815
139.392	0.027267569	-5.827242	0.028827002
139.52	0.026822379	-5.8267004	0.0319041
139.648	0.026975808	-5.8271793	0.035044346
139.776	0.027017278	-5.8274134	0.032739419
139.904	0.027079609	-5.8275116	0.030833437
140.032	0.026549572	-5.8268291	0.028524962
140.16	0.026948449	-5.8271119	0.028035188
140.288	0.027051881	-5.8277722	0.026579308
140.416	0.026456695	-5.8269464	0.028658262
140.544	0.02668988	-5.8274475	0.031960456
140.672	0.026259434	-5.8270735	0.032777108
140.8	0.026799241	-5.827902	0.031346924
140.928	0.026675715	-5.827662	0.030849438
141.056	0.026834547	-5.8278352	0.028485785
141.184	0.026318109	-5.8272544	0.029682846
141.312	0.026879627	-5.8278954	0.028624799
141.44	0.026137096	-5.8272609	0.031211753
141.568	0.02689743	-5.8280027	0.027553764
141.696	0.026598218	-5.8274721	0.029909409
141.824	0.026542555	-5.8273378	0.033848156
141.952	0.026455168	-5.8271182	0.031949867
142.08	0.026726965	-5.8273905	0.027961194
142.208	0.02640855	-5.8269621	0.031503438
142.336	0.026610772	-5.8272376	0.030880919
142.464	0.026735839	-5.8270735	0.029368185
142.592	0.027176916	-5.8271427	0.028025983
142.72	0.027092369	-5.8272338	0.033069577
142.848	0.026788566	-5.8269005	0.03212893
142.976	0.027160033	-5.8270916	0.029365698
143.104	0.026994963	-5.8265909	0.033853506
143.232	0.027696952	-5.8273139	0.031088721
143.36	0.027411698	-5.8268073	0.028920435
143.488	0.027055252	-5.8267001	0.029950564
143.616	0.027226018	-5.8266516	0.030189324
143.744	0.027436783	-5.8270357	0.030259354
143.872	0.027444893	-5.8266741	0.030674638
144	0.027223023	-5.8264136	0.032275818
144.128	0.027896631	-5.8274001	0.033169922
144.256	0.027000492	-5.8264424	0.032986539
144.384	0.027461208	-5.8267623	0.031286157
144.512	0.027494872	-5.8269284	0.034573456
144.64	0.027604519	-5.8266557	0.032329332
144.768	0.027270576	-5.8265068	0.033170256
144.896	0.027013991	-5.8265247	0.032867317
145.024	0.02763418	-5.8272013	0.028734066
145.152	0.027199714	-5.8264568	0.028856522
145.28	0.027389765	-5.8267843	0.028907067
145.408	0.027334273	-5.8269895	0.032509267
145.536	0.027449562	-5.8270771	0.031568521
145.664	0.026983099	-5.8265755	0.031124295
145.792	0.027068323	-5.8267103	0.033606666
145.92	0.027277817	-5.8272975	0.033377166
146.048	0.02671797	-5.8271629	0.030618605
146.176	0.026391096	-5.8268338	0.031864551
146.304	0.027285805	-5.8275555	0.027722288
146.432	0.026407028	-5.8266381	0.027101506
146.56	0.026609022	-5.826971	0.028067441
146.688	0.026416687	-5.826897	0.028015496
146.816	0.026798139	-5.8274733	0.027946565
146.944	0.026623115	-5.827157	0.030939435
147.072	0.026624662	-5.8273024	0.028750652
147.2	0.026980453	-5.8279926	0.029441238
147.328	0.02633796	-5.8273373	0.031026674
147.456	0.026426875	-5.8274157	0.031481692
147.584	0.02693098	-5.8279286	0.029312205
147.712	0.026479654	-5.8275211	0.031448343
147.84	0.026723546	-5.827455	0.031568908
147.968	0.026778464	-5.8276506	0.029619765
148.096	0.026841879	-5.8277281	0.027395663
148.224	0.026111735	-5.8269705	0.0305811
148.352	0.026537745	-5.827271	0.029109742
148.48	0.027169316	-5.8274482	0.030238325
148.608	0.02623564	-5.8264018	0.031388348
148.736	0.027140781	-5.8274344	0.023445978
148.864	0.026840141	-5.8270317	0.029802724
148.992	0.027005428	-5.8274687	0.028357025
149.12	0.027321499	-5.8273648	0.026153541
149.248	0.026435603	-5.826354	0.032484297
149.376	0.026780311	-5.8268205	0.03113116
149.504	0.027429202	-5.827508	0.030848533
149.632	0.027273206	-5.8272981	0.030408507
149.76	0.027024011	-5.826597	0.028694216
149.888	0.027052267	-5.8263435	0.031247778
150.016	0.027780684	-5.8272467	0.029862566
150.144	0.027156665	-5.8265171	0.030965672
150.272	0.02734944	-5.8266294	0.028602474
150.4	0.026836156	-5.8259016	0.031859479
150.528	0.027246284	-5.8260125	0.032662367
150.656	0.027563977	-5.8264482	0.029931552
150.784	0.027267247	-5.8265609	0.029015712
150.912	0.028092422	-5.8272171	0.027577027
151.04	0.027000748	-5.8261617	0.031508296
151.168	0.027528621	-5.8265582	0.032707092
151.296	0.027517556	-5.8266608	0.035479409
151.424	0.027158141	-5.8266245	0.034950749
151.552	0.026871486	-5.8262938	0.035565731
151.68	0.027256048	-5.826816	0.030998022
151.808	0.02711603	-5.8268411	0.028796713
151.936	0.027245177	-5.8274645	0.029037161
152.064	0.02716024	-5.8272313	0.030392876
152.192	0.027322157	-5.8275081	0.028284583
152.32	0.02715682	-5.8274899	0.031411728
152.448	0.026571389	-5.8268283	0.031700738
152.576	0.02675019	-5.8272506	0.031104531
152.704	0.026722751	-5.8271582	0.033763574
152.832	0.027042552	-5.8275884	0.033482828
152.96	0.02665548	-5.827301	0.034354579
153.088	0.026480557	-5.8272519	0.032073893
153.216	0.026764134	-5.8276412	0.03134785
153.344	0.027090722	-5.828057	0.02798574
153.472	0.026589493	-5.8277031	0.028925677
153.6	0.026496458	-5.8275771	0.029780671
153.728	0.026250151	-5.8271201	0.027900721
153.856	0.026428836	-5.8275634	0.025743426
153.984	0.026553123	-5.8278307	0.029705191
154.112	0.026448867	-5.8274465	0.030852905
154.24	0.026504987	-5.8272215	0.025242331
154.368	0.026370106	-5.8271309	0.028778224
154.496	0.026809399	-5.8276361	0.025948788
154.624	0.026501743	-5.8270718	0.027982847
154.752	0.026757968	-5.827249	0.029127354
154.88	0.026729696	-5.8274294	0.031289349
155.008	0.026937753	-5.8273925	0.031175953
155.136	0.027335772	-5.8274613	0.02816466
155.264	0.026160206	-5.8266036	0.031510593
155.392	0.027124229	-5.8273462	0.030234614
155.52	0.027364153	-5.8269715	0.030208448
155.648	0.026701266	-5.8266285	0.03187596
155.776	0.027226629	-5.8271986	0.031337269
155.904	0.02707794	-5.8272312	0.031313916
156.032	0.027051875	-5.8271245	0.0317776
156.16	0.027066993	-5.8266802	0.029508294
156.288	0.027051558	-5.8267101	0.029650716
156.416	0.027674831	-5.8273839	0.030882454
156.544	0.027464004	-5.8272702	0.032180545
156.672	0.02758913	-5.8267995	0.029662953
156.8	0.027461938	-5.8264447	0.032054386
156.928	0.027254993	-5.8262614	0.031731369
157.056	0.027515434	-5.826904	0.02425761
157.184	0.027402873	-5.8268033	0.030159128
157.312	0.027701422	-5.8268774	0.030405972
157.44	0.027644687	-5.826696	0.029592115
157.568	0.027167139	-5.8261159	0.031571699
157.696	0.027290174	-5.8268408	0.030474778
157.824	0.027440464	-5.8269551	0.032716732
157.952	0.027052632	-5.8262274	0.03325086
158.08	0.026879425	-5.8265545	0.033940393
158.208	0.02733213	-5.8268321	0.032512082
158.336	0.027326024	-5.8268806	0.029185096
158.464	0.026840434	-5.8266391	0.031366745
158.592	0.026853836	-5.826344	0.029161138
158.72	0.026817729	-5.8266959	0.029513561
158.848	0.027168152	-5.8276244	0.029617151
158.976	0.027103036	-5.8276297	0.031723433
159.104	0.026590431	-5.8272867	0.031631779
159.232	0.026643363	-5.8271966	0.026716715
159.36	0.026629462	-5.8274047	0.030779059
159.488	0.026789291	-5.8275399	0.031700219
159.616	0.026181491	-5.8271205	0.030390658
159.744	0.0268771	-5.8278645	0.028219962
159.872	0.026601519	-5.8275402	0.028997394
160	0.026538031	-5.8275407	0.033091442
160.128	0.026953793	-5.8282642	0.029004549
160.256	0.026371754	-5.8272634	0.029466362
160.384	0.026688804	-5.8276938	0.030548517
160.512	0.026345209	-5.8272935	0.032048602
160.64	0.026698212	-5.8274771	0.028578027
160.768	0.026900255	-5.8278503	0.028261003
160.896	0.026868224	-5.8278523	0.025871447
161.024	0.026325585	-5.8270061	0.027383986
161.152	0.026489872	-5.827159	0.029957332
161.28	0.027143813	-5.8280241	0.028073247
161.408	0.026912412	-5.8275636	0.027374082
161.536	0.026912242	-5.8272546	0.02787154
161.664	0.027027535	-5.8271815	0.028396907
161.792	0.026996047	-5.8268803	0.030884405
161.92	0.027073807	-5.8269237	0.027870052
162.048	0.027200075	-5.8271233	0.028627582
162.176	0.027222014	-5.8268675	0.02927201
162.304	0.027616122	-5.8272552	0.026668116
162.432	0.026995473	-5.8265726	0.03132833
162.56	0.027388469	-5.827057	0.027777082
162.688	0.027624084	-5.8273465	0.024600558
162.816	0.027130163	-5.8270132	0.029255349
162.944	0.027318804	-5.8268112	0.031181714
163.072	0.027436915	-5.8267966	0.032828273
163.2	0.027325383	-5.826645	0.032278231
163.328	0.02767551	-5.8268796	0.02634947
163.456	0.027840561	-5.8268343	0.028337394
163.584	0.027625159	-5.8268615	0.032372869
163.712	0.02721975	-5.8265675	0.030774286
163.84	0.027294374	-5.826362	0.030534676
163.968	0.027393306	-5.8268703	0.02947681
164.096	0.027692884	-5.8271667	0.031878644
164.224	0.027107182	-5.8265621	0.031923397
164.352	0.027684619	-5.8274353	0.02687305
164.48	0.027260352	-5.8274096	0.029503861
164.608	0.027133234	-5.8275219	0.029001439
164.736	0.027366204	-5.8277934	0.028848047
164.864	0.026677957	-5.8269655	0.031442936
164.992	0.027186959	-5.8275362	0.026238151
165.12	0.026832907	-5.8273885	0.02800336
165.248	0.026679399	-5.8273999	0.029563375
165.376	0.026627133	-5.8274301	0.029805741
165.504	0.026419475	-5.8274885	0.030053425
165.632	0.026905897	-5.8278269	0.02549499
165.76	0.026151494	-5.8273275	0.030388183
165.888	0.026594799	-5.8279536	0.026479664
166.016	0.026828293	-5.8280553	0.026709673
166.144	0.026012459	-5.8272908	0.031551982
166.272	0.026436418	-5.8282344	0.029459727
166.4	0.026231778	-5.8281495	0.029136002
166.528	0.026696335	-5.8283248	0.027141251
166.656	0.026146902	-5.8281486	0.029376571
166.784	0.026348419	-5.8281118	0.028252435
166.912	0.026632425	-5.8282671	0.023841932
167.04	0.026307548	-5.8280659	0.027148402
167.168	0.026174926	-5.8277852	0.030159879
167.296	0.026165561	-5.8278007	0.032429295
167.424	0.027049117	-5.8281802	0.023352717
167.552	0.02677566	-5.8278498	0.021668712
167.68	0.026973439	-5.8281635	0.02453118
167.808	0.027135146	-5.8279506	0.028454896
167.936	0.026744458	-5.8274929	0.032203444
168.064	0.027213178	-5.8275769	0.030828923
168.192	0.026882864	-5.8270258	0.030509741
168.32	0.027148716	-5.827251	0.033152075
168.448	0.027264679	-5.8273333	0.027959885
168.576	0.027512113	-5.8273843	0.02462266
168.704	0.027370367	-5.8269594	0.027617671
168.832	0.027367424	-5.8272405	0.029930378
168.96	0.026872075	-5.8267312	0.032198532
169.088	0.027110623	-5.8268152	0.031697402
169.216	0.027792909	-5.8274955	0.029569701
169.344	0.027557565	-5.8270175	0.028040803
169.472	0.027832899	-5.8276539	0.027149192
169.6	0.027707973	-5.8276372	0.03108385
169.728	0.027288097	-5.8271585	0.031807344
169.856	0.027275635	-5.827151	0.030779507
169.984	0.027896339	-5.8279824	0.028937772
170.112	0.027385518	-5.8274014	0.030443416
170.24	0.027364905	-5.8272806	0.028044233
170.368	0.027376582	-5.827261	0.027730604
170.496	0.027425591	-5.8275097	0.027719399
170.624	0.027325115	-5.8273394	0.027906218
170.752	0.027255969	-5.827599	0.02819723
170.88	0.027258538	-5.8277671	0.027934116
171.008	0.026537327	-5.8273097	0.029575467
171.136	0.026978122	-5.8281562	0.027885506
171.264	0.026617296	-5.8276744	0.02707419
171.392	0.026967859	-5.8279659	0.021172146
171.52	0.026654817	-5.8276499	0.024470189
171.648	0.026794861	-5.8279028	0.026154138
171.776	0.026505713	-5.8277268	0.024210765
171.904	0.026600503	-5.8279541	0.024243139
172.032	0.02684871	-5.8283317	0.027236684
172.16	0.026435251	-5.8279937	0.029668171
172.288	0.026842478	-5.8285891	0.024157821
172.416	0.026358438	-5.8280463	0.025596646
172.544	0.0264719	-5.8281895	0.028363782
172.672	0.026743483	-5.8284395	0.025882455
172.8	0.026615094	-5.8284592	0.02472842
172.928	0.026446229	-5.8281178	0.027065394
173.056	0.026281152	-5.8280302	0.030568911
173.184	0.026641403	-5.8284348	0.030344652
173.312	0.026443523	-5.8277938	0.029307886
173.44	0.026196414	-5.8278009	0.026369757
173.568	0.026588687	-5.828243	0.026327431
173.696	0.026813893	-5.8285395	0.025510542
173.824	0.026945969	-5.8285981	0.025453758
173.952	0.026693361	-5.8278333	0.029535782
174.08	0.027250999	-5.8282422	0.023850742
174.208	0.026517392	-5.8274539	0.028607375
174.336	0.026640217	-5.8272807	0.032545051
174.464	0.027255728	-5.8277497	0.030031502
174.592	0.027189705	-5.8278527	0.032011687
174.72	0.027408398	-5.8278427	0.027596489
174.848	0.027389466	-5.8274881	0.030314745
174.976	0.027317349	-5.8275666	0.028921043
175.104	0.027439234	-5.8275641	0.025916283
175.232	0.027379327	-5.8274076	0.029518926
175.36	0.027461568	-5.8270826	0.031605949
175.488	0.027637817	-5.8271256	0.029883606
175.616	0.027449969	-5.826794	0.031556175
175.744	0.027685679	-5.8269421	0.028501787
175.872	0.02749563	-5.8269731	0.028814202
176	0.027545111	-5.8271655	0.031617548
176.128	0.027652537	-5.8271512	0.031522417
176.256	0.027153763	-5.8267321	0.033694026
176.384	0.027515946	-5.8273875	0.030414925
176.512	0.027305965	-5.8272742	0.029348933
176.64	0.026995812	-5.827145	0.025554068
176.768	0.027703412	-5.8279448	0.024843636
176.896	0.0273401	-5.8275867	0.027058124
177.024	0.027517258	-5.8277119	0.026221918
177.152	0.027213061	-5.8274777	0.029994492
177.28	0.027237416	-5.8276857	0.028770753
177.408	0.027178448	-5.8277517	0.027791198
177.536	0.026991876	-5.8276432	0.026376905
177.664	0.026797356	-5.8277674	0.028752933
177.792	0.026163947	-5.8272116	0.02727207
177.92	0.027130608	-5.8279998	0.026031932
178.048	0.026792651	-5.8278204	0.026385921
178.176	0.026745852	-5.8281973	0.02778231
178.304	0.026307588	-5.827773	0.028655611
178.432	0.026676358	-5.8279825	0.027564167
178.56	0.026771193	-5.8284183	0.024729341
178.688	0.026611082	-5.8281118	0.023070194
178.816	0.026111155	-5.8277872	0.0254744
178.944	0.026843464	-5.8286485	0.023490357
179.072	0.026756	-5.8287244	0.027246517
179.2	0.026533951	-5.8281443	0.026952432
179.328	0.026590155	-5.8284317	0.02097997
179.456	0.026376641	-5.8277275	0.025465622
179.584	0.026653531	-5.8282613	0.026832755
179.712	0.026552257	-5.8282298	0.026386535
179.84	0.02640657	-5.8278314	0.027133773
179.968	0.026890615	-5.8281648	0.030213201
180.096	0.026624072	-5.8279194	0.029051607
180.224	0.027159495	-5.8280696	0.024827638
180.352	0.026670437	-5.827718	0.028600127
180.48	0.026559563	-5.8275966	0.029582855
180.608	0.027062785	-5.8279387	0.029106773
180.736	0.027082108	-5.8274747	0.029920605
180.864	0.027467505	-5.8277836	0.025338094
180.992	0.027026666	-5.8276307	0.029248759
181.12	0.027338738	-5.8274436	0.029916385
181.248	0.02738297	-5.8273899	0.027921695
181.376	0.02704716	-5.8270746	0.028588415
181.504	0.027024744	-5.8269431	0.028868765
181.632	0.027361407	-5.8271037	0.03144617
181.76	0.027633808	-5.8274449	0.031170988
181.888	0.027394998	-5.8270437	0.030982693
182.016	0.027550613	-5.827129	0.0294383
182.144	0.027464589	-5.8271258	0.029418205
182.272	0.027896829	-5.8276519	0.029515187
182.4	0.02768094	-5.8270416	0.032766277
182.528	0.027269857	-5.8268973	0.030444917
182.656	0.027689513	-5.8272915	0.028168417
182.784	0.027263971	-5.827295	0.030455947
182.912	0.027232444	-5.8273983	0.029044624
183.04	0.02749855	-5.8277234	0.028408444
183.168	0.027743551	-5.8279111	0.027213069
183.296	0.027288723	-5.8273942	0.027384584
183.424	0.027083984	-5.8273826	0.027614767
183.552	0.026870374	-5.827257	0.02721219
183.68	0.027294467	-5.8280866	0.025504241
183.808	0.027079187	-5.827874	0.026095261
183.936	0.026871737	-5.8279842	0.029363324
184.064	0.02706131	-5.8283944	0.028603526
184.192	0.026952945	-5.8283144	0.027340479
184.32	0.026623004	-5.8278546	0.025602025
184.448	0.02635755	-5.8277543	0.028841983
184.576	0.026658543	-5.8280513	0.028457013
184.704	0.026516273	-5.827919	0.02707575
184.832	0.026735601	-5.828336	0.027561642
184.96	0.026352904	-5.8278618	0.030579479
185.088	0.026311082	-5.8279538	0.027433563
185.216	0.026678967	-5.8284961	0.025196365
185.344	0.026762764	-5.8286193	0.022033798
185.472	0.026656115	-5.8282762	0.023633932
185.6	0.026353363	-5.8279019	0.02501361
185.728	0.026535383	-5.8279749	0.023765735
185.856	0.026629831	-5.8282739	0.024807219
185.984	0.026709672	-5.8281827	0.029666463
186.112	0.026993411	-5.8283025	0.027951469
186.24	0.02644448	-5.8277654	0.028237825
186.368	0.027091522	-5.8280559	0.025879558
186.496	0.026454057	-5.8277648	0.027561198
186.624	0.027215089	-5.8285415	0.026650795
186.752	0.026617763	-5.8276121	0.030508207
186.88	0.026701125	-5.8275367	0.028372486
187.008	0.027122156	-5.8276681	0.026702136
187.136	0.027526727	-5.828065	0.026583617
187.264	0.027085391	-5.8272603	0.030805563
187.392	0.027255024	-5.8273532	0.028553495
187.52	0.027010705	-5.8271159	0.027266985
187.648	0.027497129	-5.8274019	0.026731661
187.776	0.027553874	-5.8270834	0.028857668
187.904	0.027185756	-5.8267599	0.030742129
188.032	0.027261835	-5.8265968	0.031043391
188.16	0.027675287	-5.8271642	0.025598117
188.288	0.027162498	-5.8266253	0.028809204
188.416	0.027401543	-5.826926	0.027092305
188.544	0.02755722	-5.8270298	0.026258332
188.672	0.027620541	-5.8269972	0.030659089
188.8	0.027507941	-5.8273521	0.030396581
188.928	0.027479718	-5.8274658	0.026403907
189.056	0.027302913	-5.8269861	0.0285692
189.184	0.027077762	-5.8271713	0.031151111
189.312	0.027368887	-5.8276621	0.025693026
189.44	0.027643304	-5.8278229	0.02312497
189.568	0.027305554	-5.827612	0.027775504
189.696	0.027155913	-5.8278558	0.030256815
189.824	0.02730475	-5.8277855	0.029681825
189.952	0.02690148	-5.8275511	0.029920263
190.08	0.027068445	-5.8275278	0.027337511
190.208	0.026708619	-5.8273058	0.027381215
190.336	0.026674124	-5.827469	0.029463441
190.464	0.026839345	-5.8276205	0.027078877
190.592	0.026978014	-5.8279537	0.025736092
190.72	0.026870911	-5.8281198	0.02217242
190.848	0.026321917	-5.8277469	0.023474122
190.976	0.026945963	-5.8281466	0.024661577
191.104	0.026350882	-5.8276866	0.02639398
191.232	0.026358137	-5.8280634	0.028108374
191.36	0.026567177	-5.8284183	0.026906257
191.488	0.026027884	-5.8279967	0.028935545
191.616	0.026648901	-5.8285021	0.025014196
191.744	0.026019525	-5.8278146	0.026501098
191.872	0.026484386	-5.8280975	0.025014812
192	0.026560397	-5.8282729	0.024241132
192.128	0.027044736	-5.828765	0.023837162
192.256	0.026460313	-5.8279988	0.024791195
192.384	0.026635928	-5.8280826	0.025714238
192.512	0.026645177	-5.8278105	0.028189469
192.64	0.026464577	-5.8279438	0.027974333
192.768	0.026431542	-5.8280056	0.023503582
192.896	0.027008884	-5.8279837	0.022388781
193.024	0.026644458	-5.8274898	0.027966906
193.152	0.026926527	-5.827654	0.028339408
193.28	0.026961837	-5.8277252	0.031638163
193.408	0.027312788	-5.8281327	0.029657276
193.536	0.027173318	-5.8276759	0.027524588
193.664	0.0273347	-5.8276558	0.030554208
193.792	0.027381381	-5.8276826	0.027943509
193.92	0.027615741	-5.8277088	0.029863145
194.048	0.027306878	-5.8272411	0.035445818
194.176	0.027092747	-5.8270882	0.030226135
194.304	0.027339074	-5.8270194	0.027064737
194.432	0.027997023	-5.8276441	0.024766511
194.56	0.027129232	-5.8267668	0.030071295
194.688	0.02783532	-5.8274311	0.028588046
194.816	0.027411688	-5.8271141	0.030188969
194.944	0.027295266	-5.8268342	0.028286826
195.072	0.027558	-5.827531	0.03430747
195.2	0.027253302	-5.8267402	0.035510704
195.328	0.027352402	-5.8272245	0.029236003
195.456	0.0277812	-5.82764	0.027917655
195.584	0.027126156	-5.827103	0.0290461
195.712	0.027825633	-5.8278982	0.02445956
195.84	0.027176814	-5.8275259	0.027618556
195.968	0.027164	-5.8278955	0.028682375
196.096	0.026954267	-5.8272768	0.028769194
196.224	0.026834221	-5.8274573	0.026249323
196.352	0.027575052	-5.82852	0.025974092
196.48	0.027230765	-5.8279057	0.029731478
196.608	0.026772268	-5.8278851	0.029559157
196.736	0.027099666	-5.8278823	0.027960672
196.864	0.026436962	-5.8274601	0.028751785
196.992	0.026483559	-5.828107	0.02876016
197.12	0.026949948	-5.828345	0.029030889
197.248	0.027072303	-5.8286731	0.028919056
197.376	0.02617093	-5.8278533	0.030523299
197.504	0.026372002	-5.82799	0.025933537
197.632	0.026435403	-5.8279746	0.023784429
197.76	0.026550751	-5.827929	0.024336357
197.888	0.026148266	-5.8276685	0.026624043
198.016	0.026549558	-5.8284683	0.025784512
198.144	0.026290635	-5.8279422	0.028898594
198.272	0.02672459	-5.8282352	0.026611312
198.4	0.026753732	-5.8281828	0.022764958
198.528	0.026791447	-5.8283498	0.0241029
198.656	0.02659182	-5.828086	0.02552343
198.784	0.026664844	-5.8281387	0.027183408
198.912	0.026694291	-5.8282621	0.030755602
199.04	0.026688947	-5.8280304	0.030711559
199.168	0.026967534	-5.8279106	0.027842645
199.296	0.026927242	-5.8277808	0.030117651
199.424	0.026885339	-5.8276522	0.027432026
199.552	0.026844979	-5.8275119	0.028624597
199.68	0.027225342	-5.8277841	0.027787394
199.808	0.027340681	-5.8279996	0.024080226
199.936	0.026626906	-5.8266217	0.027450446
200.064	0.027141932	-5.8269402	0.027651448
200.192	0.027426181	-5.8269405	0.028037948
200.32	0.027654496	-5.827332	0.028031344
200.448	0.027106526	-5.8269207	0.029476214
200.576	0.027739534	-5.8277357	0.029666146
200.704	0.027403188	-5.8272292	0.030150546
200.832	0.027087898	-5.8269829	0.030458705
200.96	0.028143071	-5.8278991	0.026120128
201.088	0.027294243	-5.8268971	0.028441922
201.216	0.027777254	-5.8275137	0.02742264
201.344	0.027374059	-5.8273131	0.029142551
201.472	0.027494163	-5.8270651	0.026250294
201.6	0.02725994	-5.8268297	0.027515234
201.728	0.027468477	-5.8275588	0.028089296
201.856	0.027655225	-5.827886	0.025935497
201.984	0.027336093	-5.8275726	0.027049225
202.112	0.027648919	-5.8279452	0.029134213
202.24	0.027003598	-5.8272376	0.029129619
202.368	0.027045358	-5.8272914	0.028412317
202.496	0.02703074	-5.8275238	0.0263271
202.624	0.027294668	-5.8277365	0.025627513
202.752	0.02695754	-5.8274706	0.028084357
202.88	0.026851548	-5.8273632	0.028947206
203.008	0.026987746	-5.8275033	0.030620228
203.136	0.02707462	-5.8281739	0.026076015
203.264	0.026888465	-5.8281131	0.027023034
203.392	0.026398071	-5.827673	0.027531348
203.52	0.026657898	-5.8278929	0.0252484
203.648	0.026489513	-5.8278947	0.025352394
203.776	0.026630012	-5.8278904	0.025366723
203.904	0.026800263	-5.8283755	0.024195765
204.032	0.026808151	-5.8283465	0.024899849
204.16	0.026418821	-5.8278859	0.02864509
204.288	0.026584518	-5.8283097	0.028108953
204.416	0.026498545	-5.8282697	0.026316094
204.544	0.026583958	-5.8281612	0.028625339
204.672	0.026128881	-5.8275208	0.031147591
204.8	0.026422429	-5.8276911	0.028147328
204.928	0.026740872	-5.8276762	0.027674064
205.056	0.026083291	-5.8271264	0.029958617
205.184	0.02712307	-5.8283495	0.026513275
205.312	0.026406297	-5.8279815	0.029997196
205.44	0.02689484	-5.8283784	0.026150371
205.568	0.026867442	-5.8279759	0.023312626
205.696	0.02714772	-5.8279739	0.028971935
205.824	0.026240787	-5.8269615	0.029970052
205.952	0.026903877	-5.8275824	0.025386771
206.08	0.026608075	-5.8269236	0.027951719
206.208	0.027456055	-5.8278466	0.027842456
206.336	0.027229516	-5.8276678	0.027753195
206.464	0.027010636	-5.8272937	0.029958387
206.592	0.02738459	-5.8273732	0.030176303
206.72	0.027451069	-5.8275743	0.031041034
206.848	0.027752402	-5.8275918	0.028932176
206.976	0.02726949	-5.8269769	0.032305542
207.104	0.027698786	-5.8273702	0.029683015
207.232	0.027476982	-5.8273096	0.028809335
207.36	0.02744142	-5.8274332	0.030463645
207.488	0.027305501	-5.8274699	0.033905398
207.616	0.027073376	-5.8272493	0.029899891
207.744	0.027701779	-5.8276319	0.024382848
207.872	0.026703525	-5.8265736	0.028559827
208	0.027515197	-5.8274565	0.027451167
208.128	0.027984127	-5.828019	0.026114924
208.256	0.027223867	-5.8272642	0.02815328
208.384	0.027530081	-5.8278718	0.032225571
208.512	0.026909644	-5.8272281	0.030254091
208.64	0.027448365	-5.8280716	0.027639424
208.768	0.027148265	-5.8275582	0.028178503
208.896	0.026562268	-5.8269886	0.029216366
209.024	0.027041055	-5.8277052	0.026311057
209.152	0.027046403	-5.8277525	0.025138018
209.28	0.026919369	-5.8277442	0.028259584
209.408	0.026524564	-5.8275729	0.028610425
209.536	0.027181476	-5.828425	0.023557498
209.664	0.026445328	-5.8276651	0.027949064
209.792	0.027061489	-5.8283225	0.025996465
209.92	0.027014312	-5.8283274	0.024679943
210.048	0.026434122	-5.8280358	0.025881355
210.176	0.026767739	-5.8282132	0.02525393
210.304	0.026424023	-5.8279747	0.026623805
210.432	0.026714984	-5.8285186	0.027081049
210.56	0.026124888	-5.8278962	0.031558384
210.688	0.02613003	-5.8276645	0.029510046
210.816	0.02657288	-5.828376	0.025141179
210.944	0.026490291	-5.827964	0.026158763
211.072	0.026557162	-5.8276924	0.025801588
211.2	0.02675627	-5.8280484	0.025315847
211.328	0.026692303	-5.8283213	0.024341243
211.456	0.026575811	-5.8277971	0.027757727
211.584	0.026673155	-5.8279742	0.030625279
211.712	0.026717434	-5.8276938	0.028920175
211.84	0.026620748	-5.8277526	0.025624772
211.968	0.026612587	-5.8273888	0.028176367
212.096	0.026618387	-5.8272128	0.028127898
212.224	0.026979806	-5.8273599	0.030937334
212.352	0.027763529	-5.8286589	0.028322147
212.48	0.026979398	-5.8274961	0.028384127
212.608	0.027111524	-5.8272891	0.027896183
212.736	0.027280857	-5.8277577	0.029157967
212.864	0.027228138	-5.8273553	0.031746552
212.992	0.027392824	-5.8273033	0.032022177
213.12	0.02730583	-5.8273637	0.030912198
213.248	0.027600389	-5.8275104	0.026673461
213.376	0.027447669	-5.8275125	0.02804983
213.504	0.027088415	-5.8272766	0.031581897
213.632	0.027063729	-5.8269842	0.029874108
213.76	0.027482484	-5.8272778	0.028304285
213.888	0.027753249	-5.827262	0.025982656
214.016	0.027288968	-5.8269549	0.030647067
214.144	0.028166244	-5.8274665	0.03024375
214.272	0.027064875	-5.8263848	0.030782482
214.4	0.027304838	-5.8269689	0.027629021
214.528	0.027334316	-5.827403	0.026217889
214.656	0.027165494	-5.8272335	0.028500353
214.784	0.027589152	-5.8274692	0.02604739
214.912	0.027204978	-5.827325	0.028384676
215.04	0.027055558	-5.8276132	0.027899548
215.168	0.026784061	-5.8275591	0.023729413
215.296	0.027063424	-5.8277682	0.024629066
215.424	0.026629836	-5.8276443	0.031325525
215.552	0.027342909	-5.828298	0.029906511
215.68	0.027055303	-5.8280814	0.027499926
215.808	0.02637062	-5.8275611	0.030009938
215.936	0.026940825	-5.8278267	0.027205491
216.064	0.026675054	-5.8279118	0.022960055
216.192	0.026431402	-5.8279433	0.027319529
216.32	0.026673837	-5.8283014	0.025855387
216.448	0.026392423	-5.8280294	0.027033526
216.576	0.026679653	-5.8281671	0.028747127
216.704	0.026483954	-5.8281693	0.028808557
216.832	0.026831482	-5.8286426	0.027584491
216.96	0.026340114	-5.82812	0.029805506
217.088	0.026537739	-5.8283138	0.027146614
217.216	0.02672784	-5.8284507	0.026528604
217.344	0.026366607	-5.8279189	0.029534132
217.472	0.02656045	-5.8283732	0.028965409
217.6	0.026132857	-5.8276848	0.027506607
217.728	0.027080761	-5.8282547	0.024213309
217.856	0.026639029	-5.827907	0.027048963
217.984	0.026698565	-5.8277989	0.029756514
218.112	0.027102681	-5.8280975	0.026813816
218.24	0.026581999	-5.8274471	0.027501065
218.368	0.027049161	-5.8279008	0.027745174
218.496	0.026771448	-5.827461	0.030039624
218.624	0.027023344	-5.8273991	0.030471755
218.752	0.026882231	-5.827576	0.02709617
218.88	0.027210543	-5.8277054	0.026364719
219.008	0.027464261	-5.8277234	0.02672807
219.136	0.027159105	-5.8269341	0.031013145
219.264	0.027082982	-5.8268622	0.031986169
219.392	0.02750398	-5.8273087	0.027075044
219.52	0.027796649	-5.8275026	0.02769804
219.648	0.027145336	-5.8272714	0.031115577
219.776	0.026958475	-5.8269081	0.032057694
219.904	0.027357699	-5.8271172	0.028839962
220.032	0.027383814	-5.8273455	0.031697848
220.16	0.027568641	-5.8272853	0.030169242
220.288	0.027254566	-5.8270995	0.031226438
220.416	0.027569369	-5.8274403	0.031645912
220.544	0.027786898	-5.8275685	0.028791458
220.672	0.027355423	-5.8270499	0.027528597
220.8	0.027263464	-5.827194	0.028993311
220.928	0.027164492	-5.8271897	0.026929822
221.056	0.027823621	-5.8280755	0.025946895
221.184	0.02719184	-5.8277166	0.029120133
221.312	0.027414028	-5.8280748	0.027298452
221.44	0.026991375	-5.8276642	0.03141114
221.568	0.027149929	-5.8276737	0.028664583
221.696	0.026607777	-5.8275318	0.025178631
221.824	0.02702309	-5.827703	0.027706497
221.952	0.026552222	-5.8275873	0.028906439
222.08	0.026740269	-5.8277469	0.030347599
222.208	0.026999231	-5.8281929	0.025909077
222.336	0.0266158	-5.8275479	0.02822389
222.464	0.02670612	-5.8280371	0.027514188
222.592	0.026694382	-5.8280625	0.023270756
222.72	0.026580796	-5.8279064	0.024899604
222.848	0.026167011	-5.8275812	0.025880095
222.976	0.026842303	-5.82858	0.024189472
223.104	0.026176878	-5.8277826	0.028106432
223.232	0.026534283	-5.8282148	0.024211163
223.36	0.027064756	-5.8286742	0.023052202
223.488	0.026297382	-5.8275529	0.028020598
223.616	0.026507294	-5.8277922	0.026275302
223.744	0.026571163	-5.8279702	0.027172716
223.872	0.026848329	-5.8280894	0.02926184
224	0.026868573	-5.8280482	0.031928357
224.128	0.026300375	-5.8276141	0.030150426
224.256	0.026888226	-5.8280733	0.025202676
224.384	0.02686486	-5.8280956	0.028543231
224.512	0.027062407	-5.8278675	0.030983046
224.64	0.027054855	-5.8280922	0.027433975
224.768	0.026586609	-5.827349	0.028952696
224.896	0.027219466	-5.8280569	0.026645238
225.024	0.026818413	-5.8273996	0.027964334
225.152	0.026986963	-5.8273209	0.027913479
225.28	0.027114064	-5.8273399	0.02744673
225.408	0.027165399	-5.8273514	0.027884912
225.536	0.027507235	-5.8276676	0.029327263
225.664	0.027116475	-5.8270791	0.029150949
225.792	0.027595055	-5.8273394	0.027971094
225.92	0.026960904	-5.8269172	0.030973141
226.048	0.027601544	-5.8277255	0.027870304
226.176	0.027474077	-5.8276436	0.028181101
226.304	0.027657382	-5.8275239	0.03207659
226.432	0.027600569	-5.8272211	0.028079717
226.56	0.028041051	-5.8281335	0.02665309
226.688	0.027078532	-5.8274122	0.032249957
226.816	0.027163845	-5.8272119	0.031522118
226.944	0.027321022	-5.8273757	0.028007939
227.072	0.027081081	-5.8270287	0.027635407
227.2	0.027635108	-5.8275295	0.029857096
227.328	0.027277386	-5.8271871	0.029651005
227.456	0.027071203	-5.8269877	0.02750251
227.584	0.027385995	-5.8276151	0.026301268
227.712	0.026845923	-5.8270783	0.026438754
227.84	0.026829722	-5.8273402	0.027428978
227.968	0.027324154	-5.8281155	0.025616496
228.096	0.027092535	-5.82803	0.024104968
228.224	0.026687951	-5.8278065	0.026892465
228.352	0.027091676	-5.828168	0.029056377
228.48	0.027290645	-5.8284871	0.028347602
228.608	0.026413698	-5.8274807	0.029752837
228.736	0.026729385	-5.8277866	0.025128592
228.864	0.026444928	-5.8277699	0.028117116
228.992	0.026433976	-5.8279271	0.032041489
229.12	0.027131138	-5.8286481	0.024991147
229.248	0.026571579	-5.828091	0.024593642
229.376	0.026296386	-5.8280965	0.026544848
229.504	0.026618459	-5.8282941	0.026184539
229.632	0.026565726	-5.828402	0.027759759
229.76	0.027074445	-5.8289212	0.026047325
229.888	0.026504091	-5.8284085	0.026677799
230.016	0.026728204	-5.8284578	0.02592962
230.144	0.026661243	-5.8280946	0.02498576
230.272	0.026679469	-5.8280931	0.027399203
230.4	0.026593047	-5.8281066	0.028371364
230.528	0.026764875	-5.8280371	0.027645251
230.656	0.026892038	-5.8279298	0.025973191
230.784	0.026675641	-5.8277836	0.025995459
230.912	0.02689015	-5.8276062	0.028309426
231.04	0.02661232	-5.827063	0.028103785
231.168	0.027096852	-5.8277066	0.026319801
231.296	0.02705732	-5.8275652	0.030009678
231.424	0.027503033	-5.8277539	0.029809586
231.552	0.027059673	-5.8271568	0.030460728
231.68	0.027347237	-5.8273499	0.031350136
231.808	0.027770298	-5.8277096	0.026270166
231.936	0.027067454	-5.8272185	0.026964761
232.064	0.027273283	-5.8273662	0.029518128
232.192	0.027889184	-5.8278465	0.028312147
232.32	0.02702149	-5.8272386	0.031247402
232.448	0.027493723	-5.8272483	0.029589216
232.576	0.027378988	-5.8271115	0.030703188
232.704	0.027194055	-5.8269746	0.032018206
232.832	0.027629656	-5.8274342	0.030294678
232.96	0.027028542	-5.8268522	0.02885169
233.088	0.027413253	-5.8272	0.024135572
233.216	0.02708317	-5.8274092	0.028492662
233.344	0.027287466	-5.8275382	0.029614324
233.472	0.02768226	-5.8278457	0.025555015
233.6	0.027019291	-5.8271585	0.028243592
233.728	0.027290987	-5.8274332	0.027941619
233.856	0.026965532	-5.8273614	0.030272928
233.984	0.027664743	-5.8281525	0.026982473
234.112	0.02677277	-5.8275756	0.030828019
234.24	0.026959974	-5.827702	0.028864338
234.368	0.026840516	-5.8278939	0.026118138
234.496	0.027245783	-5.8282193	0.029333308
234.624	0.02664848	-5.8277688	0.033273096
234.752	0.026755856	-5.8283049	0.028114675
234.88	0.027021688	-5.8284955	0.023803942
235.008	0.026617751	-5.8279659	0.029832012
235.136	0.026734586	-5.828169	0.030827604
235.264	0.026714881	-5.8283682	0.02665751
235.392	0.026112451	-5.8275238	0.029385423
235.52	0.026981142	-5.8283227	0.026471715
235.648	0.02675633	-5.8282818	0.026212462
235.776	0.026534779	-5.8280602	0.024584438
235.904	0.026751999	-5.8280934	0.028266372
236.032	0.02645988	-5.8281716	0.028018598
236.16	0.027057854	-5.8285041	0.024376258
236.288	0.026613783	-5.82794	0.029594668
236.416	0.026563628	-5.8277896	0.028429141
236.544	0.027168896	-5.8283297	0.023435877
236.672	0.026653522	-5.8275299	0.025149352
236.8	0.027070091	-5.828199	0.026449026
236.928	0.026479168	-5.827516	0.032451719
237.056	0.026608344	-5.8273117	0.029226522
237.184	0.026811204	-5.8273491	0.027548504
237.312	0.027297179	-5.8278962	0.028707344
237.44	0.02730166	-5.8273842	0.030240173
237.568	0.02709817	-5.8273969	0.026644272
237.696	0.027052563	-5.8272856	0.028237
237.824	0.02709284	-5.8273194	0.031829631
237.952	0.026917448	-5.8272283	0.025250142
238.08	0.027538826	-5.8276323	0.024483563
238.208	0.02706514	-5.8273595	0.02972471
238.336	0.027643973	-5.8277328	0.025314182
238.464	0.027327441	-5.8273532	0.028293783
238.592	0.027752969	-5.8278144	0.028036343
238.72	0.027417268	-5.8273994	0.029459711
238.848	0.027284648	-5.827383	0.028880152
238.976	0.027338788	-5.8271719	0.025899733
239.104	0.027225015	-5.8270693	0.026846551
239.232	0.02692867	-5.8268997	0.03057619
239.36	0.027463722	-5.8275267	0.027033047
239.488	0.027666681	-5.8277707	0.02361241
239.616	0.027333881	-5.8273625	0.028908238
239.744	0.027340202	-5.8274648	0.027614535
239.872	0.026891555	-5.8271182	0.028495737
240	0.027187941	-5.8276695	0.025505886
240.128	0.026748318	-5.8269932	0.025722583
240.256	0.026986549	-5.82707	0.026598585
240.384	0.026713157	-5.8272743	0.027644429
240.512	0.027336509	-5.8280259	0.026292417
240.64	0.027107009	-5.8280924	0.024005292
240.768	0.027433345	-5.8281479	0.0218165
240.896	0.026280162	-5.826742	0.026830067
241.024	0.026888022	-5.8278471	0.02710685
241.152	0.026842119	-5.8280802	0.02603564
241.28	0.026648923	-5.8281496	0.02712207
241.408	0.026899743	-5.8281816	0.026985472
241.536	0.027071178	-5.8286859	0.027489175
241.664	0.026547632	-5.8278958	0.02657472
241.792	0.026859461	-5.8283638	0.025331267
241.92	0.026658222	-5.8281484	0.028370269
242.048	0.026231779	-5.8273615	0.025490468
242.176	0.027216659	-5.8283867	0.024044044
242.304	0.026504757	-5.8278972	0.027836556
242.432	0.026425336	-5.8278844	0.024890769
242.56	0.026656098	-5.8282728	0.023118712
242.688	0.026539291	-5.8282143	0.026639346
242.816	0.026905878	-5.8281387	0.028167423
242.944	0.026878963	-5.8280837	0.029054138
243.072	0.026697747	-5.8279875	0.029473571
243.2	0.027007388	-5.8281145	0.024431341
243.328	0.027129012	-5.8281297	0.025086614
243.456	0.026820469	-5.8273752	0.027629126
243.584	0.02722102	-5.8278663	0.025918183
243.712	0.027076659	-5.8277098	0.027755512
243.84	0.026887317	-5.827079	0.031167672
243.968	0.026878225	-5.8270506	0.030904191
244.096	0.027029388	-5.8273408	0.031716053
244.224	0.027269005	-5.8274803	0.029859926
244.352	0.027337904	-5.827753	0.028498472
244.48	0.027050626	-5.8270309	0.030410273
244.608	0.027111059	-5.8272047	0.027908827
244.736	0.027790207	-5.8282203	0.026579113
244.864	0.027375893	-5.8276824	0.030622457
244.992	0.027623338	-5.8275636	0.027798988
245.12	0.027102164	-5.8272954	0.026931074
245.248	0.027325546	-5.8273465	0.028219705
245.376	0.027637677	-5.8273755	0.0287521
245.504	0.027118599	-5.8272423	0.0263422
245.632	0.027434714	-5.8277636	0.025263458
245.76	0.027203556	-5.8273942	0.031549129
245.888	0.027220203	-5.8276155	0.030437588
246.016	0.026994395	-5.8271386	0.029481819
246.144	0.027456599	-5.8276512	0.02927901
246.272	0.027166348	-5.8276139	0.028417446
246.4	0.027478129	-5.8280598	0.029304392
246.528	0.026706229	-5.827347	0.029057982
246.656	0.027054238	-5.8278877	0.028647247
246.784	0.026680378	-5.8276361	0.030444759
246.912	0.026989043	-5.8277163	0.026482801
247.04	0.026716914	-5.8276618	0.029481366
247.168	0.026651091	-5.8276008	0.028220737
247.296	0.026780305	-5.8279359	0.027272156
247.424	0.026917602	-5.8280827	0.027513942
247.552	0.0266645	-5.8278623	0.026477973
247.68	0.026602781	-5.8276816	0.025255169
247.808	0.026957539	-5.8282162	0.026736086
247.936	0.026646667	-5.8281468	0.029489023
248.064	0.026727411	-5.8279012	0.026414406
248.192	0.026735644	-5.8280645	0.025759274
248.32	0.026843639	-5.8284666	0.026549824
248.448	0.026569359	-5.8280408	0.028462983
248.576	0.026415385	-5.8276329	0.029238754
248.704	0.026530246	-5.8279369	0.02803639
248.832	0.026621024	-5.8278699	0.026175495
248.96	0.026560546	-5.8276982	0.026553743
249.088	0.02697968	-5.8280876	0.027703248
249.216	0.026672733	-5.8278322	0.026793616
249.344	0.027091096	-5.8280208	0.024203732
249.472	0.026621279	-5.827619	0.028366914
249.6	0.026754586	-5.8276082	0.028252277
249.728	0.026720077	-5.8274601	0.026001652
249.856	0.027175208	-5.8279868	0.025371372
249.984	0.027078985	-5.8280428	0.027331616
250.112	0.02677771	-5.8276252	0.030332716
250.24	0.027312684	-5.8276615	0.028397287
250.368	0.026954152	-5.8271657	0.027869483
250.496	0.026780903	-5.8269306	0.033320813
250.624	0.02743781	-5.8277775	0.032100232
250.752	0.027405114	-5.8277068	0.029001366
250.88	0.02731388	-5.8277215	0.029538368
251.008	0.027047813	-5.8272702	0.029563115
251.136	0.026986006	-5.8268866	0.027256887
251.264	0.027307043	-5.8272631	0.025823786
251.392	0.027292173	-5.8273017	0.028624889
251.52	0.027046928	-5.8271463	0.029274711
251.648	0.027324458	-5.8271807	0.027636473
251.776	0.027218679	-5.8272414	0.030209345
251.904	0.02754996	-5.8277347	0.029465926
252.032	0.02733848	-5.8274165	0.029049614
252.16	0.027322508	-5.8278297	0.027551527
252.288	0.027422497	-5.8277311	0.025851958
252.416	0.026898864	-5.827079	0.029747084
252.544	0.027366436	-5.8277914	0.028806976
252.672	0.027037289	-5.8272773	0.02744728
252.8	0.027320648	-5.8277491	0.024845447
252.928	0.027080499	-5.8276156	0.029288677
253.056	0.026976978	-5.8275329	0.03012373
253.184	0.026919225	-5.8277208	0.026775639
253.312	0.026742926	-5.8279222	0.026162847
253.44	0.027245481	-5.8280705	0.029442614
253.568	0.026849137	-5.8278276	0.030554075
253.696	0.026506807	-5.8276224	0.029320731
253.824	0.02692473	-5.8282465	0.02680493
253.952	0.026792208	-5.828044	0.028059486
254.08	0.026772192	-5.8280625	0.024779637
254.208	0.02657385	-5.8278583	0.025099
254.336	0.026632941	-5.8277706	0.026312459
254.464	0.026544453	-5.827564	0.025557069
254.592	0.026582432	-5.827654	0.02758647
254.72	0.02680384	-5.8280299	0.028024602
254.848	0.026206753	-5.8274204	0.026289306
254.976	0.026826215	-5.8280131	0.023894954
255.104	0.026949725	-5.8281235	0.026015601
255.232	0.02676937	-5.8277352	0.026004992
255.36	0.026597898	-5.8277875	0.027961017
255.488	0.026580528	-5.8279198	0.030249195
255.616	0.02707978	-5.8284261	0.025628606
255.744	0.027099102	-5.8282254	0.026586105
255.872	0.02643092	-5.8277993	0.030517709
256	0.02688177	-5.8278843	0.030443231
256.128	0.02692432	-5.8279333	0.032603119
256.256	0.027037413	-5.8279258	0.032077917
256.384	0.02688099	-5.8276271	0.028094069
256.512	0.027212148	-5.8274117	0.029318156
256.64	0.027294868	-5.8274609	0.027733759
256.768	0.026877278	-5.82688	0.028907195
256.896	0.026938101	-5.826863	0.028022614
257.024	0.027432616	-5.8274376	0.027455394
257.152	0.02750007	-5.8275046	0.029622466
257.28	0.02710202	-5.8273305	0.027994405
257.408	0.027145329	-5.8272393	0.028604376
257.536	0.027302754	-5.827335	0.029483695
257.664	0.026884048	-5.8269352	0.031006225
257.792	0.027220578	-5.8272901	0.027952992
257.92	0.027670445	-5.8277096	0.02713587
258.048	0.027206077	-5.8274063	0.030380319
258.176	0.027353452	-5.8274471	0.027906936
258.304	0.0277176	-5.8275261	0.027044398
258.432	0.027014199	-5.8268575	0.030419031
258.56	0.02736162	-5.8274346	0.030556643
258.688	0.027202607	-5.8274382	0.029255858
258.816	0.027285729	-5.8275285	0.027682259
258.944	0.027173925	-5.8275081	0.027977735
259.072	0.026934263	-5.8277539	0.027807053
259.2	0.0271476	-5.8277263	0.029844363
259.328	0.027013836	-5.8276954	0.028710289
259.456	0.026678462	-5.8276592	0.027899912
259.584	0.027083194	-5.8279451	0.026707008
259.712	0.026463843	-5.827812	0.029805982
259.84	0.026947015	-5.8282231	0.027634194
259.968	0.026898958	-5.8281597	0.026915291
260.096	0.026490996	-5.8278869	0.027590492
260.224	0.026464701	-5.8277307	0.025633344
260.352	0.027278824	-5.8284723	0.023578395
260.48	0.026501813	-5.8277433	0.02863342
260.608	0.026777247	-5.8281879	0.026277613
260.736	0.02633535	-5.8274263	0.024943232
260.864	0.026719909	-5.8279671	0.025143678
260.992	0.026691483	-5.8283409	0.024642659
261.12	0.026820351	-5.8283206	0.024998295
261.248	0.026589581	-5.827934	0.02674267
261.376	0.027028485	-5.8285026	0.025802848
261.504	0.026283293	-5.8276136	0.02882859
261.632	0.027016629	-5.8282553	0.023813021
261.76	0.027092362	-5.8284925	0.023990839
261.888	0.026589087	-5.8280379	0.02781456
262.016	0.026535927	-5.8280566	0.027116779
262.144	0.027113704	-5.8282412	0.027770306
262.272	0.026648392	-5.8274378	0.029932145
262.4	0.026607249	-5.8276618	0.030362926
262.528	0.027244521	-5.8278653	0.032222949
262.656	0.026976928	-5.8275706	0.028865939
262.784	0.027191482	-5.8277267	0.029047745
262.912	0.0271162	-5.8275394	0.030027828
263.04	0.027175058	-5.8275786	0.027130627
263.168	0.027155214	-5.8275573	0.028158772
263.296	0.027059674	-5.8271887	0.02518132
263.424	0.027427151	-5.827426	0.024363309
263.552	0.027224398	-5.8273001	0.027400722
263.68	0.027230744	-5.8268915	0.026403165
263.808	0.027446768	-5.8270287	0.028686182
263.936	0.027477192	-5.827408	0.029381036
264.064	0.027486336	-5.8273521	0.027941977
264.192	0.027109603	-5.8271672	0.030665326
264.32	0.027442132	-5.8274955	0.029309398
264.448	0.027295184	-5.8271373	0.030147651
264.576	0.02741845	-5.8274423	0.028830914
264.704	0.02740095	-5.8274576	0.026450707
264.832	0.027200961	-5.8272128	0.030599744
264.96	0.026548878	-5.8266343	0.032595119
265.088	0.027553557	-5.8279306	0.028874901
265.216	0.026954965	-5.8273823	0.030902753
265.344	0.02692386	-5.8274788	0.030417805
265.472	0.027463453	-5.8280564	0.028132511
265.6	0.02682437	-5.8276977	0.033886354
265.728	0.026895052	-5.8275147	0.029188771
265.856	0.026586153	-5.8276422	0.028044675
265.984	0.026910551	-5.8282484	0.027827681
266.112	0.026899722	-5.8278471	0.027401813
266.24	0.026888958	-5.8280119	0.027725738
266.368	0.026729989	-5.8278994	0.026902461
266.496	0.026757561	-5.8282472	0.028842956
266.624	0.026187305	-5.8275728	0.030767518
266.752	0.027222358	-5.8285213	0.024902931
266.88	0.026574678	-5.8280768	0.026341575
267.008	0.026377689	-5.8274479	0.028856456
267.136	0.026813308	-5.8280822	0.02677085
267.264	0.026871969	-5.8284017	0.026288531
267.392	0.026861042	-5.8282148	0.027070034
267.52	0.026124563	-5.8275915	0.027487781
267.648	0.02660214	-5.8283021	0.023698829
267.776	0.026832382	-5.8281518	0.025605419
267.904	0.02702813	-5.828178	0.024848611
268.032	0.026622548	-5.8277512	0.026863211
268.16	0.026729961	-5.8274791	0.027297404
268.288	0.026917891	-5.8277033	0.028822458
268.416	0.026989622	-5.8275554	0.029523708
268.544	0.026623803	-5.8275435	0.027273437
268.672	0.026891751	-5.8279635	0.026371385
268.8	0.027267342	-5.8276987	0.028264686
268.928	0.026755035	-5.8272529	0.032843569
269.056	0.026984019	-5.8272216	0.029126409
269.184	0.027083015	-5.8275736	0.027954799
269.312	0.027107553	-5.8275687	0.028759279
269.44	0.027157129	-5.827556	0.02794307
269.568	0.027342918	-5.8274549	0.026100852
269.696	0.027420563	-5.82746	0.026253554
269.824	0.027318881	-5.8275506	0.027699926
269.952	0.027070795	-5.8269241	0.029203086
270.08	0.027442781	-5.8273854	0.030879929
270.208	0.02697031	-5.827242	0.033978932
270.336	0.027677174	-5.827983	0.028559073
270.464	0.0272078	-5.8271768	0.030235304
270.592	0.027393581	-5.8276716	0.030151969
270.72	0.027281823	-5.8275434	0.030456355
270.848	0.027021118	-5.8269059	0.028571747
270.976	0.027357269	-5.8274394	0.027990298
271.104	0.027118213	-5.8275053	0.029097109
271.232	0.027334911	-5.8273935	0.026353119
271.36	0.027082548	-5.8272376	0.024673126
271.488	0.027205098	-5.8276134	0.023475132
271.616	0.026535461	-5.8270206	0.024411313
271.744	0.026831108	-5.8276385	0.02645389
271.872	0.027115145	-5.8277103	0.028994361
272	0.026843527	-5.8276963	0.030064374
272.128	0.026780848	-5.8278497	0.026942337
272.256	0.026854446	-5.8281214	0.026571044
272.384	0.026566316	-5.8274239	0.027541111
272.512	0.026312782	-5.8274866	0.026595984
272.64	0.026930753	-5.8282835	0.026044803
272.768	0.026997308	-5.828281	0.027625401
272.896	0.026586726	-5.8280586	0.028985287
273.024	0.026765829	-5.8284034	0.028950026
273.152	0.026790442	-5.8282957	0.025764442
273.28	0.027012604	-5.8284857	0.024272544
273.408	0.026457649	-5.8279928	0.030521305
273.536	0.02684936	-5.8281203	0.027833988
273.664	0.0268159	-5.8281022	0.025430629
273.792	0.0268059	-5.827583	0.027572293
273.92	0.026443671	-5.8276354	0.027236144
274.048	0.027026197	-5.8281672	0.023412755
274.176	0.026146697	-5.8270283	0.030261075
274.304	0.027119023	-5.8282828	0.028208705
274.432	0.026888762	-5.8279568	0.025869591
274.56	0.027182198	-5.8282975	0.023952996
274.688	0.026629323	-5.8276236	0.025071242
274.816	0.026759832	-5.8273533	0.026919277
274.944	0.027017954	-5.8276062	0.028880678
275.072	0.026826889	-5.82747	0.028839489
275.2	0.027219846	-5.827571	0.025673732
275.328	0.027037822	-5.8270911	0.028065689
275.456	0.02705772	-5.8274083	0.028022201
275.584	0.026872089	-5.827208	0.030697089
275.712	0.026927402	-5.8272766	0.028254643
275.84	0.027412018	-5.8276534	0.026922765
275.968	0.02692853	-5.8270627	0.029354735
276.096	0.027287803	-5.8273181	0.029490703
276.224	0.027645506	-5.8278346	0.027019093
276.352	0.026838506	-5.8266985	0.02994446
276.48	0.027506568	-5.8269461	0.030077933
276.608	0.026987881	-5.8267921	0.030937179
276.736	0.027764465	-5.8275015	0.027567585
276.864	0.026857165	-5.8269325	0.028301606
276.992	0.027288397	-5.8273728	0.029093934
277.12	0.027398044	-5.827434	0.030518104
277.248	0.027347789	-5.827645	0.028194036
277.376	0.027075315	-5.8271415	0.029091338
277.504	0.027549943	-5.8279139	0.03026056
277.632	0.026983246	-5.8274758	0.029270177
277.76	0.026850868	-5.8273095	0.030731274
277.888	0.027125597	-5.8276329	0.028300704
278.016	0.026766662	-5.827225	0.028303096
278.144	0.026773401	-5.8274993	0.028327234
278.272	0.027212398	-5.8277727	0.026418454
278.4	0.026596107	-5.8276246	0.024534765
278.528	0.026979453	-5.8277864	0.023981698
278.656	0.026409218	-5.8271065	0.032324707
278.784	0.026867192	-5.8279878	0.032022449
278.912	0.026716155	-5.8278862	0.030916522
279.04	0.026958012	-5.8282712	0.025859457
279.168	0.026328058	-5.8275465	0.025816171
279.296	0.026672621	-5.8280527	0.026333663
279.424	0.026631687	-5.8281146	0.026953083
279.552	0.026583338	-5.8280448	0.025519865
279.68	0.026622603	-5.8284554	0.02378238
279.808	0.026884613	-5.8283871	0.025277043
279.936	0.026283924	-5.8276889	0.029123624
280.064	0.026960981	-5.8282298	0.02663752
280.192	0.026688721	-5.8276783	0.028727921
280.32	0.026756354	-5.8278743	0.026148358
280.448	0.026753657	-5.8276886	0.02684089
280.576	0.026528953	-5.8274692	0.027017524
280.704	0.026628072	-5.8273402	0.026496841
280.832	0.026856668	-5.8279541	0.025924198
280.96	0.027219536	-5.8281603	0.027222124
281.088	0.026579729	-5.8276008	0.026334957
281.216	0.027225434	-5.8279741	0.025557175
281.344	0.027043694	-5.8278	0.029993815
281.472	0.026903627	-5.8274966	0.030743789
281.6	0.026983581	-5.8276276	0.027541589
281.728	0.026881187	-5.8273236	0.029260061
281.856	0.027639502	-5.8281416	0.027370568
281.984	0.027092286	-5.8274214	0.030685794
282.112	0.027201094	-5.8273868	0.028996639
282.24	0.02682628	-5.8269056	0.028592459
282.368	0.027441429	-5.8279529	0.026287062
282.496	0.026861712	-5.8270819	0.024334196
282.624	0.027409208	-5.8275783	0.024287331
282.752	0.026918421	-5.8270385	0.031005889
282.88	0.027341947	-5.8276146	0.028886225
283.008	0.02757659	-5.8277715	0.027322022
283.136	0.026891785	-5.8270743	0.027936006
283.264	0.027427025	-5.8278035	0.027530561
283.392	0.026881624	-5.8270748	0.027938269
283.52	0.026837949	-5.8270957	0.033408468
283.648	0.027373435	-5.8277334	0.029894346
283.776	0.026897217	-5.8273191	0.026527959
283.904	0.02757209	-5.8282765	0.025610342
284.032	0.027087179	-5.8278129	0.027836881
284.16	0.027007	-5.8275193	0.028044353
284.288	0.026807389	-5.827557	0.028109966
284.416	0.027109024	-5.8278879	0.024503949
284.544	0.02696108	-5.827773	0.026058152
284.672	0.026491791	-5.8273776	0.028439231
284.8	0.026822342	-5.8274024	0.027357662
284.928	0.026962117	-5.8278857	0.028232866
285.056	0.026921484	-5.827725	0.026376192
285.184	0.026994752	-5.8282082	0.025577138
285.312	0.026516801	-5.8273836	0.028413146
285.44	0.026801631	-5.827665	0.024735832
285.568	0.026840295	-5.8280887	0.029050294
285.696	0.026391627	-5.8275743	0.030118626
285.824	0.027130756	-5.8283794	0.027207116
285.952	0.026557325	-5.8278615	0.029679392
286.08	0.026341278	-5.8273931	0.027892901
286.208	0.02681341	-5.8277348	0.026222825
286.336	0.026846201	-5.8282209	0.026192657
286.464	0.026305369	-5.8278885	0.027222343
286.592	0.026246412	-5.8277686	0.029703309
286.72	0.026992723	-5.828297	0.030441172
286.848	0.027377006	-5.8285742	0.026265919
286.976	0.026758842	-5.8278033	0.027958162
287.104	0.026898967	-5.8275563	0.027661111
287.232	0.026625314	-5.8276317	0.029517509
287.36	0.02706591	-5.828087	0.027600882
287.488	0.026558881	-5.8274983	0.029579674
287.616	0.026997345	-5.8279182	0.028461383
287.744	0.026358568	-5.8271292	0.027468215
287.872	0.026969093	-5.8273691	0.026703147
288	0.026887284	-5.8273921	0.027152108
288.128	0.027151411	-5.8276864	0.028904693
288.256	0.027905807	-5.8283139	0.024768521
288.384	0.02714574	-5.8272484	0.026259589
288.512	0.026821321	-5.8268262	0.028285575
288.64	0.026675196	-5.8267372	0.028340782
288.768	0.027208498	-5.8274266	0.028238337
288.896	0.027444409	-5.8275252	0.026663676
289.024	0.026603374	-5.8266469	0.027949106
289.152	0.027840699	-5.8279957	0.027762843
289.28	0.027739576	-5.8277777	0.029650147
289.408	0.026860904	-5.8270197	0.028081598
289.536	0.027047451	-5.8271247	0.027237094
289.664	0.027223961	-5.8273316	0.026476389
289.792	0.027119846	-5.8273702	0.024569302
289.92	0.027344994	-5.8274988	0.029133649
290.048	0.027396625	-5.8278861	0.028407243
290.176	0.02679234	-5.8274763	0.028883013
290.304	0.027716726	-5.8282712	0.025469005
290.432	0.026626351	-5.826918	0.029024733
290.56	0.02711398	-5.8275377	0.025954668
290.688	0.027221141	-5.8278042	0.023213307
290.816	0.026784584	-5.8273421	0.024601477
290.944	0.027103795	-5.8274866	0.025463818
291.072	0.027156993	-5.8279734	0.027339725
291.2	0.026782587	-5.8274462	0.028418005
291.328	0.026880466	-5.827812	0.027657603
291.456	0.027006581	-5.8281567	0.026720359
291.584	0.027066471	-5.8281803	0.025918414
291.712	0.027042957	-5.8283128	0.026570349
291.84	0.026597417	-5.8281972	0.024935179
291.968	0.026594922	-5.8280483	0.025032937
292.096	0.026910999	-5.8284046	0.024874285
292.224	0.026794497	-5.8282843	0.023859305
292.352	0.027199702	-5.8285524	0.02360592
292.48	0.026561921	-5.828039	0.026559013
292.608	0.026771091	-5.8285289	0.022939065
292.736	0.026913994	-5.8286361	0.021582004
292.864	0.026544095	-5.8282363	0.022814191
292.992	0.026698096	-5.8282586	0.025236216
293.12	0.026416724	-5.8281716	0.027959498
293.248	0.026575531	-5.8284904	0.024661854
293.376	0.026617606	-5.8283386	0.022704288
293.504	0.026820446	-5.8286381	0.026393923
293.632	0.02701878	-5.8287825	0.02467074
293.76	0.027023653	-5.8284428	0.023134375
293.888	0.026881512	-5.8282248	0.023434431
294.016	0.026064438	-5.8273368	0.025616363
294.144	0.026996583	-5.828309	0.019749453
294.272	0.026867845	-5.8284629	0.020938866
294.4	0.026783679	-5.8280482	0.023671037
294.528	0.026978687	-5.8281671	0.024691124
294.656	0.026974592	-5.8283975	0.024835741
294.784	0.027282843	-5.8285737	0.023205367
294.912	0.027153803	-5.8281761	0.02514735
295.04	0.026761417	-5.8278761	0.02754259
295.168	0.027421969	-5.8283976	0.025564457
295.296	0.026972292	-5.8279112	0.025476478
295.424	0.026713309	-5.8273666	0.026897491
295.552	0.027117101	-5.8277969	0.024333172
295.68	0.027206478	-5.82765	0.024466774
295.808	0.027378954	-5.8279778	0.025740111
295.936	0.02728753	-5.827892	0.025925981
296.064	0.027129422	-5.8275741	0.027328356
296.192	0.027407474	-5.8277616	0.025139171
296.32	0.027982752	-5.8284509	0.023643771
296.448	0.027328591	-5.8277819	0.026798173
296.576	0.026786194	-5.827208	0.031159617
296.704	0.027361844	-5.8281055	0.027651218
296.832	0.027198863	-5.8277028	0.027511171
296.96	0.027624395	-5.8279839	0.026829326
297.088	0.027552206	-5.8283252	0.025746818
297.216	0.026912764	-5.8275851	0.027440405
297.344	0.027325237	-5.8281534	0.026461135
297.472	0.02749529	-5.8285131	0.022673685
297.6	0.026780002	-5.8279591	0.023914831
297.728	0.027406025	-5.8285597	0.023146215
297.856	0.026840858	-5.8281985	0.024950112
297.984	0.02727969	-5.8289438	0.023323721
298.112	0.026833127	-5.8285079	0.023853289
298.24	0.02701406	-5.8286886	0.022389265
298.368	0.026525342	-5.8283484	0.024750458
298.496	0.02678045	-5.828979	0.023026889
298.624	0.026879858	-5.8287419	0.019477972
298.752	0.026556095	-5.8288885	0.022605705
298.88	0.026501354	-5.8289278	0.025416639
299.008	0.026721142	-5.8290592	0.021161105
299.136	0.026214378	-5.8288126	0.023963622
299.264	0.026787724	-5.8293125	0.024106803
299.392	0.026307649	-5.8290769	0.024964346
299.52	0.026466189	-5.829464	0.023570156
299.648	0.02685693	-5.8300282	0.021995517
299.776	0.026691528	-5.8295423	0.017999766
299.904	0.026565006	-5.8295478	0.020812676
300.032	0.02660319	-5.8295725	0.024225896
300.16	0.026564987	-5.8294179	0.022288217
300.288	0.02677233	-5.8296153	0.018050908
300.416	0.026796339	-5.8292574	0.021342769
300.544	0.026253595	-5.8285605	0.023477967
300.672	0.026500214	-5.8287763	0.023181769
300.8	0.027009178	-5.8294361	0.02510067
300.928	0.026699788	-5.8286665	0.024509224
301.056	0.02714778	-5.8289309	0.022703708
301.184	0.026936871	-5.8288964	0.023364581
301.312	0.027026109	-5.8288305	0.020573821
301.44	0.026818893	-5.8284172	0.023302602
301.568	0.027347151	-5.8286284	0.022352212
301.696	0.027343451	-5.8287122	0.023825706
301.824	0.02709344	-5.8282651	0.028041626
301.952	0.027405771	-5.8282968	0.024234153
302.08	0.026964912	-5.8277823	0.024849043
302.208	0.027369147	-5.8279566	0.023655942
302.336	0.027193584	-5.8276566	0.023857604
302.464	0.027723272	-5.8284163	0.022211356
302.592	0.027722659	-5.8282475	0.022127595
302.72	0.027496066	-5.8281477	0.025459448
302.848	0.027514465	-5.8279991	0.026631236
302.976	0.027094389	-5.8277514	0.02574196
303.104	0.027543417	-5.8282519	0.025860708
303.232	0.027509529	-5.8283214	0.023634995
303.36	0.027270257	-5.8283072	0.023814971
303.488	0.027256927	-5.8283117	0.022384698
303.616	0.027380297	-5.8281911	0.022774575
303.744	0.027294065	-5.8285592	0.026690557
303.872	0.0272703	-5.8287394	0.02275044
304	0.027182413	-5.8284087	0.02349719
304.128	0.027115374	-5.8282722	0.025300633
304.256	0.027176789	-5.8285455	0.023042281
304.384	0.026788477	-5.8281839	0.024995808
304.512	0.027087635	-5.8287657	0.024586473
304.64	0.027371875	-5.8292436	0.023938903
304.768	0.027097446	-5.8290393	0.022456998
304.896	0.026746246	-5.8288311	0.024641777
305.024	0.026704221	-5.8289203	0.022546951
305.152	0.026825914	-5.829012	0.018956056
305.28	0.026758673	-5.8295177	0.019988716
305.408	0.026469482	-5.8288474	0.021917243
305.536	0.026743149	-5.8293799	0.01910474
305.664	0.02648302	-5.8291254	0.023161058
305.792	0.02677515	-5.8293805	0.02186963
305.92	0.02596472	-5.8284051	0.022830133
306.048	0.026760596	-5.8290435	0.018211227
306.176	0.026811781	-5.829126	0.0213481
306.304	0.026087579	-5.8287801	0.023144198
306.432	0.026676171	-5.82931	0.02154529
306.56	0.026967905	-5.8292452	0.022418774
306.688	0.026115016	-5.8285626	0.023305128
306.816	0.026485917	-5.8286176	0.022598918
306.944	0.02663886	-5.8289915	0.023460958
307.072	0.026568818	-5.8286867	0.02393449
307.2	0.026822678	-5.8289575	0.025179256
307.328	0.027088145	-5.8291789	0.023573535
307.456	0.02671797	-5.8286552	0.02352662
307.584	0.027181791	-5.8288986	0.023353002
307.712	0.02699459	-5.8287198	0.023269096
307.84	0.026870503	-5.8280763	0.022489764
307.968	0.027030946	-5.8283141	0.024036841
308.096	0.027019968	-5.8282607	0.023965724
308.224	0.027408813	-5.8284543	0.024764016
308.352	0.027503139	-5.8285138	0.028552542
308.48	0.027582264	-5.8287747	0.021806159
308.608	0.026868815	-5.8280426	0.024004743
308.736	0.027583842	-5.8288464	0.023531291
308.864	0.027632814	-5.8283777	0.019897486
308.992	0.027014096	-5.8276801	0.02424414
309.12	0.027429998	-5.828131	0.024933423
309.248	0.027532847	-5.8281438	0.024619461
309.376	0.027553171	-5.8283394	0.022335798
309.504	0.027238009	-5.8280362	0.02357368
309.632	0.027739733	-5.8286379	0.024168542
309.76	0.027038559	-5.8277833	0.029823165
309.888	0.027379127	-5.8283216	0.027642054
310.016	0.027085938	-5.8279298	0.02499742
310.144	0.027346348	-5.8284344	0.021724329
310.272	0.027024651	-5.8286131	0.022920991
310.4	0.027029464	-5.8285876	0.023500426
310.528	0.026863085	-5.8285779	0.021409795
310.656	0.027480587	-5.8292308	0.021038846
310.784	0.026724895	-5.8285353	0.023613896
310.912	0.027215558	-5.8292864	0.021216273
311.04	0.02678657	-5.8287277	0.024969085
311.168	0.026634125	-5.8288739	0.025604832
311.296	0.026489663	-5.828937	0.024262632
311.424	0.026865136	-5.8292989	0.025494985
311.552	0.02680929	-5.8289438	0.023355128
311.68	0.027009212	-5.8291052	0.02258547
311.808	0.02663447	-5.828797	0.022116228
311.936	0.026597204	-5.8290609	0.021531869
312.064	0.026804065	-5.829626	0.021182008
312.192	0.026360147	-5.8288042	0.023465117
312.32	0.027165406	-5.8299506	0.018650546
312.448	0.026380975	-5.8294702	0.024615455
312.576	0.026534677	-5.8293393	0.028299914
312.704	0.027014349	-5.8296177	0.02357577
312.832	0.026719701	-5.8294023	0.020478639
312.96	0.026856113	-5.8297922	0.021207121
313.088	0.02678942	-5.8295748	0.023126242
313.216	0.026929129	-5.8292916	0.021348007
313.344	0.026560886	-5.82923	0.020777604
313.472	0.026612785	-5.8291698	0.021906804
313.6	0.027332541	-5.8299987	0.019281779
313.728	0.026389055	-5.8287657	0.021832346
313.856	0.027035802	-5.8292121	0.023665167
313.984	0.026402517	-5.8287611	0.026336244
314.112	0.02694259	-5.8291536	0.021802703
314.24	0.026824546	-5.8291532	0.023896615
314.368	0.027185655	-5.8293464	0.020989289
314.496	0.026910675	-5.8289645	0.020919598
314.624	0.027351083	-5.829247	0.022159156
314.752	0.02661524	-5.8282453	0.024199366
314.88	0.027782333	-5.8290865	0.021069821
315.008	0.026944476	-5.8285332	0.022227841
315.136	0.027294483	-5.8288808	0.021185192
315.264	0.02739942	-5.8291209	0.022931699
315.392	0.027467393	-5.829119	0.021764127
315.52	0.027389277	-5.8292279	0.021004724
315.648	0.027205664	-5.8287904	0.022438861
315.776	0.02745676	-5.8287968	0.025248281
315.904	0.027353488	-5.8289255	0.025301286
316.032	0.02708637	-5.8283236	0.025202883
316.16	0.027714336	-5.8290606	0.025517065
316.288	0.027497046	-5.8287072	0.023760913
316.416	0.027365428	-5.8283179	0.023497073
316.544	0.027498742	-5.8288596	0.020445068
316.672	0.027277165	-5.828604	0.021121999
316.8	0.02729869	-5.8290617	0.024363255
316.928	0.026994493	-5.8287073	0.02771523
317.056	0.0272317	-5.8289387	0.024607008
317.184	0.027251835	-5.8293087	0.022425199
317.312	0.027089026	-5.8288351	0.02332784
317.44	0.026887173	-5.8289255	0.026189476
317.568	0.026334586	-5.8286055	0.026462893
317.696	0.027160788	-5.829603	0.024049663
317.824	0.026913051	-5.8292596	0.022469777
317.952	0.026725276	-5.8290553	0.021736196
318.08	0.0267111	-5.8294227	0.023351316
318.208	0.026816454	-5.8296285	0.021843201
318.336	0.026561057	-5.8293002	0.022309322
318.464	0.026393463	-5.829168	0.024668262
318.592	0.026906857	-5.8299292	0.0245025
318.72	0.026398966	-5.8292563	0.026979092
318.848	0.026940934	-5.8297149	0.022637236
318.976	0.026465275	-5.8292635	0.022275658
319.104	0.0265125	-5.8291483	0.023101186
319.232	0.026764413	-5.8297294	0.019448256
319.36	0.026370679	-5.8293967	0.021454871
319.488	0.026635839	-5.8295872	0.026775532
319.616	0.026837852	-5.8296368	0.027196445
319.744	0.02645375	-5.8292735	0.023531252
319.872	0.026830994	-5.829506	0.020455466
320	0.026591965	-5.8292753	0.024566287
320.128	0.026798394	-5.8292475	0.025410379
320.256	0.026961725	-5.8294469	0.022958866
320.384	0.026933528	-5.8294567	0.025346814
320.512	0.027183687	-5.829531	0.023870483
320.64	0.027074588	-5.8296019	0.022410221
320.768	0.027348126	-5.8296513	0.022832441
320.896	0.02720644	-5.8292377	0.023569018
321.024	0.027141152	-5.8294137	0.023923196
321.152	0.027184019	-5.8293206	0.023058963
321.28	0.027141547	-5.8289387	0.025524496
321.408	0.027439088	-5.8289364	0.023260894
321.536	0.027073714	-5.8285642	0.026215094
321.664	0.02735669	-5.8287206	0.026761922
321.792	0.027490115	-5.8286791	0.022917448
321.92	0.027248317	-5.828599	0.024177735
322.048	0.026989032	-5.8286684	0.026788403
322.176	0.027422561	-5.829104	0.025458869
322.304	0.02757012	-5.8294301	0.023240906
322.432	0.027440139	-5.8290487	0.025997781
322.56	0.027242467	-5.8290727	0.023958325
322.688	0.026966801	-5.828996	0.023192564
322.816	0.027032278	-5.8288759	0.025682471
322.944	0.02739116	-5.8293525	0.022561158
323.072	0.026841005	-5.8286383	0.024286186
323.2	0.027726344	-5.8299011	0.023433524
323.328	0.026836837	-5.8290989	0.023986996
323.456	0.02734356	-5.8297249	0.020312641
323.584	0.027100445	-5.8295713	0.022090659
323.712	0.02668142	-5.8289881	0.023560711
323.84	0.026920105	-5.8297553	0.023384605
323.968	0.027305486	-5.830021	0.021815015
324.096	0.02674168	-5.8293215	0.020077161
324.224	0.026418213	-5.8291561	0.026653432
324.352	0.026774898	-5.8298245	0.026252938
324.48	0.027356576	-5.8305424	0.022764902
324.608	0.026523887	-5.8296646	0.024732799
324.736	0.026781636	-5.830063	0.023697406
324.864	0.026843557	-5.8299407	0.022839341
324.992	0.026261424	-5.8294519	0.02109287
325.12	0.02647399	-5.8294971	0.020215233
325.248	0.02649513	-5.8293537	0.023264973
325.376	0.026835728	-5.829666	0.020643232
325.504	0.026779653	-5.8296366	0.021390302
325.632	0.026706728	-5.829281	0.021325197
325.76	0.026954834	-5.8298287	0.020813963
325.888	0.026930921	-5.8295588	0.022959569
326.016	0.02650768	-5.8293555	0.02401064
326.144	0.027073454	-5.8298994	0.022374292
326.272	0.026389909	-5.8291021	0.022802172
326.4	0.027160013	-5.8298543	0.022361306
326.528	0.027167795	-5.8297946	0.022964247
326.656	0.026851528	-5.8295988	0.022775267
326.784	0.02690807	-5.8294053	0.020695989
326.912	0.026863297	-5.8292923	0.020639123
327.04	0.02718084	-5.8295653	0.021880269
327.168	0.026795404	-5.8287062	0.027469199
327.296	0.027354348	-5.8289355	0.022085549
327.424	0.02724275	-5.8291585	0.020783665
327.552	0.027275039	-5.8291	0.023886223
327.68	0.026882689	-5.8287572	0.020480581
327.808	0.027457748	-5.8291241	0.022570845
327.936	0.027098548	-5.8286362	0.021525673
328.064	0.02762064	-5.8295442	0.021198968
328.192	0.027439725	-5.829452	0.024739563
328.32	0.027304887	-5.8292611	0.022771927
328.448	0.027068696	-5.828901	0.025421514
328.576	0.02734397	-5.8291201	0.02509956
328.704	0.027169747	-5.829002	0.026159018
328.832	0.027205503	-5.8288541	0.023224907
328.96	0.02711937	-5.828876	0.019133189
329.088	0.02780571	-5.8299096	0.020532081
329.216	0.027394254	-5.8292064	0.024798722
329.344	0.027283457	-5.8291334	0.024390352
329.472	0.026920958	-5.8289644	0.02445783
329.6	0.027261355	-5.8292385	0.023078624
329.728	0.027001007	-5.8292374	0.024464291
329.856	0.027164247	-5.8294414	0.021997811
329.984	0.027336138	-5.8295992	0.019075785
330.112	0.0266018	-5.8288189	0.0231207
330.24	0.026879781	-5.8292631	0.024950551
330.368	0.026983684	-5.8297203	0.022072931
330.496	0.026851216	-5.8293989	0.023503973
330.624	0.026639444	-5.8297513	0.023447116
330.752	0.026749829	-5.8298077	0.021750602
330.88	0.026696578	-5.8297819	0.019188905
331.008	0.026318296	-5.8295413	0.021437303
331.136	0.027010723	-5.8305226	0.024431642
331.264	0.026805321	-5.8301397	0.025276448
331.392	0.026311529	-5.8295106	0.020723539
331.52	0.026480294	-5.8295586	0.019343109
331.648	0.02670626	-5.8300102	0.020001195
331.776	0.026691299	-5.8300454	0.022236242
331.904	0.026872289	-5.8297519	0.020217079
332.032	0.026502966	-5.8297357	0.022669435
332.16	0.02675993	-5.8300352	0.022582119
332.288	0.026659715	-5.8297499	0.019071659
332.416	0.026895738	-5.8300014	0.016783435
332.544	0.02643341	-5.8295786	0.01894273
332.672	0.026355243	-5.8292975	0.023365078
332.8	0.026888786	-5.8295054	0.023307931
332.928	0.027417667	-5.8301207	0.020282671
333.056	0.02664889	-5.8292412	0.026328938
333.184	0.026965653	-5.829688	0.025687567
333.312	0.027401973	-5.8297355	0.020587001
333.44	0.026856812	-5.8291566	0.023480402
333.568	0.027184955	-5.829534	0.022667213
333.696	0.026633253	-5.8291219	0.024903524
333.824	0.027159631	-5.8294338	0.022378622
333.952	0.027369814	-5.8295943	0.02317331
334.08	0.027520532	-5.8295989	0.020171741
334.208	0.027376184	-5.829525	0.018879361
334.336	0.027313764	-5.8293697	0.019902869
334.464	0.02718766	-5.8290737	0.022185721
334.592	0.027210977	-5.828806	0.024266391
334.72	0.027483942	-5.8292735	0.023236048
334.848	0.02737152	-5.8288104	0.023579534
334.976	0.027300949	-5.8291769	0.026198736
335.104	0.027502152	-5.8295231	0.023853328
335.232	0.027260324	-5.8295291	0.024633818
335.36	0.027676836	-5.8295202	0.025096209
335.488	0.027281339	-5.8292557	0.025429245
335.616	0.027122434	-5.8291427	0.024630199
335.744	0.027752566	-5.8299411	0.021965822
335.872	0.02691208	-5.8291979	0.02475774
336	0.027277612	-5.8299551	0.019360662
336.128	0.026891816	-5.8294468	0.020134124
336.256	0.02682638	-5.8290572	0.021378415
336.384	0.027120645	-5.829441	0.021764111
336.512	0.026715478	-5.8290784	0.02465278
336.64	0.026736712	-5.8294238	0.022290763
336.768	0.026953223	-5.8294531	0.024114041
336.896	0.026839428	-5.8296252	0.025554468
337.024	0.026893158	-5.8298014	0.019519408
337.152	0.026041898	-5.8291522	0.023556726
337.28	0.026761794	-5.8299452	0.024537072
337.408	0.027159264	-5.830439	0.022303188
337.536	0.027143347	-5.8303226	0.020617419
337.664	0.02585517	-5.8293685	0.022840384
337.792	0.026960774	-5.8304192	0.02168493
337.92	0.02646607	-5.8298126	0.023307069
338.048	0.02655879	-5.8297204	0.023239866
338.176	0.027064917	-5.8303421	0.019569301
338.304	0.026137627	-5.8292274	0.020598273
338.432	0.026775366	-5.8297622	0.019453561
338.56	0.027052587	-5.8298869	0.020722936
338.688	0.02621239	-5.8294083	0.025971144
338.816	0.026941189	-5.8301016	0.023835618
338.944	0.026612353	-5.8295055	0.024582113
339.072	0.026550352	-5.8293516	0.022887413
339.2	0.027491677	-5.8299565	0.022086797
339.328	0.027261103	-5.8294551	0.021338772
339.456	0.026532724	-5.8288904	0.0234167
339.584	0.027286937	-5.8300135	0.022172402
339.712	0.02689997	-5.8293719	0.023063751
339.84	0.027252582	-5.8295692	0.023610726
339.968	0.027021854	-5.8293019	0.026868042
340.096	0.027141837	-5.8290214	0.023548653
340.224	0.027339358	-5.8292745	0.021431706
340.352	0.027552233	-5.8294722	0.022614365
340.48	0.027627394	-5.8295435	0.02389101
340.608	0.027160128	-5.8288327	0.026320097
340.736	0.027314929	-5.8293037	0.025740626
340.864	0.027169847	-5.8292335	0.024427349
340.992	0.027394245	-5.8292307	0.022590172
341.12	0.027196933	-5.828877	0.022417408
341.248	0.027450355	-5.8294318	0.021427671
341.376	0.027337446	-5.8293894	0.023962923
341.504	0.027200433	-5.8289179	0.025980446
341.632	0.02701457	-5.829002	0.021909946
341.76	0.027733133	-5.829741	0.020177053
341.888	0.02682278	-5.8289221	0.024519896
342.016	0.026960152	-5.8285474	0.02339266
342.144	0.027635173	-5.829576	0.022041347
342.272	0.026919084	-5.8288022	0.025012571
342.4	0.027041342	-5.8290131	0.021802255
342.528	0.026983853	-5.8291875	0.020620267
342.656	0.027349632	-5.8297627	0.021125815
342.784	0.02706114	-5.8297437	0.020403164
342.912	0.026650263	-5.8294794	0.024851316
343.04	0.027119443	-5.8299269	0.023205823
343.168	0.026377875	-5.8294699	0.023212148
343.296	0.026513045	-5.8294871	0.022892617
343.424	0.027221063	-5.8302687	0.018737728
343.552	0.026347854	-5.8293465	0.020828035
343.68	0.026832835	-5.8302655	0.019727259
343.808	0.026728551	-5.8299456	0.022982866
343.936	0.026397021	-5.8296664	0.025770519
344.064	0.026921234	-5.8300954	0.02268749
344.192	0.026363787	-5.8295398	0.021145658
344.32	0.026512632	-5.8298271	0.020202019
344.448	0.026615999	-5.8297943	0.022196767
344.576	0.0266456	-5.8298888	0.023760498
344.704	0.026475267	-5.8294449	0.024869078
344.832	0.027024327	-5.8299348	0.02068428
344.96	0.027008651	-5.8301033	0.020613728
345.088	0.026532152	-5.8292939	0.021051618
345.216	0.026342631	-5.8293442	0.024799187
345.344	0.027008921	-5.8298081	0.0197896
345.472	0.027088936	-5.830001	0.018026455
345.6	0.02685463	-5.8293953	0.023691284
345.728	0.027147815	-5.8298968	0.024484433
345.856	0.027077905	-5.829861	0.023463232
345.984	0.027304513	-5.8295794	0.021847197
346.112	0.027231866	-5.8293717	0.025049
346.24	0.027337468	-5.8295629	0.023374264
346.368	0.026948045	-5.8291544	0.023275487
346.496	0.027450163	-5.829432	0.024325971
346.624	0.027188139	-5.8292526	0.022505892
346.752	0.027448746	-5.829478	0.022211395
346.88	0.027294492	-5.8296032	0.024474566
347.008	0.027250443	-5.8293023	0.022403844
347.136	0.027272494	-5.829078	0.024930667
347.264	0.027324725	-5.8292133	0.024543822
347.392	0.02724797	-5.8292361	0.024519798
347.52	0.027245553	-5.8291955	0.023308953
347.648	0.027607309	-5.8298032	0.019962071
347.776	0.026888581	-5.8291565	0.023491178
347.904	0.027792672	-5.8296796	0.019320127
348.032	0.026959	-5.8289605	0.022069092
348.16	0.027799765	-5.8299206	0.02272632
348.288	0.027068456	-5.8292095	0.023549641
348.416	0.026862969	-5.829187	0.020246311
348.544	0.027207499	-5.8294495	0.018643727
348.672	0.026638845	-5.8292249	0.019748321
348.8	0.026784854	-5.829444	0.023565058
348.928	0.026550637	-5.8291228	0.025559888
349.056	0.027104168	-5.8298435	0.021107907
349.184	0.026986465	-5.8299255	0.018839017
349.312	0.026872453	-5.8297989	0.023050592
349.44	0.02663689	-5.8299868	0.021905888
349.568	0.02699261	-5.8298659	0.020249442
349.696	0.026558217	-5.8296673	0.022851704
349.824	0.026433499	-5.8294485	0.020163897
349.952	0.026719024	-5.8297062	0.019966096
350.08	0.02672159	-5.8295886	0.021173602
350.208	0.027006643	-5.8302544	0.022395329
350.336	0.026602768	-5.8301776	0.022432032
350.464	0.027507842	-5.8310469	0.018684612
350.592	0.026289339	-5.8296874	0.023325783
350.72	0.026973516	-5.8302195	0.018265158
350.848	0.026271993	-5.8294068	0.021412869
350.976	0.026722206	-5.8298059	0.019555323
351.104	0.026827465	-5.8298564	0.02152463
351.232	0.026932932	-5.8300461	0.022004589
351.36	0.026936934	-5.8295616	0.019709891
351.488	0.027222998	-5.8296441	0.020463503
351.616	0.026875093	-5.8296412	0.017960463
351.744	0.026931124	-5.8298833	0.01931361
351.872	0.027109224	-5.8298776	0.021141514
352	0.026904553	-5.829894	0.019788681
352.128	0.026986248	-5.8296833	0.020440901
352.256	0.027056305	-5.8300248	0.021271879
352.384	0.027288774	-5.8299672	0.020678757
352.512	0.026669114	-5.8289605	0.023595904
352.64	0.027415474	-5.8298875	0.022990006
352.768	0.02765622	-5.8300274	0.024191442
352.896	0.027365421	-5.8297403	0.024905941
353.024	0.02747363	-5.8299046	0.021949162
353.152	0.027240175	-5.8298825	0.02236912
353.28	0.027370636	-5.8299651	0.021467567
353.408	0.027119509	-5.8300768	0.019736421
353.536	0.027617745	-5.8303891	0.018242751
353.664	0.026912806	-5.82959	0.022380791
353.792	0.027357244	-5.8302635	0.021507093
353.92	0.027448468	-5.8304348	0.0237955
354.048	0.026965086	-5.8302003	0.026248468
354.176	0.02745439	-5.8307321	0.021751681
354.304	0.026869185	-5.8300297	0.023749943
354.432	0.026613775	-5.829634	0.022650064
354.56	0.02678753	-5.8298643	0.018734724
354.688	0.02739325	-5.8304535	0.019498585
354.816	0.026758146	-5.8300257	0.024323718
354.944	0.026432715	-5.829563	0.026957283
355.072	0.02735638	-5.8309049	0.023141241
355.2	0.026678125	-5.8303878	0.024173528
355.328	0.026723531	-5.8302844	0.024514738
355.456	0.026941003	-5.8309717	0.022216335
355.584	0.026980329	-5.8308372	0.016819451
355.712	0.026478227	-5.830541	0.016513217
355.84	0.026524358	-5.8305232	0.022120837
355.968	0.026891269	-5.8306668	0.021349236
356.096	0.026513247	-5.8300489	0.021280785
356.224	0.026386393	-5.8301053	0.022815259
356.352	0.026779092	-5.8305269	0.018207809
356.48	0.026605172	-5.8305972	0.020549467
356.608	0.026483276	-5.8300493	0.023753672
356.736	0.026903314	-5.8306303	0.018494467
356.864	0.026717988	-5.830396	0.021209204
356.992	0.027033352	-5.8303883	0.019351851
357.12	0.027178129	-5.8305229	0.020183365
357.248	0.026371706	-5.8297015	0.027513324
357.376	0.026974071	-5.8303382	0.021959226
357.504	0.027152266	-5.8303225	0.018984826
357.632	0.027001662	-5.8298921	0.018896074
357.76	0.027204614	-5.8303518	0.01605397
357.888	0.0271088	-5.8304731	0.020874444
358.016	0.027224392	-5.8300614	0.024820294
358.144	0.026897854	-5.8296218	0.02059954
358.272	0.02751733	-5.8302688	0.017889402
358.4	0.027692615	-5.8306589	0.020738111
358.528	0.027002039	-5.8301299	0.023799773
358.656	0.027116737	-5.8298032	0.023570995
358.784	0.027630017	-5.830626	0.022204478
358.912	0.027455047	-5.8304801	0.021820519
359.04	0.027378411	-5.8302166	0.022392353
359.168	0.027249472	-5.8300913	0.022062041
359.296	0.026819513	-5.8296992	0.024275814
359.424	0.027229937	-5.830119	0.024075254
359.552	0.027318496	-5.830232	0.023580623
359.68	0.027549787	-5.8304324	0.023342364
359.808	0.02746438	-5.8302741	0.020298407
359.936	0.026363163	-5.8293019	0.021153561
360.064	0.027427479	-5.8304392	0.022356904
360.192	0.026733171	-5.8297034	0.023059327
360.32	0.027354879	-5.8304388	0.021035677
360.448	0.027432852	-5.8309547	0.018589382
360.576	0.026794	-5.8300906	0.020802566
360.704	0.026889992	-5.8305056	0.024320644
360.832	0.026595564	-5.8298803	0.023804339
360.96	0.026923724	-5.8306981	0.019615825
361.088	0.026935132	-5.8305285	0.021538214
361.216	0.026644642	-5.8304715	0.023047226
361.344	0.027185213	-5.8311627	0.01943727
361.472	0.026523423	-5.8302281	0.020325237
361.6	0.026784871	-5.830634	0.019616462
361.728	0.026550469	-5.8302184	0.021600037
361.856	0.02675054	-5.8302999	0.021265747
361.984	0.026614421	-5.8305028	0.020359007
362.112	0.026860565	-5.8308655	0.020920336
362.24	0.026608875	-5.8307679	0.02555304
362.368	0.027131955	-5.8310264	0.023510052
362.496	0.026744746	-5.8306808	0.022226927
362.624	0.026954374	-5.8308899	0.019802895
362.752	0.026715586	-5.8304456	0.020069096
362.88	0.026696207	-5.8301421	0.020318841
363.008	0.027214423	-5.8307016	0.016603594
363.136	0.026870526	-5.8303278	0.020664075
363.264	0.026863241	-5.8305741	0.023399265
363.392	0.026680608	-5.8301716	0.019623888
363.52	0.02709536	-5.8306347	0.021346563
363.648	0.026937782	-5.8304912	0.020920579
363.776	0.027414573	-5.8307846	0.016842934
363.904	0.026813392	-5.8301413	0.025849385
364.032	0.02725982	-5.830761	0.021267615
364.16	0.026867255	-5.8301353	0.020878911
364.288	0.027037018	-5.8303619	0.022989505
364.416	0.026975144	-5.8303109	0.022645984
364.544	0.027037145	-5.829972	0.021669998
364.672	0.027440862	-5.8303153	0.020985627
364.8	0.027081939	-5.8300208	0.021351189
364.928	0.026949082	-5.8297739	0.022657109
365.056	0.027684834	-5.8303473	0.022053817
365.184	0.026989202	-5.8298234	0.022549543
365.312	0.027219716	-5.8302342	0.022718692
365.44	0.027490622	-5.8303709	0.022015031
365.568	0.02717562	-5.8300393	0.022916211
365.696	0.027393581	-5.8300845	0.021091854
365.824	0.027080638	-5.8302065	0.020846493
365.952	0.027211194	-5.8302234	0.022322306
366.08	0.027689964	-5.8310388	0.021571577
366.208	0.026995536	-5.8299961	0.021480842
366.336	0.027295723	-5.8305289	0.02164818
366.464	0.02641284	-5.8294215	0.02237841
366.592	0.027285876	-5.8306374	0.018887932
366.72	0.0267919	-5.8302757	0.021724942
366.848	0.027161162	-5.830764	0.018331546
366.976	0.027042083	-5.8307695	0.018242576
367.104	0.027180737	-5.8309911	0.01988071
367.232	0.026871442	-5.83067	0.022629643
367.36	0.026834894	-5.8306031	0.025411517
367.488	0.026701683	-5.8303261	0.024181033
367.616	0.026680543	-5.8302157	0.020195701
367.744	0.027011984	-5.830796	0.019081874
367.872	0.026799205	-5.8306383	0.021931114
368	0.026733677	-5.8309558	0.021755643
368.128	0.027248953	-5.8316364	0.019610103
368.256	0.026098966	-5.8301397	0.021296759
368.384	0.02678677	-5.8306489	0.023259195
368.512	0.026870355	-5.8307537	0.02309194
368.64	0.0267814	-5.830693	0.017000805
368.768	0.026819056	-5.8308461	0.018703522
368.896	0.026868474	-5.8306106	0.018671688
369.024	0.026658282	-5.8302707	0.019703739
369.152	0.026982513	-5.8305782	0.020732011
369.28	0.02658133	-5.8303526	0.024157993
369.408	0.027055164	-5.8307854	0.020515763
369.536	0.026417381	-5.8298519	0.020128646
369.664	0.026554125	-5.8300752	0.023067074
369.792	0.026805231	-5.8302221	0.024804227
369.92	0.027211933	-5.8304375	0.023591788
370.048	0.026999736	-5.8299472	0.023487886
370.176	0.027161195	-5.8305316	0.023312009
370.304	0.027309294	-5.8305174	0.021272839
370.432	0.026913192	-5.8300302	0.023530138
370.56	0.027175217	-5.8303962	0.022136149
370.688	0.02743494	-5.8304071	0.022095671
370.816	0.027196512	-5.8298742	0.025233719
370.944	0.027167538	-5.8299193	0.021823112
371.072	0.027377213	-5.8299929	0.018895063
371.2	0.027074914	-5.8296956	0.022045409
371.328	0.027309179	-5.830083	0.022869903
371.456	0.027033165	-5.8298692	0.026933823
371.584	0.027378186	-5.8302336	0.019930107
371.712	0.0273127	-5.8299175	0.018406393
371.84	0.027040477	-5.8298444	0.023613004
371.968	0.027426738	-5.8300342	0.022089012
372.096	0.027031595	-5.82965	0.024335956
372.224	0.027213566	-5.8297871	0.02349169
372.352	0.027097129	-5.8298642	0.021884154
372.48	0.027468037	-5.8304745	0.017679293
372.608	0.027397037	-5.8306976	0.020285965
372.736	0.027032474	-5.830169	0.019345929
372.864	0.026896876	-5.8297156	0.019213286
372.992	0.02721571	-5.8302761	0.022618437
373.12	0.026784838	-5.8301152	0.022655685
373.248	0.027360372	-5.8305257	0.023520196
373.376	0.026903906	-5.8300058	0.022618722
373.504	0.027063664	-5.8304679	0.021576996
373.632	0.026892097	-5.8301399	0.023091933
373.76	0.027040134	-5.8304609	0.025034283
373.888	0.026545905	-5.8302862	0.026681236
374.016	0.02668921	-5.8305746	0.022596027
374.144	0.027022245	-5.8307081	0.021253762
374.272	0.026941491	-5.8307312	0.022317814
374.4	0.026802983	-5.8306864	0.021768084
374.528	0.026526788	-5.8305513	0.020794702
374.656	0.026231778	-5.8300072	0.019116449
374.784	0.027617529	-5.8312321	0.014846689
374.912	0.026779766	-5.8306284	0.020950465
375.04	0.026639369	-5.8305149	0.02506833
375.168	0.026992417	-5.8310765	0.021240702
375.296	0.026851632	-5.8308817	0.01791197
375.424	0.026625189	-5.8303867	0.022362315
375.552	0.027166934	-5.8310461	0.021057433
375.68	0.027373499	-5.8311629	0.017556427
375.808	0.026561703	-5.8302903	0.021599576
375.936	0.026784239	-5.8306141	0.023348876
376.064	0.026635021	-5.8301687	0.026377722
376.192	0.027030925	-5.8306092	0.022605112
376.32	0.027746597	-5.8311983	0.016635375
376.448	0.026645033	-5.8301722	0.017935226
376.576	0.02674666	-5.8303181	0.020468542
376.704	0.027092259	-5.8301504	0.022038293
376.832	0.027402787	-5.8301726	0.019899674
376.96	0.027099701	-5.8302052	0.019919802
377.088	0.027096595	-5.8299801	0.018534202
377.216	0.027385398	-5.8305231	0.019036608
377.344	0.02691682	-5.8297905	0.020165453
377.472	0.027457725	-5.8305833	0.018162817
377.6	0.02709515	-5.8301442	0.019680906
377.728	0.027694158	-5.8303396	0.019442403
377.856	0.02702987	-5.8297995	0.023669905
377.984	0.027237988	-5.8302486	0.021058116
378.112	0.027290438	-5.8302929	0.022551432
378.24	0.027154417	-5.8300427	0.024349779
378.368	0.027354702	-5.8301445	0.021885131
378.496	0.027738602	-5.83055	0.021909458
378.624	0.027066515	-5.8299111	0.024058832
378.752	0.027000444	-5.8296588	0.022379072
378.88	0.027225683	-5.8300652	0.023334363
379.008	0.027401456	-5.8306354	0.0245891
379.136	0.027297986	-5.8304647	0.025988963
379.264	0.026711567	-5.829957	0.028353611
379.392	0.026896043	-5.8300978	0.022438041
379.52	0.027636902	-5.8310125	0.018732485
379.648	0.026899541	-5.8302209	0.024200863
379.776	0.02669226	-5.8302351	0.025521471
379.904	0.027006053	-5.8306789	0.022149687
380.032	0.026701915	-5.830152	0.022172032
380.16	0.02667188	-5.8303143	0.02006273
380.288	0.026666915	-5.8303586	0.020540783
380.416	0.027308298	-5.8310082	0.021209391
380.544	0.026618513	-5.8306493	0.024006751
380.672	0.026537401	-5.8306381	0.020463876
380.8	0.02675223	-5.8307657	0.017849829
380.928	0.026652074	-5.8307178	0.020928848
381.056	0.026883242	-5.8308677	0.019541781
381.184	0.026619143	-5.8307124	0.019320855
381.312	0.026565259	-5.8307727	0.021251278
381.44	0.026640633	-5.8305899	0.020798266
381.568	0.026677939	-5.8306988	0.021768836
381.696	0.026843175	-5.8307399	0.016604729
381.824	0.026878215	-5.8306018	0.018179528
381.952	0.026578408	-5.8304052	0.02081481
382.08	0.027035228	-5.8309235	0.019015712
382.208	0.026934343	-5.8307239	0.022518889
382.336	0.026551093	-5.8302022	0.021217118
382.464	0.026818696	-5.8302802	0.019677039
382.592	0.027022914	-5.8304756	0.021411104
382.72	0.027101448	-5.8302415	0.022597893
382.848	0.026683759	-5.8299901	0.023773297
382.976	0.027243579	-5.8305152	0.023659869
383.104	0.026988149	-5.8301929	0.020690978
383.232	0.026816322	-5.8303288	0.021015539
383.36	0.027536808	-5.8303042	0.020186175
383.488	0.027049698	-5.8299589	0.021909048
383.616	0.026687164	-5.8297284	0.024024501
383.744	0.027351082	-5.8304048	0.021946196
383.872	0.02700693	-5.8298973	0.024642641
384	0.027380448	-5.8303452	0.02118435
384.128	0.027255932	-5.8301238	0.021596649
384.256	0.027413454	-5.8297819	0.024689154
384.384	0.027613103	-5.8301994	0.02199228
384.512	0.027522628	-5.8304554	0.022374775
384.64	0.026851749	-5.8296798	0.026132459
384.768	0.027488969	-5.8303875	0.02350501
384.896	0.027404158	-5.8300458	0.020258165
385.024	0.02727769	-5.830474	0.02143717
385.152	0.02728646	-5.8304741	0.021678513
385.28	0.0270707	-5.8301629	0.018309031
385.408	0.027197625	-5.829903	0.018556252
385.536	0.027206481	-5.8300254	0.019574357
385.664	0.026855481	-5.8302272	0.020956412
385.792	0.027252012	-5.8310292	0.018162856
385.92	0.027168691	-5.8309989	0.020974952
386.048	0.026987775	-5.8307152	0.023416298
386.176	0.02721021	-5.8308488	0.022500646
386.304	0.026783725	-5.8302685	0.022018212
386.432	0.026755996	-5.8304008	0.022767725
386.56	0.026430014	-5.8301451	0.025655313
386.688	0.02672103	-5.8303869	0.024967878
386.816	0.026659453	-5.8307146	0.023277946
386.944	0.027126711	-5.8310757	0.022416145
387.072	0.026505522	-5.8307662	0.022050887
387.2	0.026657449	-5.8306134	0.022109823
387.328	0.026434767	-5.8302121	0.021702547
387.456	0.026696504	-5.8307364	0.021252631
387.584	0.0266141	-5.8307125	0.02077011
387.712	0.026562954	-5.8308053	0.019004077
387.84	0.026610813	-5.8306348	0.021076882
387.968	0.026953217	-5.8308909	0.020396014
388.096	0.026913749	-5.8309992	0.020449849
388.224	0.026351451	-5.8304021	0.02190896
388.352	0.026883895	-5.8308408	0.021260703
388.48	0.026824058	-5.8307109	0.022407027
388.608	0.026720207	-5.8305382	0.022004211
388.736	0.026825779	-5.8305923	0.02087149
388.864	0.027103163	-5.8307316	0.022790108
388.992	0.026699413	-5.8300561	0.025019406
389.12	0.026850805	-5.830156	0.025331541
389.248	0.027168012	-5.8301136	0.021390098
389.376	0.02697716	-5.8301293	0.021979488
389.504	0.027130443	-5.8302374	0.024036137
389.632	0.026989026	-5.8296469	0.022300887
389.76	0.027404261	-5.8303973	0.020759582
389.888	0.02739677	-5.830151	0.021512943
390.016	0.027091139	-5.8298163	0.02125204
390.144	0.02725156	-5.8301906	0.020432816
390.272	0.027125987	-5.8300943	0.021402146
390.4	0.027447059	-5.8299973	0.0208627
390.528	0.027486371	-5.8302137	0.018964256
390.656	0.02704071	-5.8296055	0.021575344
390.784	0.02729514	-5.8299609	0.020641616
390.912	0.027571324	-5.8302615	0.021172325
391.04	0.026912699	-5.8295324	0.023229229
391.168	0.027595118	-5.8304656	0.021398328
391.296	0.027045418	-5.8298841	0.024008603
391.424	0.027498314	-5.8303601	0.021974702
391.552	0.026568308	-5.8292346	0.025645936
391.68	0.027244517	-5.8301725	0.024401119
391.808	0.027321046	-5.8305417	0.024348666
391.936	0.027341164	-5.8303787	0.024802941
392.064	0.027185608	-5.8302159	0.026329473
392.192	0.027031442	-5.8300748	0.02582135
392.32	0.027140091	-5.8306544	0.023607234
392.448	0.026849519	-5.8303921	0.023873619
392.576	0.027062335	-5.8306512	0.021155121
392.704	0.027214985	-5.8309124	0.018408017
392.832	0.026968383	-5.8307463	0.017654643
392.96	0.026934931	-5.830728	0.019068578
393.088	0.02649326	-5.8300406	0.021899431
393.216	0.026687768	-5.8303546	0.020987725
393.344	0.027089816	-5.8308671	0.020705388
393.472	0.026491809	-5.8305493	0.019590898
393.6	0.026680602	-5.8307979	0.016625023
393.728	0.026221128	-5.8303248	0.020183166
393.856	0.026411539	-5.8305738	0.01964771
393.984	0.026510178	-5.8307868	0.020101504
394.112	0.0267091	-5.8308453	0.020451626
394.24	0.026959617	-5.8309612	0.019951593
394.368	0.026661836	-5.8305624	0.018975298
394.496	0.026622812	-5.8305112	0.020467244
394.624	0.026710167	-5.830327	0.021584521
394.752	0.026573545	-5.8304091	0.024502025
394.88	0.026993243	-5.8307368	0.020575592
395.008	0.026860893	-5.8307105	0.017777006
395.136	0.026678805	-5.8303386	0.02084147
395.264	0.026657658	-5.8301518	0.023625847
395.392	0.026834625	-5.830425	0.022182568
395.52	0.027085967	-5.8305379	0.020854715
395.648	0.026924079	-5.8302053	0.020111361
395.776	0.02693259	-5.8300856	0.020573611
395.904	0.027389249	-5.8302969	0.021473087
396.032	0.026426133	-5.8293351	0.024875572
396.16	0.027293469	-5.8306524	0.022498194
396.288	0.027252184	-5.8302256	0.023969032
396.416	0.027458229	-5.8302866	0.02202817
396.544	0.02708337	-5.8297723	0.022489672
396.672	0.027709225	-5.830266	0.023428255
396.8	0.027345827	-5.8297758	0.024298183
396.928	0.02726582	-5.8295802	0.020727415
397.056	0.027866091	-5.8302363	0.020651972
397.184	0.027010366	-5.8296036	0.023527947
397.312	0.027401415	-5.8301464	0.019251907
397.44	0.027265473	-5.8298494	0.023473683
397.568	0.027410923	-5.8301267	0.021901304
397.696	0.027019915	-5.8296644	0.020876647
397.824	0.027081618	-5.8296798	0.019091992
397.952	0.027388501	-5.8304367	0.018265183
398.08	0.027273208	-5.8304238	0.023876188
398.208	0.027126692	-5.8303696	0.024800833
398.336	0.026629687	-5.8298812	0.022183786
398.464	0.02703882	-5.8303378	0.01996937
398.592	0.026827446	-5.830282	0.02347636
398.72	0.027049359	-5.8306405	0.020610742
398.848	0.027241569	-5.830824	0.020596032
398.976	0.026834242	-5.830513	0.022729634
399.104	0.026669975	-5.8303443	0.024787301
399.232	0.026936487	-5.830501	0.021230019
399.36	0.026361196	-5.8303087	0.024177889
399.488	0.026442485	-5.8303624	0.022617219
399.616	0.026688172	-5.8304934	0.020425677
399.744	0.026620997	-5.8308201	0.021643806
399.872	0.026415073	-5.8305481	0.023769062
400	0.026511545	-5.8308047	0.022986567
400.128	0.027123443	-5.8315259	0.017876569
400.256	0.026314833	-5.8302947	0.022419935
400.384	0.026717632	-5.830806	0.022737893
400.512	0.026580342	-5.8307513	0.022415434
400.64	0.026910613	-5.8310502	0.019245682
400.768	0.026726075	-5.8307654	0.01899921
400.896	0.026060957	-5.8300777	0.023874136
401.024	0.026960004	-5.8310855	0.020327455
401.152	0.026644975	-5.8305437	0.018085648
401.28	0.02688764	-5.8305032	0.021101803
401.408	0.02691589	-5.830545	0.020190507
401.536	0.026861977	-5.8306023	0.020232452
401.664	0.026899445	-5.83032	0.0217123
401.792	0.026900652	-5.8300529	0.023125309
401.92	0.027044485	-5.8301596	0.021860646
402.048	0.027401715	-5.8304276	0.018447013
402.176	0.027086858	-5.8296972	0.023700996
402.304	0.026801977	-5.8293794	0.024671343
402.432	0.027223197	-5.8298627	0.021659747
402.56	0.027425461	-5.8302691	0.021628204
402.688	0.02698261	-5.8295162	0.022479219
402.816	0.027169161	-5.83001	0.022177554
402.944	0.027207122	-5.8304545	0.023188313
403.072	0.027462188	-5.8300854	0.023175777
403.2	0.027299074	-5.829909	0.024883221
403.328	0.027513143	-5.8300677	0.024258438
403.456	0.027437752	-5.8301071	0.024097696
403.584	0.027450332	-5.8301666	0.01972083
403.712	0.027168622	-5.8296859	0.021910186
403.84	0.02692746	-5.8294019	0.024225396
403.968	0.028043959	-5.830748	0.022299924
404.096	0.027379167	-5.8302532	0.021039412
404.224	0.027225555	-5.8303562	0.019622434
404.352	0.027258803	-5.8305746	0.020658836
404.48	0.027378302	-5.8302477	0.020755728
404.608	0.026924395	-5.8301399	0.024753382
404.736	0.026918402	-5.8303048	0.025096331
404.864	0.02689016	-5.8301869	0.021684425
404.992	0.026906423	-5.8301582	0.022572607
405.12	0.026993819	-5.830487	0.022409826
405.248	0.027052105	-5.830848	0.020866169
405.376	0.026702305	-5.8305286	0.02343759
405.504	0.026975563	-5.8308685	0.021537955
405.632	0.026298571	-5.8300814	0.021770734
405.76	0.02679345	-5.8310025	0.021308926
405.888	0.02674692	-5.8313788	0.021721092
406.016	0.026663729	-5.8307597	0.022330473
406.144	0.026503229	-5.8308588	0.018471086
406.272	0.026258977	-5.8305247	0.022299359
406.4	0.026725847	-5.8308437	0.021093122
406.528	0.026602512	-5.8308589	0.020133386
406.656	0.026338531	-5.8307594	0.020911244
406.784	0.026295502	-5.8308178	0.020378974
406.912	0.026916173	-5.8310771	0.016201518
407.04	0.026353318	-5.8303818	0.019255299
407.168	0.026481543	-5.8305877	0.020482806
407.296	0.027238082	-5.8309781	0.021040625
407.424	0.026774884	-5.830811	0.021219368
407.552	0.026429223	-5.8303163	0.024579613
407.68	0.026675457	-5.8301946	0.024009444
407.808	0.026776672	-5.8301497	0.018706486
407.936	0.027159652	-5.8305871	0.017245079
408.064	0.026830165	-5.8297046	0.022822063
408.192	0.027079988	-5.8301996	0.02188818
408.32	0.027376366	-5.8303334	0.018252828
408.448	0.027204696	-5.8302669	0.023094261
408.576	0.027187797	-5.830161	0.022242888
408.704	0.026957285	-5.8296443	0.02139827
408.832	0.027669316	-5.8301711	0.021448727
408.96	0.026968908	-5.8292929	0.025479342
409.088	0.027545301	-5.8299007	0.026003557
409.216	0.02734545	-5.8297802	0.023279948
409.344	0.027381194	-5.8297975	0.024063062
409.472	0.027319559	-5.8294854	0.020991877
409.6	0.028066066	-5.8301852	0.018600863
409.728	0.027242716	-5.829565	0.02327178
409.856	0.027426471	-5.8297592	0.020534813
409.984	0.027227145	-5.8297891	0.022933641
410.112	0.02773335	-5.8304149	0.018166263
410.24	0.02726579	-5.8299319	0.025106984
410.368	0.027328192	-5.8299221	0.026232474
410.496	0.027601117	-5.8302376	0.020600692
410.624	0.027002141	-5.8297088	0.023982647
410.752	0.027410929	-5.8306334	0.021070531
410.88	0.027234776	-5.8305607	0.018739061
411.008	0.026922178	-5.8301191	0.020554326
411.136	0.026953225	-5.8301933	0.020350319
411.264	0.027290632	-5.8308864	0.018867057
411.392	0.027041062	-5.8308463	0.018760738
411.52	0.026535325	-5.8304365	0.022449007
411.648	0.026860599	-5.8310907	0.026018069
411.776	0.026839374	-5.830892	0.020513333
411.904	0.026623982	-5.8306507	0.017712813
412.032	0.026163847	-5.8303838	0.019401461
412.16	0.026651725	-5.8303844	0.019385228
412.288	0.026897934	-5.8308117	0.019246918
412.416	0.026165645	-5.8303138	0.021269419
412.544	0.026894646	-5.8310645	0.021348505
412.672	0.026362586	-5.8305887	0.020687172
412.8	0.026261135	-5.8307533	0.020249671
412.928	0.026570018	-5.8310314	0.017134857
413.056	0.026961116	-5.8308977	0.015050514
413.184	0.027037703	-5.8311278	0.01776093
413.312	0.026888487	-5.8311818	0.019564518
413.44	0.026796362	-5.8311259	0.01808131
413.568	0.025802852	-5.8294491	0.022343206
413.696	0.027063435	-5.8309373	0.018791354
413.824	0.026798936	-5.8308967	0.022440934
413.952	0.02660868	-5.8303195	0.02445809
414.08	0.027264506	-5.8306103	0.023183158
414.208	0.026651296	-5.8298749	0.025752646
414.336	0.027177852	-5.8304622	0.02332466
414.464	0.02713936	-5.8304376	0.022532393
414.592	0.02718044	-5.8301017	0.022625603
414.72	0.027235903	-5.8299792	0.020707697
414.848	0.027302407	-5.8301838	0.022649959
414.976	0.027508246	-5.8298882	0.022564627
415.104	0.027489835	-5.8300458	0.022276696
415.232	0.026859381	-5.8297576	0.022179665
415.36	0.027262695	-5.8298651	0.021005097
415.488	0.027366945	-5.8297819	0.024854275
415.616	0.02731236	-5.8298075	0.021905668
415.744	0.02761403	-5.8301948	0.021318986
415.872	0.027737026	-5.8304382	0.020325922
416	0.027238207	-5.8298668	0.023679056
416.128	0.027860529	-5.8304372	0.020036362
416.256	0.026994767	-5.8298351	0.022673552
416.384	0.027507662	-5.8300201	0.02498843
416.512	0.027391063	-5.8300821	0.023592316
416.64	0.027433532	-5.8302704	0.022162263
416.768	0.027422079	-5.8300241	0.022669099
416.896	0.026876781	-5.8295487	0.021986918
417.024	0.02764186	-5.830505	0.018868674
417.152	0.027068194	-5.830246	0.023452179
417.28	0.026788647	-5.8306155	0.021821236
417.408	0.027152806	-5.8307234	0.02028496
417.536	0.02706077	-5.8304325	0.02149503
417.664	0.026941077	-5.8306578	0.020466632
417.792	0.026869982	-5.830967	0.022571689
417.92	0.026647311	-5.8306305	0.022196394
418.048	0.026670758	-5.8305005	0.02169746
418.176	0.026773619	-5.8307828	0.020745888
418.304	0.026910745	-5.8307544	0.020387108
418.432	0.026289537	-5.8305175	0.023357896
418.56	0.027013067	-5.8313714	0.019342785
418.688	0.026699365	-5.8310415	0.019696553
418.816	0.026705433	-5.8308346	0.019221532
418.944	0.026709552	-5.8310789	0.018469229
419.072	0.026188175	-5.8304007	0.019527147
419.2	0.027085281	-5.8312323	0.019127102
419.328	0.02627813	-5.8302593	0.022809207
419.456	0.026509297	-5.8307028	0.021264886
419.584	0.026654833	-5.8309424	0.021238774
419.712	0.026461757	-5.8303315	0.024376855
419.84	0.026815702	-5.8306773	0.019962543
419.968	0.026676159	-5.8307346	0.021065623
420.096	0.026899957	-5.8308273	0.022942079
420.224	0.026604504	-5.8302927	0.019127351
420.352	0.02727453	-5.8306167	0.014075588
420.48	0.026436459	-5.8299184	0.017350278
420.608	0.027606524	-5.8308957	0.019669649
420.736	0.026973533	-5.8301974	0.02046118
420.864	0.027222468	-5.8304222	0.018615435
420.992	0.026827538	-5.8300665	0.021651156
421.12	0.027935883	-5.8309724	0.019085529
421.248	0.027141942	-5.8300954	0.025085496
421.376	0.026852763	-5.829775	0.025292627
421.504	0.027589616	-5.8304036	0.020225824
421.632	0.02699736	-5.8296295	0.023668587
421.76	0.027129513	-5.8296654	0.025718434
421.888	0.027602552	-5.8300601	0.022207903
422.016	0.027529628	-5.8301674	0.018133616
422.144	0.027831587	-5.8304056	0.017276766
422.272	0.02753269	-5.8300363	0.023233468
422.4	0.026999268	-5.8292127	0.02331913
422.528	0.02764621	-5.8297001	0.021810433
422.656	0.027354502	-5.8295216	0.023784485
422.784	0.027380023	-5.829462	0.020598545
422.912	0.027162146	-5.8295557	0.022540466
423.04	0.027297251	-5.8296799	0.025270822
423.168	0.027889084	-5.8308085	0.021954362
423.296	0.026971602	-5.8298658	0.02378941
423.424	0.027351491	-5.8305051	0.023023739
423.552	0.027212744	-5.8304149	0.02316845
423.68	0.027446151	-5.8308465	0.021286999
423.808	0.026836481	-5.8305766	0.024745099
423.936	0.026871436	-5.8306392	0.021625416
424.064	0.026820945	-5.8304563	0.01942277
424.192	0.02689547	-5.8301648	0.024542727
424.32	0.026550967	-5.8305543	0.023502981
424.448	0.026752043	-5.8305718	0.021574526
424.576	0.026961931	-5.8307439	0.021289781
424.704	0.0267233	-5.8306424	0.020736237
424.832	0.026775808	-5.8308546	0.019181672
424.96	0.026473355	-5.8309597	0.016807287
425.088	0.026395336	-5.8305007	0.021153095
425.216	0.026482747	-5.8306703	0.017947595
425.344	0.026272502	-5.8305391	0.019501649
425.472	0.026698328	-5.8313062	0.018142969
425.6	0.026622718	-5.8309826	0.016587071
425.728	0.026307669	-5.8305678	0.019578163
425.856	0.026783766	-5.8311	0.019942128
425.984	0.026496497	-5.8306522	0.019300956
426.112	0.026562795	-5.8307031	0.018460402
426.24	0.026859111	-5.8307031	0.019546067
426.368	0.026610788	-5.8303762	0.018515922
426.496	0.026908772	-5.8306676	0.021672279
426.624	0.027108071	-5.83076	0.021908109
426.752	0.026740951	-5.8303432	0.020578168
426.88	0.026715628	-5.8298634	0.024527286
427.008	0.027267059	-5.8305362	0.021294426
427.136	0.026965702	-5.8304099	0.023151866
427.264	0.027284425	-5.8304099	0.022921565
427.392	0.027136016	-5.8300776	0.026665549
427.52	0.027459889	-5.8304688	0.019823617
427.648	0.026772171	-5.829619	0.020262194
427.776	0.027789097	-5.8304071	0.022736162
427.904	0.027154183	-5.8297682	0.025741412
428.032	0.027370928	-5.8300404	0.026875899
428.16	0.027795805	-5.8304514	0.027142646
428.288	0.027523024	-5.8297827	0.025096373
428.416	0.027110488	-5.8291916	0.025192529
428.544	0.027788635	-5.8303134	0.021818991
428.672	0.027627879	-5.8299805	0.020980048
428.8	0.027436208	-5.8300178	0.019510557
428.928	0.02757392	-5.8302477	0.020699307
429.056	0.027360021	-5.8296685	0.024688699
429.184	0.027363264	-5.8294118	0.025042513
429.312	0.027472525	-5.8301416	0.026633562
429.44	0.027659373	-5.8306025	0.023975019
429.568	0.027095476	-5.8298874	0.022656349
429.696	0.027283541	-5.8303316	0.023380618
429.824	0.026986763	-5.8301324	0.023431564
429.952	0.027209299	-5.8303542	0.017969562
430.08	0.027148681	-5.8306625	0.020812574
430.208	0.026779433	-5.8305608	0.020072318
430.336	0.026814281	-5.8309517	0.01817217
430.464	0.026599641	-5.8307862	0.021870251
430.592	0.026784249	-5.8307556	0.018448293
430.72	0.026630215	-5.8309384	0.019752928
430.848	0.026401954	-5.8309516	0.022108444
430.976	0.02651115	-5.830585	0.018461238
431.104	0.02628529	-5.8298965	0.018455502
431.232	0.026557655	-5.8307693	0.021844491
431.36	0.02598927	-5.830469	0.025502803
431.488	0.02674414	-5.8309786	0.023069593
431.616	0.026525428	-5.830934	0.022367365
431.744	0.026728475	-5.8311358	0.020989055
431.872	0.026224864	-5.8309371	0.01967557
432	0.026675081	-5.8314099	0.019642603
432.128	0.026464477	-5.8309634	0.020661142
432.256	0.026931905	-5.8311824	0.016646134
432.384	0.02632126	-5.8309446	0.022643812
432.512	0.02681265	-5.8306823	0.023925016
432.64	0.026689968	-5.8303334	0.020563008
432.768	0.026933833	-5.8306479	0.01925952
432.896	0.026720978	-5.8303033	0.01887784
433.024	0.026993911	-5.8303671	0.018427552
433.152	0.02676219	-5.8300462	0.019593029
433.28	0.027110795	-5.8302702	0.020586977
433.408	0.027342479	-5.8302798	0.022720644
433.536	0.027100905	-5.8300007	0.025434854
433.664	0.027593674	-5.8304937	0.024282695
433.792	0.027090139	-5.8299617	0.024623064
433.92	0.027242173	-5.8300228	0.023962878
434.048	0.027509278	-5.8302408	0.022532552
434.176	0.027640359	-5.830274	0.020453911
434.304	0.027312124	-5.8296242	0.020791132
434.432	0.027332406	-5.8298601	0.021050366
434.56	0.027528041	-5.8301196	0.023790057
434.688	0.027340227	-5.8298122	0.024563356
434.816	0.027339246	-5.8295727	0.021421122
434.944	0.02762203	-5.8295081	0.02136749
435.072	0.02750728	-5.8298927	0.019948611
435.2	0.027407392	-5.8298483	0.018846945
435.328	0.027614989	-5.8300405	0.022654029
435.456	0.027290533	-5.8299835	0.02410877
435.584	0.027573225	-5.8302993	0.021776962
435.712	0.027163614	-5.830125	0.02103805
435.84	0.02698789	-5.830182	0.017120695
435.968	0.027165076	-5.83015	0.01890763
436.096	0.027355202	-5.8305833	0.023486267
436.224	0.027060363	-5.8303102	0.021663763
436.352	0.026904028	-5.8304544	0.017499525
436.48	0.026730313	-5.8303574	0.019737797
436.608	0.02698373	-5.831028	0.019292408
436.736	0.026749513	-5.8306536	0.022378334
436.864	0.026744814	-5.8305671	0.023411085
436.992	0.026949305	-5.8308864	0.021539972
437.12	0.026504091	-5.8305794	0.021194174
437.248	0.027036814	-5.8311529	0.019377158
437.376	0.026198068	-5.8302418	0.022503629
437.504	0.026499596	-5.8309084	0.020720192
437.632	0.026125877	-5.8308633	0.02170564
437.76	0.026641604	-5.830793	0.017137757
437.888	0.026357728	-5.8305863	0.016234681
438.016	0.026840869	-5.8312249	0.014835708
438.144	0.026265612	-5.8307242	0.021788043
438.272	0.026455998	-5.8307415	0.021153703
438.4	0.026752411	-5.8310379	0.018674873
438.528	0.026439687	-5.830529	0.021277995
438.656	0.026754519	-5.8310121	0.015001499
438.784	0.026437559	-5.8305388	0.019269315
438.912	0.027035839	-5.8308456	0.019574964
439.04	0.026938117	-5.830785	0.023508579
439.168	0.026307634	-5.8301394	0.023814061
439.296	0.026912192	-5.8304244	0.020424911
439.424	0.027372759	-5.831059	0.022648875
439.552	0.026784701	-5.8304744	0.025401777
439.68	0.026985608	-5.8303009	0.025319821
439.808	0.026998341	-5.8301372	0.027378826
439.936	0.027268476	-5.8302308	0.02481471
440.064	0.027197139	-5.8297143	0.02307683
440.192	0.027789972	-5.8303305	0.022581614
440.32	0.02720613	-5.8299231	0.02361765
440.448	0.027336448	-5.8299828	0.020258195
440.576	0.027189189	-5.8294799	0.021065439
440.704	0.027808202	-5.8300614	0.021595456
440.832	0.027232862	-5.8294019	0.022866535
440.96	0.027380723	-5.8299351	0.02232617
441.088	0.027983702	-5.8301583	0.020362187
441.216	0.027202548	-5.8295515	0.024700578
441.344	0.02798978	-5.8301654	0.022197574
441.472	0.027792297	-5.829866	0.024310698
441.6	0.026960447	-5.8292658	0.027439088
441.728	0.027458546	-5.8298647	0.022040847
441.856	0.027552939	-5.8301343	0.022888657
441.984	0.027240915	-5.8297349	0.02458497
442.112	0.027142264	-5.8294298	0.018662269
442.24	0.027403365	-5.8303566	0.017463911
442.368	0.027041891	-5.830299	0.018402375
442.496	0.026681813	-5.8299861	0.019192478
442.624	0.027494889	-5.8307893	0.019222673
442.752	0.026777822	-5.8302544	0.023045749
442.88	0.026853943	-5.8303874	0.020328446
443.008	0.026815878	-5.8304505	0.016599501
443.136	0.026422363	-5.8302142	0.022824857
443.264	0.026505111	-5.8308024	0.027835
443.392	0.027242502	-5.8314321	0.02116583
443.52	0.026372756	-5.830536	0.022883521
443.648	0.026714295	-5.830742	0.022394089
443.776	0.02650624	-5.8305276	0.023168739
443.904	0.026566478	-5.8305611	0.019863151
444.032	0.026503998	-5.8308191	0.016494464
444.16	0.026111554	-5.830404	0.018314609
444.288	0.026501472	-5.8308024	0.019027009
444.416	0.026189107	-5.8304109	0.021919024
444.544	0.026565987	-5.8309523	0.021114413
444.672	0.026786917	-5.8312557	0.020429714
444.8	0.026558587	-5.8311915	0.020732154
444.928	0.026618083	-5.8309725	0.022650094
445.056	0.026359633	-5.8305293	0.024822853
445.184	0.027017826	-5.8310637	0.022189802
445.312	0.026452982	-5.8302338	0.02204485
445.44	0.027247672	-5.8308588	0.021440267
445.568	0.026909875	-5.8304811	0.018351944
445.696	0.02660899	-5.8302629	0.019485765
445.824	0.026599472	-5.8300711	0.022854879
445.952	0.027140913	-5.8301692	0.019518894
446.08	0.027436415	-5.8304036	0.019335575
446.208	0.026863606	-5.8297197	0.01999066
446.336	0.027280191	-5.830448	0.0180945
446.464	0.02720064	-5.8297731	0.020474263
446.592	0.027240846	-5.8299478	0.023732347
446.72	0.027269544	-5.8298548	0.023045086
446.848	0.028006849	-5.8305149	0.021073367
446.976	0.027471581	-5.8302072	0.027777736
447.104	0.02753732	-5.8297948	0.025192152
447.232	0.026764313	-5.8293313	0.027604172
447.36	0.028026961	-5.830223	0.025587281
447.488	0.027469085	-5.8297748	0.022974219
447.616	0.027517479	-5.8293021	0.019559157
447.744	0.027157122	-5.8292574	0.024969359
447.872	0.027674714	-5.8303038	0.020868059
448	0.027435338	-5.8302644	0.021633615
448.128	0.027607736	-5.8300632	0.021829168
448.256	0.027736367	-5.8305796	0.019945768
448.384	0.027439976	-5.8298183	0.022359027
448.512	0.027002795	-5.8297772	0.021051438
448.64	0.027219804	-5.8300587	0.0206996
448.768	0.02673548	-5.8296159	0.024703577
448.896	0.027035297	-5.8299048	0.023165665
449.024	0.027150639	-5.8304469	0.020183283
449.152	0.026608579	-5.8301139	0.022370335
449.28	0.026863065	-5.8303254	0.019782465
449.408	0.026893947	-5.8303339	0.017243017
449.536	0.026590866	-5.8304055	0.019370619
449.664	0.026187086	-5.830359	0.024171682
449.792	0.026730036	-5.8306562	0.020897893
449.92	0.026428842	-5.8303082	0.020616783
450.048	0.026896829	-5.8310053	0.018508206
450.176	0.026678464	-5.8309102	0.019194657
450.304	0.026134936	-5.830407	0.022566954
450.432	0.026562597	-5.8312738	0.022514463
450.56	0.026545956	-5.8310303	0.018920957
450.688	0.026242023	-5.8308673	0.019695915
450.816	0.026757206	-5.8311469	0.021359571
450.944	0.026599463	-5.8307491	0.02101484
451.072	0.026003888	-5.8301847	0.019071565
451.2	0.026293803	-5.8303711	0.020219883
451.328	0.02717379	-5.8316655	0.016605766
451.456	0.026504718	-5.8308016	0.018767307
451.584	0.026851965	-5.8307418	0.022263305
451.712	0.026806853	-5.8304544	0.02308252
451.84	0.02648083	-5.8303243	0.024457286
451.968	0.027103022	-5.8305784	0.025434911
452.096	0.027092505	-5.8305457	0.02051287
452.224	0.026800161	-5.8300248	0.019796305
452.352	0.027574416	-5.8306339	0.019471661
452.48	0.027224982	-5.8303013	0.022889222
452.608	0.027318693	-5.8303107	0.022505025
452.736	0.027075565	-5.8302709	0.020022341
452.864	0.027174851	-5.8299149	0.021295998
452.992	0.027261139	-5.8299286	0.020634679
453.12	0.027782915	-5.8303424	0.020007804
453.248	0.027377201	-5.8301441	0.021845415
453.376	0.02723591	-5.8297545	0.022629504
453.504	0.027231903	-5.8299323	0.023271491
453.632	0.027646228	-5.8302323	0.021704911
453.76	0.027475306	-5.8298235	0.022360116
453.888	0.027371513	-5.8297791	0.025025991
454.016	0.027775699	-5.8299744	0.023861876
454.144	0.027044559	-5.8292751	0.021860154
454.272	0.027429019	-5.8298129	0.020831015
454.4	0.027775434	-5.8302342	0.020249005
454.528	0.027065642	-5.8292441	0.020362451
454.656	0.027173425	-5.8292687	0.021303135
454.784	0.027233317	-5.8299138	0.021542377
454.912	0.027197035	-5.8298175	0.023123035
455.04	0.027131778	-5.8300308	0.024848434
455.168	0.027327586	-5.8305348	0.021329311
455.296	0.027159207	-5.8302312	0.021858479
455.424	0.026948181	-5.8303102	0.02411372
455.552	0.027024593	-5.8307544	0.02309434
455.68	0.027277735	-5.830834	0.021223182
455.808	0.026433081	-5.8303663	0.024755713
455.936	0.026560132	-5.8307598	0.023150649
456.064	0.026834903	-5.8309994	0.020625084
456.192	0.026565679	-5.8306095	0.023369036
456.32	0.026710002	-5.8309554	0.018197566
456.448	0.026434685	-5.8306465	0.017933541
456.576	0.02659459	-5.830958	0.021068929
456.704	0.026485712	-5.830764	0.022507242
456.832	0.026331505	-5.8304318	0.024670052
456.96	0.026415099	-5.830435	0.02329821
457.088	0.026473666	-5.8305967	0.019658435
457.216	0.026290228	-5.8303603	0.019347096
457.344	0.026453923	-5.8305815	0.017286504
457.472	0.026685691	-5.8305957	0.018422932
457.6	0.027181668	-5.8313538	0.017724375
457.728	0.026598775	-5.830723	0.021152313
457.856	0.026689374	-5.8307546	0.020408766
457.984	0.026360856	-5.8305656	0.0205831
458.112	0.02688695	-5.8310855	0.021200532
458.24	0.0269151	-5.8307196	0.023341892
458.368	0.027454034	-5.8307736	0.020367702
458.496	0.02665139	-5.8300219	0.022864543
458.624	0.027394671	-5.8309477	0.023274552
458.752	0.02693364	-5.8302691	0.022872224
458.88	0.026896825	-5.8299559	0.017265614
459.008	0.027270197	-5.8301796	0.01861999
459.136	0.027183787	-5.8303282	0.026009302
459.264	0.027694089	-5.8304553	0.021476202
459.392	0.027176072	-5.8296844	0.022692908
459.52	0.026961074	-5.8294304	0.02405542
459.648	0.027635403	-5.8301015	0.021610735
459.776	0.027278491	-5.8296751	0.02284168
459.904	0.027860043	-5.8301284	0.020150599
460.032	0.027405411	-5.8298703	0.020850214
460.16	0.027232304	-5.8296588	0.022639669
460.288	0.027272178	-5.8296571	0.023252394
460.416	0.027900577	-5.8302395	0.019839404
460.544	0.027055927	-5.8291757	0.023651131
460.672	0.027301135	-5.8297348	0.023127328
460.8	0.027671362	-5.830189	0.021301927
460.928	0.02715978	-5.8297373	0.024110426
461.056	0.027146565	-5.8299093	0.024798501
461.184	0.027235769	-5.830263	0.020858029
461.312	0.026998884	-5.8302552	0.024421274
461.44	0.02761774	-5.8305068	0.018621675
461.568	0.026799042	-5.8297907	0.018910149
461.696	0.026635375	-5.8298555	0.020878776
461.824	0.026752169	-5.8302369	0.022684188
461.952	0.026915659	-5.8302954	0.023527749
462.08	0.026703326	-5.8303915	0.022963034
462.208	0.026846718	-5.8305888	0.021513368
462.336	0.026932953	-5.8307266	0.019271399
462.464	0.026711935	-5.8305201	0.021872426
462.592	0.026781156	-5.8304365	0.021850714
462.72	0.026593026	-5.8305022	0.020027658
462.848	0.026493714	-5.8308434	0.021337358
462.976	0.026796039	-5.8308885	0.022246963
463.104	0.026450505	-5.83068	0.019202178
463.232	0.026804205	-5.8311041	0.017797222
463.36	0.026360966	-5.8309334	0.021089344
463.488	0.026099132	-5.8305223	0.022631247
463.616	0.026967284	-5.8313263	0.016013952
463.744	0.026407593	-5.831154	0.020806689
463.872	0.02684015	-5.8308466	0.019867111
464	0.026704046	-5.8305778	0.018268289
464.128	0.026584954	-5.8305398	0.022163054
464.256	0.026785495	-5.830611	0.019704426
464.384	0.026705098	-5.83026	0.017516402
464.512	0.026692511	-5.8303465	0.022566162
464.64	0.027187001	-5.8307618	0.020924549
464.768	0.026980588	-5.8306208	0.02058705
464.896	0.026826257	-5.8304201	0.022251055
465.024	0.027176467	-5.8305248	0.021182571
465.152	0.027067076	-5.8304056	0.021662129
465.28	0.027022507	-5.8300892	0.022126503
465.408	0.027437901	-5.8303691	0.021817769
465.536	0.027468325	-5.8299657	0.023643085
465.664	0.026942689	-5.8295315	0.024443259
465.792	0.027634249	-5.8303663	0.019485202
465.92	0.027305332	-5.8298082	0.017922166
466.048	0.026968633	-5.8294962	0.024210278
466.176	0.027500061	-5.8300629	0.02534652
466.304	0.027527134	-5.82978	0.023265964
466.432	0.027880278	-5.8304374	0.024158921
466.56	0.02726578	-5.8296749	0.023624089
466.688	0.027391846	-5.8297821	0.018358052
466.816	0.027717967	-5.8301366	0.020459918
466.944	0.027302043	-5.8302189	0.024705471
467.072	0.027562841	-5.8300813	0.025509452
467.2	0.027265095	-5.8298879	0.027113134
467.328	0.02734854	-5.8302916	0.023579912
467.456	0.027621623	-5.8307491	0.023361568
467.584	0.027089198	-5.8299847	0.022292992
467.712	0.026914461	-5.8300293	0.022291083
467.84	0.027142349	-5.8304498	0.022106187
467.968	0.027098358	-5.8305016	0.020405056
468.096	0.026778814	-5.8301674	0.021417389
468.224	0.026415875	-5.8299289	0.023525792
468.352	0.0272101	-5.8304386	0.019413244
468.48	0.026746722	-5.8301613	0.022418518
468.608	0.02673043	-5.8305377	0.025455216
468.736	0.02700592	-5.8311815	0.02119885
468.864	0.026677724	-5.8306002	0.019614496
468.992	0.02666506	-5.8310679	0.021693836
469.12	0.026626226	-5.8308168	0.019944254
469.248	0.026406414	-5.8307652	0.014620889
469.376	0.026801145	-5.8312486	0.020053149
469.504	0.026193216	-5.8303955	0.023097177
469.632	0.026307467	-5.8304891	0.019777579
469.76	0.02661294	-5.830567	0.019781621
469.888	0.026594933	-5.8308073	0.019708754
470.016	0.026518129	-5.8307164	0.019331887
470.144	0.026563637	-5.8307645	0.01803604
470.272	0.026590309	-5.8307424	0.016818124
470.4	0.026967327	-5.8309295	0.01852121
470.528	0.026604604	-5.8305167	0.022681629
470.656	0.026775227	-5.8307449	0.021520577
470.784	0.026936627	-5.8305884	0.024311926
470.912	0.026834364	-5.8309342	0.021954646
471.04	0.026826584	-5.8303562	0.021392669
471.168	0.027207267	-5.8308576	0.0240863
471.296	0.026993087	-5.83047	0.024021101
471.424	0.027005061	-5.8303349	0.023697559
471.552	0.027070867	-5.8302369	0.022983859
471.68	0.027296104	-5.8303721	0.023561585
471.808	0.027499012	-5.8305292	0.02013657
471.936	0.027180508	-5.829874	0.019874885
472.064	0.027624066	-5.8301833	0.018538827
472.192	0.027051229	-5.8298218	0.026310598
472.32	0.02735609	-5.8299313	0.023411691
472.448	0.027824527	-5.830213	0.017377599
472.576	0.027234185	-5.8293625	0.024380014
472.704	0.027329816	-5.8300728	0.020778959
472.832	0.027326709	-5.8298423	0.020280804
472.96	0.027365871	-5.8295887	0.026850772
473.088	0.027749653	-5.8300114	0.021951618
473.216	0.027543958	-5.8299712	0.021624126
473.344	0.027151978	-5.8297578	0.023130353
473.472	0.027307411	-5.8301456	0.022632568
473.6	0.027691128	-5.83032	0.022865704
473.728	0.027355454	-5.8303157	0.021701314
473.856	0.027255504	-5.8304764	0.021853651
473.984	0.02699028	-5.830142	0.025131972
474.112	0.027573492	-5.8308627	0.023905771
474.24	0.026649946	-5.8301354	0.028369968
474.368	0.02663521	-5.8300919	0.023779742
474.496	0.026692926	-5.8303054	0.019888662
474.624	0.027104927	-5.8308895	0.019656029
474.752	0.026713663	-5.8306158	0.02132159
474.88	0.026524846	-5.830372	0.019333843
475.008	0.026523664	-5.830425	0.020287158
475.136	0.026928875	-5.8307582	0.022210327
475.264	0.026530417	-5.8305787	0.020904516
475.392	0.026519393	-5.8306114	0.019304233
475.52	0.026401553	-5.8307136	0.018738457
475.648	0.026760632	-5.8311528	0.017622809
475.776	0.0261173	-5.8303553	0.022462212
475.904	0.026547302	-5.8308448	0.020772902
476.032	0.026217597	-5.8302866	0.019165633
476.16	0.026788776	-5.8307647	0.016559168
476.288	0.026483257	-5.8303584	0.02104711
476.416	0.026337367	-5.8301718	0.023475111
476.544	0.026911713	-5.831073	0.016802593
476.672	0.026467478	-5.8302363	0.018034816
476.8	0.026847071	-5.8304863	0.020545652
476.928	0.026913927	-5.8307013	0.02043541
477.056	0.027008831	-5.8307144	0.021765875
477.184	0.026806954	-5.8300799	0.024396906
477.312	0.027243429	-5.8302613	0.021786957
477.44	0.027253483	-5.8301641	0.021253127
477.568	0.026623066	-5.8297506	0.022023403
477.696	0.026958253	-5.8298559	0.020662489
477.824	0.027372711	-5.8302342	0.021563573
477.952	0.027152609	-5.829996	0.021857333
478.08	0.027957128	-5.8307848	0.021536616
478.208	0.026990318	-5.8295012	0.026494959
478.336	0.027384725	-5.8297326	0.020204413
478.464	0.027619702	-5.830211	0.01944259
478.592	0.027204681	-5.8299249	0.023636444
478.72	0.027805926	-5.8302167	0.020592038
478.848	0.026868824	-5.8290919	0.022141071
478.976	0.027967293	-5.8304399	0.022821352
479.104	0.027467375	-5.8299604	0.025412312
479.232	0.028029595	-5.8303364	0.021875594
479.36	0.027401397	-5.829652	0.026355016
479.488	0.027268929	-5.8295268	0.023440856
479.616	0.02725652	-5.8299242	0.021530798
479.744	0.027776705	-5.8304789	0.024812663
479.872	0.027534581	-5.8301333	0.02342471
480	0.026895649	-5.8296443	0.020289792
480.128	0.027663268	-5.830496	0.021261308
480.256	0.026683219	-5.829996	0.023347576
480.384	0.027246864	-5.8303364	0.019513143
480.512	0.026915394	-5.8299391	0.020161327
480.64	0.027089287	-5.8304383	0.020699743
480.768	0.02668773	-5.8302691	0.019878576
480.896	0.026650156	-5.8304078	0.016175994
481.024	0.026977236	-5.8308465	0.015737901
481.152	0.026317226	-5.830393	0.021756009
481.28	0.027041381	-5.8312417	0.020728906
481.408	0.026727432	-5.8307607	0.018761728
481.536	0.026152008	-5.8302642	0.019392666
481.664	0.026343128	-5.830798	0.020114063
481.792	0.026664901	-5.8309425	0.018314034
481.92	0.026748672	-5.8307053	0.017045799
482.048	0.026519911	-5.8306846	0.019714377
482.176	0.026192956	-5.8304575	0.021387062
482.304	0.026435707	-5.8305853	0.020666648
482.432	0.026251113	-5.830255	0.019772025
482.56	0.02693133	-5.831141	0.019239482
482.688	0.026708732	-5.8308866	0.023952268
482.816	0.026564079	-5.8306739	0.02192955
482.944	0.026655663	-5.8309783	0.020402914
483.072	0.026523966	-5.8306428	0.022055481
483.2	0.027098607	-5.8309735	0.018519693
483.328	0.026645013	-5.8300877	0.019632051
483.456	0.026722238	-5.8302177	0.021381077
483.584	0.027194126	-5.8305057	0.020410688
483.712	0.026902869	-5.8303822	0.018690237
483.84	0.027447387	-5.8310301	0.016202261
483.968	0.027080522	-5.83056	0.020999583
484.096	0.02691092	-5.829829	0.023554788
484.224	0.027466399	-5.8303802	0.023196657
484.352	0.027593945	-5.8304622	0.02288457
484.48	0.027113254	-5.8302311	0.020297277
484.608	0.027422739	-5.8301744	0.021388237
484.736	0.027356125	-5.8298695	0.025818944
484.864	0.027391957	-5.8296508	0.023223819
484.992	0.027158782	-5.829773	0.02081664
485.12	0.027388797	-5.8298271	0.021824652
485.248	0.02747349	-5.8296067	0.023221901
485.376	0.027751317	-5.8301423	0.021234249
485.504	0.027238361	-5.8297443	0.023177728
485.632	0.026891252	-5.8291263	0.026549434
485.76	0.028016833	-5.8299849	0.020690814
485.888	0.027685642	-5.8300999	0.020335761
486.016	0.027239622	-5.8299993	0.023891783
486.144	0.02704366	-5.8299305	0.023997206
486.272	0.027346436	-5.8299036	0.020718858
486.4	0.027366227	-5.8300857	0.021491296
486.528	0.027392917	-5.8303774	0.021424898
486.656	0.027328084	-5.830216	0.018382097
486.784	0.027194259	-5.8302359	0.02090751
486.912	0.027368769	-5.8304243	0.020512897
487.04	0.027181892	-5.8308812	0.019499082
487.168	0.026405311	-5.83007	0.024064833
487.296	0.026950094	-5.8309434	0.020953718
487.424	0.026515976	-5.830426	0.020958112
487.552	0.026953141	-5.8307382	0.022416669
487.68	0.026582298	-5.8307563	0.018046506
487.808	0.026628438	-5.8307699	0.019134904
487.936	0.02677157	-5.8309353	0.021535097
488.064	0.026707221	-5.8308506	0.020792968
488.192	0.026523038	-5.8308545	0.019586603
488.32	0.026310747	-5.8306142	0.019205756
488.448	0.026255052	-5.8303063	0.024563577
488.576	0.02687639	-5.8310579	0.022265371
488.704	0.02619258	-5.830645	0.020802005
488.832	0.026608386	-5.830755	0.021140342
488.96	0.026680003	-5.8308351	0.022776486
489.088	0.026506155	-5.8305416	0.022634164
489.216	0.027026413	-5.8310364	0.018530488
489.344	0.026512698	-5.8305343	0.020583983
489.472	0.026517523	-5.8304582	0.020896918
489.6	0.026611598	-5.8303441	0.020426742
489.728	0.0268546	-5.8307886	0.017421776
489.856	0.02698957	-5.8302763	0.016398464
489.984	0.026774208	-5.830317	0.02165549
490.112	0.026848326	-5.8298783	0.022665103
490.24	0.02738774	-5.8307397	0.02064273
490.368	0.027574804	-5.8307119	0.01978563
490.496	0.027207855	-5.8304427	0.025198315
490.624	0.027164136	-5.830114	0.022580921
490.752	0.02685629	-5.8297648	0.024213669
490.88	0.027564636	-5.8308313	0.023907946
491.008	0.027275342	-5.8302974	0.022970288
491.136	0.027209429	-5.8297992	0.023984222
491.264	0.027517478	-5.8301393	0.023466498
491.392	0.027876569	-5.8303053	0.021963574
491.52	0.027207866	-5.8298758	0.024036038
491.648	0.028012864	-5.8303747	0.021739589
491.776	0.027408161	-5.8299229	0.022450297
491.904	0.027036047	-5.8296822	0.024659855
492.032	0.027823565	-5.8304493	0.023340939
492.16	0.027348764	-5.8300088	0.024915601
492.288	0.027007457	-5.8298112	0.020746636
492.416	0.027386045	-5.8300212	0.01765185
492.544	0.027605201	-5.8303944	0.023015694
492.672	0.027013454	-5.8299145	0.024654755
492.8	0.027276295	-5.830076	0.021325726
492.928	0.027172259	-5.8305636	0.01955297
493.056	0.026854189	-5.8301528	0.023202133
493.184	0.02711691	-5.8306117	0.023677486
493.312	0.027023067	-5.8306113	0.021407495
493.44	0.027062	-5.8306756	0.019833618
493.568	0.027025799	-5.8305147	0.018511089
493.696	0.026333529	-5.8298846	0.020842626
493.824	0.026657586	-5.8304225	0.019618458
493.952	0.026210862	-5.8301737	0.022356054
494.08	0.026513283	-5.8308511	0.019446889
494.208	0.026357619	-5.8305737	0.020229552
494.336	0.02709388	-5.8308983	0.020275357
494.464	0.026861782	-5.8308839	0.020472295
494.592	0.026251946	-5.8304282	0.020422747
494.72	0.026422716	-5.8305985	0.019490186
494.848	0.025765893	-5.8298164	0.022976408
494.976	0.027103844	-5.8312862	0.01919162
495.104	0.026820662	-5.8308889	0.019187216
495.232	0.026282503	-5.8304361	0.018930258
495.36	0.026157397	-5.8305833	0.017354387
495.488	0.026271155	-5.8304514	0.018661824
495.616	0.026668375	-5.8307291	0.020917403
495.744	0.026909442	-5.8310491	0.021412591
495.872	0.026804697	-5.8304693	0.022552207
496	0.026918873	-5.8304477	0.022230976
496.128	0.026738873	-5.8304971	0.023209403
496.256	0.027089035	-5.8305741	0.018851662
496.384	0.027145467	-5.8304185	0.019558465
496.512	0.027309755	-5.8305086	0.02186174
496.64	0.027256843	-5.8304152	0.023849724
496.768	0.027057234	-5.8302045	0.025749278
496.896	0.027110185	-5.8302935	0.020659016
497.024	0.027174665	-5.8301211	0.019520814
497.152	0.027107931	-5.8296825	0.022925847
497.28	0.027461686	-5.8301248	0.023811701
497.408	0.027496102	-5.8303865	0.02404757
497.536	0.027702023	-5.8303042	0.023716647
497.664	0.027300277	-5.8297986	0.024690992
497.792	0.027577513	-5.8299976	0.022914511
497.92	0.027313292	-5.8298011	0.022552803
498.048	0.027816098	-5.8304381	0.016834242
498.176	0.027258203	-5.8297245	0.021498754
498.304	0.027714236	-5.8301198	0.02293128
498.432	0.027444566	-5.8303722	0.021535031
498.56	0.027468986	-5.8301805	0.021487085
498.688	0.027202833	-5.8299053	0.023100312
498.816	0.027353474	-5.8300677	0.022108838
498.944	0.026860527	-5.829982	0.022412989
499.072	0.027245264	-5.8303075	0.020758189
499.2	0.027313167	-5.8303531	0.021171206
499.328	0.026775619	-5.8303358	0.021068856
499.456	0.027218421	-5.8308159	0.023720599
499.584	0.026405127	-5.8300023	0.024433297
499.712	0.027103254	-5.830449	0.021824637
499.84	0.026794983	-5.8301783	0.024595603
499.968	0.026965752	-5.8308932	0.018996609
