0	0.0089234288	-5.8355079	0.016168078
0.128	0.0090701638	-5.8358536	0.013947972
0.256	0.0090428516	-5.8358865	0.013246158
0.384	0.008951157	-5.8355302	0.016316454
0.512	0.0091441161	-5.8356722	0.016461844
0.64	0.008935883	-5.8354799	0.017532422
0.768	0.0090936807	-5.8355708	0.01633753
0.896	0.0090313454	-5.8354676	0.01461911
1.024	0.0089070638	-5.8357222	0.012739268
1.152	0.0091774553	-5.8363427	0.013715212
1.28	0.0090476563	-5.8361599	0.015353541
1.408	0.0089639419	-5.8358832	0.014918756
1.536	0.008969624	-5.8355784	0.016084975
1.664	0.0088918051	-5.8350738	0.016093008
1.792	0.0089728306	-5.8356331	0.014452834
1.92	0.0090175945	-5.8356665	0.013136917
2.048	0.0089026066	-5.8355686	0.014551602
2.176	0.0089710923	-5.8354523	0.016101832
2.304	0.0090236379	-5.8356959	0.014710365
2.432	0.0090865284	-5.8356855	0.014170112
2.56	0.0089345617	-5.8353123	0.014312606
2.688	0.0089217786	-5.8357975	0.014299258
2.816	0.0089399325	-5.8356278	0.015006153
2.944	0.0089220886	-5.835555	0.015393583
3.072	0.0089708174	-5.8356871	0.015296567
3.2	0.0090854124	-5.8355739	0.013870255
3.328	0.009003667	-5.8357781	0.014384503
3.456	0.0090998119	-5.8357747	0.014403334
3.584	0.0089920291	-5.8356531	0.014812443
3.712	0.0089707818	-5.8357814	0.014862884
3.84	0.0090855283	-5.8356833	0.015964545
3.968	0.0091499296	-5.8356534	0.016101106
4.096	0.0091036051	-5.8355516	0.014890554
4.224	0.0090032543	-5.835483	0.014878974
4.352	0.0089308311	-5.8354355	0.016905319
4.48	0.00903382	-5.8354829	0.01557743
4.608	0.0090913178	-5.8357329	0.01447135
4.736	0.0091137176	-5.8357559	0.014653941
4.864	0.0090323836	-5.8355458	0.01476259
4.992	0.0089778021	-5.8352377	0.016554476
5.12	0.0091320914	-5.8353491	0.015761378
5.248	0.0090188345	-5.8354375	0.015600714
5.376	0.0088822798	-5.8351917	0.017647277
5.504	0.0089598647	-5.835615	0.014819269
5.632	0.0090112863	-5.8356802	0.014279171
5.76	0.0090019471	-5.8357026	0.012837812
5.888	0.008983775	-5.8359957	0.014383219
6.016	0.0090921947	-5.8359784	0.014522474
6.144	0.0088281904	-5.8355368	0.016649674
6.272	0.0088902973	-5.8355844	0.018568622
6.4	0.008931465	-5.8358129	0.015908523
6.528	0.0088993878	-5.8357383	0.015968387
6.656	0.0089487136	-5.8359703	0.015818458
6.784	0.0087945292	-5.8357642	0.016979406
6.912	0.0089974344	-5.8360971	0.016365403
7.04	0.0088355624	-5.8360036	0.015539734
7.168	0.0090587124	-5.8360921	0.015631909
7.296	0.0088948432	-5.8356774	0.015525039
7.424	0.0090035179	-5.8357662	0.017086062
7.552	0.008958266	-5.8358583	0.016703578
7.68	0.0090688908	-5.835873	0.015853867
7.808	0.0090771916	-5.8358106	0.016963949
7.936	0.0090335672	-5.8360468	0.017810773
8.064	0.0090307405	-5.8359248	0.017998093
8.192	0.0090831814	-5.8360454	0.01780012
8.32	0.0089489464	-5.8357345	0.01853605
8.448	0.00905033	-5.8357372	0.017394194
8.576	0.0089496345	-5.8357985	0.018680451
8.704	0.0088764848	-5.8356627	0.017963693
8.832	0.0089826907	-5.835685	0.01800899
8.96	0.0088918203	-5.8358015	0.018171306
9.088	0.0091052032	-5.835969	0.016069195
9.216	0.0090486891	-5.8358869	0.017704201
9.344	0.0089829433	-5.8358336	0.020204948
9.472	0.0090239768	-5.8357153	0.018616287
9.6	0.0090490906	-5.8356473	0.017882342
9.728	0.0089972535	-5.8354796	0.018015124
9.856	0.0090732821	-5.8355751	0.018076411
9.984	0.008953209	-5.8356989	0.018694068
10.112	0.0090233214	-5.8354953	0.017429288
10.24	0.0090743057	-5.8355113	0.017386079
10.368	0.0090212302	-5.8356158	0.017741649
10.496	0.0089506648	-5.8357868	0.017867429
10.624	0.0090335671	-5.8360216	0.018875989
10.752	0.0090906488	-5.8359846	0.019299002
10.88	0.008934279	-5.8356997	0.020172629
11.008	0.0090676475	-5.8358539	0.019247972
11.136	0.0090391467	-5.8358529	0.017154774
11.264	0.0091229048	-5.8357508	0.016208441
11.392	0.009078772	-5.8357414	0.016161086
11.52	0.009030093	-5.8357845	0.016721746
11.648	0.0088439386	-5.8355182	0.017886764
11.776	0.0089150434	-5.835628	0.01763566
11.904	0.008960278	-5.8359666	0.016426104
12.032	0.0090660613	-5.8360023	0.016668831
12.16	0.0089324369	-5.836017	0.018247891
12.288	0.0089743928	-5.836067	0.015309242
12.416	0.0090076396	-5.8359088	0.016084554
12.544	0.009059505	-5.8356021	0.017328712
12.672	0.0090910658	-5.8358482	0.017483027
12.8	0.0088239347	-5.8354936	0.017345664
12.928	0.0090553561	-5.8359442	0.016698889
13.056	0.009045302	-5.8360785	0.017165848
13.184	0.0089177499	-5.8358928	0.017018322
13.312	0.0090609872	-5.8359223	0.017242164
13.44	0.008884393	-5.8358655	0.018469368
13.568	0.0088166961	-5.8358121	0.017315615
13.696	0.0090831632	-5.8359774	0.017265984
13.824	0.0089649707	-5.8362102	0.017527539
13.952	0.0090129861	-5.8358925	0.016770172
14.08	0.0089483995	-5.8357926	0.017782337
14.208	0.0090557049	-5.8359237	0.016029879
14.336	0.0089730351	-5.835674	0.015530592
14.464	0.0090239028	-5.8358685	0.016363441
14.592	0.0090063472	-5.8359351	0.016945694
14.72	0.0089843081	-5.8357646	0.018022758
14.848	0.0090268947	-5.8359367	0.017881925
14.976	0.0090694766	-5.8359102	0.017265429
15.104	0.0087355854	-5.8356439	0.018360831
15.232	0.0091199367	-5.8359379	0.018221678
15.36	0.0090531017	-5.8359438	0.018796916
15.488	0.0089861721	-5.8356253	0.017682626
15.616	0.0090218829	-5.8357962	0.019521705
15.744	0.0089484534	-5.8359336	0.021507716
15.872	0.0091212699	-5.8359593	0.019037236
16	0.0089577734	-5.8358832	0.018200999
16.128	0.0089768791	-5.8357658	0.017825491
16.256	0.0090231344	-5.8358419	0.016660352
16.384	0.008940872	-5.8355094	0.016160896
16.512	0.0090685489	-5.8358553	0.016409669
16.64	0.0089794948	-5.8356461	0.018578887
16.768	0.0091928042	-5.8359396	0.018681164
16.896	0.0090277953	-5.8356312	0.019732069
17.024	0.0090542096	-5.8357532	0.019068347
17.152	0.0090106422	-5.8357222	0.018133853
17.28	0.0090484583	-5.8357639	0.01837604
17.408	0.0089815604	-5.8358469	0.019086482
17.536	0.0090302693	-5.8357164	0.018184219
17.664	0.0089945485	-5.8357072	0.017358162
17.792	0.0089732058	-5.8359495	0.016337461
17.92	0.0089044125	-5.835921	0.015434447
18.048	0.0090444669	-5.8359928	0.015213941
18.176	0.0089084595	-5.8358865	0.015319683
18.304	0.0088641429	-5.8353167	0.015340573
18.432	0.009252511	-5.8358292	0.01451643
18.56	0.0089218403	-5.8357612	0.016492225
18.688	0.0088631202	-5.8356652	0.018260542
18.816	0.0089233511	-5.8356725	0.01762389
18.944	0.008984218	-5.8358702	0.014293945
19.072	0.0090995014	-5.8359047	0.015057226
19.2	0.0090120769	-5.8360787	0.016756779
19.328	0.0089604139	-5.8359443	0.01791961
19.456	0.0089582289	-5.835854	0.016641491
19.584	0.0088210839	-5.8356546	0.015839898
19.712	0.0091288816	-5.835944	0.015703054
19.84	0.0089970946	-5.8357272	0.017019988
19.968	0.0088422412	-5.8357193	0.016883459
20.096	0.0091519157	-5.8361546	0.014015529
20.224	0.0088322214	-5.8360377	0.017582743
20.352	0.0089018998	-5.8361166	0.018176131
20.48	0.0090379568	-5.8358862	0.016359599
20.608	0.0089824286	-5.8358948	0.017377588
20.736	0.0088627714	-5.8356613	0.016345196
20.864	0.0090418269	-5.8362046	0.015697574
20.992	0.0091783931	-5.8361061	0.014503438
21.12	0.0089310596	-5.8360028	0.016045456
21.248	0.009106705	-5.8361921	0.01839588
21.376	0.0091557761	-5.8360711	0.017894972
21.504	0.0088001739	-5.8354122	0.015702328
21.632	0.0090081602	-5.8358844	0.016344936
21.76	0.0090148062	-5.8359081	0.016589198
21.888	0.0089844645	-5.835733	0.016663592
22.016	0.008879567	-5.8357495	0.019231667
22.144	0.0091061465	-5.8357674	0.018426081
22.272	0.009027306	-5.8357985	0.018188956
22.4	0.0090029393	-5.8358284	0.017337553
22.528	0.0088930043	-5.8354652	0.016834186
22.656	0.0090229244	-5.835643	0.016258999
22.784	0.0090943968	-5.8356656	0.017221516
22.912	0.0089747202	-5.8358427	0.018858191
23.04	0.0090316557	-5.8359173	0.017800243
23.168	0.009168141	-5.8361337	0.017202336
23.296	0.0090356303	-5.8358752	0.01739139
23.424	0.0088440354	-5.8355356	0.017835988
23.552	0.0089680771	-5.8359008	0.016719374
23.68	0.0090432544	-5.8359793	0.015760364
23.808	0.0089300835	-5.835898	0.017741379
23.936	0.0090426105	-5.8359728	0.017562882
24.064	0.0090924668	-5.8358374	0.018368217
24.192	0.0090544588	-5.8357406	0.018834729
24.32	0.0088064435	-5.8354206	0.017735263
24.448	0.0089549824	-5.8356566	0.016396863
24.576	0.0089698127	-5.8356918	0.017337354
24.704	0.0090211526	-5.8357254	0.017246718
24.832	0.0089385129	-5.835676	0.018535217
24.96	0.0091235249	-5.8357077	0.017829136
25.088	0.0087858548	-5.8356052	0.018330628
25.216	0.0090946306	-5.8359788	0.017718302
25.344	0.0089253085	-5.8360475	0.018428509
25.472	0.0090317881	-5.8360111	0.016412677
25.6	0.0088722238	-5.8358105	0.017016502
25.728	0.0090206131	-5.8359194	0.019002189
25.856	0.0089487209	-5.8357619	0.019692565
25.984	0.0090082098	-5.8359585	0.016557694
26.112	0.0091413394	-5.8361078	0.016426804
26.24	0.0089723915	-5.8358215	0.017639485
26.368	0.0089648845	-5.8358468	0.01764472
26.496	0.0089498021	-5.8360933	0.015429052
26.624	0.0089517121	-5.8361379	0.017205925
26.752	0.0091364034	-5.8361973	0.016756639
26.88	0.0088982763	-5.8358867	0.017262825
27.008	0.0090482465	-5.8361285	0.01874478
27.136	0.0089644841	-5.8356678	0.018145957
27.264	0.0090962201	-5.8356988	0.017886239
27.392	0.0090063246	-5.8355664	0.017078581
27.52	0.0089586442	-5.835727	0.017800552
27.648	0.0090807633	-5.8355216	0.016402441
27.776	0.008803939	-5.8355828	0.017661198
27.904	0.0090290895	-5.8356733	0.015352106
28.032	0.0089172613	-5.8356328	0.017646249
28.16	0.0089909656	-5.8359677	0.018855458
28.288	0.0089903734	-5.8357668	0.016677276
28.416	0.0091042024	-5.8360555	0.016646246
28.544	0.008976226	-5.8360249	0.016352413
28.672	0.0089294437	-5.8358792	0.015369812
28.8	0.0090689389	-5.8360932	0.019222897
28.928	0.0089094151	-5.8360367	0.019533482
29.056	0.0089350028	-5.8359314	0.017145086
29.184	0.0089207251	-5.8358538	0.018945752
29.312	0.0091486436	-5.8359661	0.016792925
29.44	0.0091152305	-5.8359365	0.01790005
29.568	0.008986741	-5.8355908	0.020606891
29.696	0.0089461587	-5.8357141	0.017500355
29.824	0.0090225979	-5.835768	0.017477006
29.952	0.0089298328	-5.8355929	0.020097485
30.08	0.0090944469	-5.8354743	0.019347688
30.208	0.0090309887	-5.8355018	0.018675823
30.336	0.0090578896	-5.835552	0.017835525
30.464	0.0090990021	-5.8357117	0.016296663
30.592	0.009009704	-5.8358449	0.015298564
30.72	0.008899294	-5.8355933	0.016575392
30.848	0.0089994007	-5.8359461	0.016283458
30.976	0.0090364261	-5.8359848	0.01602411
31.104	0.0091081608	-5.8360923	0.017092416
31.232	0.0089114215	-5.8361059	0.017703083
31.36	0.0090211409	-5.8358749	0.016624559
31.488	0.0090250595	-5.8358225	0.016646568
31.616	0.0089081601	-5.8358502	0.01774383
31.744	0.0089614145	-5.8357903	0.016040806
31.872	0.0089621298	-5.8358728	0.016789551
32	0.0090972808	-5.8362253	0.01628878
32.128	0.0090273065	-5.8360968	0.016619774
32.256	0.008966362	-5.8358336	0.017299476
32.384	0.008788429	-5.8355214	0.017207998
32.512	0.0091734024	-5.8360757	0.017535271
32.64	0.008947816	-5.8362728	0.017609139
32.768	0.0089331028	-5.8359638	0.016688037
32.896	0.0091144674	-5.8360827	0.017923447
33.024	0.0089286972	-5.8359997	0.017029489
33.152	0.0089334995	-5.8358597	0.016225961
33.28	0.0089491724	-5.8358356	0.018803305
33.408	0.0090239579	-5.835948	0.019014328
33.536	0.0090375442	-5.8361438	0.016508893
33.664	0.0089970615	-5.8358527	0.015553495
33.792	0.0088441025	-5.8356471	0.018973622
33.92	0.0090081557	-5.8358992	0.017403462
34.048	0.0090977501	-5.8359176	0.014325618
34.176	0.0089873883	-5.8356538	0.015823753
34.304	0.0090578336	-5.8357203	0.016908266
34.432	0.0088498624	-5.8356401	0.015652868
34.56	0.0089919863	-5.8358145	0.016899839
34.688	0.0089397999	-5.8356217	0.016272989
34.816	0.0088859682	-5.8356025	0.016155861
34.944	0.0089047619	-5.8357828	0.01854535
35.072	0.0091100039	-5.8359053	0.016715958
35.2	0.0091196909	-5.8357741	0.015563621
35.328	0.0090128287	-5.835622	0.017268189
35.456	0.008980549	-5.8356325	0.017766602
35.584	0.0090301551	-5.8358183	0.017880117
35.712	0.0090279963	-5.8360093	0.017339973
35.84	0.0087887916	-5.835853	0.018228103
35.968	0.0091255085	-5.8360934	0.017268032
36.096	0.0091262921	-5.8361521	0.017258323
36.224	0.0091322278	-5.835879	0.017790649
36.352	0.0090699255	-5.8358719	0.015476485
36.48	0.0089921613	-5.8357256	0.015973901
36.608	0.0088772316	-5.8356302	0.017721297
36.736	0.0091357337	-5.8359307	0.015312401
36.864	0.0090495028	-5.8358886	0.016448367
36.992	0.0090931882	-5.835981	0.016656808
37.12	0.0089678791	-5.8356937	0.015699888
37.248	0.0089960473	-5.835929	0.015792351
37.376	0.0090315015	-5.8358744	0.015406007
37.504	0.0090201413	-5.8361466	0.015951332
37.632	0.0089003733	-5.8357725	0.018119443
37.76	0.0090527128	-5.8358874	0.016155985
37.888	0.009039118	-5.8360546	0.016203457
38.016	0.0088967082	-5.8359296	0.016928084
38.144	0.009015417	-5.8358409	0.017936468
38.272	0.0089164654	-5.8356896	0.01895514
38.4	0.0090198957	-5.8360707	0.017475966
38.528	0.0089349315	-5.8355755	0.017567417
38.656	0.0089875119	-5.8360119	0.017725068
38.784	0.0089571534	-5.8358531	0.015347528
38.912	0.0089046099	-5.8357466	0.017205
39.04	0.0088834444	-5.8360386	0.019269916
39.168	0.0089281497	-5.8359259	0.017916743
39.296	0.0091478097	-5.8361402	0.016224554
39.424	0.0089477625	-5.836005	0.016746471
39.552	0.0089721912	-5.8359996	0.017119508
39.68	0.0089496559	-5.8358615	0.017162307
39.808	0.0090123853	-5.8359238	0.016530513
39.936	0.0089737381	-5.8359498	0.017363544
40.064	0.0090440288	-5.8359019	0.016315017
40.192	0.0088037157	-5.8355435	0.017556197
40.32	0.0090616201	-5.83596	0.017673618
40.448	0.0089495293	-5.8357358	0.016884356
40.576	0.0090925767	-5.8357978	0.01749693
40.704	0.0089178422	-5.8359034	0.017090173
40.832	0.0088159557	-5.8358102	0.017359904
40.96	0.0090688648	-5.8358718	0.018472868
41.088	0.0090729438	-5.8360847	0.018211092
41.216	0.0089684004	-5.8357522	0.017403424
41.344	0.0088806752	-5.8358774	0.018289264
41.472	0.0090285078	-5.8361307	0.017684665
41.6	0.0089821046	-5.8358568	0.018526372
41.728	0.0090307903	-5.8357721	0.017484468
41.856	0.0091148963	-5.8358493	0.01599788
41.984	0.008844053	-5.8358335	0.017000237
42.112	0.0091925374	-5.8361247	0.01702298
42.24	0.0090357423	-5.8357795	0.019573274
42.368	0.0089039702	-5.8354876	0.019497971
42.496	0.0089785783	-5.8356144	0.017919259
42.624	0.0090058654	-5.8356978	0.017865121
42.752	0.0089551988	-5.8355556	0.017439451
42.88	0.0090798577	-5.8359014	0.018300842
43.008	0.0090280131	-5.8360127	0.018195561
43.136	0.0089712928	-5.835758	0.01735264
43.264	0.0090398115	-5.8357859	0.018948958
43.392	0.0090968413	-5.8358127	0.018099528
43.52	0.0090762773	-5.8357138	0.016090057
43.648	0.009116002	-5.835864	0.016927339
43.776	0.0089709171	-5.8357848	0.018477696
43.904	0.0091090001	-5.8359834	0.017152456
44.032	0.008979734	-5.8357395	0.015963141
44.16	0.008963231	-5.8355528	0.015785184
44.288	0.0088721751	-5.8358435	0.017194325
44.416	0.0090745496	-5.8360335	0.016879983
44.544	0.0089747649	-5.8357315	0.015772599
44.672	0.0088841177	-5.835867	0.014476966
44.8	0.0090454672	-5.835932	0.015886828
44.928	0.0089437914	-5.8359193	0.018373057
45.056	0.0092155981	-5.8362044	0.017474118
45.184	0.0088830283	-5.8359484	0.01944548
45.312	0.008988147	-5.8359602	0.017564492
45.44	0.0089239961	-5.835802	0.015985446
45.568	0.008946897	-5.8358462	0.016414681
45.696	0.0089798623	-5.8360166	0.017336689
45.824	0.0089124508	-5.8357794	0.017956012
45.952	0.0089345967	-5.8357837	0.015948348
46.08	0.008914883	-5.8357913	0.016586241
46.208	0.0089485467	-5.8358511	0.017719138
46.336	0.0089600869	-5.8357943	0.016631772
46.464	0.0090153311	-5.8358909	0.017644383
46.592	0.008914698	-5.835506	0.0185193
46.72	0.0089161637	-5.8356451	0.018123155
46.848	0.0089912183	-5.8358056	0.016033574
46.976	0.0089743823	-5.8357164	0.017292266
47.104	0.008932384	-5.8357739	0.018514469
47.232	0.0090513983	-5.8358515	0.017248194
47.36	0.008968022	-5.8358713	0.018771073
47.488	0.00894241	-5.8356961	0.017675966
47.616	0.0090827895	-5.8358062	0.017901242
47.744	0.0090074852	-5.8356189	0.017695711
47.872	0.0089732439	-5.835734	0.018198849
48	0.0090454454	-5.8358582	0.018425094
48.128	0.0089538967	-5.8357455	0.019663664
48.256	0.0090229134	-5.8358259	0.019253045
48.384	0.0091151442	-5.8359675	0.019167783
48.512	0.0089985247	-5.83582	0.01899798
48.64	0.0090619529	-5.8358216	0.019086299
48.768	0.0089310449	-5.8357825	0.016815051
48.896	0.0090210867	-5.8358009	0.016330871
49.024	0.0091378769	-5.8359919	0.016537479
49.152	0.0090151514	-5.8359507	0.017092865
49.28	0.0091865244	-5.8362743	0.018217908
49.408	0.0089748576	-5.8359476	0.019211121
49.536	0.0089633687	-5.8357645	0.018822993
49.664	0.0089833855	-5.8356629	0.01803891
49.792	0.0090028156	-5.8360122	0.016576611
49.92	0.0091013587	-5.8360236	0.016519925
50.048	0.0089242651	-5.8358317	0.0183832
50.176	0.0089803666	-5.8358019	0.017784783
50.304	0.0090910004	-5.8359054	0.018366309
50.432	0.0089746702	-5.8357095	0.017190066
50.56	0.00897746	-5.8359164	0.014876047
50.688	0.0089725871	-5.8358589	0.015890455
50.816	0.0089335662	-5.8357482	0.016547948
50.944	0.0091389629	-5.8358245	0.0157143
51.072	0.0089144285	-5.8357501	0.018416897
51.2	0.0089718514	-5.835738	0.01755377
51.328	0.0088305599	-5.8357458	0.017412213
51.456	0.0090005613	-5.8361605	0.016993413
51.584	0.0089408142	-5.8359268	0.01754904
51.712	0.0089888683	-5.8359591	0.017719227
51.84	0.0090282909	-5.8359788	0.015578839
51.968	0.0088375799	-5.835825	0.016126992
52.096	0.0091146198	-5.8359504	0.019322316
52.224	0.0089392787	-5.8356093	0.019833917
52.352	0.0091379088	-5.8362408	0.016663026
52.48	0.0089304469	-5.8357843	0.018652759
52.608	0.0088873305	-5.8357327	0.019262429
52.736	0.0088711029	-5.8356258	0.018634089
52.864	0.0090378858	-5.8358061	0.017362135
52.992	0.0089699872	-5.8357014	0.016578794
53.12	0.0088388039	-5.8355746	0.017664242
53.248	0.009188713	-5.8360565	0.016996256
53.376	0.0088971436	-5.835676	0.018497755
53.504	0.008993201	-5.8358803	0.016551366
53.632	0.0090253912	-5.8359904	0.016169341
53.76	0.0089379007	-5.8356413	0.016169806
53.888	0.0091168143	-5.8360281	0.016196396
54.016	0.0090253572	-5.8361136	0.016937065
54.144	0.0089620822	-5.8358568	0.01724951
54.272	0.0091478199	-5.8357241	0.015175837
54.4	0.0089739561	-5.8356664	0.016362384
54.528	0.0091092577	-5.8358715	0.01842181
54.656	0.0090471313	-5.8358346	0.018282537
54.784	0.0090029814	-5.8358994	0.018908574
54.912	0.0089683417	-5.8357693	0.017241513
55.04	0.00888483	-5.8355624	0.01822332
55.168	0.009124208	-5.8360019	0.018794877
55.296	0.0089845651	-5.8357307	0.017406106
55.424	0.0089375403	-5.835712	0.018403642
55.552	0.0090682039	-5.8357536	0.0171568
55.68	0.0090271326	-5.8357317	0.016622574
55.808	0.0088485874	-5.8357077	0.018131082
55.936	0.0090588823	-5.8357411	0.018022839
56.064	0.0090313786	-5.8356048	0.017155458
56.192	0.0091948346	-5.8359631	0.015256008
56.32	0.0088744002	-5.8356313	0.017836987
56.448	0.0090753705	-5.835773	0.017109858
56.576	0.0090239036	-5.8358028	0.016889577
56.704	0.0089829128	-5.8357869	0.018397085
56.832	0.0090297903	-5.8359703	0.018435133
56.96	0.0090859951	-5.8359235	0.015849571
57.088	0.0090019362	-5.8358078	0.017398198
57.216	0.0089658672	-5.8356975	0.016283157
57.344	0.0088939904	-5.8355276	0.017360056
57.472	0.0088999224	-5.8356629	0.018831162
57.6	0.0090404077	-5.8360754	0.016622453
57.728	0.0090410406	-5.8359942	0.01689236
57.856	0.0088803314	-5.8356686	0.017922302
57.984	0.0089399374	-5.8355651	0.018254898
58.112	0.0090477137	-5.8359319	0.01852207
58.24	0.0090820709	-5.8359847	0.017240188
58.368	0.0089033892	-5.8359137	0.016420416
58.496	0.0089779394	-5.836046	0.017094352
58.624	0.0090421898	-5.8359757	0.016998898
58.752	0.0089868164	-5.8362567	0.016830877
58.88	0.0089803978	-5.8360147	0.016597092
59.008	0.0089338529	-5.8360154	0.016688447
59.136	0.0088615029	-5.8356308	0.017449551
59.264	0.0089906591	-5.8358419	0.017634682
59.392	0.0090825047	-5.8359732	0.018125226
59.52	0.0089915662	-5.8359079	0.018394416
59.648	0.0088711245	-5.8356731	0.017802493
59.776	0.008957219	-5.8356982	0.018084244
59.904	0.0090117759	-5.8359511	0.017340377
60.032	0.0089287761	-5.8360977	0.017677138
60.16	0.0089965988	-5.8360401	0.01769122
60.288	0.008961783	-5.8358335	0.017941242
60.416	0.0090555419	-5.8359468	0.015659376
60.544	0.0090564037	-5.8356471	0.016268763
60.672	0.0089832748	-5.835772	0.017823112
60.8	0.0090255642	-5.8359241	0.01804997
60.928	0.0090869783	-5.8358395	0.019359181
61.056	0.0090118454	-5.8358019	0.01964674
61.184	0.0092301175	-5.8360451	0.016968918
61.312	0.0089855682	-5.8359556	0.017821738
61.44	0.0090013971	-5.8361189	0.018277213
61.568	0.009076308	-5.8363577	0.020021862
61.696	0.0090013192	-5.8359339	0.018485796
61.824	0.0089726042	-5.8359718	0.016879481
61.952	0.0090169538	-5.8358174	0.019324917
62.08	0.0090664898	-5.8360455	0.020593287
62.208	0.0091307644	-5.8361691	0.01891557
62.336	0.0088424594	-5.8359791	0.018849001
62.464	0.0089517673	-5.8358725	0.018336773
62.592	0.0091380584	-5.8358419	0.017056852
62.72	0.0089522789	-5.8357582	0.018742401
62.848	0.0089741535	-5.8359424	0.018699649
62.976	0.009155393	-5.8361555	0.016612074
63.104	0.0091071526	-5.836073	0.01630575
63.232	0.0087424381	-5.8357134	0.019066308
63.36	0.0090931169	-5.8360319	0.017946472
63.488	0.0089322553	-5.8361	0.01682031
63.616	0.0088591847	-5.8361102	0.016755999
63.744	0.0090714696	-5.8361239	0.018159297
63.872	0.0089994581	-5.8361083	0.016604003
64	0.008918446	-5.8359483	0.017964419
64.128	0.0088873535	-5.8358507	0.020112556
64.256	0.0089043756	-5.8359376	0.020306071
64.384	0.0088248412	-5.8356231	0.020614857
64.512	0.0089780227	-5.8360212	0.019102556
64.64	0.0089639281	-5.8359622	0.017107302
64.768	0.0089836634	-5.8362644	0.017496765
64.896	0.0090307188	-5.8362934	0.019026065
65.024	0.0088805675	-5.8358921	0.01830516
65.152	0.0089451046	-5.8358471	0.017535151
65.28	0.0089601584	-5.835836	0.019042782
65.408	0.0090946203	-5.8360279	0.018750329
65.536	0.008981658	-5.8358048	0.017662074
65.664	0.0089855047	-5.8359951	0.016569243
65.792	0.0090555967	-5.8362237	0.017625259
65.92	0.0089407658	-5.8362353	0.018318021
66.048	0.0088749622	-5.8362205	0.017976851
66.176	0.0089585071	-5.8358505	0.018828486
66.304	0.0089645028	-5.8360024	0.019123449
66.432	0.0090033618	-5.8362566	0.018366564
66.56	0.0091084465	-5.8362244	0.019521944
66.688	0.0090714742	-5.8358484	0.019807746
66.816	0.0090737089	-5.8360207	0.019545122
66.944	0.0090793724	-5.8360783	0.018293477
67.072	0.0091358619	-5.8360168	0.020664293
67.2	0.0090511783	-5.8360064	0.021267212
67.328	0.0089731061	-5.8357604	0.019571906
67.456	0.0090086609	-5.8357446	0.017403025
67.584	0.0090545009	-5.8359268	0.018028511
67.712	0.0090909868	-5.8360792	0.017297157
67.84	0.0090680685	-5.8360375	0.015970639
67.968	0.0090667558	-5.8359546	0.017493926
68.096	0.0090058173	-5.835776	0.017126021
68.224	0.0089437617	-5.8357971	0.01927493
68.352	0.0090233138	-5.8360288	0.017870325
68.48	0.0091115298	-5.8359262	0.016964705
68.608	0.0089351531	-5.8357518	0.019458196
68.736	0.0090235794	-5.8361966	0.019649554
68.864	0.0090077294	-5.8360552	0.017775148
68.992	0.009165761	-5.8361624	0.018494355
69.12	0.0088291968	-5.8359825	0.019082592
69.248	0.0089154504	-5.836111	0.018255055
69.376	0.0090712952	-5.8360476	0.018007183
69.504	0.0089253768	-5.835846	0.018240249
69.632	0.0090436715	-5.8362421	0.017835174
69.76	0.0090764485	-5.8361784	0.019133493
69.888	0.0088829411	-5.8360666	0.018271414
70.016	0.0088482871	-5.8359146	0.01886269
70.144	0.009040116	-5.8361723	0.017588458
70.272	0.0090136218	-5.8359784	0.020053093
70.4	0.0088398477	-5.8356313	0.021087541
70.528	0.0089244599	-5.8358919	0.017383862
70.656	0.008964672	-5.836125	0.017638815
70.784	0.008962306	-5.836162	0.019594987
70.912	0.0089172582	-5.8361029	0.017202228
71.04	0.0088085084	-5.8358985	0.017641367
71.168	0.0090146792	-5.8359358	0.019306308
71.296	0.0090473836	-5.8362035	0.019076255
71.424	0.0088565006	-5.8360468	0.018970183
71.552	0.0090109365	-5.8358734	0.018865468
71.68	0.0090009783	-5.8359814	0.019699652
71.808	0.0089017786	-5.8358419	0.020081717
71.936	0.0089170303	-5.8359415	0.020067696
72.064	0.0089936864	-5.8360924	0.019775137
72.192	0.009088146	-5.8363124	0.019658364
72.32	0.0088490673	-5.8361264	0.022089892
72.448	0.0090111983	-5.8360744	0.017877384
72.576	0.0088837094	-5.8361136	0.018986746
72.704	0.0091342206	-5.8363015	0.020047974
72.832	0.0089886362	-5.8361045	0.017483161
72.96	0.0090141077	-5.8360503	0.019240453
73.088	0.0089507554	-5.8359685	0.019851675
73.216	0.0090434556	-5.8359321	0.021268477
73.344	0.0091540072	-5.8361155	0.019398491
73.472	0.0091456505	-5.8361031	0.016370891
73.6	0.0088989765	-5.8357724	0.017143352
73.728	0.0090421506	-5.8359578	0.018151897
73.856	0.0091634378	-5.835868	0.018606584
73.984	0.0089507311	-5.8356289	0.019939274
74.112	0.0091137211	-5.8357565	0.018825405
74.24	0.0090433059	-5.8358445	0.017547605
74.368	0.0091389017	-5.8360955	0.017088096
74.496	0.0089545663	-5.8357206	0.020220916
74.624	0.0091801045	-5.8357515	0.020406414
74.752	0.0088753373	-5.8355253	0.019547747
74.88	0.009142055	-5.8359861	0.019772029
75.008	0.0089625739	-5.8359839	0.020537747
75.136	0.0089985608	-5.8359269	0.02065676
75.264	0.0091969382	-5.8359826	0.019362045
75.392	0.0088401414	-5.8356674	0.019619625
75.52	0.0088946813	-5.8358629	0.019458727
75.648	0.0089897526	-5.8360833	0.021521312
75.776	0.009053647	-5.8360628	0.019530674
75.904	0.0088713535	-5.8357737	0.018528552
76.032	0.0090640759	-5.8359133	0.018076071
76.16	0.0089194436	-5.8358416	0.021136991
76.288	0.00884614	-5.8360618	0.019685495
76.416	0.0090815918	-5.8362238	0.017792073
76.544	0.0089675302	-5.8359019	0.018549889
76.672	0.0090645835	-5.8363013	0.017994918
76.8	0.0090186898	-5.8360608	0.019468381
76.928	0.0088841967	-5.8358143	0.019402216
77.056	0.0089814125	-5.8359955	0.019771207
77.184	0.0089143525	-5.8359792	0.019762684
77.312	0.0088039151	-5.8360022	0.019758979
77.44	0.0089116349	-5.8363143	0.02014462
77.568	0.0090691462	-5.8363108	0.02080576
77.696	0.008935021	-5.8360019	0.018540879
77.824	0.0089725109	-5.8358629	0.018587464
77.952	0.0089780013	-5.8359743	0.019727922
78.08	0.008886203	-5.8359686	0.018452281
78.208	0.0090910731	-5.8360847	0.01758191
78.336	0.0087959424	-5.8356826	0.020657638
78.464	0.0089889268	-5.8359203	0.019837821
78.592	0.0091253256	-5.8360916	0.017858109
78.72	0.0088858562	-5.8358292	0.019401576
78.848	0.0089715907	-5.8360544	0.018475663
78.976	0.0090224971	-5.8359095	0.019264798
79.104	0.0090608403	-5.8357578	0.018634674
79.232	0.0091238177	-5.8360234	0.019087734
79.36	0.0089334928	-5.8356846	0.020243403
79.488	0.0092066301	-5.8360916	0.017345545
79.616	0.0088278159	-5.8357799	0.020253134
79.744	0.0090425615	-5.8360838	0.0203734
79.872	0.0090250431	-5.8360134	0.019709755
80	0.0090531626	-5.8360888	0.021005721
80.128	0.0089897333	-5.8359478	0.019199693
80.256	0.0090798023	-5.8360897	0.018461081
80.384	0.0090904761	-5.836066	0.01871753
80.512	0.0090461286	-5.835897	0.020092215
80.64	0.0089963571	-5.8358782	0.021047171
80.768	0.0092250623	-5.8361539	0.020010117
80.896	0.0090101936	-5.8361349	0.019668623
81.024	0.0090509987	-5.8360185	0.019884418
81.152	0.0089969996	-5.8360226	0.019434411
81.28	0.0091799916	-5.8360151	0.019174537
81.408	0.0089449066	-5.8360755	0.019464683
81.536	0.0090744299	-5.8359953	0.019626827
81.664	0.0089746904	-5.8360738	0.019062383
81.792	0.009038516	-5.8360873	0.018870094
81.92	0.0088987689	-5.835739	0.018188401
82.048	0.0090737131	-5.8357513	0.020528589
82.176	0.0089484503	-5.8357807	0.020721647
82.304	0.0089501261	-5.8359279	0.017132115
82.432	0.0089507555	-5.8359985	0.016597801
82.56	0.0088764955	-5.8359136	0.019179388
82.688	0.0089926537	-5.8359045	0.017959943
82.816	0.0090650513	-5.8361115	0.017600256
82.944	0.0090561988	-5.8360759	0.017478627
83.072	0.0088961529	-5.8358607	0.019995831
83.2	0.0089818203	-5.8360428	0.020359546
83.328	0.0089713075	-5.835975	0.019100962
83.456	0.0090010579	-5.8359883	0.018708516
83.584	0.0088214723	-5.8360332	0.017689522
83.712	0.0089660626	-5.8361811	0.018772158
83.84	0.0088908821	-5.8361222	0.019919441
83.968	0.0092031821	-5.8364674	0.020717688
84.096	0.0089802548	-5.8363049	0.020116411
84.224	0.008895585	-5.8361003	0.018735836
84.352	0.0088971129	-5.8363658	0.019062203
84.48	0.0089612259	-5.8363482	0.01790493
84.608	0.0089742374	-5.8361809	0.018103633
84.736	0.0090128393	-5.8361968	0.019933674
84.864	0.0090799992	-5.8364231	0.019189231
84.992	0.0089078051	-5.8359045	0.019105569
85.12	0.0090076876	-5.8360904	0.016896825
85.248	0.0089349221	-5.8360217	0.017274452
85.376	0.0090875071	-5.8360576	0.017099592
85.504	0.0089597686	-5.8358146	0.017671796
85.632	0.0089868625	-5.8358934	0.017528758
85.76	0.0091289734	-5.8359021	0.016120987
85.888	0.0089167613	-5.8359957	0.017643986
86.016	0.0091185168	-5.8362739	0.018821884
86.144	0.0091507821	-5.8361286	0.019285985
86.272	0.0089176453	-5.8359296	0.019928697
86.4	0.0090883894	-5.8362136	0.019257532
86.528	0.0089453228	-5.8359439	0.019439814
86.656	0.0089937933	-5.8359951	0.01945525
86.784	0.0089669037	-5.8359002	0.017316073
86.912	0.0090300751	-5.835993	0.016851243
87.04	0.0089861039	-5.8362116	0.018158318
87.168	0.0090949922	-5.8361957	0.016889262
87.296	0.0090472284	-5.8365132	0.016936673
87.424	0.008880913	-5.836128	0.017939989
87.552	0.0089578277	-5.8359757	0.017657205
87.68	0.0090777914	-5.8360418	0.017549827
87.808	0.0090225232	-5.8361467	0.019121663
87.936	0.0089358791	-5.8357978	0.019314742
88.064	0.0090374782	-5.8359959	0.018564749
88.192	0.009050109	-5.8363124	0.018961844
88.32	0.0091118919	-5.8361944	0.017636341
88.448	0.0090011083	-5.8361696	0.01810024
88.576	0.0091256902	-5.8365497	0.017560835
88.704	0.008932758	-5.8362438	0.016965449
88.832	0.0089669146	-5.8364115	0.018694082
88.96	0.0090691819	-5.8366142	0.018331076
89.088	0.0089382493	-5.8363568	0.018231567
89.216	0.0089745858	-5.8366722	0.017728045
89.344	0.0088332118	-5.8363498	0.017254099
89.472	0.0089922684	-5.8364971	0.015774007
89.6	0.0090609505	-5.8365236	0.014807529
89.728	0.0088925362	-5.8364698	0.016878384
89.856	0.0088800587	-5.8365934	0.018066382
89.984	0.0088386298	-5.8365092	0.01748592
90.112	0.0090842198	-5.8366149	0.016761921
90.24	0.0088114191	-5.8362627	0.017965543
90.368	0.0088844116	-5.8365164	0.017150657
90.496	0.00881152	-5.836444	0.018780245
90.624	0.0089539982	-5.8362581	0.017668744
90.752	0.0090541504	-5.8363211	0.016369228
90.88	0.0088587484	-5.8361028	0.016462642
91.008	0.0089899625	-5.8361935	0.01610119
91.136	0.0089846931	-5.8362948	0.017320514
91.264	0.0090628748	-5.8364975	0.014815036
91.392	0.0091028949	-5.8365288	0.014887087
91.52	0.0090964687	-5.8364381	0.017284564
91.648	0.0090973396	-5.8368424	0.016151008
91.776	0.0090923707	-5.8365893	0.015307196
91.904	0.0092093278	-5.8367604	0.014360495
92.032	0.0090862574	-5.8368473	0.014955608
92.16	0.0090812297	-5.8367454	0.015074007
92.288	0.0092835615	-5.8369805	0.015767509
92.416	0.0090932325	-5.8369869	0.01651319
92.544	0.0092398971	-5.8368045	0.015306084
92.672	0.0091381141	-5.8367415	0.016210938
92.8	0.009098199	-5.8366469	0.015206886
92.928	0.009070336	-5.8368569	0.016329675
93.056	0.0089933003	-5.8368335	0.018112423
93.184	0.0090592152	-5.8366557	0.017113853
93.312	0.0090259164	-5.8368822	0.016143548
93.44	0.0090611262	-5.8367913	0.015248844
93.568	0.0089324404	-5.8367976	0.017326084
93.696	0.0089649785	-5.8371267	0.016331362
93.824	0.0089773764	-5.8369176	0.012912338
93.952	0.0088546113	-5.8368551	0.01582874
94.08	0.0088576633	-5.8370488	0.018780653
94.208	0.0087970201	-5.8368717	0.01569962
94.336	0.0089780929	-5.8372486	0.014839348
94.464	0.0088796492	-5.8373348	0.015272072
94.592	0.0089846037	-5.8370381	0.015217694
94.72	0.0088565898	-5.8370815	0.01527495
94.848	0.0087466147	-5.837367	0.015329615
94.976	0.0086882087	-5.8374182	0.015714671
95.104	0.0088922504	-5.8373559	0.016338671
95.232	0.0088375839	-5.8373326	0.015436068
95.36	0.0087759257	-5.8373944	0.01473113
95.488	0.0087801297	-5.8372542	0.015452972
95.616	0.0087029232	-5.8372623	0.015634749
95.744	0.009034097	-5.8375678	0.012710018
95.872	0.0088554478	-5.8371234	0.012819383
96	0.0088500502	-5.8370525	0.014908797
96.128	0.0088496405	-5.8369317	0.014585584
96.256	0.0090029423	-5.8370194	0.014986035
96.384	0.0090492652	-5.8372285	0.015531702
96.512	0.0088738035	-5.8369521	0.016241184
96.64	0.009164364	-5.8372864	0.015691026
96.768	0.0092285463	-5.8370834	0.016717388
96.896	0.0092291392	-5.8372757	0.0182163
97.024	0.009135885	-5.8371714	0.019436486
97.152	0.0091108108	-5.8370661	0.018646566
97.28	0.0091110442	-5.8370604	0.018292632
97.408	0.0091389083	-5.8368696	0.019831216
97.536	0.0092515363	-5.8373415	0.018602714
97.664	0.0093911956	-5.837207	0.016131047
97.792	0.0092414186	-5.8369395	0.015803068
97.92	0.0091437924	-5.836922	0.016886636
98.048	0.0090503896	-5.8368055	0.018750009
98.176	0.0091309657	-5.8372484	0.018526425
98.304	0.0090303003	-5.8370913	0.017057498
98.432	0.0091633819	-5.8370924	0.016228733
98.56	0.0089752851	-5.8369504	0.01532948
98.688	0.0090750219	-5.8370882	0.013754419
98.816	0.0090760254	-5.8371421	0.015508302
98.944	0.0090418164	-5.8371253	0.016256393
99.072	0.009172672	-5.837518	0.014575051
99.2	0.0090468803	-5.8373313	0.014499088
99.328	0.0088724425	-5.8371816	0.01420297
99.456	0.0090954182	-5.837605	0.012467613
99.584	0.0087095995	-5.8371764	0.015386265
99.712	0.0089517093	-5.8377845	0.014609745
99.84	0.0089243078	-5.8377908	0.014909882
99.968	0.0087576416	-5.8375281	0.016088617
100.096	0.008901056	-5.8375239	0.014528147
100.224	0.0089076514	-5.8376316	0.013529531
100.352	0.0089384647	-5.8375563	0.012642728
100.48	0.0088501654	-5.8373827	0.012830986
100.608	0.008770096	-5.8374633	0.013913773
100.736	0.0088192162	-5.8374335	0.012278527
100.864	0.0087516259	-5.8373705	0.01330211
100.992	0.0088359896	-5.8376158	0.013577626
101.12	0.0088597241	-5.8375293	0.013185881
101.248	0.0086986679	-5.837601	0.014133546
101.376	0.0087354159	-5.8374719	0.012285233
101.504	0.0088681356	-5.8375621	0.013631769
101.632	0.0087851896	-5.8375431	0.014440986
101.76	0.0089842621	-5.837656	0.013650972
101.888	0.0089209177	-5.8372623	0.014274603
102.016	0.0089297851	-5.8372273	0.014766862
102.144	0.008895777	-5.8373614	0.015581678
102.272	0.0089321529	-5.837284	0.013738435
102.4	0.0087806243	-5.8371896	0.014133424
102.528	0.0090828493	-5.8373159	0.014367431
102.656	0.0090506431	-5.8372226	0.016269211
102.784	0.0090269427	-5.8372604	0.014673878
102.912	0.0091445093	-5.8372827	0.014259118
103.04	0.0089703632	-5.8369107	0.014207573
103.168	0.0092031987	-5.8373604	0.013457766
103.296	0.0091261055	-5.8373926	0.015445324
103.424	0.009239825	-5.8373862	0.014846134
103.552	0.0090600956	-5.8369157	0.015005978
103.68	0.0093195195	-5.8372796	0.014763604
103.808	0.0091530204	-5.8373335	0.014249823
103.936	0.0091439012	-5.8373049	0.014588535
104.064	0.0093315031	-5.837051	0.015099161
104.192	0.0091076934	-5.8371533	0.015280952
104.32	0.0091925531	-5.837245	0.015239674
104.448	0.0090937537	-5.8372662	0.015191431
104.576	0.0092663981	-5.8370836	0.014782254
104.704	0.0093164791	-5.8370511	0.01499909
104.832	0.0090892768	-5.8371142	0.016275564
104.96	0.0091483802	-5.8374506	0.015965065
105.088	0.0091272071	-5.8372112	0.016001292
105.216	0.0091367049	-5.8373782	0.015680648
105.344	0.0091890474	-5.8374513	0.015408945
105.472	0.009084097	-5.8372418	0.015745435
105.6	0.0088649407	-5.837157	0.015019969
105.728	0.0090926559	-5.8375074	0.015247911
105.856	0.0090094682	-5.8373064	0.015820973
105.984	0.0089537227	-5.8372898	0.013883555
106.112	0.0089752608	-5.8373447	0.013111449
106.24	0.0087303056	-5.8373206	0.013523177
106.368	0.0088338244	-5.8377133	0.01357225
106.496	0.0088364261	-5.8376096	0.012794074
106.624	0.0085979183	-5.8371338	0.014091553
106.752	0.0088521003	-5.8373649	0.01346457
106.88	0.0088439908	-5.8374021	0.014130574
107.008	0.0086340269	-5.8374643	0.014542134
107.136	0.0087592194	-5.8376885	0.014624794
107.264	0.008811415	-5.8377467	0.014557631
107.392	0.0088059893	-5.8379023	0.012438344
107.52	0.0087597794	-5.8379365	0.013291189
107.648	0.0087596934	-5.8377967	0.013118734
107.776	0.0086363757	-5.8377486	0.012289473
107.904	0.0088191494	-5.8379279	0.014073043
108.032	0.0087773261	-5.8375833	0.015992695
108.16	0.0089522461	-5.8377405	0.01322887
108.288	0.0089493436	-5.837724	0.012548854
108.416	0.0087803759	-5.837469	0.013885646
108.544	0.0089772735	-5.8376399	0.013681504
108.672	0.008888605	-5.8372732	0.015010394
108.8	0.0090789965	-5.8373597	0.01467854
108.928	0.0091438878	-5.8375156	0.013986593
109.056	0.0089516932	-5.8375663	0.015222989
109.184	0.0090932178	-5.8376163	0.013476519
109.312	0.0090898449	-5.837153	0.015519718
109.44	0.009282394	-5.8371766	0.015086255
109.568	0.0092644873	-5.8373322	0.012415848
109.696	0.0090854936	-5.8371112	0.015722787
109.824	0.0094293999	-5.8373289	0.016228442
109.952	0.0091520453	-5.8367411	0.016548198
110.08	0.0092218933	-5.8369852	0.01689727
110.208	0.0092835462	-5.8372093	0.016717057
110.336	0.0091909993	-5.8372081	0.014965623
110.464	0.009383905	-5.8374306	0.013955981
110.592	0.0091947371	-5.8371885	0.016023188
110.72	0.00926206	-5.8372193	0.015522356
110.848	0.0093478317	-5.8373794	0.014079915
110.976	0.00923001	-5.8373089	0.016787361
111.104	0.0091201911	-5.8372717	0.016490589
111.232	0.0091857554	-5.837415	0.013730658
111.36	0.0091096012	-5.8371809	0.014068777
111.488	0.0090267542	-5.8370877	0.014921516
111.616	0.0090070311	-5.8372152	0.014449282
111.744	0.0090598093	-5.8375036	0.015981336
111.872	0.0090071446	-5.8373909	0.015800146
112	0.0090534446	-5.8373784	0.013282776
112.128	0.0089244545	-5.8374724	0.014252279
112.256	0.0089749347	-5.837529	0.014186692
112.384	0.008724172	-5.8372591	0.014044053
112.512	0.0088395364	-5.8374461	0.012790988
112.64	0.0087848947	-5.8375745	0.012678645
112.768	0.0088062855	-5.8375224	0.014417134
112.896	0.0088855912	-5.8376527	0.013141244
113.024	0.0088808902	-5.83755	0.015465595
113.152	0.0087503398	-5.8375911	0.016591523
113.28	0.008710541	-5.8377138	0.013941618
113.408	0.0086282974	-5.8374319	0.014349676
113.536	0.008653788	-5.837696	0.013796564
113.664	0.0087109621	-5.8377224	0.013127275
113.792	0.0088876188	-5.8378224	0.011156672
113.92	0.0087266106	-5.8377703	0.012933825
114.048	0.0087530172	-5.8371121	0.012896199
114.176	0.0087938689	-5.8373116	0.01360447
114.304	0.009024178	-5.8378436	0.013829479
114.432	0.0087152261	-5.8373869	0.013387422
114.56	0.0089218008	-5.837681	0.014400175
114.688	0.0088820993	-5.837585	0.01375664
114.816	0.0090238554	-5.8375747	0.012947375
114.944	0.0087918046	-5.8371668	0.014994674
115.072	0.0090622605	-5.8375948	0.016041142
115.2	0.0092175725	-5.8376506	0.015854833
115.328	0.0090246051	-5.8373399	0.014970454
115.456	0.0091543068	-5.8373352	0.014089922
115.584	0.0090733329	-5.8374588	0.01550316
115.712	0.0092609351	-5.8374177	0.014339873
115.84	0.0091799638	-5.8370439	0.014015186
115.968	0.009061552	-5.8370111	0.016809299
116.096	0.0091759089	-5.8371303	0.015078379
116.224	0.0090873462	-5.837112	0.016656173
116.352	0.0092005382	-5.8371021	0.016394324
116.48	0.009365143	-5.8374125	0.016349004
116.608	0.0092368661	-5.8370787	0.018098547
116.736	0.0091919796	-5.8369723	0.015212913
116.864	0.009219852	-5.8371169	0.014608131
116.992	0.0090919177	-5.8370473	0.015039893
117.12	0.009233601	-5.8371001	0.015276371
117.248	0.0092735831	-5.8371803	0.015011052
117.376	0.0092818597	-5.8374976	0.013390435
117.504	0.009307815	-5.8373649	0.015261027
117.632	0.0091975932	-5.8374716	0.016327958
117.76	0.009062091	-5.8372606	0.014337548
117.888	0.0090402649	-5.8372114	0.014162435
118.016	0.0091411378	-5.837282	0.015569976
118.144	0.0090068839	-5.8374431	0.014735523
118.272	0.0090245878	-5.8376764	0.013897539
118.4	0.0089523798	-5.8374872	0.015115611
118.528	0.0088765221	-5.8375563	0.013039418
118.656	0.0089269759	-5.8377428	0.011122538
118.784	0.0088044839	-5.8374126	0.012315118
118.912	0.0088104139	-5.8372886	0.014226185
119.04	0.0087271561	-5.837274	0.015302998
119.168	0.0088689125	-5.8377337	0.014440093
119.296	0.0087651036	-5.8374463	0.012417075
119.424	0.0087804481	-5.8375401	0.014084448
119.552	0.0088078899	-5.8375773	0.014390891
119.68	0.0087969772	-5.8377275	0.014318232
119.808	0.0087440667	-5.8377589	0.014640245
119.936	0.0088453591	-5.8377088	0.013169067
120.064	0.0087335796	-5.8375465	0.012539399
120.192	0.0088841385	-5.8378482	0.011545648
120.32	0.0086831328	-5.8373378	0.013703402
120.448	0.0089933837	-5.8375768	0.012299807
120.576	0.0089176835	-5.837486	0.014473082
120.704	0.008624841	-5.8373512	0.016014084
120.832	0.0089335315	-5.8375389	0.014283929
120.96	0.0090179414	-5.8377066	0.015081802
121.088	0.0089712405	-5.8375003	0.015005409
121.216	0.0090749536	-5.8380105	0.013507368
121.344	0.0089386464	-5.837305	0.016051511
121.472	0.008856836	-5.8370718	0.018464078
121.6	0.0090561716	-5.8373034	0.017197946
121.728	0.0090263814	-5.8370971	0.015579668
121.856	0.0090027934	-5.8370606	0.015760389
121.984	0.0092123537	-5.8374964	0.013321332
122.112	0.0091758424	-5.8372735	0.014607428
122.24	0.0093131395	-5.8372643	0.014430989
122.368	0.0091046862	-5.8371057	0.013154499
122.496	0.0093421796	-5.8374111	0.013458548
122.624	0.0090447343	-5.8369202	0.015916068
122.752	0.0093061469	-5.8371619	0.014864619
122.88	0.0092210667	-5.8369358	0.014559416
123.008	0.0091728633	-5.8369729	0.015639216
123.136	0.0091738715	-5.836913	0.016471924
123.264	0.0092834401	-5.8373304	0.014285981
123.392	0.0093685158	-5.8374484	0.0162619
123.52	0.009154295	-5.8372032	0.016782394
123.648	0.0091815276	-5.8372154	0.014362732
123.776	0.0090704972	-5.8370208	0.016711864
123.904	0.009041328	-5.8370173	0.015734284
124.032	0.0091737721	-5.8371919	0.013086924
124.16	0.0090309028	-5.8372771	0.01415435
124.288	0.0091066689	-5.8374571	0.015273394
124.416	0.0090291135	-5.8373142	0.016373277
124.544	0.0089109127	-5.8372666	0.01665475
124.672	0.0089762197	-5.8375049	0.015229856
124.8	0.0088355786	-5.8373881	0.015976752
124.928	0.0089889778	-5.837705	0.015428728
125.056	0.0088671141	-5.8375316	0.015884755
125.184	0.0086036906	-5.8372209	0.016148552
125.312	0.0089063798	-5.8374664	0.015416671
125.44	0.0088392108	-5.8375977	0.014694807
125.568	0.0088450894	-5.8375653	0.012716849
125.696	0.0088343162	-5.8374917	0.013258659
125.824	0.0087729031	-5.8374996	0.013422941
125.952	0.0086969857	-5.837397	0.012927282
126.08	0.0086153223	-5.8373411	0.014995135
126.208	0.0089368796	-5.8378704	0.014198785
126.336	0.0087179937	-5.8374774	0.01432725
126.464	0.0087205217	-5.8374835	0.012928756
126.592	0.008700187	-5.8374369	0.013790193
126.72	0.0088023644	-5.8374409	0.014859559
126.848	0.0088763018	-5.8376332	0.01466659
126.976	0.0088316897	-5.8374845	0.013560385
127.104	0.0087739449	-5.8374897	0.014133383
127.232	0.009052225	-5.8376939	0.013820483
127.36	0.0089822699	-5.8375489	0.014355302
127.488	0.0089416756	-5.8373251	0.013313392
127.616	0.0089489812	-5.8374814	0.013147921
127.744	0.0090665263	-5.8374957	0.014459438
127.872	0.0090990305	-5.8373418	0.013285017
128	0.0090455178	-5.8372026	0.01613248
128.128	0.0090321079	-5.8372882	0.017377385
128.256	0.0091511674	-5.837341	0.013448554
128.384	0.0092178029	-5.8371274	0.013640812
128.512	0.0091267824	-5.8372077	0.014636376
128.64	0.0091998086	-5.8371562	0.013669698
128.768	0.0092272983	-5.8372372	0.014840392
128.896	0.0092302228	-5.837222	0.015263089
129.024	0.0091902431	-5.8371583	0.015666849
129.152	0.0092316454	-5.837301	0.01734407
129.28	0.0091217967	-5.8371973	0.014653713
129.408	0.009267208	-5.8372883	0.016178892
129.536	0.0092457537	-5.8371801	0.017212716
129.664	0.0090924645	-5.8369851	0.014748858
129.792	0.0091433239	-5.8369862	0.016621137
129.92	0.0091632991	-5.8371433	0.01743392
130.048	0.0091677334	-5.8371749	0.015944046
130.176	0.0091244209	-5.8373001	0.015113295
130.304	0.009185286	-5.8373429	0.014875945
130.432	0.0089602643	-5.837249	0.014940378
130.56	0.0091592274	-5.8374368	0.013450713
130.688	0.0090307492	-5.8374322	0.013661537
130.816	0.0089356123	-5.837263	0.014801476
130.944	0.009017447	-5.8376548	0.015409538
131.072	0.0089820674	-5.8376513	0.014068614
131.2	0.008929586	-5.8374319	0.014943004
131.328	0.0089817684	-5.8375572	0.014575659
131.456	0.0087511456	-5.8372073	0.012246077
131.584	0.0088657295	-5.8375668	0.011063731
131.712	0.0086412281	-5.8374006	0.012040651
131.84	0.008854125	-5.8377573	0.012128267
131.968	0.0086981417	-5.8377429	0.014563729
132.096	0.0088293612	-5.8377835	0.015223288
132.224	0.008659512	-5.8375677	0.013596358
132.352	0.0087257695	-5.8377418	0.011142449
132.48	0.0088405247	-5.8376075	0.012357356
132.608	0.0087531881	-5.8374919	0.014533112
132.736	0.0088419904	-5.837609	0.013033592
132.864	0.0086676533	-5.8376054	0.012804199
132.992	0.0087621333	-5.8376667	0.011370677
133.12	0.0087395775	-5.8375997	0.011790745
133.248	0.0088725228	-5.8376819	0.014269473
133.376	0.0087563188	-5.8374715	0.014484241
133.504	0.0089462109	-5.8376449	0.012914254
133.632	0.0089575628	-5.8376325	0.014620398
133.76	0.0090284818	-5.8375202	0.01555673
133.888	0.0089167968	-5.8373181	0.01599863
134.016	0.0090295645	-5.8373632	0.015783929
134.144	0.0091186199	-5.8373054	0.014955404
134.272	0.0090460788	-5.8370282	0.016737429
134.4	0.0091455443	-5.8372174	0.016628637
134.528	0.0091528684	-5.8372901	0.015350016
134.656	0.0090502506	-5.8370297	0.014764743
134.784	0.0091468843	-5.8372504	0.014775119
134.912	0.0092818716	-5.8371024	0.014972896
135.04	0.0091596749	-5.8370498	0.0160192
135.168	0.0091530523	-5.8369891	0.015664785
135.296	0.0093682789	-5.837269	0.015009843
135.424	0.0092384993	-5.8372981	0.014325062
135.552	0.0091320746	-5.8370608	0.016846262
135.68	0.0092782881	-5.8370733	0.016123964
135.808	0.0093768664	-5.8372752	0.012559479
135.936	0.0090610045	-5.8369207	0.015042291
136.064	0.009177035	-5.8372068	0.015094606
136.192	0.0091693057	-5.8369741	0.014876442
136.32	0.0092964751	-5.8372681	0.016006516
136.448	0.0089096506	-5.8372224	0.016944362
136.576	0.0093362125	-5.8374458	0.015087806
136.704	0.0090414959	-5.8375412	0.016238775
136.832	0.0090741611	-5.8373978	0.016466844
136.96	0.0091153687	-5.8377448	0.014285453
137.088	0.0087513791	-5.8373576	0.014085139
137.216	0.0090236571	-5.8377002	0.014988665
137.344	0.0090445938	-5.8376233	0.015678483
137.472	0.009043625	-5.8374035	0.014084705
137.6	0.0089925257	-5.8375919	0.012937603
137.728	0.0085817794	-5.8370904	0.014734754
137.856	0.0089457872	-5.837468	0.014026578
137.984	0.0087158605	-5.8373877	0.013713916
138.112	0.0088642865	-5.8375338	0.013478636
138.24	0.0089033624	-5.8378631	0.014236331
138.368	0.008574588	-5.8375252	0.014580472
138.496	0.0087534959	-5.8377739	0.015303159
138.624	0.0088987556	-5.8378999	0.012187155
138.752	0.0087474364	-5.8375893	0.013596527
138.88	0.0086532408	-5.83755	0.014305578
139.008	0.0087606758	-5.8376099	0.014328534
139.136	0.008717885	-5.8375071	0.015312794
139.264	0.0088725434	-5.837528	0.012381854
139.392	0.0087802496	-5.8374596	0.012861723
139.52	0.0087837892	-5.8375222	0.014603783
139.648	0.0087421065	-5.837486	0.013574281
139.776	0.0089007423	-5.8375639	0.012770546
139.904	0.0088458742	-5.8373743	0.013921866
140.032	0.008829721	-5.8371906	0.01394833
140.16	0.0091466287	-5.8374282	0.013462786
140.288	0.0089332914	-5.8373012	0.014181108
140.416	0.008866463	-5.8373765	0.014244104
140.544	0.0091475753	-5.8372904	0.014566592
140.672	0.0092019469	-5.8372548	0.015500283
140.8	0.009066314	-5.8371694	0.015509152
140.928	0.0091512887	-5.8372482	0.015512846
141.056	0.0091930329	-5.8372522	0.01374756
141.184	0.009290353	-5.8374046	0.012457336
141.312	0.0092826875	-5.8373813	0.016046618
141.44	0.0093034888	-5.8371836	0.015401348
141.568	0.0091325711	-5.8369899	0.013713372
141.696	0.009231116	-5.8371566	0.013454746
141.824	0.0093186444	-5.8373232	0.013818916
141.952	0.0092121908	-5.8370967	0.016261118
142.08	0.0093480273	-5.8373293	0.01767638
142.208	0.0091969082	-5.8373186	0.016575254
142.336	0.0092113112	-5.8372933	0.015554678
142.464	0.009285603	-5.837273	0.015149357
142.592	0.0090976456	-5.8371327	0.014931001
142.72	0.0092737068	-5.8374919	0.014628674
142.848	0.0090090079	-5.8372397	0.015272476
142.976	0.0091583772	-5.8374271	0.014069481
143.104	0.0090349071	-5.837327	0.015889697
143.232	0.0089968183	-5.8373466	0.016268847
143.36	0.0089512152	-5.8375032	0.015189446
143.488	0.0088669944	-5.8371692	0.0169135
143.616	0.0089862881	-5.8375436	0.012923053
143.744	0.0088089464	-5.8374696	0.012903665
143.872	0.0089237588	-5.8374887	0.014336861
144	0.0088357688	-5.8375488	0.015227922
144.128	0.0086873536	-5.8372881	0.016296408
144.256	0.0088740594	-5.8376157	0.013341719
144.384	0.0087441781	-5.8375046	0.015431074
144.512	0.0087518642	-5.8376447	0.01663112
144.64	0.0087542387	-5.8376286	0.015133077
144.768	0.0087233228	-5.837511	0.014560684
144.896	0.008900821	-5.8377793	0.012497736
145.024	0.0086713357	-5.8376301	0.012052399
145.152	0.0085590886	-5.8373008	0.013300603
145.28	0.0088732932	-5.8378142	0.014221934
145.408	0.0087807798	-5.8377837	0.01438304
145.536	0.008723236	-5.8375729	0.013900831
145.664	0.0089309955	-5.8375737	0.013222383
145.792	0.0085814108	-5.8372557	0.01308119
145.92	0.0088003247	-5.8374777	0.013241147
146.048	0.0090425677	-5.8377519	0.013299107
146.176	0.0087594041	-5.8372952	0.013943424
146.304	0.0088882308	-5.8373663	0.014715459
146.432	0.0089927582	-5.8377438	0.012751146
146.56	0.0089417893	-5.8374029	0.015098631
146.688	0.0092669731	-5.8378563	0.015009823
146.816	0.0090897075	-5.8373566	0.013722461
146.944	0.0091494537	-5.8372418	0.014264333
147.072	0.0090707566	-5.837103	0.016292765
147.2	0.0092902078	-5.8373068	0.014022592
147.328	0.009187645	-5.8371685	0.014774079
147.456	0.0092552266	-5.8372952	0.015876268
147.584	0.0093287504	-5.8370393	0.016283766
147.712	0.0091566496	-5.8372866	0.013450463
147.84	0.0093581968	-5.8375144	0.013535077
147.968	0.0092219334	-5.8372979	0.016410476
148.096	0.0092465784	-5.8373382	0.014878809
148.224	0.0092914599	-5.8370298	0.015161086
148.352	0.0093338834	-5.8373987	0.014650395
148.48	0.0091596492	-5.8372638	0.014422359
148.608	0.0092510366	-5.8372303	0.015537824
148.736	0.0092249077	-5.8370209	0.015267108
148.864	0.0091326669	-5.8368634	0.014510936
148.992	0.0092153506	-5.837086	0.014906943
149.12	0.0091463762	-5.8373622	0.013440443
149.248	0.0092081266	-5.837268	0.013611575
149.376	0.0089604698	-5.8373337	0.016568312
149.504	0.0090404583	-5.8376068	0.016817231
149.632	0.0088295568	-5.8374499	0.018629597
149.76	0.0090965463	-5.8375858	0.015426718
149.888	0.0088392562	-5.8374241	0.013565426
150.016	0.0089911727	-5.8374119	0.015267123
150.144	0.0090001671	-5.8377253	0.01453265
150.272	0.0088538727	-5.8373335	0.014447285
150.4	0.008712092	-5.8374444	0.015791538
150.528	0.0088615974	-5.837778	0.013607174
150.656	0.0087625405	-5.8377659	0.012518982
150.784	0.0087174596	-5.8376369	0.01287307
150.912	0.0087932636	-5.8376149	0.013203678
151.04	0.008789229	-5.8378731	0.012178583
151.168	0.0086914002	-5.8378296	0.01360218
151.296	0.0088204289	-5.8378223	0.012769286
151.424	0.0087881741	-5.8376277	0.011484925
151.552	0.0086684383	-5.8374366	0.012889319
151.68	0.0087530311	-5.837627	0.012920804
151.808	0.0087776075	-5.8377208	0.013360654
151.936	0.0089133986	-5.8376451	0.012474584
152.064	0.0088490783	-5.8376678	0.014028721
152.192	0.0086550029	-5.8374341	0.014308914
152.32	0.0088754753	-5.8375402	0.014700924
152.448	0.0090017724	-5.8376224	0.012584688
152.576	0.0090085235	-5.8375135	0.014135192
152.704	0.0088856916	-5.8372794	0.01633956
152.832	0.0088436763	-5.8373014	0.015011208
152.96	0.009042035	-5.837445	0.016101465
153.088	0.0091797405	-5.8374823	0.014330532
153.216	0.0091956509	-5.8373911	0.014272448
153.344	0.0091306678	-5.8374262	0.015371788
153.472	0.0091480997	-5.8371905	0.016093982
153.6	0.0091450779	-5.8371676	0.016555512
153.728	0.0092106755	-5.837279	0.013389814
153.856	0.009330048	-5.8369424	0.014181307
153.984	0.0091516738	-5.837058	0.015117053
154.112	0.0092139961	-5.8373145	0.014957427
154.24	0.0093182043	-5.8371637	0.014496428
154.368	0.0091982962	-5.8370912	0.016761609
154.496	0.0093167623	-5.8372461	0.016550482
154.624	0.0091394697	-5.8370315	0.014646251
154.752	0.009208709	-5.837066	0.015426042
154.88	0.0092274354	-5.8373458	0.015775133
155.008	0.0091128468	-5.8372627	0.014796007
155.136	0.00933749	-5.8375855	0.014588194
155.264	0.0091095477	-5.8372886	0.015951738
155.392	0.0090472462	-5.8371905	0.014994156
155.52	0.0090566818	-5.8372473	0.014931001
155.648	0.0091081955	-5.837431	0.013550592
155.776	0.0090135303	-5.8374008	0.013227511
155.904	0.0089665101	-5.8374198	0.014551285
156.032	0.0089580265	-5.8376591	0.015567473
156.16	0.0090030896	-5.8376947	0.015217978
156.288	0.0089000892	-5.8374836	0.013936662
156.416	0.0088870139	-5.8376151	0.014248079
156.544	0.0087746969	-5.8373735	0.012469343
156.672	0.0088702428	-5.8377014	0.012512495
156.8	0.0088200907	-5.8375663	0.012184237
156.928	0.0088226625	-5.8375659	0.012049987
157.056	0.0086457516	-5.8376455	0.01373339
157.184	0.0086365603	-5.8374702	0.014964951
157.312	0.0087560234	-5.8373809	0.014515073
157.44	0.0086745797	-5.8372577	0.014433639
157.568	0.0086958006	-5.8376881	0.013861612
157.696	0.0088351084	-5.8378789	0.015489497
157.824	0.0088051783	-5.8376106	0.016512766
157.952	0.0088014726	-5.8376107	0.015931769
158.08	0.008777925	-5.8372033	0.014714119
158.208	0.0087786345	-5.8373145	0.013675204
158.336	0.0088801216	-5.8373569	0.013868204
158.464	0.0088638024	-5.8375878	0.012474189
158.592	0.0089441602	-5.8373077	0.013166264
158.72	0.0088928656	-5.8374287	0.013261766
158.848	0.0087844417	-5.8374237	0.013667326
158.976	0.0089120077	-5.8376966	0.014638901
159.104	0.009043977	-5.8377848	0.015000689
159.232	0.0089875828	-5.8375827	0.014839466
159.36	0.009193992	-5.8376958	0.014250418
159.488	0.0090732021	-5.8375725	0.014897352
159.616	0.0091872155	-5.8372206	0.015592173
159.744	0.0091474026	-5.8372552	0.015930941
159.872	0.0091223767	-5.8372813	0.015316624
160	0.0092175209	-5.8371575	0.013765531
160.128	0.0092726174	-5.8371511	0.015702415
160.256	0.0092950802	-5.8370105	0.015696769
160.384	0.0090498995	-5.8370948	0.015115825
160.512	0.0092736668	-5.8367828	0.014538364
160.64	0.0091512997	-5.8366794	0.014094679
160.768	0.0092591247	-5.8370752	0.016334686
160.896	0.0093385377	-5.8371999	0.012861808
161.024	0.0093633555	-5.8371972	0.012797614
161.152	0.0091089027	-5.8368699	0.016363148
161.28	0.009201559	-5.8373465	0.014303779
161.408	0.0091723895	-5.8373889	0.014722195
161.536	0.0090559363	-5.8370985	0.016009512
161.664	0.0091257996	-5.8370902	0.014901115
161.792	0.0090771745	-5.837362	0.01544805
161.92	0.0091734843	-5.8373474	0.015319971
162.048	0.0089190258	-5.8372875	0.015932116
162.176	0.0089394603	-5.8373027	0.015781673
162.304	0.0089677055	-5.8374093	0.014864311
162.432	0.0089202926	-5.8374722	0.015571703
162.56	0.0090433048	-5.8378056	0.013487469
162.688	0.0089053071	-5.8377947	0.013118141
162.816	0.0088602298	-5.8376594	0.014288554
162.944	0.0088210471	-5.8377295	0.01302841
163.072	0.0087962601	-5.8378917	0.012678069
163.2	0.0086462642	-5.8376329	0.015353411
163.328	0.0087846663	-5.837675	0.015289881
163.456	0.0087012934	-5.8377998	0.013285971
163.584	0.0086033588	-5.8374322	0.01408918
163.712	0.0089692616	-5.8377092	0.014103146
163.84	0.0087535467	-5.8375124	0.014296068
163.968	0.0087682533	-5.8376418	0.013641167
164.096	0.0086606266	-5.8376177	0.013766519
164.224	0.0088522257	-5.8378749	0.014991832
164.352	0.0086570956	-5.837781	0.015694031
164.48	0.0089125633	-5.8377192	0.012620816
164.608	0.0088254328	-5.8375344	0.012654339
164.736	0.0089220643	-5.8376578	0.014044918
164.864	0.008730495	-5.8376804	0.013915024
164.992	0.0090248898	-5.8377221	0.014762407
165.12	0.0089273476	-5.8373507	0.014233889
165.248	0.0088347496	-5.837466	0.013748252
165.376	0.0088944411	-5.8375865	0.014101971
165.504	0.0090558779	-5.8375731	0.014398725
165.632	0.0090764564	-5.8374683	0.013762348
165.76	0.0091595433	-5.8373626	0.01438345
165.888	0.0091508088	-5.8373405	0.017319729
166.016	0.0091010585	-5.8371493	0.017961651
166.144	0.0091176433	-5.8372568	0.01672321
166.272	0.0091393083	-5.8371732	0.015925866
166.4	0.0091568644	-5.8370288	0.015679263
166.528	0.009312232	-5.8374062	0.013250945
166.656	0.0091499848	-5.8371039	0.014583988
166.784	0.0092676634	-5.8370987	0.015725928
166.912	0.0092961446	-5.8372346	0.015268085
167.04	0.0092877789	-5.8371147	0.013804429
167.168	0.0092236612	-5.8372195	0.015168171
167.296	0.0093257203	-5.8373016	0.014172802
167.424	0.0091926807	-5.8371441	0.01328455
167.552	0.0092173664	-5.8373371	0.013579014
167.68	0.0090489834	-5.8373941	0.013520445
167.808	0.0091966405	-5.8374686	0.013791813
167.936	0.0091440482	-5.8374924	0.013972458
168.064	0.0090781915	-5.837373	0.014849324
168.192	0.0090182905	-5.8372376	0.01604477
168.32	0.0090831193	-5.8370881	0.014482703
168.448	0.0089763706	-5.8372932	0.013691302
168.576	0.0090139091	-5.8375877	0.01467633
168.704	0.008992677	-5.8375953	0.013727291
168.832	0.0089116049	-5.8373928	0.012093375
168.96	0.0088731167	-5.8373797	0.011475484
169.088	0.0089516765	-5.837466	0.01240508
169.216	0.008743514	-5.8373612	0.014960601
169.344	0.0088077359	-5.8376323	0.016919929
169.472	0.0087881645	-5.8376555	0.015393473
169.6	0.0087058057	-5.8374714	0.016784919
169.728	0.0088855678	-5.8377651	0.014378426
169.856	0.0087759064	-5.8375266	0.013623719
169.984	0.0088225148	-5.8376421	0.014137985
170.112	0.0086316824	-5.8372621	0.012469358
170.24	0.0087460987	-5.8375924	0.012354825
170.368	0.0087268034	-5.8376653	0.01357813
170.496	0.0085737395	-5.8372938	0.015617895
170.624	0.0088025135	-5.8376755	0.014813458
170.752	0.0087404995	-5.8375413	0.012840713
170.88	0.0089756678	-5.8376454	0.014320117
171.008	0.0087834395	-5.8376352	0.01477656
171.136	0.0088556048	-5.8376847	0.013363407
171.264	0.0088407138	-5.8375864	0.015806491
171.392	0.0088862233	-5.837632	0.016217419
171.52	0.0088931308	-5.8374653	0.01456624
171.648	0.0090481913	-5.8373938	0.013305201
171.776	0.0089502682	-5.8372895	0.014081722
171.904	0.0091602887	-5.8374418	0.015902789
172.032	0.0090050352	-5.8372279	0.015110977
172.16	0.0090139974	-5.8372307	0.014243827
172.288	0.0092132675	-5.8373281	0.015141265
172.416	0.0091902956	-5.8371924	0.016150162
172.544	0.0090950498	-5.8369537	0.014976622
172.672	0.0094036696	-5.83725	0.014409625
172.8	0.0091689982	-5.8369667	0.014634862
172.928	0.0091259881	-5.8367819	0.013338425
173.056	0.0093617344	-5.8375312	0.015223998
173.184	0.0090890768	-5.8370354	0.016602162
173.312	0.009401029	-5.8373681	0.014830196
173.44	0.0090725608	-5.8372301	0.015680633
173.568	0.0091903625	-5.8373681	0.014818448
173.696	0.0092649521	-5.8373396	0.015549462
173.824	0.0091376213	-5.8370281	0.01595284
173.952	0.0091538486	-5.8370788	0.016388462
174.08	0.0092112443	-5.8373434	0.01633834
174.208	0.0092518937	-5.8374501	0.014407963
174.336	0.0090626836	-5.8371355	0.014862155
174.464	0.0092558288	-5.8375796	0.01392899
174.592	0.0088556126	-5.8372526	0.015747222
174.72	0.0090868258	-5.8375275	0.013997543
174.848	0.0090971496	-5.837383	0.013507427
174.976	0.0089677604	-5.8374193	0.013104933
175.104	0.0087481352	-5.8371584	0.013503322
175.232	0.0089421023	-5.8375855	0.013270219
175.36	0.0089740006	-5.8375691	0.012341258
175.488	0.0087493472	-5.8374235	0.015520162
175.616	0.008759038	-5.837608	0.016242114
175.744	0.0088462504	-5.8376679	0.015533935
175.872	0.0088793888	-5.8375891	0.015820414
176	0.0086763701	-5.8373796	0.015174479
176.128	0.0088512198	-5.8376968	0.014852386
176.256	0.0088258659	-5.8378175	0.01465699
176.384	0.0088504756	-5.8377598	0.013964001
176.512	0.0087494844	-5.8376778	0.013157799
176.64	0.0088267016	-5.8375666	0.013629878
176.768	0.0086693021	-5.8375355	0.015244458
176.896	0.0088168904	-5.8374334	0.014351507
177.024	0.0088403383	-5.8374377	0.014346273
177.152	0.0088037354	-5.8373059	0.014723065
177.28	0.0089180442	-5.8376474	0.013985577
177.408	0.0087370432	-5.8373552	0.014725421
177.536	0.0088332436	-5.8373759	0.013308103
177.664	0.0089934683	-5.8375483	0.013499122
177.792	0.0089828242	-5.8374319	0.014920133
177.92	0.008898404	-5.8374086	0.012441158
178.048	0.0090965103	-5.8376744	0.012773223
178.176	0.0089634114	-5.8373041	0.015303211
178.304	0.009084795	-5.8374908	0.014742892
178.432	0.0091516871	-5.8371935	0.01486903
178.56	0.0092205826	-5.8374778	0.013817078
178.688	0.0090346867	-5.8371967	0.016502741
178.816	0.0091820612	-5.8373272	0.017923371
178.944	0.0090699292	-5.8369249	0.01602976
179.072	0.0092557351	-5.8372467	0.014296293
179.2	0.0092749151	-5.8371147	0.014743983
179.328	0.0092087769	-5.8371841	0.014050154
179.456	0.009128887	-5.8373369	0.013912578
179.584	0.0093914317	-5.8374115	0.015494811
179.712	0.0091574064	-5.8371995	0.016335925
179.84	0.0092396488	-5.8373328	0.016254068
179.968	0.009255464	-5.8372046	0.014577171
180.096	0.0090910027	-5.8370298	0.015102921
180.224	0.0093601148	-5.8373449	0.013789313
180.352	0.009171054	-5.8371073	0.015458202
180.48	0.0091295899	-5.8370425	0.016351887
180.608	0.0091047313	-5.8371383	0.015019963
180.736	0.0090621368	-5.8369312	0.013930536
180.864	0.0090796235	-5.837173	0.014345716
180.992	0.0090311893	-5.8372906	0.015735379
181.12	0.0090352872	-5.8375739	0.014120413
181.248	0.0089215225	-5.8374946	0.012972254
181.376	0.0089923754	-5.8372315	0.013065606
181.504	0.0089192247	-5.837228	0.01386979
181.632	0.0088788969	-5.8373525	0.015527095
181.76	0.0089614194	-5.8374525	0.014976785
181.888	0.0087629527	-5.8373461	0.01361522
182.016	0.0089240586	-5.8375798	0.014591306
182.144	0.0088167463	-5.8378065	0.014224573
182.272	0.0087028559	-5.8376759	0.012863065
182.4	0.0088112634	-5.837727	0.016049277
182.528	0.0085801614	-5.8374687	0.015978415
182.656	0.0087939366	-5.8377288	0.012995302
182.784	0.0087687511	-5.8376264	0.01372544
182.912	0.0086587161	-5.8377333	0.015564835
183.04	0.0089816253	-5.8379482	0.012602409
183.168	0.0086045801	-5.8375442	0.014100043
183.296	0.0087040151	-5.8373249	0.014229619
183.424	0.0087788297	-5.8376072	0.015314898
183.552	0.0089726301	-5.8380713	0.013128895
183.68	0.0088271667	-5.8377081	0.013923038
183.808	0.0086735304	-5.8375554	0.015038913
183.936	0.0089039022	-5.8375741	0.01348592
184.064	0.0090848408	-5.8375315	0.013587737
184.192	0.0089949369	-5.8371795	0.014533424
184.32	0.0089527582	-5.8371927	0.013065237
184.448	0.0090164308	-5.8372726	0.014278359
184.576	0.0092718525	-5.8376314	0.014867234
184.704	0.0090785243	-5.8374394	0.013613939
184.832	0.0090114309	-5.8373719	0.014589134
184.96	0.0091004335	-5.8371358	0.016766482
185.088	0.0091316016	-5.8371977	0.014108857
185.216	0.009303727	-5.8370899	0.014630435
185.344	0.0091706417	-5.8370634	0.016039122
185.472	0.0091765931	-5.8371878	0.014720773
185.6	0.0090987604	-5.8369741	0.015559543
185.728	0.0092491041	-5.8371476	0.016169416
185.856	0.0094461613	-5.8374884	0.014197067
185.984	0.009218165	-5.8372806	0.015784038
186.112	0.0092201493	-5.8371467	0.015174642
186.24	0.0092634604	-5.837165	0.014531686
186.368	0.0093195577	-5.8374799	0.014839099
186.496	0.0090819411	-5.8371513	0.015476826
186.624	0.0091910572	-5.8371321	0.016880309
186.752	0.009238762	-5.8370143	0.01544307
186.88	0.009138426	-5.837016	0.0138468
187.008	0.0090178535	-5.8372988	0.013535236
187.136	0.0090768146	-5.8373724	0.014152979
187.264	0.0091265252	-5.8375332	0.014838024
187.392	0.0089013251	-5.8372696	0.016269513
187.52	0.0089141983	-5.8372199	0.014809772
187.648	0.0090041552	-5.8375471	0.015054214
187.776	0.0087716912	-5.8371991	0.015691094
187.904	0.0090949511	-5.8376168	0.012482579
188.032	0.0088350176	-5.8375294	0.014518708
188.16	0.0087774891	-5.8373784	0.014973035
188.288	0.0088040088	-5.8374537	0.015326872
188.416	0.0088969394	-5.8374417	0.014604394
188.544	0.0088896816	-5.837851	0.01389728
188.672	0.0087825613	-5.837815	0.012960214
188.8	0.008717519	-5.8376789	0.01281675
188.928	0.0086923285	-5.8377137	0.012882197
189.056	0.0086754215	-5.8375051	0.013991766
189.184	0.0088959399	-5.8378134	0.013585547
189.312	0.0088280608	-5.8377963	0.014135889
189.44	0.0086373359	-5.8372924	0.014830672
189.568	0.008764815	-5.8373444	0.016072073
189.696	0.0087928265	-5.8374493	0.016169509
189.824	0.0086878052	-5.8374665	0.014561153
189.952	0.0089410141	-5.837702	0.013721846
190.08	0.0087817721	-5.8375502	0.014095244
190.208	0.0088020254	-5.8375674	0.013692896
190.336	0.0088071694	-5.8373004	0.013435213
190.464	0.0090504116	-5.8373846	0.01472211
190.592	0.0089786364	-5.8373755	0.015332824
190.72	0.009122471	-5.8374405	0.014007873
190.848	0.0089964275	-5.8372571	0.015696022
190.976	0.009062946	-5.8370685	0.014013456
191.104	0.0091045058	-5.8370845	0.015405803
191.232	0.0090893925	-5.8370937	0.01507517
191.36	0.0091628879	-5.8373632	0.014115064
191.488	0.0091134234	-5.8372133	0.015440103
191.616	0.0092921778	-5.8374214	0.014711759
191.744	0.0091931748	-5.8370902	0.013655603
191.872	0.0091331383	-5.8370371	0.013791452
192	0.0091594035	-5.8369471	0.015551974
192.128	0.009225825	-5.8370957	0.017648852
192.256	0.0092696813	-5.8373606	0.014885685
192.384	0.0090575735	-5.837065	0.014936166
192.512	0.0092134148	-5.8371978	0.014660915
192.64	0.0093503567	-5.8375715	0.014021276
192.768	0.0093483009	-5.8376437	0.015653054
192.896	0.0090959403	-5.8372143	0.016445641
193.024	0.0091908674	-5.8375139	0.016213047
193.152	0.0092042386	-5.837506	0.015796998
193.28	0.0090760992	-5.8372868	0.014563427
193.408	0.0090621019	-5.8373671	0.013541683
193.536	0.0090217862	-5.8374741	0.012943649
193.664	0.0090920468	-5.8377443	0.013264368
193.792	0.0088889969	-5.8374306	0.015524378
193.92	0.0091239387	-5.8376735	0.012797106
194.048	0.0089085825	-5.837351	0.014740888
194.176	0.0089411603	-5.8375359	0.014148174
194.304	0.0087111118	-5.8373851	0.015125111
194.432	0.0088354378	-5.8373957	0.01565332
194.56	0.0088238528	-5.8374807	0.015000974
194.688	0.0090343212	-5.8377185	0.01435238
194.816	0.0088381961	-5.8374214	0.014377207
194.944	0.0086272357	-5.8374152	0.015614495
195.072	0.0087743088	-5.8377669	0.014023157
195.2	0.0087709342	-5.8376586	0.013375031
195.328	0.008766896	-5.8374544	0.014528734
195.456	0.00874759	-5.8375026	0.014492072
195.584	0.008896925	-5.8376938	0.011520726
195.712	0.0085633048	-5.837261	0.013458837
195.84	0.0087609083	-5.8374973	0.01529852
195.968	0.0087531332	-5.8373661	0.013691564
196.096	0.0090031506	-5.8376439	0.013059524
196.224	0.0087439867	-5.8372469	0.014566727
196.352	0.0088299864	-5.8375927	0.014040933
196.48	0.0090174063	-5.837689	0.014098791
196.608	0.0089881275	-5.8377162	0.013357911
196.736	0.0088549301	-5.8373919	0.015196998
196.864	0.008930481	-5.8373937	0.013926148
196.992	0.0090959133	-5.8376222	0.012738187
197.12	0.0088825961	-5.8373431	0.015295457
197.248	0.0090937801	-5.8373423	0.01393249
197.376	0.0090823899	-5.8371581	0.014771287
197.504	0.0090427887	-5.8371627	0.014782379
197.632	0.0092834918	-5.8373193	0.014732664
197.76	0.0092730201	-5.8372872	0.016621643
197.888	0.00911189	-5.8371979	0.014386271
198.016	0.009139306	-5.8369396	0.014127111
198.144	0.0091230106	-5.837065	0.015731665
198.272	0.0093093632	-5.8373065	0.013931066
198.4	0.0092364203	-5.8372333	0.014726082
198.528	0.0092570768	-5.8369685	0.015409379
198.656	0.0091699098	-5.837106	0.014996098
198.784	0.009377034	-5.8375035	0.015913335
198.912	0.0091791257	-5.837241	0.014962907
199.04	0.0092091918	-5.8371338	0.013802514
199.168	0.0091526755	-5.837077	0.013949592
199.296	0.0092120287	-5.837318	0.015621257
199.424	0.0091152185	-5.8371895	0.016062983
199.552	0.0091694552	-5.837069	0.013723398
199.68	0.0091686136	-5.8370808	0.015412035
199.808	0.0090502889	-5.8372172	0.014828278
199.936	0.0090172431	-5.83718	0.013213175
200.064	0.0089883618	-5.837437	0.012285392
200.192	0.0091081192	-5.8375922	0.013923611
200.32	0.0088832838	-5.8375433	0.013638884
200.448	0.008983588	-5.8376351	0.012392603
200.576	0.0088543648	-5.837575	0.013840555
200.704	0.0088737314	-5.837668	0.015500028
200.832	0.0088846046	-5.837701	0.016419173
200.96	0.0089327229	-5.8377608	0.015287661
201.088	0.0088361455	-5.8376209	0.015922545
201.216	0.0086222682	-5.8373775	0.014562905
201.344	0.0088229119	-5.8374076	0.013858805
201.472	0.0086746806	-5.8374028	0.016418532
201.6	0.008790943	-5.8374926	0.014969193
201.728	0.0087697339	-5.8375647	0.014079972
201.856	0.0087609084	-5.8376326	0.013961755
201.984	0.0087207271	-5.8375128	0.014519142
202.112	0.0087363847	-5.8374133	0.013855569
202.24	0.0087078584	-5.8373132	0.014623898
202.368	0.0089531283	-5.837776	0.013313954
202.496	0.0087341627	-5.8375498	0.013277793
202.624	0.0088698839	-5.8377139	0.014265744
202.752	0.0088381377	-5.8374881	0.013087495
202.88	0.0090259916	-5.8376306	0.011406606
203.008	0.0088560839	-5.8371843	0.014771136
203.136	0.009035257	-5.8375903	0.015702788
203.264	0.0090380534	-5.8373509	0.015323585
203.392	0.0090041028	-5.8372584	0.014489941
203.52	0.0089644189	-5.8372523	0.013996985
203.648	0.0089256614	-5.8371769	0.01409844
203.776	0.0090373523	-5.8371075	0.015038053
203.904	0.0093731348	-5.8374408	0.0129698
204.032	0.0091016034	-5.8370802	0.017776202
204.16	0.0091968327	-5.8373517	0.016390521
204.288	0.00925126	-5.8375243	0.014522201
204.416	0.0091647902	-5.8373351	0.015060714
204.544	0.0092907241	-5.8374398	0.014168243
204.672	0.0091460323	-5.8371148	0.015211841
204.8	0.0091410424	-5.8368858	0.015729949
204.928	0.0091196433	-5.8368423	0.017668514
205.056	0.0092457423	-5.8370917	0.012553722
205.184	0.009257464	-5.8373191	0.013458521
205.312	0.0092570306	-5.8374917	0.017352328
205.44	0.0093362057	-5.8371804	0.016257379
205.568	0.0092305796	-5.8372341	0.015580849
205.696	0.0091090271	-5.8371816	0.014236226
205.824	0.0091234396	-5.8370217	0.016962031
205.952	0.0091934254	-5.837362	0.014661224
206.08	0.0090063329	-5.8373154	0.015415849
206.208	0.0092064414	-5.837482	0.016692124
206.336	0.0090230271	-5.8373471	0.01491731
206.464	0.0090541315	-5.8374934	0.013753647
206.592	0.0090122884	-5.837521	0.014499582
206.72	0.0090544253	-5.8376418	0.014366893
206.848	0.0086547366	-5.8371598	0.015529952
206.976	0.0088556915	-5.8374799	0.014910704
207.104	0.0087831539	-5.8375829	0.015764258
207.232	0.0088450329	-5.8375644	0.014672531
207.36	0.0089012573	-5.8375415	0.014535146
207.488	0.0089300641	-5.8376913	0.011669038
207.616	0.0085918605	-5.8375854	0.01276273
207.744	0.0088947076	-5.8376318	0.01307978
207.872	0.008745341	-5.8375883	0.012929885
208	0.0086943238	-5.8376209	0.010865052
208.128	0.0086821967	-5.8375151	0.013619651
208.256	0.0087543153	-5.8376983	0.014334689
208.384	0.0088106194	-5.837584	0.013695282
208.512	0.0087250574	-5.8375216	0.014996934
208.64	0.008732941	-5.8375128	0.016205419
208.768	0.0087187698	-5.8374594	0.015093684
208.896	0.0089813561	-5.8376978	0.0152462
209.024	0.0088448834	-5.8373987	0.015261871
209.152	0.0089027673	-5.8372473	0.01278989
209.28	0.0090550422	-5.8375715	0.013503512
209.408	0.0088713081	-5.8373729	0.014954116
209.536	0.0089769262	-5.8374772	0.0137762
209.664	0.0089969633	-5.8375586	0.014218713
209.792	0.009086695	-5.8375331	0.013648935
209.92	0.009095911	-5.8373824	0.016171206
210.048	0.0090278539	-5.8371012	0.015878471
210.176	0.0091444778	-5.8370383	0.015094171
210.304	0.0092111331	-5.8373147	0.016553244
210.432	0.0092549922	-5.8373061	0.015550562
210.56	0.0090788275	-5.8370947	0.016145178
210.688	0.0093159938	-5.8373995	0.015775867
210.816	0.0090958524	-5.8372338	0.013825958
210.944	0.0092044459	-5.8373893	0.012674945
211.072	0.0092511907	-5.8374714	0.013061078
211.2	0.0093285556	-5.8373874	0.01420374
211.328	0.0090926322	-5.8369661	0.015165003
211.456	0.0092996828	-5.8372479	0.012790642
211.584	0.0092584239	-5.8371872	0.014603065
211.712	0.0091594891	-5.8372077	0.015053108
211.84	0.0092428568	-5.8372648	0.014589788
211.968	0.0090845123	-5.8369956	0.015013377
212.096	0.0090547247	-5.837217	0.015568099
212.224	0.0092381629	-5.8374474	0.014875451
212.352	0.0091086988	-5.8376546	0.013838313
212.48	0.0090186927	-5.8373185	0.013079108
212.608	0.0092278857	-5.8376884	0.013873927
212.736	0.0089690792	-5.8374137	0.015949371
212.864	0.0089225903	-5.8372938	0.014440114
212.992	0.00883457	-5.8373021	0.014251667
213.12	0.0090069528	-5.837545	0.015086682
213.248	0.008788764	-5.837492	0.015456946
213.376	0.0088040415	-5.8375037	0.014499314
213.504	0.0086818814	-5.8374676	0.013885559
213.632	0.0088555068	-5.8375764	0.01217818
213.76	0.0088567108	-5.8377535	0.01479159
213.888	0.0088182922	-5.8379124	0.012231169
214.016	0.0086712866	-5.8377422	0.012985166
214.144	0.0088883029	-5.8380255	0.013188209
214.272	0.008683102	-5.8377838	0.014510416
214.4	0.0088176621	-5.8377383	0.014356106
214.528	0.0086318475	-5.8374576	0.016180952
214.656	0.0087497119	-5.8375911	0.014394771
214.784	0.0087222662	-5.8377437	0.012539373
214.912	0.0088963715	-5.8378344	0.013707738
215.04	0.0088034687	-5.8377461	0.014235877
215.168	0.0088173529	-5.8377062	0.014560203
215.296	0.0089389921	-5.8375499	0.014989596
215.424	0.0089010161	-5.8376228	0.015379297
215.552	0.0088524423	-5.8374394	0.013513978
215.68	0.0088890747	-5.8374167	0.015811872
215.808	0.0089570917	-5.8371588	0.01701005
215.936	0.0090956043	-5.8373034	0.014306058
216.064	0.0089868616	-5.8371731	0.014011846
216.192	0.0090981741	-5.8372405	0.014562935
216.32	0.0091205383	-5.8373479	0.015732359
216.448	0.0090718738	-5.8373368	0.014684572
216.576	0.0092132388	-5.8373837	0.012723891
216.704	0.0093030348	-5.8373197	0.013413858
216.832	0.0091693766	-5.8371158	0.013977351
216.96	0.0090781262	-5.8369698	0.013816701
217.088	0.0092625345	-5.8371841	0.014250087
217.216	0.0092487062	-5.8369193	0.014116978
217.344	0.008915801	-5.8365464	0.015186762
217.472	0.009424458	-5.8370608	0.012025214
217.6	0.0092740809	-5.8372188	0.012648776
217.728	0.0092356626	-5.8373097	0.016173963
217.856	0.0090972363	-5.8370159	0.015713633
217.984	0.0091743537	-5.8374622	0.014118813
218.112	0.0091782494	-5.8372706	0.016446276
218.24	0.0091850232	-5.8372324	0.014095885
218.368	0.0091465491	-5.8373056	0.014934312
218.496	0.0092341214	-5.8375577	0.016953335
218.624	0.0090143617	-5.8371023	0.016420375
218.752	0.0090198908	-5.8372373	0.016650146
218.88	0.0090739542	-5.8375665	0.014879306
219.008	0.0090226483	-5.8375452	0.013077601
219.136	0.0088648959	-5.8374825	0.016157703
219.264	0.0089472783	-5.837415	0.015236957
219.392	0.0089332331	-5.8374028	0.012840239
219.52	0.0088511728	-5.8371574	0.014840147
219.648	0.0089375188	-5.8375232	0.012704977
219.776	0.0088983569	-5.8375543	0.014139101
219.904	0.0087734167	-5.8374241	0.015515475
220.032	0.0087522821	-5.8376039	0.014073619
220.16	0.008835883	-5.8377375	0.013857076
220.288	0.0089592015	-5.8377527	0.013134255
220.416	0.0087821891	-5.8376024	0.014064802
220.544	0.0087324243	-5.8375896	0.012709781
220.672	0.0086756174	-5.8374788	0.012377367
220.8	0.0089379116	-5.8378683	0.013876841
220.928	0.0086767977	-5.837784	0.013856325
221.056	0.0087308665	-5.8376036	0.013798439
221.184	0.0088275309	-5.8376225	0.015137837
221.312	0.0088184165	-5.8375666	0.016602172
221.44	0.0088139264	-5.8376902	0.016293633
221.568	0.0088971422	-5.8377344	0.01445923
221.696	0.0088581934	-5.8375172	0.01362487
221.824	0.00891062	-5.8375036	0.014469357
221.952	0.0089160011	-5.8374995	0.015417613
222.08	0.0088550122	-5.8372831	0.017080662
222.208	0.0090365178	-5.8374976	0.016270679
222.336	0.0091226233	-5.8372913	0.01498754
222.464	0.0090311964	-5.8372262	0.014987429
222.592	0.0090083356	-5.8371924	0.012323326
222.72	0.0090840908	-5.8370175	0.012349635
222.848	0.00926926	-5.8374401	0.015248702
222.976	0.0090057091	-5.8369413	0.015870338
223.104	0.009211361	-5.8370348	0.014969497
223.232	0.0091667005	-5.8371628	0.014280172
223.36	0.0092915698	-5.8372565	0.014031954
223.488	0.0092932359	-5.8372459	0.014995716
223.616	0.0091068387	-5.8370149	0.015300196
223.744	0.0092801028	-5.8371065	0.013810288
223.872	0.0090616416	-5.8367872	0.015569208
224	0.0092597878	-5.8371126	0.015093784
224.128	0.0092261643	-5.837038	0.014992815
224.256	0.0092914402	-5.8374103	0.013436673
224.384	0.0091902609	-5.8372254	0.014381409
224.512	0.0092415779	-5.8371998	0.013896012
224.64	0.0089965254	-5.8369344	0.014916948
224.768	0.0092672572	-5.8374482	0.016085267
224.896	0.00884764	-5.83712	0.017149923
225.024	0.0091750148	-5.8376121	0.01510708
225.152	0.0089433446	-5.8376408	0.015675318
225.28	0.0090168471	-5.8375343	0.01566925
225.408	0.0090379099	-5.837693	0.014773294
225.536	0.0090358732	-5.8377034	0.013888452
225.664	0.0088195315	-5.8374373	0.015046482
225.792	0.0089518608	-5.8376884	0.013593656
225.92	0.0088003621	-5.8373659	0.013373778
226.048	0.0088022703	-5.837574	0.012906361
226.176	0.0088764883	-5.8375607	0.013953577
226.304	0.0087835756	-5.8375196	0.013367127
226.432	0.0088124583	-5.8377425	0.013724084
226.56	0.0086715612	-5.8374767	0.013903287
226.688	0.0087714318	-5.8375963	0.013604572
226.816	0.0089328428	-5.8378076	0.013148476
226.944	0.0088959378	-5.83776	0.013511108
227.072	0.008791347	-5.8378766	0.013023417
227.2	0.0086619003	-5.8376911	0.014486484
227.328	0.0088869809	-5.8377254	0.013167484
227.456	0.0088057866	-5.8376667	0.014830047
227.584	0.0087976042	-5.8374657	0.01658587
227.712	0.008839616	-5.8374285	0.016315423
227.84	0.008837997	-5.8374162	0.014620175
227.968	0.0088926385	-5.8374277	0.015049148
228.096	0.0089295761	-5.8374587	0.013884432
228.224	0.0090945783	-5.8376188	0.010800833
228.352	0.0089023576	-5.8373656	0.014357692
228.48	0.0090268689	-5.8374548	0.014538017
228.608	0.008921372	-5.8372438	0.014665092
228.736	0.0090383932	-5.837329	0.015037037
228.864	0.0089566571	-5.8372425	0.014085979
228.992	0.0091345333	-5.8372856	0.012765006
229.12	0.0091404037	-5.8373834	0.014957242
229.248	0.0092415273	-5.8374982	0.013829995
229.376	0.0092635417	-5.8374064	0.013943302
229.504	0.0090328466	-5.8371336	0.015914186
229.632	0.0094545726	-5.837387	0.014321022
229.76	0.0090180269	-5.8370817	0.014446166
229.888	0.0093200772	-5.8375138	0.013774371
230.016	0.0092130116	-5.837437	0.014666638
230.144	0.0091647724	-5.837049	0.015862344
230.272	0.0092410058	-5.8371829	0.015414417
230.4	0.0092368696	-5.8372283	0.014398074
230.528	0.0093074603	-5.8371696	0.014943827
230.656	0.0093037281	-5.8373443	0.016567617
230.784	0.009086343	-5.8372336	0.017074031
230.912	0.0091099614	-5.8373575	0.015524218
231.04	0.009195182	-5.8373581	0.014177183
231.168	0.0091100487	-5.8373774	0.015351631
231.296	0.0091673431	-5.8374577	0.015390377
231.424	0.0090242258	-5.8374169	0.015057141
231.552	0.0089785894	-5.837503	0.013591106
231.68	0.0089124867	-5.8373501	0.01395107
231.808	0.0090448559	-5.8375569	0.016723758
231.936	0.0089194475	-5.8373841	0.015448065
232.064	0.0090168303	-5.8374115	0.013870073
232.192	0.0087022776	-5.8372156	0.01455457
232.32	0.0087752156	-5.8371934	0.016224832
232.448	0.0088812445	-5.837613	0.01552517
232.576	0.0087523464	-5.8375151	0.014491057
232.704	0.0088732972	-5.8376835	0.013883005
232.832	0.0088618796	-5.8376395	0.012468838
232.96	0.0088099353	-5.8376245	0.013109639
233.088	0.0085509481	-5.8374058	0.015772201
233.216	0.0089262569	-5.8375843	0.013944303
233.344	0.0088227362	-5.8375536	0.014706788
233.472	0.0087240645	-5.8376701	0.015970523
233.6	0.0087361997	-5.8375321	0.01524757
233.728	0.0088704576	-5.8377226	0.0142877
233.856	0.008714078	-5.8374542	0.013917107
233.984	0.0089171796	-5.8377009	0.012871838
234.112	0.0088582867	-5.8375402	0.014029537
234.24	0.0089797874	-5.8378052	0.013285674
234.368	0.0088311063	-5.8373655	0.012874951
234.496	0.0090323883	-5.8377045	0.012268403
234.624	0.0088700261	-5.8374321	0.012608521
234.752	0.0090489279	-5.8373412	0.012377525
234.88	0.0090361081	-5.8373945	0.012667191
235.008	0.0090271044	-5.8373585	0.013452353
235.136	0.0089422714	-5.8372632	0.016076719
235.264	0.0091769871	-5.8373627	0.016936954
235.392	0.0091096764	-5.8372765	0.014900031
235.52	0.0091126443	-5.8372146	0.015468683
235.648	0.0092051109	-5.8372055	0.016388564
235.776	0.0092159035	-5.8371678	0.015730473
235.904	0.0092798529	-5.8371977	0.016595529
236.032	0.0091101283	-5.8370427	0.018255372
236.16	0.0093587571	-5.8371297	0.014962597
236.288	0.0090333844	-5.8371125	0.016389485
236.416	0.009203317	-5.837124	0.017305173
236.544	0.0091773339	-5.8371416	0.016075925
236.672	0.009139751	-5.8369824	0.014486129
236.8	0.0093558039	-5.8374492	0.014178131
236.928	0.009024651	-5.8372287	0.018382829
237.056	0.0092725942	-5.8373546	0.016364586
237.184	0.0091114395	-5.8371024	0.013448412
237.312	0.0090078808	-5.8372048	0.015101128
237.44	0.0090881157	-5.8374463	0.014578165
237.568	0.0090015662	-5.8371764	0.013886457
237.696	0.0090981737	-5.8373203	0.015348679
237.824	0.008981118	-5.8373493	0.015783485
237.952	0.0089496916	-5.8372308	0.013816506
238.08	0.0089273286	-5.8371475	0.014235035
238.208	0.0090273497	-5.8373354	0.012676122
238.336	0.0088999755	-5.8375844	0.012207117
238.464	0.008818699	-5.8377314	0.013774573
238.592	0.008766463	-5.837488	0.013339901
238.72	0.0088740955	-5.8375709	0.013225573
238.848	0.0089860578	-5.837607	0.013007104
238.976	0.008873542	-5.8376677	0.013131062
239.104	0.0087818014	-5.8376513	0.014187551
239.232	0.0087548703	-5.8376697	0.014933256
239.36	0.0088841988	-5.8377765	0.012674446
239.488	0.0089081017	-5.8377898	0.013325162
239.616	0.0087857687	-5.8376656	0.014749628
239.744	0.0087331744	-5.8374566	0.012613616
239.872	0.0088543309	-5.8374182	0.013840696
240	0.0088047527	-5.8375236	0.014523127
240.128	0.0088569482	-5.8376319	0.015295194
240.256	0.0088317429	-5.8373644	0.016070971
240.384	0.0088342185	-5.8372087	0.015958467
240.512	0.0088681241	-5.83723	0.016564426
240.64	0.0089475624	-5.8373626	0.01540453
240.768	0.0089541242	-5.8375644	0.015476754
240.896	0.0089261732	-5.8375477	0.016383394
241.024	0.0089726799	-5.8373136	0.015740085
241.152	0.0089432028	-5.8373603	0.016084087
241.28	0.0090058179	-5.8376145	0.013855241
241.408	0.0090324755	-5.8373029	0.014650451
241.536	0.0092488255	-5.8375448	0.01491246
241.664	0.008980029	-5.8371161	0.014159983
241.792	0.0091488458	-5.837123	0.014803855
241.92	0.0091874737	-5.8372461	0.016759299
242.048	0.0091386517	-5.8371906	0.015912191
242.176	0.0090928977	-5.8367257	0.01494456
242.304	0.0091497195	-5.8369876	0.015428276
242.432	0.0092152403	-5.837105	0.015377215
242.56	0.0091078884	-5.8370776	0.01537876
242.688	0.0092960976	-5.8372809	0.01354829
242.816	0.0090298195	-5.8370512	0.015337775
242.944	0.0092880282	-5.8372201	0.013414317
243.072	0.0091586228	-5.8372132	0.012535975
243.2	0.0091653535	-5.8373922	0.01444642
243.328	0.0092268069	-5.8374469	0.014200934
243.456	0.0090407842	-5.8372448	0.014914742
243.584	0.0090488851	-5.8373279	0.015609071
243.712	0.0090906088	-5.8373331	0.015621805
243.84	0.0091875239	-5.8375604	0.016518485
243.968	0.0091182886	-5.8374806	0.016436683
244.096	0.0089243086	-5.8372948	0.015497104
244.224	0.0090623086	-5.837297	0.014173319
244.352	0.008973379	-5.8372358	0.012295952
244.48	0.0089172075	-5.8374577	0.012079795
244.608	0.0089693113	-5.8377291	0.013554905
244.736	0.008861419	-5.8374331	0.014406202
244.864	0.00888887	-5.8373397	0.014546781
244.992	0.0088059084	-5.837308	0.013415254
245.12	0.0087679241	-5.8373962	0.013620718
245.248	0.0088901115	-5.8376477	0.014035648
245.376	0.0087942806	-5.8375424	0.014842141
245.504	0.0087372922	-5.8375494	0.013561629
245.632	0.0088519939	-5.8377205	0.013271823
245.76	0.008787483	-5.8374179	0.013999994
245.888	0.0087874735	-5.8375729	0.013520916
246.016	0.0088220805	-5.8374641	0.016483028
246.144	0.0088654408	-5.837522	0.014735216
246.272	0.0088138873	-5.8376151	0.013350891
246.4	0.0088100172	-5.837747	0.014427428
246.528	0.0088408529	-5.8375413	0.015227257
246.656	0.0089396686	-5.8377381	0.013761444
246.784	0.0088334585	-5.837614	0.014233707
246.912	0.0089865542	-5.8375261	0.013586329
247.04	0.0089199819	-5.8372061	0.013491327
247.168	0.0089672191	-5.8374937	0.013924736
247.296	0.008951208	-5.837596	0.013500842
247.424	0.0090972158	-5.8374774	0.013835363
247.552	0.0088235446	-5.8369629	0.014167897
247.68	0.0091382759	-5.8374267	0.013757939
247.808	0.0090823582	-5.8371974	0.016247171
247.936	0.0091701372	-5.8374434	0.015493143
248.064	0.0091348323	-5.8373116	0.015750917
248.192	0.0091284918	-5.8372092	0.015333048
248.32	0.0090632026	-5.8370796	0.015364969
248.448	0.0092049833	-5.8372207	0.014945541
248.576	0.0092256913	-5.8369917	0.015451352
248.704	0.0091706706	-5.8370799	0.015856737
248.832	0.0090704631	-5.837152	0.015216055
248.96	0.0093556771	-5.837419	0.013966663
249.088	0.0092153919	-5.8372833	0.01321098
249.216	0.0091732911	-5.8375739	0.013601893
249.344	0.009072967	-5.8373131	0.013103433
249.472	0.0089880283	-5.8370478	0.014471756
249.6	0.0091822532	-5.83745	0.016561854
249.728	0.0092956984	-5.8375913	0.01588109
249.856	0.0090949258	-5.8373895	0.016524231
249.984	0.0091007582	-5.8373789	0.016981488
250.112	0.0090757971	-5.8374441	0.014604125
250.24	0.0090091315	-5.8372741	0.014520294
250.368	0.0091964589	-5.8375545	0.014055616
250.496	0.0089976412	-5.8376154	0.013983457
250.624	0.0090141299	-5.8377528	0.013502402
250.752	0.0089770769	-5.8374068	0.014746245
250.88	0.0089025091	-5.8375427	0.014432088
251.008	0.0089819412	-5.8376718	0.012126567
251.136	0.0087662046	-5.8375042	0.013615433
251.264	0.0089651573	-5.837801	0.013203942
251.392	0.0088108156	-5.8373186	0.01290867
251.52	0.0087716891	-5.8374866	0.015367952
251.648	0.0088731997	-5.8373385	0.015011083
251.776	0.0088982952	-5.8375103	0.013888901
251.904	0.0087424264	-5.8374397	0.013475656
252.032	0.0087673468	-5.8375138	0.013610246
252.16	0.0089063541	-5.8377241	0.014614214
252.288	0.0088390262	-5.8376722	0.015317048
252.416	0.0087276913	-5.8373231	0.014174387
252.544	0.0087621001	-5.837284	0.013940511
252.672	0.0089365352	-5.8375787	0.014567522
252.8	0.0088433726	-5.8374635	0.014649842
252.928	0.0087591432	-5.8373089	0.012656555
253.056	0.0087460149	-5.8375271	0.013303037
253.184	0.009039194	-5.8377496	0.014604531
253.312	0.0090893972	-5.8379463	0.013598116
253.44	0.0089167097	-5.837609	0.014644896
253.568	0.0088895257	-5.8375374	0.016365605
253.696	0.0089207578	-5.8373314	0.016354187
253.824	0.0089598016	-5.837439	0.015623142
253.952	0.0090810363	-5.8372609	0.015163386
254.08	0.0091047368	-5.8372704	0.013820882
254.208	0.0090023251	-5.8372556	0.014438906
254.336	0.0090981231	-5.8374972	0.01488137
254.464	0.0090479056	-5.8372967	0.016141654
254.592	0.0091286025	-5.8371732	0.014377576
254.72	0.0092204089	-5.837229	0.01176741
254.848	0.0090790737	-5.8370674	0.013191245
254.976	0.0092011075	-5.8374474	0.014561718
255.104	0.0092362173	-5.8373956	0.014719807
255.232	0.0092002816	-5.8371227	0.013915017
255.36	0.0092016232	-5.8373765	0.015267794
255.488	0.0092527263	-5.8374716	0.016348347
255.616	0.0092083905	-5.8372873	0.015252877
255.744	0.0090527661	-5.8371754	0.01442702
255.872	0.009126626	-5.8371671	0.014895731
256	0.0091444573	-5.8370554	0.014249143
256.128	0.0090519158	-5.8368649	0.014734079
256.256	0.0091871588	-5.8372771	0.016718899
256.384	0.0090617922	-5.8372676	0.015612785
256.512	0.0091169844	-5.8374473	0.012862937
256.64	0.0090537199	-5.8373665	0.015711595
256.768	0.0091024264	-5.8376365	0.014935486
256.896	0.0089488848	-5.8374053	0.014513885
257.024	0.0089809082	-5.8373801	0.014967061
257.152	0.0090354972	-5.8375768	0.012567843
257.28	0.0087928889	-5.837243	0.013048834
257.408	0.0087726714	-5.8372202	0.016011884
257.536	0.0089716177	-5.8376734	0.017304331
257.664	0.0088697306	-5.8375899	0.01454217
257.792	0.0088367601	-5.8375798	0.013959438
257.92	0.0087483095	-5.8377088	0.015261065
258.048	0.0088896747	-5.8377389	0.014020466
258.176	0.0087869107	-5.8376968	0.014425931
258.304	0.0087725267	-5.8375458	0.014313438
258.432	0.0088533179	-5.837757	0.016444752
258.56	0.0088444315	-5.837818	0.0147727
258.688	0.0088935749	-5.8378115	0.015180609
258.816	0.0088854302	-5.8379195	0.015906919
258.944	0.0087666598	-5.837549	0.014737245
259.072	0.0090000741	-5.8375377	0.011969761
259.2	0.0087569375	-5.8372661	0.014089403
259.328	0.0089975407	-5.8376313	0.013071207
259.456	0.0087704478	-5.8374375	0.013231602
259.584	0.0089255436	-5.8374764	0.012333337
259.712	0.0090314183	-5.8374215	0.01426007
259.84	0.0089305635	-5.8372647	0.013864733
259.968	0.0088602788	-5.8370718	0.013873
260.096	0.0090262468	-5.837416	0.016622077
260.224	0.009093962	-5.8373462	0.017425369
260.352	0.0089975375	-5.8371518	0.015462288
260.48	0.0091967272	-5.8372944	0.013974164
260.608	0.0091578526	-5.8374152	0.013884274
260.736	0.0090286989	-5.8372645	0.014558406
260.864	0.0092058777	-5.8373822	0.013094401
260.992	0.0091092448	-5.8371854	0.014219998
261.12	0.0091994161	-5.8373702	0.014338308
261.248	0.0091208862	-5.8370908	0.016498325
261.376	0.009358267	-5.8375284	0.014952047
261.504	0.0091247072	-5.8374184	0.014962349
261.632	0.0091214616	-5.8373115	0.016572987
261.76	0.0091669813	-5.8373672	0.015758309
261.888	0.0092128387	-5.8373678	0.013819369
262.016	0.0091930825	-5.8374997	0.013959101
262.144	0.0090270892	-5.8372513	0.017233485
262.272	0.0091024451	-5.8371271	0.016551984
262.4	0.0091281991	-5.8373859	0.013877073
262.528	0.0091040966	-5.8376366	0.013322499
262.656	0.0091608681	-5.8373946	0.014553984
262.784	0.009025655	-5.8372575	0.014911707
262.912	0.0091249914	-5.8373657	0.014188936
263.04	0.009049957	-5.8372918	0.013820821
263.168	0.0088257103	-5.8371393	0.015150649
263.296	0.0090052219	-5.8375506	0.015002496
263.424	0.0089766309	-5.8375504	0.013431347
263.552	0.0089545747	-5.8374827	0.012164926
263.68	0.0088668312	-5.837376	0.012883965
263.808	0.0088385249	-5.8376557	0.012891955
263.936	0.008766582	-5.8373611	0.013652612
264.064	0.0088217658	-5.8373963	0.015784859
264.192	0.0087343504	-5.8377487	0.014968898
264.32	0.0087787252	-5.8377615	0.014172524
264.448	0.0087910951	-5.8376118	0.01406065
264.576	0.0088104891	-5.8374359	0.013732854
264.704	0.008882748	-5.8376838	0.014563688
264.832	0.0087717055	-5.8375524	0.015716692
264.96	0.0089115987	-5.8377169	0.014943392
265.088	0.0087581389	-5.8374682	0.015771113
265.216	0.0088163045	-5.8376301	0.013292447
265.344	0.0087999656	-5.8376647	0.013458474
265.472	0.0088465684	-5.8374764	0.013418527
265.6	0.0089211058	-5.8373722	0.013154882
265.728	0.0088941321	-5.837388	0.01533791
265.856	0.0088256681	-5.8374045	0.014906979
265.984	0.0089781142	-5.8377294	0.014241772
266.112	0.0090341033	-5.8376203	0.014903941
266.24	0.0089608113	-5.8374182	0.016344724
266.368	0.0090179534	-5.8374666	0.015510784
266.496	0.009042507	-5.8375364	0.01414597
266.624	0.0091413015	-5.8373676	0.012965494
266.752	0.0089480481	-5.837179	0.016435295
266.88	0.009089076	-5.8373388	0.015470887
267.008	0.0091976318	-5.8372649	0.015412033
267.136	0.0091723167	-5.837105	0.015177299
267.264	0.0091097405	-5.8369219	0.014381381
267.392	0.0091305552	-5.8371288	0.014469775
267.52	0.0091921504	-5.8371719	0.012956226
267.648	0.0090701991	-5.836731	0.016475758
267.776	0.0091219135	-5.8367838	0.017220845
267.904	0.0092313697	-5.8371916	0.013300306
268.032	0.0092341686	-5.8372251	0.01371752
268.16	0.0091281001	-5.8371621	0.014320577
268.288	0.0090780018	-5.8370671	0.01555439
268.416	0.0091783346	-5.837266	0.014530888
268.544	0.0091305215	-5.837327	0.013814244
268.672	0.0091899903	-5.8374906	0.013616895
268.8	0.009083585	-5.8374891	0.014940435
268.928	0.009203473	-5.8374841	0.015873986
269.056	0.008925448	-5.8371018	0.014027889
269.184	0.0091245502	-5.8374776	0.012535381
269.312	0.0089436633	-5.8373139	0.01437788
269.44	0.0090224238	-5.8374697	0.015090021
269.568	0.0092185078	-5.8376732	0.015134839
269.696	0.0089219819	-5.83749	0.01469015
269.824	0.0088480048	-5.8371781	0.012911614
269.952	0.0089905796	-5.8372946	0.013215428
270.08	0.0087909305	-5.8374111	0.014819094
270.208	0.0089417606	-5.837481	0.015807692
270.336	0.0088405314	-5.8375199	0.015417145
270.464	0.0088837686	-5.8376344	0.011853064
270.592	0.0087863182	-5.8375845	0.013190765
270.72	0.0088485905	-5.837735	0.013212382
270.848	0.0088149941	-5.837863	0.01370772
270.976	0.0089045091	-5.8377605	0.012154771
271.104	0.008751932	-5.8371843	0.013263132
271.232	0.008688047	-5.8373634	0.016146888
271.36	0.0088411492	-5.8375426	0.014367927
271.488	0.008756819	-5.8375913	0.013739132
271.616	0.008806409	-5.8374893	0.014390533
271.744	0.0090094266	-5.8376	0.015296229
271.872	0.0088357265	-5.8375951	0.015795265
272	0.0088140513	-5.8376626	0.017773611
272.128	0.0089736548	-5.8377904	0.01641362
272.256	0.0089271538	-5.8377437	0.013149294
272.384	0.0090211908	-5.8375716	0.014771119
272.512	0.0089238595	-5.8374066	0.01459938
272.64	0.0090887149	-5.8372168	0.01475819
272.768	0.0088310472	-5.8369314	0.016026649
272.896	0.0091366718	-5.837107	0.014657251
273.024	0.0089466138	-5.8370958	0.015475925
273.152	0.009254515	-5.8375597	0.013987861
273.28	0.0090446707	-5.837456	0.015751767
273.408	0.0091005125	-5.8371941	0.01488903
273.536	0.0090828853	-5.8370631	0.01424756
273.664	0.0092063881	-5.8373747	0.013956497
273.792	0.0092336444	-5.8372048	0.01297128
273.92	0.0090657958	-5.8372778	0.01464281
274.048	0.0091706692	-5.8372371	0.012143179
274.176	0.0090689892	-5.8369339	0.012302752
274.304	0.0092355979	-5.837218	0.014006176
274.432	0.0092422598	-5.8372518	0.013854899
274.56	0.0091351822	-5.8372823	0.016830641
274.688	0.0090987963	-5.8372078	0.016740041
274.816	0.0091526704	-5.8371035	0.014952312
274.944	0.0092221125	-5.8373167	0.016384387
275.072	0.0091385468	-5.8372095	0.015455609
275.2	0.0090802546	-5.8372487	0.013644925
275.328	0.0090887937	-5.837224	0.016368885
275.456	0.0089617006	-5.8372365	0.014443734
275.584	0.0092199713	-5.837764	0.014128225
275.712	0.0089749416	-5.837267	0.014954158
275.84	0.0089128387	-5.8372823	0.01513838
275.968	0.0090752414	-5.837791	0.01673765
276.096	0.0090525514	-5.8378775	0.014572566
276.224	0.0088697581	-5.837497	0.013626227
276.352	0.0090554839	-5.837589	0.014274992
276.48	0.0087030254	-5.8373601	0.015747423
276.608	0.0090011888	-5.8376178	0.013726744
276.736	0.0089173299	-5.8373378	0.014465901
276.864	0.0088300758	-5.837437	0.015634035
276.992	0.0086190578	-5.83717	0.01501773
277.12	0.0088168396	-5.8372469	0.01515645
277.248	0.0087839734	-5.8373001	0.015952693
277.376	0.0089657961	-5.8377557	0.014330644
277.504	0.0088382022	-5.8376979	0.014843728
277.632	0.0088033728	-5.8376304	0.014924788
277.76	0.0087161542	-5.837635	0.014409155
277.888	0.0088980648	-5.8376143	0.013148494
278.016	0.0089938463	-5.8376776	0.013767941
278.144	0.008880086	-5.8378776	0.013601821
278.272	0.0087642893	-5.837605	0.013641008
278.4	0.0089874828	-5.8377136	0.012075992
278.528	0.0089534284	-5.8376502	0.013073065
278.656	0.0088056619	-5.8374895	0.015129377
278.784	0.0090675654	-5.8378697	0.01348956
278.912	0.0087673314	-5.8371539	0.015945045
279.04	0.0092426524	-5.8375642	0.013929517
279.168	0.0088843577	-5.837075	0.014079339
279.296	0.0090384998	-5.8370328	0.015167093
279.424	0.0089911465	-5.8371014	0.015350901
279.552	0.0093115093	-5.8373481	0.014024384
279.68	0.0089910656	-5.8371603	0.014899275
279.808	0.0091382468	-5.837113	0.014429769
279.936	0.0091459467	-5.8371769	0.016395074
280.064	0.0091907215	-5.8372311	0.016870678
280.192	0.0091361931	-5.8372055	0.015281246
280.32	0.0091900814	-5.8372577	0.015130968
280.448	0.0089729768	-5.8368235	0.01615886
280.576	0.0092689853	-5.8373194	0.013845842
280.704	0.0091509155	-5.8371544	0.01344787
280.832	0.009029477	-5.8370926	0.013371362
280.96	0.0091883479	-5.8372881	0.013569686
281.088	0.0090137202	-5.8371001	0.015506808
281.216	0.0091893873	-5.8373067	0.013887542
281.344	0.0090146753	-5.837308	0.014773795
281.472	0.0092280733	-5.8374868	0.014299018
281.6	0.0090945418	-5.8375099	0.014387327
281.728	0.0090658513	-5.837458	0.013507049
281.856	0.0090514184	-5.8373205	0.015181779
281.984	0.0089755993	-5.8373195	0.015128112
282.112	0.0090225872	-5.8373352	0.013693714
282.24	0.0090761843	-5.8375243	0.013826812
282.368	0.0088430953	-5.8374091	0.014236835
282.496	0.0089306303	-5.8378675	0.014899128
282.624	0.0089735552	-5.8378945	0.01297873
282.752	0.0087847812	-5.8375491	0.014792782
282.88	0.008813974	-5.8372348	0.014243826
283.008	0.0089993575	-5.8376121	0.011855651
283.136	0.0088129735	-5.8376803	0.014253866
283.264	0.009011705	-5.8378631	0.015401467
283.392	0.0088850987	-5.8376434	0.014948608
283.52	0.0088374819	-5.837512	0.013730825
283.648	0.0086900477	-5.8373075	0.016927319
283.776	0.0089433323	-5.8376971	0.016020345
283.904	0.008761356	-5.8374803	0.015648859
284.032	0.0088134877	-5.8373461	0.014965433
284.16	0.0089294698	-5.837503	0.013637284
284.288	0.0089413372	-5.8376593	0.013253073
284.416	0.0088266201	-5.8373868	0.014364683
284.544	0.0088775062	-5.837587	0.014642508
284.672	0.0089698818	-5.8377275	0.015281837
284.8	0.008897125	-5.8374401	0.016158658
284.928	0.0089657697	-5.8377138	0.012616062
285.056	0.0089024438	-5.8374378	0.014837688
285.184	0.0088984729	-5.8374786	0.017310736
285.312	0.0089292137	-5.8376171	0.015157806
285.44	0.0091014756	-5.8375108	0.013023654
285.568	0.0090647338	-5.8374869	0.012864717
285.696	0.0090254196	-5.8375645	0.012644003
285.824	0.0090693675	-5.8373454	0.01415781
285.952	0.0091800514	-5.8372456	0.014137577
286.08	0.0091951749	-5.837369	0.013865636
286.208	0.0090573165	-5.8372362	0.016095351
286.336	0.009186268	-5.8373231	0.016352586
286.464	0.0091745615	-5.8371396	0.014113612
286.592	0.0090264223	-5.8370396	0.014728149
286.72	0.0091955102	-5.8372566	0.015093193
286.848	0.0091904121	-5.8372071	0.015750359
286.976	0.0092012077	-5.8374861	0.015324656
287.104	0.0092351011	-5.837362	0.016457234
287.232	0.0093257621	-5.8371295	0.015231442
287.36	0.009119126	-5.8369089	0.014227783
287.488	0.0092819627	-5.8372651	0.014845908
287.616	0.0090936158	-5.8374589	0.014557635
287.744	0.0090468176	-5.8372035	0.014493196
287.872	0.0091716933	-5.8373869	0.014456412
288	0.0088835527	-5.8369193	0.015003902
288.128	0.0091492066	-5.8372335	0.014468455
288.256	0.0089304102	-5.8372009	0.015779469
288.384	0.0090251619	-5.8373466	0.015393333
288.512	0.00916105	-5.8377341	0.014535614
288.64	0.0090773092	-5.8375331	0.013813636
288.768	0.0089288184	-5.8374684	0.015051821
288.896	0.0089136989	-5.8374545	0.013664038
289.024	0.0089084999	-5.8377122	0.013092128
289.152	0.0088869243	-5.8378893	0.013855109
289.28	0.0089302025	-5.837932	0.012971029
289.408	0.0089516731	-5.8378098	0.01231946
289.536	0.0087088133	-5.8375832	0.014703893
289.664	0.0088740616	-5.8377634	0.014159976
289.792	0.0088018155	-5.8374961	0.014856504
289.92	0.0090404508	-5.8378301	0.014071334
290.048	0.0087135088	-5.8375586	0.014831318
290.176	0.0087941879	-5.8376464	0.01369231
290.304	0.0088007544	-5.8376454	0.013982645
290.432	0.0088274929	-5.8373146	0.013415932
290.56	0.0088472726	-5.8374076	0.0144912
290.688	0.0087820486	-5.8372339	0.013959892
290.816	0.0088697482	-5.8374168	0.013766506
290.944	0.0089583294	-5.8375451	0.01420721
291.072	0.0089711019	-5.8374509	0.014335329
291.2	0.0088304934	-5.8374853	0.016154498
291.328	0.0090063113	-5.83774	0.013679797
291.456	0.0089155237	-5.8373407	0.012907195
291.584	0.0090967982	-5.8375368	0.013601026
291.712	0.0089873949	-5.8376439	0.012681653
291.84	0.0089437541	-5.8373001	0.011908207
291.968	0.0089929173	-5.8371922	0.014362781
292.096	0.00914364	-5.8373917	0.015351451
292.224	0.0091112214	-5.8373473	0.016647153
292.352	0.0091166249	-5.8372473	0.0165923
292.48	0.0092820149	-5.8372558	0.013355009
292.608	0.0091878699	-5.8372805	0.013943042
292.736	0.0090181739	-5.8369741	0.014792387
292.864	0.0091504253	-5.8371204	0.014895021
292.992	0.0092068424	-5.8369686	0.013679683
293.12	0.0091918294	-5.8374601	0.013483989
293.248	0.0092959091	-5.83745	0.014768164
293.376	0.0091146503	-5.837149	0.015019806
293.504	0.0091557918	-5.8372479	0.013733696
293.632	0.0092005741	-5.8374103	0.0145842
293.76	0.0091543346	-5.8372817	0.013256608
293.888	0.0089147999	-5.837155	0.014589405
294.016	0.0091646504	-5.8373888	0.01493133
294.144	0.009127146	-5.8371732	0.016983558
294.272	0.0090187293	-5.8372202	0.016652407
294.4	0.0090956197	-5.8373976	0.014053722
294.528	0.0089335995	-5.8372211	0.014410724
294.656	0.00901165	-5.8376881	0.015880854
294.784	0.0090421806	-5.8375189	0.015459791
294.912	0.0089186469	-5.8374855	0.01415441
295.04	0.0090270716	-5.8376025	0.013904169
295.168	0.0089938793	-5.8377169	0.013977967
295.296	0.008827204	-5.8376372	0.014121885
295.424	0.0088941247	-5.83762	0.014884093
295.552	0.0089862733	-5.8377871	0.014310965
295.68	0.0087111106	-5.8373062	0.013841481
295.808	0.008925235	-5.8374713	0.014105027
295.936	0.0086660135	-5.8370327	0.017195417
296.064	0.0088768804	-5.837559	0.015307062
296.192	0.008820129	-5.8374325	0.015534368
296.32	0.0088458438	-5.8372897	0.015479677
296.448	0.0086990829	-5.8372478	0.013872327
296.576	0.008898068	-5.8374882	0.012280764
296.704	0.0088756716	-5.8375487	0.011884833
296.832	0.0087986136	-5.8373782	0.012854307
296.96	0.0088149854	-5.8374735	0.014813362
297.088	0.0088814403	-5.8378416	0.013487564
297.216	0.0088984831	-5.8377048	0.012332047
297.344	0.0088961714	-5.8374427	0.015124492
297.472	0.0089608864	-5.8376013	0.016244378
297.6	0.0090004403	-5.8375841	0.014519689
297.728	0.008913054	-5.8375007	0.015402933
297.856	0.0088194042	-5.8372941	0.015965395
297.984	0.009167295	-5.8375261	0.013614954
298.112	0.0090111442	-5.8372376	0.013913581
298.24	0.0090555529	-5.8372487	0.015525682
298.368	0.0090233046	-5.8372546	0.013966981
298.496	0.0090614466	-5.8371463	0.014841413
298.624	0.0091493884	-5.8370992	0.015554457
298.752	0.0091179816	-5.8370052	0.014474152
298.88	0.0091783771	-5.8372214	0.014673868
299.008	0.0091306289	-5.837434	0.014976976
299.136	0.0090776666	-5.8372241	0.016062806
299.264	0.0093148091	-5.8374603	0.01533431
299.392	0.0091578797	-5.8371427	0.015756477
299.52	0.0090817556	-5.837103	0.016090727
299.648	0.0093633744	-5.8375093	0.015732092
299.776	0.0091272112	-5.8369934	0.016341412
299.904	0.009085798	-5.8371748	0.014135437
300.032	0.0091965258	-5.8371187	0.013515782
300.16	0.0090481448	-5.837013	0.013030951
300.288	0.0090786328	-5.8372788	0.014774
300.416	0.009092107	-5.8374666	0.016722468
300.544	0.0092157643	-5.8374386	0.013800871
300.672	0.0090911352	-5.8374081	0.014605891
300.8	0.0090121657	-5.8373369	0.013839565
300.928	0.0089477327	-5.8374476	0.01133994
301.056	0.0090648783	-5.837413	0.013343007
301.184	0.0089480759	-5.8374299	0.014604565
301.312	0.0089632903	-5.8373449	0.015434649
301.44	0.008910232	-5.8375298	0.01533912
301.568	0.0088865848	-5.8373339	0.014743254
301.696	0.008809889	-5.8374266	0.014300686
301.824	0.0089502701	-5.8377119	0.011620182
301.952	0.0088994656	-5.8375936	0.012746664
302.08	0.0086597999	-5.8374028	0.015698954
302.208	0.0087862611	-5.8375137	0.01489625
302.336	0.0089512074	-5.8377967	0.013774855
302.464	0.0088310812	-5.8376293	0.015446921
302.592	0.0086963073	-5.8375127	0.016987304
302.72	0.0088785661	-5.8376693	0.01551548
302.848	0.0088243334	-5.8374822	0.014802333
302.976	0.0088631644	-5.8375825	0.014708233
303.104	0.0087648034	-5.8376246	0.014413548
303.232	0.0087855436	-5.8375554	0.013406278
303.36	0.0088867179	-5.8374912	0.01310188
303.488	0.0089205418	-5.8377378	0.014100588
303.616	0.0089211593	-5.8376372	0.013643012
303.744	0.0090471009	-5.8376449	0.013032893
303.872	0.008862177	-5.8374995	0.013315927
304	0.0088919555	-5.8372845	0.014916324
304.128	0.0088381669	-5.8372945	0.015427697
304.256	0.0089902001	-5.8374619	0.016155935
304.384	0.0091788107	-5.8374281	0.017129175
304.512	0.0091337092	-5.8370936	0.013952322
304.64	0.0089708544	-5.8370023	0.014862478
304.768	0.0090719903	-5.8371958	0.016146904
304.896	0.0090250457	-5.8372112	0.015072411
305.024	0.0091234203	-5.8372576	0.014818641
305.152	0.0092624104	-5.8372644	0.014813937
305.28	0.0092607828	-5.8375416	0.012576538
305.408	0.0091459696	-5.8371475	0.013179257
305.536	0.0092891159	-5.8374215	0.015383616
305.664	0.0091714753	-5.8372623	0.013612054
305.792	0.0090394272	-5.8372579	0.012664421
305.92	0.0092567428	-5.8373266	0.014338656
306.048	0.0091099052	-5.8371074	0.015577809
306.176	0.0091708319	-5.8371109	0.014085861
306.304	0.0091069669	-5.8371352	0.013680828
306.432	0.0092041736	-5.8373426	0.013820756
306.56	0.0088870704	-5.8370073	0.016173295
306.688	0.0092350515	-5.8375055	0.014557584
306.816	0.008999386	-5.8372855	0.014119536
306.944	0.0091093286	-5.8373895	0.014465874
307.072	0.0088992895	-5.8370132	0.014573739
307.2	0.0090527277	-5.8375994	0.013947527
307.328	0.0090508398	-5.8375245	0.013908728
307.456	0.0090504771	-5.8374606	0.016032073
307.584	0.0089408167	-5.8373949	0.016195674
307.712	0.0088532765	-5.8374754	0.01493539
307.84	0.0088341999	-5.8376197	0.01377677
307.968	0.0089668004	-5.8377455	0.013587582
308.096	0.0089337236	-5.8377956	0.015529599
308.224	0.0087704343	-5.8373348	0.017654394
308.352	0.0089302476	-5.8374304	0.0149909
308.48	0.0089669737	-5.8375715	0.012562382
308.608	0.0087233547	-5.8372939	0.013912356
308.736	0.0087484509	-5.8375386	0.014361583
308.864	0.0088861491	-5.8377434	0.014651094
308.992	0.0087240001	-5.8375736	0.014712081
309.12	0.0088995742	-5.8374651	0.014733791
309.248	0.0088494007	-5.8376694	0.01247032
309.376	0.0086762015	-5.8375463	0.014326126
309.504	0.0089935716	-5.8377135	0.014755324
309.632	0.0087251073	-5.8369958	0.014687838
309.76	0.0090225285	-5.8374195	0.012587627
309.888	0.0087255968	-5.8372836	0.014123829
310.016	0.00904335	-5.8375061	0.015297279
310.144	0.0087492854	-5.837195	0.014849557
310.272	0.0091269912	-5.837509	0.015204827
310.4	0.0090270407	-5.8372572	0.01473495
310.528	0.0090705263	-5.8371633	0.013588142
310.656	0.0089123308	-5.8370884	0.015417636
310.784	0.0090068526	-5.8372848	0.017886807
310.912	0.0090123148	-5.8371798	0.014369717
311.04	0.0091864731	-5.837277	0.013624887
311.168	0.0091492947	-5.8373115	0.015232451
311.296	0.0092385657	-5.8372677	0.01404044
311.424	0.0090400371	-5.8369827	0.016076345
311.552	0.0091396417	-5.8373151	0.015755031
311.68	0.0093231049	-5.8373754	0.013054003
311.808	0.0090756302	-5.8370256	0.013762089
311.936	0.0092784415	-5.8374589	0.014676782
312.064	0.0090246266	-5.837196	0.016086727
312.192	0.0093155909	-5.8375154	0.014789188
312.32	0.0089675614	-5.8369887	0.01556657
312.448	0.0091353398	-5.8371653	0.015893677
312.576	0.0092357724	-5.8372525	0.012625002
312.704	0.008968279	-5.8369793	0.013405803
312.832	0.0090854467	-5.8372981	0.01401359
312.96	0.0091297798	-5.837436	0.01321637
313.088	0.0090060144	-5.8373216	0.014555311
313.216	0.0091128822	-5.8376714	0.014685938
313.344	0.0091031459	-5.8375016	0.014068465
313.472	0.0089251653	-5.8372862	0.015772756
313.6	0.0091173296	-5.8373855	0.014817593
313.728	0.0089120563	-5.8371646	0.016654549
313.856	0.0089995836	-5.8374709	0.015801686
313.984	0.0088454214	-5.8371623	0.013072614
314.112	0.0090599422	-5.8375449	0.011309738
314.24	0.0088775308	-5.8372655	0.013953068
314.368	0.0088599354	-5.8373373	0.015755662
314.496	0.0088135874	-5.8374454	0.015333571
314.624	0.0089006095	-5.8376782	0.013918058
314.752	0.0088072296	-5.8377685	0.015385269
314.88	0.0088369773	-5.8377257	0.014829682
315.008	0.008820057	-5.8376454	0.013559834
315.136	0.0087966973	-5.8374694	0.014517099
315.264	0.0087456817	-5.8374879	0.015585851
315.392	0.0088722851	-5.8374919	0.01432845
315.52	0.0088710734	-5.8376656	0.011979916
315.648	0.0087044532	-5.8371807	0.012121119
315.776	0.0088218199	-5.8373824	0.014318241
315.904	0.0088425401	-5.8374637	0.01519538
316.032	0.0089031827	-5.8375819	0.016004386
316.16	0.0089457743	-5.8374367	0.016657085
316.288	0.0087919108	-5.8372881	0.0132886
316.416	0.0089657392	-5.8374377	0.012583944
316.544	0.0089968203	-5.8373824	0.015563944
316.672	0.0090079269	-5.837516	0.013725713
316.8	0.0088827451	-5.8373693	0.012733448
316.928	0.009049131	-5.8374955	0.015527285
317.056	0.0091246046	-5.8374616	0.014714403
317.184	0.0091175559	-5.8373896	0.014831967
317.312	0.0089577944	-5.8371693	0.015223947
317.44	0.0092103292	-5.8373774	0.014542734
317.568	0.008946272	-5.8368514	0.014374023
317.696	0.0091192953	-5.8370757	0.014731439
317.824	0.0091104046	-5.8370895	0.015382849
317.952	0.0092416037	-5.8371739	0.014833523
318.08	0.0092139225	-5.8373557	0.016003362
318.208	0.0089102258	-5.8370019	0.015857867
318.336	0.0092713297	-5.8371623	0.013949709
318.464	0.0091649692	-5.8371509	0.014244789
318.592	0.0092166111	-5.8372193	0.014125856
318.72	0.0091192005	-5.8371931	0.013241182
318.848	0.0091835891	-5.8371145	0.012958011
318.976	0.0091685899	-5.8370973	0.014436665
319.104	0.0090437477	-5.8371576	0.013879523
319.232	0.0090142821	-5.8371984	0.014461748
319.36	0.0091595742	-5.8371224	0.014960352
319.488	0.00921175	-5.8372128	0.014512238
319.616	0.0089883828	-5.8371672	0.014869081
319.744	0.0091173916	-5.8374579	0.012063876
319.872	0.0089928648	-5.8374627	0.013755769
320	0.0089136732	-5.8375122	0.014723847
320.128	0.0089187828	-5.8374495	0.012183816
320.256	0.0089547682	-5.8375457	0.014957708
320.384	0.008858342	-5.8372649	0.015181313
320.512	0.0088115312	-5.8374256	0.013567057
320.64	0.0089727759	-5.8376788	0.013649196
320.768	0.0087893779	-5.8376005	0.015198303
320.896	0.0089321078	-5.8379876	0.014628307
321.024	0.0087845887	-5.8378162	0.014162947
321.152	0.0088670718	-5.8376793	0.0143375
321.28	0.0088636751	-5.8379214	0.016418964
321.408	0.0087408511	-5.8376806	0.015287888
321.536	0.0087946749	-5.8375303	0.015184625
321.664	0.0089230851	-5.8377387	0.014358563
321.792	0.0087974094	-5.8374075	0.014515547
321.92	0.0090068123	-5.8378048	0.014832967
322.048	0.0086858056	-5.8375934	0.015507687
322.176	0.0089270852	-5.8378382	0.013618808
322.304	0.008943247	-5.8375788	0.015351934
322.432	0.0087774912	-5.8374561	0.015661644
322.56	0.0089303909	-5.8376282	0.014028268
322.688	0.0087589522	-5.8372774	0.015819931
322.816	0.0090830871	-5.8374732	0.013031007
322.944	0.0090138527	-5.8376438	0.013072752
323.072	0.0089912507	-5.8374615	0.014180444
323.2	0.008897076	-5.8372494	0.015861884
323.328	0.0090543299	-5.8373009	0.014857887
323.456	0.0090094767	-5.8372392	0.013695463
323.584	0.009118455	-5.8374302	0.014127617
323.712	0.009124891	-5.8373837	0.013327532
323.84	0.0091099894	-5.8373796	0.015867109
323.968	0.0091243566	-5.8373342	0.01618734
324.096	0.0092883295	-5.8375771	0.014788071
324.224	0.009109732	-5.8370704	0.014661339
324.352	0.0091399949	-5.8372432	0.015274173
324.48	0.0092515928	-5.8374186	0.015910982
324.608	0.0090706709	-5.8371692	0.015455602
324.736	0.0091283688	-5.8371575	0.016145651
324.864	0.0092641242	-5.8375254	0.014726612
324.992	0.0091442501	-5.8371665	0.013764798
325.12	0.0091254558	-5.8369477	0.016288298
325.248	0.0091562609	-5.8370852	0.014200551
325.376	0.0091399673	-5.8370646	0.015416081
325.504	0.0090451196	-5.8370772	0.015856233
325.632	0.0091116638	-5.8372812	0.015417514
325.76	0.0090945966	-5.8374551	0.015290033
325.888	0.0090331311	-5.8372066	0.014046435
326.016	0.0089753331	-5.8373915	0.014512155
326.144	0.0090449294	-5.8374961	0.013289411
326.272	0.0089175975	-5.8373484	0.014660709
326.4	0.0089905747	-5.837331	0.01546328
326.528	0.0088975391	-5.8375279	0.013623897
326.656	0.0088933221	-5.8374655	0.013100992
326.784	0.0089079381	-5.837825	0.014154231
326.912	0.0088419352	-5.8376357	0.01342708
327.04	0.0088732007	-5.8378872	0.013932858
327.168	0.00890713	-5.8376723	0.013173807
327.296	0.008784109	-5.8375802	0.011278986
327.424	0.0087989865	-5.8375002	0.012272699
327.552	0.0089643078	-5.8375925	0.01297342
327.68	0.0088678671	-5.8373874	0.014268625
327.808	0.0088768756	-5.8375549	0.014951588
327.936	0.008910937	-5.8377613	0.016299496
328.064	0.0087394339	-5.8376818	0.015550225
328.192	0.0088999332	-5.8379269	0.012669728
328.32	0.0087849782	-5.8375485	0.015173912
328.448	0.0088760708	-5.8375203	0.013563882
328.576	0.008850509	-5.8372794	0.015166052
328.704	0.0088181026	-5.8375476	0.014939954
328.832	0.0089829636	-5.8373466	0.01573358
328.96	0.0089468743	-5.837492	0.014091428
329.088	0.0089029258	-5.8377761	0.012407219
329.216	0.0087950389	-5.8374032	0.015481414
329.344	0.0090521004	-5.8373267	0.014446338
329.472	0.0090845645	-5.8376254	0.014758133
329.6	0.0091602461	-5.837635	0.015817827
329.728	0.0090270984	-5.8373178	0.016859963
329.856	0.00896394	-5.8374212	0.015686198
329.984	0.0089901996	-5.8372137	0.014915811
330.112	0.0090534832	-5.837025	0.014642949
330.24	0.0092191981	-5.8372013	0.014008158
330.368	0.0091683677	-5.8373293	0.014880262
330.496	0.0091551512	-5.8372689	0.01599481
330.624	0.0090505144	-5.8371379	0.014992263
330.752	0.0091186754	-5.8372628	0.013478505
330.88	0.0092366431	-5.8374553	0.015404091
331.008	0.009185174	-5.8371498	0.016037666
331.136	0.0091624369	-5.8371303	0.013758155
331.264	0.0093264207	-5.8373503	0.013064267
331.392	0.0090583402	-5.8371042	0.013962759
331.52	0.0091386267	-5.8371548	0.013327487
331.648	0.0089965038	-5.8372532	0.014477643
331.776	0.0091858632	-5.8374027	0.015443471
331.904	0.0089839674	-5.8373015	0.016015896
332.032	0.0089425097	-5.8372548	0.016204599
332.16	0.0092329193	-5.8375453	0.014707863
332.288	0.0087835194	-5.8370051	0.015978629
332.416	0.0091944483	-5.8377333	0.013825638
332.544	0.0090007614	-5.8374505	0.015352936
332.672	0.0088977047	-5.8372202	0.015501865
332.8	0.0089330754	-5.8371813	0.014755409
332.928	0.0089628867	-5.8372849	0.016419032
333.056	0.0089456628	-5.8376655	0.014859138
333.184	0.0089590002	-5.83768	0.014290875
333.312	0.008810223	-5.8376466	0.015729118
333.44	0.0088496714	-5.8374562	0.013407658
333.568	0.0088611576	-5.8375813	0.014611862
333.696	0.0088658345	-5.8374627	0.013742871
333.824	0.0087869348	-5.8374569	0.013985876
333.952	0.0088182261	-5.837466	0.015628202
334.08	0.0088105122	-5.8373461	0.012537972
334.208	0.0088720523	-5.837398	0.015184934
334.336	0.0088506442	-5.8374594	0.014031644
334.464	0.0088055756	-5.8376495	0.011674877
334.592	0.0088193618	-5.8376193	0.014216221
334.72	0.0087943426	-5.8376057	0.013770479
334.848	0.0088434439	-5.8374078	0.01471057
334.976	0.0089792958	-5.8375935	0.013856543
335.104	0.0088259119	-5.8372986	0.014107699
335.232	0.0089779536	-5.8374959	0.014577181
335.36	0.008904863	-5.837388	0.014694669
335.488	0.0090810814	-5.837559	0.014947657
335.616	0.0090323877	-5.8375973	0.014395849
335.744	0.0088901327	-5.8374972	0.014962748
335.872	0.0090335187	-5.8374758	0.014570038
336	0.0090487756	-5.8372808	0.014689347
336.128	0.0089736678	-5.8373513	0.014885679
336.256	0.0090540802	-5.8373931	0.015337988
336.384	0.0090137375	-5.8371805	0.015963198
336.512	0.0091680094	-5.8374437	0.01625057
336.64	0.0090956921	-5.8373515	0.0167273
336.768	0.0092012519	-5.8373799	0.014899504
336.896	0.0090827538	-5.8372276	0.016011518
337.024	0.0092489041	-5.8373238	0.013314744
337.152	0.0091435633	-5.8372653	0.014274855
337.28	0.0091187916	-5.8372445	0.014623504
337.408	0.0091398161	-5.8372426	0.015098731
337.536	0.009105685	-5.837187	0.015568873
337.664	0.0092970404	-5.8372343	0.014943598
337.792	0.0092530001	-5.8373658	0.013786642
337.92	0.0090396057	-5.8373494	0.013370704
338.048	0.009162039	-5.8371784	0.015152867
338.176	0.0092155265	-5.8372609	0.016098474
338.304	0.0090045884	-5.837193	0.016751599
338.432	0.0089790842	-5.8373506	0.014972124
338.56	0.0090197547	-5.8374483	0.01445387
338.688	0.0090376589	-5.837525	0.015920539
338.816	0.0088684979	-5.8373972	0.013966307
338.944	0.0090221371	-5.8373233	0.012310359
339.072	0.0089578599	-5.837204	0.013857748
339.2	0.008883303	-5.8371163	0.014813674
339.328	0.0089468001	-5.837494	0.013831273
339.456	0.0089034116	-5.8375806	0.013911085
339.584	0.0089768161	-5.8374968	0.013145129
339.712	0.0088927436	-5.8372813	0.013012669
339.84	0.0089312367	-5.8374398	0.013941961
339.968	0.0086722084	-5.8374235	0.014042855
340.096	0.0089595512	-5.8376968	0.012895694
340.224	0.0087158233	-5.8373894	0.013089995
340.352	0.0087951896	-5.8375466	0.012789469
340.48	0.0087568609	-5.8374532	0.014756025
340.608	0.0088327556	-5.8376204	0.014809377
340.736	0.0088388889	-5.8376003	0.01310479
340.864	0.0088473745	-5.8375445	0.01408257
340.992	0.0089319378	-5.8373645	0.013766695
341.12	0.0088497435	-5.8372969	0.011341537
341.248	0.0087730651	-5.8372861	0.0099258971
341.376	0.0089538232	-5.8375471	0.012465242
341.504	0.0089129445	-5.8374823	0.014882153
341.632	0.0089465209	-5.8376709	0.013517124
341.76	0.008989555	-5.8374322	0.016120664
341.888	0.0088908853	-5.837344	0.016060439
342.016	0.0090308543	-5.8372567	0.012483734
342.144	0.0090891248	-5.8372976	0.013830214
342.272	0.0090696332	-5.8371881	0.016222591
342.4	0.0091482204	-5.8375225	0.015377269
342.528	0.0089815688	-5.8372698	0.016419168
342.656	0.0091227074	-5.8375085	0.01616268
342.784	0.0091861682	-5.837316	0.016460888
342.912	0.0091795107	-5.8373882	0.016031785
343.04	0.0092394895	-5.8374161	0.014492206
343.168	0.0092029344	-5.8372289	0.015585955
343.296	0.0091189721	-5.8370235	0.016955658
343.424	0.0091881791	-5.8370951	0.016222996
343.552	0.0091672502	-5.8373522	0.016025325
343.68	0.0090680016	-5.8371	0.016351919
343.808	0.0090541675	-5.8374448	0.014381805
343.936	0.0093633691	-5.8376979	0.013955278
344.064	0.0090730725	-5.8372342	0.015065339
344.192	0.0090952111	-5.8371037	0.014249968
344.32	0.0091758541	-5.8372065	0.013365784
344.448	0.0091895478	-5.83728	0.015556953
344.576	0.0090337056	-5.8372919	0.015367314
344.704	0.009128203	-5.8375807	0.014401624
344.832	0.008921048	-5.8372036	0.016174673
344.96	0.0089787345	-5.8374438	0.015393509
345.088	0.0090804052	-5.8375897	0.01460269
345.216	0.0087809048	-5.837178	0.01355953
345.344	0.0089286335	-5.8374523	0.012785158
345.472	0.008998407	-5.8373309	0.014496641
345.6	0.0089039128	-5.8373005	0.014331321
345.728	0.0088010563	-5.8373981	0.015447102
345.856	0.0088653922	-5.8376209	0.014478551
345.984	0.008955872	-5.8377031	0.01213025
346.112	0.0088437932	-5.8375101	0.0151011
346.24	0.0087843919	-5.8372768	0.01803684
346.368	0.0087749436	-5.8374319	0.016401908
346.496	0.0089130312	-5.8375741	0.013825611
346.624	0.0089011592	-5.8375062	0.013203851
346.752	0.0087634681	-5.8375366	0.015392137
346.88	0.0088965096	-5.8375292	0.014583363
347.008	0.0087328379	-5.8372629	0.011967141
347.136	0.0088507788	-5.8375929	0.011931221
347.264	0.0087731728	-5.837518	0.012278282
347.392	0.0089654018	-5.8375903	0.012571731
347.52	0.0087477862	-5.8374341	0.014570607
347.648	0.0088620135	-5.8374773	0.014428696
347.776	0.0090086662	-5.8374745	0.012802988
347.904	0.009056218	-5.8374656	0.012902045
348.032	0.0089896876	-5.8375893	0.014764111
348.16	0.0088979925	-5.8373509	0.014172773
348.288	0.0090735651	-5.8373071	0.01402966
348.416	0.0091347372	-5.8373546	0.015648587
348.544	0.0090513549	-5.8373732	0.014642407
348.672	0.0089883321	-5.8373356	0.013954429
348.8	0.0092432569	-5.8376032	0.016149035
348.928	0.0088286188	-5.8370987	0.01620835
349.056	0.0092798186	-5.8375144	0.014043277
349.184	0.0090602335	-5.837298	0.014069374
349.312	0.0092424796	-5.837315	0.0133504
349.44	0.0091671597	-5.8372387	0.015137568
349.568	0.0091041988	-5.8371442	0.016680944
349.696	0.0091514071	-5.8373127	0.014569543
349.824	0.0092135338	-5.8372027	0.016059802
349.952	0.0091391263	-5.8373303	0.017346724
350.08	0.0091905467	-5.8375021	0.01634968
350.208	0.009140868	-5.8373749	0.015596297
350.336	0.0092072142	-5.8371961	0.014615459
350.464	0.0090147035	-5.8372431	0.014333342
350.592	0.0090849519	-5.8371622	0.013755066
350.72	0.0091727479	-5.837388	0.014371989
350.848	0.0090362897	-5.8372365	0.013255307
350.976	0.0091325453	-5.8374493	0.012881047
351.104	0.0089602598	-5.8374122	0.01463345
351.232	0.0090654694	-5.8375728	0.014297064
351.36	0.0089279114	-5.837507	0.014537459
351.488	0.0089831201	-5.8374521	0.015911648
351.616	0.0091171865	-5.8377636	0.014317104
351.744	0.0089689533	-5.8374907	0.011592287
351.872	0.0088855848	-5.8373367	0.013995763
352	0.0089564078	-5.8375661	0.014763992
352.128	0.0088691018	-5.8374624	0.01487806
352.256	0.0089144191	-5.837413	0.016248831
352.384	0.0089012918	-5.8374519	0.014511228
352.512	0.0089607322	-5.8375489	0.013005265
352.64	0.0088317471	-5.8374397	0.015589334
352.768	0.0087142968	-5.8374341	0.015164241
352.896	0.0089126201	-5.8377176	0.012431816
353.024	0.0088525026	-5.8374539	0.012213681
353.152	0.0087731772	-5.8373802	0.013954473
353.28	0.0088520962	-5.8377384	0.015471816
353.408	0.0088202745	-5.8376831	0.014460942
353.536	0.008652398	-5.8373645	0.014300412
353.664	0.0089455746	-5.8376649	0.013979494
353.792	0.009073136	-5.8377155	0.014506499
353.92	0.0088460854	-5.8374956	0.013067866
354.048	0.0090826839	-5.8377314	0.011121841
354.176	0.0089331204	-5.8374404	0.013603954
354.304	0.008898193	-5.8374151	0.013913871
354.432	0.0088017055	-5.8372557	0.014192418
354.56	0.0089952919	-5.8373598	0.013115255
354.688	0.0089529813	-5.8374201	0.01390304
354.816	0.0090707629	-5.83732	0.014140012
354.944	0.0090531631	-5.837118	0.014593464
355.072	0.0091603918	-5.8372662	0.014897617
355.2	0.0090145363	-5.8372806	0.015243948
355.328	0.0090918229	-5.8371417	0.016155631
355.456	0.0092146981	-5.8373691	0.016946557
355.584	0.0091519141	-5.8371895	0.016377011
355.712	0.0092144936	-5.8372672	0.016087101
355.84	0.0091855899	-5.8371155	0.015542467
355.968	0.0091077324	-5.8374089	0.015157799
356.096	0.0092932374	-5.8375063	0.015337884
356.224	0.0092374726	-5.8374821	0.015283082
356.352	0.0090650181	-5.8371393	0.016017935
356.48	0.0091476141	-5.8370658	0.013670469
356.608	0.0091110076	-5.8371293	0.014129945
356.736	0.0090308581	-5.8370041	0.015790909
356.864	0.0091702413	-5.8372135	0.014206709
356.992	0.0091645543	-5.8372797	0.012598955
357.12	0.0091314228	-5.837243	0.014582381
357.248	0.0090743521	-5.837196	0.015225546
357.376	0.008901747	-5.8373625	0.013451649
357.504	0.0089720823	-5.8376383	0.015877525
357.632	0.0091694329	-5.8374192	0.016328031
357.76	0.0089223925	-5.8373214	0.015494647
357.888	0.0090801533	-5.8373993	0.013909856
358.016	0.0089181879	-5.8375962	0.014387666
358.144	0.0088921392	-5.8375073	0.014133882
358.272	0.008943358	-5.8373637	0.013204146
358.4	0.0088661387	-5.837316	0.013817006
358.528	0.008775134	-5.8373375	0.0134171
358.656	0.0087862103	-5.8375021	0.014551655
358.784	0.0088227056	-5.837524	0.014878014
358.912	0.0088628904	-5.8378506	0.014615938
359.04	0.0087281196	-5.8377829	0.013351038
359.168	0.0089766992	-5.8379149	0.010865178
359.296	0.0087823988	-5.8376235	0.013812221
359.424	0.0089102509	-5.8376295	0.012813813
359.552	0.0087917342	-5.8375288	0.013418198
359.68	0.0088539016	-5.8375421	0.015200717
359.808	0.0089677815	-5.8375832	0.013516305
359.936	0.0088752933	-5.8375913	0.01430235
360.064	0.0088340805	-5.837553	0.014853905
360.192	0.0088978884	-5.8374945	0.012704568
360.32	0.0090046751	-5.8374854	0.013449543
360.448	0.0087590076	-5.8371643	0.015768872
360.576	0.0088556825	-5.8374223	0.013858917
360.704	0.0089189536	-5.8374989	0.013435126
360.832	0.0090607164	-5.8374894	0.014517349
360.96	0.0090921656	-5.8375338	0.015004006
361.088	0.0090790569	-5.8374517	0.015241367
361.216	0.0090061548	-5.8372128	0.017056845
361.344	0.0091186924	-5.8377795	0.015167397
361.472	0.0090943446	-5.8375208	0.016840159
361.6	0.0089513236	-5.8370684	0.016886509
361.728	0.0091385679	-5.837298	0.014984429
361.856	0.0091028514	-5.8371549	0.017914312
361.984	0.009173678	-5.8373359	0.014599308
362.112	0.0091671389	-5.8371678	0.013168892
362.24	0.009222627	-5.8374535	0.014106646
362.368	0.0091538643	-5.8370016	0.014320104
362.496	0.0091699427	-5.8372499	0.014411881
362.624	0.0092297872	-5.8375002	0.01484391
362.752	0.0092359504	-5.837564	0.01485304
362.88	0.0091600569	-5.8372979	0.013237241
363.008	0.0090765664	-5.8372771	0.015419088
363.136	0.0092391912	-5.8374184	0.013470097
363.264	0.0091284292	-5.8373948	0.013210744
363.392	0.0090804887	-5.8372318	0.015734632
363.52	0.0090680963	-5.8372747	0.016409095
363.648	0.009033308	-5.8371858	0.015963598
363.776	0.0091995056	-5.8373645	0.013521199
363.904	0.0087644728	-5.8372975	0.014481118
364.032	0.0091795498	-5.8378404	0.01392039
364.16	0.0090209059	-5.837454	0.014138394
364.288	0.0088727881	-5.8375097	0.016499706
364.416	0.0088803586	-5.8374312	0.01631056
364.544	0.0088946067	-5.8374459	0.014152395
364.672	0.0089144583	-5.8374667	0.01278779
364.8	0.0089175734	-5.8374854	0.014144645
364.928	0.008880621	-5.8376701	0.014602126
365.056	0.0087012364	-5.8375214	0.012934341
365.184	0.0089219146	-5.8374902	0.012844294
365.312	0.0087975536	-5.8373521	0.015249811
365.44	0.0088472498	-5.8376347	0.013810685
365.568	0.0087383999	-5.83768	0.013914168
365.696	0.0088058148	-5.8377035	0.014274921
365.824	0.0087739134	-5.8376442	0.013741705
365.952	0.0087426646	-5.8375242	0.013037568
366.08	0.0088693562	-5.8375839	0.013773127
366.208	0.0088639067	-5.837558	0.015452411
366.336	0.0089183308	-5.83757	0.013086834
366.464	0.008896503	-5.8374458	0.012806344
366.592	0.0088441644	-5.8372778	0.015018879
366.72	0.0088903995	-5.8374041	0.014191772
366.848	0.0090795904	-5.8376045	0.013203449
366.976	0.0089286772	-5.8374736	0.014849495
367.104	0.0089657859	-5.837561	0.013872658
367.232	0.009005451	-5.8374241	0.014196136
367.36	0.0089091971	-5.837353	0.014600954
367.488	0.0091012408	-5.8373459	0.01299976
367.616	0.0091399485	-5.8373839	0.014199141
367.744	0.0089561396	-5.8373839	0.015977839
367.872	0.0090754057	-5.837176	0.014551257
368	0.0092334411	-5.8372516	0.013709146
368.128	0.009084004	-5.8374625	0.017411867
368.256	0.0093337735	-5.8375704	0.015851546
368.384	0.0091483428	-5.8374179	0.01361214
368.512	0.0092009457	-5.8371694	0.015225173
368.64	0.0091445007	-5.8370689	0.016797189
368.768	0.0092234001	-5.8371418	0.014768393
368.896	0.0091350001	-5.8372436	0.016329219
369.024	0.0092022801	-5.8373288	0.015667515
369.152	0.0092039388	-5.8371924	0.014931577
369.28	0.0091642842	-5.8371148	0.016214706
369.408	0.0091511252	-5.8372609	0.015850955
369.536	0.0091498889	-5.8372194	0.015655784
369.664	0.0089842131	-5.837114	0.013519508
369.792	0.0090061445	-5.8369889	0.014017306
369.92	0.0091890109	-5.8372642	0.013959428
370.048	0.009077725	-5.8374436	0.011727986
370.176	0.0089743937	-5.8372047	0.014348858
370.304	0.0089418866	-5.8375011	0.014431757
370.432	0.0089727741	-5.8373762	0.013144319
370.56	0.0088038309	-5.837377	0.013333911
370.688	0.00901333	-5.8375852	0.013465463
370.816	0.009104099	-5.8376594	0.012656375
370.944	0.0090023185	-5.8377561	0.012937648
371.072	0.0088871091	-5.837529	0.01408623
371.2	0.008626811	-5.8375575	0.013799139
371.328	0.0089032343	-5.8377154	0.013271991
371.456	0.0088746908	-5.8378899	0.012870721
371.584	0.0088000288	-5.8377248	0.013850805
371.712	0.0088557406	-5.837609	0.015324598
371.84	0.0088428466	-5.8375084	0.014161819
371.968	0.0087567499	-5.8372754	0.014770037
372.096	0.0088252161	-5.837726	0.013496415
372.224	0.0088068104	-5.8376551	0.015337518
372.352	0.0088831487	-5.8376866	0.015640098
372.48	0.008743665	-5.8373632	0.014922561
372.608	0.0088768048	-5.8374043	0.015021235
372.736	0.0088935746	-5.8373844	0.01514103
372.864	0.0088640745	-5.8372953	0.01489228
372.992	0.0090086853	-5.8376963	0.014499491
373.12	0.0089772942	-5.8377064	0.014735998
373.248	0.0089872694	-5.8377053	0.015033267
373.376	0.0088904961	-5.8374149	0.013700239
373.504	0.0090506164	-5.8374871	0.014508636
373.632	0.0090052024	-5.837424	0.016208314
373.76	0.0090567057	-5.837716	0.016512161
373.888	0.0090016511	-5.8374984	0.015895759
374.016	0.0091315986	-5.8373679	0.013000987
374.144	0.0089965948	-5.8371471	0.012532962
374.272	0.0091168119	-5.8372305	0.014203552
374.4	0.0093016391	-5.837591	0.015719484
374.528	0.0091281231	-5.8375225	0.016513868
374.656	0.0091906837	-5.8374355	0.01574895
374.784	0.0091069242	-5.837138	0.015339536
374.912	0.0091867696	-5.8371301	0.014881725
375.04	0.0092322817	-5.8372392	0.013863892
375.168	0.0092214065	-5.8371917	0.012678499
375.296	0.0090542945	-5.8370952	0.01573113
375.424	0.0091867765	-5.8370137	0.014379234
375.552	0.0090677399	-5.837049	0.014878002
375.68	0.0090233064	-5.8370278	0.016225851
375.808	0.0093311019	-5.8374508	0.0135794
375.936	0.0090993666	-5.8370811	0.013859659
376.064	0.0089745049	-5.8370293	0.01472275
376.192	0.0088969455	-5.8371139	0.01391847
376.32	0.0091698382	-5.8371031	0.013859984
376.448	0.0090540724	-5.8371299	0.013392291
376.576	0.0091237826	-5.8374701	0.014878865
376.704	0.008892195	-5.8375159	0.016692048
376.832	0.0089911507	-5.8374307	0.015291301
376.96	0.0089746365	-5.8374751	0.013760866
377.088	0.0090143291	-5.8376531	0.013117186
377.216	0.0088749765	-5.837512	0.014266157
377.344	0.0088639503	-5.837369	0.01485938
377.472	0.0088151958	-5.8375193	0.014141913
377.6	0.0089282298	-5.8379421	0.013783541
377.728	0.0088455048	-5.8375476	0.015506828
377.856	0.0089410868	-5.8377457	0.01342069
377.984	0.0087199151	-5.8375811	0.014760972
378.112	0.00892386	-5.837677	0.015678017
378.24	0.0087252597	-5.8373118	0.015134935
378.368	0.0089016317	-5.8373997	0.013856874
378.496	0.0087775984	-5.8375868	0.015079433
378.624	0.0088175881	-5.8376133	0.014632445
378.752	0.0089455545	-5.8375356	0.015679742
378.88	0.0088900526	-5.837607	0.016167261
379.008	0.0088703582	-5.8376874	0.014357138
379.136	0.0087882434	-5.8375767	0.014366147
379.264	0.0089032282	-5.8376721	0.013400101
379.392	0.0088990612	-5.8376433	0.013240249
379.52	0.0089644822	-5.8376763	0.013848416
379.648	0.0089960307	-5.8374735	0.013344642
379.776	0.0091195598	-5.8375103	0.013051089
379.904	0.0089098144	-5.8374186	0.015883295
380.032	0.0090416839	-5.8374302	0.014731929
380.16	0.009126145	-5.8374376	0.015571105
380.288	0.0090566678	-5.8372858	0.016438232
380.416	0.0090364276	-5.8373943	0.014492996
380.544	0.0092268406	-5.8375014	0.013320096
380.672	0.0090749191	-5.8371927	0.013489176
380.8	0.0092006485	-5.8373552	0.013939723
380.928	0.0092082672	-5.8371921	0.015432651
381.056	0.0089791224	-5.8372039	0.014983522
381.184	0.0091740713	-5.8372205	0.013544141
381.312	0.0091201323	-5.8371605	0.017309175
381.44	0.0091603468	-5.8373201	0.016830092
381.568	0.0093447864	-5.8372576	0.013816591
381.696	0.0089388341	-5.8368449	0.015977323
381.824	0.0092073159	-5.8371453	0.015614447
381.952	0.009142175	-5.8372826	0.015908996
382.08	0.0090454315	-5.8374405	0.014253487
382.208	0.0092071418	-5.8372746	0.011952059
382.336	0.0090898436	-5.8373311	0.014621445
382.464	0.0090771981	-5.837351	0.014387174
382.592	0.0089295692	-5.8371689	0.013602243
382.72	0.0089268481	-5.8369788	0.015077191
382.848	0.0092017012	-5.8372484	0.014339156
382.976	0.0088899437	-5.8370267	0.013609113
383.104	0.0089919583	-5.8372355	0.013286491
383.232	0.0089129119	-5.8375037	0.014025028
383.36	0.0089797197	-5.8376648	0.012899859
383.488	0.0089413184	-5.8378405	0.012821189
383.616	0.0088610429	-5.8377068	0.012224901
383.744	0.0088866696	-5.8377728	0.01324589
383.872	0.0088788928	-5.8376853	0.014464607
384	0.0088223631	-5.8375585	0.014206768
384.128	0.009058009	-5.8378158	0.01329562
384.256	0.0087311076	-5.8376334	0.015124882
384.384	0.0088548101	-5.8375831	0.013217089
384.512	0.0087695174	-5.8376445	0.013367828
384.64	0.0089367068	-5.8377202	0.015050151
384.768	0.0088013512	-5.8374156	0.015016829
384.896	0.0089090357	-5.8372225	0.014726699
385.024	0.0088581045	-5.8374564	0.014628308
385.152	0.0089724609	-5.8376405	0.01270627
385.28	0.0088612365	-5.8374044	0.014127914
385.408	0.0090048887	-5.8375156	0.012787329
385.536	0.0088529788	-5.8375633	0.013281321
385.664	0.008865782	-5.837443	0.013255132
385.792	0.0089437399	-5.8376737	0.013300657
385.92	0.0089999243	-5.8375416	0.014262065
386.048	0.0090212245	-5.8376198	0.013548885
386.176	0.0088413302	-5.8372367	0.013772487
386.304	0.0090867099	-5.8375602	0.015541902
386.432	0.0091449404	-5.8372907	0.014605888
386.56	0.0090792963	-5.8372219	0.015182144
386.688	0.0090022783	-5.8369585	0.016072851
386.816	0.0092277182	-5.8374224	0.015738732
386.944	0.0090218928	-5.837096	0.016344372
387.072	0.0091870416	-5.8372964	0.015875461
387.2	0.0091495013	-5.8373744	0.015427301
387.328	0.0091631115	-5.8374429	0.014382568
387.456	0.0090807064	-5.8372118	0.015844893
387.584	0.0092622061	-5.8370862	0.014899902
387.712	0.0091444324	-5.8373049	0.014273318
387.84	0.0089733123	-5.8369828	0.015026597
387.968	0.0092579771	-5.837291	0.01504925
388.096	0.0091867963	-5.8373377	0.014577633
388.224	0.0090047868	-5.8370607	0.01536032
388.352	0.0091334475	-5.8373806	0.014956223
388.48	0.0091673338	-5.8375956	0.013649876
388.608	0.0090222331	-5.8373201	0.015193519
388.736	0.0091075664	-5.8373236	0.015722003
388.864	0.009016674	-5.8373177	0.014046543
388.992	0.008990403	-5.8370848	0.013463485
389.12	0.0089784252	-5.8370741	0.014925774
389.248	0.0091208131	-5.8373377	0.015672295
389.376	0.0089296776	-5.8373399	0.014102652
389.504	0.0089046426	-5.8372518	0.013618898
389.632	0.008926634	-5.8376546	0.012602142
389.76	0.0089073623	-5.8373339	0.013663314
389.888	0.0089176304	-5.8376267	0.015913004
390.016	0.0089424788	-5.8376984	0.015582561
390.144	0.0088398321	-5.8375742	0.015932799
390.272	0.0089782006	-5.8376916	0.014861567
390.4	0.0087009375	-5.8372921	0.016131047
390.528	0.0089572177	-5.8376562	0.015309084
390.656	0.0088559917	-5.8375531	0.011891637
390.784	0.0088029917	-5.8376607	0.013406976
390.912	0.0087545084	-5.8376279	0.015025787
391.04	0.0089208689	-5.8375727	0.013539727
391.168	0.0086764421	-5.8372477	0.014357796
391.296	0.008957182	-5.8375522	0.014779782
391.424	0.0088778493	-5.8375161	0.015344206
391.552	0.0088813437	-5.8374472	0.014643189
391.68	0.0090365793	-5.837559	0.013579095
391.808	0.0088612235	-5.837366	0.01510644
391.936	0.0089004419	-5.8373001	0.015182672
392.064	0.0090165789	-5.8375183	0.015634868
392.192	0.0090067825	-5.8372899	0.016227544
392.32	0.0089568071	-5.8372768	0.015235594
392.448	0.0090665353	-5.8375482	0.014944539
392.576	0.0089840523	-5.8370894	0.014425892
392.704	0.0091064544	-5.8374035	0.015077364
392.832	0.0091417036	-5.8374277	0.014088789
392.96	0.0089889128	-5.8372307	0.014913347
393.088	0.0090248795	-5.8371676	0.014829697
393.216	0.0092102295	-5.8373243	0.012933207
393.344	0.0090306569	-5.8370666	0.013141843
393.472	0.0091085594	-5.8373021	0.014041561
393.6	0.0090843408	-5.8372815	0.013546636
393.728	0.0091786465	-5.8373981	0.01302254
393.856	0.0090920485	-5.8371946	0.013660929
393.984	0.0091256031	-5.8373071	0.012301174
394.112	0.0090597874	-5.8371233	0.014456708
394.24	0.0092144894	-5.8374139	0.014993216
394.368	0.009040295	-5.8371357	0.0162058
394.496	0.0090570467	-5.8374623	0.017002237
394.624	0.0091921417	-5.8373756	0.016849381
394.752	0.0090947753	-5.8373317	0.015025066
394.88	0.0090888953	-5.8372844	0.014886377
395.008	0.0089970748	-5.8372247	0.015712995
395.136	0.0089500977	-5.8373561	0.015974711
395.264	0.0090901798	-5.8374471	0.015561154
395.392	0.0090640838	-5.8373049	0.014330004
395.52	0.0090500815	-5.837549	0.013259483
395.648	0.0088532772	-5.8373777	0.014021767
395.776	0.0088945478	-5.8372931	0.013979982
395.904	0.0089755471	-5.8374056	0.013394226
396.032	0.0089722161	-5.8374137	0.013314899
396.16	0.0087953193	-5.8373105	0.013632313
396.288	0.0089621036	-5.8372947	0.013171379
396.416	0.0089484475	-5.8375203	0.015372417
396.544	0.0088447157	-5.8374709	0.01385648
396.672	0.0087335342	-5.8374773	0.014937245
396.8	0.0089169511	-5.8375462	0.014925545
396.928	0.0087893549	-5.8375219	0.013123066
397.056	0.0088175345	-5.8376151	0.014576905
397.184	0.0089185519	-5.8375054	0.01488051
397.312	0.0088072842	-5.8376356	0.014986527
397.44	0.0088001505	-5.8373352	0.015068037
397.568	0.0088770255	-5.8374948	0.013570081
397.696	0.0089580792	-5.8374265	0.014212725
397.824	0.0089126057	-5.8372715	0.014875529
397.952	0.0089527138	-5.8374544	0.015023704
398.08	0.0088091023	-5.8371814	0.014582399
398.208	0.0090640837	-5.8376431	0.011475071
398.336	0.0088645241	-5.8374229	0.011788753
398.464	0.0088100963	-5.8373453	0.013400795
398.592	0.0090680658	-5.8376827	0.012307477
398.72	0.0088657276	-5.8373876	0.015168798
398.848	0.0091009293	-5.837578	0.015722604
398.976	0.0088751727	-5.8375004	0.015955433
399.104	0.0092408851	-5.8377449	0.014385838
399.232	0.0090383892	-5.8374587	0.015097343
399.36	0.009068482	-5.837384	0.015552894
399.488	0.0091276711	-5.8373387	0.015623046
399.616	0.0091983833	-5.8374144	0.014592588
399.744	0.0091094039	-5.8372532	0.014634142
399.872	0.0092483994	-5.8373406	0.013917406
400	0.0090422841	-5.8372375	0.015900686
400.128	0.0092057586	-5.8372279	0.013940929
400.256	0.0091069532	-5.8370723	0.014712545
400.384	0.0090755715	-5.8371075	0.017200748
400.512	0.0092750194	-5.8373491	0.014974123
400.64	0.0091570429	-5.8373594	0.016275006
400.768	0.0090476178	-5.8372579	0.017144062
400.896	0.0091159639	-5.8373127	0.015482162
401.024	0.0090697925	-5.8371533	0.016252144
401.152	0.0090810963	-5.8372925	0.013746624
401.28	0.0091532703	-5.8374033	0.014112643
401.408	0.0089401936	-5.8373112	0.014538312
401.536	0.0091632021	-5.837303	0.013588938
401.664	0.0089690181	-5.8372994	0.016538068
401.792	0.009011873	-5.8373651	0.016307652
401.92	0.0089899452	-5.8375162	0.014841619
402.048	0.0089206229	-5.8372293	0.015062278
402.176	0.0089727366	-5.8372439	0.012509873
402.304	0.0088878913	-5.837376	0.013397106
402.432	0.0088772629	-5.837533	0.015402612
402.56	0.008969177	-5.8376027	0.01349302
402.688	0.0088358904	-5.8376361	0.016052937
402.816	0.0088422517	-5.8377449	0.015160493
402.944	0.0088830573	-5.8373912	0.01309631
403.072	0.0087466176	-5.8374198	0.012377566
403.2	0.0088274125	-5.8375989	0.013335945
403.328	0.0087932122	-5.837318	0.015516299
403.456	0.0088882794	-5.8373983	0.014756969
403.584	0.0090226224	-5.8377193	0.011548305
403.712	0.0088042798	-5.8372532	0.013291658
403.84	0.0088838972	-5.8371254	0.013810149
403.968	0.008839263	-5.8374674	0.014080653
404.096	0.0089713643	-5.8375302	0.014259526
404.224	0.0088970824	-5.8376365	0.01423414
404.352	0.0088335464	-5.8373693	0.013935609
404.48	0.0089860575	-5.8374493	0.01425235
404.608	0.0088886643	-5.8373561	0.012865233
404.736	0.0089832436	-5.8374284	0.012781379
404.864	0.008805952	-5.8369675	0.01461129
404.992	0.0090496452	-5.8373434	0.014221814
405.12	0.0090002154	-5.8371564	0.013821646
405.248	0.0091004739	-5.8373052	0.013643612
405.376	0.0090472927	-5.8371485	0.014162234
405.504	0.0091249679	-5.8372508	0.012977307
405.632	0.0090774401	-5.8373229	0.013751868
405.76	0.0090676951	-5.8372173	0.013639017
405.888	0.0089842372	-5.8372096	0.014352162
406.016	0.0091129797	-5.8374812	0.014220064
406.144	0.0091015759	-5.8372491	0.014492112
406.272	0.0091545924	-5.8374859	0.016860341
406.4	0.0091478806	-5.8373199	0.015620342
406.528	0.0091827598	-5.837163	0.014783626
406.656	0.0092282956	-5.8373626	0.014321054
406.784	0.0089947142	-5.83703	0.015610406
406.912	0.0090561758	-5.8372606	0.017188694
407.04	0.0094107451	-5.8377565	0.01482193
407.168	0.0088941078	-5.8372408	0.017245873
407.296	0.0091952839	-5.8373326	0.016836377
407.424	0.0090816725	-5.8373309	0.014605575
407.552	0.0091112878	-5.8373223	0.012940724
407.68	0.0090280476	-5.8373128	0.013383881
407.808	0.0090671722	-5.8371865	0.014610955
407.936	0.0089369964	-5.837399	0.014962203
408.064	0.0090426512	-5.8373026	0.013949488
408.192	0.0090210923	-5.8373163	0.014590415
408.32	0.0090408934	-5.8374766	0.014032195
408.448	0.0089427048	-5.8373977	0.014635707
408.576	0.0089399136	-5.8373709	0.014578893
408.704	0.0088477721	-5.837221	0.013222124
408.832	0.0089891593	-5.837543	0.012309204
408.96	0.0088805092	-5.8376306	0.012471748
409.088	0.0088398133	-5.8377951	0.01421415
409.216	0.0087631824	-5.8374256	0.015790595
409.344	0.0089481021	-5.8376614	0.013296883
409.472	0.0088438222	-5.8377367	0.013972956
409.6	0.0089049978	-5.8376795	0.0138399
409.728	0.0087683965	-5.8375685	0.012703726
409.856	0.0088195477	-5.8373702	0.015511387
409.984	0.008889766	-5.8375067	0.015365992
410.112	0.0088354766	-5.8375709	0.013814988
410.24	0.0088165162	-5.8373079	0.014964787
410.368	0.0088096823	-5.8373396	0.014908048
410.496	0.009043479	-5.8377232	0.014425714
410.624	0.00890243	-5.8375676	0.016656923
410.752	0.0088529443	-5.8377283	0.014684608
410.88	0.0090481066	-5.8377311	0.01382292
411.008	0.0089972329	-5.8374791	0.015609291
411.136	0.0089729607	-5.8372668	0.014592014
411.264	0.0091039538	-5.837455	0.013675495
411.392	0.0089595659	-5.8372379	0.015021494
411.52	0.0089732209	-5.8371083	0.014871984
411.648	0.0090933299	-5.8375028	0.014779882
411.776	0.0090807618	-5.8372972	0.014618255
411.904	0.0089758925	-5.8372429	0.01413103
412.032	0.009055795	-5.8371426	0.014521992
412.16	0.008996057	-5.8370448	0.014915828
412.288	0.009166209	-5.8372544	0.013463661
412.416	0.0090583439	-5.8369853	0.01435161
412.544	0.0091693573	-5.8372733	0.015342175
412.672	0.0091430297	-5.8371972	0.014779437
412.8	0.0090437407	-5.8372245	0.016713515
412.928	0.009057843	-5.8371732	0.015282192
413.056	0.0092224063	-5.8372302	0.013407221
413.184	0.0092938824	-5.8371781	0.015338906
413.312	0.0091104463	-5.8371441	0.01530633
413.44	0.0090935292	-5.8373317	0.014926249
413.568	0.0090918945	-5.8373331	0.014787136
413.696	0.0091510004	-5.8373233	0.016100101
413.824	0.0091207861	-5.8371172	0.016025753
413.952	0.0091196539	-5.8373161	0.014600432
414.08	0.0090655944	-5.8370979	0.015534199
414.208	0.0089480301	-5.8371721	0.013080521
414.336	0.0090325281	-5.837319	0.013189618
414.464	0.0090282425	-5.837467	0.015614627
414.592	0.0090318327	-5.8374841	0.015862152
414.72	0.0089399141	-5.8375029	0.015774918
414.848	0.0088919766	-5.8375399	0.014152425
414.976	0.0089011179	-5.8374224	0.014960018
415.104	0.0089570546	-5.8373685	0.013560239
415.232	0.008862798	-5.8374467	0.013904408
415.36	0.0089780745	-5.8373822	0.015010003
415.488	0.0087255249	-5.8371931	0.014707985
415.616	0.0088304754	-5.837382	0.013230895
415.744	0.0087554156	-5.8374085	0.015292278
415.872	0.0089102545	-5.8378036	0.014232986
416	0.0088568893	-5.8377641	0.012925084
416.128	0.0086963458	-5.8375751	0.015875098
416.256	0.0088454463	-5.8376893	0.013735866
416.384	0.0087554695	-5.8374195	0.012936835
416.512	0.0089534816	-5.8378127	0.01320868
416.64	0.0088924557	-5.83755	0.015213332
416.768	0.008878604	-5.8375547	0.014203698
416.896	0.0088677781	-5.8375496	0.012734791
417.024	0.0088673118	-5.8375333	0.013692166
417.152	0.0089876824	-5.8374162	0.013250258
417.28	0.0089441191	-5.837394	0.014769713
417.408	0.0088584496	-5.8372628	0.014745554
417.536	0.0089580347	-5.8375611	0.013920524
417.664	0.008994902	-5.8372005	0.015347064
417.792	0.0090797755	-5.8372559	0.014699418
417.92	0.0089968421	-5.8371453	0.014783968
418.048	0.0089843687	-5.8371507	0.017230963
418.176	0.0091101271	-5.8375169	0.013883853
418.304	0.0091109926	-5.8375199	0.012825145
418.432	0.0090310011	-5.8372973	0.014849658
418.56	0.0092210622	-5.837444	0.013116686
418.688	0.0092005171	-5.8372921	0.015082979
418.816	0.0091055292	-5.8370672	0.017139032
418.944	0.0092493974	-5.8372674	0.016926156
419.072	0.0091916982	-5.8372018	0.016684295
419.2	0.0090588115	-5.8371216	0.015205326
419.328	0.009141283	-5.8370387	0.014943663
419.456	0.0091395887	-5.837221	0.014037589
419.584	0.0091539912	-5.8372891	0.014888512
419.712	0.0090570778	-5.8373996	0.01497184
419.84	0.0091719772	-5.8376834	0.013253228
419.968	0.0091189907	-5.8375958	0.013578705
420.096	0.00909024	-5.8372722	0.013741138
420.224	0.0089672036	-5.8372298	0.01535777
420.352	0.009232876	-5.8375218	0.012733782
420.48	0.0090806456	-5.8371758	0.014111731
420.608	0.0090458281	-5.8373627	0.015166594
420.736	0.0090068496	-5.8374777	0.013747336
420.864	0.0090559228	-5.8374477	0.014071294
420.992	0.0089317901	-5.8372583	0.014113828
421.12	0.0089656552	-5.8374201	0.012983479
421.248	0.0089002872	-5.8373935	0.016069616
421.376	0.0089069022	-5.8376326	0.016351179
421.504	0.0088904014	-5.8375894	0.01370041
421.632	0.0087420436	-5.8373819	0.014625477
421.76	0.0088513062	-5.8375784	0.011880755
421.888	0.0088048279	-5.8375548	0.01250636
422.016	0.0088560069	-5.8373907	0.01317045
422.144	0.0088033031	-5.8373919	0.014045756
422.272	0.0088978978	-5.8376157	0.014420732
422.4	0.0087116528	-5.8374445	0.01543703
422.528	0.0088900429	-5.8375201	0.015556624
422.656	0.0089535886	-5.8377337	0.014748121
422.784	0.0087356953	-5.837482	0.016431767
422.912	0.0088289253	-5.8376186	0.015977047
423.04	0.0088206447	-5.8378304	0.015762359
423.168	0.0088150296	-5.8375931	0.014284766
423.296	0.0090078967	-5.8373855	0.012984242
423.424	0.0089209778	-5.8375058	0.014221541
423.552	0.008891464	-5.8375232	0.014518709
423.68	0.0090770751	-5.8376327	0.013503132
423.808	0.0088954873	-5.8375191	0.014860634
423.936	0.0089858821	-5.8372235	0.014489004
424.064	0.0091547513	-5.8376564	0.012888644
424.192	0.0089540116	-5.8369692	0.015817464
424.32	0.0091044924	-5.8373962	0.015146028
424.448	0.0091365697	-5.8373039	0.013761188
424.576	0.0091690782	-5.8375081	0.015597633
424.704	0.0090595076	-5.8373503	0.016270997
424.832	0.0089746853	-5.8372673	0.015096708
424.96	0.0091721533	-5.837413	0.013210592
425.088	0.009009839	-5.8368837	0.015813309
425.216	0.0092697397	-5.8371234	0.014799546
425.344	0.0090560943	-5.8372637	0.014007754
425.472	0.0091969859	-5.8376984	0.013672214
425.6	0.0092181314	-5.8373747	0.014718707
425.728	0.0091542656	-5.8374385	0.013691463
425.856	0.0089987309	-5.8374468	0.015301564
425.984	0.0091492984	-5.8373998	0.013959163
426.112	0.009079573	-5.8370438	0.014033017
426.24	0.0092850229	-5.8372496	0.013845863
426.368	0.0091698105	-5.8374613	0.012487939
426.496	0.0089842263	-5.837128	0.014713258
426.624	0.009082805	-5.8373365	0.015532663
426.752	0.0091101538	-5.8375405	0.013787095
426.88	0.0089985163	-5.8373788	0.014957655
427.008	0.0089421086	-5.8374851	0.013777543
427.136	0.0089171237	-5.8373018	0.014250604
427.264	0.0090631615	-5.8374811	0.015509229
427.392	0.0089183402	-5.8373506	0.015890131
427.52	0.0089040711	-5.8372975	0.01654876
427.648	0.00887881	-5.8374186	0.014016149
427.776	0.0088844204	-5.8373665	0.013489207
427.904	0.0089817461	-5.8376052	0.013529211
428.032	0.0088357171	-5.8375753	0.012457346
428.16	0.0087859597	-5.8375507	0.012169477
428.288	0.0090817925	-5.8379501	0.013045203
428.416	0.0086442042	-5.8374558	0.012836804
428.544	0.0090246453	-5.8378599	0.011723777
428.672	0.0088790185	-5.8377568	0.013043285
428.8	0.0088816569	-5.8377368	0.01410004
428.928	0.0089612352	-5.8375116	0.015161659
429.056	0.0087505205	-5.8373967	0.015367365
429.184	0.0088232107	-5.8374513	0.015484787
429.312	0.0089038841	-5.8376582	0.015572547
429.44	0.0088610468	-5.8374402	0.015948892
429.568	0.0088991506	-5.8375416	0.013254301
429.696	0.0090702127	-5.8376482	0.013965311
429.824	0.0088592751	-5.8373675	0.015251144
429.952	0.0088362201	-5.8374292	0.015236245
430.08	0.0089372917	-5.8374581	0.018365523
430.208	0.0091515905	-5.8375148	0.016314991
430.336	0.0090916802	-5.8373552	0.014110259
430.464	0.0091202614	-5.8372533	0.015390155
430.592	0.0090146628	-5.8371832	0.0142832
430.72	0.0090726839	-5.8374139	0.014003464
430.848	0.0090033213	-5.8373289	0.01591602
430.976	0.0089393981	-5.8370553	0.01524598
431.104	0.0091740161	-5.8372578	0.01279144
431.232	0.0092617228	-5.8372762	0.012419792
431.36	0.0090897604	-5.8373063	0.014978806
431.488	0.0091785938	-5.8372989	0.014150557
431.616	0.0091596546	-5.8372823	0.013076224
431.744	0.0088833549	-5.8369972	0.013619609
431.872	0.009317774	-5.8374169	0.015142366
432	0.0090858599	-5.8373266	0.014415212
432.128	0.0091776375	-5.8371515	0.012225357
432.256	0.0092813243	-5.8373205	0.013616237
432.384	0.0089210086	-5.837134	0.016202428
432.512	0.0090790483	-5.8372578	0.014514765
432.64	0.0092213978	-5.8373423	0.013095032
432.768	0.0090823356	-5.8371369	0.016250447
432.896	0.0091559799	-5.8373335	0.016628287
433.024	0.009001878	-5.8372799	0.015799982
433.152	0.0090025469	-5.8373808	0.01627486
433.28	0.0090181016	-5.8372367	0.016161593
433.408	0.009004062	-5.8373052	0.015870749
433.536	0.0089743415	-5.8373355	0.014693821
433.664	0.0089448025	-5.8374074	0.014366881
433.792	0.0090495985	-5.8376739	0.013889194
433.92	0.0089295823	-5.8375712	0.015512035
434.048	0.0089730168	-5.8377447	0.014476164
434.176	0.0088883151	-5.8376655	0.014132558
434.304	0.0088289934	-5.8376171	0.013855298
434.432	0.0088748585	-5.8375401	0.012064998
434.56	0.0087515059	-5.8372577	0.012852489
434.688	0.0088801242	-5.8374028	0.0138752
434.816	0.0088199299	-5.8375509	0.015561267
434.944	0.0088200753	-5.8376752	0.014496658
435.072	0.0089678058	-5.8378239	0.013526209
435.2	0.0089164632	-5.8375882	0.013078959
435.328	0.0087227915	-5.8373002	0.014131128
435.456	0.0089759222	-5.8375511	0.015814769
435.584	0.0089871128	-5.8374694	0.015347393
435.712	0.0088719142	-5.8372408	0.015284152
435.84	0.0087725115	-5.8372295	0.015358053
435.968	0.0089628952	-5.8374511	0.014332894
436.096	0.0089724619	-5.8374752	0.014692809
436.224	0.0088927576	-5.8373068	0.013995979
436.352	0.0089509071	-5.8374507	0.014540774
436.48	0.0090888332	-5.8375553	0.013142653
436.608	0.008980581	-5.8374109	0.014282044
436.736	0.0089468385	-5.83738	0.015310176
436.864	0.0089668835	-5.8373659	0.015167805
436.992	0.0089410728	-5.8373186	0.01562746
437.12	0.0092577699	-5.8373723	0.015572572
437.248	0.009112619	-5.8372901	0.016107937
437.376	0.0091608712	-5.8373903	0.014451922
437.504	0.0090468602	-5.8370163	0.013364687
437.632	0.0090625293	-5.8373047	0.013452311
437.76	0.0091169433	-5.8372255	0.013871753
437.888	0.0090961932	-5.8371532	0.014658958
438.016	0.0091821006	-5.8372658	0.015314373
438.144	0.0092199966	-5.8373455	0.014959339
438.272	0.0092291748	-5.8374911	0.013786311
438.4	0.0090666002	-5.8371968	0.015032362
438.528	0.0091724599	-5.8372859	0.014116229
438.656	0.0091883985	-5.8372018	0.012004077
438.784	0.0091671544	-5.8372704	0.013729355
438.912	0.0091443205	-5.8373425	0.015774289
439.04	0.009054285	-5.8373337	0.013267152
439.168	0.0089173641	-5.8374564	0.013050252
439.296	0.0091199678	-5.8375655	0.013586814
439.424	0.0090157732	-5.8376026	0.014819761
439.552	0.0089484356	-5.8374217	0.015913683
439.68	0.0091095475	-5.8375582	0.01547817
439.808	0.0089289394	-5.8372971	0.015812921
439.936	0.0089623855	-5.8375695	0.01497363
440.064	0.0089225912	-5.8374051	0.016722231
440.192	0.0089330395	-5.8375263	0.015350536
440.32	0.0088626476	-5.8373877	0.014230049
440.448	0.0089446507	-5.8373851	0.012598173
440.576	0.009013175	-5.8374133	0.01190129
440.704	0.0088658214	-5.8376849	0.014366946
440.832	0.0089237322	-5.8377681	0.014025913
440.96	0.0088534423	-5.8375292	0.011848766
441.088	0.0088140964	-5.8375427	0.012043369
441.216	0.0088088745	-5.8376314	0.01380465
441.344	0.0087574919	-5.8376099	0.01544016
441.472	0.0089714069	-5.8376898	0.015179934
441.6	0.0088136112	-5.8374409	0.014141453
441.728	0.0088893394	-5.8377371	0.013863886
441.856	0.0088346467	-5.8374341	0.014001708
441.984	0.0089017023	-5.8374992	0.0139074
442.112	0.0089706255	-5.8374132	0.014903829
442.24	0.0089226682	-5.8375942	0.015415093
442.368	0.0089455377	-5.8372294	0.015444158
442.496	0.0088884206	-5.8371638	0.01475815
442.624	0.0088716511	-5.83735	0.01511539
442.752	0.0089570733	-5.8373794	0.012974273
442.88	0.0090223867	-5.8373317	0.013826309
443.008	0.0090013067	-5.8371982	0.015169645
443.136	0.0091178278	-5.8374951	0.015067815
443.264	0.0090842454	-5.837137	0.012380836
443.392	0.0090742016	-5.8374049	0.012970787
443.52	0.0091759417	-5.8374155	0.014493095
443.648	0.0089385116	-5.8371532	0.013915537
443.776	0.0091415124	-5.8373281	0.013133965
443.904	0.0091479728	-5.8373092	0.013676222
444.032	0.0091096768	-5.837629	0.01492614
444.16	0.0092068513	-5.8373715	0.015184896
444.288	0.0091228942	-5.8374144	0.015747372
444.416	0.0091712343	-5.8372693	0.015431937
444.544	0.0090037264	-5.8370999	0.015488572
444.672	0.0092084943	-5.8372736	0.017736932
444.8	0.0092013174	-5.8374831	0.01525355
444.928	0.0091443422	-5.8373364	0.014888586
445.056	0.0090220786	-5.8372024	0.015422367
445.184	0.0091109654	-5.8374967	0.013725688
445.312	0.0090016036	-5.8374431	0.014251103
445.44	0.0091418858	-5.837344	0.015025545
445.568	0.0091279584	-5.8373212	0.013686848
445.696	0.0090684496	-5.8374166	0.013938215
445.824	0.0088279705	-5.8373191	0.015124205
445.952	0.0090240914	-5.8373917	0.014202288
446.08	0.0090331073	-5.8373605	0.014656846
446.208	0.0089636947	-5.837289	0.014435207
446.336	0.008983116	-5.837124	0.016027728
446.464	0.0089471835	-5.8372336	0.014890608
446.592	0.0086951093	-5.8370923	0.014498996
446.72	0.008973399	-5.8375079	0.014832961
446.848	0.0089621743	-5.8375998	0.015580285
446.976	0.0089412007	-5.8373672	0.013205
447.104	0.0088478805	-5.8373945	0.013281675
447.232	0.0089351291	-5.8375809	0.012769676
447.36	0.0088609342	-5.8376967	0.013683723
447.488	0.0088533806	-5.8375716	0.015401397
447.616	0.0088676417	-5.8376254	0.013387203
447.744	0.0086966071	-5.8375637	0.013305201
447.872	0.0089515228	-5.8375774	0.014628787
448	0.0087886315	-5.837496	0.015919607
448.128	0.0088603615	-5.8375789	0.014336771
448.256	0.0087942642	-5.837581	0.01486506
448.384	0.0087986524	-5.8375423	0.016322781
448.512	0.008900228	-5.8376887	0.012564028
448.64	0.0090252997	-5.8377479	0.014064178
448.768	0.0089435466	-5.8374274	0.014255555
448.896	0.0089905381	-5.8375543	0.01356456
449.024	0.0089545066	-5.837482	0.015618745
449.152	0.0090164225	-5.8373585	0.015188825
449.28	0.0089434185	-5.8372817	0.015827826
449.408	0.0089790545	-5.8372755	0.016677882
449.536	0.0091224886	-5.8373502	0.014465478
449.664	0.009157965	-5.8375532	0.013632034
449.792	0.0091677393	-5.8372324	0.013208911
449.92	0.008997941	-5.8369963	0.013205621
450.048	0.0090775993	-5.8372609	0.015525196
450.176	0.0092598409	-5.8373412	0.013664229
450.304	0.0091140297	-5.8372338	0.014404601
450.432	0.0090729167	-5.8371858	0.014906935
450.56	0.0092035928	-5.8372998	0.01539947
450.688	0.0091872453	-5.8371272	0.013930909
450.816	0.009123036	-5.8372473	0.013902186
450.944	0.0091261646	-5.8372536	0.014918622
451.072	0.0089390142	-5.8370406	0.013799123
451.2	0.0091207407	-5.8374026	0.01403498
451.328	0.0090763193	-5.837515	0.014408966
451.456	0.0091431124	-5.8373878	0.014063644
451.584	0.0091032159	-5.837236	0.013959456
451.712	0.0090432201	-5.8372987	0.015508171
451.84	0.0092407341	-5.8377415	0.014184786
451.968	0.0088778934	-5.8371925	0.014006327
452.096	0.0091799362	-5.8376018	0.013962958
452.224	0.0089966323	-5.837534	0.013201787
452.352	0.0091089683	-5.8377206	0.01348378
452.48	0.0088397319	-5.8370804	0.014939195
452.608	0.0090651583	-5.8372523	0.01434808
452.736	0.0087594707	-5.8369902	0.015379339
452.864	0.0089722945	-5.8374009	0.015148574
452.992	0.0088789271	-5.8374342	0.014063135
453.12	0.0089058878	-5.8374977	0.013425838
453.248	0.0088806361	-5.8374788	0.015420992
453.376	0.0088764492	-5.8374012	0.013859218
453.504	0.0090289383	-5.8374433	0.01264271
453.632	0.0088670232	-5.8374711	0.01505643
453.76	0.0087081272	-5.8372973	0.013439361
453.888	0.0088805676	-5.8375886	0.012435508
454.016	0.0087557103	-5.8373407	0.014427252
454.144	0.0089735736	-5.8376859	0.012302688
454.272	0.0088290041	-5.8373371	0.013405101
454.4	0.0090049931	-5.8375732	0.012889841
454.528	0.0087418447	-5.8373902	0.013472189
454.656	0.0088140419	-5.8373646	0.014813464
454.784	0.008994526	-5.8374336	0.012583643
454.912	0.0089452116	-5.8374615	0.014229214
455.04	0.0089509809	-5.8376454	0.017112257
455.168	0.0088879231	-5.8374329	0.014507656
455.296	0.0088833131	-5.8373036	0.013389171
455.424	0.0090512797	-5.837545	0.013500178
455.552	0.0090544841	-5.8373796	0.015532018
455.68	0.0090088782	-5.837232	0.015460193
455.808	0.0090111546	-5.837159	0.015657973
455.936	0.0091001118	-5.8371705	0.013445084
456.064	0.0090043653	-5.837311	0.014663704
456.192	0.0090341955	-5.8373977	0.016527649
456.32	0.0091874713	-5.8374446	0.01615429
456.448	0.0090734478	-5.8373166	0.016195656
456.576	0.009180697	-5.8372694	0.015303693
456.704	0.0089823797	-5.8368241	0.015834493
456.832	0.0090100298	-5.8367883	0.014428662
456.96	0.0092060391	-5.8373225	0.015441335
457.088	0.0092368567	-5.837515	0.015318782
457.216	0.0090674699	-5.8371363	0.015534282
457.344	0.0090453068	-5.8370108	0.015061551
457.472	0.0091568838	-5.8372648	0.012819341
457.6	0.0091513803	-5.8371167	0.013361509
457.728	0.0090091762	-5.8371198	0.014884424
457.856	0.0091431336	-5.837286	0.013996196
457.984	0.009154476	-5.8374743	0.014401941
458.112	0.0089783611	-5.8373842	0.014616978
458.24	0.0092020123	-5.8376894	0.013629564
458.368	0.0090018256	-5.8375045	0.016281054
458.496	0.0089981464	-5.8376517	0.0142481
458.624	0.0089698708	-5.8375839	0.013311051
458.752	0.0089767115	-5.8374063	0.013916236
458.88	0.0088816936	-5.837322	0.014092618
459.008	0.0089623833	-5.8375792	0.013741965
459.136	0.0089190063	-5.837649	0.013379881
459.264	0.0088686897	-5.8375092	0.013424131
459.392	0.0089365112	-5.8376945	0.013356682
459.52	0.0087809794	-5.8372856	0.014432986
459.648	0.0089107139	-5.8373346	0.014007799
459.776	0.0090168635	-5.837761	0.013581331
459.904	0.0087775836	-5.8376315	0.014271134
460.032	0.0089224245	-5.8377446	0.015073991
460.16	0.008868347	-5.8374263	0.015678174
460.288	0.0088860759	-5.8374975	0.013207656
460.416	0.0088598067	-5.8375816	0.014137296
460.544	0.0089157529	-5.8374828	0.014975723
460.672	0.0088229209	-5.8373944	0.015287033
460.8	0.0088806854	-5.8374532	0.015385681
460.928	0.0089103873	-5.8375786	0.015433067
461.056	0.0089688725	-5.8374512	0.015831173
461.184	0.0088555759	-5.8373213	0.014472893
461.312	0.0090146583	-5.8375444	0.014682857
461.44	0.0089170496	-5.837427	0.016073851
461.568	0.0089008854	-5.8374736	0.015747836
461.696	0.0088888787	-5.8374759	0.016304078
461.824	0.0090875347	-5.8373852	0.015959658
461.952	0.0089589879	-5.8373262	0.015500128
462.08	0.0090447946	-5.8374022	0.012891891
462.208	0.0091265947	-5.8375228	0.014096332
462.336	0.0090078935	-5.8373098	0.015385326
462.464	0.0090143597	-5.8372834	0.014085903
462.592	0.0092038097	-5.8371917	0.013778635
462.72	0.0092197025	-5.8375118	0.013839511
462.848	0.0091174819	-5.8374037	0.01600408
462.976	0.0091343071	-5.8375034	0.01713228
463.104	0.0091030479	-5.837283	0.014178383
463.232	0.00918489	-5.8375326	0.01361042
463.36	0.0090530727	-5.8370852	0.014867442
463.488	0.0091878907	-5.837317	0.013610995
463.616	0.0090271167	-5.8373137	0.014781609
463.744	0.0091549637	-5.8374249	0.013204428
463.872	0.0089968789	-5.8371227	0.013179795
464	0.0091189069	-5.8371044	0.013049119
464.128	0.0092016106	-5.8373947	0.013934
464.256	0.0091789592	-5.8375711	0.015151763
464.384	0.0091620162	-5.8373843	0.014643753
464.512	0.0090691747	-5.837326	0.014369676
464.64	0.0090347372	-5.8375424	0.013600771
464.768	0.0088425118	-5.8373547	0.015168613
464.896	0.0090667134	-5.8374368	0.014665564
465.024	0.0089846295	-5.8372651	0.01352146
465.152	0.0090965298	-5.8374076	0.01415304
465.28	0.0088961606	-5.8374985	0.014299173
465.408	0.0089441417	-5.8375746	0.013465166
465.536	0.0090632499	-5.8378079	0.014432669
465.664	0.00890212	-5.8376247	0.014757557
465.792	0.0088513353	-5.8376792	0.014347265
465.92	0.0090418487	-5.8377745	0.013605877
466.048	0.0089978112	-5.8377415	0.013088516
466.176	0.0088395544	-5.8376539	0.013090174
466.304	0.0088545116	-5.8374752	0.014211817
466.432	0.0088252985	-5.8374105	0.012402574
466.56	0.0089119626	-5.8375039	0.013321535
466.688	0.0089859408	-5.8375027	0.013845317
466.816	0.0089127527	-5.8375478	0.014712989
466.944	0.0088808964	-5.8375613	0.016164883
467.072	0.0087538985	-5.8374888	0.01532104
467.2	0.0089391151	-5.8374725	0.01486794
467.328	0.0088332977	-5.8374141	0.017531781
467.456	0.008926863	-5.8373632	0.015838919
467.584	0.0088989452	-5.83748	0.013512919
467.712	0.0088720015	-5.837526	0.015017391
467.84	0.009043142	-5.8372205	0.015487154
467.968	0.0089708352	-5.8371869	0.014511415
468.096	0.009014371	-5.8373886	0.015843192
468.224	0.0089693811	-5.8374188	0.016744058
468.352	0.0091351133	-5.8376326	0.014721161
468.48	0.0088971607	-5.8371943	0.015358181
468.608	0.0089907886	-5.8373987	0.015655617
468.736	0.0090542843	-5.8373592	0.013512526
468.864	0.0091352469	-5.8373208	0.012691273
468.992	0.009047177	-5.8370844	0.013581011
469.12	0.0091261916	-5.8373669	0.013634492
469.248	0.0090610301	-5.8373413	0.01493729
469.376	0.0090169843	-5.8371807	0.014834202
469.504	0.0090489822	-5.8372096	0.01449337
469.632	0.0091904457	-5.837259	0.014404949
469.76	0.0091930523	-5.8373517	0.01480654
469.888	0.0090803793	-5.8371497	0.015377789
470.016	0.0090849991	-5.8373005	0.014228086
470.144	0.0090145137	-5.8373564	0.015333892
470.272	0.0091873815	-5.8377145	0.01620385
470.4	0.0091478232	-5.8374641	0.014139888
470.528	0.0089717882	-5.8372668	0.013327243
470.656	0.0090124374	-5.8374606	0.014825733
470.784	0.0091001247	-5.8375087	0.01491431
470.912	0.0090928602	-5.8375717	0.015369694
471.04	0.0089590515	-5.8374416	0.014107527
471.168	0.0089383668	-5.8374611	0.014050767
471.296	0.0091582582	-5.8375618	0.013087281
471.424	0.0089986742	-5.8371287	0.014994913
471.552	0.0088962591	-5.8371467	0.017474189
471.68	0.0090142768	-5.837341	0.015020553
471.808	0.0090077549	-5.8376302	0.015040906
471.936	0.0088705974	-5.8374641	0.013414614
472.064	0.0088602175	-5.8374584	0.012675076
472.192	0.008798354	-5.837458	0.013885933
472.32	0.0088600866	-5.8374005	0.014302675
472.448	0.008804098	-5.8371898	0.014656735
472.576	0.0088817239	-5.8374842	0.014856769
472.704	0.0088448278	-5.837566	0.014716218
472.832	0.0089809231	-5.8377607	0.013965608
472.96	0.0088006283	-5.8376331	0.015834959
473.088	0.008954164	-5.8377091	0.015540534
473.216	0.008793831	-5.8375466	0.015125663
473.344	0.00882333	-5.8376002	0.014403235
473.472	0.0089776617	-5.8375308	0.01473784
473.6	0.0088585496	-5.8373173	0.01479649
473.728	0.0087966527	-5.8372003	0.014201173
473.856	0.0090106213	-5.8375327	0.013833679
473.984	0.0089678557	-5.8373421	0.013641861
474.112	0.008838259	-5.8373269	0.015007454
474.24	0.0089176764	-5.8374468	0.016661697
474.368	0.0089981469	-5.8374538	0.015610499
474.496	0.0089500431	-5.8374598	0.013898145
474.624	0.0090658953	-5.8374766	0.013582268
474.752	0.0092544514	-5.8375551	0.012586958
474.88	0.0088688318	-5.8370635	0.01541789
475.008	0.0090525103	-5.8373401	0.014896586
475.136	0.0090401811	-5.8372414	0.014014017
475.264	0.0091063797	-5.8375214	0.012731725
475.392	0.0090276511	-5.8371943	0.014043058
475.52	0.0090595597	-5.8370588	0.01433038
475.648	0.0091137389	-5.8372045	0.014074703
475.776	0.0091536007	-5.8372321	0.015168108
475.904	0.0091862158	-5.8372198	0.013695005
476.032	0.0090790305	-5.8372078	0.013889168
476.16	0.0090837628	-5.8373388	0.015428158
476.288	0.0090212171	-5.8371364	0.012955995
476.416	0.0091400476	-5.837163	0.012616681
476.544	0.0092137659	-5.837283	0.015815587
476.672	0.0089799467	-5.8371575	0.017065559
476.8	0.0091136509	-5.837286	0.014938058
476.928	0.0090709543	-5.8371445	0.013909659
477.056	0.0091805279	-5.8371176	0.014041457
477.184	0.0090263315	-5.8373988	0.015949812
477.312	0.0090250223	-5.8373133	0.014547122
477.44	0.0089327393	-5.8373335	0.012886534
477.568	0.0091003401	-5.8374741	0.013926146
477.696	0.0089600702	-5.8372576	0.015332238
477.824	0.0089281747	-5.8372098	0.013408826
477.952	0.0089723969	-5.8372892	0.013237615
478.08	0.008901934	-5.8374428	0.01501977
478.208	0.0088268358	-5.8373706	0.015065933
478.336	0.0090642936	-5.8377014	0.014575263
478.464	0.0087941227	-5.8372156	0.015446403
478.592	0.0089131502	-5.8374994	0.016019688
478.72	0.0089145767	-5.8376069	0.014733404
478.848	0.0088248676	-5.8374157	0.014914892
478.976	0.0088375031	-5.8374103	0.015473596
479.104	0.0089148499	-5.8375518	0.014083527
479.232	0.0089038131	-5.8376284	0.012803914
479.36	0.0088924098	-5.8373864	0.013933778
479.488	0.0088946761	-5.8375925	0.01562959
479.616	0.0089563086	-5.837756	0.01455031
479.744	0.0088334318	-5.8374902	0.01422763
479.872	0.0088552408	-5.8376039	0.015115896
480	0.0088428484	-5.8375499	0.014339587
480.128	0.0090318917	-5.8377714	0.013558252
480.256	0.0089436014	-5.8375146	0.01570093
480.384	0.008889572	-5.8371452	0.015262269
480.512	0.0090730864	-5.837623	0.014605899
480.64	0.0091198141	-5.8375399	0.016097373
480.768	0.0088769633	-5.8372247	0.014966552
480.896	0.0089113072	-5.8373015	0.013886169
481.024	0.0089652923	-5.8370243	0.014000488
481.152	0.0091199683	-5.8372381	0.014190082
481.28	0.0089812729	-5.8372064	0.014408751
481.408	0.0092525473	-5.8375989	0.013350497
481.536	0.0089928524	-5.8372327	0.015459137
481.664	0.0091196872	-5.8375615	0.015670816
481.792	0.0090904058	-5.8375986	0.016153306
481.92	0.0091063451	-5.8373063	0.014550193
482.048	0.0090334707	-5.8371102	0.013335794
482.176	0.0091151895	-5.8374433	0.01330732
482.304	0.0091594692	-5.8373943	0.013877767
482.432	0.0092322384	-5.8372912	0.011949634
482.56	0.0091122722	-5.8369959	0.01278839
482.688	0.0090679373	-5.8369346	0.013361475
482.816	0.0091649357	-5.8371686	0.013641766
482.944	0.0090240994	-5.837306	0.01586049
483.072	0.0090906797	-5.8371459	0.016991266
483.2	0.009166068	-5.8373232	0.013464651
483.328	0.0090241678	-5.8373387	0.014052115
483.456	0.0089854679	-5.837506	0.017446861
483.584	0.0091524701	-5.8374705	0.016545247
483.712	0.0089253715	-5.8372303	0.013439921
483.84	0.0090899077	-5.8374835	0.015195808
483.968	0.0090270312	-5.8374322	0.014429264
484.096	0.0088843369	-5.8373428	0.012980336
484.224	0.0090432124	-5.8375151	0.01457313
484.352	0.0089754863	-5.8374836	0.016472958
484.48	0.0088127348	-5.8375464	0.01451503
484.608	0.0089190901	-5.8376152	0.013584046
484.736	0.0089368699	-5.8377331	0.01337231
484.864	0.0088992993	-5.837439	0.012961381
484.992	0.0088990364	-5.8376021	0.012733767
485.12	0.0087791774	-5.8375496	0.014961777
485.248	0.0088201433	-5.8376618	0.015149761
485.376	0.009037405	-5.8377141	0.01278424
485.504	0.0087184742	-5.8372615	0.014185942
485.632	0.0090078544	-5.8376106	0.013074198
485.76	0.0088437703	-5.8374994	0.01381436
485.888	0.0088603208	-5.8375084	0.014192325
486.016	0.0089484887	-5.8377157	0.013721505
486.144	0.0087842336	-5.8377287	0.014318686
486.272	0.0089524703	-5.8376595	0.015017626
486.4	0.0089343561	-5.837675	0.014945384
486.528	0.0088761722	-5.8376566	0.014770778
486.656	0.0090202927	-5.8375117	0.016275484
486.784	0.0089342303	-5.8374428	0.015948146
486.912	0.0089210021	-5.8372076	0.014182966
487.04	0.0089175911	-5.8375009	0.01435552
487.168	0.0090216039	-5.837505	0.015069339
487.296	0.0090667044	-5.8375345	0.015981365
487.424	0.0092316264	-5.8377614	0.014998826
487.552	0.0089143663	-5.837272	0.014243664
487.68	0.008876301	-5.8371443	0.015012603
487.808	0.0091937389	-5.8373468	0.012415039
487.936	0.0092450236	-5.8374315	0.013304996
488.064	0.0090415434	-5.8370956	0.014381514
488.192	0.0092169947	-5.8373594	0.01234991
488.32	0.0091446185	-5.8374221	0.013874503
488.448	0.0090409942	-5.8372258	0.01555181
488.576	0.0091706916	-5.8375308	0.015147049
488.704	0.0092308497	-5.8374905	0.01595033
488.832	0.0091929431	-5.8371151	0.015286849
488.96	0.0090096733	-5.83686	0.012187549
489.088	0.0090569347	-5.8370564	0.013606935
489.216	0.0091170805	-5.8373425	0.012825481
489.344	0.0091809149	-5.8373834	0.013116265
489.472	0.0089378535	-5.8369734	0.015576126
489.6	0.0091028863	-5.8373068	0.014399268
489.728	0.0090660711	-5.8374225	0.01648369
489.856	0.0091659464	-5.8375065	0.015077215
489.984	0.0090587683	-5.8374753	0.012622192
490.112	0.0090657903	-5.8375361	0.012424877
490.24	0.0090772024	-5.8375233	0.014434261
490.368	0.0089231222	-5.8372951	0.015523528
490.496	0.0089728399	-5.8377712	0.015512244
490.624	0.0089469642	-5.8376078	0.015731474
490.752	0.0090481071	-5.8375376	0.015833205
490.88	0.0088542107	-5.8373767	0.015515112
491.008	0.0088954995	-5.837394	0.015697594
491.136	0.0088464773	-5.8374258	0.015972623
491.264	0.0090255434	-5.8376303	0.0144676
491.392	0.008908331	-5.8376156	0.015897502
491.52	0.0090212941	-5.8376787	0.013128364
491.648	0.0088056443	-5.8374063	0.014211512
491.776	0.0088208624	-5.8374341	0.013833886
491.904	0.0087758021	-5.8373925	0.01380377
492.032	0.0089194494	-5.8375241	0.013331224
492.16	0.0088428172	-5.8376128	0.013080735
492.288	0.0088863571	-5.8375771	0.014025868
492.416	0.0088901929	-5.8374162	0.01487389
492.544	0.0090336504	-5.8375549	0.014840894
492.672	0.008865792	-5.837325	0.015501067
492.8	0.0086825054	-5.8372195	0.016262466
492.928	0.008998017	-5.8376394	0.014784261
493.056	0.0090154373	-5.8373593	0.014050154
493.184	0.0090129197	-5.8374344	0.013208907
493.312	0.0088076272	-5.837385	0.014297556
493.44	0.0089956284	-5.8375591	0.014565491
493.568	0.0090094745	-5.8374572	0.013806733
493.696	0.0089868499	-5.8374914	0.014255458
493.824	0.0090603181	-5.8373983	0.014925131
493.952	0.0090482707	-5.8375261	0.016147966
494.08	0.0090218235	-5.8372411	0.016034453
494.208	0.0090985885	-5.8371624	0.014108638
494.336	0.0090282073	-5.8371175	0.01413789
494.464	0.009034965	-5.8370345	0.015348559
494.592	0.0092153851	-5.8370289	0.013719788
494.72	0.0089316655	-5.8370295	0.014004662
494.848	0.00916095	-5.8371632	0.013478923
494.976	0.0091774598	-5.8371403	0.014675243
495.104	0.0091119977	-5.837035	0.014917252
495.232	0.0091843769	-5.8371633	0.014201612
495.36	0.0091952127	-5.8374589	0.015229523
495.488	0.009001613	-5.8371751	0.017808436
495.616	0.0091130586	-5.8374224	0.016850895
495.744	0.0090623395	-5.8374504	0.014994461
495.872	0.0090469072	-5.8373719	0.013872372
496	0.0091484604	-5.8373748	0.015042404
496.128	0.0091421498	-5.8375054	0.013640457
496.256	0.0089410483	-5.8372349	0.014100631
496.384	0.0090354823	-5.8375848	0.0151703
496.512	0.0090666858	-5.8373521	0.013729721
496.64	0.0087936496	-5.8371747	0.015108386
496.768	0.0090923887	-5.8374864	0.015208551
496.896	0.0089648592	-5.8374842	0.015090434
497.024	0.0088874936	-5.8371789	0.015862476
497.152	0.009000068	-5.8375787	0.013348217
497.28	0.0088954509	-5.8373747	0.014768582
497.408	0.0089500259	-5.8375646	0.015042211
497.536	0.0088055831	-5.837516	0.012628402
497.664	0.0088434081	-5.8375197	0.014630066
497.792	0.0089818988	-5.8376237	0.013788505
497.92	0.0089536295	-5.8377017	0.012756658
498.048	0.008936617	-5.8375507	0.012635695
498.176	0.0088766397	-5.8376333	0.012810056
498.304	0.0088519646	-5.8375253	0.014140701
498.432	0.0088791421	-5.8375404	0.01419448
498.56	0.0086863045	-5.8374054	0.014368225
498.688	0.0091530305	-5.837853	0.012715681
498.816	0.0089011908	-5.8374802	0.013391535
498.944	0.0089115135	-5.8375673	0.014375933
499.072	0.0089288971	-5.8374959	0.013598125
499.2	0.0090136125	-5.8376187	0.013489703
499.328	0.0089377782	-5.8375295	0.01460721
499.456	0.008987388	-5.837332	0.014153558
499.584	0.0089336324	-5.8372405	0.015222749
499.712	0.0089548787	-5.8374553	0.014668368
499.84	0.0090689513	-5.8375152	0.015238441
499.968	0.0090365686	-5.837405	0.015711672
