0	0.0092237957	-5.8406764	0.0088233293
0.128	0.0092993968	-5.8408453	0.0094964405
0.256	0.0092118972	-5.8406798	0.010351737
0.384	0.0093376554	-5.8409981	0.0095791955
0.512	0.009142608	-5.8410117	0.0097697822
0.64	0.009196137	-5.8411844	0.009554829
0.768	0.0090598864	-5.8411232	0.0091838514
0.896	0.0092567755	-5.841339	0.0079243011
1.024	0.0092416766	-5.8414007	0.0083735847
1.152	0.0093168965	-5.8415324	0.0071407176
1.28	0.0092896808	-5.8416468	0.0074036509
1.408	0.0091022223	-5.8415388	0.0073485441
1.536	0.0091386156	-5.8416116	0.0067939561
1.664	0.0090910833	-5.841641	0.0070132478
1.792	0.0089886182	-5.8415618	0.0056200303
1.92	0.0090683423	-5.8419991	0.0048238948
2.048	0.0089980278	-5.8420138	0.0047345731
2.176	0.0089692292	-5.841937	0.0054033399
2.304	0.0088001215	-5.8417041	0.00604256
2.432	0.0089053115	-5.8418611	0.0047584846
2.56	0.0088725767	-5.8419715	0.0050423776
2.688	0.0088938604	-5.8423029	0.0060402308
2.816	0.0089163311	-5.8425899	0.005179652
2.944	0.0089114934	-5.8426136	0.0031956692
3.072	0.0087216119	-5.842256	0.0029004606
3.2	0.0087457626	-5.842579	0.0015386671
3.328	0.0087669575	-5.8426252	0.0024848625
3.456	0.0085127381	-5.8421527	0.0046680518
3.584	0.0084378357	-5.8422134	0.0036039764
3.712	0.0085688054	-5.842223	0.00242548
3.84	0.0086498667	-5.8421692	0.003182162
3.968	0.0086461365	-5.8421399	0.0039216435
4.096	0.0087528138	-5.8423252	0.0034857875
4.224	0.0086272303	-5.8417242	0.0040988421
4.352	0.0087353506	-5.8420968	0.0032139867
4.48	0.0085744021	-5.8420008	0.0047262479
4.608	0.0088738518	-5.8419106	0.0046582665
4.736	0.0087649612	-5.8418113	0.0052029984
4.864	0.0087570967	-5.8419874	0.0051786435
4.992	0.0089314392	-5.8420646	0.0055807537
5.12	0.0091254402	-5.8419444	0.0044567285
5.248	0.0089339213	-5.8417116	0.0046827805
5.376	0.0091780885	-5.8420302	0.0022305075
5.504	0.0090981962	-5.8418388	0.0029784405
5.632	0.0092088976	-5.841972	0.0039494631
5.76	0.0091747955	-5.8418645	0.0046981019
5.888	0.0093425874	-5.8421227	0.0036700684
6.016	0.0093354705	-5.8418457	0.003711238
6.144	0.0095485813	-5.8418146	0.0042778708
6.272	0.0096287063	-5.8420704	0.0052505507
6.4	0.0095294093	-5.8420873	0.0051456184
6.528	0.0094247751	-5.8417341	0.0061997023
6.656	0.0094076749	-5.8417235	0.0050714715
6.784	0.0093662664	-5.8417021	0.0033392625
6.912	0.0093301099	-5.8417682	0.0038845851
7.04	0.009435151	-5.8420094	0.0030739976
7.168	0.0093038633	-5.8420228	0.0025715198
7.296	0.0093419187	-5.8421479	0.002257064
7.424	0.0092196331	-5.8421	0.0015062752
7.552	0.0091425315	-5.8420903	0.0023227369
7.68	0.0091246371	-5.842217	0.0018562051
7.808	0.0092202471	-5.8421741	0.00041980126
7.936	0.0091686254	-5.8422876	0.00016153005
8.064	0.0090165129	-5.8422004	0.0022664382
8.192	0.0090299844	-5.842341	0.002280545
8.32	0.0088035332	-5.8422545	0.0011895752
8.448	0.0088863151	-5.8424631	-0.0004525872
8.576	0.0088071368	-5.842555	0.00013924129
8.704	0.0085783218	-5.8425816	0.00054212788
8.832	0.0085308969	-5.842598	-0.0011971255
8.96	0.0084692121	-5.8427778	0.00067596835
9.088	0.0086530566	-5.8432177	-0.00040878518
9.216	0.0086640516	-5.8433623	0.000161046
9.344	0.0085384605	-5.843418	0.0019781206
9.472	0.0086369954	-5.8433258	0.0015032609
9.6	0.0086006796	-5.8433325	0.00068022388
9.728	0.008593585	-5.8431691	0.0018418329
9.856	0.0083408855	-5.8427786	0.0037797418
9.984	0.0083052486	-5.8428096	0.0020174507
10.112	0.0084378738	-5.8427754	0.0017745986
10.24	0.0087069511	-5.842884	0.0029531302
10.368	0.0086468118	-5.8429407	0.0033665402
10.496	0.0088127612	-5.8428773	0.0030215789
10.624	0.0086734862	-5.8429149	0.0046342476
10.752	0.0088515298	-5.84313	0.0034004907
10.88	0.0088691256	-5.8429967	0.0048151846
11.008	0.0089432609	-5.8428374	0.0032093696
11.136	0.0090848992	-5.8427849	0.0019794267
11.264	0.0091561688	-5.8427983	0.0017499357
11.392	0.0091305945	-5.842467	0.0017305738
11.52	0.009247783	-5.8425155	0.0030258186
11.648	0.0091869509	-5.8422687	0.0042251822
11.776	0.0093747448	-5.842285	0.0046379709
11.904	0.0092430035	-5.8420204	0.0027587594
12.032	0.0095309731	-5.8423631	0.0042020019
12.16	0.0095282049	-5.8422139	0.0047310478
12.288	0.0095167599	-5.8421615	0.004136554
12.416	0.0097228307	-5.8425131	0.0027763046
12.544	0.0096412106	-5.8424335	0.0050204225
12.672	0.0097968512	-5.8426838	0.0026671413
12.8	0.0096713896	-5.8424014	0.0026153694
12.928	0.009612859	-5.8424322	0.0048851103
13.056	0.0097252868	-5.8425879	0.003833017
13.184	0.0093173112	-5.8420918	0.0030769182
13.312	0.0093001179	-5.8424504	0.0037434823
13.44	0.0092449291	-5.8425098	0.0034155714
13.568	0.0093533945	-5.8427075	0.0017616513
13.696	0.0093541109	-5.8428818	0.0011953962
13.824	0.009290352	-5.8429277	0.00029451998
13.952	0.0091479388	-5.843069	6.6220204e-05
14.08	0.0091238203	-5.8430198	-0.0012471902
14.208	0.0089396444	-5.8433111	0.00012917851
14.336	0.0088199115	-5.8435639	0.00077820712
14.464	0.0086685746	-5.8435376	-0.00096749175
14.592	0.0087009761	-5.8436635	-0.0011775901
14.72	0.0084763789	-5.8434242	-2.9059561e-05
14.848	0.0083669441	-5.8435239	0.00048637391
14.976	0.0083925099	-5.8436704	-0.0010843246
15.104	0.0085034813	-5.8437591	-0.0015360736
15.232	0.0083276942	-5.8436456	-0.00051679893
15.36	0.0083636954	-5.8439146	-0.0023397211
15.488	0.0082946217	-5.8440582	-0.003087369
15.616	0.0083609515	-5.8441986	-0.0023361913
15.744	0.0083422117	-5.8438477	-0.0020773315
15.872	0.0082652214	-5.8439966	-0.0017846419
16	0.0083221203	-5.8440304	-0.00099683454
16.128	0.0083992281	-5.8439784	-0.0016313109
16.256	0.0083574542	-5.8435462	-0.0020499473
16.384	0.0084889901	-5.8438723	-0.0017095657
16.512	0.0085616483	-5.8438013	-0.00073093035
16.64	0.0085794105	-5.843507	0.00025978071
16.768	0.0086135007	-5.8433126	0.0016401724
16.896	0.0088311088	-5.8434764	0.00037199716
17.024	0.0088465276	-5.8434434	-0.00010803591
17.152	0.0090559285	-5.8434014	0.0010812027
17.28	0.0090899282	-5.8433181	0.0013691096
17.408	0.0091734582	-5.8431951	-0.00060446172
17.536	0.0091250743	-5.8430469	0.00064233855
17.664	0.0093430132	-5.8430413	0.002112867
17.792	0.00940316	-5.8429275	-0.0002831036
17.92	0.0093283081	-5.8427144	7.7014082e-05
18.048	0.0094932809	-5.8429713	-0.0013640643
18.176	0.009697024	-5.8430152	-0.0010985536
18.304	0.0094898703	-5.8427243	0.0016911475
18.432	0.0095964816	-5.8425484	0.0019182056
18.56	0.0097448671	-5.8429415	0.0011846562
18.688	0.0097912847	-5.8426354	0.0022631611
18.816	0.0098842942	-5.842711	0.0029295573
18.944	0.0097620054	-5.8425158	0.0035728288
19.072	0.0095631123	-5.8423775	0.003203349
19.2	0.0099237408	-5.8428238	0.0040796629
19.328	0.0096754815	-5.8427887	0.0053920992
19.456	0.0096361219	-5.8432026	0.0026535333
19.584	0.0094755016	-5.8432938	0.0017169124
19.712	0.0094773842	-5.8431857	0.0013852812
19.84	0.0092349229	-5.8430112	0.0015522128
19.968	0.0093672079	-5.8434568	-0.0011254368
20.096	0.0092030254	-5.8436559	-0.00036441146
20.224	0.0090188973	-5.843576	0.00066903043
20.352	0.0089864562	-5.843796	-0.001111034
20.48	0.0088315649	-5.8438113	-0.0010049815
20.608	0.008956959	-5.8441732	-0.0024501327
20.736	0.0085677764	-5.8440645	-0.0018229573
20.864	0.0086014478	-5.8441556	-0.001733074
20.992	0.0083563299	-5.8439284	-0.0015937055
21.12	0.0084085576	-5.844121	-0.0037006106
21.248	0.0081531757	-5.8439725	-0.004201344
21.376	0.0084126612	-5.8443591	-0.0047368056
21.504	0.0084808324	-5.8444028	-0.0043863511
21.632	0.0083069771	-5.8443128	-0.0050030763
21.76	0.0082735727	-5.8444501	-0.0032689162
21.888	0.0083131313	-5.8444891	-0.0031653394
22.016	0.0081936113	-5.844422	-0.0017078278
22.144	0.0083068409	-5.8444299	-0.0010024658
22.272	0.0083740767	-5.8444482	-0.0020868819
22.4	0.0084537176	-5.8444534	-0.0025171929
22.528	0.0084016037	-5.8442167	-0.0022726752
22.656	0.0084292048	-5.8440234	-0.0025082083
22.784	0.0085801113	-5.8441208	-0.0028596338
22.912	0.0084452167	-5.8437888	-0.00060440745
23.04	0.0089343948	-5.8443447	-0.0028761248
23.168	0.0087085626	-5.8436254	-0.00063425716
23.296	0.0089524202	-5.843979	-0.0005118452
23.424	0.0090540886	-5.8437567	-0.0016896443
23.552	0.0089882691	-5.8435826	-5.8795807e-05
23.68	0.0092078686	-5.8436416	-0.00091661943
23.808	0.0092723661	-5.8436029	-0.0015492505
23.936	0.009132127	-5.8433979	-0.00050383425
24.064	0.0092964925	-5.8434151	8.4854575e-05
24.192	0.009397694	-5.8433412	0.001146774
24.32	0.009621738	-5.8434887	0.0021198982
24.448	0.0095707928	-5.8433702	0.0027512915
24.576	0.009511395	-5.8429045	0.0018686815
24.704	0.0096169663	-5.8428518	0.0021267301
24.832	0.0097399681	-5.8430151	0.0035063713
24.96	0.0099900701	-5.8431889	0.001875489
25.088	0.0098853133	-5.8431458	0.0029756031
25.216	0.0097881235	-5.8431694	0.002916765
25.344	0.0095968896	-5.8431819	0.0031209588
25.472	0.0096918417	-5.8435497	0.0023910852
25.6	0.0096654739	-5.8431876	0.0029108214
25.728	0.0095447115	-5.8430964	0.0022390056
25.856	0.0094623629	-5.8432788	0.00073018868
25.984	0.0093873481	-5.8432736	0.003315411
26.112	0.00941805	-5.8436689	0.0013123129
26.24	0.0093507946	-5.8439959	-0.0016563116
26.368	0.0093392201	-5.8439887	-0.0012031
26.496	0.008913309	-5.843743	0.0024553415
26.624	0.00904653	-5.8442881	-0.0014978407
26.752	0.0087573123	-5.8439268	-0.0013232815
26.88	0.0087613819	-5.8440499	0.00028004093
27.008	0.0085367143	-5.844058	-0.00068841016
27.136	0.0085431666	-5.8442125	-0.0029938365
27.264	0.008397274	-5.8440789	-0.0019220418
27.392	0.0083810068	-5.8441915	-0.0026952936
27.52	0.0083900765	-5.8442611	-0.0017922195
27.648	0.0083822156	-5.8443083	-0.0029619961
27.776	0.0082379817	-5.8443162	-0.0036205872
27.904	0.0083929981	-5.8448434	-0.0036490313
28.032	0.0083200777	-5.8443942	-0.0027801969
28.16	0.008282573	-5.8442586	-0.0032722223
28.288	0.0083491925	-5.8445326	-0.0024420392
28.416	0.0081418284	-5.8439866	6.9657875e-05
28.544	0.0081877905	-5.8442319	-0.0022687042
28.672	0.0083695998	-5.8442069	-0.0026612971
28.8	0.0084144347	-5.8442476	-0.0021460614
28.928	0.0085039836	-5.8440764	-0.0029928211
29.056	0.0084607756	-5.8439304	-0.0019582677
29.184	0.0084955518	-5.8439987	-0.0013575374
29.312	0.0088055814	-5.8443375	-0.00044775825
29.44	0.0088109822	-5.84423	-0.00082337057
29.568	0.0088075075	-5.8437377	-0.0018582674
29.696	0.0089296385	-5.8437591	-0.0010918384
29.824	0.0089450984	-5.8435328	0.00040361668
29.952	0.0092243317	-5.8437745	0.00013921188
30.08	0.0092360017	-5.8435871	0.0010794981
30.208	0.0093291827	-5.8432751	0.003219198
30.336	0.0093159187	-5.8433412	0.0016146788
30.464	0.0096389477	-5.8436133	0.0010015054
30.592	0.0096449737	-5.8432778	0.0039236511
30.72	0.0095469609	-5.8430272	0.0042338899
30.848	0.0097424244	-5.8434734	0.0031622304
30.976	0.0097063297	-5.8433758	0.0044945714
31.104	0.0097777646	-5.8432669	0.002567141
31.232	0.0098121536	-5.8431156	0.00097529442
31.36	0.0097897599	-5.8430514	0.0027116111
31.488	0.009657464	-5.8432815	0.0037246425
31.616	0.0096858334	-5.8434604	0.0042329139
31.744	0.0096395051	-5.8432069	0.0030640934
31.872	0.0095440577	-5.8433259	0.0018055018
32	0.009580274	-5.8430819	0.002740481
32.128	0.0094538209	-5.8431507	0.0034893957
32.256	0.0094729993	-5.8435363	0.0036715816
32.384	0.0094433144	-5.8433482	0.001528714
32.512	0.0091406681	-5.8433077	0.00059809688
32.64	0.0091996757	-5.8439624	-0.00098046186
32.768	0.0090398672	-5.8436513	-0.0014887101
32.896	0.0088888875	-5.8433774	-0.00071224253
33.024	0.0088730685	-5.8437033	-0.0013306826
33.152	0.0087476101	-5.8438095	-0.00034195248
33.28	0.0087519534	-5.8440524	-0.0010941298
33.408	0.0086708104	-5.844037	-0.003086786
33.536	0.0085515871	-5.8440608	-0.0029918483
33.664	0.0084927988	-5.8443251	-0.0021138741
33.792	0.0083394749	-5.8441375	-0.0036683937
33.92	0.0084988141	-5.84434	-0.004033157
34.048	0.0083722959	-5.8445241	-0.00327167
34.176	0.0082160919	-5.8442362	-0.0012333075
34.304	0.0082573682	-5.8443288	-0.0026277884
34.432	0.0084073773	-5.8446159	-0.0025381017
34.56	0.0082161973	-5.844519	-0.0017617713
34.688	0.0083229884	-5.8447722	-0.0031548333
34.816	0.0085039103	-5.8446604	-0.0043702898
34.944	0.0083715893	-5.8444318	-0.0040677295
35.072	0.0084090373	-5.8443439	-0.0018665814
35.2	0.0085789461	-5.8444762	-0.0036898068
35.328	0.0083635319	-5.8443957	-0.0025547051
35.456	0.0085923081	-5.844528	-0.00058665927
35.584	0.0087290218	-5.8444424	-0.00099325567
35.712	0.0089480468	-5.8445147	-0.0016152654
35.84	0.0087320546	-5.8440866	0.0012201475
35.968	0.0088922812	-5.843909	-0.00010639703
36.096	0.0090964971	-5.8437616	-0.0011284681
36.224	0.00909184	-5.8435339	-0.0014900474
36.352	0.0091606043	-5.8436099	-0.00083835077
36.48	0.0092209231	-5.8435317	-0.0002559153
36.608	0.0093456076	-5.8436267	8.6573466e-05
36.736	0.0094462348	-5.8437867	0.00054820274
36.864	0.0094193362	-5.8434179	-0.00021884836
36.992	0.0094557714	-5.8431207	0.00072959528
37.12	0.0098064016	-5.8434044	0.0012318377
37.248	0.0096215527	-5.8429772	0.0022287744
37.376	0.0096913758	-5.8432307	0.0027274196
37.504	0.0098212954	-5.8434574	0.0043708036
37.632	0.009782296	-5.8433519	0.0035731276
37.76	0.0098392523	-5.8434174	0.002204261
37.888	0.0096630383	-5.8433629	0.0015153592
38.016	0.0097650053	-5.8434478	0.00073431629
38.144	0.0095352127	-5.8431713	0.0012826386
38.272	0.0096338517	-5.8434227	0.0010337692
38.4	0.0097361914	-5.8436709	0.00068708105
38.528	0.0095489703	-5.8437352	0.00018989521
38.656	0.0094856395	-5.8438546	-0.00079591972
38.784	0.0093430427	-5.8438358	-0.0015146584
38.912	0.0092089751	-5.8438795	-0.0024423487
39.04	0.0090640694	-5.8440277	-0.002909314
39.168	0.0090223917	-5.8443349	-0.0033671067
39.296	0.008882322	-5.8440692	-0.0046076413
39.424	0.0088437987	-5.8443628	-0.0046212439
39.552	0.0087311877	-5.8445333	-0.0046671747
39.68	0.0085673786	-5.8444981	-0.0040599831
39.808	0.0086755878	-5.8447637	-0.0050031989
39.936	0.0084424122	-5.8445069	-0.0049500628
40.064	0.0085187484	-5.844789	-0.0067885496
40.192	0.0084167352	-5.8447595	-0.0063266092
40.32	0.0084578366	-5.844909	-0.0069659463
40.448	0.0083806664	-5.8450843	-0.0078943217
40.576	0.0084231497	-5.8451058	-0.0066884626
40.704	0.0084968592	-5.8452374	-0.0070685457
40.832	0.0082689807	-5.8450724	-0.0066682758
40.96	0.0082654459	-5.8451249	-0.0061122958
41.088	0.0082312388	-5.8450227	-0.0047889555
41.216	0.0082513869	-5.8449284	-0.0056003231
41.344	0.0083013348	-5.8448881	-0.0038562724
41.472	0.0083051593	-5.8449944	-0.0030667232
41.6	0.0084563816	-5.8448773	-0.0048220672
41.728	0.0084184604	-5.8446509	-0.0056124232
41.856	0.0084043785	-5.8447476	-0.00703068
41.984	0.0086185573	-5.844899	-0.0071198949
42.112	0.0087330877	-5.8448788	-0.0088553137
42.24	0.0086554476	-5.8444465	-0.0062284051
42.368	0.008846467	-5.8443451	-0.0058230121
42.496	0.0090618232	-5.8445303	-0.0081869738
42.624	0.0089591466	-5.8440828	-0.0067131232
42.752	0.0090838794	-5.8442186	-0.0044643264
42.88	0.0093346797	-5.8442773	-0.0054910681
43.008	0.0093089523	-5.8438939	-0.0061932987
43.136	0.0093725487	-5.843668	-0.0044855271
43.264	0.0094859531	-5.8438785	-0.0058990403
43.392	0.0096532896	-5.8439122	-0.0077487808
43.52	0.0096023737	-5.8435939	-0.0069431381
43.648	0.0098718711	-5.8438554	-0.0076645264
43.776	0.0097473757	-5.8436032	-0.0066066388
43.904	0.0097228789	-5.8436062	-0.0057682292
44.032	0.010018714	-5.8439706	-0.0054786209
44.16	0.0097796531	-5.8438156	-0.0049249837
44.288	0.0097993276	-5.8439488	-0.0056440955
44.416	0.009790525	-5.8437485	-0.0054355745
44.544	0.0096998995	-5.8437535	-0.0039439239
44.672	0.0096507115	-5.8440303	-0.0024750389
44.8	0.0094390601	-5.8439487	-0.0031614361
44.928	0.0094873464	-5.8439801	-0.0050029116
45.056	0.0093465794	-5.8439095	-0.0049653436
45.184	0.0093510911	-5.8442971	-0.0061436122
45.312	0.0093342563	-5.8445395	-0.0052025175
45.44	0.0091948953	-5.8445394	-0.0048535901
45.568	0.0091441283	-5.8445191	-0.0064741352
45.696	0.0088816376	-5.8444359	-0.005052945
45.824	0.0089498385	-5.8449316	-0.0041462321
45.952	0.0087696146	-5.8448083	-0.0051175127
46.08	0.0085991649	-5.8446255	-0.0049919044
46.208	0.0086755698	-5.8448279	-0.0068869105
46.336	0.0083980724	-5.8449334	-0.0078185225
46.464	0.0084025657	-5.8449451	-0.0081516554
46.592	0.0081852746	-5.844965	-0.0088949681
46.72	0.0083952855	-5.8453251	-0.0096425503
46.848	0.0082058248	-5.8450657	-0.0075065727
46.976	0.0083528608	-5.8454034	-0.0081716617
47.104	0.0082029883	-5.8453107	-0.009393747
47.232	0.0083508078	-5.8451854	-0.010469137
47.36	0.008265494	-5.8452389	-0.01035605
47.488	0.0081736037	-5.8450821	-0.0082852174
47.616	0.00832753	-5.8453423	-0.0080486108
47.744	0.008358261	-5.8452537	-0.0082977056
47.872	0.0083304781	-5.8450924	-0.0074214739
48	0.008545096	-5.8451646	-0.0076784288
48.128	0.0085155764	-5.8452502	-0.0073621776
48.256	0.0084816274	-5.8448814	-0.0072776245
48.384	0.0085962679	-5.8451667	-0.0071980127
48.512	0.008858365	-5.8452557	-0.0098470658
48.64	0.0088239853	-5.8448767	-0.0090054186
48.768	0.0088628589	-5.8445984	-0.0072057409
48.896	0.0089616774	-5.8444751	-0.0043842084
49.024	0.0092779672	-5.8446296	-0.0063521247
49.152	0.0091844043	-5.8442406	-0.0058075316
49.28	0.0093846154	-5.8443969	-0.0060657726
49.408	0.0094445873	-5.8441789	-0.0065550934
49.536	0.0095026159	-5.8439451	-0.0051318822
49.664	0.0094868813	-5.8440014	-0.0032596438
49.792	0.0095284726	-5.8436676	-0.0024320927
49.92	0.0095950186	-5.8436657	-0.0044859134
50.048	0.0098377988	-5.844126	-0.0046179356
50.176	0.0096882579	-5.8438867	-0.0051987667
50.304	0.0096419688	-5.8437659	-0.0045496678
50.432	0.0098427813	-5.8437029	-0.0044967337
50.56	0.0096648379	-5.8437468	-0.006766175
50.688	0.009722681	-5.8439678	-0.005918796
50.816	0.0098038675	-5.844234	-0.0052839853
50.944	0.0096468758	-5.843985	-0.0042706328
51.072	0.0097236878	-5.8441723	-0.0036586399
51.2	0.0095749039	-5.8442301	-0.0047627764
51.328	0.009378884	-5.8442382	-0.0044621123
51.456	0.0093974371	-5.8444641	-0.0040755398
51.584	0.0093116697	-5.8444279	-0.0064361655
51.712	0.0092638139	-5.8445396	-0.0073332141
51.84	0.0090372382	-5.8445667	-0.0052281744
51.968	0.0089100987	-5.8448389	-0.0071733876
52.096	0.0088293615	-5.845061	-0.0073582072
52.224	0.0089062817	-5.844885	-0.0067857558
52.352	0.0086949231	-5.8449873	-0.0085734076
52.48	0.0085682672	-5.8450765	-0.0088945616
52.608	0.0086236177	-5.8453907	-0.0075595128
52.736	0.0086107425	-5.8453955	-0.0082139707
52.864	0.0084158035	-5.8449844	-0.0080205354
52.992	0.0083321963	-5.8449331	-0.0081385624
53.12	0.0083535979	-5.8453105	-0.007774589
53.248	0.0083176663	-5.8454283	-0.0077603435
53.376	0.0083501339	-5.8452703	-0.0098108215
53.504	0.008119772	-5.8449684	-0.0099018781
53.632	0.0082304185	-5.8451092	-0.0074552599
53.76	0.0084433175	-5.8453297	-0.0076682975
53.888	0.0081596081	-5.8451078	-0.007754816
54.016	0.0084531226	-5.8454625	-0.0073636366
54.144	0.0081602036	-5.8449009	-0.004632519
54.272	0.0084945845	-5.8453493	-0.0075035388
54.4	0.0083888327	-5.8448882	-0.0068780673
54.528	0.0085958852	-5.8449295	-0.0046064772
54.656	0.0087103607	-5.8449148	-0.0055203147
54.784	0.0088127034	-5.8447731	-0.0058863367
54.912	0.0087978872	-5.8448082	-0.0048040262
55.04	0.0089622518	-5.8447611	-0.0067016094
55.168	0.0089366127	-5.8443737	-0.0065219447
55.296	0.0091302164	-5.8444678	-0.0073928536
55.424	0.0092449244	-5.8446669	-0.0067784622
55.552	0.0093652709	-5.8446392	-0.0067059198
55.68	0.0093590654	-5.8441592	-0.0058074013
55.808	0.0094014205	-5.8441301	-0.0064090029
55.936	0.0096051977	-5.8442009	-0.004299014
56.064	0.0095429147	-5.8440799	-0.0064150618
56.192	0.0096925706	-5.843934	-0.0060709235
56.32	0.0096668902	-5.8439373	-0.0024116975
56.448	0.0097526922	-5.8439598	-0.0036447783
56.576	0.0095715785	-5.8436969	-0.0045122447
56.704	0.0097879791	-5.8438284	-0.0035347204
56.832	0.009817591	-5.8437523	-0.0027075517
56.96	0.0098594119	-5.8438448	-0.0047022039
57.088	0.009795359	-5.8438835	-0.0037389607
57.216	0.009736037	-5.844239	-0.0028462958
57.344	0.0094384129	-5.8438229	-0.0040453684
57.472	0.0094801181	-5.8440883	-0.0054315181
57.6	0.009438932	-5.8441947	-0.005916275
57.728	0.0093401769	-5.8440296	-0.0070559569
57.856	0.0094489747	-5.8440592	-0.0059714734
57.984	0.0092934393	-5.8443246	-0.005925787
58.112	0.0091367759	-5.8445553	-0.0064169364
58.24	0.0089245519	-5.8446849	-0.0074389636
58.368	0.0089533471	-5.8448376	-0.0081561551
58.496	0.0087799733	-5.8447884	-0.0074790361
58.624	0.0089314539	-5.8450113	-0.0083139994
58.752	0.0086528949	-5.84511	-0.0098100727
58.88	0.0086004779	-5.845156	-0.011323223
59.008	0.0085241019	-5.8453294	-0.0095184535
59.136	0.0084328125	-5.8451061	-0.0080917344
59.264	0.0083378076	-5.8451855	-0.010075697
59.392	0.0083596946	-5.8454681	-0.0092024113
59.52	0.0082875748	-5.8454192	-0.0078001266
59.648	0.0082005926	-5.8452218	-0.0093047419
59.776	0.0084634626	-5.845571	-0.0074007353
59.904	0.0082833513	-5.8453005	-0.0073532287
60.032	0.0080916659	-5.8449727	-0.0071432908
60.16	0.0084596859	-5.8455748	-0.0096600201
60.288	0.0082891154	-5.8450142	-0.0099515502
60.416	0.008323299	-5.8451264	-0.007700709
60.544	0.0083780523	-5.8448258	-0.006792828
60.672	0.0084671029	-5.8451783	-0.0095129029
60.8	0.0085433757	-5.8451874	-0.0085816101
60.928	0.0087204373	-5.8452207	-0.008101873
61.056	0.008591309	-5.8450652	-0.0074131931
61.184	0.0086762144	-5.8450007	-0.0076782507
61.312	0.0089225972	-5.8447488	-0.0070333392
61.44	0.0088827995	-5.8446069	-0.0063899367
61.568	0.0089601463	-5.84462	-0.0073653807
61.696	0.0092109532	-5.8444994	-0.0069333601
61.824	0.00913491	-5.8442856	-0.0056548911
61.952	0.0093739904	-5.8442878	-0.0049234315
62.08	0.0094494297	-5.8442226	-0.0058196438
62.208	0.0094557633	-5.8438447	-0.0041323936
62.336	0.0097222162	-5.8441577	-0.0040693834
62.464	0.0096221847	-5.8438123	-0.001526975
62.592	0.0097360632	-5.8440005	-0.0035723833
62.72	0.0097186786	-5.8438501	-0.0050500689
62.848	0.009742131	-5.8438326	-0.0019485811
62.976	0.0097359726	-5.8438444	-0.0038131909
63.104	0.0098909857	-5.8442025	-0.0048045575
63.232	0.0097420635	-5.8440316	-0.0030227248
63.36	0.0096533204	-5.8439578	-0.0024495913
63.488	0.0097397916	-5.8439248	-0.0045023407
63.616	0.0095604817	-5.8441138	-0.0039827544
63.744	0.0096175243	-5.8440848	-0.0043167694
63.872	0.0094083428	-5.8444163	-0.0055944604
64	0.0095995813	-5.8444025	-0.0079924522
64.128	0.009373508	-5.8443623	-0.0063716484
64.256	0.0092778223	-5.8444029	-0.0052147674
64.384	0.0089630394	-5.8442028	-0.0067672792
64.512	0.0089291556	-5.8442884	-0.0064821089
64.64	0.0088191965	-5.8442806	-0.0082700359
64.768	0.0089038961	-5.8446111	-0.0087551572
64.896	0.0086753872	-5.8445656	-0.0086829867
65.024	0.0087525728	-5.8447764	-0.0076286708
65.152	0.0085927712	-5.8450502	-0.0070558483
65.28	0.0085850329	-5.8449779	-0.007327182
65.408	0.0085358371	-5.8449815	-0.0073025562
65.536	0.0082876742	-5.8452724	-0.0057849844
65.664	0.0083881761	-5.8455423	-0.0066515499
65.792	0.0084064535	-5.8455777	-0.009836072
65.92	0.0082089951	-5.8452564	-0.010256812
66.048	0.0082597862	-5.8452709	-0.0094408979
66.176	0.0082511893	-5.8454073	-0.0086398923
66.304	0.0083468455	-5.8454667	-0.0083973409
66.432	0.0082103509	-5.8454646	-0.0093168083
66.56	0.0082702606	-5.8455072	-0.011345202
66.688	0.0083584974	-5.8453321	-0.0097828296
66.816	0.0084550405	-5.8455044	-0.0092663341
66.944	0.0084272438	-5.8453992	-0.0077117489
67.072	0.0085766741	-5.8452795	-0.0085679227
67.2	0.0086137963	-5.8449466	-0.0076249242
67.328	0.0086843606	-5.8447682	-0.007733548
67.456	0.0087853152	-5.8448434	-0.006310987
67.584	0.0087845826	-5.8446693	-0.0042757931
67.712	0.0089134957	-5.8446697	-0.0061423015
67.84	0.0092055689	-5.8445779	-0.0059892984
67.968	0.0091961481	-5.8443301	-0.004798963
68.096	0.0092307385	-5.844168	-0.0051602188
68.224	0.0093547579	-5.8439946	-0.0055053336
68.352	0.0095021907	-5.8439542	-0.0063876707
68.48	0.0096247594	-5.8438997	-0.0058714474
68.608	0.0095598572	-5.8438635	-0.0038792355
68.736	0.0094350897	-5.8438274	-0.0031325466
68.864	0.0094261975	-5.8438004	-0.004168453
68.992	0.0099315113	-5.844207	-0.0060162024
69.12	0.0098370167	-5.844097	-0.0052678811
69.248	0.0097761386	-5.8439601	-0.0048767724
69.376	0.0097426734	-5.8439062	-0.0049817774
69.504	0.0097021272	-5.8438182	-0.0047914228
69.632	0.0097635707	-5.843848	-0.0036268415
69.76	0.0097134244	-5.8436414	-0.0036587388
69.888	0.0094338729	-5.8434928	-0.0027888415
70.016	0.009583352	-5.8437697	-0.0057239212
70.144	0.0095161146	-5.8438445	-0.005110144
70.272	0.0092603036	-5.8440447	-0.0046386169
70.4	0.0093067511	-5.8441224	-0.0058401272
70.528	0.0092236679	-5.8440807	-0.0056167299
70.656	0.0092440593	-5.8443946	-0.007620626
70.784	0.0091167299	-5.8448165	-0.0067276775
70.912	0.0090657193	-5.8449286	-0.0047202863
71.04	0.0088571222	-5.8447484	-0.0059572676
71.168	0.0089110795	-5.8450466	-0.0085879337
71.296	0.0086221144	-5.8452783	-0.009662462
71.424	0.0084815723	-5.8448752	-0.0083043809
71.552	0.0086564658	-5.8452122	-0.0074291843
71.68	0.0085407277	-5.8453106	-0.0084811339
71.808	0.0084679043	-5.84528	-0.007446093
71.936	0.0083526061	-5.8451082	-0.0074386753
72.064	0.0081568109	-5.844975	-0.0060729783
72.192	0.0084058837	-5.8452462	-0.0075552101
72.32	0.0082473089	-5.8450021	-0.0073347939
72.448	0.0082439295	-5.8451922	-0.0084288864
72.576	0.0083264888	-5.84537	-0.008622412
72.704	0.0082903236	-5.8451609	-0.0081280026
72.832	0.0082836177	-5.8451371	-0.0079808011
72.96	0.0084153507	-5.8451649	-0.0072889817
73.088	0.0083155889	-5.8448964	-0.009739242
73.216	0.0086412481	-5.8453117	-0.0084986021
73.344	0.0084496142	-5.8451904	-0.0075006237
73.472	0.0086523709	-5.8450875	-0.009587176
73.6	0.0085643427	-5.8449161	-0.008307464
73.728	0.0087638649	-5.8450599	-0.0079721175
73.856	0.0088139517	-5.8449955	-0.0069544885
73.984	0.0089798686	-5.8448081	-0.0095756823
74.112	0.009006299	-5.844559	-0.0094556334
74.24	0.009134922	-5.8446107	-0.0069519244
74.368	0.0092671002	-5.8444702	-0.0070256674
74.496	0.0093255247	-5.8443454	-0.0055635679
74.624	0.009404608	-5.8442956	-0.005456018
74.752	0.0093923262	-5.8438328	-0.0040910158
74.88	0.0096395835	-5.8440509	-0.0029596983
75.008	0.0096970067	-5.8441757	-0.0059525039
75.136	0.0094820787	-5.8437987	-0.0057222244
75.264	0.0096871623	-5.8438418	-0.0034715851
75.392	0.0097732698	-5.8439518	-0.0033228999
75.52	0.0098351064	-5.8440034	-0.0053628886
75.648	0.0095174748	-5.8437637	-0.0051488237
75.776	0.0098345112	-5.8441176	-0.0059588483
75.904	0.0097964185	-5.8440177	-0.0040020249
76.032	0.0096158585	-5.8438851	-0.0020703939
76.16	0.0096073839	-5.8440936	-0.0039861036
76.288	0.0094203726	-5.8437985	-0.0015071586
76.416	0.0095851247	-5.8443939	-0.0044288748
76.544	0.0095028909	-5.8444992	-0.0052408422
76.672	0.0093568653	-5.8445103	-0.0042691036
76.8	0.0093157952	-5.8444455	-0.0042156678
76.928	0.0091649748	-5.8443011	-0.0047145035
77.056	0.0090828746	-5.8444033	-0.0073441035
77.184	0.0089726686	-5.8444571	-0.0058732456
77.312	0.0089770891	-5.8447402	-0.006225875
77.44	0.008709041	-5.8446247	-0.0063120193
77.568	0.0087392106	-5.8447678	-0.0084225835
77.696	0.0086070281	-5.8447516	-0.0078759898
77.824	0.0086064231	-5.8448217	-0.0083721324
77.952	0.0083824873	-5.8447187	-0.00787107
78.08	0.0085213	-5.8453973	-0.0087725617
78.208	0.008392592	-5.8452644	-0.0084727982
78.336	0.0083538621	-5.8452774	-0.009967602
78.464	0.0083481201	-5.8453636	-0.0088236267
78.592	0.008225412	-5.8453528	-0.0069816463
78.72	0.008333363	-5.8452752	-0.0071873248
78.848	0.00823782	-5.8454527	-0.0085346182
78.976	0.0084274984	-5.8456516	-0.009612885
79.104	0.0083000452	-5.8454249	-0.0080919105
79.232	0.0083734051	-5.8454619	-0.0081056145
79.36	0.0082830191	-5.8451318	-0.0080899634
79.488	0.0083768887	-5.8450626	-0.0090749127
79.616	0.00848374	-5.8450064	-0.0082987646
79.744	0.0084988614	-5.8449614	-0.0081070636
79.872	0.0086785429	-5.844887	-0.0081898861
80	0.0086874673	-5.844805	-0.0079039618
80.128	0.0088150496	-5.8447528	-0.0098232178
80.256	0.0088138258	-5.8445923	-0.006878126
80.384	0.0089352485	-5.8444186	-0.0068279091
80.512	0.0092257858	-5.8445692	-0.0072041802
80.64	0.0091716177	-5.8444593	-0.006316128
80.768	0.009229838	-5.8442775	-0.0061433689
80.896	0.0095239674	-5.8443568	-0.0066897742
81.024	0.0093911156	-5.8441459	-0.0046769884
81.152	0.0095619326	-5.8440678	-0.0063101967
81.28	0.0097704335	-5.8440628	-0.0070743039
81.408	0.0094768859	-5.8437836	-0.0018540153
81.536	0.0097383539	-5.8440689	-0.0027782388
81.664	0.0096793357	-5.8438329	-0.0035614542
81.792	0.0096865442	-5.843931	-0.0015331058
81.92	0.0097976797	-5.8442432	-0.0046339785
82.048	0.0097460392	-5.8438295	-0.003144447
82.176	0.0097568939	-5.8440481	-0.0047017987
82.304	0.0097012109	-5.8439933	-0.0048329157
82.432	0.0096865799	-5.8437667	-0.0020483786
82.56	0.0097233482	-5.8442467	-0.0033764401
82.688	0.0096315142	-5.8440022	-0.004830631
82.816	0.0093802313	-5.8439702	-0.0053803744
82.944	0.0094146211	-5.8442009	-0.0042781959
83.072	0.009371167	-5.8443245	-0.0057309416
83.2	0.0090377968	-5.8441387	-0.0045878923
83.328	0.0091335505	-5.8442018	-0.0046145155
83.456	0.0090613794	-5.8445226	-0.0045904073
83.584	0.0089391115	-5.8446692	-0.0063882922
83.712	0.008787306	-5.8446888	-0.0069114317
83.84	0.0087319337	-5.8448302	-0.0055545205
83.968	0.0086405444	-5.8451001	-0.0072339643
84.096	0.0085510521	-5.8450427	-0.0085378101
84.224	0.0085086758	-5.8451297	-0.0099968669
84.352	0.0084919108	-5.845191	-0.0094323915
84.48	0.0084485522	-5.8452241	-0.0088340217
84.608	0.0083136699	-5.8449829	-0.00950256
84.736	0.0082130026	-5.8450534	-0.0064187479
84.864	0.008342033	-5.8454153	-0.0075097603
84.992	0.0082934137	-5.8452348	-0.009572168
85.12	0.0082326512	-5.845146	-0.0079812781
85.248	0.0082821102	-5.8452339	-0.0068863192
85.376	0.0082772752	-5.8454326	-0.0061865817
85.504	0.0083562565	-5.8453958	-0.0070067358
85.632	0.0084027009	-5.8455342	-0.0065482231
85.76	0.0083998125	-5.8452359	-0.0064122662
85.888	0.0085515907	-5.8451395	-0.0073208287
86.016	0.0086241637	-5.8450072	-0.0096235602
86.144	0.0086014623	-5.84511	-0.0088015465
86.272	0.0087027897	-5.8449567	-0.0060044459
86.4	0.0088323561	-5.8447787	-0.0070525071
86.528	0.0088355024	-5.8446098	-0.0076054451
86.656	0.0089767182	-5.8446246	-0.0078930775
86.784	0.0090837497	-5.8446401	-0.0072714205
86.912	0.0091578187	-5.8443421	-0.0061539858
87.04	0.0092038535	-5.8440889	-0.004500759
87.168	0.0093554088	-5.8442532	-0.005856867
87.296	0.0094228782	-5.844295	-0.0057763198
87.424	0.0094366827	-5.8439415	-0.0058498173
87.552	0.0097809979	-5.8440964	-0.0067612799
87.68	0.0095646794	-5.8438627	-0.0066386035
87.808	0.0096590662	-5.8437654	-0.0045951091
87.936	0.0098099062	-5.843785	-0.0056266156
88.064	0.0096881969	-5.8438162	-0.0048578962
88.192	0.0097154233	-5.8439943	-0.0033916414
88.32	0.0097723294	-5.844116	-0.0029546468
88.448	0.0097533816	-5.8439345	-0.0062103417
88.576	0.0097925145	-5.8438509	-0.0060021126
88.704	0.0095568214	-5.8436529	-0.0035405251
88.832	0.0095473962	-5.8438325	-0.0043816834
88.96	0.009686847	-5.8442888	-0.0062849586
89.088	0.009555631	-5.8442898	-0.0068100678
89.216	0.0092786301	-5.8441017	-0.005882172
89.344	0.0094376113	-5.8443262	-0.0068721889
89.472	0.0089977141	-5.844156	-0.0043045189
89.6	0.0092511405	-5.8447269	-0.0052527899
89.728	0.0091310435	-5.8446725	-0.0048423588
89.856	0.0089696719	-5.8447267	-0.0047257391
89.984	0.0086903213	-5.8447616	-0.0065412485
90.112	0.0087787759	-5.8449988	-0.0067152863
90.24	0.0085645718	-5.8449418	-0.0073091708
90.368	0.0086783062	-5.8452154	-0.0076115521
90.496	0.0084776257	-5.8451117	-0.0089128307
90.624	0.00849811	-5.8451662	-0.0090044027
90.752	0.0084333605	-5.8451939	-0.0072327285
90.88	0.0083681149	-5.8452112	-0.0056596753
91.008	0.0083555199	-5.8451373	-0.0091422938
91.136	0.0082939569	-5.8451058	-0.0092898799
91.264	0.0082098619	-5.8451643	-0.007875064
91.392	0.0083536115	-5.8455493	-0.0079881617
91.52	0.0083738509	-5.845917	-0.0074770498
91.648	0.0082320544	-5.8454241	-0.006723395
91.776	0.0083762868	-5.8454594	-0.0094645728
91.904	0.0083357043	-5.8452605	-0.010877835
92.032	0.0085016818	-5.8449641	-0.010659047
92.16	0.0082748185	-5.8449744	-0.0074732468
92.288	0.0086025653	-5.8451897	-0.0068919224
92.416	0.0086023695	-5.8450249	-0.0086598132
92.544	0.0086581215	-5.8452236	-0.008432618
92.672	0.0087592598	-5.8449256	-0.007730542
92.8	0.0087227987	-5.8445883	-0.0066831589
92.928	0.0089273818	-5.8445226	-0.0061899924
93.056	0.0090542336	-5.8444314	-0.0055915932
93.184	0.0091781087	-5.8443611	-0.0062468798
93.312	0.0091799844	-5.8439958	-0.0070381032
93.44	0.0094290668	-5.8445628	-0.0067139406
93.568	0.0094515237	-5.8442055	-0.0052524368
93.696	0.0094677058	-5.8444121	-0.0049402764
93.824	0.0096433689	-5.8442976	-0.006496826
93.952	0.0097649881	-5.8444327	-0.0050451612
94.08	0.0098685727	-5.8439755	-0.0046135453
94.208	0.0096723871	-5.8436735	-0.0044505294
94.336	0.0096903803	-5.843843	-0.0035211023
94.464	0.0097447505	-5.8437582	-0.0033918099
94.592	0.0097046418	-5.8438068	-0.004534682
94.72	0.0097805119	-5.8438542	-0.0044453524
94.848	0.0095629346	-5.8437595	-0.0034192667
94.976	0.00966133	-5.8439746	-0.0030673148
95.104	0.0096297302	-5.8441323	-0.0042944973
95.232	0.0095497553	-5.8442019	-0.0056995644
95.36	0.0093882023	-5.8442	-0.0040223441
95.488	0.0094548064	-5.8443374	-0.0041497303
95.616	0.0093353137	-5.8441476	-0.0060865541
95.744	0.0092215081	-5.8443392	-0.0051987775
95.872	0.0090894284	-5.8443316	-0.0028677285
96	0.0091771988	-5.8446526	-0.0062612755
96.128	0.008925177	-5.8445594	-0.0070362699
96.256	0.0089025254	-5.8447882	-0.0070619639
96.384	0.0086448084	-5.8446972	-0.0058358927
96.512	0.0087483165	-5.8450672	-0.006696607
96.64	0.0086767355	-5.8449738	-0.0076879687
96.768	0.0085120111	-5.845078	-0.008515346
96.896	0.0086438215	-5.845395	-0.009833549
97.024	0.0084644377	-5.8452313	-0.0083575149
97.152	0.0084597691	-5.8453455	-0.0081064619
97.28	0.0084505533	-5.845377	-0.0097284895
97.408	0.0080958434	-5.8451499	-0.0087187511
97.536	0.0082949323	-5.8454106	-0.0081323792
97.664	0.0081949658	-5.8449915	-0.0066446698
97.792	0.0083350879	-5.8453336	-0.0079094403
97.92	0.0082499539	-5.8454675	-0.010181545
98.048	0.0083017373	-5.8452805	-0.0080735164
98.176	0.0083337642	-5.8450967	-0.0088209537
98.304	0.0083272213	-5.8449427	-0.0093105702
98.432	0.0083733732	-5.8450874	-0.0074599629
98.56	0.0085112106	-5.8451886	-0.0069109635
98.688	0.0085844713	-5.8449222	-0.0068330892
98.816	0.0086044232	-5.8448331	-0.0066302548
98.944	0.0088514342	-5.8450369	-0.0075069381
99.072	0.0087935527	-5.844685	-0.0065926756
99.2	0.0090402965	-5.845075	-0.0074906623
99.328	0.0089524368	-5.8447538	-0.0060168876
99.456	0.0090691504	-5.8445565	-0.0042899671
99.584	0.009220264	-5.8446963	-0.0061803634
99.712	0.0091682743	-5.844473	-0.0048574025
99.84	0.0095284504	-5.8443123	-0.0043367099
99.968	0.0095531734	-5.8442307	-0.0034170673
100.096	0.0095301873	-5.8442615	-0.0043999101
100.224	0.009512586	-5.8438479	-0.0051220047
100.352	0.009698028	-5.8440468	-0.0062521425
100.48	0.0096874207	-5.8438265	-0.0040575593
100.608	0.0096515716	-5.843828	-0.0051206989
100.736	0.009786893	-5.8440516	-0.0070134427
100.864	0.0097846022	-5.8437958	-0.0066422276
100.992	0.0097406337	-5.8437721	-0.0046623173
101.12	0.0097565683	-5.84397	-0.004499388
101.248	0.009631298	-5.8437626	-0.0042006751
101.376	0.0096310499	-5.843858	-0.0057475885
101.504	0.0096003703	-5.8440236	-0.0060144751
101.632	0.0094401302	-5.8438065	-0.0053673961
101.76	0.0095867588	-5.8441211	-0.0062637984
101.888	0.0092492581	-5.8443737	-0.005734963
102.016	0.0093061595	-5.8445925	-0.0062164595
102.144	0.009158421	-5.84443	-0.0070264326
102.272	0.0090162383	-5.8445754	-0.0060708616
102.4	0.0090227563	-5.8446752	-0.0058572459
102.528	0.0089980416	-5.8446316	-0.0069566299
102.656	0.008793361	-5.844772	-0.0066874344
102.784	0.0086849528	-5.8448198	-0.0083091814
102.912	0.0086791985	-5.8449548	-0.006926336
103.04	0.0085232558	-5.8450962	-0.0058716103
103.168	0.008411979	-5.8448892	-0.0060505121
103.296	0.0083783517	-5.84509	-0.0075515369
103.424	0.0084829756	-5.845176	-0.0084010898
103.552	0.008238375	-5.8450722	-0.0075466542
103.68	0.0084072988	-5.8454108	-0.0090395704
103.808	0.0083515549	-5.8453571	-0.0071906307
103.936	0.0081370901	-5.8451949	-0.0082145694
104.064	0.0084404983	-5.8454727	-0.0088034697
104.192	0.0081711039	-5.8451774	-0.0068544451
104.32	0.008251783	-5.8452509	-0.0083591406
104.448	0.0082986535	-5.845367	-0.0076917718
104.576	0.0083699315	-5.84539	-0.0079626895
104.704	0.0084025478	-5.8452684	-0.0075517928
104.832	0.008561724	-5.8452173	-0.008088128
104.96	0.0084161391	-5.8446785	-0.0080910183
105.088	0.0087294204	-5.8449612	-0.0084965343
105.216	0.0086915722	-5.8446713	-0.0099339738
105.344	0.0087026564	-5.844461	-0.0082400011
105.472	0.0089420391	-5.8446069	-0.00916029
105.6	0.0089795698	-5.8446609	-0.0077446407
105.728	0.0091507246	-5.8445739	-0.0072381813
105.856	0.009188362	-5.8445807	-0.0057006502
105.984	0.0091769458	-5.8443822	-0.0054127878
106.112	0.0093540854	-5.8443321	-0.0063010151
106.24	0.0094203333	-5.8441514	-0.0049439081
106.368	0.0095728227	-5.8441445	-0.0062982044
106.496	0.0096100927	-5.8439004	-0.0044529321
106.624	0.009788979	-5.8441695	-0.0038663652
106.752	0.0096986839	-5.8438671	-0.0032692312
106.88	0.009723705	-5.8438331	-0.0061181499
107.008	0.0097253566	-5.8439067	-0.0048669022
107.136	0.0097708778	-5.8440251	-0.0026590133
107.264	0.009814546	-5.8439911	-0.0038562411
107.392	0.0096524198	-5.843835	-0.004725189
107.52	0.0097132947	-5.8439862	-0.0051897798
107.648	0.0096126908	-5.8438978	-0.0059785296
107.776	0.0096673196	-5.8441092	-0.0059159791
107.904	0.009631841	-5.8441741	-0.0058508823
108.032	0.0093888401	-5.8441069	-0.0052206659
108.16	0.0093676433	-5.8442095	-0.0047070154
108.288	0.0093896343	-5.8444894	-0.0051593154
108.416	0.0091202858	-5.8444469	-0.0042240753
108.544	0.0090389943	-5.8443951	-0.0055778247
108.672	0.0090287734	-5.844528	-0.0046248634
108.8	0.0089455797	-5.8447195	-0.0070714526
108.928	0.008893458	-5.844837	-0.0078361902
109.056	0.0087024474	-5.8447434	-0.006511571
109.184	0.0086830115	-5.8450969	-0.0068194417
109.312	0.0085787923	-5.845139	-0.0078359809
109.44	0.0084077474	-5.8451092	-0.0080293903
109.568	0.0085049449	-5.8450279	-0.0080342209
109.696	0.0084881556	-5.8451287	-0.0095825416
109.824	0.0083319484	-5.8452235	-0.0088346065
109.952	0.0084472737	-5.8455419	-0.0081204216
110.08	0.0082503266	-5.8453942	-0.0095654134
110.208	0.0083124374	-5.8455361	-0.008298658
110.336	0.0080974092	-5.8451471	-0.0085927866
110.464	0.0083976091	-5.8453744	-0.010133207
110.592	0.0082265854	-5.8452364	-0.00818166
110.72	0.0084516513	-5.8453193	-0.010026252
110.848	0.0083822548	-5.8451392	-0.0086299827
110.976	0.0083530217	-5.8451052	-0.0084085963
111.104	0.0084868363	-5.8452628	-0.010039597
111.232	0.0084837947	-5.8448664	-0.0074051705
111.36	0.0087133832	-5.8449775	-0.0079014401
111.488	0.0087586173	-5.8450226	-0.010576274
111.616	0.0087255483	-5.844713	-0.010258213
111.744	0.0087366744	-5.8444635	-0.0080423792
111.872	0.0089962328	-5.8446676	-0.0083586503
112	0.0090030626	-5.8444682	-0.0069594402
112.128	0.0090607608	-5.8443352	-0.005148887
112.256	0.0092308726	-5.8443615	-0.0048965264
112.384	0.0092752935	-5.8441121	-0.0076828817
112.512	0.0094483908	-5.8442523	-0.0091158463
112.64	0.0094966816	-5.843864	-0.0081757958
112.768	0.0095402065	-5.8439965	-0.0077098221
112.896	0.0095963391	-5.8439289	-0.0056870786
113.024	0.0096345706	-5.8438542	-0.0046097339
113.152	0.0097490479	-5.8441168	-0.0039029386
113.28	0.0097851466	-5.8439734	-0.0051619953
113.408	0.0098882746	-5.8442555	-0.0071369063
113.536	0.0097423922	-5.84397	-0.0051366292
113.664	0.00983233	-5.8439489	-0.003922043
113.792	0.0096168392	-5.843935	-0.0036411943
113.92	0.0096834995	-5.84402	-0.0054371694
114.048	0.0096372263	-5.844054	-0.0061883645
114.176	0.0095166827	-5.8438921	-0.0052214002
114.304	0.0095311523	-5.8440903	-0.0060381881
114.432	0.0094047531	-5.8440444	-0.0049638082
114.56	0.0093499597	-5.8443657	-0.0046807306
114.688	0.0091084891	-5.8441584	-0.0051112648
114.816	0.0093590603	-5.8448221	-0.0059688129
114.944	0.0089637117	-5.8445251	-0.0062033159
115.072	0.0089579392	-5.8446395	-0.0064423043
115.2	0.0088977425	-5.8448076	-0.0073286542
115.328	0.0086949786	-5.8452882	-0.0063661199
115.456	0.00867535	-5.8451033	-0.0067953901
115.584	0.0085973111	-5.8451228	-0.0091100559
115.712	0.0086321103	-5.8451393	-0.0096820507
115.84	0.0084464143	-5.8450897	-0.0091627749
115.968	0.0082508904	-5.8452162	-0.0094375267
116.096	0.0082887403	-5.8452837	-0.010032628
116.224	0.0083633282	-5.845619	-0.0085628593
116.352	0.0082823706	-5.8458161	-0.0078899378
116.48	0.0082688316	-5.8454491	-0.0087177278
116.608	0.0083546621	-5.8453415	-0.0078961393
116.736	0.0083630917	-5.8454299	-0.008364666
116.864	0.0082932523	-5.8454197	-0.0094455441
116.992	0.0084535537	-5.8455709	-0.010344428
117.12	0.0082041804	-5.8454472	-0.0070219054
117.248	0.0084663344	-5.8456182	-0.0090215115
117.376	0.0083879455	-5.8452716	-0.0096058247
117.504	0.0086677266	-5.8452126	-0.0088737355
117.632	0.0083952442	-5.8449368	-0.008391589
117.76	0.0087400693	-5.8450259	-0.0093045807
117.888	0.0086601391	-5.8448366	-0.0088219114
118.016	0.0088392953	-5.8446716	-0.0080158393
118.144	0.0090000702	-5.844797	-0.0072485422
118.272	0.0089628209	-5.8446554	-0.0077583068
118.4	0.0090480661	-5.8443301	-0.0079945922
118.528	0.0093195607	-5.8444838	-0.0087620269
118.656	0.0092176072	-5.8441417	-0.0074594734
118.784	0.0095258901	-5.8443221	-0.0068667989
118.912	0.0094888096	-5.8441287	-0.0054776336
119.04	0.009553764	-5.8443163	-0.0052115724
119.168	0.009611579	-5.8441346	-0.0071676878
119.296	0.0096797923	-5.8439402	-0.0045745924
119.424	0.0098451083	-5.8440176	-0.0037518491
119.552	0.0097313681	-5.8437572	-0.0035519673
119.68	0.0096918271	-5.8436347	-0.0028057579
119.808	0.0098445852	-5.8441367	-0.0059076583
119.936	0.0096495198	-5.8439419	-0.0054031039
120.064	0.0098959346	-5.843906	-0.0046975905
120.192	0.0097437047	-5.8440531	-0.0059006087
120.32	0.0096017772	-5.8438983	-0.0054456895
120.448	0.0095901383	-5.8441512	-0.0043777793
120.576	0.0095981503	-5.84442	-0.0064223992
120.704	0.0093983906	-5.8442796	-0.0050364814
120.832	0.0093563749	-5.8443258	-0.0034936499
120.96	0.0092433065	-5.8441745	-0.0068222673
121.088	0.009293427	-5.844326	-0.0081843269
121.216	0.009068002	-5.8445646	-0.0071255075
121.344	0.0090763656	-5.8447499	-0.0072727654
121.472	0.0089295074	-5.8446857	-0.0079546325
121.6	0.0086975144	-5.8446291	-0.0071752244
121.728	0.0086388715	-5.8448407	-0.0084549766
121.856	0.0085844043	-5.8451733	-0.0076408918
121.984	0.0086065659	-5.8453233	-0.006947481
122.112	0.0085725172	-5.8454085	-0.0084902821
122.24	0.0084317485	-5.8453869	-0.0083511828
122.368	0.0083638427	-5.8456343	-0.0087628805
122.496	0.0084618759	-5.8455819	-0.010215066
122.624	0.0083205628	-5.8453554	-0.0092856365
122.752	0.0082667778	-5.8454286	-0.0090589531
122.88	0.0082960783	-5.8453986	-0.010350443
123.008	0.0080952341	-5.8453387	-0.0083984957
123.136	0.008197163	-5.8455842	-0.0075634077
123.264	0.0083390674	-5.8453017	-0.0088575893
123.392	0.0083153841	-5.8452204	-0.0078353856
123.52	0.0082981738	-5.845387	-0.0070872188
123.648	0.0084228138	-5.8453679	-0.009359581
123.776	0.008556006	-5.8451326	-0.0089797365
123.904	0.0085860254	-5.8450147	-0.0068010066
124.032	0.0086376699	-5.8450437	-0.0074185119
124.16	0.0087076895	-5.8447154	-0.008352323
124.288	0.0087717183	-5.8446695	-0.0067927449
124.416	0.0089494935	-5.8447665	-0.0064199629
124.544	0.0090469609	-5.8447117	-0.0067986958
124.672	0.0090469477	-5.84447	-0.0067597533
124.8	0.0092403526	-5.8445937	-0.005830743
124.928	0.009225796	-5.8445004	-0.005658527
125.056	0.0092919334	-5.8444698	-0.0082103843
125.184	0.009571001	-5.8442906	-0.008079786
125.312	0.0095341451	-5.8441975	-0.0043648261
125.44	0.0096266803	-5.8440235	-0.005387531
125.568	0.0096693884	-5.843768	-0.0067723405
125.696	0.0095506383	-5.8435929	-0.0027203121
125.824	0.0098441581	-5.8440709	-0.0042044341
125.952	0.0098447179	-5.8441563	-0.0031293365
126.08	0.0097054347	-5.844052	-0.003679158
126.208	0.0097232109	-5.844107	-0.0070454802
126.336	0.0097306748	-5.8440779	-0.0052842641
126.464	0.0098541412	-5.8441501	-0.0058243917
126.592	0.0096281313	-5.8439192	-0.0050293884
126.72	0.0094868809	-5.844106	-0.004464087
126.848	0.0096250315	-5.8441155	-0.00679487
126.976	0.0095093666	-5.844336	-0.0063861608
127.104	0.009342041	-5.8443888	-0.0061458387
127.232	0.0094041507	-5.8443178	-0.0078418211
127.36	0.0091654833	-5.8441147	-0.0072450816
127.488	0.0091803346	-5.8445642	-0.0071290117
127.616	0.0090608183	-5.8446452	-0.0085974932
127.744	0.0089015409	-5.8447747	-0.0075522056
127.872	0.008758748	-5.8448775	-0.0067301617
128	0.0087627016	-5.8448982	-0.0070121072
128.128	0.0087309232	-5.8452409	-0.0080469546
128.256	0.0085400125	-5.8453057	-0.0086847857
128.384	0.0084360063	-5.8453295	-0.0077514121
128.512	0.0083518734	-5.8451864	-0.0087353114
128.64	0.0083322729	-5.8453264	-0.0092823794
128.768	0.0083854616	-5.8453665	-0.0090784239
128.896	0.0083295505	-5.8455607	-0.0089774986
129.024	0.0082466876	-5.8452873	-0.0079822481
129.152	0.0082980806	-5.8453627	-0.0079998163
129.28	0.0083286676	-5.8454943	-0.0083899978
129.408	0.0083554536	-5.845579	-0.010215342
129.536	0.0081953312	-5.8452469	-0.0097871383
129.664	0.0083030934	-5.8453308	-0.010059176
129.792	0.0083167986	-5.845301	-0.0085362958
129.92	0.0083380111	-5.8451779	-0.0061816251
130.048	0.0084766602	-5.8454135	-0.008396603
130.176	0.0085416998	-5.8452736	-0.0080327342
130.304	0.008587567	-5.8450182	-0.0070061931
130.432	0.0087553943	-5.8449053	-0.0077807657
130.56	0.0087807517	-5.8448143	-0.0090812196
130.688	0.0088862389	-5.84478	-0.010051232
130.816	0.0090636636	-5.84466	-0.0077807852
130.944	0.0091535816	-5.8448667	-0.007847111
131.072	0.0090933647	-5.8446865	-0.0076844016
131.2	0.0093792233	-5.8447057	-0.0075022887
131.328	0.0092111902	-5.844198	-0.0057021343
131.456	0.0094606615	-5.8441276	-0.0048612765
131.584	0.0095107767	-5.8441658	-0.0067961362
131.712	0.0096216852	-5.8441934	-0.0050268941
131.84	0.0097120762	-5.843925	-0.0038920321
131.968	0.0096231071	-5.8436125	-0.0052247724
132.096	0.0097655811	-5.8440134	-0.0043297855
132.224	0.0096077949	-5.8436993	-0.0023952057
132.352	0.0099437409	-5.8440437	-0.0040119506
132.48	0.009692696	-5.8438131	-0.0054044025
132.608	0.0097000045	-5.843833	-0.0058905144
132.736	0.009770371	-5.8440393	-0.0056919254
132.864	0.0098392161	-5.8442112	-0.0051082
132.992	0.009548739	-5.8442414	-0.0043782371
133.12	0.0093928787	-5.8440832	-0.0052823615
133.248	0.0094284653	-5.8440707	-0.0063087401
133.376	0.0096004855	-5.8443863	-0.0074285222
133.504	0.0091484603	-5.8440051	-0.0042186382
133.632	0.0093424818	-5.8446533	-0.0050390206
133.76	0.00915557	-5.8447057	-0.0061735256
133.888	0.0089979423	-5.844573	-0.0064466484
134.016	0.0089069026	-5.8445849	-0.006052448
134.144	0.0088547515	-5.8447468	-0.0056622261
134.272	0.0088457687	-5.8449531	-0.0088335664
134.4	0.0086322604	-5.845303	-0.0087508623
134.528	0.008583534	-5.8451945	-0.0076511701
134.656	0.0086472041	-5.8454134	-0.0091226901
134.784	0.0085727723	-5.8454259	-0.0082479539
134.912	0.0083444461	-5.8453142	-0.007446145
135.04	0.0084230907	-5.8456012	-0.0086101709
135.168	0.0082755713	-5.845364	-0.0080912154
135.296	0.0084073472	-5.8455114	-0.0099064056
135.424	0.008141974	-5.845181	-0.0095223328
135.552	0.0083598385	-5.8454264	-0.0096709971
135.68	0.0082627776	-5.8453178	-0.0092067268
135.808	0.0082044867	-5.8453744	-0.0087243791
135.936	0.0083429241	-5.8453159	-0.01043165
136.064	0.0083180374	-5.8454046	-0.0096738642
136.192	0.0084020518	-5.8454424	-0.0087565576
136.32	0.0083514498	-5.8452016	-0.0076104888
136.448	0.0085999412	-5.8451784	-0.0087861509
136.576	0.0085513654	-5.845072	-0.0077902064
136.704	0.0086438214	-5.8452209	-0.0054984837
136.832	0.008772512	-5.8450262	-0.0062325017
136.96	0.0088264797	-5.8450079	-0.0075645489
137.088	0.0089192879	-5.8448118	-0.0085055442
137.216	0.0089214096	-5.8447944	-0.0080555203
137.344	0.0092576673	-5.8449727	-0.0068549079
137.472	0.0093138201	-5.8445826	-0.0073285552
137.6	0.0091364181	-5.8441343	-0.007420741
137.728	0.009326923	-5.8442175	-0.0071493481
137.856	0.0095350834	-5.8444484	-0.0061101345
137.984	0.0094037444	-5.8440943	-0.0039388325
138.112	0.0094611375	-5.8440778	-0.0047489387
138.24	0.0097086468	-5.8440454	-0.0051621866
138.368	0.0098420077	-5.8440698	-0.0071968749
138.496	0.0096647273	-5.8438615	-0.0069862616
138.624	0.0098248603	-5.8442152	-0.0044607614
138.752	0.0098110265	-5.8443299	-0.0033900368
138.88	0.0097027688	-5.843922	-0.0051937675
139.008	0.0097819974	-5.8441475	-0.0065058101
139.136	0.009594461	-5.8439536	-0.0057861634
139.264	0.0096529962	-5.8440785	-0.0064821596
139.392	0.0096753383	-5.8440963	-0.0058117562
139.52	0.0095970773	-5.8442624	-0.0063951206
139.648	0.0094165975	-5.8441887	-0.0051709821
139.776	0.0094079527	-5.8445355	-0.0047336974
139.904	0.0093462659	-5.844535	-0.0047178629
140.032	0.0091889924	-5.8444716	-0.0061132598
140.16	0.0092677606	-5.8447637	-0.0074796653
140.288	0.0088851364	-5.844393	-0.0052705797
140.416	0.0089445814	-5.8449147	-0.0063454781
140.544	0.0086750428	-5.8447373	-0.0078787996
140.672	0.0088469084	-5.8450075	-0.0078753839
140.8	0.0086696716	-5.8450459	-0.0077357612
140.928	0.0085598746	-5.8453376	-0.0088081795
141.056	0.0085465105	-5.8455542	-0.0094597104
141.184	0.0082895911	-5.8454153	-0.0093869613
141.312	0.0082942829	-5.8454043	-0.010006193
141.44	0.0083410658	-5.845369	-0.010478495
141.568	0.0083322283	-5.8455925	-0.0089979481
141.696	0.0082439527	-5.845557	-0.0083034614
141.824	0.0083571102	-5.8456736	-0.010065304
141.952	0.008161881	-5.8455265	-0.008757451
142.08	0.008354621	-5.8455951	-0.0079103873
142.208	0.0082698671	-5.8453055	-0.0092613636
142.336	0.008313441	-5.8452061	-0.0086497692
142.464	0.0082954873	-5.8452045	-0.0072807809
142.592	0.0084448035	-5.8452757	-0.008522477
142.72	0.0084780859	-5.8452271	-0.0089504813
142.848	0.0085163286	-5.8451198	-0.0081335528
142.976	0.0086220304	-5.8451595	-0.0082178522
143.104	0.0087133948	-5.8451916	-0.0065969076
143.232	0.0088681846	-5.8451059	-0.0047672878
143.36	0.0089654346	-5.8449777	-0.0064597795
143.488	0.0091570008	-5.8450037	-0.0076949935
143.616	0.0089094843	-5.8447566	-0.0046593172
143.744	0.0092088963	-5.8447351	-0.0052530448
143.872	0.0093248115	-5.8445754	-0.0062436333
144	0.0093463814	-5.8441301	-0.0078000643
144.128	0.0094674888	-5.8442552	-0.0073856907
144.256	0.0095412277	-5.8442149	-0.0065085681
144.384	0.0095440382	-5.8441145	-0.0056107844
144.512	0.0095904831	-5.8442667	-0.0035766755
144.64	0.0097788663	-5.8442546	-0.0062813009
144.768	0.0096516887	-5.8439031	-0.0050219377
144.896	0.0096300268	-5.8438483	-0.0031910012
145.024	0.0097302729	-5.8439724	-0.0041280819
145.152	0.0098365255	-5.84409	-0.0052907106
145.28	0.0096178639	-5.843733	-0.0058793033
145.408	0.0098263861	-5.8441167	-0.0057931562
145.536	0.0096010347	-5.8438868	-0.0031122922
145.664	0.0095385912	-5.8439868	-0.005821221
145.792	0.0096563962	-5.8439941	-0.0066575957
145.92	0.009505742	-5.8440836	-0.0068173834
146.048	0.0094893952	-5.8442895	-0.0086056463
146.176	0.0091881453	-5.8441095	-0.0078310897
146.304	0.0092847558	-5.8445094	-0.0056851008
146.432	0.0090873751	-5.8446976	-0.0051311358
146.56	0.0090175376	-5.8445973	-0.0067993867
146.688	0.0088092896	-5.8447687	-0.0080993
146.816	0.0088748962	-5.8448961	-0.0080585868
146.944	0.0087523191	-5.8449964	-0.0075015335
147.072	0.0088166325	-5.8455349	-0.0082376399
147.2	0.0086344755	-5.8452513	-0.0084759185
147.328	0.008528081	-5.845281	-0.009088544
147.456	0.0084980254	-5.8453664	-0.0084501088
147.584	0.0082772828	-5.8449372	-0.0082629969
147.712	0.0083958058	-5.8453993	-0.010146453
147.84	0.0082941117	-5.8455805	-0.0083098191
147.968	0.0083521458	-5.8455226	-0.0076990911
148.096	0.008208233	-5.8455203	-0.0092254098
148.224	0.0083650073	-5.8457267	-0.0087256964
148.352	0.0082361473	-5.8454883	-0.0076265251
148.48	0.008262105	-5.8457086	-0.0082691348
148.608	0.0083081146	-5.8455914	-0.0078948804
148.736	0.0084985426	-5.8454994	-0.0076922711
148.864	0.0082996034	-5.8451956	-0.00992266
148.992	0.008468251	-5.8451919	-0.0082003274
149.12	0.0085538371	-5.8449551	-0.0071853078
149.248	0.0085185026	-5.8447367	-0.0078222195
149.376	0.008622512	-5.845021	-0.0085655366
149.504	0.008701196	-5.8450204	-0.0078497739
149.632	0.0089731855	-5.8449739	-0.0090722488
149.76	0.0090244331	-5.8450268	-0.0082374185
149.888	0.0089076698	-5.8446022	-0.0071018402
150.016	0.0091983562	-5.8451321	-0.0063052184
150.144	0.0093491398	-5.8448943	-0.0060321344
150.272	0.0093713362	-5.8448951	-0.0043662974
150.4	0.0093750901	-5.8441902	-0.0034710266
150.528	0.0093788253	-5.8440313	-0.0057859435
150.656	0.0095202528	-5.8439033	-0.0047215342
150.784	0.0095713803	-5.8440532	-0.0032170411
150.912	0.0097107645	-5.844311	-0.0056643218
151.04	0.0098404243	-5.8442144	-0.004852494
151.168	0.0097695356	-5.8439687	-0.0038306963
151.296	0.0097922897	-5.8440301	-0.0052552257
151.424	0.0096068925	-5.8439244	-0.00366319
151.552	0.009779319	-5.8442624	-0.0039666503
151.68	0.009584539	-5.8439105	-0.0051716877
151.808	0.0097468815	-5.8442787	-0.0062210128
151.936	0.0096825093	-5.8442916	-0.0071509916
152.064	0.0095562616	-5.8441808	-0.0074519986
152.192	0.0095316251	-5.8441837	-0.0050362586
152.32	0.009377168	-5.8444955	-0.0069859814
152.448	0.0094847172	-5.844615	-0.0076559949
152.576	0.0092287629	-5.8443944	-0.0047197793
152.704	0.0090395456	-5.8444692	-0.004183821
152.832	0.0090176007	-5.8445608	-0.0076175784
152.96	0.0088873672	-5.8447363	-0.0085621266
153.088	0.0088947249	-5.8449442	-0.0088375509
153.216	0.0088028033	-5.8449733	-0.0097443229
153.344	0.0086604144	-5.8450887	-0.008732656
153.472	0.0086371325	-5.845402	-0.008875237
153.6	0.0084872195	-5.8452151	-0.0069318915
153.728	0.0084780279	-5.8454508	-0.007933913
153.856	0.0084175101	-5.845461	-0.0092254875
153.984	0.0083016785	-5.845275	-0.0086382674
154.112	0.0082845813	-5.8454001	-0.0092495931
154.24	0.0082991533	-5.8455674	-0.0083354631
154.368	0.0081994305	-5.8452412	-0.0072023426
154.496	0.0082356159	-5.8453736	-0.0095892801
154.624	0.0081579736	-5.845315	-0.010339543
154.752	0.0084197609	-5.8455114	-0.010245653
154.88	0.0083990631	-5.8454223	-0.008931835
155.008	0.0083093529	-5.845134	-0.0077924757
155.136	0.008477716	-5.8451108	-0.0088257802
155.264	0.0084892422	-5.8451127	-0.0078640537
155.392	0.0086179239	-5.8451831	-0.0078074074
155.52	0.0085967847	-5.8449307	-0.0073584281
155.648	0.0085730924	-5.8449531	-0.0052925943
155.776	0.0086600376	-5.8449339	-0.0062187515
155.904	0.0090215103	-5.8450178	-0.0075404983
156.032	0.0089112738	-5.8450433	-0.0082121922
156.16	0.0089818816	-5.8447095	-0.0091269159
156.288	0.0091460859	-5.8445299	-0.0081709985
156.416	0.0092075088	-5.844313	-0.0054682756
156.544	0.0093751641	-5.8444214	-0.0046757469
156.672	0.0093314113	-5.8442865	-0.0051319474
156.8	0.0093902041	-5.8441768	-0.0054297558
156.928	0.0095496149	-5.8442899	-0.0080856412
157.056	0.009507694	-5.844251	-0.0060535549
157.184	0.0098090346	-5.8443951	-0.0054891861
157.312	0.0098005642	-5.84442	-0.003986848
157.44	0.0097001505	-5.8441558	-0.0029272158
157.568	0.009671603	-5.8440113	-0.0043238013
157.696	0.0095288527	-5.8439642	-0.0045104201
157.824	0.0099242439	-5.8443458	-0.0049769117
157.952	0.0096756081	-5.8439871	-0.0033799835
158.08	0.0096920217	-5.8440184	-0.006085669
158.208	0.0096668644	-5.8441171	-0.0063815794
158.336	0.0095436473	-5.8440141	-0.0053827726
158.464	0.0096016631	-5.8441439	-0.0068298184
158.592	0.0095202444	-5.8443374	-0.00655886
158.72	0.0093038892	-5.8444725	-0.0045579545
158.848	0.0094223113	-5.8445327	-0.0073490525
158.976	0.0090401614	-5.8446068	-0.0046118845
159.104	0.0088490274	-5.8445055	-0.0061671019
159.232	0.0090051782	-5.8448399	-0.0082316333
159.36	0.0088261574	-5.8446792	-0.0059325331
159.488	0.0089513802	-5.8449061	-0.0091456596
159.616	0.0085990136	-5.8449571	-0.010449841
159.744	0.0087069962	-5.8452784	-0.0097091977
159.872	0.0084511405	-5.8452238	-0.0072999608
160	0.0085998397	-5.8454466	-0.008160751
160.128	0.0082309356	-5.8450684	-0.0086004934
160.256	0.0083898409	-5.845388	-0.0082098831
160.384	0.0083975558	-5.845448	-0.0092644614
160.512	0.0083469723	-5.8455889	-0.0083324618
160.64	0.0082920568	-5.84565	-0.0077074489
160.768	0.0082308396	-5.8456506	-0.0088353467
160.896	0.0082846131	-5.8456182	-0.0087879258
161.024	0.0083217751	-5.8455799	-0.0097192096
161.152	0.0082476341	-5.8456081	-0.0099388009
161.28	0.008464295	-5.8458477	-0.0088233089
161.408	0.0084512398	-5.8456395	-0.0089516384
161.536	0.0083594466	-5.8452881	-0.0096889296
161.664	0.0085840045	-5.8453348	-0.0084130488
161.792	0.0085351035	-5.8451312	-0.0075896904
161.92	0.0088158793	-5.8452215	-0.007926073
162.048	0.0087864608	-5.8451095	-0.008172195
162.176	0.0087620452	-5.8450821	-0.0072075537
162.304	0.0089362747	-5.8449594	-0.0068835902
162.432	0.0088908096	-5.8445896	-0.007263089
162.56	0.0091152669	-5.8444897	-0.007861444
162.688	0.0093432272	-5.844457	-0.0072635564
162.816	0.0090837619	-5.844192	-0.0073002629
162.944	0.0094736378	-5.8442633	-0.007702125
163.072	0.0096125426	-5.8442865	-0.006844666
163.2	0.0094588163	-5.8439807	-0.0057194129
163.328	0.0095739235	-5.8439241	-0.0055349935
163.456	0.0096508693	-5.8439392	-0.0052711629
163.584	0.0094841169	-5.8435788	-0.0042704885
163.712	0.0098300136	-5.8440946	-0.0053341041
163.84	0.0097098761	-5.8439853	-0.0052387063
163.968	0.009688108	-5.8438649	-0.003566312
164.096	0.0097363083	-5.8438969	-0.0050953841
164.224	0.0098876168	-5.8441407	-0.0076531569
164.352	0.0097079238	-5.8440667	-0.0047749542
164.48	0.0096973451	-5.844215	-0.0051340828
164.608	0.0094868943	-5.8441053	-0.0052204791
164.736	0.0094779453	-5.8443215	-0.0059831111
164.864	0.0095825417	-5.8445451	-0.0063308013
164.992	0.0092778223	-5.8442214	-0.0061787476
165.12	0.009413526	-5.8446378	-0.0066691343
165.248	0.0091638769	-5.8443388	-0.0068276196
165.376	0.0091796646	-5.8447069	-0.0052843556
165.504	0.0090048249	-5.8448273	-0.0064786134
165.632	0.0087890667	-5.8448156	-0.0057920899
165.76	0.0089779748	-5.8448111	-0.0071111136
165.888	0.0087384991	-5.8451841	-0.0085284094
166.016	0.0085496313	-5.8453324	-0.0068670626
166.144	0.0086499217	-5.8454282	-0.0079997221
166.272	0.0085247931	-5.8456116	-0.0087994496
166.4	0.0084611468	-5.8455357	-0.0090260643
166.528	0.0083307725	-5.8456181	-0.0074211343
166.656	0.0083573837	-5.8456879	-0.0070421204
166.784	0.0083802309	-5.8455355	-0.0092177489
166.912	0.0083334253	-5.8457547	-0.0089575674
167.04	0.0082241752	-5.8456629	-0.0070058101
167.168	0.0081610187	-5.8454546	-0.0086560398
167.296	0.0083981151	-5.8455224	-0.0079545802
167.424	0.0082639628	-5.845366	-0.0081986094
167.552	0.0084308758	-5.8453822	-0.0097870863
167.68	0.0083301067	-5.8455445	-0.0099157539
167.808	0.0083976822	-5.8455636	-0.010968954
167.936	0.0084212068	-5.8452082	-0.0092081528
168.064	0.0085220097	-5.8449972	-0.0096448498
168.192	0.0087542978	-5.8452162	-0.011392696
168.32	0.0086270131	-5.8450343	-0.0105609
168.448	0.0089670863	-5.8451726	-0.0094353795
168.576	0.0087930269	-5.8444872	-0.0063484115
168.704	0.0089429057	-5.8447474	-0.0066231217
168.832	0.009046869	-5.8443984	-0.0059295543
168.96	0.0091585977	-5.8443359	-0.0070111093
169.088	0.0092628463	-5.8444077	-0.0060317535
169.216	0.009330496	-5.8441659	-0.0048485559
169.344	0.0095390669	-5.8443945	-0.0062420143
169.472	0.009556077	-5.8443257	-0.0057585172
169.6	0.0094892652	-5.8438815	-0.0052898037
169.728	0.0096279768	-5.8441808	-0.0051618566
169.856	0.0095612199	-5.8439898	-0.0037592421
169.984	0.009930223	-5.8442954	-0.0062254606
170.112	0.009630879	-5.8436452	-0.0069528058
170.24	0.0097789134	-5.8437553	-0.0048231302
170.368	0.0096986291	-5.8439298	-0.0026937225
170.496	0.0098365883	-5.8443398	-0.0066545196
170.624	0.0096102689	-5.8441066	-0.0039343349
170.752	0.0096501267	-5.8440086	-0.0014490689
170.88	0.0098635373	-5.8443055	-0.0039530162
171.008	0.0095132516	-5.8440834	-0.004786074
171.136	0.0094932989	-5.8441223	-0.0064524563
171.264	0.0093844391	-5.8442768	-0.0080398261
171.392	0.0093029846	-5.8441986	-0.0086405342
171.52	0.0093169267	-5.8444861	-0.007653207
171.648	0.0091113802	-5.8445608	-0.0073413177
171.776	0.0089770169	-5.8446246	-0.0073293328
171.904	0.0089361982	-5.8447286	-0.0079701416
172.032	0.008708956	-5.8446076	-0.0078445085
172.16	0.0088315763	-5.8451363	-0.0090764679
172.288	0.0086088263	-5.8451422	-0.0089223615
172.416	0.0086679661	-5.8453439	-0.0069628633
172.544	0.0085065106	-5.845357	-0.0062900025
172.672	0.0084512374	-5.845439	-0.0069418593
172.8	0.00829004	-5.845372	-0.0088088232
172.928	0.0083511486	-5.845824	-0.010426826
173.056	0.0082998083	-5.8457089	-0.0090492741
173.184	0.0082128262	-5.8455738	-0.008279516
173.312	0.0083600913	-5.84566	-0.0086901637
173.44	0.0082689636	-5.8456835	-0.0088479925
173.568	0.0082508209	-5.8456003	-0.0081749011
173.696	0.0084251711	-5.8455481	-0.0088686719
173.824	0.0081436019	-5.8452219	-0.01018364
173.952	0.008426656	-5.8453417	-0.010227317
174.08	0.0084025367	-5.8453995	-0.0072690525
174.208	0.0083391374	-5.8453801	-0.0078687616
174.336	0.0086622451	-5.8453371	-0.0082254771
174.464	0.0086660837	-5.8452524	-0.0059302233
174.592	0.008658827	-5.8448991	-0.0055146958
174.72	0.0088486153	-5.8449228	-0.0089181487
174.848	0.0087423538	-5.8446844	-0.0074102661
174.976	0.0089503724	-5.8449238	-0.0076947649
175.104	0.0091421459	-5.84492	-0.0090998209
175.232	0.0091164331	-5.8446988	-0.0064901728
175.36	0.0092565678	-5.8443801	-0.0059000884
175.488	0.0093039082	-5.8445776	-0.0069078856
175.616	0.0093354926	-5.8445271	-0.0058662835
175.744	0.0096955032	-5.8446016	-0.0074684297
175.872	0.0094773257	-5.8442429	-0.0067369681
176	0.0096700959	-5.8441287	-0.0052513904
176.128	0.00958879	-5.8438679	-0.0035659241
176.256	0.0098307666	-5.8440214	-0.0041382378
176.384	0.0096459815	-5.8436027	-0.0030361464
176.512	0.0097392081	-5.8438667	-0.0040048632
176.64	0.0096798554	-5.8438566	-0.0056225696
176.768	0.0098705268	-5.844099	-0.0072572625
176.896	0.0096899485	-5.843966	-0.0060491532
177.024	0.0096843651	-5.8439131	-0.0051906953
177.152	0.0097175691	-5.8441197	-0.0059491687
177.28	0.0095535563	-5.844213	-0.0053592176
177.408	0.0094192793	-5.8443628	-0.0041162063
177.536	0.0094374403	-5.844271	-0.0061622424
177.664	0.0092994035	-5.8442929	-0.0072693188
177.792	0.0092507964	-5.8446916	-0.0066036936
177.92	0.0091013124	-5.8446007	-0.0057838435
178.048	0.0090088827	-5.8447346	-0.0064484381
178.176	0.0090071302	-5.8448653	-0.0094556374
178.304	0.0089895031	-5.8450914	-0.0086851984
178.432	0.0087892442	-5.8449374	-0.0065459152
178.56	0.0087377897	-5.8451531	-0.0085086757
178.688	0.0084850207	-5.8451688	-0.0066918349
178.816	0.0084651386	-5.8453991	-0.0073305795
178.944	0.0084447408	-5.8453286	-0.0083334074
179.072	0.0084632076	-5.8455556	-0.0085834988
179.2	0.0084959767	-5.8458113	-0.0094063692
179.328	0.0082524738	-5.8455124	-0.0093845844
179.456	0.0081681082	-5.8453412	-0.0084702302
179.584	0.0084219559	-5.8456122	-0.0091942774
179.712	0.0081178938	-5.8450587	-0.008102365
179.84	0.008297705	-5.8452802	-0.0090195224
179.968	0.0081854144	-5.8452386	-0.0096051702
180.096	0.0084243504	-5.8453585	-0.0092083403
180.224	0.0083360195	-5.8453324	-0.0082617343
180.352	0.0083820843	-5.8451227	-0.0090529116
180.48	0.0084903573	-5.8451097	-0.0085333041
180.608	0.0084792075	-5.8452547	-0.0078471739
180.736	0.0086691512	-5.8453093	-0.0069883951
180.864	0.0087231368	-5.8451115	-0.0062446672
180.992	0.0086568924	-5.844704	-0.0076682685
181.12	0.0088438477	-5.844946	-0.007192725
181.248	0.0088733538	-5.8449668	-0.0066661711
181.376	0.0091498909	-5.8449208	-0.0076240677
181.504	0.0091064686	-5.8445789	-0.0067671692
181.632	0.0091525105	-5.8445209	-0.007068434
181.76	0.0093871481	-5.8446359	-0.0060783276
181.888	0.0093340925	-5.8445244	-0.0056011016
182.016	0.0095695852	-5.8443358	-0.0075781054
182.144	0.0095076937	-5.8442425	-0.0056736256
182.272	0.0095662454	-5.8439995	-0.0057244895
182.4	0.0096330159	-5.8439139	-0.0062817554
182.528	0.0097315084	-5.8437845	-0.0053808816
182.656	0.009793236	-5.8439088	-0.0036044329
182.784	0.0097739219	-5.8439905	-0.0059081451
182.912	0.0098864795	-5.8437953	-0.0059387758
183.04	0.0097096864	-5.8436974	-0.0033500452
183.168	0.0096567251	-5.8439029	-0.0033293647
183.296	0.0096208773	-5.8439449	-0.0044133743
183.424	0.0095651262	-5.8440728	-0.005178684
183.552	0.0098069543	-5.8444708	-0.0064314768
183.68	0.0095274688	-5.8442209	-0.007696703
183.808	0.0094104668	-5.8444874	-0.0065535392
183.936	0.009213234	-5.8443184	-0.0044062942
184.064	0.0091981866	-5.8444581	-0.006079972
184.192	0.0092083388	-5.8445414	-0.0053628175
184.32	0.0091090195	-5.8446928	-0.0047480744
184.448	0.0088905671	-5.8447736	-0.0039773582
184.576	0.0088964061	-5.8449326	-0.0062439395
184.704	0.0088823811	-5.8450272	-0.0078166068
184.832	0.0086294956	-5.8449034	-0.0072199369
184.96	0.0087702364	-5.8451642	-0.0090470533
185.088	0.0084740023	-5.8450175	-0.0079182436
185.216	0.0084286144	-5.8450427	-0.010099589
185.344	0.0084835926	-5.8454864	-0.0084538903
185.472	0.0084442054	-5.8455688	-0.0079450878
185.6	0.0083359095	-5.8454475	-0.0096172864
185.728	0.0082719928	-5.8453646	-0.0089886364
185.856	0.0082124356	-5.8457021	-0.008094551
185.984	0.0082122401	-5.8457971	-0.0074542928
186.112	0.0082625464	-5.8455332	-0.0096713885
186.24	0.0083022169	-5.8457248	-0.010531619
186.368	0.0084008785	-5.8455447	-0.009191409
186.496	0.0082719559	-5.8451408	-0.0085968076
186.624	0.0083520921	-5.8453432	-0.010036418
186.752	0.0083780968	-5.845332	-0.0091223852
186.88	0.0086159912	-5.8454072	-0.0096513342
187.008	0.0084175287	-5.8450496	-0.0083044054
187.136	0.0087778963	-5.8451279	-0.00792694
187.264	0.0085515656	-5.8448464	-0.005572003
187.392	0.0089389936	-5.8451294	-0.0072454064
187.52	0.0088722041	-5.8448411	-0.0082005151
187.648	0.0089336522	-5.8448167	-0.0069656997
187.776	0.0090875655	-5.8447415	-0.0079235441
187.904	0.0092748764	-5.8444594	-0.0099264819
188.032	0.0094011323	-5.8446148	-0.0081389922
188.16	0.0092326556	-5.8442611	-0.0048032865
188.288	0.0094286501	-5.8443505	-0.0065930193
188.416	0.0095388274	-5.8441086	-0.0048554241
188.544	0.009619194	-5.8441765	-0.0037268183
188.672	0.0095500571	-5.8439607	-0.0031543877
188.8	0.0096681876	-5.8438407	-0.0035206732
188.928	0.0098163183	-5.8442141	-0.0052072446
189.056	0.0097760322	-5.8442963	-0.0057024264
189.184	0.0098301165	-5.8440032	-0.0059142428
189.312	0.0097130284	-5.8440213	-0.0045336737
189.44	0.0098184066	-5.8440401	-0.0037273148
189.568	0.0095765341	-5.8437016	-0.0017078449
189.696	0.0097113192	-5.8440791	-0.0051640862
189.824	0.0095139944	-5.8440074	-0.0071079663
189.952	0.0095563334	-5.8440757	-0.0075394213
190.08	0.0095650162	-5.8444077	-0.0043734915
190.208	0.0094477343	-5.8447808	-0.0046912025
190.336	0.0091537394	-5.8443662	-0.0062387518
190.464	0.0092690972	-5.8447459	-0.0079226158
190.592	0.0089511574	-5.844754	-0.0071782261
190.72	0.0090241144	-5.844806	-0.0070221059
190.848	0.0088825219	-5.8449024	-0.0075150625
190.976	0.0088496457	-5.8450407	-0.0066295929
191.104	0.0087226856	-5.8449271	-0.0055179779
191.232	0.0087287901	-5.84504	-0.0078682936
191.36	0.0085774272	-5.8451652	-0.0065538359
191.488	0.0085914943	-5.8453101	-0.0080831008
191.616	0.0083713374	-5.8453271	-0.00917873
191.744	0.0083632072	-5.8454018	-0.0089281274
191.872	0.0082552892	-5.8453208	-0.0084445461
192	0.0083191796	-5.8456096	-0.010650801
192.128	0.0082654912	-5.8453261	-0.0092434189
192.256	0.0082156319	-5.8453602	-0.010194772
192.384	0.0084458656	-5.8455366	-0.010635325
192.512	0.008255717	-5.8450733	-0.0067470005
192.64	0.0083665863	-5.8455032	-0.0066048831
192.768	0.0081840985	-5.8453458	-0.008917531
192.896	0.0084525937	-5.8455329	-0.010747663
193.024	0.0084723451	-5.8451821	-0.0079190306
193.152	0.0084590825	-5.8454282	-0.0085593837
193.28	0.0084873123	-5.8452381	-0.0098406266
193.408	0.0087897027	-5.8452805	-0.0090353533
193.536	0.0086952009	-5.845084	-0.009043668
193.664	0.0086800354	-5.845014	-0.0079001285
193.792	0.0088340807	-5.8449506	-0.0054374005
193.92	0.0090053755	-5.8447906	-0.0074011466
194.048	0.0090992428	-5.8446346	-0.0076197254
194.176	0.0092007601	-5.8448619	-0.0063368128
194.304	0.0091440393	-5.8443647	-0.0060546534
194.432	0.0094026165	-5.8443384	-0.005556077
194.56	0.0092907143	-5.8442419	-0.0055646451
194.688	0.0096515088	-5.8445062	-0.0072009621
194.816	0.0095442312	-5.8440779	-0.0067718088
194.944	0.009577835	-5.8440558	-0.0067719169
195.072	0.009609989	-5.8438995	-0.0064063287
195.2	0.009672327	-5.8439364	-0.0042874155
195.328	0.009916337	-5.8442003	-0.0042509442
195.456	0.0096922737	-5.8439417	-0.003683132
195.584	0.0098089079	-5.8439629	-0.0028984253
195.712	0.0097918784	-5.8440003	-0.0042268903
195.84	0.0097740372	-5.844168	-0.0059082317
195.968	0.009701764	-5.8440409	-0.0063733538
196.096	0.0096061543	-5.8440149	-0.0048445228
196.224	0.0093414934	-5.8437767	-0.0045703825
196.352	0.0095983994	-5.8445959	-0.0066332079
196.48	0.0091988012	-5.8441528	-0.005372548
196.608	0.0093688229	-5.84456	-0.0067037528
196.736	0.0094313893	-5.8447851	-0.0086217368
196.864	0.0090102226	-5.8444221	-0.0057798125
196.992	0.0090453993	-5.844801	-0.0069470945
197.12	0.0089031213	-5.8449495	-0.0076060144
197.248	0.0089286285	-5.8449821	-0.0065533434
197.376	0.0087221424	-5.8448969	-0.0096420717
197.504	0.0086646363	-5.8452116	-0.007312122
197.632	0.0086975559	-5.8453554	-0.0060153429
197.76	0.0085696373	-5.8453741	-0.0070224549
197.888	0.0083948025	-5.8451949	-0.0077206033
198.016	0.0084228677	-5.8454981	-0.0088721845
198.144	0.0083817287	-5.8455914	-0.0077643477
198.272	0.008406589	-5.8455226	-0.0094808381
198.4	0.0081510313	-5.8452418	-0.0086081816
198.528	0.0082860931	-5.8454546	-0.0090631471
198.656	0.0082819523	-5.8454797	-0.0082156589
198.784	0.0082440191	-5.8455148	-0.0097963706
198.912	0.0082410191	-5.8454145	-0.0098842237
199.04	0.0083736118	-5.8452703	-0.009918927
199.168	0.0083584975	-5.8454696	-0.0096370006
199.296	0.0085015816	-5.8455103	-0.0084446278
199.424	0.008423266	-5.8453776	-0.0064126907
199.552	0.00834137	-5.8452232	-0.0075525172
199.68	0.0087568595	-5.8455438	-0.010635814
199.808	0.0087900822	-5.845087	-0.0080860777
199.936	0.0088073725	-5.844884	-0.0076442257
200.064	0.008619455	-5.8443971	-0.0052823841
200.192	0.0090536172	-5.844845	-0.0061583616
200.32	0.0090223103	-5.8445925	-0.008002811
200.448	0.0092496223	-5.8443942	-0.0076082985
200.576	0.0091999847	-5.8443501	-0.0055772738
200.704	0.0091714708	-5.8441724	-0.0052561337
200.832	0.0093066325	-5.8442487	-0.0068482412
200.96	0.009596296	-5.8443108	-0.007929404
201.088	0.0095164444	-5.8443617	-0.007371821
201.216	0.0096469333	-5.8444073	-0.0041332197
201.344	0.0096782614	-5.8442063	-0.0036961429
201.472	0.0096190417	-5.844252	-0.0039160416
201.6	0.0099401865	-5.8446387	-0.0057425831
201.728	0.0096737263	-5.8440332	-0.0056894489
201.856	0.0097269784	-5.8440975	-0.0058879269
201.984	0.0097849515	-5.8442455	-0.0042156961
202.112	0.0096463767	-5.8440288	-0.005068134
202.24	0.0096906242	-5.8440312	-0.0053210997
202.368	0.0096562642	-5.8442126	-0.004483684
202.496	0.0095406814	-5.8440412	-0.0051662211
202.624	0.0093222494	-5.8440188	-0.004938498
202.752	0.0093502339	-5.8442367	-0.0060431518
202.88	0.0093737688	-5.8447217	-0.0048665884
203.008	0.0093472158	-5.8448187	-0.0055980056
203.136	0.0091960291	-5.8446992	-0.0073874994
203.264	0.009019679	-5.8449121	-0.0077128963
203.392	0.008867438	-5.8447522	-0.0074961572
203.52	0.0089956803	-5.8447593	-0.0071345563
203.648	0.008695964	-5.8445129	-0.0073626031
203.776	0.0086752084	-5.8446985	-0.0071958718
203.904	0.0087565102	-5.8451586	-0.0087069447
204.032	0.0085905514	-5.8453099	-0.0097029602
204.16	0.0084768774	-5.8453961	-0.0099100598
204.288	0.0084120878	-5.8453596	-0.0082932091
204.416	0.0082748833	-5.845106	-0.0067922871
204.544	0.0083569809	-5.8453721	-0.010544509
204.672	0.0082986586	-5.8454979	-0.0087260844
204.8	0.0082596874	-5.8454775	-0.0070216699
204.928	0.0083099009	-5.8454447	-0.0094618691
205.056	0.0082761178	-5.8452414	-0.0085471481
205.184	0.0083861676	-5.8455704	-0.0097975388
205.312	0.0082984603	-5.8454317	-0.008877154
205.44	0.0083853663	-5.8453958	-0.0074599518
205.568	0.0083676725	-5.8451672	-0.0086218933
205.696	0.0083393233	-5.8453118	-0.0071465132
205.824	0.0085663653	-5.8454919	-0.0074560997
205.952	0.0087093043	-5.8455158	-0.0095209312
206.08	0.0085642114	-5.8451075	-0.0085746975
206.208	0.0088799435	-5.8450763	-0.0090742579
206.336	0.0087620842	-5.8450499	-0.0084697485
206.464	0.0088294709	-5.845112	-0.0070858657
206.592	0.0091326933	-5.8449957	-0.0072710428
206.72	0.0090762543	-5.8446576	-0.0077248947
206.848	0.0093317851	-5.8448111	-0.0066932381
206.976	0.0091984177	-5.8447045	-0.0042027005
207.104	0.009322605	-5.8442256	-0.0055266777
207.232	0.0095229121	-5.8442394	-0.0052208699
207.36	0.0093998765	-5.8439756	-0.003543494
207.488	0.0095315588	-5.8441177	-0.0032966435
207.616	0.0096615612	-5.8440437	-0.0029813846
207.744	0.0097178019	-5.8440732	-0.0049760394
207.872	0.0096261985	-5.8442226	-0.0049659847
208	0.0099256143	-5.84424	-0.0064417335
208.128	0.009757743	-5.8438794	-0.006078081
208.256	0.009665691	-5.843891	-0.0043990532
208.384	0.0097053775	-5.8439471	-0.005827352
208.512	0.0096959268	-5.8441103	-0.0079875269
208.64	0.0097055479	-5.844293	-0.0051288215
208.768	0.0095993024	-5.8441351	-0.0040113708
208.896	0.00938702	-5.8438099	-0.0048864348
209.024	0.0095085755	-5.8442152	-0.0080784502
209.152	0.009369851	-5.8444253	-0.0057267745
209.28	0.0091882301	-5.8443281	-0.0048753439
209.408	0.009342309	-5.8447645	-0.0063184421
209.536	0.0091761557	-5.8448237	-0.0058950967
209.664	0.008938277	-5.8448219	-0.0064395837
209.792	0.0089256866	-5.8449722	-0.0082816133
209.92	0.0088535687	-5.8452078	-0.006822328
210.048	0.008656882	-5.8450401	-0.0060135924
210.176	0.0086704659	-5.8450394	-0.0077340241
210.304	0.0085506717	-5.8449596	-0.010140354
210.432	0.0085536113	-5.8452589	-0.010184511
210.56	0.0083678292	-5.8452193	-0.008131021
210.688	0.0084538225	-5.8455198	-0.0095506324
210.816	0.0083654364	-5.8454789	-0.0098966452
210.944	0.0083051384	-5.8454229	-0.0083331867
211.072	0.0082671947	-5.8455782	-0.0087397411
211.2	0.008193006	-5.8453725	-0.0086527636
211.328	0.0083769724	-5.8455468	-0.009373065
211.456	0.0082389352	-5.845477	-0.0085131192
211.584	0.0084211324	-5.8454912	-0.0084743354
211.712	0.0083421497	-5.8453735	-0.0075581924
211.84	0.0082705463	-5.8452759	-0.0059704244
211.968	0.0086573324	-5.8452943	-0.0084276354
212.096	0.0084201465	-5.8449616	-0.0089464085
212.224	0.0085679795	-5.8452837	-0.0082746786
212.352	0.0087377997	-5.8452544	-0.0090178839
212.48	0.0087464588	-5.8450148	-0.0092464059
212.608	0.0086699268	-5.8446745	-0.0075574785
212.736	0.0088772402	-5.8446908	-0.0071385583
212.864	0.0090712288	-5.8447985	-0.0078697621
212.992	0.0090391363	-5.844692	-0.0083266311
213.12	0.0091522443	-5.8444856	-0.007497499
213.248	0.0094092216	-5.8443383	-0.0061809559
213.376	0.009256398	-5.8440094	-0.0058222233
213.504	0.0094287692	-5.8441287	-0.0058721591
213.632	0.0096912306	-5.8445132	-0.0045000024
213.76	0.0096197275	-5.8443005	-0.0042339269
213.888	0.0097339169	-5.8441814	-0.0061031094
214.016	0.0096331939	-5.844151	-0.0047121656
214.144	0.0096560512	-5.8440853	-0.0038891807
214.272	0.009593086	-5.8437959	-0.004222541
214.4	0.0096789642	-5.8439789	-0.00679052
214.528	0.0099024989	-5.844283	-0.0065845015
214.656	0.009698053	-5.8441356	-0.0040647614
214.784	0.0096730571	-5.844239	-0.0036861154
214.912	0.0095982859	-5.8442192	-0.0056754897
215.04	0.0095536119	-5.8441855	-0.0070089118
215.168	0.0095826654	-5.8442309	-0.0053634091
215.296	0.009352172	-5.8442735	-0.0050058175
215.424	0.0094721677	-5.8444529	-0.0071959333
215.552	0.0093089187	-5.8444399	-0.0083873732
215.68	0.0091279843	-5.8446157	-0.0067034058
215.808	0.009072949	-5.8447283	-0.0047651811
215.936	0.0091060684	-5.8448588	-0.0059174525
216.064	0.0089451079	-5.8448082	-0.0064211557
216.192	0.008853718	-5.8448442	-0.0071565663
216.32	0.008740951	-5.8452193	-0.006718573
216.448	0.008632936	-5.8452735	-0.0091158293
216.576	0.0086415498	-5.8454974	-0.0090764326
216.704	0.008332048	-5.8452504	-0.0078489371
216.832	0.0085112289	-5.845654	-0.0097779383
216.96	0.0085215548	-5.8454357	-0.007374321
217.088	0.0082293065	-5.8453569	-0.0087316725
217.216	0.0083823736	-5.8454838	-0.010327288
217.344	0.008222873	-5.8452219	-0.0089407617
217.472	0.0082878578	-5.8452749	-0.0087831912
217.6	0.0083425362	-5.8452176	-0.008620535
217.728	0.0083516454	-5.845429	-0.0083685124
217.856	0.0082796458	-5.8454322	-0.0078723682
217.984	0.0083853046	-5.8454841	-0.010688243
218.112	0.0082930421	-5.8453217	-0.009267496
218.24	0.0085427707	-5.8453742	-0.0083730931
218.368	0.0083748963	-5.8451879	-0.0069630477
218.496	0.0086219574	-5.8451788	-0.0079933542
218.624	0.0085712307	-5.8449934	-0.0095019653
218.752	0.0088770401	-5.8452763	-0.0093679019
218.88	0.0086871291	-5.8450548	-0.0080675895
219.008	0.0089151706	-5.8450315	-0.0087211435
219.136	0.0089796473	-5.8449505	-0.0062916983
219.264	0.0090015088	-5.8448078	-0.0073478977
219.392	0.0090760725	-5.8446332	-0.0079601338
219.52	0.0092899954	-5.8444712	-0.0065644577
219.648	0.0094082787	-5.8443302	-0.0071476808
219.776	0.0093569216	-5.8444372	-0.0055249667
219.904	0.0095754331	-5.8444542	-0.0045725879
220.032	0.0096615087	-5.844601	-0.0050589284
220.16	0.0097260599	-5.8444654	-0.0050239195
220.288	0.0096182516	-5.8442581	-0.0045977243
220.416	0.0096586512	-5.8440392	-0.0051729006
220.544	0.0096796356	-5.8438997	-0.0042594224
220.672	0.0099107704	-5.8439071	-0.0054567789
220.8	0.0097818229	-5.8441484	-0.0069686042
220.928	0.009618116	-5.8437719	-0.0048737187
221.056	0.0097632066	-5.8440902	-0.00508954
221.184	0.0097505744	-5.8444005	-0.0066098033
221.312	0.0095506902	-5.8442928	-0.0029567188
221.44	0.0095783831	-5.8442602	-0.0065620094
221.568	0.0095305015	-5.8443641	-0.0076926521
221.696	0.0093258517	-5.8446455	-0.0048024893
221.824	0.0093446639	-5.8447592	-0.0076209249
221.952	0.0093291612	-5.844589	-0.0075180039
222.08	0.0091375923	-5.8445942	-0.0041927245
222.208	0.0089194496	-5.8444766	-0.0044635766
222.336	0.0088564946	-5.8446143	-0.0067521032
222.464	0.0088458081	-5.8448473	-0.0079643468
222.592	0.008696319	-5.8449079	-0.0071471931
222.72	0.0086804179	-5.8451215	-0.0078275477
222.848	0.0087449772	-5.8452429	-0.0080556619
222.976	0.0085089283	-5.8453023	-0.0068406679
223.104	0.0084027322	-5.8450967	-0.0087102018
223.232	0.0084548508	-5.8452967	-0.0092335586
223.36	0.0083389131	-5.8455683	-0.008761001
223.488	0.0083088303	-5.8455978	-0.0092963462
223.616	0.0082692629	-5.8457047	-0.0081441819
223.744	0.0082403508	-5.8453968	-0.0087573234
223.872	0.0082695535	-5.8453106	-0.0077898552
224	0.0082248237	-5.8452258	-0.0077198586
224.128	0.00827668	-5.8452438	-0.0092577984
224.256	0.0083637905	-5.8453828	-0.008998102
224.384	0.0084299846	-5.8454476	-0.0084512864
224.512	0.0084895649	-5.8454143	-0.0079829468
224.64	0.008426514	-5.8451024	-0.0095286915
224.768	0.0085181773	-5.8452347	-0.010015285
224.896	0.0086583134	-5.8450422	-0.009246467
225.024	0.0086445086	-5.8446896	-0.0078265719
225.152	0.0087720708	-5.8447979	-0.0078333071
225.28	0.0087283736	-5.8449489	-0.0066766912
225.408	0.0090395912	-5.8448361	-0.0084529729
225.536	0.0090860155	-5.844492	-0.0081453909
225.664	0.0090859616	-5.8445685	-0.0057078141
225.792	0.0092025453	-5.8446758	-0.0058088418
225.92	0.0093911752	-5.8447956	-0.0063251977
226.048	0.0093200499	-5.8443604	-0.0058760338
226.176	0.0095752967	-5.8444373	-0.0055594466
226.304	0.0094927048	-5.844259	-0.0021731895
226.432	0.0095255984	-5.8441819	-0.0038989639
226.56	0.0097859489	-5.844304	-0.0058550853
226.688	0.0098198812	-5.844122	-0.0046706414
226.816	0.0096381257	-5.8439128	-0.0049349653
226.944	0.0098390628	-5.8441429	-0.0044405879
227.072	0.0098493424	-5.8443239	-0.0057616632
227.2	0.0095849734	-5.8439018	-0.0060269057
227.328	0.0097833381	-5.8441752	-0.0057538424
227.456	0.0094555039	-5.8438839	-0.003184827
227.584	0.009701425	-5.8443159	-0.0057708166
227.712	0.0096170833	-5.844409	-0.005196273
227.84	0.0095045954	-5.844265	-0.0055670412
227.968	0.0095068033	-5.8443998	-0.005711396
228.096	0.0092341894	-5.8441411	-0.0061630003
228.224	0.0092490956	-5.8441983	-0.007208924
228.352	0.0090920287	-5.8446323	-0.0048891491
228.48	0.0090983482	-5.8446613	-0.0057140783
228.608	0.0089784856	-5.8447532	-0.0078141952
228.736	0.0088679579	-5.8450792	-0.0085736298
228.864	0.0087011698	-5.8450446	-0.0090106373
228.992	0.008661699	-5.8449378	-0.0088612732
229.12	0.0086422312	-5.8450052	-0.0083865872
229.248	0.0085801602	-5.8451514	-0.0070637853
229.376	0.0085275144	-5.8453314	-0.0075237416
229.504	0.0084567209	-5.8453367	-0.0088528205
229.632	0.0083074152	-5.8452249	-0.0088858169
229.76	0.0083085812	-5.8452565	-0.010873895
229.888	0.0084217895	-5.8455189	-0.0084020669
230.016	0.0082216278	-5.8451373	-0.0084890596
230.144	0.0082661089	-5.8453317	-0.0099929222
230.272	0.0082504993	-5.8454531	-0.0084281658
230.4	0.0083417647	-5.8456549	-0.0088197895
230.528	0.0083987679	-5.845524	-0.0085379303
230.656	0.008260432	-5.8451793	-0.0076204975
230.784	0.0083641642	-5.8453574	-0.0066404455
230.912	0.0085871616	-5.8454253	-0.0077175181
231.04	0.0084838262	-5.8452356	-0.0080367088
231.168	0.0085707991	-5.8449315	-0.0063453516
231.296	0.0087009261	-5.8449575	-0.0070903524
231.424	0.0087170203	-5.8452275	-0.0085272899
231.552	0.008867871	-5.8452341	-0.0080514395
231.68	0.0088916049	-5.8449574	-0.0079786606
231.808	0.0090190401	-5.8449116	-0.0068594236
231.936	0.0092401743	-5.8448156	-0.0075519357
232.064	0.0090379386	-5.8445569	-0.005279911
232.192	0.0092850055	-5.8445677	-0.0065462954
232.32	0.0093878013	-5.8443854	-0.0077361796
232.448	0.009551203	-5.8443965	-0.0070033114
232.576	0.0095753358	-5.8443771	-0.0054429966
232.704	0.009610285	-5.8441323	-0.005448506
232.832	0.0096305353	-5.8439052	-0.0048217867
232.96	0.0097803815	-5.8438934	-0.0041913602
233.088	0.0098185344	-5.8440161	-0.0048491855
233.216	0.0095749482	-5.843971	-0.0056759536
233.344	0.0098103682	-5.8439908	-0.0073753359
233.472	0.0096823208	-5.8437836	-0.0055208559
233.6	0.0096067076	-5.8435738	-0.0018643753
233.728	0.0097098211	-5.8439363	-0.0035119477
233.856	0.0095977548	-5.8439182	-0.006510742
233.984	0.0096369979	-5.844303	-0.0064694751
234.112	0.0095211923	-5.8442242	-0.0049520327
234.24	0.0096302315	-5.8445071	-0.0049441484
234.368	0.0093292269	-5.8443804	-0.0051817691
234.496	0.0091676966	-5.8445786	-0.0048654355
234.624	0.0092219943	-5.8448683	-0.0049331583
234.752	0.0089522623	-5.8448003	-0.0058625595
234.88	0.0092245743	-5.8449575	-0.0086776421
235.008	0.008796672	-5.8450058	-0.0074345256
235.136	0.0087255022	-5.8452142	-0.0077840734
235.264	0.0086600561	-5.8452187	-0.0063620029
235.392	0.0086139364	-5.8452167	-0.0065038232
235.52	0.0086848373	-5.8452952	-0.0081746513
235.648	0.008450701	-5.8453968	-0.0085183841
235.776	0.0085085101	-5.8457531	-0.009533859
235.904	0.0084148199	-5.8454099	-0.0085422353
236.032	0.0082790246	-5.8454944	-0.0079881331
236.16	0.0082366321	-5.8454971	-0.010091789
236.288	0.0082736672	-5.8456268	-0.010892922
236.416	0.0083283978	-5.8454689	-0.0092484621
236.544	0.0082751182	-5.84561	-0.010223783
236.672	0.0084420849	-5.8456157	-0.0094841129
236.8	0.00832409	-5.8454113	-0.0080138734
236.928	0.0083021651	-5.8451015	-0.0089554804
237.056	0.008350826	-5.8450221	-0.010913963
237.184	0.0084221671	-5.8448762	-0.0085340463
237.312	0.0084418165	-5.8449828	-0.0068290059
237.44	0.0086039768	-5.8451375	-0.0081668391
237.568	0.0086247171	-5.8449031	-0.0090937635
237.696	0.0087768394	-5.8449587	-0.0081405092
237.824	0.0088271841	-5.8448329	-0.0088305585
237.952	0.0089630612	-5.8446315	-0.0073198431
238.08	0.0090225056	-5.8447771	-0.0047174618
238.208	0.0091852856	-5.8447	-0.0059355719
238.336	0.0089414964	-5.844293	-0.0058186012
238.464	0.0093815722	-5.8445477	-0.0063499769
238.592	0.0093604741	-5.8443263	-0.0048932987
238.72	0.0095076883	-5.8444601	-0.0069229939
238.848	0.009513222	-5.8441779	-0.0080242549
238.976	0.0095538112	-5.8441127	-0.0074573234
239.104	0.0096113596	-5.8439552	-0.0049402396
239.232	0.0096663709	-5.8440618	-0.0057254207
239.36	0.0097268051	-5.8444296	-0.0057414411
239.488	0.0099197528	-5.8444637	-0.0049126407
239.616	0.0096397247	-5.8440256	-0.0049432102
239.744	0.0096883606	-5.8441301	-0.0040208481
239.872	0.0097397396	-5.8438893	-0.0026259434
240	0.0097949997	-5.8441012	-0.0068281689
240.128	0.0095570313	-5.8439129	-0.0072884975
240.256	0.0095930715	-5.8440493	-0.0041997876
240.384	0.0095246699	-5.8441665	-0.0060114072
240.512	0.0094316297	-5.8444464	-0.0088570719
240.64	0.009406342	-5.8443602	-0.0062566635
240.768	0.0094051082	-5.8445447	-0.0037006586
240.896	0.0092206142	-5.8443833	-0.0049131322
241.024	0.0091386694	-5.8447895	-0.0058457192
241.152	0.0089304963	-5.8449994	-0.0057177137
241.28	0.0088449642	-5.84491	-0.0068514029
241.408	0.008789681	-5.8448651	-0.0074363035
241.536	0.0088105546	-5.8451113	-0.0083201877
241.664	0.0086923764	-5.8449657	-0.007905788
241.792	0.008509325	-5.8452935	-0.0060657962
241.92	0.0085933317	-5.8454504	-0.0082218682
242.048	0.0084951137	-5.8452194	-0.0076910738
242.176	0.0083175118	-5.8451742	-0.0066400126
242.304	0.0083102963	-5.845358	-0.0078047747
242.432	0.0083307718	-5.8453306	-0.0093993347
242.56	0.0083283888	-5.8455119	-0.0095819431
242.688	0.0082285636	-5.8452539	-0.0086357989
242.816	0.0082761371	-5.8454373	-0.0071496299
242.944	0.0083263111	-5.8454721	-0.0064556785
243.072	0.0082864823	-5.8453175	-0.0090740331
243.2	0.0083500473	-5.845258	-0.009633245
243.328	0.0082936788	-5.8450967	-0.0089814884
243.456	0.0084417341	-5.8450897	-0.010922513
243.584	0.0085835893	-5.8455329	-0.010005983
243.712	0.008635013	-5.8454769	-0.008295249
243.84	0.0086896557	-5.8452789	-0.0088036593
243.968	0.0087595662	-5.8450729	-0.0084781471
244.096	0.0086825427	-5.8448555	-0.0075334373
244.224	0.00895401	-5.8449646	-0.0078126766
244.352	0.0090174755	-5.8447614	-0.0072042159
244.48	0.0090139429	-5.8445048	-0.0068805155
244.608	0.0091781165	-5.8445295	-0.0068268049
244.736	0.0094261997	-5.8446742	-0.0059767655
244.864	0.0093428972	-5.844627	-0.0045860442
244.992	0.0095016672	-5.8445118	-0.0056638835
245.12	0.0093946683	-5.8440118	-0.0060431968
245.248	0.0095021664	-5.8439208	-0.0069335246
245.376	0.0095821948	-5.8438545	-0.0062528472
245.504	0.0097196128	-5.8440043	-0.0059684494
245.632	0.0096403581	-5.8439571	-0.0053350071
245.76	0.0096744411	-5.8437364	-0.0048644988
245.888	0.009530145	-5.8439011	-0.004071758
246.016	0.0097570954	-5.8441177	-0.0044518521
246.144	0.0097746134	-5.843909	-0.0045224549
246.272	0.0096860294	-5.8439795	-0.0025043224
246.4	0.0098990467	-5.8442395	-0.0034554399
246.528	0.0096728714	-5.8440816	-0.0053861259
246.656	0.0094582886	-5.8444778	-0.0061040399
246.784	0.0093736499	-5.8446319	-0.0049461529
246.912	0.0095407372	-5.844676	-0.0054206472
247.04	0.0092621649	-5.844535	-0.0057843566
247.168	0.0091354775	-5.8445249	-0.0035236295
247.296	0.0090464677	-5.8447353	-0.0047584388
247.424	0.0090245984	-5.8448318	-0.0073773835
247.552	0.0089939447	-5.8447353	-0.0094786503
247.68	0.0088485159	-5.8447193	-0.010386967
247.808	0.0086313277	-5.8451151	-0.0089579974
247.936	0.0086390814	-5.8450514	-0.0084594845
248.064	0.008456224	-5.8450953	-0.0095291171
248.192	0.0086342507	-5.8456887	-0.0094497898
248.32	0.0084483408	-5.8455989	-0.0089268729
248.448	0.0085503498	-5.8455174	-0.0091279343
248.576	0.008330596	-5.8455135	-0.0097378856
248.704	0.0083172072	-5.8453697	-0.0089194159
248.832	0.0083462085	-5.8455535	-0.0092683535
248.96	0.0083411165	-5.845826	-0.0093392601
249.088	0.0082741701	-5.8455182	-0.0069940653
249.216	0.0082260413	-5.8454402	-0.0079577362
249.344	0.0083032246	-5.8456467	-0.0085164812
249.472	0.0084319675	-5.8453311	-0.0096057568
249.6	0.0084211723	-5.8451917	-0.0076120634
249.728	0.0084851613	-5.8452028	-0.007825334
249.856	0.0085000435	-5.8452781	-0.0071192659
249.984	0.0084849829	-5.8450027	-0.0067063732
250.112	0.0086806927	-5.8451647	-0.007779833
250.24	0.0087240397	-5.8451765	-0.0079379453
250.368	0.008685181	-5.8448959	-0.0078605496
250.496	0.0089249426	-5.8448128	-0.0094487968
250.624	0.0090521318	-5.8449237	-0.010022613
250.752	0.0089659133	-5.844708	-0.0066044967
250.88	0.0091813366	-5.8447429	-0.0065019739
251.008	0.0092687505	-5.8446968	-0.0050360012
251.136	0.0093199531	-5.8444823	-0.0037330517
251.264	0.0093979381	-5.8443396	-0.0048264626
251.392	0.0094257561	-5.8441882	-0.0048399232
251.52	0.0096309417	-5.8444063	-0.0053657972
251.648	0.0095694017	-5.8440889	-0.0060121939
251.776	0.0096521155	-5.8439297	-0.0047429998
251.904	0.0097159324	-5.8440632	-0.0052272776
252.032	0.0096099407	-5.8440746	-0.0040997038
252.16	0.0099341499	-5.8441595	-0.0062460771
252.288	0.0096407647	-5.8440044	-0.0062072322
252.416	0.0097587675	-5.844132	-0.005965127
252.544	0.0096977445	-5.8440927	-0.0062074653
252.672	0.0095733448	-5.8439798	-0.005586933
252.8	0.0096478237	-5.8442703	-0.0065752601
252.928	0.0094873582	-5.8442643	-0.0056389383
253.056	0.0094160115	-5.844094	-0.0053240504
253.184	0.009450048	-5.8443701	-0.0044970671
253.312	0.0093382958	-5.8444246	-0.0060086285
253.44	0.0092357845	-5.8446107	-0.0090397654
253.568	0.0091087299	-5.8445743	-0.0068299662
253.696	0.0089231074	-5.8446356	-0.0057920837
253.824	0.0091048574	-5.845125	-0.0070747149
253.952	0.0088698595	-5.8450494	-0.0076039097
254.08	0.0087369186	-5.8448122	-0.0077022315
254.208	0.0087100026	-5.8452628	-0.0083745957
254.336	0.0087157846	-5.8452385	-0.0089531325
254.464	0.0085726343	-5.845355	-0.0087997677
254.592	0.0084234433	-5.8452715	-0.0084559292
254.72	0.0083560913	-5.8453935	-0.0079821552
254.848	0.0083307579	-5.8454969	-0.008115782
254.976	0.0083693445	-5.8455935	-0.0082778101
255.104	0.008372709	-5.8458066	-0.010019239
255.232	0.0082213605	-5.8454317	-0.0079349159
255.36	0.0082725667	-5.8454874	-0.0073166938
255.488	0.0083603809	-5.8455022	-0.0097757193
255.616	0.0083044526	-5.8454231	-0.0092086505
255.744	0.0084617625	-5.8456189	-0.0097152591
255.872	0.0082798929	-5.8454312	-0.0081783981
256	0.0085557379	-5.8452594	-0.0069322804
256.128	0.0084598339	-5.8452244	-0.0074656475
256.256	0.0085202198	-5.8449572	-0.0098507989
256.384	0.0085509352	-5.8446575	-0.0082822865
256.512	0.0086643207	-5.8448301	-0.0067357074
256.64	0.0089235734	-5.8450402	-0.0077063731
256.768	0.0089654173	-5.8452175	-0.0079673633
256.896	0.0089210514	-5.8447838	-0.0066603341
257.024	0.0090988366	-5.8448353	-0.0074787754
257.152	0.0090277292	-5.8444004	-0.0071884213
257.28	0.0092934195	-5.8446147	-0.0074470127
257.408	0.0093849416	-5.8444878	-0.0074063297
257.536	0.0092775509	-5.8443238	-0.0055823594
257.664	0.0094490698	-5.8444728	-0.0043368853
257.792	0.009565823	-5.844404	-0.0057111229
257.92	0.0096247404	-5.8445046	-0.0052423731
258.048	0.0096148213	-5.844473	-0.0052212476
258.176	0.0096638128	-5.8443276	-0.0052219514
258.304	0.009765213	-5.8442527	-0.0042375088
258.432	0.0096030516	-5.8440056	-0.0037357817
258.56	0.0099015156	-5.8443863	-0.006018694
258.688	0.0095748639	-5.8440456	-0.0033986212
258.816	0.0098110198	-5.8443553	-0.0050965114
258.944	0.0096547147	-5.8441077	-0.0050025805
259.072	0.0094231666	-5.8439763	-0.0054891652
259.2	0.0096418126	-5.8439622	-0.0062432657
259.328	0.0094271978	-5.8440917	-0.004660676
259.456	0.0094136869	-5.844349	-0.0065143029
259.584	0.0093575213	-5.844546	-0.0071637224
259.712	0.0092812461	-5.8442897	-0.0054725794
259.84	0.0092106837	-5.844344	-0.0065479578
259.968	0.008992662	-5.8444856	-0.0073251499
260.096	0.0089311254	-5.8449347	-0.0073403264
260.224	0.0090025831	-5.8449604	-0.0078572809
260.352	0.0088003701	-5.8452255	-0.0090244908
260.48	0.008733084	-5.8453179	-0.0078493506
260.608	0.0086420956	-5.8452032	-0.0069842259
260.736	0.0085745152	-5.8452961	-0.0099678659
260.864	0.0084477418	-5.8452292	-0.0097354
260.992	0.008441099	-5.8456466	-0.0077789544
261.12	0.0083107481	-5.8452444	-0.0073204032
261.248	0.0084221509	-5.8454465	-0.0091937489
261.376	0.0082838674	-5.8452354	-0.0088494091
261.504	0.0083014728	-5.8454001	-0.007267704
261.632	0.0084057498	-5.8453735	-0.0089368006
261.76	0.0082858286	-5.8451906	-0.010077308
261.888	0.0083263118	-5.8453708	-0.00812163
262.016	0.0083110074	-5.8453786	-0.0075459112
262.144	0.0084796411	-5.8451592	-0.010030613
262.272	0.0084281565	-5.8452966	-0.0087688276
262.4	0.0085145235	-5.8454498	-0.0084203503
262.528	0.0085734932	-5.8453683	-0.0095664053
262.656	0.0086151289	-5.8453429	-0.0068332286
262.784	0.0086678356	-5.8451493	-0.0083731745
262.912	0.0088594171	-5.844796	-0.0095339642
263.04	0.0087784461	-5.8447283	-0.0074854044
263.168	0.0088777354	-5.8448168	-0.0086310135
263.296	0.009073517	-5.8448118	-0.0075805911
263.424	0.0091864694	-5.8447318	-0.0083305248
263.552	0.0091355409	-5.8443761	-0.0071173604
263.68	0.0092791495	-5.8443493	-0.0074395313
263.808	0.0093606864	-5.844593	-0.0058891669
263.936	0.0095246111	-5.8444437	-0.0041607318
264.064	0.0094944895	-5.8441365	-0.0043375694
264.192	0.0095651802	-5.8441425	-0.00396022
264.32	0.0098410025	-5.8444418	-0.0045042682
264.448	0.0095052528	-5.8440891	-0.0041378245
264.576	0.0097152505	-5.8439919	-0.0050061264
264.704	0.009745724	-5.8439403	-0.0033391828
264.832	0.0098318757	-5.8442902	-0.0060282114
264.96	0.0097281956	-5.8440961	-0.0060000872
265.088	0.0095978953	-5.8440872	-0.0045141399
265.216	0.0096819868	-5.8441636	-0.0060432087
265.344	0.009555353	-5.8441583	-0.0063029171
265.472	0.0097108893	-5.8443115	-0.0063191027
265.6	0.0095524614	-5.8442954	-0.0061002498
265.728	0.0093862909	-5.8442473	-0.0063109497
265.856	0.0093606096	-5.8441824	-0.0059653316
265.984	0.0092946507	-5.8446975	-0.0070088121
266.112	0.0091933343	-5.844637	-0.0070655517
266.24	0.0089721521	-5.8443287	-0.0073523238
266.368	0.0089691768	-5.8447042	-0.0080099431
266.496	0.0089298789	-5.8448219	-0.0072535821
266.624	0.0088638398	-5.8449228	-0.005793436
266.752	0.0087974316	-5.8450543	-0.0073929531
266.88	0.0087158512	-5.8450134	-0.0084198566
267.008	0.0085786708	-5.8451697	-0.0079559678
267.136	0.0084455644	-5.8453585	-0.0055819003
267.264	0.0084397136	-5.8454515	-0.0057301289
267.392	0.0083999679	-5.8455115	-0.0069366095
267.52	0.0084691309	-5.8454759	-0.0092182051
267.648	0.0082979681	-5.8454788	-0.0087208364
267.776	0.0082036881	-5.8452712	-0.0089164766
267.904	0.0083422109	-5.8456129	-0.0095619767
268.032	0.0083639175	-5.845631	-0.0077537567
268.16	0.0083556818	-5.8455853	-0.010041557
268.288	0.008358386	-5.8453631	-0.0098925424
268.416	0.0083488504	-5.845477	-0.0076315562
268.544	0.0083738382	-5.8454246	-0.0069137276
268.672	0.0084254065	-5.8453001	-0.0087794331
268.8	0.0086055448	-5.8454027	-0.0073642536
268.928	0.008560066	-5.8451691	-0.0085235557
269.056	0.0086849331	-5.8448852	-0.0088021827
269.184	0.0088320859	-5.8448652	-0.0054795834
269.312	0.0088486413	-5.8447845	-0.0074711118
269.44	0.0088116363	-5.8445546	-0.008545641
269.568	0.0090177861	-5.8447138	-0.008016261
269.696	0.0091233855	-5.8445624	-0.007173113
269.824	0.0090293413	-5.8444502	-0.008367928
269.952	0.0092609922	-5.8445844	-0.0084840538
270.08	0.0093139746	-5.844612	-0.0088251931
270.208	0.0094903478	-5.8446763	-0.0063335206
270.336	0.0094826047	-5.8442093	-0.0059901613
270.464	0.0095698197	-5.8441285	-0.0055276231
270.592	0.0095940782	-5.8441211	-0.0052179703
270.72	0.0095993201	-5.8438429	-0.0054053163
270.848	0.0097343629	-5.8440888	-0.0047270593
270.976	0.0097097147	-5.8438795	-0.0045976109
271.104	0.009782294	-5.8440851	-0.0043925294
271.232	0.0096118682	-5.8440585	-0.0023284783
271.36	0.0098399935	-5.8443618	-0.0052751881
271.488	0.0096993819	-5.844157	-0.0073676122
271.616	0.0096586068	-5.8442668	-0.0068875948
271.744	0.0096119967	-5.8444262	-0.0044999253
271.872	0.009517278	-5.8443286	-0.0038314634
272	0.0093623488	-5.8441631	-0.0042603949
272.128	0.0093892068	-5.8444632	-0.005750976
272.256	0.0094641568	-5.8445221	-0.0069000211
272.384	0.009033701	-5.8443939	-0.0070744558
272.512	0.0092761819	-5.8449003	-0.010128193
272.64	0.0088609101	-5.8444145	-0.0070760438
272.768	0.008949985	-5.8448666	-0.0071533761
272.896	0.0088682051	-5.8449763	-0.0064024274
273.024	0.0088099538	-5.8452086	-0.0081087454
273.152	0.0086955922	-5.8452585	-0.0083927252
273.28	0.0086179627	-5.8452173	-0.0090616806
273.408	0.0084863659	-5.8453001	-0.0083819968
273.536	0.0083798553	-5.845446	-0.0065393053
273.664	0.0085122624	-5.8457988	-0.0092749956
273.792	0.008314467	-5.8452462	-0.0090767175
273.92	0.0082719258	-5.8455164	-0.0084585743
274.048	0.0083515763	-5.8455346	-0.0097471078
274.176	0.0083178445	-5.845586	-0.010313874
274.304	0.008307253	-5.8457089	-0.0082490968
274.432	0.0083248971	-5.8456487	-0.0095869195
274.56	0.008250743	-5.8454343	-0.0095912245
274.688	0.0082662325	-5.845408	-0.008675903
274.816	0.0083967829	-5.84543	-0.0090350029
274.944	0.0085363769	-5.8453267	-0.0078386248
275.072	0.0084513917	-5.8454348	-0.0071945364
275.2	0.008594496	-5.845275	-0.0089316242
275.328	0.0084814122	-5.844942	-0.0072581689
275.456	0.0087198399	-5.8450938	-0.0075088968
275.584	0.0088983751	-5.8450193	-0.01039117
275.712	0.0088204243	-5.8448135	-0.0085464091
275.84	0.0090208744	-5.8449059	-0.0078339964
275.968	0.0091268843	-5.8448656	-0.0076044071
276.096	0.0090864876	-5.8444972	-0.0053267614
276.224	0.009219024	-5.8444267	-0.0058815008
276.352	0.0092327109	-5.8441685	-0.0058905121
276.48	0.0094717274	-5.8443472	-0.0064330642
276.608	0.0094349731	-5.844318	-0.0049999537
276.736	0.0095202973	-5.8443439	-0.0040336971
276.864	0.0097351221	-5.8441744	-0.0049982994
276.992	0.0095429735	-5.8441001	-0.0050829517
277.12	0.0097870222	-5.8441907	-0.0058865533
277.248	0.0096766632	-5.844143	-0.006431278
277.376	0.0095661778	-5.844085	-0.0041739996
277.504	0.0099122819	-5.8441517	-0.0049950672
277.632	0.0097728126	-5.8441493	-0.0050840903
277.76	0.0096688765	-5.8440014	-0.0042574789
277.888	0.0096630473	-5.8439576	-0.0068761955
278.016	0.0096268023	-5.8440992	-0.003687485
278.144	0.0094672228	-5.8441626	-0.0029368207
278.272	0.0094334421	-5.8442426	-0.0070963326
278.4	0.0094365411	-5.8443309	-0.0082535127
278.528	0.0094267322	-5.844547	-0.0089296812
278.656	0.0091626087	-5.8446845	-0.007447257
278.784	0.0090901482	-5.8445034	-0.0061764339
278.912	0.0088623967	-5.8445399	-0.0065252195
279.04	0.0091277911	-5.8449433	-0.0062453534
279.168	0.0086926505	-5.8445965	-0.005604191
279.296	0.0088871341	-5.845183	-0.007333997
279.424	0.0085963362	-5.8451909	-0.0083350915
279.552	0.0084441038	-5.8451197	-0.0079649023
279.68	0.0084878746	-5.8451287	-0.0073098793
279.808	0.008504135	-5.8451997	-0.0079691843
279.936	0.0085254665	-5.845496	-0.0088534059
280.064	0.0083759756	-5.8455082	-0.0076929238
280.192	0.0081993894	-5.8455221	-0.0073263727
280.32	0.0084389135	-5.8457433	-0.009533021
280.448	0.0082580486	-5.8454522	-0.0088759102
280.576	0.0083133873	-5.8454564	-0.007664901
280.704	0.0083543899	-5.8451882	-0.0082900354
280.832	0.0082151972	-5.8453936	-0.010137713
280.96	0.0084382333	-5.8456554	-0.010624711
281.088	0.0083161738	-5.8452876	-0.010731145
281.216	0.0084417139	-5.8454819	-0.0094210842
281.344	0.0084630008	-5.8452847	-0.0063868488
281.472	0.0085447238	-5.8452925	-0.0055624395
281.6	0.0086170447	-5.8452214	-0.007624174
281.728	0.0087473574	-5.845117	-0.0092854982
281.856	0.0087503462	-5.8451002	-0.0088855487
281.984	0.008833118	-5.844846	-0.007047949
282.112	0.0090591958	-5.8449641	-0.0091417774
282.24	0.0089701295	-5.8447892	-0.007561811
282.368	0.0091964281	-5.8447642	-0.008721692
282.496	0.0092130345	-5.8444304	-0.0084576119
282.624	0.0092650368	-5.8443922	-0.0050765881
282.752	0.0094935072	-5.8444278	-0.0053005616
282.88	0.0093251324	-5.8441705	-0.0056053023
283.008	0.009628313	-5.844456	-0.0058815956
283.136	0.0097424826	-5.844273	-0.0055486822
283.264	0.0096312226	-5.8439803	-0.0050713473
283.392	0.0096141	-5.8435351	-0.0035459514
283.52	0.0097574575	-5.8438117	-0.0053454541
283.648	0.0096769234	-5.843821	-0.0060125041
283.776	0.0097081098	-5.8440423	-0.0037780611
283.904	0.009762538	-5.844072	-0.0044508115
284.032	0.0096489731	-5.8441597	-0.0048640562
284.16	0.0098307455	-5.8443236	-0.0046765089
284.288	0.0095087813	-5.8439476	-0.0033489003
284.416	0.0095512973	-5.8443177	-0.0053178798
284.544	0.0095277915	-5.8441565	-0.0054592915
284.672	0.0093724308	-5.8443138	-0.0078827168
284.8	0.0093944551	-5.8446697	-0.0084893278
284.928	0.009192827	-5.8444685	-0.0063113478
285.056	0.0091430816	-5.8445311	-0.0069828215
285.184	0.0089602486	-5.8444296	-0.0064154268
285.312	0.0090772412	-5.8450532	-0.0060735188
285.44	0.0088529698	-5.8448218	-0.0075254973
285.568	0.0089133998	-5.8450803	-0.0085331133
285.696	0.0085753976	-5.8448282	-0.0078610804
285.824	0.0085898391	-5.8451367	-0.0079378122
285.952	0.0085959201	-5.8454012	-0.0073109972
286.08	0.0085825381	-5.8453416	-0.008266205
286.208	0.008473084	-5.8451992	-0.0077149317
286.336	0.0083216354	-5.8453622	-0.0070222058
286.464	0.008324525	-5.8454224	-0.0090135461
286.592	0.0082815546	-5.8454303	-0.010599774
286.72	0.0082970151	-5.845647	-0.010404512
286.848	0.0082495714	-5.8456167	-0.010417201
286.976	0.0082202412	-5.8456581	-0.010508116
287.104	0.008424793	-5.8455912	-0.010086206
287.232	0.008355181	-5.8453561	-0.0076651895
287.36	0.008369264	-5.8453284	-0.0086214587
287.488	0.0083620541	-5.8454192	-0.0095988062
287.616	0.0085534232	-5.8455025	-0.0069986734
287.744	0.0085780588	-5.845286	-0.0082029773
287.872	0.0085387107	-5.845094	-0.0069560763
288	0.0087183392	-5.845106	-0.007444292
288.128	0.0088411945	-5.8450101	-0.0091061203
288.256	0.0087984961	-5.8448459	-0.0075274981
288.384	0.0088491908	-5.8445109	-0.0072669773
288.512	0.0090207302	-5.8446173	-0.0073589926
288.64	0.009164367	-5.8446968	-0.0062788076
288.768	0.0091494246	-5.844423	-0.0055472025
288.896	0.0093452097	-5.8445202	-0.006142122
289.024	0.0092327612	-5.844363	-0.0056109605
289.152	0.0095661531	-5.8444903	-0.0046434118
289.28	0.0096173029	-5.8445917	-0.0057047242
289.408	0.0095005055	-5.8440985	-0.006611834
289.536	0.0096755207	-5.84396	-0.0082322021
289.664	0.0096272649	-5.8440371	-0.0050203537
289.792	0.009688255	-5.843986	-0.0042374074
289.92	0.0097519508	-5.8439966	-0.0065380919
290.048	0.0098227585	-5.8441139	-0.0059334908
290.176	0.00974977	-5.8440096	-0.0054752542
290.304	0.0096966935	-5.8439802	-0.0055785704
290.432	0.0094577791	-5.8436832	-0.0052545781
290.56	0.0096126521	-5.8441748	-0.00506894
290.688	0.0097647739	-5.8445692	-0.0053806173
290.816	0.0094076684	-5.844369	-0.004223674
290.944	0.0096229691	-5.8446375	-0.0053179608
291.072	0.0093571523	-5.84444	-0.0068376359
291.2	0.0091434287	-5.844221	-0.0056154924
291.328	0.0092182561	-5.8446051	-0.0061868347
291.456	0.0091009458	-5.8446113	-0.0071261326
291.584	0.0090687191	-5.8449234	-0.0061349253
291.712	0.0087884054	-5.8448591	-0.0064108475
291.84	0.0087985663	-5.8450363	-0.0089059802
291.968	0.0087615418	-5.8451178	-0.0068799756
292.096	0.0085307296	-5.8450001	-0.0064901729
292.224	0.0086973328	-5.8451315	-0.0077096717
292.352	0.0085957725	-5.8451862	-0.0090752496
292.48	0.0084364952	-5.8450379	-0.0098956094
292.608	0.0084128739	-5.8453202	-0.0091661252
292.736	0.0082898125	-5.8451939	-0.0086015036
292.864	0.0083095007	-5.8455008	-0.0088967347
292.992	0.0083052611	-5.8454976	-0.0092437212
293.12	0.0081119467	-5.845242	-0.0083477705
293.248	0.0082290945	-5.8454274	-0.0086415645
293.376	0.0084808903	-5.8456239	-0.0080718178
293.504	0.0084351128	-5.8454571	-0.0084983761
293.632	0.0083561654	-5.8452422	-0.0084246635
293.76	0.0083535874	-5.8453931	-0.0082459896
293.888	0.0084271531	-5.845313	-0.0080730476
294.016	0.0086105354	-5.8453352	-0.007517639
294.144	0.0085767307	-5.8452018	-0.0093147795
294.272	0.0085590494	-5.8450897	-0.0080496568
294.4	0.008707723	-5.845004	-0.0068376802
294.528	0.0089350624	-5.844888	-0.0098890159
294.656	0.0089882378	-5.8446069	-0.0079519209
294.784	0.0089791503	-5.8448051	-0.0063867529
294.912	0.0091239169	-5.844701	-0.007022964
295.04	0.009206848	-5.8446683	-0.0060694063
295.168	0.0093471353	-5.8444965	-0.0054161371
295.296	0.0093857749	-5.8442651	-0.0042641432
295.424	0.0094649614	-5.844092	-0.0032913507
295.552	0.0094033529	-5.8441509	-0.004862371
295.68	0.0096528716	-5.8441592	-0.0062167649
295.808	0.0095495098	-5.8439486	-0.0065789833
295.936	0.0095535713	-5.8439971	-0.0067045487
296.064	0.0097988132	-5.8441958	-0.006127086
296.192	0.009815318	-5.8444838	-0.0041674987
296.32	0.0096798881	-5.8444421	-0.0046867768
296.448	0.0097493416	-5.8442993	-0.0058168934
296.576	0.0096272432	-5.8438231	-0.0073868976
296.704	0.0096554359	-5.8439298	-0.0063791326
296.832	0.0096784191	-5.8441436	-0.0041244719
296.96	0.009597435	-5.844156	-0.0059518833
297.088	0.0093503709	-5.8442304	-0.0066088343
297.216	0.0093438279	-5.8443025	-0.0068480781
297.344	0.0093254634	-5.8443778	-0.0073325815
297.472	0.0093781894	-5.8447493	-0.0064305055
297.6	0.0092845539	-5.8445317	-0.0058246666
297.728	0.0090603546	-5.844685	-0.004845372
297.856	0.0088882781	-5.8446232	-0.0058001388
297.984	0.0087541407	-5.8444577	-0.007360939
298.112	0.0088743781	-5.8448945	-0.0067494733
298.24	0.0087395664	-5.8449305	-0.0055160008
298.368	0.0088059538	-5.8450194	-0.006801983
298.496	0.0085787001	-5.8451873	-0.0082737093
298.624	0.0084175369	-5.8452954	-0.0091636231
298.752	0.008669569	-5.8458329	-0.010802293
298.88	0.0081948332	-5.8451495	-0.0089301094
299.008	0.0083236354	-5.8455266	-0.010048372
299.136	0.0083563335	-5.84549	-0.0090795915
299.264	0.0082318026	-5.8453268	-0.0072205858
299.392	0.0083291453	-5.8455265	-0.0085864863
299.52	0.0083822487	-5.8454713	-0.0088751346
299.648	0.0083015543	-5.845639	-0.0075439027
299.776	0.0082687022	-5.845559	-0.0077917774
299.904	0.0084984053	-5.8457353	-0.0094783169
300.032	0.0084259436	-5.8451726	-0.010202529
300.16	0.0084061849	-5.8452551	-0.0081993429
300.288	0.008535344	-5.8450226	-0.0067180082
300.416	0.0085733912	-5.84485	-0.0094565123
300.544	0.0085167714	-5.8449233	-0.0091538697
300.672	0.0088011282	-5.84516	-0.0083703352
300.8	0.0088305674	-5.8448949	-0.0076810366
300.928	0.0088471275	-5.8446121	-0.0064332319
301.056	0.0091130918	-5.8446344	-0.0061599083
301.184	0.0088560184	-5.8446113	-0.0053648372
301.312	0.009176299	-5.8447528	-0.0043637744
301.44	0.0092773799	-5.8447296	-0.0037190999
301.568	0.009388597	-5.8444323	-0.0055321267
301.696	0.009359448	-5.8441509	-0.0069184912
301.824	0.0094998083	-5.8443523	-0.0063127479
301.952	0.009609396	-5.8445589	-0.0054220439
302.08	0.00962138	-5.8441405	-0.0057695664
302.208	0.009734948	-5.8442073	-0.0047058007
302.336	0.0096990579	-5.8439209	-0.0049547503
302.464	0.0097407679	-5.8440843	-0.0047785296
302.592	0.0096552312	-5.8439924	-0.0054808886
302.72	0.009696718	-5.8441178	-0.0056546907
302.848	0.0098051566	-5.8443674	-0.0064611236
302.976	0.0097422517	-5.8442144	-0.0055878202
303.104	0.0097079294	-5.8441619	-0.0032359632
303.232	0.009586698	-5.8443298	-0.0045868284
303.36	0.0094314067	-5.8443084	-0.0049949281
303.488	0.0094309109	-5.84423	-0.0070815377
303.616	0.0093307232	-5.8442053	-0.0079444049
303.744	0.0093795517	-5.844764	-0.0072859703
303.872	0.0092278983	-5.844775	-0.0068377717
304	0.0089770156	-5.844768	-0.0058897905
304.128	0.0089667832	-5.8446783	-0.0061893251
304.256	0.0089236264	-5.8448222	-0.0071753676
304.384	0.0087276205	-5.8447324	-0.0088662989
304.512	0.0088014906	-5.8449724	-0.0089411754
304.64	0.0087386412	-5.8451438	-0.0079731592
304.768	0.0085804246	-5.8450508	-0.00861135
304.896	0.0086561323	-5.845386	-0.0084207433
305.024	0.0083397022	-5.8455468	-0.0080941998
305.152	0.0084349036	-5.8453918	-0.0086981616
305.28	0.0083659401	-5.8451946	-0.0077504219
305.408	0.0083008068	-5.845201	-0.0097870182
305.536	0.0082648116	-5.8452302	-0.0095251539
305.664	0.0084057213	-5.8453635	-0.0098313691
305.792	0.0083418257	-5.8453937	-0.009474839
305.92	0.0082718326	-5.8453005	-0.0085538686
306.048	0.0083573417	-5.8451138	-0.0079630369
306.176	0.0084488584	-5.8452429	-0.0076602014
306.304	0.0083097842	-5.8451055	-0.0073676126
306.432	0.0084675796	-5.8453949	-0.0082713226
306.56	0.0086285639	-5.8455023	-0.0076183506
306.688	0.0084856703	-5.8448117	-0.0069975302
306.816	0.0085819268	-5.845032	-0.0071799296
306.944	0.0089154215	-5.8455305	-0.0089036244
307.072	0.0087977321	-5.8450627	-0.007116848
307.2	0.0087673911	-5.844832	-0.0069215971
307.328	0.0089543033	-5.8447503	-0.0072798074
307.456	0.0091174598	-5.8446729	-0.0081270953
307.584	0.0092131025	-5.8445406	-0.008155133
307.712	0.009191791	-5.8443436	-0.0056794786
307.84	0.009391116	-5.8443318	-0.0045140294
307.968	0.0093525367	-5.8444118	-0.0035541448
308.096	0.0094246716	-5.8443817	-0.0052271617
308.224	0.0096084827	-5.8441526	-0.0078980441
308.352	0.0095660943	-5.8441362	-0.006973618
308.48	0.0096333846	-5.8440828	-0.0052648644
308.608	0.0098038549	-5.8442162	-0.0044258487
308.736	0.0096806802	-5.8440731	-0.0041284085
308.864	0.009729516	-5.8443083	-0.0052618812
308.992	0.0096366236	-5.8443436	-0.0036613713
309.12	0.0097013746	-5.8441883	-0.0039975903
309.248	0.0096360921	-5.8441383	-0.004487642
309.376	0.009659918	-5.8442335	-0.0043836697
309.504	0.0094443729	-5.8442039	-0.0050398903
309.632	0.0095236682	-5.8444488	-0.0057955169
309.76	0.0094744883	-5.8444811	-0.0069236127
309.888	0.0095308903	-5.8445109	-0.0065574857
310.016	0.0092361754	-5.8443343	-0.0057913911
310.144	0.0091926564	-5.8444013	-0.0067636849
310.272	0.0092239014	-5.844497	-0.0084233332
310.4	0.0090450649	-5.8444581	-0.0070262309
310.528	0.0089662014	-5.8447142	-0.006450405
310.656	0.0086657485	-5.8447894	-0.0069735499
310.784	0.0087101664	-5.8447652	-0.0084210781
310.912	0.0088600771	-5.8452859	-0.0083330013
311.04	0.0086358308	-5.845068	-0.0078992909
311.168	0.0085388527	-5.8451609	-0.0082856449
311.296	0.0084962013	-5.8453358	-0.0072303711
311.424	0.0084156491	-5.8453081	-0.0074883574
311.552	0.008402737	-5.8452376	-0.007778324
311.68	0.0082837664	-5.8453537	-0.0087035311
311.808	0.0084953896	-5.8457566	-0.010852387
311.936	0.0082620021	-5.8456393	-0.0095543017
312.064	0.0082554222	-5.8455234	-0.0071527548
312.192	0.0083174107	-5.8454369	-0.0077115398
312.32	0.0084130744	-5.845298	-0.0069210016
312.448	0.0083603939	-5.8452201	-0.0092497556
312.576	0.0082849743	-5.8449747	-0.008537654
312.704	0.0086379268	-5.8451449	-0.0097544513
312.832	0.0083586471	-5.8449535	-0.0092148281
312.96	0.0087707965	-5.8455653	-0.0088939983
313.088	0.0086456552	-5.8452186	-0.0086540872
313.216	0.0087000609	-5.8450705	-0.0076265134
313.344	0.008723417	-5.8451037	-0.0070004059
313.472	0.0089633316	-5.8450538	-0.0076634763
313.6	0.00894419	-5.84476	-0.0074235888
313.728	0.0088483333	-5.8446594	-0.0077193611
313.856	0.009145845	-5.8447736	-0.0074622521
313.984	0.0093051608	-5.8447939	-0.0061320222
314.112	0.0093356841	-5.8446571	-0.0053072474
314.24	0.0094726336	-5.84434	-0.0057270832
314.368	0.0094711448	-5.8441971	-0.0052818218
314.496	0.0096398448	-5.8443418	-0.0059765659
314.624	0.0095088903	-5.8438939	-0.0052185456
314.752	0.0096264897	-5.8439826	-0.0055789018
314.88	0.0095694091	-5.8438984	-0.0063767991
315.008	0.0096491485	-5.8440082	-0.0084790466
315.136	0.0097452354	-5.843907	-0.0056030185
315.264	0.0097252123	-5.8439711	-0.0039481594
315.392	0.0096682163	-5.8439946	-0.0063212103
315.52	0.0095697389	-5.844001	-0.0049559281
315.648	0.0096556708	-5.8439498	-0.0052933445
315.776	0.0096195629	-5.8442546	-0.0069360369
315.904	0.0093986319	-5.8440977	-0.0041397631
316.032	0.0096169931	-5.8444694	-0.0030526102
316.16	0.0092142625	-5.8441987	-0.0037091576
316.288	0.0094029744	-5.8446365	-0.0043069734
316.416	0.0093955525	-5.8448093	-0.0052852772
316.544	0.0089735687	-5.8444654	-0.0046571339
316.672	0.0090224087	-5.8448017	-0.007095173
316.8	0.0089203437	-5.8447657	-0.0085870757
316.928	0.0089029755	-5.8447752	-0.0077003393
317.056	0.0088368021	-5.8447897	-0.0086614751
317.184	0.0086858429	-5.8449405	-0.0083645953
317.312	0.0086314412	-5.8452977	-0.006328544
317.44	0.0085083918	-5.8451268	-0.0065432927
317.568	0.0086119101	-5.8452369	-0.010127671
317.696	0.0085305266	-5.8453023	-0.0083803242
317.824	0.008307982	-5.8453355	-0.0074857956
317.952	0.0083515325	-5.8457416	-0.0099738784
318.08	0.00832822	-5.8454839	-0.0093153269
318.208	0.0082790386	-5.8453707	-0.0097114488
318.336	0.0084062367	-5.845418	-0.0098045744
318.464	0.0082514753	-5.8454056	-0.0082502021
318.592	0.008446251	-5.8455068	-0.008499302
318.72	0.0081350041	-5.8452177	-0.0067902584
318.848	0.0085814333	-5.8456865	-0.0083642199
318.976	0.0083438462	-5.845233	-0.007932352
319.104	0.0085186144	-5.8452996	-0.0080050981
319.232	0.0086699677	-5.8452791	-0.006497644
319.36	0.0085875889	-5.8451034	-0.0093405175
319.488	0.0087440365	-5.8452444	-0.010164663
319.616	0.0086485455	-5.8446703	-0.0059549788
319.744	0.0089068704	-5.8449545	-0.0067290224
319.872	0.0089200328	-5.8449846	-0.0082794708
320	0.0091463654	-5.8447189	-0.0087340672
320.128	0.0090965851	-5.8443637	-0.0061821699
320.256	0.0091297658	-5.8442576	-0.0073180527
320.384	0.0092896414	-5.8443598	-0.0095714076
320.512	0.0094874685	-5.844372	-0.0071653153
320.64	0.0092951294	-5.8437232	-0.0048857165
320.768	0.0094649474	-5.8438914	-0.004946318
320.896	0.0096048958	-5.8440952	-0.0048182149
321.024	0.0096378161	-5.8440682	-0.0024600627
321.152	0.0097156348	-5.8442062	-0.0030876557
321.28	0.009647073	-5.8439628	-0.0013962605
321.408	0.0097342031	-5.8440802	-0.0037902165
321.536	0.0096855886	-5.8439177	-0.004668528
321.664	0.0096320414	-5.8438407	-0.0043356678
321.792	0.0097096669	-5.8443506	-0.0051576205
321.92	0.0096202341	-5.8442517	-0.005251456
322.048	0.0096844701	-5.8444663	-0.0058073681
322.176	0.0094496317	-5.8441189	-0.0063869091
322.304	0.0095973029	-5.8440737	-0.0069189074
322.432	0.0094459532	-5.8443857	-0.0068696075
322.56	0.00931127	-5.8445219	-0.006111119
322.688	0.0090881992	-5.844561	-0.005820781
322.816	0.0091804697	-5.844891	-0.009148636
322.944	0.0092044745	-5.8450086	-0.0073642995
323.072	0.008861526	-5.8446965	-0.0046781634
323.2	0.008920117	-5.844763	-0.0073777062
323.328	0.0087409309	-5.8448855	-0.0088172269
323.456	0.0087191903	-5.8450573	-0.0084884597
323.584	0.0088598072	-5.8454175	-0.00811174
323.712	0.0085310251	-5.8451123	-0.0065362386
323.84	0.0085000401	-5.8451651	-0.0078519553
323.968	0.0084194136	-5.8451511	-0.010133168
324.096	0.0084726348	-5.8452604	-0.008943023
324.224	0.0083128326	-5.8453054	-0.0073735857
324.352	0.008270681	-5.8451922	-0.0094378382
324.48	0.0083168715	-5.8455142	-0.0098633696
324.608	0.0083514415	-5.8457063	-0.0080369461
324.736	0.0083242377	-5.8456862	-0.0085367962
324.864	0.0082778429	-5.8456032	-0.0094416744
324.992	0.0083447636	-5.8456124	-0.0084155425
325.12	0.0082711637	-5.8454474	-0.009946463
325.248	0.0084083134	-5.8452676	-0.010510617
325.376	0.0085153216	-5.8454474	-0.0080655939
325.504	0.008604179	-5.8453286	-0.0075665015
325.632	0.0085276548	-5.8449759	-0.0078501166
325.76	0.0087028239	-5.8451069	-0.0056882591
325.888	0.0087765997	-5.8448878	-0.0067898996
326.016	0.0088280894	-5.8448948	-0.0062382175
326.144	0.0088906974	-5.8447803	-0.0075807608
326.272	0.0090091042	-5.8445868	-0.0068493719
326.4	0.0090450086	-5.8444612	-0.0060109733
326.528	0.0094031716	-5.8447354	-0.0087515058
326.656	0.0093023954	-5.8444945	-0.0075662474
326.784	0.0091998876	-5.8441972	-0.0056710121
326.912	0.0093964029	-5.8442157	-0.0064675399
327.04	0.0096335438	-5.8442946	-0.0066166817
327.168	0.0095721588	-5.8440801	-0.005347311
327.296	0.0095635362	-5.8439904	-0.0032110497
327.424	0.009628978	-5.8442745	-0.0045904497
327.552	0.0097863119	-5.8440628	-0.0059215163
327.68	0.0096112131	-5.8438691	-0.0040202057
327.808	0.0096362585	-5.8442672	-0.0041992079
327.936	0.0095680267	-5.8438466	-0.005737494
328.064	0.009704913	-5.8439505	-0.0068032292
328.192	0.0098512997	-5.8441211	-0.0061870523
328.32	0.0097557277	-5.844082	-0.0038679305
328.448	0.0096118928	-5.844252	-0.0041784899
328.576	0.0094590969	-5.8444416	-0.0051218285
328.704	0.009346681	-5.8444163	-0.0042986098
328.832	0.0094037832	-5.8444882	-0.0052998376
328.96	0.0090533115	-5.8442477	-0.0065331195
329.088	0.0092757848	-5.8444874	-0.0071140751
329.216	0.0090315257	-5.844197	-0.0073076357
329.344	0.0090121995	-5.8445273	-0.007745219
329.472	0.0088510069	-5.8448254	-0.0073872915
329.6	0.0089481862	-5.8452589	-0.0098257285
329.728	0.0086833395	-5.845063	-0.0088652314
329.856	0.0088328292	-5.8454733	-0.0084581425
329.984	0.0085576346	-5.8449728	-0.007303104
330.112	0.0085761753	-5.8454149	-0.0084529469
330.24	0.0083988836	-5.845346	-0.0091135918
330.368	0.0083075761	-5.8453901	-0.0078706241
330.496	0.0085778676	-5.8456749	-0.0097462093
330.624	0.0083852989	-5.8452342	-0.010045211
330.752	0.0083466265	-5.8454164	-0.0094659125
330.88	0.0082615238	-5.8453596	-0.0082114393
331.008	0.0082852893	-5.8456867	-0.0087831574
331.136	0.008360258	-5.8456896	-0.0091239608
331.264	0.0083339867	-5.8454514	-0.011060398
331.392	0.0083228844	-5.8452648	-0.0091929755
331.52	0.0083760187	-5.845383	-0.0061456542
331.648	0.008519421	-5.8453099	-0.0068490473
331.776	0.0085855669	-5.8454057	-0.0071877285
331.904	0.0085350761	-5.8452481	-0.0067293314
332.032	0.0087004158	-5.8450543	-0.0071463299
332.16	0.0085718496	-5.845006	-0.0064058847
332.288	0.0090283346	-5.8449119	-0.0083010172
332.416	0.0089032463	-5.8448601	-0.0072843437
332.544	0.0089431304	-5.8448198	-0.0083178828
332.672	0.0090044206	-5.8447516	-0.007827325
332.8	0.0091693104	-5.8448375	-0.0081981382
332.928	0.0092626345	-5.8445753	-0.0083441516
333.056	0.0093181339	-5.8445051	-0.0059481593
333.184	0.0094856664	-5.8445423	-0.0054115669
333.312	0.0093459603	-5.8441374	-0.0061984147
333.44	0.0095978282	-5.8440264	-0.0041356009
333.568	0.0095062712	-5.8438329	-0.0038746495
333.696	0.0097390285	-5.8442514	-0.0049886533
333.824	0.0096098471	-5.8439052	-0.0045976972
333.952	0.0097465025	-5.8439168	-0.0064023994
334.08	0.0097227229	-5.8438447	-0.005705154
334.208	0.0098788641	-5.8442385	-0.0061783545
334.336	0.0095455595	-5.8438717	-0.0023329387
334.464	0.0096403426	-5.8437838	-0.0017264486
334.592	0.0096474838	-5.844027	-0.0060051545
334.72	0.0096559291	-5.8443805	-0.0056480405
334.848	0.0095219846	-5.8443059	-0.0063139346
334.976	0.0092691027	-5.844083	-0.0064576087
335.104	0.0093817151	-5.8442504	-0.0063798397
335.232	0.00937229	-5.844482	-0.0082517114
335.36	0.0091742799	-5.8443857	-0.0059746617
335.488	0.0090998573	-5.8444213	-0.0064515809
335.616	0.0089597696	-5.8444709	-0.0069225649
335.744	0.0089463748	-5.8446703	-0.0058287875
335.872	0.0088507519	-5.8447721	-0.0065463374
336	0.008875913	-5.8450091	-0.0088421911
336.128	0.0086858639	-5.8454326	-0.0074068641
336.256	0.0085210108	-5.8453796	-0.0068502732
336.384	0.0085495256	-5.8454302	-0.010306382
336.512	0.0084578452	-5.8453459	-0.0097602874
336.64	0.0086241914	-5.8454988	-0.0080040882
336.768	0.0082519491	-5.8453724	-0.0070236585
336.896	0.0083537713	-5.8455373	-0.0098660339
337.024	0.0083492045	-5.8457493	-0.0097343538
337.152	0.0082877139	-5.8453646	-0.010841633
337.28	0.0083898009	-5.8455131	-0.010869121
337.408	0.0084113796	-5.8454267	-0.0091145045
337.536	0.0082407545	-5.8453616	-0.0083563875
337.664	0.0083142859	-5.8452716	-0.0094835581
337.792	0.0084994182	-5.8451985	-0.0083918629
337.92	0.0084755457	-5.8450061	-0.0079726655
338.048	0.008439359	-5.8451521	-0.0091458715
338.176	0.0085783417	-5.8452112	-0.0093049483
338.304	0.0087580601	-5.8452924	-0.0083929884
338.432	0.0086924093	-5.8449949	-0.007885883
338.56	0.008625685	-5.8448553	-0.0062855378
338.688	0.008871444	-5.8447634	-0.0061950916
338.816	0.0089659516	-5.8447837	-0.0076605618
338.944	0.0090569085	-5.8445894	-0.0070183449
339.072	0.0090995487	-5.8445287	-0.0059660023
339.2	0.0092991897	-5.8445452	-0.0072468963
339.328	0.0092912756	-5.8443264	-0.006213327
339.456	0.0092531674	-5.8442676	-0.0037086323
339.584	0.0094360355	-5.8444697	-0.0052354652
339.712	0.0095538235	-5.8444851	-0.0061630793
339.84	0.0096116548	-5.844434	-0.0053274458
339.968	0.0096957612	-5.8441649	-0.0048042889
340.096	0.0096795239	-5.8441249	-0.0073555516
340.224	0.0094964833	-5.8438592	-0.0063658282
340.352	0.0099027967	-5.8442112	-0.0044180579
340.48	0.0096785196	-5.8441612	-0.0056519004
340.608	0.0097382189	-5.8442353	-0.0062088772
340.736	0.0097026526	-5.8444261	-0.0038878549
340.864	0.0097024062	-5.8442234	-0.0039835129
340.992	0.0097760862	-5.8444845	-0.0044892692
341.12	0.0094646641	-5.844164	-0.0049021932
341.248	0.009439133	-5.8444302	-0.0050640461
341.376	0.0094680388	-5.8445047	-0.0053061061
341.504	0.0092640964	-5.8442169	-0.0071884096
341.632	0.0089633141	-5.8443058	-0.0083887363
341.76	0.0092097448	-5.8444176	-0.0072673688
341.888	0.0090487389	-5.8448081	-0.0065302295
342.016	0.0090147129	-5.8448447	-0.0089505213
342.144	0.0087961567	-5.8447957	-0.008915558
342.272	0.008886851	-5.8451593	-0.0080549353
342.4	0.0087186748	-5.8450303	-0.0078434431
342.528	0.0085539998	-5.8451924	-0.0068172874
342.656	0.0086587528	-5.8454382	-0.0074678443
342.784	0.0085178474	-5.8455473	-0.0085476259
342.912	0.0083859776	-5.8453106	-0.0074027233
343.04	0.0084266217	-5.845501	-0.0056561791
343.168	0.0084574951	-5.8455859	-0.0072253954
343.296	0.0084172114	-5.8454513	-0.0098843234
343.424	0.0082316697	-5.845282	-0.0085276609
343.552	0.0084425555	-5.8456034	-0.0081854684
343.68	0.0082665879	-5.8452116	-0.0078844763
343.808	0.0084153354	-5.8453369	-0.008586807
343.936	0.008427532	-5.8453344	-0.0094139596
344.064	0.008324302	-5.8452127	-0.0094794603
344.192	0.0085108456	-5.8451369	-0.010513994
344.32	0.0084356642	-5.8451686	-0.0096263489
344.448	0.0084869446	-5.8450598	-0.0083471046
344.576	0.0086596657	-5.8450458	-0.0081802261
344.704	0.0086178134	-5.8449598	-0.0085466323
344.832	0.0088471046	-5.8451645	-0.0094820313
344.96	0.0086771838	-5.844769	-0.0069285676
345.088	0.0088636418	-5.8445571	-0.0058123571
345.216	0.0091967289	-5.844873	-0.0070303179
345.344	0.0092698775	-5.8448572	-0.0068709924
345.472	0.0092546191	-5.8445687	-0.0063327752
345.6	0.0093420701	-5.8443698	-0.0065732047
345.728	0.0092522505	-5.8441902	-0.0048903095
345.856	0.0094146822	-5.8440247	-0.0057875896
345.984	0.0094299116	-5.8439187	-0.0040083388
346.112	0.0096977616	-5.8440295	-0.0037718763
346.24	0.0095852662	-5.8441251	-0.0058660636
346.368	0.0094861489	-5.8437066	-0.0054607873
346.496	0.0098753828	-5.8442639	-0.0053933503
346.624	0.0096411865	-5.8441637	-0.0052172275
346.752	0.0096687724	-5.8440987	-0.004059402
346.88	0.0096644905	-5.8441291	-0.0054955917
347.008	0.0095750713	-5.8440424	-0.0045573526
347.136	0.0096451253	-5.8439229	-0.004024322
347.264	0.0095996194	-5.8439521	-0.00566375
347.392	0.0095394187	-5.8441564	-0.0046667232
347.52	0.0094617485	-5.8444822	-0.0049741642
347.648	0.0094721832	-5.844547	-0.0057140254
347.776	0.0092848706	-5.8444017	-0.0040391566
347.904	0.0092921252	-5.8445332	-0.003809793
348.032	0.0091377413	-5.8445658	-0.0052944925
348.16	0.0090534809	-5.8447661	-0.0065122634
348.288	0.0090733737	-5.8450356	-0.0086198955
348.416	0.0089520893	-5.8449047	-0.0064996889
348.544	0.0088211065	-5.8448948	-0.0072061573
348.672	0.0086564088	-5.8446991	-0.0086067074
348.8	0.0087645036	-5.8451487	-0.0092836825
348.928	0.0084395768	-5.8449956	-0.0099235576
349.056	0.0086724869	-5.8455576	-0.0096780577
349.184	0.008350818	-5.8455378	-0.0078145588
349.312	0.0085586321	-5.8459099	-0.0087184425
349.44	0.0084022487	-5.8454082	-0.0088934398
349.568	0.0083014853	-5.845302	-0.0087235328
349.696	0.0083383066	-5.8457207	-0.0085871381
349.824	0.0083481317	-5.8454041	-0.0091851764
349.952	0.0083034133	-5.8457536	-0.01036203
350.08	0.008274561	-5.8456143	-0.0099537325
350.208	0.0083987581	-5.845503	-0.0092824022
350.336	0.0083869936	-5.8453055	-0.010244217
350.464	0.0084985243	-5.8454078	-0.0099580651
350.592	0.0083666729	-5.8450968	-0.0071641394
350.72	0.0084990555	-5.8452052	-0.008021544
350.848	0.0085888596	-5.8451836	-0.0083478327
350.976	0.0085710591	-5.8447992	-0.0066784942
351.104	0.0087393596	-5.8447955	-0.0056424965
351.232	0.0088410562	-5.8448776	-0.006538107
351.36	0.0088912822	-5.844673	-0.0096484189
351.488	0.0090006162	-5.8448119	-0.0068809074
351.616	0.0091566908	-5.8444755	-0.00650216
351.744	0.0091232473	-5.8444228	-0.0084671948
351.872	0.0091372461	-5.8444206	-0.0069968778
352	0.0094104271	-5.8446131	-0.0061816677
352.128	0.0093240512	-5.844416	-0.0073996816
352.256	0.0095581744	-5.8446445	-0.0077312518
352.384	0.0095000965	-5.8443839	-0.0039397829
352.512	0.0095336021	-5.8441056	-0.0032284414
352.64	0.0098598103	-5.8445727	-0.0045990231
352.768	0.0096754878	-5.844067	-0.0044175383
352.896	0.0098185356	-5.8441577	-0.0052745504
353.024	0.0096031676	-5.8442826	-0.003514176
353.152	0.009638558	-5.8439251	-0.0029219028
353.28	0.0096536864	-5.8440436	-0.0042296603
353.408	0.0095332529	-5.8440387	-0.0067894873
353.536	0.0097897058	-5.8441854	-0.0056018855
353.664	0.0095078851	-5.8441678	-0.0042325614
353.792	0.0095475229	-5.8444473	-0.0048954857
353.92	0.0094277687	-5.844108	-0.0049469595
354.048	0.0093272055	-5.8443048	-0.0055724751
354.176	0.0092769319	-5.8445699	-0.0052934049
354.304	0.0091557928	-5.8445645	-0.0056861717
354.432	0.0091577452	-5.8448449	-0.007227502
354.56	0.0090513498	-5.8446898	-0.007038103
354.688	0.0089592143	-5.8448264	-0.0074385176
354.816	0.0087812248	-5.8448273	-0.0072785845
354.944	0.0088295212	-5.8450984	-0.0092314306
355.072	0.0086111523	-5.8448415	-0.0089238168
355.2	0.0085834002	-5.8448411	-0.0095659538
355.328	0.0086288017	-5.8449231	-0.0098792336
355.456	0.0083324909	-5.8450071	-0.0076903249
355.584	0.0083667601	-5.845203	-0.0059880947
355.712	0.0084238623	-5.8453147	-0.0082390601
355.84	0.008396604	-5.8455142	-0.0099127153
355.968	0.008361755	-5.84558	-0.0087092678
356.096	0.0084337312	-5.8456677	-0.010567557
356.224	0.0082586078	-5.8455184	-0.0085248928
356.352	0.0081537137	-5.8454418	-0.0096814917
356.48	0.0083711907	-5.8455205	-0.011219844
356.608	0.0084142375	-5.8453872	-0.011013303
356.736	0.0084849697	-5.8455135	-0.0088169337
356.864	0.0084434044	-5.8454118	-0.0064030919
356.992	0.0085424477	-5.8454703	-0.0072301446
357.12	0.0086882938	-5.8454717	-0.0086046703
357.248	0.0086116441	-5.8454902	-0.0085148905
357.376	0.0086409848	-5.8451267	-0.0084899829
357.504	0.0088547072	-5.8450028	-0.0082669665
357.632	0.008799912	-5.8447668	-0.0085989716
357.76	0.0090771949	-5.8448167	-0.0073981846
357.888	0.0088932275	-5.8445995	-0.0049066198
358.016	0.0091166074	-5.8444505	-0.0072103179
358.144	0.0092577337	-5.8444633	-0.0069890036
358.272	0.0093908205	-5.8445472	-0.0055561315
358.4	0.0094402895	-5.8444294	-0.0073978796
358.528	0.0094600511	-5.8443687	-0.0061021443
358.656	0.0095435987	-5.8442393	-0.0050895641
358.784	0.0096447341	-5.8444061	-0.0048033657
358.912	0.0095482625	-5.8442376	-0.0047587258
359.04	0.0095818825	-5.8441264	-0.0027088761
359.168	0.0097676186	-5.8441342	-0.0016999051
359.296	0.0098735511	-5.8441376	-0.0050813102
359.424	0.0097485355	-5.8443169	-0.0062588558
359.552	0.0096202588	-5.8439701	-0.0048244597
359.68	0.009564189	-5.8439922	-0.0028312944
359.808	0.0095654624	-5.8440564	-0.0059748823
359.936	0.0096465165	-5.8440911	-0.007301209
360.064	0.0094470614	-5.8439976	-0.0072947873
360.192	0.0095876717	-5.844213	-0.005908886
360.32	0.0093712429	-5.8442279	-0.0032073294
360.448	0.0094456468	-5.8444195	-0.0080979548
360.576	0.0092053918	-5.8445498	-0.0087479326
360.704	0.0090999781	-5.8446995	-0.0071877625
360.832	0.008884274	-5.8443518	-0.0068894806
360.96	0.0089968423	-5.8447479	-0.0080731007
361.088	0.0087368929	-5.8447435	-0.008804489
361.216	0.0088147902	-5.844931	-0.0092719606
361.344	0.0086717912	-5.8449234	-0.0074815971
361.472	0.0086703682	-5.8451803	-0.0069807508
361.6	0.0085945317	-5.8453835	-0.0074697146
361.728	0.0085646255	-5.8456988	-0.01018231
361.856	0.0084448892	-5.8453766	-0.0072248459
361.984	0.0083051437	-5.845127	-0.0070758291
362.112	0.0083521493	-5.8455276	-0.0088134465
362.24	0.0083380253	-5.8454263	-0.010398834
362.368	0.0082662807	-5.8452438	-0.0097391912
362.496	0.008413603	-5.8456078	-0.0086699938
362.624	0.0082359868	-5.8454085	-0.0075157176
362.752	0.0083744658	-5.8453539	-0.0073542274
362.88	0.0082569684	-5.845134	-0.0076068694
363.008	0.0083619377	-5.8453498	-0.0078302238
363.136	0.0084405409	-5.8452974	-0.0073643861
363.264	0.0085408885	-5.8452908	-0.007946093
363.392	0.0085345724	-5.8451944	-0.006856095
363.52	0.0087990879	-5.8452702	-0.0072836846
363.648	0.0086932007	-5.8451743	-0.0072969203
363.776	0.0087534937	-5.8448967	-0.0063875297
363.904	0.0089298081	-5.8448729	-0.0087478492
364.032	0.0088727428	-5.8446162	-0.0067219263
364.16	0.0091117721	-5.8445274	-0.007470975
364.288	0.0089321132	-5.8442439	-0.0079917399
364.416	0.0092160094	-5.8448453	-0.0077657493
364.544	0.009341274	-5.8446266	-0.0040983351
364.672	0.0094306873	-5.8444905	-0.0042776964
364.8	0.0094327974	-5.8442572	-0.0063963089
364.928	0.0095066267	-5.8442173	-0.0067090253
365.056	0.0095673428	-5.8443304	-0.0054231947
365.184	0.0096948241	-5.8442522	-0.0072305248
365.312	0.0096029247	-5.8442264	-0.0062589212
365.44	0.0096576361	-5.8441934	-0.0053564924
365.568	0.0096553589	-5.843884	-0.0057198471
365.696	0.009593893	-5.8439284	-0.0053132252
365.824	0.0096363603	-5.8440903	-0.0041948464
365.952	0.0098667435	-5.84427	-0.0057816329
366.08	0.0096136609	-5.8440247	-0.005717003
366.208	0.0094239298	-5.843878	-0.004178182
366.336	0.0097202255	-5.844267	-0.0067896627
366.464	0.0094738879	-5.8441666	-0.0070419857
366.592	0.0094069817	-5.8444912	-0.0052909552
366.72	0.0091412464	-5.8446381	-0.0045293393
366.848	0.0092954824	-5.8447009	-0.0056697934
366.976	0.0091516377	-5.8443196	-0.0051294113
367.104	0.0090974062	-5.8446033	-0.0071778263
367.232	0.0090663284	-5.8450514	-0.0077518909
367.36	0.0089245922	-5.8449073	-0.0069205994
367.488	0.0087969908	-5.8450585	-0.0094014337
367.616	0.0087886075	-5.8452608	-0.0086130783
367.744	0.0086295215	-5.845084	-0.006909042
367.872	0.0085170645	-5.8452253	-0.0084315204
368	0.0084311773	-5.8452621	-0.0076121389
368.128	0.0084916031	-5.845102	-0.0077012372
368.256	0.0083946208	-5.8452642	-0.007542366
368.384	0.0083273717	-5.8454712	-0.0080649612
368.512	0.0082612263	-5.8453347	-0.0093280555
368.64	0.0083123971	-5.8453834	-0.0087594413
368.768	0.0083818365	-5.8455931	-0.0074737883
368.896	0.0082677938	-5.845373	-0.0075631011
369.024	0.0083466038	-5.8456132	-0.010451009
369.152	0.0084248945	-5.8453396	-0.010235163
369.28	0.0083183136	-5.8453802	-0.0087675252
369.408	0.0084716998	-5.845339	-0.0086651975
369.536	0.0084848013	-5.8452606	-0.0097796548
369.664	0.0084442014	-5.8452715	-0.0096720895
369.792	0.0086811441	-5.8455429	-0.0087961409
369.92	0.0086684482	-5.845293	-0.0079021972
370.048	0.0087753216	-5.8451696	-0.0080972394
370.176	0.0088622207	-5.8448386	-0.0092712334
370.304	0.0090950925	-5.8447037	-0.0081865591
370.432	0.0089523316	-5.8446637	-0.0081880794
370.56	0.0091766518	-5.8447234	-0.0063593371
370.688	0.0090341705	-5.8442423	-0.0051996655
370.816	0.0093714525	-5.8444235	-0.0069763029
370.944	0.0093183208	-5.844365	-0.0060930029
371.072	0.0094990872	-5.8444543	-0.0054435577
371.2	0.0094968012	-5.8442737	-0.0049540582
371.328	0.0096122552	-5.8442994	-0.0030538905
371.456	0.0097464023	-5.8443163	-0.0034163629
371.584	0.0095646318	-5.8440667	-0.00347209
371.712	0.0095880994	-5.843835	-0.0043731558
371.84	0.009641798	-5.8439837	-0.0060340855
371.968	0.0097313086	-5.8442385	-0.0049132578
372.096	0.0097765566	-5.844217	-0.005178581
372.224	0.0097266586	-5.8442102	-0.004646094
372.352	0.0095243707	-5.8437648	-0.0040096119
372.48	0.0095799601	-5.8439223	-0.0052524141
372.608	0.0094643617	-5.84397	-0.0051274964
372.736	0.0095071237	-5.844039	-0.0065980531
372.864	0.0093834737	-5.8442171	-0.0063009603
372.992	0.0093110878	-5.8444506	-0.0070628018
373.12	0.0093546245	-5.8447135	-0.0078462805
373.248	0.0090777517	-5.8443983	-0.0074744453
373.376	0.0091451467	-5.844642	-0.0075157222
373.504	0.0089291844	-5.844566	-0.0070009618
373.632	0.0089689558	-5.8449601	-0.0079035798
373.76	0.0087821968	-5.8447456	-0.0075647115
373.888	0.008777463	-5.8450367	-0.0084025273
374.016	0.008685888	-5.845025	-0.0094961694
374.144	0.0086977896	-5.845383	-0.0091727842
374.272	0.008466659	-5.8450104	-0.0071826775
374.4	0.0086424221	-5.8453524	-0.0072728252
374.528	0.0083420284	-5.8452996	-0.0060707311
374.656	0.0083406122	-5.845419	-0.0064237861
374.784	0.0085086503	-5.845646	-0.0089197161
374.912	0.0082686039	-5.8455462	-0.0078145357
375.04	0.0082069892	-5.8454871	-0.0079431146
375.168	0.0084539419	-5.8455096	-0.0094492
375.296	0.0083158249	-5.845501	-0.008940089
375.424	0.0083723288	-5.845324	-0.0080746397
375.552	0.0083793764	-5.8452652	-0.0089254335
375.68	0.0084997518	-5.8452338	-0.0070151619
375.808	0.008493073	-5.845082	-0.0054555074
375.936	0.0083882525	-5.8450676	-0.0066916227
376.064	0.0086949731	-5.8452843	-0.0090702229
376.192	0.0087357249	-5.8449424	-0.0081171258
376.32	0.008736806	-5.8450264	-0.008754045
376.448	0.008818775	-5.8452066	-0.0098484704
376.576	0.0088310782	-5.8449568	-0.0097575059
376.704	0.0091387618	-5.844754	-0.0082387719
376.832	0.0091160198	-5.8448725	-0.0086137006
376.96	0.0091033795	-5.8445788	-0.0088821249
377.088	0.0092936391	-5.8446406	-0.0060285142
377.216	0.0092261185	-5.8442031	-0.0036062737
377.344	0.0092504475	-5.8442156	-0.0037908172
377.472	0.0095473626	-5.8443899	-0.0052051448
377.6	0.0095321592	-5.8443081	-0.0052692877
377.728	0.0094777611	-5.8439963	-0.0046630464
377.856	0.0098569897	-5.8443786	-0.005249845
377.984	0.0094993433	-5.8440921	-0.0021625153
378.112	0.009689292	-5.8441269	-0.0050104213
378.24	0.0096564332	-5.8440534	-0.0053600732
378.368	0.009730347	-5.8441659	-0.0043812169
378.496	0.0095797961	-5.8440412	-0.0069466368
378.624	0.0096712727	-5.8440733	-0.0067312394
378.752	0.0096899947	-5.8440894	-0.006374607
378.88	0.0094441401	-5.8439218	-0.0037671553
379.008	0.0096477033	-5.844458	-0.0049390971
379.136	0.0094373067	-5.8443951	-0.0047036916
379.264	0.0091574912	-5.8443265	-0.0060907345
379.392	0.0093363835	-5.8446316	-0.006910223
379.52	0.009211891	-5.844804	-0.0069081728
379.648	0.0090419485	-5.8443691	-0.0081547698
379.776	0.0090176705	-5.8445203	-0.0072460418
379.904	0.0088866167	-5.8448935	-0.0076659152
380.032	0.0087296826	-5.8447599	-0.0096556316
380.16	0.0088653224	-5.8450009	-0.0088235339
380.288	0.0086180802	-5.8451306	-0.0080640617
380.416	0.0086301451	-5.845157	-0.008097726
380.544	0.0086535206	-5.8453189	-0.0079657614
380.672	0.008536818	-5.8452843	-0.0088105178
380.8	0.0084228124	-5.8451308	-0.0084963164
380.928	0.0084296136	-5.8451617	-0.0079198878
381.056	0.0082758691	-5.8452183	-0.0073917885
381.184	0.0084687422	-5.8455556	-0.0087326352
381.312	0.0083099356	-5.845286	-0.009071812
381.44	0.0083833275	-5.8454095	-0.0096073714
381.568	0.0083792012	-5.8454085	-0.0082405704
381.696	0.0082749847	-5.8455395	-0.0086752963
381.824	0.0083626811	-5.845395	-0.0079488442
381.952	0.0084373088	-5.8453982	-0.008271982
382.08	0.008470381	-5.8453653	-0.0080205749
382.208	0.0085769167	-5.8452905	-0.007845902
382.336	0.0085120564	-5.8450266	-0.0091934058
382.464	0.0084909238	-5.845006	-0.0070423233
382.592	0.0087332108	-5.8451048	-0.0052874379
382.72	0.0089384848	-5.8451094	-0.0074096913
382.848	0.0088018557	-5.8445215	-0.0068697841
382.976	0.0090032429	-5.8448773	-0.0054624627
383.104	0.0090503046	-5.8446782	-0.0070227652
383.232	0.0091440497	-5.8446481	-0.0062474433
383.36	0.0091795562	-5.8446617	-0.0044262543
383.488	0.0093036333	-5.8445631	-0.0048596211
383.616	0.009267094	-5.8443022	-0.0067990435
383.744	0.0095463338	-5.8442235	-0.0059115568
383.872	0.0095321932	-5.8441611	-0.0051594224
384	0.0094574874	-5.8440279	-0.0043416866
384.128	0.0096575241	-5.8440928	-0.0047332522
384.256	0.0097559541	-5.8440023	-0.0040739035
384.384	0.0094088469	-5.8435934	-0.0031274419
384.512	0.0096942562	-5.8441854	-0.0067439678
384.64	0.0097054273	-5.8442895	-0.0064778281
384.768	0.009708357	-5.8439291	-0.0032772023
384.896	0.0095837502	-5.8439881	-0.0043959905
385.024	0.0096517778	-5.8442282	-0.0069908852
385.152	0.0095374638	-5.8442278	-0.006298012
385.28	0.009468105	-5.8442741	-0.0065317526
385.408	0.0092854243	-5.8441146	-0.0038355523
385.536	0.0096309906	-5.8445402	-0.0040770113
385.664	0.0093674469	-5.8446197	-0.004889992
385.792	0.0092297812	-5.8447593	-0.0062147609
385.92	0.0090968689	-5.8442711	-0.0081669959
386.048	0.0091517111	-5.8446684	-0.007590656
386.176	0.0089976977	-5.8446382	-0.0082748651
386.304	0.0087959924	-5.8448099	-0.0078181312
386.432	0.0088629	-5.8451647	-0.0083211921
386.56	0.0087190185	-5.8448757	-0.0097528307
386.688	0.0085702971	-5.8451756	-0.008486005
386.816	0.0085453641	-5.845307	-0.0074707751
386.944	0.0084676056	-5.8452781	-0.0089051719
387.072	0.0085229432	-5.8454714	-0.0083974702
387.2	0.0085583662	-5.8456092	-0.0088792238
387.328	0.0083440099	-5.8452625	-0.0095150909
387.456	0.0082638373	-5.8450714	-0.0086893105
387.584	0.008361437	-5.8455404	-0.0087274364
387.712	0.0083404256	-5.8454109	-0.0084856204
387.84	0.0083861555	-5.8454859	-0.0078391737
387.968	0.0082756641	-5.8452918	-0.0085177267
388.096	0.0084075043	-5.845454	-0.0091029412
388.224	0.0083834788	-5.8454235	-0.008623837
388.352	0.0084606265	-5.8452706	-0.0073410628
388.48	0.0084985149	-5.8452098	-0.0079109166
388.608	0.008501355	-5.8450569	-0.0077805738
388.736	0.00875387	-5.8452855	-0.0083576056
388.864	0.0087862597	-5.8454351	-0.0085071603
388.992	0.0088032159	-5.845147	-0.0076666968
389.12	0.0087911143	-5.8447987	-0.0072444409
389.248	0.0090236453	-5.8447363	-0.0079973871
389.376	0.0090191342	-5.8446491	-0.0087516789
389.504	0.0089901103	-5.8444192	-0.006538448
389.632	0.0090857104	-5.8444215	-0.0060140161
389.76	0.0094007436	-5.8447437	-0.0067592419
389.888	0.0092800366	-5.8444558	-0.0056817542
390.016	0.0096689917	-5.8445246	-0.0059975904
390.144	0.0094197643	-5.8441869	-0.0041911816
390.272	0.0095899286	-5.8444314	-0.0051462688
390.4	0.0095594376	-5.8442725	-0.0055320874
390.528	0.0096125579	-5.8442568	-0.0048432377
390.656	0.0096351706	-5.8439431	-0.0033936548
390.784	0.0096306323	-5.8440197	-0.0062331787
390.912	0.0095926474	-5.8441603	-0.0074621638
391.04	0.0097792321	-5.8442643	-0.0055035663
391.168	0.0096550253	-5.8440541	-0.0055980062
391.296	0.0094787612	-5.8441009	-0.0056405815
391.424	0.009703851	-5.8442578	-0.0057319672
391.552	0.009589745	-5.8443986	-0.0052389144
391.68	0.0094666437	-5.8443076	-0.0049112562
391.808	0.0094522949	-5.8444629	-0.0046615163
391.936	0.009215721	-5.8442385	-0.0056095821
392.064	0.0091494875	-5.8445506	-0.0063996412
392.192	0.0091880637	-5.8447111	-0.0064251025
392.32	0.0090790268	-5.8446804	-0.0080122174
392.448	0.0090697036	-5.8448725	-0.0063023059
392.576	0.0089714957	-5.8450455	-0.00669058
392.704	0.0087803648	-5.8449672	-0.0071932523
392.832	0.0087659448	-5.844964	-0.0058394433
392.96	0.0085706777	-5.8450373	-0.007379398
393.088	0.0086263564	-5.8454481	-0.0088640629
393.216	0.0085095293	-5.8455159	-0.0095027341
393.344	0.0083791357	-5.8451266	-0.0097388048
393.472	0.0084062367	-5.8450447	-0.0082858709
393.6	0.0083297748	-5.8449924	-0.007632584
393.728	0.0085603483	-5.8453351	-0.0094306369
393.856	0.0083064868	-5.8454599	-0.0072731669
393.984	0.0083813734	-5.8454415	-0.0081368814
394.112	0.0082712768	-5.8454464	-0.0077341205
394.24	0.0082803622	-5.8453869	-0.0076121219
394.368	0.0086011058	-5.8457108	-0.010389952
394.496	0.0081936528	-5.845206	-0.010309094
394.624	0.0084561645	-5.8454576	-0.010182797
394.752	0.0084696563	-5.8451867	-0.0089037279
394.88	0.0085718664	-5.8454498	-0.0095584625
395.008	0.0086651291	-5.8451913	-0.010468875
395.136	0.0086878106	-5.8451366	-0.0088692477
395.264	0.0087384741	-5.8450945	-0.0065581957
395.392	0.0088839926	-5.8448117	-0.0075099333
395.52	0.0087747218	-5.8446125	-0.0051744458
395.648	0.0089804808	-5.8446118	-0.0051992039
395.776	0.009178685	-5.8445522	-0.0066471809
395.904	0.0090216309	-5.8442174	-0.0055432746
396.032	0.0092898915	-5.8443443	-0.0075940708
396.16	0.0094074301	-5.844531	-0.0059717744
396.288	0.0095020119	-5.8444333	-0.0059871167
396.416	0.009309697	-5.8441303	-0.0054199728
396.544	0.0094587561	-5.8442856	-0.0048788676
396.672	0.0097369974	-5.8445123	-0.0050812642
396.8	0.0096788812	-5.8441573	-0.0052794221
396.928	0.0097144335	-5.8440406	-0.0044080152
397.056	0.0095676791	-5.8439848	-0.0048074052
397.184	0.0097693767	-5.843804	-0.0069899504
397.312	0.0097551591	-5.8438977	-0.0051010297
397.44	0.0097020349	-5.8440738	-0.003153973
397.568	0.0094929599	-5.8437966	-0.002493936
397.696	0.0096941913	-5.8443066	-0.00398089
397.824	0.0095780773	-5.8443128	-0.0034628045
397.952	0.009527994	-5.8443469	-0.0046957839
398.08	0.0094351091	-5.8444192	-0.0053877725
398.208	0.0093169444	-5.8445375	-0.0058718841
398.336	0.0091964307	-5.8446283	-0.005643978
398.464	0.0092278453	-5.8447104	-0.0066351671
398.592	0.0091074622	-5.8447189	-0.0070810779
398.72	0.0091044626	-5.8449002	-0.0069334753
398.848	0.0088470134	-5.844799	-0.0077748892
398.976	0.0088044468	-5.8449857	-0.0083832684
399.104	0.0088397615	-5.8451507	-0.0079512722
399.232	0.0087100955	-5.8449662	-0.0082737125
399.36	0.0084320907	-5.8451097	-0.0071456032
399.488	0.0087276134	-5.8454913	-0.0094168271
399.616	0.00839037	-5.8453634	-0.0097502173
399.744	0.0085196483	-5.8454885	-0.0086447787
399.872	0.0083493065	-5.8452189	-0.0092041071
400	0.0082659876	-5.8453247	-0.0076859934
400.128	0.0082688016	-5.8452717	-0.0073688903
400.256	0.0083698261	-5.8455173	-0.0093979061
400.384	0.0084228963	-5.8457594	-0.010528291
400.512	0.0082879681	-5.8454557	-0.0086388563
400.64	0.0084171311	-5.8454386	-0.008866848
400.768	0.0083620637	-5.8451773	-0.0094289733
400.896	0.0083651029	-5.8451	-0.0090536531
401.024	0.0085549211	-5.8452234	-0.0084577555
401.152	0.0086217059	-5.8452503	-0.0095129454
401.28	0.0086167051	-5.8454151	-0.0089559558
401.408	0.008551907	-5.845024	-0.0072033102
401.536	0.0087069523	-5.844974	-0.010763616
401.664	0.0088729711	-5.8448992	-0.009699766
401.792	0.0086865788	-5.8447137	-0.0060634387
401.92	0.0090127966	-5.8449853	-0.0078737132
402.048	0.0092006208	-5.8449232	-0.0063666417
402.176	0.0092206784	-5.8447314	-0.0057646046
402.304	0.0092987192	-5.8445297	-0.0056783863
402.432	0.0091909155	-5.8443394	-0.0027064732
402.56	0.0093935387	-5.8445278	-0.0048783577
402.688	0.0094878266	-5.844389	-0.0059794036
402.816	0.0095271261	-5.8444213	-0.0056476547
402.944	0.0095230686	-5.8442971	-0.0032980215
403.072	0.009683982	-5.8444299	-0.0050768464
403.2	0.0097856663	-5.8441829	-0.0067057648
403.328	0.0096800466	-5.8441034	-0.0058232804
403.456	0.0095229521	-5.8440661	-0.0058991055
403.584	0.0097429147	-5.8442184	-0.0056034705
403.712	0.0096372507	-5.8441351	-0.0060818765
403.84	0.00959309	-5.8440752	-0.0057803427
403.968	0.009637747	-5.8442905	-0.0048450341
404.096	0.0096398838	-5.8442617	-0.0051651652
404.224	0.0092719112	-5.8440157	-0.0046628397
404.352	0.0096693895	-5.8446457	-0.0054586691
404.48	0.009357181	-5.8446036	-0.0038654369
404.608	0.009283311	-5.8442845	-0.0052991246
404.736	0.0091676368	-5.8442751	-0.0075901536
404.864	0.0090590661	-5.8445738	-0.0091472565
404.992	0.00904911	-5.8448761	-0.0072203242
405.12	0.0090002272	-5.8447109	-0.0074472742
405.248	0.0088892819	-5.8448812	-0.0071263039
405.376	0.00881636	-5.8450975	-0.0074023212
405.504	0.00854676	-5.8447774	-0.0079890025
405.632	0.0086626939	-5.8453505	-0.0085854463
405.76	0.008550692	-5.8452176	-0.0097043034
405.888	0.0085955212	-5.8453946	-0.0093800885
406.016	0.0082695577	-5.8453061	-0.0060523932
406.144	0.0084566501	-5.8456125	-0.0089813399
406.272	0.0084784601	-5.8456104	-0.0096307222
406.4	0.0084101062	-5.8451753	-0.0084974769
406.528	0.0082735864	-5.8450572	-0.0088895598
406.656	0.0082353678	-5.8448715	-0.010655641
406.784	0.0083556474	-5.8453576	-0.011446278
406.912	0.008340496	-5.8452607	-0.0091601113
407.04	0.0083908371	-5.8452607	-0.0073428728
407.168	0.0085063578	-5.8453453	-0.0075551253
407.296	0.0084735172	-5.8451697	-0.0088281852
407.424	0.0084266782	-5.8451146	-0.007356417
407.552	0.0085288617	-5.8453935	-0.0059326952
407.68	0.0087460297	-5.8453925	-0.0073140607
407.808	0.008745088	-5.8449794	-0.008325308
407.936	0.0088753865	-5.8452606	-0.0074668673
408.064	0.0089499542	-5.844844	-0.0073045532
408.192	0.0089615699	-5.8448055	-0.0058233659
408.32	0.0091305158	-5.8448956	-0.0062346001
408.448	0.0091847635	-5.8448688	-0.0074357543
408.576	0.0090573899	-5.8444831	-0.0045679061
408.704	0.0094071671	-5.8446049	-0.0058640186
408.832	0.0093680791	-5.8445988	-0.0070485649
408.96	0.0094742464	-5.8445128	-0.0063536755
409.088	0.009450756	-5.8444623	-0.0065478865
409.216	0.0097798504	-5.8445276	-0.0070940679
409.344	0.009460007	-5.8439084	-0.0055355346
409.472	0.0095689671	-5.8439958	-0.0047012905
409.6	0.0095181837	-5.8439625	-0.0057541051
409.728	0.009822739	-5.8442217	-0.0073645083
409.856	0.0096979793	-5.844154	-0.0057290183
409.984	0.0096648291	-5.8439564	-0.0053706382
410.112	0.0096883847	-5.8442335	-0.004972494
410.24	0.0095552382	-5.8442089	-0.0045492786
410.368	0.0096063774	-5.8440632	-0.0054423812
410.496	0.009525511	-5.8440223	-0.0045289365
410.624	0.00953521	-5.8445073	-0.0053695072
410.752	0.0094305068	-5.8446196	-0.00693316
410.88	0.0093608248	-5.8444195	-0.0066179628
411.008	0.0091921321	-5.8444807	-0.0074624075
411.136	0.0090794654	-5.8444533	-0.0080540033
411.264	0.008959932	-5.8445546	-0.0049746403
411.392	0.0088636024	-5.8446638	-0.0075127628
411.52	0.0088525619	-5.8449675	-0.0089839733
411.648	0.0089071401	-5.8450368	-0.0077542369
411.776	0.008657401	-5.8448415	-0.0078605331
411.904	0.008714803	-5.8452913	-0.0087537646
412.032	0.0085515299	-5.8450254	-0.007961115
412.16	0.0083868078	-5.8448957	-0.00642584
412.288	0.0085230694	-5.8451985	-0.0078172036
412.416	0.008322895	-5.845181	-0.0078207241
412.544	0.0084219484	-5.8454138	-0.0082944357
412.672	0.0084278746	-5.8453401	-0.0086595253
412.8	0.0084471907	-5.8455037	-0.0093154614
412.928	0.0083759545	-5.8457309	-0.0099840463
413.056	0.0083509073	-5.8455897	-0.010524839
413.184	0.0082944722	-5.8455127	-0.009265439
413.312	0.0083198867	-5.845552	-0.0084751892
413.44	0.0084869167	-5.8456211	-0.0092145106
413.568	0.0084019963	-5.8451743	-0.0081326639
413.696	0.0084649591	-5.8454117	-0.0079300424
413.824	0.0086793552	-5.8454901	-0.0073724658
413.952	0.0086388469	-5.8451855	-0.0068713591
414.08	0.0086755722	-5.845198	-0.0077423646
414.208	0.0088632678	-5.8450367	-0.0078109816
414.336	0.0088274029	-5.8448393	-0.0065884843
414.464	0.0088641183	-5.8448196	-0.0068829158
414.592	0.0090891944	-5.8446608	-0.0072893905
414.72	0.0091689773	-5.8445082	-0.0056095063
414.848	0.0091820403	-5.8443732	-0.0044796019
414.976	0.0093252377	-5.8444802	-0.0052858063
415.104	0.0092160036	-5.8442925	-0.0066132724
415.232	0.0093935216	-5.8441502	-0.0076606727
415.36	0.0094271329	-5.8442576	-0.0054522251
415.488	0.0095443291	-5.8443757	-0.0052640738
415.616	0.009781447	-5.8443521	-0.0057430707
415.744	0.0096452125	-5.8442223	-0.0046197279
415.872	0.0095289196	-5.8441733	-0.0051118534
416	0.0096614907	-5.8439249	-0.0044469835
416.128	0.0097883584	-5.8440897	-0.0068287749
416.256	0.0095418674	-5.8439125	-0.0068879886
416.384	0.0096643523	-5.8439903	-0.0070366543
416.512	0.0097153538	-5.844151	-0.0064765053
416.64	0.0094100408	-5.843868	-0.0029826649
416.768	0.0095184156	-5.8442662	-0.0035602226
416.896	0.0095044291	-5.844314	-0.0056173603
417.024	0.0093047805	-5.8445403	-0.0061129593
417.152	0.009402332	-5.8445376	-0.0049649767
417.28	0.0092428336	-5.8445989	-0.0061017107
417.408	0.0091314705	-5.844569	-0.0064715294
417.536	0.0090285878	-5.8445938	-0.007668666
417.664	0.0089415652	-5.84454	-0.0078369838
417.792	0.0090426722	-5.8448597	-0.0076282419
417.92	0.0087623119	-5.8450468	-0.0074606945
418.048	0.0086154645	-5.8449234	-0.0072930699
418.176	0.0086788644	-5.8450951	-0.0081111932
418.304	0.0084936926	-5.8449856	-0.0082009688
418.432	0.0085154614	-5.8450766	-0.0089899365
418.56	0.0084504212	-5.8451804	-0.0085005505
418.688	0.0085218591	-5.8452783	-0.0093134852
418.816	0.0082903675	-5.8451801	-0.0094475456
418.944	0.0083695406	-5.8452934	-0.009890331
419.072	0.0084659616	-5.845517	-0.010111827
419.2	0.0083684982	-5.8454725	-0.0087799991
419.328	0.0083144933	-5.8453454	-0.0078735714
419.456	0.0083044296	-5.8455266	-0.0074007374
419.584	0.0083203076	-5.8455831	-0.0083020012
419.712	0.0083376225	-5.8453897	-0.0094677554
419.84	0.0084843631	-5.8454038	-0.0087194833
419.968	0.0087379421	-5.8454684	-0.0082211593
420.096	0.0084568531	-5.8451508	-0.0082971111
420.224	0.0086553851	-5.8451353	-0.0080346024
420.352	0.0086588528	-5.8451132	-0.0084470436
420.48	0.008943859	-5.8452634	-0.0087067779
420.608	0.0088516485	-5.8451367	-0.0075097923
420.736	0.0089241839	-5.8447978	-0.0086223679
420.864	0.0089805661	-5.8445292	-0.0063016619
420.992	0.0091510314	-5.8446058	-0.0078784706
421.12	0.0091818012	-5.8446266	-0.0080043457
421.248	0.0092655549	-5.8444986	-0.0067628538
421.376	0.0094366719	-5.8446931	-0.0052993989
421.504	0.0094186202	-5.8443923	-0.0041356703
421.632	0.0094825633	-5.8442011	-0.0037836009
421.76	0.0094971439	-5.8440409	-0.0032422566
421.888	0.0095909537	-5.8441535	-0.0037340388
422.016	0.0096227518	-5.8440849	-0.0045036677
422.144	0.0096568852	-5.844088	-0.0060846985
422.272	0.00963942	-5.8442625	-0.0051651172
422.4	0.0096411319	-5.8437713	-0.0036091075
422.528	0.0097481499	-5.8439113	-0.005117202
422.656	0.0096859702	-5.8440984	-0.0065189436
422.784	0.0097213676	-5.8443947	-0.0058878669
422.912	0.0096361259	-5.8445788	-0.005051245
423.04	0.0095467914	-5.844362	-0.0044542222
423.168	0.0095531337	-5.8444798	-0.0054741282
423.296	0.0093070911	-5.8443096	-0.0058914192
423.424	0.009328228	-5.8442277	-0.0061318965
423.552	0.0093115157	-5.8444841	-0.0049996709
423.68	0.0089458128	-5.8443416	-0.0050748322
423.808	0.0089992963	-5.8444377	-0.0071610811
423.936	0.0090924715	-5.8448297	-0.0076099349
424.064	0.0088509856	-5.8446658	-0.0082560296
424.192	0.0088995219	-5.845166	-0.0084878192
424.32	0.0087548934	-5.8450447	-0.0080375
424.448	0.0085978546	-5.8448301	-0.0076347162
424.576	0.0086072205	-5.8453053	-0.0066735326
424.704	0.0085112296	-5.8451429	-0.0075746607
424.832	0.0084514108	-5.8452062	-0.0085006947
424.96	0.0083530047	-5.845047	-0.0082956862
425.088	0.0083252875	-5.8452336	-0.00852009
425.216	0.0083021723	-5.8454008	-0.0095388674
425.344	0.0084378955	-5.8456197	-0.010568358
425.472	0.0083740362	-5.845412	-0.010540782
425.6	0.0082304468	-5.8453749	-0.0093753086
425.728	0.0083392402	-5.8456518	-0.0084727829
425.856	0.0084574965	-5.8455599	-0.0084789716
425.984	0.0084112052	-5.8453647	-0.0080989828
426.112	0.0084807893	-5.8454979	-0.0090042878
426.24	0.0084959749	-5.8452165	-0.0079192853
426.368	0.0084997129	-5.8452761	-0.0084468419
426.496	0.0086697967	-5.845132	-0.0080867271
426.624	0.0086685369	-5.8451396	-0.0057973057
426.752	0.0086950099	-5.8449459	-0.0070786505
426.88	0.0088092845	-5.8449561	-0.0066609078
427.008	0.0089064352	-5.8449511	-0.0053444926
427.136	0.0091738737	-5.8450102	-0.0075967983
427.264	0.0090789569	-5.8445801	-0.0084931597
427.392	0.009182149	-5.8446382	-0.0072927666
427.52	0.0091531336	-5.8445362	-0.006681043
427.648	0.0093553319	-5.8445022	-0.0073709944
427.776	0.009328442	-5.8444277	-0.0057462177
427.904	0.009638063	-5.8444628	-0.0059482146
428.032	0.0093228918	-5.8441178	-0.0048597661
428.16	0.0094371432	-5.8440564	-0.0049591973
428.288	0.0096938452	-5.8442943	-0.0059721898
428.416	0.0097053662	-5.8442171	-0.0062856965
428.544	0.0096645464	-5.8440283	-0.0056972261
428.672	0.0097395506	-5.8439564	-0.0046150892
428.8	0.0096564341	-5.8439429	-0.0055150705
428.928	0.0095665247	-5.8436153	-0.0062895081
429.056	0.0097063259	-5.8438497	-0.0049676505
429.184	0.009594092	-5.8440027	-0.0057362116
429.312	0.0095002586	-5.8443864	-0.0034982813
429.44	0.0095716547	-5.8444836	-0.0036891334
429.568	0.0093765768	-5.8445302	-0.0045925824
429.696	0.0093265815	-5.8444456	-0.0050428016
429.824	0.0092246709	-5.8444541	-0.0065058318
429.952	0.0091388927	-5.8444832	-0.0050552892
430.08	0.0091763386	-5.844647	-0.0066873415
430.208	0.0090471203	-5.8447038	-0.0070171652
430.336	0.0088136704	-5.8447449	-0.0073212087
430.464	0.0088091217	-5.8448226	-0.0094655683
430.592	0.0086653722	-5.8448425	-0.0086095573
430.72	0.0087115636	-5.8452564	-0.0096280607
430.848	0.0086421437	-5.8453065	-0.0093247131
430.976	0.0083931135	-5.845196	-0.0078057969
431.104	0.0086666405	-5.8454565	-0.0087540152
431.232	0.0084981745	-5.8453321	-0.0090648773
431.36	0.0083219779	-5.8452563	-0.008372526
431.488	0.0085160999	-5.8456632	-0.0085212598
431.616	0.008221776	-5.8455036	-0.0067714393
431.744	0.0083473608	-5.8455653	-0.0091399613
431.872	0.0083901287	-5.845413	-0.0095498879
432	0.0084445603	-5.8455048	-0.0089185157
432.128	0.0084522957	-5.8453738	-0.0087991927
432.256	0.008450161	-5.8455045	-0.0081486144
432.384	0.0084384096	-5.8454409	-0.0062337726
432.512	0.0083696845	-5.845414	-0.0076941496
432.64	0.0085616242	-5.8451142	-0.0088320314
432.768	0.0086955642	-5.8451811	-0.0089016383
432.896	0.0086171279	-5.8451442	-0.0081280027
433.024	0.008823258	-5.8450392	-0.0068487556
433.152	0.0087074277	-5.8447504	-0.007093549
433.28	0.0088870905	-5.8448663	-0.0074827375
433.408	0.0088891943	-5.84461	-0.0062912146
433.536	0.0090996282	-5.8446123	-0.0070181686
433.664	0.0090842069	-5.844625	-0.0065696954
433.792	0.0091334332	-5.8443531	-0.0069670817
433.92	0.0092867848	-5.8445177	-0.006044311
434.048	0.0093366929	-5.8444726	-0.0041063574
434.176	0.009452032	-5.8443788	-0.0063920223
434.304	0.0097023138	-5.8442751	-0.0064897656
434.432	0.009501442	-5.8442305	-0.0043227881
434.56	0.0096257597	-5.8442972	-0.0046149618
434.688	0.0097557	-5.8442562	-0.0046364196
434.816	0.0096120494	-5.8438079	-0.0062643891
434.944	0.009625284	-5.8440746	-0.0050364479
435.072	0.0097392133	-5.8444222	-0.0052213542
435.2	0.0097483043	-5.8442065	-0.0045982987
435.328	0.0094961162	-5.8440989	-0.0056690915
435.456	0.0096619279	-5.8442689	-0.0052630307
435.584	0.0095274324	-5.8443324	-0.0052221902
435.712	0.0094676521	-5.8439998	-0.0054772578
435.84	0.0093875181	-5.8440764	-0.0062880898
435.968	0.0094747167	-5.8445492	-0.0070402158
436.096	0.0093363406	-5.844498	-0.0060162797
436.224	0.0092150116	-5.8445092	-0.0081566602
436.352	0.0090140215	-5.8444044	-0.0077668831
436.48	0.0091206607	-5.8448128	-0.0077198002
436.608	0.0089282479	-5.8446331	-0.0072716783
436.736	0.0088096559	-5.8448588	-0.0061592015
436.864	0.0086267339	-5.8448797	-0.0072651849
436.992	0.0088092684	-5.8451702	-0.0092983927
437.12	0.0085445027	-5.8451077	-0.0084527619
437.248	0.0085559057	-5.8452645	-0.0084198235
437.376	0.008537503	-5.8456797	-0.0086837505
437.504	0.0085444034	-5.8456397	-0.0090058904
437.632	0.0082068603	-5.845213	-0.0056965585
437.76	0.0083628645	-5.8454163	-0.0072840074
437.888	0.0084646569	-5.8453368	-0.0085841553
438.016	0.0083790543	-5.8454751	-0.0086153854
438.144	0.0084281635	-5.845469	-0.0098236679
438.272	0.0082596583	-5.8454039	-0.0088787678
438.4	0.0083618635	-5.8455137	-0.0092520952
438.528	0.0084899133	-5.8455926	-0.0090524347
438.656	0.00852676	-5.8453546	-0.0076468304
438.784	0.0084889065	-5.8454198	-0.0085240767
438.912	0.0084124098	-5.8452083	-0.0085458888
439.04	0.0086502329	-5.8454138	-0.0069471406
439.168	0.0087415786	-5.8453606	-0.0072303628
439.296	0.0084492618	-5.8447772	-0.0067410203
439.424	0.0089281934	-5.8452034	-0.0087054689
439.552	0.0089394724	-5.8449914	-0.0085638535
439.68	0.0089182294	-5.8445991	-0.008639753
439.808	0.0090477072	-5.8449108	-0.0085502676
439.936	0.0091624976	-5.8447778	-0.0081094959
440.064	0.0093332537	-5.8447949	-0.0063606499
440.192	0.009218363	-5.8442786	-0.0065643381
440.32	0.0094672538	-5.8443529	-0.0082413455
440.448	0.0092705607	-5.8442162	-0.0065787278
440.576	0.0094995193	-5.8444058	-0.0042479364
440.704	0.0095674596	-5.8442214	-0.0043833301
440.832	0.0095345559	-5.8441569	-0.00453306
440.96	0.0096897464	-5.844136	-0.0042817544
441.088	0.0096348217	-5.8440776	-0.0050765679
441.216	0.0095930393	-5.8438392	-0.0048139965
441.344	0.0097071443	-5.8439695	-0.0063641622
441.472	0.0096403171	-5.8439973	-0.0063110116
441.6	0.0097648551	-5.8440627	-0.0061745211
441.728	0.009617004	-5.84423	-0.0060205178
441.856	0.0094307669	-5.8441714	-0.0059820577
441.984	0.009628746	-5.8445179	-0.0044774786
442.112	0.0094006657	-5.8443988	-0.004689125
442.24	0.0094385418	-5.8444781	-0.0067275388
442.368	0.0092970136	-5.8444932	-0.0057277198
442.496	0.0092347146	-5.8444395	-0.004717767
442.624	0.0090246908	-5.8444881	-0.0059776045
442.752	0.009093747	-5.8448889	-0.0074223177
442.88	0.0088959634	-5.8444061	-0.0069990415
443.008	0.0090385754	-5.8448405	-0.0082653641
443.136	0.008700137	-5.8447827	-0.0074135158
443.264	0.0085876232	-5.8448275	-0.0054787605
443.392	0.0086312284	-5.8451416	-0.0064730278
443.52	0.0085785571	-5.8452309	-0.0081129065
443.648	0.0085989865	-5.8454405	-0.0092267077
443.776	0.0084249747	-5.8452608	-0.0076619
443.904	0.0083778184	-5.8455384	-0.0074280057
444.032	0.0084957314	-5.8456933	-0.0096681351
444.16	0.0083401232	-5.8452144	-0.0089260996
444.288	0.0082706935	-5.8453046	-0.0094295272
444.416	0.0083102348	-5.8453071	-0.010662409
444.544	0.0084390499	-5.8453936	-0.0095815731
444.672	0.0083185639	-5.8453567	-0.0090880858
444.8	0.008546118	-5.8453913	-0.0099515402
444.928	0.0082993001	-5.8451862	-0.0077223075
445.056	0.0085893904	-5.8451871	-0.0077756425
445.184	0.008393183	-5.8449939	-0.0075591821
445.312	0.0085634155	-5.8450681	-0.009123283
445.44	0.0086597825	-5.8449264	-0.008554513
445.568	0.0087064713	-5.8451281	-0.0078508624
445.696	0.0087513981	-5.8450715	-0.0096321974
445.824	0.0088483143	-5.8449625	-0.0071921632
445.952	0.0090918737	-5.8450291	-0.0075712743
446.08	0.0090735686	-5.8448701	-0.00707809
446.208	0.0090528901	-5.8448373	-0.0042501011
446.336	0.0092264424	-5.8448053	-0.0047722715
446.464	0.0093317019	-5.844682	-0.0057243538
446.592	0.0093195952	-5.8443161	-0.0068511057
446.72	0.0093426581	-5.8440926	-0.0061385349
446.848	0.0094418976	-5.8441134	-0.0044116078
446.976	0.0095357148	-5.8444221	-0.0047094191
447.104	0.0097338417	-5.8443098	-0.0057861302
447.232	0.0096591322	-5.8441696	-0.0054577785
447.36	0.0095752026	-5.8442718	-0.0050907493
447.488	0.0096817686	-5.8442171	-0.0066906767
447.616	0.0097071338	-5.8442868	-0.00732058
447.744	0.0096078616	-5.8442373	-0.0062252862
447.872	0.0095889007	-5.8440019	-0.0034399549
448	0.0096739053	-5.8441005	-0.0067748949
448.128	0.0094849222	-5.8440863	-0.0068909055
448.256	0.0094431587	-5.8441982	-0.0067266181
448.384	0.0096117644	-5.8444756	-0.0064605122
448.512	0.009277094	-5.8443913	-0.0045020456
448.64	0.0093795818	-5.8446507	-0.0047861974
448.768	0.0091803904	-5.8445957	-0.0045971523
448.896	0.0091713393	-5.8446326	-0.005499846
449.024	0.0090964202	-5.8447491	-0.0063441997
449.152	0.0090103083	-5.8448955	-0.0062441767
449.28	0.0089135781	-5.8450276	-0.0070538342
449.408	0.0087555093	-5.8449005	-0.0086582119
449.536	0.0086717541	-5.8450031	-0.0079827653
449.664	0.0086384509	-5.8449659	-0.0094549583
449.792	0.0085634275	-5.8450551	-0.009025898
449.92	0.0084744435	-5.8451016	-0.0082965895
450.048	0.0084122316	-5.8451092	-0.0088095928
450.176	0.0084381515	-5.8453557	-0.010099082
450.304	0.0084466325	-5.8453522	-0.0099887805
450.432	0.0085270184	-5.8454089	-0.0079194461
450.56	0.0083777836	-5.8454538	-0.008379493
450.688	0.0082619759	-5.8453178	-0.0086188577
450.816	0.0083446533	-5.845535	-0.0078258216
450.944	0.0083758109	-5.8452757	-0.0088156489
451.072	0.008566597	-5.8454691	-0.0086742238
451.2	0.0083103009	-5.8451896	-0.0084457276
451.328	0.0084688745	-5.845459	-0.0091684883
451.456	0.0084307123	-5.8454649	-0.0068738951
451.584	0.0086449002	-5.8455067	-0.0088315533
451.712	0.0087666163	-5.845311	-0.01158248
451.84	0.0086229261	-5.8449384	-0.009015283
451.968	0.0087300302	-5.8447843	-0.0074897646
452.096	0.0087785039	-5.8450156	-0.0067483279
452.224	0.0089475757	-5.8448155	-0.0075042403
452.352	0.0090863969	-5.8447627	-0.0078990395
452.48	0.0090997628	-5.8444805	-0.0078272365
452.608	0.0092950809	-5.8446479	-0.0064381711
452.736	0.0092333998	-5.8445457	-0.0049432358
452.864	0.0093979439	-5.8444529	-0.004204639
452.992	0.0093374893	-5.8443738	-0.0039622739
453.12	0.009560987	-5.8445451	-0.0039663994
453.248	0.0093012941	-5.8441264	-0.0033611298
453.376	0.0094119247	-5.8441734	-0.0057306402
453.504	0.0096911666	-5.8444147	-0.0040974703
453.632	0.0097652771	-5.8444409	-0.0054525239
453.76	0.009652344	-5.8443095	-0.0064044874
453.888	0.0095704553	-5.8440617	-0.0040718887
454.016	0.0097582322	-5.8440916	-0.0062809817
454.144	0.009541652	-5.8440118	-0.0044181715
454.272	0.0097357157	-5.8444855	-0.0062716901
454.4	0.0096028398	-5.8444819	-0.0084144824
454.528	0.0094947583	-5.8441572	-0.0063662287
454.656	0.0094147313	-5.8440197	-0.0043112738
454.784	0.0094739957	-5.8444725	-0.0054373247
454.912	0.0092632364	-5.8445379	-0.0060588196
455.04	0.0092168406	-5.8444047	-0.0050708706
455.168	0.0092244344	-5.8447612	-0.0066819315
455.296	0.0091111706	-5.8448645	-0.0071092942
455.424	0.0090580128	-5.8448377	-0.0080102184
455.552	0.0088715815	-5.8446677	-0.0072069556
455.68	0.0088965185	-5.8447625	-0.0076005661
455.808	0.0086267374	-5.8448056	-0.0072512351
455.936	0.00851726	-5.8448595	-0.0069355683
456.064	0.0087546701	-5.8454197	-0.0093955218
456.192	0.0085801494	-5.8453764	-0.008222557
456.32	0.0085061008	-5.8453124	-0.0090857929
456.448	0.00843067	-5.8454963	-0.0090266357
456.576	0.008536543	-5.845486	-0.010897627
456.704	0.0082035582	-5.8453954	-0.01050578
456.832	0.008309382	-5.8453507	-0.0070554224
456.96	0.0084088338	-5.845615	-0.0079015055
457.088	0.0085255565	-5.8457432	-0.010654667
457.216	0.0082291489	-5.8453291	-0.0086517699
457.344	0.0083502261	-5.845441	-0.0086920908
457.472	0.0083253316	-5.8451272	-0.008741794
457.6	0.0085668376	-5.845562	-0.0095112168
457.728	0.0084764431	-5.8451993	-0.0082246165
457.856	0.0086316636	-5.8453037	-0.0076276554
457.984	0.008674135	-5.8451987	-0.0058371488
458.112	0.008714961	-5.8450506	-0.0053281174
458.24	0.0087007234	-5.8451311	-0.0074106927
458.368	0.0089504695	-5.8450113	-0.007557041
458.496	0.0089466974	-5.844881	-0.0078993473
458.624	0.0089891055	-5.8446485	-0.0082679254
458.752	0.0091130241	-5.8448081	-0.0063893815
458.88	0.0090656291	-5.8445894	-0.0056350708
459.008	0.009331345	-5.8445983	-0.0067698042
459.136	0.0093530107	-5.8445152	-0.0050004038
459.264	0.0093452628	-5.844279	-0.0060109506
459.392	0.0094651187	-5.8442748	-0.0063529153
459.52	0.0094734543	-5.8443205	-0.0067986025
459.648	0.0096308768	-5.8440851	-0.0050248388
459.776	0.0094718448	-5.8439293	-0.0029847445
459.904	0.0097570705	-5.8444099	-0.0070348098
460.032	0.0096549105	-5.844291	-0.0088584458
460.16	0.0096609621	-5.8443475	-0.0068674945
460.288	0.00957669	-5.8441412	-0.0066344722
460.416	0.0096143616	-5.8437967	-0.0048228986
460.544	0.0096758843	-5.84417	-0.0058515134
460.672	0.0095677225	-5.8441703	-0.0064021157
460.8	0.009604031	-5.844293	-0.0051224692
460.928	0.0094941999	-5.844104	-0.006420929
461.056	0.0093193719	-5.8441076	-0.0037367625
461.184	0.0093385922	-5.8444421	-0.0044166688
461.312	0.0093964072	-5.8446311	-0.0061421502
461.44	0.0090362508	-5.8441713	-0.0055877887
461.568	0.0091280775	-5.8444093	-0.0048899565
461.696	0.0089880863	-5.8445193	-0.0059743543
461.824	0.0090241252	-5.8450958	-0.0065407095
461.952	0.008878241	-5.8451402	-0.0074482539
462.08	0.0087673996	-5.8449622	-0.010024791
462.208	0.0085678309	-5.8448851	-0.0097556535
462.336	0.0085507258	-5.8450196	-0.0080878555
462.464	0.0086453811	-5.8453473	-0.0080803368
462.592	0.0084682629	-5.8454128	-0.010238057
462.72	0.0083527917	-5.8452852	-0.0084869803
462.848	0.0085222243	-5.8456052	-0.0072873987
462.976	0.0083687071	-5.8455902	-0.0083643298
463.104	0.0084510417	-5.8454389	-0.0070946038
463.232	0.0082930604	-5.8453178	-0.0085414698
463.36	0.0083956281	-5.845483	-0.0095663081
463.488	0.0082988445	-5.8453228	-0.0091903949
463.616	0.008360737	-5.8455156	-0.0094212462
463.744	0.0084327331	-5.8453319	-0.0080918997
463.872	0.0083688879	-5.8452875	-0.0088899204
464	0.0084763212	-5.8452843	-0.0098631104
464.128	0.0085340477	-5.8453026	-0.0065465514
464.256	0.008695249	-5.8453714	-0.0081165731
464.384	0.0086526854	-5.8452628	-0.0079661879
464.512	0.0087308203	-5.8449726	-0.005958256
464.64	0.0087726709	-5.8450013	-0.007729249
464.768	0.0089030937	-5.8448917	-0.0063630072
464.896	0.0090028855	-5.8449314	-0.0070842992
465.024	0.0091416138	-5.8450575	-0.0077084719
465.152	0.0091742223	-5.84489	-0.0055235555
465.28	0.0091832511	-5.8446233	-0.0051903392
465.408	0.0093980245	-5.8446023	-0.0060740419
465.536	0.0094218599	-5.8444279	-0.0072292597
465.664	0.0093330423	-5.8441035	-0.0065863828
465.792	0.0095029526	-5.8439639	-0.0043620566
465.92	0.0095614727	-5.8439966	-0.0031099944
466.048	0.0095511589	-5.8439619	-0.0048831996
466.176	0.0097399911	-5.8440574	-0.0073870558
466.304	0.0096257748	-5.8439796	-0.0056636836
466.432	0.0097063181	-5.8438862	-0.0058342909
466.56	0.0097925691	-5.844208	-0.0064429027
466.688	0.0095415114	-5.8441291	-0.0042286189
466.816	0.0096262429	-5.8443482	-0.0038057435
466.944	0.009766224	-5.8443319	-0.0065567542
467.072	0.0095352614	-5.8442974	-0.0053517861
467.2	0.0095709406	-5.8446487	-0.004475239
467.328	0.0094275002	-5.8444951	-0.0028110776
467.456	0.0094519127	-5.8446702	-0.0056222601
467.584	0.009166176	-5.8442579	-0.0064789072
467.712	0.0092611193	-5.8447163	-0.0064746129
467.84	0.0092123598	-5.8446496	-0.0078376565
467.968	0.0089634623	-5.8444663	-0.0065083412
468.096	0.0089281967	-5.8447412	-0.0068888562
468.224	0.0088171216	-5.8447525	-0.007902678
468.352	0.0088216202	-5.8449613	-0.0090713549
468.48	0.008689338	-5.8452159	-0.0075638869
468.608	0.008579089	-5.8451215	-0.0074845664
468.736	0.0085947824	-5.8453327	-0.010040375
468.864	0.0085770777	-5.8452348	-0.0087741953
468.992	0.0084428435	-5.8451693	-0.0074310008
469.12	0.0083257517	-5.8453725	-0.0084257205
469.248	0.0083428495	-5.8453054	-0.0090247518
469.376	0.0083686045	-5.8451589	-0.0084722274
469.504	0.0083420527	-5.8452792	-0.0082593485
469.632	0.0085267324	-5.8453994	-0.010632083
469.76	0.0083027292	-5.845117	-0.01055542
469.888	0.0084083758	-5.8454744	-0.0084789945
470.016	0.0083828645	-5.8454166	-0.0095516013
470.144	0.0084542425	-5.8452938	-0.0086444741
470.272	0.008434337	-5.845151	-0.0081400072
470.4	0.0085554581	-5.845299	-0.0097127534
470.528	0.008481474	-5.8451898	-0.0065967661
470.656	0.008585606	-5.8450807	-0.0052111573
470.784	0.0088403387	-5.8453617	-0.008362555
470.912	0.0087129713	-5.8451261	-0.0077108687
471.04	0.0087919738	-5.8449922	-0.0081453037
471.168	0.0090604459	-5.845127	-0.0077417751
471.296	0.0090367246	-5.8447544	-0.0056911256
471.424	0.0092475541	-5.8446616	-0.0064838412
471.552	0.0093258774	-5.8446943	-0.0084725981
471.68	0.0092643093	-5.8444815	-0.0076830087
471.808	0.0093460973	-5.8442264	-0.005398921
471.936	0.009575611	-5.8444324	-0.0055551177
472.064	0.0095802247	-5.8443819	-0.0055401205
472.192	0.009498197	-5.8442174	-0.0041326894
472.32	0.0096874104	-5.8443887	-0.0048720178
472.448	0.009583788	-5.8440965	-0.005397961
472.576	0.0097806643	-5.8441438	-0.0054852625
472.704	0.009544862	-5.8439001	-0.0057510786
472.832	0.009608835	-5.8440846	-0.0052888843
472.96	0.0095744972	-5.843933	-0.0052499167
473.088	0.0097025398	-5.8440405	-0.0063452707
473.216	0.0096460382	-5.8439667	-0.0047767078
473.344	0.0095613389	-5.8439431	-0.0046665688
473.472	0.0095574848	-5.8439899	-0.0068243064
473.6	0.0093824608	-5.8440601	-0.0059291597
473.728	0.0093408696	-5.8442683	-0.0057582129
473.856	0.0094223847	-5.8447542	-0.0067297235
473.984	0.0092290771	-5.8447249	-0.0067672186
474.112	0.0092038336	-5.8448074	-0.007212721
474.24	0.0089360312	-5.8447847	-0.0080632138
474.368	0.0088144294	-5.8446559	-0.0073837482
474.496	0.0089392699	-5.8452063	-0.007812032
474.624	0.0089800317	-5.84506	-0.0092759872
474.752	0.0086255767	-5.8449399	-0.0074430564
474.88	0.0087140567	-5.8454507	-0.0086885478
475.008	0.0086851731	-5.8456414	-0.0082831857
475.136	0.0084881992	-5.8452933	-0.0087542961
475.264	0.0084584538	-5.8452767	-0.0087478899
475.392	0.0084528047	-5.8453552	-0.0079105186
475.52	0.0084901765	-5.8454764	-0.0087282267
475.648	0.0082981766	-5.8452344	-0.0075177814
475.776	0.0083355387	-5.845495	-0.0075521282
475.904	0.0084682433	-5.84546	-0.010782166
476.032	0.0082755282	-5.8451662	-0.0097903179
476.16	0.0082426657	-5.8450865	-0.007941825
476.288	0.0085742289	-5.8455409	-0.0090129438
476.416	0.0083600082	-5.8452849	-0.0097224389
476.544	0.0083782472	-5.8449546	-0.0081924594
476.672	0.0084522856	-5.8450628	-0.0072703348
476.8	0.0086298679	-5.8454062	-0.0074214475
476.928	0.008750204	-5.8451019	-0.0092734905
477.056	0.0087168948	-5.8450265	-0.0087328211
477.184	0.0087624144	-5.8448916	-0.0061875385
477.312	0.0088868637	-5.8449332	-0.0061083131
477.44	0.0090241078	-5.8450176	-0.0075747881
477.568	0.0089923167	-5.8448562	-0.0062159805
477.696	0.0090410065	-5.8444889	-0.0061702418
477.824	0.0093478854	-5.8446947	-0.0080000567
477.952	0.0092058492	-5.8445926	-0.0057015796
478.08	0.0093183316	-5.8445158	-0.0040845656
478.208	0.0094952357	-5.8444075	-0.0051897514
478.336	0.0095107585	-5.8441489	-0.006439
478.464	0.0095438579	-5.8441696	-0.006594314
478.592	0.0095358845	-5.8439816	-0.0048531669
478.72	0.0096370247	-5.8438436	-0.003992806
478.848	0.0096688661	-5.8441453	-0.0055440876
478.976	0.0096621188	-5.8442271	-0.0056925508
479.104	0.0097180627	-5.8443627	-0.0053600693
479.232	0.0095629447	-5.8440197	-0.0045425427
479.36	0.0097460426	-5.8443713	-0.0079474997
479.488	0.0095160384	-5.8441295	-0.0068124524
479.616	0.0095395276	-5.844187	-0.0052620674
479.744	0.0095121308	-5.8443104	-0.0061337637
479.872	0.0094837409	-5.8443803	-0.0046318434
480	0.0094242954	-5.8443139	-0.0043187649
480.128	0.0093346801	-5.8443536	-0.0065527928
480.256	0.0094296933	-5.8446693	-0.0080739731
480.384	0.0090454205	-5.8446157	-0.0050889473
480.512	0.0091139722	-5.8448311	-0.005842033
480.64	0.0089547565	-5.8448437	-0.007427689
480.768	0.0089798516	-5.8447446	-0.0077093416
480.896	0.0087009951	-5.8448343	-0.0079610341
481.024	0.0087050193	-5.8449631	-0.0083964658
481.152	0.0087293522	-5.8450046	-0.0095789632
481.28	0.0085013832	-5.8449541	-0.009723237
481.408	0.0084459337	-5.8450692	-0.0077743635
481.536	0.0084410361	-5.845414	-0.0075818483
481.664	0.0084370215	-5.8455121	-0.0076195912
481.792	0.008459812	-5.8453873	-0.0072646662
481.92	0.0084275684	-5.8453429	-0.0087751995
482.048	0.0083329754	-5.8453421	-0.0090008037
482.176	0.0084173699	-5.845496	-0.0077222783
482.304	0.0082400527	-5.8453978	-0.008863447
482.432	0.0084579199	-5.8456465	-0.010879299
482.56	0.0083564093	-5.8453353	-0.0095797584
482.688	0.0083734773	-5.845101	-0.0099186627
482.816	0.0084378162	-5.8454954	-0.0097562081
482.944	0.0085448103	-5.8454353	-0.0095556084
483.072	0.0085587535	-5.8451225	-0.0078304451
483.2	0.0085627906	-5.8448468	-0.0059505484
483.328	0.0087280095	-5.8450104	-0.0076724638
483.456	0.0088097816	-5.8450645	-0.0074934896
483.584	0.0088611804	-5.845059	-0.0071430406
483.712	0.009012932	-5.8450771	-0.0076262986
483.84	0.0090714406	-5.8448391	-0.0063345982
483.968	0.0090484251	-5.8446516	-0.004688423
484.096	0.0089828195	-5.8445326	-0.0044610794
484.224	0.0093883108	-5.8444479	-0.0061891432
484.352	0.0093901377	-5.8443085	-0.0069841394
484.48	0.0094158468	-5.8441682	-0.0078068528
484.608	0.0093972946	-5.8442488	-0.0061114852
484.736	0.0095872193	-5.8442929	-0.0059694669
484.864	0.0095558123	-5.8441802	-0.0066223378
484.992	0.0094937323	-5.8438138	-0.0064693127
485.12	0.0096506939	-5.8438904	-0.006945283
485.248	0.0096481422	-5.8438758	-0.0040431781
485.376	0.0097037871	-5.8438536	-0.0043618167
485.504	0.0097646696	-5.8440789	-0.0061988968
485.632	0.0095636146	-5.8438665	-0.0038862966
485.76	0.0096768422	-5.8442526	-0.0045167984
485.888	0.0096630034	-5.8441537	-0.003725574
486.016	0.0094124502	-5.8439738	-0.0044425351
486.144	0.0095093467	-5.8443377	-0.0066236227
486.272	0.0093441825	-5.8441972	-0.0053245099
486.4	0.0093225441	-5.8444351	-0.0045611038
486.528	0.0094164735	-5.8448093	-0.0058730265
486.656	0.0090732725	-5.8444737	-0.0081010274
486.784	0.0090164086	-5.8445123	-0.0071734275
486.912	0.0089527692	-5.8447958	-0.0069806884
487.04	0.0089500382	-5.8448184	-0.0095782958
487.168	0.0089912485	-5.8451543	-0.010062427
487.296	0.0086473814	-5.8451262	-0.0087528867
487.424	0.0085353931	-5.8448283	-0.0072483485
487.552	0.0086533777	-5.8453247	-0.0077848989
487.68	0.0086213204	-5.8454584	-0.0078685945
487.808	0.0084447704	-5.8453535	-0.0095016948
487.936	0.0084598977	-5.8453973	-0.0090328091
488.064	0.0083096211	-5.8454248	-0.0065912477
488.192	0.0084755384	-5.8456465	-0.007498268
488.32	0.0082019462	-5.8454678	-0.0074659581
488.448	0.0083554552	-5.8455367	-0.0099899637
488.576	0.0083936332	-5.8456248	-0.0094413682
488.704	0.0083687369	-5.8453804	-0.0075584526
488.832	0.0083548581	-5.8452948	-0.0099696874
488.96	0.008315512	-5.8451647	-0.0083876253
489.088	0.0083973066	-5.8451876	-0.0073761152
489.216	0.0086052835	-5.845299	-0.0069801989
489.344	0.0086090788	-5.8453868	-0.0068303365
489.472	0.0086741499	-5.845416	-0.0078494219
489.6	0.0086867044	-5.845109	-0.0075249682
489.728	0.0088297684	-5.8449683	-0.0095119418
489.856	0.0087591554	-5.8446002	-0.0058530678
489.984	0.0089619055	-5.8449468	-0.0049728855
490.112	0.0089548849	-5.8447348	-0.0074163983
490.24	0.0091513156	-5.8445827	-0.0085465212
490.368	0.0091676689	-5.8445252	-0.006053034
490.496	0.0092177931	-5.8442065	-0.0052415834
490.624	0.0094115098	-5.844618	-0.0070512535
490.752	0.0094653105	-5.8443491	-0.0074854958
490.88	0.0092568201	-5.8442347	-0.0059242758
491.008	0.0096164907	-5.8443738	-0.0066394346
491.136	0.0094639695	-5.8440425	-0.0054656431
491.264	0.0097465701	-5.8440941	-0.0035317313
491.392	0.0095644518	-5.8440296	-0.0043899546
491.52	0.0096224747	-5.8441203	-0.0039167812
491.648	0.009618885	-5.8438935	-0.0040041989
491.776	0.0097701973	-5.8441011	-0.0081301398
491.904	0.0096531737	-5.8440566	-0.0061249802
492.032	0.009541181	-5.8439844	-0.002621038
492.16	0.0096567579	-5.8444339	-0.0057458603
492.288	0.0096050382	-5.8443385	-0.0071148656
492.416	0.0093223783	-5.844242	-0.0064089753
492.544	0.0095165853	-5.84448	-0.0072749591
492.672	0.0093348899	-5.8445223	-0.0050311702
492.8	0.009171619	-5.8444252	-0.0054518495
492.928	0.009262721	-5.8447752	-0.0076860901
493.056	0.0091721584	-5.8448796	-0.0073926499
493.184	0.0091319937	-5.844895	-0.010986675
493.312	0.0087419309	-5.8447538	-0.0099960814
493.44	0.0087770813	-5.8448817	-0.0065214955
493.568	0.0088341732	-5.8450082	-0.0079430899
493.696	0.0087461508	-5.8452158	-0.0082110579
493.824	0.0084378476	-5.8449271	-0.0084469378
493.952	0.008634218	-5.8452973	-0.009724331
494.08	0.0084689212	-5.8451381	-0.0065714714
494.208	0.0085059585	-5.8453937	-0.0077121284
494.336	0.008423035	-5.8455417	-0.0080052808
494.464	0.0083302377	-5.8455591	-0.0082559751
494.592	0.0083743116	-5.8453968	-0.0085268762
494.72	0.0084607927	-5.8454858	-0.010380887
494.848	0.0082869401	-5.8454367	-0.0098525212
494.976	0.0083689695	-5.8455723	-0.00917085
495.104	0.0083973057	-5.8455643	-0.011163321
495.232	0.0084942597	-5.8456058	-0.0087529098
495.36	0.0084132894	-5.8453864	-0.0078677211
495.488	0.0085403681	-5.8456174	-0.008149728
495.616	0.0084448562	-5.8452536	-0.0064506619
495.744	0.0086196421	-5.8451923	-0.0073972025
495.872	0.0089189759	-5.8452512	-0.0087335671
496	0.008740636	-5.845121	-0.0062936894
496.128	0.0087413827	-5.8450098	-0.0071084608
496.256	0.0087723195	-5.8448265	-0.0062780105
496.384	0.0090987177	-5.8450321	-0.0059448561
496.512	0.0090212017	-5.844698	-0.0082823052
496.64	0.0090300262	-5.8443603	-0.0078922782
496.768	0.0093724719	-5.8448832	-0.0072648649
496.896	0.0094410023	-5.8446752	-0.0062040937
497.024	0.0092256567	-5.8443909	-0.0038174029
497.152	0.0093761606	-5.844349	-0.0054592181
497.28	0.009630703	-5.8443341	-0.0047727762
497.408	0.0095306559	-5.8441164	-0.0049695414
497.536	0.0095246305	-5.8438551	-0.004222554
497.664	0.0096723292	-5.8440333	-0.0040213014
497.792	0.0096057273	-5.8438807	-0.0063070428
497.92	0.0095541282	-5.8439706	-0.0052472454
498.048	0.0097163913	-5.8442563	-0.0055458357
498.176	0.0095902732	-5.8443024	-0.0048920349
498.304	0.0096241935	-5.8439223	-0.0050002421
498.432	0.0096545358	-5.844201	-0.0058637168
498.56	0.0095403025	-5.8441079	-0.0054092798
498.688	0.0095082057	-5.8443416	-0.0070070949
498.816	0.0093611236	-5.8443761	-0.0066904458
498.944	0.0093521256	-5.8443736	-0.0063167152
499.072	0.0093113187	-5.8444329	-0.0071646248
499.2	0.0091290842	-5.8445659	-0.0061795566
499.328	0.0091985665	-5.8449365	-0.0073305922
499.456	0.0089651799	-5.8446799	-0.0074355041
499.584	0.0090495571	-5.8449974	-0.0077867218
499.712	0.0088457085	-5.845002	-0.0066963325
499.84	0.0087516634	-5.8448599	-0.0065796323
499.968	0.008855133	-5.8451418	-0.005361593
