0	0.029832991	-5.829415	0.019891406
0.128	0.029868418	-5.8292969	0.020939071
0.256	0.029470601	-5.8288666	0.022115554
0.384	0.02963057	-5.8292069	0.020110769
0.512	0.029774651	-5.8293449	0.020991312
0.64	0.029603457	-5.8289442	0.019754942
0.768	0.03028426	-5.8294616	0.016210422
0.896	0.029384704	-5.8286518	0.017900644
1.024	0.029709829	-5.8288066	0.018655987
1.152	0.029521606	-5.8286684	0.021593802
1.28	0.030288716	-5.8293095	0.016568481
1.408	0.030136028	-5.8290014	0.024216203
1.536	0.030251049	-5.8290435	0.021589102
1.664	0.030064903	-5.8288799	0.018746523
1.792	0.030235383	-5.828998	0.020200827
1.92	0.030320219	-5.8286593	0.021639706
2.048	0.030118903	-5.8286215	0.019347085
2.176	0.030388823	-5.8290163	0.018146008
2.304	0.030650716	-5.8292358	0.019775731
2.432	0.030367702	-5.8291468	0.021100566
2.56	0.030268221	-5.8288804	0.022869044
2.688	0.030208139	-5.8286587	0.019548988
2.816	0.03061718	-5.8289739	0.020099168
2.944	0.03035177	-5.8287212	0.020460446
3.072	0.030250305	-5.8286679	0.018052999
3.2	0.030637605	-5.8290158	0.015591251
3.328	0.030577377	-5.8290448	0.01622642
3.456	0.030194059	-5.8289187	0.016988171
3.584	0.030326004	-5.8292023	0.017840282
3.712	0.029855886	-5.8292441	0.023658084
3.84	0.030552448	-5.829615	0.021161161
3.968	0.029407759	-5.8285044	0.022112903
4.096	0.030325894	-5.8294707	0.019875329
4.224	0.029516823	-5.8287941	0.018682071
4.352	0.029982315	-5.8294181	0.017262984
4.48	0.030366452	-5.8298469	0.020548249
4.608	0.029760783	-5.8292801	0.022166483
4.736	0.029915542	-5.8296865	0.020438274
4.864	0.029871225	-5.8299333	0.020861911
4.992	0.029885831	-5.829891	0.017520492
5.12	0.029994445	-5.8298186	0.017074388
5.248	0.029802045	-5.8299484	0.015094603
5.376	0.029552774	-5.8297668	0.015550752
5.504	0.029689806	-5.8297325	0.015618481
5.632	0.029567448	-5.8297508	0.012691057
5.76	0.030371665	-5.8309272	0.010678658
5.888	0.02922208	-5.8296639	0.016044598
6.016	0.029912951	-5.8302219	0.014324617
6.144	0.029858832	-5.8303416	0.0150448
6.272	0.030494068	-5.8311735	0.016089069
6.4	0.029592114	-5.8300097	0.023329156
6.528	0.029878038	-5.8300609	0.017042202
6.656	0.030341723	-5.8305998	0.014041087
6.784	0.02997591	-5.8305899	0.017106034
6.912	0.030284646	-5.8308427	0.015010982
7.04	0.030014259	-5.8304799	0.016255645
7.168	0.029751623	-5.8303746	0.020864067
7.296	0.029863027	-5.8304041	0.015344928
7.424	0.030283104	-5.8306973	0.010405334
7.552	0.030188146	-5.8305395	0.011236375
7.68	0.029432536	-5.8300821	0.012798097
7.808	0.029975879	-5.8304836	0.011254428
7.936	0.030061909	-5.8304458	0.013530503
8.064	0.029406624	-5.8299522	0.016582926
8.192	0.029889848	-5.8305478	0.013847665
8.32	0.030069994	-5.8307543	0.017322259
8.448	0.030031266	-5.8306945	0.019776706
8.576	0.029084891	-5.8296425	0.019031391
8.704	0.030364023	-5.831196	0.012180918
8.832	0.029590506	-5.8304376	0.017737443
8.96	0.029902276	-5.8306519	0.016380296
9.088	0.030047565	-5.8307109	0.013634624
9.216	0.029698268	-5.8303467	0.018984214
9.344	0.029806326	-5.8306882	0.01512674
9.472	0.029877561	-5.8306584	0.012255063
9.6	0.030208135	-5.8310595	0.013740961
9.728	0.029833191	-5.8306396	0.012757876
9.856	0.030201353	-5.8307148	0.013148945
9.984	0.029437045	-5.8298794	0.018427382
10.112	0.030162228	-5.8305968	0.014755941
10.24	0.030146784	-5.8308534	0.014251045
10.368	0.029940352	-5.8308782	0.017843929
10.496	0.02989186	-5.8306086	0.019195605
10.624	0.030352329	-5.8310295	0.01627439
10.752	0.029768557	-5.8305029	0.014827472
10.88	0.030430783	-5.8308344	0.014181142
11.008	0.029473749	-5.829916	0.015345731
11.136	0.030249883	-5.8306568	0.011516797
11.264	0.029712238	-5.8303104	0.013825317
11.392	0.030478185	-5.8310882	0.014542601
11.52	0.029679525	-5.8299199	0.015798817
11.648	0.030474826	-5.8308329	0.012330955
11.776	0.030098596	-5.8305281	0.017989079
11.904	0.029918995	-5.830651	0.017330532
12.032	0.030345432	-5.8310717	0.01701498
12.16	0.030074277	-5.8307897	0.020400517
12.288	0.030767013	-5.8317198	0.017108172
12.416	0.029878408	-5.8308976	0.021404367
12.544	0.030049875	-5.8307665	0.023470532
12.672	0.030295218	-5.8309542	0.016587819
12.8	0.02963481	-5.8300397	0.015240635
12.928	0.030155615	-5.8304227	0.015634419
13.056	0.030093173	-5.8304176	0.014312551
13.184	0.029864981	-5.8305255	0.015546244
13.312	0.030122456	-5.8308269	0.015644586
13.44	0.030004062	-5.8307342	0.014493081
13.568	0.029749203	-5.8305362	0.014884062
13.696	0.030332743	-5.831045	0.011831957
13.824	0.029799604	-5.8306906	0.014020739
13.952	0.030121781	-5.8308672	0.011563454
14.08	0.030319436	-5.8311184	0.010382106
14.208	0.029949063	-5.8304473	0.010976975
14.336	0.029763893	-5.8301143	0.015955287
14.464	0.029705179	-5.8301538	0.016523149
14.592	0.030121676	-5.8312684	0.012258632
14.72	0.029893192	-5.8308786	0.019237663
14.848	0.030041033	-5.8309423	0.016852801
14.976	0.029264065	-5.8302183	0.013824775
15.104	0.029873829	-5.8309334	0.014179101
15.232	0.029851582	-5.8306105	0.016367432
15.36	0.030104979	-5.8308705	0.015642442
15.488	0.029995274	-5.8307862	0.014472774
15.616	0.030167269	-5.8307927	0.012325478
15.744	0.029756645	-5.8306862	0.017436849
15.872	0.030169234	-5.8309436	0.016944964
16	0.030359961	-5.8308559	0.015285029
16.128	0.029890673	-5.83058	0.016353086
16.256	0.029827029	-5.8308644	0.019865122
16.384	0.030293328	-5.8311099	0.014751192
16.512	0.029946649	-5.8305484	0.016483031
16.64	0.030073558	-5.8308558	0.021203339
16.768	0.029846078	-5.830881	0.02030228
16.896	0.030614245	-5.8312633	0.013045261
17.024	0.029658142	-5.8302925	0.018480309
17.152	0.029988752	-5.8307399	0.019690555
17.28	0.030034241	-5.8309015	0.017421799
17.408	0.030011396	-5.8306021	0.01701161
17.536	0.030033276	-5.8306471	0.016567406
17.664	0.029983459	-5.8304375	0.016067577
17.792	0.03001409	-5.8307817	0.014732624
17.92	0.030009009	-5.8307243	0.013792238
18.048	0.029822397	-5.8306694	0.018051758
18.176	0.030367258	-5.8309017	0.015263256
18.304	0.029884074	-5.8307159	0.011249655
18.432	0.02987731	-5.8305166	0.014755669
18.56	0.029702669	-5.8304334	0.017433963
18.688	0.029774562	-5.8304421	0.015538218
18.816	0.030322099	-5.8312172	0.013142126
18.944	0.030233445	-5.8309995	0.01528993
19.072	0.030039145	-5.8308451	0.017420234
19.2	0.029626537	-5.8302874	0.01660057
19.328	0.030097494	-5.8309308	0.017108531
19.456	0.029730161	-5.8306317	0.020593418
19.584	0.030217776	-5.8308571	0.018335322
19.712	0.030037257	-5.8306405	0.015705163
19.84	0.029705807	-5.8305259	0.016088394
19.968	0.029774917	-5.8304493	0.015647444
20.096	0.030180196	-5.8309338	0.016283193
20.224	0.030640176	-5.8313039	0.014789456
20.352	0.029858961	-5.8305868	0.018265887
20.48	0.030133176	-5.8307882	0.014909955
20.608	0.030010447	-5.8307667	0.010821155
20.736	0.02964941	-5.8303378	0.015397373
20.864	0.029884595	-5.8302368	0.015164765
20.992	0.030027463	-5.8305697	0.014574172
21.12	0.030070627	-5.8307497	0.016771305
21.248	0.030072218	-5.8308221	0.014680236
21.376	0.029599778	-5.8305457	0.020399306
21.504	0.029813411	-5.8306514	0.019405006
21.632	0.029972475	-5.8311267	0.015818823
21.76	0.029823467	-5.8306926	0.014553841
21.888	0.029687631	-5.8307537	0.015931087
22.016	0.029563424	-5.8305554	0.01598974
22.144	0.030178632	-5.8310112	0.012069679
22.272	0.030123935	-5.8310499	0.014473135
22.4	0.029962953	-5.8311637	0.017144805
22.528	0.029681041	-5.8306662	0.017857775
22.656	0.03068864	-5.8315559	0.013279496
22.784	0.029962626	-5.8307327	0.013476392
22.912	0.02952323	-5.8299906	0.013152037
23.04	0.030295428	-5.8312785	0.013339238
23.168	0.030056687	-5.8307589	0.017282127
23.296	0.029854649	-5.8310436	0.019992215
23.424	0.030118685	-5.8310197	0.015310695
23.552	0.03050371	-5.831317	0.010605322
23.68	0.029678813	-5.8302762	0.015605054
23.808	0.030667559	-5.8316552	0.012530022
23.936	0.029731244	-5.8305403	0.013708708
24.064	0.030048033	-5.8308138	0.015693752
24.192	0.030072428	-5.8307614	0.016128268
24.32	0.030175026	-5.8309947	0.016442544
24.448	0.02967427	-5.8304108	0.01499514
24.576	0.030183307	-5.8311101	0.015940279
24.704	0.029866266	-5.8307307	0.020278924
24.832	0.029790883	-5.8307021	0.019449899
24.96	0.030391007	-5.8311535	0.018327564
25.088	0.029962482	-5.8307056	0.016572164
25.216	0.03002169	-5.8308451	0.016244261
25.344	0.03041593	-5.8313179	0.01502246
25.472	0.029893904	-5.8309374	0.01754067
25.6	0.030031349	-5.8309794	0.016699708
25.728	0.030036985	-5.8309324	0.015814742
25.856	0.030026802	-5.8308263	0.017913322
25.984	0.029750296	-5.8305977	0.02006067
26.112	0.030439052	-5.8313022	0.015740346
26.24	0.029972159	-5.8308685	0.016328634
26.368	0.029946756	-5.8306358	0.01652499
26.496	0.029222908	-5.8302406	0.018396171
26.624	0.030113141	-5.8312205	0.017160968
26.752	0.029931988	-5.8310661	0.016370918
26.88	0.029807183	-5.8307922	0.018344292
27.008	0.030010041	-5.8312273	0.015055074
27.136	0.029883563	-5.8312281	0.017209072
27.264	0.02975359	-5.8311463	0.016546192
27.392	0.030183359	-5.8314764	0.014563001
27.52	0.029611829	-5.8308657	0.016716803
27.648	0.029543282	-5.830646	0.016454917
27.776	0.029915529	-5.8308647	0.016387738
27.904	0.030182124	-5.8313799	0.015007609
28.032	0.029855196	-5.8310763	0.017389194
28.16	0.03018557	-5.8314726	0.014144343
28.288	0.03040473	-5.8313808	0.013178732
28.416	0.029847638	-5.8309772	0.016257623
28.544	0.030134322	-5.8312361	0.013740944
28.672	0.029706287	-5.8307806	0.015078403
28.8	0.030286591	-5.8312029	0.016318697
28.928	0.0297945	-5.8304693	0.018371785
29.056	0.030808643	-5.8316916	0.014320398
29.184	0.029802668	-5.830551	0.01830211
29.312	0.030440552	-5.8310493	0.015476486
29.44	0.030195038	-5.8311591	0.015415113
29.568	0.029998104	-5.83106	0.017449045
29.696	0.029873651	-5.8309403	0.016920891
29.824	0.029757556	-5.8306365	0.017046321
29.952	0.030141911	-5.8310958	0.016180321
30.08	0.030296479	-5.831375	0.018457757
30.208	0.02956395	-5.8306975	0.020850937
30.336	0.030524805	-5.8312887	0.016252923
30.464	0.030380411	-5.8314784	0.011619155
30.592	0.029564341	-5.8305715	0.012254117
30.72	0.029812657	-5.8310133	0.011900033
30.848	0.030505676	-5.8318579	0.014252607
30.976	0.02934156	-5.830566	0.016830883
31.104	0.029932817	-5.8313009	0.014266987
31.232	0.029556533	-5.8310987	0.016694807
31.36	0.030355533	-5.8317741	0.012832611
31.488	0.029892981	-5.8315628	0.014432875
31.616	0.029626701	-5.8310813	0.016272283
31.744	0.030464583	-5.8315551	0.013353168
31.872	0.029950914	-5.8314773	0.015494435
32	0.03004534	-5.8316425	0.018372732
32.128	0.02985416	-5.8312815	0.017412606
32.256	0.029921123	-5.8313988	0.017722972
32.384	0.030222638	-5.8311805	0.015820833
32.512	0.030051422	-5.8311262	0.014557663
32.64	0.029432138	-5.8308461	0.017184239
32.768	0.030119249	-5.8315173	0.014894512
32.896	0.029961501	-5.8315219	0.011741907
33.024	0.0298237	-5.831058	0.012112374
33.152	0.029837876	-5.8313161	0.012676433
33.28	0.029863049	-5.8311553	0.017056211
33.408	0.029827718	-5.8310319	0.017245991
33.536	0.029739455	-5.8310421	0.017461593
33.664	0.030311836	-5.8315863	0.016260891
33.792	0.029756749	-5.8312309	0.018944687
33.92	0.029784054	-5.8309654	0.019389838
34.048	0.030591462	-5.8316591	0.015641726
34.176	0.029601042	-5.8308309	0.017859448
34.304	0.030737202	-5.8313428	0.015889823
34.432	0.029722949	-5.83064	0.019052273
34.56	0.030037386	-5.831127	0.018001203
34.688	0.030235582	-5.8314086	0.016654926
34.816	0.029769116	-5.8307205	0.018731872
34.944	0.030341787	-5.8313617	0.018885094
35.072	0.030354155	-5.831574	0.014910612
35.2	0.029556246	-5.8309206	0.01837012
35.328	0.030222959	-5.8315871	0.016301636
35.456	0.03026071	-5.8314461	0.014484891
35.584	0.030269814	-5.8314006	0.01385915
35.712	0.030293374	-5.8313915	0.014605976
35.84	0.030213349	-5.8314844	0.01618531
35.968	0.029999765	-5.8313095	0.012334213
36.096	0.029986871	-5.8309529	0.011698164
36.224	0.030241219	-5.8314415	0.0093981723
36.352	0.029520482	-5.8306755	0.014313542
36.48	0.029856183	-5.8309779	0.017121022
36.608	0.03018126	-5.8314419	0.014622518
36.736	0.029870185	-5.8309329	0.014024252
36.864	0.029660496	-5.8306675	0.011473139
36.992	0.02950398	-5.8305576	0.013658091
37.12	0.030295459	-5.8312495	0.016278714
37.248	0.03074468	-5.8319191	0.011958179
37.376	0.029994366	-5.831307	0.013432874
37.504	0.02985803	-5.8314302	0.016891425
37.632	0.02972173	-5.8309724	0.016432954
37.76	0.029762953	-5.8307333	0.012284894
37.888	0.02994039	-5.830754	0.01321188
38.016	0.029599931	-5.830393	0.017513854
38.144	0.030246528	-5.831435	0.017627138
38.272	0.03012155	-5.8315264	0.014905614
38.4	0.030338285	-5.831702	0.014820268
38.528	0.029242151	-5.8307456	0.016043462
38.656	0.029830226	-5.8312632	0.014438277
38.784	0.030057409	-5.8313357	0.019661941
38.912	0.029801681	-5.8309106	0.017034114
39.04	0.030136916	-5.831256	0.01548037
39.168	0.029420005	-5.8308448	0.018835338
39.296	0.030421969	-5.8314583	0.014870862
39.424	0.02937622	-5.8303698	0.016036508
39.552	0.030326328	-5.8316407	0.012408424
39.68	0.030387126	-5.8316128	0.01587189
39.808	0.029931725	-5.8313415	0.017400396
39.936	0.030246258	-5.8314763	0.016071441
40.064	0.02989378	-5.8308243	0.016491701
40.192	0.029917766	-5.8311457	0.011634639
40.32	0.030160111	-5.8310395	0.015001335
40.448	0.030223802	-5.8310295	0.016098307
40.576	0.029934738	-5.831013	0.014243135
40.704	0.029746106	-5.831131	0.019831724
40.832	0.030303647	-5.8317206	0.014060387
40.96	0.029727008	-5.8310214	0.013895293
41.088	0.029890948	-5.8309752	0.017911768
41.216	0.030453288	-5.8317515	0.015206133
41.344	0.029886528	-5.8307825	0.015847559
41.472	0.029678167	-5.8308886	0.019414269
41.6	0.030322903	-5.8313405	0.017726843
41.728	0.029786478	-5.830523	0.015589592
41.856	0.029865656	-5.8308719	0.015232711
41.984	0.030458597	-5.8314127	0.012945258
42.112	0.029197639	-5.8302995	0.015970904
42.24	0.030329995	-5.8314176	0.010863544
42.368	0.029976624	-5.8311533	0.017111251
42.496	0.030311413	-5.8314561	0.015937071
42.624	0.029953108	-5.8313549	0.018199591
42.752	0.030187074	-5.8316551	0.019363012
42.88	0.029789837	-5.8313047	0.01583264
43.008	0.030038783	-5.8311737	0.011758471
43.136	0.029748639	-5.8308995	0.015226949
43.264	0.029967669	-5.8310997	0.015641949
43.392	0.029868121	-5.8310889	0.016082973
43.52	0.03002168	-5.8312659	0.012531008
43.648	0.02986095	-5.8313166	0.016260961
43.776	0.029851878	-5.8312487	0.016322132
43.904	0.030144908	-5.8312551	0.014225695
44.032	0.030072491	-5.831275	0.017380687
44.16	0.030057308	-5.8314374	0.016085357
44.288	0.030065801	-5.8315941	0.013097317
44.416	0.029869934	-5.8312859	0.011706153
44.544	0.030289312	-5.8315291	0.012670403
44.672	0.029353284	-5.8302773	0.017909607
44.8	0.030155333	-5.8311999	0.014353581
44.928	0.030385846	-5.8317893	0.014506586
45.056	0.029970108	-5.8311965	0.015684047
45.184	0.030356714	-5.8315368	0.015187188
45.312	0.02941097	-5.8302762	0.022986613
45.44	0.030465536	-5.8316064	0.017915645
45.568	0.030182022	-5.8312529	0.017539281
45.696	0.029823305	-5.8312339	0.021992202
45.824	0.029881938	-5.8310917	0.016778247
45.952	0.0304475	-5.8317606	0.011332595
46.08	0.029702031	-5.8309583	0.019947147
46.208	0.030048987	-5.8314638	0.019427177
46.336	0.029717792	-5.8311252	0.017217059
46.464	0.030046103	-5.8311333	0.014594199
46.592	0.029793994	-5.8308314	0.015515392
46.72	0.029882089	-5.8309546	0.016072896
46.848	0.030163113	-5.8313744	0.014037307
46.976	0.029859417	-5.8310053	0.01817552
47.104	0.030367605	-5.8316918	0.015099595
47.232	0.029805862	-5.8307531	0.012186663
47.36	0.030039574	-5.8308895	0.016602721
47.488	0.029791367	-5.8310393	0.016855886
47.616	0.030158448	-5.8317978	0.012681028
47.744	0.030032446	-5.8314418	0.014476595
47.872	0.029718563	-5.8309231	0.017754042
48	0.029882193	-5.8306981	0.017134639
48.128	0.030410384	-5.8312579	0.015569217
48.256	0.030237393	-5.8312244	0.01580699
48.384	0.030075333	-5.8311367	0.015759205
48.512	0.029970588	-5.8313022	0.015002978
48.64	0.029580751	-5.8307669	0.01450561
48.768	0.030488712	-5.831545	0.0095691655
48.896	0.029656859	-5.8307692	0.017885283
49.024	0.030271449	-5.831673	0.016800959
49.152	0.029449674	-5.8304279	0.016393005
49.28	0.030451765	-5.8311971	0.018255682
49.408	0.030083723	-5.8311177	0.01902968
49.536	0.030109788	-5.8312162	0.014965976
49.664	0.029790165	-5.8308427	0.019137851
49.792	0.030048456	-5.8311622	0.017267456
49.92	0.030049478	-5.8313102	0.013312873
50.048	0.030073422	-5.8315024	0.014854462
50.176	0.030014899	-5.831163	0.016392663
50.304	0.030102955	-5.8311184	0.015637282
50.432	0.030111455	-5.8310916	0.015026659
50.56	0.030293152	-5.8313115	0.012834676
50.688	0.029986968	-5.831196	0.014092123
50.816	0.029663743	-5.8309691	0.016472858
50.944	0.029582424	-5.8309122	0.019800898
51.072	0.030384287	-5.8315838	0.015713244
51.2	0.029823717	-5.8307945	0.014447465
51.328	0.030306707	-5.8312265	0.013711741
51.456	0.02940444	-5.8305173	0.016808534
51.584	0.030363618	-5.83141	0.015828333
51.712	0.029845995	-5.8314231	0.015532435
51.84	0.029910651	-5.8313243	0.016049947
51.968	0.029446538	-5.8309027	0.017272217
52.096	0.030257585	-5.8315548	0.011255295
52.224	0.030039713	-5.8312666	0.011202644
52.352	0.02961579	-5.8310976	0.014012314
52.48	0.029995279	-5.8314419	0.014257895
52.608	0.029767901	-5.8310154	0.017189247
52.736	0.030606003	-5.8320144	0.011571654
52.864	0.030027285	-5.8313967	0.013766669
52.992	0.029687927	-5.8308296	0.016950969
53.12	0.030210845	-5.8314962	0.015826186
53.248	0.029910502	-5.8313543	0.015496928
53.376	0.030064509	-5.8312993	0.015617576
53.504	0.030138433	-5.8311873	0.019039724
53.632	0.029510585	-5.8306503	0.017841568
53.76	0.030100334	-5.8311449	0.013778694
53.888	0.029940847	-5.8313009	0.015404132
54.016	0.03078066	-5.8320765	0.015960775
54.144	0.029896534	-5.8311555	0.02000956
54.272	0.029861091	-5.8314173	0.017092133
54.4	0.030326842	-5.8315418	0.014680174
54.528	0.029544841	-5.830551	0.018849798
54.656	0.030233705	-5.8314811	0.015306222
54.784	0.030029013	-5.8311799	0.017166033
54.912	0.029939511	-5.8311875	0.016200789
55.04	0.029990441	-5.8310745	0.013586423
55.168	0.030385531	-5.8315821	0.013256392
55.296	0.02925611	-5.8304936	0.0149836
55.424	0.030279074	-5.8314434	0.013138324
55.552	0.030514227	-5.8316753	0.018393629
55.68	0.029980804	-5.8312443	0.015489537
55.808	0.02962099	-5.8309053	0.016520648
55.936	0.030534462	-5.8317582	0.014366962
56.064	0.029720537	-5.8308265	0.015733241
56.192	0.030239537	-5.8317125	0.013305108
56.32	0.029618403	-5.8310902	0.015809313
56.448	0.029987192	-5.8316117	0.012885049
56.576	0.030166454	-5.831638	0.012138555
56.704	0.029474793	-5.8306444	0.018502551
56.832	0.030403251	-5.8313658	0.016410551
56.96	0.029807649	-5.8307386	0.014941967
57.088	0.029857028	-5.8307051	0.014799099
57.216	0.030082004	-5.8309191	0.014226338
57.344	0.02998778	-5.8311759	0.013039378
57.472	0.030102086	-5.8315196	0.013763895
57.6	0.030264341	-5.8314679	0.011236098
57.728	0.029690274	-5.8308873	0.014638369
57.856	0.030086933	-5.8313343	0.01221795
57.984	0.029396953	-5.8306223	0.014922587
58.112	0.030402902	-5.8314858	0.013250908
58.24	0.030071715	-5.8313029	0.012840272
58.368	0.029891106	-5.8309868	0.019155518
58.496	0.030073724	-5.8311335	0.018726092
58.624	0.029885986	-5.8308721	0.015654174
58.752	0.029608426	-5.8305999	0.01501711
58.88	0.030287565	-5.831284	0.017962603
59.008	0.030270864	-5.8313337	0.015663674
59.136	0.029713797	-5.8308797	0.015914829
59.264	0.029774454	-5.8308263	0.017137204
59.392	0.030222051	-5.8310412	0.013581523
59.52	0.03047168	-5.8315896	0.011662853
59.648	0.029942151	-5.8310147	0.015244163
59.776	0.030129814	-5.8312669	0.016235332
59.904	0.030083088	-5.8313996	0.018854709
60.032	0.029748557	-5.8311181	0.016678104
60.16	0.030265361	-5.8315658	0.015538458
60.288	0.029817955	-5.8308883	0.016055692
60.416	0.029804304	-5.8308033	0.016000078
60.544	0.029860344	-5.8311092	0.015494314
60.672	0.029935045	-5.831304	0.013353303
60.8	0.029906295	-5.8313632	0.016864278
60.928	0.030441647	-5.8316901	0.016730092
61.056	0.030632648	-5.8318909	0.018113518
61.184	0.029849794	-5.8309903	0.01546633
61.312	0.029500198	-5.8309486	0.012986351
61.44	0.030114654	-5.8314063	0.014759047
61.568	0.029919055	-5.8314029	0.012064047
61.696	0.029755204	-5.8310723	0.014977659
61.824	0.029967215	-5.831586	0.017151921
61.952	0.030175438	-5.831356	0.015747519
62.08	0.030535723	-5.8318957	0.013546917
62.208	0.02992497	-5.8312015	0.016338432
62.336	0.029945885	-5.8310508	0.018970628
62.464	0.029486325	-5.8306882	0.016225975
62.592	0.030054524	-5.8312733	0.014431544
62.72	0.030030936	-5.831353	0.015454497
62.848	0.030003315	-5.8311985	0.014781381
62.976	0.030045608	-5.8310327	0.015374397
63.104	0.02975095	-5.8306124	0.014130796
63.232	0.030217377	-5.8311499	0.015364709
63.36	0.030160785	-5.8318058	0.016661269
63.488	0.030033601	-5.8312218	0.015032826
63.616	0.029997318	-5.8309896	0.01468978
63.744	0.030033716	-5.8313989	0.011952439
63.872	0.02966058	-5.8306978	0.014357899
64	0.029495285	-5.8307397	0.018633457
64.128	0.029941233	-5.8312391	0.014929253
64.256	0.02993246	-5.8310394	0.014153619
64.384	0.029582702	-5.8306074	0.015980823
64.512	0.030271048	-5.8313324	0.015073904
64.64	0.030288931	-5.8317035	0.013819681
64.768	0.030288553	-5.8314615	0.013648798
64.896	0.030062084	-5.831336	0.014293483
65.024	0.029843373	-5.8307166	0.01423225
65.152	0.030239716	-5.8312352	0.013422408
65.28	0.029465567	-5.8304215	0.012507474
65.408	0.030061392	-5.8312974	0.01299027
65.536	0.030363918	-5.8309992	0.018534265
65.664	0.030280046	-5.8313628	0.016822184
65.792	0.029830855	-5.8311954	0.016305842
65.92	0.030367682	-5.8315656	0.013006034
66.048	0.029918658	-5.8311081	0.016323797
66.176	0.029926282	-5.8308768	0.017618616
66.304	0.030074039	-5.8310263	0.016831798
66.432	0.030154069	-5.8314221	0.015282597
66.56	0.02982578	-5.8309076	0.016640735
66.688	0.030344375	-5.8314922	0.012865835
66.816	0.029852617	-5.8310212	0.012684564
66.944	0.030622908	-5.8318304	0.014052238
67.072	0.030273139	-5.8317351	0.016163558
67.2	0.029803789	-5.8306713	0.017710314
67.328	0.029897351	-5.8305563	0.013978914
67.456	0.029773888	-5.8307205	0.015630524
67.584	0.030128979	-5.8311264	0.015884941
67.712	0.029886355	-5.830812	0.014066192
67.84	0.030307454	-5.8317009	0.015667922
67.968	0.030438018	-5.8313621	0.015013924
68.096	0.029249859	-5.8300951	0.017772261
68.224	0.029794891	-5.8309433	0.01856637
68.352	0.029860235	-5.8307544	0.016809351
68.48	0.030284349	-5.8311736	0.016382321
68.608	0.029759987	-5.8311505	0.015306624
68.736	0.030214419	-5.8317569	0.013373827
68.864	0.029777288	-5.8312078	0.01464232
68.992	0.03009087	-5.8312449	0.014075343
69.12	0.029658184	-5.8309961	0.013956025
69.248	0.029659803	-5.8310556	0.012146129
69.376	0.030034392	-5.8315565	0.017620054
69.504	0.029683144	-5.8314241	0.017182068
69.632	0.030594975	-5.832404	0.011829261
69.76	0.030107149	-5.8317564	0.012522781
69.888	0.029556845	-5.8310443	0.01638508
70.016	0.029584043	-5.8307505	0.01767325
70.144	0.029778953	-5.8312498	0.012220725
70.272	0.029753748	-5.8313642	0.013730411
70.4	0.029923369	-5.8313017	0.014409155
70.528	0.030163166	-5.8313313	0.010159275
70.656	0.030075838	-5.831389	0.012223753
70.784	0.029644106	-5.8311825	0.016385743
70.912	0.029761898	-5.8311032	0.015137322
71.04	0.03002555	-5.8311665	0.015625542
71.168	0.030314741	-5.8316115	0.011613202
71.296	0.02982409	-5.8309264	0.013849683
71.424	0.030081712	-5.8311241	0.014433612
71.552	0.029885126	-5.8309713	0.017103236
71.68	0.029944236	-5.8306904	0.016334001
71.808	0.030388592	-5.8313486	0.01545048
71.936	0.03045423	-5.831374	0.018641879
72.064	0.030191361	-5.8309988	0.01506801
72.192	0.029928334	-5.8304692	0.017130572
72.32	0.029824	-5.830607	0.017577115
72.448	0.030347676	-5.8313314	0.01308339
72.576	0.030275613	-5.8313688	0.013853879
72.704	0.029779458	-5.8310728	0.017637415
72.832	0.030456513	-5.8315874	0.016143843
72.96	0.030046027	-5.8310983	0.01599828
73.088	0.030027168	-5.8309457	0.015412725
73.216	0.030606803	-5.831482	0.016122764
73.344	0.029956952	-5.8308921	0.013911331
73.472	0.029759884	-5.8307261	0.016284989
73.6	0.030236479	-5.8314379	0.013109045
73.728	0.030659065	-5.832083	0.0099860675
73.856	0.029177102	-5.8305586	0.013440673
73.984	0.029593691	-5.8310113	0.016171874
74.112	0.029898429	-5.8312272	0.014321616
74.24	0.030083076	-5.8319976	0.013599357
74.368	0.030165302	-5.8317522	0.018323043
74.496	0.030101826	-5.8314094	0.014465859
74.624	0.029778832	-5.8311059	0.018479923
74.752	0.029857518	-5.8314143	0.018076547
74.88	0.029670906	-5.8314467	0.013477047
75.008	0.030162054	-5.831595	0.014056335
75.136	0.029684703	-5.8313499	0.01750769
75.264	0.030124362	-5.8318556	0.014382911
75.392	0.02973303	-5.8311822	0.012212162
75.52	0.029659462	-5.8312104	0.013812654
75.648	0.029425844	-5.8307726	0.014163488
75.776	0.030212282	-5.8319035	0.010939045
75.904	0.029916579	-5.831256	0.014536466
76.032	0.029912453	-5.8310946	0.015878931
76.16	0.029697137	-5.8313652	0.014919187
76.288	0.03056464	-5.8321546	0.012371956
76.416	0.029946682	-5.8312419	0.015367113
76.544	0.029816343	-5.8309056	0.018982542
76.672	0.030377693	-5.8314885	0.01375048
76.8	0.030181927	-5.8312468	0.013071693
76.928	0.029865905	-5.8307503	0.018115064
77.056	0.030097442	-5.8309892	0.015596404
77.184	0.029949396	-5.8307184	0.015080855
77.312	0.030100351	-5.8309407	0.019338378
77.44	0.0300348	-5.8310785	0.016270642
77.568	0.029733154	-5.8308976	0.01521169
77.696	0.030219839	-5.8313853	0.016172109
77.824	0.030232954	-5.8311131	0.016627205
77.952	0.029789358	-5.8308922	0.015276173
78.08	0.029851473	-5.8309032	0.016915949
78.208	0.030660242	-5.8315163	0.01736414
78.336	0.030412083	-5.8311799	0.011523472
78.464	0.02992819	-5.8307108	0.014332625
78.592	0.030270572	-5.8309289	0.01454082
78.72	0.030358018	-5.8311048	0.011210076
78.848	0.029881256	-5.8305767	0.015054969
78.976	0.030279877	-5.8312224	0.015001607
79.104	0.029624283	-5.8301344	0.019783988
79.232	0.030688737	-5.8313315	0.016780044
79.36	0.029713031	-5.8306398	0.018477375
79.488	0.03026217	-5.8311281	0.015770391
79.616	0.029718387	-5.8307179	0.019811293
79.744	0.030243981	-5.831372	0.016029657
79.872	0.030248025	-5.8313121	0.013947949
80	0.029304005	-5.8303258	0.016033722
80.128	0.029835521	-5.8307372	0.013939676
80.256	0.030138358	-5.8314339	0.016073178
80.384	0.029491211	-5.8307192	0.019243515
80.512	0.029674412	-5.8307872	0.017005463
80.64	0.030631645	-5.8317488	0.01473219
80.768	0.029827146	-5.8313475	0.017376441
80.896	0.029720043	-5.8314089	0.019012866
81.024	0.030007173	-5.8315223	0.015583673
81.152	0.030015415	-5.8314043	0.017093613
81.28	0.030286331	-5.8320096	0.018077703
81.408	0.029417722	-5.8310929	0.015988243
81.536	0.030018538	-5.8314543	0.012767217
81.664	0.029657126	-5.8311289	0.016697203
81.792	0.030008693	-5.8316368	0.014564944
81.92	0.030025327	-5.8316456	0.01283498
82.048	0.02971787	-5.8312457	0.013707945
82.176	0.029569629	-5.8308959	0.014290842
82.304	0.029780054	-5.8312867	0.012462221
82.432	0.030300604	-5.831668	0.014245501
82.56	0.029584758	-5.8309324	0.01614501
82.688	0.029734154	-5.8311748	0.011451247
82.816	0.030111405	-5.8315795	0.011738825
82.944	0.029535535	-5.8309719	0.014399372
83.072	0.030010013	-5.8316539	0.017387468
83.2	0.029547157	-5.8307305	0.019236057
83.328	0.030737229	-5.8315125	0.011862559
83.456	0.029992354	-5.8309542	0.01488178
83.584	0.029931906	-5.8310971	0.015589006
83.712	0.029454373	-5.830545	0.017205237
83.84	0.03013747	-5.8311612	0.015654548
83.968	0.029847466	-5.8308342	0.01721432
84.096	0.030214473	-5.8313666	0.01446887
84.224	0.030085845	-5.8314116	0.014219622
84.352	0.029985755	-5.8311027	0.016837431
84.48	0.030372364	-5.8315591	0.013024565
84.608	0.030150606	-5.8309148	0.015922459
84.736	0.029827774	-5.8307238	0.017913229
84.864	0.030119898	-5.831145	0.016993707
84.992	0.0303189	-5.8310879	0.013497447
85.12	0.030321831	-5.8314709	0.013439168
85.248	0.030271676	-5.831098	0.014707605
85.376	0.030195808	-5.8310748	0.015649232
85.504	0.029947277	-5.831005	0.016816281
85.632	0.03010953	-5.8313093	0.01552948
85.76	0.03020653	-5.8312547	0.016477905
85.888	0.029809695	-5.8309652	0.017708663
86.016	0.030140235	-5.8311476	0.01701354
86.144	0.03051809	-5.8313184	0.015640006
86.272	0.029702006	-5.8304575	0.016375846
86.4	0.030327608	-5.8312102	0.013678821
86.528	0.030431003	-5.8317009	0.012976637
86.656	0.030358666	-5.8316941	0.011851048
86.784	0.029498284	-5.8308151	0.013237126
86.912	0.030071408	-5.8311448	0.013919854
87.04	0.029928937	-5.8312984	0.017315005
87.168	0.030119873	-5.8315976	0.016926742
87.296	0.030176983	-5.8317771	0.015713725
87.424	0.029732535	-5.8312028	0.014768728
87.552	0.030026232	-5.8315418	0.014311281
87.68	0.029986014	-5.831541	0.016470288
87.808	0.029394837	-5.8311731	0.018728081
87.936	0.030148604	-5.8319881	0.011992187
88.064	0.02950925	-5.8312408	0.012244089
88.192	0.03021285	-5.831894	0.012667674
88.32	0.029768278	-5.8312998	0.014082671
88.448	0.029586813	-5.8310236	0.015519052
88.576	0.030271735	-5.8317932	0.014720812
88.704	0.029376104	-5.8307467	0.01847543
88.832	0.030157325	-5.8318599	0.013389245
88.96	0.029395176	-5.8309345	0.013996442
89.088	0.029971192	-5.8314138	0.012419528
89.216	0.029921221	-5.8313515	0.016011048
89.344	0.029936926	-5.8316677	0.016405561
89.472	0.029820399	-5.830976	0.015092638
89.6	0.029940213	-5.8313745	0.017338911
89.728	0.030337246	-5.8318138	0.014305146
89.856	0.030038438	-5.8311069	0.011849614
89.984	0.030140536	-5.8313595	0.013609438
90.112	0.030380464	-5.831521	0.014176116
90.24	0.029827529	-5.8307544	0.019229144
90.368	0.029760596	-5.8307593	0.015042037
90.496	0.030347642	-5.8311842	0.012941423
90.624	0.03034701	-5.8316681	0.016441932
90.752	0.030028503	-5.8310562	0.017202793
90.88	0.030173251	-5.8312492	0.016871196
91.008	0.030474965	-5.8314359	0.015866998
91.136	0.03003641	-5.8307028	0.013154025
91.264	0.029598435	-5.8306019	0.014469451
91.392	0.030562215	-5.8316099	0.016746289
91.52	0.030003368	-5.831079	0.016200113
91.648	0.030530405	-5.831644	0.010520652
91.776	0.029840239	-5.8304574	0.012876609
91.904	0.030484409	-5.8313767	0.011626292
92.032	0.029879143	-5.8309007	0.013809487
92.16	0.030108623	-5.8308664	0.013966262
92.288	0.030345326	-5.8310716	0.011925413
92.416	0.030030587	-5.8308959	0.012227754
92.544	0.029731631	-5.8307349	0.014676558
92.672	0.029927784	-5.8314476	0.011996114
92.8	0.030004233	-5.8313598	0.014257791
92.928	0.030124892	-5.831525	0.015067623
93.056	0.029669606	-5.8308402	0.014296618
93.184	0.030340544	-5.8317376	0.0099778605
93.312	0.029640918	-5.8310389	0.016635524
93.44	0.030178301	-5.8315249	0.017001297
93.568	0.029899588	-5.8311643	0.015929075
93.696	0.029729441	-5.8311287	0.015770999
93.824	0.030062913	-5.8314775	0.01557972
93.952	0.029908215	-5.8311963	0.019030268
94.08	0.030240556	-5.8318302	0.013072981
94.208	0.029767843	-5.8312052	0.014379582
94.336	0.029316449	-5.8307623	0.018316296
94.464	0.030074357	-5.8314682	0.013020269
94.592	0.029844438	-5.8310193	0.014988597
94.72	0.030262944	-5.8313166	0.011896091
94.848	0.029491194	-5.8309342	0.015094382
94.976	0.029917681	-5.8313398	0.013875489
95.104	0.02993934	-5.8312952	0.013562463
95.232	0.029998494	-5.8313809	0.015079393
95.36	0.029542702	-5.8307866	0.013899354
95.488	0.030076831	-5.8312735	0.014218822
95.616	0.029679891	-5.830782	0.016647246
95.744	0.030271453	-5.8313891	0.013269309
95.872	0.029988899	-5.8312128	0.014110557
96	0.029804069	-5.8310562	0.016652578
96.128	0.030169858	-5.831187	0.014993897
96.256	0.030071044	-5.831417	0.015096471
96.384	0.030238141	-5.8319272	0.014298978
96.512	0.029888165	-5.8312208	0.015006427
96.64	0.029827646	-5.8308973	0.014879881
96.768	0.029676264	-5.8308845	0.014204099
96.896	0.030896344	-5.8321875	0.011449428
97.024	0.029851608	-5.830858	0.017211164
97.152	0.030155741	-5.8313201	0.013682407
97.28	0.030058201	-5.8312312	0.015941716
97.408	0.029910022	-5.8309156	0.018403579
97.536	0.029815218	-5.8305846	0.015201753
97.664	0.029977842	-5.8308776	0.012454364
97.792	0.029936895	-5.8308427	0.015662765
97.92	0.030527563	-5.8315573	0.015044507
98.048	0.029680939	-5.8309802	0.014953229
98.176	0.029916763	-5.8310829	0.016560281
98.304	0.030237178	-5.8313945	0.017537929
98.432	0.030225348	-5.8314938	0.013820462
98.56	0.029741327	-5.8307405	0.014812046
98.688	0.029977933	-5.8309336	0.014799472
98.816	0.030153032	-5.8309351	0.0153138
98.944	0.030024853	-5.8308146	0.016420796
99.072	0.02974148	-5.8307609	0.015042188
99.2	0.029949867	-5.8312798	0.015358376
99.328	0.030072312	-5.8314241	0.013504207
99.456	0.030011661	-5.8312768	0.017931757
99.584	0.03004469	-5.8314599	0.018779325
99.712	0.030088686	-5.8315076	0.016500963
99.84	0.029861345	-5.8311688	0.013589292
99.968	0.02975632	-5.8312958	0.017121771
100.096	0.030227835	-5.8318706	0.01526972
100.224	0.029924024	-5.8315276	0.013958565
100.352	0.02991446	-5.8311458	0.011764511
100.48	0.029720529	-5.8309798	0.011578009
100.608	0.029723063	-5.8311639	0.012419072
100.736	0.029525092	-5.8312455	0.017304296
100.864	0.02996891	-5.8314824	0.013514682
100.992	0.029978164	-5.8315323	0.013196598
101.12	0.029566437	-5.831257	0.015471028
101.248	0.029457574	-5.8310642	0.016095533
101.376	0.030140009	-5.8315782	0.015359892
101.504	0.029752597	-5.8309801	0.013977401
101.632	0.030506724	-5.8317193	0.012528697
101.76	0.029939304	-5.8311668	0.015404553
101.888	0.030170676	-5.8316124	0.01522544
102.016	0.030312868	-5.8315765	0.012399328
102.144	0.029893384	-5.8310667	0.010957739
102.272	0.029583377	-5.8308735	0.013338851
102.4	0.029739002	-5.8305894	0.015092265
102.528	0.030256031	-5.8316104	0.017400274
102.656	0.029950596	-5.8310512	0.018124547
102.784	0.029993046	-5.8310713	0.013991222
102.912	0.030413042	-5.8314335	0.013707731
103.04	0.029812752	-5.8308126	0.018258294
103.168	0.03016927	-5.831088	0.01706618
103.296	0.029945107	-5.8305031	0.016971204
103.424	0.030114059	-5.8310813	0.018012282
103.552	0.030349993	-5.8314899	0.016316187
103.68	0.030005664	-5.8309898	0.015812115
103.808	0.030359632	-5.8313204	0.011221659
103.936	0.030176243	-5.8313598	0.012974233
104.064	0.029977704	-5.8308434	0.016634573
104.192	0.030056149	-5.831089	0.013984946
104.32	0.029775824	-5.8308152	0.013736685
104.448	0.030589577	-5.8315904	0.010877315
104.576	0.029870545	-5.8308034	0.013876074
104.704	0.02956962	-5.8306429	0.017353486
104.832	0.030590939	-5.8316135	0.014065736
104.96	0.030147835	-5.8314613	0.012364302
105.088	0.030022232	-5.8311916	0.015187881
105.216	0.030015739	-5.8307529	0.017461942
105.344	0.029946991	-5.8309529	0.015501765
105.472	0.030008048	-5.8311527	0.018630387
105.6	0.030267673	-5.831415	0.020078264
105.728	0.029560315	-5.830959	0.017928743
105.856	0.029730832	-5.8314463	0.014919562
105.984	0.029978082	-5.8316459	0.014663214
106.112	0.029497509	-5.8312233	0.016002446
106.24	0.030305811	-5.8318769	0.012190192
106.368	0.030211874	-5.8318473	0.012177729
106.496	0.029499491	-5.8310757	0.012308478
106.624	0.029482842	-5.8310942	0.015018298
106.752	0.03000108	-5.831529	0.013061038
106.88	0.029608507	-5.8312224	0.013784037
107.008	0.030103138	-5.8317643	0.014144893
107.136	0.029657266	-5.8313383	0.012262214
107.264	0.029590648	-5.8311862	0.01342316
107.392	0.030064104	-5.8318983	0.012336436
107.52	0.029837473	-5.8315265	0.01664181
107.648	0.029989119	-5.8314744	0.016906653
107.776	0.030260687	-5.8322054	0.01431966
107.904	0.029676881	-5.8313838	0.01430228
108.032	0.029749317	-5.8309709	0.014868233
108.16	0.029911026	-5.8313645	0.013502174
108.288	0.030101592	-5.8312202	0.013330511
108.416	0.030106237	-5.8312708	0.012732352
108.544	0.029764408	-5.8306961	0.016445179
108.672	0.030424497	-5.8313124	0.018164574
108.8	0.029765215	-5.8308462	0.016975866
108.928	0.030443225	-5.8314133	0.015588994
109.056	0.029678292	-5.8307102	0.016725769
109.184	0.030102434	-5.8310991	0.01431946
109.312	0.030210912	-5.831081	0.013756497
109.44	0.030644805	-5.8316356	0.014312914
109.568	0.029803162	-5.8309238	0.016923532
109.696	0.030495287	-5.8310845	0.016574578
109.824	0.030154642	-5.8308801	0.016375115
109.952	0.030158056	-5.8309418	0.013240539
110.08	0.029939909	-5.8307478	0.015218708
110.208	0.03050902	-5.8311072	0.012133565
110.336	0.030275937	-5.8307543	0.013773538
110.464	0.030023856	-5.8310557	0.014257714
110.592	0.029903881	-5.8308509	0.015873808
110.72	0.030383901	-5.8314261	0.015717894
110.848	0.030086562	-5.8311389	0.018904341
110.976	0.030497633	-5.8317235	0.016678524
111.104	0.02996398	-5.8310614	0.017884421
111.232	0.030332994	-5.8316058	0.016093777
111.36	0.029738727	-5.8308012	0.016209647
111.488	0.030116163	-5.8310189	0.013716563
111.616	0.029872711	-5.8313916	0.015892449
111.744	0.029859788	-5.831593	0.015774954
111.872	0.030020463	-5.8316182	0.013483976
112	0.029891805	-5.8316465	0.015199258
112.128	0.030104015	-5.831723	0.012395998
112.256	0.029755244	-5.8315768	0.0095814547
112.384	0.029742088	-5.8317112	0.013577063
112.512	0.029766073	-5.8313129	0.014893451
112.64	0.029922383	-5.8314168	0.012306027
112.768	0.029536489	-5.8310237	0.012089551
112.896	0.029526155	-5.8309601	0.013070234
113.024	0.029126916	-5.8306223	0.018634719
113.152	0.030204081	-5.8319589	0.013003124
113.28	0.029963824	-5.8316505	0.015234773
113.408	0.0298248	-5.8314211	0.021442226
113.536	0.029686401	-5.8315718	0.018118581
113.664	0.029465673	-5.8311802	0.015593335
113.792	0.029474587	-5.8309099	0.017105537
113.92	0.029694867	-5.8311801	0.018445435
114.048	0.029910504	-5.8310891	0.020994457
114.176	0.029502829	-5.8306659	0.019946313
114.304	0.030281471	-5.8319231	0.011759987
114.432	0.029705677	-5.8309027	0.01525649
114.56	0.03016354	-5.8312341	0.015038954
114.688	0.029870853	-5.8311519	0.013839918
114.816	0.03059587	-5.8315936	0.011538171
114.944	0.029613142	-5.8308948	0.014859738
115.072	0.029922218	-5.8312067	0.016070335
115.2	0.030282502	-5.8314529	0.015135168
115.328	0.030102729	-5.831186	0.01256055
115.456	0.030102916	-5.8309388	0.012359476
115.584	0.030073486	-5.8308749	0.015981982
115.712	0.030060169	-5.8311255	0.015581584
115.84	0.030403523	-5.8313719	0.011789729
115.968	0.030168013	-5.8312015	0.013235311
116.096	0.029985825	-5.8307698	0.014560283
116.224	0.030247299	-5.8312469	0.016438166
116.352	0.030735968	-5.8317376	0.013455667
116.48	0.029843999	-5.830585	0.01438287
116.608	0.029934461	-5.8306353	0.016314875
116.736	0.030610465	-5.8315133	0.014501032
116.864	0.030124944	-5.8309954	0.016438262
116.992	0.03033316	-5.8315471	0.016375848
117.12	0.030167961	-5.8313188	0.016864841
117.248	0.030427328	-5.8310157	0.01368488
117.376	0.030004201	-5.830992	0.01465005
117.504	0.030039323	-5.8309642	0.016167514
117.632	0.029848201	-5.8308338	0.013580918
117.76	0.030116018	-5.8314765	0.015527816
117.888	0.030113594	-5.8314843	0.016300827
118.016	0.029519108	-5.8311642	0.015660584
118.144	0.029806533	-5.8311838	0.017175791
118.272	0.030333896	-5.8318871	0.016635815
118.4	0.029551096	-5.8310285	0.015327062
118.528	0.029698038	-5.8312361	0.016391836
118.656	0.030197949	-5.8316772	0.013899017
118.784	0.029501507	-5.8311678	0.014280259
118.912	0.029895485	-5.8313499	0.016090552
119.04	0.029710985	-5.8310569	0.015963433
119.168	0.030100278	-5.8315744	0.011276139
119.296	0.029350778	-5.830659	0.014001861
119.424	0.03010256	-5.8317215	0.01231964
119.552	0.029279221	-5.8308852	0.01482827
119.68	0.029622548	-5.8314591	0.016123178
119.808	0.029783571	-5.8317127	0.014140273
119.936	0.029909644	-5.8315923	0.014489493
120.064	0.030196776	-5.8316741	0.013661192
120.192	0.02929585	-5.83087	0.014349596
120.32	0.029768619	-5.8311236	0.014566347
120.448	0.030090955	-5.8313485	0.01442526
120.576	0.029950011	-5.8312462	0.012725064
120.704	0.029910413	-5.8310745	0.013558264
120.832	0.029569029	-5.8308804	0.017049497
120.96	0.030005712	-5.8316501	0.012296548
121.088	0.029867436	-5.8311012	0.016191176
121.216	0.030762754	-5.8319831	0.013815838
121.344	0.029907346	-5.8308438	0.014098086
121.472	0.03007728	-5.8308311	0.014873054
121.6	0.030097509	-5.831003	0.015267434
121.728	0.03048264	-5.831677	0.01606087
121.856	0.029833837	-5.8306067	0.018722854
121.984	0.030254712	-5.8309938	0.018492474
122.112	0.030069366	-5.8308218	0.018425916
122.24	0.030014514	-5.8308626	0.014656079
122.368	0.030189895	-5.8310479	0.014364607
122.496	0.030636668	-5.8313162	0.012460874
122.624	0.029697083	-5.8307179	0.016386825
122.752	0.030424246	-5.8313561	0.017315264
122.88	0.030519425	-5.8314334	0.016970971
123.008	0.030173934	-5.8308671	0.016351971
123.136	0.030135004	-5.8311754	0.017145154
123.264	0.030241615	-5.8315042	0.019391247
123.392	0.030120578	-5.8311959	0.013490861
123.52	0.030325221	-5.8313957	0.015054124
123.648	0.030234654	-5.8315338	0.015692322
123.776	0.029767039	-5.831155	0.013793968
123.904	0.029891067	-5.8310581	0.013805835
124.032	0.029966859	-5.8313387	0.016769664
124.16	0.029937248	-5.8313411	0.016263307
124.288	0.029812977	-5.8312305	0.01802998
124.416	0.030361976	-5.8317366	0.016359679
124.544	0.029322921	-5.8307067	0.020822658
124.672	0.030179654	-5.8318965	0.014832018
124.8	0.030045467	-5.8318058	0.010363561
124.928	0.030256448	-5.8317812	0.011779602
125.056	0.029640901	-5.8309466	0.015622613
125.184	0.029948982	-5.8314986	0.013363527
125.312	0.029916126	-5.8314085	0.010394895
125.44	0.02956063	-5.8309976	0.016362151
125.568	0.02958429	-5.8311274	0.019186082
125.696	0.029424951	-5.8308043	0.016483899
125.824	0.029980427	-5.8312642	0.012192824
125.952	0.029548635	-5.8312683	0.014207445
126.08	0.029862733	-5.8314546	0.013268139
126.208	0.029559111	-5.8312729	0.014481598
126.336	0.029844765	-5.831547	0.013697261
126.464	0.029443183	-5.8312885	0.014524346
126.592	0.029940773	-5.8313897	0.013502958
126.72	0.029975038	-5.8315704	0.013227815
126.848	0.03027643	-5.8319907	0.015390849
126.976	0.029649154	-5.8312747	0.018010667
127.104	0.029835146	-5.8312835	0.017345046
127.232	0.029949636	-5.8313638	0.015342475
127.36	0.029983906	-5.831434	0.017236294
127.488	0.03036766	-5.8313235	0.014169669
127.616	0.030013608	-5.8307746	0.012653459
127.744	0.030221971	-5.8309027	0.013639867
127.872	0.030166532	-5.8307993	0.017322005
128	0.029976939	-5.8306842	0.016406314
128.128	0.030183537	-5.8308541	0.016635888
128.256	0.030267852	-5.8307719	0.018200899
128.384	0.030228452	-5.8312153	0.015939834
128.512	0.030521957	-5.8316783	0.014548241
128.64	0.030354121	-5.8311366	0.015445105
128.768	0.030026844	-5.8307987	0.015922738
128.896	0.030172917	-5.8308702	0.017343526
129.024	0.030389202	-5.8314479	0.01408138
129.152	0.029885904	-5.8309138	0.017971589
129.28	0.030215401	-5.8308906	0.01767339
129.408	0.030717748	-5.8316143	0.013722454
129.536	0.029803675	-5.8305683	0.016834864
129.664	0.03033712	-5.8312843	0.015991601
129.792	0.030220709	-5.8314071	0.015676514
129.92	0.03007065	-5.8311344	0.015577503
130.048	0.030218783	-5.8312971	0.019283857
130.176	0.030212815	-5.8315074	0.018388908
130.304	0.029722671	-5.8307703	0.016160494
130.432	0.030104501	-5.8314905	0.014181455
130.56	0.03007343	-5.831537	0.016076939
130.688	0.029973096	-5.8316725	0.016898068
130.816	0.030034315	-5.8317239	0.015772467
130.944	0.029235125	-5.8308089	0.018512308
131.072	0.03047527	-5.8321391	0.010866114
131.2	0.029116771	-5.8309797	0.012294759
131.328	0.029481306	-5.8311818	0.013108671
131.456	0.029447116	-5.8314622	0.012209121
131.584	0.029863847	-5.8321401	0.01546334
131.712	0.029823618	-5.8316556	0.013371116
131.84	0.029802758	-5.8314681	0.01296362
131.968	0.029862006	-5.8317201	0.014764591
132.096	0.029285353	-5.8308741	0.017419476
132.224	0.029695215	-5.8313911	0.014608319
132.352	0.029877392	-5.8317393	0.012513451
132.48	0.030278603	-5.8322557	0.011275975
132.608	0.029397515	-5.8311552	0.018417632
132.736	0.029717364	-5.8312567	0.012915675
132.864	0.029878038	-5.8313268	0.012123401
132.992	0.029572566	-5.8310065	0.018374197
133.12	0.029893183	-5.8311732	0.016263704
133.248	0.030548011	-5.8321123	0.014794622
133.376	0.029476066	-5.830757	0.017233725
133.504	0.02944382	-5.8303587	0.01860627
133.632	0.030408555	-5.8315612	0.015644859
133.76	0.030150474	-5.8312926	0.012322999
133.888	0.030368517	-5.8312851	0.015039297
134.016	0.029914547	-5.8307311	0.018549436
134.144	0.030445137	-5.8311353	0.016733635
134.272	0.030422961	-5.8312862	0.013382423
134.4	0.030082839	-5.8306429	0.013700928
134.528	0.030179451	-5.830791	0.012494508
134.656	0.030202421	-5.830826	0.012953083
134.784	0.030503295	-5.8310099	0.013210601
134.912	0.029881979	-5.8308102	0.015443514
135.04	0.030205759	-5.831155	0.018244181
135.168	0.030317487	-5.8311723	0.017220242
135.296	0.02991276	-5.8307502	0.015797737
135.424	0.03070623	-5.8313319	0.012369459
135.552	0.030110062	-5.831041	0.01561532
135.68	0.030303803	-5.831186	0.019764912
135.808	0.030156459	-5.8308857	0.015960093
135.936	0.030304713	-5.8310643	0.010904508
136.064	0.030051077	-5.8308546	0.013569301
136.192	0.030245717	-5.831207	0.014857672
136.32	0.030204795	-5.8318604	0.013654822
136.448	0.029946857	-5.8313767	0.013168898
136.576	0.030115046	-5.8315365	0.012843867
136.704	0.030208725	-5.8314527	0.014298066
136.832	0.029717458	-5.8313328	0.014701645
136.96	0.02990086	-5.8316041	0.015625514
137.088	0.029327287	-5.8308182	0.018460301
137.216	0.030495614	-5.8322335	0.010583159
137.344	0.029411461	-5.8310738	0.013627296
137.472	0.029764736	-5.8314259	0.015002212
137.6	0.029581872	-5.8312704	0.015773355
137.728	0.029603321	-5.8313639	0.011616196
137.856	0.029808395	-5.8315585	0.011197097
137.984	0.029925755	-5.8318852	0.012678052
138.112	0.029198037	-5.8311147	0.016778742
138.24	0.030252833	-5.8317903	0.01199751
138.368	0.029996571	-5.8317682	0.01045966
138.496	0.029404188	-5.830938	0.013848683
138.624	0.029837877	-5.8314048	0.014959838
138.752	0.029521769	-5.8309105	0.014359417
138.88	0.030336977	-5.8316582	0.011753055
139.008	0.029708126	-5.831244	0.014680104
139.136	0.029936355	-5.8312719	0.017060061
139.264	0.030629735	-5.8315259	0.016432927
139.392	0.029428947	-5.8305739	0.019254692
139.52	0.029837815	-5.8309988	0.017091394
139.648	0.029980596	-5.8313556	0.015423677
139.776	0.030365234	-5.8315048	0.015245351
139.904	0.030275543	-5.8311944	0.016616929
140.032	0.029890189	-5.8309423	0.018458515
140.16	0.030225257	-5.8310678	0.014881489
140.288	0.030075226	-5.8306353	0.012961915
140.416	0.030110429	-5.8310598	0.017026476
140.544	0.029806957	-5.8307237	0.018210648
140.672	0.030284409	-5.8311918	0.012325819
140.8	0.030049347	-5.8312956	0.013157612
140.928	0.030100245	-5.8315577	0.01290887
141.056	0.030714716	-5.8318219	0.01341341
141.184	0.030315435	-5.8311567	0.015539446
141.312	0.029823118	-5.830857	0.017392577
141.44	0.030273296	-5.8311188	0.014376362
141.568	0.03050158	-5.8312567	0.013701915
141.696	0.030233231	-5.830988	0.015887358
141.824	0.02950267	-5.8303252	0.017361974
141.952	0.030355967	-5.8311795	0.015749277
142.08	0.030775854	-5.8315843	0.0098475526
142.208	0.029994307	-5.8309969	0.013394883
142.336	0.030318829	-5.8311784	0.016940339
142.464	0.030074463	-5.8308745	0.01609245
142.592	0.030236544	-5.8312426	0.013790775
142.72	0.029959693	-5.8311606	0.015880698
142.848	0.029892351	-5.8311484	0.014573864
142.976	0.02970778	-5.8311498	0.016668712
143.104	0.030237866	-5.8316998	0.018125036
143.232	0.029590655	-5.831086	0.014886837
143.36	0.029890805	-5.8314254	0.012261164
143.488	0.029567399	-5.8308813	0.017167087
143.616	0.029801196	-5.8315145	0.017237431
143.744	0.030077524	-5.8320816	0.013345738
143.872	0.029867583	-5.8313938	0.011228666
144	0.029626091	-5.8314043	0.013667313
144.128	0.029555217	-5.8310975	0.014560754
144.256	0.029930853	-5.8313172	0.014958439
144.384	0.029600565	-5.8310967	0.014725212
144.512	0.030148397	-5.8317862	0.01307151
144.64	0.029703036	-5.8314965	0.013267199
144.768	0.029972433	-5.8314601	0.0093173389
144.896	0.029606315	-5.830956	0.013870737
145.024	0.029626432	-5.8312301	0.012409081
145.152	0.029816292	-5.8313473	0.014971661
145.28	0.029780973	-5.8312579	0.0196447
145.408	0.030262118	-5.8316163	0.012943743
145.536	0.02964523	-5.8311435	0.016044558
145.664	0.030010052	-5.8315983	0.014626465
145.792	0.030407649	-5.8319545	0.013692209
145.92	0.029944922	-5.8311806	0.015275443
146.048	0.029685401	-5.8308699	0.014266256
146.176	0.030124464	-5.8312117	0.015154268
146.304	0.030315697	-5.8313049	0.015705111
146.432	0.030105288	-5.8310458	0.018178582
146.56	0.030198998	-5.8311278	0.01743081
146.688	0.029931453	-5.8305712	0.01674997
146.816	0.030424895	-5.8313509	0.014566649
146.944	0.030583624	-5.8313212	0.016949997
147.072	0.030287854	-5.8310348	0.016739141
147.2	0.030508371	-5.8314897	0.011471726
147.328	0.029852939	-5.8307312	0.015179929
147.456	0.030160962	-5.8312811	0.019177612
147.584	0.029846453	-5.83093	0.019226096
147.712	0.030293288	-5.8315388	0.016192874
147.84	0.029858546	-5.83104	0.020210126
147.968	0.030335531	-5.8314122	0.017437613
148.096	0.030147051	-5.8310187	0.016207804
148.224	0.03006836	-5.8314652	0.013765595
148.352	0.030456567	-5.8316883	0.010364363
148.48	0.029844607	-5.830809	0.013061666
148.608	0.029494485	-5.8306719	0.015503801
148.736	0.030506561	-5.8317316	0.015074355
148.864	0.030134421	-5.8311151	0.015023573
148.992	0.030030011	-5.8315217	0.017009263
149.12	0.030372591	-5.8317954	0.015311326
149.248	0.029460014	-5.8309893	0.018168826
149.376	0.030026822	-5.831467	0.01429458
149.504	0.029820789	-5.8314626	0.014667401
149.632	0.030177632	-5.8318499	0.011341451
149.76	0.02951552	-5.8310182	0.013762063
149.888	0.029596545	-5.8310352	0.014752411
150.016	0.029849505	-5.8312934	0.010783309
150.144	0.029829019	-5.8313082	0.011350969
150.272	0.029843837	-5.8312721	0.013966909
150.4	0.029575152	-5.8309244	0.016211869
150.528	0.03004412	-5.8314083	0.017436522
150.656	0.030134037	-5.8314982	0.015184498
150.784	0.029795384	-5.8312349	0.016284801
150.912	0.029553276	-5.8309512	0.017646734
151.04	0.029754167	-5.8313069	0.017391769
151.168	0.030178022	-5.8318821	0.014354143
151.296	0.029697766	-5.8313361	0.01293721
151.424	0.029381881	-5.8308071	0.013024454
151.552	0.03048115	-5.8318002	0.0084122097
151.68	0.029622782	-5.8310323	0.014751429
151.808	0.030266242	-5.8313957	0.013587772
151.936	0.030072346	-5.8311091	0.015605487
152.064	0.030227525	-5.8313057	0.013085328
152.192	0.030047961	-5.8311591	0.015406246
152.32	0.030110179	-5.8312138	0.018360106
152.448	0.030185043	-5.8311252	0.016625659
152.576	0.030196527	-5.8310126	0.014431249
152.704	0.030312663	-5.8313739	0.013033262
152.832	0.029993202	-5.8312277	0.012335325
152.96	0.029905901	-5.8309566	0.011213553
153.088	0.029889046	-5.8309567	0.011596458
153.216	0.030154806	-5.831232	0.013280066
153.344	0.030489117	-5.831257	0.013749933
153.472	0.030000796	-5.8308283	0.015870001
153.6	0.030135887	-5.8309751	0.016889796
153.728	0.029992906	-5.8310211	0.018934752
153.856	0.030153258	-5.8310575	0.017318381
153.984	0.029973402	-5.8306991	0.014519565
154.112	0.030035833	-5.8312069	0.010160801
154.24	0.030149679	-5.8312509	0.013654029
154.368	0.030580322	-5.8314662	0.01465463
154.496	0.029627981	-5.8304565	0.011223267
154.624	0.030015674	-5.8309717	0.011869239
154.752	0.030177793	-5.8311404	0.011560103
154.88	0.03035043	-5.8313805	0.01139383
155.008	0.029833908	-5.8308882	0.017329237
155.136	0.029794435	-5.8306837	0.016924556
155.264	0.029804938	-5.8310878	0.013957269
155.392	0.029910506	-5.831101	0.011204465
155.52	0.030167477	-5.8313122	0.011609165
155.648	0.029443566	-5.8305184	0.016532894
155.776	0.029964178	-5.8313431	0.019584627
155.904	0.029801718	-5.8313371	0.016199594
156.032	0.030343167	-5.8320537	0.013564557
156.16	0.029343128	-5.831035	0.016298125
156.288	0.029901	-5.8315296	0.013211176
156.416	0.029478714	-5.8309914	0.014877223
156.544	0.029938178	-5.8310377	0.017126096
156.672	0.029477856	-5.8309524	0.015381879
156.8	0.030286331	-5.8320706	0.012054294
156.928	0.030122844	-5.8318742	0.015641092
157.056	0.029746142	-5.8316106	0.013833104
157.184	0.029842965	-5.831805	0.011487962
157.312	0.029911226	-5.8314557	0.013073567
157.44	0.029655053	-5.8308677	0.018041126
157.568	0.029817476	-5.8309124	0.017450373
157.696	0.030302931	-5.8317594	0.015275138
157.824	0.029937793	-5.8316008	0.014843581
157.952	0.029686049	-5.8309691	0.014374779
158.08	0.030157479	-5.8315789	0.010762346
158.208	0.029617576	-5.8310359	0.013839404
158.336	0.029804178	-5.831116	0.012662184
158.464	0.029708769	-5.830751	0.013078186
158.592	0.03045953	-5.8312843	0.015235756
158.72	0.030029768	-5.8307964	0.0160919
158.848	0.02985711	-5.8305492	0.015831255
158.976	0.030089104	-5.8307355	0.017217012
159.104	0.030536153	-5.8314803	0.014299704
159.232	0.029756641	-5.8306502	0.018356075
159.36	0.030155093	-5.8309663	0.01592246
159.488	0.030593248	-5.831587	0.01519963
159.616	0.030010937	-5.8309768	0.018331403
159.744	0.030195065	-5.8311663	0.014043347
159.872	0.030327286	-5.8312696	0.014216784
160	0.029978985	-5.8309982	0.015154775
160.128	0.030245025	-5.8313184	0.015734829
160.256	0.030425313	-5.8313429	0.014189848
160.384	0.029934582	-5.8305154	0.012772038
160.512	0.030265837	-5.8311875	0.016425915
160.64	0.030180797	-5.8312332	0.014640324
160.768	0.030121073	-5.8310613	0.014446371
160.896	0.030453609	-5.8312262	0.018222242
161.024	0.030002926	-5.8309091	0.020610623
161.152	0.030160873	-5.8311011	0.017194268
161.28	0.03027895	-5.8310956	0.0092684087
161.408	0.029742965	-5.8310814	0.010800963
161.536	0.030010102	-5.8313719	0.01354117
161.664	0.029726469	-5.8311034	0.011883885
161.792	0.029929375	-5.8310305	0.012668274
161.92	0.030047604	-5.8309416	0.013634958
162.048	0.029783414	-5.8312138	0.013252986
162.176	0.030026415	-5.8314749	0.014755989
162.304	0.030240484	-5.8315638	0.014728167
162.432	0.029592714	-5.831133	0.013993424
162.56	0.029345854	-5.8307231	0.013403203
162.688	0.03021849	-5.8314983	0.0092531153
162.816	0.030200625	-5.8316921	0.0087713373
162.944	0.029778174	-5.8313588	0.011828823
163.072	0.02942241	-5.8310358	0.015603458
163.2	0.03013263	-5.8317391	0.013193809
163.328	0.029840692	-5.8316651	0.012588653
163.456	0.029524012	-5.8311834	0.014747366
163.584	0.029689841	-5.8316247	0.016543669
163.712	0.029891909	-5.8317941	0.016382954
163.84	0.03016856	-5.8319366	0.01428463
163.968	0.029458062	-5.8309926	0.015188758
164.096	0.030397491	-5.8318295	0.01113207
164.224	0.030449828	-5.8318549	0.013197608
164.352	0.029405984	-5.83078	0.016091363
164.48	0.029797915	-5.8313215	0.014699626
164.608	0.029709395	-5.8311833	0.013655603
164.736	0.030199812	-5.8314996	0.012830428
164.864	0.029846327	-5.8310583	0.014498965
164.992	0.029741043	-5.8307564	0.013575793
165.12	0.030647953	-5.8315168	0.014547656
165.248	0.030102346	-5.8311682	0.01462796
165.376	0.029975861	-5.830977	0.016660789
165.504	0.030108815	-5.8312684	0.012083986
165.632	0.030151425	-5.8311914	0.014958451
165.76	0.029826132	-5.8308325	0.016095779
165.888	0.030444945	-5.8316279	0.010929453
166.016	0.029586357	-5.8306525	0.015952344
166.144	0.030463874	-5.8313219	0.010250656
166.272	0.03024162	-5.8312725	0.0096820943
166.4	0.030320382	-5.8314368	0.011189306
166.528	0.030153798	-5.8312802	0.014146761
166.656	0.029808569	-5.8310058	0.012159304
166.784	0.030019886	-5.8308071	0.014338078
166.912	0.030339677	-5.8308439	0.016045159
167.04	0.030342366	-5.8311468	0.01354879
167.168	0.030127965	-5.8313638	0.016148078
167.296	0.030161441	-5.8315342	0.01405651
167.424	0.029714779	-5.8307625	0.01326906
167.552	0.029576023	-5.8306823	0.014320177
167.68	0.030180864	-5.8313682	0.014937374
167.808	0.030184553	-5.8315646	0.015634078
167.936	0.029890662	-5.8314303	0.014204943
168.064	0.029261946	-5.8308655	0.014933217
168.192	0.030707373	-5.8318039	0.010131751
168.32	0.030192259	-5.8315752	0.011913277
168.448	0.029830781	-5.831259	0.015979951
168.576	0.029615613	-5.8309537	0.014258028
168.704	0.030164126	-5.8315185	0.010187356
168.832	0.029690479	-5.8311393	0.012852126
168.96	0.030260305	-5.8319512	0.010044017
169.088	0.029891145	-5.8313337	0.012858587
169.216	0.029410949	-5.8310612	0.015642952
169.344	0.030181389	-5.8317214	0.013065301
169.472	0.029866119	-5.8315599	0.014976615
169.6	0.029342308	-5.8308331	0.016073877
169.728	0.030174911	-5.8315901	0.012614052
169.856	0.029654758	-5.8312124	0.011743696
169.984	0.029785951	-5.8312271	0.01320064
170.112	0.030255385	-5.8316926	0.012831542
170.24	0.029485376	-5.8311315	0.016314978
170.368	0.030253215	-5.8318943	0.015761001
170.496	0.02983306	-5.8312171	0.017269554
170.624	0.030271016	-5.8316524	0.016160149
170.752	0.029546873	-5.8310041	0.01717329
170.88	0.030149397	-5.8316468	0.015589733
171.008	0.030030025	-5.8315207	0.012198698
171.136	0.029985917	-5.8312162	0.01400922
171.264	0.030247057	-5.8315221	0.014854559
171.392	0.029604178	-5.8308502	0.01854393
171.52	0.02984564	-5.8309741	0.016808238
171.648	0.030205002	-5.8311072	0.011931724
171.776	0.029940907	-5.8312282	0.012780516
171.904	0.030562821	-5.8320144	0.009651465
172.032	0.029715753	-5.8308558	0.011188994
172.16	0.029757496	-5.8307696	0.012928452
172.288	0.030358196	-5.8314559	0.010344545
172.416	0.030630842	-5.8314227	0.012726614
172.544	0.029988482	-5.8307882	0.014162159
172.672	0.03027895	-5.8312972	0.013217515
172.8	0.029411823	-5.8301658	0.016262388
172.928	0.030102111	-5.8310512	0.013455869
173.056	0.030541276	-5.8313295	0.012594502
173.184	0.030049489	-5.8312657	0.015270148
173.312	0.030172352	-5.831486	0.017234477
173.44	0.030058539	-5.8312437	0.014259341
173.568	0.030162065	-5.8311751	0.01269063
173.696	0.029655679	-5.8306576	0.015135791
173.824	0.029641408	-5.8305745	0.010685112
173.952	0.030517925	-5.8313213	0.011558541
174.08	0.030220754	-5.8311293	0.016558012
174.208	0.029783508	-5.831012	0.014909794
174.336	0.02985885	-5.8311554	0.012884819
174.464	0.030275051	-5.8318977	0.014719994
174.592	0.029952999	-5.8317999	0.016650627
174.72	0.029860799	-5.8317614	0.016684607
174.848	0.029614189	-5.8309992	0.015336413
174.976	0.030251415	-5.8317111	0.011121938
175.104	0.030246417	-5.8315739	0.010931483
175.232	0.029575885	-5.8310194	0.015475048
175.36	0.029516167	-5.831002	0.016665181
175.488	0.030429424	-5.8316878	0.0085590584
175.616	0.029539069	-5.830773	0.017249598
175.744	0.029968444	-5.8313718	0.017877078
175.872	0.029425828	-5.8308435	0.015384572
176	0.029756661	-5.8314244	0.015792276
176.128	0.029886119	-5.8314026	0.01409796
176.256	0.030439146	-5.8319486	0.010527383
176.384	0.029911046	-5.8312923	0.014182754
176.512	0.029897068	-5.8310513	0.012308584
176.64	0.029565803	-5.8307659	0.01287132
176.768	0.030349942	-5.8316126	0.01308579
176.896	0.029824004	-5.8312608	0.012821082
177.024	0.029920969	-5.8312689	0.014131053
177.152	0.029848042	-5.8311391	0.013386395
177.28	0.029887914	-5.8312996	0.015572734
177.408	0.029749246	-5.8307271	0.015926147
177.536	0.030288648	-5.8313729	0.01057291
177.664	0.030099953	-5.8314872	0.010894564
177.792	0.030038422	-5.8315745	0.0114329
177.92	0.029771912	-5.8310411	0.014715136
178.048	0.029849609	-5.8313775	0.016397638
178.176	0.03037407	-5.8314138	0.0182417
178.304	0.029476379	-5.8309223	0.022586053
178.432	0.030334101	-5.8317093	0.017051352
178.56	0.029721905	-5.8309071	0.016614069
178.688	0.030643172	-5.8318599	0.015514064
178.816	0.02982922	-5.8311285	0.017504825
178.944	0.03016373	-5.8309176	0.015019149
179.072	0.030011727	-5.8308856	0.015361296
179.2	0.029958512	-5.8309883	0.01408733
179.328	0.030007754	-5.8312613	0.010603079
179.456	0.030314448	-5.8315867	0.011091193
179.584	0.029890111	-5.8310735	0.015925249
179.712	0.029810351	-5.8311625	0.014791889
179.84	0.029832749	-5.8312328	0.014473535
179.968	0.029901802	-5.8310093	0.012542245
180.096	0.03058636	-5.8317703	0.012248733
180.224	0.029996377	-5.831307	0.013334396
180.352	0.030107209	-5.8312869	0.015199008
180.48	0.029817405	-5.8311588	0.015533053
180.608	0.029717273	-5.8311171	0.015539155
180.736	0.03040525	-5.8314022	0.01133765
180.864	0.030034123	-5.8310674	0.015127941
180.992	0.029803589	-5.8309937	0.018191757
181.12	0.02940428	-5.8308878	0.014342429
181.248	0.030127078	-5.8316217	0.012149214
181.376	0.030394785	-5.8314941	0.017030241
181.504	0.029898605	-5.8313546	0.014486713
181.632	0.030235802	-5.8315883	0.01486049
181.76	0.029749874	-5.8312013	0.016967019
181.888	0.02974146	-5.8310031	0.016898515
182.016	0.030278069	-5.8315864	0.01430584
182.144	0.029720122	-5.8310134	0.013344879
182.272	0.029885056	-5.8313367	0.013089267
182.4	0.030181417	-5.8318186	0.010788975
182.528	0.029754981	-5.8312641	0.014958025
182.656	0.029951325	-5.8313367	0.015412099
182.784	0.029762344	-5.8310714	0.015726891
182.912	0.030062943	-5.8315794	0.012416191
183.04	0.02979805	-5.8310658	0.014459646
183.168	0.030261076	-5.8315408	0.010916247
183.296	0.030063528	-5.8318042	0.012508785
183.424	0.030471173	-5.8318273	0.014655528
183.552	0.029824341	-5.8311028	0.018863364
183.68	0.030251122	-5.831485	0.013960802
183.808	0.029739978	-5.8308109	0.014760502
183.936	0.029993615	-5.8314334	0.016613174
184.064	0.029831845	-5.830825	0.011813263
184.192	0.029755558	-5.8310509	0.01282608
184.32	0.029861461	-5.8311702	0.015514937
184.448	0.029818793	-5.8307321	0.015897369
184.576	0.029808737	-5.83061	0.018799154
184.704	0.030003948	-5.8311195	0.015401256
184.832	0.030094593	-5.8314988	0.013400531
184.96	0.029892165	-5.8313332	0.014676838
185.088	0.029748049	-5.8312527	0.017896472
185.216	0.030452359	-5.8320558	0.012907499
185.344	0.030314352	-5.831717	0.011701026
185.472	0.029877157	-5.831262	0.014037895
185.6	0.03045857	-5.8316727	0.012983239
185.728	0.029864777	-5.83124	0.012851306
185.856	0.02961899	-5.8307786	0.016629762
185.984	0.030157497	-5.8313068	0.012571867
186.112	0.030161922	-5.8312094	0.011668762
186.24	0.029574046	-5.8308167	0.015168817
186.368	0.029910345	-5.8310667	0.012476843
186.496	0.030321702	-5.8316186	0.012436074
186.624	0.030351398	-5.8316614	0.012503029
186.752	0.029735207	-5.8307608	0.012417694
186.88	0.029850138	-5.8309442	0.010409566
187.008	0.030438725	-5.8315881	0.010078437
187.136	0.029780379	-5.8312067	0.01371717
187.264	0.029783607	-5.8311292	0.01609573
187.392	0.030140303	-5.8317198	0.015558257
187.52	0.03031501	-5.8316213	0.015026689
187.648	0.029890921	-5.8312506	0.01677081
187.776	0.029969532	-5.831218	0.015920486
187.904	0.029929424	-5.8312314	0.014035436
188.032	0.029892723	-5.8312484	0.010772709
188.16	0.029965637	-5.8314386	0.015208281
188.288	0.030306213	-5.8314509	0.012164879
188.416	0.02962271	-5.8311041	0.012950383
188.544	0.029900766	-5.8313799	0.017459695
188.672	0.029824451	-5.8309264	0.014687999
188.8	0.029721391	-5.8311895	0.016364789
188.928	0.029879457	-5.831282	0.016337595
189.056	0.03046673	-5.831837	0.014054976
189.184	0.030270743	-5.831417	0.014443566
189.312	0.02960558	-5.8309618	0.017611579
189.44	0.029809793	-5.8312316	0.01814568
189.568	0.029903448	-5.8312271	0.015579681
189.696	0.03056877	-5.832021	0.014803707
189.824	0.029641957	-5.8312514	0.020047301
189.952	0.029835747	-5.8312531	0.015517891
190.08	0.030009755	-5.8313561	0.013660589
190.208	0.030007226	-5.831494	0.012916584
190.336	0.029526639	-5.8310853	0.013854586
190.464	0.029729794	-5.8311433	0.014974277
190.592	0.030239519	-5.83144	0.01175368
190.72	0.030119696	-5.830996	0.013793613
190.848	0.029799178	-5.8309429	0.01715241
190.976	0.029454479	-5.8306988	0.017731717
191.104	0.030195731	-5.8312801	0.014269959
191.232	0.03007773	-5.8314	0.013728574
191.36	0.030000389	-5.8313103	0.013746653
191.488	0.030255318	-5.8316238	0.015256639
191.616	0.029690049	-5.8310386	0.015113684
191.744	0.029641672	-5.8310804	0.016358914
191.872	0.030280116	-5.8317605	0.014330612
192	0.030556227	-5.8316367	0.015171534
192.128	0.030244395	-5.8316377	0.014962553
192.256	0.029532539	-5.8311268	0.016695959
192.384	0.030009515	-5.8314744	0.016982492
192.512	0.029854973	-5.8310604	0.016334416
192.64	0.030487385	-5.8314701	0.0098962168
192.768	0.030084885	-5.8307483	0.011667401
192.896	0.029852611	-5.8309445	0.013028834
193.024	0.02988174	-5.8309592	0.013589558
193.152	0.029997516	-5.8310474	0.013197284
193.28	0.029964417	-5.8312189	0.014338668
193.408	0.030234017	-5.8314127	0.014667462
193.536	0.030022273	-5.8313293	0.015601328
193.664	0.029986836	-5.8312621	0.016408592
193.792	0.029821193	-5.8312135	0.015684969
193.92	0.030161242	-5.8315843	0.014509335
194.048	0.030180082	-5.8316712	0.015039344
194.176	0.029656398	-5.8309884	0.014812709
194.304	0.029704341	-5.8309559	0.013901312
194.432	0.029666195	-5.8309145	0.013567519
194.56	0.029794697	-5.8313706	0.011769787
194.688	0.02998395	-5.831322	0.014991885
194.816	0.030205551	-5.8314408	0.014025997
194.944	0.029860647	-5.8312394	0.013887723
195.072	0.030042092	-5.8311798	0.012997516
195.2	0.030161422	-5.8314183	0.01558651
195.328	0.030098558	-5.8316501	0.012679822
195.456	0.03007856	-5.831615	0.010168304
195.584	0.029973912	-5.8316289	0.014693776
195.712	0.030000693	-5.8314104	0.014314024
195.84	0.029933934	-5.8309005	0.014537076
195.968	0.029969555	-5.830957	0.013485231
196.096	0.030239904	-5.8314925	0.013150673
196.224	0.029699932	-5.8310399	0.015188384
196.352	0.029564659	-5.8312146	0.013118367
196.48	0.02972184	-5.8311599	0.01487128
196.608	0.0302927	-5.8316189	0.014898409
196.736	0.029880271	-5.8312837	0.015610393
196.864	0.030144172	-5.8313496	0.011404517
196.992	0.030064995	-5.8312363	0.014516818
197.12	0.029308731	-5.8306854	0.016949531
197.248	0.030461306	-5.8318941	0.010539828
197.376	0.030042661	-5.8313928	0.013378104
197.504	0.030374384	-5.8317532	0.012848954
197.632	0.029977496	-5.8308064	0.013859027
197.76	0.029920995	-5.8312928	0.016587546
197.888	0.030021417	-5.8310495	0.018014715
198.016	0.030479736	-5.8312369	0.01228969
198.144	0.030189353	-5.8311051	0.012999112
198.272	0.029578692	-5.8306615	0.017308322
198.4	0.030045597	-5.8311866	0.016001305
198.528	0.03007081	-5.8314088	0.015303512
198.656	0.029934324	-5.8315015	0.014981581
198.784	0.030282377	-5.8317778	0.013338062
198.912	0.029873472	-5.8311632	0.016712089
199.04	0.029600021	-5.8307684	0.018090133
199.168	0.030032602	-5.8313438	0.012078724
199.296	0.029903188	-5.8314064	0.011775683
199.424	0.030041101	-5.8317555	0.015009467
199.552	0.029849881	-5.8313373	0.012793378
199.68	0.029892533	-5.8312533	0.011492896
199.808	0.030241711	-5.8316758	0.011622216
199.936	0.030129156	-5.8313237	0.016387647
200.064	0.029924279	-5.8313858	0.016900211
200.192	0.030196859	-5.8316771	0.015193936
200.32	0.029895221	-5.8309988	0.01545642
200.448	0.03033606	-5.831426	0.013412184
200.576	0.029765703	-5.8308428	0.013349972
200.704	0.030021281	-5.8314544	0.011627115
200.832	0.029833666	-5.8315292	0.014842366
200.96	0.030239975	-5.8319144	0.013757032
201.088	0.029906214	-5.8313225	0.01234851
201.216	0.029802654	-5.8311495	0.011536507
201.344	0.029722231	-5.8310183	0.013351246
201.472	0.030262373	-5.8313174	0.012637014
201.6	0.029943702	-5.8310544	0.010943516
201.728	0.029849861	-5.8311448	0.012850135
201.856	0.029894754	-5.8310044	0.013618638
201.984	0.029929214	-5.8311848	0.014714404
202.112	0.030195083	-5.8316569	0.013477865
202.24	0.030095496	-5.8315524	0.014976083
202.368	0.030334804	-5.831577	0.014340868
202.496	0.029947295	-5.8313445	0.014641122
202.624	0.02933004	-5.8308375	0.018113962
202.752	0.030636081	-5.8318893	0.013216777
202.88	0.029789761	-5.8313632	0.016508758
203.008	0.029933599	-5.8313544	0.015851691
203.136	0.029930856	-5.8312402	0.014365851
203.264	0.029836036	-5.8311017	0.013355318
203.392	0.030019885	-5.8312356	0.012278174
203.52	0.030442074	-5.8318439	0.012410441
203.648	0.029755586	-5.8310907	0.012821322
203.776	0.030357801	-5.8312863	0.012627004
203.904	0.030031687	-5.8310629	0.014270004
204.032	0.029682441	-5.8308325	0.013473521
204.16	0.030441486	-5.8319583	0.0099754056
204.288	0.029965213	-5.8313194	0.012509684
204.416	0.02993006	-5.831258	0.014375911
204.544	0.030225598	-5.8314793	0.014290821
204.672	0.029843448	-5.8312818	0.016491167
204.8	0.029763184	-5.831189	0.017428637
204.928	0.029956845	-5.8313644	0.014832252
205.056	0.029962291	-5.8311681	0.016434868
205.184	0.02987887	-5.8308045	0.018524672
205.312	0.030181697	-5.8311004	0.015102571
205.44	0.029880426	-5.8311204	0.016010229
205.568	0.030137482	-5.8315081	0.016347761
205.696	0.030038685	-5.8313552	0.01293312
205.824	0.029811104	-5.8311544	0.011887785
205.952	0.030016301	-5.8314637	0.014728259
206.08	0.02986913	-5.8311498	0.016992633
206.208	0.02972454	-5.8309167	0.018172227
206.336	0.030479918	-5.8316618	0.015964946
206.464	0.030035204	-5.8314043	0.015096058
206.592	0.030057994	-5.831216	0.013430465
206.72	0.029566428	-5.8309263	0.014572267
206.848	0.030195471	-5.8315105	0.011592591
206.976	0.030065752	-5.8313787	0.015181569
207.104	0.030303429	-5.8317571	0.015087707
207.232	0.030269514	-5.8315249	0.014361203
207.36	0.029630438	-5.8306838	0.015128618
207.488	0.030003205	-5.8312144	0.01518077
207.616	0.02998305	-5.8314654	0.017321989
207.744	0.029476092	-5.8312017	0.016842544
207.872	0.030304199	-5.8318885	0.012583194
208	0.030096186	-5.8314618	0.01474573
208.128	0.029491323	-5.8307468	0.015420883
208.256	0.030061948	-5.8313411	0.014929395
208.384	0.030275174	-5.8315912	0.016703713
208.512	0.030032671	-5.8312285	0.013422576
208.64	0.030273143	-5.8316455	0.008245104
208.768	0.029743495	-5.8312887	0.016135304
208.896	0.029663878	-5.8307029	0.020998375
209.024	0.030165789	-5.8310468	0.014485225
209.152	0.029585496	-5.8306113	0.015413872
209.28	0.030668159	-5.8317455	0.01101922
209.408	0.029536084	-5.8307638	0.014504893
209.536	0.030482211	-5.8317115	0.012329934
209.664	0.030068406	-5.8311229	0.010011979
209.792	0.029592094	-5.8309803	0.012601622
209.92	0.030315618	-5.8317932	0.014071737
210.048	0.029870702	-5.8313471	0.012538053
210.176	0.02979404	-5.8310883	0.013020644
210.304	0.029756395	-5.8312383	0.015571301
210.432	0.030189938	-5.8315514	0.015032664
210.56	0.03018085	-5.8314499	0.019197311
210.688	0.030106965	-5.8315117	0.017774857
210.816	0.029900968	-5.8312958	0.015614671
210.944	0.029702152	-5.8309497	0.011981141
211.072	0.030530311	-5.8313123	0.010750125
211.2	0.030116207	-5.8313653	0.015833336
211.328	0.029684185	-5.8310809	0.016327181
211.456	0.030070971	-5.8312841	0.013067964
211.584	0.030116363	-5.8313705	0.011661056
211.712	0.029828136	-5.8308547	0.013050268
211.84	0.030410787	-5.8318006	0.01185606
211.968	0.029686983	-5.8311673	0.013614405
212.096	0.030311046	-5.8313157	0.011587329
212.224	0.029959403	-5.8311933	0.017033796
212.352	0.030052294	-5.8315212	0.017352931
212.48	0.030196577	-5.8314174	0.015796811
212.608	0.029895928	-5.8309089	0.014508437
212.736	0.029817027	-5.8309663	0.013523459
212.864	0.03020134	-5.8314202	0.014850545
212.992	0.02970793	-5.831029	0.018212658
213.12	0.030130482	-5.8314514	0.014199319
213.248	0.03011066	-5.8313522	0.014980488
213.376	0.030243282	-5.831304	0.015005949
213.504	0.030529326	-5.8314577	0.011591431
213.632	0.03008176	-5.8312929	0.014019188
213.76	0.029565429	-5.8308126	0.016215458
213.888	0.030079127	-5.8312106	0.014568019
214.016	0.030224399	-5.8315299	0.013812387
214.144	0.029839126	-5.8311138	0.014780688
214.272	0.029715312	-5.8308569	0.014337845
214.4	0.030369115	-5.831753	0.012779641
214.528	0.029760743	-5.8314256	0.012962738
214.656	0.029983153	-5.8313324	0.012938807
214.784	0.030188804	-5.8314632	0.014638232
214.912	0.029650239	-5.8310298	0.015313256
215.04	0.029581032	-5.8307961	0.017953747
215.168	0.030174768	-5.8315834	0.013257098
215.296	0.030031382	-5.8313412	0.015630303
215.424	0.029838789	-5.8311524	0.014022309
215.552	0.030017505	-5.8312999	0.010903604
215.68	0.030057396	-5.8311203	0.01684374
215.808	0.030123962	-5.8313295	0.01726901
215.936	0.0298302	-5.831414	0.013876787
216.064	0.030370081	-5.8318414	0.014638504
216.192	0.030061018	-5.8317169	0.01457314
216.32	0.029956242	-5.8314645	0.013145982
216.448	0.029920436	-5.8314596	0.013163324
216.576	0.029499891	-5.8308227	0.013595996
216.704	0.030371908	-5.8314813	0.012553009
216.832	0.029832311	-5.8309251	0.016368397
216.96	0.030233909	-5.8311092	0.016839427
217.088	0.030266873	-5.8311296	0.011942638
217.216	0.029864316	-5.8309413	0.010641769
217.344	0.029881017	-5.8311425	0.013944906
217.472	0.029991953	-5.83125	0.011771658
217.6	0.030060462	-5.8316961	0.01151014
217.728	0.029959703	-5.831093	0.016746591
217.856	0.029601304	-5.8309794	0.014450961
217.984	0.030233025	-5.8316136	0.01015559
218.112	0.030090219	-5.831525	0.013123336
218.24	0.029582019	-5.8308242	0.019464463
218.368	0.029878858	-5.8311969	0.015413556
218.496	0.030107688	-5.8309762	0.01735519
218.624	0.030080601	-5.8314678	0.014491156
218.752	0.030091716	-5.8314225	0.012402937
218.88	0.030065766	-5.831449	0.01568301
219.008	0.030173333	-5.8313691	0.014635858
219.136	0.029440649	-5.8305846	0.013315121
219.264	0.030256628	-5.831426	0.010580219
219.392	0.029854248	-5.8309908	0.015178999
219.52	0.030035676	-5.8312301	0.0184269
219.648	0.030182179	-5.8315233	0.018680556
219.776	0.030331944	-5.8317699	0.013867816
219.904	0.029667863	-5.8311695	0.015818165
220.032	0.030003439	-5.8311114	0.014967439
220.16	0.030202229	-5.8314561	0.012838691
220.288	0.029665619	-5.8307977	0.015146716
220.416	0.030005808	-5.831267	0.014525237
220.544	0.029947176	-5.8311352	0.014088741
220.672	0.02980355	-5.8311375	0.014025038
220.8	0.029740198	-5.8307424	0.01438345
220.928	0.02965627	-5.8307481	0.012735305
221.056	0.029801647	-5.8312366	0.013748242
221.184	0.030571189	-5.831743	0.013772272
221.312	0.029569992	-5.831069	0.015436697
221.44	0.030228701	-5.8315159	0.013575361
221.568	0.030122876	-5.831703	0.013478704
221.696	0.030109628	-5.8312452	0.014656936
221.824	0.029860283	-5.831148	0.01447312
221.952	0.030065598	-5.831389	0.015778665
222.08	0.030018045	-5.8315877	0.013495592
222.208	0.03015641	-5.8317899	0.01241962
222.336	0.030088163	-5.8315909	0.015001525
222.464	0.0298378	-5.8313088	0.01524314
222.592	0.030361287	-5.8318323	0.015287287
222.72	0.029775901	-5.8311794	0.013688921
222.848	0.029836243	-5.8313643	0.012934243
222.976	0.030049027	-5.8311104	0.017597496
223.104	0.03011411	-5.8312677	0.016330904
223.232	0.029779707	-5.831205	0.016215261
223.36	0.030549135	-5.8319229	0.013945068
223.488	0.029824932	-5.831108	0.012340652
223.616	0.030134157	-5.8314765	0.013242308
223.744	0.02996456	-5.8309592	0.013784914
223.872	0.030012559	-5.8309743	0.015871393
224	0.029823684	-5.8309349	0.015841942
224.128	0.029950564	-5.8311994	0.014648415
224.256	0.030356903	-5.8317102	0.014314241
224.384	0.029570921	-5.8308529	0.01623454
224.512	0.03024093	-5.8316766	0.014824191
224.64	0.030460055	-5.8316915	0.012077327
224.768	0.030114265	-5.8313774	0.013568671
224.896	0.029807938	-5.8308464	0.014198261
225.024	0.030058072	-5.8312989	0.010222383
225.152	0.030409573	-5.8317162	0.012767886
225.28	0.029524366	-5.8308433	0.018857395
225.408	0.030035613	-5.8313754	0.017997548
225.536	0.030308364	-5.8313729	0.014135166
225.664	0.029767756	-5.8305724	0.016996915
225.792	0.029765766	-5.8309431	0.019625526
225.92	0.029997922	-5.8314312	0.015947497
226.048	0.029948229	-5.8309984	0.014539109
226.176	0.030311361	-5.8317469	0.015695129
226.304	0.029921532	-5.8315129	0.013728569
226.432	0.029738812	-5.8312112	0.011857765
226.56	0.030073679	-5.8315863	0.011133231
226.688	0.029961228	-5.8316521	0.012705344
226.816	0.03022013	-5.8317348	0.012408282
226.944	0.029628673	-5.8309595	0.012048992
227.072	0.029987141	-5.8311961	0.011997031
227.2	0.029821495	-5.8310217	0.012982256
227.328	0.029692803	-5.8308727	0.012864488
227.456	0.030127922	-5.8315242	0.011822006
227.584	0.029889381	-5.8313675	0.015705479
227.712	0.030052948	-5.8313597	0.015191279
227.84	0.029881818	-5.8310392	0.012682208
227.968	0.030535057	-5.831815	0.011800405
228.096	0.029426075	-5.8311067	0.015889824
228.224	0.029867942	-5.8315267	0.014690418
228.352	0.02958658	-5.8310613	0.015764998
228.48	0.030352982	-5.8318394	0.010888599
228.608	0.030241857	-5.8314907	0.009195652
228.736	0.030190532	-5.8315714	0.012254783
228.864	0.029680961	-5.8308609	0.019413749
228.992	0.029655121	-5.8308331	0.015345635
229.12	0.030222766	-5.8313943	0.013817716
229.248	0.030079136	-5.8314081	0.01319249
229.376	0.029623547	-5.8311014	0.017909857
229.504	0.030479609	-5.8318711	0.016298409
229.632	0.029718345	-5.8309701	0.015302927
229.76	0.02951229	-5.8308595	0.017109787
229.888	0.029780066	-5.8310028	0.012986402
230.016	0.029918948	-5.8310825	0.012016592
230.144	0.030166421	-5.8313502	0.01260037
230.272	0.029937299	-5.831057	0.014511697
230.4	0.029808876	-5.8310976	0.014165009
230.528	0.030329975	-5.8315541	0.011920828
230.656	0.029838876	-5.831317	0.016908144
230.784	0.02988975	-5.8312112	0.017084669
230.912	0.030220262	-5.8313702	0.016503821
231.04	0.030011393	-5.831305	0.017061607
231.168	0.030117419	-5.8314589	0.016066678
231.296	0.030239257	-5.8314465	0.013565901
231.424	0.0299064	-5.8309837	0.012337036
231.552	0.030150781	-5.831177	0.013417216
231.68	0.02939026	-5.830804	0.016010258
231.808	0.030488281	-5.8317889	0.010483886
231.936	0.02980067	-5.8309379	0.013694762
232.064	0.029999547	-5.831306	0.013247123
232.192	0.030159336	-5.8311579	0.011770813
232.32	0.029936949	-5.830914	0.012168509
232.448	0.030028136	-5.8311928	0.014600351
232.576	0.030245358	-5.8316027	0.016410287
232.704	0.029989283	-5.8314845	0.014632576
232.832	0.029782329	-5.8313569	0.013194099
232.96	0.03002098	-5.8312812	0.014372279
233.088	0.029910838	-5.8312771	0.01565971
233.216	0.030257778	-5.8316991	0.015376675
233.344	0.029915019	-5.8312755	0.016424134
233.472	0.029973455	-5.8313686	0.013384306
233.6	0.029660244	-5.8312306	0.014207438
233.728	0.030105257	-5.8313963	0.012237877
233.856	0.030248491	-5.831549	0.010808631
233.984	0.030029197	-5.8313177	0.012984229
234.112	0.029928526	-5.831159	0.01644897
234.24	0.029285617	-5.8309561	0.015316044
234.368	0.030090192	-5.8315886	0.013457299
234.496	0.030170696	-5.8315327	0.017285664
234.624	0.030036957	-5.8315944	0.013566699
234.752	0.030099824	-5.8314917	0.011934472
234.88	0.0294153	-5.8311274	0.013142311
235.008	0.030438589	-5.8319966	0.013585781
235.136	0.030281782	-5.8318123	0.017107756
235.264	0.02916464	-5.8305615	0.018765842
235.392	0.03031185	-5.8315794	0.013869121
235.52	0.030190991	-5.8316579	0.014329511
235.648	0.030269738	-5.8316343	0.018863433
235.776	0.029639868	-5.8308016	0.020076353
235.904	0.030281417	-5.8317108	0.015030488
236.032	0.029784047	-5.8307321	0.012621412
236.16	0.029762359	-5.8306514	0.010882603
236.288	0.029410244	-5.8303366	0.011906204
236.416	0.030168879	-5.8310908	0.008917841
236.544	0.030085283	-5.8314913	0.010206852
236.672	0.030374441	-5.8317864	0.012416316
236.8	0.030094174	-5.8312454	0.018014609
236.928	0.029993254	-5.8307986	0.016807465
237.056	0.029907985	-5.8311648	0.015484422
237.184	0.029947086	-5.8318139	0.014426242
237.312	0.030103255	-5.8316037	0.018286583
237.44	0.029552853	-5.8308446	0.016821896
237.568	0.030329548	-5.8316165	0.013182857
237.696	0.030149931	-5.8313181	0.012720425
237.824	0.030209109	-5.8312896	0.010432734
237.952	0.029968625	-5.8307532	0.013282653
238.08	0.029798617	-5.8306159	0.012744668
238.208	0.030229691	-5.8311206	0.012421288
238.336	0.029810403	-5.8310555	0.017043197
238.464	0.029998557	-5.831282	0.016457517
238.592	0.030195327	-5.8316035	0.012802837
238.72	0.030141816	-5.8317517	0.014438164
238.848	0.030471283	-5.8320769	0.010788922
238.976	0.030002984	-5.8310361	0.014332591
239.104	0.030094078	-5.8312094	0.016689313
239.232	0.029748425	-5.8309369	0.014160662
239.36	0.029875163	-5.8312275	0.015614353
239.488	0.029650208	-5.8309313	0.015990394
239.616	0.030154669	-5.8313989	0.013287233
239.744	0.029957677	-5.8311091	0.014723283
239.872	0.03001513	-5.8311919	0.010909689
240	0.029239874	-5.8308429	0.013496014
240.128	0.030210198	-5.8316105	0.014750733
240.256	0.030018514	-5.8313498	0.014521563
240.384	0.029694149	-5.8310168	0.013416334
240.512	0.030277788	-5.8317233	0.011305148
240.64	0.02999375	-5.831216	0.013687882
240.768	0.029778517	-5.8311078	0.016805554
240.896	0.030002525	-5.8312463	0.015815257
241.024	0.029727053	-5.8312982	0.012285728
241.152	0.030226375	-5.8317469	0.015221662
241.28	0.030279046	-5.8315397	0.012208126
241.408	0.029920988	-5.8313764	0.013180905
241.536	0.03003846	-5.8311429	0.014817978
241.664	0.029883515	-5.831003	0.014263685
241.792	0.029865315	-5.8305859	0.016779864
241.92	0.030152165	-5.8312895	0.015937371
242.048	0.029894533	-5.8311621	0.017063637
242.176	0.029417441	-5.8311133	0.019188542
242.304	0.030325924	-5.8318631	0.014145128
242.432	0.02997102	-5.8313748	0.013985561
242.56	0.030127049	-5.8315373	0.014251213
242.688	0.030095256	-5.8312659	0.016991728
242.816	0.029968313	-5.8308199	0.016499978
242.944	0.030604486	-5.8315782	0.0120723
243.072	0.029613604	-5.8306738	0.017496898
243.2	0.029775342	-5.8311711	0.016444795
243.328	0.029869128	-5.8313061	0.014985084
243.456	0.030223596	-5.8311409	0.014309596
243.584	0.030237307	-5.831505	0.014715912
243.712	0.0302018	-5.8314229	0.012799979
243.84	0.029605556	-5.8309472	0.012729273
243.968	0.030019558	-5.8311834	0.012876616
244.096	0.030337999	-5.8315797	0.011101653
244.224	0.030092025	-5.8312029	0.01451731
244.352	0.030128153	-5.8315857	0.014452698
244.48	0.029627467	-5.8309965	0.0132798
244.608	0.030145039	-5.8314886	0.013295413
244.736	0.029927824	-5.8315332	0.011755272
244.864	0.029749023	-5.8313612	0.012041846
244.992	0.030061631	-5.8312158	0.013205289
245.12	0.029910231	-5.8307997	0.012188881
245.248	0.030072935	-5.8311019	0.014012034
245.376	0.03018993	-5.8314912	0.013498775
245.504	0.029845294	-5.8310597	0.014854506
245.632	0.029940369	-5.8308005	0.014221362
245.76	0.029733093	-5.8310791	0.016916533
245.888	0.030007818	-5.8313005	0.015444168
246.016	0.030081541	-5.8313977	0.014143576
246.144	0.030461541	-5.8320823	0.012140293
246.272	0.029936182	-5.8314308	0.012593067
246.4	0.030184154	-5.8312147	0.013524432
246.528	0.029653746	-5.8307517	0.015536316
246.656	0.029909887	-5.8313486	0.010985002
246.784	0.030550251	-5.8322446	0.013149094
246.912	0.029680171	-5.8311339	0.014465686
247.04	0.029694988	-5.8308947	0.010507929
247.168	0.030641727	-5.8320548	0.011099698
247.296	0.029503268	-5.8307446	0.014183155
247.424	0.029711221	-5.8310256	0.013925007
247.552	0.029839857	-5.8310849	0.018094049
247.68	0.030134657	-5.83103	0.014222344
247.808	0.030149251	-5.8311873	0.0084443964
247.936	0.029796966	-5.8307802	0.013879897
248.064	0.030290965	-5.8314202	0.013527553
248.192	0.029847359	-5.8312013	0.016377353
248.32	0.029918812	-5.8310043	0.015328548
248.448	0.030060207	-5.8312057	0.01044612
248.576	0.030039188	-5.8309573	0.012092762
248.704	0.030151776	-5.8311714	0.014784937
248.832	0.029870141	-5.8312105	0.013653439
248.96	0.030129311	-5.8313937	0.012275293
249.088	0.029945089	-5.8311106	0.014310311
249.216	0.030017166	-5.8311863	0.015837723
249.344	0.02931612	-5.8305089	0.017122197
249.472	0.030377327	-5.831514	0.01396899
249.6	0.030299092	-5.8315566	0.013213955
249.728	0.030085986	-5.8316534	0.013346354
249.856	0.029859743	-5.8311739	0.013002656
249.984	0.030178022	-5.8311631	0.010943962
250.112	0.030071658	-5.8315074	0.015652977
250.24	0.030057715	-5.8315724	0.016525802
250.368	0.02955518	-5.8310672	0.014719405
250.496	0.030078393	-5.8316472	0.014626545
250.624	0.029763771	-5.8310077	0.018004817
250.752	0.029894346	-5.8312419	0.017910581
250.88	0.030057525	-5.8314382	0.012804613
251.008	0.029769314	-5.8313285	0.012240774
251.136	0.030086907	-5.8313211	0.01399059
251.264	0.030090526	-5.8317268	0.016694824
251.392	0.029648671	-5.8311797	0.016639896
251.52	0.030476984	-5.8315772	0.0096279362
251.648	0.029652669	-5.8303321	0.012526909
251.776	0.030151179	-5.831164	0.010329758
251.904	0.030051847	-5.8312916	0.011181059
252.032	0.030151643	-5.8313452	0.014150725
252.16	0.0301905	-5.8316301	0.015468764
252.288	0.030134906	-5.8316213	0.016192986
252.416	0.029702671	-5.8309989	0.018380656
252.544	0.030427964	-5.8316499	0.013123839
252.672	0.029804797	-5.8307497	0.014776222
252.8	0.029371327	-5.8306086	0.015266429
252.928	0.030196803	-5.8311726	0.01064489
253.056	0.029633253	-5.8307017	0.015657403
253.184	0.030445752	-5.8317923	0.012292656
253.312	0.030296906	-5.8317678	0.010656673
253.44	0.029950186	-5.8311083	0.014258392
253.568	0.029867193	-5.8309507	0.014747945
253.696	0.030077646	-5.8313345	0.012383674
253.824	0.029611821	-5.8308183	0.016078001
253.952	0.029839041	-5.8310994	0.017466735
254.08	0.030243232	-5.8315082	0.016037
254.208	0.029777635	-5.831154	0.013951264
254.336	0.030015115	-5.8317133	0.010328729
254.464	0.03019641	-5.831741	0.013046725
254.592	0.029602335	-5.830977	0.014009
254.72	0.029960222	-5.8314381	0.012808834
254.848	0.029916171	-5.8312901	0.010659056
254.976	0.02976382	-5.8311365	0.012799452
255.104	0.030387764	-5.8314258	0.017480923
255.232	0.029852238	-5.8312386	0.015114578
255.36	0.029860323	-5.8312808	0.013324466
255.488	0.030529656	-5.8322347	0.012760834
255.616	0.029806129	-5.8314002	0.016806652
255.744	0.030494403	-5.8317049	0.015436687
255.872	0.029791808	-5.8308193	0.014323685
256	0.029978225	-5.8311061	0.014789578
256.128	0.029757017	-5.8311451	0.013911554
256.256	0.029854745	-5.8312835	0.016419795
256.384	0.030494679	-5.8319535	0.014557508
256.512	0.029775093	-5.8311257	0.014670591
256.64	0.030088868	-5.8313503	0.013704337
256.768	0.029863232	-5.8310864	0.015978719
256.896	0.030150685	-5.8312337	0.015369151
257.024	0.030055502	-5.8309901	0.014250672
257.152	0.029991347	-5.83104	0.014882799
257.28	0.030169891	-5.8318511	0.013275969
257.408	0.02976089	-5.8312017	0.013629958
257.536	0.03025667	-5.831474	0.0098609102
257.664	0.029490487	-5.8306011	0.013883961
257.792	0.030150039	-5.8315146	0.011460128
257.92	0.029740391	-5.8308844	0.014925074
258.048	0.029762012	-5.8307926	0.01473539
258.176	0.030322249	-5.8316587	0.012917371
258.304	0.029945377	-5.8312217	0.01531648
258.432	0.029191987	-5.8306829	0.015742007
258.56	0.030319558	-5.8319449	0.013842633
258.688	0.030011933	-5.8315459	0.014982654
258.816	0.029959849	-5.8311066	0.012822908
258.944	0.029850803	-5.8312278	0.015722932
259.072	0.02983643	-5.8311355	0.018435413
259.2	0.03032451	-5.8316275	0.01727267
259.328	0.029815047	-5.8309254	0.013191147
259.456	0.030401914	-5.8314645	0.010426454
259.584	0.029745599	-5.8308302	0.017005259
259.712	0.030086603	-5.8312101	0.01569534
259.84	0.030062252	-5.8312177	0.014136148
259.968	0.029793927	-5.8309839	0.013566976
260.096	0.030019938	-5.8309623	0.015096447
260.224	0.030201414	-5.8313523	0.013101315
260.352	0.030024502	-5.8313612	0.013000157
260.48	0.029591805	-5.8308699	0.017936535
260.608	0.030046413	-5.8314824	0.01541366
260.736	0.030338738	-5.8319292	0.013561836
260.864	0.029907024	-5.8311842	0.014730328
260.992	0.029978537	-5.8311696	0.015247835
261.12	0.029988677	-5.8311012	0.016198249
261.248	0.029618198	-5.8308296	0.016256906
261.376	0.030664074	-5.831695	0.013672027
261.504	0.030084512	-5.831428	0.01313675
261.632	0.029444962	-5.8307311	0.015748935
261.76	0.030027418	-5.8310763	0.013899103
261.888	0.030106799	-5.8313635	0.013241192
262.016	0.030106385	-5.8312381	0.012039051
262.144	0.030222638	-5.8315704	0.014655651
262.272	0.029631679	-5.8308416	0.015421758
262.4	0.030070491	-5.8312112	0.011435599
262.528	0.03020847	-5.8315938	0.013728542
262.656	0.029394759	-5.8307277	0.015246114
262.784	0.030102292	-5.8312769	0.017404161
262.912	0.029760019	-5.8309694	0.018433508
263.04	0.030197856	-5.8314573	0.010578166
263.168	0.030377676	-5.8317164	0.011690791
263.296	0.029807165	-5.8310294	0.015967862
263.424	0.029772742	-5.8307545	0.013578558
263.552	0.030311143	-5.831912	0.014351093
263.68	0.029768886	-5.8315536	0.017298434
263.808	0.030209449	-5.8318615	0.010084462
263.936	0.030250363	-5.8315965	0.0093026324
264.064	0.029670299	-5.830997	0.014356604
264.192	0.030150154	-5.8318615	0.015013782
264.32	0.02982452	-5.8312546	0.015695771
264.448	0.030077598	-5.8313456	0.014192779
264.576	0.030439693	-5.8318028	0.010713321
264.704	0.029593158	-5.8311172	0.015096043
264.832	0.029932349	-5.831329	0.017129686
264.96	0.030309118	-5.8318744	0.0095502402
265.088	0.02980956	-5.8310573	0.013926242
265.216	0.029169025	-5.8307037	0.01833653
265.344	0.030487538	-5.8320583	0.0096354377
265.472	0.029661504	-5.8308194	0.017817561
265.6	0.030371977	-5.8314225	0.014691075
265.728	0.029432133	-5.830592	0.0116003
265.856	0.03077032	-5.8318073	0.0058922842
265.984	0.029642487	-5.831026	0.011835274
266.112	0.029606409	-5.830735	0.013913138
266.24	0.029609873	-5.8307837	0.012898801
266.368	0.029978599	-5.8309617	0.010747406
266.496	0.030681374	-5.8318109	0.011204322
266.624	0.030256369	-5.8314233	0.013901913
266.752	0.029560872	-5.8307924	0.014724438
266.88	0.030095588	-5.8314692	0.012744679
267.008	0.029358195	-5.8306649	0.015663342
267.136	0.029969799	-5.8310374	0.015837302
267.264	0.029878278	-5.8310728	0.016317466
267.392	0.029904277	-5.8309061	0.015289132
267.52	0.029848425	-5.8309099	0.015429981
267.648	0.030219207	-5.831429	0.012444007
267.776	0.030445556	-5.8318067	0.010372348
267.904	0.030137151	-5.831764	0.013541647
268.032	0.029664563	-5.8313827	0.014003163
268.16	0.030444536	-5.8320318	0.011860732
268.288	0.030061211	-5.8313511	0.016794637
268.416	0.030278592	-5.8314974	0.015014958
268.544	0.030011513	-5.8311099	0.015267935
268.672	0.029772174	-5.8307893	0.010376471
268.8	0.030400325	-5.8313193	0.011395553
268.928	0.029587364	-5.8308644	0.015343295
269.056	0.030351514	-5.8316334	0.013132387
269.184	0.030014833	-5.8313059	0.014654965
269.312	0.030124227	-5.8313446	0.015242781
269.44	0.02996003	-5.8310288	0.015692273
269.568	0.030039874	-5.8310295	0.013418787
269.696	0.029466806	-5.8307918	0.015489255
269.824	0.030307204	-5.8319793	0.010496567
269.952	0.029718332	-5.831022	0.01311985
270.08	0.030113343	-5.8314779	0.015564746
270.208	0.029872804	-5.8313929	0.016185646
270.336	0.02979422	-5.8313609	0.010672394
270.464	0.02996309	-5.8312454	0.011357487
270.592	0.029986015	-5.8313278	0.014705431
270.72	0.029740411	-5.8309742	0.013268865
270.848	0.030175799	-5.8315984	0.014602899
270.976	0.030350101	-5.8317435	0.014404768
271.104	0.030358936	-5.8318063	0.013765626
271.232	0.029307201	-5.8306356	0.013868163
271.36	0.030076046	-5.8312525	0.013466963
271.488	0.030274297	-5.8314169	0.017787052
271.616	0.029855855	-5.8309963	0.014447032
271.744	0.029446269	-5.8309341	0.013326479
271.872	0.030216858	-5.8314296	0.013946061
272	0.029904488	-5.831366	0.01388945
272.128	0.029631001	-5.8308232	0.011616511
272.256	0.030260393	-5.8314468	0.011976497
272.384	0.030090876	-5.831421	0.013280833
272.512	0.029876511	-5.8312572	0.014204424
272.64	0.029932249	-5.8316461	0.016184979
272.768	0.029872164	-5.8315238	0.014729328
272.896	0.029823425	-5.8312236	0.01207138
273.024	0.029920989	-5.8311927	0.017045271
273.152	0.029961113	-5.8314485	0.015667341
273.28	0.029710193	-5.8308938	0.016421076
273.408	0.030286409	-5.8315072	0.016847418
273.536	0.030373822	-5.8315029	0.013689553
273.664	0.029908031	-5.8310066	0.014134635
273.792	0.030325162	-5.8314137	0.014986712
273.92	0.029927474	-5.8314102	0.016979321
274.048	0.030269346	-5.83176	0.012043125
274.176	0.03011492	-5.8315051	0.013952422
274.304	0.029836871	-5.8309791	0.013815366
274.432	0.029981166	-5.8311081	0.012461257
274.56	0.030278117	-5.8314727	0.009973759
274.688	0.030218488	-5.8315104	0.0065745326
274.816	0.030323086	-5.831586	0.0079287305
274.944	0.029778928	-5.8308411	0.014908619
275.072	0.030512956	-5.8317398	0.015377802
275.2	0.029594087	-5.83078	0.017988171
275.328	0.029605391	-5.8305829	0.01741313
275.456	0.030334909	-5.8312972	0.010229419
275.584	0.03024213	-5.8312886	0.014260529
275.712	0.029807164	-5.8311253	0.016553181
275.84	0.030030139	-5.8312081	0.014632761
275.968	0.030226987	-5.8315894	0.013648647
276.096	0.03015172	-5.8314078	0.013862574
276.224	0.029275472	-5.8306427	0.016055627
276.352	0.030233847	-5.8315354	0.011872153
276.48	0.029992672	-5.8314051	0.015922507
276.608	0.02991141	-5.8314821	0.01220168
276.736	0.030167662	-5.8317845	0.013216236
276.864	0.030326706	-5.8318818	0.015102904
276.992	0.029743844	-5.8309619	0.014626569
277.12	0.029684828	-5.831021	0.014457245
277.248	0.029775569	-5.8309348	0.014667933
277.376	0.029847275	-5.8312471	0.015174654
277.504	0.030217463	-5.8313828	0.013890361
277.632	0.029860789	-5.8312715	0.014861513
277.76	0.030341194	-5.8317974	0.013333788
277.888	0.029609059	-5.8307235	0.015226678
278.016	0.029710331	-5.8305118	0.016217246
278.144	0.030278957	-5.8316067	0.015964837
278.272	0.029681668	-5.8307406	0.01745213
278.4	0.030202108	-5.831339	0.013899155
278.528	0.029974282	-5.8314556	0.01320206
278.656	0.030055143	-5.8314711	0.014448758
278.784	0.029790192	-5.831152	0.016042748
278.912	0.02996287	-5.8310332	0.018713364
279.04	0.030083769	-5.8314008	0.011839419
279.168	0.029803071	-5.8312166	0.0097330135
279.296	0.030137099	-5.8313921	0.016971898
279.424	0.03043942	-5.831709	0.016121147
279.552	0.030334165	-5.8318408	0.012161813
279.68	0.029774736	-5.8313436	0.014006824
279.808	0.030092952	-5.8316327	0.013473339
279.936	0.029722362	-5.8313808	0.018186076
280.064	0.029909508	-5.8312218	0.016889137
280.192	0.030391052	-5.8313419	0.011216383
280.32	0.029985682	-5.83105	0.011813736
280.448	0.030193803	-5.8315113	0.012285876
280.576	0.029693388	-5.8309609	0.014084488
280.704	0.029507121	-5.8306085	0.017185772
280.832	0.030312809	-5.8318682	0.01431926
280.96	0.03000504	-5.8312086	0.014772562
281.088	0.029659786	-5.8308041	0.014389102
281.216	0.030030643	-5.8311726	0.011096356
281.344	0.030179307	-5.831413	0.013200437
281.472	0.030078796	-5.8311173	0.013432906
281.6	0.030395805	-5.8316649	0.012560352
281.728	0.030078073	-5.831486	0.013261368
281.856	0.029671117	-5.8309276	0.014838754
281.984	0.030075256	-5.8314112	0.012191024
282.112	0.03010208	-5.8314235	0.012039038
282.24	0.029873827	-5.8310467	0.012223473
282.368	0.029721119	-5.8312192	0.010877462
282.496	0.030075658	-5.8311773	0.014231454
282.624	0.03021667	-5.8315272	0.01685083
282.752	0.029679965	-5.8311333	0.016798537
282.88	0.030043124	-5.8312072	0.013987392
283.008	0.030098907	-5.8315005	0.013718328
283.136	0.03012496	-5.8312955	0.018207305
283.264	0.029914895	-5.831349	0.018903433
283.392	0.030290672	-5.831633	0.015072914
283.52	0.030074967	-5.8312865	0.016893162
283.648	0.029975624	-5.8311756	0.014479012
283.776	0.02974563	-5.8311677	0.016486574
283.904	0.029744226	-5.8308848	0.017483418
284.032	0.029987062	-5.8314508	0.013589531
284.16	0.030264474	-5.831844	0.011079124
284.288	0.029421854	-5.8305649	0.011628491
284.416	0.030027924	-5.8310663	0.011718967
284.544	0.03043113	-5.8319411	0.010990535
284.672	0.029848442	-5.8311695	0.013423872
284.8	0.029553142	-5.8310632	0.019160874
284.928	0.030020197	-5.8313498	0.016587839
285.056	0.030340539	-5.8318014	0.014685718
285.184	0.029425147	-5.8307427	0.01627072
285.312	0.03073983	-5.8319959	0.011726756
285.44	0.029790313	-5.8312989	0.015344969
285.568	0.029889176	-5.8311326	0.014216566
285.696	0.029876316	-5.8307582	0.014246661
285.824	0.029982914	-5.8308719	0.014067253
285.952	0.030349526	-5.8315265	0.015027519
286.08	0.029534552	-5.8306803	0.01535291
286.208	0.029938691	-5.8309489	0.013933603
286.336	0.030454115	-5.8313733	0.014779118
286.464	0.02970028	-5.830726	0.016776385
286.592	0.029885897	-5.8310894	0.01156163
286.72	0.030109833	-5.8314713	0.011298628
286.848	0.03019958	-5.8311553	0.015527049
286.976	0.029515372	-5.8302907	0.015532143
287.104	0.030048384	-5.8311384	0.011079246
287.232	0.029740487	-5.8307129	0.012353413
287.36	0.030014781	-5.8312597	0.0097213087
287.488	0.030293531	-5.8316214	0.011276713
287.616	0.030086124	-5.8312067	0.014699092
287.744	0.030243171	-5.8314115	0.011288352
287.872	0.03018282	-5.8316262	0.011681414
288	0.029960635	-5.8311319	0.013210827
288.128	0.029568199	-5.8310896	0.016312834
288.256	0.030160509	-5.8317391	0.014045228
288.384	0.029975139	-5.8312822	0.012057131
288.512	0.030218313	-5.831238	0.013239503
288.64	0.029840919	-5.8308347	0.016475164
288.768	0.029809909	-5.8311879	0.012735063
288.896	0.029622231	-5.8310632	0.012875528
289.024	0.030309064	-5.8318343	0.015401821
289.152	0.030101682	-5.8316619	0.016311605
289.28	0.03008428	-5.8314184	0.016938026
289.408	0.029800645	-5.831103	0.016791983
289.536	0.030050425	-5.831216	0.011271064
289.664	0.029762319	-5.8311096	0.012747312
289.792	0.030103297	-5.83148	0.013972364
289.92	0.029893825	-5.8314674	0.01661565
290.048	0.030071466	-5.8314637	0.015619212
290.176	0.02979377	-5.831374	0.015288426
290.304	0.029752002	-5.8313122	0.016448298
290.432	0.030178163	-5.8315249	0.013218169
290.56	0.029815903	-5.8311123	0.013508143
290.688	0.029940747	-5.8311738	0.0147898
290.816	0.030012493	-5.8317252	0.011183031
290.944	0.029881561	-5.8314149	0.0083920577
291.072	0.029892098	-5.830993	0.013837147
291.2	0.030361126	-5.8313214	0.011902508
291.328	0.030071565	-5.8312918	0.014008894
291.456	0.029838103	-5.8310636	0.015232407
291.584	0.030253675	-5.831518	0.015095831
291.712	0.029491606	-5.8308681	0.019209281
291.84	0.030133198	-5.8315965	0.0154963
291.968	0.030891051	-5.8319863	0.014714717
292.096	0.029885676	-5.8312523	0.016625911
292.224	0.029690162	-5.8310814	0.016151343
292.352	0.029874354	-5.8312167	0.017487805
292.48	0.029792836	-5.8311981	0.015880476
292.608	0.030046352	-5.8313653	0.01252188
292.736	0.03007655	-5.8313783	0.011645157
292.864	0.029966572	-5.8309918	0.012790751
292.992	0.029408923	-5.8306612	0.012174971
293.12	0.030717549	-5.8319957	0.0092243815
293.248	0.029477683	-5.8308511	0.014623462
293.376	0.029867552	-5.8314198	0.01322149
293.504	0.029973359	-5.8311264	0.014947312
293.632	0.030058226	-5.8312485	0.015485844
293.76	0.030060618	-5.8312396	0.013806192
293.888	0.029911936	-5.8309536	0.014393707
294.016	0.030200441	-5.8315916	0.014341231
294.144	0.030314125	-5.8317284	0.014689101
294.272	0.029631807	-5.8308252	0.016174747
294.4	0.030006058	-5.8315034	0.017258953
294.528	0.029989199	-5.8315333	0.01620419
294.656	0.029689297	-5.8310683	0.011929214
294.784	0.030380031	-5.8313537	0.012604794
294.912	0.029906697	-5.8311212	0.018025239
295.04	0.030087038	-5.8315002	0.015178095
295.168	0.03008883	-5.8312879	0.013586151
295.296	0.030382967	-5.8314545	0.016344343
295.424	0.02972336	-5.8306326	0.018348711
295.552	0.029790131	-5.8310642	0.01219516
295.68	0.030044983	-5.8313674	0.012481028
295.808	0.029999057	-5.8311408	0.012258918
295.936	0.030094324	-5.8312258	0.010705227
296.064	0.029862091	-5.83086	0.014458017
296.192	0.029869688	-5.8313112	0.015008235
296.32	0.030321391	-5.832095	0.016163656
296.448	0.029935354	-5.8313637	0.014133451
296.576	0.029887326	-5.8314473	0.012918145
296.704	0.030175392	-5.8315053	0.014423212
296.832	0.030105045	-5.8311955	0.012920173
296.96	0.030006337	-5.831252	0.017704541
297.088	0.029529598	-5.8306352	0.01848262
297.216	0.029873056	-5.8306849	0.014678928
297.344	0.030431269	-5.8314185	0.01437945
297.472	0.029836682	-5.8309869	0.013196927
297.6	0.029792759	-5.8312235	0.011447221
297.728	0.030305194	-5.8321848	0.015386292
297.856	0.029181391	-5.8308655	0.01654275
297.984	0.030237066	-5.8317952	0.011426651
298.112	0.03002304	-5.8312775	0.016769225
298.24	0.029527422	-5.8311253	0.016266783
298.368	0.030224079	-5.8315825	0.011229406
298.496	0.030205502	-5.8317813	0.012984616
298.624	0.030480615	-5.8321675	0.013643531
298.752	0.029627811	-5.831033	0.017540732
298.88	0.029749127	-5.8310335	0.01787832
299.008	0.030408358	-5.83148	0.012505559
299.136	0.029310699	-5.830496	0.014595349
299.264	0.030639184	-5.8318217	0.0099793827
299.392	0.030041432	-5.831286	0.010464932
299.52	0.030344855	-5.8313097	0.010790278
299.648	0.029645965	-5.8306722	0.014901843
299.776	0.029547169	-5.8307395	0.013609958
299.904	0.030402009	-5.8316348	0.0099203383
300.032	0.029739844	-5.8309837	0.01474676
300.16	0.030096898	-5.8313486	0.015252684
300.288	0.030033114	-5.8307326	0.011046859
300.416	0.030097476	-5.8310054	0.013895813
300.544	0.030376035	-5.831954	0.011661469
300.672	0.029630909	-5.8311778	0.013940156
300.8	0.030192534	-5.8315058	0.014730404
300.928	0.030389625	-5.8314348	0.012198056
301.056	0.029504521	-5.8304476	0.014664314
301.184	0.029913386	-5.8309443	0.017643156
301.312	0.030032618	-5.8308321	0.018415165
301.44	0.029637526	-5.8308172	0.017297351
301.568	0.030545517	-5.8317356	0.01204064
301.696	0.029903716	-5.8310351	0.014814826
301.824	0.030075807	-5.8310494	0.014881979
301.952	0.02993644	-5.8312136	0.016899047
302.08	0.03007102	-5.831418	0.015379253
302.208	0.029919759	-5.8313628	0.013889053
302.336	0.029567804	-5.8308205	0.014533046
302.464	0.030120313	-5.8314734	0.012155372
302.592	0.029935961	-5.8315667	0.016669134
302.72	0.03029956	-5.8315721	0.014105302
302.848	0.029665815	-5.8307385	0.017201831
302.976	0.029824311	-5.8310329	0.015740952
303.104	0.030345063	-5.8317877	0.013850633
303.232	0.029356712	-5.8307663	0.01498473
303.36	0.029695073	-5.8312882	0.011615898
303.488	0.030485319	-5.8317984	0.010774379
303.616	0.029913655	-5.8315166	0.015566393
303.744	0.029861328	-5.8312854	0.017686318
303.872	0.029909078	-5.8315898	0.015085797
304	0.030012992	-5.8312232	0.011706503
304.128	0.029992757	-5.8310595	0.015003402
304.256	0.029998321	-5.8313812	0.017623783
304.384	0.03004429	-5.8313927	0.015235408
304.512	0.029927105	-5.8309717	0.017238885
304.64	0.030189444	-5.8312802	0.014751489
304.768	0.029697408	-5.8308872	0.013354913
304.896	0.030222125	-5.8318074	0.012925664
305.024	0.030298912	-5.8319275	0.012627019
305.152	0.02983897	-5.8313027	0.012333589
305.28	0.03030927	-5.8315314	0.012654925
305.408	0.029932094	-5.8314262	0.015859989
305.536	0.030332165	-5.8316821	0.012251117
305.664	0.029663294	-5.8313381	0.013895416
305.792	0.029730193	-5.8314342	0.015448661
305.92	0.030450365	-5.8319104	0.013765411
306.048	0.03011185	-5.8315015	0.014723763
306.176	0.030394793	-5.8316041	0.012911852
306.304	0.029364981	-5.8308377	0.01470179
306.432	0.030033867	-5.831256	0.015610767
306.56	0.029861906	-5.8312088	0.015576701
306.688	0.03031088	-5.8313787	0.012645009
306.816	0.029841121	-5.8312057	0.015223939
306.944	0.02998786	-5.8315003	0.015424955
307.072	0.029736823	-5.8308956	0.01401295
307.2	0.030108717	-5.8308871	0.01110413
307.328	0.030322943	-5.8316558	0.012401379
307.456	0.030306857	-5.8315558	0.012894164
307.584	0.029694156	-5.8307501	0.015347578
307.712	0.029856605	-5.831122	0.015739881
307.84	0.0303614	-5.8316922	0.015122836
307.968	0.029764656	-5.8310589	0.013941389
308.096	0.0294704	-5.8307064	0.013842254
308.224	0.030311862	-5.831623	0.010091261
308.352	0.030184051	-5.8312152	0.010991297
308.48	0.030135455	-5.8314089	0.012919841
308.608	0.030105745	-5.8315237	0.013376247
308.736	0.029717999	-5.8310451	0.014202279
308.864	0.029940329	-5.8313083	0.010476989
308.992	0.030179828	-5.8317103	0.01257507
309.12	0.029662379	-5.8311586	0.017983865
309.248	0.029866452	-5.8311702	0.018132901
309.376	0.029883534	-5.8311222	0.016181804
309.504	0.030029429	-5.8313703	0.01423732
309.632	0.029962434	-5.8314381	0.015027402
309.76	0.029967744	-5.8310889	0.013922269
309.888	0.030234873	-5.8317411	0.010910206
310.016	0.029542702	-5.8308553	0.015487101
310.144	0.029650541	-5.8309259	0.012211718
310.272	0.030375656	-5.8315824	0.010798415
310.4	0.030179881	-5.8316719	0.014211504
310.528	0.030008903	-5.8315392	0.016653281
310.656	0.029375287	-5.8306687	0.020554162
310.784	0.029794534	-5.8312623	0.018091487
310.912	0.030350828	-5.8318214	0.015208373
311.04	0.030138217	-5.8315782	0.015052435
311.168	0.030263786	-5.8313471	0.015175427
311.296	0.029438714	-5.8303986	0.014367155
311.424	0.02965699	-5.8308026	0.014219989
311.552	0.030077042	-5.8313523	0.015002599
311.68	0.029914677	-5.8311124	0.014310401
311.808	0.030652112	-5.8317899	0.011215756
311.936	0.02948054	-5.8305516	0.014721181
312.064	0.029781763	-5.8309949	0.014281813
312.192	0.030317091	-5.8317083	0.014428072
312.32	0.029650306	-5.8307601	0.014631983
312.448	0.029971908	-5.8311347	0.013100601
312.576	0.029904485	-5.8310886	0.014344258
312.704	0.030099548	-5.8314254	0.012989892
312.832	0.030093654	-5.8316142	0.014734882
312.96	0.029818816	-5.8310915	0.015150098
313.088	0.030237962	-5.8313355	0.012412613
313.216	0.029866383	-5.8308903	0.016356173
313.344	0.030007527	-5.8314673	0.012535226
313.472	0.030470861	-5.8318191	0.012673004
313.6	0.030258431	-5.8315785	0.014930763
313.728	0.029546052	-5.8307218	0.015767817
313.856	0.030266759	-5.8314698	0.012477465
313.984	0.029788351	-5.8311472	0.014743142
314.112	0.030007772	-5.8313475	0.012689725
314.24	0.029915302	-5.8314024	0.015099671
314.368	0.030357354	-5.83142	0.014407279
314.496	0.030165964	-5.8311544	0.015474307
314.624	0.03033621	-5.8316406	0.014736303
314.752	0.0300483	-5.8312087	0.015481926
314.88	0.029745878	-5.8308569	0.016665647
315.008	0.029644112	-5.8307108	0.013742614
315.136	0.029961272	-5.8311579	0.012775881
315.264	0.030134394	-5.8314646	0.010524953
315.392	0.030246933	-5.8316015	0.010750789
315.52	0.029555566	-5.8310113	0.013595681
315.648	0.029648563	-5.8312566	0.015341763
315.776	0.029939483	-5.8312354	0.017112447
315.904	0.030349658	-5.8318754	0.012495132
316.032	0.029603377	-5.8311395	0.015015516
316.16	0.030449846	-5.8316336	0.012587612
316.288	0.030038245	-5.8313023	0.011979451
316.416	0.029738634	-5.8308982	0.012750958
316.544	0.029979065	-5.8310186	0.014124643
316.672	0.029986732	-5.8311743	0.013844197
316.8	0.030348406	-5.8318528	0.012871622
316.928	0.029803821	-5.830969	0.01763803
317.056	0.029836886	-5.8311023	0.017414633
317.184	0.029822109	-5.8309972	0.015795811
317.312	0.029967359	-5.8310259	0.015707061
317.44	0.030254954	-5.8314437	0.015887728
317.568	0.030387385	-5.8317446	0.013463274
317.696	0.029630891	-5.8306785	0.013440344
317.824	0.029649857	-5.831002	0.01588699
317.952	0.030258773	-5.8319673	0.016576439
318.08	0.030358576	-5.831755	0.014910059
318.208	0.030261869	-5.8317434	0.012472224
318.336	0.029596188	-5.8309673	0.012419204
318.464	0.030029874	-5.8314881	0.011706861
318.592	0.030490232	-5.8319632	0.01145733
318.72	0.02940404	-5.8305353	0.017703533
318.848	0.030397368	-5.831558	0.014393518
318.976	0.030307713	-5.8317409	0.013812206
319.104	0.030135327	-5.8316016	0.013923922
319.232	0.030210403	-5.8312633	0.011971657
319.36	0.029300987	-5.8304901	0.013913033
319.488	0.030075532	-5.8312445	0.01584998
319.616	0.029800363	-5.8309778	0.017683526
319.744	0.02972185	-5.8309759	0.012739299
319.872	0.029982591	-5.831545	0.0099298541
320	0.02990696	-5.8312966	0.013125408
320.128	0.030093342	-5.831385	0.015003586
320.256	0.030102311	-5.8312479	0.01194832
320.384	0.030166449	-5.8311465	0.01101015
320.512	0.030108575	-5.8309383	0.013007599
320.64	0.029842682	-5.8308633	0.01349588
320.768	0.030013865	-5.8311679	0.017105458
320.896	0.030047518	-5.8316535	0.013903666
321.024	0.029914631	-5.8314778	0.011499628
321.152	0.03034357	-5.8318694	0.014286812
321.28	0.029785988	-5.8313355	0.014925549
321.408	0.030089876	-5.8315334	0.014320473
321.536	0.029983692	-5.831143	0.014804657
321.664	0.03036131	-5.8318092	0.012667693
321.792	0.029794566	-5.8312506	0.013525948
321.92	0.029800477	-5.8312826	0.012692765
322.048	0.030289094	-5.8314591	0.016947591
322.176	0.029761382	-5.8313188	0.018740952
322.304	0.030153781	-5.8317212	0.011631271
322.432	0.030158758	-5.8313599	0.010153205
322.56	0.029411043	-5.8310241	0.014278276
322.688	0.030033708	-5.8313666	0.015352696
322.816	0.030058553	-5.831627	0.012841243
322.944	0.030022628	-5.8314196	0.010662999
323.072	0.030039294	-5.8312973	0.010477813
323.2	0.029684042	-5.8307897	0.015012474
323.328	0.029930251	-5.8310451	0.015039474
323.456	0.029916183	-5.8313074	0.014426138
323.584	0.030308015	-5.8313051	0.012905616
323.712	0.029869103	-5.831099	0.014997689
323.84	0.030108623	-5.8316968	0.015620976
323.968	0.030064646	-5.8313716	0.015063321
324.096	0.029984356	-5.8312264	0.016994481
324.224	0.029751814	-5.830744	0.018677275
324.352	0.030495695	-5.8316624	0.010914244
324.48	0.029403317	-5.8306158	0.013793449
324.608	0.029942964	-5.8311945	0.016034229
324.736	0.030060054	-5.8313079	0.013494958
324.864	0.030000469	-5.8309983	0.011841402
324.992	0.03055745	-5.8318002	0.012157502
325.12	0.029175808	-5.8303162	0.015902365
325.248	0.030411073	-5.831429	0.014058279
325.376	0.029967634	-5.8312242	0.015719858
325.504	0.02970896	-5.8307662	0.015763894
325.632	0.029595358	-5.830884	0.017043998
325.76	0.029998332	-5.8314263	0.013864906
325.888	0.030153004	-5.8317834	0.012371167
326.016	0.030095231	-5.8319773	0.010480947
326.144	0.029816346	-5.8316112	0.01036737
326.272	0.029731394	-5.8315344	0.011498087
326.4	0.030061587	-5.8316477	0.014713051
326.528	0.030168998	-5.831562	0.013297471
326.656	0.029751212	-5.8313989	0.013797762
326.784	0.029988205	-5.8313769	0.016554186
326.912	0.030032116	-5.8312683	0.016608293
327.04	0.029844676	-5.8309443	0.014829974
327.168	0.030258413	-5.8312023	0.013787314
327.296	0.030078036	-5.8310906	0.015863789
327.424	0.030028075	-5.8312615	0.014594966
327.552	0.02987631	-5.8312224	0.016395897
327.68	0.030093348	-5.8314619	0.01584735
327.808	0.029511597	-5.8310835	0.013600812
327.936	0.02973817	-5.8313101	0.012045961
328.064	0.030084193	-5.831299	0.015021195
328.192	0.030027615	-5.8313207	0.014219761
328.32	0.030018951	-5.8312731	0.010141904
328.448	0.030210187	-5.8315705	0.01347668
328.576	0.030121554	-5.8314932	0.017223849
328.704	0.029695598	-5.8310531	0.015070203
328.832	0.030082918	-5.8312251	0.012124146
328.96	0.030156222	-5.8314966	0.012067516
329.088	0.030210458	-5.8316031	0.014416411
329.216	0.030193105	-5.8314437	0.013316941
329.344	0.029610688	-5.8307725	0.012946981
329.472	0.029646018	-5.8310823	0.012964782
329.6	0.030512229	-5.8318189	0.012549043
329.728	0.03030878	-5.83176	0.015546052
329.856	0.029537033	-5.8304415	0.017724789
329.984	0.030230422	-5.8314233	0.012366397
330.112	0.029949515	-5.8311126	0.014935078
330.24	0.029937714	-5.8313117	0.012841254
330.368	0.030031933	-5.8313319	0.013227797
330.496	0.030179408	-5.8315068	0.012134101
330.624	0.030198433	-5.8317465	0.014863343
330.752	0.029369828	-5.8308513	0.018197246
330.88	0.029911539	-5.8311755	0.015309002
331.008	0.030388069	-5.8315489	0.014577119
331.136	0.030490568	-5.8318426	0.012180858
331.264	0.0300008	-5.831212	0.011859742
331.392	0.029980933	-5.8311692	0.011278368
331.52	0.030138186	-5.8316982	0.0098376751
331.648	0.029701845	-5.8310817	0.011571069
331.776	0.02960378	-5.8306489	0.012108231
331.904	0.030242172	-5.8316045	0.01238491
332.032	0.030297998	-5.831775	0.01379081
332.16	0.029965806	-5.8315667	0.01473491
332.288	0.029803141	-5.8312857	0.016026033
332.416	0.029962525	-5.8315011	0.015291844
332.544	0.029858573	-5.8313411	0.014524297
332.672	0.029951209	-5.8314058	0.014359988
332.8	0.029790144	-5.8310635	0.01870055
332.928	0.030098327	-5.8313005	0.013684046
333.056	0.029624251	-5.8304946	0.012556971
333.184	0.030170928	-5.8313984	0.012139828
333.312	0.029797286	-5.831261	0.01436548
333.44	0.03028395	-5.8316935	0.012257424
333.568	0.029998279	-5.8314108	0.011348582
333.696	0.029981479	-5.8312205	0.01528162
333.824	0.030542816	-5.8318394	0.010407448
333.952	0.029943273	-5.8314467	0.013824158
334.08	0.03007875	-5.8313751	0.016162148
334.208	0.029652577	-5.8309433	0.015314087
334.336	0.030205876	-5.8314143	0.01035287
334.464	0.03000032	-5.8314917	0.01361487
334.592	0.030344418	-5.8316654	0.011865182
334.72	0.02982179	-5.8313185	0.015018314
334.848	0.03091218	-5.8324023	0.01022475
334.976	0.029538814	-5.830691	0.013094153
335.104	0.030370303	-5.8316125	0.013041476
335.232	0.029936951	-5.8310564	0.017166889
335.36	0.030192605	-5.8314319	0.01433433
335.488	0.030065872	-5.8313483	0.017198281
335.616	0.02985916	-5.8308188	0.018980434
335.744	0.030419842	-5.8313211	0.013570978
335.872	0.029739756	-5.8308165	0.015716292
336	0.029911028	-5.8310376	0.012641149
336.128	0.03027162	-5.8313546	0.012201268
336.256	0.030007936	-5.8308901	0.01661397
336.384	0.029959603	-5.8308353	0.014749894
336.512	0.02971377	-5.8311626	0.014193916
336.64	0.030030976	-5.831416	0.015795136
336.768	0.03003856	-5.8318042	0.013401407
336.896	0.029873162	-5.8317216	0.013600968
337.024	0.030069443	-5.8318204	0.015926241
337.152	0.030288222	-5.8314716	0.016730155
337.28	0.029946855	-5.8313083	0.014101513
337.408	0.03027547	-5.8317106	0.013699306
337.536	0.030205195	-5.8317949	0.015898804
337.664	0.029845404	-5.8314601	0.016949212
337.792	0.030042146	-5.8313776	0.013886087
337.92	0.029798028	-5.8312291	0.016219732
338.048	0.029968832	-5.8312411	0.014836401
338.176	0.030069525	-5.8315873	0.012969284
338.304	0.02938981	-5.8310744	0.01753418
338.432	0.030008684	-5.8312552	0.014652177
338.56	0.029974757	-5.8310947	0.011564961
338.688	0.029921811	-5.8311837	0.011628781
338.816	0.029841628	-5.8311035	0.014126157
338.944	0.029754314	-5.8311653	0.01572095
339.072	0.029900921	-5.8312893	0.014745666
339.2	0.030329625	-5.8314875	0.014073946
339.328	0.030173343	-5.8315775	0.013692985
339.456	0.029686325	-5.8310698	0.012679256
339.584	0.030432641	-5.8316675	0.012059657
339.712	0.029890417	-5.831081	0.015696619
339.84	0.029369664	-5.8305011	0.017409799
339.968	0.030049682	-5.8311805	0.012655159
340.096	0.030131103	-5.8313121	0.013025886
340.224	0.029941121	-5.8312037	0.017923358
340.352	0.030159027	-5.8311404	0.014113906
340.48	0.03004887	-5.8311015	0.014578161
340.608	0.029554483	-5.8307169	0.01766679
340.736	0.02998441	-5.831121	0.015194859
340.864	0.030215142	-5.8313089	0.01395802
340.992	0.029876158	-5.8311315	0.013328432
341.12	0.029737101	-5.8311819	0.012390757
341.248	0.030155145	-5.8315171	0.014743212
341.376	0.030138486	-5.8313246	0.015023224
341.504	0.030276844	-5.8312723	0.012729072
341.632	0.03045298	-5.8316071	0.0095991852
341.76	0.029769017	-5.830794	0.011672346
341.888	0.030670225	-5.8318762	0.015021952
342.016	0.029812485	-5.8309845	0.018538429
342.144	0.030151568	-5.8312149	0.011320639
342.272	0.029997284	-5.8312768	0.01147102
342.4	0.029958098	-5.8310782	0.013969457
342.528	0.03022232	-5.831554	0.011830646
342.656	0.029972912	-5.8311611	0.012552752
342.784	0.030495964	-5.8319332	0.013393347
342.912	0.030115905	-5.8311945	0.01616571
343.04	0.029659931	-5.8308401	0.014784021
343.168	0.029624816	-5.8313615	0.017409114
343.296	0.029882282	-5.8309974	0.017490311
343.424	0.02968465	-5.8313854	0.013273387
343.552	0.030395684	-5.8320186	0.014244631
343.68	0.030022269	-5.8314662	0.015597383
343.808	0.030380695	-5.83164	0.014957087
343.936	0.029684894	-5.8308837	0.014771224
344.064	0.029856912	-5.8313475	0.013723528
344.192	0.029867177	-5.8316129	0.016804985
344.32	0.029425032	-5.8309743	0.014953801
344.448	0.029779513	-5.8313834	0.014011024
344.576	0.030096918	-5.831196	0.011586829
344.704	0.029435688	-5.8305489	0.013629978
344.832	0.030077095	-5.8313029	0.014529943
344.96	0.030232733	-5.831875	0.013962576
345.088	0.030172114	-5.8316979	0.012876057
345.216	0.03006313	-5.831474	0.0091837763
345.344	0.029758436	-5.830794	0.013997745
345.472	0.030245517	-5.8315684	0.014705992
345.6	0.029771166	-5.8313044	0.016718078
345.728	0.030086325	-5.8314867	0.013277171
345.856	0.030418741	-5.8317475	0.012412506
345.984	0.029462073	-5.8305151	0.019866837
346.112	0.029991334	-5.8309656	0.019416131
346.24	0.029521038	-5.8311201	0.016131888
346.368	0.030036286	-5.8315154	0.014652736
346.496	0.03033049	-5.8317095	0.01320455
346.624	0.029898744	-5.8313736	0.01220565
346.752	0.030208378	-5.8317026	0.012753153
346.88	0.029930491	-5.8313159	0.015466807
347.008	0.030607532	-5.8318694	0.014413367
347.136	0.029567061	-5.8309587	0.01837494
347.264	0.030259014	-5.8314653	0.016148775
347.392	0.030145538	-5.8313481	0.014004891
347.52	0.029746586	-5.831005	0.013443125
347.648	0.030048919	-5.8314287	0.018484599
347.776	0.02975202	-5.8314588	0.016789573
347.904	0.030127973	-5.8314002	0.013316281
348.032	0.030233484	-5.8313159	0.01450026
348.16	0.030047435	-5.8312783	0.012924831
348.288	0.03005117	-5.8315075	0.013757831
348.416	0.030239256	-5.8315118	0.013420463
348.544	0.030376136	-5.8317109	0.01282195
348.672	0.029536067	-5.8304938	0.016124135
348.8	0.029871129	-5.8311242	0.017007842
348.928	0.030407787	-5.8314243	0.014626283
349.056	0.030055787	-5.8310761	0.015617837
349.184	0.029475046	-5.8306838	0.016293287
349.312	0.03039884	-5.8316516	0.012243674
349.44	0.029779653	-5.8310999	0.016949636
349.568	0.030280342	-5.8315681	0.015639812
349.696	0.029947508	-5.8316689	0.015644233
349.824	0.029703313	-5.8309421	0.016555542
349.952	0.029686252	-5.8310791	0.015511327
350.08	0.030149912	-5.8315507	0.01275949
350.208	0.030026864	-5.8310742	0.015312847
350.336	0.030174139	-5.8312011	0.011893566
350.464	0.029390934	-5.8307353	0.016928734
350.592	0.03025718	-5.8315922	0.016201135
350.72	0.029781735	-5.8312273	0.015037953
350.848	0.030106443	-5.8315533	0.010724826
350.976	0.030012441	-5.8314493	0.01269227
351.104	0.029589796	-5.8311796	0.01511918
351.232	0.030147711	-5.8316297	0.010465848
351.36	0.030112941	-5.8319113	0.010762141
351.488	0.029870999	-5.8315523	0.014847554
351.616	0.03000692	-5.8315035	0.015754992
351.744	0.029863499	-5.8313098	0.015862473
351.872	0.029746899	-5.8310098	0.018662531
352	0.029931594	-5.8311282	0.014023632
352.128	0.029975685	-5.8314859	0.0083577759
352.256	0.030315358	-5.8318979	0.011484694
352.384	0.030071606	-5.8315758	0.016898283
352.512	0.029479632	-5.8310117	0.016447764
352.64	0.030346013	-5.8316657	0.011702946
352.768	0.029966164	-5.8311996	0.013524556
352.896	0.030168208	-5.8315848	0.014829746
353.024	0.029748615	-5.8311137	0.015122777
353.152	0.029926438	-5.8312504	0.012119737
353.28	0.029707852	-5.8308861	0.016255515
353.408	0.029860758	-5.8309102	0.017965397
353.536	0.030248315	-5.8314837	0.015646047
353.664	0.030218751	-5.8314229	0.012035849
353.792	0.029988935	-5.831149	0.014318641
353.92	0.030042893	-5.8310952	0.01636055
354.048	0.030430007	-5.8316191	0.012630422
354.176	0.029872587	-5.8311888	0.011972482
354.304	0.03014213	-5.8313895	0.011255862
354.432	0.030226178	-5.8313855	0.012916256
354.56	0.029559699	-5.8304341	0.015219885
354.688	0.030150579	-5.8311022	0.012401831
354.816	0.030034318	-5.83114	0.015121087
354.944	0.030071066	-5.83118	0.013777671
355.072	0.030064163	-5.8313099	0.0086786722
355.2	0.030133653	-5.8315515	0.012463576
355.328	0.029725839	-5.8309642	0.018051812
355.456	0.030237411	-5.8311356	0.014147155
355.584	0.029910551	-5.8311193	0.013986379
355.712	0.030036981	-5.8312347	0.012348174
355.84	0.02978626	-5.8311652	0.012438552
355.968	0.029840768	-5.8310375	0.0168109
356.096	0.03009938	-5.8314495	0.013979587
356.224	0.030441424	-5.8317692	0.014372545
356.352	0.029857451	-5.8313567	0.016642952
356.48	0.030168327	-5.8317665	0.015480285
356.608	0.029721335	-5.8312433	0.016068898
356.736	0.029817471	-5.831576	0.012700032
356.864	0.029879573	-5.8313595	0.012780338
356.992	0.029606926	-5.8315345	0.0098218736
357.12	0.030069177	-5.8317245	0.010500401
357.248	0.030031884	-5.8313068	0.015489622
357.376	0.030236558	-5.8315695	0.011614866
357.504	0.029746107	-5.8312424	0.012149684
357.632	0.029674653	-5.8311759	0.016371286
357.76	0.030205328	-5.8317159	0.012729303
357.888	0.030119201	-5.8315041	0.010640944
358.016	0.029784494	-5.8313246	0.014605056
358.144	0.029720958	-5.8306322	0.014430717
358.272	0.030082045	-5.8313289	0.012669725
358.4	0.029404117	-5.8304908	0.014561902
358.528	0.030239198	-5.8314696	0.010352171
358.656	0.029516704	-5.8308994	0.0092496201
358.784	0.030656716	-5.8319851	0.010081853
358.912	0.029854759	-5.8311836	0.015634202
359.04	0.030165997	-5.8313006	0.014256089
359.168	0.030014969	-5.8311319	0.016824112
359.296	0.030723467	-5.8319224	0.012133819
359.424	0.029782871	-5.8309864	0.016037609
359.552	0.030119694	-5.8312047	0.017994887
359.68	0.03050346	-5.8317528	0.014675982
359.808	0.029703538	-5.8308088	0.015685933
359.936	0.03004157	-5.8313675	0.015093291
360.064	0.029688877	-5.8307917	0.016243594
360.192	0.030515349	-5.8311512	0.015699919
360.32	0.029731257	-5.8308308	0.01583922
360.448	0.03012814	-5.8313796	0.012110723
360.576	0.030485667	-5.8313869	0.014912315
360.704	0.029791833	-5.831009	0.018894628
360.832	0.029731367	-5.8310917	0.015210982
360.96	0.030204142	-5.8312352	0.012763496
361.088	0.030146307	-5.831137	0.014260752
361.216	0.029629184	-5.8311531	0.016620565
361.344	0.030676454	-5.831819	0.010764267
361.472	0.030111141	-5.8312398	0.017558011
361.6	0.029978113	-5.8315145	0.016760046
361.728	0.029745629	-5.8313076	0.01412966
361.856	0.029461448	-5.8309886	0.014581672
361.984	0.030455822	-5.8318821	0.011492074
362.112	0.029981453	-5.8314036	0.014013498
362.24	0.029380343	-5.8309775	0.015092043
362.368	0.030004441	-5.8312186	0.016604985
362.496	0.029349613	-5.8308968	0.020302262
362.624	0.030381835	-5.8317155	0.011531926
362.752	0.029936532	-5.8318327	0.011353129
362.88	0.029530316	-5.831375	0.015814175
363.008	0.0303252	-5.832065	0.012584064
363.136	0.029089606	-5.8309202	0.016340507
363.264	0.03025486	-5.8319229	0.013427388
363.392	0.029453333	-5.8308986	0.013455583
363.52	0.030390385	-5.8317636	0.011329842
363.648	0.030535764	-5.8319483	0.013622945
363.776	0.029319534	-5.8307803	0.016824132
363.904	0.029756719	-5.831478	0.015507636
364.032	0.029959788	-5.8315941	0.012744404
364.16	0.029759846	-5.8311818	0.011934708
364.288	0.029667497	-5.8311782	0.012606018
364.416	0.030040406	-5.8311505	0.013859264
364.544	0.029638979	-5.830894	0.018306453
364.672	0.030043742	-5.8311348	0.016255208
364.8	0.030058618	-5.8314135	0.014099555
364.928	0.030420824	-5.831498	0.014896344
365.056	0.030014526	-5.8313401	0.015950579
365.184	0.030229446	-5.83173	0.012577843
365.312	0.030212449	-5.831453	0.013664342
365.44	0.02973167	-5.8308796	0.014226374
365.568	0.030384696	-5.8311937	0.011935178
365.696	0.030326813	-5.8313109	0.015242809
365.824	0.029886689	-5.8309984	0.016228239
365.952	0.03018288	-5.8315938	0.013593387
366.08	0.030113611	-5.8310747	0.014088665
366.208	0.029879194	-5.830846	0.015238821
366.336	0.030295353	-5.8312488	0.011972959
366.464	0.030294085	-5.8313616	0.012839707
366.592	0.029994742	-5.8309453	0.012951684
366.72	0.029674052	-5.8309524	0.015124872
366.848	0.030202853	-5.8312517	0.014906578
366.976	0.030226528	-5.8312831	0.015330843
367.104	0.029918899	-5.8309185	0.017399643
367.232	0.030057008	-5.8314926	0.018434946
367.36	0.030264574	-5.8318042	0.016975129
367.488	0.029272547	-5.8304387	0.018332748
367.616	0.030233055	-5.83149	0.012323749
367.744	0.030268684	-5.8316921	0.011582492
367.872	0.030168361	-5.8312718	0.015589749
368	0.029654512	-5.8307745	0.018268281
368.128	0.030376244	-5.8319359	0.013517046
368.256	0.029870927	-5.8311411	0.0169347
368.384	0.029315404	-5.8303137	0.017967011
368.512	0.030333123	-5.8316851	0.014358402
368.64	0.030196393	-5.8316339	0.015371522
368.768	0.03023158	-5.831807	0.011385955
368.896	0.030157223	-5.8318528	0.013564353
369.024	0.030030131	-5.8312584	0.018319994
369.152	0.029581798	-5.8307388	0.018491984
369.28	0.029739389	-5.8314711	0.013708093
369.408	0.029821763	-5.8315518	0.011710853
369.536	0.029968182	-5.8314791	0.014347155
369.664	0.029325811	-5.8305826	0.014000834
369.792	0.030643324	-5.8317069	0.0062970917
369.92	0.029878643	-5.8312945	0.016169111
370.048	0.029651301	-5.8310862	0.015327792
370.176	0.029772517	-5.8308808	0.014577138
370.304	0.030236958	-5.831838	0.015629326
370.432	0.029503243	-5.8313503	0.014874647
370.56	0.029795305	-5.8315877	0.014569139
370.688	0.029628036	-5.8309807	0.01489047
370.816	0.029501299	-5.8311234	0.015286962
370.944	0.030132246	-5.8317372	0.014890099
371.072	0.029762117	-5.8312485	0.013515512
371.2	0.030789525	-5.8321432	0.011300579
371.328	0.030461178	-5.831888	0.010825514
371.456	0.029547005	-5.8309953	0.01383842
371.584	0.030089628	-5.8316761	0.014457985
371.712	0.030020656	-5.8313469	0.015526109
371.84	0.030180281	-5.8309358	0.015530697
371.968	0.030135802	-5.8309592	0.01542438
372.096	0.03015384	-5.8310087	0.014975993
372.224	0.029818951	-5.83101	0.014923195
372.352	0.030569111	-5.83157	0.013209889
372.48	0.030155745	-5.8313271	0.013663042
372.608	0.030088929	-5.8312103	0.01542982
372.736	0.029975402	-5.8312727	0.010494502
372.864	0.029989135	-5.8312836	0.01437347
372.992	0.03011712	-5.831388	0.01660425
373.12	0.03025044	-5.8314632	0.015496706
373.248	0.030294371	-5.8310939	0.012516397
373.376	0.03033089	-5.8315773	0.014962178
373.504	0.029935854	-5.8305394	0.016043675
373.632	0.030386006	-5.8310341	0.013747051
373.76	0.030047893	-5.8309287	0.012616283
373.888	0.029868405	-5.8309707	0.01141814
374.016	0.030350637	-5.8313978	0.016521522
374.144	0.030294564	-5.8318918	0.014699952
374.272	0.029796991	-5.8312107	0.015192376
374.4	0.029645984	-5.8313265	0.016132381
374.528	0.030484882	-5.8321401	0.013354268
374.656	0.029987976	-5.8312793	0.016661662
374.784	0.030173241	-5.8311969	0.014979206
374.912	0.029918557	-5.8312601	0.011617794
375.04	0.030235097	-5.8318526	0.011436531
375.168	0.029970095	-5.8315319	0.016149581
375.296	0.029617497	-5.831077	0.014487535
375.424	0.029704455	-5.8311366	0.012834153
375.552	0.029650432	-5.8310191	0.012094567
375.68	0.030077514	-5.8317111	0.011723129
375.808	0.029963376	-5.8319788	0.013371861
375.936	0.029211478	-5.8312144	0.011585506
376.064	0.03011547	-5.8319403	0.010039811
376.192	0.029800085	-5.8314523	0.013095904
376.32	0.029775666	-5.8312949	0.012578893
376.448	0.029561531	-5.8310929	0.012535676
376.576	0.030319925	-5.8317934	0.010501789
376.704	0.029336658	-5.8304978	0.014176435
376.832	0.030012492	-5.8314915	0.0099212847
376.96	0.029871216	-5.8315901	0.012689567
377.088	0.030181466	-5.8316965	0.011944986
377.216	0.029624617	-5.8312955	0.013400593
377.344	0.030290692	-5.8317115	0.01502968
377.472	0.030409648	-5.8313993	0.015468428
377.6	0.030058451	-5.8313896	0.015792017
377.728	0.029903181	-5.831124	0.013829721
377.856	0.030152319	-5.8314523	0.015094689
377.984	0.029873735	-5.8310026	0.016025083
378.112	0.029872993	-5.8307774	0.015446234
378.24	0.030507419	-5.8314782	0.013671476
378.368	0.030770283	-5.8315611	0.013300422
378.496	0.030443953	-5.8309445	0.01718729
378.624	0.030107981	-5.8310024	0.019392053
378.752	0.030172328	-5.8313366	0.015176182
378.88	0.030263091	-5.8316235	0.016943463
379.008	0.029985391	-5.8311493	0.015134313
379.136	0.029877148	-5.8309472	0.015030668
379.264	0.030015287	-5.8311584	0.015007297
379.392	0.030705648	-5.8317958	0.01415676
379.52	0.030277924	-5.8314487	0.014639387
379.648	0.030243381	-5.8314999	0.013032635
379.776	0.029108795	-5.8304711	0.014249515
379.904	0.030685976	-5.8316863	0.013299764
380.032	0.030953663	-5.8321763	0.014371246
380.16	0.029985422	-5.8313239	0.01627693
380.288	0.030060802	-5.831461	0.014672375
380.416	0.030044814	-5.8313068	0.014637048
380.544	0.02985182	-5.8310245	0.016439478
380.672	0.029719488	-5.8310961	0.015405619
380.8	0.029905117	-5.8312483	0.013455578
380.928	0.030075883	-5.8314244	0.013617076
381.056	0.029378131	-5.8308948	0.014766982
381.184	0.030290604	-5.8320355	0.0097277785
381.312	0.030017082	-5.831583	0.012156317
381.44	0.029945223	-5.8317269	0.011660198
381.568	0.029381285	-5.8312126	0.011148571
381.696	0.030321401	-5.8318698	0.007989839
381.824	0.029259705	-5.8309916	0.013302084
381.952	0.029855394	-5.8314767	0.014265989
382.08	0.029731085	-5.8311992	0.014043673
382.208	0.029740856	-5.8310046	0.012827408
382.336	0.029697878	-5.8310853	0.014516244
382.464	0.029563232	-5.8310105	0.013128605
382.592	0.029543665	-5.8308865	0.014561758
382.72	0.029939822	-5.8314578	0.010903788
382.848	0.029781143	-5.831268	0.012785492
382.976	0.02986569	-5.8314265	0.015576351
383.104	0.029312605	-5.8306155	0.017271167
383.232	0.029834089	-5.8313008	0.015879257
383.36	0.029994948	-5.8315021	0.015032173
383.488	0.029858692	-5.8312213	0.019197154
383.616	0.030395949	-5.8316724	0.014085306
383.744	0.030076647	-5.8311704	0.0095185312
383.872	0.030401543	-5.8313969	0.013561955
384	0.03038921	-5.8312986	0.013228069
384.128	0.029879576	-5.8309941	0.015599797
384.256	0.030652604	-5.831816	0.015146009
384.384	0.030401611	-5.8314032	0.016197536
384.512	0.030393697	-5.8311246	0.016428922
384.64	0.029731196	-5.8306396	0.016839692
384.768	0.030290403	-5.8311922	0.013195349
384.896	0.030144195	-5.8312057	0.014705056
385.024	0.03019564	-5.8310754	0.01446832
385.152	0.029905466	-5.8310405	0.019404228
385.28	0.03017081	-5.8314159	0.018928822
385.408	0.030031059	-5.8313032	0.016872827
385.536	0.030076569	-5.8312479	0.014555445
385.664	0.030018597	-5.8309972	0.012611241
385.792	0.030170887	-5.8310642	0.015158456
385.92	0.03026773	-5.8310661	0.012640867
386.048	0.030289084	-5.8312107	0.015826065
386.176	0.030337755	-5.8314116	0.014551617
386.304	0.02987502	-5.8307786	0.014688583
386.432	0.03014957	-5.8312193	0.016927431
386.56	0.030071803	-5.831026	0.0117288
386.688	0.030098674	-5.8316047	0.0062013226
386.816	0.029779694	-5.8309772	0.013179422
386.944	0.02949734	-5.8312767	0.017412364
387.072	0.030366565	-5.8321857	0.015517432
387.2	0.029587009	-5.831153	0.017110738
387.328	0.029937552	-5.8316973	0.013288328
387.456	0.029957259	-5.8318162	0.010962008
387.584	0.02944897	-5.8307233	0.014392307
387.712	0.030309062	-5.8321524	0.010793007
387.84	0.02956953	-5.8312423	0.013739491
387.968	0.029450554	-5.8313519	0.01695098
388.096	0.029903758	-5.831784	0.014056771
388.224	0.029978085	-5.8315049	0.013516528
388.352	0.029652943	-5.8312261	0.016983559
388.48	0.029403884	-5.8311084	0.018758191
388.608	0.030075976	-5.8314823	0.013957401
388.736	0.03003022	-5.831323	0.0094016033
388.864	0.029357398	-5.8310103	0.010093874
388.992	0.029853935	-5.8312359	0.0096829042
389.12	0.029710785	-5.8309876	0.011896935
389.248	0.030378238	-5.83158	0.0127653
389.376	0.029789566	-5.831057	0.013944717
389.504	0.029911216	-5.8312116	0.014421532
389.632	0.030105996	-5.8314244	0.015190431
389.76	0.029530643	-5.8307948	0.014967797
389.888	0.030288059	-5.8313555	0.012089661
390.016	0.030274453	-5.8311235	0.014407978
390.144	0.03007257	-5.8313024	0.016554758
390.272	0.030049329	-5.8312464	0.015126145
390.4	0.03008628	-5.8310223	0.016479216
390.528	0.030253041	-5.8310783	0.015363822
390.656	0.030342043	-5.8310895	0.011590404
390.784	0.030546213	-5.8312217	0.015392063
390.912	0.030187927	-5.8311502	0.018767343
391.04	0.029550323	-5.8307235	0.018194515
391.168	0.030404296	-5.8314617	0.014742497
391.296	0.030644114	-5.831874	0.013362565
391.424	0.03046237	-5.8313773	0.016560601
391.552	0.030115923	-5.8311973	0.015716578
391.68	0.030133254	-5.8310081	0.013314606
391.808	0.029895283	-5.8307628	0.013791969
391.936	0.030379556	-5.8314533	0.012612813
392.064	0.030236082	-5.8308977	0.012578803
392.192	0.030078427	-5.8309866	0.01553962
392.32	0.03047524	-5.8316784	0.01534154
392.448	0.029205136	-5.8302913	0.015953804
392.576	0.030233545	-5.8314364	0.012986349
392.704	0.030072719	-5.8313267	0.015004002
392.832	0.029849384	-5.8310955	0.013650725
392.96	0.029945787	-5.8314255	0.012840082
393.088	0.030250257	-5.8317051	0.013587106
393.216	0.029976977	-5.8310049	0.014919465
393.344	0.029827708	-5.8310342	0.012077878
393.472	0.029748552	-5.8312337	0.013495358
393.6	0.029863319	-5.831424	0.014442843
393.728	0.03006743	-5.8315724	0.014033869
393.856	0.029737809	-5.8312846	0.014647785
393.984	0.029953654	-5.8317337	0.013253494
394.112	0.02978667	-5.8313836	0.013423576
394.24	0.0299989	-5.8316179	0.013064247
394.368	0.029449579	-5.8311095	0.016855321
394.496	0.030086155	-5.8317961	0.014529611
394.624	0.029669525	-5.8313968	0.015159709
394.752	0.029989817	-5.8318105	0.01411084
394.88	0.030158636	-5.8317482	0.014781449
395.008	0.029478236	-5.8316144	0.014880224
395.136	0.030011444	-5.8319736	0.014484258
395.264	0.029938709	-5.8318623	0.011743904
395.392	0.029613922	-5.831151	0.010795541
395.52	0.030388272	-5.8318679	0.010209491
395.648	0.029795719	-5.8311759	0.013877057
395.776	0.030180075	-5.8315527	0.013648109
395.904	0.029805224	-5.8309628	0.017758737
396.032	0.029965297	-5.8311606	0.014211263
396.16	0.029651385	-5.8308286	0.014145038
396.288	0.030230806	-5.830975	0.013359658
396.416	0.030233895	-5.8309774	0.010995566
396.544	0.029877785	-5.8309576	0.011616769
396.672	0.030047327	-5.8310779	0.01568419
396.8	0.030077736	-5.8308995	0.017224106
396.928	0.029825415	-5.8306492	0.015949115
397.056	0.03029824	-5.8311233	0.012529639
397.184	0.030421299	-5.8312726	0.01190206
397.312	0.030192544	-5.8309107	0.015853651
397.44	0.030163307	-5.8306789	0.015365736
397.568	0.03040162	-5.8311206	0.014839443
397.696	0.030399109	-5.8311838	0.016451957
397.824	0.03028295	-5.8311033	0.01652263
397.952	0.030394774	-5.8313128	0.015638276
398.08	0.030039185	-5.8310994	0.015133457
398.208	0.029799966	-5.8307229	0.015007081
398.336	0.029966026	-5.8305779	0.013170689
398.464	0.029714006	-5.8305295	0.019741876
398.592	0.031066967	-5.8318706	0.016715107
398.72	0.029834618	-5.8309469	0.014182847
398.848	0.029642327	-5.8306978	0.012987884
398.976	0.029884258	-5.8312376	0.016820504
399.104	0.030131591	-5.8315748	0.016197845
399.232	0.029983519	-5.8315669	0.013358514
399.36	0.030390016	-5.8319644	0.015222954
399.488	0.029786756	-5.8312152	0.017087242
399.616	0.029914583	-5.8313847	0.014311746
399.744	0.030011118	-5.8314679	0.012214381
399.872	0.029619229	-5.8310836	0.014785211
400	0.029562646	-5.8311381	0.015932646
400.128	0.029995476	-5.8317363	0.012201144
400.256	0.029835051	-5.8314918	0.012044031
400.384	0.029728448	-5.8311632	0.0093408268
400.512	0.029563775	-5.8308592	0.012514298
400.64	0.030060023	-5.8316323	0.013799236
400.768	0.029503077	-5.8310397	0.014738914
400.896	0.029949488	-5.8313225	0.013433104
401.024	0.03028139	-5.8319714	0.0098194225
401.152	0.029466995	-5.8312615	0.014626847
401.28	0.030128697	-5.8319758	0.013374132
401.408	0.029768305	-5.8315268	0.015578617
401.536	0.029621561	-5.8314773	0.01494142
401.664	0.029639693	-5.8314137	0.015992475
401.792	0.029915446	-5.8313908	0.015970015
401.92	0.030094184	-5.8315425	0.015355427
402.048	0.029428459	-5.8308577	0.018277827
402.176	0.029926566	-5.8315367	0.014687509
402.304	0.029897402	-5.831465	0.015184861
402.432	0.030431612	-5.8320284	0.010481008
402.56	0.029913381	-5.8312844	0.0092782571
402.688	0.029840102	-5.8309231	0.015533534
402.816	0.030103723	-5.8310519	0.016984086
402.944	0.031013637	-5.8318381	0.0113211
403.072	0.029876596	-5.8307877	0.014131895
403.2	0.030478642	-5.8312808	0.010534371
403.328	0.029921897	-5.8306755	0.013358397
403.456	0.030196636	-5.8309855	0.01337617
403.584	0.030520723	-5.8312004	0.013525159
403.712	0.030412128	-5.8315394	0.013392169
403.84	0.029637672	-5.8305891	0.017035232
403.968	0.030637959	-5.8314018	0.014814741
404.096	0.030063998	-5.8308442	0.012528955
404.224	0.030268032	-5.831057	0.010667176
404.352	0.029861191	-5.8306533	0.017868703
404.48	0.030444176	-5.8311404	0.016482582
404.608	0.030021135	-5.8312261	0.016384583
404.736	0.030268827	-5.8314091	0.016321161
404.864	0.030154846	-5.8312045	0.015733722
404.992	0.03040374	-5.8315274	0.019746869
405.12	0.030191019	-5.8311167	0.014334985
405.248	0.030124505	-5.8312214	0.011898071
405.376	0.029473915	-5.8309978	0.014703246
405.504	0.029899643	-5.8311741	0.013704122
405.632	0.030153505	-5.8314047	0.012219632
405.76	0.030190129	-5.8314978	0.01221238
405.888	0.029739671	-5.831226	0.013886261
406.016	0.029889796	-5.8311927	0.013614374
406.144	0.029882285	-5.8311291	0.01189338
406.272	0.029569281	-5.8311446	0.014401823
406.4	0.030348857	-5.8324468	0.015426114
406.528	0.029452184	-5.8313548	0.015179531
406.656	0.029963168	-5.8316779	0.012989684
406.784	0.029459155	-5.8310768	0.015297001
406.912	0.029828093	-5.8317659	0.011315777
407.04	0.029611006	-5.8313453	0.013809217
407.168	0.029927844	-5.8315367	0.012557813
407.296	0.029463824	-5.8312231	0.014996416
407.424	0.030039241	-5.8317304	0.01195251
407.552	0.029644289	-5.8311236	0.012894677
407.68	0.029869918	-5.8313997	0.016066919
407.808	0.029842876	-5.8312487	0.013545133
407.936	0.029565222	-5.8310751	0.016178383
408.064	0.030377755	-5.8321307	0.013950863
408.192	0.029481028	-5.8309219	0.015102569
408.32	0.030588334	-5.8319414	0.0099132369
408.448	0.030189564	-5.8312566	0.010351148
408.576	0.029611196	-5.8306963	0.012530965
408.704	0.029713161	-5.8308154	0.012965854
408.832	0.030129413	-5.8311531	0.014212907
408.96	0.030351719	-5.8311951	0.015315304
409.088	0.030415946	-5.831331	0.011854699
409.216	0.030407347	-5.831725	0.011412388
409.344	0.029640756	-5.8308268	0.018635933
409.472	0.029847829	-5.8308321	0.016244935
409.6	0.030233478	-5.8312351	0.013699294
409.728	0.030425365	-5.8314829	0.016684174
409.856	0.030038945	-5.8311107	0.018863539
409.984	0.02999399	-5.8310811	0.017997964
410.112	0.030056071	-5.8309678	0.018002333
410.24	0.030327836	-5.8315396	0.016903759
410.368	0.030504661	-5.8317283	0.012670554
410.496	0.030259539	-5.8312259	0.011382332
410.624	0.030168259	-5.8312291	0.013317316
410.752	0.030375359	-5.8313798	0.011041914
410.88	0.029936468	-5.8309845	0.010560043
411.008	0.029944683	-5.8310333	0.012404186
411.136	0.029685705	-5.8307358	0.014343711
411.264	0.030605391	-5.8316712	0.015847029
411.392	0.030209416	-5.8311941	0.016474676
411.52	0.029955968	-5.8310728	0.017199245
411.648	0.030262953	-5.8315545	0.014895535
411.776	0.030099063	-5.831508	0.013850471
411.904	0.029828284	-5.8313206	0.015676575
412.032	0.029969506	-5.8316646	0.014283368
412.16	0.030179964	-5.8317729	0.012225589
412.288	0.029814752	-5.8317346	0.014543486
412.416	0.029533424	-5.8315515	0.017670885
412.544	0.029769535	-5.8317763	0.013835282
412.672	0.029791611	-5.8314813	0.01266869
412.8	0.029830068	-5.8313515	0.013218581
412.928	0.029804224	-5.8315625	0.012574905
413.056	0.030250006	-5.8318052	0.010442202
413.184	0.030244599	-5.8321821	0.014620009
413.312	0.029014646	-5.8307756	0.015842355
413.44	0.029894519	-5.8316803	0.016308424
413.568	0.029840153	-5.8315439	0.017772285
413.696	0.030152459	-5.8321936	0.011645113
413.824	0.029724229	-5.8311559	0.011322707
413.952	0.029929923	-5.8315111	0.0098566405
414.08	0.029498152	-5.8310792	0.008843857
414.208	0.029873517	-5.8315128	0.013881285
414.336	0.029498015	-5.8308156	0.01593331
414.464	0.029797129	-5.8311107	0.01490636
414.592	0.030152876	-5.8315365	0.018394274
414.72	0.029979774	-5.8312502	0.016678157
414.848	0.02962602	-5.8309052	0.014553348
414.976	0.029990335	-5.8315181	0.014206725
415.104	0.030469816	-5.8316631	0.010963363
415.232	0.029400091	-5.8302949	0.017135636
415.36	0.030084309	-5.8308836	0.015230692
415.488	0.02971525	-5.8307297	0.016103624
415.616	0.030270581	-5.8312839	0.013935037
415.744	0.030148452	-5.8309927	0.01220045
415.872	0.029941896	-5.8305052	0.017849972
416	0.030098034	-5.8308122	0.01699099
416.128	0.030496456	-5.8313674	0.01313508
416.256	0.030479958	-5.8314327	0.013021038
416.384	0.029778805	-5.830567	0.014617491
416.512	0.030190836	-5.8307898	0.012984725
416.64	0.029935434	-5.8310976	0.012962147
416.768	0.030936035	-5.8320536	0.014354114
416.896	0.030267728	-5.8313068	0.01616412
417.024	0.029614908	-5.8302356	0.013559561
417.152	0.03043736	-5.8311501	0.015308798
417.28	0.030335803	-5.8312873	0.018281611
417.408	0.030037676	-5.8306783	0.016891775
417.536	0.030044999	-5.8307399	0.012667794
417.664	0.030166017	-5.831067	0.011130972
417.792	0.030083339	-5.8314182	0.012778835
417.92	0.02956258	-5.8306488	0.014497796
418.048	0.030651744	-5.8315798	0.015490216
418.176	0.030177488	-5.8313456	0.0171074
418.304	0.029691068	-5.8310961	0.013366746
418.432	0.029459737	-5.8308839	0.01222091
418.56	0.030042333	-5.8317835	0.012817806
418.688	0.029361028	-5.8310509	0.015316856
418.816	0.030060807	-5.8318246	0.013552925
418.944	0.030098521	-5.831968	0.01622405
419.072	0.029495983	-5.8310903	0.016862312
419.2	0.029948757	-5.8318548	0.010013786
419.328	0.029615591	-5.8314914	0.011909034
419.456	0.029458866	-5.8312243	0.017635177
419.584	0.029823127	-5.8312116	0.016337243
419.712	0.029530899	-5.8311668	0.013662453
419.84	0.030299024	-5.831964	0.01299803
419.968	0.029433611	-5.8310977	0.016856273
420.096	0.02984979	-5.8315207	0.015334067
420.224	0.029616291	-5.8310189	0.019678928
420.352	0.029560792	-5.8310826	0.019485626
420.48	0.030120137	-5.8318095	0.015660885
420.608	0.02995078	-5.8316059	0.015578593
420.736	0.029870843	-5.8313316	0.016634992
420.864	0.029593153	-5.8311506	0.016262526
420.992	0.029409028	-5.8310736	0.013182918
421.12	0.029940652	-5.831601	0.011636645
421.248	0.029932073	-5.8311382	0.015560467
421.376	0.030475601	-5.8319011	0.010550422
421.504	0.03042028	-5.8319822	0.010354136
421.632	0.029862301	-5.8313324	0.014825903
421.76	0.029616132	-5.8305196	0.01092428
421.888	0.02976324	-5.8307522	0.012921523
422.016	0.030285966	-5.8313938	0.011288259
422.144	0.029746763	-5.8308528	0.013722165
422.272	0.030247965	-5.8312669	0.013910937
422.4	0.030241577	-5.8309566	0.015512888
422.528	0.030169318	-5.8306247	0.012345137
422.656	0.029943411	-5.8305959	0.012885988
422.784	0.030196536	-5.8309599	0.017561303
422.912	0.030310695	-5.8313348	0.017953043
423.04	0.030173099	-5.8311272	0.014456725
423.168	0.030306922	-5.8312496	0.013577603
423.296	0.030999227	-5.83195	0.013511124
423.424	0.030076598	-5.8311657	0.016156117
423.552	0.029971806	-5.8306398	0.014381427
423.68	0.030074209	-5.8309513	0.015183757
423.808	0.030291988	-5.8309727	0.013181009
423.936	0.029760839	-5.8305378	0.012619285
424.064	0.03050643	-5.8315984	0.011437898
424.192	0.029835901	-5.8306252	0.014733905
424.32	0.029907639	-5.8308699	0.016753442
424.448	0.030074078	-5.831056	0.016488285
424.576	0.029854822	-5.83124	0.017354108
424.704	0.029922425	-5.8316782	0.016880228
424.832	0.029770705	-5.8312685	0.016272359
424.96	0.029633156	-5.8313012	0.013012819
425.088	0.029605205	-5.8312245	0.012986092
425.216	0.029996028	-5.8314876	0.014121091
425.344	0.03008726	-5.8316745	0.011600378
425.472	0.029499995	-5.830964	0.013639373
425.6	0.029780649	-5.8313138	0.013960882
425.728	0.029973192	-5.831565	0.012223798
425.856	0.030158868	-5.831801	0.01217582
425.984	0.029693541	-5.8312996	0.013608203
426.112	0.030104658	-5.8314509	0.01305204
426.24	0.030346895	-5.8320949	0.013170707
426.368	0.029157278	-5.8310599	0.01357465
426.496	0.030047592	-5.8318527	0.011721157
426.624	0.029766975	-5.8314518	0.011906061
426.752	0.029996973	-5.8315441	0.013872728
426.88	0.029983489	-5.8314927	0.016061577
427.008	0.029233274	-5.8305909	0.015128192
427.136	0.030140985	-5.8314648	0.011170116
427.264	0.03031316	-5.8315907	0.01375032
427.392	0.030230442	-5.8315274	0.014195152
427.52	0.030172937	-5.8316451	0.014481757
427.648	0.029952543	-5.8312814	0.013393992
427.776	0.029852664	-5.8312828	0.012260464
427.904	0.030609572	-5.8320146	0.011988158
428.032	0.030008666	-5.8311745	0.015209521
428.16	0.030061736	-5.8310715	0.014773957
428.288	0.030173333	-5.8312601	0.015419988
428.416	0.030154749	-5.8311286	0.015781176
428.544	0.029778287	-5.8304264	0.018675357
428.672	0.030181305	-5.83102	0.017470177
428.8	0.030153132	-5.8309821	0.014235978
428.928	0.030345073	-5.8308266	0.012465963
429.056	0.030522922	-5.8311553	0.010901346
429.184	0.030436214	-5.8315396	0.011672681
429.312	0.02974985	-5.8307332	0.015126891
429.44	0.030106969	-5.8310025	0.01498593
429.568	0.030548564	-5.8314167	0.01220166
429.696	0.030091557	-5.830929	0.015373334
429.824	0.029979024	-5.8309543	0.015004501
429.952	0.030316948	-5.8313509	0.016840774
430.08	0.029655545	-5.8309893	0.015352025
430.208	0.030409116	-5.8316332	0.012833832
430.336	0.030267886	-5.8318641	0.012781066
430.464	0.030185042	-5.8317883	0.014080371
430.592	0.030009736	-5.8313009	0.019552345
430.72	0.030048946	-5.8316302	0.016602129
430.848	0.029669761	-5.8311298	0.013812279
430.976	0.029714537	-5.8310802	0.012903326
431.104	0.029894471	-5.8313338	0.012926646
431.232	0.030124539	-5.8317659	0.014152827
431.36	0.029684595	-5.8314925	0.01441201
431.488	0.030137577	-5.8319151	0.012114002
431.616	0.029738809	-5.8313868	0.013753126
431.744	0.029567823	-5.8313444	0.0130663
431.872	0.029777248	-5.8313476	0.015475041
432	0.029382394	-5.830923	0.015478158
432.128	0.029904699	-5.8317372	0.011259247
432.256	0.029436039	-5.8314664	0.015503519
432.384	0.029724592	-5.8314388	0.018004286
432.512	0.029881132	-5.8316956	0.012918348
432.64	0.030024961	-5.8318887	0.012697557
432.768	0.029787544	-5.8315407	0.012967468
432.896	0.029524399	-5.8311256	0.015247471
433.024	0.030130839	-5.8317598	0.013907852
433.152	0.029408438	-5.8307459	0.015859086
433.28	0.029952234	-5.8313051	0.015482534
433.408	0.030127195	-5.8315467	0.013530252
433.536	0.030391973	-5.8320754	0.0089756722
433.664	0.029519633	-5.8312436	0.016902935
433.792	0.03009157	-5.831877	0.015616947
433.92	0.029555465	-5.8311546	0.014029514
434.048	0.029767027	-5.8309989	0.015997341
434.176	0.030364703	-5.8312642	0.013633859
434.304	0.02991311	-5.8310021	0.014479144
434.432	0.029891573	-5.8311067	0.014604389
434.56	0.030365908	-5.8313543	0.011144724
434.688	0.030270049	-5.8315871	0.014669116
434.816	0.030321644	-5.831597	0.01464226
434.944	0.029952872	-5.8310647	0.011608176
435.072	0.030219159	-5.8312824	0.012304034
435.2	0.030574578	-5.8315113	0.010022008
435.328	0.03040319	-5.8310988	0.01191139
435.456	0.030053403	-5.8305103	0.014158391
435.584	0.029686126	-5.8304082	0.018998278
435.712	0.029873673	-5.8306863	0.017542464
435.84	0.030486029	-5.8311409	0.015346708
435.968	0.030311147	-5.8312611	0.015544192
436.096	0.029879393	-5.8308115	0.015354969
436.224	0.030438756	-5.8316543	0.0139797
436.352	0.030178027	-5.8310427	0.016238639
436.48	0.029591505	-5.8306661	0.01237831
436.608	0.030233669	-5.8315974	0.01239213
436.736	0.030346383	-5.8316238	0.01076219
436.864	0.029802048	-5.8311643	0.011719262
436.992	0.030323267	-5.8317494	0.01252389
437.12	0.029765358	-5.8310968	0.013243511
437.248	0.030147654	-5.8315567	0.014832017
437.376	0.030015351	-5.8312892	0.014406626
437.504	0.029721202	-5.8314032	0.014050078
437.632	0.030167337	-5.8320795	0.013084379
437.76	0.030098934	-5.8315047	0.014322792
437.888	0.029715724	-5.8312551	0.01324655
438.016	0.029650759	-5.8312656	0.012249942
438.144	0.030103896	-5.8319566	0.014859371
438.272	0.029359437	-5.8309734	0.016942663
438.4	0.030011208	-5.8315172	0.011985645
438.528	0.029838788	-5.8315045	0.010720476
438.656	0.029617518	-5.8314268	0.014957706
438.784	0.029504469	-5.8311132	0.013973346
438.912	0.030172896	-5.8314459	0.011493664
439.04	0.029621727	-5.8311439	0.01164739
439.168	0.029819651	-5.8313348	0.014123695
439.296	0.029839827	-5.8314097	0.013791349
439.424	0.029852244	-5.8312758	0.013746348
439.552	0.030161455	-5.8318786	0.012013572
439.68	0.029755929	-5.8312369	0.010673079
439.808	0.030097238	-5.8316622	0.012250455
439.936	0.029396605	-5.8309024	0.018760832
440.064	0.030427621	-5.8316346	0.015716674
440.192	0.029524828	-5.8306685	0.018675638
440.32	0.030396175	-5.8320561	0.015626473
440.448	0.029982126	-5.8314743	0.016311565
440.576	0.030255397	-5.8316937	0.015142462
440.704	0.030046065	-5.8314103	0.01379333
440.832	0.02976118	-5.8310856	0.017856753
440.96	0.03012368	-5.8310614	0.016984911
441.088	0.030429657	-5.8313248	0.013305483
441.216	0.029893296	-5.8307835	0.016167026
441.344	0.029783407	-5.8310077	0.020333046
441.472	0.030341672	-5.8314558	0.014551214
441.6	0.029931843	-5.8306338	0.011971703
441.728	0.030415795	-5.8313614	0.014470454
441.856	0.02991217	-5.8308354	0.018359677
441.984	0.03013259	-5.8309873	0.01157981
442.112	0.030039392	-5.8311519	0.012158708
442.24	0.030605895	-5.8317184	0.012404391
442.368	0.030046652	-5.8308154	0.015556928
442.496	0.030337824	-5.8309247	0.015130061
442.624	0.029922396	-5.8308038	0.014741668
442.752	0.030109306	-5.8310882	0.015651566
442.88	0.030129576	-5.8311182	0.014804308
443.008	0.030631076	-5.8315054	0.012142025
443.136	0.029732905	-5.8311434	0.014953606
443.264	0.029763092	-5.8310265	0.014680947
443.392	0.030288324	-5.8315974	0.013876061
443.52	0.030211569	-5.8317254	0.012522011
443.648	0.029566529	-5.8312436	0.020194367
443.776	0.030199797	-5.8318325	0.017633835
443.904	0.029745206	-5.8314224	0.014839341
444.032	0.029367936	-5.8309153	0.016292458
444.16	0.03042024	-5.8320577	0.011557135
444.288	0.029891725	-5.8315831	0.013746791
444.416	0.030051643	-5.8317013	0.01007496
444.544	0.030034784	-5.8317049	0.012657426
444.672	0.029443571	-5.8307836	0.011436221
444.8	0.029769869	-5.8311456	0.01246555
444.928	0.030081917	-5.8317111	0.014495459
445.056	0.029558352	-5.8313062	0.011470434
445.184	0.029247942	-5.8308709	0.014304827
445.312	0.030281061	-5.8318956	0.012822564
445.44	0.029948527	-5.831562	0.012359053
445.568	0.029856675	-5.8314088	0.013366653
445.696	0.029738753	-5.8312709	0.0097417434
445.824	0.029869396	-5.8315017	0.011311413
445.952	0.029638641	-5.831039	0.013420852
446.08	0.030156114	-5.8317214	0.011217787
446.208	0.029949338	-5.8312688	0.013137502
446.336	0.029657827	-5.8310151	0.014769853
446.464	0.030423687	-5.8320661	0.012268425
446.592	0.029787989	-5.8310045	0.015994954
446.72	0.030049319	-5.8314686	0.017170185
446.848	0.029918738	-5.831282	0.016499302
446.976	0.029733391	-5.8309116	0.01500351
447.104	0.030396987	-5.8314398	0.016009334
447.232	0.030378245	-5.8315863	0.013246925
447.36	0.029984143	-5.8309931	0.013237881
447.488	0.03008021	-5.8311029	0.015254947
447.616	0.030222109	-5.8312923	0.011556647
447.744	0.029712727	-5.8308886	0.013111984
447.872	0.030519494	-5.8318752	0.014281273
448	0.030312475	-5.8317002	0.013352382
448.128	0.029955922	-5.8308608	0.016300453
448.256	0.030434675	-5.8310173	0.016048434
448.384	0.030332717	-5.8311362	0.014568098
448.512	0.0300411	-5.8309033	0.019583233
448.64	0.030440994	-5.8310177	0.011598015
448.768	0.029602034	-5.8302186	0.0094349869
448.896	0.030363225	-5.8312909	0.0092901092
449.024	0.03015667	-5.830988	0.014035001
449.152	0.02996737	-5.8308351	0.014334474
449.28	0.030397902	-5.8314503	0.011630686
449.408	0.029603886	-5.8305902	0.016478141
449.536	0.03062322	-5.8318143	0.014603889
449.664	0.02965644	-5.8311335	0.0156304
449.792	0.02932093	-5.8306811	0.01185017
449.92	0.030441713	-5.8318175	0.0079346168
450.048	0.029997777	-5.831788	0.016537095
450.176	0.029459549	-5.8311707	0.015852036
450.304	0.030399105	-5.8319626	0.0076902049
450.432	0.029618673	-5.8310213	0.013136496
450.56	0.029910743	-5.831171	0.012304188
450.688	0.029784356	-5.8311847	0.011733083
450.816	0.029854733	-5.8313183	0.012735839
450.944	0.029797309	-5.831349	0.013716367
451.072	0.029544013	-5.8308464	0.015172945
451.2	0.030288728	-5.8316776	0.012105004
451.328	0.029771724	-5.831294	0.015160001
451.456	0.029956341	-5.8313747	0.01189043
451.584	0.029778041	-5.8312215	0.017571114
451.712	0.030062314	-5.8314899	0.016234643
451.84	0.030132916	-5.8320354	0.010438823
451.968	0.02956673	-5.8313887	0.012122903
452.096	0.030170424	-5.8320229	0.012329231
452.224	0.029854942	-5.831488	0.014938041
452.352	0.030392021	-5.8319796	0.011611703
452.48	0.029472029	-5.8308731	0.012616771
452.608	0.029502919	-5.8309834	0.012852098
452.736	0.030465645	-5.8321802	0.013000772
452.864	0.029895987	-5.8317921	0.014441755
452.992	0.029378441	-5.8308865	0.016396453
453.12	0.030129622	-5.8315406	0.014631139
453.248	0.030031091	-5.8314355	0.013859347
453.376	0.030193816	-5.8311389	0.016858522
453.504	0.030028336	-5.8312619	0.014574519
453.632	0.029801129	-5.8310101	0.013969086
453.76	0.030248601	-5.8314227	0.014921705
453.888	0.030271	-5.831144	0.016105844
454.016	0.030677045	-5.8315076	0.015199294
454.144	0.029857194	-5.8310347	0.017392998
454.272	0.030640333	-5.8314456	0.014862501
454.4	0.030284763	-5.8309042	0.015614169
454.528	0.029870285	-5.8307211	0.015525787
454.656	0.029908172	-5.8303825	0.013399805
454.784	0.029831086	-5.8306841	0.018039197
454.912	0.030351241	-5.8311317	0.015535077
455.04	0.030385757	-5.8313801	0.014803017
455.168	0.030088548	-5.830994	0.011701578
455.296	0.029844248	-5.8307892	0.012036558
455.424	0.029983158	-5.8312841	0.014771997
455.552	0.030585502	-5.8318018	0.011695841
455.68	0.029727635	-5.8307713	0.013686078
455.808	0.030240811	-5.8311111	0.017269393
455.936	0.030182267	-5.8311115	0.014098596
456.064	0.029860873	-5.8310785	0.011869148
456.192	0.029941561	-5.8314985	0.013924623
456.32	0.029944919	-5.8312783	0.015082972
456.448	0.029647508	-5.8309158	0.014058195
456.576	0.030751168	-5.8321095	0.011099509
456.704	0.029687043	-5.8309974	0.012045604
456.832	0.030460543	-5.8318925	0.011027081
456.96	0.02977952	-5.8311872	0.014926162
457.088	0.030260111	-5.8317252	0.013089883
457.216	0.029641053	-5.8311617	0.01399672
457.344	0.029504184	-5.8310808	0.016254947
457.472	0.029639133	-5.8313223	0.015782061
457.6	0.030151743	-5.8315727	0.015011032
457.728	0.029739198	-5.8311764	0.017285789
457.856	0.030269579	-5.8314791	0.013422513
457.984	0.030022545	-5.8314609	0.0098320895
458.112	0.030112891	-5.8313155	0.009829701
458.24	0.029544707	-5.8308739	0.013749882
458.368	0.029871345	-5.8316965	0.012901708
458.496	0.030317242	-5.8320332	0.01340023
458.624	0.029632655	-5.8312152	0.017508897
458.752	0.030223659	-5.8315053	0.014862599
458.88	0.029535683	-5.8308008	0.016195467
459.008	0.029805286	-5.8312322	0.013521811
459.136	0.029855154	-5.8311244	0.016367341
459.264	0.030376988	-5.8317189	0.016244239
459.392	0.029519829	-5.8308616	0.017456943
459.52	0.030047459	-5.8315364	0.012229822
459.648	0.029913296	-5.8312925	0.012990653
459.776	0.030354497	-5.8315478	0.01224911
459.904	0.029911094	-5.8311947	0.01415617
460.032	0.030407417	-5.8318831	0.012400589
460.16	0.029897423	-5.8312347	0.015071332
460.288	0.029667759	-5.8310928	0.016791688
460.416	0.030311193	-5.8316576	0.014683017
460.544	0.030344496	-5.8311848	0.013560505
460.672	0.030110269	-5.8309034	0.010474383
460.8	0.030200225	-5.8312793	0.010672017
460.928	0.030506776	-5.8313152	0.011894073
461.056	0.029796664	-5.8305367	0.01635123
461.184	0.02974616	-5.8307342	0.01421066
461.312	0.030245339	-5.8313731	0.013510801
461.44	0.029866309	-5.8309045	0.015815358
461.568	0.030702584	-5.8317027	0.014000602
461.696	0.029983976	-5.830866	0.015601765
461.824	0.029794971	-5.8307584	0.015138832
461.952	0.030499931	-5.831462	0.0131467
462.08	0.029941327	-5.8311255	0.015625339
462.208	0.030281912	-5.8314475	0.012627806
462.336	0.02996641	-5.8311121	0.015208634
462.464	0.030205093	-5.8315422	0.014708117
462.592	0.030140864	-5.8313689	0.013313415
462.72	0.029712891	-5.8310852	0.016348498
462.848	0.030072177	-5.8314752	0.015963377
462.976	0.029781365	-5.8312038	0.01611914
463.104	0.02992526	-5.8311919	0.014938464
463.232	0.030159531	-5.8315327	0.016659011
463.36	0.030075039	-5.8314626	0.016004328
463.488	0.029793095	-5.831525	0.014410883
463.616	0.029997518	-5.8316815	0.010058019
463.744	0.030043432	-5.8312981	0.0097359717
463.872	0.029860014	-5.8312824	0.010194288
464	0.029151282	-5.8306208	0.012722064
464.128	0.03037691	-5.8319375	0.012410059
464.256	0.030340528	-5.8319429	0.012346742
464.384	0.029573449	-5.8314733	0.015017226
464.512	0.02947225	-5.8311889	0.015257311
464.64	0.029658649	-5.8314598	0.014336844
464.768	0.029704418	-5.8313153	0.015091323
464.896	0.029996866	-5.8320938	0.018951307
465.024	0.030279901	-5.8321478	0.015130944
465.152	0.029830235	-5.8313144	0.010480898
465.28	0.029894246	-5.831208	0.014260023
465.408	0.029758411	-5.8310585	0.014239405
465.536	0.029521824	-5.8310099	0.014944654
465.664	0.029974534	-5.8315899	0.01640755
465.792	0.030121991	-5.8315406	0.014424395
465.92	0.03026127	-5.8318517	0.013481972
466.048	0.029749644	-5.8311046	0.016635874
466.176	0.029807007	-5.8311853	0.015808404
466.304	0.029837354	-5.8313609	0.0140824
466.432	0.030490853	-5.831761	0.014611794
466.56	0.030476377	-5.831499	0.014180482
466.688	0.029743005	-5.8308641	0.014432111
466.816	0.030219596	-5.8312553	0.014288789
466.944	0.029963905	-5.8310827	0.017732444
467.072	0.029981897	-5.831145	0.015790188
467.2	0.030417042	-5.8315398	0.013241305
467.328	0.02999394	-5.8312668	0.01573635
467.456	0.03014144	-5.8310997	0.015893305
467.584	0.029961917	-5.8309503	0.014562968
467.712	0.030611439	-5.8319853	0.011480518
467.84	0.030154925	-5.8312551	0.0133198
467.968	0.030324449	-5.8310348	0.011789223
468.096	0.029808778	-5.8305791	0.013633812
468.224	0.030312958	-5.8314841	0.013172919
468.352	0.030428432	-5.8313476	0.012811451
468.48	0.029471145	-5.8304688	0.017332634
468.608	0.029971166	-5.8313598	0.013770514
468.736	0.030041741	-5.8314706	0.015880453
468.864	0.030258314	-5.8315579	0.014830855
468.992	0.029910928	-5.8308125	0.013952641
469.12	0.03007255	-5.8309484	0.016674924
469.248	0.029956042	-5.8314262	0.015150487
469.376	0.029995807	-5.8312103	0.013833788
469.504	0.030286565	-5.8315525	0.015690714
469.632	0.029715451	-5.8312305	0.014971982
469.76	0.030072993	-5.8315601	0.012143199
469.888	0.029338952	-5.8306102	0.014839195
470.016	0.02961138	-5.83127	0.013834456
470.144	0.029502007	-5.8310704	0.014714125
470.272	0.029753075	-5.8312428	0.014275882
470.4	0.029886231	-5.8314473	0.014683204
470.528	0.030190072	-5.8317792	0.01279183
470.656	0.029665593	-5.831409	0.016264155
470.784	0.029898461	-5.8315829	0.013832272
470.912	0.029746559	-5.8315232	0.013295753
471.04	0.029981074	-5.8315611	0.014001515
471.168	0.029393097	-5.8312536	0.016648059
471.296	0.029577516	-5.8313715	0.013534614
471.424	0.030172045	-5.8318509	0.0098005558
471.552	0.029566867	-5.8312625	0.014757814
471.68	0.029378827	-5.8310212	0.017873958
471.808	0.030257052	-5.8317663	0.015014494
471.936	0.029744373	-5.8310027	0.016179125
472.064	0.029956232	-5.8312908	0.01416372
472.192	0.029808624	-5.8312638	0.015730837
472.32	0.029598181	-5.8308991	0.015447914
472.448	0.030192699	-5.8313091	0.012292236
472.576	0.030178469	-5.8312024	0.015458983
472.704	0.029894122	-5.8309059	0.016264867
472.832	0.030412247	-5.8315788	0.01114619
472.96	0.030014907	-5.8308856	0.014500279
473.088	0.030229677	-5.8312023	0.013110043
473.216	0.030122933	-5.8309099	0.012570892
473.344	0.029628507	-5.8304824	0.015775393
473.472	0.030770083	-5.8315749	0.01343705
473.6	0.030418072	-5.8313283	0.015012229
473.728	0.030074406	-5.8311511	0.017388155
473.856	0.03012405	-5.8309932	0.017516176
473.984	0.030471978	-5.8314625	0.014138508
474.112	0.029836878	-5.8309513	0.015481053
474.24	0.030166264	-5.8309077	0.015979318
474.368	0.029718602	-5.830821	0.015897755
474.496	0.030124269	-5.8315162	0.015240868
474.624	0.030225312	-5.8316567	0.015125233
474.752	0.030098943	-5.8312189	0.015965815
474.88	0.030261975	-5.8313916	0.014719562
475.008	0.030065335	-5.8312182	0.014421916
475.136	0.029685579	-5.8308964	0.016680694
475.264	0.029760643	-5.8310723	0.011635432
475.392	0.030089298	-5.8317166	0.010522636
475.52	0.029878989	-5.8309755	0.013829888
475.648	0.029864214	-5.8310646	0.013230018
475.776	0.029830273	-5.8311584	0.013514924
475.904	0.029834137	-5.8314951	0.017649523
476.032	0.029879486	-5.8315345	0.016445201
476.16	0.030034634	-5.8316544	0.01383214
476.288	0.029730515	-5.8314584	0.011178468
476.416	0.030111234	-5.8318965	0.010957048
476.544	0.029331215	-5.8312461	0.014007976
476.672	0.030498845	-5.8324873	0.011871308
476.8	0.030038551	-5.8315923	0.013732931
476.928	0.029767907	-5.8312954	0.016038441
477.056	0.02920124	-5.8308767	0.017403298
477.184	0.030589554	-5.8319792	0.012363866
477.312	0.030094516	-5.8316476	0.015231796
477.44	0.029709435	-5.8311324	0.01621002
477.568	0.030096213	-5.831315	0.011875961
477.696	0.030055135	-5.8312607	0.01482094
477.824	0.029557382	-5.8307005	0.014113708
477.952	0.029710242	-5.8312716	0.014506708
478.08	0.030141876	-5.8316249	0.01540426
478.208	0.029703062	-5.8308403	0.016906599
478.336	0.029951871	-5.8314552	0.014154368
478.464	0.030366566	-5.8317824	0.012588816
478.592	0.030053467	-5.8313647	0.018071914
478.72	0.02991499	-5.8312255	0.013147117
478.848	0.030451026	-5.8314539	0.013920088
478.976	0.029480545	-5.8306409	0.01837848
479.104	0.030297218	-5.8316378	0.014618821
479.232	0.030020289	-5.8312595	0.017096095
479.36	0.029842557	-5.8309712	0.015639365
479.488	0.030244093	-5.8314269	0.01024534
479.616	0.029584395	-5.8303062	0.010357698
479.744	0.030043469	-5.831044	0.014633377
479.872	0.029928634	-5.83094	0.014470008
480	0.029825797	-5.8306508	0.011091021
480.128	0.030315214	-5.8311088	0.010110474
480.256	0.030125812	-5.8313063	0.011569916
480.384	0.029904883	-5.8308374	0.011845996
480.512	0.030290596	-5.8311762	0.011977806
480.64	0.030146014	-5.8310391	0.017165038
480.768	0.029842988	-5.831115	0.017773182
480.896	0.030140361	-5.8311197	0.015036013
481.024	0.030426621	-5.8316234	0.017180905
481.152	0.030059379	-5.8311612	0.018465287
481.28	0.029811487	-5.8309269	0.015767806
481.408	0.030128574	-5.8310858	0.012671056
481.536	0.030439408	-5.8315436	0.012017702
481.664	0.029389322	-5.8305862	0.017074542
481.792	0.030357	-5.8315445	0.016024538
481.92	0.030371473	-5.8317851	0.015968518
482.048	0.030129486	-5.8310594	0.017883829
482.176	0.0296481	-5.8310408	0.016850778
482.304	0.029971559	-5.8314031	0.012888291
482.432	0.029960744	-5.8313754	0.015156211
482.56	0.03024017	-5.8319314	0.011785876
482.688	0.029378187	-5.8311504	0.014276244
482.816	0.030201926	-5.8320955	0.013995009
482.944	0.029553091	-5.8312703	0.012400674
483.072	0.029930735	-5.8314069	0.014311846
483.2	0.030104069	-5.8318338	0.01342986
483.328	0.029453104	-5.8313219	0.014101433
483.456	0.029910063	-5.8319982	0.014134858
483.584	0.029949665	-5.8316401	0.01561173
483.712	0.029840976	-5.8315803	0.012278483
483.84	0.029964308	-5.8313383	0.010741448
483.968	0.029510434	-5.8310461	0.0113015
484.096	0.030014717	-5.8314725	0.014732772
484.224	0.030118379	-5.8318342	0.011032405
484.352	0.030054545	-5.8317148	0.010431276
484.48	0.029651557	-5.8311718	0.017010875
484.608	0.030278158	-5.8319508	0.013082098
484.736	0.029673872	-5.8312637	0.011624893
484.864	0.029518187	-5.8312173	0.013340115
484.992	0.0299744	-5.8317738	0.017139222
485.12	0.029744137	-5.8315712	0.019011711
485.248	0.029921088	-5.8312977	0.0155894
485.376	0.029896139	-5.83115	0.010374261
485.504	0.030282625	-5.8310526	0.015090744
485.632	0.029802744	-5.830796	0.015808503
485.76	0.030374706	-5.8313771	0.012959092
485.888	0.03052488	-5.8316907	0.014992813
486.016	0.030225937	-5.8312695	0.015291071
486.144	0.030278929	-5.831073	0.015355169
486.272	0.030255984	-5.8312824	0.015959991
486.4	0.029700971	-5.8306686	0.015661212
486.528	0.030366616	-5.8314575	0.013044424
486.656	0.030366955	-5.831022	0.015110887
486.784	0.03045974	-5.830932	0.012094568
486.912	0.029914268	-5.8308234	0.012355514
487.04	0.03030005	-5.8310559	0.014110017
487.168	0.030288009	-5.8314823	0.016020733
487.296	0.029928576	-5.8308873	0.01752145
487.424	0.030589843	-5.8317484	0.014882607
487.552	0.030338061	-5.8312697	0.014850377
487.68	0.029988515	-5.8311326	0.015449834
487.808	0.029938379	-5.8310763	0.014966815
487.936	0.030156656	-5.8312369	0.015165165
488.064	0.030514296	-5.8314126	0.015919271
488.192	0.029269061	-5.8303994	0.018123936
488.32	0.030198161	-5.8314214	0.013574974
488.448	0.030257935	-5.8316924	0.012045215
488.576	0.029559075	-5.8312165	0.012770075
488.704	0.030056686	-5.8317467	0.013466362
488.832	0.029956039	-5.8314511	0.013637406
488.96	0.030090101	-5.831409	0.01337704
489.088	0.030086103	-5.8316078	0.010357623
489.216	0.029740571	-5.8311259	0.011855647
489.344	0.029841954	-5.8314876	0.012722995
489.472	0.03021281	-5.8320886	0.011599448
489.6	0.030035096	-5.8318211	0.015359892
489.728	0.029457748	-5.8313356	0.018433787
489.856	0.029566239	-5.8314986	0.012154444
489.984	0.029991556	-5.8314885	0.0094603039
490.112	0.029988595	-5.8317149	0.010013539
490.24	0.029653922	-5.8316862	0.013534949
490.368	0.029543532	-5.8310928	0.01410007
490.496	0.02985913	-5.8312688	0.011530856
490.624	0.029619621	-5.8310181	0.016664111
490.752	0.030182727	-5.8315694	0.013916097
490.88	0.02956771	-5.8308837	0.016293834
491.008	0.029672052	-5.8308991	0.015659129
491.136	0.029847981	-5.8311437	0.013839579
491.264	0.030231293	-5.8318394	0.012682157
491.392	0.030019074	-5.8315132	0.015258826
491.52	0.029921495	-5.8312322	0.01486539
491.648	0.029891496	-5.8311371	0.015542032
491.776	0.030021134	-5.8309822	0.015048288
491.904	0.02994143	-5.8309672	0.015768026
492.032	0.030403069	-5.8313705	0.014103394
492.16	0.030289675	-5.8314631	0.014125144
492.288	0.029713357	-5.830686	0.013405651
492.416	0.030608533	-5.8312378	0.014000811
492.544	0.030332799	-5.8311197	0.016337831
492.672	0.03010051	-5.8309352	0.017085874
492.8	0.030061125	-5.8307245	0.016938613
492.928	0.030206577	-5.8309534	0.014707622
493.056	0.029936722	-5.830561	0.013401493
493.184	0.030354171	-5.8310718	0.014948787
493.312	0.030620723	-5.8314471	0.015352343
493.44	0.029993409	-5.8309032	0.01757526
493.568	0.030103475	-5.8311592	0.017343014
493.696	0.029889499	-5.8310683	0.012631458
493.824	0.030016405	-5.8310564	0.011964104
493.952	0.030263339	-5.831198	0.01425468
494.08	0.030134672	-5.8313202	0.012324929
494.208	0.029996724	-5.8312084	0.012629949
494.336	0.030451835	-5.8317183	0.015570131
494.464	0.030160278	-5.8314941	0.013165744
494.592	0.029219559	-5.8306342	0.015694464
494.72	0.030135449	-5.8314711	0.016855082
494.848	0.029823654	-5.8311978	0.015370644
494.976	0.029663469	-5.8309518	0.014682283
495.104	0.030142631	-5.831471	0.012263288
495.232	0.029778581	-5.83101	0.014034046
495.36	0.02959168	-5.8314588	0.017401177
495.488	0.029791354	-5.831477	0.015900196
495.616	0.029941789	-5.8319938	0.014185195
495.744	0.029432803	-5.8313997	0.015167805
495.872	0.030364078	-5.832129	0.010027747
496	0.029954924	-5.8317684	0.012807603
496.128	0.029654523	-5.8312478	0.014009465
496.256	0.029687227	-5.8310238	0.01535361
496.384	0.029880634	-5.8316752	0.011729652
496.512	0.030316186	-5.8318819	0.0095008922
496.64	0.02936138	-5.8308003	0.015756937
496.768	0.029721753	-5.8312242	0.011512194
496.896	0.0301302	-5.8318146	0.01194611
497.024	0.029776144	-5.8313362	0.011490429
497.152	0.030403912	-5.831803	0.009883503
497.28	0.029566405	-5.8311149	0.016050179
497.408	0.029839519	-5.8312155	0.014431507
497.536	0.029836337	-5.8311971	0.016764986
497.664	0.030126314	-5.8314213	0.011886531
497.792	0.030074384	-5.8312687	0.012579702
497.92	0.030137912	-5.8314993	0.012818278
498.048	0.029655533	-5.8311662	0.010264112
498.176	0.030387642	-5.8318326	0.011122733
498.304	0.029699413	-5.8310071	0.01962964
498.432	0.029980605	-5.8312327	0.016497239
498.56	0.030176586	-5.8309634	0.014370253
498.688	0.030288007	-5.8310547	0.018241334
498.816	0.030196537	-5.8312761	0.017296754
498.944	0.030345211	-5.8312401	0.013109836
499.072	0.030308528	-5.8312471	0.01325881
499.2	0.030541181	-5.8314666	0.015136877
499.328	0.030118558	-5.8311229	0.012758008
499.456	0.030392039	-5.8308453	0.013365219
499.584	0.030646159	-5.8315383	0.014430734
499.712	0.030632447	-5.8315696	0.01414431
499.84	0.029982846	-5.8309743	0.014371165
499.968	0.030760858	-5.831355	0.011596108
