0	0.0058159755	-5.8437823	-0.013483215
0.128	0.0059412524	-5.8439563	-0.013361493
0.256	0.0058596058	-5.8437252	-0.014507593
0.384	0.0058713887	-5.8439139	-0.014998418
0.512	0.0059492579	-5.8438806	-0.014797663
0.64	0.0059387097	-5.8437615	-0.013495332
0.768	0.0058452036	-5.8434969	-0.012411897
0.896	0.005993772	-5.8437082	-0.015168054
1.024	0.0058506711	-5.8435341	-0.013841773
1.152	0.006031522	-5.8437829	-0.013314163
1.28	0.0060577816	-5.843928	-0.013731607
1.408	0.0059640586	-5.8437445	-0.013634015
1.536	0.0060367306	-5.8440048	-0.013812698
1.664	0.0059003875	-5.8436199	-0.014873587
1.792	0.0059690239	-5.8436123	-0.014726188
1.92	0.0060339356	-5.8437129	-0.014323063
2.048	0.0060574981	-5.8437967	-0.013831552
2.176	0.0060452735	-5.8437807	-0.01397502
2.304	0.0059363113	-5.8435486	-0.013777611
2.432	0.0061197116	-5.8435215	-0.014584522
2.56	0.0061144779	-5.8435881	-0.014688536
2.688	0.0060985616	-5.8432657	-0.015557258
2.816	0.0060773368	-5.8436071	-0.015437929
2.944	0.006085101	-5.8437015	-0.012750036
3.072	0.0061001787	-5.843871	-0.013363917
3.2	0.0060820461	-5.843703	-0.012888044
3.328	0.0061324595	-5.843677	-0.013379429
3.456	0.0060915737	-5.8436112	-0.015573981
3.584	0.0060597614	-5.8434746	-0.013596519
3.712	0.0060742657	-5.8436752	-0.012874528
3.84	0.0060409364	-5.8435566	-0.013471884
3.968	0.0061715478	-5.843776	-0.013658115
4.096	0.005981891	-5.8435528	-0.014105792
4.224	0.0060867004	-5.8436664	-0.014314874
4.352	0.006055517	-5.8436087	-0.014183489
4.48	0.006002073	-5.8437911	-0.014372852
4.608	0.006028708	-5.8439471	-0.016943264
4.736	0.0059664742	-5.8438005	-0.014499364
4.864	0.0060931017	-5.844042	-0.012343059
4.992	0.0059537009	-5.8437945	-0.013027945
5.12	0.0059205065	-5.8436093	-0.014394896
5.248	0.0059100832	-5.8436688	-0.014384623
5.376	0.0058888578	-5.8435897	-0.014085513
5.504	0.0059681121	-5.8440821	-0.014166323
5.632	0.0059242673	-5.8437985	-0.014669202
5.76	0.0059775024	-5.8440376	-0.016206888
5.888	0.0058041879	-5.8436754	-0.014427031
6.016	0.0059139288	-5.8440195	-0.015987542
6.144	0.005955312	-5.843902	-0.013067497
6.272	0.0059086841	-5.8438249	-0.012588272
6.4	0.0058610144	-5.8438784	-0.014886082
6.528	0.0059149728	-5.8437458	-0.014028941
6.656	0.0058535141	-5.8435976	-0.013399345
6.784	0.0059296399	-5.8436944	-0.014144546
6.912	0.0060031391	-5.8437055	-0.015119878
7.04	0.0058702405	-5.8435549	-0.013458187
7.168	0.005988702	-5.844035	-0.014480572
7.296	0.005987864	-5.8439106	-0.014978208
7.424	0.0058968431	-5.8437214	-0.013143503
7.552	0.0060366748	-5.8436401	-0.014820547
7.68	0.0060327272	-5.8435179	-0.016616228
7.808	0.0060158896	-5.843494	-0.015420919
7.936	0.0060426992	-5.8437183	-0.012678322
8.064	0.0060516117	-5.843819	-0.012586965
8.192	0.0059097973	-5.8434633	-0.013592861
8.32	0.0060451165	-5.8436912	-0.014286786
8.448	0.0060963018	-5.8434832	-0.014378636
8.576	0.0061407059	-5.8434653	-0.013782016
8.704	0.0060070335	-5.8435752	-0.012956327
8.832	0.0059832909	-5.8437826	-0.012126352
8.96	0.0060743669	-5.8437338	-0.01458178
9.088	0.006137334	-5.8435895	-0.015589284
9.216	0.0061374102	-5.8436975	-0.014927957
9.344	0.0061031244	-5.8436725	-0.014667939
9.472	0.0061221746	-5.8437089	-0.015418218
9.6	0.0060800066	-5.8435671	-0.013479195
9.728	0.0060941504	-5.8435274	-0.01264034
9.856	0.0059440357	-5.8435132	-0.013151642
9.984	0.0062010965	-5.8438232	-0.015167913
10.112	0.0060288688	-5.8435456	-0.012811725
10.24	0.0059631961	-5.8437024	-0.012766115
10.368	0.0061084151	-5.843695	-0.014947681
10.496	0.0061376875	-5.8436032	-0.014354841
10.624	0.0060121592	-5.8436989	-0.012726521
10.752	0.0059765993	-5.8436331	-0.011564063
10.88	0.0059981815	-5.8436618	-0.011576209
11.008	0.006036709	-5.8436989	-0.013295939
11.136	0.0060362039	-5.8437028	-0.014165098
11.264	0.0060478554	-5.8437933	-0.014863983
11.392	0.0059258016	-5.8437718	-0.016383686
11.52	0.0058806395	-5.8436294	-0.015922619
11.648	0.0059527671	-5.8437784	-0.015364739
11.776	0.0059194432	-5.8439274	-0.014901899
11.904	0.0059000808	-5.8439804	-0.015096689
12.032	0.0058544375	-5.8437719	-0.015782233
12.16	0.0059099104	-5.843842	-0.01434783
12.288	0.0059512933	-5.843681	-0.015157463
12.416	0.0058810474	-5.8436486	-0.015516222
12.544	0.0058493922	-5.8437723	-0.014230039
12.672	0.0059836465	-5.8438337	-0.014861304
12.8	0.0058830055	-5.8436718	-0.015639166
12.928	0.0058627698	-5.8437318	-0.014659356
13.056	0.0059728885	-5.8440447	-0.01425506
13.184	0.0059326158	-5.8439309	-0.014301256
13.312	0.0059361297	-5.8438955	-0.014514975
13.44	0.0059158397	-5.8437879	-0.013805628
13.568	0.0059679383	-5.8439087	-0.014101226
13.696	0.0058816847	-5.8437174	-0.013260707
13.824	0.0060182251	-5.8439744	-0.013525704
13.952	0.0060955938	-5.8438502	-0.014086146
14.08	0.0058819773	-5.8433709	-0.013968947
14.208	0.006023016	-5.8437182	-0.014727976
14.336	0.0060867126	-5.8438897	-0.014641729
14.464	0.0060009689	-5.843947	-0.015771064
14.592	0.0060138521	-5.8436901	-0.01360037
14.72	0.0060033598	-5.843596	-0.012494602
14.848	0.0060147275	-5.8437336	-0.013690629
14.976	0.0061269226	-5.8436991	-0.012843834
15.104	0.0060538234	-5.8434181	-0.013563351
15.232	0.0060617144	-5.8434254	-0.012890568
15.36	0.0061310336	-5.8436873	-0.012793786
15.488	0.0061516458	-5.8436859	-0.01387469
15.616	0.0060537605	-5.8436544	-0.014350983
15.744	0.00607235	-5.8437234	-0.013402149
15.872	0.0060952917	-5.8437667	-0.015020158
16	0.0060903327	-5.843548	-0.015334756
16.128	0.0060750805	-5.8432899	-0.012547116
16.256	0.0060993569	-5.8433389	-0.013810346
16.384	0.006194295	-5.8437271	-0.012917517
16.512	0.0061281277	-5.8437362	-0.011298607
16.64	0.0060291178	-5.8434738	-0.013187902
16.768	0.00606432	-5.8436585	-0.014277367
16.896	0.0059852243	-5.8434717	-0.014014791
17.024	0.0060275358	-5.8436714	-0.014704258
17.152	0.006060756	-5.8436241	-0.014847032
17.28	0.0058781822	-5.8434962	-0.0141639
17.408	0.0061244036	-5.8438184	-0.015013279
17.536	0.0059682225	-5.8436559	-0.014646702
17.664	0.0059612435	-5.843902	-0.015542189
17.792	0.0058638351	-5.8437117	-0.015025287
17.92	0.0059523553	-5.8436488	-0.016016335
18.048	0.0059088272	-5.843927	-0.015689282
18.176	0.0058673908	-5.8436705	-0.015594211
18.304	0.0057943135	-5.8434863	-0.014778017
18.432	0.0059809732	-5.8438455	-0.014099904
18.56	0.0059164009	-5.8438816	-0.012211356
18.688	0.0058436408	-5.8436885	-0.013324022
18.816	0.0059478768	-5.843976	-0.014525375
18.944	0.0058994452	-5.8438345	-0.013330421
19.072	0.0058907122	-5.8437346	-0.013798764
19.2	0.0058065059	-5.8437885	-0.014389794
19.328	0.0059611126	-5.8439502	-0.014443883
19.456	0.0059042527	-5.8438417	-0.012967436
19.584	0.0059650579	-5.8437882	-0.014251578
19.712	0.0058877026	-5.8436132	-0.01446329
19.84	0.0059643636	-5.8437989	-0.014386991
19.968	0.0059763457	-5.8441	-0.015122086
20.096	0.0058952389	-5.8436101	-0.01587133
20.224	0.0060736469	-5.8437302	-0.016246928
20.352	0.0059934515	-5.8437187	-0.013051398
20.48	0.0059285668	-5.8438727	-0.013672951
20.608	0.0060125678	-5.8437137	-0.014441588
20.736	0.0060387785	-5.8439665	-0.012588375
20.864	0.0060460394	-5.8439077	-0.013346119
20.992	0.0060065539	-5.8436917	-0.013584296
21.12	0.0060386676	-5.8436141	-0.013733293
21.248	0.0061074243	-5.8437742	-0.012657987
21.376	0.006151674	-5.8436375	-0.012912576
21.504	0.0060094753	-5.8434489	-0.013758102
21.632	0.0061278329	-5.8433177	-0.01490473
21.76	0.0060542759	-5.8433985	-0.01402297
21.888	0.0061646582	-5.8436002	-0.014112144
22.016	0.0060764458	-5.8435193	-0.014655433
22.144	0.0061533896	-5.8436307	-0.01376894
22.272	0.0060750338	-5.8434514	-0.015305015
22.4	0.0061068402	-5.8437284	-0.015182967
22.528	0.0061287476	-5.8438544	-0.014647131
22.656	0.0060192092	-5.8435736	-0.012947986
22.784	0.0061216099	-5.8437122	-0.012823734
22.912	0.0059812224	-5.8436348	-0.014584949
23.04	0.0061173471	-5.8434985	-0.013970847
23.168	0.0060745361	-5.8436044	-0.012332387
23.296	0.0059494961	-5.843686	-0.014040321
23.424	0.0061028535	-5.8438603	-0.014007446
23.552	0.0060838631	-5.8439611	-0.014236843
23.68	0.0059256718	-5.8435329	-0.015057425
23.808	0.0059178434	-5.8437837	-0.015101473
23.936	0.0059758161	-5.844006	-0.014141327
24.064	0.0059160105	-5.8438996	-0.014691595
24.192	0.0059943083	-5.8437472	-0.014135578
24.32	0.0060055871	-5.8437414	-0.013252982
24.448	0.0058940068	-5.8437234	-0.012710347
24.576	0.0059048209	-5.843754	-0.01478109
24.704	0.0059683846	-5.8439455	-0.015090993
24.832	0.0058907182	-5.8437986	-0.012354097
24.96	0.0058201325	-5.8438136	-0.013468856
25.088	0.0059292019	-5.8438039	-0.015507907
25.216	0.0060080204	-5.8439006	-0.014014932
25.344	0.0058821731	-5.8436695	-0.014054932
25.472	0.0059140981	-5.8437785	-0.013282988
25.6	0.0058424057	-5.8436879	-0.013782247
25.728	0.006014051	-5.8437496	-0.015829215
25.856	0.0059252561	-5.8436524	-0.016015099
25.984	0.0059235216	-5.8435783	-0.014558786
26.112	0.005918996	-5.8437176	-0.014865111
26.24	0.0060575006	-5.8438255	-0.015105895
26.368	0.0059091522	-5.8437069	-0.015157175
26.496	0.0060044073	-5.8436156	-0.015942922
26.624	0.0059812655	-5.8434655	-0.014807824
26.752	0.0059578685	-5.8437005	-0.01315119
26.88	0.0059920255	-5.8437179	-0.013242765
27.008	0.0060875157	-5.8437452	-0.012858982
27.136	0.0060135966	-5.8436193	-0.01417615
27.264	0.006055361	-5.8434988	-0.013330339
27.392	0.006087642	-5.8434863	-0.012641838
27.52	0.0060542326	-5.8436566	-0.014475388
27.648	0.0060459258	-5.8435191	-0.014666419
27.776	0.0061358654	-5.843728	-0.014120376
27.904	0.0059672901	-5.8433463	-0.014172252
28.032	0.0061963775	-5.8436371	-0.012788527
28.16	0.0061509133	-5.8436952	-0.013513579
28.288	0.0060566278	-5.8435975	-0.013515428
28.416	0.0060858581	-5.8436548	-0.013079859
28.544	0.0061559926	-5.8439565	-0.014094357
28.672	0.0060909947	-5.8438433	-0.013716185
28.8	0.0062060574	-5.8438618	-0.014790174
28.928	0.0060909416	-5.8436133	-0.013903735
29.056	0.0060592235	-5.8434795	-0.012308559
29.184	0.0061452127	-5.8436606	-0.013588221
29.312	0.0059579347	-5.8435985	-0.012912371
29.44	0.0060139194	-5.8436452	-0.013671923
29.568	0.0060553519	-5.8437107	-0.013457888
29.696	0.0060368859	-5.844053	-0.014690009
29.824	0.0059963771	-5.843905	-0.013652343
29.952	0.005949693	-5.8436803	-0.01263918
30.08	0.0059843522	-5.8437727	-0.013188402
30.208	0.0059937531	-5.8440064	-0.013783167
30.336	0.0059348134	-5.8436821	-0.012862966
30.464	0.0059554865	-5.8438028	-0.013276956
30.592	0.005882086	-5.8435759	-0.015099544
30.72	0.0060358749	-5.8439735	-0.014578095
30.848	0.0058362109	-5.8438217	-0.013154141
30.976	0.0060038456	-5.8439223	-0.01658076
31.104	0.0058677903	-5.8437819	-0.014614919
31.232	0.005861321	-5.8436223	-0.013176907
31.36	0.0059355362	-5.8438843	-0.014457811
31.488	0.0059390641	-5.8439663	-0.013926358
31.616	0.0059319966	-5.8437184	-0.014091422
31.744	0.0059917502	-5.8437437	-0.014847973
31.872	0.0058153686	-5.8438064	-0.013879458
32	0.0059038269	-5.8438882	-0.013642408
32.128	0.0059421598	-5.8439438	-0.014622271
32.256	0.0058860548	-5.8438337	-0.013431587
32.384	0.0059637409	-5.8439433	-0.01578867
32.512	0.0060070725	-5.8438398	-0.015677759
32.64	0.0058959665	-5.8436652	-0.013298289
32.768	0.0059769494	-5.8437971	-0.013947996
32.896	0.0059590857	-5.8437271	-0.013421214
33.024	0.0060521006	-5.8437254	-0.014221994
33.152	0.0060129246	-5.8437867	-0.015633773
33.28	0.0060605864	-5.8437498	-0.015063711
33.408	0.0060295098	-5.8437478	-0.014467965
33.536	0.0060008836	-5.8437766	-0.014976792
33.664	0.0060569829	-5.843663	-0.014101468
33.792	0.006046224	-5.8437454	-0.014962577
33.92	0.0061385319	-5.8438486	-0.015821154
34.048	0.0060712552	-5.8437585	-0.012897958
34.176	0.0060242584	-5.8435757	-0.01256013
34.304	0.0061217243	-5.8438882	-0.013509634
34.432	0.0061073926	-5.8435431	-0.013609378
34.56	0.0060738502	-5.8434659	-0.011400113
34.688	0.0061472743	-5.8436195	-0.0117395
34.816	0.0061149929	-5.8437511	-0.01385038
34.944	0.0060388749	-5.8436004	-0.013040069
35.072	0.006115409	-5.84345	-0.013107811
35.2	0.006044498	-5.843569	-0.01423793
35.328	0.0060801755	-5.8434856	-0.013035932
35.456	0.0059907269	-5.8435414	-0.013079243
35.584	0.0060282635	-5.8436888	-0.015046086
35.712	0.0060497427	-5.8436158	-0.015097655
35.84	0.0060867447	-5.8437308	-0.01374587
35.968	0.0059567789	-5.8436145	-0.013761739
36.096	0.006051239	-5.8437932	-0.01470044
36.224	0.0059465248	-5.8436623	-0.014420898
36.352	0.0060121633	-5.8435238	-0.014389014
36.48	0.0059717384	-5.8433807	-0.014383935
36.608	0.0059630443	-5.8435109	-0.013717912
36.736	0.0058586906	-5.8437208	-0.014356902
36.864	0.0059402384	-5.8437509	-0.014511537
36.992	0.0059768968	-5.8436549	-0.015186645
37.12	0.0058307103	-5.8437321	-0.01339787
37.248	0.0059814979	-5.8438563	-0.013614133
37.376	0.005886622	-5.8439988	-0.014367347
37.504	0.0059025804	-5.8439093	-0.015849322
37.632	0.0059119998	-5.8439728	-0.01567899
37.76	0.0059311695	-5.8439598	-0.014474758
37.888	0.0058741946	-5.8439054	-0.01375234
38.016	0.0059123555	-5.8436683	-0.014908368
38.144	0.0059110621	-5.8437797	-0.013699873
38.272	0.0059991026	-5.8438334	-0.01389311
38.4	0.0058956847	-5.8438899	-0.014275332
38.528	0.0059709917	-5.8438294	-0.012426182
38.656	0.0058861855	-5.8438154	-0.014543091
38.784	0.00599518	-5.8438616	-0.017355424
38.912	0.0058466937	-5.8438221	-0.014148942
39.04	0.00606354	-5.8438095	-0.014685079
39.168	0.0059969687	-5.8436626	-0.013065154
39.296	0.0058986762	-5.8435782	-0.012459435
39.424	0.0060099307	-5.8436469	-0.013244527
39.552	0.0060302479	-5.8438666	-0.013982928
39.68	0.0060049532	-5.8439523	-0.014878652
39.808	0.0060288296	-5.8437347	-0.013737741
39.936	0.006131643	-5.8438111	-0.0126015
40.064	0.0060728693	-5.843789	-0.014212617
40.192	0.0059788882	-5.8437767	-0.013314576
40.32	0.0060544229	-5.8435964	-0.01326642
40.448	0.0060976173	-5.8435668	-0.014118097
40.576	0.0061516568	-5.8436476	-0.013344201
40.704	0.0060611845	-5.8438112	-0.014930933
40.832	0.0060667826	-5.8435767	-0.013890797
40.96	0.0061076221	-5.84371	-0.013133119
41.088	0.0061273097	-5.8436815	-0.014445368
41.216	0.0060698603	-5.8438723	-0.013726317
41.344	0.0060235907	-5.8437144	-0.014056268
41.472	0.0060124547	-5.843645	-0.013211311
41.6	0.0061433196	-5.8435525	-0.015280076
41.728	0.0059926153	-5.8436101	-0.014714469
41.856	0.0060864487	-5.8436895	-0.013370786
41.984	0.0060699738	-5.8438429	-0.013288607
42.112	0.0059826659	-5.8436815	-0.012771619
42.24	0.0060356139	-5.8435631	-0.013795868
42.368	0.0059317349	-5.8437068	-0.013561317
42.496	0.0059595631	-5.8435903	-0.013840221
42.624	0.0060410024	-5.8438209	-0.014550208
42.752	0.006036996	-5.8436795	-0.014564373
42.88	0.0059126514	-5.843543	-0.01428454
43.008	0.0059146629	-5.8436518	-0.013769666
43.136	0.0059722667	-5.8436377	-0.014893561
43.264	0.0059137766	-5.8437747	-0.015037492
43.392	0.0059399143	-5.8437853	-0.014948218
43.52	0.0058388489	-5.8435842	-0.01493221
43.648	0.0058723164	-5.8435597	-0.01404948
43.776	0.0058478081	-5.8438969	-0.013845584
43.904	0.0059737377	-5.8439856	-0.014672254
44.032	0.0058648222	-5.8438791	-0.01592607
44.16	0.0059330099	-5.8438528	-0.015861654
44.288	0.0059421332	-5.8438492	-0.013298331
44.416	0.0058865492	-5.8438118	-0.01262278
44.544	0.0058371018	-5.8437578	-0.012852581
44.672	0.0059028645	-5.8438658	-0.014142649
44.8	0.0059093074	-5.8437674	-0.014588797
44.928	0.0059754349	-5.8436002	-0.014867061
45.056	0.0058755209	-5.8435305	-0.012654821
45.184	0.0060974372	-5.8438162	-0.014030633
45.312	0.0059332529	-5.8436187	-0.014468663
45.44	0.0060718889	-5.8439606	-0.014510217
45.568	0.0060108978	-5.8437828	-0.014256989
45.696	0.0059277779	-5.8434525	-0.013197942
45.824	0.0060391851	-5.8438049	-0.013561482
45.952	0.0060396937	-5.8436931	-0.013801092
46.08	0.0060520095	-5.8436733	-0.01425673
46.208	0.0059644097	-5.8436493	-0.013603558
46.336	0.006057544	-5.8436949	-0.014131173
46.464	0.006006622	-5.8435609	-0.014972006
46.592	0.0061075408	-5.8438119	-0.015908812
46.72	0.0061185693	-5.8438685	-0.015993819
46.848	0.0061003771	-5.8436856	-0.012773849
46.976	0.0060839209	-5.8436571	-0.012911911
47.104	0.0061159563	-5.8436236	-0.012080974
47.232	0.0061229899	-5.8437686	-0.012712234
47.36	0.0060445103	-5.8435997	-0.013443772
47.488	0.0060916629	-5.8437775	-0.012714446
47.616	0.006114014	-5.8437712	-0.012801922
47.744	0.0061260413	-5.8437533	-0.013274169
47.872	0.0060389853	-5.8437561	-0.013171892
48	0.0060799907	-5.8435314	-0.013933755
48.128	0.0060367393	-5.8435406	-0.01426648
48.256	0.0060665403	-5.8434565	-0.014661071
48.384	0.006037083	-5.8435756	-0.014472047
48.512	0.0060069703	-5.8434873	-0.014754591
48.64	0.0059159057	-5.8434224	-0.014599941
48.768	0.0060676331	-5.8438087	-0.015036847
48.896	0.0060435155	-5.8438021	-0.014962031
49.024	0.0059222847	-5.8435727	-0.014212419
49.152	0.0059612889	-5.8437997	-0.013817289
49.28	0.006004133	-5.8439459	-0.015495556
49.408	0.0058715807	-5.8436737	-0.014609583
49.536	0.0058708923	-5.8438928	-0.013667745
49.664	0.0058774359	-5.8438873	-0.016447149
49.792	0.0058891605	-5.843697	-0.015759363
49.92	0.0060457246	-5.843942	-0.014757306
50.048	0.0059276848	-5.8438508	-0.015796323
50.176	0.0058836399	-5.8439285	-0.01395784
50.304	0.0059383923	-5.8437061	-0.013108006
50.432	0.0058806437	-5.8437407	-0.01304841
50.56	0.0058713862	-5.8436957	-0.013631826
50.688	0.005946346	-5.8437816	-0.013487362
50.816	0.0058735408	-5.8438003	-0.014619535
50.944	0.0059409005	-5.8437794	-0.014302678
51.072	0.0058967565	-5.8437329	-0.013116827
51.2	0.005845779	-5.8439614	-0.013503908
51.328	0.0059339252	-5.8439914	-0.013799795
51.456	0.0059761596	-5.8439135	-0.013958557
51.584	0.0058781154	-5.8437822	-0.013040075
51.712	0.0059852622	-5.8436485	-0.013190031
51.84	0.0060851696	-5.8438934	-0.013709413
51.968	0.0060087496	-5.8436983	-0.014096141
52.096	0.0059996248	-5.8437894	-0.014363086
52.224	0.0061521532	-5.843763	-0.014871965
52.352	0.0060207402	-5.843596	-0.012630559
52.48	0.0060373406	-5.8438716	-0.014569712
52.608	0.0060688641	-5.8437857	-0.014245035
52.736	0.0061217273	-5.8435504	-0.014311605
52.864	0.0060875724	-5.8435369	-0.01464918
52.992	0.0060579726	-5.8433127	-0.014266822
53.12	0.0060944891	-5.8432646	-0.015351025
53.248	0.0061144955	-5.8434442	-0.01519577
53.376	0.0061573901	-5.8435107	-0.013303448
53.504	0.0060513085	-5.8432378	-0.013307375
53.632	0.0060427516	-5.843386	-0.0126123
53.76	0.0060887223	-5.8437396	-0.013107413
53.888	0.0061615323	-5.8437139	-0.015318341
54.016	0.0060506927	-5.8435921	-0.013800568
54.144	0.0060766329	-5.8436511	-0.014131737
54.272	0.0062235504	-5.8436429	-0.014620969
54.4	0.0060268896	-5.8435193	-0.013432748
54.528	0.0060451858	-5.8436812	-0.013729115
54.656	0.006083547	-5.8438118	-0.014348046
54.784	0.005972885	-5.8439202	-0.013039134
54.912	0.0060632157	-5.8436863	-0.013931578
55.04	0.0060135426	-5.8435136	-0.014448038
55.168	0.0059916374	-5.8436888	-0.013645157
55.296	0.0059835402	-5.8437605	-0.014522863
55.424	0.0059787206	-5.8440308	-0.013687986
55.552	0.0058823836	-5.8438273	-0.012858385
55.68	0.0060062857	-5.8439847	-0.015873822
55.808	0.0059443383	-5.8437461	-0.015245633
55.936	0.0059263149	-5.8439124	-0.014228229
56.064	0.0059412779	-5.8439222	-0.014756386
56.192	0.0059056324	-5.8438599	-0.014759894
56.32	0.0058876306	-5.8439198	-0.0140939
56.448	0.005922164	-5.8438021	-0.013786165
56.576	0.0057803205	-5.8438445	-0.014241595
56.704	0.0059996665	-5.8438986	-0.015058749
56.832	0.0058731788	-5.8439077	-0.014140261
56.96	0.0059574162	-5.8437383	-0.014470618
57.088	0.0059713722	-5.8436029	-0.014417898
57.216	0.0058697795	-5.8434982	-0.012838256
57.344	0.005913014	-5.8437315	-0.013340099
57.472	0.0058983862	-5.8434588	-0.015360178
57.6	0.0059832861	-5.8437062	-0.01516719
57.728	0.0058950063	-5.84375	-0.014652796
57.856	0.0059563053	-5.8438106	-0.015001713
57.984	0.0060306684	-5.8438275	-0.013128036
58.112	0.0060131078	-5.8436924	-0.013865849
58.24	0.0060521442	-5.843986	-0.013861237
58.368	0.0059346038	-5.8439058	-0.01314479
58.496	0.0059594978	-5.8438229	-0.014087578
58.624	0.0060368852	-5.8436527	-0.014468259
58.752	0.0061470263	-5.843678	-0.015755747
58.88	0.0060710591	-5.8436003	-0.013179041
59.008	0.0061234357	-5.8437141	-0.01306922
59.136	0.0060002467	-5.8433116	-0.014770346
59.264	0.0060309907	-5.8436274	-0.014209834
59.392	0.0060513977	-5.8434696	-0.015024644
59.52	0.0061696105	-5.8436526	-0.014185279
59.648	0.0060907629	-5.8435724	-0.013475075
59.776	0.0061092928	-5.843774	-0.013087158
59.904	0.0060397735	-5.8438782	-0.012928393
60.032	0.0060536525	-5.8440408	-0.014052189
60.16	0.0061621598	-5.8438812	-0.013234402
60.288	0.0061664442	-5.8438446	-0.013682937
60.416	0.0060703354	-5.843712	-0.015621556
60.544	0.0060254756	-5.8435629	-0.014162489
60.672	0.0061096831	-5.8435534	-0.014314531
60.8	0.0060864347	-5.8436302	-0.013643058
60.928	0.0059118989	-5.8434697	-0.013524087
61.056	0.0061547624	-5.8438382	-0.013652297
61.184	0.0059769168	-5.8436533	-0.012946802
61.312	0.0060056334	-5.8437027	-0.015318502
61.44	0.0059604433	-5.843469	-0.015249487
61.568	0.00594358	-5.8433925	-0.013004247
61.696	0.0060226334	-5.8436995	-0.014138674
61.824	0.0059207051	-5.8437419	-0.014367514
61.952	0.0059243903	-5.8438234	-0.014176358
62.08	0.0059634292	-5.8438588	-0.013802617
62.208	0.0058913331	-5.8438371	-0.014366289
62.336	0.0059607612	-5.8438668	-0.015253212
62.464	0.0059155567	-5.8437013	-0.015393176
62.592	0.0059247765	-5.843643	-0.014802974
62.72	0.0058897206	-5.8437557	-0.014137503
62.848	0.0058621465	-5.8435697	-0.013653604
62.976	0.005898492	-5.8437178	-0.01364382
63.104	0.0059353921	-5.8437237	-0.014250901
63.232	0.0060180023	-5.8437681	-0.012937308
63.36	0.0059069207	-5.8436536	-0.013731659
63.488	0.0058954093	-5.8435606	-0.015408581
63.616	0.0058815474	-5.8433644	-0.014831491
63.744	0.0058713294	-5.8436394	-0.013752678
63.872	0.0059355723	-5.8439067	-0.0145081
64	0.0059410917	-5.8437313	-0.014015126
64.128	0.00596857	-5.8439255	-0.013027106
64.256	0.0060862514	-5.8439668	-0.013154525
64.384	0.0060558093	-5.843953	-0.013865939
64.512	0.0059977601	-5.8437589	-0.015121463
64.64	0.0059713383	-5.8435827	-0.015366803
64.768	0.0059709561	-5.8434322	-0.015314181
64.896	0.0060755723	-5.8435731	-0.013912979
65.024	0.0060514207	-5.8436748	-0.012918775
65.152	0.0060825444	-5.8435956	-0.013645722
65.28	0.0061262905	-5.8436797	-0.014772585
65.408	0.006062047	-5.8436085	-0.01187305
65.536	0.0059579402	-5.8433933	-0.01262798
65.664	0.0060225719	-5.8434511	-0.015241097
65.792	0.0060919851	-5.843795	-0.014585452
65.92	0.0060839589	-5.8436174	-0.013735177
66.048	0.0060991212	-5.8436104	-0.014416118
66.176	0.0061859705	-5.8438084	-0.014846179
66.304	0.0061132689	-5.8435392	-0.014083668
66.432	0.0061066686	-5.8434654	-0.014391011
66.56	0.0060411664	-5.8435557	-0.014567018
66.688	0.0060904595	-5.8435626	-0.013650937
66.816	0.0060430299	-5.843428	-0.013638739
66.944	0.0060205665	-5.8434461	-0.012082425
67.072	0.0060839922	-5.8435893	-0.011951808
67.2	0.006005929	-5.8437981	-0.013544388
67.328	0.0060695829	-5.8437353	-0.012487771
67.456	0.0060114158	-5.8437948	-0.013632049
67.584	0.0060316859	-5.8437377	-0.013814856
67.712	0.0060985647	-5.843886	-0.012938279
67.84	0.0059762882	-5.8437862	-0.014808245
67.968	0.0059166161	-5.843822	-0.015224483
68.096	0.0060267882	-5.8437097	-0.015234198
68.224	0.0058955478	-5.8435178	-0.014857775
68.352	0.0059024518	-5.8435551	-0.015312379
68.48	0.0059386676	-5.843773	-0.016063582
68.608	0.0059955829	-5.8438183	-0.015591124
68.736	0.0058132007	-5.8437993	-0.013157608
68.864	0.0059737746	-5.8438765	-0.013854518
68.992	0.0058812732	-5.8438335	-0.013759051
69.12	0.0059067609	-5.8437566	-0.014759787
69.248	0.005937632	-5.8439508	-0.014260006
69.376	0.0059311468	-5.8438486	-0.015042848
69.504	0.0057936485	-5.8436734	-0.015702763
69.632	0.0059750962	-5.843962	-0.015287795
69.76	0.0059012877	-5.8438064	-0.013252231
69.888	0.005933044	-5.8439343	-0.015260114
70.016	0.0060182136	-5.8439503	-0.014649983
70.144	0.0059164605	-5.8438113	-0.013685078
70.272	0.0059581237	-5.8438001	-0.015483497
70.4	0.0058953542	-5.84366	-0.015796552
70.528	0.0059843957	-5.8437344	-0.014492121
70.656	0.0060527315	-5.84368	-0.014692058
70.784	0.0059396601	-5.8436115	-0.014763243
70.912	0.0059707173	-5.843537	-0.012777377
71.04	0.0060532437	-5.8438216	-0.012617649
71.168	0.0060081557	-5.843775	-0.014500477
71.296	0.0060748293	-5.8438642	-0.014960395
71.424	0.0059866023	-5.8436519	-0.013903297
71.552	0.006054938	-5.8434624	-0.014224386
71.68	0.0059993275	-5.8433232	-0.013363022
71.808	0.0061534906	-5.843493	-0.013598708
71.936	0.0061522566	-5.8437241	-0.013483682
72.064	0.0060253597	-5.8437223	-0.013850437
72.192	0.0061648528	-5.8436915	-0.013649271
72.32	0.0059845393	-5.8434658	-0.013243195
72.448	0.0062001675	-5.8435358	-0.013556568
72.576	0.0060950252	-5.8434714	-0.011796224
72.704	0.0060709942	-5.8435806	-0.012143081
72.832	0.0060821486	-5.8436071	-0.012602815
72.96	0.006147232	-5.8438032	-0.013760819
73.088	0.0059888651	-5.8435621	-0.013028497
73.216	0.0059428852	-5.8435089	-0.013117767
73.344	0.0061179794	-5.8438592	-0.014757712
73.472	0.0060404366	-5.8438438	-0.014480926
73.6	0.0059728075	-5.8437788	-0.013896712
73.728	0.0060189107	-5.8437903	-0.013936722
73.856	0.0060028956	-5.843656	-0.013848826
73.984	0.0059703655	-5.8436224	-0.01241886
74.112	0.006014601	-5.84367	-0.014736455
74.24	0.0059764173	-5.8436864	-0.014184259
74.368	0.0058787609	-5.8434701	-0.013608673
74.496	0.0059778682	-5.8437266	-0.014493851
74.624	0.0059249962	-5.8435692	-0.014469353
74.752	0.0059283342	-5.8436044	-0.015160828
74.88	0.0058374219	-5.8436542	-0.014116919
75.008	0.0059579322	-5.8439209	-0.013974834
75.136	0.0059301933	-5.8440608	-0.01462986
75.264	0.0058198973	-5.8437713	-0.013634527
75.392	0.0059169475	-5.8437084	-0.014393159
75.52	0.005881664	-5.8437332	-0.014265424
75.648	0.0059738655	-5.8440213	-0.014694419
75.776	0.00587018	-5.8438518	-0.014968951
75.904	0.0058987981	-5.8437836	-0.015309585
76.032	0.0059592714	-5.8438655	-0.013453775
76.16	0.0059094291	-5.8438867	-0.012573954
76.288	0.0059229703	-5.8440195	-0.013961613
76.416	0.0058625986	-5.8438245	-0.012893342
76.544	0.0058846394	-5.8436765	-0.01264965
76.672	0.0058713706	-5.8436583	-0.013883175
76.8	0.0059312916	-5.8439763	-0.013380534
76.928	0.0060506654	-5.8440037	-0.01487087
77.056	0.0059888764	-5.8438176	-0.015714915
77.184	0.005910208	-5.8436238	-0.013720016
77.312	0.0061533597	-5.8436866	-0.014441139
77.44	0.0060468373	-5.8434811	-0.01367328
77.568	0.0060587467	-5.8435215	-0.013049615
77.696	0.006107343	-5.8438467	-0.014519246
77.824	0.0061184215	-5.8436896	-0.014526773
77.952	0.0059470545	-5.8435853	-0.013029792
78.08	0.0061464985	-5.843467	-0.012667957
78.208	0.0061193401	-5.8437637	-0.013179428
78.336	0.0061023304	-5.8436361	-0.013521029
78.464	0.0060977821	-5.8435562	-0.01271695
78.592	0.0060463218	-5.8438173	-0.012895017
78.72	0.0061862923	-5.8437928	-0.015108912
78.848	0.0058957003	-5.843562	-0.015298149
78.976	0.006034855	-5.8435708	-0.014056013
79.104	0.0062351725	-5.8437821	-0.014147054
79.232	0.0061005944	-5.8437716	-0.014250061
79.36	0.0060209845	-5.8438289	-0.01303585
79.488	0.0061054183	-5.8437399	-0.014203373
79.616	0.0059884373	-5.8435684	-0.014700395
79.744	0.0061146971	-5.8438145	-0.013640418
79.872	0.0060102516	-5.8435438	-0.012929239
80	0.006036163	-5.8439062	-0.014550761
80.128	0.0059679782	-5.8436315	-0.013895272
80.256	0.0059396164	-5.8435955	-0.014675604
80.384	0.0061229536	-5.8439373	-0.01533575
80.512	0.0059415695	-5.8439718	-0.013638393
80.64	0.0059502186	-5.8439063	-0.014274411
80.768	0.0059334201	-5.8436516	-0.014328346
80.896	0.0058316312	-5.8436959	-0.011974423
81.024	0.0060926467	-5.8440914	-0.014191319
81.152	0.005880542	-5.8439585	-0.014520134
81.28	0.0058587386	-5.844022	-0.015070206
81.408	0.0059208391	-5.8439377	-0.014823362
81.536	0.0058892411	-5.8437661	-0.012224723
81.664	0.0058592826	-5.8435558	-0.01417981
81.792	0.005910648	-5.8436879	-0.014452025
81.92	0.0058841232	-5.8437294	-0.012982034
82.048	0.0058564684	-5.8438039	-0.014669471
82.176	0.0059835631	-5.8438293	-0.014486049
82.304	0.0059036103	-5.8439527	-0.014022615
82.432	0.0059632235	-5.8437155	-0.014924338
82.56	0.0058426723	-5.8437893	-0.013453093
82.688	0.0059749112	-5.8436238	-0.013998783
82.816	0.0059210281	-5.8435923	-0.015167359
82.944	0.0059772215	-5.8436885	-0.015341131
83.072	0.0060251761	-5.843933	-0.014699644
83.2	0.0058846545	-5.8436759	-0.014614215
83.328	0.0060427286	-5.8436132	-0.014183701
83.456	0.0060841364	-5.8436431	-0.01373093
83.584	0.0059878038	-5.8438157	-0.013300576
83.712	0.0060868036	-5.8438118	-0.013035372
83.84	0.0059609542	-5.8438322	-0.014284734
83.968	0.0061294713	-5.8440163	-0.014292153
84.096	0.0060024923	-5.8435718	-0.01323313
84.224	0.0060438053	-5.843608	-0.01474448
84.352	0.0060768777	-5.8437685	-0.012697144
84.48	0.0060573739	-5.8438704	-0.012851825
84.608	0.0061064108	-5.8437177	-0.014215546
84.736	0.0060578487	-5.8436427	-0.013512815
84.864	0.005999117	-5.8433888	-0.014049733
84.992	0.0062068911	-5.8432971	-0.012987549
85.12	0.006104492	-5.8433371	-0.012279693
85.248	0.0060704305	-5.8433318	-0.013005329
85.376	0.0060261975	-5.843481	-0.014572072
85.504	0.0060983475	-5.8435623	-0.0134567
85.632	0.0060881776	-5.8436811	-0.014108829
85.76	0.006085072	-5.8435915	-0.01368412
85.888	0.0060154838	-5.8435218	-0.01412551
86.016	0.0061239053	-5.8437246	-0.014168232
86.144	0.0060305585	-5.8436028	-0.012690836
86.272	0.0060482612	-5.843678	-0.012980765
86.4	0.0060291726	-5.8436434	-0.013462357
86.528	0.0059245448	-5.8436623	-0.014020301
86.656	0.0060909634	-5.8437844	-0.014654107
86.784	0.0059201363	-5.8437057	-0.013961923
86.912	0.0060070632	-5.8439113	-0.013196488
87.04	0.0059614918	-5.8437648	-0.013922917
87.168	0.0059081063	-5.8438043	-0.014584066
87.296	0.0058259023	-5.8440777	-0.014944405
87.424	0.0059867041	-5.8441298	-0.014088327
87.552	0.0058135903	-5.8437535	-0.01372138
87.68	0.0059060344	-5.8436479	-0.01500559
87.808	0.0058170115	-5.8437721	-0.015001336
87.936	0.0060168433	-5.8440321	-0.014503704
88.064	0.0058650215	-5.8437332	-0.01275778
88.192	0.0058359074	-5.8438695	-0.013087136
88.32	0.0059916471	-5.8440473	-0.012951415
88.448	0.0058697593	-5.8439358	-0.014735175
88.576	0.0059372626	-5.8440575	-0.015512897
88.704	0.0059715007	-5.8438747	-0.013969569
88.832	0.005823483	-5.8436933	-0.015214519
88.96	0.0058634636	-5.8434765	-0.013822941
89.088	0.0060366937	-5.8434734	-0.012588234
89.216	0.0060406757	-5.8436353	-0.014160719
89.344	0.0059695423	-5.843605	-0.014185151
89.472	0.0060399703	-5.843784	-0.013806237
89.6	0.0059248769	-5.8435877	-0.013864117
89.728	0.0059535833	-5.8436043	-0.013571327
89.856	0.0060302681	-5.8434787	-0.014107301
89.984	0.0060324959	-5.8435171	-0.014835811
90.112	0.0061045029	-5.8436027	-0.01537498
90.24	0.0061747265	-5.8437023	-0.014563483
90.368	0.0059020762	-5.8432867	-0.012451516
90.496	0.0060792463	-5.8435392	-0.014202211
90.624	0.0061897099	-5.8436988	-0.014437805
90.752	0.0060378306	-5.8434743	-0.014308723
90.88	0.0060242844	-5.8435156	-0.014000378
91.008	0.0060782913	-5.8433513	-0.013054118
91.136	0.0060660469	-5.8434677	-0.014330397
91.264	0.0061524616	-5.8437	-0.015135642
91.392	0.0060947097	-5.8436715	-0.014741501
91.52	0.0061276023	-5.8436903	-0.014623018
91.648	0.0060568555	-5.8435302	-0.013560746
91.776	0.0060628901	-5.8437429	-0.012885864
91.904	0.0060594999	-5.8436373	-0.014630366
92.032	0.0060883529	-5.8437241	-0.012556412
92.16	0.0060835325	-5.8436871	-0.011343797
92.288	0.0060632158	-5.8435869	-0.013744831
92.416	0.006054606	-5.8436497	-0.014163503
92.544	0.0059402854	-5.8435942	-0.012801905
92.672	0.0060484391	-5.8437054	-0.014185436
92.8	0.0060069333	-5.8438728	-0.013653628
92.928	0.0060116547	-5.8439893	-0.013045652
93.056	0.0058993556	-5.8438263	-0.012985322
93.184	0.0059697926	-5.843797	-0.014711553
93.312	0.0059881792	-5.8438633	-0.014497707
93.44	0.0059376224	-5.8438965	-0.013341634
93.568	0.005929964	-5.8439278	-0.013349796
93.696	0.0059247181	-5.8439128	-0.01336129
93.824	0.0059487147	-5.8437902	-0.014477801
93.952	0.0058825158	-5.8437751	-0.014059357
94.08	0.0058988305	-5.8438162	-0.015026124
94.208	0.0058728961	-5.8438446	-0.015582376
94.336	0.0058953904	-5.8437688	-0.015316743
94.464	0.0058914228	-5.8437555	-0.014850459
94.592	0.0059048072	-5.8439417	-0.015791943
94.72	0.0058965055	-5.8437581	-0.015095287
94.848	0.005865488	-5.8437715	-0.013552696
94.976	0.0059605104	-5.8437869	-0.013315079
95.104	0.0059349033	-5.8437493	-0.014570057
95.232	0.0059149141	-5.8438646	-0.015124997
95.36	0.0059494907	-5.8439303	-0.014809305
95.488	0.0059533628	-5.8440234	-0.013319053
95.616	0.0059825144	-5.8439719	-0.013317846
95.744	0.0060133051	-5.8439762	-0.013475926
95.872	0.0059374936	-5.843489	-0.013459338
96	0.0060165351	-5.8434993	-0.014909747
96.128	0.0059630861	-5.8436239	-0.012870608
96.256	0.0060085493	-5.8436241	-0.01298456
96.384	0.006051629	-5.8435435	-0.014067278
96.512	0.0060823502	-5.8436151	-0.014300534
96.64	0.0060147345	-5.8435522	-0.014097867
96.768	0.006100852	-5.8437224	-0.013291524
96.896	0.0061365912	-5.8436315	-0.014396066
97.024	0.0060749442	-5.8437039	-0.014979401
97.152	0.0060703612	-5.8435908	-0.01474079
97.28	0.0061428726	-5.843753	-0.013930475
97.408	0.0061044431	-5.843752	-0.012531427
97.536	0.006109294	-5.8435547	-0.013364651
97.664	0.0061377472	-5.8435333	-0.014898312
97.792	0.0060683166	-5.843474	-0.014078913
97.92	0.0061104055	-5.8437847	-0.015112852
98.048	0.0061570899	-5.8436615	-0.014904292
98.176	0.0060431605	-5.8435816	-0.013487013
98.304	0.0060791575	-5.8436228	-0.013321364
98.432	0.0060624921	-5.8435159	-0.01279015
98.56	0.0061004725	-5.8434699	-0.011823631
98.688	0.0059771809	-5.8435202	-0.012051143
98.816	0.006095928	-5.843776	-0.014301335
98.944	0.0059743603	-5.8437477	-0.016450917
99.072	0.0060312174	-5.8440193	-0.015175188
99.2	0.0058599604	-5.8438767	-0.013462597
99.328	0.0059253769	-5.8435822	-0.014020107
99.456	0.0059963316	-5.843864	-0.014087044
99.584	0.005975654	-5.8440109	-0.015041648
99.712	0.0059459455	-5.8438774	-0.013128214
99.84	0.0059610503	-5.843801	-0.015240482
99.968	0.0058393923	-5.8436426	-0.015642139
100.096	0.0059643616	-5.8437726	-0.01407388
100.224	0.0059608333	-5.8439622	-0.013664548
100.352	0.0058730023	-5.8438796	-0.015032449
100.48	0.0059338419	-5.8438308	-0.015690833
100.608	0.0058734156	-5.8436621	-0.015750525
100.736	0.0058924156	-5.843718	-0.015283847
100.864	0.0058861268	-5.8436151	-0.014147002
100.992	0.0058883554	-5.8435589	-0.01353642
101.12	0.0058791217	-5.8437572	-0.014101817
101.248	0.0059304319	-5.8438172	-0.015019173
101.376	0.005828518	-5.8435827	-0.015037499
101.504	0.0059771633	-5.8435908	-0.014416193
101.632	0.0059545593	-5.8435661	-0.013222929
101.76	0.0060223378	-5.8436723	-0.013314206
101.888	0.0059760186	-5.8437882	-0.013131731
102.016	0.0060058282	-5.8439746	-0.012102886
102.144	0.0059746899	-5.843896	-0.014422158
102.272	0.0059510117	-5.8438109	-0.013867013
102.4	0.0060395079	-5.8440046	-0.015256792
102.528	0.0059633948	-5.8438519	-0.016885019
102.656	0.0059837247	-5.8437201	-0.015352949
102.784	0.0059401106	-5.8438461	-0.01487908
102.912	0.0061392411	-5.8439881	-0.012962439
103.04	0.0061095668	-5.8437148	-0.013369242
103.168	0.0061658339	-5.8435716	-0.013514825
103.296	0.0059686461	-5.843378	-0.012824953
103.424	0.0061219854	-5.8435456	-0.014543386
103.552	0.0061920004	-5.8436066	-0.013318617
103.68	0.0060713931	-5.8434548	-0.012799704
103.808	0.0060599407	-5.8436617	-0.013396212
103.936	0.0061120689	-5.8434833	-0.014285711
104.064	0.0061274266	-5.8434852	-0.014341334
104.192	0.0060981845	-5.8434325	-0.013310719
104.32	0.0060590393	-5.8434667	-0.014571732
104.448	0.0060557421	-5.8435019	-0.014311822
104.576	0.0060322831	-5.8433512	-0.013140875
104.704	0.0060935512	-5.8436458	-0.013311844
104.832	0.0060522043	-5.843896	-0.013466975
104.96	0.0060561093	-5.8436261	-0.012301217
105.088	0.006025926	-5.8436683	-0.01266263
105.216	0.0060170303	-5.8436248	-0.014334421
105.344	0.0060022466	-5.8437674	-0.012872802
105.472	0.0059415567	-5.8435113	-0.013498615
105.6	0.0059180674	-5.8435431	-0.014771649
105.728	0.0059215797	-5.8439177	-0.01263886
105.856	0.0059923914	-5.8439482	-0.013140736
105.984	0.0059308	-5.8439615	-0.01453476
106.112	0.0059189403	-5.844009	-0.013811735
106.24	0.0058443755	-5.8438974	-0.013492885
106.368	0.0059406439	-5.8439063	-0.015334608
106.496	0.0059371316	-5.8437482	-0.015165568
106.624	0.0058567363	-5.8438268	-0.014581098
106.752	0.0058209596	-5.843867	-0.014819553
106.88	0.0058998597	-5.8436728	-0.014337198
107.008	0.0058843207	-5.8436464	-0.014262976
107.136	0.0059370948	-5.8437499	-0.014635338
107.264	0.0059074007	-5.8438424	-0.014277809
107.392	0.0059524883	-5.844058	-0.014953463
107.52	0.0058847512	-5.8436603	-0.015013226
107.648	0.0059841421	-5.8437054	-0.01438614
107.776	0.0059649106	-5.8438444	-0.015282504
107.904	0.0059409718	-5.8434661	-0.016184269
108.032	0.0059433495	-5.8435305	-0.016230032
108.16	0.0059914686	-5.843746	-0.015424019
108.288	0.0060008119	-5.843843	-0.012538047
108.416	0.0058999395	-5.84382	-0.012604053
108.544	0.006026832	-5.84407	-0.012336655
108.672	0.0059141752	-5.8437084	-0.013636254
108.8	0.0060451696	-5.8435427	-0.015734264
108.928	0.0059478194	-5.8435306	-0.013811062
109.056	0.0059729866	-5.8434773	-0.013184343
109.184	0.0061606988	-5.8437092	-0.013996274
109.312	0.0060531091	-5.8435338	-0.014667111
109.44	0.0061037697	-5.8435152	-0.013776116
109.568	0.0061441932	-5.8436706	-0.012596824
109.696	0.0060125817	-5.8436151	-0.01388205
109.824	0.0061662641	-5.8437818	-0.015919129
109.952	0.0060781034	-5.8434982	-0.013926605
110.08	0.0061050817	-5.8437054	-0.014853836
110.208	0.0060828257	-5.8437181	-0.014667812
110.336	0.0060840815	-5.8437397	-0.014643839
110.464	0.0060576192	-5.8435416	-0.014642293
110.592	0.0061375145	-5.8434985	-0.014234868
110.72	0.0061850774	-5.8435803	-0.014307981
110.848	0.0059149894	-5.8435262	-0.013760087
110.976	0.0060563793	-5.8436922	-0.013572744
111.104	0.0061700828	-5.8438225	-0.013867008
111.232	0.0059342636	-5.8437375	-0.015095963
111.36	0.005987927	-5.8437558	-0.014453567
111.488	0.0060156944	-5.8439992	-0.014877812
111.616	0.005996282	-5.8437724	-0.014702096
111.744	0.0060629964	-5.8438094	-0.012566397
111.872	0.0058695548	-5.843759	-0.013149093
112	0.0059731456	-5.8437798	-0.013830469
112.128	0.0060193347	-5.843807	-0.014716834
112.256	0.0058750805	-5.8438065	-0.014900367
112.384	0.0059611619	-5.843909	-0.01293558
112.512	0.0058961675	-5.8437657	-0.01440883
112.64	0.0058600551	-5.8435552	-0.015668451
112.768	0.0060166353	-5.8438361	-0.014521993
112.896	0.0059082074	-5.8437109	-0.013513608
113.024	0.0058830335	-5.8439778	-0.013491468
113.152	0.005895426	-5.8439811	-0.012969437
113.28	0.005903229	-5.8439064	-0.014057974
113.408	0.0059684808	-5.8440577	-0.013923736
113.536	0.0059538131	-5.8436933	-0.015050194
113.664	0.0059170837	-5.8436669	-0.014389878
113.792	0.0058996294	-5.8439413	-0.012857909
113.92	0.0059385354	-5.8438971	-0.014440623
114.048	0.0058508365	-5.8437284	-0.013662782
114.176	0.0059421286	-5.8438795	-0.01301291
114.304	0.0059798774	-5.8437275	-0.01444547
114.432	0.0059534039	-5.8437798	-0.01588877
114.56	0.0059163545	-5.8436903	-0.014752451
114.688	0.0059971447	-5.8438055	-0.015163176
114.816	0.0060290743	-5.8438859	-0.01507315
114.944	0.0058628695	-5.8435039	-0.012178781
115.072	0.0059884072	-5.8436852	-0.013180667
115.2	0.0061679227	-5.8440646	-0.013822345
115.328	0.0059148225	-5.8435412	-0.01319942
115.456	0.0060334268	-5.843599	-0.013249622
115.584	0.0059991283	-5.8431835	-0.01381278
115.712	0.0060414094	-5.8434604	-0.013145993
115.84	0.0061433389	-5.8435159	-0.014011075
115.968	0.0060428986	-5.8433277	-0.015568188
116.096	0.0060993486	-5.8436015	-0.016123224
116.224	0.0061127675	-5.843597	-0.015853283
116.352	0.0060669359	-5.8434942	-0.014944824
116.48	0.0061103798	-5.8436285	-0.013990253
116.608	0.0060946667	-5.8434654	-0.013865204
116.736	0.0061484191	-5.8434685	-0.013348301
116.864	0.006065714	-5.8435812	-0.012697972
116.992	0.0061762679	-5.8439327	-0.013143447
117.12	0.0060156385	-5.8436365	-0.012333599
117.248	0.0061178235	-5.8439026	-0.012827282
117.376	0.0060536996	-5.8440196	-0.013222075
117.504	0.0060191512	-5.8437306	-0.013045442
117.632	0.0061062802	-5.8437921	-0.013917806
117.76	0.0059964293	-5.8437883	-0.013973429
117.888	0.0059310674	-5.8438441	-0.013413421
118.016	0.0059677897	-5.8440523	-0.014058635
118.144	0.0058763033	-5.8438528	-0.015470135
118.272	0.0060358281	-5.8440382	-0.015708674
118.4	0.005975194	-5.8438586	-0.014571976
118.528	0.0059005685	-5.843808	-0.013438887
118.656	0.0059264328	-5.8438093	-0.013228912
118.784	0.0058950813	-5.8438763	-0.014029895
118.912	0.006032831	-5.8440633	-0.013968995
119.04	0.0059505621	-5.8438577	-0.015292212
119.168	0.0058671908	-5.8437134	-0.014790731
119.296	0.0059981337	-5.8440349	-0.014781267
119.424	0.005852288	-5.8440551	-0.014634757
119.552	0.0058684037	-5.8437358	-0.014193665
119.68	0.0059092705	-5.8437858	-0.015497487
119.808	0.0058066021	-5.8435175	-0.014919605
119.936	0.0059003393	-5.8437437	-0.014183647
120.064	0.0059662747	-5.8438033	-0.01540089
120.192	0.0059861734	-5.8438935	-0.014141628
120.32	0.0058715096	-5.8437083	-0.014588139
120.448	0.0059010014	-5.8437668	-0.014067801
120.576	0.0059608953	-5.8437831	-0.014355092
120.704	0.0058709629	-5.8437542	-0.014286145
120.832	0.0059854877	-5.8438107	-0.012925697
120.96	0.0060402454	-5.8436851	-0.015122988
121.088	0.0060683446	-5.843635	-0.016650015
121.216	0.0059020022	-5.8432797	-0.013997238
121.344	0.0060971444	-5.8434976	-0.014046688
121.472	0.0060511683	-5.8435264	-0.013998212
121.6	0.0060818885	-5.8436472	-0.012685099
121.728	0.0060417316	-5.8436723	-0.014308677
121.856	0.0060100407	-5.8435211	-0.014704557
121.984	0.0060727921	-5.8435765	-0.013036969
122.112	0.0061154925	-5.843572	-0.013640612
122.24	0.006161725	-5.8436302	-0.014476303
122.368	0.0060195029	-5.8436861	-0.012237023
122.496	0.0060761399	-5.8435015	-0.010778535
122.624	0.0060823991	-5.8434131	-0.013265833
122.752	0.0061038428	-5.8434824	-0.013641815
122.88	0.006181119	-5.8435878	-0.013576907
123.008	0.0061255875	-5.8436077	-0.016083259
123.136	0.006130416	-5.8434787	-0.015732503
123.264	0.005987479	-5.8435828	-0.013465601
123.392	0.0060883187	-5.8437037	-0.013224184
123.52	0.0059961401	-5.843731	-0.013391959
123.648	0.0061188618	-5.8437053	-0.0133973
123.776	0.0060330941	-5.8436195	-0.013507609
123.904	0.0060550777	-5.8437412	-0.012793555
124.032	0.0060441974	-5.8439009	-0.014360754
124.16	0.0060869925	-5.8438689	-0.015172611
124.288	0.0058664905	-5.8438628	-0.01368399
124.416	0.005921111	-5.8438791	-0.013470435
124.544	0.0059913364	-5.8438958	-0.014333091
124.672	0.0059600755	-5.8438111	-0.014027989
124.8	0.0058907084	-5.8436822	-0.013306242
124.928	0.0059942987	-5.8438344	-0.015753748
125.056	0.0059927312	-5.8440849	-0.016475166
125.184	0.0058675754	-5.8438524	-0.013479713
125.312	0.0059981939	-5.8437889	-0.014402221
125.44	0.0058427436	-5.8437401	-0.014917288
125.568	0.0058781934	-5.8436555	-0.014249736
125.696	0.0058949637	-5.8436883	-0.013338113
125.824	0.0059522141	-5.8435769	-0.01310566
125.952	0.0059034236	-5.8436407	-0.013385404
126.08	0.005905345	-5.8437341	-0.01376859
126.208	0.0059235185	-5.8438409	-0.014766205
126.336	0.0058809835	-5.8438186	-0.015016411
126.464	0.0059288028	-5.8439576	-0.015531928
126.592	0.0058189859	-5.8437542	-0.01527802
126.72	0.0059439403	-5.8437761	-0.015932654
126.848	0.0059437063	-5.8436472	-0.014363192
126.976	0.005955064	-5.8436259	-0.01350069
127.104	0.0058616386	-5.8433873	-0.013113544
127.232	0.0059655402	-5.8436926	-0.013499842
127.36	0.005969109	-5.8438731	-0.013222175
127.488	0.00603945	-5.8438544	-0.014199962
127.616	0.0060049671	-5.843471	-0.014869676
127.744	0.0060603996	-5.843689	-0.013462414
127.872	0.0060553076	-5.8436099	-0.013584304
128	0.0060543024	-5.8437238	-0.014760467
128.128	0.0060629948	-5.843762	-0.014017229
128.256	0.0061726508	-5.8439433	-0.013559339
128.384	0.0060146753	-5.8435674	-0.013889271
128.512	0.0060929885	-5.8439135	-0.014488044
128.64	0.0060919326	-5.8438156	-0.013777794
128.768	0.0061791893	-5.8437771	-0.014991392
128.896	0.0060844457	-5.8437009	-0.013198417
129.024	0.0061563747	-5.8438184	-0.015247802
129.152	0.0060244693	-5.8436247	-0.016270171
129.28	0.0061593992	-5.8436352	-0.014439946
129.408	0.0059840823	-5.8434744	-0.013414319
129.536	0.0061199389	-5.8437976	-0.014187298
129.664	0.0060744497	-5.8439292	-0.013495104
129.792	0.0060879875	-5.8437651	-0.014313088
129.92	0.006077865	-5.8436824	-0.014295384
130.048	0.0059283146	-5.8435009	-0.013608892
130.176	0.0061446481	-5.8440196	-0.01397544
130.304	0.0060593449	-5.8437094	-0.014381983
130.432	0.0059734888	-5.8434511	-0.014446078
130.56	0.006013716	-5.8435471	-0.014172942
130.688	0.0059685046	-5.8436552	-0.014153856
130.816	0.0059183904	-5.8435703	-0.013174057
130.944	0.0059747102	-5.843371	-0.01247853
131.072	0.0059250215	-5.8435348	-0.014141091
131.2	0.0060042261	-5.8436965	-0.014904036
131.328	0.0059808752	-5.8438254	-0.014858644
131.456	0.0057830716	-5.8437453	-0.014891422
131.584	0.0059207687	-5.8436758	-0.014826412
131.712	0.005957012	-5.8438792	-0.015046285
131.84	0.0058754953	-5.8437486	-0.014041248
131.968	0.0057972133	-5.8436316	-0.014082134
132.096	0.0060634026	-5.8440039	-0.014803127
132.224	0.0058227038	-5.8439101	-0.013918972
132.352	0.0058959317	-5.8438458	-0.014287977
132.48	0.0059865429	-5.8440643	-0.014252427
132.608	0.0058240015	-5.8437764	-0.014471013
132.736	0.0058616765	-5.843791	-0.01452798
132.864	0.0059634773	-5.8436749	-0.013507078
132.992	0.0059869962	-5.8438045	-0.014106831
133.12	0.0058969425	-5.843931	-0.015330272
133.248	0.0059534588	-5.8437038	-0.013373044
133.376	0.0060188895	-5.843679	-0.013716348
133.504	0.0059411414	-5.8438261	-0.013109162
133.632	0.0059552606	-5.8437103	-0.013847783
133.76	0.0060503906	-5.8437537	-0.013397238
133.888	0.0060090179	-5.8434755	-0.012824546
134.016	0.0060853736	-5.8437016	-0.015095529
134.144	0.0060574376	-5.8437419	-0.013788424
134.272	0.0059850004	-5.8436981	-0.014036234
134.4	0.0060118422	-5.843666	-0.014738709
134.528	0.0060627795	-5.8435242	-0.014851722
134.656	0.0059950899	-5.8434564	-0.013184585
134.784	0.0060227744	-5.8435099	-0.012496667
134.912	0.006122219	-5.8433493	-0.013791804
135.04	0.0061316666	-5.8434608	-0.012001033
135.168	0.0062274875	-5.8437178	-0.012714855
135.296	0.0060227062	-5.8435676	-0.012628458
135.424	0.006102724	-5.8435839	-0.013001785
135.552	0.0061215743	-5.8436215	-0.014704417
135.68	0.0061487619	-5.8437133	-0.014711239
135.808	0.0059408282	-5.8435646	-0.012675347
135.936	0.0061766931	-5.8436416	-0.0143839
136.064	0.0060766399	-5.8434802	-0.014022693
136.192	0.0060888078	-5.8437732	-0.013110986
136.32	0.0060548606	-5.8438777	-0.012200386
136.448	0.0060225504	-5.8438976	-0.014530602
136.576	0.0059891914	-5.8436668	-0.014310947
136.704	0.0061134171	-5.8436782	-0.012810319
136.832	0.0060729215	-5.843852	-0.01341203
136.96	0.0058887526	-5.8436042	-0.014443548
137.088	0.0059780684	-5.8437818	-0.013817193
137.216	0.0059836536	-5.8437676	-0.013767115
137.344	0.0059558495	-5.8436955	-0.014357131
137.472	0.005996868	-5.843677	-0.01477032
137.6	0.0058476873	-5.8434903	-0.013778714
137.728	0.0059243514	-5.8435806	-0.013121212
137.856	0.0058993995	-5.8436316	-0.013109183
137.984	0.0059012118	-5.8434973	-0.01510113
138.112	0.0059318747	-5.8438445	-0.016123368
138.24	0.0058947589	-5.8439443	-0.015380712
138.368	0.0058955863	-5.843981	-0.015444614
138.496	0.0058766196	-5.8440083	-0.016293153
138.624	0.0058789335	-5.843913	-0.015710526
138.752	0.0059962028	-5.8440509	-0.015619525
138.88	0.0058642443	-5.8439385	-0.01403634
139.008	0.0059157334	-5.8436524	-0.013194299
139.136	0.0059142311	-5.8436268	-0.013792258
139.264	0.0059457718	-5.8438646	-0.013009787
139.392	0.0058995183	-5.8438227	-0.013782095
139.52	0.0059644525	-5.84373	-0.01504175
139.648	0.0059441545	-5.8437787	-0.015313996
139.776	0.0059544643	-5.8436427	-0.014349048
139.904	0.0059680022	-5.8437961	-0.01277456
140.032	0.0060831277	-5.8436317	-0.014054349
140.16	0.0060730456	-5.8434693	-0.015510253
140.288	0.0059659997	-5.8435927	-0.014327968
140.416	0.0060166965	-5.8436918	-0.013927128
140.544	0.0059995202	-5.8437935	-0.014779088
140.672	0.0060524924	-5.8438915	-0.014454888
140.8	0.0061352228	-5.8439155	-0.015829161
140.928	0.006051784	-5.8438737	-0.014579392
141.056	0.0060130188	-5.8435805	-0.011810211
141.184	0.0061306692	-5.8436175	-0.012816997
141.312	0.0061438498	-5.843708	-0.013473172
141.44	0.0061083613	-5.8436802	-0.013791656
141.568	0.0061618137	-5.8438528	-0.014632469
141.696	0.0060217256	-5.8436274	-0.014233864
141.824	0.0060914172	-5.8436886	-0.01343595
141.952	0.006056768	-5.8435045	-0.01303213
142.08	0.005993734	-5.8435026	-0.01281728
142.208	0.006156264	-5.843775	-0.013610018
142.336	0.0060730287	-5.8436906	-0.013665208
142.464	0.0060713811	-5.8435973	-0.013480783
142.592	0.0060600394	-5.843673	-0.015114638
142.72	0.0060357652	-5.8436536	-0.015743017
142.848	0.0060557288	-5.8436288	-0.015078889
142.976	0.006030692	-5.8436158	-0.015348822
143.104	0.0059984814	-5.8436574	-0.014341862
143.232	0.0059989253	-5.8435874	-0.012388961
143.36	0.0059802059	-5.8438648	-0.01319873
143.488	0.0059443785	-5.8435984	-0.013538544
143.616	0.0059504831	-5.8436201	-0.013873311
143.744	0.0059742006	-5.8437972	-0.014619273
143.872	0.0059895228	-5.843755	-0.014715186
144	0.0059726421	-5.8439304	-0.01409564
144.128	0.0058629822	-5.8437744	-0.014003584
144.256	0.0059209689	-5.8436896	-0.01373902
144.384	0.0059543895	-5.8439631	-0.014881537
144.512	0.0058625853	-5.843871	-0.015081648
144.64	0.0059081338	-5.8437918	-0.013785838
144.768	0.0058203052	-5.8437953	-0.012910099
144.896	0.0059042641	-5.8436451	-0.012887224
145.024	0.0058644878	-5.8437772	-0.014314939
145.152	0.0059116676	-5.8437549	-0.014674302
145.28	0.0059193441	-5.843746	-0.015054723
145.408	0.0058679176	-5.843788	-0.015462095
145.536	0.0058385301	-5.8437936	-0.013920603
145.664	0.0060312525	-5.8439105	-0.014481752
145.792	0.0059780538	-5.8438226	-0.013570448
145.92	0.0058335344	-5.8438977	-0.013092985
146.048	0.006001569	-5.8439608	-0.014180375
146.176	0.0058790929	-5.8437228	-0.013836676
146.304	0.0059997606	-5.8438283	-0.013912193
146.432	0.0060201161	-5.8436287	-0.014034851
146.56	0.0060183076	-5.8439057	-0.013699068
146.688	0.0061383762	-5.8437432	-0.013831678
146.816	0.0060620152	-5.8438939	-0.012541706
146.944	0.0060809778	-5.843718	-0.012337028
147.072	0.0060632378	-5.8435534	-0.014160095
147.2	0.0060644869	-5.843689	-0.012847434
147.328	0.0061571013	-5.8436171	-0.013558538
147.456	0.0060994059	-5.8434819	-0.013871288
147.584	0.0060737922	-5.8436884	-0.014624691
147.712	0.0060502172	-5.8437095	-0.01591325
147.84	0.006109708	-5.8436991	-0.015337859
147.968	0.0061785161	-5.8437901	-0.014929442
148.096	0.0061037945	-5.8436823	-0.013562183
148.224	0.0059914217	-5.8437867	-0.013516242
148.352	0.0061185342	-5.8438296	-0.014831345
148.48	0.006105242	-5.8436384	-0.01496162
148.608	0.0060952382	-5.8435672	-0.013834031
148.736	0.0060634225	-5.8436117	-0.014846783
148.864	0.0060073514	-5.8435725	-0.015384641
148.992	0.0059844878	-5.8434972	-0.015854852
149.12	0.0060226815	-5.8435111	-0.016458258
149.248	0.0061142427	-5.8435327	-0.014762449
149.376	0.0060627995	-5.843749	-0.013138227
149.504	0.0060257697	-5.8435393	-0.012699983
149.632	0.0059720006	-5.8436337	-0.012206832
149.76	0.0060248599	-5.8437409	-0.014167483
149.888	0.0058938215	-5.8435107	-0.014283672
150.016	0.0059879255	-5.8436664	-0.014685785
150.144	0.0059524002	-5.8437887	-0.013913195
150.272	0.0058621982	-5.8437046	-0.013800298
150.4	0.0058568218	-5.8435675	-0.014638046
150.528	0.0059102385	-5.8439974	-0.014363105
150.656	0.0058645059	-5.8438931	-0.014026389
150.784	0.0059395076	-5.8440633	-0.014317572
150.912	0.0059487433	-5.8440067	-0.014110134
151.04	0.0059229364	-5.8441131	-0.015135015
151.168	0.005881367	-5.8440559	-0.015062724
151.296	0.0058719552	-5.8440782	-0.015387318
151.424	0.0059812462	-5.8442159	-0.015276807
151.552	0.0058656753	-5.8439268	-0.014080832
151.68	0.0059401924	-5.8437923	-0.013642155
151.808	0.0058787272	-5.8435847	-0.015203733
151.936	0.0059738419	-5.8438608	-0.015935382
152.064	0.0059227729	-5.8437011	-0.014872549
152.192	0.0059871547	-5.8439522	-0.015976483
152.32	0.0059599333	-5.8438079	-0.01401895
152.448	0.0059901581	-5.8437795	-0.013282179
152.576	0.005937624	-5.8436688	-0.01323594
152.704	0.0060191365	-5.8437664	-0.01449472
152.832	0.0060296641	-5.8435337	-0.014944889
152.96	0.0059195311	-5.8435534	-0.01378879
153.088	0.0061126526	-5.8437682	-0.015386397
153.216	0.0060570446	-5.8434157	-0.015671469
153.344	0.0060285378	-5.8435057	-0.012568919
153.472	0.0059577541	-5.8433228	-0.011582879
153.6	0.0061036894	-5.8434189	-0.012910055
153.728	0.0061191024	-5.8434155	-0.012768986
153.856	0.006147752	-5.8436243	-0.012401827
153.984	0.0059703011	-5.8433712	-0.011733704
154.112	0.0061860269	-5.8437079	-0.013411029
154.24	0.0060999857	-5.8436164	-0.013915682
154.368	0.0061512713	-5.8438838	-0.012447536
154.496	0.0059803997	-5.8436437	-0.011689035
154.624	0.0061417716	-5.8436721	-0.01378977
154.752	0.006110419	-5.8438561	-0.013502403
154.88	0.0061098088	-5.8437118	-0.013094903
155.008	0.0060354229	-5.8435064	-0.014462884
155.136	0.0060267242	-5.8436151	-0.014714281
155.264	0.0060354399	-5.8438079	-0.016700155
155.392	0.006064038	-5.8438782	-0.016367484
155.52	0.0059767279	-5.8435355	-0.014861916
155.648	0.0060027861	-5.843641	-0.014782337
155.776	0.0060653023	-5.8438679	-0.014947702
155.904	0.0059043446	-5.8436718	-0.015300767
156.032	0.0059998126	-5.8439627	-0.014088118
156.16	0.0059947774	-5.8440881	-0.014598009
156.288	0.005986496	-5.8439306	-0.014805243
156.416	0.0060283687	-5.8440501	-0.013717081
156.544	0.0059068763	-5.8440381	-0.013672368
156.672	0.0058179123	-5.8437126	-0.01499698
156.8	0.0059007664	-5.8437369	-0.014664296
156.928	0.0059267256	-5.8438779	-0.013523988
157.056	0.0058511254	-5.8435793	-0.013185427
157.184	0.0059827836	-5.84355	-0.014834448
157.312	0.0059041375	-5.8435504	-0.013708176
157.44	0.0059240617	-5.8437163	-0.012781732
157.568	0.0059211682	-5.8436386	-0.01359133
157.696	0.0058918501	-5.8437265	-0.013933333
157.824	0.0058743047	-5.8438453	-0.014633127
157.952	0.0059289291	-5.843958	-0.013952338
158.08	0.0059854962	-5.844056	-0.012628234
158.208	0.0058165424	-5.8435881	-0.01331006
158.336	0.0059138781	-5.8438571	-0.014204578
158.464	0.0059093148	-5.84378	-0.012978382
158.592	0.0059668297	-5.8436936	-0.013502314
158.72	0.0059636309	-5.8437736	-0.015354512
158.848	0.0059702972	-5.8438061	-0.014524088
158.976	0.0059416322	-5.8437234	-0.014280871
159.104	0.0060052384	-5.8436289	-0.014383596
159.232	0.0060484271	-5.8436349	-0.013188945
159.36	0.0060560098	-5.8436815	-0.015363473
159.488	0.0060687506	-5.8436795	-0.015794336
159.616	0.006038225	-5.8437105	-0.013408199
159.744	0.0060298193	-5.8436433	-0.013989422
159.872	0.0060852555	-5.8438139	-0.014243137
160	0.0061135604	-5.8437053	-0.014500333
160.128	0.0060754607	-5.8437475	-0.014808811
160.256	0.0061077651	-5.8436812	-0.013792159
160.384	0.00610998	-5.8437503	-0.014243076
160.512	0.0061179559	-5.843554	-0.015023016
160.64	0.0060560966	-5.8436178	-0.01424717
160.768	0.0061700145	-5.8435684	-0.012757684
160.896	0.0061060715	-5.8435695	-0.013496311
161.024	0.0060204011	-5.8435659	-0.013798516
161.152	0.0061144266	-5.843469	-0.013958744
161.28	0.0060186611	-5.8434965	-0.012786085
161.408	0.0061531174	-5.8436681	-0.01343517
161.536	0.006015779	-5.8433807	-0.013165926
161.664	0.0059997476	-5.8435783	-0.013457574
161.792	0.0060034315	-5.8434798	-0.013728156
161.92	0.0060834146	-5.8436111	-0.014246363
162.048	0.0059399216	-5.8436046	-0.014025996
162.176	0.0060569075	-5.8439047	-0.015227568
162.304	0.0059476725	-5.8436858	-0.013323186
162.432	0.0059279707	-5.8437835	-0.012069563
162.56	0.0060727185	-5.8439848	-0.013971068
162.688	0.0058775267	-5.8436325	-0.013789042
162.816	0.0059745785	-5.8439192	-0.014924101
162.944	0.0058647583	-5.8438481	-0.014536789
163.072	0.005902618	-5.8440048	-0.014430723
163.2	0.0059639154	-5.8436424	-0.014850435
163.328	0.005891813	-5.8438332	-0.01426947
163.456	0.006006987	-5.8439765	-0.014091772
163.584	0.0058360981	-5.8438134	-0.013973092
163.712	0.0059172526	-5.8438553	-0.014729324
163.84	0.005886425	-5.8435266	-0.013126738
163.968	0.0058591501	-5.8436124	-0.012253514
164.096	0.0059003109	-5.8437017	-0.014802088
164.224	0.0058914775	-5.8437187	-0.014238644
164.352	0.0058911878	-5.8436484	-0.013528678
164.48	0.0059504723	-5.8437284	-0.015144023
164.608	0.0059232099	-5.8437903	-0.015331228
164.736	0.0060194506	-5.8438289	-0.015782932
164.864	0.0060109531	-5.8437656	-0.014476737
164.992	0.0059533524	-5.8437913	-0.013856601
165.12	0.0059156208	-5.8438441	-0.013240401
165.248	0.0060679034	-5.8440723	-0.012066387
165.376	0.0061116212	-5.8440202	-0.014239015
165.504	0.0059621195	-5.8436268	-0.013926445
165.632	0.0059968392	-5.8436265	-0.015214378
165.76	0.0060060274	-5.8436797	-0.015318351
165.888	0.006034937	-5.843619	-0.012915357
166.016	0.0060769081	-5.8437079	-0.012622961
166.144	0.0060775518	-5.8435723	-0.012640518
166.272	0.00609603	-5.8436068	-0.013842099
166.4	0.00616599	-5.8435939	-0.012580542
166.528	0.0060605318	-5.843474	-0.012535316
166.656	0.0061036815	-5.8436215	-0.014876118
166.784	0.0061316636	-5.8436871	-0.015737845
166.912	0.0061288106	-5.8434184	-0.013954062
167.04	0.0060353517	-5.8435321	-0.013926023
167.168	0.0060831078	-5.843627	-0.015117981
167.296	0.006174275	-5.8436805	-0.014150071
167.424	0.0060768444	-5.8435501	-0.012048879
167.552	0.0061060381	-5.843828	-0.013578618
167.68	0.0060538207	-5.8438789	-0.013718565
167.808	0.0060262111	-5.8434623	-0.01401159
167.936	0.0061071604	-5.8435641	-0.013116622
168.064	0.0061660214	-5.8438148	-0.01338276
168.192	0.0059795967	-5.8436564	-0.013463329
168.32	0.0060055777	-5.8438209	-0.013335869
168.448	0.0059991797	-5.8436972	-0.015868484
168.576	0.0059470575	-5.8435515	-0.016998211
168.704	0.0060237751	-5.8437149	-0.015847567
168.832	0.0059769595	-5.8438066	-0.015303321
168.96	0.0059082381	-5.8436937	-0.014701649
169.088	0.0058851416	-5.8436882	-0.014570992
169.216	0.0059875891	-5.8438001	-0.015524315
169.344	0.0058813558	-5.8436968	-0.013655975
169.472	0.0058700749	-5.8438617	-0.013381358
169.6	0.0059294699	-5.8439075	-0.016220588
169.728	0.005821572	-5.8437874	-0.016183873
169.856	0.0060284182	-5.843913	-0.015172317
169.984	0.0058510273	-5.8435095	-0.013333402
170.112	0.0058790336	-5.8438014	-0.014232365
170.24	0.0058906446	-5.8437481	-0.013292793
170.368	0.0057843095	-5.8434894	-0.014211426
170.496	0.0060237146	-5.8438642	-0.016816622
170.624	0.0060539338	-5.8437968	-0.015585397
170.752	0.0058410331	-5.8433931	-0.014222146
170.88	0.0059265899	-5.8438926	-0.016229472
171.008	0.005940342	-5.8437357	-0.015581597
171.136	0.0059335909	-5.8438297	-0.015310886
171.264	0.0059989105	-5.8437938	-0.01372551
171.392	0.005922525	-5.8439923	-0.013828907
171.52	0.0059660618	-5.8439424	-0.015247338
171.648	0.0060212229	-5.8439422	-0.013890354
171.776	0.0060064497	-5.843892	-0.013497553
171.904	0.0060132744	-5.8438318	-0.013073414
172.032	0.0061012838	-5.8439736	-0.01429197
172.16	0.006096871	-5.8437923	-0.01518596
172.288	0.0059685149	-5.8436619	-0.014572106
172.416	0.0061482388	-5.8437895	-0.014874024
172.544	0.0060726984	-5.8438279	-0.011754138
172.672	0.006189561	-5.8439221	-0.012149455
172.8	0.0059730373	-5.8436733	-0.013812263
172.928	0.0061614427	-5.8437523	-0.014126197
173.056	0.0061394421	-5.8435981	-0.014747931
173.184	0.0059568746	-5.8435807	-0.015066285
173.312	0.0061752009	-5.8437558	-0.014085094
173.44	0.0061347742	-5.8435973	-0.013508001
173.568	0.0060864979	-5.8436904	-0.013524296
173.696	0.0060174963	-5.843742	-0.014605663
173.824	0.0061293596	-5.8437958	-0.01442016
173.952	0.0060556482	-5.8437928	-0.013839089
174.08	0.0060943315	-5.8436395	-0.013028898
174.208	0.0060401206	-5.8436652	-0.012189616
174.336	0.00601998	-5.8436094	-0.013224574
174.464	0.006071107	-5.8436669	-0.01467825
174.592	0.0059701573	-5.8438803	-0.014390451
174.72	0.0060073566	-5.8437337	-0.015445456
174.848	0.006021247	-5.8436105	-0.015877892
174.976	0.0059360267	-5.8436215	-0.016905311
175.104	0.0059765857	-5.8436596	-0.015868889
175.232	0.0059455291	-5.8436848	-0.014217566
175.36	0.005910398	-5.8436761	-0.012900671
175.488	0.0059994738	-5.8438543	-0.014801131
175.616	0.0059311596	-5.8438171	-0.016616316
175.744	0.0058703101	-5.8437331	-0.014464379
175.872	0.0059644231	-5.8438755	-0.014523611
176	0.0058544076	-5.843868	-0.015793819
176.128	0.0058993519	-5.8438159	-0.014581296
176.256	0.0058982611	-5.843932	-0.013414298
176.384	0.0058512046	-5.8436864	-0.012666957
176.512	0.005955042	-5.8439457	-0.015240652
176.64	0.0059340803	-5.8438829	-0.01433541
176.768	0.005973638	-5.8440552	-0.013773814
176.896	0.0059688018	-5.8438878	-0.014836035
177.024	0.0058571363	-5.843826	-0.01228316
177.152	0.0059607947	-5.843753	-0.011563499
177.28	0.0059248474	-5.8435944	-0.013699475
177.408	0.005908667	-5.8435706	-0.014208899
177.536	0.0059825783	-5.8435977	-0.013854708
177.664	0.006013371	-5.8435245	-0.014474403
177.792	0.0060156487	-5.8435855	-0.014692348
177.92	0.0059258198	-5.8436613	-0.014379998
178.048	0.0060820968	-5.8436576	-0.014349529
178.176	0.0059126942	-5.8435619	-0.013722078
178.304	0.0060591429	-5.8436733	-0.014767764
178.432	0.0060947062	-5.8435871	-0.014829253
178.56	0.0061089729	-5.8435104	-0.014475543
178.688	0.0061063211	-5.8437458	-0.013697907
178.816	0.0060636169	-5.8436691	-0.01277368
178.944	0.0060938605	-5.8437553	-0.012729739
179.072	0.00607209	-5.8437598	-0.013577438
179.2	0.0060921139	-5.8439345	-0.014313316
179.328	0.0059760249	-5.843646	-0.014656718
179.456	0.0061882562	-5.8435763	-0.013201713
179.584	0.0061667729	-5.843673	-0.014624144
179.712	0.006004731	-5.8436432	-0.013993677
179.84	0.0061395754	-5.843671	-0.014943528
179.968	0.0061143637	-5.8434633	-0.013912902
180.096	0.0059859699	-5.8435743	-0.01406709
180.224	0.0060197121	-5.8436812	-0.014498549
180.352	0.0061761897	-5.8438015	-0.013120359
180.48	0.0059275609	-5.8434554	-0.013009649
180.608	0.00606993	-5.8434673	-0.015954293
180.736	0.0060115026	-5.8434719	-0.014501095
180.864	0.0059341439	-5.8435419	-0.012714115
180.992	0.0060080421	-5.8433986	-0.01227431
181.12	0.0060385515	-5.843766	-0.013088686
181.248	0.0059080534	-5.8438524	-0.014408883
181.376	0.0059753265	-5.8437395	-0.014470304
181.504	0.0058745356	-5.8436677	-0.015013368
181.632	0.0060021752	-5.8438819	-0.014952134
181.76	0.0059136881	-5.8439055	-0.014934666
181.888	0.0059233708	-5.843703	-0.015726262
182.016	0.0058928813	-5.8439515	-0.013867181
182.144	0.0060036491	-5.844083	-0.014347028
182.272	0.0059873875	-5.8440578	-0.014950318
182.4	0.0057741379	-5.8436478	-0.014975838
182.528	0.0058863069	-5.8439811	-0.015314072
182.656	0.0058949315	-5.8440064	-0.015523708
182.784	0.0059655438	-5.8439836	-0.014310304
182.912	0.005868554	-5.8437916	-0.014208911
183.04	0.0059477023	-5.8439865	-0.014993796
183.168	0.0058371144	-5.8438589	-0.014959294
183.296	0.0060039802	-5.8437952	-0.015358473
183.424	0.0059106018	-5.843688	-0.013697718
183.552	0.0059724289	-5.8438541	-0.013909526
183.68	0.0059296425	-5.8438852	-0.013192072
183.808	0.006006386	-5.8438852	-0.013405372
183.936	0.0059398166	-5.8438024	-0.015587239
184.064	0.0060767425	-5.8439229	-0.016338381
184.192	0.0059727082	-5.8435108	-0.014381767
184.32	0.0060221047	-5.8436338	-0.013708963
184.448	0.0059594844	-5.8435244	-0.013110181
184.576	0.0060344419	-5.8433753	-0.013725148
184.704	0.0061195745	-5.8437585	-0.014306455
184.832	0.0060476744	-5.8436801	-0.014697842
184.96	0.0060085506	-5.8434543	-0.014270886
185.088	0.0060828659	-5.8438786	-0.014687831
185.216	0.0061154362	-5.8435667	-0.014310734
185.344	0.0060719319	-5.8434524	-0.0139656
185.472	0.0060480003	-5.8432351	-0.015558414
185.6	0.0060768348	-5.843372	-0.014928512
185.728	0.0061295713	-5.843713	-0.014525677
185.856	0.0061664678	-5.8434457	-0.0139992
185.984	0.0060420591	-5.8434013	-0.011965236
186.112	0.0061283814	-5.8434899	-0.012521054
186.24	0.0060941217	-5.843438	-0.013244886
186.368	0.0061370014	-5.8436116	-0.01396848
186.496	0.0060860089	-5.8436445	-0.01349093
186.624	0.0060105587	-5.8434972	-0.01465277
186.752	0.00611324	-5.8438031	-0.014532642
186.88	0.0059033936	-5.8433277	-0.012730317
187.008	0.0060303881	-5.8435787	-0.013858204
187.136	0.0060243082	-5.8436888	-0.013146903
187.264	0.0060603028	-5.843786	-0.013975993
187.392	0.0060018467	-5.8438227	-0.014403384
187.52	0.0060126711	-5.8440033	-0.01360216
187.648	0.005850325	-5.8437124	-0.013096752
187.776	0.0059824852	-5.8437176	-0.012855256
187.904	0.006017372	-5.8438394	-0.013016227
188.032	0.0059210013	-5.8438574	-0.014329742
188.16	0.0059853811	-5.8437038	-0.014064981
188.288	0.0058705696	-5.843629	-0.012863633
188.416	0.00598228	-5.8439577	-0.014077037
188.544	0.0058326159	-5.8438882	-0.014120212
188.672	0.0057996113	-5.8437412	-0.014886909
188.8	0.0059455466	-5.8435605	-0.014430573
188.928	0.0058480716	-5.8436272	-0.014632111
189.056	0.0058791218	-5.8437437	-0.015776399
189.184	0.0059400978	-5.8437561	-0.014952171
189.312	0.0058974863	-5.8436719	-0.014714507
189.44	0.0059418584	-5.8438258	-0.013816154
189.568	0.0058933066	-5.8439355	-0.014676145
189.696	0.005867568	-5.8437536	-0.014977296
189.824	0.0059950064	-5.8437778	-0.014205442
189.952	0.0059299786	-5.8437009	-0.013401079
190.08	0.0059848806	-5.84396	-0.013275269
190.208	0.0059403252	-5.8438212	-0.012487134
190.336	0.0058636911	-5.8436586	-0.013671094
190.464	0.0060487061	-5.8436249	-0.014951903
190.592	0.0061087542	-5.8437879	-0.013600805
190.72	0.0060254434	-5.843768	-0.014187651
190.848	0.0059694553	-5.8434184	-0.014317401
190.976	0.0061112207	-5.8436815	-0.012902025
191.104	0.0060423332	-5.8437374	-0.015061394
191.232	0.005904954	-5.8434006	-0.016077865
191.36	0.0061123517	-5.8437007	-0.014385082
191.488	0.006024521	-5.8435879	-0.013674328
191.616	0.0062001039	-5.8440103	-0.014186037
191.744	0.0060748167	-5.8435638	-0.01410014
191.872	0.0060406153	-5.8435735	-0.012237093
192	0.0060572699	-5.8436688	-0.01319239
192.128	0.0062174933	-5.843762	-0.01652491
192.256	0.0060483068	-5.8435118	-0.014423618
192.384	0.0061704901	-5.84356	-0.013075074
192.512	0.0060841504	-5.8436142	-0.013837027
192.64	0.0060879823	-5.8435717	-0.014458581
192.768	0.0060385801	-5.8433528	-0.013291971
192.896	0.0059498843	-5.84353	-0.012242628
193.024	0.0059854073	-5.8436601	-0.013655871
193.152	0.006181246	-5.843844	-0.013383477
193.28	0.0060876004	-5.8436673	-0.014159172
193.408	0.0060526989	-5.8437738	-0.014363691
193.536	0.0060671297	-5.8438849	-0.014940641
193.664	0.0058335676	-5.8435539	-0.012703804
193.792	0.0060675339	-5.8438738	-0.013315474
193.92	0.006003051	-5.843673	-0.015343759
194.048	0.0058512601	-5.8436352	-0.014704047
194.176	0.0059367349	-5.8439013	-0.013724854
194.304	0.0059167821	-5.8437524	-0.013904747
194.432	0.0060020485	-5.8437067	-0.014614714
194.56	0.005917471	-5.8438067	-0.014239799
194.688	0.0059021769	-5.8437968	-0.014925357
194.816	0.005934082	-5.8438081	-0.013463535
194.944	0.0059615044	-5.8438302	-0.01497743
195.072	0.0058137151	-5.8437158	-0.015307796
195.2	0.0059337267	-5.8439117	-0.013556672
195.328	0.0059273457	-5.8438861	-0.014670393
195.456	0.0058841289	-5.8438299	-0.014155729
195.584	0.0059974028	-5.8439681	-0.015256084
195.712	0.0058145832	-5.8438932	-0.014910159
195.84	0.0058980913	-5.8438392	-0.015586498
195.968	0.0059976582	-5.8435698	-0.01591751
196.096	0.0058553341	-5.8433179	-0.014862081
196.224	0.0058936522	-5.8436205	-0.015125096
196.352	0.0059878379	-5.8435296	-0.015748319
196.48	0.0059222335	-5.8436958	-0.01422644
196.608	0.0059330891	-5.8437828	-0.01360366
196.736	0.0060454609	-5.8436394	-0.014684493
196.864	0.0060032939	-5.8437101	-0.013090847
196.992	0.0060118546	-5.8439341	-0.014027564
197.12	0.0059890719	-5.8438429	-0.013690792
197.248	0.0060185436	-5.8437987	-0.012226948
197.376	0.0060609879	-5.843988	-0.014371151
197.504	0.0060779951	-5.8435873	-0.012767981
197.632	0.0061704882	-5.8438324	-0.012658695
197.76	0.0059847953	-5.8438032	-0.011994839
197.888	0.0061239258	-5.843751	-0.011794476
198.016	0.0060507297	-5.8436249	-0.013630969
198.144	0.0061688182	-5.8437073	-0.016115783
198.272	0.0060465982	-5.8434977	-0.014476954
198.4	0.0060341798	-5.8435401	-0.01382517
198.528	0.0061171272	-5.8437407	-0.013610249
198.656	0.0062537259	-5.8436358	-0.013598018
198.784	0.0061077477	-5.8433139	-0.013162061
198.912	0.0060695418	-5.8434753	-0.012687427
199.04	0.0059837899	-5.8434607	-0.012863995
199.168	0.0060397921	-5.8437058	-0.014055644
199.296	0.0060685319	-5.8435353	-0.014324418
199.424	0.0060456848	-5.8437293	-0.013716297
199.552	0.0060310263	-5.8437007	-0.012859226
199.68	0.0060850652	-5.8437838	-0.013505703
199.808	0.0060395221	-5.8436398	-0.01294277
199.936	0.0059753779	-5.8435985	-0.012851167
200.064	0.0060035208	-5.843831	-0.012776634
200.192	0.005920687	-5.8439054	-0.015174336
200.32	0.0059375077	-5.8441053	-0.015757095
200.448	0.0059038716	-5.8439924	-0.015026764
200.576	0.0059204198	-5.8436622	-0.013362634
200.704	0.0059764884	-5.8439883	-0.013497596
200.832	0.0059373268	-5.8438643	-0.015354816
200.96	0.0058874695	-5.8438486	-0.014392919
201.088	0.0059404582	-5.8438208	-0.013001059
201.216	0.0059256883	-5.8437124	-0.014326706
201.344	0.0058888821	-5.8437049	-0.01429494
201.472	0.005939479	-5.8438514	-0.015048917
201.6	0.0058238144	-5.8438147	-0.015025463
201.728	0.0058037453	-5.8438317	-0.014879613
201.856	0.006027545	-5.8439714	-0.018333589
201.984	0.0058547868	-5.8438529	-0.015835796
202.112	0.0058959949	-5.8438941	-0.014853621
202.24	0.0058699243	-5.843823	-0.016085485
202.368	0.0059001331	-5.8435546	-0.015361224
202.496	0.0060244824	-5.843685	-0.013596197
202.624	0.005918306	-5.8435611	-0.0126534
202.752	0.0060189165	-5.8437537	-0.013570733
202.88	0.005935164	-5.8436037	-0.013935252
203.008	0.006002147	-5.843464	-0.013650062
203.136	0.0060488323	-5.8435274	-0.015294381
203.264	0.0060322828	-5.8436905	-0.014412775
203.392	0.0060691189	-5.8437586	-0.012790707
203.52	0.0060216132	-5.8438375	-0.013864175
203.648	0.00605159	-5.8437484	-0.013429147
203.776	0.0060452882	-5.8437269	-0.013492474
203.904	0.006045241	-5.8437281	-0.013433255
204.032	0.0060487527	-5.843586	-0.011638391
204.16	0.0061667374	-5.8435508	-0.013278667
204.288	0.0061264696	-5.8435988	-0.015255534
204.416	0.0061491605	-5.8435136	-0.015395011
204.544	0.0061478913	-5.8436262	-0.01485715
204.672	0.0060397448	-5.8434124	-0.013276164
204.8	0.006132186	-5.8434668	-0.012582477
204.928	0.0060798723	-5.8435885	-0.013801742
205.056	0.0060494926	-5.8433712	-0.014023179
205.184	0.0059897077	-5.8432758	-0.011881384
205.312	0.0060394554	-5.8434636	-0.012410638
205.44	0.0061325557	-5.8435616	-0.013929078
205.568	0.0060406917	-5.8435247	-0.013141371
205.696	0.0060789836	-5.8437367	-0.014671302
205.824	0.0060964671	-5.8438232	-0.015880042
205.952	0.0059936366	-5.8437597	-0.014015202
206.08	0.006048693	-5.8438226	-0.013329929
206.208	0.0059389305	-5.8436241	-0.014032777
206.336	0.0059762261	-5.8438925	-0.013861059
206.464	0.0058765371	-5.8437292	-0.015209103
206.592	0.0059976069	-5.8438219	-0.012826888
206.72	0.0060079095	-5.8439103	-0.013504527
206.848	0.0059075649	-5.8439296	-0.016543915
206.976	0.005928245	-5.8439231	-0.014411392
207.104	0.0059545821	-5.8438223	-0.014342712
207.232	0.0058513809	-5.8437895	-0.014341705
207.36	0.0058599136	-5.8438552	-0.015217568
207.488	0.0059843314	-5.8440283	-0.014980147
207.616	0.0058964896	-5.8439641	-0.01358338
207.744	0.0058817139	-5.8439467	-0.014420752
207.872	0.005799369	-5.8441888	-0.014751832
208	0.0059209579	-5.8440404	-0.014963206
208.128	0.0059168208	-5.8438424	-0.014046219
208.256	0.0059547417	-5.8436371	-0.012980741
208.384	0.0058871359	-5.8437851	-0.013490932
208.512	0.0059209921	-5.8440085	-0.01483484
208.64	0.0059177003	-5.8438763	-0.013338668
208.768	0.0059674637	-5.8438873	-0.013031217
208.896	0.0059450447	-5.8441045	-0.012044124
209.024	0.0059699904	-5.8439496	-0.013849853
209.152	0.0059709023	-5.8437224	-0.012769589
209.28	0.0058986656	-5.8436804	-0.012720932
209.408	0.0059416588	-5.8437563	-0.0151574
209.536	0.0060182639	-5.8434428	-0.016507786
209.664	0.0060038372	-5.8435466	-0.014439733
209.792	0.0060701913	-5.8436167	-0.012978918
209.92	0.0060742008	-5.8438412	-0.014057379
210.048	0.0060812559	-5.8437444	-0.013311069
210.176	0.0060113382	-5.8434428	-0.01256469
210.304	0.0060686649	-5.843489	-0.014422732
210.432	0.0059951118	-5.8434677	-0.015092829
210.56	0.0060218908	-5.8434793	-0.016164808
210.688	0.0061767828	-5.8435557	-0.015626299
210.816	0.0059999738	-5.843412	-0.013323152
210.944	0.0061732481	-5.8438307	-0.014285852
211.072	0.0060527421	-5.8434483	-0.01363766
211.2	0.0061522442	-5.8435347	-0.012951399
211.328	0.0060166522	-5.8435294	-0.013005821
211.456	0.0060112007	-5.8434386	-0.012686828
211.584	0.006082201	-5.8438639	-0.013564693
211.712	0.0060794642	-5.8437717	-0.014816392
211.84	0.006045648	-5.8435204	-0.014114451
211.968	0.0060787196	-5.843812	-0.014151264
212.096	0.0060363862	-5.843909	-0.015804542
212.224	0.0060299907	-5.8437446	-0.014035978
212.352	0.0059444364	-5.843582	-0.013126547
212.48	0.0059265517	-5.8435576	-0.014149854
212.608	0.0060110385	-5.8438108	-0.015160218
212.736	0.0059800238	-5.8437202	-0.013634877
212.864	0.0059870435	-5.843812	-0.014811859
212.992	0.0058773043	-5.8436892	-0.012974184
213.12	0.0059341544	-5.8436647	-0.01512166
213.248	0.0058875167	-5.843503	-0.01672573
213.376	0.0059403181	-5.8435266	-0.015236243
213.504	0.0059346353	-5.8437596	-0.013907473
213.632	0.0058853038	-5.8437268	-0.014575796
213.76	0.0059017338	-5.8437278	-0.014428299
213.888	0.005931092	-5.8437855	-0.013809883
214.016	0.0059043419	-5.8438871	-0.014566647
214.144	0.0058002359	-5.8436295	-0.014549095
214.272	0.0059282392	-5.8436788	-0.014575891
214.4	0.0058956515	-5.8437647	-0.014876461
214.528	0.0059491906	-5.8437197	-0.014262585
214.656	0.0058747498	-5.843516	-0.015099952
214.784	0.0059331453	-5.8436417	-0.014465637
214.912	0.0058526223	-5.8435893	-0.014874415
215.04	0.0060266905	-5.8437226	-0.015092378
215.168	0.0059403648	-5.8436886	-0.013548379
215.296	0.0060473583	-5.8437348	-0.014644626
215.424	0.0059191038	-5.8436253	-0.014439269
215.552	0.0059301757	-5.843664	-0.012987025
215.68	0.0059515219	-5.8435722	-0.012371289
215.808	0.006141932	-5.8441181	-0.0137737
215.936	0.0059744961	-5.8436998	-0.014026746
216.064	0.0060195675	-5.8437646	-0.013366315
216.192	0.0060217942	-5.843843	-0.012133525
216.32	0.0061197148	-5.8437062	-0.012995477
216.448	0.0060203146	-5.8434776	-0.012628672
216.576	0.006012395	-5.8435193	-0.013464693
216.704	0.0061754756	-5.8436494	-0.014590283
216.832	0.0060372994	-5.8433699	-0.01302452
216.96	0.0061567204	-5.8434851	-0.013564982
217.088	0.0060962215	-5.8436156	-0.013073545
217.216	0.006043236	-5.843478	-0.013071695
217.344	0.0060797812	-5.8437592	-0.014065949
217.472	0.0061275125	-5.8437672	-0.014297163
217.6	0.0060054914	-5.8435999	-0.013546449
217.728	0.0060227391	-5.843499	-0.01322257
217.856	0.0061598747	-5.8438078	-0.01330811
217.984	0.0060443486	-5.8435283	-0.013237122
218.112	0.0059964192	-5.843602	-0.013528555
218.24	0.0060278154	-5.843603	-0.01437892
218.368	0.0060525086	-5.8437573	-0.015515977
218.496	0.0059457811	-5.8436277	-0.014276761
218.624	0.0060987417	-5.8437619	-0.014995069
218.752	0.0060247843	-5.8436292	-0.015202966
218.88	0.0058969854	-5.8435399	-0.013476175
219.008	0.0059758122	-5.8435479	-0.013672977
219.136	0.0060138929	-5.8436589	-0.014282047
219.264	0.0059362727	-5.8437236	-0.013753058
219.392	0.0059232131	-5.8436184	-0.014434503
219.52	0.0058923689	-5.8433673	-0.01457392
219.648	0.0059672188	-5.8436106	-0.014749714
219.776	0.0058905193	-5.8437616	-0.014137978
219.904	0.0059004347	-5.8440436	-0.014975074
220.032	0.0059297488	-5.8439333	-0.015153321
220.16	0.0059455998	-5.8439651	-0.014577658
220.288	0.0059086311	-5.8441409	-0.015492956
220.416	0.0058218128	-5.8437846	-0.013966307
220.544	0.0059793803	-5.8438961	-0.015352592
220.672	0.0058811207	-5.8437256	-0.015204789
220.8	0.0059131431	-5.8437243	-0.013635245
220.928	0.0059227157	-5.8436474	-0.013895984
221.056	0.005913234	-5.8437353	-0.014753783
221.184	0.0059085569	-5.8438305	-0.013023476
221.312	0.0059494873	-5.8437364	-0.013930255
221.44	0.0059474754	-5.8438203	-0.0145611
221.568	0.006031636	-5.8437756	-0.014770403
221.696	0.0059321795	-5.8438312	-0.014293816
221.824	0.0060333045	-5.8437319	-0.013890844
221.952	0.0058233407	-5.8435031	-0.013321086
222.08	0.0061495652	-5.8436363	-0.013811409
222.208	0.0060261113	-5.8438806	-0.014673654
222.336	0.0059989963	-5.8438595	-0.014550862
222.464	0.0060810522	-5.8438867	-0.014838434
222.592	0.0061504775	-5.8437725	-0.015772339
222.72	0.0060677586	-5.8437373	-0.01472801
222.848	0.0060747404	-5.8437714	-0.013253984
222.976	0.0060518839	-5.8435828	-0.012766941
223.104	0.0060244272	-5.8438067	-0.013610676
223.232	0.0061748368	-5.8438019	-0.013455049
223.36	0.0060799163	-5.843621	-0.012129576
223.488	0.0060266175	-5.8434697	-0.01478842
223.616	0.0061077736	-5.8433377	-0.014733067
223.744	0.0061572533	-5.8436241	-0.013356715
223.872	0.0060109806	-5.8435135	-0.013577059
224	0.0060877565	-5.8436318	-0.012897986
224.128	0.006118056	-5.8435718	-0.013240069
224.256	0.006054745	-5.843654	-0.014421408
224.384	0.0060390008	-5.8435626	-0.013854618
224.512	0.0060238816	-5.8433986	-0.014643996
224.64	0.0060129717	-5.8433528	-0.01473039
224.768	0.0059758825	-5.8435469	-0.01369708
224.896	0.0060258996	-5.8435955	-0.013147238
225.024	0.0060394528	-5.8436876	-0.014181104
225.152	0.0060393814	-5.84386	-0.01466515
225.28	0.0059009173	-5.8437137	-0.014136973
225.408	0.0058870032	-5.8439268	-0.013697153
225.536	0.0060189452	-5.8441163	-0.014458237
225.664	0.0059869261	-5.8440446	-0.015119996
225.792	0.0059400981	-5.843687	-0.013602758
225.92	0.0059088217	-5.8437665	-0.014691423
226.048	0.0058663723	-5.843916	-0.016042476
226.176	0.0059129731	-5.8439376	-0.015141659
226.304	0.0058707133	-5.8439327	-0.014929613
226.432	0.0059893831	-5.8441321	-0.013028461
226.56	0.0059440487	-5.8439891	-0.012246525
226.688	0.0058533795	-5.8436406	-0.013593902
226.816	0.0057949648	-5.8437484	-0.012848761
226.944	0.006059798	-5.8439324	-0.014851394
227.072	0.0058091917	-5.8436888	-0.015182453
227.2	0.0060688729	-5.8440629	-0.014552254
227.328	0.0058209663	-5.8436772	-0.014635902
227.456	0.0059187377	-5.8436703	-0.015174506
227.584	0.0058624374	-5.8436787	-0.014289283
227.712	0.005999528	-5.8440773	-0.013959115
227.84	0.0059508476	-5.8436289	-0.013744831
227.968	0.0059832298	-5.8435398	-0.014173334
228.096	0.00607182	-5.8435251	-0.014668692
228.224	0.0060174143	-5.8436378	-0.014513869
228.352	0.0060559465	-5.8437042	-0.013339564
228.48	0.0060355773	-5.8437538	-0.013501631
228.608	0.0060431294	-5.843622	-0.01359417
228.736	0.0060519388	-5.8437259	-0.012407137
228.864	0.006056104	-5.843702	-0.0130871
228.992	0.0060008906	-5.8435186	-0.013756907
229.12	0.0060956211	-5.8433608	-0.013190835
229.248	0.0060981145	-5.8433231	-0.014098664
229.376	0.0060116694	-5.8434643	-0.014468026
229.504	0.0061195658	-5.8434987	-0.014706191
229.632	0.0060787723	-5.8436022	-0.014304366
229.76	0.0060602011	-5.8435078	-0.01409373
229.888	0.0060560928	-5.8434914	-0.012452998
230.016	0.0060832899	-5.8434623	-0.012713879
230.144	0.0060518441	-5.8437211	-0.013545111
230.272	0.0060472976	-5.8436555	-0.014935064
230.4	0.0060605936	-5.8438887	-0.015780958
230.528	0.0061271696	-5.8437921	-0.015315568
230.656	0.006040535	-5.8436301	-0.014876811
230.784	0.0060098585	-5.8439199	-0.014075822
230.912	0.0060912666	-5.843923	-0.013506667
231.04	0.0059465252	-5.8438003	-0.012744771
231.168	0.0059856855	-5.8437924	-0.013817294
231.296	0.0060550035	-5.8437591	-0.014280118
231.424	0.0058249547	-5.8435006	-0.013881669
231.552	0.0060347876	-5.8438192	-0.01383961
231.68	0.0059818876	-5.8436526	-0.014055119
231.808	0.0059902947	-5.8437551	-0.014065874
231.936	0.0059748906	-5.8438751	-0.014786409
232.064	0.0059232064	-5.8435711	-0.014931094
232.192	0.0059785988	-5.8435761	-0.015490164
232.32	0.0059253633	-5.84362	-0.014797513
232.448	0.00596399	-5.8437998	-0.014492894
232.576	0.0059056937	-5.8437086	-0.015113264
232.704	0.0059008871	-5.8437617	-0.014047433
232.832	0.0058828898	-5.8439667	-0.013834526
232.96	0.0060197565	-5.844016	-0.014705633
233.088	0.0058800355	-5.843769	-0.014387612
233.216	0.0058797297	-5.8439518	-0.014780506
233.344	0.0058898132	-5.8438715	-0.014361689
233.472	0.0059682635	-5.8439447	-0.015074006
233.6	0.0059173001	-5.8438729	-0.014587571
233.728	0.0058757338	-5.8435614	-0.014195562
233.856	0.0060160776	-5.8437496	-0.014934375
233.984	0.0059012707	-5.8437939	-0.012675439
234.112	0.0060457667	-5.8440064	-0.012649746
234.24	0.0059889766	-5.843813	-0.015333681
234.368	0.0058882343	-5.8437291	-0.012804158
234.496	0.0060488756	-5.8438337	-0.013816363
234.624	0.0060159115	-5.8436005	-0.014688474
234.752	0.0059684841	-5.8438851	-0.012899968
234.88	0.0060568764	-5.8437289	-0.014004548
235.008	0.00600179	-5.8435419	-0.014007913
235.136	0.0060464563	-5.8435114	-0.014518695
235.264	0.0061052259	-5.8433619	-0.0136763
235.392	0.0060568209	-5.8434249	-0.013333064
235.52	0.0060493793	-5.8433307	-0.013634837
235.648	0.006063365	-5.8434694	-0.013086232
235.776	0.0060731135	-5.8435315	-0.014160403
235.904	0.0061293633	-5.8436328	-0.015304997
236.032	0.0061157793	-5.8433747	-0.013734117
236.16	0.0060740122	-5.8436132	-0.012680012
236.288	0.0061264546	-5.8436596	-0.014222524
236.416	0.0060077386	-5.8435699	-0.012872235
236.544	0.0061408539	-5.8436231	-0.013751522
236.672	0.0060795015	-5.8435279	-0.014953559
236.8	0.0059899841	-5.8435602	-0.014782914
236.928	0.0061333372	-5.8437379	-0.014390254
237.056	0.0059771994	-5.8435444	-0.012854893
237.184	0.0059594139	-5.8434112	-0.014349809
237.312	0.0061345391	-5.8436568	-0.014410121
237.44	0.0059701415	-5.8435332	-0.013739539
237.568	0.0060140588	-5.8438458	-0.014384791
237.696	0.0059450366	-5.8438264	-0.014429169
237.824	0.0060072889	-5.8438773	-0.01254079
237.952	0.0060039571	-5.8439837	-0.012415291
238.08	0.0059275173	-5.8437841	-0.014965399
238.208	0.0059512471	-5.8437979	-0.013017439
238.336	0.0059759692	-5.8438383	-0.012180377
238.464	0.0059626456	-5.8439843	-0.013519388
238.592	0.0059674133	-5.8438641	-0.013957151
238.72	0.0058251941	-5.8436927	-0.014705817
238.848	0.0059923783	-5.8437659	-0.014538932
238.976	0.0059288748	-5.8437562	-0.015556729
239.104	0.0059165043	-5.8438276	-0.016250392
239.232	0.0059753108	-5.8438834	-0.015250462
239.36	0.0058844329	-5.8437877	-0.0154722
239.488	0.0059814409	-5.8440392	-0.016981694
239.616	0.0058880623	-5.8437309	-0.014813237
239.744	0.0058986392	-5.843798	-0.013283349
239.872	0.0059410215	-5.8440377	-0.013324684
240	0.0059407361	-5.843767	-0.012693312
240.128	0.0059236994	-5.8438074	-0.014145099
240.256	0.0059889651	-5.8438858	-0.015130877
240.384	0.0060318624	-5.8437078	-0.014828168
240.512	0.0058905567	-5.8434442	-0.014894928
240.64	0.0060799397	-5.8436259	-0.012998415
240.768	0.0059932316	-5.8436021	-0.013637084
240.896	0.0060086906	-5.8437358	-0.015993785
241.024	0.0060134113	-5.8436634	-0.016182483
241.152	0.0059629858	-5.8436014	-0.015463006
241.28	0.0059448019	-5.8436139	-0.015284995
241.408	0.0061363598	-5.8437563	-0.014285053
241.536	0.0060022217	-5.8435336	-0.014051787
241.664	0.0061690111	-5.8436779	-0.014494551
241.792	0.0061112419	-5.8435921	-0.013228789
241.92	0.0060376229	-5.8436099	-0.012363763
242.048	0.0060184476	-5.8434509	-0.013915825
242.176	0.0061607418	-5.8436222	-0.015763282
242.304	0.0060278837	-5.8436347	-0.013867296
242.432	0.0061042934	-5.8437519	-0.014067585
242.56	0.0061013834	-5.8437694	-0.012821592
242.688	0.0060868456	-5.8436853	-0.013289895
242.816	0.0060401128	-5.8438002	-0.01342047
242.944	0.0060752639	-5.8435803	-0.014683956
243.072	0.0060328025	-5.8439224	-0.014632855
243.2	0.0059933548	-5.8435615	-0.014167774
243.328	0.0061435403	-5.8436374	-0.015214157
243.456	0.0060053724	-5.8435307	-0.013602225
243.584	0.0060932104	-5.8436658	-0.011943216
243.712	0.0060097821	-5.8436133	-0.013329272
243.84	0.0061323435	-5.8440472	-0.015349682
243.968	0.0060196729	-5.8438844	-0.013454471
244.096	0.0059131851	-5.8437355	-0.013033897
244.224	0.0060224767	-5.8438513	-0.013624157
244.352	0.0060631801	-5.843796	-0.011900634
244.48	0.0059672936	-5.8437388	-0.013289664
244.608	0.0059865324	-5.8436657	-0.014536109
244.736	0.0059622109	-5.8437259	-0.014851377
244.864	0.0059577131	-5.8435533	-0.01449779
244.992	0.005886645	-5.8436093	-0.013922032
245.12	0.005955039	-5.8436016	-0.014957963
245.248	0.0058025658	-5.8435475	-0.013996466
245.376	0.0060498208	-5.8439634	-0.014952064
245.504	0.0058478056	-5.8438317	-0.01344072
245.632	0.0058664407	-5.8441493	-0.014790324
245.76	0.0059732055	-5.8440074	-0.014905116
245.888	0.0058764081	-5.8436375	-0.013740244
246.016	0.0059184033	-5.8436077	-0.013274492
246.144	0.0059647808	-5.8436118	-0.013738821
246.272	0.0059147966	-5.8435728	-0.014603272
246.4	0.0058309641	-5.8435489	-0.014423033
246.528	0.005913333	-5.8436977	-0.013983966
246.656	0.0058480622	-5.8438363	-0.014535841
246.784	0.0060328293	-5.8438082	-0.013976642
246.912	0.006034195	-5.8438244	-0.014931377
247.04	0.0059915909	-5.8437364	-0.014682461
247.168	0.0060543511	-5.8436691	-0.013576137
247.296	0.0059523673	-5.8436479	-0.014142553
247.424	0.0060528363	-5.8435026	-0.014715051
247.552	0.0059540575	-5.8434838	-0.013179918
247.68	0.0060376937	-5.8435449	-0.015325093
247.808	0.0060177533	-5.8435225	-0.013851598
247.936	0.0061302311	-5.8436009	-0.014252749
248.064	0.006128916	-5.8437702	-0.015195495
248.192	0.0060036697	-5.8436009	-0.013949936
248.32	0.0061441949	-5.8435725	-0.014276976
248.448	0.0060478448	-5.8434592	-0.013454161
248.576	0.0060535419	-5.8434402	-0.014317019
248.704	0.0061336102	-5.843437	-0.012324802
248.832	0.0060862617	-5.8435944	-0.013312034
248.96	0.0061129809	-5.8437547	-0.014475403
249.088	0.0060022803	-5.8434728	-0.013744124
249.216	0.0061356118	-5.8437987	-0.015474607
249.344	0.0061172308	-5.8439307	-0.014812227
249.472	0.0059214226	-5.8435729	-0.01436846
249.6	0.0061874394	-5.8439561	-0.015148364
249.728	0.0060531172	-5.8438491	-0.014786722
249.856	0.0060632393	-5.843707	-0.013945811
249.984	0.0060745633	-5.8439168	-0.013736697
250.112	0.0059888841	-5.8435939	-0.013793446
250.24	0.0060317467	-5.843683	-0.014436021
250.368	0.0059780087	-5.8436299	-0.014403535
250.496	0.0059378345	-5.8436963	-0.014087867
250.624	0.0059896987	-5.8437048	-0.013357073
250.752	0.0059212488	-5.843663	-0.013542831
250.88	0.0059539751	-5.8438268	-0.015009663
251.008	0.0059241409	-5.8438846	-0.014534823
251.136	0.0059520526	-5.8441701	-0.012775384
251.264	0.0059097391	-5.8440058	-0.012589848
251.392	0.006029184	-5.8439595	-0.014942752
251.52	0.0059364592	-5.8437939	-0.01629203
251.648	0.005931502	-5.8437132	-0.013536915
251.776	0.005945297	-5.8438582	-0.014084153
251.904	0.005794537	-5.8435012	-0.013315829
252.032	0.005879683	-5.8437294	-0.014302378
252.16	0.0060140925	-5.8438645	-0.015932532
252.288	0.0058999057	-5.8438187	-0.014912697
252.416	0.0057713411	-5.8435919	-0.015611728
252.544	0.0060521424	-5.843625	-0.01470916
252.672	0.0059384395	-5.8437242	-0.013997555
252.8	0.0058604663	-5.8436199	-0.014989882
252.928	0.0060876485	-5.8437849	-0.012725198
253.056	0.00598898	-5.8438386	-0.013051943
253.184	0.0059518476	-5.843697	-0.014296449
253.312	0.0060130072	-5.8438794	-0.014806674
253.44	0.0059763889	-5.8440061	-0.014201132
253.568	0.0059819585	-5.8437095	-0.013143288
253.696	0.0061160954	-5.8437362	-0.014274829
253.824	0.0060232836	-5.8435712	-0.014035038
253.952	0.006095704	-5.8435452	-0.015453116
254.08	0.005996796	-5.8434528	-0.014842789
254.208	0.0060181209	-5.8436908	-0.013961233
254.336	0.0061209282	-5.8435367	-0.013881127
254.464	0.0060009957	-5.843391	-0.013536981
254.592	0.0061722918	-5.8436962	-0.01552848
254.72	0.0059940147	-5.8436367	-0.014486343
254.848	0.0060389098	-5.843667	-0.013519375
254.976	0.0060672594	-5.843743	-0.015082332
255.104	0.006046488	-5.8435635	-0.014498867
255.232	0.0060836527	-5.8438674	-0.013248
255.36	0.006096146	-5.8438246	-0.01310126
255.488	0.0060310734	-5.8438189	-0.013313466
255.616	0.0060160313	-5.8435805	-0.014036207
255.744	0.0061015686	-5.84364	-0.012905196
255.872	0.0061200546	-5.8436679	-0.01454315
256	0.0060541913	-5.8436611	-0.014556998
256.128	0.0060281869	-5.8437011	-0.012100308
256.256	0.0060866366	-5.8437614	-0.012513903
256.384	0.0059994079	-5.8437988	-0.012927478
256.512	0.005982153	-5.843837	-0.012749406
256.64	0.0059334046	-5.8437827	-0.012897467
256.768	0.0061096789	-5.8440596	-0.014883989
256.896	0.0059329893	-5.8436826	-0.014381696
257.024	0.0058890296	-5.8434555	-0.013491434
257.152	0.0058701664	-5.8434974	-0.013386336
257.28	0.0059882734	-5.8437854	-0.012734188
257.408	0.0060092887	-5.8436682	-0.014158822
257.536	0.0059473083	-5.8435229	-0.015631484
257.664	0.0059833289	-5.8437205	-0.014015421
257.792	0.0058867703	-5.8437691	-0.013020962
257.92	0.0058389093	-5.8436311	-0.01578757
258.048	0.0060040032	-5.8436378	-0.015655922
258.176	0.0059367493	-5.8437592	-0.014990385
258.304	0.005857076	-5.8437359	-0.015205642
258.432	0.0057992917	-5.8436608	-0.013881857
258.56	0.005982542	-5.8439425	-0.014628121
258.688	0.0059211133	-5.84389	-0.015142644
258.816	0.0059494078	-5.8440836	-0.015169655
258.944	0.0058564195	-5.8436468	-0.014538518
259.072	0.0060667275	-5.844013	-0.015361831
259.2	0.0059702824	-5.8436766	-0.012953407
259.328	0.005874859	-5.8435355	-0.014572544
259.456	0.0059454567	-5.8436416	-0.016279647
259.584	0.0059930936	-5.8437928	-0.014897977
259.712	0.0060060371	-5.8437793	-0.013448543
259.84	0.0059883965	-5.8437581	-0.01307878
259.968	0.0060732526	-5.8439927	-0.013446703
260.096	0.0060365069	-5.8440227	-0.012276144
260.224	0.0060399976	-5.8439216	-0.011885271
260.352	0.0060624634	-5.8438078	-0.012592552
260.48	0.0061275861	-5.8437013	-0.013963193
260.608	0.0059204405	-5.8434829	-0.013841893
260.736	0.0061744421	-5.8435581	-0.014957892
260.864	0.0060669609	-5.8433449	-0.014333546
260.992	0.0061244931	-5.8433562	-0.013771551
261.12	0.0060938674	-5.8434049	-0.013269893
261.248	0.0060181668	-5.8434477	-0.014191131
261.376	0.0061704223	-5.8436222	-0.015926871
261.504	0.0060087858	-5.8435709	-0.014984998
261.632	0.0061224438	-5.8435924	-0.014377058
261.76	0.0060762355	-5.8435683	-0.014273559
261.888	0.0059998228	-5.8434416	-0.014181185
262.016	0.0061135199	-5.8437849	-0.013767921
262.144	0.0060938813	-5.8438025	-0.013891877
262.272	0.0060789659	-5.8437765	-0.012927043
262.4	0.0060505781	-5.8435442	-0.013031678
262.528	0.0060937482	-5.8436083	-0.01441798
262.656	0.0059902035	-5.8435976	-0.013247732
262.784	0.005997427	-5.8435771	-0.014015694
262.912	0.0059407252	-5.8436553	-0.014141876
263.04	0.0059504688	-5.8438125	-0.01459272
263.168	0.0060284495	-5.8439063	-0.013879353
263.296	0.0059205758	-5.843712	-0.013969258
263.424	0.0060053494	-5.8439284	-0.015507053
263.552	0.0059046918	-5.8438608	-0.014134481
263.68	0.0059519429	-5.8437716	-0.014467209
263.808	0.0058875867	-5.8439833	-0.012831914
263.936	0.0059136487	-5.8439518	-0.013826021
264.064	0.0059953979	-5.8439727	-0.01601738
264.192	0.0058655829	-5.8437199	-0.01473182
264.32	0.0058826721	-5.843746	-0.015096834
264.448	0.0059435189	-5.8439109	-0.015067406
264.576	0.0058640077	-5.8435792	-0.014315129
264.704	0.0059293686	-5.8437102	-0.01453963
264.832	0.0060141563	-5.8438637	-0.015295968
264.96	0.0058591597	-5.8436453	-0.014284021
265.088	0.0059496678	-5.8437618	-0.013606795
265.216	0.0059435823	-5.8437388	-0.014115839
265.344	0.0059556957	-5.8436486	-0.015700119
265.472	0.0059231264	-5.8437445	-0.014413464
265.6	0.0059837134	-5.8437364	-0.013816704
265.728	0.0059003013	-5.8435226	-0.013698108
265.856	0.0059538571	-5.8435776	-0.012209831
265.984	0.0059593489	-5.8437224	-0.013131878
266.112	0.0060029479	-5.8437941	-0.013815102
266.24	0.0059583728	-5.8436481	-0.012191291
266.368	0.0060583887	-5.8437534	-0.014285101
266.496	0.0060659449	-5.8436137	-0.015335338
266.624	0.0060852008	-5.8435345	-0.014252089
266.752	0.006033195	-5.8436693	-0.014214878
266.88	0.0059637238	-5.8435406	-0.01372098
267.008	0.0061005692	-5.8436425	-0.01535855
267.136	0.0061056398	-5.8436207	-0.013454462
267.264	0.0061253185	-5.8436921	-0.012325515
267.392	0.0059948399	-5.8435614	-0.012796353
267.52	0.0061042867	-5.8437138	-0.013862343
267.648	0.0060705116	-5.8435584	-0.01325027
267.776	0.0060716945	-5.8436496	-0.012614069
267.904	0.0060474164	-5.8437034	-0.014653493
268.032	0.0061033405	-5.8436764	-0.015289249
268.16	0.0060730252	-5.8435944	-0.01440642
268.288	0.0061051015	-5.8436101	-0.01450397
268.416	0.0060034756	-5.8437461	-0.014224438
268.544	0.0060425053	-5.843675	-0.014054578
268.672	0.0061220455	-5.8438272	-0.014533005
268.8	0.0059418942	-5.8435229	-0.014440829
268.928	0.0059805815	-5.8434791	-0.01490631
269.056	0.0060106099	-5.8435898	-0.014445808
269.184	0.0060514473	-5.8434939	-0.014859526
269.312	0.0059354896	-5.8436052	-0.014645641
269.44	0.0060086604	-5.843583	-0.013695701
269.568	0.0060871694	-5.8436449	-0.014623673
269.696	0.0059580462	-5.8438674	-0.015482338
269.824	0.0059272316	-5.8437962	-0.014628792
269.952	0.0058965416	-5.8435685	-0.013579718
270.08	0.0060291108	-5.8437291	-0.014111266
270.208	0.0058823137	-5.8435033	-0.014172565
270.336	0.0058526611	-5.843763	-0.013952357
270.464	0.0059490808	-5.8438839	-0.012711957
270.592	0.0059536875	-5.8439308	-0.015378021
270.72	0.005873421	-5.8437426	-0.015613833
270.848	0.0059049918	-5.8438401	-0.015349554
270.976	0.0059036533	-5.8438843	-0.015176632
271.104	0.0059417535	-5.8437423	-0.014162011
271.232	0.0059763202	-5.8438964	-0.013822436
271.36	0.0058061711	-5.8437788	-0.013508974
271.488	0.0059621102	-5.8439972	-0.013691634
271.616	0.0059200667	-5.8440709	-0.013332986
271.744	0.0059787534	-5.8438106	-0.014489684
271.872	0.006004015	-5.8439854	-0.01508238
272	0.0061240697	-5.8440679	-0.016710869
272.128	0.005859836	-5.843697	-0.015229218
272.256	0.0059036871	-5.8437293	-0.014741811
272.384	0.0060358943	-5.8437785	-0.015017972
272.512	0.0059323384	-5.8437416	-0.014409724
272.64	0.0060957717	-5.84384	-0.015173441
272.768	0.0061297931	-5.8436893	-0.014263312
272.896	0.0060108248	-5.8436118	-0.014560748
273.024	0.0059839472	-5.8434638	-0.013696821
273.152	0.0060163673	-5.8433613	-0.014420174
273.28	0.0061442978	-5.8436915	-0.016382284
273.408	0.0061314419	-5.843809	-0.014324703
273.536	0.0059651532	-5.8436052	-0.012785388
273.664	0.0060591491	-5.8434818	-0.013360911
273.792	0.0061404057	-5.8437659	-0.013348116
273.92	0.006099914	-5.8436389	-0.015105248
274.048	0.0060343884	-5.8433841	-0.014585181
274.176	0.006066537	-5.8434757	-0.015036432
274.304	0.0061292602	-5.8435071	-0.013812571
274.432	0.0060102462	-5.8433748	-0.013280433
274.56	0.0060649472	-5.8435807	-0.013656161
274.688	0.0060337743	-5.8434471	-0.012188616
274.816	0.006171136	-5.8437395	-0.012171737
274.944	0.0061763895	-5.8436662	-0.013904369
275.072	0.0059519813	-5.8435066	-0.014701256
275.2	0.0060133726	-5.8437024	-0.014460345
275.328	0.0059883102	-5.8435646	-0.014730503
275.456	0.005955166	-5.8437537	-0.014302497
275.584	0.0060468748	-5.8437879	-0.013074016
275.712	0.0059571352	-5.8435987	-0.0121713
275.84	0.0059413824	-5.8438	-0.013169423
275.968	0.0059983768	-5.8438957	-0.012646697
276.096	0.0060454486	-5.8440309	-0.014913403
276.224	0.0058446728	-5.843792	-0.014548346
276.352	0.0059142035	-5.8437504	-0.013884464
276.48	0.0060487066	-5.8437171	-0.013549787
276.608	0.0059407208	-5.8437384	-0.013989358
276.736	0.0058697589	-5.8436758	-0.014033333
276.864	0.0059918975	-5.8438857	-0.013981586
276.992	0.0058343535	-5.8438285	-0.01411593
277.12	0.005871241	-5.8437758	-0.013492791
277.248	0.0059096387	-5.843633	-0.013271235
277.376	0.0060139687	-5.8437773	-0.014141783
277.504	0.0059830715	-5.8437346	-0.014005373
277.632	0.0058914875	-5.8436903	-0.014203688
277.76	0.0058592759	-5.8436892	-0.013778907
277.888	0.0060143076	-5.8438013	-0.015338725
278.016	0.0058461016	-5.8435929	-0.015744308
278.144	0.0059808641	-5.8436057	-0.014269578
278.272	0.0060223408	-5.8436825	-0.013840353
278.4	0.0059784924	-5.8437062	-0.01492242
278.528	0.0059743999	-5.843783	-0.014679943
278.656	0.0059916266	-5.8435783	-0.015070256
278.784	0.0059585331	-5.8437707	-0.013411267
278.912	0.0060481909	-5.8438064	-0.013925666
279.04	0.0059554913	-5.8434562	-0.013795316
279.168	0.0061088226	-5.8437107	-0.013674484
279.296	0.0061287991	-5.8438237	-0.014593486
279.424	0.0059343773	-5.8433943	-0.01408131
279.552	0.0061019463	-5.8434898	-0.01396671
279.68	0.0060959717	-5.843536	-0.014494911
279.808	0.0060837096	-5.8436853	-0.013452117
279.936	0.0059654431	-5.8434795	-0.012762313
280.064	0.0062085048	-5.8436368	-0.015001227
280.192	0.0061073778	-5.8436687	-0.014458324
280.32	0.0060046768	-5.8435021	-0.014573519
280.448	0.0060812904	-5.8436373	-0.014471537
280.576	0.0060721729	-5.8437872	-0.013011343
280.704	0.0061055655	-5.8437412	-0.015098044
280.832	0.0060799237	-5.8435742	-0.015004848
280.96	0.0060409994	-5.8434843	-0.01430323
281.088	0.006007938	-5.8439607	-0.014017418
281.216	0.0061082911	-5.8439668	-0.01437363
281.344	0.0061035018	-5.8438323	-0.014687656
281.472	0.0060461498	-5.843681	-0.013208159
281.6	0.0059912099	-5.8436252	-0.014839944
281.728	0.0060483821	-5.8436068	-0.015250052
281.856	0.005986588	-5.8436655	-0.014494758
281.984	0.0059244957	-5.8437886	-0.014753101
282.112	0.0060453596	-5.8439766	-0.014251549
282.24	0.0058946556	-5.8435397	-0.013175835
282.368	0.0059615234	-5.8435456	-0.013880306
282.496	0.005907441	-5.8436385	-0.014210282
282.624	0.0059322018	-5.8438919	-0.014308361
282.752	0.0059112701	-5.8437534	-0.014080764
282.88	0.0059393352	-5.8437637	-0.014826166
283.008	0.0059001079	-5.8436295	-0.013691191
283.136	0.0059633322	-5.8437532	-0.015547695
283.264	0.0058914853	-5.8437868	-0.014887503
283.392	0.0059230586	-5.843944	-0.013314116
283.52	0.0058882807	-5.8439956	-0.014314562
283.648	0.0059828355	-5.8439321	-0.015245576
283.776	0.0059488478	-5.8437331	-0.016018793
283.904	0.00601476	-5.843878	-0.015122979
284.032	0.005861193	-5.8437415	-0.01563293
284.16	0.0059302	-5.8436057	-0.014981143
284.288	0.0060116607	-5.8437461	-0.013997526
284.416	0.005980247	-5.8438808	-0.014794989
284.544	0.0060105176	-5.8436673	-0.013647833
284.672	0.0059113701	-5.8436995	-0.014428193
284.8	0.0059610751	-5.843771	-0.015844847
284.928	0.0059816836	-5.8437285	-0.014990828
285.056	0.0060487051	-5.8436342	-0.015049645
285.184	0.0060188921	-5.8436815	-0.013993874
285.312	0.0060385235	-5.8436857	-0.01289536
285.44	0.0059740808	-5.8434864	-0.012354572
285.568	0.0060776772	-5.8435812	-0.011849493
285.696	0.0060742304	-5.8437565	-0.012383488
285.824	0.0059562005	-5.843615	-0.013088532
285.952	0.0061798125	-5.8438395	-0.014299853
286.08	0.006082064	-5.8437418	-0.014700158
286.208	0.0060890886	-5.8435273	-0.014172478
286.336	0.0059419486	-5.8433429	-0.012463367
286.464	0.0060731009	-5.8436744	-0.012737066
286.592	0.0061223502	-5.8438389	-0.013381072
286.72	0.0060798503	-5.8436281	-0.014050088
286.848	0.0060786783	-5.8435775	-0.013578907
286.976	0.0061258899	-5.8436744	-0.01496325
287.104	0.0061139518	-5.8435049	-0.014379416
287.232	0.0060545952	-5.8434217	-0.013239439
287.36	0.0060015996	-5.8434635	-0.013093502
287.488	0.0060270205	-5.8434771	-0.015377355
287.616	0.0059887178	-5.8434564	-0.014220536
287.744	0.0060085402	-5.8436763	-0.014752703
287.872	0.0059576777	-5.8435654	-0.014417711
288	0.0061360284	-5.8439063	-0.014686209
288.128	0.0059899663	-5.8436685	-0.014036628
288.256	0.0059405493	-5.8437354	-0.014206408
288.384	0.0059461088	-5.8438613	-0.01504129
288.512	0.0060606134	-5.8439658	-0.014096122
288.64	0.0059431511	-5.8437273	-0.013514244
288.768	0.0058439082	-5.8437007	-0.014693314
288.896	0.0059161486	-5.843898	-0.014822983
289.024	0.0060148182	-5.843877	-0.014748213
289.152	0.0059191395	-5.8437494	-0.013742706
289.28	0.0059099613	-5.8437112	-0.01410123
289.408	0.0059412305	-5.84379	-0.011679144
289.536	0.0059255393	-5.8438706	-0.013521069
289.664	0.0058755982	-5.8437097	-0.015151173
289.792	0.0060585137	-5.8437692	-0.013976142
289.92	0.0059338537	-5.8439962	-0.01539965
290.048	0.0059151655	-5.8438992	-0.016834796
290.176	0.0059409502	-5.8438574	-0.015587347
290.304	0.0058686912	-5.8436316	-0.014753257
290.432	0.0059622683	-5.8435353	-0.014390817
290.56	0.0059680596	-5.8439729	-0.014816826
290.688	0.0059156702	-5.8437743	-0.013109235
290.816	0.0060048698	-5.843846	-0.013705946
290.944	0.0060179102	-5.8438038	-0.014228178
291.072	0.0058465599	-5.8437074	-0.013651491
291.2	0.0060299074	-5.8437775	-0.01470487
291.328	0.0060024891	-5.8435812	-0.014390334
291.456	0.0060773437	-5.8437008	-0.015208391
291.584	0.0061017825	-5.8436732	-0.014035934
291.712	0.0059983747	-5.843595	-0.01289545
291.84	0.0059443321	-5.8436827	-0.01306303
291.968	0.0060334077	-5.843718	-0.013327143
292.096	0.0061553598	-5.8439551	-0.013612404
292.224	0.0060117402	-5.8439299	-0.012184978
292.352	0.006108518	-5.843709	-0.012599528
292.48	0.0061410846	-5.8438636	-0.014160208
292.608	0.0060758172	-5.8435601	-0.014052153
292.736	0.0060842774	-5.8435986	-0.013056635
292.864	0.006055557	-5.8435656	-0.013774913
292.992	0.0061104964	-5.8438738	-0.014535043
293.12	0.006004418	-5.8435857	-0.012625011
293.248	0.0060513323	-5.8436237	-0.011996075
293.376	0.0061280766	-5.8439635	-0.014281932
293.504	0.006082539	-5.8437189	-0.014381029
293.632	0.0060159603	-5.8436746	-0.013794263
293.76	0.0061672008	-5.8439478	-0.014348402
293.888	0.0060114956	-5.8436527	-0.014764105
294.016	0.0060355576	-5.8437469	-0.016122724
294.144	0.0060884668	-5.8438195	-0.013738743
294.272	0.0059339623	-5.8438069	-0.012443687
294.4	0.0060350788	-5.8437797	-0.013254162
294.528	0.0059618182	-5.8437781	-0.014127185
294.656	0.005896479	-5.843551	-0.012364142
294.784	0.0060096756	-5.8437014	-0.014156063
294.912	0.0059183479	-5.8438236	-0.01635768
295.04	0.0060066031	-5.8438262	-0.015917429
295.168	0.0058701582	-5.8436641	-0.014709213
295.296	0.0059488749	-5.8438866	-0.014467676
295.424	0.0059500382	-5.843779	-0.015056758
295.552	0.0058910547	-5.8437304	-0.012957585
295.68	0.0060050103	-5.8438147	-0.011764686
295.808	0.0058420462	-5.8437514	-0.01345722
295.936	0.0059700465	-5.8437801	-0.014456328
296.064	0.0058499079	-5.8437023	-0.013465533
296.192	0.0059349278	-5.8439837	-0.014570712
296.32	0.0058774608	-5.8436783	-0.015094405
296.448	0.0059252031	-5.8434945	-0.0138891
296.576	0.0059468538	-5.8436172	-0.013402616
296.704	0.0059091801	-5.8435947	-0.012541549
296.832	0.0058981688	-5.8436024	-0.013642324
296.96	0.0060192733	-5.8438658	-0.01419936
297.088	0.0059831741	-5.8436317	-0.012695953
297.216	0.005927632	-5.8438336	-0.012308633
297.344	0.0059269932	-5.8436471	-0.013665836
297.472	0.0060119795	-5.8437915	-0.01455511
297.6	0.0060663277	-5.843645	-0.014678216
297.728	0.0059921525	-5.8437939	-0.012794848
297.856	0.0059584291	-5.8437597	-0.01326767
297.984	0.0059692387	-5.8436668	-0.014699325
298.112	0.0060219544	-5.8436853	-0.01439404
298.24	0.0060657084	-5.8436556	-0.014364788
298.368	0.0060646878	-5.843643	-0.012963146
298.496	0.0060557418	-5.8435448	-0.013738097
298.624	0.0061933833	-5.8438231	-0.015847401
298.752	0.0059613289	-5.8435217	-0.014178728
298.88	0.0061761793	-5.8439713	-0.014770196
299.008	0.0060087064	-5.8434848	-0.013494926
299.136	0.0059922316	-5.8436255	-0.013297681
299.264	0.0062227817	-5.8441213	-0.014004465
299.392	0.0060618206	-5.8436064	-0.013758458
299.52	0.0060636907	-5.843573	-0.015034604
299.648	0.006026075	-5.8434418	-0.014394674
299.776	0.0061259893	-5.8438553	-0.014237494
299.904	0.0060467274	-5.843772	-0.013797681
300.032	0.0060153688	-5.8436221	-0.015350483
300.16	0.0060937162	-5.8435542	-0.014338711
300.288	0.0060642956	-5.8436736	-0.013371396
300.416	0.005944641	-5.8438163	-0.013549539
300.544	0.0060458778	-5.8438727	-0.012000225
300.672	0.0060378001	-5.8438569	-0.013327336
300.8	0.0059932152	-5.8437025	-0.014761269
300.928	0.0059370313	-5.843508	-0.013706659
301.056	0.0060879957	-5.8436631	-0.013775414
301.184	0.0058927623	-5.8437204	-0.013549956
301.312	0.0059857971	-5.8438918	-0.01360522
301.44	0.0059531046	-5.8439314	-0.015231537
301.568	0.0058916152	-5.8436661	-0.016325035
301.696	0.0059783548	-5.8436758	-0.014974392
301.824	0.0059197467	-5.8438173	-0.014259761
301.952	0.0060115208	-5.8439164	-0.016056263
302.08	0.0059087453	-5.8438947	-0.015248909
302.208	0.0058733194	-5.8440023	-0.015235777
302.336	0.0059083159	-5.8438368	-0.014611876
302.464	0.0059312246	-5.8438151	-0.014089794
302.592	0.0059801048	-5.8439334	-0.013450755
302.72	0.0058158034	-5.8438783	-0.012588453
302.848	0.0059120256	-5.8440326	-0.012713458
302.976	0.0060029271	-5.8440346	-0.012895305
303.104	0.005916836	-5.8437892	-0.015031246
303.232	0.0059023967	-5.8438228	-0.014860646
303.36	0.0060201743	-5.843656	-0.014500474
303.488	0.0059574757	-5.8437457	-0.013609058
303.616	0.0060492247	-5.8439481	-0.013632605
303.744	0.0059308928	-5.8437688	-0.01514246
303.872	0.006096692	-5.8437189	-0.016335107
304	0.0060239213	-5.843664	-0.014701295
304.128	0.0059302855	-5.8435149	-0.013514281
304.256	0.0060831853	-5.8436913	-0.013847785
304.384	0.005985938	-5.8435636	-0.014226924
304.512	0.0059832521	-5.843573	-0.014567981
304.64	0.0060781408	-5.8433783	-0.015176609
304.768	0.0060705844	-5.8433996	-0.014499416
304.896	0.0060188762	-5.8434163	-0.014387649
305.024	0.0060678472	-5.8436887	-0.014970174
305.152	0.0060936862	-5.8436429	-0.014199526
305.28	0.0060467151	-5.8436475	-0.012939596
305.408	0.006062007	-5.8435942	-0.012953219
305.536	0.0061107132	-5.8437214	-0.014992901
305.664	0.0060897605	-5.843731	-0.013065645
305.792	0.006056658	-5.8436373	-0.012433856
305.92	0.0060372374	-5.843602	-0.014083049
306.048	0.006164387	-5.8436094	-0.014698685
306.176	0.0059494372	-5.8436596	-0.013721522
306.304	0.0061022207	-5.8437943	-0.014618929
306.432	0.0060025201	-5.8437391	-0.012604969
306.56	0.0060217364	-5.8436319	-0.014233373
306.688	0.006070027	-5.8435633	-0.014764758
306.816	0.0059193423	-5.843535	-0.012162386
306.944	0.0060460924	-5.8435655	-0.013093306
307.072	0.0059668505	-5.8436938	-0.013561256
307.2	0.0060345262	-5.8438194	-0.014577475
307.328	0.0059157782	-5.8436979	-0.015382404
307.456	0.0059062001	-5.8438562	-0.01296851
307.584	0.0060116052	-5.8439465	-0.014015697
307.712	0.0060150095	-5.8439483	-0.014653786
307.84	0.0059763416	-5.843828	-0.015496757
307.968	0.0059187715	-5.843975	-0.015630777
308.096	0.0058948381	-5.8438365	-0.012666074
308.224	0.0059008557	-5.8439112	-0.013716781
308.352	0.0059410104	-5.8437863	-0.013736689
308.48	0.0058605375	-5.8437148	-0.012535356
308.608	0.0059145702	-5.8437874	-0.012990002
308.736	0.0058692716	-5.8437917	-0.013185228
308.864	0.0060208178	-5.8439619	-0.014264697
308.992	0.0058947675	-5.8437507	-0.013109259
309.12	0.0059132583	-5.8436898	-0.013235373
309.248	0.0060363551	-5.8438282	-0.015046612
309.376	0.0059096559	-5.8436558	-0.014704238
309.504	0.005972577	-5.8438195	-0.01586794
309.632	0.0058628409	-5.8435764	-0.015578493
309.76	0.0059469597	-5.8436126	-0.014746559
309.888	0.0058869996	-5.8435545	-0.013787073
310.016	0.0060120219	-5.8437449	-0.013939909
310.144	0.0060800132	-5.8438788	-0.015252778
310.272	0.0059780733	-5.843621	-0.013216465
310.4	0.0060647966	-5.8436586	-0.012686313
310.528	0.0060262607	-5.8437224	-0.012853178
310.656	0.0060830129	-5.8437614	-0.014508635
310.784	0.0060932802	-5.8436997	-0.013973046
310.912	0.0059765558	-5.8436574	-0.0135819
311.04	0.0060386135	-5.8435987	-0.01298019
311.168	0.0060702516	-5.8436004	-0.014804195
311.296	0.006004764	-5.8434386	-0.013997439
311.424	0.0061404304	-5.8435392	-0.015467853
311.552	0.0061143999	-5.8437506	-0.015482535
311.68	0.0061174458	-5.8438179	-0.013112649
311.808	0.0060124853	-5.8437575	-0.014690122
311.936	0.0060153188	-5.8434808	-0.015070548
312.064	0.0060459564	-5.8434009	-0.014461305
312.192	0.0061362799	-5.8438569	-0.014444574
312.32	0.0060406998	-5.8436686	-0.014019276
312.448	0.0060942858	-5.8437569	-0.013806865
312.576	0.0060730783	-5.8435644	-0.013460604
312.704	0.0059845424	-5.8433762	-0.014442633
312.832	0.0060827268	-5.8435806	-0.013897219
312.96	0.0059909734	-5.8435559	-0.013911936
313.088	0.0060712831	-5.8436841	-0.014246594
313.216	0.0060198351	-5.8437416	-0.013607347
313.344	0.0059568941	-5.8440166	-0.014470912
313.472	0.0059864661	-5.8439233	-0.014269916
313.6	0.0059857381	-5.8437519	-0.012993845
313.728	0.0059858441	-5.8438361	-0.013463151
313.856	0.0059485968	-5.8436679	-0.011953496
313.984	0.0058954719	-5.8437525	-0.012074872
314.112	0.0060231827	-5.8438246	-0.014434466
314.24	0.0059369386	-5.8438397	-0.015407774
314.368	0.0059347473	-5.8439833	-0.015346083
314.496	0.0057877118	-5.843887	-0.014831851
314.624	0.0059868772	-5.8438862	-0.016359292
314.752	0.0059814037	-5.8439349	-0.014941458
314.88	0.0058364777	-5.8438232	-0.014486862
315.008	0.0059490743	-5.8437748	-0.015464308
315.136	0.0059640711	-5.8437109	-0.014685631
315.264	0.0058493828	-5.8437854	-0.015691153
315.392	0.0058625291	-5.8437196	-0.01344138
315.52	0.0059804367	-5.8436716	-0.013708316
315.648	0.0059751984	-5.8436194	-0.012894049
315.776	0.0058944428	-5.8436109	-0.013013821
315.904	0.0059996222	-5.8437903	-0.013381663
316.032	0.0059902858	-5.8437056	-0.013272374
316.16	0.0060595201	-5.8435496	-0.013028724
316.288	0.0059567678	-5.8435101	-0.012385223
316.416	0.0059786058	-5.8436367	-0.013302017
316.544	0.0061318881	-5.8438104	-0.014250535
316.672	0.0059710399	-5.8437231	-0.01310778
316.8	0.0060129894	-5.8438479	-0.013607195
316.928	0.0061288238	-5.8438985	-0.014617537
317.056	0.0060879009	-5.8438185	-0.013514305
317.184	0.0060198799	-5.8437458	-0.014853542
317.312	0.0060424978	-5.8436199	-0.015705518
317.44	0.0061123241	-5.8437205	-0.015543321
317.568	0.0060578394	-5.8438623	-0.0163328
317.696	0.006026795	-5.8435501	-0.01548411
317.824	0.0061635134	-5.8438493	-0.014865972
317.952	0.0060132633	-5.8436133	-0.014850892
318.08	0.0060710284	-5.8438476	-0.014575072
318.208	0.0060494836	-5.8437489	-0.013459455
318.336	0.0060637076	-5.8438412	-0.01381607
318.464	0.006129405	-5.8437877	-0.016178663
318.592	0.0061268439	-5.8437201	-0.014432457
318.72	0.0060025585	-5.8435241	-0.014730866
318.848	0.0060443461	-5.8436494	-0.015072262
318.976	0.0060602963	-5.8434534	-0.014057216
319.104	0.0059697577	-5.8435714	-0.012868083
319.232	0.0060737969	-5.8437306	-0.012336776
319.36	0.0060241584	-5.8435703	-0.012507667
319.488	0.0060186242	-5.8439249	-0.013250174
319.616	0.0060275529	-5.8438426	-0.012113195
319.744	0.0058979205	-5.843752	-0.013297791
319.872	0.0060042231	-5.8439147	-0.013885933
320	0.0058950053	-5.8438187	-0.014017053
320.128	0.0059722233	-5.8438688	-0.016495252
320.256	0.005955757	-5.8439366	-0.01599118
320.384	0.0059409546	-5.8439128	-0.013919767
320.512	0.0060245902	-5.8438968	-0.014942009
320.64	0.0059173093	-5.8438096	-0.014616505
320.768	0.0059097222	-5.8437449	-0.014521664
320.896	0.0059288168	-5.8436994	-0.015880297
321.024	0.0059745346	-5.8438033	-0.014343285
321.152	0.0058806935	-5.8437279	-0.014911488
321.28	0.0059341708	-5.8439415	-0.015767199
321.408	0.0060640682	-5.8439093	-0.016506669
321.536	0.0059070531	-5.8436185	-0.015407303
321.664	0.0058887873	-5.843669	-0.01372911
321.792	0.0059377449	-5.8435326	-0.012583133
321.92	0.0059607599	-5.8437265	-0.012743786
322.048	0.0059081219	-5.8437085	-0.015208391
322.176	0.0059154111	-5.8437565	-0.013889305
322.304	0.0059445526	-5.8436147	-0.012980464
322.432	0.0060490013	-5.8436401	-0.014822344
322.56	0.0060673929	-5.8436211	-0.0136541
322.688	0.0060005012	-5.843607	-0.013407954
322.816	0.0059949054	-5.8435937	-0.014804222
322.944	0.0060631168	-5.8438215	-0.015449948
323.072	0.0060319219	-5.8436169	-0.014681377
323.2	0.0059693175	-5.8436977	-0.014345959
323.328	0.006061244	-5.8437002	-0.014335726
323.456	0.0060254343	-5.843841	-0.013728749
323.584	0.0060537391	-5.8437124	-0.014120898
323.712	0.0060046299	-5.843675	-0.013079918
323.84	0.0060761784	-5.8436851	-0.013904522
323.968	0.0060504113	-5.843535	-0.013238294
324.096	0.006075448	-5.8436095	-0.01277605
324.224	0.0060760527	-5.8436857	-0.012802024
324.352	0.0060332583	-5.8434096	-0.013430573
324.48	0.0061232371	-5.8435659	-0.014614465
324.608	0.0061257186	-5.8435962	-0.014641358
324.736	0.0060016873	-5.8434296	-0.014034926
324.864	0.0060811901	-5.8437383	-0.013511142
324.992	0.0060076071	-5.8436632	-0.01269447
325.12	0.0059726714	-5.8435339	-0.013390461
325.248	0.0060812921	-5.8434745	-0.013213678
325.376	0.0060455405	-5.8435606	-0.014330374
325.504	0.0061353051	-5.8439536	-0.016107256
325.632	0.0058678226	-5.8437168	-0.013887089
325.76	0.0060812434	-5.8438622	-0.012644257
325.888	0.0059758772	-5.8435502	-0.013959089
326.016	0.0059100377	-5.8434583	-0.014658529
326.144	0.0060591972	-5.8437852	-0.014882616
326.272	0.0059945282	-5.8438959	-0.014450208
326.4	0.0059089727	-5.8437751	-0.014468145
326.528	0.0059384155	-5.8436919	-0.011655611
326.656	0.0059796712	-5.8440101	-0.013087214
326.784	0.0059104669	-5.8439666	-0.016076247
326.912	0.0058956153	-5.8437662	-0.01535504
327.04	0.0060496423	-5.8439738	-0.014695332
327.168	0.0058552564	-5.8436875	-0.01342222
327.296	0.0059911232	-5.8436866	-0.015150557
327.424	0.0059933549	-5.8439279	-0.015001437
327.552	0.0059484818	-5.8437767	-0.012926719
327.68	0.0060029712	-5.8437417	-0.012498823
327.808	0.0058236307	-5.8435697	-0.012969399
327.936	0.0059677309	-5.8437459	-0.014252556
328.064	0.0059641133	-5.8439167	-0.013602704
328.192	0.0058814938	-5.8437368	-0.014924043
328.32	0.005852848	-5.8436782	-0.016143544
328.448	0.0060047257	-5.8438627	-0.014351413
328.576	0.0059324978	-5.843762	-0.014082573
328.704	0.0060199654	-5.8438569	-0.014945279
328.832	0.0058728943	-5.8438424	-0.013043289
328.96	0.0060145434	-5.8440161	-0.013897871
329.088	0.0059659958	-5.8438964	-0.014646887
329.216	0.0060894658	-5.8438787	-0.01483092
329.344	0.0060225686	-5.8437941	-0.014661035
329.472	0.0060198073	-5.8436826	-0.01541104
329.6	0.0059139671	-5.8434221	-0.013955885
329.728	0.0060640546	-5.8435513	-0.014244722
329.856	0.006102186	-5.8436774	-0.014552088
329.984	0.006029367	-5.843802	-0.01447917
330.112	0.006102563	-5.8437949	-0.014650076
330.24	0.0061126964	-5.8437831	-0.014180475
330.368	0.0060223775	-5.8437069	-0.014164139
330.496	0.0060311324	-5.8437041	-0.013238402
330.624	0.0060763126	-5.8437391	-0.013147288
330.752	0.0059719935	-5.8434627	-0.014977062
330.88	0.0061252837	-5.8436724	-0.014731993
331.008	0.0060616714	-5.8436878	-0.013693352
331.136	0.0060691629	-5.843587	-0.013974677
331.264	0.006039449	-5.8437394	-0.013454454
331.392	0.0061298053	-5.843962	-0.014655725
331.52	0.0059679707	-5.8434518	-0.012473402
331.648	0.0060448833	-5.8436468	-0.013206694
331.776	0.0059895639	-5.8435336	-0.013400954
331.904	0.006053689	-5.8435349	-0.014959361
332.032	0.0059877458	-5.8432903	-0.015177045
332.16	0.0060111678	-5.8436276	-0.014831704
332.288	0.0060588898	-5.843789	-0.01524472
332.416	0.0060931884	-5.8437755	-0.013195477
332.544	0.0059879677	-5.8439261	-0.014717418
332.672	0.0060123415	-5.8439266	-0.016105561
332.8	0.0058990254	-5.8437573	-0.01516898
332.928	0.0059659336	-5.8439252	-0.013284799
333.056	0.0059604776	-5.843819	-0.012457368
333.184	0.0058493496	-5.8437769	-0.011467468
333.312	0.005909718	-5.8438008	-0.012894471
333.44	0.0059853376	-5.8437906	-0.014814552
333.568	0.0059050763	-5.8440135	-0.014409257
333.696	0.0058901083	-5.8439784	-0.0147764
333.824	0.0059848711	-5.8439151	-0.014561841
333.952	0.0058388895	-5.8437347	-0.015174354
334.08	0.0059425388	-5.8438101	-0.015453787
334.208	0.0059175706	-5.8437731	-0.013724236
334.336	0.0059654688	-5.8436994	-0.014340243
334.464	0.0059311241	-5.8436724	-0.014174586
334.592	0.0059646396	-5.8436549	-0.014862806
334.72	0.0059526655	-5.8437201	-0.01544034
334.848	0.0060150868	-5.8437042	-0.013399706
334.976	0.0059191768	-5.8437252	-0.012371129
335.104	0.0060512553	-5.8438291	-0.014167177
335.232	0.0059506655	-5.8437942	-0.014254083
335.36	0.0060209857	-5.8437723	-0.014321355
335.488	0.005976865	-5.8437805	-0.014265823
335.616	0.0060171519	-5.8436348	-0.013694355
335.744	0.0059504067	-5.8435688	-0.011389773
335.872	0.0060352079	-5.8435715	-0.012559081
336	0.0061341851	-5.8434458	-0.013952442
336.128	0.0060251154	-5.8434863	-0.012826168
336.256	0.0060787021	-5.8436353	-0.014369553
336.384	0.0059829044	-5.843539	-0.015434365
336.512	0.0060436064	-5.8437263	-0.0135236
336.64	0.0060771316	-5.8436233	-0.013711696
336.768	0.0060845789	-5.843492	-0.014630492
336.896	0.0059951123	-5.8434348	-0.014140126
337.024	0.0060653649	-5.8435618	-0.012213284
337.152	0.0060637052	-5.843726	-0.012355598
337.28	0.0060256909	-5.8434556	-0.014350626
337.408	0.0061250301	-5.8435899	-0.015384368
337.536	0.0059975744	-5.8436365	-0.014724594
337.664	0.0060405011	-5.8435988	-0.014104491
337.792	0.0060946622	-5.8436665	-0.014102076
337.92	0.0059461706	-5.8435101	-0.013021979
338.048	0.0060870978	-5.8437689	-0.014433368
338.176	0.0060351214	-5.8435901	-0.01498063
338.304	0.0059654081	-5.843544	-0.014895179
338.432	0.0060559303	-5.8439006	-0.014925005
338.56	0.0060637255	-5.8440171	-0.013491247
338.688	0.005886453	-5.8437251	-0.012659287
338.816	0.0059133738	-5.843779	-0.012961129
338.944	0.0060101743	-5.8438921	-0.014341579
339.072	0.0059085723	-5.8436302	-0.014145529
339.2	0.0058804066	-5.8437789	-0.014296753
339.328	0.0059050513	-5.8436757	-0.014311451
339.456	0.0060148061	-5.843958	-0.015546173
339.584	0.0058891894	-5.8437336	-0.015933033
339.712	0.0059283694	-5.8436894	-0.014919549
339.84	0.0059500481	-5.843668	-0.012877346
339.968	0.0059698352	-5.8437129	-0.013316654
340.096	0.0058422317	-5.8436457	-0.014693162
340.224	0.0059736924	-5.8437082	-0.014335421
340.352	0.0059527449	-5.8438953	-0.01509676
340.48	0.005857946	-5.8437743	-0.015626015
340.608	0.0059323279	-5.8437956	-0.014931078
340.736	0.0059109869	-5.8436629	-0.015454826
340.864	0.0059604852	-5.843795	-0.014089987
340.992	0.0060781981	-5.8439296	-0.013675649
341.12	0.0059032575	-5.843516	-0.013235689
341.248	0.0059708421	-5.8438684	-0.014471211
341.376	0.0059992963	-5.8437393	-0.015958989
341.504	0.0059456246	-5.8436032	-0.013315782
341.632	0.0059805706	-5.8436585	-0.013189932
341.76	0.0059637273	-5.8435228	-0.015082425
341.888	0.0060048134	-5.8435608	-0.014286507
342.016	0.0059021038	-5.8434044	-0.012773356
342.144	0.006095111	-5.8436917	-0.015803691
342.272	0.0060164841	-5.8437463	-0.013445361
342.4	0.0061096532	-5.8439837	-0.012800798
342.528	0.0059680375	-5.8437617	-0.012625395
342.656	0.0060836923	-5.8437561	-0.013131211
342.784	0.0061040325	-5.8437135	-0.015422744
342.912	0.0060633328	-5.8436077	-0.014990456
343.04	0.0060488123	-5.8434325	-0.013906917
343.168	0.0061382432	-5.843545	-0.015633541
343.296	0.0059925568	-5.8434215	-0.014578766
343.424	0.0060855988	-5.8436541	-0.013512062
343.552	0.0061137473	-5.8436905	-0.013900085
343.68	0.006097802	-5.8435749	-0.0147199
343.808	0.0060366637	-5.8437373	-0.01347627
343.936	0.0060350799	-5.8435555	-0.013831657
344.064	0.0060376102	-5.8436026	-0.015416524
344.192	0.0060860655	-5.843622	-0.013140546
344.32	0.0059311669	-5.8436354	-0.011976859
344.448	0.0060490161	-5.8437071	-0.01264343
344.576	0.0059954096	-5.8437287	-0.013183508
344.704	0.0060621414	-5.8439397	-0.013464127
344.832	0.0059269743	-5.8437445	-0.011859321
344.96	0.0060085285	-5.844021	-0.01481073
345.088	0.0060336774	-5.8439889	-0.014758245
345.216	0.0059724962	-5.8436042	-0.013197244
345.344	0.0059130059	-5.8436712	-0.013687746
345.472	0.0059804074	-5.8439747	-0.013506258
345.6	0.0058942674	-5.8440304	-0.014473645
345.728	0.0058099331	-5.8439413	-0.014454505
345.856	0.0060362926	-5.8441124	-0.014800714
345.984	0.0059754007	-5.8441487	-0.014256368
346.112	0.005867598	-5.8438988	-0.01320035
346.24	0.0059671876	-5.8439787	-0.014343669
346.368	0.0059365974	-5.8438712	-0.015010578
346.496	0.0059397368	-5.8437117	-0.015047324
346.624	0.005864214	-5.8434482	-0.013791037
346.752	0.0059572092	-5.8432671	-0.012970977
346.88	0.0058895585	-5.8433703	-0.013868145
347.008	0.0059566659	-5.8435736	-0.013729684
347.136	0.0059928645	-5.8435073	-0.014146309
347.264	0.0058841474	-5.8435363	-0.013982142
347.392	0.0059924546	-5.8434031	-0.013580267
347.52	0.0060728678	-5.8435664	-0.013842942
347.648	0.0061029544	-5.8435315	-0.013971975
347.776	0.0059503179	-5.8435069	-0.014613402
347.904	0.0059324901	-5.8435829	-0.016285778
348.032	0.0060111671	-5.8436191	-0.014790097
348.16	0.0059653974	-5.8434941	-0.014467787
348.288	0.0061421185	-5.843754	-0.015888477
348.416	0.0060229875	-5.8438272	-0.01403789
348.544	0.0061217714	-5.8439444	-0.013680984
348.672	0.0059875554	-5.8438135	-0.013475533
348.8	0.0060315812	-5.8437733	-0.012876858
348.928	0.0061273159	-5.8437629	-0.014852807
349.056	0.0061269014	-5.8436965	-0.014855388
349.184	0.0059730823	-5.8435731	-0.012278292
349.312	0.0060370842	-5.8435845	-0.013707891
349.44	0.0060679937	-5.8435272	-0.014334784
349.568	0.0061026702	-5.8437273	-0.013797062
349.696	0.0060269972	-5.8438288	-0.014853648
349.824	0.006074802	-5.8437434	-0.015120905
349.952	0.0060400004	-5.8435681	-0.014683676
350.08	0.0060598705	-5.8436633	-0.014169785
350.208	0.0060324556	-5.8436947	-0.01445115
350.336	0.0061107311	-5.84375	-0.015638446
350.464	0.0059532954	-5.8435864	-0.01336257
350.592	0.0060706972	-5.8440369	-0.014730741
350.72	0.005925158	-5.8437329	-0.014117332
350.848	0.0059132276	-5.8435898	-0.014241312
350.976	0.0060121002	-5.8438122	-0.015558486
351.104	0.0059989535	-5.8438719	-0.014397571
351.232	0.0060232892	-5.8438158	-0.013151426
351.36	0.0059224193	-5.8437364	-0.013669391
351.488	0.0059658451	-5.8437942	-0.013942663
351.616	0.0059715854	-5.8439152	-0.016208266
351.744	0.0059879459	-5.8438509	-0.017052564
351.872	0.0059382357	-5.843683	-0.014582929
352	0.0059769063	-5.8436437	-0.014550262
352.128	0.0059939535	-5.8437255	-0.014504165
352.256	0.0059817019	-5.8438139	-0.01446139
352.384	0.0058761394	-5.8436449	-0.0148072
352.512	0.0058683218	-5.8437287	-0.013743176
352.64	0.0058767184	-5.8438346	-0.014017197
352.768	0.0059095574	-5.8437666	-0.014064491
352.896	0.0059622652	-5.8438882	-0.013027936
353.024	0.0059108794	-5.8436301	-0.014741851
353.152	0.0058846107	-5.8436232	-0.014067067
353.28	0.0059281603	-5.8438645	-0.013649539
353.408	0.0060105265	-5.8438957	-0.014288955
353.536	0.0059456094	-5.8438351	-0.01431224
353.664	0.0059769155	-5.8438173	-0.015240062
353.792	0.0060149715	-5.8436657	-0.015046797
353.92	0.0060532058	-5.84377	-0.014321068
354.048	0.0059293096	-5.8437133	-0.013743723
354.176	0.0060637229	-5.8436588	-0.015003559
354.304	0.0058508323	-5.8434215	-0.013717708
354.432	0.0060613457	-5.8436059	-0.01326897
354.56	0.0059975712	-5.8435304	-0.013261337
354.688	0.0061304935	-5.84367	-0.015447995
354.816	0.0059677174	-5.8436842	-0.013538572
354.944	0.0061119196	-5.8437971	-0.013545859
355.072	0.0059878081	-5.8435606	-0.012871158
355.2	0.0060457351	-5.8435853	-0.014460411
355.328	0.0060646663	-5.8438986	-0.013587158
355.456	0.0060571026	-5.8437513	-0.01336878
355.584	0.006110108	-5.8436999	-0.012941947
355.712	0.0060452499	-5.843654	-0.012777203
355.84	0.0059860189	-5.8435968	-0.013275285
355.968	0.0060917412	-5.8438594	-0.013172152
356.096	0.0061465912	-5.8439756	-0.014078899
356.224	0.0060252335	-5.8438064	-0.014897245
356.352	0.0060519623	-5.8436094	-0.014267115
356.48	0.006047881	-5.8435368	-0.015153403
356.608	0.0060664635	-5.8435401	-0.013758429
356.736	0.0060100335	-5.843592	-0.012401454
356.864	0.0060085895	-5.8434103	-0.013813185
356.992	0.0059507244	-5.8435673	-0.014104818
357.12	0.0060571743	-5.8437813	-0.01411073
357.248	0.0060945906	-5.8438347	-0.014987307
357.376	0.0060318625	-5.8437805	-0.014649524
357.504	0.0059816195	-5.8436561	-0.013590486
357.632	0.0059293139	-5.843594	-0.013464401
357.76	0.0059074233	-5.8437465	-0.015518947
357.888	0.0059398311	-5.8438588	-0.014196469
358.016	0.0059719741	-5.8439322	-0.014123987
358.144	0.0059787819	-5.8439278	-0.015400486
358.272	0.0059319922	-5.8435613	-0.013659996
358.4	0.0059015227	-5.8435663	-0.013570108
358.528	0.0058954709	-5.8435643	-0.014251569
358.656	0.006082673	-5.8437626	-0.013208041
358.784	0.0059837156	-5.8434661	-0.012591142
358.912	0.0059161298	-5.8437251	-0.01442827
359.04	0.0059613633	-5.8437679	-0.015318689
359.168	0.0059070608	-5.8436954	-0.013731751
359.296	0.0059076958	-5.8437502	-0.01443345
359.424	0.0059286131	-5.8436694	-0.013523083
359.552	0.0060804075	-5.8439789	-0.014835146
359.68	0.005918626	-5.8437712	-0.014758009
359.808	0.0059204722	-5.8436785	-0.014316215
359.936	0.0060641495	-5.8437114	-0.01456419
360.064	0.0059887388	-5.8438501	-0.013799994
360.192	0.0058884005	-5.843674	-0.014588064
360.32	0.005937534	-5.8437006	-0.013790395
360.448	0.0060058316	-5.8437584	-0.011591824
360.576	0.006065553	-5.8439848	-0.013662764
360.704	0.0060179878	-5.8437656	-0.014272432
360.832	0.0059958889	-5.84355	-0.013360876
360.96	0.0060888764	-5.8438683	-0.014502722
361.088	0.0060792723	-5.8436021	-0.015351909
361.216	0.0059596301	-5.8436603	-0.013586884
361.344	0.006052479	-5.8436021	-0.013433349
361.472	0.0060836511	-5.8436426	-0.013807417
361.6	0.0059642215	-5.8436097	-0.014589891
361.728	0.0060027452	-5.8438044	-0.013095805
361.856	0.0060892584	-5.8437218	-0.013560844
361.984	0.0061386467	-5.8437022	-0.016513819
362.112	0.005988361	-5.843552	-0.01597977
362.24	0.0061081505	-5.8436874	-0.014896039
362.368	0.006086113	-5.8436505	-0.013744665
362.496	0.0060461909	-5.8436969	-0.013711966
362.624	0.006094921	-5.8435545	-0.014280267
362.752	0.006013234	-5.8436696	-0.014353826
362.88	0.0060781245	-5.8436535	-0.013170164
363.008	0.0059698405	-5.8436989	-0.013292993
363.136	0.0059910054	-5.8437571	-0.013371522
363.264	0.0061103402	-5.8436021	-0.012759242
363.392	0.0059539114	-5.843561	-0.013838143
363.52	0.0060952629	-5.8436647	-0.015461059
363.648	0.0059675995	-5.8436444	-0.014281284
363.776	0.0059703087	-5.8436609	-0.014299141
363.904	0.0060133441	-5.8437218	-0.014840375
364.032	0.0060581302	-5.8437941	-0.015746193
364.16	0.0059266261	-5.8437089	-0.014300671
364.288	0.0058322485	-5.8434444	-0.012499084
364.416	0.0060423399	-5.8439609	-0.014309674
364.544	0.0059010798	-5.8437585	-0.014677813
364.672	0.0059238013	-5.8438992	-0.01341647
364.8	0.0059094501	-5.8437072	-0.013065389
364.928	0.0059623773	-5.8437798	-0.013628577
365.056	0.0059421666	-5.843741	-0.013344125
365.184	0.005908353	-5.8437567	-0.013738395
365.312	0.0058648495	-5.8437691	-0.014217021
365.44	0.0059931495	-5.8437547	-0.013432065
365.568	0.0059450943	-5.8435723	-0.014243754
365.696	0.0059365438	-5.8437023	-0.015515158
365.824	0.0059094068	-5.8436022	-0.014799488
365.952	0.0059784639	-5.8435993	-0.014136469
366.08	0.0058554551	-5.843682	-0.014322693
366.208	0.0059607311	-5.8439579	-0.013165529
366.336	0.0059217454	-5.8437708	-0.012445603
366.464	0.0059931548	-5.8439577	-0.012696903
366.592	0.0059648279	-5.8436348	-0.01440861
366.72	0.0060479859	-5.8435723	-0.014579232
366.848	0.0060531569	-5.8436804	-0.014727049
366.976	0.0059758239	-5.8435206	-0.014834273
367.104	0.0059578488	-5.8436189	-0.01479852
367.232	0.0060497884	-5.8434871	-0.013199803
367.36	0.0061362995	-5.8434622	-0.013516791
367.488	0.0060698276	-5.843678	-0.014677051
367.616	0.0061019765	-5.8436969	-0.014788197
367.744	0.0059910509	-5.8435562	-0.014998246
367.872	0.0060867188	-5.8435718	-0.01373296
368	0.0060480706	-5.8434876	-0.013417761
368.128	0.0061409716	-5.8436856	-0.014430054
368.256	0.0060522116	-5.843473	-0.014878705
368.384	0.0059960987	-5.8435748	-0.014075699
368.512	0.0060521825	-5.8435674	-0.013045982
368.64	0.0061271974	-5.843884	-0.012440301
368.768	0.0060944194	-5.8437932	-0.012912087
368.896	0.0060800549	-5.8434528	-0.014702781
369.024	0.0061167075	-5.8437044	-0.014693373
369.152	0.0060611171	-5.8435128	-0.01403685
369.28	0.0061451718	-5.8437241	-0.015153202
369.408	0.0060036481	-5.843434	-0.013832105
369.536	0.005956434	-5.8434097	-0.014471334
369.664	0.0060446424	-5.8436409	-0.013902155
369.792	0.0059637792	-5.8435375	-0.013927312
369.92	0.0060553796	-5.8440667	-0.015645703
370.048	0.005948753	-5.8438019	-0.014717297
370.176	0.0060217507	-5.843883	-0.014530754
370.304	0.0059021082	-5.8438232	-0.015649602
370.432	0.0059439659	-5.8438029	-0.015080422
370.56	0.0060103466	-5.8439866	-0.014106776
370.688	0.0059061028	-5.8439474	-0.014182589
370.816	0.0059498916	-5.8441843	-0.013532125
370.944	0.0058891542	-5.8442259	-0.013944455
371.072	0.0059221023	-5.8440799	-0.014371517
371.2	0.005981379	-5.8440149	-0.014936579
371.328	0.0059867484	-5.8438152	-0.015552327
371.456	0.0057957395	-5.843608	-0.013405935
371.584	0.0059560572	-5.8435809	-0.013902253
371.712	0.0059965506	-5.843702	-0.013740277
371.84	0.0058678554	-5.8435083	-0.011780497
371.968	0.0059751244	-5.8436779	-0.013433611
372.096	0.0058935053	-5.8438059	-0.014873743
372.224	0.005992982	-5.8437544	-0.014438435
372.352	0.0059327002	-5.8435983	-0.013657917
372.48	0.0059613061	-5.8436323	-0.014138221
372.608	0.0058128724	-5.8434736	-0.015075036
372.736	0.0059856696	-5.8435119	-0.01505358
372.864	0.0060464132	-5.8437072	-0.01432754
372.992	0.0059871075	-5.8435692	-0.01494882
373.12	0.0059669938	-5.8436285	-0.014150125
373.248	0.0060536124	-5.843864	-0.012246256
373.376	0.0060087613	-5.8436198	-0.014172248
373.504	0.0060173429	-5.8437417	-0.015190539
373.632	0.0060549302	-5.8437631	-0.013252356
373.76	0.0060842987	-5.8437362	-0.013007418
373.888	0.0059906029	-5.8435925	-0.013785838
374.016	0.0060136903	-5.8436731	-0.012433825
374.144	0.0060964014	-5.8435773	-0.013300543
374.272	0.0060807455	-5.843526	-0.014836469
374.4	0.0060629159	-5.843493	-0.013537555
374.528	0.0061057667	-5.8435641	-0.01271088
374.656	0.0060097208	-5.843653	-0.012390962
374.784	0.0062020435	-5.8436178	-0.014334275
374.912	0.006057538	-5.8435202	-0.014559919
375.04	0.0060221291	-5.8434971	-0.014150681
375.168	0.0060866218	-5.8437145	-0.013656849
375.296	0.0059948409	-5.8437067	-0.01410752
375.424	0.0061049619	-5.8434879	-0.014821444
375.552	0.0059450397	-5.8434254	-0.012475121
375.68	0.0060430304	-5.8437604	-0.013980352
375.808	0.0060585296	-5.8438096	-0.016871352
375.936	0.0060891275	-5.8437135	-0.014659162
376.064	0.0059348703	-5.843626	-0.012614201
376.192	0.0059224069	-5.8436744	-0.013153791
376.32	0.006101981	-5.8437041	-0.013679727
376.448	0.0059578481	-5.8436432	-0.013332033
376.576	0.0060232354	-5.8438981	-0.014953881
376.704	0.0059201005	-5.8437657	-0.013229127
376.832	0.0059491366	-5.8438664	-0.013773519
376.96	0.0058828137	-5.8435442	-0.013820339
377.088	0.0059806776	-5.8438017	-0.014673954
377.216	0.0059499793	-5.8440088	-0.016187768
377.344	0.0059583854	-5.8439512	-0.016253388
377.472	0.0059694872	-5.8437689	-0.013965356
377.6	0.0059827566	-5.8438478	-0.014324388
377.728	0.0059297591	-5.8438637	-0.014273382
377.856	0.0058373283	-5.8438934	-0.013450965
377.984	0.0058829351	-5.8439645	-0.01450239
378.112	0.0060717292	-5.8439346	-0.014442313
378.24	0.0059134143	-5.8436327	-0.015772812
378.368	0.0059039744	-5.8437888	-0.016303021
378.496	0.0059305208	-5.8435773	-0.014536234
378.624	0.0059331674	-5.8437538	-0.013192976
378.752	0.0059799426	-5.8436795	-0.013759107
378.88	0.005925616	-5.8434894	-0.014839037
379.008	0.0059796578	-5.843667	-0.01578531
379.136	0.0059904077	-5.8438372	-0.014167692
379.264	0.0059963841	-5.8437747	-0.012879292
379.392	0.0060928096	-5.8437787	-0.01356231
379.52	0.0059837299	-5.8438192	-0.012478894
379.648	0.0059487767	-5.8438036	-0.012321218
379.776	0.0060596518	-5.8436597	-0.014111194
379.904	0.0060034643	-5.843643	-0.014999507
380.032	0.0060570246	-5.8435881	-0.012065611
380.16	0.0059925084	-5.8434537	-0.014296085
380.288	0.005985502	-5.8436756	-0.01611916
380.416	0.0060434502	-5.8436846	-0.015943895
380.544	0.0061265912	-5.8438095	-0.012970301
380.672	0.006019806	-5.8437102	-0.014027717
380.8	0.0061083273	-5.8438082	-0.014619361
380.928	0.0060050762	-5.8436897	-0.014106911
381.056	0.0060768221	-5.8437605	-0.013951136
381.184	0.0060178608	-5.8436048	-0.014802391
381.312	0.006092738	-5.8437009	-0.015259144
381.44	0.0060905739	-5.8437514	-0.014522879
381.568	0.0060755254	-5.8437264	-0.014254704
381.696	0.0059499897	-5.8436163	-0.013360692
381.824	0.0061188653	-5.8436107	-0.014764301
381.952	0.0060589991	-5.8439049	-0.014496245
382.08	0.0060625174	-5.8438922	-0.014586187
382.208	0.0060057759	-5.8437654	-0.015121774
382.336	0.0060826537	-5.8437675	-0.014583003
382.464	0.0059349296	-5.8438158	-0.012541274
382.592	0.0060460724	-5.8439039	-0.014249637
382.72	0.0059693807	-5.8435252	-0.014217888
382.848	0.0060218687	-5.8435587	-0.013047553
382.976	0.0059165281	-5.8435561	-0.013822178
383.104	0.0059260165	-5.8435179	-0.014983106
383.232	0.0059235964	-5.8436649	-0.013355679
383.36	0.0059418038	-5.8436677	-0.012456417
383.488	0.0059541574	-5.8438305	-0.011970369
383.616	0.0059012093	-5.8439299	-0.014205276
383.744	0.0060591719	-5.8439026	-0.016469593
383.872	0.0059779216	-5.8437534	-0.01410713
384	0.0059628359	-5.8436379	-0.013408699
384.128	0.0059319401	-5.8435048	-0.01522115
384.256	0.0058820075	-5.8435351	-0.015447709
384.384	0.0059015681	-5.8436262	-0.014459256
384.512	0.0058583662	-5.8437259	-0.013971924
384.64	0.0059697344	-5.8437771	-0.014886471
384.768	0.0058951031	-5.8436968	-0.01412738
384.896	0.006002892	-5.8439736	-0.013577405
385.024	0.0058647609	-5.8436273	-0.012999029
385.152	0.0060537128	-5.84369	-0.013916924
385.28	0.0059362229	-5.8437712	-0.013680697
385.408	0.0060996295	-5.8438204	-0.014449481
385.536	0.0059190663	-5.843713	-0.013682918
385.664	0.005976528	-5.8439257	-0.014241987
385.792	0.006014743	-5.8438251	-0.015029133
385.92	0.0061394152	-5.8436524	-0.014454343
386.048	0.0058771998	-5.8433921	-0.012834187
386.176	0.0059340311	-5.8436265	-0.013799137
386.304	0.0061047204	-5.8438628	-0.015038329
386.432	0.006012477	-5.8437878	-0.013772803
386.56	0.0060608636	-5.8437389	-0.012862513
386.688	0.0060846896	-5.8435172	-0.012736486
386.816	0.0060027277	-5.8437915	-0.012583721
386.944	0.0060967768	-5.8439833	-0.014487595
387.072	0.0060820413	-5.8437758	-0.013402271
387.2	0.0060421083	-5.8437829	-0.013173599
387.328	0.006022049	-5.8434454	-0.014840326
387.456	0.0061788275	-5.8434962	-0.015132244
387.584	0.0060432805	-5.8434396	-0.014423673
387.712	0.0060739607	-5.8434667	-0.014154797
387.84	0.0059967323	-5.8434206	-0.013926511
387.968	0.0060177897	-5.8436132	-0.015051431
388.096	0.0060528132	-5.8435701	-0.013273898
388.224	0.0061510402	-5.8435089	-0.013659263
388.352	0.0059944194	-5.8435968	-0.014860894
388.48	0.0060397965	-5.8438828	-0.014006424
388.608	0.0059781068	-5.8436673	-0.013560341
388.736	0.0060004462	-5.8436293	-0.014536956
388.864	0.0058610882	-5.8435369	-0.013712502
388.992	0.0061118689	-5.8440988	-0.013209391
389.12	0.0059901818	-5.8441311	-0.014016905
389.248	0.0059485278	-5.8437548	-0.01328223
389.376	0.0059998094	-5.8439257	-0.014464471
389.504	0.005980091	-5.8435832	-0.013490209
389.632	0.0059358375	-5.8435369	-0.013499876
389.76	0.0059350838	-5.8435785	-0.01473596
389.888	0.0059242069	-5.8436121	-0.013311464
390.016	0.0059174982	-5.8435868	-0.014305063
390.144	0.0058907927	-5.8434785	-0.015030154
390.272	0.0059694766	-5.8439243	-0.016425098
390.4	0.005907849	-5.843833	-0.016775302
390.528	0.0058451875	-5.8437015	-0.014914292
390.656	0.0059684515	-5.8438595	-0.014138276
390.784	0.0058883815	-5.8437609	-0.016100599
390.912	0.005926712	-5.8437083	-0.016436543
391.04	0.0059733151	-5.8438847	-0.013942719
391.168	0.0060058647	-5.8439289	-0.01409627
391.296	0.005871825	-5.8436937	-0.014943661
391.424	0.0059336491	-5.84381	-0.015310575
391.552	0.0059218423	-5.8438594	-0.01393275
391.68	0.0060206478	-5.8437203	-0.014796857
391.808	0.0060033783	-5.8437769	-0.014295361
391.936	0.0059654351	-5.8438318	-0.012394147
392.064	0.0059072492	-5.8437445	-0.012715433
392.192	0.0060849112	-5.8436734	-0.013355051
392.32	0.00602797	-5.8436341	-0.014161381
392.448	0.0059788909	-5.8436784	-0.014178643
392.576	0.0060773885	-5.8437175	-0.013140977
392.704	0.0060296658	-5.8438268	-0.011830725
392.832	0.0060955729	-5.8436935	-0.014096646
392.96	0.0059860399	-5.8435782	-0.014344575
393.088	0.0060757063	-5.8434683	-0.012729635
393.216	0.0060909426	-5.8436353	-0.014021263
393.344	0.0059767099	-5.8435787	-0.014167581
393.472	0.0061499375	-5.8437038	-0.014006631
393.6	0.0060110064	-5.8436442	-0.014982364
393.728	0.0060855397	-5.8437385	-0.015988803
393.856	0.0061111751	-5.8435633	-0.015499998
393.984	0.006060105	-5.843617	-0.013934828
394.112	0.0060662165	-5.843599	-0.013156975
394.24	0.0060643176	-5.8435933	-0.015142403
394.368	0.0060335573	-5.8436675	-0.015079781
394.496	0.0060386214	-5.8436576	-0.013458288
394.624	0.0060358958	-5.8438923	-0.013500149
394.752	0.0060390894	-5.8438727	-0.014453164
394.88	0.0060274322	-5.8435465	-0.014683127
395.008	0.0059931039	-5.8435432	-0.013942668
395.136	0.0060423393	-5.8437682	-0.013418763
395.264	0.0059747998	-5.8435652	-0.013293253
395.392	0.0059841514	-5.8436377	-0.014735472
395.52	0.0060518292	-5.8437033	-0.015004658
395.648	0.0060252563	-5.8438197	-0.013797716
395.776	0.0060002121	-5.8437977	-0.015911683
395.904	0.00588661	-5.843719	-0.015755935
396.032	0.0058928583	-5.8436415	-0.014366471
396.16	0.0059475497	-5.8436749	-0.012703338
396.288	0.0059755091	-5.8437682	-0.013250813
396.416	0.0058695914	-5.8437631	-0.012372314
396.544	0.0060000749	-5.8439308	-0.01218624
396.672	0.0059420382	-5.8438906	-0.014490158
396.8	0.0058514255	-5.8437837	-0.013580047
396.928	0.0059708837	-5.8438976	-0.014251054
397.056	0.0058680653	-5.8440053	-0.015677333
397.184	0.0058244621	-5.8439356	-0.014251632
397.312	0.006006461	-5.8437815	-0.014555469
397.44	0.0059503937	-5.843616	-0.015773099
397.568	0.0060220501	-5.8438504	-0.016094953
397.696	0.0059502456	-5.8440625	-0.015036127
397.824	0.0059054814	-5.8438825	-0.015543173
397.952	0.0060911125	-5.8437633	-0.015411793
398.08	0.0059664941	-5.8436684	-0.014492393
398.208	0.0059809789	-5.8435245	-0.014068677
398.336	0.0059856374	-5.8436032	-0.013652577
398.464	0.0059756949	-5.843625	-0.014729183
398.592	0.0059855785	-5.8437367	-0.014266513
398.72	0.0060642475	-5.8437206	-0.014180961
398.848	0.0061136985	-5.8437	-0.01481277
398.976	0.0060282705	-5.8437657	-0.014407302
399.104	0.006045351	-5.8436419	-0.013579635
399.232	0.0060062506	-5.8437103	-0.012742269
399.36	0.0061265579	-5.8437672	-0.013897461
399.488	0.0060524302	-5.8435866	-0.013729612
399.616	0.0060970324	-5.8436578	-0.014133309
399.744	0.0060557652	-5.8437474	-0.014377883
399.872	0.0061772175	-5.843764	-0.013613569
400	0.0060158358	-5.8434651	-0.013587561
400.128	0.0060285685	-5.8434598	-0.012383702
400.256	0.006068406	-5.8435117	-0.012980843
400.384	0.0060686549	-5.8435726	-0.014549668
400.512	0.0060073347	-5.8434299	-0.01418083
400.64	0.006006567	-5.8434743	-0.012618406
400.768	0.0060388389	-5.8435242	-0.012615289
400.896	0.0060686324	-5.8437092	-0.014099936
401.024	0.006036862	-5.8440024	-0.014063053
401.152	0.005944096	-5.8438539	-0.013685907
401.28	0.0060651368	-5.8439146	-0.015038887
401.408	0.006099646	-5.8437363	-0.013892135
401.536	0.0059267059	-5.8436997	-0.013650027
401.664	0.0059867322	-5.8437787	-0.014739692
401.792	0.0059942405	-5.8439308	-0.013802209
401.92	0.0059804846	-5.8437487	-0.013182624
402.048	0.0058898053	-5.8436235	-0.015196573
402.176	0.0059698046	-5.8437734	-0.014315883
402.304	0.005922828	-5.8437252	-0.013622654
402.432	0.0058995207	-5.8436109	-0.014250259
402.56	0.0059289809	-5.8437149	-0.013707623
402.688	0.0059854528	-5.8438662	-0.0143922
402.816	0.0058928371	-5.8439963	-0.014950682
402.944	0.0058956463	-5.8437223	-0.015652969
403.072	0.0059542078	-5.8436833	-0.014907183
403.2	0.0059998837	-5.8437784	-0.015541916
403.328	0.0058172601	-5.8434991	-0.014469585
403.456	0.005945937	-5.8437595	-0.01403365
403.584	0.0058759486	-5.8436335	-0.01415718
403.712	0.0060158648	-5.8436917	-0.015824258
403.84	0.0059985789	-5.8437826	-0.014326319
403.968	0.0059577738	-5.8437708	-0.013158551
404.096	0.0059358187	-5.844009	-0.014619163
404.224	0.0057938724	-5.8435162	-0.012790538
404.352	0.0059929828	-5.8436071	-0.013098315
404.48	0.0060472816	-5.8436682	-0.013865226
404.608	0.0060104505	-5.8436755	-0.012895821
404.736	0.0060330341	-5.8436456	-0.012605883
404.864	0.0060044353	-5.8436399	-0.013325417
404.992	0.0061354148	-5.8437618	-0.014598691
405.12	0.0059741286	-5.8436783	-0.014026532
405.248	0.0060352045	-5.8438235	-0.015027717
405.376	0.0060003777	-5.8436179	-0.012277828
405.504	0.0060559566	-5.8437771	-0.014142576
405.632	0.0061052417	-5.8436717	-0.015408972
405.76	0.0060039155	-5.8435631	-0.012603097
405.888	0.0060976992	-5.8438829	-0.012980037
406.016	0.0060094699	-5.8435761	-0.014528266
406.144	0.0060845817	-5.8437695	-0.013941945
406.272	0.0060676432	-5.843674	-0.013076739
406.4	0.0060983128	-5.8436142	-0.014937242
406.528	0.0060725246	-5.8437701	-0.014889426
406.656	0.0059938242	-5.8438012	-0.012325139
406.784	0.0060722722	-5.8436691	-0.012410828
406.912	0.0061185823	-5.8436367	-0.0131478
407.04	0.0060050781	-5.8434663	-0.012606498
407.168	0.0060854456	-5.8436951	-0.014559717
407.296	0.0060582954	-5.8436642	-0.014291836
407.424	0.0060232899	-5.8436696	-0.013476706
407.552	0.0060160028	-5.8436891	-0.014294009
407.68	0.006046594	-5.8440411	-0.013845931
407.808	0.0059482102	-5.8437069	-0.013477363
407.936	0.0060097361	-5.8436481	-0.01313002
408.064	0.0060425253	-5.8436626	-0.013849814
408.192	0.0058473664	-5.8435552	-0.014128542
408.32	0.006000446	-5.8437278	-0.013027973
408.448	0.0060354338	-5.8439401	-0.013953148
408.576	0.0059069436	-5.8437417	-0.014972271
408.704	0.0060021049	-5.8436855	-0.014885553
408.832	0.0058497914	-5.8435659	-0.014674525
408.96	0.0059539298	-5.8438023	-0.015775946
409.088	0.0058987311	-5.844097	-0.015381135
409.216	0.0059353279	-5.8438714	-0.01367509
409.344	0.0059496232	-5.8438079	-0.01274217
409.472	0.0058742978	-5.8438017	-0.014775477
409.6	0.0058927582	-5.8439465	-0.01387116
409.728	0.0059817518	-5.8436615	-0.01250349
409.856	0.0059635448	-5.8437054	-0.014385053
409.984	0.0059476761	-5.8437222	-0.015248619
410.112	0.0058874278	-5.8436513	-0.015060129
410.24	0.005956402	-5.8436287	-0.015291813
410.368	0.0060173434	-5.8435592	-0.013937718
410.496	0.005982482	-5.8435659	-0.012815713
410.624	0.0058668109	-5.843565	-0.013849307
410.752	0.006001752	-5.8436444	-0.014075424
410.88	0.0059660608	-5.8435953	-0.013591832
411.008	0.0060582843	-5.8437436	-0.015131848
411.136	0.0060200042	-5.8435428	-0.013937391
411.264	0.0060141066	-5.8437234	-0.013842508
411.392	0.0059924182	-5.8438799	-0.014672954
411.52	0.0061078041	-5.8438354	-0.014526289
411.648	0.006069155	-5.8438107	-0.013106591
411.776	0.0060024003	-5.8437458	-0.01307496
411.904	0.006119212	-5.8436975	-0.015059274
412.032	0.0060099986	-5.8436536	-0.012712442
412.16	0.0060119552	-5.8437458	-0.012955217
412.288	0.0060807185	-5.8439574	-0.013388814
412.416	0.0061252083	-5.8435053	-0.014064151
412.544	0.0060228001	-5.843546	-0.014120505
412.672	0.0060121375	-5.8435823	-0.012465684
412.8	0.0061505747	-5.8438021	-0.014959693
412.928	0.0061092653	-5.8436782	-0.01648044
413.056	0.006064277	-5.8434654	-0.014556525
413.184	0.0060356862	-5.8435918	-0.014588996
413.312	0.0060610762	-5.8437281	-0.013971728
413.44	0.0059693062	-5.8436238	-0.013972867
413.568	0.0060157228	-5.8437181	-0.013631239
413.696	0.0060083072	-5.8437685	-0.013046273
413.824	0.0060298503	-5.8438535	-0.013128775
413.952	0.0060379423	-5.8436701	-0.012791569
414.08	0.0060441174	-5.8436116	-0.013716194
414.208	0.0060227645	-5.8434522	-0.014896774
414.336	0.0059361005	-5.8434411	-0.013725785
414.464	0.0059745255	-5.8437814	-0.013625851
414.592	0.0059195753	-5.8438605	-0.014753693
414.72	0.0060042915	-5.8437371	-0.015258961
414.848	0.0059416075	-5.8436789	-0.01395996
414.976	0.0059638317	-5.8436906	-0.014085515
415.104	0.0058236487	-5.8437709	-0.014095486
415.232	0.0059545422	-5.8437839	-0.013689733
415.36	0.0060160349	-5.8435121	-0.012798225
415.488	0.0059537114	-5.8436324	-0.014539229
415.616	0.0058084113	-5.84357	-0.013859059
415.744	0.0059908472	-5.8437701	-0.013283535
415.872	0.0059301799	-5.8436884	-0.015478991
416	0.0058486982	-5.8434489	-0.015451024
416.128	0.0059369983	-5.8437612	-0.013626412
416.256	0.0060097524	-5.8438277	-0.014305006
416.384	0.0058331481	-5.8435598	-0.012861194
416.512	0.0060351788	-5.8438634	-0.013883178
416.64	0.006012604	-5.8440131	-0.015551948
416.768	0.0059034304	-5.8437133	-0.014082227
416.896	0.0059230356	-5.8436977	-0.012913641
417.024	0.0060141924	-5.8438454	-0.013542434
417.152	0.0060047913	-5.843749	-0.013732289
417.28	0.0060026461	-5.8436727	-0.013799648
417.408	0.00591238	-5.8436111	-0.013610778
417.536	0.0060240206	-5.843745	-0.015061914
417.664	0.0060867587	-5.8438343	-0.014724501
417.792	0.0060092922	-5.8436933	-0.014021947
417.92	0.0061004954	-5.8438487	-0.014524652
418.048	0.0059996202	-5.8436844	-0.014927205
418.176	0.0060931939	-5.8435667	-0.014108759
418.304	0.0060185522	-5.8432878	-0.01441981
418.432	0.0060900378	-5.8434857	-0.014034789
418.56	0.0061064375	-5.8436218	-0.014265188
418.688	0.0060497578	-5.8435204	-0.013598959
418.816	0.0061336062	-5.8434964	-0.013864756
418.944	0.0059740495	-5.8432228	-0.014203312
419.072	0.0061076704	-5.843587	-0.016226037
419.2	0.0060359916	-5.8435198	-0.015994331
419.328	0.0059854427	-5.8434936	-0.013668202
419.456	0.0061865986	-5.84353	-0.014416288
419.584	0.0060228805	-5.8434152	-0.013634043
419.712	0.0060064136	-5.843528	-0.013318242
419.84	0.0060004381	-5.8434894	-0.013605891
419.968	0.0061927831	-5.8438316	-0.014945682
420.096	0.0059628633	-5.8438162	-0.012339624
420.224	0.0058980671	-5.8437883	-0.011825763
420.352	0.0061046495	-5.8437695	-0.013328632
420.48	0.0059838619	-5.8437366	-0.012684686
420.608	0.0060913384	-5.8437841	-0.015554525
420.736	0.0058909086	-5.8437345	-0.013420856
420.864	0.0060008524	-5.8438533	-0.013472042
420.992	0.00595802	-5.8438557	-0.015173853
421.12	0.0060080722	-5.8441967	-0.015493749
421.248	0.0058586408	-5.8437977	-0.012639652
421.376	0.0059058508	-5.8438847	-0.014250186
421.504	0.0059187201	-5.8438934	-0.014200856
421.632	0.0058870336	-5.8437155	-0.013168674
421.76	0.0059615661	-5.8439474	-0.013836502
421.888	0.0059782314	-5.8439615	-0.01429903
422.016	0.0060003531	-5.8440213	-0.015934816
422.144	0.0058667486	-5.8437387	-0.01598409
422.272	0.0058887264	-5.8437954	-0.015464245
422.4	0.0058342712	-5.8437124	-0.014044663
422.528	0.0060215878	-5.8436201	-0.013616511
422.656	0.005950735	-5.8438171	-0.01367344
422.784	0.0059391026	-5.8436344	-0.014634397
422.912	0.0060117721	-5.8437018	-0.014005755
423.04	0.0058895196	-5.8436204	-0.012823868
423.168	0.0059778814	-5.8437987	-0.012342412
423.296	0.0060185972	-5.8438732	-0.0132115
423.424	0.0060040051	-5.8437574	-0.013101499
423.552	0.005893673	-5.8435781	-0.014010529
423.68	0.0059478984	-5.843571	-0.013786742
423.808	0.0060416211	-5.843737	-0.01441702
423.936	0.0060686059	-5.8436972	-0.014211776
424.064	0.0060738239	-5.8437265	-0.013416729
424.192	0.0060391045	-5.8438107	-0.013402871
424.32	0.0059525631	-5.8437976	-0.013468104
424.448	0.0061583596	-5.8439969	-0.01345093
424.576	0.0060675927	-5.8435491	-0.012312181
424.704	0.0061636202	-5.843794	-0.013040186
424.832	0.0059784688	-5.8436081	-0.012907105
424.96	0.0060880028	-5.8438337	-0.0135814
425.088	0.0060283754	-5.843739	-0.012640422
425.216	0.0061884917	-5.8437361	-0.013925033
425.344	0.0060494411	-5.8438297	-0.014382163
425.472	0.0060159471	-5.8433843	-0.013916103
425.6	0.0059989386	-5.8436579	-0.013184853
425.728	0.0060814541	-5.8436885	-0.014504068
425.856	0.0060410122	-5.8435984	-0.015144579
425.984	0.0060720218	-5.8436381	-0.015832907
426.112	0.0060156741	-5.8436302	-0.014440542
426.24	0.0060054187	-5.8436831	-0.012835792
426.368	0.0060458005	-5.8438525	-0.014489432
426.496	0.0059639335	-5.8436171	-0.014060988
426.624	0.0060264334	-5.843698	-0.013929485
426.752	0.0060229384	-5.843607	-0.014479787
426.88	0.0058932325	-5.8435062	-0.013222618
427.008	0.005965689	-5.8436328	-0.014107313
427.136	0.0059198407	-5.8436501	-0.012872568
427.264	0.0060907657	-5.8438456	-0.014676195
427.392	0.0059617687	-5.844016	-0.015083632
427.52	0.0060361036	-5.8440305	-0.014701025
427.648	0.0059322454	-5.8434897	-0.013629054
427.776	0.0058811406	-5.8433759	-0.014391438
427.904	0.0059062213	-5.8435222	-0.014266972
428.032	0.0059004027	-5.8436122	-0.014029477
428.16	0.005883666	-5.8436419	-0.014786784
428.288	0.0059951136	-5.8437596	-0.015369934
428.416	0.0058881398	-5.8438577	-0.013438889
428.544	0.0059233759	-5.8439793	-0.013674357
428.672	0.0059433387	-5.8438316	-0.013485641
428.8	0.0059221611	-5.8437094	-0.013759094
428.928	0.0059184459	-5.8434533	-0.013830421
429.056	0.0058866313	-5.8436508	-0.014284668
429.184	0.0059854548	-5.8438369	-0.015125388
429.312	0.0059316151	-5.8437809	-0.015228307
429.44	0.0060275493	-5.8440125	-0.01525048
429.568	0.0060285598	-5.8437673	-0.013415574
429.696	0.0059865914	-5.8438282	-0.01380438
429.824	0.0060080118	-5.8438817	-0.014860297
429.952	0.0059879603	-5.8437588	-0.014239474
430.08	0.0059913254	-5.8437755	-0.014344299
430.208	0.005989821	-5.8436564	-0.015181958
430.336	0.0059932726	-5.8438212	-0.015108346
430.464	0.0060972446	-5.8438185	-0.015370268
430.592	0.0060506874	-5.8436218	-0.015360255
430.72	0.0060430525	-5.8434194	-0.014808301
430.848	0.0060442992	-5.8434695	-0.012661113
430.976	0.0061181718	-5.8434974	-0.011849749
431.104	0.0060478067	-5.84357	-0.013253437
431.232	0.0060758589	-5.8437155	-0.013224838
431.36	0.0060164749	-5.8436413	-0.012869532
431.488	0.0060757522	-5.8435239	-0.014030872
431.616	0.0061015853	-5.8435332	-0.012840052
431.744	0.0060404385	-5.8434631	-0.012800084
431.872	0.0060877473	-5.8436667	-0.014277874
432	0.0060558556	-5.8434393	-0.013992795
432.128	0.0060450229	-5.8434805	-0.011944569
432.256	0.0060536708	-5.8435705	-0.013262023
432.384	0.00606939	-5.8436972	-0.01576685
432.512	0.0060372729	-5.8437273	-0.013416739
432.64	0.0060778029	-5.8437615	-0.013246047
432.768	0.0059983012	-5.8436452	-0.015275912
432.896	0.0059776634	-5.8436527	-0.015145254
433.024	0.0060821755	-5.8442179	-0.012839189
433.152	0.0059786295	-5.8440325	-0.013277813
433.28	0.0059000785	-5.8436809	-0.014593106
433.408	0.0059467031	-5.8439916	-0.014460289
433.536	0.0059674397	-5.8439767	-0.013827564
433.664	0.0059756087	-5.8440278	-0.013867873
433.792	0.0059379323	-5.843935	-0.014680807
433.92	0.0059697724	-5.8438032	-0.013276737
434.048	0.005907459	-5.8436172	-0.013708958
434.176	0.005822954	-5.8436715	-0.0139374
434.304	0.0060089722	-5.8439547	-0.013964389
434.432	0.0058317266	-5.8437805	-0.013560021
434.56	0.0060193066	-5.8437824	-0.013401407
434.688	0.0059832169	-5.8439502	-0.013949177
434.816	0.0059032283	-5.8437045	-0.014215739
434.944	0.0059220737	-5.8436625	-0.01323283
435.072	0.0059260907	-5.8436318	-0.014711637
435.2	0.0058696097	-5.8435147	-0.015950292
435.328	0.0059501021	-5.8436287	-0.015289579
435.456	0.0058866413	-5.8435458	-0.015338229
435.584	0.0060257052	-5.8433925	-0.014968466
435.712	0.0059749277	-5.843551	-0.015729426
435.84	0.0059749615	-5.8436167	-0.01429273
435.968	0.005975716	-5.843664	-0.013560559
436.096	0.006037609	-5.8438836	-0.015732208
436.224	0.0059664357	-5.8437061	-0.015326508
436.352	0.0059265755	-5.843611	-0.01407356
436.48	0.0060831493	-5.8435669	-0.014861463
436.608	0.0060553211	-5.8435583	-0.014546543
436.736	0.0060340562	-5.8435581	-0.014110143
436.864	0.0060610059	-5.8433476	-0.013333317
436.992	0.0060828393	-5.8434639	-0.013500658
437.12	0.0059409174	-5.8433663	-0.014184908
437.248	0.0061167477	-5.8437215	-0.015010718
437.376	0.006067589	-5.8436733	-0.014094626
437.504	0.0060314023	-5.8436504	-0.013028874
437.632	0.006109504	-5.8438841	-0.014218346
437.76	0.0059979994	-5.8436847	-0.012805194
437.888	0.0060515915	-5.8436606	-0.012238878
438.016	0.006092022	-5.8436207	-0.012565836
438.144	0.0060859145	-5.8437326	-0.013735451
438.272	0.0060294067	-5.8436398	-0.014483151
438.4	0.0060562925	-5.8435957	-0.014722417
438.528	0.0060361877	-5.843641	-0.014150724
438.656	0.0060296738	-5.8435846	-0.014261172
438.784	0.0059505187	-5.8435913	-0.013459857
438.912	0.0060856808	-5.8438493	-0.013599462
439.04	0.0060518889	-5.8439172	-0.013809488
439.168	0.0060171259	-5.8440421	-0.015720275
439.296	0.0060237662	-5.8439121	-0.01419893
439.424	0.0059640531	-5.8439155	-0.013888178
439.552	0.0059931587	-5.8437084	-0.014106328
439.68	0.0058885213	-5.8437068	-0.014351743
439.808	0.005997829	-5.8438287	-0.014793743
439.936	0.0060390889	-5.8438584	-0.014188769
440.064	0.005897335	-5.8436671	-0.01476159
440.192	0.0059612677	-5.8437635	-0.015280046
440.32	0.0058590826	-5.8438363	-0.014696061
440.448	0.0059803492	-5.8439646	-0.014527026
440.576	0.0059191453	-5.8438482	-0.013555584
440.704	0.0058781395	-5.8439828	-0.013929262
440.832	0.0060427614	-5.8441431	-0.015462713
440.96	0.0058967312	-5.8439185	-0.014017795
441.088	0.0059444868	-5.8438625	-0.01361694
441.216	0.0059080206	-5.8439011	-0.014656158
441.344	0.0059515661	-5.843826	-0.015132722
441.472	0.0059173734	-5.8437083	-0.014013452
441.6	0.0059074302	-5.8438919	-0.014463874
441.728	0.0060226202	-5.8437509	-0.014986627
441.856	0.0059971489	-5.8434677	-0.013769541
441.984	0.0060046411	-5.8434683	-0.01329278
442.112	0.0059101148	-5.8434829	-0.013151614
442.24	0.0059032267	-5.8436344	-0.012536404
442.368	0.0059206754	-5.8436726	-0.013813025
442.496	0.0060812206	-5.8436843	-0.015011446
442.624	0.0060452986	-5.8436228	-0.013291015
442.752	0.006063853	-5.843538	-0.012678395
442.88	0.0060473773	-5.8435874	-0.013585787
443.008	0.0060064376	-5.843731	-0.01480843
443.136	0.0060033749	-5.8435598	-0.013338269
443.264	0.0060451566	-5.8437173	-0.014460343
443.392	0.0060833791	-5.8437745	-0.014593018
443.52	0.0060117557	-5.8437327	-0.013786567
443.648	0.006076582	-5.8438471	-0.013933231
443.776	0.0060774961	-5.8434257	-0.013582986
443.904	0.0061348989	-5.8433382	-0.014597053
444.032	0.0061228371	-5.8435574	-0.014980641
444.16	0.006014306	-5.8436874	-0.015271811
444.288	0.0061022136	-5.8434938	-0.014725394
444.416	0.0061420118	-5.8435897	-0.01382938
444.544	0.0060821081	-5.8437064	-0.014562738
444.672	0.0060269455	-5.8435932	-0.014089479
444.8	0.0061310655	-5.843719	-0.013233341
444.928	0.0060732612	-5.8436444	-0.013398919
445.056	0.0059516643	-5.8435502	-0.012661208
445.184	0.0060599653	-5.8437417	-0.014275934
445.312	0.005936821	-5.8437178	-0.014718774
445.44	0.0059895325	-5.8437522	-0.014817887
445.568	0.0061121585	-5.8438288	-0.014314556
445.696	0.0059942598	-5.8438626	-0.014446772
445.824	0.0059375775	-5.8439151	-0.014694654
445.952	0.0059022793	-5.8436949	-0.014819958
446.08	0.0059913756	-5.8437277	-0.013973477
446.208	0.0060379705	-5.8437685	-0.013470061
446.336	0.00588422	-5.8436181	-0.013783724
446.464	0.005993003	-5.843835	-0.013849378
446.592	0.0059435941	-5.843953	-0.013653219
446.72	0.0058864096	-5.8436138	-0.015183325
446.848	0.0059057714	-5.8435988	-0.015153037
446.976	0.0058936674	-5.8437314	-0.013259397
447.104	0.0058983349	-5.8439434	-0.014354556
447.232	0.0058776876	-5.8439744	-0.013584255
447.36	0.0060000347	-5.8438851	-0.013314188
447.488	0.0059192169	-5.8438749	-0.015040554
447.616	0.0058704284	-5.8437174	-0.014136056
447.744	0.0059205197	-5.8437439	-0.012774119
447.872	0.0059237786	-5.8437591	-0.012815078
448	0.0058800188	-5.8436783	-0.014613173
448.128	0.0060295925	-5.8437545	-0.015896124
448.256	0.0059500848	-5.8435352	-0.014023711
448.384	0.006009571	-5.8438347	-0.013882473
448.512	0.0059668353	-5.8437438	-0.014848189
448.64	0.0059702446	-5.8438714	-0.015044198
448.768	0.0060083298	-5.8439547	-0.014547272
448.896	0.0060310833	-5.8437344	-0.015359495
449.024	0.0058983948	-5.843619	-0.015026735
449.152	0.0059858991	-5.8435501	-0.014576012
449.28	0.0061222409	-5.84386	-0.014615444
449.408	0.0060753811	-5.8436547	-0.015316336
449.536	0.0060519594	-5.843629	-0.014822518
449.664	0.0059869319	-5.8437083	-0.013526404
449.792	0.0061492025	-5.8438198	-0.013745022
449.92	0.0061065713	-5.8436554	-0.013453196
450.048	0.0061242566	-5.8436107	-0.012763272
450.176	0.006062535	-5.8436472	-0.014081572
450.304	0.0060573568	-5.8437837	-0.01541931
450.432	0.0061158788	-5.8434274	-0.015116685
450.56	0.0060192068	-5.8434033	-0.015164713
450.688	0.0061668947	-5.8437833	-0.015367856
450.816	0.0059767125	-5.8434333	-0.01450964
450.944	0.0061269612	-5.8436673	-0.014528201
451.072	0.0060630623	-5.8436902	-0.012777098
451.2	0.0061544103	-5.8436751	-0.015293212
451.328	0.005976733	-5.8434877	-0.01420703
451.456	0.0060267298	-5.8435243	-0.014096139
451.584	0.0059918081	-5.84357	-0.014212484
451.712	0.0060277708	-5.8437052	-0.014428798
451.84	0.0060222701	-5.8436971	-0.013652652
451.968	0.0059394216	-5.8435331	-0.014081776
452.096	0.0060564076	-5.8438475	-0.015109889
452.224	0.0059861972	-5.8437097	-0.013436056
452.352	0.005942762	-5.8436492	-0.013751834
452.48	0.0059901241	-5.8437953	-0.014240537
452.608	0.0059086663	-5.8435931	-0.012740202
452.736	0.0059922075	-5.8438416	-0.011971293
452.864	0.0059559885	-5.8436989	-0.012402195
452.992	0.005908473	-5.843655	-0.014462949
453.12	0.0059443979	-5.8436732	-0.012847527
453.248	0.0058282218	-5.8434864	-0.013325648
453.376	0.0059592443	-5.8437343	-0.015225048
453.504	0.0058682062	-5.8437815	-0.014403824
453.632	0.0057933322	-5.843642	-0.013895797
453.76	0.0059566796	-5.8438013	-0.014590006
453.888	0.0058883813	-5.8435914	-0.012736946
454.016	0.0059296123	-5.8435311	-0.012152853
454.144	0.0059465509	-5.8435845	-0.013355076
454.272	0.0059161525	-5.8434954	-0.014099346
454.4	0.0059787478	-5.8437993	-0.01486226
454.528	0.0057796202	-5.8435702	-0.013317986
454.656	0.005981364	-5.8436403	-0.014565693
454.784	0.0060250283	-5.8438399	-0.013245326
454.912	0.0059699757	-5.8436206	-0.013831982
455.04	0.0059871937	-5.8436592	-0.015633499
455.168	0.0059743574	-5.8436531	-0.013287027
455.296	0.0059881796	-5.8438409	-0.012292574
455.424	0.0060188359	-5.8438178	-0.013992201
455.552	0.0060221367	-5.8436797	-0.014373095
455.68	0.0060358472	-5.8438602	-0.013219233
455.808	0.0060404197	-5.8437359	-0.013301616
455.936	0.0059635195	-5.8436098	-0.01384552
456.064	0.0061863219	-5.8437835	-0.015159144
456.192	0.005976792	-5.8434826	-0.014054234
456.32	0.0060923047	-5.8435593	-0.014745258
456.448	0.0059784939	-5.8436278	-0.012735447
456.576	0.0061033142	-5.8436807	-0.012980094
456.704	0.006098235	-5.8437558	-0.015049415
456.832	0.0060950433	-5.8437759	-0.015219603
456.96	0.0059879075	-5.8437279	-0.012814749
457.088	0.0061194201	-5.843874	-0.013088764
457.216	0.0060982241	-5.8436798	-0.014469418
457.344	0.0060185986	-5.8437226	-0.0134461
457.472	0.0060375398	-5.8436899	-0.01229216
457.6	0.0060658174	-5.84359	-0.014863819
457.728	0.0060335027	-5.8435944	-0.013643184
457.856	0.0060689553	-5.8436736	-0.011668869
457.984	0.0060310194	-5.8437225	-0.01411801
458.112	0.0059505588	-5.843692	-0.016182556
458.24	0.0059658536	-5.8434502	-0.014860426
458.368	0.006020395	-5.84349	-0.013918052
458.496	0.0059401899	-5.8434511	-0.014050807
458.624	0.0059941809	-5.8437918	-0.013898
458.752	0.0060144735	-5.8439582	-0.013286702
458.88	0.0059530734	-5.8440094	-0.013497498
459.008	0.0059170554	-5.8439079	-0.014443235
459.136	0.0059441932	-5.843732	-0.016033047
459.264	0.0059426016	-5.8437529	-0.014708231
459.392	0.0059210476	-5.8436725	-0.013456438
459.52	0.005904135	-5.843697	-0.01397756
459.648	0.0059644519	-5.8441645	-0.013754774
459.776	0.0058645578	-5.8438333	-0.012552512
459.904	0.0058553875	-5.843747	-0.013575046
460.032	0.0058829618	-5.8437354	-0.014824033
460.16	0.0058660606	-5.8437085	-0.014915858
460.288	0.0059530626	-5.8439449	-0.016111529
460.416	0.0060087885	-5.8440458	-0.015618101
460.544	0.0059026812	-5.8438257	-0.01360281
460.672	0.0058927802	-5.8437421	-0.014264612
460.8	0.0059024321	-5.8437075	-0.013667615
460.928	0.0059538522	-5.8437863	-0.012637234
461.056	0.0060451949	-5.8438946	-0.013389222
461.184	0.0059525512	-5.8437682	-0.013599561
461.312	0.0059911318	-5.8437525	-0.014086831
461.44	0.0059657733	-5.8436504	-0.013047467
461.568	0.006021686	-5.8436289	-0.014162607
461.696	0.0060035544	-5.8437374	-0.01383096
461.824	0.0060682413	-5.8436686	-0.013214104
461.952	0.0060902861	-5.8438054	-0.015382455
462.08	0.0060537284	-5.8437561	-0.014573537
462.208	0.0059544869	-5.8436315	-0.013372857
462.336	0.006053134	-5.8435003	-0.01378158
462.464	0.0061158219	-5.8437451	-0.01482802
462.592	0.0059823802	-5.8432858	-0.014528345
462.72	0.0061486439	-5.8433693	-0.014059917
462.848	0.0060662097	-5.8433941	-0.014376629
462.976	0.0060425176	-5.8433498	-0.014807614
463.104	0.0061607732	-5.8434173	-0.01503315
463.232	0.006004513	-5.84346	-0.013565342
463.36	0.0061387863	-5.843599	-0.013508265
463.488	0.0060605543	-5.8435623	-0.013621737
463.616	0.0059958611	-5.8434339	-0.013557931
463.744	0.0061166127	-5.8437846	-0.01559217
463.872	0.0060038434	-5.8435795	-0.015817102
464	0.0061414503	-5.8437839	-0.014369178
464.128	0.006005366	-5.8435677	-0.012714791
464.256	0.0061189576	-5.8439936	-0.013727477
464.384	0.0059871145	-5.8437309	-0.012150483
464.512	0.0060125648	-5.8436532	-0.012355249
464.64	0.0060165534	-5.8438615	-0.014048493
464.768	0.0059846648	-5.8435593	-0.012998119
464.896	0.0060068168	-5.8435897	-0.014145793
465.024	0.0059773241	-5.8436803	-0.013077838
465.152	0.0059219315	-5.8440415	-0.012400293
465.28	0.0059085489	-5.8439258	-0.013077248
465.408	0.0059524553	-5.8437528	-0.012495378
465.536	0.0059803469	-5.8438778	-0.013126788
465.664	0.0059156957	-5.8439134	-0.013487913
465.792	0.0059266901	-5.8439013	-0.013972328
465.92	0.0059036862	-5.8437729	-0.01491029
466.048	0.0059281595	-5.8436513	-0.013955967
466.176	0.0060085424	-5.8437838	-0.013848845
466.304	0.0058822884	-5.843792	-0.013636868
466.432	0.0059333066	-5.8436997	-0.014062802
466.56	0.0059038419	-5.843901	-0.014719287
466.688	0.0059106746	-5.8440098	-0.013550473
466.816	0.0059725076	-5.8439429	-0.013921637
466.944	0.0059261204	-5.8438966	-0.013458548
467.072	0.0059229889	-5.8438453	-0.01425215
467.2	0.005933371	-5.843712	-0.013784374
467.328	0.0059274352	-5.8436069	-0.01484132
467.456	0.0060623613	-5.8439984	-0.015710467
467.584	0.0060034801	-5.8438243	-0.014523417
467.712	0.0059771385	-5.8435343	-0.015884574
467.84	0.0060552204	-5.8436229	-0.016601748
467.968	0.0060361058	-5.8438294	-0.014472958
468.096	0.0060102384	-5.8434483	-0.014450196
468.224	0.0060320351	-5.8436407	-0.015000964
468.352	0.0060376225	-5.843814	-0.014026503
468.48	0.0060630453	-5.843752	-0.013170799
468.608	0.0060742195	-5.8436544	-0.01420672
468.736	0.006033085	-5.8436414	-0.015422661
468.864	0.0060420111	-5.8433314	-0.015212502
468.992	0.0060124044	-5.8431669	-0.012381489
469.12	0.0061902244	-5.8435093	-0.013502107
469.248	0.0060993327	-5.8436203	-0.014368643
469.376	0.0061112593	-5.8435951	-0.014719897
469.504	0.0060904205	-5.843451	-0.015420226
469.632	0.0060559331	-5.8436865	-0.015063775
469.76	0.0060135334	-5.8436759	-0.012799193
469.888	0.006005113	-5.8435486	-0.013936916
470.016	0.0061182132	-5.8435489	-0.015317125
470.144	0.0061173042	-5.843811	-0.014555999
470.272	0.0059480124	-5.8436188	-0.013918476
470.4	0.0059629448	-5.8437676	-0.013856723
470.528	0.0060518836	-5.8437249	-0.013543363
470.656	0.0060947562	-5.8438339	-0.013390559
470.784	0.0059538774	-5.8436686	-0.013460093
470.912	0.0059237917	-5.843511	-0.014421433
471.04	0.0060435883	-5.8438178	-0.013924034
471.168	0.0060335538	-5.8438187	-0.014284897
471.296	0.0059708102	-5.8438188	-0.015406825
471.424	0.0059587712	-5.8438509	-0.013534243
471.552	0.0059144016	-5.8438076	-0.01199438
471.68	0.005988361	-5.8440201	-0.013042733
471.808	0.0058593757	-5.8438147	-0.013843457
471.936	0.0059622674	-5.843945	-0.014718301
472.064	0.0058241303	-5.8436276	-0.013674168
472.192	0.0059869739	-5.843933	-0.013661503
472.32	0.0058653439	-5.8437948	-0.015504988
472.448	0.0059203839	-5.8436718	-0.016375864
472.576	0.0058461394	-5.8434678	-0.014394735
472.704	0.0059612231	-5.8435097	-0.015182538
472.832	0.0059443032	-5.8436024	-0.014991023
472.96	0.0059676495	-5.8435228	-0.014728448
473.088	0.0059223703	-5.843726	-0.013433768
473.216	0.0059547833	-5.8439449	-0.014176635
473.344	0.0059279298	-5.8436797	-0.014177876
473.472	0.0059592169	-5.8435356	-0.01507232
473.6	0.005987475	-5.8436754	-0.014610472
473.728	0.0059976706	-5.8436759	-0.014747852
473.856	0.0059570591	-5.843722	-0.015510099
473.984	0.0059484422	-5.8437529	-0.014100358
474.112	0.0059928087	-5.8438455	-0.014321979
474.24	0.0059733681	-5.8438555	-0.014517845
474.368	0.0059201953	-5.843757	-0.012741002
474.496	0.006160214	-5.8440025	-0.012409098
474.624	0.0059895961	-5.843595	-0.013382689
474.752	0.0060551899	-5.8435035	-0.015081124
474.88	0.0059923695	-5.8434067	-0.012923169
475.008	0.0059950998	-5.8432926	-0.013679448
475.136	0.0060076452	-5.843585	-0.013675741
475.264	0.0061490184	-5.8437565	-0.0128749
475.392	0.0061854902	-5.843822	-0.013678281
475.52	0.0060404776	-5.8433608	-0.01299668
475.648	0.006020482	-5.8434739	-0.015128846
475.776	0.0060329433	-5.8437383	-0.015303684
475.904	0.0061283522	-5.8437671	-0.015692103
476.032	0.0060588825	-5.8436528	-0.013547398
476.16	0.0061333529	-5.8436612	-0.011800496
476.288	0.0060189967	-5.8436329	-0.011364008
476.416	0.0059878919	-5.8436382	-0.012271697
476.544	0.00609279	-5.8437674	-0.01433093
476.672	0.0060422063	-5.8434555	-0.012724666
476.8	0.006172098	-5.843958	-0.014500467
476.928	0.0059816128	-5.843767	-0.014069411
477.056	0.0059073269	-5.8435847	-0.013209008
477.184	0.0060082462	-5.84374	-0.014350262
477.312	0.0060068944	-5.8436071	-0.014690313
477.44	0.0060306107	-5.8435694	-0.014887149
477.568	0.0059040748	-5.843685	-0.014053077
477.696	0.0059666215	-5.8437967	-0.015032081
477.824	0.0059083043	-5.8437265	-0.013943671
477.952	0.0059533811	-5.8439394	-0.013814281
478.08	0.0058618009	-5.8438039	-0.014748832
478.208	0.0059532164	-5.843792	-0.01559765
478.336	0.0059967478	-5.8440973	-0.015091485
478.464	0.0058909491	-5.8439533	-0.014903782
478.592	0.0060225645	-5.8439191	-0.016060391
478.72	0.0057437775	-5.84353	-0.013537
478.848	0.0058589398	-5.8435201	-0.014822898
478.976	0.0059999267	-5.8438867	-0.014476549
479.104	0.0058130981	-5.8437654	-0.013520599
479.232	0.0059463247	-5.8440103	-0.015338169
479.36	0.0059573921	-5.8441409	-0.014593308
479.488	0.005815976	-5.8437175	-0.0136362
479.616	0.0059952289	-5.8439781	-0.015560235
479.744	0.0060003663	-5.8437326	-0.017279277
479.872	0.0058914889	-5.8433678	-0.01579835
480	0.0059215015	-5.8437814	-0.014617814
480.128	0.0059769408	-5.8438976	-0.015218061
480.256	0.0060491832	-5.8438766	-0.014749586
480.384	0.0059495439	-5.8437124	-0.014601373
480.512	0.0060529674	-5.8438195	-0.015154292
480.64	0.0059742462	-5.8438472	-0.013421122
480.768	0.0061069868	-5.8439144	-0.013071938
480.896	0.0061010443	-5.8436776	-0.013736217
481.024	0.0060528182	-5.8437503	-0.013587791
481.152	0.0059963239	-5.8437842	-0.013775264
481.28	0.0061144184	-5.8435974	-0.01509386
481.408	0.0061028371	-5.843558	-0.014951333
481.536	0.0060696674	-5.8436258	-0.013179862
481.664	0.0061686229	-5.8438426	-0.01444178
481.792	0.0059604688	-5.8436306	-0.01502452
481.92	0.0061324077	-5.8436783	-0.014252263
482.048	0.0061380704	-5.8436328	-0.014906861
482.176	0.0061155193	-5.8435723	-0.014146702
482.304	0.0060092515	-5.8434592	-0.013610966
482.432	0.0061093124	-5.8436288	-0.015590771
482.56	0.006055587	-5.8437182	-0.015143915
482.688	0.0060660245	-5.8439486	-0.014647624
482.816	0.0059690043	-5.8436087	-0.012668122
482.944	0.006130897	-5.8437658	-0.013395457
483.072	0.0060289774	-5.8436852	-0.012896932
483.2	0.0061358202	-5.8437902	-0.014156686
483.328	0.0059856251	-5.8436968	-0.014273453
483.456	0.0059370696	-5.8436862	-0.013996512
483.584	0.0061174477	-5.8436253	-0.013544244
483.712	0.0060177614	-5.8435937	-0.014563784
483.84	0.0059455282	-5.8433932	-0.016358119
483.968	0.0059342309	-5.8435589	-0.01599934
484.096	0.0059276509	-5.8435927	-0.014000516
484.224	0.0059843554	-5.8438689	-0.012997688
484.352	0.0059820519	-5.8438056	-0.011951332
484.48	0.0058959333	-5.8437869	-0.012855053
484.608	0.0058909799	-5.8436321	-0.01446477
484.736	0.0059005372	-5.8436232	-0.015562024
484.864	0.0059073517	-5.8438821	-0.014924752
484.992	0.0058977104	-5.8438761	-0.013466499
485.12	0.0058742372	-5.8438538	-0.014444095
485.248	0.0058619468	-5.8439498	-0.013368232
485.376	0.0060396091	-5.8440598	-0.013203504
485.504	0.0059590631	-5.8437485	-0.014909491
485.632	0.0058597743	-5.8435653	-0.013436304
485.76	0.0059424963	-5.8436347	-0.013605831
485.888	0.0058489849	-5.8437117	-0.013079979
486.016	0.0060092669	-5.8437826	-0.01472345
486.144	0.005886208	-5.8435266	-0.015212731
486.272	0.0060734511	-5.8437788	-0.0137676
486.4	0.0059452453	-5.8436796	-0.014844264
486.528	0.005979579	-5.8439468	-0.013995731
486.656	0.0060158153	-5.8438667	-0.01224463
486.784	0.0060089473	-5.843836	-0.012615209
486.912	0.0060836601	-5.8438536	-0.012340149
487.04	0.0059907183	-5.8436022	-0.012695562
487.168	0.0060603172	-5.8435559	-0.012423088
487.296	0.0060843764	-5.8436699	-0.014212052
487.424	0.0061047616	-5.8438201	-0.015270666
487.552	0.0059438837	-5.8433734	-0.014982748
487.68	0.006135265	-5.8436648	-0.015013226
487.808	0.0060818002	-5.8434822	-0.013834179
487.936	0.0061050821	-5.8435473	-0.015870109
488.064	0.0060632136	-5.8434022	-0.015211024
488.192	0.0060918354	-5.8436889	-0.012824352
488.32	0.0061443413	-5.8437415	-0.013996308
488.448	0.0061122918	-5.8435078	-0.014879395
488.576	0.006046471	-5.8436998	-0.014846611
488.704	0.0061430067	-5.8438661	-0.013368479
488.832	0.0059936635	-5.843548	-0.013730117
488.96	0.0061585948	-5.8435418	-0.013988744
489.088	0.0060403619	-5.8436979	-0.01150182
489.216	0.0060526801	-5.8435685	-0.013740819
489.344	0.0060024062	-5.8436204	-0.015810191
489.472	0.0059997498	-5.8438507	-0.012935335
489.6	0.0060186669	-5.8438793	-0.012494814
489.728	0.0060126664	-5.8436652	-0.01523637
489.856	0.0059267337	-5.8435722	-0.015310268
489.984	0.0059786736	-5.8438385	-0.015314203
490.112	0.0059598787	-5.8438188	-0.015341955
490.24	0.0059260358	-5.8438803	-0.013776963
490.368	0.0060475393	-5.8438538	-0.0143171
490.496	0.0058935073	-5.8438866	-0.014637626
490.624	0.0059323306	-5.8436816	-0.015586995
490.752	0.0058789645	-5.8436232	-0.013983098
490.88	0.0059412199	-5.8439421	-0.014377415
491.008	0.0059201109	-5.8438036	-0.0152717
491.136	0.0059448886	-5.8436664	-0.016808358
491.264	0.0059255034	-5.8438739	-0.016767069
491.392	0.0058392245	-5.8437791	-0.015391475
491.52	0.0058706835	-5.8435836	-0.014076929
491.648	0.005998211	-5.8436804	-0.013860359
491.776	0.0059675269	-5.8438079	-0.01370041
491.904	0.0059630307	-5.8438759	-0.013955829
492.032	0.0058908156	-5.843889	-0.013089103
492.16	0.0058924551	-5.8434254	-0.011998347
492.288	0.0060210661	-5.8438301	-0.013964889
492.416	0.0059765695	-5.8437805	-0.015499743
492.544	0.0059787386	-5.8438225	-0.014262877
492.672	0.0059774661	-5.843902	-0.013764357
492.8	0.0059932082	-5.8439428	-0.01475166
492.928	0.0059743355	-5.8436845	-0.014047984
493.056	0.005960939	-5.843794	-0.013368735
493.184	0.006062723	-5.8437521	-0.014197476
493.312	0.0059918231	-5.8437525	-0.015283059
493.44	0.0060257782	-5.8437468	-0.014509574
493.568	0.0060001685	-5.8437189	-0.014337433
493.696	0.0061380561	-5.8438793	-0.016744623
493.824	0.0060084591	-5.8437206	-0.015609012
493.952	0.0060964296	-5.8436096	-0.012911334
494.08	0.0060811887	-5.8437184	-0.013385718
494.208	0.0060827207	-5.8435021	-0.013738463
494.336	0.0061163352	-5.8436926	-0.013690953
494.464	0.0060982888	-5.8436907	-0.012953705
494.592	0.0060382562	-5.8435712	-0.013350992
494.72	0.006175273	-5.8436603	-0.014284035
494.848	0.0060598262	-5.8436175	-0.015413448
494.976	0.006197355	-5.8436215	-0.015045359
495.104	0.006016315	-5.8432645	-0.011811728
495.232	0.0059918066	-5.843377	-0.012187327
495.36	0.0060284207	-5.8435234	-0.014223854
495.488	0.0060584713	-5.8436552	-0.013355648
495.616	0.006067975	-5.8438709	-0.013281912
495.744	0.0060048789	-5.8435187	-0.014186427
495.872	0.0060298272	-5.8437658	-0.013410955
496	0.0059550945	-5.843807	-0.012033581
496.128	0.0060818802	-5.8438313	-0.013514386
496.256	0.0058950253	-5.8437573	-0.013652299
496.384	0.0060207383	-5.8436776	-0.014930653
496.512	0.0059641153	-5.8436756	-0.014435216
496.64	0.0059451975	-5.8437928	-0.01594722
496.768	0.0059465001	-5.8437424	-0.014496904
496.896	0.0059158604	-5.8436871	-0.013255083
497.024	0.0059563363	-5.843868	-0.014128269
497.152	0.0058773027	-5.8438611	-0.013309862
497.28	0.0059310168	-5.844007	-0.014405097
497.408	0.0059357026	-5.8437902	-0.014562025
497.536	0.0059194397	-5.84389	-0.014145066
497.664	0.0058964345	-5.843659	-0.014447899
497.792	0.0058313464	-5.8436054	-0.014630714
497.92	0.0059496735	-5.8439453	-0.015785365
498.048	0.0058720232	-5.8440729	-0.014273669
498.176	0.0059443727	-5.8440182	-0.013862641
498.304	0.005960384	-5.8439845	-0.01338449
498.432	0.0059417005	-5.8439886	-0.01327742
498.56	0.0058696607	-5.8438119	-0.013906671
498.688	0.0059348053	-5.8437872	-0.01341149
498.816	0.0059383233	-5.8438003	-0.014632014
498.944	0.0059923041	-5.8436673	-0.015145759
499.072	0.0058741169	-5.8436929	-0.014949285
499.2	0.0060231855	-5.8438903	-0.014861122
499.328	0.0060417056	-5.843887	-0.01633427
499.456	0.0060107066	-5.8437938	-0.016756266
499.584	0.0060986119	-5.8438102	-0.013563065
499.712	0.0061010722	-5.8438545	-0.011044863
499.84	0.0059819766	-5.8437117	-0.012482109
499.968	0.006111254	-5.8436365	-0.013885369
