0	0.029878819	-5.8259392	0.048536876
0.128	0.029822101	-5.825827	0.043491038
0.256	0.02889206	-5.8249828	0.04886442
0.384	0.03032584	-5.8264708	0.048199517
0.512	0.030104781	-5.8263908	0.046082239
0.64	0.029802305	-5.8260211	0.04907851
0.768	0.030025058	-5.8260006	0.048279288
0.896	0.029762854	-5.82597	0.046842037
1.024	0.029987922	-5.8263188	0.043944829
1.152	0.03005841	-5.8260309	0.043383132
1.28	0.029913937	-5.8258606	0.045410645
1.408	0.030129997	-5.8259101	0.048628349
1.536	0.030303635	-5.8262411	0.047481713
1.664	0.029556539	-5.8253142	0.047719229
1.792	0.03017455	-5.8260864	0.047056413
1.92	0.030204352	-5.8261626	0.046640403
2.048	0.030579342	-5.8263723	0.045414154
2.176	0.029581349	-5.8252924	0.045764909
2.304	0.029669719	-5.8255181	0.048313739
2.432	0.03033274	-5.8260951	0.048263562
2.56	0.030053818	-5.8258395	0.047620956
2.688	0.029940203	-5.8253652	0.046255368
2.816	0.030124461	-5.8254149	0.048354463
2.944	0.030351624	-5.8259846	0.046441767
3.072	0.030013303	-5.8255501	0.047950648
3.2	0.029574429	-5.8254863	0.04672092
3.328	0.030485964	-5.8263438	0.044047867
3.456	0.030339257	-5.8264339	0.04637471
3.584	0.030204739	-5.8259886	0.047719548
3.712	0.029915715	-5.8257688	0.045286503
3.84	0.03076428	-5.8266308	0.044390004
3.968	0.029751409	-5.8255926	0.047294845
4.096	0.030044391	-5.8257377	0.043986632
4.224	0.03005776	-5.8257188	0.045609523
4.352	0.029921076	-5.8257077	0.048971974
4.48	0.030329618	-5.8260821	0.046041365
4.608	0.029876071	-5.8259131	0.046934139
4.736	0.030150147	-5.8261886	0.04665164
4.864	0.030170412	-5.8263168	0.047085028
4.992	0.029920372	-5.8261408	0.046424692
5.12	0.030179953	-5.8267657	0.04764346
5.248	0.029600409	-5.8261572	0.047250547
5.376	0.029720696	-5.8261021	0.041398221
5.504	0.029762391	-5.8263502	0.045510255
5.632	0.029766744	-5.826283	0.049527321
5.76	0.029533975	-5.8259742	0.047815856
5.888	0.029834345	-5.8263365	0.044119758
6.016	0.02981205	-5.8263456	0.046857373
6.144	0.029677026	-5.8259676	0.052416487
6.272	0.029937111	-5.8262516	0.047351324
6.4	0.029710921	-5.8265684	0.048129121
6.528	0.029795369	-5.8263826	0.048028432
6.656	0.029831785	-5.8267286	0.047091142
6.784	0.029640336	-5.8262488	0.045294782
6.912	0.029830534	-5.8262117	0.043215192
7.04	0.029858482	-5.826534	0.049045338
7.168	0.029929032	-5.8266769	0.048109425
7.296	0.029756374	-5.8260468	0.046952334
7.424	0.029863093	-5.8263556	0.044007229
7.552	0.029666053	-5.8259957	0.046444159
7.68	0.030251541	-5.826684	0.047874712
7.808	0.029794106	-5.8261415	0.047678344
7.936	0.029574155	-5.8258089	0.047426968
8.064	0.0297359	-5.8258899	0.048305555
8.192	0.030346779	-5.8265462	0.047151696
8.32	0.029854264	-5.8259666	0.048797918
8.448	0.030202613	-5.8265671	0.045677245
8.576	0.029782997	-5.8260168	0.042869446
8.704	0.030256122	-5.8263768	0.040958769
8.832	0.030157055	-5.8260877	0.043423955
8.96	0.02983015	-5.8257371	0.046479464
9.088	0.030382618	-5.8264829	0.050561367
9.216	0.029672408	-5.8256377	0.049125431
9.344	0.030273379	-5.8261664	0.043008059
9.472	0.029775494	-5.8254551	0.048616994
9.6	0.030733275	-5.826514	0.04343372
9.728	0.030478547	-5.8262749	0.043428192
9.856	0.03026291	-5.8258284	0.043691242
9.984	0.030354935	-5.8258765	0.048222381
10.112	0.030479704	-5.8257941	0.048500975
10.24	0.029914869	-5.8256625	0.048643716
10.368	0.030187421	-5.8256587	0.050285811
10.496	0.030536464	-5.8259118	0.046626969
10.624	0.030183933	-5.8255386	0.046422469
10.752	0.030175188	-5.8256508	0.048411306
10.88	0.030166526	-5.8257177	0.048609237
11.008	0.030287342	-5.8263846	0.047955984
11.136	0.029986485	-5.8263727	0.049717885
11.264	0.02997931	-5.8257597	0.046177147
11.392	0.030104405	-5.8259448	0.04732634
11.52	0.029438668	-5.8253138	0.047703296
11.648	0.030227886	-5.8266787	0.045346534
11.776	0.030177657	-5.8268876	0.048939431
11.904	0.029989802	-5.8265005	0.048617223
12.032	0.029609696	-5.826226	0.046871115
12.16	0.030152822	-5.826514	0.046797902
12.288	0.029776982	-5.8262672	0.04998017
12.416	0.030012451	-5.8263843	0.049284261
12.544	0.029731088	-5.8263458	0.047709457
12.672	0.02924295	-5.8261024	0.043407433
12.8	0.030221915	-5.8266687	0.043616414
12.928	0.029873073	-5.8265515	0.049649907
13.056	0.029677283	-5.8263112	0.04788462
13.184	0.03007899	-5.8267205	0.04578453
13.312	0.029624376	-5.8263147	0.05007973
13.44	0.029371522	-5.8258805	0.049599477
13.568	0.03018853	-5.8266768	0.046878848
13.696	0.02982559	-5.8262217	0.048140817
13.824	0.029350937	-5.8255475	0.047648951
13.952	0.030121392	-5.8265159	0.044061151
14.08	0.029911654	-5.8267387	0.045480411
14.208	0.029036238	-5.8257109	0.049918568
14.336	0.029786845	-5.826252	0.048504824
14.464	0.029819766	-5.8264291	0.0462323
14.592	0.029943087	-5.8263296	0.045616696
14.72	0.029828927	-5.8264749	0.04869376
14.848	0.029755501	-5.8261116	0.048392634
14.976	0.030388469	-5.8265699	0.041104008
15.104	0.030144306	-5.8259179	0.047749488
15.232	0.030240537	-5.8259476	0.045615432
15.36	0.030083502	-5.8260571	0.04396174
15.488	0.029860817	-5.8256624	0.050113896
15.616	0.029828808	-5.8257351	0.049064376
15.744	0.030400232	-5.8259725	0.046612553
15.872	0.02960423	-5.8252718	0.050912981
16	0.030210847	-5.8257262	0.049329555
16.128	0.031121386	-5.8263822	0.044747785
16.256	0.029750124	-5.8251177	0.048355035
16.384	0.03053616	-5.8262008	0.045088877
16.512	0.030094031	-5.8257741	0.048645173
16.64	0.03015572	-5.8257832	0.05263123
16.768	0.029901353	-5.8256737	0.053296997
16.896	0.030444123	-5.8261057	0.050388042
17.024	0.030597847	-5.8263705	0.048244361
17.152	0.030199447	-5.8255375	0.044698332
17.28	0.030469404	-5.8262024	0.045898248
17.408	0.030018018	-5.8259363	0.046490399
17.536	0.030037042	-5.8258863	0.046208302
17.664	0.030228736	-5.8260445	0.048223102
17.792	0.030230553	-5.8260362	0.046091349
17.92	0.029943923	-5.8257447	0.04928952
18.048	0.030238709	-5.8260845	0.048524249
18.176	0.029493141	-5.8251339	0.050821301
18.304	0.030026009	-5.8259182	0.050528978
18.432	0.03009814	-5.8264704	0.048535301
18.56	0.029862221	-5.8262673	0.04878618
18.688	0.029810305	-5.8262771	0.047691561
18.816	0.029249638	-5.8255389	0.047106418
18.944	0.029912489	-5.8264025	0.043244854
19.072	0.030163656	-5.8269625	0.047055212
19.2	0.029776413	-5.8263143	0.047377369
19.328	0.029849017	-5.8268503	0.043459994
19.456	0.02986188	-5.8267427	0.042098805
19.584	0.029782202	-5.8269115	0.041071973
19.712	0.02914945	-5.8263495	0.044457703
19.84	0.029561414	-5.82625	0.04452382
19.968	0.029977883	-5.8267717	0.045249911
20.096	0.029559804	-5.8260924	0.047966811
20.224	0.029632349	-5.8262411	0.046753877
20.352	0.029434163	-5.8261466	0.046981287
20.48	0.029802724	-5.8265867	0.047474928
20.608	0.029842673	-5.8268745	0.046265004
20.736	0.029534804	-5.8261349	0.044680729
20.864	0.03013344	-5.826702	0.045124853
20.992	0.029665899	-5.8259393	0.047481793
21.12	0.029813541	-5.8262561	0.046685979
21.248	0.029973023	-5.8262451	0.045957723
21.376	0.02992589	-5.8263216	0.050112801
21.504	0.03029562	-5.8266023	0.04646103
21.632	0.03015019	-5.8266437	0.047294877
21.76	0.030855243	-5.827097	0.045275309
21.888	0.030129338	-5.8262106	0.046865453
22.016	0.030253082	-5.8264275	0.048978684
22.144	0.030054642	-5.826042	0.049696269
22.272	0.030528959	-5.8264936	0.04520434
22.4	0.030280965	-5.8259091	0.047416453
22.528	0.030007032	-5.8263269	0.048085191
22.656	0.029685721	-5.8256412	0.050381424
22.784	0.030367401	-5.8264465	0.050751844
22.912	0.030628014	-5.8266768	0.044457632
23.04	0.030059569	-5.8260588	0.051539333
23.168	0.030373114	-5.8262154	0.048208083
23.296	0.03083112	-5.8268828	0.046149473
23.424	0.030455966	-5.8264365	0.047240484
23.552	0.029869299	-5.8259896	0.046278475
23.68	0.030347297	-5.8266487	0.046350908
23.808	0.029775352	-5.8260871	0.046040456
23.936	0.030560959	-5.826912	0.044077053
24.064	0.030281349	-5.8270268	0.047213928
24.192	0.029832705	-5.8267196	0.046645298
24.32	0.030546414	-5.8272259	0.045147864
24.448	0.030248562	-5.8269002	0.047839567
24.576	0.02948695	-5.8263338	0.050099405
24.704	0.029738994	-5.8271885	0.050332103
24.832	0.029573073	-5.8270844	0.048070245
24.96	0.03012062	-5.827451	0.045374494
25.088	0.029466385	-5.8269615	0.04792471
25.216	0.030263517	-5.8275016	0.04267563
25.344	0.030093146	-5.8274508	0.042054153
25.472	0.029576157	-5.8275495	0.044376694
25.6	0.02987239	-5.8274021	0.043290676
25.728	0.029331304	-5.8269223	0.043869554
25.856	0.030077507	-5.8277952	0.045550629
25.984	0.030143239	-5.8277794	0.045643827
26.112	0.02953946	-5.8275989	0.047099532
26.24	0.029768659	-5.8281544	0.044830416
26.368	0.030443976	-5.8289398	0.043325796
26.496	0.029909585	-5.8281858	0.046481473
26.624	0.029539294	-5.8276202	0.046848925
26.752	0.030301789	-5.8283594	0.043158972
26.88	0.029664225	-5.8279668	0.043447163
27.008	0.030142894	-5.8286134	0.043932985
27.136	0.030073696	-5.8285507	0.041914087
27.264	0.029721191	-5.828007	0.039678498
27.392	0.029900482	-5.828165	0.042985965
27.52	0.030033322	-5.8284128	0.040333515
27.648	0.029734343	-5.8281956	0.038878678
27.776	0.029697425	-5.8278451	0.034515625
27.904	0.029894186	-5.8283789	0.04005214
28.032	0.029680759	-5.8279584	0.04048879
28.16	0.029951686	-5.8283423	0.036019082
28.288	0.030369752	-5.8288157	0.039117683
28.416	0.029834996	-5.8278852	0.040174585
28.544	0.030198673	-5.8283412	0.034377827
28.672	0.030030392	-5.8281347	0.039260175
28.8	0.029853966	-5.8278073	0.039770983
28.928	0.030056372	-5.8282383	0.040626875
29.056	0.03021889	-5.8281261	0.042176714
29.184	0.030043448	-5.828087	0.039228387
29.312	0.030240535	-5.8283275	0.040574039
29.44	0.029926593	-5.8286328	0.043226193
29.568	0.029848275	-5.828243	0.039636756
29.696	0.030322963	-5.8285019	0.03762412
29.824	0.030140914	-5.8287335	0.03579197
29.952	0.030205336	-5.8291499	0.035404386
30.08	0.029325774	-5.828197	0.040765849
30.208	0.029554128	-5.828293	0.036617181
30.336	0.030157075	-5.8289095	0.030673544
30.464	0.030195217	-5.8289106	0.034890937
30.592	0.030131895	-5.8288619	0.038777321
30.72	0.029880236	-5.8283929	0.037890774
30.848	0.030681181	-5.829591	0.035295854
30.976	0.030096576	-5.8290297	0.036285144
31.104	0.029990323	-5.8288347	0.038081421
31.232	0.030046262	-5.828896	0.036934366
31.36	0.030059694	-5.8287985	0.033530066
31.488	0.030195519	-5.8289839	0.037074745
31.616	0.030252711	-5.8291914	0.03869697
31.744	0.030272884	-5.8293164	0.038517587
31.872	0.029957888	-5.8291574	0.036392335
32	0.029326017	-5.8288108	0.037501893
32.128	0.030048544	-5.8293164	0.0347616
32.256	0.030396424	-5.8295105	0.03521432
32.384	0.030394178	-5.8299828	0.037149614
32.512	0.029825575	-5.8296801	0.037210811
32.64	0.030148791	-5.8301589	0.036664253
32.768	0.030048372	-5.8301811	0.037744227
32.896	0.029592656	-5.8296882	0.039611169
33.024	0.030137231	-5.8298366	0.038207973
33.152	0.02959668	-5.8291166	0.038060795
33.28	0.030155407	-5.8298586	0.039028575
33.408	0.029644974	-5.8296519	0.041865148
33.536	0.029261601	-5.8292873	0.041767309
33.664	0.029647199	-5.8298886	0.039045589
33.792	0.029727092	-5.8301182	0.039027362
33.92	0.02982435	-5.8299006	0.037461768
34.048	0.030306319	-5.8302527	0.035373512
34.176	0.029489293	-5.8294725	0.040510706
34.304	0.029837505	-5.8294968	0.039163715
34.432	0.029849791	-5.829734	0.038155098
34.56	0.029959047	-5.8300056	0.037377043
34.688	0.029674665	-5.8294967	0.036829306
34.816	0.02982757	-5.8296642	0.037628098
34.944	0.029639515	-5.8294976	0.038901621
35.072	0.029774881	-5.8293541	0.034271032
35.2	0.030174794	-5.8300059	0.033187089
35.328	0.030217569	-5.829687	0.038455389
35.456	0.030609252	-5.829895	0.036208737
35.584	0.029588484	-5.8291231	0.035681484
35.712	0.029887014	-5.8291962	0.039918439
35.84	0.030287898	-5.8294579	0.037174455
35.968	0.029921901	-5.8290433	0.040294939
36.096	0.030504655	-5.8298336	0.038643664
36.224	0.030543532	-5.8299485	0.033112403
36.352	0.029650347	-5.8292779	0.039951899
36.48	0.030124308	-5.8296687	0.039107971
36.608	0.030608384	-5.8302385	0.034276165
36.736	0.030154901	-5.8296426	0.03497504
36.864	0.02983697	-5.829246	0.036045261
36.992	0.03031294	-5.8297242	0.033265688
37.12	0.030136005	-5.8295639	0.034530164
37.248	0.030111165	-5.8298966	0.036276916
37.376	0.03038683	-5.8299974	0.036362618
37.504	0.030124454	-5.8301246	0.033886985
37.632	0.030291923	-5.8301588	0.03336899
37.76	0.02999468	-5.8296032	0.035870706
37.888	0.029808633	-5.8290884	0.034376339
38.016	0.030278181	-5.8295758	0.035337796
38.144	0.030292412	-5.8298429	0.034615153
38.272	0.029963099	-5.8298159	0.035949944
38.4	0.029800874	-5.8301354	0.034787702
38.528	0.029882917	-5.8300556	0.033660713
38.656	0.029692088	-5.8299642	0.035573406
38.784	0.029670497	-5.8298828	0.035405191
38.912	0.029699405	-5.830028	0.031299301
39.04	0.030171391	-5.8305595	0.03184738
39.168	0.029942501	-5.8300942	0.032940644
39.296	0.030123896	-5.8306693	0.032281717
39.424	0.029729272	-5.8306429	0.032561875
39.552	0.029384073	-5.8297797	0.035530852
39.68	0.029909637	-5.8302649	0.035115208
39.808	0.029238964	-5.8295855	0.041260267
39.936	0.029822081	-5.8303534	0.037356201
40.064	0.029893316	-5.8307952	0.034104309
40.192	0.02989194	-5.8305986	0.034502681
40.32	0.029919875	-5.8306789	0.034971649
40.448	0.029570878	-5.8304488	0.035937908
40.576	0.029905337	-5.8306789	0.037118473
40.704	0.029729852	-5.8304118	0.033033499
40.832	0.029771682	-5.8302613	0.030942937
40.96	0.029767498	-5.8302043	0.03205193
41.088	0.029836498	-5.8304872	0.033270463
41.216	0.030011109	-5.8306439	0.031733819
41.344	0.029969235	-5.8303407	0.030122357
41.472	0.02982349	-5.8304072	0.029696129
41.6	0.030008425	-5.8306933	0.030778299
41.728	0.02970187	-5.8300465	0.035139357
41.856	0.029968406	-5.8301997	0.03341646
41.984	0.030607404	-5.8308231	0.03074316
42.112	0.029783546	-5.8298281	0.034305914
42.24	0.029682365	-5.8299133	0.035304816
42.368	0.030165915	-5.8304001	0.031999174
42.496	0.030283771	-5.8305416	0.0309636
42.624	0.030023073	-5.8297395	0.034000862
42.752	0.029825804	-5.8294329	0.034795518
42.88	0.03034974	-5.8305604	0.028418772
43.008	0.029845827	-5.8296063	0.033788224
43.136	0.030140862	-5.8298433	0.032642839
43.264	0.030092004	-5.8298445	0.03597539
43.392	0.030783039	-5.8302704	0.033315558
43.52	0.030569723	-5.8305117	0.033849953
43.648	0.029911702	-5.8295336	0.037439643
43.776	0.030302792	-5.8299365	0.03565778
43.904	0.030793273	-5.8306701	0.032235176
44.032	0.03012803	-5.8299776	0.032870406
44.16	0.030116161	-5.8300013	0.032787572
44.288	0.030257821	-5.8300674	0.03555531
44.416	0.02949554	-5.8294526	0.036973654
44.544	0.030046232	-5.8300493	0.035349325
44.672	0.030009219	-5.8303878	0.034776846
44.8	0.029800389	-5.8303136	0.034187085
44.928	0.030198364	-5.8308079	0.030756963
45.056	0.029699257	-5.8302486	0.032850335
45.184	0.029846373	-5.8305047	0.036192434
45.312	0.029989796	-5.8301767	0.03517325
45.44	0.030094731	-5.8305246	0.033602288
45.568	0.029729916	-5.8303373	0.033924542
45.696	0.030807397	-5.8312488	0.033414016
45.824	0.029795063	-5.8301336	0.033596958
45.952	0.029967613	-5.8307929	0.026597959
46.08	0.030152995	-5.8307067	0.028970362
46.208	0.029868762	-5.8303587	0.035032447
46.336	0.029703411	-5.8303576	0.036554952
46.464	0.029780646	-5.830454	0.032403682
46.592	0.029591876	-5.8302785	0.032403998
46.72	0.029561739	-5.8302139	0.036685261
46.848	0.029294462	-5.830328	0.036062501
46.976	0.030152864	-5.8309648	0.030125125
47.104	0.03000539	-5.8306874	0.028994847
47.232	0.029850731	-5.8307052	0.030792238
47.36	0.030140651	-5.8312306	0.027248886
47.488	0.029933964	-5.8308722	0.031225539
47.616	0.029519108	-5.8303987	0.03349563
47.744	0.029437487	-5.8304162	0.035288095
47.872	0.029300019	-5.8301315	0.03305636
48	0.029784712	-5.8303376	0.034006752
48.128	0.030083835	-5.8307833	0.032838147
48.256	0.030060133	-5.8306431	0.033765814
48.384	0.030025457	-5.8306086	0.033772586
48.512	0.0301297	-5.8304206	0.036379774
48.64	0.030116089	-5.8303269	0.037195016
48.768	0.030097693	-5.8302286	0.037095647
48.896	0.030037076	-5.8302653	0.036119435
49.024	0.030525496	-5.8308151	0.033481347
49.152	0.029933305	-5.8298126	0.033809821
49.28	0.030444093	-5.8304699	0.035195171
49.408	0.030034072	-5.8298183	0.03664128
49.536	0.030230629	-5.830271	0.033585058
49.664	0.030424121	-5.8305394	0.033358929
49.792	0.030399941	-5.8307365	0.03297494
49.92	0.029771436	-5.8301833	0.035326221
50.048	0.030612162	-5.830647	0.030995025
50.176	0.030840106	-5.8309791	0.032819531
50.304	0.030513546	-5.8310957	0.032730931
50.432	0.030403533	-5.831105	0.034110206
50.56	0.030428681	-5.8309917	0.034794067
50.688	0.029860454	-5.8308188	0.033181383
50.816	0.030161627	-5.83138	0.031752654
50.944	0.029807352	-5.830992	0.034607776
51.072	0.029614861	-5.8307024	0.033504323
51.2	0.030337703	-5.8317003	0.031854006
51.328	0.030105966	-5.831369	0.029201201
51.456	0.029686246	-5.8311454	0.032502801
51.584	0.029942311	-5.8315684	0.033023417
51.712	0.029644132	-5.8314713	0.033158335
51.84	0.029305435	-5.8313897	0.031800764
51.968	0.029536663	-5.8314733	0.028101282
52.096	0.030092799	-5.831973	0.028775824
52.224	0.029622913	-5.8316846	0.031666153
52.352	0.029358957	-5.8314686	0.030623271
52.48	0.029593209	-5.8318513	0.028208949
52.608	0.02924656	-5.8314942	0.027956704
52.736	0.029688206	-5.8319197	0.030038971
52.864	0.029499624	-5.8317448	0.029966979
52.992	0.029433455	-5.8317547	0.028205057
53.12	0.029475626	-5.8317696	0.031174402
53.248	0.029237303	-5.8314897	0.032364998
53.376	0.029913792	-5.8319337	0.027268573
53.504	0.030119434	-5.8319428	0.027848842
53.632	0.029642466	-5.8317104	0.027230844
53.76	0.029853853	-5.8319414	0.027096094
53.888	0.029680965	-5.8313363	0.03090362
54.016	0.030307443	-5.8317309	0.032017728
54.144	0.0297137	-5.831143	0.034729425
54.272	0.029695977	-5.8311799	0.035432545
54.4	0.029986578	-5.831201	0.034862827
54.528	0.030582903	-5.831783	0.031022212
54.656	0.030134453	-5.8316991	0.031423667
54.784	0.030032634	-5.8311877	0.029120373
54.912	0.029963142	-5.8308189	0.030740278
55.04	0.030208806	-5.8310764	0.031738591
55.168	0.030252373	-5.831064	0.031922144
55.296	0.030333962	-5.8306926	0.032524906
55.424	0.030257168	-5.8307628	0.029938686
55.552	0.030125254	-5.8306689	0.033272282
55.68	0.030633897	-5.831046	0.034753673
55.808	0.030195411	-5.8306933	0.033494547
55.936	0.030475818	-5.8310215	0.029604517
56.064	0.030370319	-5.8307886	0.032861967
56.192	0.030445655	-5.8310424	0.030977657
56.32	0.030234563	-5.8308844	0.029655326
56.448	0.030372241	-5.8308908	0.032551133
56.576	0.030249371	-5.8305847	0.032570352
56.704	0.030396623	-5.830929	0.025657731
56.832	0.030033103	-5.8307352	0.029948329
56.96	0.030386362	-5.8311301	0.034185792
57.088	0.029682289	-5.8305886	0.031014038
57.216	0.030318405	-5.8314003	0.028144345
57.344	0.030134119	-5.8315159	0.024234465
57.472	0.029743242	-5.8310803	0.023671868
57.6	0.030136954	-5.8315333	0.023671941
57.728	0.030399762	-5.8321334	0.024759195
57.856	0.02989804	-5.8318455	0.027845409
57.984	0.030213226	-5.8323458	0.022876065
58.112	0.029209306	-5.8313256	0.028236898
58.24	0.030537589	-5.8325193	0.023684679
58.368	0.030206703	-5.8324539	0.025628253
58.496	0.030050326	-5.8325391	0.029315491
58.624	0.029828292	-5.8324668	0.029309617
58.752	0.030163933	-5.8325136	0.027034603
58.88	0.029346456	-5.8320534	0.027907354
59.008	0.029818032	-5.8326093	0.026057113
59.136	0.029412012	-5.8322286	0.031133072
59.264	0.029851668	-5.8329128	0.027627144
59.392	0.029366582	-5.8322579	0.027051282
59.52	0.029837956	-5.8328351	0.025193883
59.648	0.02946497	-5.8327644	0.027515998
59.776	0.029020077	-5.8320914	0.028324013
59.904	0.029685403	-5.8329256	0.028171219
60.032	0.029145411	-5.8323308	0.029796947
60.16	0.02962552	-5.8325823	0.025016434
60.288	0.029729206	-5.8328677	0.023212503
60.416	0.029577523	-5.8325996	0.026619923
60.544	0.029511111	-5.8323839	0.028852168
60.672	0.029593122	-5.8321614	0.028076473
60.8	0.029758854	-5.8325742	0.027526912
60.928	0.029431122	-5.8323278	0.02644214
61.056	0.030039014	-5.8327577	0.02655164
61.184	0.029929845	-5.8322057	0.027316104
61.312	0.029948194	-5.8323599	0.026315342
61.44	0.029896048	-5.8322275	0.029289435
61.568	0.029963391	-5.8321911	0.027161989
61.696	0.030194223	-5.8323137	0.027615032
61.824	0.029977398	-5.8323461	0.030363292
61.952	0.030125357	-5.8320661	0.030467454
62.08	0.03029029	-5.831838	0.02610343
62.208	0.03016763	-5.8315516	0.03005734
62.336	0.030193899	-5.8316418	0.028231547
62.464	0.030628758	-5.8320254	0.022716643
62.592	0.030219216	-5.8314018	0.028047866
62.72	0.030545441	-5.8318425	0.029453964
62.848	0.030693659	-5.8319126	0.027812976
62.976	0.030140606	-5.8313695	0.028801466
63.104	0.030222367	-5.8315124	0.027815875
63.232	0.030490905	-5.8320175	0.028487154
63.36	0.030350512	-5.8320656	0.027692233
63.488	0.030278118	-5.8319315	0.029715132
63.616	0.03070806	-5.8323123	0.030839026
63.744	0.030171816	-5.8317422	0.033486406
63.872	0.030587245	-5.8325503	0.029884706
64	0.030493339	-5.8323591	0.026983116
64.128	0.030349378	-5.8323641	0.027121304
64.256	0.029863415	-5.8322723	0.027754641
64.384	0.030525447	-5.8328696	0.024446847
64.512	0.03028095	-5.8328508	0.027444206
64.64	0.029535263	-5.8320629	0.025307192
64.768	0.030173902	-5.8328081	0.024606153
64.896	0.029562466	-5.832585	0.028443178
65.024	0.0299145	-5.8332082	0.027837797
65.152	0.029637142	-5.833047	0.029737483
65.28	0.029699523	-5.8328662	0.029845126
65.408	0.029499254	-5.8331201	0.029662675
65.536	0.029457248	-5.8333253	0.024771211
65.664	0.029898641	-5.8336163	0.022532593
65.792	0.029516043	-5.833315	0.025788359
65.92	0.029106633	-5.8330548	0.024405681
66.048	0.029958212	-5.8339877	0.023542708
66.176	0.029436421	-5.8333535	0.027860237
66.304	0.029138031	-5.832986	0.024925689
66.432	0.029400244	-5.8334489	0.026177399
66.56	0.029735022	-5.833883	0.025902383
66.688	0.029485116	-5.8332254	0.023772627
66.816	0.029389578	-5.8331842	0.024562943
66.944	0.029523536	-5.8332502	0.029058974
67.072	0.029599855	-5.8334864	0.02888377
67.2	0.029998037	-5.833629	0.024667907
67.328	0.029916508	-5.8333398	0.024592458
67.456	0.029715373	-5.8330383	0.029062838
67.584	0.030002238	-5.8330241	0.027956422
67.712	0.029269749	-5.8327207	0.029649895
67.84	0.029721708	-5.8330615	0.026588731
67.968	0.03019229	-5.8332206	0.024256404
68.096	0.030200367	-5.8330909	0.026265638
68.224	0.029905122	-5.8329718	0.0295887
68.352	0.030394386	-5.8330787	0.028665204
68.48	0.030287869	-5.8327207	0.026912069
68.608	0.029910974	-5.832179	0.029627188
68.736	0.030145906	-5.8322801	0.027657561
68.864	0.030571744	-5.8324397	0.027029586
68.992	0.030754126	-5.8327489	0.029051012
69.12	0.030586836	-5.8323579	0.029356682
69.248	0.030292042	-5.8320837	0.024773856
69.376	0.030656727	-5.8321806	0.025228093
69.504	0.030548112	-5.8325129	0.027672511
69.632	0.030585105	-5.8324741	0.027952521
69.76	0.030951483	-5.8329257	0.027343691
69.888	0.030504406	-5.8327056	0.029240872
70.016	0.030281151	-5.8321465	0.025488494
70.144	0.030122066	-5.8323549	0.025446001
70.272	0.030056286	-5.8322016	0.027010219
70.4	0.030069122	-5.8323883	0.027220306
70.528	0.030285718	-5.8330304	0.026777772
70.656	0.030459528	-5.8330712	0.026745161
70.784	0.030224328	-5.8329685	0.029840852
70.912	0.030371236	-5.8329529	0.024114434
71.04	0.02974961	-5.8324806	0.027064961
71.168	0.029929082	-5.8327167	0.027420348
71.296	0.030019758	-5.8331174	0.028329373
71.424	0.02947556	-5.8327374	0.025609054
71.552	0.029853098	-5.8330646	0.027613228
71.68	0.029775647	-5.8331629	0.030260077
71.808	0.02945063	-5.8331336	0.029349955
71.936	0.029896538	-5.8335731	0.025743728
72.064	0.029360793	-5.8332547	0.026476187
72.192	0.029249493	-5.8330901	0.027025185
72.32	0.030199583	-5.8339969	0.019592428
72.448	0.029587876	-5.8334483	0.024745519
72.576	0.029479768	-5.8333567	0.02670583
72.704	0.029443161	-5.8333587	0.020969661
72.832	0.029233123	-5.8330376	0.022421735
72.96	0.029690896	-5.8333891	0.026687097
73.088	0.029369415	-5.833365	0.025196412
73.216	0.029762683	-5.8335496	0.026740227
73.344	0.029636375	-5.8335439	0.03081117
73.472	0.02970741	-5.833315	0.027129462
73.6	0.029621613	-5.8329891	0.025525054
73.728	0.029583862	-5.8328676	0.026083329
73.856	0.029908809	-5.8331843	0.025148968
73.984	0.029917362	-5.833334	0.026997984
74.112	0.030121095	-5.8331108	0.02488745
74.24	0.03013852	-5.8332492	0.023199849
74.368	0.029885466	-5.8326323	0.0251712
74.496	0.030272603	-5.833138	0.024567105
74.624	0.029835226	-5.8324733	0.024471847
74.752	0.030549351	-5.8329658	0.023906567
74.88	0.030251226	-5.8323737	0.028540502
75.008	0.030470503	-5.8324598	0.026494597
75.136	0.030226389	-5.8320858	0.025071509
75.264	0.030644964	-5.8324826	0.026862291
75.392	0.03019619	-5.8321456	0.0275466
75.52	0.030293854	-5.8323978	0.026996137
75.648	0.030778729	-5.8326293	0.029268443
75.776	0.030664718	-5.8325878	0.028567839
75.904	0.030453199	-5.8325986	0.031841644
76.032	0.030363146	-5.832284	0.03105969
76.16	0.030386177	-5.8323101	0.02850199
76.288	0.030588937	-5.8326087	0.028128865
76.416	0.029858152	-5.8321543	0.028714588
76.544	0.030430451	-5.8328064	0.028320604
76.672	0.030367297	-5.8328522	0.029449609
76.8	0.030088896	-5.8324774	0.029628591
76.928	0.030563442	-5.8335393	0.026558025
77.056	0.030145557	-5.8328513	0.027986015
77.184	0.029454998	-5.8321587	0.028495566
77.312	0.030392678	-5.8335768	0.024032713
77.44	0.030216716	-5.8332727	0.025829404
77.568	0.029846901	-5.8327589	0.027072139
77.696	0.029561038	-5.8330168	0.02653009
77.824	0.029814243	-5.8333776	0.023835406
77.952	0.029237853	-5.8328336	0.029558074
78.08	0.029271486	-5.8332861	0.026533243
78.208	0.030049541	-5.8339278	0.023009026
78.336	0.029874812	-5.8341288	0.026555252
78.464	0.028936487	-5.8333023	0.029806606
78.592	0.029623417	-5.8338124	0.027657328
78.72	0.029733323	-5.8338111	0.023049308
78.848	0.029297226	-5.8334065	0.023748948
78.976	0.029486387	-5.8335881	0.025180757
79.104	0.029851789	-5.8341664	0.021100079
79.232	0.029314496	-5.8332358	0.025708575
79.36	0.029341536	-5.8329822	0.024622944
79.488	0.029519941	-5.8328018	0.020655433
79.616	0.030444824	-5.8338812	0.021414494
79.744	0.029704558	-5.8330929	0.023902429
79.872	0.029612634	-5.8331544	0.025579981
80	0.029716636	-5.8335275	0.023437786
80.128	0.030223733	-5.8337492	0.024024142
80.256	0.029944283	-5.8331524	0.028277673
80.384	0.029757044	-5.8329028	0.029114578
80.512	0.029951901	-5.8331415	0.024224364
80.64	0.030088374	-5.8329722	0.024583054
80.768	0.030465404	-5.8330878	0.024739047
80.896	0.030256433	-5.8328276	0.023574888
81.024	0.030177846	-5.8326725	0.025688909
81.152	0.030577261	-5.8332589	0.027530328
81.28	0.030575802	-5.8331061	0.026045001
81.408	0.03008428	-5.8322322	0.027951086
81.536	0.030417956	-5.8321789	0.02837817
81.664	0.030535282	-5.832267	0.026023184
81.792	0.030777292	-5.8323778	0.025204347
81.92	0.03060659	-5.8324363	0.027382821
82.048	0.030342391	-5.8321205	0.028017233
82.176	0.031323696	-5.8331609	0.025109325
82.304	0.03000423	-5.8319915	0.032094446
82.432	0.030211925	-5.8325031	0.029746078
82.56	0.030338588	-5.8325057	0.028320378
82.688	0.030210021	-5.8327136	0.027764608
82.816	0.030416556	-5.8330998	0.028978806
82.944	0.030480396	-5.8330502	0.029934463
83.072	0.030520069	-5.8331978	0.02370686
83.2	0.030116409	-5.8331341	0.025069724
83.328	0.029618059	-5.8327654	0.024256237
83.456	0.029748727	-5.8328652	0.018766675
83.584	0.030163509	-5.8335365	0.022461528
83.712	0.029546549	-5.8332574	0.027533465
83.84	0.029999678	-5.8336432	0.027091337
83.968	0.029939548	-5.8333901	0.023653407
84.096	0.029909814	-5.8333756	0.019432085
84.224	0.029352174	-5.8331891	0.025720973
84.352	0.02959193	-5.8328337	0.025439576
84.48	0.029421135	-5.8332496	0.026235258
84.608	0.029509567	-5.8333277	0.027341263
84.736	0.029488231	-5.8334035	0.024205342
84.864	0.029884936	-5.8335737	0.020541607
84.992	0.029558709	-5.833397	0.023089951
85.12	0.028925731	-5.8326332	0.026685728
85.248	0.029539311	-5.8335253	0.024248924
85.376	0.029428249	-5.8336297	0.023926774
85.504	0.029500026	-5.8332919	0.027425097
85.632	0.029653309	-5.8335011	0.025926034
85.76	0.029621097	-5.8335104	0.026222023
85.888	0.0295971	-5.8334778	0.026001392
86.016	0.029665777	-5.8332912	0.026343427
86.144	0.03009137	-5.8336501	0.026004005
86.272	0.029794918	-5.8331025	0.028791697
86.4	0.029687783	-5.8328959	0.029913474
86.528	0.029597325	-5.8326177	0.026398205
86.656	0.030159602	-5.8328436	0.027297171
86.784	0.030183771	-5.8330532	0.028187722
86.912	0.030219625	-5.8332392	0.027109545
87.04	0.029750904	-5.832487	0.030011514
87.168	0.030569183	-5.833258	0.028449575
87.296	0.029877721	-5.8320958	0.029838541
87.424	0.030394909	-5.8325406	0.027458188
87.552	0.030491921	-5.8326222	0.027654253
87.68	0.030881495	-5.8330499	0.025667507
87.808	0.030343678	-5.8325669	0.026606059
87.936	0.030428045	-5.8324813	0.026356232
88.064	0.030506955	-5.8325195	0.026894557
88.192	0.030514136	-5.8324057	0.030292268
88.32	0.030348986	-5.8321968	0.027203868
88.448	0.030459509	-5.8325152	0.025505768
88.576	0.03016186	-5.8327548	0.026437225
88.704	0.03055911	-5.8330623	0.026141242
88.832	0.030740739	-5.832724	0.023012329
88.96	0.030719987	-5.8333085	0.024485773
89.088	0.030382272	-5.8331103	0.030187213
89.216	0.029863206	-5.8325392	0.03033829
89.344	0.030096665	-5.832526	0.028433271
89.472	0.03015177	-5.832989	0.028122255
89.6	0.030019069	-5.8329351	0.026002493
89.728	0.029938458	-5.8332268	0.025879817
89.856	0.030241745	-5.8336913	0.025379799
89.984	0.029628278	-5.8329486	0.024309708
90.112	0.029897359	-5.8333565	0.023819799
90.24	0.030109225	-5.8340651	0.024457643
90.368	0.029585238	-5.833681	0.024299794
90.496	0.029421063	-5.8333171	0.023340103
90.624	0.029505241	-5.8335985	0.024912982
90.752	0.02885491	-5.8330365	0.023846704
90.88	0.029883054	-5.8344918	0.021797371
91.008	0.029470823	-5.8333818	0.024211888
91.136	0.029609462	-5.8337581	0.022692463
91.264	0.029439134	-5.833586	0.022390248
91.392	0.029707343	-5.8338101	0.023463042
91.52	0.029245975	-5.8333436	0.029139887
91.648	0.029964238	-5.8341824	0.02315649
91.776	0.028982939	-5.833126	0.022161135
91.904	0.029435974	-5.8333023	0.02201472
92.032	0.029483348	-5.8334855	0.02667311
92.16	0.029704444	-5.8338893	0.02486988
92.288	0.029694061	-5.8336082	0.024187305
92.416	0.029930267	-5.8337409	0.025688565
92.544	0.029924432	-5.8333486	0.025669722
92.672	0.029627634	-5.832861	0.026507112
92.8	0.029726567	-5.832851	0.026025781
92.928	0.030155628	-5.8332456	0.024361342
93.056	0.03020817	-5.8333788	0.022267119
93.184	0.029843663	-5.8328199	0.023894867
93.312	0.030310251	-5.8334012	0.024439868
93.44	0.030421816	-5.8333875	0.024457186
93.568	0.029798948	-5.8326081	0.029378504
93.696	0.030371686	-5.8330531	0.02866325
93.824	0.030197447	-5.8325313	0.027594366
93.952	0.030485202	-5.8328647	0.025075343
94.08	0.030398662	-5.8325659	0.030090369
94.208	0.030676066	-5.8330612	0.025919423
94.336	0.030513299	-5.8328819	0.025451943
94.464	0.031058796	-5.8331355	0.027850534
94.592	0.030296722	-5.8325224	0.029982086
94.72	0.030462001	-5.8326921	0.031023035
94.848	0.030936838	-5.8329879	0.025192458
94.976	0.030914027	-5.8330769	0.024407412
95.104	0.030498319	-5.8324573	0.027148866
95.232	0.030337156	-5.8323895	0.028268005
95.36	0.030309242	-5.8326399	0.026790869
95.488	0.030345478	-5.8326965	0.024901771
95.616	0.03023728	-5.8328357	0.026615125
95.744	0.030414315	-5.8335209	0.026427662
95.872	0.030530065	-5.8339099	0.02541398
96	0.030268677	-5.8334104	0.023423674
96.128	0.029337463	-5.8329503	0.031631502
96.256	0.03068058	-5.8344775	0.025749482
96.384	0.029705833	-5.8334243	0.023680032
96.512	0.029898517	-5.8336625	0.027954224
96.64	0.029682445	-5.8335939	0.02707825
96.768	0.02940642	-5.8337932	0.024657394
96.896	0.030062133	-5.834536	0.023643038
97.024	0.029210187	-5.8338216	0.02424337
97.152	0.029388728	-5.8341357	0.020874016
97.28	0.029422069	-5.8339697	0.024387889
97.408	0.029120211	-5.8334804	0.025875331
97.536	0.029635766	-5.8342403	0.023913852
97.664	0.029327608	-5.8340863	0.022599467
97.792	0.029861701	-5.8346243	0.021641677
97.92	0.028978361	-5.8332633	0.025430149
98.048	0.028809129	-5.8330831	0.026641374
98.176	0.029798718	-5.8345167	0.022787067
98.304	0.02972721	-5.8339717	0.02497528
98.432	0.029585926	-5.8337609	0.027846121
98.56	0.029739302	-5.8338193	0.024361365
98.688	0.029146427	-5.8333867	0.02859781
98.816	0.02987599	-5.8339615	0.024895949
98.944	0.029426372	-5.8330493	0.023606174
99.072	0.030187088	-5.8336222	0.024569525
99.2	0.029670885	-5.8330893	0.029490151
99.328	0.029968368	-5.8330095	0.023610356
99.456	0.030209984	-5.833236	0.025886886
99.584	0.030363095	-5.8333107	0.024855943
99.712	0.030015809	-5.8329641	0.026363673
99.84	0.030357093	-5.8328827	0.026610036
99.968	0.030897887	-5.8333136	0.025348254
100.096	0.030440434	-5.8328296	0.029240789
100.224	0.030224865	-5.8323515	0.02868106
100.352	0.0302443	-5.8323903	0.027496778
100.48	0.031075477	-5.8329258	0.024732549
100.608	0.030211246	-5.831875	0.030749911
100.736	0.030651432	-5.8325414	0.029029226
100.864	0.030227879	-5.8320867	0.02689474
100.992	0.031283522	-5.8332372	0.02317168
101.12	0.03052722	-5.8324752	0.022099064
101.248	0.030383706	-5.8326503	0.024118085
101.376	0.030841236	-5.8331789	0.027230062
101.504	0.030040671	-5.8327932	0.026956185
101.632	0.030052945	-5.8327564	0.027683846
101.76	0.030130468	-5.8328035	0.029010639
101.888	0.030663999	-5.8332248	0.02921988
102.016	0.029979331	-5.8327641	0.027404064
102.144	0.030142028	-5.832841	0.025985208
102.272	0.030500619	-5.8338867	0.025398346
102.4	0.029713079	-5.8330858	0.026498307
102.528	0.030206699	-5.8340749	0.026778761
102.656	0.030258061	-5.8342966	0.027424465
102.784	0.029833635	-5.8336903	0.022565693
102.912	0.03021638	-5.8343936	0.019608449
103.04	0.029749922	-5.8338812	0.023475624
103.168	0.02969224	-5.8340519	0.021346815
103.296	0.029016011	-5.8337085	0.026780413
103.424	0.029832789	-5.8346245	0.025610271
103.552	0.029571281	-5.8341257	0.02166388
103.68	0.029365007	-5.8342996	0.022178559
103.808	0.029393981	-5.8345168	0.025471841
103.936	0.02978248	-5.8348325	0.025469907
104.064	0.029580467	-5.8346917	0.022399222
104.192	0.029412409	-5.834559	0.025248919
104.32	0.029331882	-5.834518	0.023710729
104.448	0.029493237	-5.8351443	0.022892172
104.576	0.029040386	-5.8345826	0.025748111
104.704	0.028915284	-5.8341943	0.028170458
104.832	0.029191765	-5.8344228	0.026284139
104.96	0.029679788	-5.8349479	0.020243083
105.088	0.029527552	-5.8347525	0.024509499
105.216	0.0294793	-5.8346958	0.026863189
105.344	0.030003461	-5.8349053	0.022724014
105.472	0.029133444	-5.8338117	0.024671887
105.6	0.029762007	-5.8341628	0.024405801
105.728	0.030552035	-5.834541	0.019402964
105.856	0.029697929	-5.8336048	0.025877055
105.984	0.029712041	-5.8334515	0.026273003
106.112	0.030301581	-5.8340557	0.017569035
106.24	0.029857503	-5.8335376	0.022132402
106.368	0.030225734	-5.8337318	0.025430982
106.496	0.03051106	-5.833554	0.022848079
106.624	0.030372474	-5.8336788	0.026058595
106.752	0.029956056	-5.8330632	0.028551949
106.88	0.030448076	-5.8330502	0.027122436
107.008	0.0306581	-5.8333735	0.026277746
107.136	0.03048187	-5.8332033	0.026929858
107.264	0.030667792	-5.833316	0.027634663
107.392	0.030989346	-5.833557	0.023691808
107.52	0.030520532	-5.8333021	0.027834439
107.648	0.030896389	-5.8336552	0.026432023
107.776	0.030778879	-5.8334105	0.023446301
107.904	0.03035225	-5.8330498	0.027694499
108.032	0.030565854	-5.8332464	0.029246171
108.16	0.030439469	-5.8333492	0.025047172
108.288	0.02996978	-5.8331518	0.026934514
108.416	0.030192	-5.8331835	0.027432583
108.544	0.030681058	-5.8336967	0.027980805
108.672	0.030207347	-5.8332645	0.027154078
108.8	0.030386496	-5.833845	0.024074736
108.928	0.029979979	-5.833547	0.025117458
109.056	0.030025036	-5.8339214	0.022679629
109.184	0.030298488	-5.834511	0.023901672
109.312	0.030083521	-5.8342235	0.023845006
109.44	0.030363193	-5.8346231	0.023077845
109.568	0.029804206	-5.8340428	0.023613439
109.696	0.029696981	-5.8341972	0.0227339
109.824	0.029360974	-5.8338867	0.023432749
109.952	0.029059776	-5.8334008	0.025398594
110.08	0.029728845	-5.8345313	0.026404716
110.208	0.029388993	-5.8342721	0.023975252
110.336	0.029727597	-5.8347138	0.021964026
110.464	0.02961448	-5.8349427	0.023698928
110.592	0.029283459	-5.83434	0.023874192
110.72	0.029402719	-5.8346527	0.024253937
110.848	0.029282667	-5.834591	0.021046673
110.976	0.029185891	-5.8344959	0.023279327
111.104	0.029284641	-5.8346307	0.024676271
111.232	0.02928561	-5.834384	0.022602919
111.36	0.029644535	-5.8345687	0.025123489
111.488	0.029595066	-5.8347178	0.02600722
111.616	0.029427438	-5.8345568	0.025698756
111.744	0.029746293	-5.8346512	0.023689301
111.872	0.029810947	-5.8345071	0.021398518
112	0.029990145	-5.8345299	0.020702891
112.128	0.02969181	-5.8339307	0.024412811
112.256	0.029384756	-5.8336079	0.02541927
112.384	0.030383689	-5.834331	0.028641137
112.512	0.029719105	-5.8338481	0.029175784
112.64	0.030139706	-5.8338556	0.025178109
112.768	0.030045467	-5.8335651	0.025737109
112.896	0.030265446	-5.8336728	0.029103673
113.024	0.030714941	-5.8340948	0.023117365
113.152	0.030353443	-5.8334515	0.023647376
113.28	0.030521534	-5.8333166	0.024840309
113.408	0.030140471	-5.8329191	0.02982929
113.536	0.030495934	-5.8331311	0.029418019
113.664	0.030976506	-5.8332704	0.027750099
113.792	0.030424073	-5.8330335	0.028520166
113.92	0.030817804	-5.8337672	0.024088166
114.048	0.030972769	-5.8337953	0.023594011
114.176	0.030386827	-5.8332015	0.025377589
114.304	0.030729262	-5.8334453	0.026116398
114.432	0.030120729	-5.833019	0.029138371
114.56	0.030611307	-5.8333038	0.027533424
114.688	0.030642974	-5.8334776	0.023869767
114.816	0.030219792	-5.8330058	0.02568354
114.944	0.030464684	-5.8337046	0.022673858
115.072	0.030010081	-5.8335804	0.024356595
115.2	0.030687496	-5.834606	0.023746476
115.328	0.030034606	-5.833932	0.0225422
115.456	0.02970966	-5.8335439	0.02238008
115.584	0.029942335	-5.8341947	0.023305933
115.712	0.030127919	-5.8342871	0.027031149
115.84	0.029777471	-5.8339399	0.026130971
115.968	0.029818338	-5.8342454	0.023623733
116.096	0.029665047	-5.8344913	0.022064879
116.224	0.028942219	-5.8338138	0.024727593
116.352	0.029569557	-5.8346527	0.027215519
116.48	0.029819105	-5.8351029	0.024544229
116.608	0.029490152	-5.8347118	0.022363149
116.736	0.029329561	-5.8345325	0.023024434
116.864	0.02930387	-5.834507	0.023129802
116.992	0.029547496	-5.8346114	0.02060055
117.12	0.029093843	-5.8339799	0.024852667
117.248	0.029257904	-5.834392	0.024842229
117.376	0.029736186	-5.8347424	0.026997699
117.504	0.028834139	-5.8338897	0.030794067
117.632	0.029230641	-5.8344918	0.023148774
117.76	0.029127248	-5.8341761	0.025701043
117.888	0.029787697	-5.8346068	0.02632641
118.016	0.029457731	-5.8344713	0.027302896
118.144	0.029765081	-5.8347589	0.025983393
118.272	0.029250771	-5.8337238	0.026117045
118.4	0.030602364	-5.8349924	0.021722071
118.528	0.029666799	-5.8337894	0.028377009
118.656	0.029918441	-5.8340106	0.027148418
118.784	0.030061183	-5.8339132	0.024792715
118.912	0.030048042	-5.8336802	0.02703487
119.04	0.030721829	-5.834129	0.026816882
119.168	0.030454288	-5.8340908	0.025365615
119.296	0.029624471	-5.8329964	0.025011378
119.424	0.030597334	-5.8335455	0.023765
119.552	0.030445863	-5.8333344	0.029209524
119.68	0.030335452	-5.8331693	0.027313902
119.808	0.030858978	-5.8330792	0.027430767
119.936	0.030838438	-5.8333606	0.026444583
120.064	0.030834465	-5.833602	0.02445819
120.192	0.030661005	-5.8337186	0.027317075
120.32	0.03067631	-5.8333952	0.024240392
120.448	0.030611711	-5.8334756	0.023247053
120.576	0.030496917	-5.8335458	0.025196112
120.704	0.0302161	-5.8328669	0.022617223
120.832	0.030390633	-5.833214	0.024590033
120.96	0.030316496	-5.8331995	0.023418067
121.088	0.030542818	-5.8334222	0.022044411
121.216	0.030749166	-5.8338879	0.021855434
121.344	0.029871056	-5.83307	0.023226536
121.472	0.030132276	-5.8339098	0.024088145
121.6	0.030647306	-5.8344403	0.026231256
121.728	0.029739534	-5.8341219	0.026719207
121.856	0.029995621	-5.8341247	0.024990884
121.984	0.030094546	-5.8343128	0.023596008
122.112	0.030179113	-5.8343483	0.021104533
122.24	0.030253368	-5.8345684	0.023802998
122.368	0.029371393	-5.8339632	0.02675287
122.496	0.02949735	-5.8342196	0.025775093
122.624	0.029038878	-5.8340495	0.023851461
122.752	0.030088786	-5.8351098	0.018951076
122.88	0.02941451	-5.8345804	0.021845934
123.008	0.028909563	-5.8338434	0.023488277
123.136	0.029472005	-5.83461	0.021579628
123.264	0.029906925	-5.8349637	0.020336996
123.392	0.0291121	-5.834132	0.027095825
123.52	0.029831467	-5.8350011	0.024940608
123.648	0.029113287	-5.8344174	0.024860502
123.776	0.029455552	-5.8343518	0.023270336
123.904	0.029496879	-5.8344649	0.023758028
124.032	0.02905654	-5.8336217	0.024277698
124.16	0.03029556	-5.8349672	0.021775068
124.288	0.029409963	-5.8341345	0.028028993
124.416	0.029979318	-5.8347023	0.025643948
124.544	0.029652956	-5.8338222	0.026434019
124.672	0.029761889	-5.8338296	0.022998311
124.8	0.029393362	-5.8337035	0.02416558
124.928	0.030127589	-5.8340518	0.023408462
125.056	0.030301342	-5.8340227	0.024328828
125.184	0.029915698	-5.833452	0.025161378
125.312	0.029925383	-5.8335556	0.025567143
125.44	0.030470975	-5.8340723	0.026934548
125.568	0.030135265	-5.8332825	0.025564223
125.696	0.030406068	-5.8333903	0.024410151
125.824	0.03012387	-5.83298	0.029458727
125.952	0.030643639	-5.8333003	0.026851846
126.08	0.030672925	-5.8336454	0.026407389
126.208	0.030784828	-5.8338042	0.025175298
126.336	0.030223145	-5.8331658	0.0267017
126.464	0.030257696	-5.8333159	0.025721801
126.592	0.031049316	-5.8337695	0.026586984
126.72	0.030369966	-5.8332963	0.02687353
126.848	0.031459662	-5.8343444	0.019615994
126.976	0.030446701	-5.8327949	0.02759419
127.104	0.030150572	-5.8329933	0.029290324
127.232	0.029817864	-5.8327452	0.026658769
127.36	0.030572299	-5.8336464	0.025301793
127.488	0.030148544	-5.8330979	0.023134263
127.616	0.030361319	-5.8334528	0.021534714
127.744	0.030571358	-5.8337043	0.024660475
127.872	0.03046902	-5.833993	0.024453573
128	0.02993759	-5.8336132	0.024991532
128.128	0.029700709	-5.8334174	0.026253108
128.256	0.030315818	-5.8342082	0.024147448
128.384	0.029953938	-5.8339731	0.022703861
128.512	0.0298217	-5.8341311	0.023828326
128.64	0.029580095	-5.8340905	0.024619878
128.768	0.029756086	-5.8342851	0.027759296
128.896	0.029572521	-5.83431	0.023382455
129.024	0.029820916	-5.8346228	0.023572861
129.152	0.029550605	-5.8342421	0.02607866
129.28	0.029582673	-5.834683	0.023272092
129.408	0.029127164	-5.8341362	0.02505381
129.536	0.029345025	-5.83442	0.021867446
129.664	0.029493373	-5.8345507	0.023327179
129.792	0.02969263	-5.8348895	0.021084323
129.92	0.02919239	-5.8344519	0.02155671
130.048	0.029902654	-5.8352099	0.020901208
130.176	0.02903157	-5.8339166	0.026725391
130.304	0.029669302	-5.8345871	0.023125533
130.432	0.029436687	-5.8343337	0.023788092
130.56	0.029616441	-5.8343025	0.021074078
130.688	0.030115114	-5.8349787	0.01893977
130.816	0.029118786	-5.8338465	0.024575075
130.944	0.029990368	-5.8344249	0.023583788
131.072	0.029748482	-5.8341305	0.028183392
131.2	0.030099478	-5.8340239	0.029057643
131.328	0.029602748	-5.8335973	0.026228952
131.456	0.030110771	-5.8340679	0.02128078
131.584	0.030419285	-5.8343172	0.017577836
131.712	0.030389989	-5.8339192	0.022792302
131.84	0.030105941	-5.833364	0.027359682
131.968	0.030461525	-5.8335399	0.025275389
132.096	0.03073393	-5.8337941	0.02484496
132.224	0.030961267	-5.8338357	0.027890505
132.352	0.030458358	-5.8334377	0.030039502
132.48	0.030327402	-5.8332349	0.026585843
132.608	0.030431568	-5.8331932	0.027155584
132.736	0.030491004	-5.8333752	0.031488738
132.864	0.030548544	-5.8333786	0.029758861
132.992	0.030596377	-5.8333802	0.025809151
133.12	0.030622033	-5.8338008	0.027291849
133.248	0.030683027	-5.8339057	0.024524757
133.376	0.030133815	-5.8332118	0.026575943
133.504	0.030154463	-5.8334154	0.02978589
133.632	0.030798472	-5.8341738	0.027349349
133.76	0.030691066	-5.8343548	0.026222819
133.888	0.030500312	-5.833731	0.025888887
134.016	0.029547248	-5.8330077	0.024336099
134.144	0.030454648	-5.8337575	0.020215871
134.272	0.030434236	-5.8340845	0.025610104
134.4	0.029901244	-5.8339028	0.027965717
134.528	0.029976034	-5.8336983	0.024770236
134.656	0.029697199	-5.8337439	0.023385557
134.784	0.029930333	-5.8342966	0.02469227
134.912	0.02988859	-5.8344251	0.028193979
135.04	0.029599271	-5.8343533	0.025323023
135.168	0.029442978	-5.8339554	0.026094833
135.296	0.03004838	-5.8345392	0.025875381
135.424	0.029561436	-5.8344211	0.02236117
135.552	0.029424366	-5.8346457	0.020829636
135.68	0.029037884	-5.8343634	0.025386008
135.808	0.029729085	-5.8349651	0.019265388
135.936	0.029377756	-5.8346446	0.020162552
136.064	0.029217855	-5.834495	0.020978856
136.192	0.029275317	-5.8346112	0.022983033
136.32	0.029404445	-5.834565	0.023525811
136.448	0.029288521	-5.8341978	0.02176234
136.576	0.029476146	-5.8345577	0.021068099
136.704	0.029848531	-5.8350717	0.020615922
136.832	0.028986859	-5.8339155	0.027080731
136.96	0.029690998	-5.8344433	0.024935613
137.088	0.029473309	-5.8341486	0.024938804
137.216	0.029909622	-5.8347531	0.020315131
137.344	0.029948548	-5.8344289	0.022945151
137.472	0.029939232	-5.8343023	0.025812188
137.6	0.029561695	-5.8335339	0.025915749
137.728	0.03038338	-5.834272	0.023953227
137.856	0.030218435	-5.8335715	0.026019321
137.984	0.029981116	-5.8337688	0.025029633
138.112	0.030055985	-5.833569	0.026174142
138.24	0.030842772	-5.8342004	0.026623542
138.368	0.03012512	-5.8334269	0.027840318
138.496	0.030324671	-5.8330897	0.028977528
138.624	0.03046671	-5.8331732	0.026560238
138.752	0.030311603	-5.8328863	0.025444278
138.88	0.03055989	-5.8331155	0.025539597
139.008	0.030179501	-5.8331708	0.027347774
139.136	0.030817915	-5.8337424	0.027861039
139.264	0.030808137	-5.8336263	0.025251831
139.392	0.030716051	-5.8334576	0.025504422
139.52	0.029844582	-5.8327299	0.030905727
139.648	0.031172851	-5.8341719	0.02550676
139.776	0.030288982	-5.8335669	0.024517425
139.904	0.03060405	-5.8337412	0.023562634
140.032	0.030536333	-5.8333748	0.027383401
140.16	0.03024664	-5.8333508	0.028493195
140.288	0.030256328	-5.8334458	0.027924797
140.416	0.030358264	-5.8338538	0.024725806
140.544	0.030088425	-5.8339688	0.02698937
140.672	0.03016553	-5.8340185	0.024934356
140.8	0.029558262	-5.833378	0.024296054
140.928	0.030142955	-5.8339157	0.021548971
141.056	0.029432538	-5.8336469	0.025112013
141.184	0.029436958	-5.8338195	0.025738422
141.312	0.02982059	-5.8343265	0.02254604
141.44	0.029924623	-5.8346442	0.023191214
141.568	0.028932917	-5.8336624	0.027121579
141.696	0.029826702	-5.8348643	0.024330358
141.824	0.029514612	-5.8346632	0.024010954
141.952	0.02993907	-5.8351975	0.019302268
142.08	0.029356721	-5.8344892	0.023203565
142.208	0.029224243	-5.8348584	0.023367196
142.336	0.029355564	-5.8345618	0.022937866
142.464	0.029470154	-5.8345895	0.023501028
142.592	0.029257684	-5.8341786	0.023635478
142.72	0.029578147	-5.8346368	0.024725756
142.848	0.029419528	-5.8342665	0.026417616
142.976	0.029587119	-5.8345354	0.024229021
143.104	0.029616302	-5.8343341	0.02021068
143.232	0.029610075	-5.8344429	0.021013647
143.36	0.029716975	-5.8347044	0.023086273
143.488	0.029761942	-5.8343751	0.024004404
143.616	0.029465585	-5.83396	0.026694239
143.744	0.030029799	-5.8339043	0.026385328
143.872	0.030412742	-5.8339949	0.024749778
144	0.029795047	-5.8334301	0.028003081
144.128	0.030412962	-5.8338157	0.02703368
144.256	0.030070457	-5.8337519	0.024621699
144.384	0.030078031	-5.8335876	0.02509618
144.512	0.029894022	-5.8331926	0.026315166
144.64	0.030101925	-5.8333285	0.025134404
144.768	0.030645953	-5.8336006	0.023590952
144.896	0.030528294	-5.8336247	0.025763837
145.024	0.030366904	-5.8334655	0.028634596
145.152	0.031140462	-5.8339182	0.024683
145.28	0.030096035	-5.8329925	0.029109502
145.408	0.030548603	-5.8334306	0.027390449
145.536	0.030617777	-5.8334752	0.028042947
145.664	0.030711985	-5.8336329	0.026156751
145.792	0.029972368	-5.8329325	0.026735334
145.92	0.030931164	-5.834025	0.024328882
146.048	0.030744045	-5.8335775	0.022727685
146.176	0.030116576	-5.832919	0.027591988
146.304	0.030351369	-5.8334305	0.025934881
146.432	0.030484062	-5.833423	0.021301349
146.56	0.030564937	-5.8335784	0.02631122
146.688	0.029925237	-5.8330425	0.028013527
146.816	0.030174702	-5.8333347	0.02444992
146.944	0.030058976	-5.8335763	0.026197058
147.072	0.03035599	-5.834011	0.027456517
147.2	0.030087779	-5.8338275	0.027456371
147.328	0.030097323	-5.834183	0.026016687
147.456	0.029653102	-5.8342657	0.028729929
147.584	0.029552681	-5.8341697	0.024984227
147.712	0.029260963	-5.8336678	0.025654695
147.84	0.029226811	-5.8339702	0.025438433
147.968	0.030273547	-5.8354406	0.023485263
148.096	0.029476707	-5.8347009	0.026872166
148.224	0.029555234	-5.834674	0.023327803
148.352	0.029503899	-5.8346447	0.022971401
148.48	0.0289914	-5.8342208	0.024404588
148.608	0.029833107	-5.8350777	0.019321263
148.736	0.029065653	-5.8342028	0.021461289
148.864	0.0293298	-5.8342763	0.023529424
148.992	0.029538668	-5.8344699	0.022291823
149.12	0.029508435	-5.834588	0.025081269
149.248	0.029322522	-5.8341829	0.024353103
149.376	0.029714311	-5.8344334	0.019978502
149.504	0.029511005	-5.8342116	0.024860607
149.632	0.029687125	-5.8342488	0.028451167
149.76	0.029825186	-5.8342743	0.021928632
149.888	0.030221625	-5.8345311	0.019413554
150.016	0.029663219	-5.8338215	0.024615782
150.144	0.029720862	-5.8337946	0.0217384
150.272	0.03039699	-5.8345051	0.023322791
150.4	0.030070056	-5.8340409	0.025000654
150.528	0.029832106	-5.8338665	0.024611864
150.656	0.030151368	-5.8339526	0.027040224
150.784	0.029392944	-5.8329597	0.030272175
150.912	0.030788198	-5.8340048	0.024401806
151.04	0.030694973	-5.8338747	0.023205598
151.168	0.030567037	-5.8337748	0.025722631
151.296	0.030361823	-5.833441	0.02849822
151.424	0.03047989	-5.8335068	0.025609996
151.552	0.030870542	-5.8340128	0.023084337
151.68	0.030617964	-5.8334247	0.026393308
151.808	0.030316263	-5.8331161	0.026867708
151.936	0.030859249	-5.8339622	0.023170369
152.064	0.030336969	-5.8332899	0.0290952
152.192	0.030312134	-5.8331426	0.029786304
152.32	0.030977714	-5.8338688	0.027943847
152.448	0.030546876	-5.8334117	0.027282042
152.576	0.03024064	-5.8333232	0.027433972
152.704	0.030410219	-5.8333037	0.027512208
152.832	0.030087322	-5.833019	0.026980183
152.96	0.030609328	-5.8333012	0.025839937
153.088	0.030287697	-5.8335126	0.024522515
153.216	0.030522881	-5.8338715	0.024640527
153.344	0.029896532	-5.8335762	0.025042064
153.472	0.03007987	-5.8343317	0.021602066
153.6	0.029945403	-5.8343516	0.023969909
153.728	0.029559025	-5.8339412	0.026256402
153.856	0.029675948	-5.8343582	0.02690037
153.984	0.029560641	-5.8345259	0.024658708
154.112	0.030132848	-5.8350207	0.022336843
154.24	0.029870518	-5.8349107	0.02479222
154.368	0.029066799	-5.8339852	0.024130006
154.496	0.029504273	-5.8341394	0.023570803
154.624	0.029392746	-5.8344319	0.023531346
154.752	0.029339539	-5.8343876	0.021262837
154.88	0.02956129	-5.834562	0.022732428
155.008	0.029243433	-5.8345179	0.021323766
155.136	0.029391879	-5.8344951	0.021357651
155.264	0.029654233	-5.8347805	0.025780584
155.392	0.029325798	-5.8344293	0.024373405
155.52	0.029427088	-5.8344172	0.020454664
155.648	0.029764513	-5.8346488	0.020367222
155.776	0.029231201	-5.8340525	0.024982415
155.904	0.029520603	-5.8343374	0.02323483
156.032	0.029634757	-5.8341125	0.022924191
156.16	0.029711646	-5.8338035	0.022943777
156.288	0.029854385	-5.8343951	0.022164472
156.416	0.030411358	-5.8344475	0.025245601
156.544	0.030217993	-5.8341502	0.0269674
156.672	0.029489838	-5.8333695	0.024981319
156.8	0.03032277	-5.8341501	0.02462022
156.928	0.02982508	-5.8335979	0.025693325
157.056	0.030294206	-5.8336217	0.027846927
157.184	0.030623701	-5.8336334	0.027705938
157.312	0.030204505	-5.8330906	0.025412656
157.44	0.030645064	-5.8336822	0.027089179
157.568	0.030717248	-5.8336014	0.027191253
157.696	0.030480413	-5.8330083	0.027102289
157.824	0.030608309	-5.8333072	0.024719793
157.952	0.03042157	-5.8333028	0.026340527
158.08	0.030537366	-5.8336483	0.025074325
158.208	0.03108587	-5.8340299	0.023409767
158.336	0.030100387	-5.8330126	0.027996027
158.464	0.030665666	-5.8332976	0.023953687
158.592	0.03031194	-5.8332358	0.024922228
158.72	0.030695693	-5.8334936	0.02477029
158.848	0.03084959	-5.8337976	0.020976064
158.976	0.030155629	-5.8334003	0.021698044
159.104	0.030019834	-5.8334779	0.023786815
159.232	0.030675813	-5.8340868	0.025145458
159.36	0.029952634	-5.8335735	0.031065439
159.488	0.029923844	-5.8336739	0.029925368
159.616	0.030276512	-5.8337643	0.025340907
159.744	0.029938012	-5.8339071	0.025456557
159.872	0.029815388	-5.8338766	0.024394554
160	0.029705928	-5.8339441	0.024788209
160.128	0.030112821	-5.8344803	0.02226972
160.256	0.029222146	-5.8335911	0.021777444
160.384	0.029895657	-5.8347424	0.026237989
160.512	0.029894555	-5.834594	0.026761585
160.64	0.029677191	-5.8343356	0.022211499
160.768	0.028964135	-5.8338061	0.027348277
160.896	0.02968592	-5.8346251	0.023399269
161.024	0.028967461	-5.8339296	0.021764114
161.152	0.029248203	-5.8341287	0.023055204
161.28	0.029682726	-5.8347607	0.024316654
161.408	0.02918994	-5.8345522	0.023231558
161.536	0.029848342	-5.8351409	0.019875074
161.664	0.029239449	-5.834377	0.023584088
161.792	0.029260523	-5.8343228	0.023272943
161.92	0.029604004	-5.8345272	0.023264884
162.048	0.029465411	-5.8343216	0.024818185
162.176	0.029538899	-5.8341485	0.02476539
162.304	0.029318109	-5.8342969	0.026522346
162.432	0.029893586	-5.8343918	0.025830622
162.56	0.029631537	-5.833863	0.027277664
162.688	0.02976485	-5.8339746	0.025394749
162.816	0.02974261	-5.8338508	0.025571476
162.944	0.029918195	-5.8339571	0.024258257
163.072	0.030267748	-5.8342516	0.023502289
163.2	0.030257307	-5.8345007	0.021333734
163.328	0.02975783	-5.8336879	0.02619279
163.456	0.030318603	-5.8337427	0.025348351
163.584	0.030233543	-5.8334819	0.021855996
163.712	0.030575264	-5.8337941	0.023608404
163.84	0.030370448	-5.8335408	0.027532453
163.968	0.030903666	-5.8338062	0.025738136
164.096	0.030466986	-5.8333774	0.026634661
164.224	0.030102699	-5.8330143	0.029133224
164.352	0.030996561	-5.8339171	0.028016635
164.48	0.030731413	-5.8335949	0.029214986
164.608	0.029979685	-5.832579	0.028368106
164.736	0.03095142	-5.8333976	0.025292732
164.864	0.030954295	-5.8336111	0.025354374
164.992	0.02997242	-5.8328765	0.025836621
165.12	0.030470815	-5.833553	0.026855155
165.248	0.030114381	-5.8330171	0.02575302
165.376	0.030438487	-5.8335691	0.026571621
165.504	0.030352579	-5.8334163	0.03070367
165.632	0.030132041	-5.8333983	0.025722504
165.76	0.030291485	-5.8337644	0.024178528
165.888	0.030170112	-5.8336881	0.025131378
166.016	0.030098612	-5.8340783	0.022311274
166.144	0.030302408	-5.8343869	0.022089619
166.272	0.030003374	-5.8344593	0.0274027
166.4	0.029490829	-5.8339931	0.027260194
166.528	0.029626458	-5.8343911	0.022491146
166.656	0.029367188	-5.8339216	0.024785009
166.784	0.030119802	-5.8349126	0.024463438
166.912	0.029893805	-5.8349033	0.024466052
167.04	0.029258139	-5.8343961	0.024948958
167.168	0.029400672	-5.8345191	0.025916346
167.296	0.029291549	-5.83441	0.023366282
167.424	0.029029701	-5.8340359	0.021587132
167.552	0.029472772	-5.834485	0.018865205
167.68	0.029771561	-5.8353359	0.022499077
167.808	0.029145548	-5.8346625	0.023490997
167.936	0.029333042	-5.8345834	0.022170937
168.064	0.029707923	-5.8347398	0.025049862
168.192	0.029378969	-5.8341403	0.026362714
168.32	0.029712412	-5.8346366	0.02140452
168.448	0.028995454	-5.8338656	0.022794167
168.576	0.02972015	-5.8344444	0.024157841
168.704	0.029181775	-5.8337313	0.026347285
168.832	0.030133179	-5.8345974	0.021909514
168.96	0.029588947	-5.8337745	0.027466074
169.088	0.030032414	-5.8344896	0.025155462
169.216	0.029861791	-5.8339066	0.022770023
169.344	0.030170401	-5.8340593	0.022371422
169.472	0.030127378	-5.8339533	0.0233795
169.6	0.03011923	-5.8336683	0.021540423
169.728	0.030357948	-5.8334993	0.024016863
169.856	0.030240383	-5.8331825	0.02680308
169.984	0.030474133	-5.8332284	0.026121835
170.112	0.030582049	-5.833486	0.029038695
170.24	0.030273379	-5.8332144	0.025591471
170.368	0.030628107	-5.8336368	0.027238668
170.496	0.030876387	-5.8339095	0.028061671
170.624	0.030239738	-5.8332093	0.027506447
170.752	0.030645702	-5.8334785	0.030367076
170.88	0.030898486	-5.833949	0.028843616
171.008	0.031318996	-5.8340458	0.024855278
171.136	0.029886377	-5.8323976	0.02731462
171.264	0.030670504	-5.8334613	0.026926322
171.392	0.030242375	-5.8330246	0.024992506
171.52	0.030467931	-5.833655	0.021873725
171.648	0.030289959	-5.8334875	0.02564088
171.776	0.030438499	-5.8335269	0.027966029
171.904	0.030223707	-5.8337543	0.027361594
172.032	0.030225333	-5.8337938	0.028246248
172.16	0.030036589	-5.8337115	0.024164916
172.288	0.030106775	-5.8336633	0.022084465
172.416	0.029793487	-5.8338393	0.025210977
172.544	0.029963732	-5.8339693	0.02542166
172.672	0.029745217	-5.8337783	0.022757131
172.8	0.029552136	-5.8341941	0.021950672
172.928	0.029341847	-5.8338274	0.023683558
173.056	0.029657639	-5.8345503	0.020697965
173.184	0.029461326	-5.8343937	0.022556884
173.312	0.029305116	-5.8340921	0.024050048
173.44	0.029871762	-5.8350341	0.024879889
173.568	0.029496874	-5.8347466	0.026263885
173.696	0.029466743	-5.8346945	0.02190971
173.824	0.029191703	-5.8341598	0.023177127
173.952	0.02946566	-5.8347065	0.020769192
174.08	0.029719296	-5.8346706	0.018751806
174.208	0.029245834	-5.8345377	0.023289781
174.336	0.029623176	-5.8349446	0.021177828
174.464	0.029464456	-5.8347193	0.025392025
174.592	0.029712659	-5.8346593	0.026123784
174.72	0.029506238	-5.834495	0.027607407
174.848	0.029529158	-5.8343973	0.025309706
174.976	0.029714696	-5.8347836	0.024063147
175.104	0.029887031	-5.8345045	0.023221849
175.232	0.02969767	-5.8335009	0.022273405
175.36	0.029978508	-5.8340531	0.023956903
175.488	0.029617846	-5.8333678	0.028039466
175.616	0.030271212	-5.8338314	0.022979757
175.744	0.030053323	-5.8334965	0.02538372
175.872	0.030384297	-5.8340281	0.028262618
176	0.030392696	-5.8340857	0.029959555
176.128	0.030661549	-5.8342147	0.025144019
176.256	0.029817755	-5.8330601	0.025691433
176.384	0.030470646	-5.8333851	0.024303515
176.512	0.030504801	-5.8329077	0.024855146
176.64	0.030624918	-5.833326	0.025903353
176.768	0.030469663	-5.8330764	0.0256732
176.896	0.030520419	-5.8331957	0.024633859
177.024	0.030227728	-5.8328239	0.025726188
177.152	0.030494413	-5.8331165	0.025901427
177.28	0.030582743	-5.8335238	0.027885413
177.408	0.030642183	-5.8333837	0.026469049
177.536	0.03076755	-5.8337189	0.028201796
177.664	0.030496334	-5.8334798	0.029114705
177.792	0.030547696	-5.8339014	0.02421435
177.92	0.03043299	-5.8335718	0.023075423
178.048	0.02994953	-5.833255	0.025945753
178.176	0.030576143	-5.8340576	0.02275367
178.304	0.030482909	-5.8343537	0.024277887
178.432	0.029884664	-5.8336618	0.023692753
178.56	0.029660737	-5.8333434	0.02345055
178.688	0.030404638	-5.8342726	0.024574489
178.816	0.030397854	-5.8345476	0.025421502
178.944	0.029397561	-5.8340759	0.026383055
179.072	0.030069445	-5.8349087	0.024758872
179.2	0.029562144	-5.8340413	0.0275531
179.328	0.029543618	-5.8341787	0.024169577
179.456	0.029701288	-5.8344522	0.019987887
179.584	0.02976514	-5.8342036	0.021267743
179.712	0.028593865	-5.8334744	0.026820945
179.84	0.029652831	-5.8346808	0.023738747
179.968	0.029254829	-5.8341619	0.023002148
180.096	0.029534191	-5.8345011	0.019812748
180.224	0.029314931	-5.8343641	0.025323579
180.352	0.030005446	-5.8349917	0.021595519
180.48	0.029078815	-5.834275	0.019111161
180.608	0.029325621	-5.8344972	0.024839465
180.736	0.02950727	-5.8346453	0.027044219
180.864	0.02934515	-5.8342291	0.024050841
180.992	0.029674391	-5.8342516	0.022143465
181.12	0.029650895	-5.8345048	0.020199404
181.248	0.029486924	-5.8338633	0.024689672
181.376	0.029977105	-5.8342271	0.026937879
181.504	0.029919706	-5.8340213	0.026441728
181.632	0.029755713	-5.8336557	0.022382216
181.76	0.029720919	-5.833812	0.024513032
181.888	0.030275017	-5.8341758	0.027163968
182.016	0.029962164	-5.8337364	0.029384049
182.144	0.030183985	-5.8337622	0.027406145
182.272	0.030187169	-5.8333123	0.025801707
182.4	0.029890861	-5.8330548	0.026051903
182.528	0.030785971	-5.8337828	0.026638303
182.656	0.030615699	-5.8339065	0.028718903
182.784	0.030129772	-5.8333653	0.027137407
182.912	0.030291274	-5.833416	0.024833588
183.04	0.030560982	-5.8331054	0.025525696
183.168	0.030476184	-5.833169	0.026130179
183.296	0.029960085	-5.8329105	0.028099272
183.424	0.030972225	-5.8336605	0.025967097
183.552	0.030522169	-5.8336134	0.025771575
183.68	0.030852533	-5.8338163	0.028381095
183.808	0.030527793	-5.8335358	0.027459726
183.936	0.030959181	-5.8341331	0.024088017
184.064	0.02987688	-5.8330359	0.027064733
184.192	0.030485111	-5.8334077	0.023917634
184.32	0.030554288	-5.8336402	0.03015659
184.448	0.030425213	-5.833591	0.028555709
184.576	0.030073499	-5.8336759	0.025593802
184.704	0.029923408	-5.8336398	0.030482291
184.832	0.030117563	-5.833984	0.027870374
184.96	0.029942941	-5.8336893	0.025962407
185.088	0.029879011	-5.8340372	0.026272072
185.216	0.029970464	-5.834549	0.021991798
185.344	0.029467983	-5.8340802	0.024773122
185.472	0.029760389	-5.8344836	0.021673908
185.6	0.029728884	-5.8345993	0.02315982
185.728	0.029440164	-5.8341102	0.024545982
185.856	0.029925518	-5.8348046	0.017911876
185.984	0.028980007	-5.8339217	0.019582408
186.112	0.029721734	-5.8348855	0.019976106
186.24	0.029464323	-5.8346622	0.02067315
186.368	0.02939037	-5.8343323	0.022593962
186.496	0.029198018	-5.8342556	0.023604969
186.624	0.029303085	-5.8345625	0.02139075
186.752	0.029460889	-5.8347406	0.025482297
186.88	0.029144212	-5.8342235	0.026793762
187.008	0.029659965	-5.834621	0.023767753
187.136	0.029463651	-5.8345293	0.025651624
187.264	0.030039077	-5.835059	0.024541606
187.392	0.028994705	-5.833943	0.026471467
187.52	0.029414974	-5.8338331	0.025479255
187.648	0.030362575	-5.8349071	0.025613804
187.776	0.02954356	-5.833766	0.026615415
187.904	0.02979521	-5.8341096	0.024510385
188.032	0.030160498	-5.8339731	0.024174502
188.16	0.030056224	-5.8342997	0.024411104
188.288	0.029757751	-5.8333777	0.026993943
188.416	0.030126277	-5.8333311	0.027320294
188.544	0.03039624	-5.8334484	0.024033855
188.672	0.030407055	-5.8338961	0.025675644
188.8	0.030125868	-5.833619	0.027520324
188.928	0.030056863	-5.8332621	0.029085125
189.056	0.030658354	-5.8338528	0.02699724
189.184	0.030267708	-5.8332728	0.025912402
189.312	0.030784359	-5.8337246	0.024688009
189.44	0.030317736	-5.8332321	0.025028721
189.568	0.031158644	-5.8339177	0.021611659
189.696	0.030297491	-5.8331427	0.02367111
189.824	0.030140629	-5.8330828	0.02557176
189.952	0.030849174	-5.8337261	0.026928272
190.08	0.029989818	-5.8328595	0.025922639
190.208	0.030660101	-5.8336761	0.024913124
190.336	0.030599264	-5.8337067	0.028160264
190.464	0.03030227	-5.8337027	0.026613822
190.592	0.030453133	-5.8338906	0.024774745
190.72	0.030559264	-5.8338824	0.024499322
190.848	0.030430206	-5.8338112	0.022790548
190.976	0.030089802	-5.833915	0.02258905
191.104	0.029465569	-5.8333038	0.025022853
191.232	0.030041218	-5.8340283	0.025544771
191.36	0.029619956	-5.8337516	0.02629234
191.488	0.030585917	-5.8347633	0.020875802
191.616	0.029370396	-5.8335819	0.025983535
191.744	0.030071522	-5.8344257	0.022499098
191.872	0.029222172	-5.8336154	0.02487147
192	0.029509771	-5.8343323	0.026198034
192.128	0.029768765	-5.8343848	0.024749411
192.256	0.029968267	-5.8344986	0.027149853
192.384	0.028865871	-5.8339491	0.029764144
192.512	0.029595628	-5.8347893	0.023359027
192.64	0.029723533	-5.8348374	0.02191412
192.768	0.029571196	-5.8344601	0.026260819
192.896	0.02932138	-5.8340891	0.024272017
193.024	0.029044225	-5.833957	0.02594188
193.152	0.029585751	-5.8345994	0.026176418
193.28	0.029753734	-5.8348992	0.01905258
193.408	0.029437853	-5.8343104	0.019553873
193.536	0.0293423	-5.833776	0.022355874
193.664	0.02999516	-5.8345974	0.018135496
193.792	0.029552873	-5.8340215	0.02187339
193.92	0.029863619	-5.8340966	0.024363885
194.048	0.029551458	-5.833713	0.022726162
194.176	0.029806814	-5.8342734	0.022313056
194.304	0.030081627	-5.8346133	0.024371307
194.432	0.029505864	-5.8336306	0.027311839
194.56	0.030255765	-5.8341408	0.024374275
194.688	0.030652279	-5.8343618	0.025105915
194.816	0.029970086	-5.8336764	0.028605605
194.944	0.030145756	-5.833913	0.023589911
195.072	0.030668971	-5.834013	0.026025147
195.2	0.030109186	-5.8334966	0.030625831
195.328	0.030391553	-5.8337213	0.025586189
195.456	0.030533837	-5.8337	0.024276493
195.584	0.029959397	-5.8329422	0.029956258
195.712	0.031279559	-5.8341487	0.02464995
195.84	0.030597092	-5.8335735	0.025589626
195.968	0.030310776	-5.8335383	0.027293415
196.096	0.031041355	-5.8339143	0.025067357
196.224	0.030140195	-5.8332535	0.031804461
196.352	0.0305232	-5.8337258	0.029224567
196.48	0.029976998	-5.8330578	0.027957641
196.608	0.030636904	-5.8338287	0.026584004
196.736	0.030162209	-5.8332439	0.027598077
196.864	0.030210393	-5.8335275	0.024826624
196.992	0.03041104	-5.8340233	0.023778374
197.12	0.030322231	-5.8340205	0.024334158
197.248	0.030069477	-5.8337139	0.022835854
197.376	0.03066897	-5.8344776	0.021349216
197.504	0.029586755	-5.8333143	0.024341935
197.632	0.029809528	-5.833948	0.023982626
197.76	0.029678365	-5.8337613	0.023747737
197.888	0.029851491	-5.8340795	0.021844295
198.016	0.029898798	-5.8341024	0.026031325
198.144	0.029561933	-5.8339489	0.026982094
198.272	0.030016358	-5.8346482	0.026960976
198.4	0.02983988	-5.8346959	0.025432976
198.528	0.029422343	-5.8342232	0.022252151
198.656	0.029496546	-5.8344057	0.024173728
198.784	0.029318222	-5.8342244	0.024823579
198.912	0.029441494	-5.8342943	0.023898049
199.04	0.029266823	-5.8341598	0.02148993
199.168	0.029916499	-5.8344824	0.020877963
199.296	0.029436617	-5.8343633	0.024840155
199.424	0.029129903	-5.834089	0.023478278
199.552	0.030250532	-5.835215	0.022992251
199.68	0.029414333	-5.8342289	0.025735063
199.808	0.029196816	-5.8339023	0.023831358
199.936	0.029453564	-5.8342841	0.024038166
200.064	0.029583074	-5.8342794	0.020261501
200.192	0.029596346	-5.83404	0.021521373
200.32	0.029292763	-5.8333679	0.022365421
200.448	0.030343039	-5.8346318	0.022825065
200.576	0.029646983	-5.8338509	0.028204674
200.704	0.030258323	-5.8343095	0.024897421
200.832	0.029770763	-5.8338294	0.027083315
200.96	0.030220014	-5.8339979	0.025478016
201.088	0.029872906	-5.8335585	0.027629691
201.216	0.030296516	-5.8339156	0.026920658
201.344	0.030310431	-5.8338505	0.028141537
201.472	0.030462257	-5.8337338	0.027654622
201.6	0.030137333	-5.833213	0.025109122
201.728	0.03111708	-5.8340685	0.020254639
201.856	0.030450808	-5.8334758	0.027901034
201.984	0.029996735	-5.8330005	0.027513661
202.112	0.030149726	-5.8329683	0.027557684
202.24	0.030852545	-5.8336557	0.02736158
202.368	0.030085699	-5.8327942	0.024267447
202.496	0.030325131	-5.8333927	0.029061483
202.624	0.03105568	-5.8340617	0.02884943
202.752	0.030806049	-5.8337217	0.023525132
202.88	0.03006425	-5.8331468	0.026233324
203.008	0.030585733	-5.8337872	0.029334614
203.136	0.030139685	-5.8336064	0.026261976
203.264	0.030122645	-5.8338312	0.02196176
203.392	0.030359575	-5.8339497	0.023872735
203.52	0.03023923	-5.8336915	0.028456501
203.648	0.030304223	-5.8340563	0.026244098
203.776	0.030333329	-5.8343592	0.02134782
203.904	0.030244508	-5.8342701	0.025431589
204.032	0.029799812	-5.8337235	0.027563545
204.16	0.029762173	-5.834036	0.024280845
204.288	0.029680575	-5.8342263	0.024805273
204.416	0.029823553	-5.8341057	0.026169352
204.544	0.029792168	-5.8340041	0.021697302
204.672	0.029659207	-5.8343639	0.020556387
204.8	0.029619603	-5.8343748	0.019957376
204.928	0.029208732	-5.8340645	0.023408921
205.056	0.030474485	-5.8356543	0.022324685
205.184	0.029236876	-5.8342464	0.02388772
205.312	0.029351214	-5.8343072	0.025015777
205.44	0.029585684	-5.8348307	0.028495806
205.568	0.029548597	-5.8343034	0.028657903
205.696	0.029259178	-5.8343392	0.027418843
205.824	0.029884011	-5.8348729	0.021189745
205.952	0.029220305	-5.8340091	0.02313692
206.08	0.029898685	-5.8344191	0.019921236
206.208	0.029432618	-5.8340741	0.024507139
206.336	0.029809687	-5.8344853	0.024353055
206.464	0.029541087	-5.8340875	0.024071883
206.592	0.029603879	-5.8341077	0.02351943
206.72	0.029402635	-5.8336084	0.024467601
206.848	0.030250614	-5.8345569	0.020891306
206.976	0.030496227	-5.8345618	0.023665659
207.104	0.029731071	-5.8337157	0.024266383
207.232	0.029946592	-5.8338592	0.023430901
207.36	0.030602317	-5.8341653	0.02314043
207.488	0.030266035	-5.8339173	0.023460106
207.616	0.030094126	-5.8336216	0.026751827
207.744	0.030598785	-5.8340977	0.025245405
207.872	0.030227191	-5.8334552	0.026374789
208	0.030168218	-5.8335063	0.028637081
208.128	0.030354036	-5.83382	0.028024211
208.256	0.030482373	-5.8336863	0.027424167
208.384	0.030744933	-5.8337457	0.024757097
208.512	0.030450422	-5.8337723	0.026998788
208.64	0.030633039	-5.8333362	0.030388469
208.768	0.030629691	-5.8334471	0.027887697
208.896	0.030885451	-5.8335444	0.02293722
209.024	0.029951697	-5.8328232	0.027505063
209.152	0.030723355	-5.8335976	0.025900084
209.28	0.030813548	-5.8337296	0.029012214
209.408	0.029809	-5.8328051	0.029872064
209.536	0.030565224	-5.8337121	0.023185725
209.664	0.029918901	-5.8331171	0.028554643
209.792	0.030288488	-5.8338268	0.024577361
209.92	0.029876722	-5.8336233	0.025346093
210.048	0.030458233	-5.8342404	0.027102358
210.176	0.029931674	-5.8337146	0.025620516
210.304	0.030120658	-5.8343348	0.022069249
210.432	0.029765496	-5.8344009	0.021914549
210.56	0.029424278	-5.8340518	0.024557353
210.688	0.029729732	-5.8343474	0.024765666
210.816	0.029687012	-5.8343462	0.02465315
210.944	0.029799176	-5.834147	0.025607083
211.072	0.02955973	-5.8341536	0.022414581
211.2	0.029601785	-5.8346084	0.023972045
211.328	0.029008819	-5.8340836	0.026095016
211.456	0.029618286	-5.8348607	0.023039413
211.584	0.029264913	-5.8342654	0.025462829
211.712	0.029474699	-5.8342577	0.023837172
211.84	0.029696796	-5.8344168	0.017833047
211.968	0.029101518	-5.8339955	0.019613311
212.096	0.02947277	-5.834268	0.023101182
212.224	0.029437098	-5.833785	0.0212667
212.352	0.0296384	-5.8342998	0.020791211
212.48	0.029720844	-5.8343689	0.023268327
212.608	0.029850533	-5.834475	0.026655835
212.736	0.029580208	-5.8345488	0.024898575
212.864	0.02979372	-5.8345314	0.022826369
212.992	0.029721	-5.8340086	0.024354457
213.12	0.029492861	-5.8335719	0.025779573
213.248	0.030436454	-5.8345176	0.021767158
213.376	0.030049351	-5.833847	0.02460097
213.504	0.029805022	-5.8335437	0.023240255
213.632	0.029846166	-5.8331475	0.027887855
213.76	0.030649472	-5.8338514	0.030947347
213.888	0.030235775	-5.8333778	0.028574175
214.016	0.030081711	-5.8332149	0.025350875
214.144	0.030642042	-5.8340396	0.025773114
214.272	0.030783528	-5.8339806	0.028586278
214.4	0.030214781	-5.8336341	0.029709235
214.528	0.030781583	-5.8341755	0.025739077
214.656	0.030281708	-5.8333862	0.025274318
214.784	0.030765004	-5.8333688	0.027165436
214.912	0.03050401	-5.8332274	0.025323549
215.04	0.03078309	-5.8335745	0.025294336
215.168	0.030355203	-5.8330287	0.027405445
215.296	0.030297473	-5.8329192	0.030899285
215.424	0.030618206	-5.8332953	0.031212122
215.552	0.030692505	-5.8333367	0.025739238
215.68	0.03073203	-5.8340439	0.026368508
215.808	0.030080127	-5.8331084	0.030183497
215.936	0.030156169	-5.8333178	0.026813287
216.064	0.030432447	-5.8339596	0.021648059
216.192	0.029853037	-5.8335311	0.025300944
216.32	0.030525475	-5.8341374	0.024858319
216.448	0.029703664	-5.833636	0.023172205
216.576	0.029921818	-5.834125	0.023535272
216.704	0.029591089	-5.8334665	0.024658636
216.832	0.030108438	-5.8343091	0.024204698
216.96	0.029560942	-5.8340854	0.024942801
217.088	0.029717584	-5.8345545	0.024193005
217.216	0.029371294	-5.8342686	0.026690525
217.344	0.029192898	-5.8341393	0.029988892
217.472	0.029520848	-5.8347954	0.023717332
217.6	0.02910881	-5.8347237	0.023851168
217.728	0.029550158	-5.8345888	0.023613943
217.856	0.029185893	-5.8341825	0.02216395
217.984	0.029203609	-5.8342929	0.02246741
218.112	0.029987626	-5.8350669	0.02144205
218.24	0.028889801	-5.8339522	0.024566274
218.368	0.029658995	-5.8349139	0.019938212
218.496	0.029008459	-5.8343976	0.022689804
218.624	0.02966618	-5.8347978	0.025945132
218.752	0.029715007	-5.8344752	0.025716206
218.88	0.029245098	-5.8337545	0.024215612
219.008	0.030089971	-5.8344513	0.021366908
219.136	0.029436711	-5.8337982	0.025329079
219.264	0.029817878	-5.8341412	0.026579593
219.392	0.030122164	-5.8343381	0.026440708
219.52	0.02957222	-5.8334987	0.027316474
219.648	0.030419817	-5.8344393	0.023579375
219.776	0.030176665	-5.8342061	0.026437626
219.904	0.029958503	-5.8335449	0.029236104
220.032	0.030101635	-5.8336957	0.027893859
220.16	0.030710713	-5.8340912	0.026781312
220.288	0.029907222	-5.8330485	0.027333839
220.416	0.029930329	-5.8334132	0.023849997
220.544	0.030482358	-5.8338869	0.023304643
220.672	0.030738857	-5.8337049	0.022505986
220.8	0.030492725	-5.8334454	0.023717581
220.928	0.030581557	-5.8335943	0.028214925
221.056	0.030482602	-5.8334346	0.027855126
221.184	0.030443436	-5.8334455	0.028489952
221.312	0.030531259	-5.8335316	0.029328335
221.44	0.030422195	-5.8332428	0.024254683
221.568	0.030637112	-5.8336128	0.023095051
221.696	0.030352627	-5.8332431	0.023859843
221.824	0.030541299	-5.8335213	0.025202592
221.952	0.030459039	-5.833414	0.027637258
222.08	0.030603444	-5.833341	0.02799253
222.208	0.029966349	-5.8330669	0.028235028
222.336	0.03026365	-5.8338982	0.026235207
222.464	0.029777486	-5.8329569	0.026275592
222.592	0.030462661	-5.8341787	0.024726857
222.72	0.030204367	-5.8340278	0.028052111
222.848	0.02970394	-5.8336395	0.023385845
222.976	0.029940807	-5.8340795	0.02354702
223.104	0.029723484	-5.8340814	0.025747952
223.232	0.029926363	-5.8342652	0.02264092
223.36	0.029695326	-5.8341213	0.024863667
223.488	0.029363688	-5.8337822	0.025480648
223.616	0.029300894	-5.8339347	0.020766069
223.744	0.029553283	-5.8343492	0.020487148
223.872	0.029475447	-5.8345156	0.025418846
224	0.029407888	-5.8345969	0.02512951
224.128	0.029348217	-5.8344171	0.025649212
224.256	0.029355749	-5.834581	0.023773991
224.384	0.029088784	-5.8340617	0.023136714
224.512	0.029627952	-5.8349716	0.021331754
224.64	0.029422467	-5.8343812	0.024436082
224.768	0.0296907	-5.8347366	0.023205765
224.896	0.029596258	-5.8343324	0.023901869
225.024	0.029606785	-5.8345736	0.024017359
225.152	0.029880978	-5.8348521	0.021205934
225.28	0.029547775	-5.834318	0.025403695
225.408	0.029760187	-5.8346562	0.021205147
225.536	0.03007145	-5.8350671	0.022189725
225.664	0.030046445	-5.8347158	0.022794147
225.792	0.029974532	-5.8344671	0.02123463
225.92	0.029680689	-5.8338653	0.023632201
226.048	0.029806529	-5.8336378	0.026599657
226.176	0.030692628	-5.8342391	0.028075189
226.304	0.030033152	-5.8337539	0.028449335
226.432	0.030199393	-5.8338522	0.026486836
226.56	0.030123494	-5.8333899	0.025831619
226.688	0.030781518	-5.8339949	0.026436819
226.816	0.030586563	-5.8337129	0.029339401
226.944	0.030058358	-5.8329737	0.026508199
227.072	0.030543366	-5.8333138	0.023609811
227.2	0.030498929	-5.8330292	0.025556199
227.328	0.030647669	-5.8332085	0.02320645
227.456	0.030695831	-5.8337003	0.025060164
227.584	0.03003015	-5.8329113	0.030159411
227.712	0.030801702	-5.8337272	0.02673475
227.84	0.031095116	-5.8336107	0.026582579
227.968	0.03012465	-5.8328043	0.03193325
228.096	0.03082152	-5.833686	0.02784519
228.224	0.030274404	-5.8333663	0.024605687
228.352	0.030340583	-5.8333887	0.025855512
228.48	0.030281556	-5.8336014	0.028086342
228.608	0.030284776	-5.8339324	0.0252718
228.736	0.030181619	-5.8340493	0.024490175
228.864	0.03030053	-5.8342958	0.024060803
228.992	0.029493115	-5.8334485	0.02831553
229.12	0.030834993	-5.8345959	0.023976183
229.248	0.029277549	-5.8334227	0.026321451
229.376	0.030075403	-5.8345419	0.026237558
229.504	0.030055898	-5.8345079	0.024820309
229.632	0.029750851	-5.8342191	0.023123038
229.76	0.029437008	-5.834265	0.02439938
229.888	0.029513307	-5.8343454	0.022543346
230.016	0.029459808	-5.8345199	0.021578698
230.144	0.029265714	-5.8341919	0.023935743
230.272	0.029094359	-5.8341612	0.019547217
230.4	0.029221865	-5.8345144	0.020361356
230.528	0.029180778	-5.8344183	0.024343534
230.656	0.029194469	-5.8344067	0.025277672
230.784	0.030109816	-5.8351915	0.021402935
230.912	0.029385529	-5.8345019	0.025195458
231.04	0.0295883	-5.8343836	0.025751404
231.168	0.029328608	-5.8342197	0.022838906
231.296	0.029473326	-5.8342903	0.021581408
231.424	0.02954231	-5.8343814	0.021422837
231.552	0.030183152	-5.8347341	0.01728642
231.68	0.029096565	-5.8332308	0.026550345
231.808	0.029500898	-5.8336653	0.023257743
231.936	0.029935277	-5.8343571	0.021228746
232.064	0.030275045	-5.8344424	0.020480033
232.192	0.029915515	-5.8341146	0.024233799
232.32	0.029643869	-5.8336401	0.026153105
232.448	0.030179372	-5.8339604	0.023049501
232.576	0.030052132	-5.8340913	0.028763422
232.704	0.030433443	-5.8340173	0.027842833
232.832	0.031053514	-5.8343598	0.02189048
232.96	0.029803349	-5.8330272	0.030259936
233.088	0.030339548	-5.8332326	0.029787205
233.216	0.030971484	-5.8339082	0.027669942
233.344	0.030201757	-5.8328977	0.027100133
233.472	0.031100852	-5.8338967	0.023931909
233.6	0.029999271	-5.832703	0.03060872
233.728	0.030812793	-5.8334598	0.028583085
233.856	0.030787747	-5.833337	0.024222973
233.984	0.030831519	-5.833576	0.02292411
234.112	0.029944112	-5.8330767	0.028705087
234.24	0.030409379	-5.8329657	0.028622945
234.368	0.030478665	-5.8333799	0.026277105
234.496	0.030626182	-5.8336976	0.023594067
234.624	0.030541569	-5.8336291	0.022171443
234.752	0.029929903	-5.8334544	0.026891642
234.88	0.030032544	-5.8337332	0.027776885
235.008	0.030514335	-5.834312	0.025537443
235.136	0.029944501	-5.8337468	0.026251786
235.264	0.02987785	-5.8333603	0.023023142
235.392	0.030159795	-5.833819	0.022188321
235.52	0.029956366	-5.8339347	0.025767562
235.648	0.0301828	-5.8344551	0.025251121
235.776	0.029609299	-5.8342608	0.027438875
235.904	0.029848356	-5.8342511	0.023970752
236.032	0.030141746	-5.8345291	0.023171304
236.16	0.029189841	-5.8337523	0.02853093
236.288	0.029351332	-5.8343196	0.028270406
236.416	0.029304816	-5.8345471	0.021783342
236.544	0.029361381	-5.8346634	0.022890643
236.672	0.02931974	-5.8344699	0.022896222
236.8	0.029269843	-5.834513	0.024858179
236.928	0.029503645	-5.83483	0.025660713
237.056	0.029115087	-5.8345523	0.028198893
237.184	0.029407432	-5.8342991	0.023118986
237.312	0.029843477	-5.8346486	0.020419058
237.44	0.029294226	-5.8343409	0.023671829
237.568	0.029589794	-5.8349045	0.024311567
237.696	0.029384125	-5.8343223	0.023719529
237.824	0.02972476	-5.8341743	0.023527802
237.952	0.029531967	-5.8338491	0.025924277
238.08	0.029682583	-5.83398	0.02229908
238.208	0.029936695	-5.8342092	0.025528709
238.336	0.029351352	-5.8333331	0.027279559
238.464	0.029908605	-5.8338886	0.022452502
238.592	0.030156531	-5.8339815	0.022659732
238.72	0.030082289	-5.8338525	0.025739513
238.848	0.030201205	-5.8337875	0.022931761
238.976	0.030199836	-5.8338679	0.025935429
239.104	0.030088975	-5.8335614	0.027730274
239.232	0.030479042	-5.8339653	0.0263803
239.36	0.030416362	-5.8335065	0.029460763
239.488	0.030925352	-5.8340072	0.025751547
239.616	0.030705513	-5.8336135	0.026150105
239.744	0.029987003	-5.8327241	0.028327634
239.872	0.031337831	-5.83405	0.021752592
240	0.030684519	-5.8336689	0.024671869
240.128	0.030265131	-5.8330803	0.026643016
240.256	0.030356013	-5.8334248	0.026277386
240.384	0.030555356	-5.83327	0.028572897
240.512	0.030866052	-5.8334891	0.029114047
240.64	0.030251505	-5.8328833	0.029091181
240.768	0.03014963	-5.8329715	0.025081803
240.896	0.030524742	-5.8336433	0.025756437
241.024	0.030252219	-5.8334744	0.029696105
241.152	0.030508091	-5.8337776	0.02656327
241.28	0.030431082	-5.8338003	0.020761703
241.408	0.030367892	-5.8337873	0.022003706
241.536	0.029909143	-5.8335254	0.025810554
241.664	0.030232097	-5.833964	0.022493503
241.792	0.030111965	-5.8339533	0.022307061
241.92	0.02992057	-5.834074	0.02339716
242.048	0.029439475	-5.8334095	0.024397665
242.176	0.029976095	-5.8344063	0.022520159
242.304	0.02994253	-5.8348138	0.023980296
242.432	0.029424286	-5.8339111	0.025355978
242.56	0.029347919	-5.8340187	0.024329545
242.688	0.029751589	-5.8343062	0.023120463
242.816	0.029288406	-5.8340487	0.02530742
242.944	0.029935714	-5.8349892	0.021877838
243.072	0.0293591	-5.8344729	0.024757504
243.2	0.029147237	-5.8341519	0.023387295
243.328	0.029479549	-5.8346556	0.022984975
243.456	0.029220946	-5.8342451	0.026380338
243.584	0.02936649	-5.8342388	0.023806182
243.712	0.029482846	-5.834444	0.024595927
243.84	0.029546559	-5.8344538	0.022516981
243.968	0.029704175	-5.8346329	0.019792679
244.096	0.029308601	-5.8340507	0.022873741
244.224	0.029670687	-5.8343491	0.027450025
244.352	0.02939837	-5.8339448	0.024569303
244.48	0.030039155	-5.834486	0.02122507
244.608	0.029829041	-5.8342475	0.02317987
244.736	0.030170831	-5.8339181	0.019735861
244.864	0.029585358	-5.8333491	0.026393802
244.992	0.029717205	-5.8337961	0.027833637
245.12	0.030350522	-5.8341446	0.023979651
245.248	0.03010737	-5.8339818	0.023815912
245.376	0.030500339	-5.8339971	0.024866205
245.504	0.029781748	-5.8330696	0.027286428
245.632	0.030184827	-5.8334945	0.030253284
245.76	0.030710161	-5.8336387	0.028399321
245.888	0.030214236	-5.8331336	0.028582354
246.016	0.030434425	-5.8336024	0.027051323
246.144	0.030157105	-5.832977	0.0273056
246.272	0.030594538	-5.8333547	0.026825564
246.4	0.030641721	-5.8335224	0.025155227
246.528	0.030576376	-5.8333287	0.026321713
246.656	0.030985043	-5.8338551	0.026718042
246.784	0.030380062	-5.833125	0.030361577
246.912	0.030867361	-5.8336277	0.025377721
247.04	0.030135191	-5.8328349	0.026675627
247.168	0.030283201	-5.8333877	0.024201102
247.296	0.030659889	-5.8337661	0.02266989
247.424	0.03029589	-5.8332863	0.025116652
247.552	0.030864596	-5.8340723	0.021993024
247.68	0.029581373	-5.8328956	0.029068765
247.808	0.030015663	-5.8338661	0.028494688
247.936	0.030424849	-5.8343148	0.020182076
248.064	0.030473782	-5.8345286	0.020789039
248.192	0.029744927	-5.8340484	0.022190135
248.32	0.029965853	-5.8339684	0.024187698
248.448	0.030168479	-5.8344717	0.021506531
248.576	0.029763978	-5.8345421	0.022204011
248.704	0.029638218	-5.8344518	0.024329204
248.832	0.02987936	-5.8348622	0.024019624
248.96	0.029272829	-5.834062	0.028802284
249.088	0.029355089	-5.8343399	0.027239671
249.216	0.029585473	-5.8345793	0.02439873
249.344	0.029476733	-5.8343157	0.023857901
249.472	0.029647061	-5.8345632	0.024720389
249.6	0.029070438	-5.833976	0.0263318
249.728	0.029595223	-5.8347674	0.023686339
249.856	0.029624969	-5.834498	0.021186991
249.984	0.02926746	-5.8342438	0.025274031
250.112	0.029617459	-5.834681	0.024299922
250.24	0.029769226	-5.8349002	0.021968694
250.368	0.029425063	-5.8341506	0.023030608
250.496	0.029660912	-5.8345141	0.020966021
250.624	0.030044558	-5.8348561	0.020365046
250.752	0.029228833	-5.8339199	0.024770745
250.88	0.029798866	-5.8344929	0.025350221
251.008	0.029534473	-5.8337265	0.026416923
251.136	0.029868988	-5.8343276	0.025856866
251.264	0.029673549	-5.8338818	0.022807877
251.392	0.030488108	-5.8341193	0.022125711
251.52	0.030164283	-5.8334687	0.025732513
251.648	0.030013241	-5.8337457	0.021570472
251.776	0.029974312	-5.8335536	0.025476857
251.904	0.03054146	-5.833668	0.027112046
252.032	0.030769063	-5.833774	0.024078195
252.16	0.030375571	-5.8334513	0.027693585
252.288	0.030484571	-5.8331949	0.027530892
252.416	0.03062724	-5.8335732	0.027836842
252.544	0.030550852	-5.8332478	0.028629074
252.672	0.030305301	-5.8327759	0.025194579
252.8	0.030851766	-5.8334072	0.022961892
252.928	0.030776576	-5.8332677	0.024133081
253.056	0.030306666	-5.8330182	0.026900072
253.184	0.030765461	-5.8335441	0.027553827
253.312	0.030991449	-5.8336905	0.026318198
253.44	0.030172818	-5.8331561	0.027689745
253.568	0.030591414	-5.8338882	0.024950469
253.696	0.030429504	-5.8337843	0.027225593
253.824	0.029983514	-5.8332778	0.028793824
253.952	0.030351113	-5.8339026	0.028868888
254.08	0.030196118	-5.8334665	0.027801821
254.208	0.030335371	-5.8339808	0.023624465
254.336	0.030089392	-5.8336884	0.021442921
254.464	0.029371564	-5.8335078	0.024868791
254.592	0.030003588	-5.8342362	0.021844564
254.72	0.029735962	-5.8341557	0.022633504
254.848	0.029717206	-5.8342571	0.021620982
254.976	0.030047982	-5.8346456	0.02141602
255.104	0.030364052	-5.8350861	0.024654634
255.232	0.029487601	-5.8342869	0.023060792
255.36	0.029129268	-5.8339785	0.022239453
255.488	0.029141515	-5.8339825	0.024465232
255.616	0.029570954	-5.8350454	0.025576949
255.744	0.029466631	-5.8347435	0.021857971
255.872	0.029729624	-5.8348098	0.021244628
256	0.029199352	-5.8342918	0.024461203
256.128	0.029327499	-5.8344998	0.022705057
256.256	0.029310553	-5.8346819	0.022730976
256.384	0.029333321	-5.8345614	0.025175968
256.512	0.029768539	-5.8350508	0.022830524
256.64	0.029359217	-5.8344589	0.02495684
256.768	0.028821969	-5.8337519	0.027833208
256.896	0.029645554	-5.8345555	0.028589947
257.024	0.029332127	-5.8341413	0.028813667
257.152	0.029986888	-5.834687	0.025193927
257.28	0.030356982	-5.8347549	0.024610518
257.408	0.029694199	-5.8338893	0.025113365
257.536	0.030029624	-5.8338332	0.022231295
257.664	0.03017244	-5.8337683	0.022914986
257.792	0.030149284	-5.8337186	0.02662889
257.92	0.03026374	-5.8337367	0.02744368
258.048	0.030528248	-5.8340657	0.025891093
258.176	0.030011579	-5.8331439	0.027529084
258.304	0.030360291	-5.8334999	0.024264411
258.432	0.030824994	-5.8339165	0.021939045
258.56	0.030619151	-5.8334015	0.022568589
258.688	0.030489668	-5.8331031	0.027521341
258.816	0.030587144	-5.8333406	0.027423748
258.944	0.030710439	-5.8333807	0.02489308
259.072	0.030435873	-5.8331631	0.023936904
259.2	0.030356877	-5.8334912	0.025950231
259.328	0.030529319	-5.833491	0.026814237
259.456	0.030485102	-5.8333788	0.028201364
259.584	0.030165302	-5.8329353	0.028334632
259.712	0.030506867	-5.8335978	0.023596411
259.84	0.030681716	-5.8337474	0.025359208
259.968	0.030112813	-5.8334032	0.029532397
260.096	0.030984678	-5.8341104	0.02360718
260.224	0.029867644	-5.8331207	0.024764393
260.352	0.030326389	-5.8335703	0.024987583
260.48	0.030065525	-5.8335823	0.027543796
260.608	0.030386402	-5.8340995	0.023153273
260.736	0.030239868	-5.8337664	0.022521018
260.864	0.029559715	-5.8334247	0.026459225
260.992	0.029945464	-5.8340783	0.025415876
261.12	0.029375332	-5.833866	0.028604406
261.248	0.030146929	-5.8347006	0.025751149
261.376	0.029499702	-5.8341934	0.022984126
261.504	0.029366362	-5.8338731	0.024210596
261.632	0.029230958	-5.8342031	0.027299329
261.76	0.029743191	-5.8347917	0.022278224
261.888	0.029602875	-5.8344681	0.023130828
262.016	0.029865261	-5.83515	0.024610734
262.144	0.029453171	-5.8346657	0.025512689
262.272	0.029319315	-5.8347155	0.02211813
262.4	0.029341627	-5.8348784	0.023229556
262.528	0.029514185	-5.8348272	0.026864223
262.656	0.029354572	-5.8342312	0.026481189
262.784	0.02923514	-5.8342877	0.023531297
262.912	0.029575022	-5.8344475	0.023832116
263.04	0.029757546	-5.8347404	0.021009034
263.168	0.029171085	-5.8340443	0.021559793
263.296	0.029577762	-5.8341598	0.021516579
263.424	0.029831443	-5.8341536	0.02120381
263.552	0.029820537	-5.8340934	0.02217261
263.68	0.029943397	-5.8345362	0.022997004
263.808	0.030272885	-5.8344552	0.021774633
263.936	0.029366043	-5.83326	0.025010501
264.064	0.030544748	-5.8343531	0.026876298
264.192	0.029390703	-5.8331334	0.029950213
264.32	0.030248786	-5.8339368	0.024895734
264.448	0.030666208	-5.8339782	0.02835374
264.576	0.030462093	-5.8337507	0.027250103
264.704	0.03051263	-5.8337172	0.026208146
264.832	0.030808165	-5.8336762	0.023256266
264.96	0.029926641	-5.8326398	0.0278369
265.088	0.030717817	-5.8335866	0.026476857
265.216	0.030880196	-5.8337669	0.026319256
265.344	0.030354323	-5.8332828	0.029075966
265.472	0.030282905	-5.8330923	0.023964342
265.6	0.030706689	-5.8330357	0.024239959
265.728	0.030425415	-5.8331068	0.028709806
265.856	0.030727716	-5.8332173	0.031157011
265.984	0.030581128	-5.8331698	0.030696945
266.112	0.030456396	-5.8337309	0.02730205
266.24	0.030797921	-5.8337671	0.031025817
266.368	0.030173426	-5.833188	0.031161439
266.496	0.030617709	-5.8337748	0.030390559
266.624	0.029864108	-5.8332233	0.029520175
266.752	0.030249014	-5.8336571	0.021291774
266.88	0.029856354	-5.8337054	0.023050751
267.008	0.030203996	-5.8344446	0.023353742
267.136	0.02938919	-5.8337657	0.025620874
267.264	0.029936246	-5.8343585	0.020896941
267.392	0.030026023	-5.8342967	0.021680637
267.52	0.029431466	-5.8338431	0.026182144
267.648	0.029408059	-5.8338421	0.02442835
267.776	0.029761481	-5.8345737	0.02325906
267.904	0.029358729	-5.8347577	0.022590004
268.032	0.029435026	-5.8344955	0.022970819
268.16	0.029799583	-5.8349529	0.021410731
268.288	0.029191963	-5.8345638	0.021923205
268.416	0.029879431	-5.8349067	0.022937731
268.544	0.029542038	-5.8345101	0.026092598
268.672	0.029230221	-5.8340226	0.026737163
268.8	0.029168532	-5.8341603	0.023230731
268.928	0.029333647	-5.8345983	0.021494575
269.056	0.029624964	-5.8345554	0.021170943
269.184	0.029229463	-5.8343209	0.020011974
269.312	0.029316048	-5.8342778	0.023284872
269.44	0.029302268	-5.8341145	0.024792085
269.568	0.029722921	-5.8344184	0.021869324
269.696	0.029387379	-5.8338173	0.023464057
269.824	0.029162798	-5.8336142	0.023633242
269.952	0.030034726	-5.8343744	0.021070034
270.08	0.030082757	-5.8341123	0.023034382
270.208	0.029726744	-5.8336338	0.025331758
270.336	0.030470711	-5.8342967	0.02444701
270.464	0.030666104	-5.8345342	0.024907706
270.592	0.029829876	-5.8335472	0.028180211
270.72	0.030401678	-5.8336147	0.024835868
270.848	0.030668221	-5.8336278	0.023282423
270.976	0.030146415	-5.8331995	0.028815579
271.104	0.030456689	-5.8336252	0.028838426
271.232	0.030662274	-5.8332609	0.026422861
271.36	0.030511385	-5.8334423	0.025581036
271.488	0.030278502	-5.8331513	0.026561746
271.616	0.030697788	-5.8335063	0.024806366
271.744	0.030864911	-5.8336178	0.026283269
271.872	0.030358479	-5.8330712	0.028782332
272	0.03063562	-5.8334764	0.030221555
272.128	0.030618257	-5.8335648	0.030170645
272.256	0.030568377	-5.8332592	0.029784458
272.384	0.030572341	-5.8331177	0.028687548
272.512	0.030232866	-5.833268	0.025779131
272.64	0.029672946	-5.8330786	0.028246853
272.768	0.031247123	-5.8345403	0.023149276
272.896	0.030228503	-5.8339385	0.025756728
273.024	0.029802904	-5.8334209	0.025808958
273.152	0.030747199	-5.8346622	0.02059148
273.28	0.030651177	-5.8347234	0.025274135
273.408	0.029290873	-5.8333932	0.028863907
273.536	0.030021696	-5.8346538	0.024378731
273.664	0.029529982	-5.834143	0.02403805
273.792	0.029464283	-5.834089	0.022637692
273.92	0.029792073	-5.8344319	0.020245207
274.048	0.029522821	-5.8343307	0.017447727
274.176	0.029465075	-5.8340476	0.02113865
274.304	0.029827728	-5.8343088	0.022948711
274.432	0.029117922	-5.8338673	0.02255283
274.56	0.029371299	-5.8343173	0.02305652
274.688	0.029027003	-5.8339064	0.021579698
274.816	0.029338313	-5.8344815	0.020875936
274.944	0.030031601	-5.8353336	0.022099467
275.072	0.029160348	-5.8344443	0.025253307
275.2	0.029860751	-5.8351167	0.0217809
275.328	0.029862074	-5.8353561	0.02150416
275.456	0.028855235	-5.8341076	0.025761744
275.584	0.029502879	-5.8344432	0.025674247
275.712	0.029666088	-5.8345399	0.026672461
275.84	0.029742762	-5.8343125	0.025734385
275.968	0.029862263	-5.8341584	0.024882914
276.096	0.029481762	-5.8337307	0.025042291
276.224	0.029745122	-5.8338321	0.022863109
276.352	0.030127498	-5.8341987	0.027706881
276.48	0.029537133	-5.8334845	0.026974139
276.608	0.03016108	-5.8339278	0.021902713
276.736	0.030560782	-5.8342547	0.022550606
276.864	0.029677617	-5.8335147	0.025909291
276.992	0.030034113	-5.8335452	0.025293846
277.12	0.0303003	-5.8335331	0.024723784
277.248	0.03040537	-5.8338787	0.027285157
277.376	0.030724055	-5.8341004	0.025775815
277.504	0.03013915	-5.8333369	0.02653883
277.632	0.030870083	-5.8336658	0.028866277
277.76	0.030354197	-5.8330837	0.028346179
277.888	0.030790768	-5.8336627	0.025292401
278.016	0.030674071	-5.8333657	0.027864161
278.144	0.030051091	-5.8327212	0.03266733
278.272	0.030771238	-5.8335203	0.028920433
278.4	0.030328201	-5.8330104	0.026881225
278.528	0.030317086	-5.8330077	0.026976757
278.656	0.031079153	-5.8338355	0.024142774
278.784	0.030677441	-5.8335578	0.023991499
278.912	0.030047566	-5.8332096	0.024173516
279.04	0.030448226	-5.8339729	0.026572801
279.168	0.030496518	-5.8342003	0.028691868
279.296	0.029975511	-5.8335546	0.028317498
279.424	0.030034285	-5.8337376	0.023799763
279.552	0.030081588	-5.8337231	0.024702874
279.68	0.030375021	-5.8343523	0.023931021
279.808	0.030248481	-5.8343352	0.020733763
279.936	0.029875194	-5.8340193	0.020683208
280.064	0.029456999	-5.8333744	0.02303272
280.192	0.030006716	-5.8343014	0.019810236
280.32	0.029797117	-5.8344451	0.022354637
280.448	0.029395294	-5.8340381	0.023535814
280.576	0.029948341	-5.8347415	0.022318872
280.704	0.029499074	-5.8347111	0.026598911
280.832	0.02932486	-5.8346605	0.02694414
280.96	0.029165774	-5.8345628	0.025609296
281.088	0.029265537	-5.8344469	0.026403545
281.216	0.029900357	-5.835003	0.020351313
281.344	0.029286379	-5.8341362	0.020428133
281.472	0.029223187	-5.8343352	0.024457112
281.6	0.029431881	-5.8342774	0.026470376
281.728	0.029383593	-5.8341539	0.025953769
281.856	0.029901719	-5.8344977	0.025192739
281.984	0.02951029	-5.8341895	0.021437996
282.112	0.029213971	-5.8339046	0.022423632
282.24	0.029343749	-5.8337753	0.025896509
282.368	0.02997799	-5.8342225	0.025562485
282.496	0.029514333	-5.8339424	0.024910166
282.624	0.02985012	-5.8342489	0.022425185
282.752	0.029890132	-5.8339634	0.026374449
282.88	0.029818615	-5.8331985	0.027817434
283.008	0.030631362	-5.8343231	0.02531845
283.136	0.029931298	-5.8335408	0.02708066
283.264	0.029951108	-5.8333711	0.027374107
283.392	0.030723943	-5.8341735	0.026782257
283.52	0.03014192	-5.8335682	0.027092221
283.648	0.030561982	-5.8339425	0.026307358
283.776	0.029782225	-5.8329223	0.028167252
283.904	0.030259116	-5.8334325	0.025235968
284.032	0.030624613	-5.8337561	0.022970845
284.16	0.030822448	-5.8336973	0.023169509
284.288	0.030553266	-5.833385	0.026382475
284.416	0.030759898	-5.8334277	0.026097537
284.544	0.030393562	-5.8332708	0.024408429
284.672	0.030809925	-5.8337401	0.025061575
284.8	0.030934382	-5.8335187	0.026919161
284.928	0.030415047	-5.8335356	0.024782386
285.056	0.030449321	-5.8337176	0.025289654
285.184	0.030197105	-5.8335097	0.02200349
285.312	0.030598079	-5.8339426	0.023134543
285.44	0.030547226	-5.8336926	0.022098817
285.568	0.030129354	-5.8334103	0.026170719
285.696	0.030127277	-5.8337293	0.02824453
285.824	0.03006729	-5.8337738	0.024139023
285.952	0.029689922	-5.8333596	0.028008805
286.08	0.030299998	-5.8347098	0.026194942
286.208	0.029492611	-5.8338324	0.028231681
286.336	0.03019323	-5.8342628	0.027776675
286.464	0.02990655	-5.8345368	0.024909601
286.592	0.029796642	-5.8345714	0.024157363
286.72	0.029681108	-5.8344047	0.026240744
286.848	0.029018316	-5.834101	0.025321165
286.976	0.029736025	-5.8345837	0.025007011
287.104	0.029269654	-5.8344333	0.025465897
287.232	0.030098428	-5.8354726	0.020135361
287.36	0.02909514	-5.8343237	0.025013048
287.488	0.029561727	-5.834725	0.022148484
287.616	0.029670931	-5.8348138	0.019886065
287.744	0.029572431	-5.8347507	0.019115248
287.872	0.029086523	-5.8343567	0.023397441
288	0.029293272	-5.8345202	0.023525814
288.128	0.028998438	-5.8341846	0.025774604
288.256	0.02940915	-5.8342392	0.026848174
288.384	0.029251972	-5.8338168	0.026329791
288.512	0.029914291	-5.8345429	0.024477141
288.64	0.030443596	-5.8351324	0.025327027
288.768	0.029067857	-5.8337	0.029637541
288.896	0.029704758	-5.8343331	0.024403345
289.024	0.029748228	-5.8339027	0.021423542
289.152	0.030012	-5.833953	0.02473389
289.28	0.030362592	-5.8341605	0.022529789
289.408	0.029498254	-5.8333516	0.02651652
289.536	0.030719544	-5.8346122	0.022558828
289.664	0.030087591	-5.833393	0.023546156
289.792	0.030171758	-5.83365	0.022326455
289.92	0.03062227	-5.8339172	0.024608207
290.048	0.030483021	-5.8336523	0.026253658
290.176	0.03023586	-5.8331525	0.02530827
290.304	0.03042651	-5.8331264	0.026994877
290.432	0.030686018	-5.83345	0.029261169
290.56	0.030805306	-5.8337619	0.025014811
290.688	0.030712836	-5.8335896	0.024997847
290.816	0.03019923	-5.8331237	0.028324745
290.944	0.030693433	-5.8335704	0.028631174
291.072	0.030832544	-5.8335083	0.026925707
291.2	0.030554392	-5.8333866	0.025829865
291.328	0.030486271	-5.8335758	0.026832091
291.456	0.029959705	-5.8327323	0.029935504
291.584	0.030247592	-5.8329144	0.027670879
291.712	0.030563941	-5.8336365	0.028544498
291.84	0.030648286	-5.8340848	0.028509057
291.968	0.029956571	-5.8332914	0.025432342
292.096	0.030157887	-5.8337885	0.024382789
292.224	0.029638038	-5.8329794	0.02540473
292.352	0.030222269	-5.8338309	0.023609117
292.48	0.030025659	-5.8337461	0.025496319
292.608	0.029829493	-5.8340726	0.026851477
292.736	0.029751201	-5.8344471	0.024197891
292.864	0.029520803	-5.8342681	0.023397591
292.992	0.029567075	-5.8346764	0.023594387
293.12	0.029797652	-5.8347709	0.024246993
293.248	0.029854782	-5.8348486	0.026114252
293.376	0.028887828	-5.8338448	0.025430012
293.504	0.029480162	-5.8348151	0.023080431
293.632	0.029497616	-5.8348545	0.027465992
293.76	0.029863307	-5.8354701	0.026255095
293.888	0.029364504	-5.8347628	0.026439259
294.016	0.029612301	-5.8350657	0.023977919
294.144	0.029591912	-5.8348698	0.022738578
294.272	0.029246392	-5.8346122	0.024242635
294.4	0.029330914	-5.8345719	0.02295957
294.528	0.029633573	-5.8345684	0.019860706
294.656	0.029956818	-5.834757	0.021798097
294.784	0.029505592	-5.8343535	0.022880172
294.912	0.029439594	-5.8339035	0.023073889
295.04	0.029563937	-5.8342494	0.024122861
295.168	0.0295497	-5.8341417	0.026908833
295.296	0.029706437	-5.8341058	0.025966431
295.424	0.029834929	-5.8340238	0.024250477
295.552	0.030138326	-5.834183	0.023622562
295.68	0.030243356	-5.8336631	0.024415996
295.808	0.029924045	-5.8334532	0.024704494
295.936	0.030314323	-5.8337525	0.024041353
296.064	0.030549458	-5.8336983	0.022785332
296.192	0.030363031	-5.8335401	0.027879425
296.32	0.030302487	-5.8332656	0.029108717
296.448	0.030729879	-5.8336237	0.029660197
296.576	0.030645154	-5.8333835	0.02826268
296.704	0.030820039	-5.8336933	0.025852269
296.832	0.030171912	-5.833218	0.033725422
296.96	0.030796279	-5.8336402	0.03025214
297.088	0.0305389	-5.8332378	0.022323665
297.216	0.030897323	-5.8337321	0.02178152
297.344	0.030588283	-5.8335893	0.026872974
297.472	0.030165972	-5.8335112	0.027274231
297.6	0.030479436	-5.833678	0.030053769
297.728	0.030539666	-5.8337818	0.029789809
297.856	0.030597843	-5.8338367	0.027395739
297.984	0.030314399	-5.8337834	0.02367047
298.112	0.029945426	-5.8336691	0.026250911
298.24	0.030465946	-5.8341098	0.02532956
298.368	0.030034482	-5.8335067	0.024773994
298.496	0.029874873	-5.8337486	0.027069334
298.624	0.02980097	-5.8339601	0.03033525
298.752	0.029590036	-5.8340585	0.028557905
298.88	0.029786943	-5.8341162	0.02722845
299.008	0.029915705	-5.8342738	0.026088093
299.136	0.029461339	-5.8341322	0.023803321
299.264	0.029517465	-5.8340588	0.023833977
299.392	0.029949322	-5.8351602	0.018535772
299.52	0.029531503	-5.8349939	0.020173539
299.648	0.028756179	-5.8341094	0.025256918
299.776	0.029675263	-5.8349066	0.02596509
299.904	0.029353138	-5.8348093	0.025291047
300.032	0.029589325	-5.8352831	0.023090677
300.16	0.029303815	-5.8347322	0.026554642
300.288	0.029883783	-5.8354362	0.024588947
300.416	0.029248737	-5.834812	0.025001417
300.544	0.028969581	-5.8343122	0.023453119
300.672	0.02936501	-5.8344688	0.021451589
300.8	0.030013767	-5.8346949	0.019130794
300.928	0.029192154	-5.8342267	0.02313972
301.056	0.029662041	-5.8346175	0.023054686
301.184	0.029778378	-5.8343201	0.024353146
301.312	0.029897161	-5.8339255	0.022562612
301.44	0.029580392	-5.8335615	0.022120201
301.568	0.030153155	-5.8343243	0.023445989
301.696	0.029712468	-5.8336881	0.03184433
301.824	0.030406868	-5.8343718	0.027439934
301.952	0.030007227	-5.8340299	0.026564864
302.08	0.030101713	-5.8337708	0.026410672
302.208	0.030586392	-5.8340379	0.024377275
302.336	0.030032855	-5.8331783	0.029884108
302.464	0.031153948	-5.8341377	0.025793866
302.592	0.030308948	-5.8330756	0.026772813
302.72	0.030134148	-5.8330404	0.026053555
302.848	0.030831738	-5.8338813	0.026606175
302.976	0.030653921	-5.8332909	0.027588077
303.104	0.030579997	-5.8333838	0.027924462
303.232	0.030632383	-5.8336396	0.024503475
303.36	0.030614866	-5.8335136	0.027838941
303.488	0.030883078	-5.8338284	0.028749801
303.616	0.030164056	-5.8331521	0.025408852
303.744	0.030309125	-5.8332713	0.025760721
303.872	0.030268469	-5.8334993	0.027617504
304	0.030522131	-5.8333568	0.024929457
304.128	0.030217195	-5.8332645	0.025892845
304.256	0.030354797	-5.8336713	0.028454339
304.384	0.030372775	-5.834042	0.026808478
304.512	0.030261862	-5.8338733	0.024134566
304.64	0.029566302	-5.8330894	0.031252022
304.768	0.029577018	-5.8334731	0.029594738
304.896	0.030269727	-5.8343299	0.022769552
305.024	0.029933966	-5.8338954	0.022451444
305.152	0.02988237	-5.8341763	0.026114823
305.28	0.029916005	-5.8346339	0.029205126
305.408	0.029822325	-5.8344699	0.025312324
305.536	0.029942425	-5.83509	0.020908918
305.664	0.0295561	-5.8345883	0.023317109
305.792	0.029114229	-5.8339216	0.024422646
305.92	0.029644905	-5.8346167	0.019833725
306.048	0.029761515	-5.8349161	0.023443406
306.176	0.029300171	-5.8344483	0.025967955
306.304	0.029285216	-5.8347226	0.021420358
306.432	0.029280638	-5.8347989	0.021740609
306.56	0.029653029	-5.8350202	0.023606892
306.688	0.029563299	-5.8348731	0.023643299
306.816	0.029520952	-5.8346598	0.021146393
306.944	0.029710929	-5.8351044	0.023095609
307.072	0.029271198	-5.8341268	0.025778213
307.2	0.029441411	-5.8344155	0.024514893
307.328	0.029310801	-5.8339856	0.029151762
307.456	0.029670868	-5.8340804	0.028080175
307.584	0.03027809	-5.8346907	0.024591849
307.712	0.029533022	-5.833843	0.023096814
307.84	0.030349376	-5.8344445	0.021168056
307.968	0.029338508	-5.8332654	0.024360504
308.096	0.030062312	-5.8341316	0.024206854
308.224	0.030329116	-5.8342117	0.023831475
308.352	0.029896059	-5.8336048	0.023714674
308.48	0.030016582	-5.833414	0.026739749
308.608	0.030708121	-5.8341112	0.024509862
308.736	0.030101322	-5.8337555	0.024754585
308.864	0.030771728	-5.8339186	0.025782126
308.992	0.030595475	-5.8334012	0.027798188
309.12	0.030584223	-5.8338572	0.029178372
309.248	0.030156925	-5.8333367	0.028787233
309.376	0.030852542	-5.8339403	0.02738175
309.504	0.030239526	-5.8329807	0.030653968
309.632	0.030463291	-5.8331491	0.026711732
309.76	0.030677745	-5.83328	0.028343955
309.888	0.030512826	-5.8334938	0.026673658
310.016	0.030652395	-5.8337144	0.025815751
310.144	0.030568156	-5.8337444	0.026692677
310.272	0.030379517	-5.8332198	0.031200321
310.4	0.030187265	-5.833338	0.026728513
310.528	0.029560763	-5.8327861	0.027525673
310.656	0.030191798	-5.8336831	0.027783833
310.784	0.03004793	-5.8336211	0.027431935
310.912	0.030250599	-5.8337006	0.02410727
311.04	0.03034388	-5.8343276	0.024198349
311.168	0.029964334	-5.8341255	0.023747656
311.296	0.029383041	-5.8339527	0.02783193
311.424	0.029649681	-5.8343962	0.027385994
311.552	0.029476584	-5.8340676	0.024646258
311.68	0.030112181	-5.83487	0.023586815
311.808	0.029352927	-5.8343571	0.0248809
311.936	0.029868521	-5.8346416	0.021557116
312.064	0.029312623	-5.8340141	0.022480799
312.192	0.029432277	-5.8344096	0.027697868
312.32	0.02984276	-5.8347534	0.023646964
312.448	0.029032874	-5.8341823	0.021080598
312.576	0.029555305	-5.834733	0.024270178
312.704	0.029456973	-5.8343078	0.023966655
312.832	0.029440856	-5.8345702	0.023659128
312.96	0.029415955	-5.8346952	0.024601101
313.088	0.029567644	-5.8346508	0.0216139
313.216	0.029543204	-5.8348863	0.024567159
313.344	0.02944971	-5.8347457	0.023642501
313.472	0.029525613	-5.834678	0.024850119
313.6	0.029659221	-5.8344714	0.026491164
313.728	0.029977873	-5.8348783	0.021484205
313.856	0.029572919	-5.8340872	0.024337424
313.984	0.029952692	-5.8345664	0.024526273
314.112	0.029702413	-5.8341247	0.02974065
314.24	0.029763772	-5.8339636	0.02985242
314.368	0.030032723	-5.8342498	0.025587886
314.496	0.030085281	-5.8339018	0.026536278
314.624	0.030170096	-5.8337504	0.027086079
314.752	0.030555887	-5.8340381	0.025415883
314.88	0.030251444	-5.8335464	0.027507453
315.008	0.030219118	-5.8334431	0.027938806
315.136	0.030763953	-5.8340009	0.02445518
315.264	0.030163106	-5.833487	0.026917226
315.392	0.030634662	-5.8338568	0.026591079
315.52	0.030392347	-5.8335999	0.028153193
315.648	0.030098729	-5.8334807	0.029181446
315.776	0.030852438	-5.8339859	0.025574181
315.904	0.030597486	-5.8333134	0.027338071
316.032	0.030337254	-5.8334608	0.025068313
316.16	0.030745982	-5.8336496	0.024273626
316.288	0.030509496	-5.8333217	0.027321898
316.416	0.030766405	-5.8336809	0.025610628
316.544	0.029474438	-5.8326822	0.030145125
316.672	0.030731185	-5.8338594	0.027470233
316.8	0.030829939	-5.83422	0.023663513
316.928	0.029853029	-5.8334444	0.026657236
317.056	0.030056843	-5.8339303	0.026915697
317.184	0.030001005	-5.8339744	0.025370383
317.312	0.030397702	-5.8342731	0.023427853
317.44	0.029507776	-5.8337482	0.025444334
317.568	0.029456404	-5.8335454	0.029956809
317.696	0.030150414	-5.8345324	0.025443228
317.824	0.029955217	-5.8343689	0.02258291
317.952	0.029572672	-5.8342829	0.026669793
318.08	0.02934386	-5.8343062	0.030146325
318.208	0.029922445	-5.8349789	0.023264874
318.336	0.029392743	-5.8343851	0.024791542
318.464	0.029646717	-5.834968	0.024995692
318.592	0.029567356	-5.8349487	0.024634157
318.72	0.029399741	-5.8345897	0.022326954
318.848	0.029251559	-5.8344359	0.020025728
318.976	0.029262816	-5.8343724	0.023945507
319.104	0.029320776	-5.8345352	0.026608173
319.232	0.029249142	-5.8345167	0.028543125
319.36	0.029464791	-5.8346058	0.023746423
319.488	0.0298891	-5.8347303	0.019150547
319.616	0.029308961	-5.8342776	0.018730965
319.744	0.029303403	-5.8341646	0.024137661
319.872	0.029787777	-5.8343353	0.023719347
320	0.029604051	-5.8342437	0.023746372
320.128	0.029838009	-5.8343225	0.026475981
320.256	0.030006506	-5.8340734	0.025583398
320.384	0.030371302	-5.8345402	0.025219715
320.512	0.029769496	-5.8340702	0.027907423
320.64	0.030011341	-5.8340323	0.028768985
320.768	0.030435377	-5.8336574	0.025912314
320.896	0.030332601	-5.8335437	0.024681288
321.024	0.030154871	-5.8335085	0.024371588
321.152	0.030042179	-5.8329655	0.024789619
321.28	0.030710006	-5.8335034	0.025258882
321.408	0.030626019	-5.8339259	0.023251868
321.536	0.030787922	-5.8339213	0.021959709
321.664	0.030110848	-5.8330394	0.028150527
321.792	0.030794783	-5.8335023	0.024434913
321.92	0.030511788	-5.8334122	0.027147739
322.048	0.030321055	-5.8331227	0.028452288
322.176	0.030403739	-5.8331478	0.030628542
322.304	0.030578779	-5.8329913	0.027958421
322.432	0.031043259	-5.8337575	0.023752554
322.56	0.030512355	-5.8332255	0.027556375
322.688	0.030566684	-5.8334475	0.026427369
322.816	0.030233519	-5.8332336	0.031864519
322.944	0.030286949	-5.8336014	0.030393208
323.072	0.030642023	-5.8340394	0.02606828
323.2	0.030288164	-5.8337144	0.028769125
323.328	0.030011053	-5.8335159	0.024415879
323.456	0.030366124	-5.8343397	0.022893107
323.584	0.029842867	-5.8340605	0.030500114
323.712	0.029770073	-5.8338331	0.025300714
323.84	0.029985924	-5.8342263	0.022212826
323.968	0.030215912	-5.8343097	0.026186041
324.096	0.029771756	-5.8337854	0.02386335
324.224	0.029526197	-5.8341654	0.024530026
324.352	0.029428266	-5.8342926	0.029146082
324.48	0.030037119	-5.8351617	0.023777997
324.608	0.02964859	-5.8348882	0.021783392
324.736	0.029301173	-5.8345939	0.027230753
324.864	0.0290603	-5.834285	0.026550468
324.992	0.02959241	-5.8345318	0.02128943
325.12	0.029879558	-5.8349832	0.021629733
325.248	0.029272533	-5.8345371	0.027734818
325.376	0.029640273	-5.834946	0.023673484
325.504	0.029565576	-5.8347481	0.018832336
325.632	0.029120416	-5.8345799	0.023252424
325.76	0.029500098	-5.8349353	0.025013409
325.888	0.029496743	-5.8347156	0.022195816
326.016	0.029591115	-5.834501	0.019219354
326.144	0.029707056	-5.8342733	0.022380753
326.272	0.029802702	-5.8340815	0.02332037
326.4	0.029588408	-5.8338432	0.024452453
326.528	0.030001837	-5.8342381	0.023672965
326.656	0.029650691	-5.8337619	0.022868891
326.784	0.029827722	-5.8337238	0.026640029
326.912	0.030382398	-5.8342514	0.027978193
327.04	0.030302997	-5.8337623	0.024663928
327.168	0.030292479	-5.8339516	0.027428702
327.296	0.029686638	-5.8332446	0.026715025
327.424	0.030446574	-5.8335349	0.026485441
327.552	0.03046131	-5.8336548	0.030486698
327.68	0.030987201	-5.8339952	0.029965747
327.808	0.030321577	-5.8332223	0.029182637
327.936	0.030265293	-5.8335378	0.029158527
328.064	0.030702545	-5.8337086	0.028215336
328.192	0.030296392	-5.8334131	0.026443028
328.32	0.031072403	-5.8339714	0.025820378
328.448	0.030514879	-5.8333555	0.028669149
328.576	0.030492576	-5.8332976	0.02535896
328.704	0.030421711	-5.8333091	0.026456163
328.832	0.030763254	-5.8334256	0.023473267
328.96	0.030438657	-5.8332085	0.024985911
329.088	0.030601143	-5.8336383	0.026547885
329.216	0.030243863	-5.8332844	0.026358721
329.344	0.03006485	-5.8332548	0.027851919
329.472	0.03071617	-5.8341452	0.021910768
329.6	0.03052475	-5.8340063	0.024659428
329.728	0.030049325	-5.8338721	0.026391255
329.856	0.029650225	-5.8334092	0.027380621
329.984	0.030305194	-5.8343868	0.024719978
330.112	0.029841412	-5.8340425	0.021206606
330.24	0.029845278	-5.834173	0.024440572
330.368	0.029531596	-5.8341354	0.026865509
330.496	0.029656019	-5.8343322	0.024289133
330.624	0.029627777	-5.8346741	0.023230986
330.752	0.029782278	-5.834818	0.017893149
330.88	0.029668175	-5.834516	0.021938288
331.008	0.029238709	-5.8344098	0.024677054
331.136	0.029415474	-5.8345688	0.024776333
331.264	0.029353122	-5.834566	0.02483658
331.392	0.029744951	-5.8351482	0.024457391
331.52	0.029627276	-5.8348051	0.025404565
331.648	0.029339335	-5.8346987	0.026135416
331.776	0.02941621	-5.834794	0.024701904
331.904	0.029666353	-5.8347524	0.022364618
332.032	0.028888865	-5.83392	0.027697806
332.16	0.029771245	-5.8348293	0.025068257
332.288	0.029777651	-5.8349581	0.024138383
332.416	0.029460716	-5.8345695	0.025011683
332.544	0.029411848	-5.8345801	0.026594786
332.672	0.030058258	-5.8346183	0.02205236
332.8	0.029448866	-5.8338275	0.024392991
332.928	0.029739058	-5.8340139	0.024228686
333.056	0.030405949	-5.8345535	0.026547046
333.184	0.03009015	-5.834483	0.025331308
333.312	0.029589562	-5.8337428	0.025134301
333.44	0.030490531	-5.8343658	0.026944155
333.568	0.029868049	-5.8333824	0.026906128
333.696	0.03039832	-5.8335897	0.025071065
333.824	0.030434007	-5.8334935	0.025555009
333.952	0.030383048	-5.8335364	0.026138575
334.08	0.030738171	-5.8337496	0.027148692
334.208	0.030569585	-5.8334813	0.026848472
334.336	0.030877436	-5.8335443	0.025195795
334.464	0.030462604	-5.8329146	0.03103272
334.592	0.030427955	-5.8329351	0.027750057
334.72	0.030704056	-5.8333868	0.027197026
334.848	0.03022173	-5.8331941	0.025220876
334.976	0.030623321	-5.8333947	0.021952973
335.104	0.030784733	-5.833509	0.027397084
335.232	0.030683154	-5.8335587	0.028702033
335.36	0.030455586	-5.83355	0.027548849
335.488	0.030074749	-5.8334749	0.030305192
335.616	0.030345837	-5.8338013	0.028633404
335.744	0.030490897	-5.8340393	0.025662403
335.872	0.030642169	-5.8341529	0.023842214
336	0.029985494	-5.8335617	0.025711807
336.128	0.030349167	-5.8341611	0.024854794
336.256	0.029413368	-5.8335159	0.026346831
336.384	0.029720013	-5.8338882	0.025423285
336.512	0.029888918	-5.8342572	0.02562812
336.64	0.029514733	-5.834271	0.025780237
336.768	0.030090545	-5.8345712	0.025901035
336.896	0.029344248	-5.8339917	0.027526835
337.024	0.029193923	-5.8339948	0.026281423
337.152	0.029685175	-5.8349648	0.022814822
337.28	0.029796004	-5.8353402	0.022214066
337.408	0.029270088	-5.8347355	0.024735682
337.536	0.029270511	-5.8342843	0.026593441
337.664	0.02912751	-5.834175	0.022784275
337.792	0.02952047	-5.8349096	0.020159052
337.92	0.029184104	-5.8344446	0.026751782
338.048	0.029631524	-5.8351224	0.025876667
338.176	0.029187038	-5.8342319	0.025553821
338.304	0.029172069	-5.8340385	0.025926731
338.432	0.028803787	-5.833785	0.026829565
338.56	0.029474229	-5.8346004	0.023970022
338.688	0.029840642	-5.8348776	0.024873228
338.816	0.029559972	-5.8346623	0.027821643
338.944	0.029989154	-5.8347561	0.021681074
339.072	0.029804999	-5.8343817	0.026675164
339.2	0.029703277	-5.833965	0.027362502
339.328	0.029947705	-5.834313	0.023923577
339.456	0.029944066	-5.8340919	0.027216593
339.584	0.029844023	-5.8339055	0.026923847
339.712	0.029720021	-5.8336676	0.024408251
339.84	0.030059682	-5.8337249	0.025729054
339.968	0.030516812	-5.8343366	0.028337574
340.096	0.030676528	-5.8341322	0.026884269
340.224	0.030385736	-5.833902	0.026001394
340.352	0.030335607	-5.8338251	0.028964822
340.48	0.030847942	-5.8338511	0.027020688
340.608	0.030313261	-5.8330826	0.025250489
340.736	0.031223186	-5.8338796	0.02292961
340.864	0.03102047	-5.8338343	0.023212093
340.992	0.030460864	-5.8330514	0.025107988
341.12	0.031037472	-5.8334754	0.024996219
341.248	0.030675706	-5.832954	0.027454731
341.376	0.03092786	-5.8333299	0.027454865
341.504	0.030000912	-5.8328683	0.028154915
341.632	0.030563025	-5.833477	0.024140727
341.76	0.030624014	-5.8336436	0.023975308
341.888	0.030025022	-5.8333534	0.025553834
342.016	0.030588661	-5.833716	0.024184104
342.144	0.030479483	-5.8338404	0.02357683
342.272	0.029802877	-5.833182	0.027341323
342.4	0.030434219	-5.8339779	0.02665484
342.528	0.02971108	-5.8335415	0.027592735
342.656	0.029761821	-5.8339714	0.025638735
342.784	0.029922496	-5.8341528	0.025880667
342.912	0.030129595	-5.8346821	0.024708386
343.04	0.0295002	-5.8339235	0.026811335
343.168	0.029227176	-5.8339621	0.023617156
343.296	0.029740919	-5.8344557	0.022315234
343.424	0.029657983	-5.8347973	0.023168426
343.552	0.029431296	-5.8344456	0.023971881
343.68	0.029321613	-5.834434	0.023328883
343.808	0.029458151	-5.8345293	0.021770959
343.936	0.029129586	-5.8343719	0.023170263
344.064	0.02927561	-5.8345383	0.02220454
344.192	0.029497039	-5.8349275	0.0250679
344.32	0.02913449	-5.8347184	0.021645669
344.448	0.029345288	-5.8347746	0.025992824
344.576	0.029515947	-5.8346123	0.024707345
344.704	0.029313202	-5.8344528	0.026100637
344.832	0.029270713	-5.8341769	0.029462571
344.96	0.029251222	-5.8343238	0.028102382
345.088	0.029865796	-5.8345796	0.023671124
345.216	0.029820277	-5.8347703	0.025673366
345.344	0.029428333	-5.8342119	0.028728834
345.472	0.029903922	-5.8342967	0.023242161
345.6	0.029953592	-5.83424	0.025404339
345.728	0.029744668	-5.8339735	0.027207109
345.856	0.030021697	-5.8337966	0.026761557
345.984	0.029674892	-5.8331111	0.030113341
346.112	0.030253338	-5.8339659	0.026823076
346.24	0.03035812	-5.8339057	0.027494045
346.368	0.03047774	-5.8336459	0.025817568
346.496	0.03032597	-5.8333718	0.028774668
346.624	0.030846175	-5.8339195	0.026427962
346.752	0.030531817	-5.8335713	0.024219074
346.88	0.030843917	-5.8339164	0.026344992
347.008	0.030219816	-5.8333329	0.026583831
347.136	0.030523919	-5.8338457	0.024267768
347.264	0.030450566	-5.833798	0.024596902
347.392	0.030704063	-5.8338513	0.029040478
347.52	0.030775733	-5.8336275	0.030623013
347.648	0.030646236	-5.8333999	0.027734288
347.776	0.030515061	-5.8333342	0.028042321
347.904	0.030687193	-5.8335662	0.025998614
348.032	0.030426091	-5.8336631	0.023610631
348.16	0.030445915	-5.8336579	0.026988398
348.288	0.03041521	-5.8334456	0.027951027
348.416	0.029709325	-5.8331378	0.029203304
348.544	0.030425195	-5.8342443	0.029351751
348.672	0.030674496	-5.8347801	0.02558444
348.8	0.029658254	-5.833794	0.026017758
348.928	0.030527003	-5.8346441	0.025000265
349.056	0.029920435	-5.8340185	0.026692467
349.184	0.029469126	-5.8339325	0.02538663
349.312	0.030208731	-5.8347194	0.022775671
349.44	0.029470241	-5.8339466	0.025424057
349.568	0.029911474	-5.8345097	0.022060575
349.696	0.02943694	-5.833907	0.021736574
349.824	0.029228954	-5.8342289	0.023450408
349.952	0.029605764	-5.8348559	0.022344146
350.08	0.029628007	-5.8348195	0.017898571
350.208	0.029216063	-5.8343555	0.020794801
350.336	0.029483552	-5.8348474	0.022297508
350.464	0.029338044	-5.8346402	0.024463655
350.592	0.029579666	-5.8351705	0.025714242
350.72	0.029265077	-5.8343555	0.023472739
350.848	0.029216954	-5.8343379	0.023676646
350.976	0.029988802	-5.835258	0.023774171
351.104	0.029077509	-5.8340471	0.028650575
351.232	0.029540591	-5.8343959	0.028739413
351.36	0.029528283	-5.8347514	0.025481939
351.488	0.029391974	-5.8342511	0.025719933
351.616	0.030117906	-5.8344941	0.024040508
351.744	0.029763585	-5.8341488	0.022930534
351.872	0.030023836	-5.8343081	0.024670528
352	0.02968971	-5.8337544	0.026519256
352.128	0.03005766	-5.8341493	0.024877093
352.256	0.029772365	-5.8334603	0.026432458
352.384	0.030237694	-5.8340167	0.025830097
352.512	0.029982474	-5.833591	0.026594334
352.64	0.030078747	-5.8336819	0.027546977
352.768	0.030649153	-5.8338758	0.024697849
352.896	0.030734839	-5.8335336	0.02632542
353.024	0.030230602	-5.8331775	0.030368786
353.152	0.030782329	-5.8341624	0.026265262
353.28	0.030297126	-5.8333893	0.028517337
353.408	0.03080021	-5.8338529	0.028197182
353.536	0.030433864	-5.8337047	0.029240911
353.664	0.031622115	-5.8347989	0.023804403
353.792	0.030135871	-5.8331167	0.031128004
353.92	0.030640653	-5.8335878	0.027083353
354.048	0.030475307	-5.8334596	0.028659336
354.176	0.030641731	-5.8337278	0.032652328
354.304	0.030007446	-5.8332367	0.029372266
354.432	0.030453903	-5.8336534	0.023750359
354.56	0.030580473	-5.8339221	0.022020436
354.688	0.030498059	-5.8340487	0.021311871
354.816	0.030413426	-5.8340745	0.02198184
354.944	0.029698986	-5.8333922	0.025810997
355.072	0.029708888	-5.8334272	0.028287076
355.2	0.029786463	-5.8336555	0.025947403
355.328	0.030121019	-5.8339398	0.025499386
355.456	0.029732179	-5.834091	0.023077868
355.584	0.02968446	-5.8341704	0.023778861
355.712	0.029337456	-5.8342047	0.026663085
355.84	0.03006051	-5.8350443	0.022420727
355.968	0.028973329	-5.833797	0.023428585
356.096	0.029645517	-5.8344769	0.022214279
356.224	0.029290368	-5.8343184	0.024915924
356.352	0.029833131	-5.8348475	0.023796774
356.48	0.029170035	-5.8344325	0.025706193
356.608	0.029086564	-5.834328	0.023628518
356.736	0.029316035	-5.8345764	0.021084839
356.864	0.028990238	-5.8342335	0.024596072
356.992	0.030025332	-5.835222	0.023876158
357.12	0.029048035	-5.8341708	0.026563334
357.248	0.029645951	-5.8344777	0.020763886
357.376	0.029327671	-5.8340784	0.021662614
357.504	0.029786398	-5.8344918	0.023493681
357.632	0.029330262	-5.8341829	0.024434086
357.76	0.030237673	-5.8347573	0.020972359
357.888	0.029277552	-5.8337834	0.025972464
358.016	0.030117775	-5.8344544	0.024152289
358.144	0.02979664	-5.8341112	0.028295541
358.272	0.029840956	-5.8340957	0.03121319
358.4	0.030087525	-5.8341123	0.027777574
358.528	0.030050178	-5.834061	0.024249156
358.656	0.030635698	-5.8342844	0.0186765
358.784	0.030321329	-5.8339613	0.024399538
358.912	0.030294004	-5.8338132	0.028937471
359.04	0.03014964	-5.833357	0.030528676
359.168	0.030648696	-5.833449	0.030097485
359.296	0.030142357	-5.832991	0.028579944
359.424	0.030069165	-5.8325686	0.027237706
359.552	0.03121407	-5.8338272	0.025655942
359.68	0.030384337	-5.833172	0.028008278
359.808	0.029995828	-5.8330017	0.03130054
359.936	0.030650926	-5.8333836	0.026677485
360.064	0.030501351	-5.8336108	0.023738325
360.192	0.031224151	-5.8343197	0.026646169
360.32	0.030372871	-5.8334772	0.027265116
360.448	0.030344672	-5.8333863	0.022678717
360.576	0.030634757	-5.8335719	0.024665845
360.704	0.030291136	-5.8332153	0.025982428
360.832	0.030217728	-5.8332284	0.026268461
360.96	0.030402411	-5.8337723	0.026600808
361.088	0.0299187	-5.8335467	0.02926618
361.216	0.030172386	-5.8340405	0.024183146
361.344	0.030131481	-5.8343758	0.024778545
361.472	0.029447387	-5.8339236	0.027974567
361.6	0.030352923	-5.8348656	0.023557498
361.728	0.029754571	-5.8345036	0.027341584
361.856	0.029239589	-5.8336857	0.027666821
361.984	0.029843679	-5.8343512	0.021350779
362.112	0.029382334	-5.8339745	0.02643887
362.24	0.029681643	-5.8347199	0.025332441
362.368	0.029441062	-5.8345121	0.026187478
362.496	0.029567577	-5.8346946	0.023824518
362.624	0.029686803	-5.8346486	0.021504339
362.752	0.029735626	-5.8342768	0.021753695
362.88	0.028892919	-5.8337782	0.022980055
363.008	0.029062546	-5.8343253	0.021938498
363.136	0.029433105	-5.8345204	0.021260278
363.264	0.029764082	-5.8348379	0.024772259
363.392	0.029187345	-5.8342406	0.027631121
363.52	0.029429627	-5.8343151	0.024175198
363.648	0.030036849	-5.8351345	0.022405192
363.776	0.029358354	-5.8342498	0.024485554
363.904	0.029770805	-5.8347403	0.026784021
364.032	0.029481138	-5.8340497	0.026143731
364.16	0.029845914	-5.8340296	0.020062296
364.288	0.029914831	-5.8341659	0.023119535
364.416	0.030118939	-5.8339056	0.029405144
364.544	0.029511758	-5.8336441	0.03041806
364.672	0.029884377	-5.8337298	0.029677515
364.8	0.030048587	-5.8334951	0.026532431
364.928	0.030457719	-5.8338424	0.021332804
365.056	0.029959939	-5.8335795	0.028090962
365.184	0.030365006	-5.8336446	0.026500129
365.312	0.030382211	-5.8336957	0.024890185
365.44	0.030755329	-5.8338004	0.024207658
365.568	0.030322393	-5.8333892	0.027470707
365.696	0.030801187	-5.8335422	0.025987897
365.824	0.030911661	-5.8339932	0.025300015
365.952	0.030214277	-5.8333557	0.028736513
366.08	0.030700514	-5.8335791	0.029243647
366.208	0.030437221	-5.8333745	0.029206874
366.336	0.03077827	-5.8340082	0.026488933
366.464	0.031140517	-5.8344871	0.024552703
366.592	0.030040319	-5.8331894	0.0285308
366.72	0.030780226	-5.8339076	0.027882426
366.848	0.030576487	-5.8335139	0.026745325
366.976	0.030355541	-5.8333376	0.02396288
367.104	0.030222883	-5.8335606	0.026410213
367.232	0.029862016	-5.8334584	0.027931248
367.36	0.030163985	-5.8338171	0.026899409
367.488	0.030051696	-5.8338545	0.027340574
367.616	0.030189526	-5.834174	0.024727936
367.744	0.030103205	-5.8338452	0.025668436
367.872	0.02967441	-5.8338153	0.023194672
368	0.029826617	-5.8342348	0.025592547
368.128	0.029484714	-5.8342683	0.025926399
368.256	0.02961193	-5.8343994	0.026737518
368.384	0.029800572	-5.834562	0.023722625
368.512	0.029124818	-5.834136	0.024256427
368.64	0.029709388	-5.8347159	0.023056072
368.768	0.029594153	-5.8349986	0.023016887
368.896	0.029682116	-5.834777	0.025859637
369.024	0.029473105	-5.8344529	0.022482585
369.152	0.029133233	-5.8340361	0.021000656
369.28	0.029553912	-5.8348894	0.021898342
369.408	0.029457351	-5.83495	0.02321973
369.536	0.029368923	-5.8344668	0.022503977
369.664	0.0292042	-5.8341649	0.022623557
369.792	0.029587658	-5.8346475	0.024834913
369.92	0.029899607	-5.8349347	0.024694929
370.048	0.029810576	-5.8346061	0.026182565
370.176	0.029533922	-5.8342067	0.025113824
370.304	0.029814474	-5.835001	0.020947474
370.432	0.02960629	-5.8343682	0.025470372
370.56	0.030232554	-5.8347843	0.026115295
370.688	0.029612218	-5.8340642	0.028925413
370.816	0.030234507	-5.8344536	0.024367849
370.944	0.029978896	-5.8339243	0.023741044
371.072	0.02961893	-5.8330953	0.024927244
371.2	0.030110204	-5.8337637	0.024497569
371.328	0.030020345	-5.8335869	0.026968645
371.456	0.030262101	-5.8336961	0.02803223
371.584	0.030377672	-5.833656	0.026237083
371.712	0.030491993	-5.8336856	0.02418857
371.84	0.030088879	-5.8332077	0.02739216
371.968	0.03075483	-5.8338319	0.025482979
372.096	0.030898509	-5.833848	0.023612509
372.224	0.030468518	-5.8335976	0.026573585
372.352	0.030180993	-5.8331302	0.031714726
372.48	0.031267931	-5.8341757	0.026056115
372.608	0.030282079	-5.8332871	0.028156044
372.736	0.03039372	-5.8331874	0.029943196
372.864	0.030992159	-5.8341398	0.028473997
372.992	0.030886561	-5.8341406	0.027318808
373.12	0.030221309	-5.8336283	0.027282731
373.248	0.030044361	-5.8335663	0.026750517
373.376	0.030394817	-5.8338259	0.024767333
373.504	0.030317524	-5.8338223	0.022481566
373.632	0.030044192	-5.8337576	0.02513589
373.76	0.03057855	-5.8342973	0.028089668
373.888	0.029966518	-5.8335646	0.029374009
374.016	0.030020832	-5.834017	0.026389877
374.144	0.030128174	-5.834145	0.022743759
374.272	0.029331049	-5.833936	0.024322815
374.4	0.029936377	-5.8348288	0.02405707
374.528	0.030001772	-5.8347249	0.022009067
374.656	0.029469081	-5.8344336	0.020906352
374.784	0.028814709	-5.8332103	0.026513943
374.912	0.02989384	-5.8345993	0.02218222
375.04	0.029721693	-5.8348318	0.021104315
375.168	0.029582616	-5.8347104	0.023017309
375.296	0.029378007	-5.8345136	0.02496585
375.424	0.029467608	-5.8347374	0.023620029
375.552	0.029021391	-5.8343952	0.023567838
375.68	0.029429858	-5.8347159	0.019999005
375.808	0.029236754	-5.8346267	0.024101102
375.936	0.029826008	-5.8350707	0.023930593
376.064	0.029259202	-5.8342411	0.021530406
376.192	0.029851368	-5.8349948	0.020349637
376.32	0.029449288	-5.8346685	0.024902572
376.448	0.029703589	-5.8344689	0.027329962
376.576	0.029760068	-5.8341765	0.026892089
376.704	0.030001131	-5.8343811	0.025187877
376.832	0.029741593	-5.8339303	0.029511806
376.96	0.030000475	-5.8342313	0.027607574
377.088	0.02996899	-5.833916	0.025666128
377.216	0.029933204	-5.8338745	0.026756286
377.344	0.030184038	-5.8339331	0.023469619
377.472	0.030683552	-5.8343468	0.026275249
377.6	0.029869471	-5.8333502	0.028376132
377.728	0.03028734	-5.8337768	0.025409083
377.856	0.030338716	-5.8337789	0.027178494
377.984	0.030890025	-5.8339925	0.024984677
378.112	0.030540188	-5.8337204	0.024967861
378.24	0.030449969	-5.8335674	0.025414223
378.368	0.030294842	-5.8334885	0.02403599
378.496	0.030329057	-5.8333493	0.023759378
378.624	0.030576934	-5.833187	0.027942854
378.752	0.03069442	-5.8335545	0.027470557
378.88	0.030706153	-5.8335662	0.027462312
379.008	0.030543643	-5.8337657	0.028297997
379.136	0.030454792	-5.8339584	0.032132327
379.264	0.030541333	-5.8337904	0.028956688
379.392	0.030218825	-5.8334035	0.025768357
379.52	0.030291037	-5.8335105	0.031275149
379.648	0.030594809	-5.8334792	0.02542987
379.776	0.030230328	-5.8331693	0.025842037
379.904	0.030537721	-5.8339872	0.024221209
380.032	0.029665563	-5.8333276	0.02264693
380.16	0.030699894	-5.8344636	0.019843288
380.288	0.029417151	-5.833662	0.026063754
380.416	0.02960598	-5.8341657	0.028075898
380.544	0.029985825	-5.8343207	0.026449839
380.672	0.02990116	-5.8344775	0.025719786
380.8	0.029164277	-5.8341524	0.025313874
380.928	0.029961873	-5.8352125	0.022820484
381.056	0.02933424	-5.8344304	0.026841405
381.184	0.029349164	-5.8345218	0.02420214
381.312	0.030012689	-5.8352578	0.021582278
381.44	0.02960302	-5.8347542	0.022982197
381.568	0.029530021	-5.8347218	0.023723598
381.696	0.02868064	-5.833884	0.026351633
381.824	0.030180233	-5.8352665	0.019963335
381.952	0.029298139	-5.8342788	0.02421542
382.08	0.029249934	-5.8342498	0.023297561
382.208	0.029308675	-5.8343166	0.020401001
382.336	0.029684801	-5.8346747	0.022582956
382.464	0.028968176	-5.8338636	0.028481885
382.592	0.029995951	-5.8347712	0.019785999
382.72	0.02976114	-5.8347398	0.019828751
382.848	0.029962559	-5.834662	0.022909684
382.976	0.029721686	-5.8341983	0.024013941
383.104	0.030035488	-5.8344146	0.024634352
383.232	0.030118887	-5.8344728	0.025532526
383.36	0.029446629	-5.8338336	0.029175643
383.488	0.030465567	-5.834372	0.025293844
383.616	0.030013107	-5.8337768	0.027154916
383.744	0.029940811	-5.8336984	0.02940366
383.872	0.030020922	-5.8337353	0.030373101
384	0.030227038	-5.8334597	0.023281941
384.128	0.030272655	-5.8333389	0.023700729
384.256	0.030976279	-5.8343135	0.023962623
384.384	0.030358234	-5.8332629	0.025827072
384.512	0.030457901	-5.8334417	0.024677526
384.64	0.030502218	-5.833351	0.026820124
384.768	0.030636875	-5.8335725	0.027124385
384.896	0.030348355	-5.8333001	0.028435894
385.024	0.030390463	-5.8332396	0.02617856
385.152	0.030283916	-5.8333137	0.028262041
385.28	0.03070445	-5.8339689	0.027501368
385.408	0.030341923	-5.8335374	0.029335848
385.536	0.029901456	-5.8330698	0.032137291
385.664	0.030902478	-5.8343028	0.025106795
385.792	0.030709061	-5.8340673	0.025717291
385.92	0.029925652	-5.833514	0.029833272
386.048	0.030090477	-5.8336731	0.026665516
386.176	0.03023017	-5.8338501	0.025927231
386.304	0.029949012	-5.833666	0.029095008
386.432	0.029930595	-5.8339425	0.024715557
386.56	0.029983688	-5.8341441	0.023630079
386.688	0.029841531	-5.8340317	0.024314912
386.816	0.030236884	-5.8343986	0.023506873
386.944	0.030300429	-5.8346912	0.02605601
387.072	0.029506192	-5.8339026	0.026546396
387.2	0.029289377	-5.8340686	0.02733412
387.328	0.02971407	-5.834348	0.0246449
387.456	0.029883325	-5.8344655	0.021815254
387.584	0.029242058	-5.8342766	0.025854955
387.712	0.029650298	-5.835147	0.025706521
387.84	0.029071466	-5.8342443	0.023762726
387.968	0.029488575	-5.8348054	0.024414619
388.096	0.029633634	-5.8346793	0.024568305
388.224	0.029764994	-5.8348371	0.02341333
388.352	0.029250347	-5.8345356	0.024648879
388.48	0.029122565	-5.8343427	0.023235108
388.608	0.029719156	-5.8349947	0.024501524
388.736	0.029463862	-5.8344447	0.024636764
388.864	0.029212575	-5.8339291	0.023041781
388.992	0.030098408	-5.8347239	0.021561758
389.12	0.02981054	-5.8346546	0.022508906
389.248	0.029740189	-5.8343223	0.025613478
389.376	0.02985004	-5.834288	0.024823006
389.504	0.029336271	-5.8335326	0.026545038
389.632	0.030041244	-5.8344101	0.025064998
389.76	0.029589638	-5.8337165	0.026339341
389.888	0.029811703	-5.8335347	0.025643723
390.016	0.03018572	-5.8338314	0.025878599
390.144	0.030171733	-5.8336142	0.022954388
390.272	0.030357989	-5.8337757	0.021908365
390.4	0.030005033	-5.8334502	0.026395641
390.528	0.030841419	-5.8340592	0.023311956
390.656	0.030659486	-5.8336952	0.024083817
390.784	0.030381995	-5.8334708	0.027377858
390.912	0.030906275	-5.8338671	0.024512031
391.04	0.030253249	-5.8329039	0.024206826
391.168	0.030423275	-5.833052	0.024154905
391.296	0.031081126	-5.8340243	0.024816573
391.424	0.030368786	-5.8333761	0.029341655
391.552	0.030908628	-5.833955	0.029407156
391.68	0.030313554	-5.8334319	0.02749978
391.808	0.030845174	-5.8338585	0.025381957
391.936	0.030257338	-5.8332955	0.029817317
392.064	0.030004874	-5.8332518	0.029256443
392.192	0.030418884	-5.8341545	0.027342698
392.32	0.030295614	-5.8341226	0.026214396
392.448	0.030255332	-5.8338806	0.025927827
392.576	0.029635747	-5.8334537	0.024872931
392.704	0.030070104	-5.8337566	0.024853033
392.832	0.029902807	-5.8337008	0.030420786
392.96	0.030165054	-5.8342792	0.026278265
393.088	0.029982046	-5.8341271	0.025332
393.216	0.029811139	-5.8342253	0.027929917
393.344	0.029761482	-5.834363	0.025241235
393.472	0.029698961	-5.8343159	0.025707349
393.6	0.029444808	-5.8341898	0.02254493
393.728	0.029647061	-5.834595	0.022867163
393.856	0.029327483	-5.8341395	0.025047507
393.984	0.029873619	-5.8349847	0.022463172
394.112	0.029364191	-5.8344242	0.029480664
394.24	0.029187659	-5.8343672	0.029915237
394.368	0.029628442	-5.8349898	0.025163286
394.496	0.030185541	-5.8356146	0.021187798
394.624	0.029366696	-5.8346169	0.019079581
394.752	0.029351508	-5.8344106	0.021798723
394.88	0.029846315	-5.8347999	0.022070457
395.008	0.029499084	-5.8345555	0.022301668
395.136	0.029365933	-5.8343035	0.023065774
395.264	0.029219349	-5.8340028	0.024103324
395.392	0.029898898	-5.8343741	0.022894489
395.52	0.029576044	-5.8338401	0.02395246
395.648	0.029333216	-5.833671	0.024970276
395.776	0.030121373	-5.8343542	0.020833592
395.904	0.029682759	-5.8337551	0.024863308
396.032	0.029889345	-5.8340084	0.025959355
396.16	0.03058141	-5.8347231	0.023804529
396.288	0.029950307	-5.8335891	0.025449972
396.416	0.03058768	-5.8340588	0.025397198
396.544	0.029600996	-5.832953	0.025845502
396.672	0.03006743	-5.8331019	0.021560653
396.8	0.030237616	-5.8332658	0.025814524
396.928	0.030707058	-5.8337136	0.02362345
397.056	0.030163578	-5.8333092	0.029908008
397.184	0.030999095	-5.8338862	0.027392406
397.312	0.030598746	-5.8333336	0.027068816
397.44	0.030951323	-5.833891	0.029322337
397.568	0.030513376	-5.8333067	0.033167989
397.696	0.029978014	-5.8327005	0.031893777
397.824	0.030746014	-5.8332637	0.026489942
397.952	0.030456488	-5.8333842	0.028027344
398.08	0.030637187	-5.8339544	0.027335297
398.208	0.030576787	-5.834389	0.0288069
398.336	0.030496093	-5.8336765	0.026856103
398.464	0.03068868	-5.8337552	0.023158561
398.592	0.029491727	-5.8330296	0.028273503
398.72	0.030118172	-5.8336596	0.026586982
398.848	0.03042709	-5.8340116	0.024685375
398.976	0.030185671	-5.8335291	0.027843529
399.104	0.029882082	-5.8336985	0.028479412
399.232	0.030377953	-5.8343048	0.024582369
399.36	0.029948121	-5.8342556	0.024879032
399.488	0.029828747	-5.8343252	0.025417188
399.616	0.029505291	-5.8340643	0.025642706
399.744	0.029547665	-5.8343374	0.020317199
399.872	0.029753386	-5.8344219	0.020666868
400	0.0297027	-5.8345078	0.021866229
400.128	0.029700804	-5.8343331	0.022479206
400.256	0.02947302	-5.8341972	0.023185591
400.384	0.029327006	-5.8343488	0.022230863
400.512	0.029034707	-5.8341428	0.025477497
400.64	0.02988778	-5.8350675	0.02325433
400.768	0.029441676	-5.8347369	0.02459714
400.896	0.029043085	-5.8342241	0.024709077
401.024	0.029503071	-5.8346923	0.018992218
401.152	0.029698908	-5.834839	0.02323642
401.28	0.029418851	-5.8346993	0.024243037
401.408	0.029546427	-5.8345859	0.022602962
401.536	0.029372887	-5.8339185	0.024726035
401.664	0.02947659	-5.8341602	0.024886403
401.792	0.029362183	-5.8340431	0.026733827
401.92	0.030184611	-5.8345286	0.024394234
402.048	0.029689487	-5.8337035	0.026090692
402.176	0.029604145	-5.8334131	0.027423986
402.304	0.030279918	-5.8340447	0.023887312
402.432	0.030030739	-5.8336584	0.024276543
402.56	0.029755507	-5.8336271	0.024803564
402.688	0.030362096	-5.8340268	0.023697239
402.816	0.030567999	-5.8336618	0.022713989
402.944	0.030478622	-5.8336107	0.025860538
403.072	0.030189403	-5.8330088	0.029971476
403.2	0.030143538	-5.8330661	0.028504836
403.328	0.030764978	-5.8337024	0.026667413
403.456	0.029908178	-5.8325682	0.031645575
403.584	0.030882944	-5.8336222	0.025523014
403.712	0.03049544	-5.8333154	0.023378603
403.84	0.030342569	-5.8332755	0.027694166
403.968	0.030729801	-5.8332253	0.029173682
404.096	0.03085853	-5.8333928	0.02782101
404.224	0.030281821	-5.8330971	0.029240353
404.352	0.030908017	-5.8340869	0.026602662
404.48	0.030602576	-5.8337625	0.025537239
404.608	0.030266268	-5.8331871	0.031236138
404.736	0.030071459	-5.8333087	0.029825295
404.864	0.030434075	-5.8338757	0.025376171
404.992	0.03062234	-5.834044	0.025060498
405.12	0.029881362	-5.8335912	0.027185095
405.248	0.030719801	-5.8344894	0.023745924
405.376	0.029968504	-5.8337564	0.026273246
405.504	0.029893391	-5.8340959	0.024098786
405.632	0.029567891	-5.8333081	0.02615306
405.76	0.030087507	-5.83418	0.022007588
405.888	0.030107622	-5.8347229	0.020251161
406.016	0.029614527	-5.8344554	0.024244411
406.144	0.02898745	-5.8338755	0.02494703
406.272	0.029771803	-5.8348856	0.025663399
406.4	0.029074534	-5.8341318	0.024555323
406.528	0.029808181	-5.8350449	0.020090434
406.656	0.029209053	-5.8344175	0.029260709
406.784	0.028849583	-5.8339632	0.028737589
406.912	0.029819745	-5.8350842	0.022159869
407.04	0.028637096	-5.8337318	0.025833306
407.168	0.029712905	-5.8349044	0.018193796
407.296	0.029205152	-5.8344716	0.021814948
407.424	0.029508453	-5.8344353	0.025264368
407.552	0.030015133	-5.8350508	0.019081934
407.68	0.029351617	-5.8342117	0.021967616
407.808	0.02954345	-5.8344215	0.023591681
407.936	0.029856503	-5.8347789	0.023082279
408.064	0.029752295	-5.8343298	0.024677083
408.192	0.029679032	-5.8341531	0.022639423
408.32	0.029621887	-5.8338902	0.02497254
408.448	0.029618988	-5.8337194	0.024619718
408.576	0.029759616	-5.8338446	0.025635694
408.704	0.030165952	-5.8342364	0.025503216
408.832	0.029965624	-5.8337049	0.028915689
408.96	0.030671825	-5.834304	0.027021349
409.088	0.030541254	-5.8338613	0.02818303
409.216	0.030348312	-5.8335432	0.030578704
409.344	0.030326269	-5.8333906	0.030318809
409.472	0.030592946	-5.8335845	0.028178875
409.6	0.030018647	-5.8328367	0.029490175
409.728	0.030844664	-5.8334105	0.027295069
409.856	0.030638931	-5.8336265	0.027679906
409.984	0.030182053	-5.8331056	0.02788454
410.112	0.03077297	-5.8336338	0.026080815
410.24	0.030420031	-5.8332055	0.026288161
410.368	0.030535195	-5.8334745	0.024897256
410.496	0.030944873	-5.8336318	0.024950936
410.624	0.030863797	-5.8337138	0.025760941
410.752	0.030332191	-5.8329845	0.027065938
410.88	0.030635704	-5.8337658	0.025285871
411.008	0.03026869	-5.8334691	0.026313963
411.136	0.030700445	-5.8343181	0.02719701
411.264	0.029979612	-5.8338118	0.02590398
411.392	0.030352634	-5.8336668	0.021738778
411.52	0.029950858	-5.833451	0.024576167
411.648	0.030152796	-5.833905	0.027943281
411.776	0.029904662	-5.8340527	0.026270284
411.904	0.029824992	-5.8340921	0.023698519
412.032	0.029644258	-5.8341069	0.026064434
412.16	0.029621398	-5.8341256	0.025831729
412.288	0.029748119	-5.8342994	0.025291086
412.416	0.029540227	-5.8345146	0.024354299
412.544	0.029016418	-5.8340763	0.024803717
412.672	0.029717241	-5.8346471	0.021224519
412.8	0.028990916	-5.8341996	0.023778093
412.928	0.029300844	-5.8343778	0.022248672
413.056	0.029549911	-5.8346344	0.024626577
413.184	0.029254233	-5.8343848	0.026538548
413.312	0.029425408	-5.8342189	0.022537991
413.44	0.029044688	-5.8341514	0.023423081
413.568	0.029686737	-5.8344699	0.024735792
413.696	0.029473943	-5.8347565	0.028218874
413.824	0.029532028	-5.83431	0.023783069
413.952	0.029510267	-5.8344707	0.022378074
414.08	0.029497452	-5.83436	0.023577547
414.208	0.02982161	-5.8343254	0.024762859
414.336	0.029372437	-5.833745	0.024445751
414.464	0.029653973	-5.8340873	0.023829611
414.592	0.030140659	-5.8344491	0.024625979
414.72	0.029922254	-5.8342206	0.022790859
414.848	0.029657308	-5.8335993	0.026228221
414.976	0.030236349	-5.8340124	0.025916542
415.104	0.030160896	-5.8340428	0.027908883
415.232	0.030337162	-5.8338294	0.027482159
415.36	0.030311194	-5.8334929	0.028269113
415.488	0.030535748	-5.8336388	0.027938839
415.616	0.030420059	-5.8337004	0.024399487
415.744	0.03058903	-5.833492	0.027117543
415.872	0.03033467	-5.833135	0.030220009
416	0.031028455	-5.8341079	0.026755426
416.128	0.030443793	-5.8332867	0.028245882
416.256	0.03015365	-5.8326861	0.027833744
416.384	0.030611988	-5.833369	0.025413476
416.512	0.030899515	-5.8335126	0.026734539
416.64	0.030569112	-5.8333005	0.031371482
416.768	0.030603069	-5.8336602	0.030292823
416.896	0.030425226	-5.833603	0.026517024
417.024	0.030601666	-5.8340231	0.022121867
417.152	0.030260382	-5.8336106	0.025465734
417.28	0.030025983	-5.8334735	0.027379518
417.408	0.030416922	-5.8338875	0.025141062
417.536	0.030157541	-5.8336336	0.026957153
417.664	0.030193008	-5.8335893	0.023483238
417.792	0.029918796	-5.8337243	0.025667892
417.92	0.030221403	-5.8341094	0.026021796
418.048	0.029907187	-5.8339112	0.024404836
418.176	0.029546993	-5.8336963	0.024572216
418.304	0.030110205	-5.8343399	0.022715463
418.432	0.029858856	-5.8342461	0.021384696
418.56	0.029235278	-5.8339697	0.023768522
418.688	0.029546421	-5.8340863	0.023252134
418.816	0.03027192	-5.8346363	0.022196715
418.944	0.029558918	-5.8343156	0.026972567
419.072	0.02984409	-5.8344465	0.024463222
419.2	0.029248296	-5.8342535	0.024949005
419.328	0.029474506	-5.8343867	0.026140742
419.456	0.029260775	-5.8342207	0.025378403
419.584	0.029282267	-5.834505	0.026756133
419.712	0.030086454	-5.835207	0.023612555
419.84	0.029366729	-5.8344892	0.024532056
419.968	0.029332436	-5.8344054	0.022716006
420.096	0.029482669	-5.8346075	0.02220114
420.224	0.030037577	-5.834847	0.024053065
420.352	0.029410264	-5.83433	0.024639628
420.48	0.029476968	-5.8340856	0.023632769
420.608	0.029475502	-5.8341783	0.023737531
420.736	0.029517611	-5.8342195	0.02496466
420.864	0.030052662	-5.8344192	0.020268882
420.992	0.030295468	-5.8343877	0.023366496
421.12	0.030055137	-5.8339757	0.030000063
421.248	0.029762028	-5.8336212	0.029170341
421.376	0.030470211	-5.8339237	0.028745237
421.504	0.030304428	-5.8341378	0.02720152
421.632	0.03014109	-5.8340343	0.027769955
421.76	0.030479327	-5.8340019	0.02719184
421.888	0.030348802	-5.833653	0.02680325
422.016	0.030503904	-5.8335901	0.029461044
422.144	0.030246231	-5.8329862	0.03028241
422.272	0.030904775	-5.8338032	0.026423224
422.4	0.030380739	-5.8334693	0.027740427
422.528	0.030518355	-5.8335996	0.02566804
422.656	0.030846414	-5.8340124	0.026307429
422.784	0.030099294	-5.8329389	0.030092348
422.912	0.030660099	-5.8336567	0.024869429
423.04	0.030250206	-5.8334192	0.026455476
423.168	0.030644329	-5.8338258	0.025949146
423.296	0.030250466	-5.8335465	0.027692631
423.424	0.030327954	-5.8338117	0.028426864
423.552	0.030534301	-5.8338806	0.024622529
423.68	0.030030287	-5.8336144	0.023399203
423.808	0.030478863	-5.8341885	0.022697611
423.936	0.029470642	-5.8329695	0.028330339
424.064	0.030346987	-5.8343404	0.025887588
424.192	0.030206005	-5.8340164	0.027690072
424.32	0.030023353	-5.8343172	0.025139986
424.448	0.029775701	-5.8340492	0.025981041
424.576	0.030185724	-5.8345872	0.026547447
424.704	0.030027361	-5.8344945	0.023885091
424.832	0.029625052	-5.8340741	0.025625023
424.96	0.02943876	-5.8342276	0.0277386
425.088	0.030028986	-5.8349551	0.025032062
425.216	0.02910792	-5.8341097	0.025154664
425.344	0.029134247	-5.8341657	0.025005619
425.472	0.02982353	-5.8349321	0.023743557
425.6	0.029491384	-5.8346821	0.026502099
425.728	0.029546384	-5.8345862	0.027795921
425.856	0.029390404	-5.8346243	0.024855309
425.984	0.02916945	-5.8342899	0.024926991
426.112	0.029382674	-5.8345974	0.023915817
426.24	0.029661142	-5.834599	0.021565763
426.368	0.029691924	-5.8345334	0.025662814
426.496	0.029659547	-5.834289	0.026234493
426.624	0.029279368	-5.8337282	0.02696039
426.752	0.029385188	-5.8337712	0.029237407
426.88	0.02994882	-5.8343407	0.023830254
427.008	0.029653963	-5.8339569	0.026592662
427.136	0.030044739	-5.8344278	0.028729441
427.264	0.029920684	-5.8344703	0.025872096
427.392	0.02981266	-5.8339342	0.024470432
427.52	0.029981252	-5.8341447	0.022435916
427.648	0.029686812	-5.8339478	0.029498513
427.776	0.030423051	-5.8343137	0.0285736
427.904	0.029963316	-5.8337729	0.026197795
428.032	0.030435782	-5.8336555	0.028271578
428.16	0.030441886	-5.8336501	0.026314555
428.288	0.030048184	-5.8333708	0.024840225
428.416	0.030091029	-5.8334579	0.02236754
428.544	0.030899336	-5.8343704	0.02185955
428.672	0.030404127	-5.8339585	0.027900921
428.8	0.03077756	-5.8339822	0.028518723
428.928	0.030395499	-5.833297	0.030484927
429.056	0.030934824	-5.8341595	0.026830353
429.184	0.030490429	-5.8336691	0.030641737
429.312	0.030039705	-5.8333587	0.028232549
429.44	0.03075584	-5.8338694	0.026731847
429.568	0.030297325	-5.8337297	0.030142443
429.696	0.030484672	-5.8338928	0.026780568
429.824	0.030313473	-5.8338678	0.02516252
429.952	0.030605364	-5.8341942	0.023493758
430.08	0.029741297	-5.8333286	0.028946771
430.208	0.030474069	-5.8342662	0.025970185
430.336	0.029981973	-5.8338502	0.025718855
430.464	0.029805247	-5.833895	0.028910268
430.592	0.02997893	-5.8341513	0.024895283
430.72	0.030050707	-5.8340383	0.023594834
430.848	0.030140124	-5.8342582	0.022706263
430.976	0.029056683	-5.8333712	0.02753259
431.104	0.029910673	-5.8343143	0.022452335
431.232	0.029473561	-5.834084	0.023650158
431.36	0.029135093	-5.8336995	0.026487904
431.488	0.029824511	-5.8348817	0.024097382
431.616	0.029923559	-5.835095	0.025550158
431.744	0.029092719	-5.8343301	0.028137557
431.872	0.029291951	-5.834594	0.024874617
432	0.029726475	-5.8349133	0.024324639
432.128	0.02984379	-5.8350264	0.023630854
432.256	0.02889642	-5.8337651	0.023709332
432.384	0.029982466	-5.8349862	0.022658424
432.512	0.029006478	-5.8338094	0.026954265
432.64	0.029317057	-5.8343175	0.025949137
432.768	0.029436917	-5.8344496	0.024542852
432.896	0.02945213	-5.8343999	0.022343202
433.024	0.030126261	-5.8350349	0.022866952
433.152	0.029741287	-5.8343953	0.02170534
433.28	0.029855691	-5.8338827	0.024185272
433.408	0.02952675	-5.8340002	0.027483768
433.536	0.030030011	-5.8341367	0.025611869
433.664	0.030214194	-5.8344077	0.02544524
433.792	0.030073301	-5.8342373	0.026591471
433.92	0.029962833	-5.8337995	0.028107088
434.048	0.030303183	-5.834088	0.028796627
434.176	0.030054985	-5.8334894	0.030332561
434.304	0.03037445	-5.8338125	0.02842547
434.432	0.03059794	-5.8340192	0.022809132
434.56	0.030628646	-5.8337571	0.024734053
434.688	0.030823256	-5.8341346	0.024257175
434.816	0.030206546	-5.8333552	0.025722992
434.944	0.030072649	-5.8332929	0.027665926
435.072	0.030642075	-5.833686	0.027391349
435.2	0.030340424	-5.833399	0.027718667
435.328	0.030475739	-5.8332969	0.027285414
435.456	0.030076971	-5.8329627	0.026894933
435.584	0.030875456	-5.8337231	0.026176952
435.712	0.030576048	-5.8337701	0.027780169
435.84	0.030302185	-5.8338033	0.027131451
435.968	0.030207289	-5.83345	0.025285855
436.096	0.030090167	-5.8336239	0.026041729
436.224	0.030278963	-5.8337261	0.029516229
436.352	0.030417236	-5.8339947	0.026422121
436.48	0.030042219	-5.8337652	0.027292861
436.608	0.03005174	-5.8338244	0.029615621
436.736	0.029980606	-5.833779	0.027433018
436.864	0.030076685	-5.8341019	0.023459968
436.992	0.029672013	-5.8337287	0.024710768
437.12	0.029951436	-5.834226	0.027721334
437.248	0.029735266	-5.8342483	0.028434519
437.376	0.030039432	-5.8346882	0.024218196
437.504	0.028892263	-5.8338108	0.024542963
437.632	0.030146551	-5.8347914	0.022994797
437.76	0.029110526	-5.8340952	0.027442935
437.888	0.029453121	-5.8340933	0.023115517
438.016	0.029474964	-5.8342891	0.019452187
438.144	0.029491702	-5.8346318	0.019454904
438.272	0.029573647	-5.8348696	0.020082841
438.4	0.029297635	-5.8347408	0.021883581
438.528	0.029610553	-5.8348788	0.024741574
438.656	0.029538874	-5.8346213	0.024851931
438.784	0.029411747	-5.8342398	0.025728834
438.912	0.029463681	-5.8342361	0.024491387
439.04	0.029552057	-5.8340486	0.025180741
439.168	0.030098007	-5.8346548	0.024518238
439.296	0.029311137	-5.8340025	0.025952044
439.424	0.030208232	-5.834864	0.021986224
439.552	0.029860426	-5.834204	0.02266248
439.68	0.029522528	-5.8338984	0.024672289
439.808	0.030069024	-5.834195	0.023876857
439.936	0.029606709	-5.8335501	0.027769113
440.064	0.03007501	-5.8339557	0.031325474
440.192	0.030197952	-5.8338794	0.025557237
440.32	0.029860838	-5.8334458	0.028681584
440.448	0.030860161	-5.8344822	0.029289859
440.576	0.030025706	-5.8334964	0.029452256
440.704	0.030735838	-5.8342359	0.025132299
440.832	0.030217864	-5.8335455	0.023376561
440.96	0.030179471	-5.8334498	0.027980716
441.088	0.030856004	-5.8341873	0.02659065
441.216	0.030405965	-5.8336397	0.028763659
441.344	0.030502051	-5.8332914	0.031255879
441.472	0.030344608	-5.8333036	0.027887414
441.6	0.030641848	-5.8333751	0.025473356
441.728	0.030309995	-5.8330164	0.027961508
441.856	0.030525841	-5.8335015	0.026294052
441.984	0.031382413	-5.8344745	0.021462253
442.112	0.029694923	-5.8330662	0.030210867
442.24	0.030436597	-5.8336557	0.028069404
442.368	0.03066255	-5.833983	0.025608161
442.496	0.030661312	-5.833993	0.028472927
442.624	0.030101859	-5.8333227	0.029431119
442.752	0.029822024	-5.8335518	0.027871287
442.88	0.030432153	-5.83439	0.024840157
443.008	0.029755113	-5.8339651	0.022677578
443.136	0.029530273	-5.8336677	0.023571125
443.264	0.03007468	-5.83442	0.023340016
443.392	0.029959055	-5.8340737	0.024168061
443.52	0.030229929	-5.8346319	0.02156171
443.648	0.029527955	-5.834129	0.022735505
443.776	0.029585775	-5.8341531	0.0249727
443.904	0.029124945	-5.8336158	0.025077871
444.032	0.029355487	-5.8338301	0.024970545
444.16	0.029662905	-5.8340518	0.022683992
444.288	0.028951393	-5.8339142	0.021532919
444.416	0.029326877	-5.8345417	0.02295664
444.544	0.030275882	-5.835501	0.023052431
444.672	0.029463078	-5.8345663	0.022706314
444.8	0.029000742	-5.8339229	0.024851946
444.928	0.029423633	-5.8345134	0.023804117
445.056	0.029576437	-5.83491	0.023614817
445.184	0.029760888	-5.8348511	0.024841813
445.312	0.029595959	-5.834575	0.023731794
445.44	0.029127107	-5.8338142	0.027989343
445.568	0.030425405	-5.8350311	0.029004605
445.696	0.029142256	-5.8335947	0.03124001
445.824	0.030070367	-5.8344583	0.025100751
445.952	0.029796283	-5.8338361	0.025914347
446.08	0.030373343	-5.8347171	0.021439868
446.208	0.030060706	-5.8342043	0.02611977
446.336	0.029813044	-5.8336061	0.025118128
446.464	0.029844468	-5.8335252	0.024542558
446.592	0.030145659	-5.8340576	0.030341056
446.72	0.030472583	-5.8342607	0.025184991
446.848	0.02993611	-5.8334412	0.02739748
446.976	0.02999829	-5.8333906	0.026853711
447.104	0.030603797	-5.8339325	0.028077811
447.232	0.030443856	-5.8336759	0.029604525
447.36	0.030616189	-5.8336549	0.028262114
447.488	0.030554596	-5.8335017	0.03021051
447.616	0.030894694	-5.8340796	0.023058106
447.744	0.030309736	-5.8333828	0.027613366
447.872	0.030394159	-5.8336652	0.031022871
448	0.030182928	-5.8332405	0.029636625
448.128	0.030443288	-5.8336119	0.028280778
448.256	0.030388553	-5.833748	0.029501187
448.384	0.030113862	-5.8335859	0.029201239
448.512	0.030196327	-5.8334284	0.026231748
448.64	0.030475285	-5.8342641	0.025692911
448.768	0.030556702	-5.8340969	0.026993322
448.896	0.029898602	-5.8333224	0.031536857
449.024	0.030858546	-5.8343711	0.026628731
449.152	0.029530467	-5.8333676	0.024527283
449.28	0.030950986	-5.8347909	0.019020975
449.408	0.029545512	-5.8334248	0.023709081
449.536	0.029946041	-5.833959	0.02084905
449.664	0.029918496	-5.834147	0.024289768
449.792	0.029798984	-5.8342369	0.023327831
449.92	0.029771447	-5.8345152	0.02597494
450.048	0.029587913	-5.8345096	0.028803775
450.176	0.028992273	-5.8339037	0.026705205
450.304	0.030164501	-5.8350527	0.022083228
450.432	0.029347904	-5.8340975	0.020734858
450.56	0.029570339	-5.8345591	0.021073187
450.688	0.029685519	-5.8346567	0.023109579
450.816	0.02920464	-5.8344546	0.023645912
450.944	0.029277559	-5.8345211	0.026308358
451.072	0.029594091	-5.8348104	0.023413561
451.2	0.029307739	-5.8348405	0.02406107
451.328	0.029822018	-5.8348891	0.024000315
451.456	0.029148748	-5.8340725	0.02752367
451.584	0.029341811	-5.8341116	0.027928928
451.712	0.029709642	-5.8344692	0.022524735
451.84	0.029669514	-5.8344639	0.022135828
451.968	0.030117718	-5.8348501	0.0219129
452.096	0.029543051	-5.8338089	0.024730849
452.224	0.029533703	-5.8338224	0.025387949
452.352	0.029847359	-5.8343934	0.022540669
452.48	0.029838413	-5.8342416	0.024406937
452.608	0.029970614	-5.833954	0.029528785
452.736	0.030420263	-5.8341568	0.027038448
452.864	0.029577317	-5.8333841	0.031205774
452.992	0.030729602	-5.8343876	0.02992293
453.12	0.030108803	-5.8335021	0.029278761
453.248	0.03035195	-5.8339027	0.026315284
453.376	0.030589195	-5.8339078	0.026080259
453.504	0.030714002	-5.8337811	0.025799672
453.632	0.030155739	-5.8329839	0.024605353
453.76	0.030132696	-5.8328768	0.027292282
453.888	0.03122733	-5.8340109	0.024762776
454.016	0.030807799	-5.8334766	0.024866445
454.144	0.030897589	-5.8334752	0.028878343
454.272	0.030755132	-5.833488	0.028080824
454.4	0.03032708	-5.8331751	0.024260513
454.528	0.030385254	-5.8332214	0.026963479
454.656	0.030595472	-5.8336709	0.02621358
454.784	0.030400047	-5.8336369	0.02702318
454.912	0.030293157	-5.833746	0.027071086
455.04	0.030712936	-5.8343403	0.028011055
455.168	0.030364202	-5.8341556	0.026769372
455.296	0.030184983	-5.8338445	0.025587971
455.424	0.030383294	-5.8338653	0.024202228
455.552	0.030282727	-5.8339487	0.021020279
455.68	0.030072291	-5.8343329	0.023269678
455.808	0.029888819	-5.8340622	0.02809362
455.936	0.029545431	-5.8339519	0.027776089
456.064	0.029699915	-5.8341234	0.02505772
456.192	0.029654164	-5.8342021	0.024660987
456.32	0.029454764	-5.8341449	0.026255088
456.448	0.029668125	-5.8345528	0.025413897
456.576	0.029769011	-5.8348082	0.024555474
456.704	0.029232892	-5.8345212	0.024667629
456.832	0.029739549	-5.8349721	0.02066292
456.96	0.029544091	-5.8350105	0.021583871
457.088	0.028887918	-5.8341956	0.02455946
457.216	0.029616556	-5.8350271	0.02214698
457.344	0.029472218	-5.8349286	0.025354802
457.472	0.029495313	-5.8347501	0.02261357
457.6	0.029433085	-5.8344146	0.02330723
457.728	0.029056658	-5.8340116	0.026259371
457.856	0.029628575	-5.834636	0.024988302
457.984	0.029064497	-5.8338809	0.020992592
458.112	0.030281115	-5.8347073	0.017036089
458.24	0.029412418	-5.8342013	0.023725518
458.368	0.029130139	-5.8338181	0.028096789
458.496	0.029960731	-5.8343601	0.025445198
458.624	0.030094617	-5.8341739	0.025261665
458.752	0.029727874	-5.8337053	0.030069617
458.88	0.029746723	-5.8338299	0.026129452
459.008	0.030749475	-5.8344366	0.023435702
459.136	0.029758332	-5.8330708	0.0294331
459.264	0.030227862	-5.8335605	0.026714571
459.392	0.030957159	-5.83421	0.020903992
459.52	0.030458073	-5.8336542	0.023978929
459.648	0.03025485	-5.8333615	0.029383039
459.776	0.030699044	-5.8336719	0.03108184
459.904	0.030421738	-5.8333625	0.029365693
460.032	0.030239136	-5.8330053	0.029534501
460.16	0.030795955	-5.8336796	0.023449599
460.288	0.03070269	-5.8334784	0.02446883
460.416	0.03043517	-5.8331449	0.028331041
460.544	0.031488833	-5.8341997	0.025463916
460.672	0.030233102	-5.8331664	0.029742772
460.8	0.030670678	-5.8338555	0.025108184
460.928	0.030377356	-5.833457	0.028113762
461.056	0.030115285	-5.8332283	0.026675896
461.184	0.030298365	-5.8335614	0.027647791
461.312	0.030733902	-5.8339069	0.026811734
461.44	0.03012877	-5.833605	0.025829835
461.568	0.029839225	-5.8334219	0.026705042
461.696	0.030185465	-5.8341267	0.024097864
461.824	0.030160334	-5.8339707	0.024728646
461.952	0.029687219	-5.8339826	0.023350355
462.08	0.030079413	-5.8344651	0.020295581
462.208	0.029645821	-5.8340984	0.02506958
462.336	0.029936757	-5.8344973	0.023879194
462.464	0.029839692	-5.8345439	0.024316165
462.592	0.029758596	-5.8345513	0.023483318
462.72	0.029187404	-5.8341552	0.028756632
462.848	0.029472014	-5.834355	0.025395716
462.976	0.029556945	-5.8343182	0.024132644
463.104	0.029641224	-5.8346473	0.026901997
463.232	0.029444837	-5.8346832	0.024642429
463.36	0.029333556	-5.8348332	0.020032712
463.488	0.029240367	-5.8345501	0.022424069
463.616	0.029327485	-5.8344108	0.02483514
463.744	0.029610251	-5.8350382	0.023195553
463.872	0.029024622	-5.8340913	0.024806522
464	0.030113805	-5.8346789	0.020630477
464.128	0.028988134	-5.8335662	0.025327103
464.256	0.029596673	-5.8343957	0.025876467
464.384	0.029568646	-5.8342836	0.027225474
464.512	0.029881526	-5.8343555	0.025633225
464.64	0.029374656	-5.8338159	0.02690717
464.768	0.029964083	-5.8344038	0.024780869
464.896	0.029479915	-5.8337727	0.02584253
465.024	0.030475069	-5.8348277	0.024982471
465.152	0.029549062	-5.8335675	0.025655307
465.28	0.030040509	-5.8340381	0.025328589
465.408	0.030337091	-5.8338337	0.028413834
465.536	0.03069819	-5.8341148	0.025224319
465.664	0.030019712	-5.8334534	0.025779096
465.792	0.030481287	-5.8334886	0.028067916
465.92	0.030480737	-5.8336328	0.028837629
466.048	0.03091242	-5.8339952	0.024770097
466.176	0.030008817	-5.833388	0.027442421
466.304	0.031141971	-5.8339629	0.024787192
466.432	0.030287577	-5.8330324	0.028001119
466.56	0.030443947	-5.833153	0.029209856
466.688	0.030473606	-5.8332357	0.028802551
466.816	0.030526446	-5.8330973	0.026200492
466.944	0.030466736	-5.8330411	0.02735022
467.072	0.030869344	-5.8335318	0.026848686
467.2	0.03080702	-5.833775	0.026189649
467.328	0.030029267	-5.8328803	0.026198639
467.456	0.030621427	-5.8337845	0.021529522
467.584	0.030129466	-5.8334174	0.026764939
467.712	0.0303822	-5.8333992	0.024516669
467.84	0.030192816	-5.833646	0.024527775
467.968	0.030301786	-5.8342556	0.028074337
468.096	0.030065285	-5.833844	0.030939881
468.224	0.03043012	-5.8344019	0.027605716
468.352	0.030168823	-5.834696	0.022254752
468.48	0.02952247	-5.83399	0.023189901
468.608	0.029768057	-5.8341205	0.024820313
468.736	0.029949128	-5.8345549	0.025777227
468.864	0.02918838	-5.8339914	0.024721897
468.992	0.029482954	-5.8340726	0.025120914
469.12	0.029777905	-5.8342425	0.024574118
469.248	0.029562851	-5.8342727	0.021132249
469.376	0.02919461	-5.8344413	0.02243543
469.504	0.029618865	-5.8345071	0.023571515
469.632	0.029286745	-5.8342002	0.027960249
469.76	0.030113176	-5.8354212	0.024764847
469.888	0.028764711	-5.8339999	0.025589478
470.016	0.029489008	-5.8344893	0.027274926
470.144	0.029941937	-5.8349659	0.023294041
470.272	0.029301859	-5.8347232	0.022335605
470.4	0.029563048	-5.8346691	0.023706605
470.528	0.028785946	-5.8335701	0.02420019
470.656	0.02963385	-5.8346529	0.021682526
470.784	0.02959935	-5.8343722	0.02625019
470.912	0.029680828	-5.8339143	0.025402712
471.04	0.0300131	-5.8344234	0.025156782
471.168	0.029889766	-5.8341467	0.028667943
471.296	0.029749814	-5.8342143	0.02878006
471.424	0.029802164	-5.8340557	0.025243285
471.552	0.030432445	-5.8343898	0.024431318
471.68	0.030254267	-5.8345363	0.026463281
471.808	0.030096795	-5.8338998	0.027671007
471.936	0.029793244	-5.8335508	0.027735905
472.064	0.030747245	-5.8344223	0.028563316
472.192	0.030394213	-5.8337487	0.029710116
472.32	0.03042363	-5.8337065	0.028604378
472.448	0.030607822	-5.8336655	0.025780687
472.576	0.030337271	-5.8333758	0.025096043
472.704	0.030786083	-5.8335489	0.024321881
472.832	0.030172973	-5.8330837	0.025761514
472.96	0.03086342	-5.8335423	0.02586116
473.088	0.030191421	-5.8325002	0.028624596
473.216	0.030578783	-5.8327731	0.027037577
473.344	0.031058842	-5.8334916	0.021712226
473.472	0.030447687	-5.8332522	0.025421579
473.6	0.03010517	-5.8329227	0.027359058
473.728	0.030343803	-5.833425	0.027611397
473.856	0.030181512	-5.8333806	0.029715485
473.984	0.030605953	-5.8338645	0.023952586
474.112	0.030015209	-5.8334131	0.028044004
474.24	0.030518376	-5.8341704	0.025568813
474.368	0.030135162	-5.8341653	0.026839275
474.496	0.029693609	-5.833796	0.029631954
474.624	0.02997253	-5.8341355	0.027883648
474.752	0.030062561	-5.8343744	0.02780935
474.88	0.029543806	-5.8338613	0.023368639
475.008	0.029891448	-5.8343102	0.024029
475.136	0.029929067	-5.8346947	0.023927488
475.264	0.029420159	-5.834507	0.028203911
475.392	0.030039653	-5.8351908	0.024128067
475.52	0.029331866	-5.8344423	0.02415441
475.648	0.029456123	-5.8344775	0.023108153
475.776	0.029059569	-5.834043	0.025344597
475.904	0.029106236	-5.8342647	0.024589802
476.032	0.029548985	-5.834659	0.022604885
476.16	0.029464835	-5.8348889	0.022757727
476.288	0.029388229	-5.8346156	0.024102619
476.416	0.02944902	-5.8345108	0.020162872
476.544	0.029486254	-5.8343869	0.02134634
476.672	0.029905259	-5.8347021	0.022161075
476.8	0.028739243	-5.8336912	0.026573138
476.928	0.029904627	-5.8349788	0.019110665
477.056	0.030060234	-5.8350406	0.018117747
477.184	0.028773032	-5.8334963	0.025371486
477.312	0.02984102	-5.8347459	0.021859978
477.44	0.029471367	-5.8339413	0.025030598
477.568	0.029686855	-5.8339862	0.025830368
477.696	0.03011649	-5.834368	0.029601285
477.824	0.030726979	-5.8345532	0.029401484
477.952	0.029715986	-5.8337689	0.02913673
478.08	0.030657996	-5.8344389	0.026294753
478.208	0.029819954	-5.8333634	0.030846815
478.336	0.030504024	-5.8340129	0.025637001
478.464	0.030041731	-5.8329396	0.028938343
478.592	0.030865082	-5.8339535	0.025186084
478.72	0.030676888	-5.8335357	0.028208014
478.848	0.030784232	-5.8337668	0.026996892
478.976	0.030242562	-5.8331911	0.023512793
479.104	0.030806629	-5.8337464	0.025008321
479.232	0.030073681	-5.8328805	0.028523626
479.36	0.030965625	-5.8337801	0.025732661
479.488	0.0306973	-5.8335947	0.026465794
479.616	0.030912958	-5.833673	0.02664576
479.744	0.030536566	-5.8336019	0.028710477
479.872	0.030010047	-5.8334549	0.031366746
480	0.03051449	-5.8341384	0.032003568
480.128	0.030544631	-5.8339018	0.026208395
480.256	0.030433311	-5.8337935	0.024676307
480.384	0.030460345	-5.8336769	0.025383771
480.512	0.029939007	-5.8337089	0.028379182
480.64	0.030286638	-5.834023	0.026466524
480.768	0.029777311	-5.8335378	0.024608027
480.896	0.030323501	-5.8342618	0.019341223
481.024	0.030018996	-5.8341047	0.02113998
481.152	0.030412726	-5.8345097	0.022642082
481.28	0.029846382	-5.8344333	0.025459474
481.408	0.029384971	-5.8339458	0.028371075
481.536	0.02915206	-5.834036	0.028421607
481.664	0.029549124	-5.8344883	0.026449112
481.792	0.029739814	-5.8345348	0.022085015
481.92	0.029067915	-5.8337796	0.024622382
482.048	0.029432061	-5.8349117	0.021679219
482.176	0.029056978	-5.8344362	0.022771697
482.304	0.030134039	-5.8351481	0.02539661
482.432	0.029319309	-5.8343566	0.026628182
482.56	0.029306344	-5.8343684	0.023788743
482.688	0.029130413	-5.8340223	0.027610257
482.816	0.029895638	-5.8350777	0.023549693
482.944	0.029619626	-5.8348075	0.020958749
483.072	0.029297676	-5.8345038	0.020854611
483.2	0.029452309	-5.8345282	0.022865454
483.328	0.029145266	-5.8341548	0.023973717
483.456	0.03015964	-5.8348941	0.025936905
483.584	0.029660912	-5.8343123	0.029745332
483.712	0.030102232	-5.8345746	0.026469636
483.84	0.029802522	-5.8340908	0.024865094
483.968	0.02966443	-5.8336866	0.026587203
484.096	0.030133481	-5.8339849	0.029690957
484.224	0.03021285	-5.8339715	0.025348959
484.352	0.03027882	-5.8339667	0.023662604
484.48	0.030619079	-5.8342417	0.02771221
484.608	0.029655188	-5.832998	0.028295321
484.736	0.03081482	-5.8339984	0.02644674
484.864	0.030301845	-5.8335579	0.030199323
484.992	0.030023561	-5.8329048	0.029542763
485.12	0.0311324	-5.8342457	0.022553011
485.248	0.030502237	-5.8335871	0.025752386
485.376	0.030279668	-5.8332789	0.031799874
485.504	0.030929337	-5.8338787	0.029031522
485.632	0.030679373	-5.8334141	0.027357974
485.76	0.03067514	-5.8334955	0.027389679
485.888	0.030428107	-5.8333122	0.0282425
486.016	0.030502786	-5.8334593	0.025733212
486.144	0.030602582	-5.8338811	0.023015624
486.272	0.030134952	-5.8334857	0.026782528
486.4	0.030403704	-5.8334388	0.027828091
486.528	0.030605073	-5.8337529	0.028530944
486.656	0.030344731	-5.8335906	0.025717364
486.784	0.030300485	-5.8338354	0.025060392
486.912	0.03048625	-5.8339284	0.02404688
487.04	0.029432651	-5.8330391	0.025946288
487.168	0.030096182	-5.8342372	0.023430115
487.296	0.029617093	-5.8339003	0.024943741
487.424	0.030026662	-5.8342144	0.023270435
487.552	0.029943276	-5.8340288	0.02265128
487.68	0.029555913	-5.8339347	0.026426666
487.808	0.029527065	-5.8339737	0.027461131
487.936	0.0298639	-5.8347322	0.024408232
488.064	0.029695452	-5.8347382	0.025317528
488.192	0.02947752	-5.8345656	0.025326164
488.32	0.029527332	-5.8346089	0.023853217
488.448	0.028903315	-5.8342519	0.028222054
488.576	0.029454742	-5.8347607	0.02211809
488.704	0.029701107	-5.8348948	0.022143358
488.832	0.029601682	-5.8347366	0.025619408
488.96	0.029214079	-5.8343575	0.026140677
489.088	0.029286748	-5.8343433	0.025103727
489.216	0.029595787	-5.8348215	0.023514016
489.344	0.029940271	-5.8351049	0.022854643
489.472	0.029239484	-5.8343295	0.023934818
489.6	0.029639219	-5.8345597	0.025573884
489.728	0.029654972	-5.8342981	0.027969814
489.856	0.029648506	-5.833946	0.022801425
489.984	0.030061118	-5.8344206	0.020538172
490.112	0.029441526	-5.8337213	0.029731019
490.24	0.030453902	-5.8346401	0.026827342
490.368	0.029955579	-5.8336821	0.026579274
490.496	0.029945732	-5.8338027	0.02344034
490.624	0.030270667	-5.834085	0.027908599
490.752	0.030058229	-5.8336288	0.028518826
490.88	0.030295298	-5.8337933	0.026629304
491.008	0.030074663	-5.8334646	0.027933264
491.136	0.030559695	-5.833653	0.024920848
491.264	0.030320673	-5.8332933	0.024547908
491.392	0.030760513	-5.8337006	0.026519308
491.52	0.030783783	-5.8337461	0.024756981
491.648	0.030410605	-5.8331222	0.028009259
491.776	0.030180438	-5.8328878	0.031142932
491.904	0.031037443	-5.8337268	0.02759013
492.032	0.030491802	-5.8330464	0.027235631
492.16	0.030522683	-5.833462	0.028556456
492.288	0.030530596	-5.8335448	0.029996472
492.416	0.0305308	-5.8334859	0.02622122
492.544	0.030768109	-5.833691	0.026668164
492.672	0.030255129	-5.8331671	0.031176792
492.8	0.03053198	-5.8337245	0.030261558
492.928	0.03054968	-5.8340048	0.028994176
493.056	0.029892803	-5.8334631	0.025904665
493.184	0.030328977	-5.8343382	0.023684015
493.312	0.030411012	-5.8344324	0.025972152
493.44	0.029844567	-5.8340279	0.023979406
493.568	0.029138716	-5.8333687	0.027522572
493.696	0.030234455	-5.8345729	0.02210196
493.824	0.029407361	-5.8338935	0.024579282
493.952	0.030275441	-5.8349167	0.024447909
494.08	0.029227747	-5.8335178	0.027659708
494.208	0.029630766	-5.834569	0.024665124
494.336	0.02992642	-5.8351803	0.022509863
494.464	0.029333644	-5.8346913	0.026532421
494.592	0.029471625	-5.8346834	0.025887005
494.72	0.029357488	-5.8346836	0.026869372
494.848	0.029147347	-5.8343199	0.026805588
494.976	0.02967157	-5.8350346	0.023968179
495.104	0.02909627	-5.8344198	0.023547388
495.232	0.02958619	-5.8350224	0.022471563
495.36	0.029684028	-5.8349847	0.022645612
495.488	0.029246011	-5.8343037	0.024865105
495.616	0.029305022	-5.834311	0.022958208
495.744	0.029460828	-5.8343211	0.025340956
495.872	0.029873121	-5.8344608	0.023854527
496	0.029466077	-5.8343636	0.021037979
496.128	0.029852718	-5.8349572	0.021331712
496.256	0.029465152	-5.8340625	0.023182923
496.384	0.029848838	-5.8343066	0.024463302
496.512	0.02991383	-5.8342495	0.027915115
496.64	0.030120827	-5.8340716	0.027274296
496.768	0.030464546	-5.8343211	0.030438736
496.896	0.030439715	-5.8338501	0.028952177
497.024	0.030000191	-5.8334351	0.027384399
497.152	0.030124739	-5.8335639	0.029014609
497.28	0.030203325	-5.8332466	0.027635369
497.408	0.030379495	-5.8335028	0.028067769
497.536	0.031188979	-5.8345647	0.0253857
497.664	0.030420906	-5.8334611	0.027816263
497.792	0.030039179	-5.8328593	0.029352018
497.92	0.030484586	-5.8332424	0.027160448
498.048	0.031027333	-5.8336288	0.024218881
498.176	0.0305404	-5.8332455	0.023810939
498.304	0.030441236	-5.8329924	0.028344675
498.432	0.030820584	-5.8338635	0.028266568
498.56	0.030883463	-5.8338885	0.026064015
498.688	0.030028672	-5.8330579	0.025547222
498.816	0.030532444	-5.833581	0.025938772
498.944	0.030259159	-5.8334906	0.029939734
499.072	0.02998167	-5.8330836	0.027133206
499.2	0.030389297	-5.8337337	0.028564885
499.328	0.030188754	-5.833655	0.028528881
499.456	0.03035263	-5.8334819	0.023247294
499.584	0.029958782	-5.8334994	0.025229345
499.712	0.029742877	-5.8334005	0.027528026
499.84	0.030144832	-5.833983	0.025250093
499.968	0.029840478	-5.8336792	0.024485575
