-0.261793293728993
0.729618385034587
2.37350465882162
-0.537480434020553
-0.897974859357109
0.314281813290711
-0.240848757905066
-0.383785855451292
0.269547530277179
1.11005797660924
1.27535661055639
1.86286664066236
0.634308432596811
0.229833477149663
0.901882579292971
-0.421536181793372
-0.640075335084358
0.0509091422102238
0.455545758196505
-1.9706602545871
1.25151883617474
-0.05140575134564
-0.458200707061743
-0.463829990335878
1.37092935424786
-0.938399446951514
2.55442566859097
0.66970014272548
-2.8563188095915
-1.17712790681194
0.233296642104928
-0.669908721869991
0.0188835097996313
-0.180005469854159
-0.970102174279486
0.616315836976883
0.553132465140658
1.65532395378928
-2.40661031620043
-0.0546750451674075
-0.113625705857944
0.574625323031977
1.30646080529231
0.994897380881704
1.28316236099
1.12809208030239
-0.954459284243601
-1.53536259780279
0.550938079787644
-0.349938241301936
1.41288063373838
-1.89167846103736
-2.30546905298334
0.318028238360165
-0.00433459057020218
0.573385947246267
3.11712854151092
-0.773488194718517
-0.944866870018739
-2.01923078662168
-1.04889738398617
-0.385716689686396
-0.74969409609582
-1.71565503350264
-0.48585152877222
-0.581507323765334
-0.614210583437013
-0.0166503753746429
0.469596921524673
-1.15669882350443
-0.33631736713781
-0.269030070651983
-1.20332689470315
1.33920628296496
-1.16947790237668
-1.49006627440615
-0.673873056740205
-2.82607625764201
-1.35180474377893
-0.269600399509936
-1.23393752590883
0.519536802978675
-1.33414246063885
-0.597798193773699
-2.13858378218132
-0.974273625355025
0.948888192266213
0.664211758292358
-0.862345790194879
0.439966105389094
0.139725142466125
-1.10283091168294
-0.411550454268051
1.7204432524006
-2.96359078585447
-2.48953283695794
1.29678923478444
-0.464155638153115
-0.833626661561856
0.638257071233011
-2.35946433181155
-2.31404380233481
0.730392867965364
-1.37290763859667
-1.6360423835086
1.86401669783248
0.857093505359538
0.224788005726642
1.88147862768755
1.27053807182631
0.116320897912009
0.220369582369827
-1.54477262645053
-0.803071610735423
-1.77005331450687
-0.598059856943058
2.14372665424703
-1.73499990666793
0.507549689952758
2.19978191218098
-0.816016277090007
0.538051421339201
1.67649803994554
1.59503975383487
0.846895761492733
-0.563346090431963
-0.481704181086395
-0.177426322866942
0.656350594511246
-0.842334242696222
1.50210338363125
-0.106185930800171
0.0659050971115413
-0.47885545459558
0.849496922577249
-0.370204458428611
-1.361150043075
1.07034034530549
-0.307964805012856
-0.793071509740508
0.355031633847438
0.696508803574841
-0.326925779421129
-0.413542754451594
0.788216175024834
-0.102722658517092
-0.706832227082061
-1.61904244832167
0.0578069709345736
-1.89385067908758
-0.396007242263441
-1.05959790826705
0.61865020695105
-0.547342757256921
-1.34571256011075
0.114565315137047
0.434579471740223
-0.9846319723593
0.33616951038266
0.111338216911577
-0.867920916796873
1.70685970831527
1.4842146565466
-0.409599062147253
1.37466556186427
0.139357575594266
-1.14088260534095
1.1035345987468
0.740520258947275
-0.708922017941154
1.22984951898376
1.50555417443142
0.265622071380401
1.49360633564083
0.975218735772407
0.446890650931542
0.91325463868996
3.00791148750941
1.80099994010095
2.3083113864466
-0.315040063386415
-0.13977978825628
1.68888268546757
1.04899112517314
0.900718648926213
0.55202936268149
-0.0105197250350829
-1.08839913379945
1.88054091753484
1.23389124818533
0.100078869045628
0.934650631578522
0.712370976260241
0.842219860832776
0.785177168481137
0.347071163045124
1.89787819421509
-2.26836071137408
-4.87564486163034
-3.33424410794827
7.87151591757153
-0.284551991212626
1.36887058700802
0.581497612426603
2.42419095104426
-0.987352287005781
2.02697873600362
-0.257245095031317
-2.17629747132627
-1.21525476039227
1.16818670550723
-0.348299777167573
-0.0581058807300084
0.420004722720149
-2.11998264352459
-1.58871958384019
-0.142851795096363
3.00934442927636
1.97401258141817
7.45041817233106
-0.0923001627878659
-0.746121286478019
-1.04853513826293
1.91628194879293
4.43776090704651
0.0495834030884218
-0.296174021223073
-0.11764311213558
0.226896769549163
1.39118567200122
-2.46979643989932
-5.51955732060303
0.866109902941401
1.03402763046641
-0.320111792700219
1.31229347289215
-1.09814935226981
-1.6631651828048
2.29981084775733
-0.556641339639824
-0.0981651364635896
0.949313237477457
0.401737903090774
-0.332941121775718
-0.512791787575368
0.982920946230163
0.371400673261588
-0.0887989604875781
-0.147255270948178
-1.35077984975769
1.22822596412908
-0.994969658482642
0.688345566900244
-0.349046121786761
1.0577058291187
0.312542416772932
-0.316264775648979
0.465578647129293
0.286534913536353
-0.427752835030337
0.208723485459612
-0.116208417670967
0.735414264090194
-0.505499464243644
0.00223269833033096
-0.482933084920715
0.409980363911984
-0.230860720305931
-0.745003175948366
0.555982599172131
0.000465585405926956
-1.05542366715631
0.897563402897122
-0.236740290829741
-0.0430926534664506
0.299532179105582
-0.12553108706108
-1.14714893111178
0.994713025409468
0.22254430002246
-1.23281108561397
2.00308723154673
0.410683097942656
-1.51729224217389
1.92282582043857
0.422349111604192
-0.21911290747083
1.46337487059096
0.428765628090941
-0.516987562385651
1.24196490576186
1.22498865485247
-0.660550661124173
1.38287248830016
0.683815492520099
-0.886043375510788
1.56791551950544
0.796632286619687
-1.21446309971974
1.67899974781393
-0.569193091514788
0.409314146080572
1.08893614442414
0.701832847301226
-0.0878631555787169
0.187220646086615
-0.402564731718115
-0.121329430321742
-0.448076584595417
0.912223873015779
-0.505346900335766
1.57316399345894
1.05264462399685
0.236650307321656
0.793458805340518
-0.220306748412878
0.369260037182433
-0.750052239371417
-1.00205953075635
0.437615508267841
-0.502898775232678
-2.02954059812764
4.37372513185357
0.677140643713707
2.72780759407692
-3.31894246088652
-2.93944735580319
-11.6766365964575
3.79316606087235
-1.89992819628431
0.211635497243169
0.28733105676239
0.949345164084794
0.900946897558005
0.0389789288066892
0.220428461055707
0.823961906778038
-0.449531125935888
0.0623824006913058
-2.27565770373733
2.5798767503229
0.489934513780772
-1.45157942713591
0.40753982003862
-0.0750127872032068
-1.4820101663762
0.494068695730608
-0.289053723058288
-0.872809029748097
3.28126738901828
-3.85943729627791
2.95687195358101
-3.34013002149603
-2.23405497063492
0.756247236338389
1.4011476881934
0.0188924405602655
1.52655205096099
5.66598553891622
-3.97512928914047
0.388870190595154
-0.106157559171735
0.0436353144348155
-0.812201286689402
-0.325483093909624
-0.436927308420882
-0.15658943127617
0.00293161494305513
-0.252692467997688
0.141124245837738
2.03672950826712
-0.832420264531233
0.414674158161879
-1.20688708401426
0.410383650390728
-0.502659174168366
-0.256654455617479
0.630884700204977
1.162366362184
-1.222609474742
-1.02384450802367
0.196664747381367
0.841996547062697
-1.27897802787838
-0.100431342268312
-0.717046164739286
0.334677739577989
0.3588412388181
-0.635869617644996
0.459265888163431
0.256253731164868
-0.441706840406058
0.832240522837282
0.0700518817714561
-0.216029363506574
-0.966295455978429
0.666156541487042
-1.65576212500449
1.61761428746125
0.734508674441512
-1.42343870489375
1.31310835358677
0.189231430657392
-0.768167058265694
0.147722984965954
0.194268583004986
-1.14373187202632
-1.92540442534419
0.941521749239825
-0.839175519068526
0.201633105255175
0.354915439486692
-0.554835231129882
0.94247849759845
0.571480894133447
-1.00474893305172
0.721831309381249
-0.109051349435445
-1.10290739573987
0.594195718086397
0.961823696006886
1.28844256533782
-0.120096257404164
-0.14119888265535
0.915651424170412
0.583577893670332
2.21558515803585
-0.108057420243187
-0.807558312508931
3.1587760457076
1.04929087125442
0.0768086294649296
-0.892453320701197
3.75598984933038
1.11301336878965
-1.44504354432046
1.6498768071349
1.43965238383752
0.384665617464578
1.17203096176007
1.04720220028753
2.38267360081344
0.982012791652323
0.634678651761445
0.118286102517023
0.597498463037892
-0.696860115075537
-0.118905138953393
1.10853642124074
0.74380282817109
-0.164846975940355
-1.76228072592082
-0.318276802828192
0.144235947821825
2.11657641197742
-0.660078633015594
-1.00864921077273
1.16417697445808
1.10376348654541
-1.28083840956284
-0.263864166738003
-0.843317836096491
-0.436248910220938
1.40830067884543
0.996206201308096
-2.07306681525118
0.78792547347021
1.35322891242797
1.3867996313827
0.466929302827894
-1.64047457152116
0.463174180707794
2.63546481399927
-1.52451551213977
-0.543430746466951
1.07551311829109
-1.5269929876682
1.36058022110338
-0.195119743366953
0.0308076705831118
2.23136345482124
0.140530364730263
-2.48804560136492
0.83586698707988
1.49632590180553
-0.617978413644701
2.27260615785203
2.28585085595655
-0.131478251017334
0.406226478849477
1.79399661083197
0.859445133650074
0.731098326467008
0.313838943053807
-0.0142013933455646
-0.101937228043078
0.649530083410212
-1.56420231861305
-0.25590680121241
0.233842396692459
-0.178229700105407
-0.903918178879372
1.50304266559662
0.22233470808804
-0.109955483072622
0.789654390718912
0.281978757344909
-0.245373928778473
-0.927020723552785
-0.558945124787519
-0.729394746710973
-1.08414831950578
-0.0475979424312055
-1.70270098181951
0.650255942523421
-0.486980210158988
-1.00894084802112
-1.72174757787206
0.362172221800766
0.268502794035081
-1.87366973795001
0.380482099947729
-0.516340921627043
-0.229363853173877
-0.388601449427479
-2.25768820354892
-1.47208481233615
-0.803831114896705
1.10101997858382
-0.334246775889919
0.944239655916007
-0.384843487902318
-1.65901885249819
-3.04878559829707
-1.8378762758235
-1.47942603696471
-2.02561648212191
0.96245474871274
-1.31875405605078
1.1107506985545
1.28148126697637
-0.810486047039463
0.71012989934751
1.05012659016704
1.19056155788136
1.13147436849917
-0.419984502282172
0.83792446709967
-0.326056372924316
2.25802002932878
1.03987201165788
0.892215094417508
-0.173861292798319
0.110902484889258
0.161581119587917
1.6789662961151
3.06866347096214
0.90051954796257
1.09622476139215
3.75691049028026
-0.0636075558620947
0.591156108684865
1.84613382593179
1.84222694887809
1.19904594163972
-0.521418772231532
0.913633570906433
-0.336772628909225
-0.0550727583106137
0.735520066716505
1.22127158157535
-0.0106125007827096
0.618941950781102
0.629808646309733
1.3916385312304
0.182926796823403
-0.0173158941440002
-2.7025612246439
0.197360073781876
-0.361365627506241
-0.110182056489777
1.02689497675414
2.46548909949505
-3.041350904157
-0.54768239858259
2.26375247489131
2.71191078674014
2.348946759113
0.157435576987986
2.16640049839026
0.116434338231248
-1.31050163678833
2.54286732052876
0.479079411129392
1.32224448366787
-2.02870624761392
0.797846195964528
0.222622793631436
0.722670889567344
0.0236086291006624
-0.16872724809267
-1.40051872909963
-1.47589289385654
0.158022209620117
1.07582120136787
0.638427492683269
-2.11654189625208
1.5404007884782
-2.18953341822115
0.218747342031834
1.97351285736746
0.744191728367414
-1.65802870350185
0.803558318919182
0.214599102890389
-0.718380853477096
-0.165611865377849
-0.875044881559185
-0.935649746185414
-1.432516890483
-0.997771052139154
0.543964701627711
0.70545918003541
-0.204016791775519
-0.191112233984287
-0.546523516779883
-0.0572025882624048
-0.482584708425618
-1.54885645299801
-0.662703634883691
-1.21127741326551
-0.4117316709397
-0.846930237336856
-1.14611797390174
-0.26669739983146
-1.89583101249781
-0.819006737634851
-0.96209422124216
-1.63946406834805
1.41331107232057
-0.368739088928521
0.887980570380508
0.129248926351155
-1.50708416886593
-0.205472030602019
-1.48311961887615
-1.97068476507349
-2.30199750331097
0.279368529622067
-1.79660485382011
-0.44754001943004
-0.957536414064944
-2.63462154395859
-1.33807546690999
-0.1481790018236
-1.33459655045882
-2.32047121489249
0.0334083911869294
-1.81569176748688
-2.03865000532952
2.07657444330472
0.555696870881163
-0.461002754343461
2.2199813870231
1.68148463372675
-0.643313285495552
0.368241419739401
0.10620584833723
0.962334425470176
1.993179188888
-0.51931515997389
1.06234384528568
1.66626335597938
0.534124919811785
0.13454239278158
6.77498870830343
0.631880731726723
-2.1551155621338
1.04313591813988
0.417514945177174
0.523640165109241
3.72422515872197
0.456893186445071
-0.144470276813351
1.82079334818052
-2.17069889906975
-3.0175479060916
-1.0473969651073
5.69918757523015
1.8338562083488
7.77463831581112
6.03691473845016
2.16739618231054
0.605495779426552
1.84815938589334
0.187969614449771
2.5403352145467
0.930762767600085
-0.820257576891172
3.80309985099181
-1.90638366945652
1.8164684930563
6.51286817898017
-9.54799125711796
-0.921094491591189
3.6313497449697
-0.382996377588024
0.786135810582537
1.43824631432384
-3.48187888190018
-2.21678255149848
1.16745443678151
-1.81972409785623
2.13870600763288
-0.555102699790814
-0.465430885954431
-2.2440335822424
-1.57973451636225
-4.5849948385282
-1.03033889442226
1.91120013079384
-0.608559083709129
-1.22734514752872
-1.17662748979106
-1.6665053189308
-1.62141300486979
2.85332805770307
-1.27078993085056
0.863415450532093
-0.91047709101441
-0.447080411471704
-0.338101903976762
-0.786130277468551
1.23621690897564
-0.0571820087997761
-1.3700974732145
-0.694999706336795
-1.04807080344162
-1.1923586164965
-1.74567427369048
0.0778042386116113
-1.04899431889647
-0.0999673915674541
0.520715340957185
-0.887223148849239
-0.307486068494104
-0.933344212856085
-0.636112853284662
-1.7300566184738
-1.24897364876974
-0.470748016434498
1.82430319038242
0.592005482381317
-0.469052431962174
-0.449647107165934
-0.595093678780934
-1.50265177130527
-0.330367146607912
-1.12922849826518
-0.56877773847205
-1.10499014295193
0.0183890035666541
-0.37515682796873
-1.16240174467627
-1.09345221145748
-1.07423800681054
-1.26354809002576
-0.253362945650019
-0.659162303922276
-0.546699019831449
-1.19577959678208
-0.442528447044406
-1.25257658584539
-2.14237457159035
0.619184734500324
-1.87598125510847
-0.119812086485844
-0.679459523724617
-1.03102804325279
-1.2735233414634
0.711480056147036
-1.25815675845823
-0.580583878840071
-0.495989379583619
0.049152410205176
-0.931176961447648
-0.295693622261141
-1.34738819025396
0.398891072779614
-0.277174448065528
-0.52959869641683
-0.34173490243657
0.345089755657171
0.50638133597792
1.06954179362762
0.825403129409107
2.12481662325886
0.576293627051087
-1.26610739290868
1.74700569059583
0.568829322061978
-0.842262634212767
1.07885590950244
1.16066144339371
0.381506523741595
3.78265781654649
0.602178294273013
-2.71122307665731
5.04762105265263
3.64039054101035
-1.00957263811082
3.21626668409253
0.442403374224003
-1.52305085834949
0.00953212575324852
-0.149702298119287
0.314920100930485
3.7009656522491
-0.619679453012015
12.8913778079997
-2.87010646856953
0.484833688715158
-0.287564268001017
2.66497950860453
-2.85899377684667
-1.65624282620393
2.85549337736623
1.72886331696968
1.28042473865739
0.62728796115511
0.501918596459678
1.88659688471385
1.30778291962077
-1.68813192586628
-0.931812018642469
-1.6813282738646
0.548002613626005
-3.41635391299607
0.752342809539287
-0.619466481328031
-2.26786863421473
-0.0294317089768592
0.426032899953814
-0.125117744076077
0.668107436962824
0.416580654675917
0.0266485779509734
-0.00711133488837729
0.451087691121793
-1.7362620437913
-0.060645512330271
-0.670016446721946
0.525414665955581
-3.13107944331399
2.3392236699438
-1.26108720670317
-0.964210500122959
-0.465977526982187
-1.01210636042291
-1.29544481970136
0.167714788428312
-0.949467933044783
-0.458591149246291
-0.446840118858179
0.211832230960914
-1.84937377899867
-0.574036675359844
-0.659235446968841
-1.27367623207689
0.0250920555047256
-0.639388956988181
-1.54743912615227
1.32408296623004
-2.02657857680634
-0.402501897686682
-0.665119785438944
0.0965647326420534
-1.0685862036421
-0.692077639976604
-0.703860231707659
-1.51985229373323
-0.762639910285266
-1.30725662656422
-1.40483638588281
-0.564619096098301
-1.26609934466236
-1.86726842061189
-0.316747507124225
-1.18766101278833
-1.42141267907278
-1.63625184343051
0.264716668188925
-1.61831232603089
-2.39185783718932
-0.538264004836499
-1.16780375503744
-2.56652880151039
-0.239858164468293
-1.94718166737297
-2.00215474690891
0.26258054732269
-0.0169412234534917
-1.0462798450329
-0.463991802749377
0.732254360705076
-0.431697214226924
-1.19957109886038
-0.493579735671183
-0.275934678354802
-1.673840004312
-0.0461866717420272
-0.0867842787902453
-0.772705437258334
1.20760759248261
0.0618270191022608
-1.2166045724268
2.25847374190846
0.459047633662489
-1.8038030087372
2.44241951126933
2.15870118928604
-1.76842231804119
0.703303316046302
0.57428929827186
-0.608715703165761
2.8971911286201
1.2583005347973
-0.0358717548756478
-0.853530943509141
0.872567972893564
-0.781785071187503
2.35234278753575
1.16801522723023
-2.04394630347607
1.53719894611444
1.18924878510556
-3.82750614061631
1.15476908103025
2.12531349644881
1.27076875993051
-3.65572472577204
-0.242648052435
-0.121533624968422
-1.2480131157637
-0.27018641646512
1.68862410266923
-1.78020484385915
2.1908800119075
-0.662487587039783
2.77244379051277
-2.75918061414
-0.618368220983343
-1.26423735993662
-0.187436879225812
-1.03341364406698
-0.642035700141147
0.392754131927045
-0.48569884806958
-2.11795030605568
-0.227339267819745
-1.57524486454658
-1.07443890258691
0.589309962437241
-1.12218960674828
0.0823486115225604
0.0706295228455559
-0.718856927728902
0.0728810478654197
0.128284260514979
0.859711778446322
-0.210134581817888
-0.252999290661287
-1.26568476545768
0.00161214906507945
-0.242181249199022
-1.0810700802161
-1.14495838978641
-1.01276908056133
-0.488135014177823
-0.461320938817381
0.490007510000585
1.04118985889969
-0.850307458024736
0.894675274732489
-0.788366539063492
-1.42775195131777
-0.245030694437905
-0.128960944074202
-2.38513295816492
-0.704690875670583
1.2060569313014
-1.28794344207501
0.932091657713259
-0.547925786670628
-1.04406956874647
-0.940832286475484
-0.897721112492653
-0.995163286650709
0.230540502838614
-0.869546486005792
-3.88064473442401
0.361746212387962
-0.645399450994544
-0.885613569004114
-0.412319737247252
7.3686316817139
-2.88929590691698
2.30785757280766
-0.419634841112519
-0.441727419454054
0.40860615182977
-1.40620190589022
-1.56295764521936
-1.99818205946967
-0.415181695913048
-0.351092304427082
-0.391362370389866
0.377102179134339
-3.52624360099666
-0.694351476962926
-1.60995393637498
0.462412588805887
1.61147159899411
-0.017790503204478
0.905869404754442
-0.352013951063981
-0.490824353130232
-0.130941655584323
0.0947446387287389
-1.73578188610832
-2.5332114330087
0.418509156740716
0.287822751415834
0.955750404846523
-0.352425761312481
0.471572316383531
0.569030679033841
1.61973415011798
-0.240902869869216
-0.335541961106221
1.2938880040535
0.162136669564974
1.82502355705341
0.498379028337975
-0.633241661721802
0.925556910680172
0.285203697145628
0.292102117426101
-0.292323351115313
1.03860717605497
-0.16386425548537
-1.09921723281316
-0.115404243748707
1.09633481708998
-0.207180705658947
1.12755313497297
-1.06596240152101
-1.72488785636623
0.182181677299235
0.0982333399248891
-0.393064295442044
0.634323582347156
1.28450940159119
0.0123102624008525
1.51455641371559
1.22830252404215
-3.42110086165187
-0.315585792223334
-0.494562796915614
-1.56606300981078
0.306146071847631
-0.619678971673076
-1.22385377134823
0.57597231819024
0.23424435903567
-0.451618267788903
-1.27096834003
-0.0150589145279791
-0.977152272604476
0.344857292112568
0.548434753753844
0.0718549598475389
-0.339101629349758
0.658034432846663
-0.48755769733913
-0.633912722452881
0.654911760573186
-0.229001069178871
-0.0899038006524693
0.128987704427601
0.615084286156341
0.122398868617796
1.19786036567954
-3.56221264869113
2.92196987196783
-0.429649469589448
-0.779395456596949
-0.436919055067011
-0.929393972912343
-1.47050184934424
-0.432706700582793
-0.108414030630285
-0.433425378644462
0.250921491793965
0.450393122489242
-1.16480033028495
1.06231025529051
1.17821702840675
-1.21106624486333
-0.142460352493822
-0.423593599812674
-0.793378397186926
-0.71829669726257
1.89317099356214
-0.697775345018766
0.943401067810027
-0.200259585931234
0.0607821063927724
2.59045141335769
-3.30354383993144
-1.93268594571521
-1.39331840522117
0.296919324143626
-2.50031055247714
-0.256050400265103
2.78610974641215
1.28110336610943
3.15405454384215
0.856789119798778
-2.83944684553933
0.47153050814921
-0.214827576537612
-3.00534337793298
-1.47372785328287
-3.06928301025855
-1.55646532669459
0.913439616638477
1.57471326713004
-2.48219469844612
-1.9613753712688
-2.18462896541043
-0.890622186010646
0.887006742570647
-2.62926154786472
0.268665182921939
-0.299206532846058
-0.844547895723037
-0.487408150417314
-0.377096128561355
-2.42196417077626
0.0682860171422417
-0.181917571323113
-0.568800171615792
-1.22553506169316
0.622229876503359
-3.15434313899126
-1.69499380489883
-0.963830702133987
0.650125535574224
0.106968345224747
0.694263453489825
-2.976283857283
-0.158342742277235
-2.85084600046369
-0.442104430804732
-1.13580442897799
1.14603860425822
-0.22780589751143
-1.30642929833967
0.285220065954655
1.04415606450362
-0.196959457298415
0.112222773762491
0.599416866370604
-0.159222222836247
-0.135850727988575
4.31262089134353
-1.60215214820739
-2.01764635444135
0.224667290390721
-0.929442275052476
-0.45764678567451
2.96339300036136
-0.0952734336057807
-1.18006633401111
2.45100381027177
-1.36041615294202
-3.525287507382
0.92775028895002
-0.107972470400599
2.38649787364137
-0.531531559631186
-0.140748970366924
-2.41054762553669
0.551572648822262
0.996751679448334
0.512472606547532
0.299009240326116
1.83644940210414
1.34538916749497
1.06146959661344
-0.579255484431129
-0.141609908505501
1.01588881618495
-2.17111539799527
0.152056587051205
-0.998406008487221
-0.740515027270223
-1.39835998594821
-0.533243483622187
-2.19281436945142
-0.692445589045209
-0.780382077356277
-1.72476280023873
-0.632514621306361
-0.479139858567797
-0.471246672522957
-0.629116510114322
0.25544706144203
-0.15457229766505
0.551607390406074
-0.346954879758098
0.326117984887712
0.681935945505365
0.371833363745296
-0.560729945270409
0.375497755408899
0.0971260803967278
-0.720654229226007
0.655405723733042
-0.598764868136623
-0.852055157049245
0.0155737874380087
0.122529260338499
-0.184585121166646
-0.0256997960613013
1.1004944010492
-1.02187486550544
-0.107484055708701
-1.65282349158535
1.53017011932905
0.247948790353822
0.458465504160904
0.998391351369666
0.704521116174622
2.09049214522862
-0.822673405473868
1.09696173655886
-1.43932187928158
1.33358812135609
-0.527159363970898
0.177100686391566
-2.64544022549779
0.121778655444379
-0.431923269394724
0.127789312440476
2.07441925745907
0.843216413751857
1.16204343554331
0.930614330472442
-0.581840167350658
0.353699028099305
-0.493154546321854
-1.70403441475753
-1.0934246575678
-0.185999384517745
0.960031054193393
-1.02068319431704
-0.20566122242474
1.07563840499411
1.34280115810885
1.22591760675011
-1.38050063972053
0.702402049562101
0.112241481087924
-3.08327183596862
3.65040550177246
1.82377413287355
-3.79844627545926
0.193193728092997
-3.6630789189863
1.04951050839954
0.0619030913300718
0.0577835777158533
0.351244907288478
-2.91497645781247
-0.659934139951905
-0.894226124489132
-1.64883858674996
-4.84021915355323
0.134197439041888
-1.43696257910525
-1.45859240243392
-9.1206073069458
-9.98885006488748
-4.4473143376496
0.818927268547607
-2.08327123958539
-2.11879825685377
1.16474864190222
-7.86168125968755
-4.75687334943279
-5.74248202434144
1.03460897600612
2.73627081251302
-3.97116805420047
-2.28971308681537
-2.3186057240615
1.61368538599308
-1.62931296077725
-2.82587197146074
1.08809193827811
-1.74235271198749
-0.811770170889
0.881698974630054
-2.37993848301019
-0.641097147444457
-0.429386127215513
-0.70421393818842
-4.49142452649467
-1.01610546299813
1.02996258228889
-1.7260544212328
0.0752608856554431
1.06095173420993
-0.177599667984039
-0.946525768934363
0.984375671650426
0.24531527880812
3.43408336454689
0.155740060064438
0.100978873940537
-2.05782567873842
-0.567916513728298
0.113976557527733
-1.6865886099235
0.413371259046973
1.00747461135678
-1.09141650837123
0.308219641054512
0.753326519240861
-1.87456252401439
0.653171284766496
0.550913748203764
-0.168332601522185
0.106250971454339
1.00632936529484
1.79190739853289
1.90166097013958
-2.98549046653706
-1.26184100912918
0.372812550472746
1.4945755963684
1.75156217747838
-0.52902149541046
-1.31977466437512
-1.71818119335116
-0.492880995889202
-2.56687570230821
4.28242790655275
0.337994067654399
2.217384690733
1.94337521034945
-0.72077489804918
1.05555611925599
2.80624921582873
-0.146680746779273
1.64558801903819
0.453554856763444
1.55551029110795
1.16539286602647
1.16615929554832
1.03124085817171
0.879290181127026
2.48255859484615
1.19797801640594
1.72237241503959
1.2764970720475
1.30965370074627
1.1311420821707
1.663004401538
0.371517243609212
0.0368098338330692
1.68083939549551
0.533460819043843
0.227767790477573
0.764334572252143
0.226992079930729
-1.42286558632048
1.7899206847058
0.469496463828941
2.24545069201364
-1.17250175348889
-0.575899015465139
-0.804609198120225
1.70125175344471
1.69314523906131
-0.416895932942967
1.03987523760472
-1.66661969112148
-3.9687600870556
0.919981354150304
-1.41322943434286
-1.80543450340249
-1.31474690386137
-0.413966666384747
1.40885834275824
0.96815379444445
0.413711974264446
-0.116307387661897
3.41609563737692
2.92608325292603
-0.746372217966911
1.82707936083762
0.241663839232694
-1.19774621824336
0.607464662673429
-0.469486189815878
-0.145237145199467
8.29754791134978
-0.778733624801631
-3.42964179235929
6.24933938899788
1.54060771448015
-4.2397756724274
5.01644874854553
0.960064075369384
-1.7420641137496
-5.16781009927977
1.50557466269157
1.13909689367936
0.643480620025726
-0.752288977762383
-1.60498723842399
1.7589214485675
-2.66208808731247
1.01744227635169
1.94059257965551
-2.56673228395766
-0.901125682427183
2.94459434195291
-2.92758563367984
5.10008237695599
-1.1176471452628
0.0121263854629692
0.194865848617212
-0.731179754702753
0.72193870790176
0.253220202858364
-2.78986937377407
-0.954487660236778
-1.29309241818833
-0.649317324786727
-0.0425788058069366
0.253522967143614
-1.2374380691612
0.970267694299491
-3.30596279520963
-0.721144623738988
0.790077041459562
-0.184002558999872
-1.15391564558834
0.224846609163097
0.639812309686642
-1.24272991698607
0.0418202495497496
1.20476041077213
0.126000857158836
-0.940766525975109
0.495414284327133
-0.556249943216522
-0.922210585314283
0.266741211156761
-0.44684722247692
-1.39914788178198
1.20197277711446
1.46079952444953
-1.73852747698034
2.36427264633744
1.70655652249849
0.0283569544660608
2.08893685396462
-0.196933828288352
-0.562105350711207
2.27603783129038
-1.2379161633822
-0.384068332480307
-0.293225176576084
0.739123203757738
-1.33973275418333
1.06974608521123
1.32255292626673
-0.0742086077941874
0.990419323842467
-0.92989188911576
-1.06123596767326
0.828137768705844
-0.542949263781836
-0.98482381639254
0.507983276621606
0.414337017679349
1.41540024832326
1.33448824804868
1.48086309547509
0.989857827066118
-0.147470623331298
0.553876812493964
0.309907369268156
-0.29567800238334
1.62879459857041
-0.381534104907885
0.993049167639989
1.31944380295119
0.173320312274246
0.429767429768025
1.1540542018444
-0.464072817144236
-2.28092385576623
-2.09069349261833
0.810869782124073
-2.11981523193134
1.37962395401395
0.671776584478937
0.438339763151592
1.06862139818731
-1.00051634961184
-2.22049866179488
-0.409162961874876
-1.96847749844987
0.391300906721067
-0.933169801256523
0.717197888869543
0.129955215922419
-0.661194078223236
0.831036541963042
-0.611962559551969
-3.11752151463023
0.760732642667465
-1.81775072499216
4.61946134592751
4.42494807718998
-1.22422650535837
0.396261860058148
0.894089691556854
-3.09552047480014
-0.581946320704547
0.519405471209636
-0.718686123552857
-1.06806476392286
-7.74663972987757
0.775973926026233
-7.67899950633769
-5.8308396788863
3.76699023184468
-2.76431554348984
-0.360977340214937
0.13461851754795
0.0251828963998867
0.0589898895928013
-0.174847511365282
-1.47151630581038
0.466831249394868
-0.12964015248093
-1.32540028098114
0.0761108095763303
0.449204141140107
0.317823839148809
1.34949147654691
-0.494041598451101
-0.624735788899795
1.80616067830558
0.332923858952509
0.0370934505796822
0.812202283046288
-0.55295939842129
-0.525902240690652
-1.21613534829831
1.04391294068349
-0.382059622030175
0.510942625343784
-0.946323637017369
-0.695605178047315
0.251235357951676
-0.458609777645687
-0.346468143824292
-0.327260646282822
0.188858024187322
-0.0306727443218774
-1.36368541267437
0.419893176807381
-1.22098123360979
-0.261215664646546
0.652041215453122
-1.32527023248674
0.269618445169992
0.62802758371812
0.0617911746559549
-1.27793863189525
1.92425489354759
-0.67094844959421
-1.33561249850717
0.131116248619552
0.588637822391996
-0.591674611598968
-0.321156348246121
-1.80985459080614
-0.685689758161709
-1.17554982047404
-0.445600452577742
0.0274723374857543
0.910099910213503
1.10733973964926
1.99728625161821
-0.196657847041681
0.493662584152312
-0.0257798148409148
-0.179882126411596
1.47617738696133
-2.49381856555822
0.88231177323216
0.117726166616375
-0.495210479881704
-0.302312731440441
0.856137574257227
0.957005323580636
0.540297221984347
0.9429157593065
2.09733006739744
0.403884709571958
0.889187605374642
1.10459893521569
-0.853693328744947
-0.51762035722652
1.06631833814236
0.536114555612933
-0.237998073508953
0.916016036256105
0.37168477567481
-1.35725557447033
1.27205762488158
0.228911213489625
0.815348275923892
1.12737141742667
0.375083593411842
0.228686736933798
2.73006712205402
0.107491404947905
-0.297975951103232
-1.12509866108559
1.12885714894382
1.14136912634727
0.274399684799034
1.46117553092319
0.641718654867248
1.09426370649595
0.299855907844882
-1.74392104617386
0.29022417880994
0.223663017237827
-3.43126270931582
-4.6017037860462
-3.40942381943891
-1.2629668504332
2.72140819262698
-2.80778249510506
-0.210988620583208
1.17067960338639
-0.956967986266835
-1.17842421541557
2.76197561843844
-3.41919802232992
-3.58038718767518
-4.20396922831055
-0.212112849805343
-0.380714244414758
0.145859148773096
0.190007092687235
-0.0109073357729843
-0.114586059469775
0.523129934648147
0.816254149680611
2.64329906085235
-1.78636256049955
-0.391070451584944
5.79123080688832
-3.71403276197523
1.5192186859498
1.28396220003105
1.14970262648218
1.16713967173955
2.68377433441862
2.44917480757456
0.972370538021632
2.46679767579573
0.631361066890474
0.00634776952303094
-0.126809500048072
-0.91131247003159
-0.912899438840249
-0.274993166250639
0.615070556809314
1.14602019336688
1.23888945230272
-1.7263055771167
0.315271583421219
-0.725031446518684
-0.178902519443012
0.41685067297776
-0.785154345857672
-0.159314642044658
-0.360930601864786
0.00429300806444918
-0.632824448355863
0.5823147599687
0.173681492857336
-2.19318850325764
-0.883274173809556
-0.308950336356013
0.0117462131228039
-0.469182443928845
-1.8476892642127
1.19519482837696
0.041905431249928
-0.959330844275005
-1.07928737367643
0.0713570724233463
-0.338659031536219
-0.824477876525811
-1.33551847722922
-0.484492556107287
0.77336571263581
1.2135319186663
0.750374183956694
1.53977908291802
0.0474713530561111
-0.656964515618192
-2.08107630889901
1.34957044083868
-2.01617205281027
-0.424497487502774
1.31294312922265
-1.11027678731064
0.221142072743703
1.25051065993455
0.14303997989754
1.54201270759778
-0.0353043001441281
1.13396241355216
-1.45419891086236
0.213780402301477
-1.98711145812567
0.808104841609374
1.5903853424087
1.42063937769475
0.863805199631717
0.923866677546525
1.72236922718715
0.799883302867166
1.28121607911138
1.52888562532979
1.32561069954327
1.26206786810542
0.288222249942387
-0.186985851912421
0.723501281111737
1.72029654548206
0.955246699152723
-0.179681246672065
-0.0456008091102935
0.741447723357032
0.619715637098334
0.823960198202073
1.00716695124171
0.305833006484194
0.660310196185316
0.852639781158512
-1.5086403632641
1.13821178171724
2.39794263936549
0.19570021660198
1.44032843527896
1.20159030632219
0.245854063531292
0.316676485045991
2.197957308965
-0.534853856725414
0.785390096311538
1.81386720049726
1.04496035789936
0.359919647349291
1.30303051720799
-1.42381084299656
1.28616083352413
1.27236217667464
0.130388986934198
0.032840720563916
0.748711881495832
-0.142581123336747
0.699900086959892
1.86636298404186
2.87321508664358
-1.50044932377657
-1.7579669172671
-2.73176444245094
-0.410339780918736
0.674896317537683
0.403927605610508
0.199817548440396
-0.303191609936956
0.557485322107516
-2.08314006232989
-0.275432775902993
0.622281013482349
-0.291010307482231
0.915747761619204
1.69420192698
0.768654147581518
1.02700452787627
0.0337257503857658
-0.92968464656522
0.169111693956221
-0.677469999331652
-1.06864914253253
-0.809746596623799
-0.0598275967811583
-0.150256901008282
-0.395714496376192
0.787060620188446
-0.367010280780534
-0.636695501932122
-0.932269853688532
-0.0822763315559322
-1.24305855775251
-0.226464847541736
-0.144205011386248
-1.04233042804111
-0.730478871333162
-2.07805431315588
-1.68506531388769
0.294223861277637
-0.473463739161574
-1.04377826930314
-0.830432799830141
-1.46572456658551
0.372258427317626
-1.1651348973807
-0.942336261037939
-0.513052610685456
-0.813742991757735
-1.05315988333898
-1.71924289435984
0.962033039596228
0.752360734980184
-2.63826125470304
0.370450017551055
-1.30266721286812
-1.21817792396972
1.36878472424081
-0.180432566977585
-1.80081570467374
0.478071666947786
1.20230057704499
0.0539450578803752
-0.0563836001395379
-0.537163836815247
-0.169638277092765
-1.69979254619181
0.397923720315189
-4.27960755049963
2.07505442197177
0.984452299175885
0.0833090881143713
2.83206319342378
-0.756178516684749
0.135354809940895
1.79652478590323
1.97060328344933
-1.14087402378239
4.33159541543544
1.76041180264184
-0.95631029524467
2.02803497336572
-1.89894153790118
0.166649066019745
1.10719601176364
1.0134575077771
0.820424543310725
-0.359593165399896
-0.160116369570024
1.76489952843556
1.96592270986853
-1.11521727920071
1.31998621434464
0.385585004078505
0.274690077741
0.882887596261502
1.61351137049919
-0.362222743125748
-0.712519793228933
-1.01075089531186
0.884307369793317
1.45145907866269
0.512556154587746
0.694364818242986
1.7002693942898
0.163569735813203
0.592229055108445
1.86536595027144
0.5075586660239
-0.695184197246344
2.7631499712784
1.24111574495615
-0.136612036863981
-0.0556561862588037
0.474509385268822
-1.04804408933172
0.514420713683074
-0.0600010875869013
0.703842445374834
-0.021803285634804
-1.1359457795433
-1.52517146030228
1.41146980945926
1.4182291653738
1.77179283350865
-1.91450371106814
-0.593471833477022
-0.886453556522288
-0.327647061630401
-1.0216297082849
-0.883344144359064
0.733489809015757
-0.993862797721261
-0.372278766871863
-0.821494341174901
0.494359575392099
0.421796137143573
-1.05057509458475
-0.553762180824885
-0.350797775147895
-0.637021916299578
-0.59277014450707
-0.905640156833732
-0.489695332426134
-0.609561510576537
0.446813528451087
-0.829679822968977
-0.57845832429292
-0.880891417387547
-1.26188331360663
0.592035379741354
-1.65149418492623
-0.010064979801656
-0.998952005782438
-0.151673449487973
-0.653361214622909
0.241552639765851
-0.96905025604165
-0.884404746862925
0.714250845483699
-0.173914249701662
-1.65859119635304
-0.267108211001976
-0.68926712868543
-1.18939897657842
0.219614493871215
-2.61546161593582
0.586802617768237
-0.513671109341888
-1.23003166096601
-0.996146919000172
2.23029394776061
-0.505351132043225
-2.80000251053672
-1.01101326015976
-2.59618168870106
-0.767798758680331
0.166180977965619
-1.29652840528749
-0.717944012881058
-0.268475738931303
-1.82705918959566
-3.05340627475529
-2.77474177461788
0.855708293278295
1.06665241710416
-1.10611504861003
-0.781969965435771
0.0723695100527203
1.10089738880225
-0.882410217144112
0.612078499134327
1.41216781991008
2.50570676720594
0.338068423362861
1.30862025879517
0.749483066694969
1.14441369668307
-1.65136297718159
3.27197674078666
0.160799134655545
-1.15273970642798
1.07446317771737
0.739915001051749
2.19330383199034
2.16631367007967
0.346836818187656
0.634176759559435
-0.773401240118271
1.75930641821223
-1.75314746023615
3.51965141831927
1.134001789258
-1.61568102603157
-0.554201212753891
-1.48644750426269
0.478592270962504
-0.195111598938587
1.73730828260127
0.412002402418102
0.678286293962135
1.11504107628131
-1.69633548514374
2.22041407866915
0.553933254077678
-1.44346446717117
-2.2283728499261
1.59733338667931
-2.70544157210153
-0.335765790351913
0.971788591737582
-1.36057233838353
-0.0320799289970722
1.06645140593641
-1.3710936241234
-0.887744431664976
-0.364822358784888
-0.547630875225353
-0.0362285337339201
1.35988176661212
-0.335661980963407
-1.29040808473159
-0.0721131488624307
-0.304529615332755
-1.27231059684949
0.2212487180537
-1.13358515118879
-1.27323540167444
-0.280752281641847
0.80010934571696
-1.71859116219665
-1.84761400836606
-1.57418695723324
-0.211532903465954
0.0965661147544284
-1.21140828672781
-0.582115856345717
-0.998095659283106
-1.44396075510355
-0.776907248730426
-0.771359089777161
0.114959440016142
-0.685011085796012
-0.595816249620205
-0.672849099679582
-0.996596797908885
-0.514991989248427
-0.54480757867266
-1.8075431085833
-1.42643480277408
-1.52628413841898
-1.76197364994291
0.293407784955071
-1.33330066534132
-0.967099789932803
-1.32511361657436
-0.258169735060753
-2.4175984281906
-0.66337010423465
-0.50536065874516
-0.233859819494477
0.772310835260356
-0.191278286500984
-2.32586232050888
0.298698234501396
-0.277165515007147
-2.53218453946277
0.743431228227289
-0.365805667672994
-0.162319831502825
-1.68661435004149
-1.07676981778736
2.46320401011846
0.351115359898492
-0.649987221033629
1.95621114495172
-0.486948677467505
-1.04739413236261
-0.0680917526797642
-1.17216501382128
-1.09103098816429
0.102223940992309
0.408264784920923
-0.562314822957737
-0.659700944411621
-0.469245179995785
0.574809458497279
0.133568558935081
-1.6048908923773
1.97707526940167
0.885273000047734
0.526741360460835
-0.952624925346323
1.37101026030735
0.786606429372194
-1.59118518533936
0.675988561454578
-0.0847248352303411
-1.53459842167723
2.12917933173369
-0.185282899388763
-0.827772571408277
-0.0928841441959449
-0.155963364382599
-0.838943609203405
3.00003661216464
-0.00739177858977159
-0.905801027070361
0.869079425409364
0.194618295976837
-1.27631902692726
1.42452506452712
1.68898625765178
0.0299494395994822
2.00333337017153
1.60752043902108
-0.416181117772242
-0.83641871140796
-0.301876210008898
-2.20232945778902
-1.25902282161406
-0.354605204268643
0.526536513055348
-0.135709984941716
0.641504699793666
0.601349279904172
-0.428821683918961
0.681961998656289
-0.777472308837559
-0.771568243417861
-0.0775577906706898
-1.24092821328437
-0.679589137403838
0.253993357052438
-0.973077078459015
0.115957769267088
-0.32679137005168
0.112655177358347
-1.89223685438648
-0.110512254096623
-1.2276983229634
-1.07252645332739
-0.605178433355037
-0.263813532874208
-1.77680432071837
-0.670074526930885
0.948416300866187
-0.710789806479061
-0.717327770356869
0.301502335662547
2.05591173292761
-0.83152981393489
-0.264404845049134
-0.407293863568391
-0.498062765805071
-0.230945258121027
-1.23524249375507
-0.721674320328674
0.286276384358705
-0.884030959163991
-0.237031324122273
-0.0566719104236638
-0.83468352355535
-0.631823628291778
0.487766154996238
-1.42531115047844
-0.689653600031969
-1.05993203197501
-1.49354364737189
-0.946882048326023
0.235028032748473
-3.01933137587663
0.757301834364821
0.142545038086317
-1.99940863860393
-0.0494057986449084
-1.77193358844596
-2.25830941454092
1.2721122747515
-0.744051955633526
-1.79108234664125
0.79397635383583
-0.709098963624756
-2.92883302215843
0.637706080808149
0.0356768362058477
-2.45714540819769
0.173425810817586
-2.07336973449943
-5.04059466790674
0.108822463357592
-0.844712778142886
0.794716734094387
0.35963096448195
-1.76704279958058
-0.107695114066402
0.442075011553125
-0.0602507116473597
-1.88010052407016
-0.233336987159566
-1.00152645317224
-0.604846236304402
0.144715900684222
0.152313814918012
0.184718571331337
0.317735966460314
1.46062923714093
0.117613939316535
0.730965178920642
-0.849813763765886
0.274115242743713
-0.596548725971244
0.304571090779376
3.63036438902121
1.28662920577526
-0.389421935198704
0.661900305884048
0.349728484501246
0.652761471811053
-0.997786215302949
1.39101121329511
-0.044831622124304
0.821619459068085
0.017886243940063
-0.748548773635797
-2.33709755513518
1.05733474324487
-1.32835358218209
0.0816922306646923
-0.842294525495339
-0.16446159967393
-0.711896526772889
0.618431884367774
-0.953864729994991
-0.925689579192157
-0.268705400910413
0.205783662798629
-0.928015159706476
0.601776514833696
1.16490014461412
-0.393407665781772
0.574139945627195
1.0305929936941
-1.23057363382255
0.103567105072363
0.459862404088327
-0.830242753292499
0.699740627137736
-0.78181771129481
-1.34710678212571
-0.552388938189188
-0.0502908536183743
-1.83995782124424
0.0373164576100945
0.158468744507553
-1.61766932906617
-1.04267215709325
1.03103158421378
-0.931969331362607
0.197933497184767
-0.187739157302307
-0.435870968265916
-0.487117606420337
1.00629951983495
0.57250159798121
-0.499735541554994
-0.285088058607573
-0.455057297917701
-0.234563284185184
0.184216401008687
-1.19515508385062
0.462681128429327
0.244309536148447
-1.2880429465716
-0.672869212831004
-0.807662342878806
-0.651396970420599
0.474711616442126
0.487419837345362
-1.52858572144635
-1.24300875081561
2.29517348826362
-0.996738882955481
-0.067286512746719
0.236381293349495
-2.67899155466249
1.03854027670116
0.647066407880657
-1.54134682608526
-1.37458688030519
0.784119411958431
-1.02287920058388
-0.697651409625858
0.261057557165404
-1.95736110730247
-0.234870207899287
2.27067566060352
-3.0793523121704
-2.86403314208465
-0.00337911222144492
-2.37997960797617
2.19686695335905
-0.178721021462725
0.241859262547543
0.203702453392039
-0.17513323833449
-0.523458685801548
-1.26799094395122
-1.58085329063956
-2.00036480214725
0.588134706819529
-0.73118822915818
-0.00843608183355583
0.400600702075109
-0.145212945681703
0.529227123558962
-0.260088118487214
-2.31868280174555
-1.98964494571199
-0.779859659077324
-2.06772937705214
0.190275968437861
0.195342178942555
-1.53250649314174
0.0497797107074073
-0.374275518370131
-2.83515649900718
-0.359385001829923
-0.510663745192122
-1.46007399030225
0.062874501115242
0.91572475205163
-0.667355183176388
-0.825637554231542
-0.204979415381553
-2.47014840827547
2.55325942617457
1.45648294385361
0.938821923941961
0.196049457409625
-0.526484902188534
-1.63608031006849
-0.221425803977859
-1.42041500167643
-2.78404606001344
-1.68982786412339
1.55161821496294
1.06673364771696
-0.773916876246813
-0.49792561670561
0.872228870532931
-2.00030416020687
-0.563271837726859
0.975625155470216
-1.58593251515606
1.88596983982978
0.674121252679152
-1.65701214169509
-0.343286248019687
0.64154455091183
-1.03547506764664
-0.963181221901806
1.27020448848132
-1.18372340732511
-2.35943049915156
0.397153769961084
-1.19104925315808
-0.242635869253239
1.03666659294461
-2.07513994245054
-1.19270524247171
0.634170799184633
-1.23763599571524
-0.459643629247716
0.279098864140691
-2.16500872252247
-0.13132665203264
1.17665167163527
-1.45465832964447
-0.991417192448778
0.546756991265501
-3.94338481025112
-0.645391232905036
1.69243604592979
-1.21585513148053
-0.258248178388903
0.116237919705804
-0.396958833386917
-1.55225941481474
2.1996026551384
-1.75968601820988
-0.0642768435591629
1.62422867435016
-0.247461084263774
-0.545064179317244
0.98981386524856
-0.462552418416652
-1.48919882246742
0.07958627708603
0.343002461996671
1.29977607649885
2.72872176581626
-1.31794336659657
-0.105765653105498
3.50638762719044
0.923168982878689
1.76145460269395
1.42354093082161
1.00006985728721
-1.27198367283118
0.98169199325107
-0.849228605841273
0.719470143037358
0.51674366247756
-1.0711416539592
-1.72948026752779
1.17886363153636
0.487739703294178
1.40705003883505
-3.10992463979078
-0.674536277310805
1.34534465873688
0.821251334716924
2.96563050787997
0.0707770826331407
2.30835429249789
-0.764366981601791
-4.31817108806219
-1.19164161673793
2.67088422568673
-0.390350805098456
-0.0332759337885921
3.10777262680412
-0.698634331295501
1.25817702481835
-0.343384216723423
-0.435093300209554
0.00724021355199629
-4.08350380324472
-3.28735492839951
1.48721582675509
0.315204837173114
0.387273195933688
0.131124290922672
2.8486369916907
-0.109360658221222
1.23920990589294
-0.410328122984966
-0.415389238333716
2.85976020022093
2.75107197415637
-1.78750610201074
0.342320683274648
-1.38289111881691
-1.21791777804728
0.354393786322801
0.231476561750932
-0.314904252400531
0.889669447664742
-0.0694823114484602
0.418920469038324
-0.0608244160646204
0.269706467912096
-0.328232691485389
-0.361567240771756
0.266510506387458
0.701217682985782
0.617755531456151
1.17586074646874
-0.757936333878865
0.960256121121633
-1.95768113618082
-0.948974525299575
0.257718222096631
0.280862579573392
1.07227440928814
0.449940887945209
-0.700868641895389
-0.786443579925723
2.15791166343147
0.938391525804399
-2.32705259623102
-3.6632571250034
-0.142115969145333
-5.97590221342364
3.13428246331475
-1.63529201961892
-1.35225421501234
2.42073051249984
-3.27238427610039
-6.51354617627648
2.89393900364849
0.14703610309324
2.32473505515794
-0.65164884657578
-1.39747771088928
0.429009661569486
3.00433586709379
-2.47942574463828
-1.54897882382044
0.964641671185649
-1.33183112722248
-2.55256737018448
0.373308035930199
-1.15955823765098
0.303559792451328
0.286076262025562
1.27069926618471
-0.32892940591536
2.15796422865725
-0.365332592652499
-0.925694417746005
0.89505202520181
-0.215335756549654
-1.29109132866862
0.175768204498976
-1.06872928790376
0.846823551358688
2.71905527843852
-0.0547542789485863
0.691169101892838
-2.28768032334299
-0.719219673517977
-0.170628810576384
-2.26218291641593
1.840411594481
-2.55978137930013
-0.661177007781006
-2.56689881820907
0.766821325456747
-2.21030336126262
0.145130302842237
0.393456751921089
-1.64172555328157
-0.35298446512548
1.18455116782602
1.57683356360737
-0.617441959384208
3.38979152631406
-3.49988163866952
0.206870761709065
5.67785693289226
0.563486100506418
-0.195001576332615
2.96307940006559
-0.674699387506276
-1.03002394887488
2.07836496798145
2.40015901849234
0.369190861252594
4.11309229994853
0.793910666649706
-1.8147965343661
3.07149455709541
1.24755701816241
-0.787150443892328
-1.10091418524409
5.98189090352988
1.2491740588309
2.39472073770576
0.194451799732928
0.0800753560788421
0.115393644906257
2.16876892236337
1.52922246697832
0.0493258308004653
1.35814817309576
0.301187310677633
1.25553752238873
2.2322596515172
0.231694844575136
0.986717008592412
1.70537008232354
0.482048842465643
0.010269023743975
0.308528373707127
1.20610284379563
0.720812899231716
0.417794665860706
0.192326839972547
0.544666859148943
2.52980319884713
0.801267109782542
0.929803472309588
0.76588748783269
0.559559370704984
0.120271678063109
1.55982849571356
-0.176260991517233
0.505807223423786
-1.76200999614603
0.874883621026606
0.358580452110687
2.58618181132783
0.395378136460853
-0.580651309633782
-1.52265912419699
-3.24241516760975
-2.34635777281507
2.22816613546173
-3.04661501820598
-1.01051795025327
-0.218266092194794
-5.75592503090457
4.82182781489723
2.77112646758763
-2.07673301943964
-0.535075356159953
13.8813893915648
12.4771370614254
-7.75077180453295
0.758052473902835
0.772852845619491
-0.35419155889739
0.756088225784807
-3.12400726066876
3.17656505873186
0.948215540017956
-2.83476339859906
2.40436200168959
-0.0387953329247932
-0.845146462958974
0.679733667243137
1.42990378534095
-1.36534759075228
0.956767125686645
0.73741844986552
-0.155478962496758
0.29086929952058
-0.0297298725331733
-0.367748852565573
0.0157823314105146
-1.11712631195456
-0.214783744777212
0.440788285527368
-1.42999193754823
0.0151027846981707
-0.208128073096995
-1.11848292605724
-0.342197432664417
0.46924070406196
0.14649926157214
-0.527306765470195
-0.309341264873826
-0.969372375525215
-0.853926936394708
1.20371691299229
-0.369740996637025
1.26008181804402
-1.42209649665469
0.116689136798502
-0.800589226205107
1.04604346214832
0.642125765333039
-1.10718660716991
0.426626716975951
-0.792427514919367
-0.68172050623948
1.74667542321569
-0.13131066627224
-0.544202525977316
0.831726768867144
-0.482151566669259
-1.07249427390374
1.25173304022058
-0.503465316854818
0.121122807882173
0.760537480413456
-1.04437061955246
-0.185836705533921
2.75690828809714
0.526768970901891
-1.91435169719177
3.89872078222046
1.35288112259207
0.808568439594249
0.736068892299916
0.290608643796722
1.04174112187425
0.732928710491594
0.586275589754444
0.258344595265988
1.08369909337095
1.51723601124436
1.16802978306905
0.0433052630827721
1.58056933965968
0.749663809436387
0.0791290386451993
2.19999233915047
-0.640539944610083
0.380608404642949
3.3114774778177
0.893321595716343
0.909741082198619
1.55600395544202
1.79166906391256
-0.25145381511216
0.723884565198962
0.132105499954023
-0.353900898716493
-0.0515362345129246
1.1887716160315
-1.40170023938041
1.51438289851563
0.9182293057283
-0.623404978451032
0.691330094280318
-1.15296447084225
-0.402488919863991
0.279384753588579
0.686036176951615
-0.595014416832088
1.85767953551406
-1.78888172754769
0.250285579093284
4.1193688880419
1.25494746412612
-1.47090460903052
5.50140068079191
-0.776737905925736
-3.93251707772505
-0.0140922537265071
2.2192821023666
-1.69977695022518
0.400354068060327
-2.4082725265524
-2.24909167382357
-1.15282099673917
-1.50398426679455
3.48687941514998
2.32551370541089
-1.48655172463299
-0.232750990490897
-0.591822322111509
-1.19194665741302
0.774601379099357
-2.68821622344531
2.0745133388566
-0.0226714422330078
-0.9688457416463
-1.0407803258147
-0.995377927566981
-1.588812247367
-0.58863478462308
0.288438708724496
0.777740080269217
0.646441717335337
0.55929183477482
0.40763504908151
-0.076721641754302
0.4438619363661
-0.228923211598894
-0.515729705649378
-0.88165335822116
-0.93749168928534
0.856529628762708
0.270029079704156
0.576773845817672
1.08118456307562
0.697611081167549
-1.025865896688
-0.570217344077039
1.23173375388238
-0.780800538500759
0.0813760018983287
0.398768202196718
-0.396989171344954
-0.863035828157469
0.459269895614593
-0.699330113606595
0.0650323161342506
0.31110344256689
-0.976148507364468
0.668985350519083
-0.621641711334953
-1.86362117418561
-0.279548929857077
1.56840071427857
-0.7255043428622
0.0367473645620947
0.655020693877742
0.241952424167087
0.0513250239459288
0.217684713871201
-0.526349214906307
-0.360923952098765
0.211936250180817
-0.101683485930214
0.438648551115592
0.544157820061364
-1.13543401528084
0.40606413753623
0.585278747173905
0.449146887553306
0.136968870715245
-0.0721601010125702
0.869103068571235
1.00606399301218
0.637840833430877
0.624330669955208
-0.687306282687238
0.913081967942633
0.526650168711069
0.660978268919246
-0.522428901899139
0.690393078268262
0.560464968691856
0.13355872721491
1.24286990473149
0.408398858997055
-0.0126830962331465
0.266549830284157
0.291145563677741
1.01160320837896
1.27306845943485
1.05849198736313
1.84583624751139
-0.367087641566979
1.18278419334455
0.101777205134257
0.0909263638726497
0.858570686196057
0.206268262356076
-0.630077929401896
1.22185801843748
-0.345210748926755
-0.176805543498728
-0.371529169738481
-1.74233466902667
0.500817067536796
0.0332607887441664
1.97484164151938
-0.820244903571711
1.45735626467771
-0.863046471563326
0.448611358519307
-0.817261966827083
0.446294321030623
-1.32107574737915
-0.763779734385385
-1.3850827283389
0.942126859904095
-0.464996842188814
0.709202922245183
-0.364872501125585
-0.961559360923249
1.2071986183959
0.701117613472455
5.05909854685101
1.0675949979577
0.35595753735071
-0.0790492987285172
1.998749545371
-2.41370475272116
-1.96495672511966
-0.637262181140576
0.0211810400766521
-0.0697620347147071
0.993360857225793
-0.166604287756996
-0.0595601846666585
-0.0304763866221706
0.404178296160585
-0.587663633220191
-0.542203008948581
0.266514506729823
0.75722397593219
-0.803206823504008
0.894160167901384
0.244284046865641
0.0830382609088773
2.1071751617424
0.806790826047741
-2.28829407791721
0.0268739253123618
-0.932955839955633
1.95812555080402
3.01221897554198
-0.181620083867675
-1.26772063225909
-1.60216765006059
0.244409250833858
0.0317296683449879
1.45982139927998
0.711330941332149
-1.03533294854839
0.341384655244239
0.153022493166509
0.641812546551046
-1.61571649967399
-0.0881226190139917
-0.0720235669620873
0.149085724716227
0.158787147398774
1.50950910063978
-1.20187683307833
0.0595245270654644
-1.29208039960249
0.216221603371532
2.24485635628831
-0.539077929708319
-0.0629924638276073
-1.54262478917414
-0.723522953988259
0.730767483937326
1.25471129524995
0.984395140390866
-0.388165570385955
-0.322578988520663
-0.106807495139689
0.721952312396024
1.05114438555424
1.26086458493459
1.32511624655545
-1.11384453234562
-1.18640425491249
1.66483316415046
-1.59246690667056
-2.93642093077064
0.753967901892029
1.2220286849447
0.137841965709958
0.694167949349638
0.447295947818885
-0.717374702081939
1.5871999341006
0.231605184109609
0.102439574120851
0.497841585457834
0.910950103498716
-0.722030995046291
0.928292371748319
1.14145803568813
0.402672323687594
0.600983820299989
-0.932638867860497
0.965587103854429
1.29768880413
-0.215417501835346
0.481027941073804
0.660310775745023
0.517199128335525
0.20927668905196
0.699565136770392
0.672942747803168
-0.342449960425777
0.0480024393590205
-1.47065100679134
0.562337713734966
1.15375486440655
0.407038696258448
1.08298686595194
0.743584766226705
-0.381284249465212
0.750165839933176
-0.343289280065716
-0.0287727330706551
0.884580884757214
-0.154278152623553
1.24086880523029
0.250031907809029
0.0191318882732135
0.405791300971207
0.452296006805774
0.531714927674042
-0.333399635312916
0.948895655111664
-0.936368799869049
0.401802927071061
0.893408996699866
0.434946707332643
0.186906500823571
-0.302388766073399
2.88496684280984
1.64714358645135
-0.192909600007022
-0.0809927402638691
0.564503951267667
0.27539011604009
0.772491960842541
0.29619211395694
0.329418792912432
1.16089589994201
-0.929432656702991
0.253660039810207
0.0345845901773154
-1.36891906733545
-1.28762521812504
-0.181565745685507
-0.0794219087767617
0.718186375197332
-0.765337094242575
-2.33285590478668
-1.09304229528774
0.600541020749353
0.018892154178414
-1.00858535599996
0.679022049020514
-0.372661960137011
-1.10528923501713
2.22041740644181
-2.03376115969228
2.21995862762124
-0.10602917592485
-1.81453906458598
0.524285273158092
2.86834958233254
-0.816189132473096
-3.40241061104569
-1.61747557030502
-0.120612962134042
-1.01375791443825
-2.01633710424412
-0.55030639467266
-0.77028065370079
-0.395361194290242
1.8318899058735
2.0875493671633
-1.44005131666493
0.533696654099369
-4.12163245069928
0.405001377534035
-3.01257365518392
-0.108923047465035
-1.18545818171007
-4.89550040290536
-15.0203629591929
2.55431527346738
-0.267306900565193
1.24521003340733
1.37241044869845
0.188889038731592
-0.91947577020182
2.54759734569341
2.21323957011205
-1.18981616332635
0.989228860856679
-0.510418594000822
-0.426625403442517
0.873245103815237
-0.643372592670916
-0.156456694279863
0.79287809636848
1.48335186125072
-0.44527453191315
1.1632767871351
-0.963499531915052
-0.882849635988726
2.29937916308045
-0.30291781778473
0.413351677125189
1.04407820086579
0.572855988303458
0.911585379649183
1.47009422972635
0.171697244100402
-0.23218889383983
1.50277902283418
-0.193174976889278
0.502137124994114
2.18717911074231
0.200081340859347
0.497452925014865
1.18215141169779
-0.336569782555795
0.247174131453164
-0.801515340139015
0.421597837684424
0.135497980525248
0.47560217528967
-0.212014298639284
1.28501376355025
-0.450759173599968
1.02606971597853
-0.944406046563997
-0.402298766558126
0.0738117157257423
1.85670455557589
0.784256470714569
0.360590465405128
0.727299515614866
0.0401941328072865
-0.454469828192298
0.914020237402938
0.39466264273791
0.474864367738235
1.42333294271405
0.23119631874801
0.407963931568424
0.794574354693159
-0.0291160315712122
0.539530558797436
0.378576247248363
-0.647054861571649
-0.574565041554374
0.263854945966108
-0.870846232317017
-0.58262321770478
0.875997298389012
-1.92339878843119
0.00151506987682493
-0.176110546480197
-0.665405374950296
-1.00965370130012
0.280649630929694
-0.410986368893078
-0.0512122785082884
-0.489214673328551
-1.76478337613365
-1.06148926385401
0.0478536478025585
-0.563019899773922
-0.489494502783494
-0.785433400523842
1.91415963522389
-1.04919172942843
1.89491177705472
-0.878436313171402
-0.745892233371801
-0.362597084138613
0.239597200135556
-0.798872308916093
-0.988674839397629
-0.514465413892666
0.127000530049302
-0.336501729724242
3.03526835619677
1.82555053254748
4.04779067567687
-0.0648359413453646
-1.47013438027812
-0.233461872906508
-0.4786191148045
-0.376334677279748
-1.02294490605356
-3.16901296269895
-0.303617409789258
0.891777878254209
0.215259740988787
1.63074722720245
2.41473509521646
-1.64223138380158
-0.914164354311299
0.566301435258086
0.0737296947564097
-0.890702127974531
-0.833220171029912
0.2297946179783
-2.23389497036574
-0.485026964877204
0.988796869143364
0.818631095597335
-0.549110845041519
0.334285414375933
0.786180635643653
-0.777619594260579
-0.611309064639638
1.30884681428419
0.20562137938933
1.24862243631759
0.780933125452355
-1.74840109558324
0.711031106304141
0.989283979652284
-0.34016543835256
1.03288728962683
-0.249066984417305
-1.53581843357262
-0.310955227052692
-0.448255290700977
0.180529015595616
0.555841202347587
-0.734830572816896
-1.01261184000684
1.3684133925065
0.859695577063832
0.290750680656931
-0.343749004880523
0.659822152320898
1.41751475864392
-4.40084128974749
-1.79210294489406
4.35807603536934
0.44161972833154
2.97939687204487
0.793344732306599
-1.04399851574336
0.144269717072664
2.05130961298584
-4.82885508620184
-2.72992820165093
-1.25398605398371
-0.847217751023685
0.958902657009034
-0.818669644434116
-0.136709251354783
-0.0479798729976413
1.79750785950729
5.42186485149725e-05
0.332957770385962
0.922669791466385
-0.694870211217529
0.47769411367534
3.73564528854837
-0.224071287085091
0.525033244525928
0.61734829369332
0.594419016761857
-0.306039081527473
-1.07606634979765
-0.961093229599016
-0.456879163934565
-0.130496655309376
-1.99979568287307
0.0527837542268482
-0.660986891531319
-0.211650108467444
0.325232738455173
0.486469473798606
-0.738403781470681
-1.6932346742166
0.202719028361335
-0.183056071960375
-0.526914130602434
-0.99081216401936
0.0257300096219071
-1.50719209773229
-1.05987439474755
0.632635997962854
-0.658346232924608
-0.929298791634214
-0.30685084675288
-0.781409565980874
-0.839990616004622
0.0817092573723338
-1.41254525620189
-0.582519875570547
-0.900908868990755
-1.18417941080058
-0.899213638025741
-0.203729834797506
-1.78342609235656
-1.25386419803665
-0.913313439671468
-0.545111314217723
-0.539755812188375
-1.30898099129389
-1.28171968541891
0.113569724749912
0.30419491055179
0.232616913550508
-1.41708065462778
-0.63930446333405
-0.170234942212597
-1.43787570958285
0.380330020678799
-1.27384909346119
0.71366484002827
3.46084535491526
-1.62158208060305
-1.42012467545634
-0.582582940050811
0.0811123058711938
0.826732128606071
1.72293457338819
-1.97208889369695
-1.54324723640301
0.757102885495353
3.67203534976338
-0.843728118442664
-1.127084751288
1.9208485560495
0.0133380456054166
-3.14694544230383
-0.658931693282036
-2.12134390400925
0.472677957035881
0.773906731796494
0.0548300445526231
0.299398373026331
0.350395794316149
-0.160992068517255
-0.532526911611484
1.07792092360175
-0.0463092756352947
-1.07657751418561
1.07703400211618
-0.0965251284564652
0.713639130146562
-0.414219503720281
0.337025306130635
-1.07511972875996
0.121571215457898
0.262129147635637
-0.437228172149742
0.84393741261098
-0.0155245024739317
0.560880493460133
2.47151655494586
0.0993721495947612
-0.913385218818045
0.908380099795741
1.56191304258129
0.259778959200605
0.528558028219913
-2.04225331226592
-1.01854667294454
1.77681108333729
0.437097150897711
-0.0681046912681772
0.685474036222095
-0.219615571050238
0.522338951606773
2.85948623250348
0.713155574779271
1.14787956330606
0.283677232876451
0.611294490970922
1.86363988439421
1.63660940554574
0.94027547427593
0.464477895450515
0.385970939183597
0.935774616266717
-0.943910950146567
0.757805480696263
-0.444485594975118
-1.12423597330217
-0.213512670877467
0.0244533763104609
-0.386209572071388
-0.565773174444302
0.136859996100938
0.00988139521895587
-1.3053392215447
-0.00696421701821332
0.0815348534662428
-0.0987374270233493
0.0712978036199159
-0.194942602191906
-1.30842105443843
-1.09940071106252
0.232213535745346
-0.856977720734734
-1.89258193211588
0.614078773066973
-1.80912206910876
-0.13219608240835
0.574589431842415
-0.900644901207986
-0.153593329251518
-0.389724338652168
-1.65896350658524
-0.820962199013
-0.799111653839119
-1.25242088040305
-1.46005401555431
-0.350546790121122
-2.76225296836499
-2.33029275272242
0.65102306789626
-1.01437507529267
-0.938894073121957
-0.686634206073548
-2.17229862031355
-0.611675988361148
-0.442364044758506
-1.02400809114187
-0.0694985805125135
0.986671532459023
-2.62667973123308
1.00334189008956
-0.98606308694758
-1.48011819120116
-0.00525154776182392
-0.0215591547320111
-1.93987374784278
-0.706845372891956
1.97257416033778
-1.01672628763181
0.327861009698836
-0.217310410218331
-5.91031771934987
1.2227904085097
0.931609757841859
2.20384894434286
1.89179538619008
-1.2134886043355
-0.976974644520941
-1.29411253299196
0.796673187248885
0.1835628574123
-0.525670326781029
-0.585530153020991
1.43958805543683
0.558419007996741
1.92250760553767
-0.680045523121778
1.61820340762245
-0.17626605388547
0.942135485543956
-0.022991386553222
0.0338658332791648
0.83713297274111
0.197838533615778
-0.118017693018446
-0.152357507531837
-0.423645349719354
-0.741962901887943
-0.396558796316736
-1.11876679061494
-0.704436478876043
1.20728083090115
-0.49239310926375
-0.0770518011415467
1.60163095435859
0.000699978705937497
-0.0105049360482164
0.610856114948254
-0.295619244536354
0.313700397491496
0.60134828011046
-0.308982450585755
-2.22691611958449
0.698182278261072
0.331220866497152
-0.54342674050813
0.865945434082769
0.244015623384203
1.31769426608529
-0.834117688539771
0.41672324750343
-0.450828764475685
0.286392911308023
1.18329365630898
0.824070452568143
-0.536698144719742
0.728346693694463
-0.359463663245761
0.405616532727664
0.972219258609763
0.118872934687996
0.162781621253935
0.358419279537984
-0.362156199482442
-0.0182812133279306
-0.147811980777163
-0.8434344637294
-1.09344964184731
0.351583388178441
-0.116416235327098
-0.665655955845909
0.57377858018019
0.606345115640258
-0.413874083084686
1.00475644373306
0.12847140493208
-0.279761547224849
0.815046488673597
2.14004898462492
-1.5946697787015
-0.329649990806125
0.172047864032065
-0.778926618066878
-1.09571800068936
1.9886590582058
-0.579118022783173
-1.05822104016477
0.586019209558682
-0.695487540069672
-0.285574401008872
1.83899919756092
-0.80964539772708
-0.526534043671323
0.223291133945515
-1.50129090505572
-1.24153199343791
1.21427463393234
-1.80265645626147
0.543916566180221
0.143409170704409
-0.956516583191529
0.282210410971125
0.360328838204483
-1.22239227392551
0.117103385863152
0.199284898803608
-0.605384432094995
-0.0581258838635657
0.137043699004379
-0.020113281452773
-0.0879157875914876
0.08043986242657
-0.762762149307731
0.853014894558407
-0.049975437823828
-0.551651950052912
1.22684687761336
-0.0738891078604998
1.43525322053462
1.52102767304873
0.803694374974373
-2.76852563448179
-1.1923173899196
-1.37179856704234
-2.411594192834
2.28069151939724
0.301083093610309
0.0181815846794234
-0.509403055055172
-0.0166077801475756
-0.180125778365342
-0.866246668202215
0.378998825160827
0.176647699507486
-0.212822845619627
-1.23885905519665
-2.11024964520803
1.75028871929376
1.00592335933026
0.67716444291762
-0.249603925943125
1.37066044748187
1.25677032743846
0.550145400460589
0.0332321268737351
-0.112901084072203
-0.536747574583654
0.812462455592198
0.109562182243027
-0.647665753312259
0.431034796565031
0.0229753869610788
-1.40138479403386
-0.462425891987775
-0.319289137653866
0.954031662837152
-0.324258292947435
1.75498328910898
0.176631108666493
-0.223847599513767
-0.927055566343942
0.463312993487948
0.49394497883488
0.482040975021368
-0.132293490528372
0.433548467707373
0.885010411436974
-0.532949141331842
0.930705866525752
-0.68618524237681
-1.01719113355707
-0.117720184182645
0.208508953714274
0.452748423746186
0.468357042938584
-0.331499182449075
-0.243315546356688
0.957210768810414
-0.192840395954931
0.44890828109237
1.25927362416551
-0.140382291594751
-2.18666980301631
1.54293779948825
0.88000705457268
0.264810527086044
0.956124915765729
-1.29701331805091
-0.206251336700637
0.295122837935775
-1.18589552928091
-0.536753499551144
0.242362005445826
-0.720960381694505
-0.19754346811557
0.144824996617416
-0.583576768246624
-0.896130608835551
0.997763858047773
-1.12963354652353
-1.50290371397993
0.55814022700914
-0.849868735648619
0.96903107839932
0.340649971323261
-0.905541917445147
1.15067529521977
7.36096955312646
-0.712345169492502
-6.82614351553181
0.370924585966969
-0.293097212945133
0.70970106752671
1.16690938152714
1.0994831307606
-1.69012497723635
-0.550931114462657
-0.757273471293113
-2.26157851212654
0.177966883528122
0.45691330677048
-0.256080139997316
0.177316412997948
-0.39864394220208
0.255852248861774
1.82334406566033
4.11427483544451
-2.43971242574385
2.53942044134374
3.93250743530749
2.18201885129209
-1.64451973052533
2.49875526055246
0.182136827177623
2.17130924641544
-5.44380646170507
-3.91459202910765
-1.2966799082767
-0.0177547319716109
1.62257196963948
2.43771602909318
-11.07276333968
2.93691909969974
1.48845822595622
1.53084255949076
1.9862939715647
1.928325429327
0.687673753928977
0.326653122544742
-0.779222294112356
2.62511571042845
-0.787729141509551
2.43022725426567
0.857690022026845
-0.649162430769291
-0.0567653553256499
5.29163698868823
-5.08379497392362
-1.33037448748744
2.54037633394999
-0.645557821354396
1.51441436899717
0.738219041938241
0.502484787990589
5.44901360477996
1.84505200259448
-1.33886658053837
1.18491515001553
1.51338271264308
-0.145949848420085
0.262283909652328
2.29536337788752
0.221949640016255
1.63244405854475
1.29177872123624
-0.386589772823629
1.49382781486538
0.269413269364058
-0.158118589811943
0.200810293881737
0.909884160987191
-0.555072237325786
0.746124512310526
0.570285222193743
0.163216994814921
0.577745881188975
1.19961628458139
-0.276819070406189
-0.220432603983832
0.458614090322293
0.428120916663185
1.34615725299458
0.0447686641784458
-0.0967678870685899
-0.21300058828535
-0.950309512804244
-0.449642978398046
0.400154746347672
-0.25342144031109
-0.972502732347876
-1.15646300369264
2.9563953202168
-3.18005266950915
2.37768637091622
1.10062887631032
-2.04580698252364
1.33201611266954
-1.93078764497377
-3.8366646438837
5.25988092271872
-1.64962277588648
0.665945939759688
-4.72373930567941
7.48890321416154
-4.45285907889635
-3.03285116211297
-2.22424410158551
2.53194113535873
4.57762825869602
-2.23557046443472
0.535851448784511
-0.975467318561794
-0.132603696468383
1.68908766351013
-1.40810549486889
1.29724817584729
0.373337172113302
0.924557011885458
-0.741086176704552
1.55026300497
-1.16639071927721
-0.1162041572242
0.979060319296918
-2.49094555516617
-1.34395269226972
1.71843434844793
-0.350977462426043
0.123534322983255
-1.02196391752324
-0.292018175233141
0.49750795239672
0.39823128923924
-0.755229552245325
2.61496331584414
-0.900665214497404
-1.69088342355261
3.00042645383724
1.46472664468078
0.0566547599586883
0.209462339016165
-0.615833213927562
1.07097924368467
-2.31070118152859
-1.71307478666972
28.3674025106138
-9.63984585405205
-4.40999075450392
-0.765390659212643
1.77813524683736
1.67122824355313
-0.97569545972881
-2.40029804067338
1.54203738771958
-1.45341533867533
-1.81352339453626
0.907286374647005
-4.76696348344629
1.77516927042943
6.57959842162553
0.759028333278856
1.37889440411519
0.292297457223706
5.77131699518084
-1.97959291035629
2.32456909857812
0.188552920241747
0.8494784008089
1.17768638046602
2.38538202410145
-0.288523940709331
-1.28963519093501
2.17024589447597
1.35501500141404
1.42873003664042
2.09215834143666
2.11410796639207
0.276876120831585
5.34790041684477
2.27450925205761
3.34177863301593
1.70467835694506
0.815849506408961
0.476742623443543
-0.120899501594112
1.10008098131069
0.0493788384682026
0.606879923201231
0.774407089764621
1.09647228394316
-0.175646467552904
0.619088831533056
0.348615454076493
1.23802380888437
0.639601738382192
-0.546211162502366
3.85107628279881
-0.202447632979942
-3.30166660016965
2.17731043849397
-0.115381099633408
1.0252542077966
0.127995026660915
2.21002579957695
0.870497652435432
1.14489666367647
0.0838011680050712
0.722915849887635
-0.749895470682931
0.131461924091118
0.32620672963403
-0.919769857138739
3.52209339045002
1.4890986099725
1.92523677460294
-2.07439159977903
-0.288437382106123
3.4364725911665
1.0938791057755
-5.52179207622283
-0.445580377756567
-1.51344826898701
-3.62787258354103
2.98771682220954
-1.88014364390354
-0.724609546094373
3.92408623910894
5.73679004931996
1.5877254693173
-0.572193686000763
0.192307435276263
0.785365079736432
0.179404388914621
-1.152250193496
0.931671021323146
0.0449142226053089
-0.617893164503856
-0.747857162540021
0.0482723620564667
-0.524064265697763
0.0257974166078348
-0.21712796940971
-0.265718384245248
-0.865273325503275
0.00600067476781703
0.847751670342751
-0.364088694185101
0.340707743948376
-0.5168665356364
-0.381182501162804
-0.80666672014295
-0.0675963932000647
-0.735478306115967
0.276573801461438
-0.191257851975522
-0.612766197410771
0.859228415925998
-0.442760567031256
-0.44735308914571
0.53041246888778
-0.518943853558244
0.593749368790372
-0.641517501778553
1.60418221073123
-0.550167472103974
0.465877208944954
-1.4903741737341
2.94051989634817
-0.256042536714388
1.12711318699799
1.21923152311496
0.823644521191806
-0.722039467528564
-0.386317322025333
0.276673141076857
-0.577335841672021
0.24201403192769
0.759926019656369
1.01406993192108
1.1987803061499
2.95470230653661
3.2868901691275
2.13861999150228
0.516349497862021
1.47649676607078
0.833308426731828
-1.28241588585043
1.28415718473087
-0.0847595992928632
1.47503274242236
3.05735104482227
0.389130025207463
2.50288451205878
1.27985471762743
1.27696621445045
1.20270311954169
0.355634029487384
0.0288352603901252
-0.281271744993528
1.84736662048125
1.62807196490919
0.713761548939441
-0.121251263201469
1.48763388772895
0.902817836528221
1.16796074811869
0.433237500478227
2.2447614008937
1.41587531525273
-0.237263239979817
1.03289541038724
0.96552146996693
0.553678634012051
0.912678875291937
-0.774292246066683
-2.12887814835207
0.0879071839168138
0.0680251343775224
1.21967064382445
2.215989155324
-1.88443295759159
0.0813387094843762
-0.895659866640516
1.0323763577535
1.23908563226357
1.84470789951191
-2.58440915445733
-3.09187920317096
-1.5498587805057
0.354398246978598
0.0427269666168009
-1.44104280448523
0.617098176060658
0.348164523835399
3.02420352993654
-0.765306130286011
-1.34116960989225
3.85046114315011
-0.201864104759566
-4.45873562159955
-0.957075643125403
0.354932288867928
-0.526794257889663
-1.1969893768014
-1.85641765437834
0.806251609532454
-0.983928089892271
-1.4969072563841
-0.482025576248844
-0.429376080307668
-0.698927611626522
0.182135946273259
-0.296038576721525
-0.396771495683886
0.465309831933068
-0.424717786631293
-0.539362033930826
1.28262875480541
-0.55613676396099
-0.353771658805594
0.506907995169895
0.148301215842356
-0.771083880134734
0.739771481556196
0.580820925565371
-0.301508950175741
0.960925207116961
-0.242457635053101
-1.41859672032083
2.41460803688397
0.446409549062225
-1.42680039011981
1.04173212885614
0.454560787940272
0.0718306263530791
-0.100652523483626
-0.246998897231679
-0.0267051582182894
0.208937696784137
-0.742580145483431
-0.88947355970519
-0.208092499877013
1.45949666370422
-0.083640631590251
0.840210389060482
0.620903174984314
1.1240810564427
0.515504551820385
0.347582018430246
0.933709806301045
-0.396630043739568
0.59849716337188
0.703488849137262
0.0997489500854504
0.528204631354381
-2.72179683978575
0.915708677323601
0.242632940063167
0.995910567677664
-0.117757479717354
-0.531707114676671
0.517259995933933
0.959107682456424
0.736220800566871
1.55398005770275
2.24667684070831
0.391458794940071
0.724978360864601
0.281726279212609
0.925074720286112
0.0101141195882604
0.160174908604501
0.645267461658103
1.28348909588767
0.280180906965646
2.52120712848027
2.08441634623154
-0.735085115084116
-0.535665410468898
2.86431527924378
0.862455256221535
0.914450542237223
0.88652559800758
-0.239059898086841
-0.23013458669643
2.64757775670818
-0.145817463651711
0.539424209207299
2.09723416690932
0.38047410338768
1.12492017158201
2.06647022042657
-1.05023202918846
0.281681247237596
-1.19796725045366
3.76180820679588
-2.13138534200482
0.0718418651122631
1.86205931762745
-0.0428158129600879
-0.470922908098559
1.42612032096442
0.238918949596259
1.84959959148804
1.02548275299226
1.53641852256153
-1.99059463594287
-2.29842918349532
-0.773301394122901
-0.802366946642143
1.21365487323184
-0.272139080541333
-0.479896663897534
1.46803447764629
-1.96964914362031
-0.0832829240632623
-0.146567040066837
-1.10746948591666
-0.106683152112214
0.846866586963837
-0.417939750507532
-0.547022398931083
-0.132611518644665
-0.491573957261573
0.319035925562976
0.649678873347352
-0.0148785189416704
-0.565238587290409
0.869148237199063
0.143218625518976
-0.154027869760077
0.137383316309445
1.01252680415106
-0.672621278558881
0.00979075842435759
-0.243835807372549
-0.454917601164422
0.21196178573412
0.479745466597045
-0.709291998542746
0.282237924532927
0.759137050676668
-0.83321921662377
-0.0346989721080227
-1.3127701609667
-1.48436209956793
0.140931938948187
-1.01188053543589
-0.595226156557359
1.91598543082239
-1.34203733546912
-1.3549773501224
1.87349633968595
0.680772793707299
0.10026367310592
1.63744682948742
-0.579459328794851
-0.788602389344583
0.457182620541918
0.557224062265385
3.66771195887004
0.764484477407196
1.15295211750033
-0.692350235962788
1.01759676143023
-0.358285993979323
0.697614413484316
-0.0756253259390477
0.629514340476125
1.08972582576051
0.348469380325661
0.519869066163908
0.801423712621917
1.5945676860582
0.310053271461827
0.826386228950054
-0.539348240966934
0.680701868586716
0.548952041570893
0.193161510074055
1.0768115650956
0.474096986760668
-1.04193695848331
1.21771136635759
0.40074293305714
0.669105683025014
-0.651882613492597
0.498780102610729
0.844674005915535
1.09820420194251
0.439770593705053
-0.559881853329445
0.865434015647036
2.57296776889498
3.82468064349999
0.773914524854142
0.485250298868466
-0.785473641196326
0.574092089580271
1.27826311948198
-0.398594203453149
1.11333642837429
1.24085144195686
0.582632744404959
0.596750429044068
1.34677707297162
0.629283203722835
0.778279122980412
0.481436274454567
-0.344205583038353
0.103708957837326
1.10196225234528
0.246055077478492
0.617794278105797
0.831309565323047
0.165251936386575
-0.370066229535525
0.153381233065642
0.503581554983406
1.16291358406489
-0.0508852922838802
0.586662467789781
0.000815700026273224
0.473037094580876
-0.0546620601630345
0.684590049063225
-0.180859820002363
0.929088457995783
0.191130058747438
0.0249918808191378
0.0483957611703664
0.511434505030978
0.418544914696705
1.24360802157267
-0.198903812233668
0.467884407855471
0.449685278330611
0.019548426178591
-0.179069161731524
-0.0598219025598475
-0.328245538692695
0.0685148934492374
0.937437024606508
0.535262553102354
-0.197933119887153
-0.316688539025813
0.494624942343313
0.21793721747525
1.0802919643959
0.537696113403576
-0.257158093357733
0.148301879583415
0.732110932371144
-1.441978907191
0.70110985660841
1.94397183206079
-0.874147603106054
0.466877588939168
1.09237503062245
-1.18594007273392
0.035275630224206
1.76043749247696
-0.608874579474637
1.86112569085221
-1.25807060072595
-1.32812137865287
-0.63836922840455
0.142790962771906
0.414514868793712
-1.32722965149413
-0.23991100211106
-2.01348632644216
0.898646977922559
1.07333921364407
0.433272477620081
-0.181730716117538
-1.02908311323778
0.865360587674868
0.461741276301412
1.17797130912313
1.08449373985442
-0.016283619403145
-1.89350145471016
-0.0383007133934943
0.835122780560415
0.323075214476907
-3.68194164347753
-0.337418509638526
0.409930942747433
0.174773781634825
2.10524171482182
-2.26369202252605
2.00617834297014
-6.20225802267144
-0.314048540593828
-0.263370631770773
-0.825833233538766
1.15823030037729
0.450896072083871
0.340779048352506
2.24595390827008
-0.0345143091518407
-0.126759634573514
2.44760622193453
1.16553953205518
1.48621559318719
0.859836533755796
-0.07793308984261
0.483369771988649
2.22965259400517
-0.142679977326232
-0.19173491812436
2.15959598825757
0.970533636515844
0.553705124992458
1.58276074272198
0.813749291265892
0.282811586192546
0.60616294291618
0.421369398171646
0.631473693736727
0.714294376029872
0.0459485830421386
-0.222238460812528
-0.828083376967152
0.411770421673589
0.18950728751478
0.678816996218969
-0.907037819698275
0.120887808700636
2.05757201540836
1.09237091904998
0.597826310878292
0.651268899341344
-0.0175927568070172
-0.140732000545974
-2.06860094438041
1.58376607365784
-0.939600056618785
-0.884198368067905
0.797807825862814
0.459928579046218
-1.14277843897413
0.700082928013646
-0.670322631488932
-0.60759590126075
0.00536383009030393
0.188081284244805
-2.94980567994387
-0.312853814625382
2.07446650451561
0.794733406590512
0.253491061863425
0.810495214775757
-0.238634084323398
1.38139178711423
0.265043930829629
-0.0888820751202583
-0.0172644554091953
0.161803460638927
0.407138853554458
-0.922736524221139
0.443764776829333
-0.79620507643989
-0.787635758447758
0.783350321513967
-2.68352852307683
1.78467077668562
3.660739828383
-0.930676530488738
-0.393780356229681
0.816485898350225
1.00604069064355
-1.19838255186549
-0.737977260624407
-0.932693005987424
-0.357057379149984
-0.932103620104084
-0.0221452422052709
1.21215758582162
1.27667995636569
0.213374206751508
-2.54693881507969
-0.20655029227608
0.25622913676575
-0.662201292511286
0.25941890949756
-0.279287254085939
-0.825633255233306
-0.540445139898841
-1.18631068696654
-0.257077746896761
-1.75382544546392
-0.798372949170184
-0.780609718049917
-0.173611767768797
-0.578379250809645
0.474869978611415
-0.498293079532217
-0.371800921558304
0.368989147246801
-0.0550771943984031
-0.256328290816824
-0.196256663778797
-0.494091517872515
2.77992679508132
1.15978519698132
0.276685308187174
-1.66704700169432
1.84839339531245
1.26128432752987
-0.643895276446081
1.3968007486597
0.122943754342948
0.187414815979358
1.17007540376076
0.0952547886317068
0.0581384065222203
0.740178355771773
-0.562787280345372
-1.06478207680753
0.342265960919992
0.649720474526655
0.923389016287997
1.00270016680021
-0.148127399018126
0.0366519534957715
1.6732046857449
1.16608896740903
0.866182760310422
0.227137025618499
-0.548524368733308
0.07485534527046
0.520313229770817
1.05705019984986
0.821319992981184
2.59964257933825
-0.575354839239916
-0.142132347462452
0.784157931650036
-0.564888432951088
-0.592093309654847
1.33910789954433
0.45281690441936
-1.1398282444247
1.87769005072283
-0.0311764112688247
-0.442542173571434
1.36313366651421
-0.184652253745261
0.00615064450664448
0.220786020037222
-0.355924893335614
-0.898732714315761
-0.210553158848917
-0.217736381522286
-0.901708263571202
0.957262156607332
-0.701574179921054
-0.910761193683505
1.2033643188669
0.322076478258222
-1.26812255524613
0.380728915975609
-0.900869441245764
-0.394410520500382
-0.287394452191256
0.536503352093661
0.398535679995312
0.504280474748984
-0.062614027609405
-0.181459418835867
1.16682736400302
0.418127171321143
-0.61709929788476
-0.724007570647725
-0.314097427589494
-0.923937039316794
0.502306971230709
1.18067371070407
-0.686767760119829
0.689488726570382
1.39867730620875
-1.09300564550134
-0.423339420428271
0.620728876514708
-1.3298207450413
-0.328533590689232
-0.0472997177830071
-1.52766665017457
-1.15249324247498
0.127941685166681
1.02639740786101
-1.4228269467404
-0.738101085254105
-1.2435647117561
0.0151569043291569
-1.4507810878935
-0.636597276006925
-1.59617228438663
-0.197278890702089
-1.69112928198888
0.104344244906782
-2.20378860393017
0.0748276991739631
-2.00210316981332
-0.817837115394239
0.580703985699135
-0.400964852489968
-0.960104111940834
-0.831380328874908
-1.30899991950131
-0.181290715768099
-0.0536993036050757
-0.777796261982799
-1.11057590135159
-0.0848701441241429
-0.547610729071496
1.84692347163611
-1.1064618759852
1.89171621604028
-0.511865057622204
-0.367356371535639
-1.60951427929859
0.302488097956498
-0.097835449624677
-1.01488994218036
-1.01926546532318
0.109935546366174
1.2728388648693
0.754256316074313
1.49714460921698
-1.92561496455472
-1.09445602750212
0.373082611356161
-0.660867739857009
0.557912828270198
1.50185772995488
0.704331453476953
-0.0663103147048744
-0.180449201421272
-0.494677550173646
0.555997470139552
0.34861265342142
0.522225062460901
-0.655391164024372
1.34516966204454
0.865386705847185
0.479912615638012
0.745462232382618
1.30574742782011
-0.920097229203223
0.150659775829684
0.675543106871175
-0.607530283919702
0.60556735872497
1.25127211991048
-0.672462070259138
0.0158537564033871
0.163723893895261
0.720413953496929
1.20850517994543
2.08055428107937
-0.809858777940117
0.189086061158983
1.4610359024745
0.156415508304561
-0.0156532202780603
0.656078220798819
-0.721647306405146
0.385411697317193
0.558411490681558
-0.698213260421614
-0.812643025739582
0.516726348693248
0.114603436674929
-0.795000610669266
0.791425921398271
0.0648748389985402
-0.338025117132027
1.09701359756396
0.852186158605929
-1.04506951117379
2.02245430820341
-1.09233613257535
-0.0340544254598633
0.335512955238159
0.263680007822989
-0.899831908635927
0.841148605423533
1.10351761663049
0.00950729324131923
0.31506600090449
0.943034663399958
0.253365721623078
-0.0743353162190014
0.0113729956167572
-1.48694643363909
-0.0825463347154669
-0.266260436948949
-0.102689333839206
-1.33316032303893
1.15306648237705
-0.474655698896394
-0.955244553481747
0.703946210425213
-0.657102554271943
-0.0319008461040712
0.160972567679902
-0.0449254969408264
-1.21242288598422
1.06337173818879
-0.278360957234081
-0.292685131400819
-1.47169019657505
0.411722019636159
-1.51734735678097
-1.78844850261417
0.047897034270378
-1.10002989455741
-0.887650783399581
-0.733507488068109
-1.10432281940531
-1.82106630090184
-0.554755439654602
-1.11622377878603
-0.197352947909753
0.0592681040072328
-0.279545981125181
-1.5371180494475
1.95764612474511
-0.930615691340471
-1.16839854899687
-1.52467709218455
-0.389947492789807
-1.09930100395154
0.612823701840935
0.859205747752276
0.0501359495984169
0.525028609519601
0.853715373840122
0.910158230705743
-0.0347611509960331
-0.711636330560089
-1.0729547226301
-1.66753207287593
0.770916880127201
-1.83778234725012
-1.50306299166382
-0.703681802532739
-0.448181174491313
0.306661698429935
-1.0987845946378
-0.515663494342886
0.123924612599372
-2.52785378740506
0.168399718912025
2.78800639165994
1.50536354237557
4.09461759122612
1.14120905826909
0.484251025667024
-0.21966282476444
0.663797101548699
3.18145315695825
-1.08332673970641
-0.831049112741123
0.196233178304527
2.00774153508926
0.127675611754767
1.40678566812206
-0.0509040062098226
0.425361808444682
1.8866094874983
0.0492534273538651
-0.40554307164867
1.17377443836782
-0.23713717278866
-0.890880093578896
1.53132772651292
-1.03973449532459
0.01983164290135
1.72329066014883
-0.200856227805138
-0.79702910977972
1.15878768923371
-0.129797760076339
-0.0436932247215382
1.29019111321525
0.322286610698096
-0.40335781837383
1.32253996885357
-0.725444921778539
-0.505593616144717
2.16299938369606
0.387234317768426
-0.8788383481707
0.5417400641972
0.634864430602795
0.208448579267169
0.333771429290063
1.79530236081293
-0.292725228682927
1.39840722656107
0.14552454825549
-0.74182011100485
0.111822172341417
0.44242551171449
-0.562021286271927
0.182994949056161
-0.256154692687247
-1.12740524440148
-0.406495684408112
0.0207549951627523
-0.251706564409669
0.099160646590355
0.207855872751607
-1.15461968443953
0.220038082805768
0.498538708814272
-0.674252430708441
0.417036364748308
-1.23608711161758
-0.600853545277264
-1.04479959003394
-0.792744412802929
-0.465978564310535
0.0600555128391919
-0.263309785537152
-0.719604653665305
0.113099883332667
-1.82081506575324
0.0328012944774825
0.217813893857107
-1.29830982876411
2.29674707058446
-2.81678512192882
-0.753434502560026
-0.893015862578094
0.628500821267712
-2.46714238049549
0.318538834513461
-0.639774617345199
-0.78643555885414
1.08864669498146
-0.44523417807291
-1.11843651752358
0.104279564477858
0.930290750683648
0.440032591247535
0.731532808530435
-1.05709620065381
-1.13410575076313
0.280832884414882
0.146816221726481
0.380463552195203
1.17464830504709
0.374657879782295
-1.18443469753604
1.11608612158478
1.88740021203406
0.0912357826563835
0.366087383291576
-0.238278975390953
-0.772621797594883
0.355194574343178
0.455166756795194
-1.12103520544269
-0.889611930758348
2.05995452100223
0.10933755464692
2.93713864307135
-0.104860327281301
-3.49757105944401
0.220174274970276
-0.343575748509679
3.54016804238426
0.786062041535244
0.616783424519822
1.13676696374798
-0.703776019474152
1.73146074288377
-1.09279766002637
-0.214211276906774
2.76022688243904
-0.58588704867354
-0.304665070485785
-0.386429073387972
-0.488044223690246
-0.852150969890158
0.155291792632039
-0.291417953830087
0.260345842141713
1.21383801584118
0.187577672034959
-1.19305837612222
2.40037836292438
2.26227799952264
-0.00158038202262181
1.42704152035888
-0.0998287020722921
1.1751409320555
-1.83756822083814
-1.23397650265826
1.11895041609027
1.6600315367762
0.0822168198967436
0.408104761642255
1.2511509942037
0.227519020662158
1.06927328105968
1.43543371015189
0.0736742170071775
0.381599000847217
1.12144308320699
0.0860193759891716
0.0338727910869451
1.64931127974793
0.349527490395144
-0.239042279291957
0.0843597970831066
-0.380010183858456
0.472766206124664
1.38504168311816
0.125721378119864
0.432065179875676
0.91750450260036
0.077421559098722
0.43926183958696
0.201836997445114
0.157424698426199
-0.345000369792044
0.0409425790500369
-0.188019758916779
0.293044263302215
-0.0054354435898017
0.676297510878564
-0.513189658475712
-0.32232102963918
-0.660292689226312
-0.498333580396954
-0.18401385450871
0.0561098725502095
0.92434921139414
0.850600303574684
1.49960781818083
-0.219584199993464
-0.404726848451562
1.71404913002991
2.36348067553796
-0.839683915786679
1.21734972221935
0.489593276381542
-2.01604322750795
0.214856092733722
1.33527985097366
-2.40087721346744
0.534927870720059
-0.0685095370282613
-0.28050237910985
-0.668176102946806
1.51958566888057
-0.605432161025468
1.76205534167428
-0.495142082528663
-2.8174628315544
-0.255503662053991
1.55792853810842
1.95557631261257
-1.05343317326564
-0.316311263791411
0.0693227554001478
0.956177533649515
-1.21526707722872
-4.43598672083136
1.11404536839007
-1.22855361737206
3.38903786383425
1.47325188971737
-0.182160992349673
1.68411568232944
-1.3239198187804
0.902684268979898
0.859988348931244
0.380734192009134
-0.170076116072085
2.40657943262166
0.0823181690316422
0.246788889543759
1.39801162955217
-0.0686688656054276
4.10149897399509
1.51649099335391
-0.630442852899465
5.47485596694335
1.46079044136114
2.7049611360849
-1.6148604813885
3.94418115363703
-1.43326337041053
0.783254715391873
0.547276016433262
3.04971852121119
10.9115154773679
5.97184005048009
5.6442056425245
-0.0461212452122622
0.727578188219135
1.07447451737507
-0.529425120091246
3.19215736534979
-0.529244875646668
1.04493314138246
1.05527051507179
1.13556990344949
0.660692175271523
1.68161018722658
-1.11744408205688
0.787516199201401
1.2723985274443
0.276525965716519
0.490369318942652
1.62364812352986
0.215253756703554
1.51605428057984
1.17984634511235
0.357977415065521
-0.32171194960778
0.636037257425746
-0.792215448855466
1.22904278837933
1.1249210443607
-0.939831691664871
0.18462724775742
1.88753332938676
0.927890358895366
0.301675440483061
0.878633122572853
-0.456002901708114
0.482295904619373
0.648583890573296
-0.209308050873303
0.989553131929912
1.34436642369894
-0.543637224900275
-0.0701433045198514
-1.97780418815846
0.26719762287563
0.808667417077386
-1.24143638048694
-0.627271208892858
-4.00877854180692
2.28942206434379
0.020262008989531
0.67359270185354
0.856789709584051
-0.390576130135141
0.947915116589097
-0.891745744691471
-1.61338923395915
1.45072102016198
-1.0548785583801
-0.759852387281304
0.38104000301977
-0.847868089068162
-1.54591549969117
0.786847639431099
0.792752055776779
-1.65803103595232
-0.728075750997656
-0.508894167486237
0.90798468578475
-0.193980184146227
0.454974558306748
1.59562240985941
-2.5619765089955
5.69159172295408
0.447732384583795
0.241032269930831
-1.33612417180036
-0.352098364564921
1.02168963950651
0.767338122344049
0.0325489589064656
-0.0512751045698985
-1.71487967258394
-0.962770126953209
-0.154179543408144
0.806068424441381
0.26352259982762
0.574672067297572
0.774644466303047
-0.65652111902106
-1.03004867989122
1.5146986131092
-0.495559221565222
2.09761101906054
-0.4116814966554
0.146874226686484
1.19295438270114
-0.520779321266757
2.31508380250663
0.157032958210533
0.000687697448883116
-0.197936583831683
-1.07340071082627
-5.7869743465245
-1.86778157344096
1.24371476047238
2.19547359522049
0.180927774485158
0.935255525970408
-0.639955487055462
1.50160468810026
-0.181827068163342
-0.0895769890416954
0.933856215660825
24.733858092381
-0.888254237736584
9.96288881572777
-1.02539251593271
1.56819089180115
1.46732862497478
2.47984063272741
2.77240068339136
6.57217414563308
-0.805844177032897
0.3344200009141
1.76931349644128
0.551201677813595
0.468663009557507
0.353424872742373
4.18537073961336
0.835168207266628
2.62753989799124
1.12593898365755
2.58367794414079
0.311601640576397
0.255384050455995
3.62642673984402
1.73190266520571
0.795954748038573
0.236250691334581
0.0424171423593281
1.36306482804664
0.7440761139665
0.590769897104683
0.533151072729617
1.31178385473439
0.0836417955113041
1.19883548735324
0.630412819598633
1.68261202227685
1.92940946994552
1.51771761454123
0.163014103887746
0.523723733502752
1.5326727468901
0.921724343146082
0.0170308239123402
0.575426945560729
-0.540482225161152
0.448450274843641
0.494321111638156
1.03564897566925
-2.10536535578727
2.12102822021487
0.789466638425541
0.511274371630667
2.14444939650622
-0.551219009160405
3.57272519809003
-0.736658467673275
0.875010703717266
3.30700858129325
0.447445031819392
1.82142388163752
-3.28401822303908
-2.54346654423604
-1.76736984868844
-2.07708938352961
-0.776883426339962
-1.02444706487616
-0.137643024029179
-0.959717229927468
-0.800152340170299
1.58471458454439
-0.527693945468658
-1.34448524413092
0.404746292770841
-1.16734512561815
0.080963682101411
-0.757262870391294
-1.82011619138563
-1.54629386256719
-0.522679543574626
-1.2084941012076
0.293900492050267
-1.27845158072642
-0.78952244446155
0.249013450839111
-0.0910214022451502
0.213235974019297
-2.33747058156514
-0.746390763649211
0.920326107020289
0.882383127465954
-1.23885723715442
-0.860810345253171
-1.01572745088301
-0.903464001239579
-1.07301949123487
0.0984074718640691
-0.057451554704594
1.1322429084336
0.204465906209434
0.309340068806946
-0.0440203188532362
-0.693653244565856
0.373540682591053
0.364080464597012
-0.1485394493838
-0.0131796145261958
-0.819142864069815
-0.207707137627401
-0.896710158071094
0.494245647050972
-0.499341843960411
0.317815258155064
0.117876499901714
-0.649832289620632
-0.809358204242707
0.640097433374308
-0.244743473363467
-0.56419788581062
0.896648478719633
-0.268124925812537
-0.295262858573936
1.36943283346969
1.02242429729212
0.296920124664922
0.699507529990613
0.814652816842019
0.000160891270952161
2.22582996081089
2.12455815483188
-0.884009735832447
1.14497823276559
0.665823805449564
0.864335430974246
1.79542732637926
3.27276304019891
0.964394554840677
1.45720950847209
0.153554573314565
-0.251907063024238
2.33553462191408
1.44831831233021
-0.755888468049099
0.953775585101037
1.6288919890591
0.919082540545945
0.808074955790561
1.21499678208896
0.750902215056382
0.310049369074168
1.44033231208863
-0.907811517637041
2.86377073575263
0.931260134200709
-0.0663252903389917
-0.480865881012764
0.0624752702292478
0.628386839253529
1.44686325178679
1.73330572002956
0.89592185868838
0.273543132373124
1.1491059384476
0.000650875761165668
0.91232243754075
1.3485089226733
-0.0478020731082332
1.88439714982264
-0.137114066723216
-0.472270678459929
1.04924686263152
0.79380689575467
-0.613961796515446
-0.897928720497033
0.068362025583412
-0.633159215837259
0.488627225334757
1.09767857004189
0.431833106956954
-0.352104189846056
0.711551325197533
-0.814921542412336
-0.225824427472475
-0.395548134802175
-0.533683692544784
-1.04753313021623
-1.25004342590685
-0.342871808653777
0.0803680886233163
0.481208605278308
0.598315914902505
-0.854205217140374
0.937829156490721
-0.58438997531755
-0.24697553518222
0.594991135507864
-0.329311711153759
-1.27171625389875
0.706166785879582
-0.424010345821171
-0.509645705530204
-0.302098385956543
0.280864327064424
-0.767174680653057
-0.450537928501264
-0.716896160687269
0.206085560338932
0.0859319697508868
0.648846074824332
-0.166319514040199
-0.917614272541342
0.553901640661566
-0.613552921282523
0.593406108293004
-0.0288902883614138
-0.726799592274466
0.254504463703001
-0.330740925110173
-0.305116210100821
-0.0732288920150243
1.1748447437063
0.614360633879525
-0.642797260982738
0.25514994333521
-1.25501735991976
-0.237508857106983
-3.41220046475535
1.18969860092714
-3.25823103379698
0.203812931565209
0.193279091793183
0.224029459113051
-0.392441051322267
1.01654395328985
-0.535174802499498
0.687706609166868
1.45979474408552
-0.039405035235615
-0.0238981400723442
0.373578469461902
0.375793695091575
-1.2987390503058
1.36231870641262
0.631689184791928
-0.209522978197577
1.89715727747441
1.34603336525039
-0.297693744263394
1.26815536579735
1.63482024224818
0.426166860745335
0.890558853045085
-0.507519973605179
-1.44149037414857
0.994973973003599
3.87693427357357
0.486971632762324
0.714295529479392
1.59336549760814
0.894386929050709
2.68151207780917
-0.0877923936404351
-0.463768289717202
0.784783131087393
1.53121195329545
0.275216938263027
1.39884226020673
0.630784257975474
0.697270816798476
1.3509120712108
0.401772789289487
0.086290910452107
1.17757263356899
0.582845593458712
0.235188644581357
3.80492605964926
-0.0276632561281009
-0.00849779892828996
1.49808771181174
0.346225275521532
-0.782923255467802
1.17061325062949
0.1785562123549
-0.224973524392105
1.12490265787067
0.663701223056138
1.06164606792555
0.912824092550898
0.550154686339831
-0.0776359653435015
-0.348093573855446
1.54002660836117
1.85553475870282
0.0783666474945599
1.31365559840691
-0.639221910497415
0.283881012790348
1.08371274261024
0.205453403360754
-0.555875996162753
-0.0061578975667251
-0.139030337779014
-0.349695076095694
1.1122367449909
-0.226997399618345
-0.222835120460122
0.237369417227545
-0.373713787416319
-0.455069769663282
0.0385199935265385
0.560173092784963
-0.717788114989851
-0.518197365018807
-0.13483172220893
-1.04420526865189
0.0858084402540321
0.761824392954235
0.0160993576820758
-0.778584805019623
-0.833334266771939
-0.465022261816335
0.672167160889603
-2.58418129441555
0.698946155809616
-0.069004064410496
-0.490069088068737
-0.660865495129996
1.91928509762534
1.74788338919582
2.32313375303447
-0.158464442945802
0.800729038984622
1.61178074937779
1.3040490008607
0.778582462125458
0.300262236363623
-0.101884126542323
0.332275875972512
-0.261851666025581
-0.362779051408058
-0.525670899287228
1.51951755735439
-0.961121150440431
0.891946111941666
1.3837421372812
-0.453970866397419
0.714707271917573
0.777152882782082
0.983793602921244
-0.576429044445937
0.640331553493322
1.45504184199838
0.746762004310255
0.875320314143685
-0.631743556863481
0.500160179225659
1.37878354653879
-0.984493344516972
1.10598882213012
2.10515174328218
-0.342864225413589
-0.0874029035522048
2.39319501697379
-0.241455815700706
0.669972015372888
0.0939616513693537
0.256957929302026
-0.415876939784794
0.690158364339468
0.412519717128619
0.615549801862884
0.41037906720098
-0.66191342987689
-1.20936695734025
-0.775431020607581
1.68164368431628
0.433373072911017
1.47889854219183
-0.81975401466525
-0.696173267580463
1.36581878483422
-0.0940104908121632
-0.235783588660685
1.09504630884044
-0.802250297571218
-0.0509767677642853
1.23393635356341
0.0964203451875821
0.486826080823564
2.00246653149686
0.0343847575191806
0.265775793975353
0.822256555549817
0.573537241246382
-0.27244372223191
1.12075361126274
0.195679396291217
0.0247464251931907
1.0881812518777
0.858406685978836
0.07266361821566
0.573164931014571
0.0828860440808193
0.377777706196786
0.94537414558188
0.536330210893489
-0.459833766226835
0.764997471123159
0.17816493967196
-0.245499076372847
-0.52663554671945
0.623115809134228
0.45262383348306
-0.597359853175537
0.827639923831641
-0.250203279981519
-0.96353602439959
0.812168461382211
-0.279718628637353
1.24144568919731
0.383228908578692
-0.0636686646323832
-0.295591280746213
-0.102152155711742
0.155158908084252
-0.728946508526466
-0.0701043786440113
-0.299182289632305
-0.506134836647973
1.14849005078697
-0.547304845854685
-0.100327850248312
1.73107176757675
0.302208256309644
-1.06689108496717
-0.953100896185093
-0.425785169012032
0.966660605260803
-0.263481362725343
0.100440918579465
-1.47638952522567
0.320192119335591
-0.649775770579176
-0.459718608355433
1.2318099371937
1.17376379048944
-0.269228979674999
0.855716408309918
-0.0212872555342711
0.897590987084284
1.01643228622314
0.230528353685318
0.622470310682947
0.705985377759136
-0.498505399445713
-0.587129007204533
0.504020079539567
-0.049954380192723
0.671766425994847
0.280906192269131
1.56504744041114
2.98545406513561
-0.927318481553724
1.91036433760566
0.597618199407432
0.289894323744915
-0.527342314098696
0.393315073119517
0.21708229580874
0.477491126613274
1.1155911253394
-0.243892488470319
-0.53382068222898
0.400699320836612
-1.46168754450526
0.531895568597313
1.37833450684058
-0.948489099021738
0.806939468324615
-0.0701430554828715
-2.62739890778125
-0.86007502929239
0.600558771417981
-5.05208163569325
-0.535031829147806
0.752824351674685
-0.307626361510409
-0.46109544544064
0.254467653977361
-0.197547169628564
0.903029826408358
-0.244533584072305
0.0116261081230181
-0.110477463106188
0.587066648217749
-0.663692819960944
-1.10620526923955
1.34213369567739
-0.155974945713087
-1.00682687581464
0.962341873107902
-0.308908981037099
-0.384371825572899
1.07325893755956
0.0366005052125958
-0.348424222121771
0.0591662842886968
0.770443335573585
-0.21743408474626
1.83799034747403
0.401792830225498
-0.284909075574656
-0.172107505570477
-0.497914492153696
-0.868358398417892
1.07285000413075
-0.115506908527812
0.0750708596864279
0.552381250066311
-0.380056226107173
-1.80171662587602
1.32000369670746
-0.478191748096379
-2.09593027777443
0.484267568415728
-0.109167093834573
-1.77886933491646
0.483966727877828
-1.01002918315649
1.23827222161645
-0.300185859454065
1.20547341290481
-3.98654602998404
2.00770921067411
-1.32280465640524
-0.979603933508096
-2.28788706066102
-0.280192529658805
-2.32208982744643
1.58266529439503
-0.580913981154514
-0.678961500500213
0.704304142739342
0.322832301406382
-0.388849258187564
0.32972054620256
0.403430363021035
1.10051318278262
-0.823989058832289
0.208264863998266
-2.88707197532189
0.878465204928324
-1.24885281516015
-0.268308954635383
-1.43828098496203
0.311959802083484
-0.482545817103814
-0.766346499451471
-1.43579825426344
0.870128507717651
-0.813939770489146
2.60421438314366
2.08500856465301
-1.03674825863949
-1.13953265814324
-0.932162478869434
-1.07376077235078
-0.0730128439617227
-1.19338171763188
-0.192940129326813
-1.2476820563792
-1.68342074456053
1.00857999081347
0.826005360415654
-0.87534369512028
-1.92113081649773
-0.552829684901556
-0.330977930514935
2.45269789377084
1.42385107288342
1.31437900276866
1.51493227736245
-1.25238037204434
-0.895920718825585
-0.0116523158258799
-0.581607770094683
-0.627774307810878
0.0582690842969559
0.187687492415962
0.522045518514023
1.27102242114884
-0.786077340884014
0.0749161449340421
1.25935102931632
-1.48376664301214
-1.00679867296992
0.997383202261131
-0.103101731008784
-0.698688106326792
1.31440485847842
-1.44771318145602
-0.616651385975408
-0.257548060883156
-0.0055395000950389
-0.135970046984725
0.826790533873145
-0.283197349900955
0.231231766846075
1.22741641524331
-0.332048240153805
0.690164662168898
0.661824427404459
-0.107455472635586
-0.850506100759699
0.395279062272861
0.209835832899561
-0.699704289015819
0.450677567206944
-0.450360472385853
-0.101584717534582
0.652090300338069
0.870607972618399
1.05996946146103
1.08127479928976
-0.693815348245941
0.237193993899401
1.336518968636
0.5920418919907
-0.716620664412918
1.06906611275957
-0.702738081463994
-0.17790650139307
1.1534674646487
-0.271468779855758
-0.273301240314813
0.223135962704624
-0.426278767933109
-1.01774053466033
0.622025802608902
-0.848884099607368
-1.81651838022873
1.3561196590798
0.10311110298849
-2.29192234720446
0.916441491423674
0.0581858757120912
0.453092009856075
1.46388274191164
0.575596875046883
-1.06425425744732
1.06098799082426
-0.0994724487085611
-1.28440477428791
-0.725504850327307
-1.08359915096878
-1.13677367752332
0.0487709877328418
-1.06380877659517
-1.81315508425287
0.114451360993833
-0.535121541854918
1.72102692285526
1.10619048173176
1.1969769471852
-0.17240932173246
-0.712576417464897
-0.0696753951088695
-0.472797631956957
0.365675258788645
0.48334896800119
-0.967801259268526
0.0479267142155086
-1.11498335296486
2.05660260365637
-2.78868925529189
-3.44148573745915
0.209242986281668
-0.241742665632143
-1.29434331428977
-0.452812616756748
1.7354907814872
-0.830991952337078
-0.068043953901345
0.697664002508054
0.421152143232532
-1.8594709943897
-4.40632104762949
-3.15799599590936
0.473328100176016
0.20173821879333
-1.16224527807064
0.706172016245027
0.35826479884284
-1.11000186839961
-0.0987292470417732
0.29719117214185
-2.85548556287872
-0.368206273920073
0.296820279195927
-0.843565499922085
0.805439612231651
1.29158657648692
-0.2020918256322
1.55770862770733
1.76750819447408
0.920725456442768
-0.0587000323454749
0.310816081050953
-0.500170524578938
-0.927471995756454
0.10505084832644
-1.24124365708174
1.40569799885158
1.27862667595455
-0.174442503217115
0.312513305010151
0.154862239614693
0.908022813559169
1.12487598094736
0.655740428759321
-0.456978499686571
-0.569230058717721
0.364862093901842
-1.09542328525397
0.258877890379787
0.295853718633968
-0.498352252532382
0.373514673714349
0.228205264725308
-0.499130850530888
0.839961466481286
0.44002893766115
-0.426257256329424
-0.0413913614061146
1.04478300724704
-0.367798021866072
-1.21271108199613
0.752321327396328
0.20565101516546
-2.15390365843218
-0.508715324685249
-1.07337577706322
0.734839373999074
0.384455013379365
-0.0383711240724999
-0.36618837168583
0.329580714104551
-0.583646127864782
-1.62223592538612
1.57537679219376
1.3789209331467
-0.222528701182428
0.674260961155807
0.0914261371795459
-1.91574775681249
1.38072658552314
-1.08396467188875
-0.262545886251959
0.0265170548728454
0.196122451902486
-1.85950713318659
0.313916607335691
-0.0232213627540056
0.339709705233817
3.50182543215901
0.349518001685588
0.17072287973069
0.977983339582146
-0.265639019522281
-0.504625960053911
0.314542105990501
0.588738914484822
0.0868758215984893
0.0420982984120115
-0.591872654005119
0.56755416855676
1.15195463797599
-0.212240886971481
-1.58263247701851
-0.00616622683020808
-0.402662821725797
-1.80363078985384
-1.71717237667876
-0.0317071525471068
-2.60430364449206
0.906869264818496
-2.62152317017622
-0.832072319375508
-0.623200529846753
0.646920802883253
-2.80221205381012
0.147597730324627
0.162035443559289
1.71980446203467
-1.60889451514029
1.38206881149891
-0.524792211694924
1.77506717031339
0.225848654192713
-0.154764152846853
-0.0306641391190883
-0.786565040207533
-0.588437130371766
-0.826882065561818
-1.11551501883069
1.35140664002626
-0.863381862856588
-0.902381510829417
1.08767381649995
0.0575152290209361
0.339543350857852
0.583618484204848
0.109510194654015
-1.62989222274333
-0.20792826486961
-2.29559995906421
1.08032666866197
-0.262517673829414
-0.0496548808503358
0.108680052512613
0.25828903385235
0.273085457794462
-0.200810050370957
1.43654421159597
0.870445682718986
-0.0917524937861253
1.61122317784492
-0.201329829839331
-1.42203536506312
-0.590324144867679
-0.21133779978251
-1.05759444355425
0.741265185506019
-0.0146479487638033
-1.93743883640746
-1.38143559056818
-0.431427387963829
0.971919502164376
2.02984964249389
0.447308598665103
-0.373597861802767
0.951268439213798
1.0358338743982
0.332386631420796
1.06976898887277
-0.0891334157751233
-0.355111061507364
0.533867766740677
1.6473260650123
0.642717018139132
1.02123957851448
-0.150532577752059
1.00449845509067
0.195479057681819
1.62711243317869
-0.641373356871731
-0.226597897539374
0.167468572050852
0.612756457523162
0.200196902906908
1.12009248787805
-0.787177299828452
0.365211136986104
2.05703812183996
-0.712221216126235
0.639882930677995
2.71878962011114
-0.345303384646027
0.487620062894051
2.01678971126206
-0.00510502851303685
0.997934824814888
3.48722281531718
-0.229776910473084
0.839842470072092
1.90992316223644
0.00844908818035116
-0.635650641417391
1.67593689161961
0.420039283477818
-0.695845550558604
0.865449038412667
0.328444566451204
0.51879596197712
3.28731684643658
-0.154725560492191
0.405697438596383
0.556617977851937
0.340413468298042
-0.541116190827633
0.947173821171385
-1.24725601257477
1.83015056433977
-0.0608807802672851
-1.10291265198611
-0.36478213300756
0.740711903425667
-0.208077921533753
0.189873415894679
0.0343820641707294
0.460533139424087
0.200132427878364
0.537818932032463
0.0786737289179613
0.23488325098023
0.433008832509709
0.329401808961897
0.522260407085655
-0.830166275265332
1.8342178214391
-1.46188623055513
-1.46357301233351
0.285075842586967
1.06465844036344
0.39079541071646
-1.62489328826839
0.583736277287178
-1.58695751659524
-1.24487382464002
-0.98732284374828
-1.34132216915451
-0.161181696343634
0.170401468460598
-0.331563760519962
0.0693811466775414
-0.275305663674054
-1.40859977822802
-0.449727669795374
-1.18548076067494
-3.86380879260381
-2.61537115716514
0.695233617743776
-0.974358424823444
0.247878220204889
2.31099207158578
-0.762722638444358
-0.0370269566968011
1.64444869948281
0.968723184981757
-0.381453443835877
0.0726232117268766
-0.673843898474821
0.880951011013395
-0.150484324175532
3.71447334188347
0.06566586772506
-0.950316594642214
-0.182053967584397
0.553191733621229
0.132890538939949
-0.280392399949033
-1.67487489792782
-1.01177558025207
-0.179146531244481
-1.34941994392429
-0.471998954921972
1.44964196503995
1.36083237638213
1.37052827066832
1.07037495399179
0.728342088518379
-0.432048968909906
0.279470777609199
-0.25160722788408
1.65392272331928
1.37352197291646
-0.621760549727743
0.374446208289946
1.54891985160638
-0.261221874174133
0.716943098074972
0.48784958385037
0.00638403701580744
0.186435343710203
1.14058311980841
-0.586618986036892
1.7021438456939
1.95019567338958
0.278785631915001
0.528786552839032
2.75041317319714
0.00319531636868692
0.54929006642252
1.90286406769163
-0.801680494592337
0.421728144241535
1.97827275488191
-0.51088575653767
0.717670473571317
1.67138804333378
-0.772002257509236
0.771765421217802
1.32483030317486
-0.206537986575835
0.430400883004928
1.35037225045371
-1.29003720139911
0.208823091943479
1.67675845417791
-0.315184729095409
0.617395050683592
1.16231221649988
0.0277135170845661
0.799193039198916
2.12860495076533
-0.16489317706279
0.566615741553453
1.51609499049731
0.0293888694912369
0.512475125295309
1.95190022615334
-0.539098337937349
-0.829045528039255
-0.112290619635002
-0.475481796642048
-0.0948136967090762
-0.536789281385445
0.236365477495633
-0.146333857841723
-0.893394732744384
1.4088306022995
-0.0476759959106552
-0.80414670272769
0.151952462017548
-0.0938907534206679
0.0980962611539938
0.514754514005798
1.10361586330531
-0.498917254136775
-0.873582389392289
0.959626662356645
-1.18914547960229
-0.210609251412902
0.0750584875237237
0.179963947572825
0.0590651400145301
0.799082762700999
-0.526118091506864
1.30276942380628
1.24395989568366
-0.450145245383772
4.05329025182154
1.5852778154682
-5.02242838041508
1.51083992742972
0.637972349524678
-1.39340223632954
0.439620095882796
0.352979819835084
0.481147821985275
0.529511750855596
2.56330215385875
3.94294783198805
-2.62144110156362
-2.49561567439088
-7.58790899997974
2.83965169261621
-0.460568527124105
-0.486038345777896
-0.450463779308165
-1.50629913824472
0.157889340689217
-0.721679213077027
1.17189864504949
1.21943448224286
0.604612899569654
-0.510445523143487
-1.9105380612217
-1.8099867285211
-0.996726168280046
-0.603540427507801
-2.50169107476044
-1.56136706656599
1.03943108636778
-0.719290767412331
1.76306815438246
1.8800642919757
-1.47844792288118
-1.3931589352701
-0.182462790837854
-0.475804616830506
0.0190802565350103
0.413363857949033
0.355460828355883
0.112626516566974
0.43789477590883
0.640320585013794
-0.699090473331742
0.846333244798174
1.55363149177311
-1.31664348976189
0.504360537785901
0.560534867493341
1.36658008353932
0.859300823131504
1.10483008964174
0.709344698150669
0.917489135234559
-0.0175864923452733
0.328191465439519
1.25977775300294
0.380733406640484
0.148320916085173
0.654261028096841
0.55755084300124
0.949833455608087
0.424902844484476
0.570925452675715
0.863126095562337
1.12416011803624
0.0011568643940071
0.839362694623615
0.988631401807762
0.264278989913341
0.103770206941612
0.84139151974947
0.43850233213137
0.841937412884521
1.14688529925985
0.0194337309514949
0.752499938840161
0.818280763443342
-0.292803770860902
0.51220684318626
1.01455316667374
-0.558909350678749
0.679556496547191
1.1279922862429
0.836708855361751
1.14207977747411
1.21545608802655
0.702216172569823
1.55004924203974
0.00325226802839072
0.430817000092318
2.64746433283202
3.21943982607953
6.84331641567253
0.822107657312015
-0.794504937373498
-0.161690936296108
1.40499912019033
-0.818933281855422
-0.902123563330622
-0.0197961538710211
-0.797470772883296
-0.392007725401477
-0.0635150970524007
-1.27537323635068
-0.297165598586175
-0.893447631825144
-0.485187970900813
-0.434586898422191
-1.81480386858933
-1.3725558395593
-1.38693669794577
-0.234989711211751
0.277536690054429
0.47835072140512
-1.10326778931237
-1.22117281717296
0.110798184076167
3.54241555516189
-0.586294771863863
-1.11195549268392
0.088093862342504
-0.664856009132509
0.574398815250164
-1.3962162762265
-1.01900721788753
-2.90650440589618
0.343424757703083
0.565073902733937
0.0205786534792359
0.408291833189938
0.554057176410889
-0.236064568827739
0.433660948794318
-0.742282651114994
-1.52686152531712
1.07087739129204
0.0914020592280767
0.116815257552001
-0.220796491529858
2.76874987808592
1.35258450048032
0.162279683065517
0.489855443921354
0.313976652242172
0.760011876316766
-0.164924636570063
-2.3950471055837
-1.36946213634212
-0.335853789864261
-1.19358158332214
-0.209376783367078
-1.32168030879591
-2.60520775085114
0.178576499854822
0.739524365761008
0.625199635706315
-0.100897357193394
0.469427250346076
-0.856470566664032
0.0161694406819139
0.428522958811431
1.05246083604951
0.109852471832395
1.12152081989758
0.902329218643782
0.325692019811509
0.845059459100852
1.26683029649618
0.227617370604808
1.22604162401619
0.426452655713761
0.1056357255872
1.37391932037137
1.53495348224398
-0.626431510168771
2.00040281952658
1.57499604738424
-0.294058896490797
1.16922857158772
1.08959486448063
0.983802198863633
1.32999282791437
0.422631725360987
-0.125735115452136
0.849643654257527
0.863517914209455
0.580373925160145
0.73756109463246
0.937736448460706
0.167765734727979
1.05068068319003
0.808090728985973
-1.72991593919861
2.04363665956634
1.58466483407854
-0.0157804795643816
1.40145478382955
1.83721700257989
0.90545454857195
1.52316665559358
3.21718735607747
0.0417791267367996
2.75994770245952
1.18763947381347
0.628586410511006
1.21370854577012
1.69711237500085
0.612769226526645
-1.67813907827177
-0.404593462062399
0.442173119546996
-1.0235253208018
-0.855979777270633
-1.14171975394793
4.96693843103916
-0.150204038975907
-0.510837934526135
-0.925098545361249
0.485977708700864
-1.09772458046411
-1.06053146418707
-0.857153579889872
-0.876694084854436
-0.822315654631869
-0.266715263042169
-0.704552193689436
-0.657229555509238
-0.389807620035608
-1.42587809021696
-0.948031986045505
-0.0221797713218195
-1.53884647630661
-0.475647268308063
-1.60150491264546
-0.379328819052664
-1.17636573082072
-0.376939122862037
-0.335549316831697
-1.16429244781777
-0.869557672452431
0.610437807042194
2.20118709727432
-0.311315020427677
1.48672526894283
-0.0129588174676967
-1.32271737259954
-0.00923784395654755
-1.11992596108392
-1.34162412429928
-0.0865214457535907
-1.6837609172861
-0.374115340442269
2.04957947566881
0.586240526276941
0.290501470424471
-0.677076056538164
-0.00734047416681972
-0.482666110950768
0.11521277156238
0.726052599524953
0.41075731860683
0.876541775986426
0.299028722137524
-0.385901513142277
0.399705918107406
0.494445718348352
0.0686950644813957
-0.0603766118994678
0.0815302481392703
0.600017349084825
1.40481707153453
0.204325374260621
-0.834091346379636
-0.340150791476696
0.72059861699296
0.0705847962469755
0.628225059285634
0.93933506986998
1.34078669628678
0.0269801697371678
0.0739465240759974
1.37220609394918
0.131266379781932
1.65440788063986
1.07302166245956
0.5501064965177
0.891707937877903
1.13344560339967
-0.261051629901749
1.81541065389138
1.7733426003693
-0.680362172544682
1.50707460571676
1.86489440512148
-0.044918569036637
1.46893442021315
1.66879628644223
-0.973633411756949
0.919139972367505
1.8747806774222
-0.0575178970354406
0.811396924565335
1.28056399570627
0.491117719774384
0.134548607692635
0.708800918646779
0.098316968506887
0.644279180534828
0.905146224295819
0.58783616025533
1.53553933752429
1.55507357029781
0.474033593559716
0.869347439606952
1.28616051076696
-0.695561251248537
2.43739480150478
2.5411833318621
0.509905451128286
1.23305633229533
0.799841858832363
0.402160721569383
1.9446142784183
2.36804173403838
-0.0453555350234542
1.52171793872323
1.40303442266356
-3.06831619270191
0.0890798145293083
1.57090552208395
-0.171114537316846
-2.6557505527004
-0.230957898963423
-0.036800236742238
1.5472899596121
2.49697932686539
0.892017319033561
-0.932027805824409
-1.63525370322467
-0.110992386890257
-0.869164337335822
-0.967427286389017
-0.186627363557546
-0.231296104276616
-0.594858626816687
-0.68456896999217
0.195924118674083
2.12680687529389
0.159035588838743
-1.0008309722312
-0.739135179994873
0.310037643629097
-1.33041389331737
-0.681576157366671
-0.515866357511806
-1.26116743257484
-0.227831511695984
-0.104161552624049
-1.82212676522775
-0.649461279584907
-1.44544753283232
-1.64543501201219
-0.725555727578459
-1.23350606840493
-2.05615933704368
-0.665236962044242
0.384590838804971
-1.0765227936355
0.500319428355869
-2.55746716107664
-9.39307388450415
-0.76957047285038
0.929493290276946
0.70573238612016
-1.97788556233374
0.000505883579688723
0.664161037257688
0.780590812202215
-3.39286529938038
0.509166697614054
-2.64726321740555
0.756291109147402
-3.94432822042198
0.79381153694987
0.439503295690731
0.880514533375268
-0.387983240807974
0.963286604840425
1.03136924713963
-0.686954393652462
0.0563988685163606
0.981215845828483
-0.321001110121594
1.70865470758531
-0.578888275925895
-0.295934088755425
0.508688082386931
1.02531728249659
0.884385262525839
0.833964076472171
1.38278347675279
1.14623921489824
0.413045874528521
0.0390996704969395
0.397885563064924
0.624897381100147
0.899025539580352
-0.469104334815599
0.932456431631259
1.28836483778066
0.67689071521901
0.998899333374419
1.65946445020706
3.83927408183956
-3.13096951923211
0.944380016156738
1.70316962894995
0.943174963181969
0.726144927361464
1.74373651714017
1.23869243950789
1.11955420046485
1.03764517599165
1.3656379980842
1.00672458790078
0.68661927588458
0.992741296749233
1.49382433990568
0.683041128271415
0.00231611241428778
2.03449045537296
0.351768465447835
1.50407058857745
1.1178766203702
0.400161035305247
-0.0716019557998437
1.51407419383745
2.11630356159883
1.39987971766133
0.648932835202235
0.761414156616444
0.105137836840068
0.127474493012051
-0.976590402746255
0.463420781774062
-0.864148279614953
0.327687589874129
-0.131105316176463
-2.28314687608954
0.950397723568391
0.932162891310867
0.376494404204131
0.416625738542384
-0.500367559037937
-4.64349933129949
0.016675471301017
0.504413220518194
-0.684941318297632
0.0496435069257414
0.341019796864902
-0.574938806791059
-0.214238580687447
0.428167908223078
-1.04664463277977
-0.196226977652764
1.3281323801097
-0.732849711722137
0.0327687153743291
0.604121583924357
-0.711230012900316
-0.415750057493832
-0.858534990982387
-1.29034591361212
0.746273492313039
-0.904454618363887
2.0530687296999
-1.74949936185344
-0.516625956925233
-0.459223307967747
-0.766433977880659
-0.856704732486486
1.86603783647829
-2.15503302247531
-0.679346981417679
0.973907412682025
0.387137525329773
-1.35856327853025
0.673909900764524
0.155421508127532
-0.243625841978253
0.818097054568157
-1.00056392391004
-1.39332040942243
1.71392350922826
-1.58721907981944
-0.400093204757439
-0.499249866717301
-0.908331160380967
0.212205255673319
-1.18171662068842
-2.49456479546955
3.54647233473519
2.79660185620057
0.320673890740464
1.0636266483636
-0.0646547641744245
0.634651280204624
0.946392718241589
0.96098803127185
-0.438002807042458
0.901426288241825
0.946351368762833
-0.900593458928783
0.543900986996189
0.824170033743577
-0.63247722697497
0.572730362080373
0.106727277337572
-0.12778476656057
0.620494683411609
0.486349770158281
-0.561804820047405
0.0497769362465447
-0.144131058121781
1.08723004158094
0.729523486223529
0.383247640120004
-0.769689434086286
-0.158896078873906
2.20149857547781
-1.11203705974056
-0.126865746188189
1.71993728507706
1.60150829741224
-0.152964463361549
1.38322412358666
-0.00123355901399401
-0.295820583621291
1.29346296072731
-0.049314207184009
0.474817742025986
3.47020122968257
0.00847516858758883
2.31804856623851
3.33868592709014
1.2155996041051
-0.879028172405483
2.13949670077747
0.385173817444956
-0.744930928116981
1.36457563258931
-0.090195821193153
0.561891444557752
0.672955313158349
-0.0369391759868235
-1.18427789009676
1.10916717030179
-1.7501732543381
-2.32033634848556
1.89888509409047
0.486875375590447
-0.952338454185883
1.51039177527664
-0.368450216833548
1.10407170431028
0.064641313140769
0.484344608983595
0.2017387576885
1.86291469606638
0.958863558601722
0.608090890509073
-0.764127922808252
-0.270494741516521
-3.41350023447788
-0.112598064634888
2.31351098330315
1.0452357589252
-0.279654912562295
-1.21776783628761
-0.464267107558363
0.868579845290879
0.242033906140949
-1.56293745746015
-1.0015101098155
1.2105853244886
-1.46870189476499
-1.78697939669157
1.27927882281403
-1.45825572821469
-0.401152264741904
-0.554617307038237
-0.0422094719878245
-0.341769963737889
-1.40911932183378
-1.04712625505734
-1.04043391157501
-0.0844739157859104
-1.56119436876839
-0.96829942847149
1.17433746788387
-1.29811453490779
-0.373807487443096
0.953238053828328
-0.0492112037633882
-0.326301706073938
-1.36580453952879
0.736000345786953
1.1261815387646
0.0142834304890004
-0.317288699775505
0.319618147729022
-0.405359895509116
1.49199615419426
1.38719623657251
-1.22670527700114
0.209614157965093
0.114526964811834
0.769202467623826
0.221014450985364
2.88875708148518
-0.240355481730529
-0.308731787815601
1.27620993731332
-1.35420332057679
0.393340959190721
0.475339788845796
-0.846798874386642
0.444047091408164
0.384267028434184
-0.115628309961398
0.587220702455644
1.81136778399207
-0.0438420863274068
0.225512790601682
-0.59350577961952
-0.133853644667829
0.0698330495722852
0.197100117755517
0.571667231591859
0.228873796215486
0.203825438245761
-0.286433945260816
0.148713901631715
-0.270828064237156
0.202954288978951
0.0864320761081234
-0.103347581667201
-0.577747999418174
0.574658249824321
-0.117147686020732
-0.242172938289437
-1.60851239505304
1.03273690457486
0.116095291567435
-0.346365602284537
0.805032801377532
-0.418160319303569
-0.0503915276554833
-0.540190696547915
-0.324515057669061
-0.761860721369105
2.10915056529921
0.0821173392439234
-1.72789771239311
1.72134885256668
0.577775910944087
-1.36943571235359
0.967047684474477
0.136921072671008
-0.993395858455378
2.08104487606295
0.0287605136826855
-0.120110152670722
0.605590476421179
0.228610077601215
-1.22805317305763
1.46945026357813
-0.178266666920537
-1.63038482913264
1.21793701961243
0.563497384396257
-1.33951062979381
1.5241832442417
1.2927203956213
-5.26939571214477
-0.565124786216645
-0.559669019630051
-1.99034789879199
1.68473073038659
0.286724564601779
-0.79699352794352
0.131374604123776
-0.215202948331113
-0.570078233468606
-0.0699364334295489
-0.18557709323098
-1.0845411604938
-0.362465245896369
0.956402724600368
-2.47525138611301
3.61071261054443
-1.61173244497393
-1.30305347374686
-0.748661881308176
-0.0939051596666548
-0.727081968187341
-0.249128949005118
-0.856510615606887
-0.621229008102875
0.0311405148989025
1.26397342544847
-0.385973770324319
-1.24241544604885
-0.357742218956236
-1.33940418996902
-0.612200888200883
-0.356457992071191
-0.780726932670706
-0.364070963594965
-0.331568782461607
-0.573709805368786
-0.30909980030304
0.441593114803198
-0.0348570351542536
-1.17921399661375
0.594061930793784
-1.0385385625577
0.302928726766912
-0.446370145170477
-0.505986196698977
0.156629954548137
-0.325263868417232
-1.50211931353552
0.359244325528738
0.632261471067045
0.515041769661767
1.16345786907283
-0.950726864192367
-0.618073380194881
1.3867367450267
-0.243053588241741
0.0920192578042336
0.683291018849227
-0.567121046304533
0.399793901632078
1.01000037208363
-0.390332603924835
-1.19478927485926
1.17089780334401
-0.870193676667723
0.632898852511199
1.53349504177738
-0.448004768309325
1.34963189973348
1.39258995298237
-0.968533247621181
0.271439218789947
1.21030060118319
-0.421743910313955
-0.950494374727751
-0.269836975351449
-0.0104082977141952
0.224444457752492
0.715673394781586
-0.365018937588785
-0.131467988040389
0.441314981054848
-0.132312241979211
-0.530071615707844
0.76713177636862
-0.613631534048889
-0.735288713012231
1.05236673725206
-0.379920864386422
-3.82693898944831
2.21843233096076
-7.6970358512636
-1.86143071822737
-2.14652674787124
-2.17507763263718
-0.422554158709751
0.528009552921184
-0.609022718883161
-2.04321712071324
1.06088052395432
0.716115495624883
-1.50866964860215
0.930344340977311
0.568998577398845
0.782677069380493
-0.830248187836349
-0.762913681586466
-2.12665419617562
2.50298961646743
0.868503495156789
-0.615348185058794
1.05527180158275
-0.426762488295699
-2.0362343997226
0.033979708141113
0.917066331115184
-1.13153435839728
1.2831054056115
0.458616682031049
-1.73136536156075
0.671123399144386
0.193767369788594
-0.07679477239987
0.688790239823743
-0.0697515153028547
0.86238020869078
0.529252890881868
-1.01905939680066
-1.30659695652757
0.715273965346007
-0.226757760918007
-1.02064412833299
-0.182571496075564
-0.513506737431281
-1.06606198840361
-0.1359056597382
-0.737618001008513
-0.998276974406049
-0.31555611745116
-0.879885248308734
0.179180686457649
1.02662763880718
-1.74586919694646
-0.115148766474345
-0.052243055773369
0.151989315233928
1.07488807073237
-0.525673161717644
0.0736616674761234
-1.24512715605107
-1.66163053412715
2.08880893348626
-0.0552331300783029
-0.294802831021493
0.30393349920043
-1.19533813331713
-0.880104455699072
-1.59658616276219
1.12830881608655
2.11670405420698
-1.30656605494701
0.490262641179638
0.738876643898588
0.427171896195476
0.705077522290558
-0.0128157449901371
0.70845992261136
0.100563184867545
0.593176897453162
-0.623128353825441
0.0625454811225257
0.480064597849141
-0.658181435648364
0.973049145962148
1.15221368874864
-0.0961316658243664
2.19703664446776
1.67623066895697
-0.695934697268795
1.41521472922434
1.20718495084809
-0.821044906280377
0.893614496817546
1.34437404891729
-0.18922317285576
1.61494318373885
1.72059299883237
0.539676844599963
1.05303177984777
-0.0934099879741926
-0.444952446323139
1.47549390370107
0.851485060835108
0.244118299875386
0.406021211923981
0.572082484495982
-0.577180230996735
0.349510990041288
-0.104755220770547
-1.32848660667839
-0.656866841442533
1.40394674033298
0.621534596165011
0.126908745457517
0.670574236364331
-0.0729908316660154
-1.70959404147228
3.82518487320785
-1.29898821257616
1.10095624363758
2.03375549200734
-1.02316636897322
-1.08434601119788
1.47702349208
-0.163570585509873
-1.41011652190643
0.641333035580265
0.245058393275765
0.23607294901975
0.170427682342094
0.619757956477053
0.887645885517295
2.03679134939456
-1.38007319448821
-0.369695217299642
1.02451946980729
-1.27996658469025
-0.220043745648053
1.0243647641986
-0.108524496425675
-0.559647276367157
1.10449424709364
-0.0268554074479473
-1.78674641479149
0.159479483589988
0.0686623616214626
1.91584392292073
0.869720989665837
2.42338505383698
0.586669020240126
1.0303515605631
-0.271631094714389
0.0185152878907727
0.675367051341911
-0.985691443180605
0.258923098850856
-0.586699895522975
0.0215704403504737
-0.341826652219516
0.739086995826455
-0.739730401769127
-0.0872588412971971
-0.281339295113953
-0.232361715203048
-1.24524631522358
-0.192869540375639
-1.68355886504626
-0.252025743128724
0.46622168923601
-0.740562342884513
1.59954225216111
0.652555728863205
-0.848489415117489
-0.969626225743184
0.156289615385026
0.137034473008635
0.160099330916029
-0.950963549645928
0.123940471424055
-0.135720476080363
-0.439984803001113
-0.0835098769242962
0.310742740811843
-0.358142710808251
0.506589215566333
0.455552140445803
-0.713959422016207
1.05850127653693
1.3056104467102
1.5256733379019
0.236621578748639
1.19957171555157
0.311274062303331
-1.39758845413731
-0.175987874170707
-0.336734308680487
0.390200192030959
1.58720077709395
0.396762503960938
-0.841565666573386
0.36266912356522
0.347086532607617
0.122692514659324
1.05510608079103
0.849076414371258
-0.686161738090432
0.980482130469104
0.685375411089663
-1.20192869043001
0.376041973037319
0.0116991309284768
0.164738662713797
0.0618468895652942
0.562314300644008
-0.739606868676096
1.12300418864716
0.752680766277321
0.221961899313827
0.502799642958283
1.45924686168301
-5.40719922880356
1.88449138717891
0.730334680734887
-0.306453307093772
-1.30573683081008
0.981115034454308
0.56469658364971
1.16820896723278
0.640788240307729
0.303788518765418
1.9770313905746
-0.394336468793826
0.519961421046582
1.15689426429372
1.97114204974518
-0.864205796778458
-0.800195077470713
-0.530104686199672
-1.87608495683667
0.72120703913375
1.8898365425167
-0.917073038606478
1.83048000848718
0.878472546407992
0.394490921108838
0.971764601871162
0.199323047865494
-0.989137425639615
-0.743729676166205
0.496656837280881
-0.461367525721043
0.957281792297366
1.16006498310286
-0.0555399654237573
1.77105692573847
1.48684678000309
-0.907839932926363
-0.163827240562696
0.906342480100936
0.00422967218867228
-0.211706171114194
0.963925614231665
-0.105786322006709
-0.685330204761608
1.46993545875239
-0.550487546417948
-0.500059275124775
-1.07902920004466
0.345757626713076
0.138288647500384
0.432661480721053
0.469987824936411
0.760190334459612
0.836595297687264
-0.759292847421702
0.130327471391312
-0.768627551825183
0.359856790191333
1.11396178664067
0.423236841285811
0.387328288724135
0.873510746882011
0.367353455343078
-0.000863342293700894
0.526955974011422
-0.316785612027826
-0.718817419918568
-0.325939542567726
0.747605538660989
-0.82760707381848
-0.614004117639501
-0.795657058509026
0.889561670738576
0.52949591496909
-0.58605041291246
-1.28951847488472
-0.732336751370544
-1.13816027274843
0.0826676196654436
0.0345528066113401
-0.446128768606835
0.0489722862072908
0.180195848976204
-1.16158472199132
-0.180472101086239
0.827785134831737
0.359795271771637
-0.998075861048219
-0.176588073623472
-0.386796784899079
-0.235546384083595
1.12815470897294
-0.602652626325642
1.51850091610143
1.35936935022918
0.548668086455113
0.509347889693808
1.18717950405057
0.081853362493688
-0.603668279668739
-0.0741701262003854
-0.239171765468301
-0.562301868786005
-0.186119758540341
1.49220976969868
-0.313194947439335
-1.11607837595515
-0.589965550147617
1.73516398344386
1.30660315501202
0.47915723882763
-0.618625981974072
2.82341236378629
0.741548813167972
2.85515456054921
-1.46012901671054
-0.426137597257403
0.813896053871782
-1.68527130684564
0.176560638042526
0.526616407245746
-0.848200772980819
0.309761910597381
-0.341351981746875
1.1122354703212
0.761440399820263
-0.332837690511199
-0.235574565017937
1.85473813595528
-0.178823110838859
0.270466179178699
0.218389620925217
-0.00215539888665548
0.599486805219301
0.813346628155334
-1.30248231663877
1.74344249514076
0.0544763225464016
0.230730248901034
1.99726981256968
1.08463850165607
0.741092283191145
0.0695148796013767
0.105639848654659
0.623274429495217
1.78858347667191
1.60100364772106
0.621988396689782
1.29579974822575
2.07665529589148
0.0289467477038294
1.86956446152795
1.07609210835327
-0.145362595725414
0.559255521393293
0.791216197291881
-0.0782893585921449
0.587275171298706
1.04475318090284
0.503165138334925
0.125424023132923
1.17244769840711
-0.0327485123934652
0.411283243098207
1.05291178371824
0.495065605475825
0.611476944535136
-0.35986295760257
-0.178227563492321
-0.895228371001187
0.492034702244107
-0.140334628313052
0.654235297610146
0.632783766069084
0.355378824414071
0.145551877810492
0.682585891677287
-0.538842107535982
0.850345388801566
1.38325682610142
0.0538856789969952
0.427204849571605
-0.379830710498479
0.410839707695161
0.305491160034211
-0.220969956396742
0.272707130981915
0.639818756924069
-0.824698151864977
-0.444987243205225
0.0579217161873867
-0.670208319700133
-0.224393976627383
-0.00831335248408363
-0.240531230698499
-0.16034976811472
-0.972383289531153
-0.371103520490932
1.12491460735688
-1.14661490546982
1.05721192469928
0.233097778632149
-0.58698428840992
-1.03046843341342
0.00292375597232492
-0.512043137216132
-1.27166420903178
1.06747530292292
-1.45669010031326
-0.707446507067075
0.821513197423469
1.07049476928048
0.322863854065636
-0.18790239363426
-1.18509356726524
0.289959970593851
0.91380217214189
0.0731456564702648
3.08919106432059
-0.477770605610284
-0.886658307772024
0.415037462363152
-0.70250489336642
-1.97022295754565
0.473457865325547
-1.22679357847385
-0.88366484814726
0.111000122371878
-0.401264221429685
-1.27294767814231
0.555589514582895
-0.020849598423267
-0.250943855093772
0.533799478378425
-0.101787787335477
-1.74011291965872
0.358433064054439
-2.0536966875687
1.05210826617897
1.80827484125785
-0.190352442559881
0.11722804946248
0.273426890949159
0.106813130580338
-0.289941282787234
-0.166557474004105
0.584787329117505
0.0749204732721104
0.420239930823967
0.445618877976586
0.168233986191346
-0.00215771666761527
0.303547054940004
-0.235027450721138
0.343311070922716
0.434150277095249
-0.705261572448868
0.853727943922735
-0.0607114063721329
-0.138094426082301
0.948404531541257
0.716458522661391
1.1883790584935
-0.386598125578955
1.03471317614397
-0.216022853743199
-0.48608520734324
0.310552741509031
0.515111595187489
-0.32858213443587
-0.531603505564618
0.0208314987458346
0.97708878785369
0.305187257321068
-0.428571740389643
1.60578920814682
0.216604631621054
0.79611262857095
-0.189296914773152
-0.670626514209249
-0.159956111369267
0.726535359736889
-0.206033177234221
0.605276014731733
1.14313792784865
0.813152660898521
-0.171613132879758
0.983639406367773
0.370889000512436
0.0708474198436449
0.72209633045331
-0.637155275785724
-0.143319540062955
-0.617417552411953
0.268615558350296
-1.31910289757938
-0.161142871772459
-0.278826907075625
-1.02654341405381
-0.0957791708603329
-1.06686755105391
-0.789959272621905
-0.48368023430764
-0.801017686628607
-0.259346231625288
-0.554671601934656
-0.340889340211534
-0.278060875754927
-0.936782129392531
0.339530037685111
-1.09010400431625
-0.862078347605065
-0.9065362754241
-0.780051153259401
-0.778236296495366
-0.877307990541589
0.254186269560172
-0.361111886945379
-0.496368721028095
-0.51321273861806
-1.22810641571298
-0.104226574263424
-0.36378775787044
-2.334375528287
-0.153847809825124
0.293413454030853
0.753263693956353
-0.305140117178541
-0.169808101603705
2.06546240451269
-1.23704423531346
0.609733865374168
0.624738408762827
-3.31392963329718
0.485821137647326
2.77263447035899
-0.468431208249613
1.30454863548064
1.02329971497905
-0.935831000917714
-0.528801777806426
0.73851575378866
-0.655751354155538
-0.211159690103363
1.44128739287216
0.735431269638948
-0.547401408432334
2.05553730328117
-0.0317603461666373
0.0118914054022233
1.1915031407354
0.786088252267828
0.0190691314359272
0.61688703097851
1.49560558698708
1.3410458177799
-0.0537393809843798
4.29581864624196
-1.82679900600565
0.678052596231615
-0.471623667344231
-1.17172425444656
-0.81442219085906
-1.61444018491075
-1.49736153595638
0.820252592204416
0.352996249275755
0.0408577167397358
0.417817066057753
0.841836880881042
-0.41780345713682
0.993706987652262
0.678261268304255
1.89939464826535
-0.632873204920452
-0.0252666761186333
-0.277647245818444
0.518612293156266
0.469547293530026
-0.813761146746017
0.418079067448981
0.799423828439614
0.0488443484134254
1.4029287719971
0.992414208345187
0.059526513935327
0.986455897327178
0.976242322173971
-0.279387982403619
-0.0519634039776297
0.737034193611006
0.993982386212062
0.442679626103943
1.02238053113332
-0.252782099883001
0.643169886788263
0.678579319933063
-0.953555970624301
2.27829009012257
1.76710358478103
-0.366612075026314
1.53604512541005
0.430227494013068
-0.621519102856208
1.3904601096106
1.59721079581873
0.779518891241443
1.46605478462083
1.79171947502884
-1.82201415424897
3.03102594912987
2.16116206775514
-0.359478746035971
-0.259698622344376
-0.716022638633928
-1.038772571293
0.112701281821249
-0.157908556555553
0.394050411050886
2.16556559339582
1.68710289859442
-0.778437346971686
0.0307551602650737
-0.960265672856551
-0.884932501759183
-0.751598930782594
-0.70406965141932
-1.3378372901384
-0.930066224973351
-0.784037972771696
-0.667453597891612
-0.884859227075012
-0.534454167691544
-0.786568967005889
-0.789824174004588
-0.327660221270345
0.653523454514287
-2.12999931833855
-2.18125458649462
-0.209628967895844
-1.71663862573173
-1.22209597354547
0.998669892176328
-1.37355468106158
-0.143660518737602
-1.38311556196884
-0.452018424578929
-1.118779753131
-1.8739782613146
1.47518648571583
1.37666951639571
0.970437766044191
-0.19538946983342
-2.67722577529389
-1.28878967991888
0.404914457642189
1.87172702901921
1.1016730409826
1.25965213175996
-1.33861968874799
1.33951473933589
0.158305165544588
-0.0932705670435548
0.607293813686933
0.201363155346527
-0.896524888209398
0.0179836955196315
2.53130198629705
-4.10940131325371
0.796433751131194
1.37287377834212
-0.00113505382537983
0.693108208209829
1.98584862057258
-0.712962169500901
-0.552638800505079
1.32535477756621
-0.0732690274730634
1.01933355065523
-0.207141254378035
-0.735798046199216
-0.526224761329318
1.00628255309757
1.38619226806286
-0.24312227648493
0.569442836232732
1.10823673819884
-1.33064778016926
0.951964823425105
2.28365215437537
-0.65852220422806
0.753443363122844
-0.192753477012231
-0.438048215888916
0.717113690894934
1.30816029302917
0.761952859401696
1.49604801555648
1.03329907322989
0.577724714678708
1.52862502607738
2.35319801529026
-0.694499192189546
0.173514037953014
1.66636667990364
0.114472533732925
0.988100053202624
0.730542149517312
-0.0628649884940107
0.224385875768702
-0.22038164996867
-0.104758087211627
0.451414789924771
0.913320263839032
0.538558902941709
0.532633995631314
1.4763016887284
0.712994575276937
0.925016987354329
0.769862956978042
-0.0504396197270135
0.96501631598231
0.995244013929093
0.411773119311095
1.92768859760979
1.61634562391104
0.40042626126257
0.956763716834702
1.84059682425046
0.31562707556637
0.0860355368426268
0.810467849754295
0.0174182787600052
-0.126426214262647
-0.698504950730535
1.19665751216508
0.508990115163009
0.960285330955947
0.316565191945832
1.68995359842916
1.68634310632669
-1.67953054709709
-0.0990570983368379
0.612932900331781
0.494475570020372
-1.91574212995986
-0.0202924787480635
1.24411687925724
-2.53100584842602
0.424810191431413
0.860726956415611
-2.05140104900022
1.13845655076647
2.87664031593153
-2.6057659390674
-0.16547619403543
0.576316623899868
-0.602862857526663
-1.35301895922468
-1.01852323201537
-2.94402765638484
-0.0426596621612551
-0.635372865481414
-0.560865042737196
-0.459312516071413
0.60702636991657
-2.34729422462573
-0.252587530042066
-1.64078247859122
-4.5279877673563
-1.78777753796675
0.644521251770276
-3.37643850503988
0.647318889588033
1.59126080407988
-0.349049801022691
2.92027569074449
-0.777278047533341
-2.44598812834752
-2.57765624749147
0.446725405001447
0.455925944256762
-1.47990120242831
4.00044089378522
1.25752060566856
-4.01562322194552
1.0470253056435
-1.5302617330725
-1.16429667777565
0.645793574153526
0.725412004393244
-1.02486469262957
-0.344958901579248
1.55827535761491
0.498601397840657
0.68061457476723
0.437521740392892
1.01282260565784
-0.0690976099346883
1.29108325591324
-0.0778744218426115
0.566622213437504
0.811914849089539
-0.557115443668837
1.50125963321216
-0.097260256828286
-2.98405256273947
0.910254827252097
1.35831451858284
1.07886985319558
-0.150509100351805
1.02232570064738
0.932629993305683
0.553637770609686
1.42504888375705
1.51208975260322
0.0810991700975982
1.23639467486592
-0.190544193903906
0.393373195908191
2.9947711050616
0.315367274280805
0.868271380965266
-0.679269690146672
-1.9523090558775
2.79124820658481
-1.80827922648135
0.917724226515657
1.74518499599235
1.17367875477037
0.929246324605073
3.28081758501463
2.29390638918449
0.510675242890341
-0.92405104194344
2.8795914273119
0.203967017988102
1.48957035448649
0.761429641295496
1.28619415090746
1.8260015616557
1.40152050777358
2.52809614624928
0.832427683633801
1.77767044188246
-1.31933172274023
1.13836204131849
1.82720610136555
1.07167389922271
0.936747625989863
1.00711982015357
1.21585898264154
3.7907444982262
-1.66248818643518
1.40127269028929
2.14965743354825
0.960161736312596
1.57447983863595
0.366068857902381
-0.523387654180061
1.40598746798737
0.752938718526518
-2.69254806887595
-0.12014170466873
0.498054934330512
-1.95900004671579
-0.110242924022463
-0.311014211122492
-1.1285599496314
0.204392063019176
1.58233611970787
-2.92150434306993
-0.698331723909898
-0.697071359667078
-1.52652902470683
-1.01824037464562
-0.902378569888814
0.357877577656123
0.0416352976817176
-1.10103990280483
1.86643287349691
-0.76806105129045
0.66366718318297
0.575078746392854
1.0034694651331
-0.0950532527005297
-0.987071046474601
-2.26824811540716
-0.287942860103188
-0.290812725368878
-0.840604321620857
1.47311271773219
-5.29862874207108
1.95771583623086
-0.513206594629427
-0.324520030903253
-1.38972793825065
-5.98157556634448
-4.24292206691095
-2.28524821713703
1.22648352636357
1.24944671428316
-2.33092584526462
1.55774028628198
0.260316355603188
-4.16359959304213
-0.177506238657474
-0.285721385820196
-1.63622085379086
0.365012646529339
0.563476520964322
-0.791059446770847
-1.48138560257443
2.93091880784623
-0.844353685399154
0.46764337009287
0.785365671394128
-0.995860602728353
0.0727614111591001
-0.716616115264919
-1.2700715137362
0.250946577727436
0.808717007317465
-0.33995425627826
-1.41043039012383
1.49966853360338
1.05914353481561
0.171069024759226
0.655843239675805
-1.01715772570011
-0.236282994381368
0.455042629303796
-1.04036067134894
-2.39867159450996
0.973135080522243
1.05722184573501
-0.985013719594146
1.44387884201498
-0.250074934373002
-1.39304290902786
1.82417991574518
-0.375037392340089
-0.463907973635027
0.77413690669589
-0.991390459324122
1.01733986468689
0.486620116046708
-0.397500016705334
-1.31142281955752
2.34803454448341
-1.43295215841844
-1.72906297382724
2.88614953041533
0.700709859458575
-2.76003134184974
3.07011609265935
-0.0229723163884397
-0.747877844465392
1.53998850570555
-0.314990335502658
-3.58902236468951
-1.66988840418381
-3.47357606315562
-2.75650052198803
1.74985608368422
0.880296848602521
1.96214528341886
0.149767517252214
-1.95530821185028
-1.18183137480489
1.36857435213645
-0.417522138834625
0.648926150337994
-0.221466152140235
-1.76064658485936
-2.48116000019258
1.60225084025091
3.29724037914882
0.502011802989216
1.08731436907982
-0.993960171114405
-0.397298374187474
-0.442804336508123
-2.39904670615468
0.0644342076363933
0.231276798286012
-0.559853700354425
0.712766854316339
-0.957793288182979
0.762202575377997
0.550320757088009
-0.962002458774329
-0.573040185150873
-3.54064209269934
-1.80580126134579
-0.814496596920963
0.330623650094281
0.0697569018955995
-0.172192002282402
-3.37417403477881
-1.33281017346579
1.23066690170291
-0.564569504075451
-0.800904429092093
-0.271733273865846
-1.89492392263989
-1.15839431588863
-1.20748810805883
-0.752812617678857
-1.35674695102749
-2.19046607389801
-0.650031193465772
0.907396910569485
0.14855291959587
-1.18392195868215
-0.746234461829061
-1.12086862296481
0.293052611519383
1.89609259052527
0.991068829147555
0.312864517081867
-0.585419680766039
-0.91326094812241
0.271980575587783
-0.136379648123226
-0.447595820873284
-0.15409541169285
-0.0230552340218807
-0.206577262103379
0.0121004313503331
-0.271805639944798
-0.669873882600502
0.0660908024904463
0.459884527868824
-0.573530100608529
-0.555318857936426
0.887977732276808
-0.817846785496936
-0.0667275179670666
1.5810009539339
-1.93837341596517
-0.0418399249126638
-0.0769510831737398
-0.676694461044221
-0.472703511953943
0.422763276263658
-0.758584036630618
0.118945014038864
0.4361673394774
-0.832203543133721
-0.930071192696098
0.941191883877168
-0.187234869688859
-2.02799814257718
0.448979982695434
0.385964514381841
-1.32732135526779
1.51442835628761
-0.598972017281417
-1.78093823286812
1.43901928218694
0.383789621578401
-2.40495876652403
0.71747409612646
-0.807019614323389
-1.31636056872676
2.08545125807189
0.412660593632385
-1.19599007885106
1.23601342766632
1.59292937225118
-1.80789059865323
0.64016725727455
0.498490076943877
-2.20386330269315
0.52713536144107
-0.0641621927497264
-0.653163501899417
0.507244797917576
0.351681800839811
-1.01393900641667
1.29597136615261
-0.180103897659691
-1.86625160057185
1.26536319851698
0.166935014568984
-0.679192418705545
1.38395034212191
1.71991924455632
2.60685519076613
4.88966897880599
-1.31981740393686
-1.25851200260929
0.343586876039215
-1.47317174508453
-0.889429857066319
0.420189969724269
-0.249197165964658
-1.04539159901231
1.44935943596752
-1.37661890700096
2.02953216943126
-0.81436198783299
0.325529544450675
0.419856568917698
0.0739069672606732
0.163580686006249
-0.268794617769034
-1.6754882320065
-1.18803474131249
-0.632089207452253
0.310632811668053
-0.674599622593037
-1.4916935382263
-1.99620993589964
-0.910745899741121
-0.430457442436351
-0.992531825120554
-0.763573809123603
-0.268033885657742
1.13602789765982
-2.2583285226084
0.356120546873208
-0.284796445444149
-0.485560424444523
-1.15951869198276
-0.0462231523904376
-1.86069535742276
0.0595591887224249
0.583773954376725
-0.07392359664361
-0.0675153111026088
0.436666262532035
0.0305200927986895
0.0289751580461201
0.0156421301102048
-0.017101148258396
-0.671000886487796
0.522561728997335
0.0884455151568682
-0.586193491188379
2.68231525493181
-1.54513353121431
-0.161570172357644
0.812148658981917
-1.10241098053664
-0.664134688385983
0.736469511348322
-0.756199471051346
0.120866877076327
1.01175654162823
-1.47566145330766
-1.5767499928981
-0.248980016609749
1.1059677700274
-0.198651707523507
0.581941019130332
-0.34687359418598
-0.127258547748771
0.522288808497633
-1.28464129584069
-0.647814605136457
1.23431305394115
-0.0485738857109028
-1.50237050865829
0.521068949478042
-0.161748494555147
-0.386112059819265
1.13039994059144
0.189040027647861
-0.582019749900256
0.410173384189948
-0.0895191159661019
-0.781588421414558
0.278018501424352
-0.362871599875511
-1.14506137298789
-0.307869009923103
1.05680026741004
-0.322194131847835
-0.483690271560263
0.00351690636930011
0.701423465671439
0.430168155730769
0.622396375626845
-1.16326161455952
0.35918816044486
0.933352854765518
-0.962864354753255
-0.299725736392534
-0.116273171928432
-2.89735404396161
0.00459052315248284
2.42751122677733
-0.586489178898544
-0.693566748976771
-0.12754441935876
-1.19097155965035
0.854342756913546
-0.528909241615832
-0.945358928833449
1.11917177767714
-0.227989764175471
0.824275950106164
2.12826320221259
-0.789906303649432
-0.740138025309696
1.11796734343785
-0.73364168473848
-0.85229868127566
1.03260781353687
-0.851816004683471
1.14501016745016
1.15815909209677
-2.34275243327969
0.0529246961372763
2.00631622689378
-0.584911716824218
-0.384825288583074
1.47615324118955
0.0282380599528132
-0.528019404016055
0.226086261835912
-1.76131255855053
-0.897174087935727
-0.431454982628652
-0.924953171822208
-0.244669660787687
-0.185972471308297
-0.933943659757414
-0.530898744518158
0.357795503489396
-0.431708580852666
-2.06705737358421
0.577986329650509
-1.50488370305319
0.570259501425934
-0.488348544071298
-0.163542614336734
-0.328212830916946
0.701722762208184
-0.141710398544083
0.451813708971425
-0.355005274482434
-0.464959854741662
-0.477916929675198
0.230339448383187
-0.235922166598564
0.530846764246765
-0.408233880735639
-0.445372979061161
0.942313234252877
-0.597897155629972
-0.645391393086262
-0.294188581164279
-0.437652410525604
-0.221332187153593
0.60950643918641
0.648704123559851
-1.20224104586334
0.798681506360888
1.49944016042045
-2.26010426897967
1.12902672802068
1.0083697317841
-0.620028069609146
0.445950377090278
0.79441614500787
-2.0549050846443
0.534215249387315
0.789665217243414
-0.964320361613967
0.0686707513359976
-0.503072309927242
-0.085653347871235
0.773413365521132
0.682499187901981
1.17641077876785
0.0715725454753077
0.29062421940112
-0.30311881548426
0.276410223718212
0.444627570062028
0.978560586991886
-0.171788433535787
0.653210268549023
-0.417508371775841
0.425436277015154
0.573159040544727
0.171948705134265
0.503263196300216
1.08811956706603
0.373931660252632
-0.865779708781
0.708072407607465
-0.370770103645594
0.694642342107209
0.768950284453776
-1.0011031150658
0.694724489436451
-0.033264331373482
-0.641980072946135
0.2051670252838
-0.0524183803884983
-0.0926516093771987
-0.392595806609924
-0.276342904366204
1.09202964371878
0.271306501229051
0.902397670579134
1.09000919148539
0.191059653432698
0.898815134438824
-1.49832194555701
1.15475923832552
1.26975366302821
-0.0251689640378455
-0.255214859490457
0.155201749056677
0.476352363888367
-0.886581168686903
0.838643611839074
-0.0399056732002586
-0.389092230422735
-0.562848846820143
0.319002666633956
-0.537045052556729
0.326315825169397
-0.167550093578381
-0.454639988624934
1.0588771805448
0.0482080367569039
0.438278313932344
-0.0721876806763936
-0.177291857026558
1.78244626324821
0.839759840267306
-1.09440907367753
1.11216035657391
0.395036478012734
-0.723661434854626
-0.427040335668028
0.345087456255588
-0.853651736623915
1.52597568118804
-1.23156796392672
-0.715937863992049
0.317262838960772
-0.0349267647850825
-0.288671277770983
0.483984636394788
-0.168321260693989
0.192078615552872
0.38889744320444
-0.608952094088132
0.748782745219932
0.924500424130321
-0.422333424637765
0.170821389041327
-0.479363452314192
-0.0378132075280031
0.255029419096661
0.337936184014717
-0.336814153892759
0.51782959577863
0.639766507744459
0.383964718656216
-1.14006354877115
0.56985854557352
0.182418686574155
-1.04492887755895
0.401915311439304
-0.117530147029892
-0.555999721884434
-0.534555419104366
-0.60368071255063
0.354079340463261
0.820129527361289
0.436680938139689
-1.08906424779972
0.52800253895048
0.631873522973765
-1.32956163497884
-0.990571096632921
-0.0417239131259508
-0.471723427006543
-0.176663218243361
0.0885322174571234
-0.412963204185121
1.65822408927294
1.47981172441096
-1.19808932739364
1.6775133569003
1.23525218553618
0.25136048545041
1.51574109573845
0.214912401181423
-0.948720562177089
-0.0981940276985479
0.140298447929787
-0.517499404326824
1.11118525019491
0.7067690800058
0.350730016855834
-0.145933795438782
-0.665189687834503
1.12052779389837
-0.673560147701283
0.342546067390685
-0.351895264949347
1.16729744388607
0.391760710960665
0.382320792125666
0.781917548828438
0.329311187284195
-0.728130726283267
-0.930990323918021
-0.670976845390553
-1.32529929325209
0.104331041980713
0.216670096130469
1.18882442995297
0.632403253967605
1.33891433255161
0.655111275564945
-0.2526446746715
1.05707282864968
-0.173861681592698
-0.227626965019712
0.361981871996718
-0.423192201779782
1.59836552663662
0.209038715658474
0.562339808930769
-0.76339915989777
2.59226193845214
-0.848200702509436
-0.950969779406895
0.429889821419159
0.68565274812181
-0.421929133588356
-0.2611410106064
-0.0980101027057902
0.076647655256508
-0.664893442198632
-0.667680303731446
0.379051598688052
0.207150447436968
0.802438031506625
0.171724081702785
0.381789350530222
-0.0248594193476576
-0.240316433375453
-0.672510378342194
-0.564440838486349
0.416596340780267
-1.08682898591833
1.26945954215923
1.72132113326805
0.166031150177089
0.511484219428042
0.449807163737235
0.0294722772442311
1.10939053171962
1.39862598930753
0.159454567668557
0.920432467517177
0.46780466268291
-0.087847176763673
0.861082668784801
0.631319384252003
0.00729478569146197
0.0672365272443136
0.343700131620048
-0.436341116551201
0.539330794726166
0.163709440469136
-0.501583113752127
-0.267526939450053
-0.194787664782269
-0.372289417986855
0.642998078889138
-0.151620385495204
-0.665605562744845
-0.292101576319961
-0.105690146678418
0.00121556098387858
-0.155284811198156
0.377357627758229
-0.331033985721094
-0.267664491431607
-1.0874085862875
-0.289341724718095
-0.505211737474855
-1.76567463865378
-0.151541674604292
0.286156875894673
0.691100413381944
-0.75521183089003
-0.453748725692557
0.169366271829001
-2.01866895330931
-0.906872834000974
-0.0945318129882467
1.10345798808337
-0.087353750143244
-0.521227435431165
0.697189164230823
-0.0916461376733281
1.2251694970534
-0.010841289137662
-0.908297197002927
-0.447687687209622
1.51278617542609
1.69286949540282
-1.35144290838092
0.238401148490459
-0.343460740553868
0.632696707423781
0.662048648664595
0.3011405437701
-0.109097724592622
1.03844972305884
-0.409972949422812
0.694374388882904
-0.542729947782134
-0.335385076058768
0.952851545482583
0.561099846377654
0.188183068595844
0.568194622165108
0.485315763878337
-0.577493750896475
0.41612939917621
0.371402383846312
-0.14872477488903
-0.473490620871188
1.30382883826168
-0.694926477739247
0.835628013602432
-0.675006261943994
-0.287964128762013
0.165334515960501
0.611496659408509
0.580491978209395
0.44477031874994
0.297048377964242
0.536984826000856
0.125189831937208
0.140952110788743
0.250096056862694
0.699281528977387
0.865531767850583
0.0529785278470954
0.81156272314159
0.527464214064896
0.0992831619113285
0.295837193415052
0.809687426098058
-0.47798456933978
1.1803009533455
-0.288837394948068
0.990757777118686
0.542809390786659
0.74154368830905
0.0759792270566761
0.147397048078739
-0.348578741976219
-0.23078130742335
0.365227602030997
-0.49121386962532
0.438674939964877
0.0384028289179326
-0.313306606173085
0.159951803176323
0.383049695994316
0.736884392882893
0.577809729332671
0.642379774489909
-0.220096304077362
-0.0760598264145676
0.067646396701974
-0.318120987891415
0.152732555863419
1.1350122086016
-0.587660568930662
-1.02023996802081
-0.844562688435539
-0.0660736638718571
-0.333574403919651
0.121222250912861
-0.493012336369097
0.125088267574812
-1.07163198926542
-0.613052757264303
0.285683631696268
0.456268390515372
-1.09124137318534
1.53984059930804
-0.983743167579651
-0.15753651619101
1.19978294910664
-0.686274267690271
-0.358774216585638
-0.22851372102333
-2.0164777766344
-0.869412273207875
0.478313223124666
0.133557214877968
-0.620527159137089
0.231168777134899
-0.73647471504588
-0.787721363291882
0.406845893965417
-0.188396794496652
-0.824096653678408
0.56078760469452
-0.0509687664399305
-0.979674137222481
0.52969857566374
-0.15614168893215
0.602836993530737
-0.299593766948085
0.390394591189011
-1.36872782658664
-0.367389022370647
-0.0592156427327222
-0.111611726990192
0.0575360676280654
-1.264255715373
1.04586722464494
-0.240851136968075
-0.097415702607874
-0.426859758907901
-0.297024119316808
-0.238580686503753
-0.408685603015861
-0.449807846600137
0.669353804831322
0.0775208268203124
-0.118895826116104
-0.545338759181546
-0.062797852069141
-0.502445100709192
1.07862851662211
-0.243361543004445
-0.0521308795326282
0.329193917427454
-1.51412069122008
1.33989142698371
-1.06107557238826
-0.00703368944856871
-1.07437224445733
-0.900512840251487
0.802943273897791
0.622011159866331
0.665935783580805
0.0600190770279272
1.0851786695923
-0.592197244702281
0.45759036799087
0.666619220976734
0.0376193828744958
0.184152589051848
-0.113793230605471
-0.101426170891838
0.915807821573246
0.586769086005934
-0.391015559550198
0.109494476220568
-0.839381010181648
0.128090152384469
1.08845896279803
0.497932941905124
-0.27042016507432
0.514482864603508
0.015903122997732
0.0837371447088276
0.433576916031016
-0.166201689711998
0.154929637305981
-0.129041394169387
0.224173314394151
-0.193391214649385
0.28868997637725
-0.377521252741054
0.0544434048978283
-0.0686208160498723
0.570194092793667
0.414057603185037
-1.13035295214934
-0.495472299423174
0.617355175776199
-0.0326839033249017
-0.377917724466256
-0.213434672614694
-0.0880415477087133
-0.173073271181694
-0.0962356777569481
-0.29385837910138
-0.239261555692305
-0.371002108119566
0.433992346834547
-0.820912411162248
0.352311199417577
-1.01831497262312
0.744067885819128
-1.1649986867891
-0.538728235608166
-0.780811266171958
-1.17182926178297
-0.231306590906374
-1.23033767319717
-0.367506673416903
-0.619503197171492
0.505487124214155
0.237595750122183
-0.499166836580413
0.398919383388386
-0.420614888956366
-1.50787196915844
-0.683854325347009
0.171984951708184
-1.18520199696791
-0.56740590220127
-1.40631116355601
0.290537886017906
0.138608280150044
-0.366263364646271
-0.665487434732067
0.727448329189455
-0.973796711868455
-1.43560971914921
1.45497447923419
-0.525134442871433
0.722413822072114
-1.42299800851959
-0.336900622167443
-0.830432341244616
-0.668363163213547
-1.47736146638997
-0.205220168860388
-0.567708822528454
-1.79251236240122
-1.23067078908318
0.328263251180406
-1.50214496792049
-0.73114605135871
1.02100862189586
-0.497889379619048
0.451560529580044
0.097673264393197
0.763790148482527
-0.542948290076633
-0.767984295564682
-0.354688327955561
-0.0602709316136257
1.52893687023308
-1.08532299012024
1.61018812902836
0.311269047749432
0.168318501286887
0.983441383485281
1.10522458213317
-0.31191316797816
0.27451636393559
-0.22536464029322
0.522704416585093
0.0752617971314203
0.956159520061178
-2.54640328889044
-0.390573053028936
0.0998675956967669
-1.04503640118587
0.124427204881143
0.985769630251341
-0.26066555062086
0.702429439643957
0.234361839918674
0.55796520819764
1.45407465953914
1.22413473467319
0.508072637829238
-0.138665854811272
1.29134369975298
0.392169776823939
0.781758251376134
0.675808834039831
0.182545913239474
1.2527476197118
1.77932625527121
-0.794301529846062
0.686865222335052
0.370703687218398
-0.108134106723277
0.498744953988532
1.15522662809958
0.602573588355637
2.08476720276105
1.06982540554906
-0.249227992009254
0.0267483471536654
0.295549606918925
-0.184821467644973
0.862367206080867
1.16620927872697
-0.274287390160643
1.11113135347248
0.719636755512886
-0.238024899363173
-0.526979289081669
0.29683539310998
-0.781611150643529
-0.0374965268625822
-0.51805393034664
-0.730819320390202
-0.435433442296512
-0.618877473414334
0.249141830082844
-0.174279279850961
0.14072816053101
-1.27932784432799
-0.335311975125537
-0.810431389733461
-0.819895902529228
-0.879604750372432
-0.414146391370729
-0.51296038376117
-1.03836892191605
-0.535825100540407
0.150453070350901
-0.30390914897421
0.625448218697379
2.57127570449484
-2.4926963772652
-1.08397586281513
-0.425111644149354
-0.050585229788042
4.11205539006119
-0.199647582282005
-0.533442155552467
-3.38424622959182
0.813229862175412
-0.761886760573111
0.00872551144676172
-1.02313517395506
-1.0435663734275
-0.0393205716805977
-1.4070046843438
-0.854181665759646
1.37752948838856
-0.177826028733959
-1.01078329910514
2.93738564950065
0.827581574674114
-1.3062914746637
-0.623914578225409
0.418650814702255
-2.25242591628671
-2.2668802659894
-0.650370866029493
-1.24140079075428
1.20141336559006
0.0118146064630692
1.3400666504845
-0.206636056308834
1.37539132911675
-3.51671071959313
-0.063122589416051
-0.784399072018731
1.02615528413735
0.617100168037916
-0.185968346250537
-1.77656745119958
2.9914079568727
-0.334512898209028
1.01978433535605
0.0685187175581402
-1.29794993624057
1.82335294315036
-1.240987476444
-1.23381320741699
-1.00349969630346
1.2267315088859
-0.8399440307873
1.60131518319612
0.915156695434213
-2.28005952944367
0.188029218936123
0.887436779198036
-2.58586853179302
-2.39121142496196
-0.0881908183046244
-1.46927024066251
0.599120959665228
0.482147791052499
-0.255130819247471
0.247922140015328
1.00749466163674
-0.566116428723364
-0.0521015299852535
1.04921383062812
-0.0807643270568565
-2.04435699382249
2.89229962505114
0.278492660369008
0.562572105072117
1.69316219869216
-0.318352906903584
0.120676786591597
0.203943335908102
1.02364286132443
0.614809011690489
0.119129329118827
0.775742511537362
0.64158151886546
1.86693145584636
0.254032603311013
1.27213261569343
1.16969777684409
-0.469579781564387
0.607869429327566
1.50698778368092
-0.000851115288964161
0.919850603422101
1.9607975743791
0.346074014355015
0.319850489971228
2.10689580471366
0.105654276157587
0.58078891536951
0.837246043539454
-0.159445679399992
-0.695972178363695
-0.252638482428204
0.597166275054681
-0.159518463009581
1.46971584417105
-0.204034032374814
0.206998766033062
-0.59352275064151
0.473917973878826
-0.84729283437988
1.00918897125001
-0.190757751309677
-2.1035247170567
-0.559450402358193
0.363854036062124
-1.44521858974236
1.24703281232496
0.864406851212444
0.532687956313345
1.01873311679508
1.35088709260314
-1.74800501611611
0.132104567039662
-0.218865521842406
0.3188527757487
0.808889593827796
0.162927591330198
-0.987064699245488
0.131467017870598
0.00601824395710665
0.473404523368789
-0.286786232378492
-2.2276280933176
-4.73838319181886
0.401413264313899
2.78047837150557
1.05557082876784
-0.329339071084189
1.13771093611569
0.472330062902282
-1.17403182416437
0.459630036358575
-0.463987813043787
0.0327030493581309
1.07735867064366
0.887590333031493
-1.51744955858455
-0.820528021937715
1.6915939901778
-1.79324424834475
-1.01316330471357
0.312537714537008
-3.37575060965483
-0.49363357978845
-0.162380258315121
-1.41360953187171
0.178033247856211
0.975515315807166
-1.74783879400521
0.360579916100737
0.051522351915001
0.645191869933294
-5.09508024310352
-1.36338962416208
-1.6681314527274
-0.644614673663201
0.430283661393495
-0.945022580701137
-2.12794103034539
2.90516027661125
2.81290087161037
-2.63350358888775
-0.163108172407604
0.261321430981573
-2.12188102507323
3.48918195683642
1.68419627063094
-1.76714243470812
-2.28880466199873
-1.78772849892821
-0.79567466690827
0.383875502218538
0.652542761732073
0.221140723481133
0.873344135322707
0.00340012190502427
0.267747870072071
0.307553939285909
0.228151840623863
-0.635804410329109
2.44549395235593
-0.22735923424836
0.269497419470399
0.431864396266208
-0.740077242564698
-0.455932825652631
0.534581943810699
-0.49963732389541
2.10631894038405
0.742862365106449
0.896856287416597
-0.183186813034512
1.05819790595544
-0.558817824867828
0.597597353187028
0.201550771929858
0.78457131162462
0.146498256884018
-0.0262307350131713
1.1240922568572
-0.462036311388601
1.18617801277726
1.70420915708155
-0.237634702136707
0.559243216269702
1.80360501048056
0.476589963860762
0.795689780273646
0.44276964277405
0.519996399752916
-0.0619086097764637
1.02939041381582
0.343687047479164
-0.0749253733667561
0.409577019058582
-0.641288690665953
0.991206762682108
-0.0944668769113313
0.534501551337589
-0.290078272306522
0.62365554403486
0.560993147035042
-1.19592644453152
0.417130032558454
-0.013726012746156
-1.68208901740563
0.155590956905719
0.851337141808504
0.301996876162583
0.0498687797323986
0.0254326213473398
0.281103143154065
-0.269406862390482
-0.228884631605799
-0.394219436698261
-1.67433638289745
-0.727845642662744
0.0706614068986672
-1.10062537162196
-0.867944378903055
-0.12137257997849
-0.313785693470877
-1.31505323422988
-0.809089135642121
-1.21810580873673
0.0509470374457913
-0.665889262318478
-0.772567747545331
-0.99990630540578
-0.280081791810196
-1.07143851132065
-0.277126297301016
-0.0987357995503204
-1.58596960166117
-0.188896125155559
-0.119575144972804
-1.38404404447703
1.3307801804844
-0.336961881241467
-2.42805758523171
-2.21118859735253
-0.438864335661664
-2.42937437572183
-1.55143883433002
-0.689089032095209
-0.997733512429209
-3.72482693724478
1.11892116312595
0.92904188986539
-2.26988195651831
-1.36378508725429
-0.112267216150015
-0.360878985286817
1.05460094207048
-0.727810846552411
-1.11460582201824
-3.42056055048666
-2.71824906461521
-2.87693956298157
0.0323013791301715
-0.590301113167047
-1.59774700381766
-2.13668240978962
-0.893346819716496
-2.46956389435459
1.50615112407665
-0.485008679199192
-0.0601175192209463
-0.339253534502188
-1.51142120796455
-0.618945480342432
-1.19067924676299
0.865312365224521
-0.710512060176659
1.17058325690713
-0.538842922706885
-1.76496199921112
2.73121822048553
0.156376610976535
-3.61599410711796
-0.213015498085801
-0.0567235299888838
-0.464707509017878
1.52964542411079
0.572597449143548
0.167903814016274
0.910230862903841
-0.582062292755593
-1.5553439347228
0.684217808055528
0.830332297399265
-1.71779615674287
2.01543801286023
0.00780249157447281
-0.950413954992788
3.01879082034235
1.48384036250884
-0.0360906802486639
2.33350947954794
0.319186895091748
-2.27695288414721
-0.240245757156989
-0.0341837539990914
-1.0665037130963
1.43652713633241
2.43185184875094
-0.054012644986357
-0.389835175433262
2.4579616899615
-0.46373398890138
0.224292122617637
-0.114379156422523
-0.841076026460434
0.42048983122933
-0.574564449492958
-0.0334077748860185
0.960119010804833
0.168537699716121
0.473785131577777
-0.1360571182216
0.407649273384636
-0.280526121527542
0.498850498362763
0.299190094443897
-0.984408256561617
-0.0678913859293542
-0.620822749379419
-1.4818983521685
-0.00503678912259898
-0.718642150250768
-0.428996669745906
0.114133479667933
-0.607248844528927
-1.24232820766889
-0.332692851552111
-0.721376893447025
-0.14420305318545
0.325616711182889
-0.465022265533674
-1.22500187915246
0.583428373492564
-0.781130929014779
-0.526881276131457
-1.20621565253413
-2.3741213590854
0.0129086440769164
-1.40584255941095
-1.81639985856213
-1.21251636398302
-0.0585053710952434
-0.0800145328546197
-1.99478617614965
-2.06103668595514
0.704994460215258
-0.0110767074477931
0.22538792754211
-0.733245907728064
0.98032391928161
1.52163056666593
-0.982909425912648
-1.60101346065797
0.816018762212832
-2.29192926962109
0.0649843310165398
0.751128905941955
-1.17615449441367
-0.282338715483468
0.572493742897702
-1.33544607390825
-2.4769264435586
-1.41443001813242
-0.337350358449026
-0.657086218492738
0.161780673180779
-0.231630412162643
-0.113230081752997
0.794045488426865
-0.0488473487915443
-0.037700839524916
0.904819085160002
-1.25895875625461
-0.00754640113934896
0.116684519892169
-1.20719558396498
0.202982790165956
0.996750967854258
0.119959390262285
-2.12946641927486
1.25868499291184
-0.814683435811312
-2.11488545278465
-0.751347535125128
-0.041030755504003
-2.14168147638683
1.79027144757823
0.187523887282014
-1.5925986964764
0.567496746581474
1.37891920846665
-0.832163316095657
-0.698855959677015
0.31600194875902
-0.229955382782044
0.0919249949842281
0.539330433539442
-0.396378668766282
0.832278588882749
0.900247887391926
0.58931708950536
0.0671119857076908
0.500873080805438
-0.984856701425521
0.89760940878342
0.453653506472677
-0.0728914299999608
-1.33007556539707
0.225302310470139
-1.09512192440383
0.815224715899897
0.0581077160709221
-0.297176634361438
0.166603540910321
0.594480968503614
0.297355938917297
-0.334027294791139
1.03515053561357
-1.35142922654985
1.28794402702009
-0.505826868958313
1.11943344403762
-1.60193176382413
-1.52098752122803
-0.674790816265923
0.54362634018119
-1.25870305029315
0.10027399942713
1.05910625228019
0.310989182000563
-0.823062134626963
-0.00447706178825346
-1.06481643905045
0.155097408759866
2.40808860620229
0.614906448402886
-0.438311423631847
0.313974836613133
-0.357889435461961
-0.695789399230494
0.396664701391294
-1.13646247770163
0.13360086098335
0.984063439874094
-0.495829317604237
-2.20676073678655
0.000714166475462975
0.74152377969698
-0.451276348717691
-0.492439148986081
-0.0363321641568792
-1.71632962655651
0.589503772587759
0.253299545365109
0.653848150106446
-0.0460733989811956
0.924291145973923
-1.98932579675965
-0.467076087509374
-0.161409965565401
-0.0391786239735677
-0.610546990280182
-1.72844217422047
-0.432765339947519
-0.275681592941494
0.0998973131343135
-2.17695950021036
3.06499957254059
0.463096341005249
-1.23845993900455
-1.59805086882013
-0.98186167417843
-2.79876660883237
-1.16961579005269
0.0962010453358963
-0.0315889448121471
0.747453383219786
-0.943556271975647
-0.530218253028704
1.54069204135291
-0.792826272149519
-0.819872490522765
0.0351472367598584
0.194362630277158
-0.409336192504059
-0.648363225454263
-0.177759506259087
-0.18208733423338
0.305575446852569
-1.18942746409931
-0.52995599518678
0.313460168443174
-0.18438583960028
-1.27997624766907
1.45989399023651
1.2959979231229
0.499013989256729
0.188937165948655
1.18044244231853
-0.82274349364193
-1.06146845033401
0.168518080536861
-1.60958893622433
0.223905600884869
-0.686600043052894
-1.69369876557702
0.285959738934729
1.0049669247503
-1.91543033069012
0.0572239901034722
0.845418705837747
-1.81904852739336
-1.07485057184602
1.09652579108229
-0.583975888768969
0.681161009488021
0.218472390763012
-0.344616792490185
0.700597856520146
-0.206819176514127
-0.191249009980707
-0.258695924347193
0.667353946696509
-0.695050740496689
0.516391694857985
0.424049849712807
-0.644493572529719
0.587723112312066
0.443904318329045
-0.985332273187992
1.37403755244322
-0.653187417200658
-0.688862840203525
0.838264519436753
-0.767955929222411
0.301449297813511
0.219795893664067
0.510238763370339
-1.34983485054431
0.984972656898025
-0.617362282011262
-0.75791011503641
0.538236925619003
-0.762564145339456
-0.434800905626563
0.757635258751706
-0.707698008062709
-0.202858684900689
0.7557792363905
-0.473747393450307
-0.196299551718051
0.138470506553817
-0.298266617749786
-1.11674931698851
0.732950350050051
-0.193776258933105
0.142294752466272
-0.175307060949264
0.616299185549848
0.19493750521257
0.260382137544887
-0.436549849002761
0.18381606843984
-0.740587778170175
-0.530473729543486
-1.21678254363124
0.445450828611041
0.443845078218576
0.231735741145622
-0.466995945306723
-0.290892577164957
0.130336632371031
-0.780562444525994
-0.594879193022026
0.205338496967705
-0.724792356095953
-0.310610109994359
0.10397824329405
0.774468668340279
-1.24858969888997
1.39960678754712
-0.584077415428038
-1.14769624197789
0.696318293586719
-0.477642198824645
-0.881550014037171
-0.392000469665875
2.97108348714681
-0.689124683562503
2.98367306577377
0.980389504615679
-1.85738715511749
0.318204336439466
0.285028865001922
-1.8042775841859
0.791862141414555
0.871532478370672
-2.35165189072476
0.296673161488804
0.823871907510773
-1.36382875591857
0.437588804057437
0.22819868014643
-0.483820068588941
0.109133266569199
-0.324957620192704
-0.110287416835099
0.26363654228057
1.29518857061761
0.00633235870285786
0.391406777849478
-0.747908798985703
0.818050961026664
0.00967363558234008
0.109383147977224
0.0368271520969788
0.571604960973833
-0.617295624448809
0.0754161849248021
0.208208926366122
0.234483971852745
1.0995136087325
0.0431440259720533
-0.00101681367109176
-0.0140867192995941
-4.34288195024949
-0.903668008249558
-3.16048892539778
-5.37531989752771
-1.83135189381905
-6.96977943240064
0.333745771968792
-0.236822608728953
0.781929081672456
-0.65444638696127
1.96606888745795
-0.781503346173428
0.901148549816131
-0.0468658792022353
-1.0929189227902
-0.367467830423578
0.179407196164598
-0.0236827973074245
1.26331780648827
-1.66633470366015
-1.31701734721075
0.625951991135693
-0.705094174241754
-0.745500778752391
-0.0238991020821252
0.0117004279350168
1.21705357016258
-0.899580007226677
-0.138980567185975
0.31247528369663
0.0922606142285814
0.0579511832121257
0.283732015735533
0.0475638351001562
0.864294508764561
-0.0770446823325738
0.530762548083708
0.433025476094094
0.356405264035995
0.896927673104439
0.114022205696852
0.266479594388377
-0.00138866542236191
0.696763671854067
0.781340770143784
0.508618090885792
-0.162820261495573
-0.550212186754721
-0.556350198998532
-0.622617362452521
0.276023547244768
1.05993794138358
-0.657675973808741
0.139470300902794
0.440266214901883
-0.558936229989736
-0.363551176409494
0.19952146104335
-0.539150784672007
-0.184533800020186
0.537155647043611
-1.18524382600554
-0.720572678181339
0.296982614235053
-0.531649803858861
-0.189755339665569
0.317679865297605
-0.560641310586495
-1.0346710741425
0.653331631285999
-0.731481235069306
0.711635968799277
0.639309234671883
-0.995546569211953
-0.946260647748829
0.195965432800762
-0.78952278855605
-0.74143261555135
-0.0240953711600664
-2.18985873627269
-0.466691027695745
1.05657242637451
0.445384861475538
-1.01255200585874
0.316905982990732
1.76333018177842
-0.0578055393437937
1.22106468548629
0.134861827447039
-1.32808939020788
0.795488413831426
-0.83425273120583
-1.40600621297727
1.27604803353581
0.225700589558731
-0.604610396080534
1.19379080280085
1.2103914063187
-0.100759952308528
1.78754896640568
-0.10163570838055
-0.614710585303986
0.0475340113211669
-0.729100941462348
-2.78822317658121
0.343917821278271
1.02466354291412
0.16170328564637
0.362122390349823
0.456869740782207
0.0346230619933176
0.303193165006863
0.45261732070262
0.212003838453017
0.639071568423717
1.27408844811364
-0.0503574380532386
0.255074353875102
0.77622865587835
-3.73089472840476
0.824980998397708
-0.288954082600252
0.567264113422961
-1.39401944370779
-0.758332874148847
-1.2676316030302
-0.179377198782269
1.62954673225476
-0.174920115016536
0.452238652852585
0.956217862244018
-0.60798063398856
-0.568796105283954
-0.259083953291686
-0.16918431447507
0.327590549504783
0.343664772239776
1.57909422725316
-0.14240576253961
-1.41659322429216
-1.70431059446786
0.0292606339669816
-0.291739017466189
0.183984247702318
0.471631207215943
-0.0865227177905971
-0.354089517351216
0.524306961162528
-0.222251958528618
1.38255757410541
-0.205789602592793
0.377169302183718
1.18381373886887
0.559408174373094
-0.284233137617316
0.76641596782302
0.728944143879063
0.374957104699544
-0.755092694590696
0.831969525957415
-0.826279708238029
1.03482473159255
-0.682233776074037
-0.941607869326769
0.663838775203107
0.507963827755727
0.0379948216325774
-0.302933825464738
0.508175186422885
-0.694483813209528
-0.564909659420556
0.798542122003969
0.248979215303642
0.0433350293460488
1.74374922691304
0.0161212584290627
-1.58171507093385
0.0975140184460323
-0.581249984577159
-0.159340217138694
-0.309013544374014
0.293944509815051
-0.148206663757843
1.69048542786352
-0.428764832962905
0.0468863915645453
0.333990006388816
-0.0987306742191383
0.0216554630306047
-1.275179220562
-1.00078797145839
0.391696680436921
0.474287944177247
-0.461793675935704
1.08293870341112
-2.75072443544646
-0.0444186814103586
-0.0929542636247848
1.31545015094476
-3.29993217520589
1.61174917005618
0.0634473172637083
-1.47949874589126
-0.722203322854075
1.24505245926539
1.35905974100421
-1.79214295903635
-0.201177547827461
-0.0140379870562361
0.547094726658501
0.162076688453381
0.241261325564884
-0.147489767980218
0.860363440282638
0.434261111075452
0.0186395910979755
-1.93760383605157
-0.993051231809425
0.111339775841814
-1.3180409088869
0.106842767275029
-0.0403480544307721
-0.466019301490569
-0.0298448102869093
0.41960489938593
0.0532633642955689
0.442959823697725
-0.90432303864843
1.12994340554338
0.577742406056662
0.123715171905499
-0.292414083799897
0.63563884880396
0.13388098214539
-0.0836125564787954
-0.196458420141897
0.386916157750963
-0.33191981815021
1.29538687549695
-0.399725073564739
-0.571163473886995
1.84801118005456
-0.50263126554277
-1.20046989629686
1.27370370330489
-0.83232901398017
-0.160178065469559
1.16107155948243
-0.0357053323312061
1.6428546899846
2.04504620925759
-0.214388539693043
0.687706459471286
-1.45683987101205
-0.229834947834543
0.759052360877311
-0.140788600074258
0.394256523823842
-2.50963413888827
1.59537149732785
0.228754504846585
0.440713719243306
-1.65430745219087
-0.024972737510842
-0.00568737214783021
-0.599090708537476
0.813109486868553
-0.5937280663151
-1.23460037720639
0.0239834821289956
-1.47434428877025
-1.39170599052259
2.13275038364247
0.297987943513332
-2.47132010476453
1.56024702125152
0.0709838746192751
-0.325470466682811
0.281090624668144
-0.376664993674616
-0.224514124809236
-0.141634592987462
1.54025089143638
-0.823626493366986
-0.637604491517983
0.0380587128050922
-0.136630979228049
-0.185095196671599
-0.298025068025897
-0.757527356124548
-0.400787877490098
0.171230565603089
-0.0274914927541432
-0.858495653606432
2.00239607579246
-0.892011273989839
-1.3119604704768
0.889693936599041
-0.853115482539264
0.851502685147911
-0.715860530370033
-0.0577482299446332
1.06252068445422
0.303878511906833
-0.157813909557357
0.740918076824926
-0.242616424787659
-0.775951145940884
-0.00170367955829778
-0.248839143795576
-1.76113664316257
0.0361444850197402
0.188222688316151
1.0884930981173
-0.991806325556724
-0.769310873618513
-0.718928434833889
0.668874805202291
0.140389824109548
-0.642700749674213
0.788151821929792
0.597805521182412
0.12308986375998
-0.643322157285533
0.675864888059109
0.0755240071090553
-0.13165776349845
0.345511398753559
0.0338954910951809
-0.336677799905279
0.905733165797969
0.639841789939729
-0.554472751432227
-1.47521262355481
-1.45043254020402
0.33853592704511
-0.349643651211915
-0.983766891809388
-1.32932205960054
0.0976253179391676
-0.596666702341013
-0.447617795590175
0.699603393279941
-0.808871573501475
-0.619539911659276
1.24058225493223
-2.15071946866271
-0.491550721288718
-2.73453006146786
0.298886484394358
-0.856937260149316
0.15813451161478
-1.22281209207863
-0.521686423998724
0.0797623524425746
-3.43865217436503
2.02516475619887
-2.04417787625857
-1.13276440845933
2.4367402955084
-0.54596538753114
-0.428464052818491
0.969549263634671
-0.00360855585084575
1.17963706370301
0.693369180498903
-0.037343779076262
-1.97473361469571
2.50951148356563
-0.355638590238759
0.879206049027799
0.691339765495095
-0.300467172050237
-1.48889447397814
0.505452134402349
0.0968359831420428
0.259891862656265
0.535047417318001
0.348109391152653
-0.423661792642177
0.535553944846631
-0.825171026937634
-1.44326537518544
-1.13885770489549
0.222897988639421
-2.24982722767481
0.950573738610592
1.05923379487397
-2.12634186597605
-0.317459766265255
1.76189104041247
-1.7328213253087
-0.312894345621859
-0.985685705485804
-0.27210355092275
-3.47806877117871
0.374134236258909
0.175375291038104
0.676017487029748
0.134831812098674
-0.687479109335214
0.541978188149233
-0.0863226276205023
-0.279557315409285
-0.780135846504723
-0.0311741810632792
-0.987317785836121
1.99259737997176
0.170982558253778
0.0124133509569651
1.07145259935579
-0.496544996848084
-0.917465383363127
0.48581338043078
0.968281413610884
-0.0194986461826223
1.2719903033383
0.120075185985045
-0.680042493412482
0.862315535739777
0.145783659549429
-0.622957471576245
1.01534117776309
-0.749097169380118
-1.84826744153953
1.77891084660135
0.890222010899718
-0.849005094860819
0.426197304423244
-1.14761915154869
-0.648402106207225
0.751241361192496
-0.514249282992081
-1.52131718329635
1.1227999468389
-1.0170341444129
-1.53461167463111
1.25450213183262
-0.418840779542942
-0.644994128306813
0.770836535826789
-1.55098907331662
-0.942575151877864
0.243931876813057
1.00856328855748
-0.0257984434845143
-0.218230851720518
-1.71505701285222
-1.44059739365352
0.075991577244648
-0.0253053637012794
-0.575643830692767
2.57021727534878
0.855150106961819
-0.788119716838606
0.114141040823916
1.07649422924287
-2.59531737877565
0.248246126229148
-0.793598732327313
-2.47834726974279
2.13016497938892
0.982971123006157
-0.553301859960223
0.128986092001961
2.11494916775073
-2.06449291597175
0.235413653455471
1.15675249646264
1.64267813429535
2.46056607786783
0.33437343525407
-5.02619161680536
-2.11706512098504
-1.00399892517354
-1.00673699835143
-0.231524751133113
-0.17755844941876
-0.318277406720965
1.27959231343217
0.621575299387459
0.450897273382144
0.990858301037298
0.0584975614877846
0.735109515121283
0.6960533226749
-0.0123600145646955
0.448243649439642
0.175490752739987
0.711056213898738
1.46951909819291
0.725218336575601
1.32879687144436
0.085788264636101
1.98368156181168
0.210287901555221
0.685874909507882
1.53622150180155
1.39223956102719
1.99229538256463
-0.0519860732039455
0.93127627174905
-1.61027457410906
-0.177551686421545
0.872097385172396
0.474735313611503
1.88529291370188
0.606368680718357
1.97473723462076
0.367771335773602
0.951149384621795
-0.105284510377884
1.1738430261699
0.595099545073033
0.231653183689176
1.56131981288945
0.876849555253229
-1.59180518258181
-0.161420531698341
0.713086244931122
-0.0135942232682063
0.175926734172057
0.429945466817282
-0.250055290602237
0.275502524105409
-0.0426812805349376
0.107207951261632
-0.319508379878041
0.337109275654333
-0.912630025564469
0.103276580752258
-0.631146239050621
-0.876158362787689
-0.340257897746777
0.285201547374811
-0.888664113536742
0.334175235894996
-0.592674606909401
-2.06109329275382
-0.151103424248372
-1.27709891325932
-1.06154288180421
3.72908069265892
0.662077359617541
0.13730224501034
-0.0943406182715504
0.711166052882047
1.01274197145923
4.09626868307119
-1.207982690251
-0.934149067647976
-0.049033739936271
1.24969243324211
-1.77882391289444
0.0618727333425194
-0.502892007020765
-0.448274166863137
0.811206874239141
-0.624341567872538
0.914356444607525
0.186569412471144
-1.09966360790211
-0.867248755712378
1.59263359562453
-0.822091638940157
-2.67973203405006
2.69307371098574
-0.329939765952011
-2.89912154327987
2.39411534756717
0.474939342865623
0.24192896829351
0.833915805212072
-1.20121031733464
-2.86797796531724
2.29608257231763
1.01484152039742
-2.63152689334388
0.204515192348181
-2.14259667511288
-3.4137221684609
-1.15528397077577
-3.124338812847
-3.30701980086745
-0.648734717182564
0.213173038259137
-0.0102008612055751
1.47353536164659
1.91433282776091
-0.971925705339687
1.67887528895119
-1.80012053960451
-1.85478886942643
-0.151243079549738
-1.34866256188944
-2.2916263904553
1.21796733273814
1.96829810071807
1.25115556491285
1.16546062292526
0.623283355688047
0.25097348548734
0.69428036545764
1.30964409785248
0.0133832044559696
0.577668223464966
3.54088288750196
-0.376993073963983
2.38970664764235
1.24907731481111
0.53556141406637
1.46963226303912
0.81115846075242
1.29560111081217
-0.411486222242663
0.263648901688165
0.588672793516024
1.28403996464539
0.366618857398525
1.3113443913564
-0.172660631524228
-1.45766949080682
0.4619239665208
3.02968898740532
0.125521747278735
0.875771405466361
-0.98678986164982
-0.768000837065494
1.31329130965309
2.66599576205543
-0.31676970146533
1.6809245706906
-0.419947888670659
-0.366866909625056
1.26600847844778
-1.55260228248959
0.772157737074874
0.416520481487304
-0.129464259468661
-0.446968095499028
-0.627139660823066
-0.171033328086985
-0.259786553060678
0.36803251475329
-0.678041338963923
-0.467490334210444
-1.04307363651988
0.321953209190299
0.340044732660257
-0.274659899780265
-1.34527428749554
0.375194498983833
-1.11974650205419
-0.438821867649473
-0.286203815478403
-1.00468304628509
-0.280879362248259
0.702746169124646
-1.2183235845907
0.364434527413883
-0.376499101957718
-0.283107966653531
-0.357274341897008
-0.0390712521435827
0.522680594728711
-0.224440802925507
-0.391876024995631
-1.52124004793014
-0.937537505315957
0.193352934862554
-0.243051182567758
-0.428959361626762
0.155660794484649
0.480594797454616
0.209038838157586
-0.265085702110038
0.114512237051031
-0.546675957799345
-0.963177013995108
-1.07642122760489
-0.0363531330916218
1.22190892678964
2.78227712939287
2.89505028629725
-1.24453652641833
-2.00057545440853
0.632952272365187
-0.198240166471377
2.54206324988228
-1.41472469651743
-0.188307475934722
3.98940239117777
1.04826065128809
-2.45415101381597
-2.09755524119195
-1.58605649932621
-1.11496611588996
-1.50520768047877
-0.509261867137556
-2.72774761702948
-3.26311318958808
1.41748235077308
-3.15435206916583
-2.01259958981296
-0.128383140853108
-4.23382731392828
-2.0469202518093
-2.31814454688329
-1.40923484068264
0.198855419667919
-0.03149795150971
-3.96677758847896
-1.67198290138925
-1.66903509000054
-0.672729951598856
-1.17084298071646
-0.808702644183877
-0.297199481785261
-2.72400917849061
0.972260774393343
-1.18924336308015
1.64661290787525
0.131905588900458
-0.24331880097275
0.986742701835357
-0.453596060256996
0.454273518962788
-0.0766919425851977
-0.212011620357975
-1.0274992143708
1.77685651332147
0.221763193330383
-0.674040060533551
3.5484424800552
1.38202265694545
-1.40448938112803
0.95653240900081
-0.835234631624754
-1.4164664536743
0.220313383921796
1.38633577256478
-0.480885448870204
1.04426521088095
1.19470230418854
-0.281604370150523
-0.112883337062983
0.831522004343039
-0.98091553143276
0.140396863905021
-0.0595191643417672
-1.14160776386383
-1.12419954312125
0.761308449800929
-0.776623361692507
0.526480787620209
0.111400850849728
-0.18797463290056
-1.71596548379821
0.790840799193625
1.02666441937965
-0.0939101774379509
0.585262132754179
0.950024066988348
-0.719606683989707
-0.0661862976211769
0.250591043394946
-1.08608011223986
0.257803327482386
-1.65313271319432
-1.78171248180334
-0.248532258318793
-1.218052171364
1.85219378279377
0.0288944350291548
-1.07945216893225
-1.33675941160618
-0.0339107713779101
0.170583747033392
-0.656318776868624
0.149235386599763
-2.07219853314036
-0.414902865322907
-0.76162989780869
-1.28079684919871
0.468959792360445
-0.698804608598228
-0.0690162225692909
-2.37894204748213
-1.58414582979195
-0.0224694884422402
-0.295307521836481
-0.532265969475361
-0.622276887332184
-0.234923462191862
-1.29255231218593
-0.813618159331899
-0.745915327248422
-1.05517335256399
-0.906807914285961
-0.0744656908647934
-1.45422908334225
-3.08732994198436
0.780257392484517
0.0155459099812336
-2.27848187957521
-2.66552886209895
-1.8231694277363
0.202241754426057
0.0208975392709025
-2.94409804492102
2.01184166642064
2.02178278907575
1.48756016974157
-1.46302279596608
0.739612705545238
-0.750204187043941
-1.44478002547987
-2.85830332426884
0.267047647516362
-1.57086143058264
-2.28800050000826
0.603127031188302
-0.932560773466039
4.38785375860801
-0.233474902362882
-2.01291933780975
-2.51666416256292
-1.03862813162374
-2.29197823937307
-0.683887965665254
-0.324502122289691
-1.7267210078815
-0.643315814568
-0.893903130495954
-3.81296536755844
-0.718128125753541
-1.1003779662209
-1.83254415428504
-0.868281358188525
-0.956409605116105
-1.26328133208325
0.748247903468677
-0.441652077835003
-1.77590988532284
0.829082973853318
0.614427633926925
-1.47801515545359
-0.23226527133711
0.554393828371424
-0.530879958455951
1.44811178820178
0.272045721122927
-0.594870234226642
0.409536481601877
-2.23771102856826
0.584593495610046
-0.7998987568277
1.20889703694726
-1.43067415716335
-0.316275146913243
2.81831831563505
-0.0196213387932683
-0.441435132880959
0.389282446710314
-0.533255460684178
0.305008168138283
0.404811213854858
-1.67031929603757
1.59984843839579
0.903672329725834
-0.838493852594994
0.0436283255247697
5.0957251630994
-0.603940009862813
0.0684710468442321
0.260087249092047
-0.84017252319253
0.181046918757597
-0.263275466231156
-0.362587022340991
-0.0311524997432089
-0.462442168451767
0.794167542901618
-1.27085076107173
-0.707623168696801
0.138743948966059
-0.0893247848030591
0.320880676753119
0.157039831758698
-1.73194569115106
-0.672134337964185
-0.62025349415229
-0.0463318036284971
-0.800031915611969
0.00308247799405184
1.50306973432837
-1.13360446809832
-0.562257934526247
-0.0640201593548697
-2.36294393263541
-1.18185931965911
-1.58911683873591
-1.05322241962157
-0.127763315524661
-0.487793870361181
-1.1898619341941
-2.0995048892021
-2.103110719808
-0.417106534617518
-3.3664026736193
-0.669765336000416
2.7763345789504
-0.53196850978504
-1.46989521645165
-0.286866737804779
-1.22541472012142
2.70441549191827
-0.949190379025715
-0.967024920774436
-0.963192713302466
-1.34139124631611
-2.91650362528889
1.49073403085764
-1.66016281726326
0.332787071814022
-2.41109821043388
-0.98645623146882
-3.02522098895645
-2.20903658273674
-1.27331598085402
-0.821786618186286
-2.3638522666599
0.975025960687096
-2.50730611953715
-0.757870423252967
-1.68454554798601
-3.71807974300921
-2.73977115692388
-0.756001221117901
-2.30202240337968
-0.58999198471045
-2.03411083988418
-2.1771904423122
2.64205337040569
-1.36345390121794
0.186823935891749
-1.830424118105
1.51901603686162
-3.20630940313593
-1.38895208067995
-1.69802091211154
-2.78221623781961
-1.90170159627881
-1.4266323073127
2.12820490375023
2.09352190975849
2.57060320210558
-1.21968193200818
-0.197075235001649
1.40768127518404
2.25904585592551
0.942019755429573
-0.409460736696366
-0.237170210525757
-0.508775120283649
0.687779028423811
-1.5078969482367
1.88770020960914
0.574963982942583
0.0680940159292553
1.47772188035456
-0.111947295232207
2.18264658080868
-0.979504741379816
2.37019687990272
-0.957604979908446
1.77700817574092
0.0476152326197796
0.170779535243629
0.337830820641251
0.534906636086422
0.337004353692667
1.27039820803259
2.53132458929229
0.154721197859539
-0.635190948590355
2.60506668862136
-0.58302681613215
-0.0202931287679507
0.219616204152297
0.246829782382788
-1.05378466417246
0.121935228150161
0.141904342086535
-1.30658774495733
1.07894648141644
-0.399077205583422
0.496723107207793
-0.107389133003873
-0.626336975830159
0.689320358100204
-1.04875488093723
-1.43463321125748
-0.480521875792371
1.40029547143618
-0.974845652889606
1.51118375016986
-1.56887208758016
0.0688875865453959
-1.86410935592749
0.654944123439106
-0.570477622955006
0.852976126570687
-1.41391162296732
-0.959834202380155
-1.67401940540076
0.39775471148279
-0.439357600383794
-0.805385156605272
-0.747703457723868
-0.763917286689619
-2.07366399429897
-2.55987340871051
-1.28130997757738
-0.232812954748354
0.375515452355284
-0.492433364889461
-2.54813336952722
-0.233863286105217
-2.29135747686821
1.17320185980017
-1.42845464181189
-1.26016474197977
-0.190793373563577
1.35170573104547
-0.769904237633126
0.542331890310288
0.108853181452946
-1.42458774992689
-0.329721965177266
0.279151283200204
-1.04709843942215
1.73820822388686
-1.66833590749573
-1.68591004219857
-0.181997934257112
0.791587868213451
-1.45251397378693
-0.027718964249554
-1.32570039300421
-1.53924773894544
-0.820883144653646
-0.313958080998907
0.211947191605243
-0.127280261797674
-0.371180636319035
-2.56205788337191
-1.44971254119423
-1.20380717580733
-2.16838220227582
-0.794909458087227
-0.0416718607905043
-0.71110687605853
-0.631016305914105
-0.370672749840315
-2.67937996027865
-2.08682241664425
-1.83579322357114
0.456349624340541
-1.63205806074615
0.12090265390208
-1.11372185138021
-0.970531206114011
1.66560031517214
-1.08072416549055
-2.56603751101493
0.993549229793299
-1.51038619712139
-0.358927481535531
0.878073250305596
-0.912607951073285
0.81157880702595
-1.60943127068261
0.274762134027226
-0.559905809118036
-0.165256989306742
0.0852917851078292
-0.810239967652582
-0.254809903517986
-1.29235298078329
0.0344057442564993
0.387433429170714
0.379269018786908
-0.35676416019807
0.710484612779711
0.12797982679745
0.643207148791733
-1.54793667853009
0.82771226627277
-1.69141911033964
1.85911910199703
0.700213348058133
-0.458401241176837
-0.387797174515918
-1.35996393757193
1.40097850645804
0.0589761938163394
-0.349956525997744
0.018104974674037
-0.91387609206904
-1.19274818617169
-0.422647273684227
-0.722036750234765
-0.0743806911405108
0.201091347527207
-0.433193789282804
-0.0243538468219011
0.0991477959160632
-0.393491494807233
0.224088555064646
-0.14082617482158
-0.224908765365629
-0.40029312021278
0.728526314145609
-0.516000422102729
-1.11413531927796
0.872584819622118
-0.563714786067847
-0.833288318688409
-0.491521531976407
-1.55400891888741
-0.577358254656438
1.4228502738492
-0.894562849874916
-0.617493043296961
-0.338811415953043
-0.813296967282292
-1.24164627904757
0.463522485092561
0.266997828217517
-1.64049678906293
0.739491614158026
-0.803345440407945
0.144642339216183
-0.651074741585135
0.239329816980284
0.0307703625722704
1.07640279699922
-0.849789808846196
-2.18504734037246
-0.75521373535364
0.492328226326075
-1.16229623960242
-1.49030026871751
-0.528567416214095
0.520883682358872
-0.827515045981845
-0.121075606050513
0.694947399349928
-2.93426802325453
0.366999930038543
0.934192886753807
0.0662517195131368
-1.90199341593012
0.940044482596427
1.2287302225697
-1.06220136768673
0.475782721894864
0.678394972020817
0.126035579677469
0.27715379315931
0.776904300087528
-0.3510190572903
0.0742774795224274
1.02342534507949
-1.54078059222417
1.18034302945456
-0.105358895943552
-0.590250154077067
0.703791186254602
-0.299417991860032
-0.00426247392513788
0.298654659183894
0.758949160746499
-0.498967023140211
0.378020304735273
0.071290585919345
-0.246335961098058
0.669410032369769
0.335884439381403
-1.21493393858295
-0.373320671334439
0.708400482054051
0.184791707180911
-1.09441076427572
-0.327163848306628
-0.180191432309718
0.698099984410263
0.644580115153668
1.55498649856824
0.560212265782215
-0.761879469514797
0.468919639048283
-0.591957986823789
-0.569155592898729
-0.855709758717384
-0.15645054707999
-0.693477325895777
-0.941574479369375
0.0482726612446079
-0.479084749822296
-0.500948175234807
0.263866694860366
-0.394663763464044
0.114390399119335
-0.431999757909757
-0.767339369190002
-0.483048426439524
-0.88894778857168
-1.74238985774329
-0.376202043403534
-0.116193182352551
0.321591116090921
-0.79889054030855
-0.354015455533469
0.183689272912308
0.346354507633254
0.499282336455136
-0.719066225543384
1.46744498245701
-0.506331077158475
-0.971641779452623
1.15761600259665
0.853158185653507
0.255466911064311
0.199762117116321
0.251857698551256
0.507553762285117
-0.601652105390257
-0.773481120639537
-1.15434284916294
-0.79934729586042
-1.41118822948581
-1.34310929286275
1.39631031169814
0.534212086122858
-0.732952252437921
-0.0173205755411134
-0.368770393121021
-1.07718963673894
1.00480515620531
0.19749391657179
-0.139116915278144
-0.333835849293716
-0.0908767221319967
0.141137673774505
-0.958542543583058
0.657856467617675
-0.109732423194555
-0.438327673126377
-0.281765098318344
-1.28541078755668
-4.18623148980443
0.157762126472573
-0.121009988412667
-0.25132771076422
1.07061237342066
-0.148895918118259
-0.369343746008009
0.132239614481231
-0.349447943480712
0.0517746038909076
-0.536456355522704
-1.61430659330565
0.313761222637679
1.02175026721621
-0.58611014911058
-2.30094668715111
1.38057141199655
-0.513947787415956
0.744155191752777
-0.777785006210517
-2.25116541973814
-2.40310076036292
0.543218303247172
-0.160851537139009
-0.740828832182129
0.143322072247464
1.2367688599372
1.17779298935203
1.29230560409288
0.802440574462461
0.455434012318637
1.0036386750351
0.909506691514141
-0.123609615589053
-0.734732597410946
1.30997582040687
1.8759262917494
-0.490526060702336
-0.79711393504859
-0.540162564562021
0.583476873389869
-0.200756527599469
1.46789362987069
0.360654807304864
0.599463355462576
-0.126486829219802
-0.159828984473794
-0.17456848415367
-0.062928556113638
0.600840830188452
0.788291175941227
0.342670953029144
-1.67245082156506
0.628573024911635
-1.21909641461636
-0.681281423698868
1.19799637710722
0.637498996700448
0.127304643237626
-0.711890088534697
0.0127284981009608
0.288390118783128
0.32884921089373
0.71132641018011
0.55742495626355
0.0711454517530278
-1.18836458988391
-0.442675630131868
2.01397673737106
-0.369363533927091
-0.290483629817158
-1.00258406209865
0.417540252645129
2.62221386802814
-1.3392315137452
0.920632707565213
0.144366081235855
-1.48530854298485
0.259759053277492
-0.386224100802873
-0.258992003768365
1.0418438911125
-0.242384845668888
-1.12916965241918
0.468080310401302
0.0163537168132091
-0.068353814015906
1.46594623867411
-0.166472616499768
-1.08265906114195
2.05655908001533
0.794834557555264
1.10161188219494
0.379473808578259
0.927468843405833
-0.264126915071186
1.83203846202336
0.761494340564382
-0.418071535125411
-0.549878672198283
0.985006332164752
1.22000371431054
-1.5089549208434
0.468977378865754
-0.336886538155909
-0.329320698506932
-0.156682508119268
0.393743023105708
-0.403861551057685
1.54283926050065
-0.773071700717495
-0.5796987173138
3.11776805099258
-0.859063126067032
0.194368825169035
0.653983020301386
-0.36398133512906
0.173778692734938
2.5060547121321
-1.1049643671892
-1.47132206218054
0.497487223732927
-1.07004637756869
-0.99512846122605
0.601574944008404
0.209348628252064
-0.15652577378331
1.08632315908056
-0.751954958018098
-0.532216874979476
0.339406600733089
-0.555563689696541
1.92940319280673
1.35287970959058
-2.71195230640664
1.10948514957737
0.643948247403562
1.06586057893941
0.404563886289201
-0.124172179123502
-0.221203605277542
-0.307220787143194
0.141562180953959
0.92048660207165
-0.112261410001985
-0.755384820266217
0.138263935355649
1.04155781792224
-0.393625273795464
0.0259629807183515
0.213205608608648
-0.357618654847145
-0.193768327971093
-0.833895601410612
-0.826269308921116
-1.46891491906968
-0.0263098254696008
-1.05369002458517
-0.87514109629466
-0.298195275130284
1.74523296263904
-0.0100539994825789
-1.70088551865025
0.062665575941086
-1.86905315404805
0.339562914558468
-0.587055439728445
-0.899560346756498
-1.08886843320558
-2.8230186764798
-1.36100483819291
-0.739139027333898
-0.0509639278570293
-0.795307775982984
-0.160541350964019
0.763925460382354
1.64552467738316
0.232704306141602
0.766492154682614
-0.808616122127359
-1.44040528637818
0.872228752138332
0.462809644139825
-0.592930218940403
-0.406598147444628
-0.277496439719385
0.541766788136758
1.46838962834615
0.0700087816542635
-1.98213172264523
-0.315512333062233
-1.83655285986381
0.191783991307192
-1.97196740338735
-1.08917462395559
0.658939021000886
-2.29271106880072
1.96849961390217
0.122963742065255
1.67895565661245
0.245357024569903
4.0712425303841
2.08691420070727
-0.98235121877753
1.2621158633246
2.52105176264122
-0.0729081673145849
0.0294434252858054
0.264384396946744
-1.1377824914686
0.20953136801724
0.0124109317766473
-0.694775878266351
0.584709028224884
-1.93955646234576
-0.110416029562141
0.572416060833537
-0.539503715765533
-0.472944459239005
0.842769690627966
1.19725631373823
0.902308220868009
0.231320262794704
0.414895503896338
-0.964002392388543
1.51028950776807
0.94764438156458
-0.41682594168689
-1.34866725327993
1.16232193283904
-0.603394029217981
0.00624592648182691
1.10270103269192
-0.805400727573187
0.252500285502538
0.921112132276705
0.823490973711146
-0.558033135583929
0.146663042155846
-0.914888233130196
0.254909875643555
0.546774906691031
-0.434741197464851
0.73226809155927
0.536614099336176
1.24494741876013
1.77686590595073
1.21733385984217
-0.79401077129844
-0.104675319643661
2.47783700644167
-4.62703599492715
4.76373760220369
-0.668681410550533
-3.02185761583499
0.645034920481477
-0.627742308700147
0.305810954782847
1.66074604678961
-0.478136427585459
0.633677051937385
-0.281580438606911
0.0732368289711128
-0.552316444154119
-1.16506006919284
0.967827593738237
0.751952347069081
-1.13652866261897
-1.20350791227477
-1.85249333665994
-1.7070370704105
-0.818045576848639
0.521441169438555
-0.587319331669783
0.852860581375075
-0.404622629018314
0.631342507730413
0.380506092606705
-0.0219275470422871
2.21934841871238
0.0672624535471032
-0.665179677138403
-0.462618218358805
-0.737811630741876
-0.178201303501212
1.84071518321111
0.0552793274577609
-0.280936133013494
-0.863678661558349
-1.62101627351418
0.378295520385649
0.022521620630518
1.78346142225852
-0.511346939204553
1.09636019754288
-1.68763515734464
-3.8751147974296
1.02084111037753
0.597422774166806
-1.00332246248033
1.91416780008687
-0.090856257507946
0.72916256820661
0.8557458041102
-1.27050306923097
1.96124008283313
-0.0345479053006274
0.568730385135669
-2.13125256103987
-0.202519640201337
-0.0308410396666509
-1.93612716337604
-1.60685840217193
-0.145866409522284
-1.78338105961036
-0.583241628199037
0.179279662508256
-1.90184436929338
0.906509018331116
0.443823962248043
-3.05479868914808
-0.64694888729107
-0.0838462858502978
-0.231818023141075
0.684191705289536
0.855749187599125
-2.89905254585042
0.543551215729475
-0.0518868999934302
-1.18391302434996
0.0469347523881902
0.807199991670646
-1.36622256395549
0.106711394765918
-0.0258595628811587
-0.699648477212997
0.380617920448607
0.57170775268524
-0.245258772907234
-0.912370016041826
-0.520102839150415
-1.55004339840431
-1.19395277437341
1.84891301376739
-0.660516049438205
0.626408930196262
-0.0666875203712252
0.311374044778098
1.16124226333395
-0.41494518718057
-0.422221226184023
0.684664657433859
0.838485250418511
-0.636968527280992
0.348984869811635
0.224796843211732
-1.63347561794384
1.22907193190059
0.590089287769865
-1.04017710906331
0.464012971243357
0.522576507982722
-1.47980426739894
1.32792546535918
0.145983595891255
-1.00562177101768
0.48475277475123
1.35288279709596
-0.530133143347781
0.650545607520216
-0.0578815322618882
-0.263368981682985
0.272163541104884
0.23971039154647
-1.16366498404669
1.03956604868554
-0.191791900599
-1.09403797208476
0.867347773682717
1.53092986983044
0.349691912159284
0.768777696764071
0.0149375349815828
-0.627851497657807
-0.174579522721532
-0.75067793356077
-2.5388832730126
2.38468803050231
-0.47189586818592
-1.41887595136636
0.448265679986488
-0.251886281527584
-2.20069519755205
-0.258746493493906
0.557181348258096
-0.378751823240746
0.311807533368693
0.163045511096721
-1.64779860340283
2.84896978714495
-0.376621283528367
-1.59570979611478
0.949877732368637
1.14124266005341
-1.63118748690137
0.867614270748007
0.454591764135959
-1.13814556425036
1.80915036174913
0.525923065153662
-1.42984717973684
0.0360629318060294
-0.210640961565284
-2.12633221215867
1.9815788264985
1.39096295733397
-0.800593527919909
1.05450450857924
-0.489279607631396
-0.824788218383589
-3.30549144795097
1.3683586868779
1.03942230370819
1.77834887276154
0.994853659637363
0.808116108806802
0.804461111043786
0.826406530257383
-0.526701270471075
0.635499713748066
0.258840596984685
0.3782512454499
-1.3499073957674
2.16598285942326
1.25728907221489
-0.431426855992881
0.585258985225864
1.04600050431242
0.349042925785253
0.90366020722775
0.624503061923886
-2.48203781602231
-0.656387994119541
-0.764578457072807
0.0902481031757766
-1.09719702225479
2.21035175330343
1.56667344752699
4.40822037329013
0.126805959012552
4.54406549286616
-0.282337199708381
-3.67630294214052
-0.651027023237714
0.340529364851189
-0.561002451373702
-1.04012275494349
0.0878833254764481
-0.501708491991391
-0.71330302896791
-0.887098862742263
0.0814626119414163
-1.57121357272638
0.733885056102522
-0.550571318502937
0.829730395210135
-1.08884501276282
0.19123580256165
0.933466554774108
-0.0782407273945985
0.347935008404597
0.0260511352213564
-0.193410301786523
1.33802023883288
-3.27676407086609
0.869448731361338
-0.318756861737264
-0.0266590688149304
0.589714620583348
-1.42993711172157
1.27037836751007
0.121231890609636
-0.204799194117551
-0.164314631016431
-0.491962944578004
0.114619381767147
-0.427271045596494
0.455358490565134
-1.05230634054432
0.730444561126304
-0.378086298813118
-0.754989468101805
0.332823332218735
-0.443906071196953
-0.860765051243485
0.489144151052437
-0.299141142542958
0.643371066124336
-0.00576199617485955
-0.179622351239582
-2.18390403259506
1.18890788937074
0.605874474666078
-0.998902149239759
0.0968004783638635
0.791532428982117
-1.76101472779586
2.25819167095442
0.70862345819085
-0.160400762696711
0.325148698356857
-0.903371370399928
-3.01065230371047
2.22781328063763
-0.520677025892921
-1.19299745968916
1.35375582749954
-0.215623107539546
-2.10140230917235
1.46545860123191
-0.441638161866035
-0.340692481223496
2.09324931437851
-0.609139352841278
-1.44053163698502
-0.237847583510638
0.0993177535590448
-0.467398358039356
1.68918213630979
0.514797414077462
-0.6169241455361
1.15266503583837
0.342489028661374
-2.3351404269352
1.56909380107237
0.0762047655345561
0.508687593818473
0.852051762301285
0.558907028251578
-0.599330412689138
0.904187736622951
0.66366624479785
0.120749523348863
-0.24217902509033
0.187238870467256
-1.24424709602744
2.92505602322903
2.22936282924168
0.435883278447993
-1.18538308457412
2.05294018963647
0.601479100966861
2.02712375653781
0.331698695774142
1.82210459275595
-0.767191749711666
-0.487698687765676
1.02847536848489
-1.04014097395487
-0.463847349246476
4.1143834210584
2.03807263427638
-4.76625895549565
2.20892120349685
2.09181275775873
-0.91763763301609
0.336239160660511
-0.201040581271781
0.119415302401491
1.30113114019752
1.04111886408561
-1.59078424419187
-0.184868697249762
-1.90286598822912
-1.13103852198977
-1.46990499141802
0.289175813261927
1.61552088057118
-1.4708409387325
-0.555368026685976
1.04362075845197
-1.36737587693587
-1.13834840648722
1.01207303637165
-1.35461927174912
-0.495676090853886
0.0360078540376968
0.0516372318160603
0.784964363017
0.866840780432077
0.107004515309811
-0.36788996669603
-0.517578946153059
2.05990078477345
-0.469436754565188
-0.347161676746721
-0.438001707060261
-0.664724744061664
1.69461648877015
-0.581486276369888
0.406813635407567
0.26647415578563
0.639788066662675
-0.283493774640323
-0.0923286833899597
0.592880468846553
0.570233896027952
-1.38036138624638
0.793894644041992
0.927118524176128
0.165195239127772
-0.969264608897522
0.0852004028680129
-0.407904186090749
-0.543043145166021
0.120818845519232
0.270342352102944
0.547805301433065
0.808831792676383
0.123844860450654
0.266739124223998
0.336663439752722
0.57625505291669
-2.18641902573048
1.97563133601126
-2.0119859676498
-0.593521358595838
-2.28163197529951
1.08994647289904
-1.69940861659813
1.54522811892347
-0.077818665072761
-1.98456199378929
1.28668135973036
0.447835906613896
-1.98656660120917
1.52469416575374
-0.674227700902335
-1.70874104885733
-2.05631013602513
0.0660486654073763
-1.32443475957019
-0.367726056631753
0.430883265129474
-1.2205404235277
0.403399899802355
0.106788921341948
-1.07483617248505
0.964215535132894
0.895454415924443
-0.635448921449472
1.84771398648906
0.47583755016782
-1.57349531741342
0.341108184261051
0.0102292831493962
-1.00784822227531
-0.0237126188424348
-0.364676479096294
0.109896259673504
0.212897481732774
0.0904573836050138
2.00073059269178
0.0799822648199434
-0.443845223889831
-0.243493757319075
3.01443293258106
-1.09528436323416
0.945557757289611
0.117447815063672
-1.3649126405588
1.00520567045621
-0.571713781088086
-0.980345667818344
0.269737791151314
-0.151552549739944
-0.917304727883975
0.301922437600326
0.241950934026513
-0.378640723108924
0.0451661210949199
0.0790687072512029
0.629623495560471
0.00945695309264377
-0.826699317261797
-0.365090858101572
0.872374067811797
-0.566366437101122
2.46613166525373
3.94946296443218
1.04771060042002
0.375084666384167
-1.47419087951323
-0.403292246660992
0.48040928591511
-2.29063170462817
-1.28785898472682
0.63884907035429
-1.20155021906969
-0.16292677665337
0.723885682700767
-1.48776504391305
0.210925114727505
1.1020735479182
-1.56309513143865
-1.05075716167546
-0.36478531168075
-2.16177436879084
-1.33465492423795
0.334569704383495
-0.647886397352052
-0.186896306747213
-0.587174042827048
-0.776206007069434
-0.217218622671026
-0.317933829361805
-0.718318733204545
-0.483570605298658
-0.392279175683841
-0.846905370651875
-1.31258903735491
-0.486088150268887
-0.299844454664281
-1.17784460796105
-0.273154387168913
-1.31372905210461
-0.256483110619021
-0.29993380624716
1.32651341714808
1.01101442044649
0.398809558085244
-0.652993412046053
-0.805237050147048
-0.124627993881591
-2.33994607972999
1.03799275335269
-0.201349418467681
-2.50439205598321
-0.61619498150409
0.0329626365984108
-0.00571681966267861
-0.781568883996661
-0.676844364410763
-1.35737438161657
1.09192367415513
-2.00319713687819
-2.2352594948923
0.323520332002499
-0.626383614435041
-0.390418704751859
0.00506581886438404
0.986597678450744
-2.77872420740968
-0.581493358333652
0.755363695362124
-1.80817947719071
0.0898268231786763
-0.0470046016741432
-3.72222230514031
0.985798480949826
-1.59373996575524
-4.21405966661711
0.254040884604378
-0.790653090743633
0.651102336309081
-0.0461247929951978
-0.0358689043772527
0.616088452179912
0.358124908372977
-0.232267315998545
-1.5180138955643
-4.49910717123371
-2.91065950456254
-0.852954131513869
-1.99977582615308
-4.0398308451913
-2.11036352460965
0.320708790898661
-2.12853523331664
1.94514906678744
-0.332153624632259
-2.02275368975306
2.09842110367791
-0.776195477579267
0.745859313753052
1.35536166141414
0.5204953451851
-1.57537413588243
1.79604400472974
-0.0405138329320555
-1.02079181628029
3.48968446251352
-2.58545804172398
2.84934142513765
-3.5597132101699
5.72958359220195
-0.757465423240592
1.13468012540256
-2.42349212039363
0.111856257589796
1.45920590650139
1.39710438319651
-0.859511734963216
0.0826045814705954
0.63846792277328
0.326456272774781
-1.23987077463009
1.42964592790283
2.21844537458846
3.60863123028152
0.00286196177547852
-0.309952521500792
0.102744822262193
-0.505549421430313
-0.527054755402123
-1.14186480392591
1.06837706291029
0.487458860018078
0.202073885863027
0.0667147920079037
0.884716173538452
-0.489447232141948
-0.213934815007091
-0.45054658024112
0.350757264347491
-0.167329925885165
-0.561589399589761
-0.767019190039424
-0.172535840621563
-0.261462372830643
-0.774364946644432
-0.476917795125907
-0.755033839442899
-0.859854788207205
1.1323940550142
0.529761472144852
-0.506444865868718
0.222295342978962
-1.31787708558408
-0.238706652099466
-1.10873375738102
-0.49886440441553
-0.348233495659031
-0.500434623177959
-0.0595311803288589
-3.18977341265658
-1.2440562525181
-2.33716052493171
-0.754383049059321
0.203659585106823
-1.22554895352829
-1.12754207834369
-0.588276041368492
-0.576682633523061
-2.00424371690786
-1.08678904121188
-1.49245381234126
0.707933459366931
-3.5818690687775
-0.227656778896971
-0.491317999694811
-0.0610699862032254
-1.56926322077655
-0.907990776712388
-0.676445865503439
-1.29465665653755
-0.311137386693321
-0.349328434174235
-0.0040946588600598
-1.15681396481279
-0.447949929011641
-1.87310097826469
0.660521766194312
-2.1224996627122
-1.97395991514255
0.179946735498804
-0.883137347898789
0.291141935523123
0.236431463991288
-0.720059658090824
-0.805606783794843
-0.749822993926699
0.327701335480944
-3.63245277719255
0.0714273781599295
0.88346473439864
-2.57203675840209
2.04337184975861
-0.911575520717896
-8.15927331057967
1.53145297727163
-4.61669975425878
-3.26842215199968
-1.60883049822897
-1.84890990452109
1.13611741684628
-1.78763294481318
0.920477171894433
0.946861071135694
-2.20523417020231
-0.55031692640298
1.1802875281341
0.0697245052418529
3.92349944184347
0.753505367194332
-1.25997503022313
-0.114123086439705
3.07440879790858
2.38340320450167
0.335195034212501
2.67765494050278
0.751993589523031
0.701092619056745
0.58355710499096
-0.084504930222103
0.157491491612621
1.32220815762092
-1.38323224138518
1.68148106965641
1.60762517451406
0.00576755692716009
1.00990399507488
3.53687980117101
1.54721281482127
3.72535752494507
0.882390473317806
0.48393270552246
0.651707953881981
2.72237066792421
3.1523981260937
0.700002635951649
-0.696593013523328
0.599103520608027
-1.02659849333632
-0.19398391782711
0.523067235888806
0.836022136314712
-0.285231955821591
-0.751953309513317
-0.479710434298215
-2.90695215479931
1.9106165266489
-1.18387490637097
-0.38164118829175
0.215771660955437
-1.2399122598439
-0.429972412999495
-0.806343323376954
1.64970660041708
-0.352927874081591
0.371836272542577
-2.07768885788896
0.928695539574341
1.83818217619886
-1.28606892764826
-0.70092823326895
-0.00176515529349937
-2.41651015097952
-1.20523964514584
0.34351691956473
-0.444549198061071
-0.38867709251502
-0.234243856265348
-1.60472999145743
-2.75716397351077
0.514637174994674
0.707529028399255
-2.25196822466922
-0.610556425932118
-1.97019852366779
-1.10192363744479
-0.0321323791358124
-5.27117829917702
-1.07311548207808
-1.53961609503713
-0.154070615601484
-0.954574976849488
2.24571548707953
-4.68498482745808
-0.519898525171511
-1.57606654375227
-0.713910639321244
-1.63531510661641
-0.932955013378295
-0.365340394523838
-0.742932242268859
-1.45371920381529
-0.279875514754924
-0.71991799637663
-1.28212133186354
-0.446373256100112
-1.04663366649391
-0.890669997032639
-0.335354088741157
-0.479434442132582
0.00111061548277612
0.214846244341726
-0.69582702099068
-1.60135325661868
-1.47297687506607
-0.752664247941817
-0.624968526510237
-0.518747860684252
-2.04039182369829
-1.85060432237431
0.287790447784323
-0.328075779899605
-1.72483652811518
-2.04429250599212
-0.827022469035303
-1.77416613938068
-1.84343207400635
-0.422675482322751
-0.537906485644359
-0.665394672767787
-0.873594519782899
-0.158102497762635
0.770652381434522
2.06769229600165
-0.484151038041631
2.63008976407424
-0.429344774286503
0.124182209795284
0.354915098460732
-0.784084918096301
-0.470083963611989
-1.62665819673815
-0.839838048050186
0.383037518980934
0.0759845363353154
0.607039444891865
0.672928245432155
0.704843549508004
-0.571746388887259
-0.256660010575404
0.0373825239453664
-0.0204173565163085
0.0607019433677129
0.502060431985409
-0.461401234656372
0.198961243156674
-0.65344155811193
0.462891903223083
1.21122399568222
-0.51372271065572
0.256596937907706
2.7575354608822
-0.573613099376467
-1.03037364920759
-0.49485887253569
0.696060602533773
-0.720512151822831
-0.532748005801427
-1.01999101800696
-1.37437409043368
0.329217816543587
-1.0886999867862
-0.556705070358462
-0.494084504350192
-1.01069688123337
0.536125236841809
3.2805294209953
-0.604125192886315
-0.925297498620367
-0.433762135854074
-0.901621980951018
0.149660327602759
0.0317195750532707
-1.90125250928084
-1.1918122715004
-1.12547771429596
-1.38505653137837
-0.28700104168328
-2.13381241857976
-0.670075876082747
-1.14936961802879
-0.132157185230521
0.219107523004183
-1.76113072688096
-0.0580527043490777
0.556895903686876
-0.647489860361162
-0.243455411764615
0.0618334277538531
-0.454244327221145
-0.349241174316423
-0.313894074299887
-1.48939950830048
-0.306731452502782
0.479802050669955
-1.94602210841964
-0.787273067678553
1.01633551407958
-0.57994404308678
0.0460306047122513
0.344535077150253
-0.847508601779547
0.229589918743407
0.199488510093399
-0.817903223850529
-1.78006963542495
0.14140038477397
-0.876761633507825
-1.30520023868216
0.0209429517743387
-0.790881996021947
-0.237467415970949
-0.353370772811606
-1.35283217511885
-1.62886232014167
0.173512340036988
-0.587766302689109
-0.85262781429875
0.378137784391282
0.575002116021602
-1.01649916904142
-0.566380040854295
0.339463900948546
0.868561018448456
0.566391960530598
0.189293898557209
-0.741606268317765
0.196405519532898
-0.375125018227167
0.389145349573278
0.373291931420995
-2.26233802824014
-1.42481163733001
-1.96876351406503
-1.16151065901454
-0.770310725924876
-3.40869259507085
-0.94211909791638
-1.6937472392372
-1.3789394304497
0.450580770379017
-0.932245626333835
1.7877626109188
-0.476375792673023
-1.08310015611869
-1.62068689122876
-1.20756074967583
-1.04074360487445
-0.130112201521777
0.848492488740545
0.681596545726542
-1.04332298213159
-0.928183403951548
-0.579021526002311
0.535800324533639
-0.589326762173386
0.872390609621167
1.14473660434591
-1.45783497494522
-0.233312330326567
0.456430926366107
-0.505865087027814
0.304987513519517
0.196503907787548
-0.0788073630146367
-0.842738537411472
0.175459424184107
0.800925083823494
3.2724048861772
0.78770975573888
0.183089748225111
-0.0273654603656862
0.792703249064401
-3.22308104525614
1.20692625935635
2.13748751165928
0.864636398975809
0.437911071379463
-3.71329401371024
0.72690886106954
1.3628290127115
-1.06202239651832
0.488202738835689
0.336105639369598
-0.44973195253388
-1.06196103051347
-1.8195960412595
1.46160274140792
1.1125650434821
-4.6164129817419
-0.605654867660388
1.72284474230228
-0.469038770408867
-0.553556608529402
0.465864489639822
0.123459209133413
0.412111215050195
0.61708618289748
0.100652316195156
-0.42502816922354
1.01423733154593
-0.0147750428745325
-0.141736348217708
-1.05761967244138
-0.291333979579253
0.311590920239782
0.31571737478385
-0.946121285038919
-0.771900489480699
-0.0507912189750468
-0.56234959663935
0.337949138558683
0.52640389877705
-1.03023028089061
0.0998057702470518
-1.27544816882293
-0.419640955613769
0.304425897440618
0.178262131568935
-1.33183045828826
0.874429356456228
-0.433915322489451
0.157861232958718
-0.220747428718796
0.279739278360999
-0.522779941754629
-0.366597054957055
-0.523687946331266
-0.149127209712501
-0.230829733082384
0.408239810825119
-0.223671297286435
0.794981018371112
-1.3472364817529
-1.7218766479613
0.0844942295886933
0.0271228817421704
1.42108801257141
-1.83746387108949
-1.22630177485992
-1.74784540182006
-0.861348387022765
-0.763702296732093
-0.475605418409978
-0.222371255234552
-0.738700937419225
-0.509163322312863
-0.170244158705368
-0.175349019445634
-0.30648416529291
0.0791013885718362
-0.721150455479424
0.0304184457999712
-3.34319032616652
0.627052968958077
-1.02910519788321
-1.39388550855271
-1.66467498987487
-1.12281920770139
0.432002864296015
-1.04655624304761
1.42931198582584
-0.463609908191316
-0.417978202126934
-0.922944168589823
2.64684850077163
-0.655048335152903
-0.457345522236676
-0.0812845294192912
-0.438452539166348
-0.944955686955127
0.417068990755963
-0.940325317358535
-0.0283532112270318
0.0876553692888381
0.451783856358563
0.971625455784123
1.91217909821143
-0.210069698617976
-1.94830432583437
1.74235058699026
-2.70498302669757
-0.768086273632656
-0.496358641281198
1.42269033023739
0.432728135333402
4.09818573509978
-0.429825495417999
-0.117468597061004
0.780755813515173
-0.711116121791463
-0.700211225799065
1.47641936348182
0.299547056306688
-0.181519360488235
0.486177491943624
0.0353172187356054
-1.74560469078698
0.343856081609864
-1.56927134195603
4.12497961135763
0.920941065575311
0.511704939602712
1.23877963155706
-0.941218900325865
0.297991111026529
-0.316505560233471
0.0613154565323088
-0.712162676520634
-0.289282154740138
2.38201358081321
-1.57681215185594
-0.88045994410393
0.185793453270295
1.51801848713521
-0.062005601808705
-0.450278954859699
0.681602158553525
-1.85899004200332
-1.38574740969843
0.0809641456519112
-0.275086092929448
0.00180089137982013
0.431881630110491
-0.230900499577696
0.062973637723919
1.07085044248063
0.00476597664916696
-1.62554651393695
0.631359638609695
-0.249697402987878
1.41047482920049
-1.09359371638059
-1.11126918310492
0.94941674599899
0.954253080946407
-0.630952061287782
0.659960042896558
2.03530534614133
1.73900593428669
5.47769720655314
0.371526326188933
-0.910960478885212
0.610289121844401
-0.406405860787014
0.727678391671294
1.34882632479163
1.10823894603253
-0.756929729303221
1.07407985527347
0.574972252144594
-0.921038905886217
0.607851144678757
3.41686028819706
-1.01924974793752
0.367615510441765
0.687262953090729
-0.596051207038719
1.04590068033003
-1.00334714083739
0.0801062820072458
-0.28888691982877
0.0511415974405212
1.05639112044875
-2.1438601358292
0.698434555696027
-0.442635156347737
4.97679931303504
-0.336286470933312
-0.0527781164770698
-0.928987666071047
-0.841999642556939
0.799053823076043
-1.7937157496087
-0.0360165912044271
-1.033696458309
1.11158994387901
-1.3207344442968
-2.6418436548127
-3.24230383796399
-2.56805759262258
-0.191341564905697
0.772355940890766
-2.91214944325287
-0.826155647775493
0.217875109451423
0.802788726564724
-1.36276652193503
0.174198512515727
0.00972342714794628
0.377462316825086
-0.936464569933435
-1.11275736027126
-1.30518389356099
0.692755338332915
0.470187866291569
-0.897987656173844
-0.339524135967786
-0.679492135202448
-1.35405935307838
0.0597165442483163
0.155467213784621
-2.30341439302937
-0.667619783981984
-0.603843073158051
-1.07504012098153
1.8544813809411
0.652565491259371
-0.433202178955196
0.138158729079666
0.23718244743609
-1.03584670297507
-1.12270391985447
-0.787384612436082
-0.546525275212473
0.339172978982931
0.354658859278093
-1.12018908365247
0.769398205805338
0.973228284725189
-0.548853483847177
0.76960036007504
0.918268176341073
-1.68632289880483
1.69099454843573
0.166722667340333
-0.812165498512066
0.578911732481596
1.73399835150129
0.526349472147292
0.498078415758601
1.60700902140505
-0.109305428890727
-0.481952080703515
1.34828454374467
-0.662565066422769
1.15262197405616
0.327370188385685
-0.710297894815652
0.701815497494382
