2.04690983346513
-0.273440554461395
0.0366129733901058
0.513985767114426
0.0666969219059684
0.0541906337691981
1.16383336196173
0.289965805116618
-1.82973649856169
0.518813614852147
0.528222862135485
-0.279582690053426
0.254402896118864
0.735096534408939
0.451173149063777
-1.08573989147341
1.05430856274236
2.00447647795182
0.623565516710062
0.0160822702514277
-0.766721722588361
0.218179946618763
-1.17536820243797
0.560962741781533
1.21745918475061
-0.702825364594147
1.0236754982998
-1.22072032691001
0.118171670488011
-0.417948781263335
-0.503634613502672
-0.0924800560679037
-0.614438632993919
-1.56051057489775
-1.50299568094073
0.106872447622808
0.174472208764864
-0.133237406166608
0.67891394695195
-1.25046880772527
0.00498043085545325
0.0345583714631046
-0.252921370299139
-0.807398411692944
0.761722414613643
0.627597656006931
0.0282245626261816
0.128391109146207
-0.22328050149246
0.126983036669772
0.85202850387876
1.18023671591605
-0.73677323265172
0.730681101008411
0.420324377381433
-0.466199634669609
1.24781772803773
0.323809875974836
-0.27715198999847
0.594837781947358
1.21236598398171
0.30391731213372
0.497753902927753
0.207606251437237
-0.189525892906351
0.344136791539586
0.300892531383124
-0.0505582553340923
0.43744507332647
0.00611604222636844
0.010081104388759
-0.144299092152802
1.0619666271704
0.00901548070526065
0.425715791982231
0.018965576470895
0.830049503454525
0.400371566965403
0.157456016580854
0.284980154344321
-0.57684022260854
0.354663246302382
-0.78605240676955
-0.241115359041036
0.15703798602311
0.197298558068712
0.79972615457636
0.739442557614572
0.0144119482671616
0.417616076749863
-0.196270965688186
-0.481681601928156
-0.0304766948101679
-0.110451554392094
0.818781511194434
0.029996888832534
0.796818034308229
0.30045647624218
0.067694277303187
0.19135573364076
0.636553501981229
0.220151186507116
-0.22545468967783
1.15489274789987
-0.250806263727474
0.449459685239347
0.586147024400264
-0.176844616215755
0.0997192929006188
0.650632238716118
-0.808388563335338
0.408740567073097
0.566026138386694
-1.40527330154957
1.03148042782696
-0.0368580638350587
-0.644404216858209
-0.177372222483123
0.1577579773956
-0.449165724778767
0.0366375018330853
-0.0978063565915518
0.400510970168214
-0.860760453342293
1.40638645168093
-0.647198016483702
-0.135254548117576
0.656609016133936
-0.373295301373699
-0.0314152910551674
0.943420713335516
-0.109566295909044
0.626916246143046
-0.257411593310356
0.205463427562331
-0.135534398797691
-0.447942386764364
-0.00522142195544375
0.358707897272776
0.0850025250374243
0.0437147332824136
0.155280916861816
-0.220284742625676
0.288467354035575
0.301886447552412
1.24788620340408
-1.56130947522664
-0.145716099277395
0.874014448027898
1.71749580391238
-0.0542310927891524
0.747971886569819
-0.469970465602209
0.811049950220096
0.213997308981799
-0.293001060151062
-0.0673252046829494
0.0246058677305203
0.277721207799131
0.0900487251107191
-0.667791949542479
1.83944258338311
0.326127009929988
-0.413562378862138
1.08014010803662
1.73616886773667
1.03519739961301
0.762283935467939
0.699864248415399
0.249122909249427
0.93923543055168
1.00654099191046
0.287788519985817
-0.236518837127727
-0.472517142543301
0.320668908789747
0.415116414118348
0.176924464613574
-0.988186335586716
-0.137867301912102
0.344306086138828
1.0052449134377
-0.249918856393888
0.00179890151127618
0.0215190750848359
0.0886613494463809
0.192022344745464
-0.224462534013869
0.273581538870598
-0.0828953636005761
-0.467885894580493
-0.274329843841412
-0.435706444028108
0.311103766673471
0.648982448121339
0.0582518947826718
0.991864809646962
0.158992012223163
0.554377735069358
1.18822318547712
0.390964672279722
-0.592385738610899
-0.0124530199133243
-0.0197102696864626
-0.146583077218934
0.724250684970821
-0.246834646153014
0.20923488689623
0.13446282594007
-0.196397645709868
1.1287763233931
0.762262641722546
0.259789874139184
0.922174244612981
0.439933640319556
-0.4437068482055
0.549456612216428
0.331805636776201
0.202162012385186
-0.176186859097992
0.498741172756365
0.0401343966799916
-0.117411747039233
-0.662181908749052
0.232947638318128
0.612935118681486
0.493662144974981
-0.00434422331896602
-0.15978426527157
0.513807875090147
0.0149680896379754
-0.510026817759467
-0.115122707684097
0.117733794085038
-0.824737149915699
0.258991826905808
0.672082796929361
-0.117255545855757
-0.112596499007135
0.0807166982030355
-0.00539601183140644
0.48906815461847
-0.380007950404054
0.352802895973534
-0.322399151124141
-0.353795798979629
0.296417835473077
-0.147264166431899
0.544293585234704
-0.223178793142699
0.717649570693464
0.180093448366133
-0.675363185354715
0.0116488172214825
-0.858797995681622
0.0520425635930917
-0.0453618874409872
0.41642522233881
-0.93692070396491
-0.739106583197631
-0.562389224660786
0.403800365542665
-0.44918339141685
0.496446140012496
-0.427517546513655
0.505027294245169
0.046130672475658
-0.492805913899777
0.801034383541246
0.208642999653768
0.733802948068698
-0.38056759695273
-0.013638367030645
-0.582600525556754
0.577172171199109
0.857812089426228
1.18590666457935
1.25491827534608
2.10936374293365
0.353067702284782
0.431370686165749
0.997739979277468
-0.743482181833037
0.905939973300834
2.0245838085305
0.0710546774283378
0.0110802496711908
0.163520316964457
-2.3792621827982
-0.308055485118605
1.58013707357733
-0.622179471357731
-0.255048326314725
0.859675300151296
-0.318267802012137
-0.820749946389755
0.750947869689198
0.292664513280125
0.669600782078049
1.38065336318202
-0.357134103267256
-0.0365441770405523
0.346667452403518
-0.529367854366555
-0.744866548361296
0.349904655520563
-0.442985800054426
-1.20028774862527
-0.359335754193294
-0.0872445515575099
-0.549998756152327
0.175241802088997
-0.309972011310805
0.0832878717299005
0.200068773071945
0.738085100805029
-0.122574028004815
-0.930026357997149
0.00184671778233971
0.0125402900396453
-0.0989825309968686
-0.247753561010112
-0.303389771478774
-0.141024517326968
-0.160067656146362
0.331456879949807
0.27380109593492
-0.171248124164221
-0.079268218747547
0.158812911793839
-0.10838947250404
0.151578606621941
-0.379720818883985
-0.0242867347074432
1.10133462157312
-0.943014057879317
0.735823602303696
0.119136223392558
0.474095079757586
0.84645047914566
-0.0883167982530655
0.449804065559554
0.493796686173529
0.366379337150347
0.41738094486686
0.499314146784951
0.280510472229262
0.271952154596373
0.122402114107702
0.175704820250703
0.483434853421615
-0.0648185892807018
0.353030278793966
0.0716917986909873
0.316241519472702
0.814038901317065
0.138072098088022
0.00543138129984866
0.570267379586301
-0.0512129590767089
0.302464537897979
-0.117942490091442
-0.530931187922266
0.281392614887369
-0.281196146875485
-0.276602805916823
-0.34289048040937
-0.65270573706209
-0.0557816153338281
0.265264758986663
-0.0363686390050994
0.433665526625081
-0.560444046044588
-0.290354618797206
0.851600080181576
-0.18103129575286
0.349338015323749
-0.644873984495863
1.00438683651544
1.59183772592882
1.12799676016776
0.54304395434381
0.504901715996504
-1.76483191086551
-0.505204614041766
0.673377868894151
0.71338893993095
-0.682286377501613
0.248080012236307
0.310321603806685
0.534682325167327
0.33372689858476
0.1614112924244
-2.17090324126595
-0.367672057977808
0.0752247148504509
-0.400147758636709
0.169754369367876
-0.549076237461294
1.02070780225533
1.45226330924252
1.82547451564354
1.26782525035547
-0.226855303146612
0.129379308751805
0.646491204203512
0.442229868408694
-0.203672649250383
0.76360567717125
-0.299612482001177
1.14784408602718
0.116269264151541
-0.0981855359917044
-0.114997752669063
0.5409207383374
-0.901930599920356
-1.11280773178743
0.474370682661572
0.139939893095727
0.255300846649121
0.0608063980383785
-0.116061793274135
-0.488529277785905
-0.607498610259149
-0.483117785799933
-0.81233087232993
0.809299103829987
-1.21665497184623
-0.268933217388219
-0.729998736856829
-0.883531620841933
-0.214215999294391
0.326284577854017
0.192021642103888
-0.448002001419534
-0.358334257062756
0.148527444247969
-0.364801271626273
0.297628398883969
0.416648391266572
-0.334121826748428
-0.315876390163928
-0.443011672553539
-0.547116653641405
0.254796307536758
0.423714428849714
0.319484530905323
0.454692414986475
0.674198213296801
-0.297566948997417
-0.0982219528400328
-0.150329965186577
-0.160785592425636
-0.772411427066951
1.02454539024594
-0.0490636191320456
0.84720848702837
-0.45454118246127
0.507093445422169
1.04974537884591
-0.217450751871164
-0.189643073275702
-0.0327066090933454
0.581452614123478
0.121921784253076
0.088913748674728
-0.103459819916034
0.0836054573130168
0.165968063856956
0.425306957411068
-0.0515916487162973
0.617008507603319
1.01101959604174
-0.182351128606295
-0.0612472533803674
0.458262311760098
-0.0710391967293019
0.573566805893914
0.207675392320744
-0.324649876109342
-0.346807047057972
-0.857475880873777
0.71047927653774
0.677168975707383
-0.446158283349245
-0.0319883827307312
1.27387358577356
0.841630415604411
1.37134766515569
1.08515560434451
-0.433870086338183
0.37022801268793
-0.76699202090102
0.11355527453293
-0.0566294071503756
-1.31405231563044
0.207115402890225
2.6851229813972
1.42533777641967
-0.468671310988805
-0.691770480131169
-0.830538603628211
-0.0984072096175682
-0.594318721102119
0.30725372723147
-0.189828117169394
-0.170589354508968
0.688808977603033
0.0642374181442401
0.0306815272275409
1.16084602145542
0.0760712979057576
-0.156348539027913
1.37344549124822
0.880302265329579
-1.01619138686852
0.596916788157251
-0.643195612545484
-0.0872499945307271
0.611788595106712
0.0683170934085865
-0.315209868774539
-0.318799270303554
-1.40923993082503
-0.845429576604562
0.177091866605058
-0.0447913376486753
-0.714496216732329
-0.0136027534302372
-0.682346185543325
-0.898196362900055
0.285180337198589
-0.0402734031690164
0.646806193940657
0.300323949874508
-0.536206932261824
0.0290603173731113
0.279657452012309
-1.6628045464224
-1.44322893550877
0.00294588598669898
-1.02911577519271
-0.952654271925096
0.892544966595973
-3.17413082472749
-1.35804992353244
0.322186916065241
0.818188311679179
0.95241287437018
1.91513405752134
-1.90157906978174
-5.36354818488653
1.53556614802908
-0.134291798246227
-0.877272492159311
-0.493416098916459
-0.422327051408597
-0.588945793740463
-0.0100434494398024
0.776116494598069
0.129129548259153
-0.645312706597523
-0.632840902421565
0.697467046991471
0.922753048800515
-0.142985760945351
-0.769808187070313
0.545584218623641
1.42661641858524
0.355137900928935
0.19886379497825
-0.390971433735732
0.585624848855828
-0.612074520117588
-0.471641275311368
-0.0495176005952309
0.3341609610664
-0.085067201236329
-0.0360153761613399
0.274104654802965
-0.227146130909773
0.356531270021053
0.297198214828196
-0.131393658729402
0.626588245724808
0.960322127200797
0.247522705668961
0.161911529220499
0.0378346714775406
0.143071460695205
0.0761536530457271
0.149122357012944
0.341063277999087
0.714250253537609
-0.222073452110784
-0.317648335109719
-0.0771689981936654
-0.109212075680265
0.230762028961425
0.424895108481984
1.17844956572288
-0.0284615626506108
0.134963086414425
0.841140885541045
-0.108246836723179
0.314204107824375
0.0674700997064039
0.255112259660163
-0.0889199457308079
0.603258907558076
1.13214335586051
-0.164813443828986
1.03983112679818
-0.607521890510447
0.243689197988919
0.394604223330081
-0.378187498989724
0.463266552612658
-0.385530623219728
-1.04150690423155
0.0028942370030853
1.35712506191864
-0.567795654855688
1.08511433473524
0.00503604994809282
-0.918472053677589
0.431653826342605
0.724121906934821
0.0461250870696475
-0.417741807215754
0.316392646343002
-1.2675173315387
-0.959277767084753
0.39816012730367
0.118703780379463
0.345560091390627
1.72826949126187
-0.0786924993283147
-0.281586585510812
0.586596534276175
-1.40203728557181
-1.30640477156653
1.07486903681972
-0.672379736776438
-0.884744545306596
0.724179474311902
0.548257698135629
-0.606706306200366
0.222932454738254
-1.22771318634954
0.0985293989815823
0.452660636994817
0.765099238991846
0.205378480375668
1.05894719246003
-0.164681722244625
0.150883525468337
-0.349508717207601
-1.07418194746801
-0.55033368478606
0.0856268348843884
-0.651436968784144
-0.388241621133179
0.330706199333848
-0.688273328078174
0.149514003209609
1.24563825350358
0.0860497233353204
0.0193960445069286
1.06675839091418
0.237896069263173
0.13092367678789
0.440976703936276
0.0471906269414373
-0.559375162680712
0.140465559709768
-0.37792136456561
-0.311688509549946
0.358972324025422
-0.04751567819937
0.298229087752805
-0.0457914340203091
-0.0671257109691599
0.738026519890362
0.180481972708334
-0.024801750504317
-0.0159962617449273
-0.167410148943871
-0.425279464670985
0.217819829865807
-0.597725926907257
0.575263594363584
-0.0508997482548979
0.417820321350347
0.643771384291641
0.380714254995237
0.0294403386505362
0.147837850043816
0.460298467038456
0.154970695950502
0.506902373846943
0.238014599497962
1.25441775305153
0.0713498779035609
0.720142674050932
0.434265739212801
-0.642711967517562
0.339570336241102
0.186046973360803
0.062362230881833
0.452362146133963
0.221015662228999
0.734020683031589
-0.804811715772697
1.23534116697098
0.368509209925161
0.461005210751212
1.31907102888411
1.25904079329285
-0.292235797988921
0.711190658099976
0.414660301197042
0.276886077273774
1.09497297823637
-0.078065557378318
-0.314512408481531
2.04608705346817
-0.795909384611443
-0.40436417481531
0.451745066060373
0.121249338595664
-0.145489716930492
0.844130265215811
-0.640412152619063
0.858365772700466
0.972530909436659
-0.110642770555752
-0.393770035310198
0.203218224516506
-0.270537235184888
1.44387491098398
0.176756698729387
-0.352715497793231
-0.0785708354058996
-0.467258655104173
-0.519603967397768
0.362918172032071
0.357336122508025
0.482651488338781
0.533027791232846
0.534956503525876
0.0074454670541902
0.0139476894727502
-0.266636562504572
0.302568136734911
0.218857350830087
-0.746556193143454
-0.0376346060383827
-0.246518997652259
0.834562386243754
-0.026454511687852
0.00307421504360291
0.330564383048744
-0.440125031202813
-0.51970673045903
-0.127079719060884
0.17679348642161
0.502146786214199
0.91026783635639
-0.646828736308858
-0.774302697389214
0.705296112549583
0.196785358534735
-0.132838459094091
2.00439231001712
0.459580877767738
0.778200782326178
0.498348688517111
0.558950487187484
0.291904581025371
1.33770793432329
-0.03236249828703
0.905286554247557
1.28473797123136
0.0867239193615576
0.363338073011888
0.570343680826524
0.584047696050767
0.673817985166986
1.0572759806009
-0.571873266061552
0.327348052103378
0.429563009603842
-0.739675740048509
0.374251241526698
-0.152919227854811
0.758559708793533
1.6005354874301
0.650150092568631
-0.580375299609762
0.748565954046587
1.76903935784068
1.44119899884894
0.0895571104061216
1.00873207522917
0.628439168779718
0.620396480876748
0.599972722715729
-1.15306892060802
0.57165471960697
0.0169820040771077
0.360598925291391
2.83196410534962
1.91779538840018
-0.82367545533801
0.21828094366343
0.769918031740639
0.359674519388032
0.651099106108908
0.606574289805118
-0.930340530889867
0.0692006163839624
0.541903828436847
0.379015519815789
0.900692177471982
0.4546299992431
0.52052533204145
0.661711020714868
0.902207934759112
-0.256981094006913
0.122912951533737
0.829337834385508
0.453786406574887
-0.363922860022706
1.30845132697448
-0.520578738791259
0.92497969306344
1.65099557309882
-0.343251417051517
0.160142456885244
0.564030850811118
-0.452118049976324
-0.575212642650202
0.456475689753663
0.153928762402331
-0.0932694056233241
-1.05901780174866
-0.391957313002522
-0.269259351118334
-0.0404614591225251
0.432190093394169
0.142748534777441
0.37515333904998
-0.391562687031076
-0.567642521218209
-0.215048455719542
-0.745505900389269
0.0696456762299282
0.151684581420247
0.351614213687253
1.18436474010779
0.625932421873428
-1.30853151412725
1.18987960740907
-0.870632058092633
-0.517521766454362
0.876396694660703
0.912010464008927
0.449355334438795
0.729954971715453
1.40953599789606
0.579224019080427
0.336520231941113
-0.174610886038406
-0.0661910520355761
1.35203448924053
0.424860100160646
0.340869593033582
-0.0870645885536723
1.03380196962881
0.491255432120527
-0.0226313326257913
-1.01739797654524
0.210719031626891
1.45636766753538
1.03842536762546
0.927296391649951
1.29720792563383
0.280756018973652
-0.0751876083452702
0.486217508914394
0.941384961787974
-0.0601973519254286
-0.300791132886925
0.429513216833801
0.493523330481591
1.20680473045404
0.551386434852905
1.27815195192871
0.660142662422769
1.40607079408767
0.0581604534652214
0.651792406690051
0.403470414947799
0.617061292839382
0.65023816338517
1.56558719378551
-0.0671757635684682
0.413538828775779
1.22348307297807
0.287208702402171
0.735918987795773
0.48547089541495
0.592800409169755
0.879493600419289
0.671869301641472
0.622972569248464
0.792952031014809
1.69556401091929
0.666810242699163
2.43461974667952
1.34018888640133
0.186130010241351
1.05435174165184
0.759448033312881
0.34763038470826
1.43107686695054
1.58123517002288
1.80544693182005
2.08773184958295
0.534916430323854
-0.20731448183054
1.02667825056597
0.443324807813894
1.40983584229263
2.34665712408617
0.239555017668561
2.19727800810001
4.10841546366225
1.06788352860169
0.528059565801929
2.006723235995
1.17964198502401
0.825866272540113
-1.22673326532236
-0.311325160550802
-2.37116664347043
2.84035151340153
0.91042748399039
0.347755415365254
-0.760260663121199
1.40319906100955
-1.38477879349882
0.0456568438349354
0.915747214423828
0.500091393845658
0.690888675919337
-0.648421390192162
0.217869624859967
-0.172617648122199
0.295632753431001
0.716484173220318
0.835444849520721
0.785963026672882
-0.267286030751148
0.690998611649645
0.616508934848892
-0.363736099755889
0.205032395307843
0.086368616802098
1.48319956099857
-0.187466156101446
-0.30610893402824
0.343815472210115
-1.04800980307022
-0.955744253772198
-0.221913466576597
0.686741677859441
-0.0535659218186366
0.362100424235931
0.43862129771285
-0.448423689560223
0.407064266368635
0.0648085787200328
0.698875825645164
-0.2664820922559
0.533993890976481
0.19117553504574
0.473309209704166
0.571863197650086
1.75637545598681
1.46729079799349
-0.390292720158893
-0.399200726889153
0.521867283612483
0.889247307049316
0.414585093047554
0.358027157578316
0.965436068031117
-1.14076281797192
0.359856255503353
0.441066241843871
-0.219660166929688
0.654174647550747
0.594747083374829
0.0899162779359291
0.572893918543926
0.913389822754813
0.362419076425093
0.7267682992515
0.996147928155116
0.831985775533887
0.352938663125253
0.182963982742987
-0.646915499076861
0.729212210817212
0.281872099321707
-0.738350254549195
-0.784751386706002
-0.0257753576531978
1.02094218958386
-0.259869495798039
-0.0339171449477423
0.914523026681108
0.547817426265905
0.820561151137342
0.622847742767759
0.392318746675028
-0.181278776920153
0.0395911930100733
-0.354694019097461
-0.232611104056378
0.552372986964587
-0.38972228701775
0.526269386897209
0.308858125377342
1.66554911944505
1.1335492271944
0.618026507281151
-0.174250189643285
1.14520838995931
-0.165358460937747
0.853103775533877
-0.218260781505605
0.901933666516767
-0.297784793037555
1.60180008030435
-0.307577314594727
-1.26982827468166
0.0444877555865254
-0.79193540069872
0.0941020206496889
0.31269760550562
-0.625396841562817
0.134337134652071
0.687197200630855
0.438614000806801
0.641046953641735
-0.0127189182904939
0.127936057014042
-1.89891670690698
0.141351929873212
-0.158983020124743
0.95297384986193
0.920361993364915
-0.453518120732871
-0.540164292510005
0.951937915053823
-0.178138985510719
0.692682975630862
-0.304394522797265
1.50604788635121
1.4544607319505
0.630586357918754
0.242471611812292
0.749887019687073
0.18059474096782
-1.08837283813063
0.132563215074625
-0.744958884027609
0.488715693737806
0.454426067410958
-0.214169615665116
0.609398116074089
0.51966018299274
-0.177604426225474
1.65460375928881
0.290671890608709
0.511827727332637
2.59538948822721
0.41346871681311
-1.30524173642715
0.428577321289415
0.0181610857637475
0.181108763741121
0.518966611444297
-1.03087233778061
0.0633290311683367
0.627122374816831
-0.00841341416428772
0.501783997360671
1.1211690180064
0.526192559504495
0.0693636681457297
0.215416647769185
0.424837274997969
0.485033332348073
-0.725509616270957
0.381677660537473
1.47520863224935
0.530494719197177
-2.77593590419003
-1.55367065256499
0.529125229504308
0.158399510807534
0.406313021718366
0.623949836811724
0.140116869316509
1.42671873017602
-0.25802267154313
0.654470075613674
0.240037230433991
0.63870668123467
-0.0205374306621752
0.229444701924624
-1.84310329049805
-0.777773915326207
0.162736329929093
-0.433199295773988
0.8743257094889
-0.281913410338389
-0.51493367224212
-0.987369343598207
1.14571237591934
-0.63767799946623
0.0380788616741298
0.199250006637657
0.97221300879326
-0.769914425263527
0.160724826747631
0.206947601971838
0.632416450827103
0.343431745165444
0.930067464770365
-0.16795841979792
-1.1322784357834
0.223760254318685
0.281264671104914
0.322420097396154
-1.1954853267669
-1.28828374559488
0.607476029463283
-0.0449828402974156
0.675901723169212
-0.577579542511143
0.518830547095561
0.163151254995113
1.19803619696371
0.660330365184266
0.0666743048656544
0.396416676795714
0.177914986457929
1.44836898781613
0.444485554116669
-0.722727146266147
0.547355361550973
1.19510787258454
0.148574081159029
-0.692385569140188
0.937387522725339
0.630091050250124
0.336887445011686
-0.159909165842239
1.66319199259392
-0.58922012872564
0.599835186046923
-0.279708086592832
0.283940635300722
0.618536760805189
-0.934121523989716
0.942921579787915
-0.0305225405736433
-0.852597718661462
-0.11258016573671
0.586411283646308
-0.0822776814332079
0.14832846284608
0.679664414649599
0.450726146161327
0.838528842091084
-0.403832935413304
0.456548234447341
-0.0423151566396785
-0.467909469150084
1.90603794500554
0.185914464674475
0.347557375268218
-0.622324219875289
0.875218375044908
-0.117204653065199
0.0269732118289188
-0.0759091402160814
0.222774390631993
-0.56892378645245
0.118180124447949
1.19754775964619
0.222902628716135
0.25172843398051
-0.0170729976602641
0.426809159174538
-0.0544933719510176
-0.522468236754194
-0.367085638637587
0.428190971767443
-0.672443421465384
-0.81844081826615
0.0275963423651491
0.573978884619745
-0.383657313394353
-0.497629625181382
0.404521617238842
-0.533909701258118
0.26725451133759
-0.199303137848126
-0.0647399825109163
0.435951419592689
0.805043628762172
-0.774611474088252
-0.966842597437267
-0.432139878827615
-1.61950767936293
-0.755658138398727
2.44752679499008
-1.13435832185536
-0.273306002578778
1.02655990926808
0.143195219791165
0.700095514153892
0.470899498123573
0.00892073150641408
0.488743022254182
0.148198015728318
1.15398881024306
0.390035001012795
1.59949600983049
0.789953321047743
1.11002852725751
-0.159631570582419
-0.553694366228553
-0.128178891623995
-0.0705843850260507
0.0401884261859663
0.850746441783564
-0.231352825266892
0.66335573547737
0.208867480070237
0.121134977197845
1.1032284220909
-1.03510225221136
-0.216253486731809
-0.242915908850598
-0.0668643500430437
0.362665921925377
-0.428106528270755
-0.0854761416169663
0.266136375600554
0.180471191959327
-0.351786892994666
0.351730185408431
0.558534104175248
0.386889608357047
0.39511287256011
1.2392844211584
-0.811312173410663
0.980553595114832
-0.044594267479971
0.847767800697875
-0.329070799180275
0.054134574753021
1.26495241848177
-0.0399969278789069
-0.0648696418807552
-0.0539404835572175
0.581164108935264
0.576448493945751
-0.316286667424732
0.838214391190555
0.076291045227357
0.324398033573171
0.138178249946726
0.177894155877924
0.739045623543105
0.442826564626829
-0.139513701735938
0.267743730652645
0.214814303279821
0.568241697548989
0.148485139874796
0.104414501501009
0.271580317199489
0.521658000581521
0.248696178856517
0.330074845413026
0.456850779551538
-0.0147267079540411
0.43709554165541
0.522715053364965
0.12311021353708
-0.577867527176401
-0.20397205023104
0.509436291047879
0.41595132563814
0.374185954832724
-0.246652206484738
0.3348113491713
0.0151383121832695
0.189739088940998
0.0412789939322236
0.453359630519052
-1.04445088566507
0.626739553726942
0.0217539026288775
-0.762304557570198
-0.147681611685023
-0.366103499688246
0.0691027684698444
0.65581963736641
-0.200620185449202
-0.149705158009063
0.349627212804475
-0.824638263936454
0.609951299271311
-0.106244325391396
-0.594484039919713
-0.192195160367228
-0.363937154968858
0.178780065243645
0.200654606948756
0.511413638588207
-0.103977743584011
0.217370972461899
-0.126588571424235
0.288010066875466
-0.0600708922751335
-0.0706340853365296
-0.301841566802099
0.68349634471127
-0.151784144624684
0.906573103726911
0.688907324270737
0.119439376112739
0.940750968542461
0.17967049059597
-0.434465575504736
0.347823160639076
-0.170779739632014
0.453133831783196
0.74430591674141
0.272256643043063
-0.129352719892124
0.0273447752752096
0.356173140247474
0.360701995036811
0.314456875277977
0.684635204395151
-1.27973674774909
-0.0929352528276141
0.021366778426613
-0.48589020415117
-0.265073562538224
-0.451004191574904
-0.320704181911496
-1.52562671198225
-0.918625993633979
0.502905365818537
-0.712291671952116
-0.680262067952693
0.059328215611936
0.682797397832827
1.28654794869488
0.178555089154718
0.249853954545521
0.0459157126846408
-0.0570259082870348
-0.512229564262897
-0.0280740489437414
0.199957874955398
1.03677465851523
0.235969435642684
0.116392055566449
-0.0994315495894356
0.367029439165316
-0.141466579801174
0.748089130577805
0.489282540859347
0.0348005689260628
0.392412023506794
-0.101698792952999
-0.239293476677268
0.123010190084256
-2.46026211092242
-1.09480532069596
-0.173749308340903
2.06671337466948
-0.108023997532087
1.49120220895431
-0.27423346947598
0.206053680502487
-0.342198536724595
0.483271365237708
0.449301766151774
1.44862426398065
-0.392184664109093
0.388395951126077
0.318318839156945
-0.379705470731829
0.295275772280549
0.285620316819954
-0.469498836655748
-0.700965266909986
0.952520380159521
0.110191980783889
0.206469104123791
0.838814520474905
0.557241628740585
0.457563824200085
0.0246539345885295
-0.449002713055539
0.944446190260877
0.0953303365967192
-0.00410137374330302
0.348949946159911
-0.43194106492877
-0.680780062073421
-0.0864447883819956
-0.265682712517059
-0.334620827720893
0.45744855375566
0.588532528937992
0.443746632305991
0.99161562567898
2.68247377686387
-0.220948235707957
-0.253980313970786
-0.216897388770201
0.0257905127823173
0.384651467486288
0.199822767806395
-1.84419795002996
-1.27047750807853
-0.323821894867003
0.603485676335891
0.376934298103693
0.49305571969861
0.477984007041231
-0.649244781396643
-0.678616969257715
0.37724000274982
-0.386074933284137
1.1401751884262
0.437864761190047
-0.0536231788304808
-0.117436797351044
-0.105059965434075
-0.00863186838691525
-0.556620023894075
2.28991889730865
-0.602805648356591
0.433027954195621
-0.261161479597942
1.22750323438734
0.36610503030329
0.590978852359765
0.882941260169411
0.718614459264153
0.289495141974416
0.588723344228512
0.623534770902737
0.660313716275299
0.0963967537352171
0.331290306690063
0.609851504672626
0.496117819670332
0.491592448128811
1.21690171343141
-0.861202410475329
0.522728798150664
-0.130000479392902
0.590754741483388
0.0566970529551942
-0.353505689580409
1.13963703236874
0.559067609055943
-0.0110512744117589
0.236254433899221
0.480083889898956
0.363013561374823
0.941978259023047
-0.301672154521107
-0.722090987267335
0.439835851853537
-1.44954954006716
-0.545152487388595
0.665426936121023
1.45090793865758
0.429848081391144
-0.368585126328362
0.0268669764228973
0.364210646556568
0.772054314290415
-0.243927794264225
0.406147109009972
0.517110196194508
-2.60908155200859
1.2771199057405
0.416879349591569
0.0776651080952291
0.794962854104383
1.1130735552712
-0.34511918381837
-0.532906544952191
0.679506668039324
-0.347513800446777
-0.170605896561026
-0.307548499117232
1.49896837847381
-0.261220446615519
0.272840085433954
0.504271723566569
-0.667625919577135
0.132444666846214
0.778670547200795
-0.228027096010839
0.743349346846851
-0.870417576245277
-0.667804860800641
1.19392507545174
0.0764951419871113
0.868735737196117
0.729636482423456
-0.674806827252608
0.577663561467623
0.515488388243436
-0.331968636237198
0.501376168491055
0.127501734494543
0.260447870531875
-0.0805443146491756
1.01437669346105
0.277608862063481
-0.680114643898088
0.1381394589789
0.536747251412505
0.381966346517619
-1.42598224019884
-0.70160282219814
1.0100238793444
0.642023360826981
0.34089688139284
0.454666896985334
-1.28052213600067
-2.80276992718275
-0.362742946691977
0.468304900479088
-0.348564123205369
-0.854778530501005
-1.20743386793825
-3.37912763748745
-1.70982589576305
0.595649913542692
-1.31079378152217
4.00956680134123
0.993593994230242
-1.00884962810794
-0.548960016239302
0.767642219153913
-0.142746598746386
-0.862401371492405
0.305071824254956
-0.276370437375384
-1.00453389041654
-0.361734919982606
0.106066294519489
-0.280280467459408
-0.197476394416662
0.451179515556676
-0.282821713287073
-0.174842519988244
0.470869934497984
-0.0616004494724386
1.10242867707107
0.696229938404339
0.129209394786778
0.0473708828568711
0.389888184965238
0.41510670451107
0.268620471976746
0.577895303556274
-0.0807938587015781
-0.187467348596963
-0.0457912687573565
0.861260436607959
-0.19936357717146
0.603891611557049
0.609345342131359
-0.40438893194068
-0.762741786511789
0.0358633074372293
-0.373480801779576
-0.871880486854064
0.079386764629728
-0.409525852211845
-0.829405095417998
0.397288700819485
0.110068899433086
-0.924834747937281
0.726308078613846
0.379017828640225
-0.0815053605689586
0.497499709845295
0.3307443117726
0.667876766559422
0.305875596695497
0.292024840876691
-0.299930923381831
0.572897945243847
0.228607980080402
-0.15099085107046
0.608210070912343
0.489894062625104
-0.28459366129726
-2.00661931809665
-0.189238688008299
-0.643113205678816
-0.0677495128572557
-0.151752690669306
1.75873536215125
-0.314924024103663
-0.626808316748174
-1.31522501508255
-0.82117893921937
-0.0152474117963164
-0.363391844321225
0.112055312493734
0.12784154273443
0.127773798522259
-0.884930245637069
0.0426033142185376
1.00805992299067
-0.106768079106082
0.0594164785473238
0.963603683122785
0.155930554200285
-1.98156834672938
-1.86530873827617
-0.72297389299994
-0.893024379405259
0.267971992493845
0.0210180058317255
-0.516628877432402
-0.501007194883609
0.67260875970268
0.426235312731689
0.364273040382489
0.302864433584769
-0.328827715877298
0.0499431352814651
-0.186088926473593
-0.364092860910041
0.761410523471731
0.120750331617735
-0.796545174866294
-0.21166460580609
-0.8072045694109
0.470960966122034
0.478389314856461
-0.407026275974865
0.237726592474461
-0.862065095661751
-0.177547991901876
4.54999745453773
-2.80704783081028
0.631281145784638
-0.741360409376157
-0.120108323425271
-0.0253405052401462
2.48684960500116
0.476438797226901
-0.622411201493703
0.870515487017925
-1.86757443128928
0.80558307299691
0.227475869078296
-0.346505970471113
-0.991303070862579
1.48142608326351
0.969469066977479
-0.768997641016334
1.35958901965134
0.14443251518066
-0.687407035418938
-1.34638536200132
-2.24248810195307
-2.42933044981125
1.01983790936078
-0.0808740622382844
-0.264725664828361
0.764071764868466
0.156725552622669
-0.249900651024066
0.914181175211532
-0.0235831856082279
-0.155480080009193
-0.0189370677307232
1.11390052366999
-0.741331209214293
0.428541048565523
0.0192435646106889
-0.178866558373343
0.268083360084395
0.220289148341685
0.404202802145108
1.19168206289489
-0.55516819371488
-0.68065497295792
0.637394330576699
-1.09801692184161
-0.463345271217926
0.689260147818509
0.519697629372229
0.226946877175096
0.023171168501128
-0.0402050800967455
0.29788613667778
0.12187610815913
0.55200735727898
1.04874666155827
0.0855967812575447
-1.46583131965556
-0.0372605427945103
-0.637145738416887
-2.22122831699536
-1.36883832690667
-0.182235285462661
-0.68159727174118
0.782195822274324
-1.50368541191251
-0.159665255357323
0.566414004657818
-0.0979984304894665
0.432425992123143
0.884424095145073
0.544991123322837
-0.386575240721785
-0.670935784958069
0.590916922230912
-0.643393962755845
0.0586151413090394
0.554348091364203
-0.290846633647872
0.465526846405606
-0.504509261587984
-0.477751336633328
0.531745735728975
-0.632277786082663
-0.916979849373697
-0.343645411969516
1.30147306909327
2.67730872287781
0.959513273687237
0.0363291460391811
0.00101156584918548
0.258424263230543
0.175329400649346
0.287420432889864
0.351061827684899
-0.241990112872708
0.19662811256526
0.194733706835684
-0.637881148864276
0.0793035665305079
0.228612503541671
-0.0621170884447704
0.184783040213195
0.636899191458347
3.10037819029721
1.22225521333092
1.14245606184125
0.131529566072955
-0.202764033609394
-0.0759504088830716
-1.24372871088359
-2.1092809225648
0.324486224626241
0.382405545632884
1.26471367551157
1.50128548762702
-0.935556058704425
-0.206095021027378
-1.57337892582401
0.33233574157017
0.829656331068371
-1.3360566750362
0.658136593089661
-0.795289224200066
-0.249263816866049
0.902078570888983
-0.837686688650094
0.55705170619567
0.440287680156494
-1.78986765355252
0.49218869178339
1.39545024151564
-0.685655384998989
0.585617504782404
0.376980504393896
0.365429774644869
-1.04548072166135
0.67950542415084
-0.871336511719518
0.580553446300134
0.42271427312731
-0.551630468353905
-0.657091379584874
1.11312493493192
0.189589452709616
-0.0527059519432778
0.391646579480691
-0.0326048555796028
-0.379553543923054
0.53897605980884
0.206082211758227
0.0325140847301513
-0.312006595562342
0.74555365965085
0.387877676852779
1.115595590919
-0.13906862064677
-0.561941785116215
0.374523498828309
-0.489542112053975
0.0829723976904238
0.605382181479144
0.242144168314823
-0.382380400433842
0.595612170142104
0.298056435031542
-0.24250315931933
1.56722843869994
-0.78947678435096
-0.952464538548328
0.00466239888232624
0.385770282089759
0.410719934703934
1.02124934111162
0.221478250760796
-0.425600266405756
0.659129357618378
0.597095138863073
0.354878386317442
0.782537635794115
0.679432276596033
0.604713291348232
-0.264022347108591
0.768891160268665
0.429802582018788
-0.548718606973398
-1.05242731077542
-0.21347816771105
0.830740961321997
0.340903265221458
1.5091274739724
-0.0244099080978193
-0.456529934958427
0.880400961971464
0.948638123767656
0.700340411614133
0.422839076730175
0.280133264201001
0.995229224343788
1.20041247706211
-0.622980566331104
1.00089112625201
0.223934737550632
0.532293699302494
1.64411318071697
0.550770618147928
1.85504483057251
0.269814412165673
0.607424852123974
-0.260366808570398
0.345292234441393
-0.00457249636584838
0.52656846770333
1.02119531776072
-0.274951535073258
0.968308908515245
0.213619050242078
1.34878785742519
-0.531724872938614
-0.270784335920897
0.0380816434702486
1.40279605954065
0.142860385097203
1.13581650055648
1.38127459672344
1.4398316252574
-0.135441918490149
-1.23209307021999
0.0255045462339292
-0.966672707118555
1.02618486596645
0.32058078436503
-0.334932586819015
1.30118846878058
0.711576859558292
0.187356992027073
0.869872742159421
0.437682172009106
0.209952868515315
0.193784435772656
-0.930557807818831
-0.684636679844996
0.633434785685485
-0.41836837240389
-0.383747148762587
1.35971375409354
0.54705110227548
-0.0173599212137364
1.16647130786739
-0.286519726473779
0.258785146372941
0.342092641011162
-0.797144046085953
0.450590263073521
0.332429414185243
0.314352398125405
-0.409811185351482
0.160173380391457
-0.503341563173658
0.012970839538102
0.246948926822124
-0.891864218760561
-0.0136886160860123
0.529706510822923
-0.229842077557469
-0.640972939171365
0.725306831165369
0.637325088877673
-0.245306289411618
0.767452010569202
0.145677590753803
0.462514673966537
0.431985221662185
-0.11446673650491
-0.709966937958573
-0.056952184309259
0.574191529429055
-0.0764059918499808
-0.23450303714268
0.122438466268489
-0.340827747279526
0.540044365025103
0.174715213645962
0.152758952679632
-0.191039086147893
-0.291340724129977
0.0161321740109882
0.963499219794303
-0.0657831497253225
-0.333624150064376
0.920361952230046
0.253812554068638
0.67658534078678
0.749211789530725
0.16531168504442
0.24701560117005
-0.0360087316637866
-0.370908567577356
0.453134379507824
-0.820791362094237
-1.11412693778815
1.28237273067424
-0.314124443315279
-0.122449024632928
0.45465720889635
-0.24896775223145
-0.0395533554867709
0.258492588591067
-0.413375087854774
0.460697651723694
0.423112362035403
-0.248078792914667
-0.495640336440278
0.91148423126954
0.556935089706437
1.28586702196118
-0.0515104082683019
0.0152525112208226
0.713034028130531
0.846191287009291
0.664650413981326
0.290173552380197
1.35176376253001
1.20306545219946
-0.441242632530272
0.429062577765234
1.90303730298133
0.837552991680753
0.462954562181096
1.22835760602815
0.742202248661027
0.830282090310974
-1.88437350084252
0.69767732674217
2.01362460168691
0.626457127772309
-0.809954091950158
0.478549830819164
0.111101059476646
0.530612786016051
-1.15963205892832
1.03952795731991
-0.267506991690541
1.4848191945708
-0.172201874087641
-0.404506745225173
3.26775538590503
1.01055659815696
0.69392466031898
-0.163469208789202
0.598420784636971
-0.165758226153582
0.188406755816777
1.11899908694182
0.867305524699458
-0.518964462629488
1.13770997830971
-0.344488707888554
0.386874466928269
1.40311349563972
0.307484313572914
0.597516296249532
-0.67708601347174
-1.54279627366271
0.712114766068078
1.55741234563071
-0.508541841140604
0.0828325631286218
0.67470572254684
-0.22606947263986
0.496038122323247
0.0654594510206444
0.0275006753303328
-0.139223185431752
0.00785671893911768
-1.16571995993533
0.237168039268753
-1.48395172329243
-0.171580103017132
0.955271401772299
-2.14549326238646
-2.37298023993283
0.337367630679107
-1.04880416033759
-0.233704577096352
0.771771595914119
-0.624464396767845
0.0847183484931656
0.123787673002139
0.173600268571105
0.162395766172363
0.592211238091254
-1.50556042682763
-2.61131152512411
-0.166292211963703
0.617836728693717
0.200137675952689
0.434516404959035
0.194638608699895
0.139161050887818
-0.0238987888051908
0.516455602252366
0.493817874887695
-0.0023721936600829
0.019830582117047
0.0676918008663195
0.326363680151994
0.180554583147807
0.134606912249268
-0.0928870619810664
0.0672328870369243
-0.453899650161004
0.236612282402053
0.194600590968157
0.297892615894579
0.164087039362489
0.0971862538743183
-0.503535108011377
0.172807148146264
1.12954909034857
-0.0721891828007295
0.0825880369333077
0.662623007485993
1.5882052476322
0.242494815186765
0.64805875180546
0.647398290870936
0.552292996995825
0.62317137563748
-0.0706930564590956
0.363495744442036
1.45426866416362
2.20812298049684
0.0427099279321621
0.341895662271965
0.0376128409640987
2.58269422643168
-0.45326144863207
-3.59177148365034
-0.498568359719975
1.05242787123836
0.620857809615149
0.966799096963487
-0.00807071775241082
0.662044110322592
1.20636461455648
-0.580508897943476
1.02012240534082
2.51038698235416
-0.00508085809994053
0.767038855599788
-0.0186658590580198
-1.89757148848636
0.14473221272577
1.55378634058802
0.965239245614504
-1.056991601278
1.43267482530998
0.723493058993734
0.130101426059248
0.496185500180913
0.863898880598109
0.749473476224026
-1.49510389741732
1.4247098173632
-0.825265497503357
0.51517780557289
1.54088600708523
-0.226372579536743
0.366020947004562
1.22711210167987
-0.707999142930051
0.18755901961604
1.08442412913329
-0.166496327134171
1.26431540459908
0.270577690052118
-2.18727686529275
-0.364308207500296
-0.30406145774871
3.2126347120548
-0.558993012199306
0.455703630606644
0.0117257859678683
0.0912500959420735
0.790974461028378
1.49742289588053
-0.4528938433166
0.962483780520803
0.223032731870526
0.179067042681127
0.908588978633892
0.557260745899846
2.01347654074064
0.237216076346999
-0.686522370125484
0.182039837179179
-1.5051122665456
1.00428572956851
-0.375878182672169
-0.6144994388524
0.101165792129039
0.184756539632915
-0.193328583189748
-0.206499681564845
0.676804620785059
-0.796546221673296
-0.430783402560271
0.227634665206134
0.52100793552605
0.261751509037147
0.843906615505599
0.640434986631097
0.268909579868867
0.801921104964868
0.282664386136696
0.798276824456626
0.229197185057115
0.54097105396481
-0.258955244331737
0.0608264950954506
0.853686356652076
-0.404563764089912
-0.0763952642839505
0.544840059549556
0.136049003390469
0.537030641855011
-0.25209908458203
0.577906787645479
0.0699572732298445
-0.244449980884314
0.978446125881334
-0.0267964541042277
0.00847113102938029
0.26816797641979
0.479120628349835
0.0233199930947261
-0.0178729824731563
-0.17285207368678
0.354392900257844
0.0181669676962156
0.170104539796113
0.634875103618665
-0.0782481292905654
0.260828504706053
-0.227156182617953
0.123720444151357
-0.229768701738402
0.156148369613267
-0.724162179958296
-0.250128006698757
-1.91602376515091
1.05850988121857
0.256349438540581
1.20820622427263
-0.566611860360478
1.6573778304997
-0.494357221050033
-0.181658883039826
1.1875697060773
0.0270853816659138
0.658628536834622
0.762646634649762
1.0237841922381
-1.38335043090125
0.744334898510285
0.539777636891876
0.624056115317363
0.162810664854769
0.54316211964428
-0.47692537847374
-0.509025716362371
-0.107462461526818
0.31855726898796
0.935288155134116
1.70823087741165
-1.17931148876146
1.61755796248839
0.827315924069942
0.409710998770924
-0.0315019969306149
-0.235776310805399
0.691104312470606
-0.0771121150711556
0.0893052632473239
1.62660135290673
0.128621632898016
0.614352108032282
0.0601213181239199
0.0710827752654918
0.683983689841602
1.08545450349058
0.256754559866057
-0.380217897343859
0.419507445275252
-0.435466051111625
1.51363941454356
0.900144485700578
0.0248711736065426
-0.355624465731355
0.697054100107337
-0.87301590676044
0.383352440965882
1.03473656738909
0.242643304209499
0.234273950954661
1.05830550148154
0.00170216633260506
-0.22039807287659
0.707936633382448
0.0966782653246493
-1.00686639117707
-0.0357940219236211
1.29031191532815
-0.473140607058215
0.136477501905449
0.763802887398481
-0.879388489085732
-0.677362557963773
1.05194220643908
-1.3537041945417
0.376566933516291
-0.24988466605807
-0.264675517711972
0.321580062487124
1.09398711953938
-0.0650157435424365
2.94051496321194
0.647377226439244
0.196018914524134
0.136745459224215
1.34991854069101
-0.426103912110946
0.194187265404452
0.720652827450002
-0.132327000247056
-0.764033622381869
0.619937678202256
0.460670815068464
-0.15550040869085
-0.149664604129899
-1.31484850773667
0.809169599510115
1.32520435827658
0.0673331888452355
0.687201828011513
2.46117336139837
-0.0168556716356858
-0.368726862834026
0.160056481889705
0.231839700203521
-0.214121054438274
0.0807869900049668
-0.126603571472186
-1.43217383407967
-0.0356421878465384
0.210084127525313
-0.231243558251718
0.28293844232226
-0.140373092884329
0.0507944725330964
0.242635570029013
0.529753130260839
-0.166570826394753
0.897807361781052
-0.256506902386558
0.137608395475045
0.560796130546324
0.127340685927027
-0.722887164993692
0.254740149634851
0.0392208961431403
0.078967174751363
0.856619526172194
0.228482319629964
0.807502785275024
0.906448195066848
0.38260203217766
0.0998293896127788
0.837476157121019
-0.131454425287898
0.298691820275206
1.30530607610263
-0.123562967042276
0.0205317028627303
0.434354113019541
0.251194020947083
0.23298207024322
0.974031966870426
0.480490077107384
-0.272660919392404
0.432467526668643
0.384566469257774
-0.196591916249824
0.543757504127243
-0.102266554474744
0.311436527037001
0.361227204324639
0.169049530611245
0.689444391057847
-0.210728615070565
-0.0590476743415617
0.821138678535418
0.0689106352171508
-0.133930040952488
0.723592397382375
-0.102241997093588
0.112533250719516
0.394899118358521
-0.170905804282547
0.34303991267771
0.123799982274111
1.02881889457847
1.03158872694104
1.22275764919919
0.418206421329257
-0.185958871779237
-0.0670628211424069
0.247570254873177
-0.310321736037267
1.21203738672049
-0.260957506319751
-0.101456205819968
-0.0577768213725856
-0.208967902938672
-0.198067927075034
0.538593468326799
-0.711310575011857
0.448091654846935
1.68974161421933
-0.737511536498944
-0.507751283745449
0.327781648962841
0.0500267849939509
-0.570922499541983
-0.273078529689862
0.059682012965091
-0.566332676458648
-0.358749280520043
0.209264867074646
-0.404408388009619
0.201816529142853
0.446614324623697
-1.11761222819986
-0.140064369332134
0.538158494416557
-1.42427661235378
-1.37238964678079
0.909850725088832
-0.269630832202462
1.06645162757453
-0.942473153482882
-0.185624954579994
-0.302092442547331
-0.289264725388171
0.281915013335695
0.722452181881385
0.0291687279206531
-0.178671971243701
-0.907692492242135
-1.9983776924047
0.50275422387692
1.03115990067968
-0.383701953515034
-1.00560898107897
0.941535321488914
0.519104926657328
0.786142044792118
-0.207758688071041
-1.01643996276011
-0.357975976565819
-0.653335416569302
1.17671124313045
1.08579366859525
0.319410549769757
0.342580164547729
0.0445804859029149
0.38559098562083
0.405958819928062
0.127637362591185
-0.0773836871839969
-0.176051009403788
-0.218205943488744
0.281656841453219
0.683778122582985
-0.0227180244105222
-0.58985692362304
0.406108727586916
-0.20897607564205
-0.875691357730385
0.209367586645142
-0.298862346534706
-0.617434438001687
0.608186356411233
-0.184840616426102
-0.672126637447726
0.265257827022364
0.443079495911989
-0.0537193505275634
0.983596387041776
-0.207253563698565
-0.873964554957505
0.639315971442494
-0.199246978848098
-0.0902811716408109
-0.521736205432101
-0.71973929193671
-1.36930207009001
-0.132263719054113
-0.22068021711746
-0.511471472593976
-0.390674844107595
0.0388743013078274
0.086343530032242
0.693302291755918
-1.33736474644288
0.017424151333665
-0.269576994196251
0.117656591077731
1.05995544135978
-0.588358588407688
0.356835783216293
0.607413074748698
-0.486338654520565
0.24359894338155
0.544749605934285
0.423355053951334
0.0424326191798935
0.414980969837819
0.135404618346966
0.200477063535879
0.875733777344639
-0.498932785087623
0.240975417214285
0.46318538859751
-0.222611507548329
-0.18645579244956
0.808740158934557
-0.436953618400861
0.501546853220443
0.126581664105014
-0.431885013129166
-0.0729882419958646
-0.11997071935564
0.0580342206557755
0.569342778465449
-0.104257478970495
0.857294255319119
0.207560535239348
-0.160573964820684
0.127187026435141
-0.12019687823395
-0.502221909870552
-0.604273093495865
-0.137227266022261
0.462799607018984
-0.759219662435986
0.410217418361325
-0.461569572885599
-0.276018885496793
-0.141252098906344
0.361123726734724
-0.478788645108511
-0.0584070998999485
0.12426315939748
-0.0851288464050568
0.0647188522124869
0.727155689618283
0.184105873215561
-0.111575944336379
0.61007792835853
-0.256626168774232
0.160961225110306
0.122686700621033
0.171815474852503
0.644524240164637
1.50547035496367
0.131771172988888
-0.580949763074224
0.565853335969796
0.194838855940593
-0.131241047027036
-0.697565864935023
0.180629018976233
-0.651578945607938
0.852045369280027
-0.439424349420679
0.371429029945433
-0.325977056803907
-1.75164698223378
-1.27552832931838
-1.43252854916132
-0.916708697961842
-2.02774197267014
0.507543982922994
-0.94557234110803
-1.01648542452002
1.66775026575118
0.928814375079822
0.264612922953769
-0.242491088336253
1.01197460925932
-0.367661562296369
-0.460131723820958
0.0504868235268974
0.331869506257813
0.676803806449134
-0.160779041227586
-0.296214096341636
-0.444921248072574
-0.1253979625848
-0.259985848114046
-0.64440655905349
0.605961365198521
0.560458737939421
-0.491317406605783
0.279993606287992
-0.24759899384536
0.913046852791928
0.884197309771289
0.95367793228109
0.807446315622765
1.01566286933426
0.296483139244802
-0.709512385835287
0.786845185091139
-0.0437915809777231
-0.387773651900498
0.913880397344398
0.240785059488704
0.344337950222475
-0.791580575317229
-0.497686457554881
0.568801792079287
0.437878494748773
-0.0860331798351271
0.464193979818204
0.0697251332981559
-0.127752117375043
-0.169842123818368
0.999716336180228
0.314688832470661
0.945454229412677
-0.11601200397569
0.658617644950175
0.49403599203725
0.201066258011714
-0.021985374198359
0.456311604206196
-0.194991576290066
0.830741858988493
0.807898726729943
-0.622106536305338
-0.161773076798706
0.444207016957446
-0.576819278211703
0.190887355773762
-0.0897791167934398
0.373482844680199
0.640687881030128
-0.676674854084846
1.18387092249928
-0.810089808711373
0.0587421358873288
0.212342770736448
0.186279238486555
-0.311501179381539
-0.563378051140809
-0.20790573669951
-0.0740920380768223
0.189281665097723
0.133570685663963
-0.559110215923533
0.608876310120828
0.0948318074878313
0.100922097199405
-0.404458163969702
-0.173905608721048
0.043575561978139
0.0783602674313527
-0.053456510408682
0.121030538228158
-0.15337678635166
0.0595379540493979
0.168845305058436
-0.0906644554836942
-0.778200826065032
0.885692545553208
-1.0842707325892
-0.746837365869324
-0.204492281012775
0.321658953593742
-0.427195978181206
-0.00651492529062565
-0.725742531170354
-0.916189696562175
0.221714961561763
-0.667168757929269
-0.23462028375357
0.376241511108768
0.00878553434599689
-1.24181689501138
0.512792778222577
0.60739056171753
0.149968671122104
1.6372965744884
-0.0442518769525857
-0.673785789144321
-0.223923772301942
-0.752138070588495
-1.18587623509706
-0.0103030812532553
-0.638752042491563
0.279077257015371
-0.265280707667934
0.0281926097232215
-0.526840745596494
-0.66468138182151
-0.788011236083977
0.0932209793896073
-0.241976888457076
0.0940830299689922
-0.678267927897556
-0.626679753452157
0.314362149871976
-0.327708078117244
-0.557250204151966
-0.143292946447442
-0.521112233093056
-1.03681631351057
-0.466315151780124
-1.02862546753806
-0.585770079720442
0.703836136689212
-1.86943522235954
1.05152761891395
-0.234843073932715
0.0749680123791542
1.03191185363962
-0.0334669037029573
0.0923534459009592
-0.247786506412947
0.386675036607463
1.08364919370736
0.151126896823967
0.201100334748663
1.0572983777862
0.0108135467433881
1.43620189132552
0.404720915033908
0.401407617995757
-0.123681272821792
0.217892588096648
0.766282901432894
-0.974125347745989
0.0400502762512728
0.591685497673793
0.140345188171667
-0.0360729614066379
1.13100309565752
-0.626740015313515
-0.46200538483573
0.412829059045195
0.278598570352237
0.551117807961475
-0.123670114926087
-0.261600714657613
-0.24614127947504
0.517671548645516
-0.128049325566646
0.489100208649748
0.155020175828544
0.416130479735338
-0.966586111478517
0.418688303409864
-0.370141489733518
0.511600398499855
0.00223401356954351
-0.518923875008646
0.0243547868032972
-0.38270953486207
0.0778185114069671
-0.398446278883931
-0.223336389500642
-0.873940093625659
-0.801864657058256
-1.05278269448369
-1.0357397739861
-0.351688167533502
-0.781525485719523
-1.00756155457971
-0.0384578457836879
-0.432576057592915
-0.381947000272168
-0.473063536565334
-0.18887423012608
-0.678872832992108
-0.426223837380596
-0.0812153950993322
-0.0773822860452196
-0.251333627072587
-0.481399011251847
-0.568742794605271
-0.171049549163945
0.577682904603136
-0.462349590546658
-0.454888007033696
0.734714168964236
-0.574365978998978
-0.716631853310613
0.111496433232778
-0.286118527382977
-0.379259236677232
-0.924854194638961
-0.776680853891351
-1.01066638072639
0.063471642359475
0.0662545608168996
-0.298077038884509
-0.625903417957854
-0.421768788634361
-0.448378048737389
-0.737595413917708
0.160675326586544
-0.106709414786699
-0.38997624259721
-0.0597000346959393
0.00781020754796197
0.0178949585769892
-0.123334294464488
-0.2729616556218
-1.00888999943756
-0.0724442416049501
-0.291183207259954
-1.60758914931144
0.221748285596818
-0.4288876509249
-1.53369124965834
-0.552561954897018
-0.312983134405726
-1.23086072456679
0.241380748145741
-0.410184209688989
-0.9958946630146
-0.730398198836886
-0.266427926231069
-0.51648001990781
0.151525668356346
0.366481930325556
-1.19615511157785
-0.328233649480852
0.127699501246588
0.76932416653721
0.182262127370099
-0.130964268308991
1.14871625626349
-0.0981422941336851
1.34112894927198
1.87289165681629
-0.515408124056733
1.77048295192546
-0.170929266668733
-0.758537121657662
-0.791687707037516
0.670741628930938
1.262988014712
0.203037025117645
0.553335115139511
-0.720304817963253
0.26600932088128
1.06375902991617
0.0556881563055979
0.89507471055501
0.646621865212278
0.0336659211022649
0.373587595069699
-0.443638868087461
-0.29309423066023
-0.424031460821159
0.0831694697489372
0.0840540724047819
-0.154800954584561
0.103095663394392
0.71629333690265
-0.282979426115592
0.113997390105392
-0.607017662043983
0.244898905703152
-0.47239361878101
-0.0206864414102595
-0.4965470803987
-0.544643546994938
0.239171218671182
-0.531974852531735
-0.377145005682761
-0.321771840909256
-1.08143921882552
-2.0795191663608
0.747264308078199
-0.625236160869833
-2.09365952861031
-2.71002525237866
-0.415074324128753
-1.08641082871842
0.200953619216746
-0.420269179209968
-1.71863572997698
-3.45020618630557
0.586299291116437
-0.504941173715731
-0.908987321814298
-1.14675819515854
0.757735238843719
-0.826960798296047
-0.5538527897736
-0.741193798094325
-0.153341425247165
0.225738455128552
0.50999170640645
-0.858489871869995
0.579157313842501
0.444793153710659
0.172636558997554
0.133509678242348
-0.344812473444588
0.308333672016605
-0.602566755617888
-0.0774573971528126
0.415727701914009
0.773953747421393
0.106709940774334
-0.0683326764549041
-0.162775384572703
-0.324868696818629
0.229343908682303
0.128302923013294
0.0981117289814433
0.0108349480053269
0.358954209648695
-0.280796693375678
0.601124069965995
-0.142787124767666
0.111671762053049
-1.07622141337171
-0.206568107400856
-1.17040925080934
0.264762535271231
-0.168489480256433
-0.812347682999369
0.0306283759306984
-0.522732915660097
-0.114175329133543
-0.075820094272295
0.820836280433456
0.130494842731851
0.652838410545283
-0.318591581182327
-1.6376023239295
-1.21283874873872
-0.13966974692697
0.0589696172076056
0.799270623423902
-0.332369455205425
-1.45313178273411
-0.474595642963956
0.00789587531208374
-0.771276135218654
0.821739179872432
-0.431388574095902
0.553567777818988
0.347718174043237
0.413483340279794
0.909497994448527
-0.554486958500261
0.592258249818134
1.68907466111602
-0.133302015050798
0.13606553737233
0.068400159538728
-0.106884580144494
0.555214310313008
0.814819479812473
-0.1411628179407
1.44324256644506
0.0960300862278272
1.02175056080061
0.418656191477715
1.05791179206115
-0.280330548682744
0.353451585118566
0.329225524144721
0.52790454022247
0.656178713442273
0.858950097772219
0.28940614096599
-0.0639651719523734
-0.133326670662564
0.0843924254043221
1.13776390187233
-0.2417076441437
0.0858899700684203
-0.429054306726556
-1.27535894133706
0.665837891000886
0.146576423751809
-0.174295419631613
0.150036571640629
0.307710498773522
-1.50374315037988
-0.114685931627512
-0.266117023991154
-0.365468616284295
-0.480826442877402
0.729934649007063
-0.529333988130077
-0.446912661410566
-0.722568340299524
-0.516597589029707
-0.227855295392587
0.535737963905384
-0.6817292155029
-0.519462282969609
-2.99095784418695
-0.698866344233967
-0.325888138916419
0.211228755641654
-1.5524430996088
0.0177233747908996
0.116767691169458
-1.26741258458463
-0.960623328227007
1.62675752672766
-0.208832739642322
-0.242581686312439
0.43381888640394
0.0192717656156036
-0.548580311000419
0.539831887534327
-0.899174129395838
-1.01556583327442
0.129986669623601
-0.52949333320062
0.185739412228094
-0.313312206268705
0.883264139637277
-0.657157544976867
-0.714572890726554
-1.23409108585134
0.260982890000149
-0.331809115742264
-0.781049614678662
1.4567129900781
0.0249386366968904
0.677330129713938
0.520522068639405
-0.0553503093116802
1.72652894633795
-0.755022097005999
0.487141935983993
-0.186860701874372
0.607798990184907
0.578635987262533
0.26001890709689
-0.583846476074112
-0.0192411591901722
-0.171286390781531
0.307324620278715
-0.00511540543135696
0.217169621639121
-0.249129689778337
0.35142713833723
0.217568659445241
-0.36196969664496
-0.291813269433783
-0.23188960461762
0.0963851930087379
-0.219750273109745
-0.438000541691336
-0.358229964630126
-0.158468637581627
0.122416542418291
0.355363326619131
-0.0774192139090847
0.323035099916702
0.412600059444397
-0.0948874326735197
0.693843035155769
1.20256825852279
-1.18262574790602
0.417217259780175
-0.195660288214524
-0.832396121411584
-0.0217946479011781
0.0917687850686854
0.0540481636858368
2.21702808943083
0.768841255779569
1.43406235739593
0.771667685190979
1.64689274651441
0.743239539531095
1.22470591341886
1.42415870573214
1.27752466243148
2.11185948505851
0.556196391345385
0.356038058453763
0.0201142976095417
1.03947560666974
0.82620245169414
-0.549196993392244
0.819614545162202
-0.122231530913379
0.0674106743905224
0.225133717670742
-0.0550502335144348
-0.994877506824156
1.19718432532239
0.0311147675542706
-1.44140855815031
-0.474599428207036
1.60013244176994
0.307549493997737
-0.387653970416321
0.626663304972934
-0.0396525881512053
0.0128999776110341
0.000241807243783113
-1.34403023376903
-0.0886571461973365
0.732483642516623
-1.81488018470094
-1.20471287375859
1.06656066257022
0.179875991629974
-0.0869748414534583
0.74899822614627
-0.894840623649744
-0.251635375661839
0.86732100115212
-0.018333270144662
-0.0552938991091176
-0.457029235065816
-1.56903291788231
-0.0878621512092212
0.181055403936314
-1.60494163326588
0.517897578188532
2.03578814486956
0.00290563342567149
0.024582970073823
-0.116609352468524
-0.608799659599574
0.00950606963426661
0.109173172445582
-0.621498109256586
0.566036221721837
-1.11849499611348
-1.18156488911095
0.634818425053568
0.496495631148756
-0.761344867057536
0.139117609790709
1.30698308804276
0.295602675406541
-0.321238937935512
0.477600914960213
0.326294573939125
-0.47586632101214
-0.097864170056368
-0.864128504037844
-0.428352868359248
-0.208931113247443
-0.751585932417911
-0.286781576195321
-0.204521609316513
-0.153630445892836
-0.402942920111914
-0.626040588855619
-0.0940514766994155
-1.01222166155331
0.119404095384306
0.150853078074861
-0.301036486561029
-0.0846155298895388
-0.21495247084907
-0.452163780655932
-0.381860735897528
-0.0985520286708144
0.168071582107728
-0.384910405941101
-0.365030457038587
0.262285716326428
-0.203737562170332
0.0932972854878575
-0.0652637246695178
-0.237487019567215
-0.874789580551264
-0.0156589531600817
-0.513810564150174
0.0570100381061778
0.97219562818739
-1.17112128324885
-1.43017305898351
1.41691963305493
-0.306861648975595
0.346328923726342
-0.0201129119482066
-0.264653975003401
-0.061552195428092
0.125126126419363
0.279523317601392
-0.0226204933831282
0.390406585785677
0.252429932383654
0.728435337575624
0.230233780370036
0.382598231765455
0.492678928493755
-0.289116441892793
-0.093058136546032
0.791515928547638
-0.268463345404414
1.8039243198274
1.70382397111053
-1.3994401106537
2.36097728348533
-0.653241833914719
0.362754483952782
1.4035326365212
2.53343989655383
-1.68499630491877
2.60575705048807
-3.13062311499305
1.30278136585291
1.76463142390483
-0.558904009281017
0.319851081421146
0.709657346702015
0.0731343802630301
0.426498468374652
0.448996774278714
-0.149838080601489
-0.00734397754151837
0.973446804527847
-0.617078163234848
0.556359900437341
0.287203125719932
-0.712961990041286
-0.365122423856837
0.670419965023575
-0.663045022006786
0.300418496343484
0.433567318358119
-0.609775513353535
-0.42175718378296
1.08877826824157
-1.6201851357715
-0.103485246029715
0.245173999227347
-1.23376109209192
1.67671373376784
-0.299981599663314
-0.656045028640661
1.00276998389319
-0.142556156959456
-0.532799977506402
0.662118229689147
2.81284941649358
1.23315140994421
1.51405115119218
-0.134988711644527
-0.681727455744652
0.473241221500823
0.0417725372391824
-0.857877706759205
0.0209309565644325
0.0381772143633074
-1.01552663694448
-0.0538292388452361
1.9784872929861
-0.937412686952766
0.91109712620255
-0.567660393105788
-1.52420039605511
0.118333524426963
-0.467306862158069
-1.13094267920154
-0.515847888607508
-0.797027763270904
-0.900435268462836
0.564506230394507
0.54597990426555
-0.77072233682585
0.335797485063576
-0.234238967571817
-0.847191131360507
-0.0808716898649376
0.137200442505124
-1.05005921322486
-0.513713975740325
-0.0535057691644253
-0.831140779957882
-0.332412511318973
-0.0595412165486396
-1.0009618332802
-0.296434216383814
0.426334014700024
0.0135221574350779
-0.197629265463129
-0.0258009063418217
0.897364687861747
1.61412224454053
-0.40610317763132
-0.13370531687917
-0.129601787570898
0.0528770859378491
-0.904354545540696
-0.362286515282578
-1.31880991715521
0.398891678984675
0.0336659770050793
-1.67258085806601
-0.669452047566394
-0.204588529069108
0.404709179424729
-0.578157550906207
0.110294104424394
-0.52252510773256
-0.738257184271447
-0.292435618622798
-0.040246043185959
0.717644333949456
0.314951899325318
-2.33847125091369
0.502066383866063
0.199529567608579
-0.328545304427715
0.0675640805737797
1.67867961665218
-0.676932992118471
0.772511848554177
0.0413114209699454
-0.606798637018658
0.63100277510891
0.712196275072097
0.482211143671289
-1.07099734300143
-0.93674452434027
0.304794276504629
-0.173393483466431
1.46531899954197
-0.277714378582223
0.503956962949313
1.8878925907585
1.0436309784064
0.309618199709869
0.316801334677083
1.22986646937073
-0.451594053343395
0.147290519226455
0.481492346623683
0.887061764127095
0.239008258859878
1.15833855766017
-0.0279962802291194
-0.0928497722159163
0.943315643141551
-0.309382794925313
-0.349889272173497
0.280584844289631
-1.04497092823804
0.157465087755723
0.0504754250000777
-1.3208703657912
-0.9949217631541
2.26640370586784
-0.881777575233364
-0.0431329976430317
0.479285235935381
-1.29287453253515
0.15382795140811
1.74330578113636
0.297588229959302
1.10780316120468
-0.142777410988135
0.930416296554256
0.28865309927993
1.52461587898918
-1.46822207064835
1.75338317464736
-0.614283417031731
-0.157564348909912
0.398201684025284
-1.58173163216316
-1.16816321874948
0.185739433795744
-0.985038590216854
0.454187105783012
0.220950958440322
-0.935940371760468
-0.573886793293198
0.685848617829389
-1.31900856406109
-1.25330116235932
0.483609521583787
-0.221568669839739
-1.04936130014486
-0.435704263764627
0.834048781480522
0.365141810572555
0.334307954256361
-1.52244447105019
-0.833290267627239
0.89977010823634
1.4308533799799
-0.754456606650114
-0.118330535877786
-0.0576554430066205
-0.42027354854596
0.499019791542562
-1.87030974281271
0.467731945074801
0.429421847701543
0.869425149309218
-0.655917972110484
0.0058853742473998
0.0565071451193738
-0.388939487054016
0.686569305753067
-0.551669459448498
0.199207610263238
0.491177291064017
-0.367615914361904
-0.787376755763206
-0.242446294690601
0.177828817565401
0.0445903356806804
0.405976373304968
-0.3014063534281
-0.502461308291306
0.845630950539242
-0.0640828659931222
0.142427328395688
0.469611956767938
0.401444933555053
0.269097951183308
-0.0280205305180514
-0.428049163046879
0.336862760073159
0.598614609606803
0.427460407029662
0.599751456733417
0.616610239816278
-0.254127279156259
0.235189515581952
1.41368552872988
0.199856951300195
0.159913494082437
0.956421902772248
-0.481445894590035
0.00558587251807089
0.683804639669517
1.43977056070545
2.46100699142903
1.58994274566703
0.0848696151810052
1.45909696872139
1.1975397033565
1.15578210951224
1.24084233236364
1.80855445247539
0.00844161896366906
-0.361161525092521
-1.7482474265413
-0.000388801313054732
0.535591796824944
-0.0645902370332215
2.24605241447695
0.132768572632833
-0.912717500090278
1.68456053437177
1.69229917070456
-0.375321529951689
2.08403172797131
-0.942012499152578
-1.1985154495824
0.166039896061554
0.720917847017976
0.43895858658288
2.15705102692571
-0.934333666640904
-0.530172099296255
0.684436409213533
1.13035117812365
0.246524748300248
1.2323258984069
1.04288840621783
0.13957134729797
0.127795595843111
0.97708848557238
-0.442133308892173
-0.824951366608854
1.96068160290456
1.96122659590656
-0.39020368813732
0.284435879086051
0.964605193911433
-0.161398485126126
0.721546856442068
0.819222531387603
-0.623035051150657
-0.0793309322667321
0.171840599066882
-1.221377025745
-0.579781994464982
0.646821820837601
-0.836673333909839
-0.732214602820038
0.722935317777914
-0.374227178709983
-0.251612198855516
0.788581859169671
-0.260509454219863
0.563286268624112
1.49627753453997
-1.36371466003135
-1.18368811568315
0.337334093353305
-1.45911864160614
-1.31414310595454
0.846872760279597
-0.955088660055716
-0.566592762825884
0.491959261787968
0.0376958119273732
-1.23211245690586
-0.204767402537214
-0.0465583975278825
-0.223032308884151
0.42515504188533
-1.78857886215151
3.17059448135292
0.348423593767446
3.13591127436137
-0.508807271320074
-1.03429690213526
0.4398416167897
0.0158661194854744
0.461179258113004
-0.968867316372244
0.689370260259477
0.41910371000912
1.14252030413549
-1.90604284242951
3.73599822163983
-1.61924507404659
-0.983386399211832
0.473683972165383
-0.553712418915689
0.181395119197527
-0.369270623060056
0.245548617922195
-0.100789446876809
0.897742327782901
0.429525139744416
0.0345184088108146
1.10050089997319
0.194513463083183
-0.207126194386645
0.557061635667721
0.472215453073557
-0.450245375127382
0.869726408749994
-1.24488190184634
-0.040838407623133
1.19482776064402
0.401030187179499
-0.318716459286019
1.05204880170964
-0.0765136472542618
0.0651632020682689
0.928132571137615
-0.129393757970302
-0.137615338487241
1.3820168731023
1.73747645709282
0.119564444798434
0.317547400330986
0.691394607788385
0.392870038754613
-0.249573122386058
3.28970434879642
1.26784236069072
3.00508923302796
0.765674141919927
1.03666200973047
-0.190810435055954
-1.45062232407454
0.620170800783078
1.95798946986578
0.576408332419112
0.751939633081375
0.0296284795354364
0.138172367343985
1.31859865811014
0.315910895856395
0.0742142519838501
0.8719698168902
-0.527360687797943
-0.752467723055753
0.415323060394778
0.507897756862923
0.344168602491859
0.802741833277352
-0.299225733182487
0.184045082150717
1.42369604879093
0.834426660224423
-0.485037011900203
3.1023250748428
0.460243954145329
-0.450403553327497
0.644803485285368
-0.508630508817817
0.545594865303184
0.297732297525101
-0.263645187972631
-0.242363673093727
0.638436982580373
-0.66170534100295
-0.870897751683426
0.111982894591351
0.516421223451847
-0.501102159969908
-0.404399976962738
-0.0280989183140837
-0.0370705005977176
0.110415277676415
0.76534385960482
-0.603583579163082
-0.308189431589318
-0.25529097445893
-0.213944518248701
0.634787321104712
1.07452836480133
-0.670995660676877
-0.578050805000708
0.0481452961923336
-0.175081935375169
-0.49466959281164
-0.23761107825809
0.0963766653597566
-0.585963004895387
-1.24551585333188
-0.321617361464454
-0.577916685396298
-0.543470773756854
-1.10589105575994
-0.113916763787265
0.443503175965067
-0.737227274497935
-0.0188979451148437
0.509666503708294
-0.349664688755603
-0.415059555271338
0.260929350405523
-0.427906245269029
0.579712975967184
1.23363186140624
0.111867627051154
-0.455016363106194
0.192554875885893
-0.463975969924572
-0.39615652037698
-0.0351959244488311
0.0330628778564272
-0.585488946175158
-0.474608866715309
-1.39444428260552
-0.0354059245261579
1.36411650353761
-1.12887316950933
-0.0948048860614563
0.577562777742689
-0.131921993931756
-0.846206522619069
0.343793312984114
-1.18960837395679
-0.347286450202864
-0.0929436485833099
-0.464769977871083
-0.0321574186125602
0.542249040227899
-0.668758741943834
-0.150268317320067
0.678799061799197
-0.651729087452055
-0.060556566166349
0.734939034042918
-1.20402101223615
-1.13330251493874
-0.0665819167486847
-0.287731835750119
-0.855988737167751
1.17641736982247
-0.168997071702202
0.0307698829100569
-0.0372437703367946
1.31719584629035
-0.0826250431152732
-0.715394183227017
-0.919667383636775
-0.431333773853103
-0.263643434518686
-0.561925051546311
2.00318654331892
0.491392753825049
-1.53571881193984
-1.25046475577013
0.925408345877036
-0.519205612048217
0.487232419637748
1.26278448522467
-0.385255112287941
1.06563603723521
0.724952932741304
-1.89120488607666
2.39663896280723
-0.725272626723496
-0.0254733024556075
1.10708178184794
-1.13722421395607
-0.159918326256535
2.19683737316625
-0.434234903299755
-0.765193890806791
0.712286878087138
-0.0608726900713619
0.497585796707858
0.865649834252394
-0.0687545866427699
-0.257921160319097
0.186597949694176
0.141937273956178
0.0238051107702509
0.0882563401942685
-0.0809771334706894
-0.252126823225409
0.806199173360429
0.11477513227834
0.116899934744674
-0.191140359951054
-0.23256459407512
-0.444589623660474
0.175004935917195
-0.350487723342949
-0.69350935612915
-0.00373176199273371
0.118728797671856
-0.211344494163303
0.137254152528189
-0.584597136916493
0.900157053703087
1.91513140360911
-1.49140428394463
0.415982222604278
-0.464538001925519
-1.06474023278505
0.117333824712958
0.138634803296629
0.398247854759526
-0.00523805129614685
-0.119376004750321
-0.194669744400691
-0.224497782759179
3.0160408773511
-0.858264027553785
-0.301742435329791
0.0804336320423358
-0.195674764500515
-1.40043998226734
0.859169997829846
-1.72158226034628
-0.603163077959357
0.0180738273478292
-0.362843183894484
-0.00400406133116726
-0.112182297707045
-0.280553789062176
-0.701448092330738
-0.562550414404844
-1.13679634748179
-2.03133696154857
-1.44363613457298
0.26301772556475
-0.328301580042801
-0.389811213056395
-0.293599464063636
-0.0835169528453488
0.328042157295392
0.0725261268806129
-0.533787389109607
-0.869192545084731
0.37255961597588
-0.580178858737117
-0.320907829543949
0.814261724304414
-1.0508568143769
-0.647142184228454
-0.701312458323728
-0.898337390495923
0.146071881424248
0.0682805202744497
-0.1919383381571
0.180645818816131
0.195016798064556
-0.808921490365705
0.785329219404096
0.846592431402107
-0.537709811047085
0.151407226188488
0.238935940008224
-0.496627752599424
-0.390686562042536
0.422060584242878
-0.0640162204474188
0.626564100198893
0.115520205247175
-0.613579435378938
0.334697012726803
-0.660053717056658
0.754774574626914
0.522733547784867
-0.356580183224961
0.462275118510923
-1.68988000734912
-1.43375262325955
-0.0293351941832435
0.723685725104162
0.617321013301007
-0.701666984850744
0.925170210117304
0.0548252200714703
0.22591827004578
0.197660495661533
0.352713894259671
0.00765340207753075
0.580593051600364
-0.0487061922943432
0.423910322711328
1.3905223946223
-0.97203448865352
0.301798791893517
0.203119570901418
-0.0472690334678917
0.12195945377684
-0.047765149790633
-0.0913554372092266
0.0946529753954541
0.42091051179398
0.0621073791274434
-0.358445486283733
-0.975532979501898
-0.182761674734188
0.334394806526306
-0.522849102157824
0.597738914529681
-0.0233591675332715
0.111518112396571
-0.908694476480527
-0.233087672582723
-0.47728449359907
0.0261586414164507
-0.0493527269845292
0.121970617745975
-0.0425144019695029
-0.178969844427176
-0.27743504984447
-0.73954622483932
-0.06031032969842
-0.187024292365787
-0.679433492794884
-0.641750599824746
-0.217804536116647
-1.21336190969444
0.493440075257584
1.90411785057581
-0.440560791427823
-0.103542654113543
0.171743130528087
0.202663017511103
0.210741851969764
-0.128188510752614
-0.0557557966573747
-0.496884011062533
-0.139646394561735
0.115201890935668
-0.3351842255546
-0.35396844692303
-0.110720709944644
-0.366098405950112
-0.901934262013738
-0.617929116824922
0.245996317889867
-0.263069746370124
0.00215486944213033
-0.509338272286837
0.020208727833889
0.068416069788837
-0.516871347280836
-1.36392967424451
-0.741821966197931
-0.856191703248661
-1.18950234598612
-1.02093962990263
-0.376504475846023
-1.27784049785773
-1.10439054120555
0.450529192146191
-0.239494427450699
-0.597901967623347
-1.36555563330583
-0.254581905914754
0.354645258373625
0.0843750569612888
0.0585254193984711
-0.79994071169912
-0.504354766693196
-0.557118242788759
-0.674573098062087
-0.68315505183634
-0.49556321621897
-0.0058504774232827
0.00881219841425682
-0.0863657880473015
-0.296453437609862
-0.466103245231002
0.634963154074956
-1.18041223903643
-0.891367097403791
-0.0820962200106822
-0.263714726225557
0.338853097382926
-0.197593297270381
-0.369400520031568
-0.479953105945506
0.665353412433298
-0.311200725153179
0.338228136416952
0.114758651552464
-0.246093671854098
-1.09411778340993
0.0287219107327509
-1.34106463529896
0.375790718633867
0.61436601351472
0.144541920460487
0.368505692399447
0.269952487428926
-0.193555418601946
-0.0618095074843312
-0.389228757144014
-0.0774043025152038
0.0417733470443604
0.0031834468293105
0.424502888828688
0.679636149985773
1.06648865471483
-0.155972696291875
-0.42751911962203
-0.199769193168989
-0.480129586837385
-0.0843631225197294
0.185705264119963
0.445938738485994
-0.391404880369861
0.105761139926943
-0.522758023350675
0.0626168548284492
0.278761517712898
0.228973143046208
-0.042246305380571
0.00963314450327447
-0.848542653302102
-0.486639970027156
-0.403581392655238
-0.388395492876824
-0.123261004648451
-0.232347375258705
-0.613672854794875
1.05642679741726
-0.937763675496911
-0.918299072711197
-0.0423723591071025
-0.268284383296123
-0.870229798228411
-0.461563973403106
-0.689641417258626
-0.472383965850917
-0.22756429005288
-0.567189729848692
-0.558121493885853
-0.229942780003034
-0.0834851508939629
-1.17906276152251
0.381129562566874
-0.642189071094787
-0.14661907512374
0.567620541912268
-0.954810874503874
0.313875815081656
-0.187740288980668
-0.325969793975676
-0.770529620833232
-0.356999635342295
-0.374654129473415
0.0866979222525946
-0.0915054292590187
-0.728227948044731
-0.353537714746762
0.241180164867486
-0.3592265387744
-0.417721957334677
-0.514027180303731
0.659595013303161
0.5516905642538
-0.319654703531677
-1.1987164059204
0.109436598921547
-0.763302964680057
-1.43164028895727
-0.768872933781785
1.58776389403033
-2.6609985116975
-0.777986191855638
-0.174594656175656
-0.930572887546679
-1.23512400557678
-0.543095271376759
-1.43929927933598
-0.745418582519285
-0.507423884267047
0.660248336570117
-0.684295793101163
-0.415090045260358
0.057350022111503
-1.17069832007616
-2.02543168977417
-2.39275758116052
-2.30555373732079
-0.429710889904728
1.22520868088159
-0.145364813213798
0.430224932355134
-0.368330736412067
-1.46199534458651
-0.0243903981424985
1.14597853578675
-0.131724044410535
-0.887063407179735
1.21305915460833
-0.990535372801402
-1.435374456029
0.160261374546018
-1.67773569094439
0.0457328553077541
0.359242845519397
-0.521512759132774
-0.231996531418861
0.348192915167207
0.0962291583100005
0.12292414372748
0.660368326083784
-0.672068842280827
0.672708897238638
-0.633220487036011
-0.721315923590446
-0.140547303213621
-0.177295257632356
-0.575721220994196
0.553438773346784
-0.386668216329337
-0.0527528351111703
-0.196721874648788
-0.534962948495424
-0.591413315309275
-0.348774670435861
-0.173941733287356
-0.81152287884408
-0.659908526287268
-0.320708205844047
-0.95193406766333
0.683937231894847
-0.834895685727967
0.00806858960009112
-0.504105444864033
-0.548753932243058
0.120410704342779
-0.585119883763275
-0.56075716320554
-0.71295323793419
-0.249653316912762
0.0331788542972698
-0.989680321361817
-0.377276784713227
-0.765342098273316
-1.0869362490612
-0.404664689876602
-0.79438302299418
-0.558043536293117
0.158141796272537
-0.582631489480302
-0.537210418682338
-0.0950522032307828
-0.257627891883605
-0.875346797508568
-0.319381647026613
-0.102623193741386
-0.293626831213162
-0.438624543260435
-0.427384288873296
-0.827159953417544
-0.732446128437436
-0.0961001390181421
-0.134297043931421
0.453413001029469
0.148176468420963
-0.0844005849933326
-0.486961479449557
-0.984025700559384
-0.380987372032777
0.44133402234844
0.173948938781949
-0.40868813532733
-0.0578333576950522
-0.721671626424526
0.51481408239787
0.233907495807021
-0.03104558260875
-1.54274058355303
0.106265198293001
-0.152667680331013
-0.446226187223368
-0.470706892709128
-0.270322625792425
-0.617274758148942
0.71052995261112
0.350299432109294
-0.185994299835638
-0.140916879121167
-0.201758962649757
0.628613088807513
2.12823670271359
-1.87248757734874
-1.39382433169325
-0.145546087797996
-0.745130373276233
-0.826395506399255
0.291384400622939
-1.52991622605956
1.14862910041128
0.236079049711811
0.915051754031233
-2.40513216122864
0.255069651610157
1.00430031888579
0.327540276037265
0.540711269311869
-0.668251709544555
1.11899141142128
-1.63440300008187
-0.259865662043597
0.0691710224830616
0.780573673705492
1.63306482548503
-0.210260705059028
0.884732240756048
1.25222942914111
0.0138398885985641
2.33562940220473
2.47675698576749
1.57446045944427
-0.131222073376844
0.231733235834327
-0.12229818442778
0.00605677298375424
0.475377574778236
-1.45521257712509
-0.225609412461193
-0.518323910888035
0.741253108259596
0.0539548904549449
0.388516586032495
0.15633813308018
2.04946446524081
1.39470095063787
-1.81728988021982
-0.121680010163189
-0.396498506080482
-0.288149442542016
0.0603778243417925
-1.4850056473341
-1.96862134653606
0.00233102546224072
-1.01425996516298
-0.920218504340139
-0.507139886529302
-0.75042726477511
-0.550599419598432
-0.187617475867143
-0.246088646630581
-0.749358294892126
-0.806655035344754
-1.53305566747566
-0.0154089212321003
-0.672863643217548
-0.145211934976493
-0.719532480494637
0.727599496863393
-1.36822618048818
-2.32609558288703
0.618863823057875
-1.47062253165168
-1.80817847469648
1.01846108444142
0.288192654833827
-0.468324751425566
-0.25526583114557
-0.305377468779835
-0.86281312819608
0.0849000087487385
-0.391558278859905
-0.776163865143617
-0.839132817360891
-0.751280298349935
-0.425379308814148
-0.223437830740788
-0.48839019343986
0.0591215744653268
-0.238432577973334
-0.779215563916313
-1.32823432742691
-0.42462138442155
-0.830640491847803
-0.251203476234347
-0.181412777116058
-0.611521937469031
-0.93318191600996
-1.22630178032018
-0.0588755540562921
0.0304736115126706
1.03999041822297
-0.411809937661161
0.25814343008354
-0.185774804242344
0.13439420348983
-0.498814484968351
-0.649057860611589
-0.507409802990401
-0.434487885836546
-0.41344809579948
-0.240903535900166
0.407842767196774
-0.985337435883664
-0.311664628262298
-0.405849559564166
-0.0903331284662076
0.820588509140788
1.01544095016957
1.68019432581241
2.29023927501832
-2.17585846195175
-1.52102943677687
-2.6266474784959
1.33230156973625
0.0912124919873014
-0.0415802658165613
0.537166958797071
-0.047485412203428
0.32328446434918
1.35666653237521
1.09324736224001
2.13630832543036
1.15910781958962
0.324715254265127
1.27050871222828
-0.170057734441586
1.49420841937122
-1.11372939658592
-1.18851634180844
0.421088592263398
1.29702301533241
0.0454546700648868
0.444738472797828
1.63953572009045
-0.194544105219728
0.59416189634907
1.49844550211524
-0.166528423082913
0.586788278158811
0.795102420685837
-0.595156937377294
0.458366365442641
1.22586147549809
0.739164804384616
0.288847816006155
0.442783919657251
0.287379790645023
1.01643240985698
0.850856270822323
0.842314013819431
0.573473902583809
0.457376782689943
0.64838531067411
0.295975363969363
0.546020006929785
0.580294534125927
0.113951446013911
-1.28462768090453
-1.36990290267643
0.79624255609539
0.0544645978501006
-0.276809512458331
0.958929567925084
-0.598806426754177
-2.36361354604337
-0.181331548686926
-1.08927196501622
-0.625372405083154
0.453249985181341
-0.32366466447214
-0.87676645827199
0.709673266191656
0.359209912155561
-0.649771867671071
0.559383935430865
-1.08114286568407
-0.0973031011296042
0.798311298449959
-2.10713221720534
0.0809761288839747
0.100879016470155
-0.421563444827325
-0.0255619886274319
0.816377784446256
-0.184510177357288
0.0366269230271602
1.26111888145312
-0.67646591464489
0.0568263925943342
-0.0123476968694851
-0.725959789400994
-0.559161895072356
-0.190304757035268
-1.22238024859366
0.361072808548142
-0.339996383541774
-0.581492316134892
0.0894058975083896
0.173843599591208
-0.816122631479824
0.217606157704317
0.0362664747173071
-0.982478579277832
-0.318222891209176
-0.768060445944342
-0.752104604938745
1.14368228771427
0.259809137664521
-0.773106602695974
-0.0147883701967835
0.0673336644573028
-0.605982815467275
-0.451091736511711
0.135903960860096
0.535357774190844
-0.161990619005727
-0.547607162501491
-0.0706760963345654
0.412263504966957
-0.129038203477599
1.095986968406
0.897152860304671
-0.0087176277447584
-0.0298642991452701
-0.103359798209203
-0.543255308778903
2.0425852775655
2.27708139134282
-0.720947676926855
1.6939763410633
0.831256469799686
1.28702165243262
0.0164188801199769
0.84000685949346
0.499010538400436
-0.314553167082024
0.913607518182303
-0.256144883119479
0.869292503793687
2.10293040728184
1.03029222705708
-0.286655888203147
1.49794204093113
0.38653620409879
-0.253979886710113
0.0211013410716706
-0.248836705960338
1.96645564031281
0.593022718475278
0.947001959513642
0.804616878059942
0.574422080498436
0.569946598254128
0.13889127923076
-0.236535679267684
-0.566265270249029
0.380243302021994
0.384942914405257
0.650367980758169
1.1793553444168
0.945344551840322
0.150115199735137
1.27035679638873
-0.915067425693433
1.13407722725719
-0.546381689187708
0.499730308235157
0.255935287267052
0.536843349878181
-0.917535983067968
0.582902593115034
0.13821194970407
-0.0134413251240482
1.44889073517861
-0.504497504051308
0.397760688603092
0.964407663594983
-0.102654781069508
-0.0721328523786625
0.874815237978776
-0.0990822087948494
0.0266802114493166
1.14277920350417
-0.811964495817944
-0.0923754170877338
1.49446467116307
-0.379302754861182
0.696219488022207
0.366484614225425
-1.85057774550618
-0.511334321204671
1.18470948431035
-0.214718851730007
0.752443480871024
1.08428101039511
-0.499873531043661
-0.402650720992316
0.41120442344479
0.159646853289165
0.247282709720442
1.20462452069042
-0.264450805980826
0.495964669769229
1.61174482316394
-0.0417495770005568
-0.612640962353707
0.396299558226836
0.535488747683309
-0.408631047397847
0.192103769177035
-0.983919635581464
0.890369701205941
0.773828083738151
-0.418120346115662
0.0227306105260013
0.333072265883536
-1.04449034644111
-0.48546021109664
1.03000402714779
0.0335720861400014
0.331216177514804
-0.476245964200288
-0.709144379064142
-0.302694023935443
-0.18260957862356
-0.542412949303169
-0.638326175608072
0.146196329531545
-1.22577796315922
-0.414270501050223
0.295426387210557
-0.77828506768203
-0.245608021039689
-0.208108382516777
-0.835281300830968
-1.23376101933967
-1.11586515005958
-1.18641999337528
-0.658427623883995
-0.324962081419642
-0.913009536050748
-0.958692804712812
0.165916682606953
-0.992951684929345
-0.702827571801192
-0.239007337831442
-0.682508058812202
-0.0420708865205278
-0.552409843633165
0.795090283736285
0.337447867991653
-0.211084292861476
0.0691083176883592
0.136637022129992
-0.683123696675013
-0.433944834499426
-0.228303157253594
-0.673425034162234
0.347980804724554
0.702681352983721
-0.713972261432331
-0.601103110019537
0.291117289940116
-0.155637958166966
-0.0706100885407435
0.939839488854198
-0.666611182408182
0.167711296780464
0.388205993400694
-1.38540650539499
0.953409016219327
-0.452797119931407
-1.92684719816262
1.06091003664852
0.0978526023985705
-1.42824229563993
0.658121702192121
0.832648207768305
0.221946626092593
0.501490867151424
0.754076154332483
-1.42303223577186
0.086354976724102
-1.78893515217333
0.463095270035834
-0.0967804073087387
0.205606959701474
0.360818677399559
0.442164721102976
-0.583513299859516
-2.92111926413193
0.717618406437187
1.43180979584668
2.30246788255658
-0.185553045889811
-2.21581091875657
1.43856860892044
-0.363667066314998
-0.520851577577479
1.1530275206566
0.0739708555456586
0.718581626021787
2.24847074886042
-0.778233336809633
-0.953108833006296
0.252469096508936
0.00591801069853739
-0.792293167813344
1.85055416130751
0.421255232460394
-0.138956824643619
0.723354952229832
-0.411422861932521
-0.310495437501783
1.78938866494996
-0.586200988200042
-0.838466620191314
1.73456869334351
0.658330099744751
-1.08559144185038
0.826457759287911
0.165442851873941
-0.458976627300927
1.55906068584201
0.24834671260381
-0.363567952513116
0.954837832316127
-1.74539076226286
-1.37016560681295
-0.953386314478502
-1.15762819403322
0.0771336524420875
0.611420561827482
-0.331287470138727
0.20163777527662
-0.346880574259501
-0.866522092907888
-0.295041497305951
1.05809343865917
0.0033834340331949
-0.0674722082783622
1.0477233076493
-0.413491916168939
-0.259721224317475
0.125716070947436
-1.08005786983517
-0.665096806572775
-0.754727354123518
-0.481996879885985
1.1275008436203
-1.55183199643744
-1.79126245027209
-1.73649400867738
0.634967022296952
0.378986816494347
0.926674380985946
-1.21432176535578
-1.17645142138761
-0.996378282372398
-0.701291777370987
-0.539596529970041
-0.00884220667410188
0.545264570852821
-0.949723197045743
-0.388895175123144
-0.199957360231421
-0.258643633192505
0.0964859878065732
-0.764075394869034
-0.295886403387689
-0.457685761587055
0.120095617801886
-1.97175303928664
-0.43339108679354
-0.526698448483441
-0.180285826195679
0.394381545606893
-0.906099866075816
-0.254397641643143
0.629826944404331
-1.42283249246376
0.473491132698331
0.330848690798877
-0.613234825533299
0.281779569230465
0.367253819712593
-0.806277162158207
0.597680472678563
-0.0624366977815421
-0.511235853916891
0.390117883444704
0.0145024554919084
-1.71755392030353
0.358618998763541
0.892352364808368
1.16685169551713
1.2320833089609
-2.00983714298828
-0.061004189338345
-0.523923758163504
0.327972320698657
-1.86554518640979
-1.56241191778849
1.15424319604361
-1.39536668703856
-1.20343533171182
1.53253348161633
4.59800065014814
1.46073283659465
-0.386934302533798
-0.731839815944644
-0.189880319837407
1.13541900791847
2.13874900429755
0.156478135107362
-0.825704360958084
1.95941936533625
-1.24639137980371
-0.576467136998664
1.611717085429
-0.853714747389547
0.184294723515403
0.526891835929379
-0.680714887154763
-1.94213974727419
0.808748264673799
-0.904012831299639
-0.299091982531672
1.03885115472198
-1.3741761052665
-0.532440944890808
-0.581484731843883
0.258257321704547
-0.0761027900890113
-0.144499403790138
2.16350169915545
-1.59409620499387
1.13721973542251
0.0969065371041958
0.504220363867941
-0.0973719532329393
-0.0813027518741559
0.978490067572162
-0.700926412746525
0.405913468266504
0.494890576863495
0.210582029012201
-0.101841292411962
1.49602342591885
-1.19957119798273
-1.27833847280318
0.974713812789357
-1.16405607471188
-0.661813022265913
-1.13151026168523
-1.48525927007994
0.786768582772275
-2.47827333146293
-0.821270757219904
0.129317797431667
-0.0471471880513857
-1.35163863823517
-0.345438531943815
0.327944443994271
1.27710432319912
-1.2026185094463
-0.563754415552804
-1.2405214886012
-1.59130713483162
0.968670788040632
-1.3067530013187
-0.411975731886065
0.0896499488093561
-1.37387198462255
-0.887518237351513
0.746436058282489
-0.547855297027317
-0.0263015537232425
-0.0187698276805227
0.0757088259369222
-0.495803090342521
-0.453587408386992
-0.429852566475139
-1.08993073322043
0.495629249869266
-0.35056079443191
-0.14912989381099
0.40980422233051
-0.398954432893572
-0.106419230858019
0.432520441967645
-0.669151061185475
0.194256362075241
0.00393842907781051
-0.995844469078822
-0.0814848422008107
0.656834867211902
-0.671896735165597
-0.274875230331041
0.0481292849723455
-0.805137345985376
0.328223982821766
0.125593023084861
-0.722566517381296
-0.935399720270076
-0.0828301868960541
-0.744392747597498
0.27721342821436
-0.194288306229476
-0.433481512839764
-0.418943634836807
0.776284005734339
-0.732493820331776
0.0856305260709977
0.400489195125321
-0.63636426512042
-0.332250432305874
0.525614979162691
-0.342483873027365
-0.17739946251828
0.499560817662863
-1.19903885044385
-0.000600019046797376
0.521607825110632
-0.194483061539163
0.405320493262672
0.527736582851237
-0.422684431416891
-0.683463825831072
0.628411099664311
-0.314547962393974
-0.56190915028669
1.39224062547468
2.60166177179022
1.01053015172302
-0.0461053461998265
0.927549051766056
-1.46189895196632
2.3034288167488
-0.678320964983967
0.20913871252919
0.118208096650259
-0.328819335205047
-0.34762234367594
-0.097300454422233
-0.344282466167469
-0.286265325183473
0.347219514755271
-0.305693017290504
1.7663343889918
-0.136008534000485
-0.122051929813621
0.266711755016588
0.762363829113389
-0.941456409740072
-0.469644321434079
0.0309734842630548
-0.407607406787377
-0.164271256857908
-0.663755494507398
-1.66433817736844
0.0525543042689402
0.328763788835485
0.751205245143884
-0.072418583018516
-0.610260781752906
-0.422345391358922
-0.00325350383699717
-0.777543193949347
-0.35250485482657
-1.85600051640073
-0.591181923247427
0.145081657431737
0.479148017191111
-0.00345516889871622
-0.639926770307779
-0.164432307614333
-0.622809841623835
-0.953940582315598
-0.117143863327148
-0.62930371008458
-0.351974178021656
0.727909288905328
-0.234631738598604
-0.808575369113653
1.43776662181917
-0.0222380270158326
0.081002156563958
-0.191440059251427
-0.625950300921627
-0.391796235425306
0.22124168103128
-1.12060758904805
-0.652679405622321
0.36391298039865
0.47352082780182
-0.0387926081027509
-0.114172990349074
-0.589519984037186
0.0319931847304775
0.885872701860544
0.318808564084952
0.0936588640055615
0.090912662847345
0.0931298479713016
-0.270107299744402
0.126728025441379
-0.581873851017822
0.414268532592338
1.26703167551772
-0.0742195114840327
-1.03772109120726
0.397282383423533
0.0395053002037111
-0.140752453534893
0.182467719830908
-0.209988276738311
-0.542792464035989
-0.0701869452379814
0.497784434064943
-0.680895951613168
-0.0166033159669911
-0.139815694266779
-0.17004877969066
-0.11947446185834
-0.244099802550639
-0.0442115792900228
-0.0775832202908895
-0.468435916760527
-0.576056832231804
-0.241845199238985
0.392786788597593
-0.696024887503147
-0.368423784781417
0.116422957599215
-0.729866295246095
-0.187258024610178
-0.218699369461498
-0.441099208715077
0.539065317000683
-0.529866141343729
-0.628852374835047
-0.54949760501604
0.339124117370971
-0.689142352506326
-0.166650645583314
-0.347571506822276
-0.667550754440587
0.729122306412214
-0.324512056263522
-1.26777869151807
-0.668033854160551
0.525222046755383
-0.562955097796076
-0.551553602000665
-0.240604658374865
-0.908461108789006
-0.477945203311073
-0.63998515856243
-0.313282657032568
2.42479504118519
-0.692666815203254
-0.948300105634943
-0.0414748284094668
-0.171327021927517
-0.2213067841518
1.06083075625129
-1.1902067918664
-0.770065825927659
-0.0190880075003602
-0.254056953122306
-1.75381200559704
0.972344072877991
-1.06919426168775
-1.60489178770718
-0.0283175898806893
0.639915305622288
-0.0332115474271245
0.448390568482894
-0.404547931858909
-0.72364106364236
0.247539452472453
0.115533287112577
0.161333514996933
0.189782039211341
-0.227176973088669
-0.994536932643411
-0.343392226604784
-0.658749163349627
-0.504423211081013
0.143236719669229
-0.648474929788739
0.485657090437897
-2.31920582356592
-1.63469784467185
-0.36341172766763
-0.724186063573342
-0.876782571157568
-1.07813725732521
0.0671474518437582
-0.208832335647364
0.190803040454567
0.251277379541747
0.06049401797563
0.396014688049726
0.246098278271147
-0.322241876769755
0.000754619366243285
0.210681250657411
-0.593927228335072
0.227870969152724
-0.387060779181049
-1.01656053189708
0.280922658557593
-0.229878827086345
0.323776219977433
-0.229085767263219
0.148751151364062
0.437680324496734
-0.754639176424901
-0.265038061606933
-0.028971044135452
0.256179685956642
0.128668419350888
-0.901785450127422
-0.227282948216323
-0.0161534730126057
-0.169215022509024
-0.254586083323507
0.0734865974775773
-0.905193213298301
-0.463376673100175
-0.662721371045777
-1.14397065150118
-0.634302294764984
0.103161310983333
-0.346686287472239
-0.709712402489327
-0.34407310556306
0.346974878283658
-0.649986806956563
-0.117789709193829
-0.492828524468312
-0.868511350760778
-0.549582684067346
0.0297323333672362
-0.614255220185264
-0.0619276272548719
-0.164862905078281
-0.317855930791842
0.112966082498785
0.109145273002766
-0.661971692914136
0.471792453784469
-1.62069245626498
-0.0436247336035251
-0.279105991834517
-0.981376327892811
-1.46217575301622
-0.738831997607527
-0.230319772597583
0.192689036941479
0.264458902967987
-0.265571133682461
0.125921353156871
1.0778472939657
0.324514119083211
0.335164281231424
0.812982649344261
-0.00704884050043239
-0.38146720596432
0.604745956402432
-0.732912343088679
0.226239432227573
-0.333655775187479
-0.121164626787316
-1.11396444383929
-0.236453113544787
0.173204850479563
0.487060363781789
0.533593034897922
-0.356439999696959
0.406641250368022
0.0372900839100822
-0.282933050214532
-0.291334319239505
0.319435373630616
-0.388278001261663
-0.524018464906277
-0.576783113888084
-0.581801385232873
-0.182968292946147
0.360750180239778
0.0109725379397861
-0.933598337323311
-0.391461429478576
-1.19896414789842
-0.366075947358084
-0.441331190443045
-0.0620925516169286
-0.878962346444278
-0.847860258307382
-0.0858553530951331
0.133730647682896
0.0966727657066461
-0.800974087342652
-0.609277082476574
-0.719980828299918
1.46162701622412
-0.427436387326585
-1.41486383314736
0.12656688120564
-1.22192255528456
0.258169066825975
0.020876031680797
-0.235464694871768
-0.892875018627922
-0.729283047731204
-0.735853579654181
0.643016664501496
0.794847319381698
0.400935764395137
-0.5478939319269
-0.483205238799158
0.118676847458256
-0.566704927359302
-1.49960029480553
0.376368932338636
-0.108509701428444
0.240792967467737
0.456528670608223
-0.773114495457103
-0.928786179638697
0.183742117368838
0.165177112690868
0.0659408326917702
-0.295959712921949
0.0360705429483611
-0.51763772587397
-0.73499836008881
0.604853037615181
1.10572091890726
-0.683245048711898
0.151176886622668
-0.30176973250645
-0.812844985649004
0.324509420351012
-0.496282481510924
-0.578762527347576
0.153725420480331
0.162876296600686
-0.318152445168649
-0.00143856455333186
-0.443520199276057
-0.580003211097014
-0.352267976256769
-0.156107466051632
-0.415918895925002
0.221756138620791
-0.439282019172738
-0.18667959926582
-0.00282320020314713
-0.412474348929083
-0.392635646636751
0.743020027715289
-0.854300872456122
-0.458350847991623
-0.298242747116889
-0.294448068781019
-1.24336418504324
-0.555696945551721
-0.97416572751669
-0.0864943896867946
0.30675962246643
-0.696614953701285
-0.403487295552415
-0.379762949027086
-1.11659327304967
-0.106978222935949
0.241815874251356
-0.72619082673954
-0.467539175572719
0.323869111326442
-0.407358028059049
0.230361918345905
0.246499903641701
-0.160996363877211
-0.0472550742252475
0.537687267583141
-0.895008261140201
-0.0653450878371131
0.0579031295344198
-1.08662266719075
0.459950928277616
0.177473135951448
0.0924862529910907
-0.149131017922832
0.268699657847991
-0.470074649015407
-0.32147546624018
0.190212467680071
0.167648894368297
0.0655666767992491
0.576872291748322
-0.694694373455573
-0.326328399292397
-0.258830638807153
-0.451986071288764
0.0356985057247766
0.24975073002874
0.170726659940906
-0.396095962731848
-0.0506236607632244
-0.896234528919184
-0.592475098690773
0.612169939098852
-0.78625488928624
-0.864516932037979
0.467690417231348
-1.17700006387865
-0.339477543914758
-0.47115052470445
-0.573164534577157
-0.54333237278843
-0.00331147129592103
-0.676393451977752
-0.820120676029258
-0.507001020891079
-2.1875157775021
-0.584854991953409
-0.427326805518741
-1.22253585629947
0.369983626516175
0.0283997580996179
0.21143189328308
-0.543665845519928
-1.02678515390206
-0.485405188047065
-0.927344363172303
0.607267655058994
0.472440959440693
-0.243815235176236
-0.422266884075197
-0.737030593749785
-0.498290479861473
0.291383900155014
-0.848009254356752
0.711994159790308
0.291628456567544
-0.70707643143176
-0.531764113042613
0.438218041990677
-0.586694502591687
-0.578716856149926
-0.507654925836604
-0.423320300741119
-0.367303967030548
-0.250021867061194
-0.477979982898972
-0.691836632607077
0.689212392880838
-0.0712425659880691
-0.66657491216712
-0.44636163575696
-0.636075065866351
-0.530678539434377
1.52134898074599
-1.29874350572122
-0.863846259873866
-0.178956641549465
0.0974263685776646
-0.250677483601785
0.39479956435193
-0.0750951697921247
-1.6337985589646
0.310754949243745
-0.00750999604235456
-0.215452392176229
0.187482631662354
-0.621399458207134
-0.409203165892528
0.184985709162866
-0.786613940242607
0.0417453780093762
0.200863114708843
-1.48138923582409
-0.497934446472291
0.662932718067992
-0.714069010566588
-0.292845308152852
0.710343135074969
-0.906170333135811
-0.60896144843602
0.240391990955294
-0.864096058260868
0.19541022322361
-0.207599044016769
-0.69152434506745
-0.260982762049513
1.33268673064564
-0.608925112255726
0.130921387547485
0.949327788778901
-1.42568838913866
-0.639794110449076
-0.52967845981748
-2.40270383724736
-0.510671068451269
0.0513682989885541
-1.17716411058774
-0.435855218234082
0.429991867163129
-0.879755282332994
0.0101923784903041
0.318994288439006
-0.178452375602396
0.448112385101571
0.603825507487481
-0.183439416720162
-0.174262138174275
0.0316702991590168
-0.421144065816425
0.119712290277231
0.527979426165872
-0.865011791892321
-0.548853914542888
-0.66030688139002
-0.746632622787237
-0.230699582920442
-0.0712370200665652
-1.23316891652331
-0.178507286615946
-0.960999757540345
-1.61758981464673
-0.0786339016405837
-0.0168374462564034
-0.602848000325648
-0.460812761118667
-0.554624594101988
-0.598495619974384
-0.820780025349454
1.15829577499029
0.731760814266236
-0.663997872337965
-0.466611989968222
-0.687152254393269
0.442055201995153
-0.297036808106443
0.170216764405079
-0.239105311333231
0.213670078730273
-0.629605514288254
-0.316148330717608
0.270350890033505
-0.450973113104849
-0.884849447973774
0.604681592925416
-0.18986587613083
-0.870943477580495
0.501258954451673
0.45092268538486
0.146578059637048
0.4430635297895
-0.281692737964273
-0.328769433912426
0.151356827083841
0.114356455495244
-0.789469344582278
0.200785221341507
-0.147089943367704
-0.398716344227582
0.388265447011955
-0.907933230768861
-1.2236304799494
-0.64044953491541
0.370190690599289
-1.00456749114878
0.0643685674724526
-1.0899217792971
-0.219721154011611
-0.0961285552427406
-0.531760778518978
-0.921085709353141
-0.292322651962845
-0.127017001355904
-2.73616558565969
2.67358828401397
0.580394254457262
-0.77628640871293
1.03098451854994
-0.660689508820197
-1.58647529073536
0.149685276624112
1.17929002808721
-1.24923602725223
0.391509356928977
-0.0792006216646281
-2.0336842299215
-1.66893443924171
-0.444154544455033
0.193746855470789
0.833605231102774
-1.85668864038034
1.07636056699906
-0.547561637045306
-1.02201243989133
-0.575686591508281
-0.394770445790975
-0.650594063252773
0.9299199422808
-3.37404654518085
-0.810978968853376
-1.9035356590347
2.88994762447339
-2.78790763171761
-0.474145481218187
0.745285753579463
-0.0632645307365595
0.396565491874806
1.12957522335472
-0.876153951403072
0.135406772230932
0.735943279461891
-0.511738738275018
-0.114567894708225
0.0399636627825844
-0.0407853643644291
0.12780628249102
0.333381827406666
0.400555137748506
-1.14861469365524
-0.413251755667736
-0.284709200112845
-0.837700989802467
0.652955195915659
-1.37347613240958
0.44411507709402
0.600851348880485
-0.219181886076027
-0.252499694754263
-0.151684364066415
-0.527714363346371
-0.418943505733785
0.196665158668329
-0.43962325023247
-0.500351863196009
-0.881290642919514
-0.528879340703696
-0.134644296322189
-0.26878772362979
-0.868703432432079
-0.58700646597164
-0.132715009593889
-1.00329654754994
-1.48390646557004
-0.141870141433588
-1.108012394081
-0.066094988605437
-0.0756441579084707
-1.04069489098465
-1.03361058618959
-1.69018820002514
-0.345025304736419
0.863130257146859
-0.384151732273401
0.418423463158517
-0.863083969320859
-0.950319760990995
1.16685031739261
0.131500910383536
-0.725419154900286
-0.161371481666898
0.693486834940183
0.884425113108065
0.371303286290002
0.115911501637963
-0.33841044233169
-0.0254772039147974
-1.92030140429112
-0.846666908996202
-1.51945684331694
-0.51138846989268
-0.228208480499857
0.0536126066321394
0.878948703878564
0.190085174997155
-0.957226062722457
-0.00580339937652143
-1.00481302660932
-0.669567694460327
-1.31092681214784
-0.0560504354416876
-0.409334928793308
-0.120075684875639
-0.367250302171396
-0.41535571254857
-0.37645317853516
-0.436478569977414
-1.17055001173314
0.461869747574566
0.837057172037984
2.047084390427
-0.250084177756265
-0.066481003410986
-0.8184935160899
-0.607173862693156
1.11818571597083
0.894912671347209
-2.21288607322139
-0.678639704661455
-1.50213155629997
-0.685454037750685
0.52488752823754
0.776235706742274
-0.888991922473544
0.067953080391003
-0.0915537640065227
-1.75049007905444
-0.340374322703773
-1.92582472201156
1.48165096415474
-0.291266916752384
-1.49331472116077
-0.091279587234105
1.54376076249488
-0.341463876942735
-1.41272467052001
0.286411974523332
-1.39225440580896
-0.349398461907384
2.35575917327936
-1.17580804624375
-0.892283531536608
-0.163487976340749
1.55487530761415
-0.164768982213544
0.92544007248194
-0.837808606299685
0.626340946881153
0.454496951760552
0.343504044950959
0.527284787701165
0.145284182655399
-0.247871478102244
-1.73104511184567
0.375037423040995
1.79618313124561
0.901933578971952
0.146523619078147
0.490905509910946
0.470380417027402
1.00669284994601
0.344971390155963
1.17530674688623
-0.0585419753232697
-2.53616097049779
-1.15259301509936
-0.315413182962068
-1.0098613597542
-0.170879779487238
-0.60479346066282
-0.873333724053284
0.0941852297111966
-2.4676940822025
-0.288243098971539
-0.772385875152164
-0.480324681717706
-0.774394515618353
0.221566388709834
-0.25042950318165
-0.708094942170999
0.663049276178602
-0.225989397345291
-0.36659611880437
-0.0458886416869343
-0.949466411799455
-1.74412268442492
0.170703774898239
-0.253761454132572
-0.253291948981995
-0.112990610963795
-1.20003363572529
-0.596257923107208
0.801253375828504
-0.36873820879921
-0.679684055977826
0.137635879990125
-0.172158149068946
0.181137151648545
0.424800542806511
-1.04946262946897
0.0459399352500863
0.00988790835622512
-0.790948924984318
-0.0499865822032839
0.0288036471186393
-0.974321055948859
-0.254408009820665
-0.380381755933306
-0.37427475968552
-1.09331117517873
-0.0595394631093967
-1.3174488334482
-1.01803880483277
-0.0165330998965368
-0.859578054669296
0.414440129503709
0.4748842969579
-0.708585556780999
-0.434558109294494
-0.316174941805592
-0.177504398406455
-0.330380970498219
-0.728925297399653
-0.578996615608023
-0.214052745270022
-0.517208622645842
-1.07972025140723
-0.475085892603148
-0.661984766388646
-0.104618085649068
0.621026132162683
-0.00421735968299014
-0.323653126490201
-0.849726191824741
-0.181881172374112
0.200197974976539
0.141294371949818
-1.12912554946906
0.519914368687607
-0.319996417903223
0.119010421042383
0.475929829091573
0.928214195453057
0.136800655386566
1.39450663912155
0.80577195922843
-0.75495741605294
-0.0454885841664807
-0.842294730478482
-0.365210699870355
1.15554547272412
0.65459736836975
-0.283209343730672
1.06539695074092
0.122198383989488
-0.0724996478017229
0.339028696480348
1.16304407212898
-0.217155124497755
1.03813040468925
-0.368915160793077
-0.169068100809421
0.348072837680355
0.383050336737058
0.131108731388619
0.470684201158827
-0.0949401907655095
-0.347653961544764
0.609456904984872
0.281827631579397
0.525523480632715
-0.176251697688047
0.176057692046997
0.525242539970341
0.342896963898396
0.0143765278113604
-0.0774467261747395
0.381620438469868
-0.942712488740631
-0.0687850533723809
0.473362750457761
-0.246605824729014
0.554869306809486
1.25647716770227
-0.459184083850023
0.320447827133571
-1.35232757482475
-0.476389626561535
0.231177056499396
-0.401787496395996
-0.00573197552923477
-0.779303598872619
0.582146015797773
-0.133210125583103
0.40729688133241
-0.141466275400319
-0.257253162604026
0.497563237406854
-0.343949799146657
-0.485958309098785
1.19779007213855
-0.437644092533938
-0.69565210744233
-0.0779121312297858
-0.70158878374141
0.185210599445797
0.723086315615241
-0.71745966348134
-0.0725105251866472
0.255718930785602
-1.17087683547438
0.706844480067534
0.406293610593323
-0.656728488376725
-0.351405433532506
1.30146107419113
-0.380568635539702
-0.87959722702992
0.614869796020574
-0.777475327999484
-0.276193091767109
-0.235493860218908
-1.02754255566646
0.41302567680417
0.34401938609879
-1.13403286570396
0.224292511325785
-0.255766482691391
-0.486122944963343
0.0615940577476587
0.0527686599629492
-1.13114155676237
-0.496953544891147
-0.322257983772807
-0.749653487059853
-0.672174786098048
0.0708799230540016
-0.638603235117107
-0.394402850600679
0.0205884823821399
-1.56084822711404
0.504972808077527
1.53737806546852
-1.2336216018594
-1.38928896972392
-0.890358129867863
0.766472109830808
0.069849725904997
-0.46941838441501
-0.748226212872948
-1.04302211062498
-0.565988968349889
-0.615468154288454
-2.21533175674837
0.142577867413429
-0.17195602013214
0.639380133519956
0.212732616224837
0.292885117906689
0.48318961642968
-0.434316910827442
0.266308214864832
1.05706942755033
-1.30973553898726
-0.134969985002504
0.912610850384838
-0.136610811754758
3.95879173988492
1.54133614686732
-0.147127417649026
0.869187435415769
0.716594549258719
0.610935302021093
1.12915033920649
2.05849221158785
0.0660025782810822
1.01032618004438
-0.16062409799511
0.0808930329426855
0.716375083652681
1.28834511017242
-0.89192222102449
1.63689697426699
-0.0348247858119731
-0.0300226216605014
0.536502042943924
-0.362207481971765
-0.538564275688896
0.57505756243739
1.35371291981163
-0.682309253313712
0.142062327322424
0.15737100705148
-0.430577053499751
-0.261663365446415
0.482366406766033
0.49553830187326
-0.0359032332245416
-0.38511280159395
-0.629329280935696
0.683768474602862
-0.846406927469298
0.820724550925232
0.273363377187016
-0.943996710847495
-0.0808153379721633
-1.650989918506
0.506610302647754
0.473297489305459
-0.223865959827895
-0.74765955250353
0.112673164783491
0.00468749410070861
-0.668618021632443
1.957388596594
-0.368104968972265
-0.354950143936455
0.492269981716497
-0.304226499545541
-0.648152158960146
1.28552542979995
-0.981257948125044
-0.572906461777857
0.80410460009435
0.252367811110445
-0.50837033104132
0.947565306012351
-0.587361883589437
0.56889708590744
0.505814469161588
-0.269181834401137
0.288299872670884
1.83161646502787
-0.362407409853893
0.64106987504448
0.828825840330305
0.364807114728145
-1.03829148791562
1.04446352193022
-1.1992482274252
0.798764189787206
0.708004005388705
-1.19666175850588
1.06775380383085
0.546783636558443
-1.34932774736026
0.712232955282855
1.81412511975767
-0.506810403953648
0.441825672057299
1.40476720628917
-0.180365657353981
0.0175324002773847
-4.54487934996887
-2.35663591471757
-0.330644384460033
1.15538160617577
0.391037311398656
-0.677796554880589
-0.110511835321708
1.18120953897462
1.12716259933856
-0.440209467778695
-0.660674449606392
-1.56323313467431
-2.40849963608188
-1.02135594125531
0.391936258599202
-0.327731141982221
0.93585352116177
-0.5072205331034
-0.375105268007544
0.130952820956102
1.22817827420713
0.509810748698187
-1.20523520743276
-0.089329969092644
-0.24552637347897
0.85359798679498
0.786751340064922
-0.287393547541779
0.00909475258665295
0.285953100531196
-0.1170754967123
-0.597426760786676
0.466864154708196
-0.766569303512191
0.398071374209356
1.12696581034569
-1.08272285843021
-0.00554519313870084
1.30093804181571
-0.550573739148792
0.312225637326083
0.333967082832434
-0.313912312472073
0.333113758551676
0.183306866057548
-0.412151171884794
0.27975358261836
0.8371717726795
-1.53528895345997
-0.540259302486298
-0.769512736682341
-1.72613508907105
0.309200598538386
-0.142052900088369
-3.02236635976507
0.194428907046329
1.01831119066123
-1.88664978566916
-0.528903269551683
1.22178759909329
0.203617748743025
0.155581138203034
-1.49229928630947
-0.573572188907534
-0.985428159228571
-2.41894310150119
-1.42639266973789
0.00824105691814178
0.356492560507938
-1.67306613604172
-1.05327919221954
-0.259223570935912
0.491214806767926
-1.05970736120993
-0.715836459478287
1.77330436663695
0.437695767498184
-0.982804884273851
0.449346197224088
0.139687250437877
-0.615998597231853
0.154635891223048
-0.593604305897414
-1.21122031910711
2.50469944481398
0.910812459997605
-2.72558291795957
1.19583618917616
-0.732441339041519
0.473370090977927
0.233485858509261
-0.33139399959536
-0.742690907208563
-0.265139265240367
-0.750591975326256
-0.475915512502258
1.4996132228881
-0.158506568957721
1.08162265610137
-0.419187440110669
-0.233536575304905
-0.0691401623645105
-0.763956730372928
-1.81346444621532
1.78211539911504
0.127482390409798
0.779073972855676
1.02755233970898
-0.433739579309546
0.425117501014776
0.666949063957107
-0.525891929970456
0.0319175378340071
0.968901172672314
-0.371481383065424
-0.13786748740572
1.07317809597581
-2.42922217141031
-1.21395106055054
-0.328393324159227
-0.0666772575672881
0.767496662392128
-1.07613142063685
-2.52361808645023
-2.05444696013958
0.500362033463153
-1.2923968560131
-0.104129975272516
-0.112404690311137
-0.974560963623231
1.1251973292224
0.763108675515917
-0.789451522508062
0.414184250988416
0.66480951069555
-1.72693910134488
-1.06119931190808
0.165195236856099
-0.817031474158865
0.103164401633225
0.217923276739408
-0.934850500258583
-0.837489542639316
0.475656517268399
-0.279034369235709
0.877395549099392
0.315094395887507
-0.713711780477632
-0.396695178425866
0.0797205284081583
0.080240047508712
0.63517948900995
-0.35424345163625
-0.500071018866955
0.449040911371605
0.307805910794652
-0.470610322133384
0.263331902129963
-0.00152126571530687
-0.821252291664699
-0.130652077361325
0.215701746064954
-0.578449365273937
-0.135413531961675
0.0278643295261679
-0.611568133962778
0.0166555966928698
0.581983816725482
-0.674332816222634
0.018171323127131
0.377784736235342
0.543879359650404
-0.179326031520848
0.0942373362192208
-1.26941228087401
0.021525722431691
-0.0972818326446334
-1.53440858444412
-0.0574909996444618
-0.662136525789588
-0.849181076554397
-0.702605670393592
-1.2830046907565
-0.555083404452499
-0.0129247466576759
0.151036805144287
-0.273741046225449
0.406663167694888
-0.542418096730602
1.68964266746422
0.460297932948645
-2.0041155064002
-0.50274111415044
-0.521824352920663
-1.14775010893269
-0.530999566884702
-0.851707583390317
-0.435097021318788
-0.604236252483174
-0.988363322109661
-0.0193910914505568
-0.19513721778797
-0.682505250674791
-0.549264157658502
-0.0501985333280963
-0.70464538105766
-0.317453726389295
1.25302825444487
-2.96486080471762
1.64739660201897
0.0518059729318753
-0.271429195532015
-0.710919045362363
-2.23352583789606
-1.68054188152971
-0.638817758660923
-1.33476297972492
-2.01922361550748
-1.10535387746857
-0.54445447865743
-0.0866345826350426
-0.735967877119687
-1.50720311019914
-0.558410541551532
-0.23770906116266
0.235530420474939
0.282935004198316
-0.496368455329381
-0.372634600025171
0.611773200715253
-0.0316941275486806
0.387675313049401
0.563168903055817
-1.1203587560253
0.256851553848687
-2.05864711899864
1.01786516305821
0.13386408884388
1.30415498201931
-0.288596576877105
0.405933008433116
-0.268236277637793
-0.445664088873159
-0.107339552983945
0.0895563144219744
-0.448084213032651
-0.0431330121596545
0.339742651968155
0.00492905468658467
-0.440688252991133
0.350313014586525
0.584843804853018
-0.240601218313018
1.01425045112697
-0.97727057909927
0.469763741298109
-0.155596594050367
-0.447350433635137
-0.488044815122234
0.022882296345814
-0.020644888128732
-0.639677502037565
1.32954892065461
-1.31754026286779
-0.561282444697041
0.295732618117122
0.197946745851901
-0.422398011407139
1.30941956140773
-0.414196807485776
0.440728280786902
0.756678697584954
-1.76445743876733
-0.44496262414106
0.242980251402959
-0.0657652965229434
-0.326167676043371
0.578877947900254
-0.116518864119309
-0.481314522915808
0.268170200593056
0.165602790946096
-0.089945320609022
0.997191170791127
-0.341911465195826
-0.513725147691577
0.0909777212367353
-0.216415334867913
-0.1938954302636
1.01578538739064
-0.13388893845503
-0.50368629385841
0.715671570367966
-0.395623960972676
-0.351169319729061
0.207708695547741
-0.622386229197774
-0.912157172407486
0.354233082924275
-0.0935885625291275
-0.596253981418485
1.18075980286651
-0.352823551759128
-0.766742809769081
0.291502733374123
0.155032471246269
-1.24587935997314
1.09873364202948
0.721229408481865
-0.594338621608159
-0.0856761799608207
0.263675947786527
-2.62375093495933
-0.431207657626611
-0.945700125156679
-1.26297722939292
-0.45418694868057
1.40000742150745
-1.28678926919218
0.146927866568619
0.302949269863321
-0.858443828710623
-0.347345996648842
-0.803832993642446
-0.952800699627251
0.161022589299931
-0.832777570902858
-1.3063026456235
-0.791200371221726
-1.80517095200517
-0.255080720763376
0.186104173442979
-1.25363926710217
0.108725738306537
-0.396778001091061
-0.937048137163505
-0.757495373691396
0.0238217653361985
-1.24582616534573
-0.803195794189845
-0.288622476605805
-0.79869357072699
-0.938239492230747
-0.34846730231827
-1.21768490377962
-0.264016258311272
0.150038284911522
-0.449680719749696
-0.488521970301413
0.139564635212951
0.213287378945349
-1.02736795607133
-0.383616979633535
0.13817276711214
-2.2428195865835
-0.65633487765366
0.161822569397832
-1.3634231721009
-1.28595407000844
0.13567168982956
0.103138523184044
0.0541635918393284
0.0838888527521954
-0.167243605000974
-0.0463791666023607
-0.0675557944485767
-0.675658492781048
-0.815550343195478
-1.2312751962876
0.158731196116896
0.200365870339446
-0.222807494346192
-0.287504653093647
0.171830785770733
-0.718702011171098
0.15067555173411
-0.387085507388037
-0.358342692766801
-0.322229092177055
0.066129523648757
-0.378488945452082
-0.237917675855918
-0.027613297192585
-0.167064680938094
0.0783297938282883
1.59073781101444
0.287809770076646
-0.10613483206198
0.920479042758077
0.122791148904272
0.165879717913556
-0.0202501069275776
-0.637405040515164
-0.720488165719794
1.2359180639051
-0.0693552136519906
-0.0324316693888365
1.09479142558848
0.148454578307619
-0.658136749869164
-0.151755689644653
-0.476021133433346
0.030727479261725
0.750462053195383
-0.80471548479947
-0.31855045121268
0.510881811891632
-0.566815583548213
-0.268396287668096
0.194366328838184
-0.073231851963534
0.966800963757588
0.417095029431849
-1.17056701947731
-0.650936256043256
-0.19571892982367
-0.717616932540122
0.338588431107575
0.0573946537205468
-0.436246960194722
-0.0942339490505183
-0.147540950151039
-0.478575616398922
-0.459014106819828
0.791102312803193
-0.234363897365643
-0.581076265659841
0.569213253238426
-0.443123653391008
-0.606771483023456
0.0872510474550928
-0.474163691241158
-0.719134742365475
0.0989024178899884
-0.441224096995176
-0.49927052335964
0.14587806409257
-0.187570227604717
0.187549185119879
0.350789463514893
-0.562004127820521
0.118182980686872
0.230755594467185
-0.560160593450775
-0.811480863316283
0.0619928726807176
-0.71046143742908
-0.431367469416083
0.446999398764731
-0.19364223001656
-0.0805102721757329
0.516926527413651
-0.385753191204881
-0.410329633655422
0.412332692582416
-0.336610047928029
0.224015826061424
0.83759160793925
-0.418585183139158
-0.0321104931976829
-0.202512907440744
0.120906781809271
-0.559677140166484
0.27446392397845
-0.315528560523668
-0.826921502833822
-1.15585954494198
-0.207926683882622
-0.0498195171687912
0.847667507757176
-0.284552934638353
-0.143677730505752
2.6290188790679
-0.211001613308758
-0.452267693335263
-0.194746434059552
-0.516691756348627
-0.127326182897425
-0.118393962068107
-0.0941503441080297
-0.614255919189896
-0.495643820024722
-0.533103189416963
0.433456894413972
-0.0298410183033838
-1.1557845574427
0.215657329770597
0.460539132158309
-0.747962008995138
0.213964653416595
-0.21015869553093
-0.739481952774872
0.164114930910731
-0.00297036666875759
-0.178585930383872
-0.140325309437385
0.114840444137243
-0.207474179769693
-1.23784168691086
0.611729430970024
-0.434565114170873
-0.339495261307912
0.171274720115206
-0.321783434966267
-0.464738847263914
-0.056682883652273
-0.193344621815071
-0.4735317392915
-0.246786524270302
-0.372711227524047
-0.597093742885968
0.121160013620829
-0.768577433544889
-0.595286412221511
0.0432722340443185
-0.447964248486496
0.0367039172724523
-0.0177076726092304
-0.571566021689946
-0.682177337732646
0.532813261748824
-0.28543937641186
0.210774399418788
0.304870765792199
-0.956363579493868
-0.345177507650337
-0.713127896180986
-1.04252021482844
0.691508553671723
0.47088788718684
-0.0992437262244852
-0.257423642860616
-0.203381388230829
-0.995197861252709
-0.340439000454506
0.762372634054509
-0.438166513798587
-0.323535273161214
0.0363638246592237
-1.01616360660638
0.858182080696403
0.137469814551095
-0.678924238003241
-0.00912518453385072
-0.0417674071831416
-0.398476872360125
0.420880353404151
0.839933519754002
-0.971660009075979
0.634735518026326
0.40726097736447
-0.462786150963559
0.00730406712917328
0.302893012755783
-0.355329103331871
-0.0353083076315807
0.811028175196374
-0.254962173193199
0.531113092251133
0.100136016740945
0.0762931729765262
-0.24765018275708
0.556197306176266
0.0605603412431476
-0.395409690762415
0.616413809335393
-0.542657254637209
-0.877881552119634
0.343148254231366
-0.576989981253053
-0.0155078790145852
0.476578152208791
-0.362628439602885
-0.188106284234216
-0.205728672343037
-0.9264264970804
-0.544342076574957
0.385917834555498
-0.212204042909753
-0.666390899272819
0.503971300930912
0.39076495225354
0.791466188308082
0.097869333786377
-0.0349221035983228
-0.802435231968238
0.129253513312212
0.584227378713706
-0.777749130509483
0.961160295305102
-0.246921214870299
-1.3653307443237
-1.00377576927883
-1.96063431670813
-0.335312249307413
0.0359831449002668
0.327063634170378
0.125835609155297
0.318007041605409
-0.217278981181035
-1.24513702249313
-0.706172935368824
-1.49881031283612
0.281207437490763
0.333169074712668
-0.0257274937294366
-0.0404974634281355
0.400265621542338
-0.658800405008134
-0.507363734009417
-0.372628583432338
-0.755627531298668
0.252505796414614
0.828426354700582
-1.04684763287564
-0.827547401906958
-0.0459513499185471
0.155341576489417
0.205529906172214
-0.245328349068955
0.198573764751748
-0.0261542834759038
0.00556249074372832
-0.336935267195587
-0.655339923447374
-0.0325458441584268
-0.549881505146164
-1.59862929283859
-0.288875252515834
-0.280128563443834
0.0890527904939392
-0.132776205393318
0.255976605780981
0.069139631299032
0.609665518725895
-0.241819126077662
0.388148622143216
-0.102538756743554
-1.32827095160825
-0.447724978352201
0.440321470434674
-0.385171776574646
0.42476929499194
0.323607694111466
-1.0808909461896
-1.15801163483147
0.542321378249552
-0.786400257495061
-0.558693230576924
1.3725218993794
-0.303193830524134
-0.266925323151106
0.00756918190791874
0.139802584439388
0.0512103009244572
0.572650889147735
-0.450319156632258
0.82838778874992
-0.317104536031342
-1.62030821259341
0.300778640929446
0.0960431898891172
-0.666653378569755
0.308701704032387
0.195008562621614
-1.06516950808206
-0.531990872143956
0.10240559194799
-0.874183860799723
0.986914947451158
-0.167565174114543
-0.715896109587843
-0.0354159017317633
0.0949856367045259
-0.364059994530897
-0.0288581644256836
0.293697367851705
-0.828660112808211
-0.928207758204412
0.24613882104157
0.0250046429508181
-0.367976849685274
-1.38517198159409e-05
-0.531335108678037
-0.327275421623356
0.129947041879797
-0.785302706551012
0.21668310131198
-0.423728817964949
-1.14688016401268
-0.147061442165322
0.225724690317817
-0.925942937919263
-0.0168275673887985
0.0422885199973073
0.655011131394541
-0.03424201846188
0.388761012525739
-0.828908562086696
-0.389701256045538
-0.505059088396549
0.354727744536515
0.653951795726527
0.262436203807177
-0.141407022592371
-1.3518427325918
0.368647077471061
0.461292715548571
-0.387174688485685
0.809638549038872
0.306063355420732
-0.952226905924979
-0.475265186590411
-0.427557647081593
-0.814293502237371
-0.228855614963907
0.146384778522646
-1.57241922773985
-0.597802045948199
-1.28530712456587
-0.130961345539334
0.514947779676923
0.586835134498503
-1.55540753184873
-0.971401235951133
-0.352448980032649
0.081975863437081
0.592902092878731
0.263286001846415
-0.720794332674014
0.224345480281958
0.228573795963353
-0.716832962604423
0.611229883122442
-0.0269764427524487
-0.654139630585346
-1.73484366406219
-0.800799492698073
-0.0304237700631836
-0.0401156883738124
0.545221056565008
-0.146238039516317
0.518422086906522
-0.697817211755866
0.211231699635836
0.0415599948056811
-1.10877627926639
0.56816791496189
0.599020986802758
-1.55332613329845
-0.0252219121218669
0.300902430194373
-0.471363229934248
0.669538071146806
0.954606229125016
-0.892940853075441
0.368956357396616
0.228103944608688
-1.21698593272247
0.0667323002433697
0.528904093254936
-1.95862910615337
0.995387488991622
0.3648608636417
-0.647881534582209
-0.119419254346039
0.448966713159543
-0.213377132872776
0.030976033413802
0.0155429579623384
-0.296710208878586
-1.04479610596479
-0.432310424520086
-1.04562628659657
0.597331667652632
-0.282099401358841
-0.0991667095930901
0.945842603121759
-0.730403907811625
-1.63237106515129
-0.450876634685662
-0.225360317305338
-1.53160917629976
-0.651843263983319
0.00533480822485541
-0.245480750788808
-1.25999600133746
0.0676426632557738
-1.58472350953194
0.593881241284244
0.191454826726488
-0.285420509082244
-0.611558605243477
0.153812483220737
0.622481387902658
-0.31060347398609
0.275673716798365
0.048054565828055
-0.290767041479897
0.0908573769673264
-1.24480818462016
0.111548133211881
0.0637800644639976
-0.664729508565802
1.33688194442174
-0.4777185354955
-0.522887950466488
0.071419484945319
0.265742383235111
-0.0784864348313136
0.559656269239767
0.62232263600521
-0.861543620247531
-0.423876743094191
0.19236105654681
-0.230297251642995
0.0377011625897571
0.00937229009422263
-1.04126181272904
-0.0594483750165576
-0.680822983868066
-1.33927540282737
-0.162060293274391
0.344093279453411
-0.524226386592958
-0.118358189864068
0.255540035216722
-0.98694457550778
0.0056495442890627
0.366834411865866
-0.565561709166165
-0.873361489500901
-0.426213961967014
-0.441650921007135
-0.0876356338972727
0.445723553488356
-1.49907138576319
0.388924350268984
0.659753688300446
-0.470847309432694
-0.176802337919284
-0.242130039010257
0.401126856264501
0.394113805904767
-0.826834181023248
-0.371714046501337
-0.553135351811596
-0.159773829276882
0.664850109955577
-0.988331955631983
-0.879728794522895
-0.936916894909715
-0.437042189502645
-1.04537182815624
-2.10681735532527
-1.04588423783413
-0.0592164707896834
-0.128631192658021
0.491756251466436
-1.05875143731934
-1.94802264352282
-0.430948770630686
-0.114208973104479
0.250257034017477
-0.239332905276016
-1.92870843583228
-1.69274966010889
-0.328546108114772
0.494117720640813
0.529175952836631
1.31036390568676
0.312785391862109
1.29062609329352
-0.847932546062283
-0.559177490709826
-0.912619210220632
1.63118663346015
0.290670362163853
0.367264996319796
0.380184426713012
0.60048428183348
0.751834047246373
0.401371610863995
-0.0957914201416854
-1.79676686865172
-1.02627854824544
-0.481793725959438
0.285658616802457
0.177164382957343
0.213343422337889
0.388880797709492
-1.06524673149624
-0.221770347912338
0.713709506991011
0.237337905856065
-0.354322042429812
0.308385220563103
-1.23217596722012
-0.109321993960696
-0.063211454552699
-0.122014937803969
0.26269394845068
-0.069380578216186
0.77173914467572
-0.887410587158891
-0.97177917848745
-0.708550964748109
-0.406952515809964
0.667835037616214
-0.0456366669545526
-0.0981119854704682
-0.232362266850192
0.0416609564278913
0.0300583832251808
-0.0043602591804052
-0.747703495276923
0.731016378009361
-0.134712240886724
-0.0907461001573488
-0.664110223065293
-0.356230027316873
-0.0685196769527586
-0.237328808087206
-0.304324712002674
0.451767144434138
0.395932676092143
-0.766852984471617
-1.01700035540015
-0.380077181000945
-0.82838042482534
-0.0595207495703346
-0.38135471183203
-0.13790029922307
0.305231431003238
-0.111499274942588
0.158149296485305
-0.22591946197761
-0.329032890370157
-1.0830006509885
-0.216412588300942
-0.438189584238639
-0.460598016233019
0.550331472314525
-0.195065065779343
-0.699909885038552
-0.541783827276468
-1.27993921420478
-0.100937645527944
-0.450189592188428
-0.253505323055578
-0.461677911179817
0.206441637779131
0.163272570172962
0.117526525373133
0.187825729854936
0.217356563619812
0.0966284594928277
1.27748446648588
-0.378315559873596
-0.260526793157884
-0.40001944108475
-0.683455998741728
0.116664092220428
0.094646768018945
-1.02999381701097
-0.0162139745105524
-0.0568205816843219
-0.506653162371775
0.0508511453248738
-0.604377730184001
-1.27561039392408
0.273792309747947
0.623734740755907
0.101593899298575
1.11242481266374
-1.17948447613795
-0.764467074127543
-0.828201443002577
0.617559544148332
-0.0692433416851806
0.818252875227666
-0.220157237045991
0.274032575928345
0.490284779658692
-0.27568589350441
0.512022323940763
-0.52085161757728
-0.423485346054514
0.180047027928322
0.163628508108199
0.233125709487946
-0.272250389750169
0.791559947773363
0.329703726164082
-0.424931607085712
-1.30863969073811
-0.18186410059177
0.424245904366104
0.883686236543025
-0.0534860220200569
0.313558602959432
-0.546977714269923
0.0668072844248739
0.344400416412273
0.329963532130617
0.977595613424012
-0.433817558190157
0.206329663842084
-1.43345046440569
-0.694723712588543
1.16290606975359
-0.055941574561774
0.443816676577677
0.274589151972294
-0.793374835117215
1.31275324637906
1.14455439013434
0.129782688963644
0.283606620032599
0.154405893959481
-0.132810068697126
-0.330961168508672
-0.320462915386457
-0.971068410149615
-0.623835653323534
0.432770704271314
-0.53618129293776
0.0979475436893198
1.21764699712486
-0.367530972153169
0.883616693120118
-0.00635036940272736
-0.0729727589785655
-0.205494937338595
-0.29261999956226
-0.943566661262189
-0.184078457190028
0.216337475040938
-0.46924879206258
-0.584164064406809
-0.345304488474212
-0.565418517452697
-0.240114541747818
-0.252769952440088
0.0843250716265787
-0.258869234040468
-0.148486535619709
-1.06192609139038
-0.326773311239642
0.282547462740871
0.0943111299496354
-0.368607029342524
1.11757381380467
-0.629279372327257
-0.5551841434665
-0.676250167127754
0.261851232729084
-0.371045567096043
0.643355242042803
0.54696446820328
-0.914604760777757
-0.182232666685179
-0.379699020528582
0.326159903222641
-0.0818994177239209
-0.027755157670743
-0.67094680249156
0.232844882547324
-0.879866280393367
-0.254313499159819
-0.600195065807474
0.492774017675268
-1.51655502860328
0.161649124566202
-0.0519957230366993
-0.422626125850047
-0.613413090778134
0.479029739586549
0.18855363785396
-0.0902091597535492
0.0758499005422749
-0.0663951091576108
0.305367942886733
-2.86259049091968
-1.16405925791958
-2.43794209670303
0.0735652941031152
-0.498994118047267
0.21975578597538
0.113589572078493
0.201505330828622
0.449695119588976
0.689188697185204
-0.156595459769007
1.05294299353399
-2.88096042517154
-0.723249481863034
-0.394003097444443
-3.41247225335647
0.0021054546364881
0.0908788390093984
-0.558615202140196
0.178337942355373
0.250884427111901
-1.36998902036693
1.29535503820755
-0.109570106229287
0.111095401375132
-0.14304297253452
1.4413437493484
0.0409267731653588
-0.0952860671780068
0.55462673754421
-0.662066561768324
0.742369132477552
0.341606660973611
-0.676728700937985
0.418912517150313
0.227411958183276
-1.13523314298264
-0.148916159245445
0.470907515871753
-1.06712537935122
0.894578235449927
0.847400755530665
-0.778101643384668
1.16916253602744
-0.11331987106753
0.012286334944443
-0.117237705499309
1.4549821543365
-0.36788524334921
0.381567620650561
0.596065967673187
-0.123029034677059
0.542301020417468
0.583463296190523
-0.457729627082114
0.534700410054401
1.14297528669208
-1.00169682571212
-0.36862314411027
0.835226148525541
-0.178511654728866
0.921909935451059
-1.09754888265319
-1.11668315104068
-0.447115304179413
0.809837477781925
-0.147476994515872
-0.843169115334472
1.10020281136752
-0.581119968662021
0.0197382332923072
0.413697864371703
-0.539284709668653
-0.188950714294248
-0.444753120997098
-0.181854349060541
-0.128760967349022
-1.59176198418116
-0.956607487066877
-0.149608143178589
-0.625330129808131
-0.177785065561653
-0.488339491391426
-0.558214157680654
-0.0717148607563445
-0.258699046453809
-0.0164053746853468
-0.519143487362596
-0.569649750175219
-0.36700549066888
0.943224847226139
-0.948393529250628
-0.141770400613755
0.965709616221664
-0.387464249216068
0.538326757329188
1.09060527525351
-0.515819854382915
-0.969147955053031
0.997735921205881
0.0788102864392276
-0.136482381885638
1.56823908340177
-1.07848089947747
0.688745947523817
0.071058386182366
-0.872093959810622
1.24475190753845
1.14832242943954
-0.419572545904782
-2.13945078752313
-1.05806902857289
-0.1478299617114
-0.132925688532587
2.87414877424053
0.328878480377688
0.036171525792376
-1.04919011150187
-0.872746480797791
1.78866282182948
-1.29058011816156
0.773725113591656
0.500056961429097
0.0985040513424413
-1.90843571977455
-0.153249173313392
0.952523889222945
0.00923210628007985
1.3454909036613
-1.16995595363992
-0.683886567507145
-0.251161017222959
-1.34099230973592
-1.58496403143647
-0.648529894039527
-0.657865447935975
-0.521335601887704
0.140165705352579
-0.518232103014157
0.53332859749231
-0.273963432032945
-0.488819257829835
1.15430913245956
0.539149545660711
0.418309802725544
1.79964123370153
0.542226966528034
-1.01857222498649
0.484427446509069
0.806521620142804
-0.346665111128745
0.450272650335243
0.816003832448804
-0.216595271556491
0.615680715496136
0.836823379640534
-0.405460256415241
0.463625717909766
0.779278220079081
-0.381277826879585
0.668518467201643
0.468313220876805
-1.19481055282209
0.424055128705035
0.44812369778163
-0.920285496445162
-0.321991565465944
1.75136672939794
-0.565626486653859
0.217430416045785
0.518371129440614
-0.365252347697937
0.581716305136359
0.732391072605675
0.196441471255337
0.892996164966499
-0.331758541296893
1.6324868191282
0.457412725027311
3.15327151788976
-2.9948823122532
-1.52356567151676
0.492685953546901
-0.630591891789671
0.112796693851689
1.31203734089463
0.907655364458756
-0.397532683747484
-2.36737395451814
0.452559268729145
-0.358222269483034
-0.309063893095146
0.157528803764329
0.366672001591348
-1.75574186474459
-0.77225679302791
-0.358065381850101
-1.07397614448634
0.428559290397274
0.133324869485108
-0.634640202569208
1.14469906303665
0.277339341188259
-1.37580031298885
0.590496218771172
-0.5854849037389
-1.38114110999742
-0.468911636041969
-0.644670514610219
-1.24490816086166
-0.0112535314018602
-2.09689481533091
0.534140165067083
-1.27639189656572
-0.646472300481954
-0.325822813119875
-0.903567043465382
-0.267571210948103
-0.825865957936941
-2.60024151976686
0.298606453480879
-0.438568968683859
-0.68495132387925
2.20070806388519
1.45042280452786
0.414053600582462
0.049086014166833
1.1008286206279
-3.89447306434765
-3.0331595003607
2.80214898540729
-0.29249960207167
-0.520528703181934
0.495355334242721
-0.306575752030643
2.0796380123086
0.40572601172993
0.290831822652037
-0.898357884806432
0.559302827454289
1.39825847701414
-0.605602754935627
0.343739237066616
0.315092355525561
1.00765255642041
1.21892540742431
-0.626558740439574
0.852301500275534
-0.359988876475712
0.0101112703251149
-0.233515360939779
-0.286904099297137
-0.654661315682316
-0.266263830747713
-0.899356032657354
-0.518162010446624
0.687746492941813
0.039658333530354
-0.751517528190849
0.196672210058253
0.205603025708166
-1.14038587236611
1.20267994127319
0.679804577413311
-1.14099815789624
0.211811164647509
0.00599573059762037
-0.715324196159432
-0.209533443770528
0.0383770122828362
0.657868189530277
0.183798626745863
1.0017303854737
-0.0802193175165652
0.323447482492624
0.198660358618988
-0.409615186266542
0.252132087482399
-0.0225532067430684
-0.431232075616644
-0.754319755097219
0.145527604298844
-0.646764206530244
0.328829310836708
0.0449413015867618
-0.0452496291702584
0.731028942613047
0.777441108816829
-0.122417856275417
0.377988190614347
-0.299560113041305
-0.362508521370977
0.405201043465654
-0.0661355295025851
0.887162173170979
-1.63470783522275
0.867093820291116
-0.367650420377413
1.00081169522925
0.291706556472927
-0.374635030393903
-0.656939924149167
-0.817608288000118
-2.14195263924289
0.699005642389445
0.659555719353472
-0.914249949355455
0.13043022532729
-0.866113789842757
0.20735995123274
-0.0106593443010449
-0.486717307015192
-0.675251245953616
-0.00245046105669885
-0.938340624603333
-1.22267557332297
0.41499463493737
-0.0767243764127704
1.10570287773853
1.04211272518217
-1.83236408131038
0.424018817700686
2.32296593451007
-5.58623770125611
-0.743065554409613
-0.180434586803731
-0.113776601413491
-2.19245825808007
1.39856124038063
-1.00035276891293
-2.44093968195492
-0.066711033581514
-0.748249627728441
-2.32713644723978
0.473598196284027
0.341184407926751
-0.326495359659672
-0.213149282659019
-0.633085761408955
-1.65662188967611
-0.0675499013569103
-0.611284281399375
-3.68651955535206
-0.863784974434841
-0.514143076643786
1.0997643288452
-1.10071754568606
0.766973316735722
0.697323065624646
-0.378181035764522
0.330727314534142
-2.36089695000236
-0.953501358558617
-0.456213955391138
-0.30420250987969
0.579095730322739
-0.46341692017395
0.127014288390086
-0.940091224714643
0.0953051606621975
1.01887017566429
0.303243208884254
0.057501728860854
-0.229053861934921
-0.881006417391415
-0.480940485387771
-0.161194417946359
0.676159405222063
-0.849545872218372
-0.933373356419831
-0.624583369379754
1.03148027625996
-0.0728458349382862
0.673157582272977
-0.516839350290477
0.251881384028147
0.297727547993535
-0.274230718240931
-0.271953670270871
-1.03562927774205
-0.9244324769925
0.278686774715422
0.874389556198716
-1.3791646201613
-0.039910231071697
1.21802922722322
-1.15667843802675
0.675507141119894
1.16997697662644
-0.660382608191094
0.183447116562205
0.830120848405876
0.25146169576536
0.363901189075508
0.405609951146969
0.17952646460239
-0.525511035208657
0.788903370036264
-0.0878514763098226
-0.0211128955187643
0.418947015394665
-0.59984667648905
-0.410472521363017
0.476916227732068
-0.568503347482121
-0.245993940671973
0.482620296127265
-0.359893423657938
0.00849522645622106
0.601389502177221
-0.148029561134083
-0.324348126958836
0.204384198960399
-0.429079875025876
-1.05753321289636
1.04142625721089
-0.66182492025345
0.235359769329219
0.477127333264595
-0.269086650480916
-0.435984202668456
0.537643817947207
-0.382700490371749
-1.5630598850485
0.982316232089341
-0.0576088399599745
0.309966530699832
0.309216533771932
-0.0834531653195359
-1.50824138133481
-0.290554320224287
-0.980502229632792
-1.05715237962474
0.151552712388256
-0.94360711874483
0.166724028114408
0.538544018346064
-0.590827870633413
0.869372015244106
0.0525627201697179
-0.460889555070824
-2.36334589234171
-0.0291457765693466
-0.758903777837461
-0.455486291293699
0.386489338739494
-1.33645298639474
-0.770170053843988
-0.116471504252574
-2.44103189949908
-1.5430358158305
-0.667731826949829
-1.89423078451668
-0.466897413967319
-0.379221368776818
1.29092258173612
-0.592965317310281
0.447936258178793
-1.65594538874276
-1.64146190109666
-1.6941458577758
1.27299806206223
-0.818034570685631
-1.25601728306289
0.172868333287166
0.695634447547672
-0.580785197755829
-0.73370042877429
-0.166186066199114
0.0348512435900991
-0.633656743836608
-1.44844188498026
-1.21069144132116
0.625309719768351
0.20407451560098
-0.437834298825286
-0.599634427473036
0.185700731551496
-0.448567887983327
0.071080889179663
-0.209387476611167
0.0822104721159405
-0.149908212648125
0.0108593939034135
-0.168953009862675
-1.01349962147684
-0.384536998086452
0.23697058785666
-0.945956294888945
0.311344159125418
0.61259229036973
-0.0799540283165406
0.469491618694672
0.0755957010806711
-0.50936928349982
-0.0111462172241887
-0.13518183381873
-0.272266542575487
0.401608927778895
-0.0436519569642149
-0.0977287493812895
0.291287000868537
1.17504900642414
-0.218039996864867
-0.0974500226230301
0.597312534714405
-0.453339695423954
0.613086723591212
0.265073220700878
-0.839669509258784
1.20589524105338
0.979388824177844
-1.09913992346967
0.0483732571160745
0.394849711791115
-0.623789676459457
-0.260900542156625
0.800375264702367
-0.260461172998695
0.355567087648337
1.36595934884657
-0.458197631586255
-0.0251687879725297
0.440159732868288
-0.155983731763957
0.453297710065947
1.18003451591452
-0.0450033029560011
0.608801794789977
0.667062361011425
-0.490348568536292
1.54363911738016
0.367565824782682
-1.55309085548943
-0.283423396286311
0.444099325819475
-0.390687972342355
-0.0778994708922446
0.317322691914854
-0.250395355894336
-0.60276474111193
0.37437003851603
-0.807371049041389
0.808821454219241
0.854541918254163
0.258534370214523
-1.01162251170204
-0.286151167223923
0.466403168512412
-0.156477763841762
-1.56843053702195
-0.406086202232834
-0.431359678640801
0.0159804134339303
0.145777939190409
-0.0718370798521353
0.308117659661494
0.151293224803979
-2.7140925567329
-0.30101264061839
2.04857660600289
-1.72055017753603
0.1662907274959
1.60755834641147
-1.23291021012548
-1.80697587857648
0.193461809999052
0.297259420042533
0.275839089887235
-0.827420922142473
-0.987901615046165
-1.32605598352746
-0.709730628320883
-0.910749064453573
-0.85182962458295
0.488776120329518
-0.76702512320808
-0.122445637424835
-1.13421295317867
0.742727789759272
0.469077506352422
-0.897280711691014
-0.593780199092893
-0.0230571325746132
-0.0978265859840886
-0.304043974533865
-0.810792631209684
0.884865942862982
-0.521248175798263
0.116100240151
-0.210044951903089
-0.114180014842214
0.300301793767225
0.202331725970547
-0.544982646346185
-0.193957004172578
-0.463118720936561
-0.367400144755165
-0.0612578395201162
-0.869956614978954
0.124829297907781
0.1158464139329
-0.757766573312389
0.216807942356401
-0.369347823509149
-0.366594841440619
0.204362080044686
0.0119878603810105
-0.438177118296993
0.393019850511613
-0.145709813669838
-0.652578798566319
-0.40346276850298
-0.547041662507128
1.1426942689558
-0.369136097842825
0.500172876341657
-1.65450120213739
-0.573999969559873
0.204696645425293
-0.518151984213928
0.476617094897107
0.730765264724405
-0.0300317154172893
-0.0549686969669338
0.298501959142756
-1.39444872024749
0.101543278688457
-0.548746118697357
-0.636895746343236
0.272365119297909
0.222259103961169
-1.00247331383165
0.209611009074096
0.177142891773336
-1.33789701410288
0.302098502263917
0.598594545912497
-0.783105983306081
0.592790447388185
0.296591397771048
-1.53928781841095
0.209296164639937
-0.624296712361135
-1.28958063253416
0.59048422348035
0.0200692502721228
-1.28426750426531
0.467313070079601
-1.24677572558364
-0.644582944277237
-0.586608836546152
-0.0448583821159853
-0.446227467041635
-0.17673030718374
0.495305998601023
-1.16643848076892
-0.261427417592558
0.160824184167068
-0.39803130905007
-0.279174335311998
0.213766005665727
-0.226422803241614
0.248873180554643
0.84051623511758
-1.05281711824121
-0.614580971424441
0.0945995616852986
0.0962068582526276
-0.974876257757029
0.830706559312146
-0.585578004902253
0.112576141248395
-0.0662075720460822
-0.265477495024141
-1.40165522559554
0.275805947533372
-0.347925653539088
-1.23078373581641
-0.992383955627245
0.231231382219803
-0.813310007962756
-0.921090684178573
-0.672092453472195
-1.04146575495172
0.456340859694595
0.238778648399255
-0.630223029679637
-0.0419502047045956
-0.734405582945282
-0.625897445979475
0.246497094600797
-0.194802328423641
-0.120131981928732
0.0863141079821731
0.162947990023099
0.286412912653635
0.205361510260548
-1.19305435461131
0.1448507920254
-0.610819603018083
-0.0719831372181317
0.0548292389379455
-1.33723151034895
1.23899318685266
0.455972999485152
-0.524512690698989
2.56300955961675e-07
0.0405475670866817
0.309273444459946
0.142892083189889
0.161629836236649
-0.544778374695302
0.118474536960326
0.0343938614044663
-0.245807631290708
0.526819201313469
0.0964360021185033
-0.593190821312569
-0.511584581414393
0.599481466010503
-0.425026205474666
0.585863124571152
0.592924350928759
-1.37206403892133
0.286706244646823
0.0876959304298204
-0.254174517902302
-0.134710114063694
-0.232995675203112
-1.10348545869655
1.71413768310366
0.476606584908591
-1.02857239864106
-0.355470047517976
0.567571267325264
-0.257841974322807
0.387190351640354
0.301396115434599
0.528161485919019
-1.65043578465928
0.191628974695515
-0.401735531056411
-1.40335421641529
-0.425586515592898
0.652580195166225
-0.672675916987547
0.0270590743759402
0.58780088132554
-0.996068448079376
-0.471586645873199
0.0590857393427642
-1.08783636942091
-0.0820490255285535
-0.416159896423878
-0.845360684934913
0.932686479645884
0.492175032559291
-0.761895810450565
-2.34786889950708
1.29969704360702
-1.46973260704977
0.363441465589539
0.610338255308926
-0.651246838036787
-0.130714012765813
0.510503857844419
-0.656388378647455
0.270271542749539
0.603176390647439
-0.760410679690301
0.82224928379236
-0.320472476694253
-0.237886031289531
0.781323706323287
-0.394028360603351
-1.18252688228616
1.1300614985447
-0.967682402146719
1.08084440936461
-0.731343462759306
-0.102186125921843
1.41567379042238
0.318239510838999
0.00366015965163692
-0.362826602768614
0.187298329126307
0.32832876243791
-0.145347879160512
-0.656567647493833
0.545716067410107
-0.0869278507370961
-0.869618894642079
0.443185784382635
0.213418513922457
-0.335650236805051
0.562852032164605
-0.528306241554455
-2.21455331179975
0.308384891617002
0.0100673874258242
-0.196713211011727
0.187604434693795
-0.202508777678974
-0.153057620049587
0.199428729930355
0.66505593995222
-0.055772111952478
-0.757637469440019
-6.40833106444918e-05
-0.175624857925493
-0.142212216812052
0.0546517125295952
0.826991810792784
-1.128239563347
0.101000686228361
0.0977993537731103
0.293234413659251
-0.353442019311255
-0.466645128025542
-0.260339358163251
-0.425518523207168
-0.116601916667284
0.199793968786399
0.128770899713972
0.529762758741044
-1.44684955868237
0.594916488972432
-0.364385541012571
-0.30724608118622
1.79799162112955
0.446860389656705
0.631606051233282
-2.82611327156277
-0.687889086257524
0.669265784127571
1.13631623434818
0.375192781244034
-0.0708870661393195
0.419909139153898
-0.359486837163059
-0.560784391471553
0.381804280431052
0.265495985690772
-0.193595777579684
0.952269242033885
-0.565732563735949
-0.590409469645713
0.971677032955683
0.165009168814622
-0.399362318818923
0.0118208597664524
0.749325249449344
0.310022419675691
-0.81695356482556
0.231814817371972
0.226822231199321
-1.91804849842347
-0.188116066526502
0.0704048775000547
-0.242268371446848
-0.479243875983131
-0.201878973821745
-0.824849830725762
0.617397193314939
0.592410577087579
-1.30750314915678
0.0801809220806929
-0.134671306781431
-0.950818043911706
0.795581253283713
0.790564776817225
-0.345672153150571
0.374701880819003
0.0943133033145557
-0.897160186883057
1.22487299649028
-0.361922104322852
-0.250547234078818
1.01449850529904
-0.103262654981096
-0.924941774928533
0.0460183079393082
1.03267392493984
-2.57806780084201
-0.293112003139202
0.310900937388516
-0.325519668547573
-0.0371493255086635
-0.20630708339783
0.0535225325842124
0.0400969580317861
0.215567976385667
0.6447195702798
0.294490361428694
-0.443642506587275
-0.0131935229399591
0.0997739286270487
-0.289712799453624
-0.340830848610359
0.0239766982502231
-0.0449236527631838
-0.284965934182058
-0.0352248154267987
0.191487641194001
1.10349318432973
-1.00518741866613
0.0529062386522492
-0.132867968568678
0.0809833295708588
0.303480740367959
0.273579391076249
-0.0839025325432917
0.011822781858171
-0.0203023240045114
0.54521519658708
-0.242227725998642
0.962487994370519
-0.0155162113680947
-0.0427991860200435
0.0741531838518418
0.24802440571787
1.03179754407337
-0.394095384712102
-0.487935871252812
0.19708744841956
0.115677242066322
-0.442698177064858
0.205839385461155
-0.101768382144475
0.973885632707316
0.0847658928870252
-2.21630725918405
0.226927867797555
1.27327415697286
-1.47376183526964
0.33833987721037
0.841548702906504
-0.142668986347883
0.416542243966958
0.0448156919074713
0.0598056152548084
-0.0947604079081813
0.215884182583885
-0.0726339804309037
-0.0877361574327453
0.342739288638744
2.39899955869801
-0.184449670157195
0.00592855133214803
-0.880815637828009
0.0580812101981544
0.019513761094919
-1.98610740863673
-0.361624736438077
-0.338275429984483
0.637199099918523
-0.225887003795208
0.342172584905876
-0.771164253323602
-1.03118908972351
-0.100132401443163
0.612654333627585
0.295323966255316
-0.118587393129798
0.423581590992713
1.00085352704221
-2.04721451826013
-0.21680181019171
-0.0767239887781798
-0.307155441958656
-0.318628336625207
-0.750956248501086
-0.0192043537421471
-0.14942944683252
0.00815734261313194
0.0847251926798923
-0.735699268838668
-0.957811092268496
0.102510734759633
1.08708438565968
-0.626509070763758
0.770046919930786
0.439645903288337
0.19049174660183
0.644189802560032
1.36802086687378
2.32483318535552
-0.909232929550535
1.21054193005385
0.60937894656465
-0.032961512718142
-0.285560747306369
-0.22901403690798
-0.0163330077153147
-1.40127280554272
0.205387946042588
0.287464976856751
-0.458216533739343
0.367256598895711
0.177958605575814
-0.885670471875879
-0.715430680177934
-0.383442357541495
0.0451995131449459
0.539629065586242
-0.218951280975809
-0.0172411880299778
-0.56920372872636
0.0242951181845304
0.0589716106348567
0.249975948896368
-0.507435300780869
-0.115208826094694
-0.47980677002414
-0.0726085572686041
-0.0642862369182572
0.588697428731728
-0.0291055866926884
-0.158635528118857
-1.12493069883313
-0.216041152343735
-0.241502358578383
-0.974041166206929
1.37596576091006
-0.386167660747495
-0.723865253122941
0.210531545093413
-0.779493852954337
0.523326390501764
-0.836969054758362
-0.769969939256081
0.275564489127702
-0.0330104221367815
-0.225624878672211
0.265843545110702
-0.223016175069286
-0.215737279975677
-0.330406010842637
-0.335667716710336
-0.634354987369247
0.258445339382834
-0.12441344194673
0.343371282156851
-0.537880523490788
1.44501697569755
-0.915820274824105
0.115244188778329
-0.381605921606695
-0.0760429857689478
-0.664539568137903
0.479084081225638
0.756548797478413
0.196007405729028
0.172245035962247
-0.989579217305324
0.679471242012026
-0.22991105336464
-0.645147753197304
0.258330490126021
-0.104840735561019
0.104530819847201
-0.0914510001118714
-0.0901622235555403
-0.468239279753742
-0.972668326267562
0.887959189043294
-1.61232802474831
-0.531178759097864
0.131317582512707
0.257596569476851
-0.040637770949678
-0.219908654902546
-0.876524281605913
-0.0829032600942846
-0.153705775799226
-0.399602169309638
0.0535856301057062
-0.527856243461626
-0.240018117675837
-0.868012644961985
-0.358250306847349
-0.218526916630099
1.17326057724391
-0.200136941138009
0.267488217991723
0.095711438117657
-1.07031495065647
-0.159580153431495
0.0879302104438846
-0.360595261308433
0.282881439431368
1.05950481086364
-0.264205703646251
1.12700480598012
0.0166893240532537
-0.425036150321519
-0.0310064642093076
0.35016054869659
0.123112133141681
0.739248748655581
-1.04236254249351
0.739386068683216
1.41849556800294
0.278171696126691
0.0588226384548182
0.626378445488143
0.545920978019293
-0.15359005162266
1.14370462595875
0.896118050932843
1.31515395175581
0.443469513151039
-0.85577346188809
-0.045325155176574
0.197800639048353
-0.300820122489744
-0.950035806513168
-1.30033499056652
2.02139433252227
0.597962911871878
1.45591102861651
-0.170162813890012
-1.30140777727082
-0.368398961213177
-0.355504594423543
0.842526496789062
0.0681910992227787
0.210473059446724
0.477020748066609
1.30389699359559
-0.0694419539779054
-0.545834562681351
1.19153544312763
-0.785760158320125
0.453054825775267
-0.0459807989061259
-0.160777677811268
-0.428850323859986
-0.276908504688738
-1.14639384437705
-0.534450121118634
0.423949168347743
-1.74240385425464
0.242008336921049
0.339569515529322
-0.128304128256214
-0.417862105256367
-0.258618431615343
-1.07169179639935
-0.666500361377234
-1.0605827905465
1.23887654664076
-0.35755670566497
4.06484775437476
-0.646379042706208
-0.72971525131437
0.266869088097017
0.39883995663757
-0.161617616314731
-2.41804828334371
-0.125119156259219
-0.478431863742233
-0.151062106218889
-0.535280428574861
-0.738774167762815
-0.638440500130794
-1.43664825128548
-0.261478767458815
0.898528470722109
0.127136491777058
-0.770203468921328
-0.132648897757616
0.753042247068161
-0.355898484711232
-0.472931280961341
-0.0921130519821988
-0.358078865487953
-0.528894337638125
0.141494495860249
0.0552271615282459
-0.869501787678202
0.567554103487805
-0.161119503954555
-0.777991423449408
-0.0984183424077683
0.355470252826267
-0.279170004673964
-0.465592158015717
-0.68026883705953
-0.514703055606785
-0.223072047572639
0.855420779400738
-0.107803246260943
-0.646509026214333
-0.869922130290475
-0.337281140594846
0.303345766332837
0.212300380710915
0.54727447247945
0.200385743401223
-0.400680215576521
0.476989255221349
0.780518608134182
-0.395734424847464
0.733498071812482
1.64118338565244
0.181665965023271
0.876071692065189
-0.651016685366002
-0.315031507670402
0.522853435033217
0.87509924167846
-0.4963468461572
0.802760055255007
0.674446884512103
-0.360895609440544
1.0687364232432
-0.133827729463584
0.395418282443165
0.56293661044959
1.36661244690647
-0.300608209105846
-0.423884635605317
0.2123496799689
0.549589862069406
0.950562740077126
0.807774038796511
-0.315660707891889
0.818658908437594
0.0697179559800111
0.265775779754002
0.813009258574387
0.547657124160296
-1.00217493815494
1.85735334948731
-1.28554919380734
0.74684393247926
1.08411640169394
1.44872947838146
0.0160059570936899
0.227441666931111
0.0709746932646128
0.884293568319181
0.581966614247958
-0.15767910805663
0.740171463452244
0.250661473001046
0.324970411073125
0.850381929362637
0.483405498730786
-0.0488454544519062
0.421563280811089
0.556295764066457
-0.239250150059711
0.510475865220333
0.832479579117366
0.234384033197982
0.354661986812411
0.355981228873963
-0.540660674456942
-0.274342969595138
0.837950138308081
-0.0216281287531864
0.461257413986484
0.744447271572097
-0.743038028478888
-0.664129679427839
-0.0952524959371226
0.0497797369736472
-0.137057932255895
-0.374433101058602
0.344489027444288
-0.409981263362362
-1.12991330485897
-0.0490633450120766
-0.253050459367671
-0.161827782794372
-0.557414809627362
-1.06158417557918
-0.530985017235878
0.167022167279162
-0.463986385433653
-0.463725629996391
-0.0638532779712776
-0.585359409130878
-0.666799915855755
0.203297679456046
-0.171364973140411
-0.473580046090043
0.225594318685107
-1.42943592053634
-0.127714350653159
-0.397063505811616
-0.561600864812457
-0.677362110279781
0.389264184201969
-1.01255049712196
-0.999762000088705
1.21515830389491
0.0342963320150907
-0.353284786467879
-0.0698976876800916
-0.0738668549530877
-0.443035798211026
-0.0451751573652915
-0.182080428964825
-0.165069572297709
-0.57374479333209
-0.908313036367594
-1.18365009324672
0.919333621557322
-0.0729044405071448
-1.11399337135191
-0.0688168227208607
-0.736049473818125
-0.0122099273906959
0.253706800945997
0.0964005588352168
0.529905538954696
-0.682500409405024
0.17453221170848
0.702531857449209
0.750030126008125
-1.28596503311971
1.01808406127294
0.543160965083884
-0.731897272881858
1.08282988540795
0.232638819491505
-0.0522977801517699
0.700617245392589
-0.161489997884732
-0.255875770091687
-0.542156028039629
0.46462356937442
-0.700615431064926
0.549928809185617
0.279003304667326
-0.394237384522093
0.894728490846204
-1.16540325402047
1.04613310091212
-0.370461492661149
-0.305148470535012
0.857798057936406
0.458053717390254
-0.565839089970228
0.779027628112632
0.737537097912568
-0.130796106945596
0.306967523545888
0.492497369099609
-0.118591200336538
0.333258835111408
-0.0920315922730889
-0.14338239085406
0.199864364351083
0.737974073343635
0.0441983073848492
0.430924594695754
0.487028730603685
-1.26092512774557
-0.0243799847446992
1.2760465228285
-0.307168310464697
0.445175948429213
0.517419260315404
-0.418922525541562
0.462256483922137
0.325981914440351
-0.17862251429204
0.562139505225856
-0.0190178798019063
-0.588245256782343
0.191307445857606
0.986514610219033
-0.583751522352956
1.18879418962196
0.739468139567671
0.0408884361369245
1.36429798442228
0.775792652258315
-0.714091110106123
1.14945816379652
-0.000528689340409814
-0.151863938920213
0.720201054689214
-0.576550808605223
0.308924124034239
0.652936615432715
0.0180233453199022
-0.211504447119569
-0.0549842984578933
-0.812399240766994
0.400141722410556
0.535816738045413
0.289444557227431
1.43959584296859
0.386550456492847
-1.06093080884816
-0.187137571216533
-0.48196840658962
-1.1528091357117
-0.681270685186558
-0.97509539818489
-0.965060974671061
-0.572337521552625
-0.284942837268287
-1.41153235257225
-1.68620191274996
-0.616419545397053
-1.57080800694449
0.337262761414866
0.980542593290344
-0.402468174738303
0.306216492575277
0.922648683899797
-0.523809045000896
-0.217304766471162
0.884359389481263
-1.80697866358686
0.158627014518356
0.266204971642244
-0.98206421597242
0.0205131225646702
-0.753533222006459
-0.105668697356986
0.569050946715954
-0.875848842427255
0.218082530984266
1.25277370003082
-0.47454676930185
1.22104469132593
-0.65134371180112
2.60085247834727
1.46033583047996
-0.314922922206061
0.470462240177939
0.140251237827416
0.495073832511055
-0.00509817498393959
-0.428760700837082
0.337676669439772
-0.711276012575576
0.984455264290176
0.631693825029979
-0.0740170310547657
0.25149607233209
0.201323110368304
-0.305249800186511
0.369588178225064
-1.28518686981276
0.768421491845763
0.504226706234454
0.32283317762337
-0.597981497513774
0.597919111083048
-1.20193728678307
0.945863733771138
-1.37364120306061
-0.144304448267086
1.06264022619966
0.570793522299511
-0.552725282677525
1.67312552697152
0.616802484934463
1.97609937040184
0.829822098457434
0.743623114910491
-0.266869492754708
0.312962781235481
0.26682915412836
0.970690716645299
0.248520111853534
0.494214440512526
-0.157165731142509
0.034019207895502
0.144261525210145
-0.0992284345957854
0.588319377642148
0.0576296301451162
0.148149166376038
0.423832525838024
0.434730028020901
-0.425709510257229
0.689722479391485
0.436248043528454
-0.411531862501259
-0.555632955856253
-1.05960423647458
-0.681684250557446
1.38840690501407
0.128926968571749
-1.53713822204194
1.42479773895917
0.593888185230687
-0.316394313452212
0.527119755580603
1.08321529570645
-0.537341678747961
0.372974843309994
0.175009739795994
-0.582328781960881
0.254120108818998
0.292355542339971
-0.686495623843507
0.159490277368579
0.152675144387068
-0.930047547317475
0.282929605202832
-1.55065228581552
-0.596893530187486
-0.504741814790615
-1.21167522921409
-0.561778654959944
-0.370102414475088
-0.549431596448957
-1.23106402431309
0.57811319231475
-0.162046290176651
-0.655452952133478
-0.356010931502413
-0.687947172618763
-4.18404130372442
-0.0297328342331773
0.328173015931559
-1.40612636271353
2.18623706383001
0.109809946981393
-1.53046467917013
-0.338672551136034
-1.40776187710968
-1.03000975226468
-1.0508862749585
0.0362914838772963
-0.843020064978171
-0.680394718471086
0.0439086276060836
-0.0518716503798524
-0.772041803978002
-0.634281034631527
-1.34390158648947
-0.957899467415216
0.215360995742077
-1.20959371140787
-0.956383629117457
-0.0466091386513378
-0.993843191084677
-0.978235956627766
0.0173755220705183
-1.23268498430437
-0.59528477315395
0.401018450291074
-0.204457391849188
-1.0120643867888
-0.619057759638168
1.00381301253521
-0.659437051991777
-0.143465585827702
-1.46837558827491
-1.34204071665658
-0.67614856113727
-0.0592260948155195
-0.10815828712841
0.979856770354234
-0.315385762374821
-0.561486278374807
-0.300888636885318
1.64394420942139
0.467936815907211
0.512706924159795
0.574269851004113
0.232307151454335
-0.625833984646935
0.905700477752899
0.440504391755866
0.0140705050834174
0.520826186306277
0.925629016923461
-0.64032318415625
-0.081754574805115
1.04854281903234
0.370479718959618
0.0955985568889193
1.5788322650836
-0.850201293367787
0.37398902214704
-0.449454955862858
0.617769810401862
-0.63855129957947
0.697768116916592
-0.0459836251493236
-0.275122984447355
0.58986387085353
-0.345534817376796
0.838944662715013
2.43162402275187
0.435653032847316
-0.64992078136392
1.23745885092311
0.165930629571139
-0.685626537187227
1.01481918973372
0.00538037095735835
-0.173299283509221
0.926656480034594
-0.165588125337997
0.436380783765286
0.325172580476729
-0.808048670356712
0.515997351597271
0.735292686087884
-0.69833812117578
0.160149941191183
0.109020088813803
-0.23893850453624
0.197986002154294
1.19159857391017
-0.398192174338724
-0.360267575908918
0.0676687708529958
-0.287587850880204
-0.313259927619901
0.916216142889041
-0.930359841629014
1.12665973935953
0.624588499677457
0.226672854789397
1.00133787447481
0.804682763397809
1.44964424718826
-0.046083550534447
0.679777891511503
0.0823344668846575
-0.294336189932116
1.98636584229995
-0.506009292866047
-0.227588382381931
-0.116030654037398
0.475244027214055
-3.0314758807696
1.05504683314278
4.04498643575038
0.375775932487134
0.197396831775716
-1.47681253451385
0.195832817085689
2.06953266534741
-1.2221655855949
-1.71537157349216
-0.790813531697078
1.31187688473612
-1.50739489053717
-0.679773597197406
0.39001528389915
0.182002131865324
-0.773125232893917
0.245966326522871
-0.127328878212039
0.790000911349679
0.119139768640359
-0.199412260268258
-1.4682901036921
0.405838429120027
-1.23922207806635
-0.65187397795914
-0.269630797806479
0.205836021266736
-0.844056915896186
-0.0419213101692756
-1.02749303014224
-0.589422045948179
0.156965306196745
0.0196938737967866
-1.45451878460493
-1.03547916920237
0.692596650209422
-0.308914213980977
-0.510458628650172
-0.561742392724683
-0.74246220174132
-0.356074691341054
-0.160363184606217
-0.481590384732717
-0.536921822775026
-0.621743329953673
-0.733337104824201
-1.43392859267422
0.953584471865631
1.05694225441733
-0.946026613159309
0.00684311740068896
0.127059395152002
-0.789240817126414
0.635110596737849
0.0593699629372436
-0.2198336978466
0.841399232593102
0.229826887186818
-0.489897971240489
-0.575929586442049
1.49064571333805
0.531634952602687
-0.836459962381584
0.410778488304487
-1.22676388282335
0.310244845528048
1.03275935260574
-0.130082335065919
-0.0452302872205317
0.696025007150712
-0.194580872144587
-0.0518748248414576
0.775616566656313
-1.74946038320181
-0.137500685201709
0.541805438347425
-0.211148132092941
-0.0094613563029679
0.423732758557611
-0.508754686875966
-0.0716044521976656
0.362479308284591
-0.537154514135594
-0.0587227409572446
0.824564133722061
0.449218984517507
-0.273959167842338
0.302915085347136
0.266972322673575
0.525331363834813
0.703899262998691
-0.81575419718039
0.221905712472023
0.684572134196699
0.185297737876794
0.509572029660598
0.412933242222955
-1.00713816300227
-1.08083505231887
-0.326408672246171
0.553641033717359
-0.143310310792685
0.285611631819814
-0.00195286703426762
0.924525921286794
-1.29688202730241
-0.400446560743439
-0.420270621701728
1.23417492249589
0.859407080570117
-0.43821841839496
0.754486794094597
0.672463887674654
-0.183972288362122
0.95318262335632
0.167706331633957
-0.441555151309537
0.620477640185085
1.33583281857866
-2.01507143109294
1.56802287242331
1.40840571482873
-1.51805673078771
0.461611876157407
-0.0566634365235879
-0.37924270485277
0.882916911899178
0.766446173248889
-1.05205680541224
-0.500042160095951
-0.117208557002984
-1.70340427626151
0.402333823693478
-0.46684909994868
-1.46803508153323
-0.0648976457509394
0.246542078199205
-0.00476447142900317
-0.257427742808417
0.965362410677945
0.354408678566375
-0.571459974879219
-0.37762037782917
0.822790317386338
-0.40040742985085
0.413931686842908
0.0625710226849342
0.508038833927286
-0.649776172220519
0.202692994912671
0.0408075986534544
-0.181972777094963
-0.357530701024523
-0.268359279834002
-0.00744287125495449
-0.451379115089386
-1.04890016721134
-0.545763814661378
0.118726007286493
-0.864713102646324
0.370667158212428
-0.288217522229051
-1.14542005087879
-0.472742804489358
-0.468741727099242
-0.65919942814503
-1.16350359287024
-1.14794480986983
-0.537116188255598
-0.255509092797425
0.529327583653516
-0.199065507636197
-1.29178061109983
-0.688368920815013
-0.242726000153216
0.926697803168922
-0.083831917442693
1.18199518610142
-0.475533365310683
-0.971344402493796
1.0470953057541
-1.60251501999346
0.257792892192957
0.639892245473754
-0.951410249500708
-1.10785071767325
0.232271894038946
-0.608687548431723
-0.289254807078262
1.30418624718836
-0.758480800930321
-0.769374729098875
1.9145821920542
1.7055378906682
0.258069320591965
0.181120257925485
-0.211344240254354
1.07214185926998
0.684888850084915
-0.62858089000338
0.523943201504616
0.409729942774309
-1.01814190474591
-0.628246492187953
0.287501203500531
-0.665803989680801
0.684424021621576
0.291310957611636
-1.08286778101747
-0.270143966669849
-0.280570122661586
-0.815673919501185
0.87601983363296
0.681072044979941
-0.805187582088102
-0.676626139648808
0.453246922564559
-0.0861373023101509
0.51911048497338
0.0702378656043064
0.554440066611049
1.32305356700957
0.800778351221705
-0.906483169878352
0.342048050820617
1.58250667591767
-0.495133508296958
-1.0577238535299
1.23021651229831
-0.638762078654922
0.943382800074271
0.690179183809443
0.0254224710038084
-0.176543729244777
0.74001952328135
0.247766847806612
0.179082504918956
0.566116271698341
-0.0561217894441438
-0.220358979845149
0.111273951627894
0.425161077818797
-0.455032206152864
-0.326218655657428
-1.2815205767939
-0.492043264952111
0.395159658146574
0.0184698632985618
-0.167543338715334
-0.220720982462966
-0.113675288832266
-0.181862699940357
-0.96015523922968
0.487891978634281
-0.662160852800146
-1.33593534144755
0.121558002932573
-0.220209724998958
-0.444568979896851
0.160634585422077
0.0303896918652091
-0.646988727744556
-0.549378707320003
0.850938266856571
-0.470532290047643
-0.528114980445658
0.756562662189645
-1.3493481688698
0.307104687192013
0.699341542648955
-1.09850183930833
-0.250415540577588
0.0176683029641259
-0.53030873826801
0.447851995453203
-0.49287547850118
-1.39154634162167
-0.125719378313445
-0.328293960540788
-0.742328170398526
0.42914196106921
0.334079909132765
-0.904647834984177
0.367487611076553
-0.14315446397651
-1.15775133931304
0.0315733095908269
-0.441999454188211
0.423945627355367
-0.739878474744889
1.7373649850272
1.35506754531807
0.83812209337154
-0.402736152943319
-0.39975475484177
0.148974738460245
-0.525744656413343
0.0175496493180554
-1.08050413461319
-0.398225238835719
0.94650670089821
-1.26642220058115
-0.577851915601774
-0.12303130864581
-0.376636708254913
-0.0580279411064364
-0.355414027001233
0.318793103639364
0.367982823635962
0.552013618399929
0.536129112648285
-0.0725139690652643
-0.0771685983132479
0.386387456513128
-0.546369144190996
-0.683081743539921
0.0143852749919135
-0.356653876075728
-0.596242911008467
-0.225368663636644
-1.08844292649705
-0.315029121439221
-0.297631831892432
-0.179999672776876
0.309432692913083
-0.0286699884369176
0.18169395025862
-0.0351648204249622
-0.0837419438708749
0.116364887128303
0.58112318849195
-0.0727240474832194
-0.488731581380182
0.214765619445072
-0.507566984913428
1.08657022885067
0.676667309675811
-0.739467714191593
-1.21487595894918
0.510219136103443
-0.220408450169134
-0.312553950924866
0.515681813111758
0.0145968330268481
0.000848331762231015
-0.116621894957348
-0.0514230208015947
-0.451411014561965
-0.0385853134082117
0.151403298031626
-0.317665432964591
0.258135581397196
-0.00512862173852143
0.0833201052088153
0.177932243271104
-0.0597146320759354
0.307629409057747
0.114281533991842
-0.749676350141657
0.200634372573215
-1.01883649448269
-0.138342269425802
-0.0931002701654849
-1.37823316903761
0.125273081903336
0.00990301687493367
0.318370968736726
0.253780937842323
-0.367479634050439
-1.37007908408997
-0.204811064715188
0.216228373578319
-0.976954835082773
-0.763584308673748
0.388355017407668
-0.0622711429834008
-3.13957690502778
-0.213004413993372
1.14183595862756
-1.53919964211458
0.475047479038068
-1.52436773297785
0.732125042936947
-0.273300000537623
-0.121878068064556
-1.59763672498484
-0.112380534158669
1.62782266479221
-0.432237380504344
-0.610478662047582
-1.02610430131803
0.680407263043289
0.110522316700569
-0.890731035245628
0.570371894632575
-0.495632584828369
0.289252107021079
0.0567208680873404
-0.318146607597835
-0.0566489718199824
0.71935581876015
0.145978894869497
-1.19317585528724
-0.10676133382288
0.396293935600726
2.56176699815349
-0.0452011028170124
-0.471835418725545
0.28247659971952
-0.0619987316655806
0.41567900327451
-0.191946034248789
-0.183992754548205
-0.0547797532488732
0.625727358647474
0.351557964934671
-0.461021611511504
0.38365181628698
0.25654593291939
-0.793950153630361
0.362425407814435
-0.952110291502413
-1.23656713622048
0.306713494632719
-1.03634989493557
-0.457791904888718
-0.109776179007873
-0.280567274229556
0.544453029239225
-0.0328003323654529
-0.704018028993757
-0.237435492433268
-0.292635815291389
0.010232367961778
0.750709742959126
0.56737830449413
-0.629016942256219
-0.957549913247393
-0.355595705012262
-1.49624448183404
0.349216533708225
-2.10265803190424
0.055344077819646
-1.00865034943494
-0.638723487138668
0.370883692409544
-0.694596073346401
0.265303276071887
0.624537774913661
-0.153897014960587
0.132840471443429
0.511378279521286
-0.0506778047049036
0.662449136295347
-0.106346049373976
0.935326899149491
0.705808023500693
-0.31352343093327
0.474969527351452
0.320095779870587
-0.243968592446786
0.934267105774819
1.01711377274507
0.431353583559208
-0.155738596108637
0.142018544647438
-0.151952132642859
0.131589641582965
0.282541578077085
-0.162710851094124
0.894562854593164
0.452803150644849
0.0584223766273623
1.42186321008512
0.209857059296081
-0.913246694000683
-0.0546774739817048
-0.317179878556611
0.324997218315522
0.0861622369197726
-0.865378621768604
-0.0163142691060219
-0.39170162281044
-0.663815842617777
0.238386757370368
0.555003902493963
0.340562706321928
-0.407005564777979
0.583633127088063
-2.06318377377071
-0.338977578757201
1.03132987464522
-1.863630783575
0.020289336615228
-0.153025833532377
-0.540773085971537
1.22115024666813
2.98707124002363
1.67955809849157
3.10696538151236
0.0515422368307563
-0.348581618354808
0.0661975975266532
0.725589220457444
-0.117566518036381
0.451529249098241
-0.553431003782069
0.355954950868569
1.28096972707945
-0.137620341364539
-0.810941771839388
-0.534938228774612
-0.434894775558396
-0.576942172858012
-0.179002691526463
0.068271722797177
0.244570029786161
1.73282443181757
1.00962278396259
0.254783158131917
0.135305229013144
-0.829200756218478
-0.0419193028061546
0.447785120150585
-0.5184249531113
0.793377227262619
0.590528710899081
-0.312686576683679
-0.0638776317873768
1.3375742466699
-0.279204204729829
-0.670525045859052
-0.375498997630361
-0.363453943022196
-0.691440009079791
-0.50629671138162
-0.576672478601121
0.0253555615335576
0.781760098807039
-0.631517077407313
-0.00550961440676157
-0.594731981178576
0.0821257628506005
0.08583983545687
-0.362742171039485
-0.435756999641064
-0.352767576561994
0.56540909623597
0.540868023432806
0.198988800935596
-0.343298015684355
-0.000109157738868969
-0.282653459482755
-0.647036805329241
2.02677124965815
-1.11946482139899
1.94123458978004
0.0848642475623178
-0.279746122612419
-0.261622531119983
-0.402648048355281
1.30564265756272
-0.868689543824137
0.543297420722673
-0.976083694022404
-0.821083338559595
0.0214460752631515
0.241754599581148
-0.306148223917057
0.0643847873236343
-1.61743565435158
0.247352396202793
0.288614617446635
0.430021259165831
-0.685366488495808
0.209732335572388
0.128078061196236
0.069860449622901
-1.10698882131453
0.22410667574722
-0.760587550363417
-0.970690615088584
1.91267154618931
-1.84633131794546
-0.461039863371584
-0.206299472568445
-1.07166404277686
0.305562710004378
-0.297905388580954
-0.133791099957028
0.335634945038096
-0.27493247443639
0.867763134861381
0.197154538509117
-0.084587796366507
1.20290686793621
-0.356630588965556
1.13471850229266
-0.49087299339656
1.44156200346475
0.763277677241937
3.10614895818887
4.28374373344367
-0.454922426413784
1.38800976457479
-2.08148125625187
-0.972008181490991
-1.1379346607374
-0.325641220867157
0.890495387578242
-1.2048736000614
0.809519765570098
-1.91833984486357
0.993533480028082
-0.89572320025805
0.221491990906555
-0.124269157924961
-0.174120447115777
3.2747346286822
0.575719201002517
-0.0483062598254098
-0.24314296159965
-1.32529765204014
0.482858630519306
-0.553683844466802
0.121573280255093
0.375785128169061
-0.634012399891999
0.127437045012989
-0.812864821837446
0.285379074633853
0.976766800875811
0.112347845784342
-0.498330591860337
0.310218972742347
-0.240737951649657
-0.124997036837684
0.731112055593918
0.229303037638456
-0.183679120862502
0.00694891006113471
-0.0756869976310915
0.0242326437158936
0.202695581665109
-0.385993753327185
-0.201845075089128
0.530288438227904
-0.15263985176885
-0.163099046603658
0.586676947734678
-0.568517182557285
-1.22031856929466
0.497636392025897
-0.144003090113895
-0.768443705409453
0.811456124687317
-0.463507523212935
-0.0532319440365709
0.517738050153326
-0.603984098414252
-0.449914976065286
-0.247159481143908
0.413778318183788
0.605078061560664
0.690740401526961
0.892010764568007
0.492998973569445
0.643883898481698
0.290863668455913
0.394352449140862
0.0253605068258855
1.61647293327773
0.269269493394055
1.78957890138976
0.528288872694372
-0.0795520000688242
2.9670703481042
-0.843007448509872
0.722790454950736
0.699582093734535
0.0689789772910326
-0.0286714176663851
-1.02395455975792
0.924364060708135
0.853765200546552
0.893671254160908
-0.201561418501278
0.822581653650492
0.333047255055429
0.603146305405878
0.139262863001545
0.546946309137867
0.00801964324305955
0.146562612875232
-0.30544844327685
0.480970275003582
-0.131972536344705
0.199926875647244
-1.48553515823838
-0.00416297546459374
0.0418043814535607
0.816934823124372
0.280576140847265
1.14636578803842
-1.57896270823509
0.168245855893051
-0.829944190213148
1.03751488584651
0.834006348298311
-0.106793129024718
0.0191925417923472
-1.25879630652296
-0.410822066206153
0.260851059388546
-0.110839865706916
0.0680487087909287
-0.275055544157847
-2.45647322806121
-0.408128705873147
0.956658307807394
0.568999960236812
-0.432795150329174
-0.793156652448487
0.300585568638579
-0.787460696139012
0.10775317681008
1.21084494271213
1.32393613347074
0.048108540039772
-0.0656862526302105
-0.917648846814631
0.429375969614967
0.3023325186303
-0.836275881783805
1.57756459087049
1.28414785755835
0.171489284866499
0.736322418030843
-0.146289550052681
-0.903603644957532
-0.298754171657824
0.0851535800707848
-0.840755753023841
-0.387487597784127
-0.795245611981716
-0.0138143277844329
0.820615010855049
-0.234799114929129
-0.346249797183078
0.30200971047622
-0.00488351371823449
-0.190540588091203
0.425475889898042
0.232421445932509
0.0479252362674284
0.283920302732971
-0.538135312958098
-0.217365527604796
0.137571180544146
-1.34786592479449
0.180755255729382
0.284812102264221
0.104530815631964
0.557033902651151
0.617201886602682
-0.899154570852455
0.258766875780923
-0.485113013616526
0.953723331527993
0.608381112203229
-0.0447353836321852
0.257402187291961
0.352788746951122
-0.155960808488079
0.145310811355287
0.255175890256309
0.921701491533496
-0.233575547679374
0.894903445754418
-0.353615001752362
0.503792441064601
0.820611502408803
1.23106588767144
-0.703203987509809
0.231596044302608
-0.148860500236845
-0.74087253611055
0.610943841841534
0.302495932758697
0.749371490462956
0.498007529935845
-0.0481772403059105
-0.0725068682227977
1.73065682142506
0.188898000031978
1.0778401487507
0.991741855494626
0.105524600410023
1.0795252202278
-0.239338427804446
1.24053954122161
-0.236943096499471
1.00498481445151
-0.47802329946251
0.825285192407492
0.00664782794299024
-0.271085396164184
0.236972378264825
-0.198107962062422
-0.494651953465454
-0.0141648828843347
-0.422546450712124
0.843207390437696
0.0415287280253594
0.389737726814503
-1.05488441782166
1.13654815931833
-0.876214337919822
-0.398983840969547
0.143479035411387
0.962867185495223
0.100767202485171
-0.143051499486701
-0.157574891670393
-0.214736819280521
-1.51347089453418
-0.509421939943676
-0.170564888375062
0.581474826792345
-0.531402723561269
1.09233872562534
-0.751063508977232
-0.176033102669241
0.186888536607326
1.18032899524385
0.0565942396953672
0.438434647720499
0.247111840832745
-0.0877369500725712
0.974422846756566
0.498447574645368
1.06167331224899
-0.347687917268188
-0.0406438119184423
-0.505428232233764
0.0289153404792258
0.50937323047886
-0.45184296690672
0.666651048647241
0.0729260459508845
-0.556000036560059
0.0545983814521766
-0.293748979820121
-0.619082194740774
0.85985438438038
-0.470469728811112
-0.822447147965191
-0.430655919802397
-0.112602279762757
-0.394759436711177
0.261248283121953
0.499279639724119
-1.24062476928626
1.01391911218855
0.725538366023371
1.28673249889014
-0.00843250931154254
-0.299234168614554
-1.01998520087689
0.0976787889270212
0.0296198200181174
-0.889962066879443
0.807514235517287
-0.11818350957488
0.647527739632243
0.535336907522637
0.244759330850765
0.483956975646529
0.804740532158924
-0.503474979279145
0.176371361339175
0.472317175597049
-0.918245420915649
-0.139404606330157
0.733754046667763
0.304104982833027
0.607490402375713
0.536198877408533
0.187632745885797
0.961037489160272
0.718357379052594
-0.459712215597277
-0.151022625600661
0.358181901446839
-0.140992636240317
0.382183497193786
-0.0605842552033534
0.632020451996945
1.40194244903853
0.0410356511435416
0.315103370941399
1.66756511768228
0.44657559119139
0.76023378696456
0.774900925106064
0.60360529255247
0.249606170077563
1.159682213313
0.355598126139627
0.303904406877977
0.886425778483199
0.325464633711657
0.313451613105135
-0.0650099046387751
1.22296959984275
1.16380455144244
0.786477915779112
0.0244227574691576
0.376806084796105
0.411738854259961
0.3676815710864
0.344538716284487
0.684974226698496
-1.08452477262214
-1.16985336045806
0.485878783250805
0.0893790378387877
0.0557982650037935
0.347633599970274
1.35667519782593
0.909366071060895
2.85898168687324
0.0615874674034314
0.376310071182233
0.346808394910643
0.320002508199852
0.122320821810174
0.0530238807927429
0.111365556282481
-0.103980881424755
0.742330212857099
-0.411192359718884
-0.257581323986137
0.530991453630145
0.465471698074223
0.616082955470239
1.07826343410438
-0.0380778112849029
0.403510531950191
-0.312128818381909
0.167362609264023
1.04964427312832
-0.433387539766144
1.13274470377847
-0.101553877309463
0.452422360976773
0.678521511597147
-0.0389648652006637
0.174387603816613
1.28552406546741
0.0420751635271128
-0.0931171576869103
0.0311487298456401
1.03438705927683
-2.05335428001203
0.602649887394555
-0.467800981446448
0.252225600034499
-0.925215192510386
0.375886013362981
0.00253713110995216
0.238908113517513
-0.697179084021572
-0.920846652361336
-1.61563715615668
-0.586333377665757
0.105455313332683
-0.647279510411619
0.423204324977894
-1.03949984993395
-0.0128788492595327
-0.619608856071323
-1.27411889724547
-1.02497319853645
-0.430260400488601
-0.165231362543322
-1.18820413336928
-0.435656498226598
-0.246053324267591
-0.552338017178246
-0.230289230900538
0.0227277066179021
0.536400346727397
-0.0120235741902231
0.140552720921163
0.590206594296143
-0.506134396271152
0.596917768968802
-0.455531739768918
-0.571363652962956
0.282043255746409
0.378679657766799
-1.00658761126076
0.853819806755033
-0.664740308025055
-0.333190041245332
-0.557335120231109
-0.0695300651846873
0.107244327918141
0.383751741428258
0.160612397371208
-0.0671739379084931
1.10945775500188
2.10369990284793
0.259348490302316
-0.764461871197652
0.172866151600566
0.184619900061646
0.914658391865171
0.104015754417058
-0.423671283574278
0.70549136354828
1.85655566509342
1.44154876982459
-0.248989919845601
0.301058072737352
-0.197597541877222
1.06292632872036
0.844153326406826
0.383884253369263
-0.135953858039562
0.17804376472973
0.0104076967223756
0.626092523644477
-0.142938674633226
0.352003277527157
0.760864426896367
0.290277799616633
0.861035429954093
0.188113528518106
-0.732912555109074
0.218539431158064
0.25074494403027
-0.0865169818209126
0.0973824521851837
0.422173212593147
-0.283030476627917
0.850080887532374
0.785422628903565
0.717352523280497
1.36876807454382
0.306134618494806
-0.495513920552249
0.164373090972788
0.12636856960585
0.918911472831201
0.64641347126399
0.408327067587727
0.0323756168756885
-0.0456025001182535
1.00814030126003
0.980560988183855
-0.188286343863877
0.314745024343723
0.666860975590914
-0.270304711022212
0.987581584055405
0.59223202181759
0.220028330188254
0.835396652252673
0.714821783243733
0.644193091459943
0.699545747311547
0.709426318386693
0.414950708252833
0.84823337449617
0.772965432403169
2.00969931213958
1.30056486151225
-2.74498627734499
1.33123130874776
-0.847137903594022
-1.70733759205085
0.642599282014824
-0.878349132125528
-1.58874850822314
0.0292060507218271
-1.46491108536668
-0.554520548808106
-0.570272685041426
0.264842967731055
-0.628852531729766
0.485295480722717
0.157329927701421
-0.793586473140077
-0.454851508466527
-0.252091549891817
-1.08883867266422
0.8108697382836
-0.816087714175093
-1.27595684658596
-0.123877391397916
0.928793196160605
-3.37873704974246
0.11708013218464
1.15478412460871
-1.19858088962469
-0.0572239639437901
-0.0688211672414219
-0.613937126957496
-0.242941761978151
0.481146836357956
-2.04258416308714
-0.35481457387518
1.11784565277665
-0.235602605629263
-0.608161640808623
-0.0217250387763209
-0.0045278816068343
-0.0632985819068555
-0.276068954137397
-0.581463401507281
-0.749327069533416
-0.491091301999211
1.00048383357189
0.473768487724629
-0.859432864943412
0.602313140081699
0.248526061755826
-0.190907172222264
0.624679305137795
0.236837561718313
0.136374025959924
0.506400313885758
-0.695088799513829
-0.0970766218227313
-0.48819723562016
0.686294124698168
-0.774988968444217
0.468033791144897
0.344725094163825
-0.392322534544337
0.0814499134411418
0.719478563322219
0.90732012604038
-0.111248370095883
1.06741228016087
1.05154070133794
-0.230358414673458
0.931743032923059
-0.226188106929031
-0.0775496774038711
0.953091489815123
0.301819030163619
0.0494760867763867
0.763552517507942
-0.809677195824248
-0.288828122102791
-0.561073904880546
0.404000035279661
0.0927888421485512
0.0399525375034437
-0.827597310099822
0.169226402753397
-0.00979614763652432
-0.0579032272817781
0.00550534367938091
0.598907624532819
-0.721180653132709
-0.276069988081045
-0.413639833322574
0.323287427340085
1.08902267338696
0.675027892681412
-0.168115081516922
0.287631893453393
1.47651137649481
0.255088450242472
-0.170817796479896
0.0352142730824694
0.35467719121358
0.568825718314668
1.37533220741511
-0.457716893813216
0.690089764481853
1.56493559622507
0.240387294311444
1.62697559442859
0.994361824277683
-1.35673372195028
0.788327028271132
2.4080660085414
-0.827072202054207
0.870975453975167
-0.0689642773999901
-0.656668168854821
0.231004286680108
-0.259201739452319
2.07211924549826
-0.226360650735336
0.148739581185705
-0.140720276638943
-0.774519797520462
1.02441037190461
0.184122746863415
0.515078729594718
0.125932213846896
-0.858460432614713
-0.35383544414949
0.935393859963052
-0.302845028117736
-0.0909500937933595
0.5281490252702
-0.0405708526846013
-0.638993094848221
0.441281754083412
0.736113780091592
-0.951126207408194
0.794918038272312
0.813134738219095
-0.299752585861004
-0.332357271103298
0.137715580219302
-0.892300409422063
-1.22666965674944
0.397868207391218
0.778393071603058
-1.590667527468
0.00991684041447358
-1.62950831547524
-0.309296853910573
-0.694836803329372
-0.77425743630198
-0.323628683502135
-0.0205940527423076
-0.790830284561867
-0.306347036630345
-0.263279434541326
-0.231484739209163
-0.594918963563011
0.381711027675273
-0.836672378026271
0.46710021801953
-0.971291041406381
0.792338694197147
-0.823279521560082
0.124508929307463
1.07271374596832
0.914385361995873
0.230637969784686
-0.389761863532108
-0.691521223924245
0.381857441534717
-1.03199135467348
-0.255409164155926
-0.181010399447647
0.168331279244331
0.285114865058792
-0.056918006513126
1.23730193378387
0.80011504138365
1.44551935447628
-0.818195374602912
0.755957838189987
-1.04880953823515
-1.21976158963844
-0.715305255734507
0.246773551640591
0.430825675440483
1.20038584896575
-1.13827083134806
-0.0278196174272738
1.22085829193302
2.00668879193704
1.36395359087789
0.214796045100016
-1.47095982672251
-0.965266906995687
1.21887306719228
-0.215566627496312
0.318543773111936
1.23670314918388
-0.105521419938375
-0.0805751698656588
0.112775311083469
0.880966587577271
0.0695053024035047
0.483284432229578
0.392215274504699
-0.485556612366381
0.91911063550236
-0.331971346816291
-0.750661372660346
0.898573541482269
-0.0171372814670891
0.0825659989282254
0.377862779490978
-0.0421471979435796
0.0713180657862652
0.44516378603938
-1.00857345554973
0.26347919150859
1.26613527641651
0.10927642028041
-0.46707535726169
0.329280035259005
-1.30361614998505
-0.0552243483497775
1.56579772363227
0.750619841734382
-0.288081577344683
1.42890560983235
0.555807212689116
-0.0768194806266829
0.501434283140753
0.957885653951139
0.479248078958005
1.01304099674939
0.650986524500558
-0.307182175701651
0.709028066653407
0.0364899160744265
0.20560544920497
1.58417628979724
0.981974753110282
0.146875537716036
-0.481973781556074
0.179597871956141
-0.406829348790066
-0.456537398012458
0.488765658163954
-1.65793811994496
1.44456493159795
-0.597336293778789
0.521712312475041
-0.371732324167509
0.297454932580162
0.102422699430234
-1.00974982945562
0.516296491589324
1.01800871535204
-0.385779678808081
-1.44912793589415
0.147972164363844
-0.196793466537143
-0.388177237101065
-1.05251913949839
-0.490849974571801
-0.34589026640638
0.504157430016001
0.130135735823881
-0.258084822111706
-0.324888971607282
-0.368719343291435
-0.289538159469563
-1.03688686533361
-0.350961204937624
-0.12333734563338
-0.7539467179363
-0.27311820384742
-0.108274712184051
-0.919295521340577
-0.223731334738904
-0.0834233014564377
-0.544713257882333
-0.465230116408629
-0.455249757641413
-0.963753980223101
-0.40084661589949
-0.168792183928234
-0.879275745529623
0.661372609553148
-1.65161141774537
-1.60600915757996
-0.470664008964007
0.543434963711282
-1.29385609726136
0.375398583211659
-1.94851958899087
-1.96612716825181
0.229986645716125
1.40224551203611
-0.835976332007284
0.486337102211955
-1.30558587695847
-1.619695569909
-0.0787954887511923
0.0655655225278313
-2.00083770610393
1.74817620939625
-0.715315715659375
0.234665966567665
0.993206792490731
-2.03155287704634
0.265872871067549
1.23711856450534
-1.06550937494402
-2.49908828075822
0.706901742850667
-0.374841956904117
-0.0575996878806898
0.175829463492576
-0.116679578302027
-0.162509508473887
0.394201833491506
0.448936911702259
0.0825215630296863
0.430103273491734
0.0095849270072433
0.661949499979338
1.02647376744561
0.283087911980583
0.100440726337306
1.2956175369908
0.136398926130537
-0.284061717329073
0.604317763473569
0.0732632624052799
-0.666986618717998
0.568367299780623
-0.319256655805232
-0.352221449667148
0.253348956309092
-0.302995835065988
-0.431901956615409
1.07644725209985
0.32342871280264
0.133449900299211
0.677681905235883
0.359465946535724
-0.620744908661552
1.21389999842219
-0.264140254786098
0.404925659484833
-0.0918576020381811
-0.348142573496687
-0.403770039812353
0.824072231162997
0.43963539862042
0.484568005627814
0.195219351435975
0.361643838417237
-0.50941563590319
0.549227564796774
-0.23052855142685
-0.462481686404355
-0.550630425543832
0.446589840667913
0.510012101237023
-0.326303585382288
0.681401162603007
0.126086142197973
-0.0718827869588213
1.03714553991718
0.541489423534887
-0.829077272215453
0.666556242784217
0.152055196767262
0.160206488763253
0.129583140704227
0.269776258630366
-0.323522847056726
-0.454164972932532
-0.228383224549744
-0.827677110476825
-0.34600009935032
-0.816016352797711
-0.212434695286307
0.728226828024601
0.244599481605754
-0.633031038984951
-0.0932766157469896
-0.0835852321411076
-0.381511983206349
-0.455139834322712
-1.20954132261872
0.199409461146233
0.334876181513419
0.0636544582537645
0.542992868001228
1.45271344374632
-0.22734918386361
-0.968663321738043
0.732871532969759
-0.492190018332532
0.30016791431555
0.366593732916675
2.54689863329395
-1.37007048994318
-0.362101307057114
-0.200779757344586
0.0159899408462156
0.0399331694003248
-0.123320080076229
-0.186926991834537
0.443992225426823
-0.379985126654721
-0.484825663590829
-0.504886607107124
-0.941355778958392
0.599652477519121
-2.88048817585437
0.17034551130068
0.646736190305643
-1.24841747266577
0.276393430289415
-2.85952127115028
1.62487386465522
-0.534672652640951
0.644694637549049
-2.0737748844699
-1.47029620698088
0.206954264774808
-1.39067117381603
-0.045692365107664
-0.103281724946273
0.230517819812212
-0.754211976265319
-1.18057800526819
-0.668597222186373
0.85799064693902
0.760978422074698
-0.600284316919653
0.565977711845001
0.624640575397812
-0.409802281045011
-0.372424878655678
0.488221127717693
-0.281648720493635
-0.100081773604191
0.606998823780288
0.0571338990495927
-0.0906320170260495
0.453928434763952
0.120526240213513
0.261298797875981
0.154345783301196
-0.49387905718736
0.274544650001175
-0.141152084630612
0.106711196390081
0.490667557880081
0.200982111656489
-0.705688525724746
0.268364219151504
0.597656083992552
-0.223501991794339
-0.251995995392023
0.716222807319639
0.35283129024534
0.589687454341603
-0.270504166728574
0.0347371248561074
0.195003621781489
0.352820736885501
-0.17247911785168
-0.072705124686361
-0.290410591525913
-0.435275943776063
-0.266203424629116
0.917849456775756
0.541553984189349
0.143056119689384
-0.385373720953616
-0.240982673817099
0.14672518584031
1.08388625204862
-0.301563660066807
-0.15600050480179
-1.47962991618507
-0.707853802547716
0.905350382150005
-0.749082543373703
0.442051920859853
0.648390011577681
-0.122144156681972
0.954879638596337
0.497756055030619
-0.396832988090034
0.56620867382757
0.0405623054022944
-0.521559994689499
0.974097470073334
0.306674837746244
-0.391093917649439
-1.01228152977164
0.494016385694025
0.048355832124753
0.675465127425472
1.51500604000242
0.0365979999348339
1.31015504581507
0.102225441617702
-0.740859899305163
0.00510335098888234
-0.693161060556116
-0.114024707196744
-0.146397766092552
-0.645278505550519
-0.576634509977323
0.66361813631977
-0.0484686455505745
-0.603613762710042
-0.380994053937462
-0.439218589683619
-1.40673441811682
-0.595172176978314
1.25145585744525
0.0998669484994611
0.491152793102956
-0.758820602940948
0.155820143702757
-0.504504557120747
-0.332331371220679
-0.859243384933411
-0.279737848679199
-0.810999978309002
0.226786092382502
0.565722854936154
0.439272140647643
-1.11139919675487
0.700169913473948
-0.517160790839209
-0.541087910666758
-0.295953918414316
-0.589413251946326
-2.0734049366734
0.655808974851024
-0.385440914753172
-0.102892123114977
-0.992759325319013
-0.370547646566215
-0.765865261656125
0.0296978128246211
-0.0200282811482387
-0.0995993499601742
0.157098614137915
-0.477720295653985
-0.763726380893502
0.105057086513162
0.279420350371926
0.302765762654268
0.231741796583092
0.313436812710951
0.42351921082567
-0.569092440919119
-0.516793438694564
0.522355477300441
-0.687963583626658
-0.339668614447098
-1.61153687385839
0.387999793310101
0.72049865875562
0.114971973701114
-0.44771074706302
-0.0868157951304697
-0.1880215612596
-0.417720451561417
-1.54373452752929
0.415834995952968
-0.570124741206958
0.105043896950242
-1.08334829291262
1.47712950488942
0.0974394898628554
0.496820759610663
-0.11815859702027
0.25886643448926
0.421945843377786
-0.307131475468882
0.32261941893925
-0.296063648771538
0.100997717979358
-0.321992527529372
-0.984525604630988
0.00419311076037334
-0.816342924910078
0.551485492394182
-0.204322374767312
0.470856199730943
0.636766892742949
-0.45894836492365
0.936359990779556
-1.74065431419201
0.423972455733643
-0.111188582085002
0.888826411372626
0.439685508513101
-0.279679007161011
-1.06821076972572
0.812001807309074
-0.0199027269712084
-1.04191314210318
0.951080045267049
2.37681183706039
2.31417631544046
0.282533468740401
0.946423737433832
-0.797311520970274
1.01377484483326
0.407987680617137
-0.458493322887201
-0.298891886987574
0.537804936480604
0.255410741173742
0.890571713844927
-0.249862079981974
-0.692598852982061
0.232981806203849
0.438737108566619
-0.209140388211345
-0.147658816318806
0.35754694831306
-0.759138064991446
1.15997502829608
-0.656812798828942
-0.504334732210666
-0.0965284522084808
0.599091797827707
-0.651896523029127
-0.341125020538626
0.196554593661706
0.413670727569392
0.11581658585371
-0.442044589658536
-0.101780085724948
0.315066294011078
-1.13319569292526
0.059016087190251
-0.975431339917404
-0.0932199789181462
-0.651977536534418
0.316304570499941
0.874149280306901
-0.628891772247722
-0.111437714307972
-0.310481724479984
-1.2197717075574
0.897961615693963
-0.381243404231566
-0.348879653377348
-0.194208219547013
-0.173948230630596
-0.667427280919499
-0.00921640162329783
-0.241384718818613
-0.702131887067582
-0.336107310331603
-0.445829095705917
-0.587520746360252
-0.637996392752403
-0.533179720049758
-0.820902752170872
-0.234323353388243
0.524198799199463
-1.20924018041244
0.207378560886644
0.0897279957740854
-0.157313974651165
0.167739110574173
-0.510157646968554
-0.612331906110084
0.555995257356455
0.527213559137358
-0.420104956867512
0.332691199510475
1.70076341768335
-0.179902953404785
2.15890169618457
0.705718392511492
-0.436476405456193
0.750184614525783
-0.0851606541939114
-0.653576193148991
0.169788927531185
-0.00124098163241061
-0.182657589941796
0.73734478801924
-0.401893612737759
-0.150831561247283
-0.281428273564151
0.374211325384185
-0.383932544659776
0.122847206969047
-2.23354448165087
0.141502706966823
-0.411825025421188
0.715411708241588
0.218448068423836
-0.615374611023084
0.598599127660402
0.475660092680766
0.435690108790893
-0.047189380687393
-0.715737615696256
0.287214810362388
0.163910906108975
0.330965797774169
-0.033264597899804
-0.0784072901783044
-1.74218193172311
0.324156442319491
0.113216258543655
0.0490384346455521
-0.0152938684247642
-0.461463595978308
0.208063473640772
-0.0309842921379718
0.384548927563166
-0.202279845159693
1.98945032790643
0.23755317592083
-0.571971495349453
-0.10138806776052
0.970911654138086
0.802174541233832
-0.658299834641375
0.441452189039658
-0.403722366481699
-0.349171022524485
0.103417146550641
-0.71300477377737
0.448440121392078
0.346464054877166
-0.424004417684902
-0.0889200278341384
0.595247213079801
-0.00564493402409811
-0.256273808969386
0.308832531332145
-0.475298558898815
0.29326523933874
0.795158652094094
-0.947586146249452
0.154171690370044
0.845408718734183
-0.429188529195874
-0.0684771754784443
0.0103263806045123
0.117646716605551
0.480633517440184
0.249220013715971
-0.79513085292067
-0.90511153567827
-0.285718184828029
-0.0135183524868101
0.394748704839306
-1.38935920149647
-0.579611515280038
-1.0519351070613
-0.585673342298424
0.384470259139353
0.548852597354255
-0.102550738683201
-1.0995801575537
-0.317659167550511
-0.340373448967808
0.151902887649891
0.0533978664303899
-0.809985765171499
-1.05444345618014
0.259957986717298
-0.624985795561209
-0.161840086679326
0.0691452568708499
0.085980290940196
0.396898406959047
0.695358137703107
0.66276381360424
0.306376658424077
0.52163067893246
-0.190616543925898
0.96061827439907
0.615722366127424
0.546065596395806
-0.668587234235624
0.247357778846909
0.437770719715954
-1.99045879019311
0.639738616371696
0.988672571175761
0.815915347805796
-0.161748911153615
0.98360102252878
-0.46881787050558
1.5569708871175
1.1317759924546
-0.132672712133909
0.172833351529345
1.59547085826638
1.14706385885482
1.40321756708866
1.04334398608296
-0.463732005714704
0.0961612632116679
0.281696925283567
-1.09882423239869
0.572291649625502
1.21269259697151
0.234271904807889
0.427625432978987
1.19163827044629
0.205256325048547
0.47604669973142
1.15897320570257
0.824703742820557
0.0810677101760873
0.216356179072162
-0.490525036517039
0.00682171165820974
0.280625770035858
0.637714900812051
0.0195437073259033
0.391341496725797
0.641571956365878
-0.38512757588079
-0.229747334638417
0.698314697179686
0.611752578463059
-0.23895775985597
-1.15176086256122
1.0257983910011
0.595978249609664
0.120217378761083
-0.244994357781823
0.70789151000687
0.214329134080326
0.79286640469591
0.0212448416454741
0.501329370443103
-1.07301087079585
-0.779340061975365
-1.66210740497524
0.119736812944001
0.515627594685138
-0.110306787032651
0.198875651693146
-0.26378591366906
-0.24764071759845
-0.524385610183654
-0.00977876660343927
-1.11234914413918
-0.856653527229794
-0.449212359460746
-0.543182933245302
0.106998154655512
-0.00677132760528998
-0.416081363689622
0.159498851659274
-0.81056244116035
0.988483039251605
-0.722666371062089
-0.393586792770916
-0.325738319767103
1.86794579362644
-0.0749946728469918
-0.0666447448981231
0.0165783730509883
0.239650475200952
0.0474543437654805
0.69109590416812
-0.356987292957151
0.198728117112174
0.112395852386484
0.634897873797958
-0.104279075739174
0.376758950742997
-0.0985172722200761
0.0329874502616846
0.790953378900506
0.643857036532595
0.00441238182151202
0.808893798967708
0.355539088594083
0.190896772507806
0.394205570200674
-0.186258147817941
-0.0304064480014576
1.29792458015876
-0.852134428784246
-0.274420661312795
0.328028290091121
0.135309048947072
-0.434181484087362
1.11887912974552
0.168786065325096
-0.183563368330016
0.586275946519554
0.380601536236934
0.510426283439735
-0.388889479126437
0.38986895556451
-2.55015783678726
0.461086572028017
0.423936209139014
-2.42155977154516
1.15898116014172
0.351196019235015
-2.55478208377536
0.602460912834976
0.351454039973002
0.363482749060637
0.100886202487006
1.52510957046553
0.0120637414278847
0.413023911689677
0.184144525014034
-0.054517264944153
0.238832279181783
-0.279014054122482
-0.489454810625207
-0.288543647721792
0.571460211621891
0.150184996376695
-0.189412297522575
1.20404020244946
-0.3049478064887
0.216363764020334
0.248491074179044
0.958304950825485
0.152700026069948
1.21377931125549
-0.388587502545655
1.26032339186713
-0.309187216215943
-0.548238062061299
0.595157272349415
0.988820025410556
0.447896536427764
-0.608494391785702
1.12404177067251
1.21927738205684
-0.766910213557855
-0.311111881557411
0.710968095351195
0.089638030532564
0.721697563901014
0.282675641012851
-0.0576019380316703
-1.17488063104521
0.625639730445244
3.22861887423363
0.180204291813188
0.376017454478441
-1.20501093816149
1.12775063002921
-0.591617626967867
-0.399920526324531
0.444970485376678
-2.98241973256996
-0.360676096427687
0.55461057931481
-0.226483440365129
-0.992924119987834
-0.284631762680288
-0.731579773601983
-0.14828470422263
-0.627439785971627
0.393196808126771
-2.07925893738448
0.0154128525664144
0.20574684194378
0.49835300214725
0.0382971599988666
-0.0784237694734547
-0.195270776928553
-0.302968145374497
-0.00087153328818806
0.00696291919983946
-0.204609189348597
-0.381668559677048
-1.41160741447582
-0.263389766025424
-0.309449683330506
0.0967300300157118
0.0171977812606767
0.359079758610325
0.0378219151703257
0.0247157835076066
0.712993909652115
-2.48082318781539
0.277437809914497
0.266846669502019
0.455542437531118
-0.217655844756535
0.208819267766978
0.0312921414930666
0.445891072633345
-0.331534316221013
1.17662732761244
-0.595688838911438
0.165673450848823
0.474644181332506
1.31720031394849
0.145583145938704
-0.811719559561631
0.54574542692244
0.0382940870566192
0.814091624222746
0.0286580472559823
-0.106778645536732
1.06318261730218
-0.3273339777901
-0.286311762557792
0.825657436722892
1.35103244697424
0.656708241445876
1.57881099880649
0.145171512732708
-0.719486735422818
0.431612093777331
0.622490530349535
-1.39875200457372
0.293727104864205
0.568016184714431
0.055580875396835
1.18622685992487
0.979307334173091
-2.34841042018823
-0.423543793396651
-1.20472617028404
-2.99951860128156
0.745094304242747
-0.149717156328551
0.809220960732223
1.00331395194566
0.00466747541491718
0.903032588564467
0.197784102106356
0.189338438499844
-1.12518676201948
0.708987191013167
0.206501680810837
0.108756521368762
0.683403900900625
0.66346775457232
0.703693750165781
0.286434620739978
0.71395848479179
-0.0141661012408349
0.966175109319072
0.0971341467918249
-1.23330828265882
0.47457409710952
0.374186624264941
0.919126279860545
-0.0764399254297332
0.413486343511577
-1.04119161514385
0.850799007107565
0.945044197627054
0.735152368766794
0.752748077474113
-0.242940355397163
-0.0956610125604383
0.867605421864268
0.0449327449011269
-0.207722523025318
0.908239959950631
0.299954914242054
-0.164072430410923
-0.819580241886906
-1.86689926087276
0.923869501386282
0.159060750986538
0.738874204051624
-0.46204190992088
0.868935258409586
-0.668432645597763
0.533660775914214
-1.89096788399926
-0.706825428490941
-0.499515028956671
-0.58678889028828
0.224735742547571
-1.03136038875377
-0.726683148813658
-0.456611426120351
-0.740846914048282
-0.385536733753897
-0.66517489468161
0.0845955835273992
0.236018067020134
-0.85441258909607
-0.626208614860486
-0.19852586991513
-0.609605846901727
-0.186491804853203
-1.36256709839089
-1.67902351297897
0.378931596050244
0.189417098064646
-0.877857972243232
0.0101266037034997
0.0576118480217588
0.0356128677409324
0.325879139460072
-0.395442025378079
-1.31920993352853
0.184799745598785
-0.351539948417483
-0.476122944170622
1.23383307063083
0.198835905628466
-0.147483845818016
-0.409454653424667
0.463675365998824
1.08377116677247
0.52289200580552
-0.335915655979521
1.09462785334046
0.909012333042057
-0.0474667893683847
1.36673260414121
-0.98658031734006
-2.05246688050493
1.0972790285588
1.35713878432644
0.416995945985319
-0.156697040323809
0.42145048822882
0.689235259125221
0.488118308872882
-0.869851219544855
0.359649819405338
0.764865106711282
1.09615460706819
0.0707224742366669
-0.000722420912162122
0.0371201396585684
0.130104055728657
0.576214122737572
1.53110895113984
-0.22809752189294
0.191224249923637
1.61869329598776
1.05073416434544
-0.387050710345487
1.51495134672105
-0.170748147330409
0.460620462897155
0.931790560784678
0.19456731969233
0.651186659466434
0.546030787819759
-0.161248963923704
0.829224575904163
1.28192016160787
-0.583626409277923
0.165766371256909
0.181883839251834
-0.671434666997895
-0.493184076204296
0.198653457364857
0.51682751887331
0.615331190872194
0.356929294238539
1.07106059924177
0.0296221652330998
0.80192134685771
-0.735252086745587
0.838554942088093
0.493049679502975
-1.3540905888029
-0.00422857395243699
0.921351043479545
0.417535265090298
1.37676114646353
0.16470294773034
0.756041989714006
0.302146844985062
-0.0337164847033395
1.1475724758998
0.855427808790247
-1.12853272530488
0.62450716179367
-0.190362938875725
-0.00694331764379999
0.476325451905058
1.14938492140198
-0.54177226136898
-0.190787706291617
-0.49490951982243
1.29336208395815
0.607646048112536
0.509118541430616
-0.34413757106203
1.20356134233367
0.893499028698885
0.524313259814901
0.270585514572838
1.11955542616598
0.932475065818714
-1.05589512985894
-2.06989898399917
-0.304653063895432
-1.13927085800548
0.375321403381606
1.19137723012528
0.175111793180078
1.30359286550952
-0.697999706750244
2.04046111998779
0.0511727747657009
0.950849627597548
-0.135097661751313
-0.0746271276092507
0.294825441730319
0.00884677537163903
-1.41128080182204
-3.80943279582191
0.365439154592891
-0.786406619506383
1.1426210641148
-0.314387841692633
-0.688601891204994
-0.797726085335286
0.140228410271621
-0.0499501153080612
-0.109963437130046
-0.329652265051604
0.0746274701288227
0.272657871715558
-0.0558588979638196
1.11832978954813
1.18738378721106
0.177234147157603
0.228483799619014
-0.113064645628209
0.209235643118652
0.42013368673751
0.391968117813943
0.188705104715144
0.102445156825028
0.33552381442143
0.52471764576522
0.591210003577974
0.284919694882291
0.253932508640761
-0.226699371636688
0.103591054944884
1.04153289878122
0.207762292533542
0.418235113960399
-0.560140031086714
0.305999129178567
0.415001127567989
1.08405205890051
0.383810238351328
0.419809558018486
-0.385389940829704
0.870735280404424
0.727922125882126
0.247756828804025
0.00557831324436882
0.701960458578923
0.161849232426459
-0.140998554173508
0.996176241368434
-0.0752049391547867
-0.152906157500922
0.346882669712381
0.00247042121160097
-0.641965309252677
-0.221435387974282
-0.851124133509287
0.739628118399819
0.241987498993199
-0.489942108539754
0.366325980334263
-1.08816637867466
-0.960796544588273
0.541567495561082
-0.316041080878771
-0.670895218176381
0.322023404260136
-0.710773730603651
-0.754352108139048
0.636241412852053
0.518939334579161
0.323633082187662
-0.101842637237412
-1.34026395908506
-1.11011731571837
0.72885083584006
0.82830145984423
-0.0256047277947083
-0.221310078077938
0.0491697929006583
0.442796585339232
-0.98187629736429
1.03475831358535
-0.128671179918841
0.422509902754085
0.178987680771109
0.244982248659266
-0.268895637198217
0.568788044695679
0.843742164339872
1.58170118823422
0.00654798196833194
0.11290838895299
-0.544471718920847
0.644354545592817
-0.239116386533035
0.440352899200156
0.309642139120045
0.361523547176235
-0.293704084364066
0.424515672496361
0.11653451047848
0.267906391042625
1.99588666495766
0.310227870494515
-0.643264297905681
0.982569104737435
0.0698187236411097
0.617776338638155
0.612293650566563
0.553121429373444
-0.299947417534341
1.18535124454449
0.16066338631745
0.283773579569426
0.932106255162534
0.0377865718524913
-0.0363247646631987
-0.202064993133543
0.497416108997193
0.319210910657347
1.20487436468215
-0.146461091459289
0.0317700272310563
0.133526988865243
-0.529789747683769
0.336913835868091
0.148877487785476
-0.893657906696587
-0.254944947045869
0.860812131394522
0.18974020984993
0.419046568584449
-0.385116146691603
0.0417000582902828
0.280742554845837
0.184192269244325
-0.147639270278874
-0.591743487017144
-0.0752829958031515
0.0704962468782423
-0.869262211298835
0.00812642409699336
-0.86184266533191
-0.445677276553847
0.0789451369604525
1.86164647934009
-1.12809354863126
0.305237106643355
-0.561451504019073
0.706898549103637
2.0164456730938
0.645214477200482
-0.817304818195273
4.93251319960063
1.43590657444271
-1.54216766503663
1.40730271722317
0.573749655054773
-0.696353892683309
0.781420613837111
-0.617368833924466
0.893010473513816
0.103847411129072
-0.572594437055853
1.9681500071624
1.54967128362465
0.102516319050468
0.550958351664117
1.11313737095826
-0.221569681144236
0.229189012421463
0.0768264386879837
-0.155475796134579
1.12863620503987
-0.448652698771476
0.49151848750683
-0.175739057052504
1.23653763924985
-0.450868308457643
0.498434343809558
-0.477283390118762
1.09479309991747
1.31579103339796
1.476419061383
0.946496770156247
0.628857922964461
0.179971488552995
-0.321269065811691
0.48051939866996
1.19951193157271
-0.165830216044825
0.0377728600938228
0.565489013701747
0.722917662639153
1.18652593365242
0.0362537061130885
0.457563079514781
-0.0727026554795117
-0.54964402608834
0.414447864888516
0.0730343724374588
0.458142250731743
1.49352261916343
1.46351366742007
0.447904990405729
0.25729740219593
-0.0468840652017103
0.221975063089868
0.537477456239225
0.0247393501730383
0.666482792064846
-0.000253830414876428
-0.46060871514034
0.611759067814209
0.444876637561652
-0.366800530119861
-0.10260277080089
0.204687675497386
-0.572881755426706
0.515432746947725
0.443142259119581
-0.384087105391581
0.518673641497823
-1.09444732122564
-0.578355774343875
0.252092052407142
0.767186985077822
0.111849527840083
0.156632535347312
-0.434414252198672
-1.86469161351571
0.976213844462947
0.6356867584735
-0.399977868299044
0.52777651965625
0.126250575397816
-1.01880349469215
-0.892380867760345
0.120746759665453
-0.377540794269413
-0.0716524836556121
-0.339286893985677
-1.1653167892732
0.932779182315216
-0.780017787553198
0.232032764166331
0.193608211537139
-0.408883093037217
-0.553908897983011
-1.04229362823913
0.191277151361357
0.192997820749798
0.4443790597122
0.25504299391749
-0.578011615292995
-0.161542779301248
-0.432275460013972
0.891131453580631
0.571461684608594
-0.0792790264278179
0.133692767870316
-1.44318768964869
0.705688849818974
-0.161316315907957
-0.851698755039264
-0.692662522401789
-1.41716663369928
-0.566365416775235
-0.929792875891955
0.0111303970189349
0.0509956021299088
0.225457260530694
0.436173112854671
-0.974787503287973
-0.409824877035784
-0.00911891166403421
0.119584440507405
1.02843525269282
0.288187907574347
2.99261322195347
-2.1126805473722
-0.257486345383637
-0.54809149752012
0.0101939921741072
-0.273570393002395
1.55373172097927
-1.22457323866383
-0.317049883265764
-0.818008648207341
0.222244682913553
1.00630745643376
-0.420784626051583
0.836700640195542
-0.456304922499392
-0.257142506361071
0.402789485864298
-0.175629536054346
-0.690053973231253
0.0321119098331933
0.13288416181367
-1.30115574356892
0.248634700640848
0.00892635207229464
0.16313903195878
0.547577436909828
0.0818701642072917
0.352346605243218
-0.0174173397776026
-0.287107608335743
0.300057754978835
-0.162621022815838
0.754502761824405
0.0664658620241262
-0.623606938884722
0.41957114649889
1.64162568481372
-0.00021406831007855
0.559726485120964
0.383108263889468
0.389494949388668
0.510757154431529
0.370842240132331
0.597613257626365
0.419937557414683
0.274217135307996
0.185216536386785
-0.320680898255748
0.0516422462633058
0.58428191421055
-1.09123899069707
0.384253395438255
0.450719486172361
-0.345521625728274
0.491802382489442
0.717320728660774
-0.0785631909770659
0.44160937464013
-0.0176247433204983
-0.25821365624963
0.4901335372002
-0.151361696549479
-0.866189045445184
1.19853737990584
-1.72395296232537
0.126630426346848
0.288017674431632
0.00967641302078303
-0.70947676851657
0.333139700419455
0.755891585701911
-0.383964030110374
-0.182818774935786
-1.5037392693561
-0.573466318564381
0.105607321239111
0.318829293195509
0.0641819745623297
0.297630435812239
-0.371162139287111
-0.076175379246177
-0.408345442673818
0.535584466826547
-0.809242692781498
-0.345492737427957
0.0320734554777341
0.277330958423121
0.265115908559609
0.617698046324265
-1.09464145534599
0.038167963459437
-0.63305306546279
-1.30218682138356
-0.345389196182927
-0.324016930188012
-1.65551926009459
-0.444798550221382
0.57276503967354
-0.340551709389758
-0.584174055551308
0.857200171048922
0.600754454055034
-0.489772040032517
-1.17410237169755
-0.0774089416568876
-0.703879402352173
-0.0160861331860167
-0.267016525537717
0.357486198486753
-2.26049148123531
-0.675230951333978
-0.870674968573601
-0.576602276842907
0.996802637429889
-0.829649608330297
0.205192448200334
0.141410482703251
-1.37532036518659
-1.09900129412269
-0.453952593798498
1.29167627543304
0.920570162051456
0.0300290819135052
-2.00152322070542
0.235112636422731
-0.913929560861067
-2.41406391767898
-0.0559356309631388
1.22743678611713
-1.24460736430759
0.688682430071183
0.392603153272437
-1.44383298639931
0.466775852833109
-0.832574402843476
-0.496207221854393
0.221895552463821
-0.064098636287204
0.441619464365686
-0.208148128033097
-0.295644563162304
-0.419389261382273
0.408529141122761
1.01561396285966
-0.00110949974360497
0.265678204696854
0.735874116997168
-0.0903694170915952
-0.149542223010614
0.185886950955426
-0.402818749581116
0.182509876473719
1.00681540526509
0.0301232122018299
-0.682741830927412
0.631122254426413
0.244270444766477
-0.141850552026595
0.269136239403856
0.563781772252819
0.153062518663739
0.329376862188877
-0.121978741980403
-0.0849335951885546
0.0381153110347177
-0.0526320528461807
0.119000368513397
0.558478509442874
0.7070531953452
0.261231475526069
-0.0684395034270888
0.341958336594411
-0.148479057356415
-0.0651278210913303
0.477853735467116
-0.0946338897938401
0.376916495058093
0.151647818651476
0.201063295080565
0.343060497846829
0.428548575950259
0.0873841175606164
0.0567818635057712
0.20747580419494
0.824390418871103
1.21947448496739
-1.21160065741052
1.00395187599142
0.64571284561174
-0.0178505689520713
-0.951085285244378
1.41664400998263
-0.843061389063878
0.299192390032608
0.1309607057021
-0.797206994976598
1.51704899571152
-0.309735796286635
-0.428249947904869
-2.36650068681624
0.209730338006666
-1.08146124663129
1.20789435662298
-0.843459874828626
0.143182178849774
0.374747027120401
0.809750736556957
0.263072069397254
0.00264189441217629
-0.0937607401961564
0.541060673096469
-0.0607540756671548
0.898977853346441
-0.909183276253798
0.0282771743845426
-0.312350749548759
-0.634598198180528
-0.743595477026075
0.300140635235482
-0.969052569076513
-1.4440644760806
-0.196549236326287
-1.04623782005322
0.140244445143048
-0.0824264101419865
-0.73201056128932
-0.00979279110733734
0.990154615481292
-1.31865439404862
-0.0614421853681489
0.934636539870283
-0.647961839790876
0.160237379446131
0.39844948637293
-0.572582098386503
-0.132263768424227
0.193994273029559
-1.43972442017585
-1.90038933038717
-0.190259056344919
-0.55719483994677
-0.160798063310202
-0.971173389363688
-0.90154525881293
-0.893902334660131
-0.227192631036615
-0.331044699746915
-0.447059590096295
-1.84436953692342
0.144029889565414
-1.27358478895864
0.371377064991961
-0.217189598348802
0.748239345296654
0.843064319913857
0.599392339146299
0.256352320471629
1.48446962809712
-0.228049527855331
-0.720234903980311
-0.889216023493133
-1.46756223246913
0.710000517892226
0.431692072145125
-0.87424315183712
-0.259036927177167
-2.19727548267775
-0.79668446366628
0.616709208387687
0.102677917939033
0.388377154027687
-0.00407894152169034
0.211228885081124
-0.287237142212595
0.0355142800607787
2.84710940494808
-0.325892585563668
0.683184581509391
0.276591786490922
0.0267893874496499
-0.1917944013377
-1.36030850563301
-0.725779279750801
-1.89284125596258
-0.0502691537835003
0.693680442474623
0.00358361881093064
0.164177048813232
0.714962234674139
0.0157192396893599
0.551950967207097
-0.000630856758393361
0.389214824828639
0.338531433499004
0.324617362475857
-0.0831137422313623
-0.349138335141477
0.881827233666819
0.0681017506504564
0.302874630843466
0.685435595747345
0.742026622058812
1.15380080988328
-0.627123115772492
0.104039629579665
0.347080339116199
-0.287062211163397
0.387300621269924
1.39034399851156
0.139569050154837
0.550435658241914
0.705671891629433
-0.62528818905507
-0.0585094022711532
-0.0247522203510033
-1.51271404057579
-0.384540187026193
-0.0425656014080544
-0.496210205934718
-0.0633175052562225
1.47214582658023
-0.221782323294031
-0.142007061247982
0.863634361123893
-0.810945640668948
-0.764424941820629
-0.328929691260837
-1.29898381201867
-0.481371670977034
-0.908995159514549
-0.781627437678889
0.0997901117376442
0.533421055938533
-1.02512769514491
0.140766504055568
-0.189821373200991
-1.24570210522851
-0.639003043087232
0.525119254296498
-0.336721372634866
-0.25619023259306
0.0928890309995194
-0.327842626745276
-1.24561033380344
-0.411246691913337
-0.966322438610748
0.687834000414747
0.630647763738956
0.446410816381842
-0.709543381217811
0.123108532146917
-0.377519448227493
0.00647425233787451
0.535339997860968
-0.457763486798354
0.183672088305043
0.807114550597801
0.116102185826276
-0.166408565015495
0.410323104662121
-0.581510096379694
0.376571546016618
-0.100206859669634
-0.738751690197213
-0.107880563351825
0.460065455327735
-0.968003121903706
-0.726887817533303
0.589079196946474
-0.674330785430591
0.376185526786956
0.796475276718962
0.557445141121096
0.472933252236744
2.69140405955996
0.86982001631143
0.363071925028538
0.516459494099101
-0.7761544501351
0.767542401597104
0.365791230952859
0.0216917627426818
0.0338514569059038
-0.144833344688834
0.433281966224038
0.535176216645672
0.525086806705126
-1.73002005236588
0.0633552874798075
-0.33897348621125
-0.207917886558433
-0.204519802157233
0.764192090458987
-0.0592460046500671
0.0433083581516401
-0.40219780091414
-0.421680630475481
0.428442641860788
0.396546399116646
0.452508746178634
0.769714859517374
-0.367949776339288
-0.0939557818823537
0.423843298761701
-0.0445322069686067
-1.2763575381417
0.0650359600222152
-0.174991853611147
0.339180723472031
0.107108846851792
0.245673955759947
0.215442412578946
0.644857225331652
1.06722726976712
-0.397739165213376
1.13801438279356
1.02817125381537
0.43165026825856
0.328866180236161
0.600655233838001
0.457281523514637
0.830403636581641
0.60837364914096
-0.0137184456342192
0.253841837142061
0.100730812624924
-0.473946769025509
0.262430594702949
0.146056281259399
-0.229380701113354
0.304159749395
0.385153627407789
-0.437187708915612
-0.202821635787416
0.440731329583158
-0.954546655764662
0.114677509016903
-0.0560891620168672
-0.195075274065221
-0.0961734478974485
0.659518604339822
-0.365430600391096
0.239398134463148
-0.30632187108934
-0.659009113367686
0.310123085222972
0.296421224683041
-0.454520698639377
-0.0481251484074606
0.178848440559972
-0.101034311445641
0.246492545628531
-0.11487260879895
-0.426841269554896
0.218684793327207
0.621695072182155
-1.23837885301306
-0.740590241372291
0.774435825434284
0.0233127074367158
-0.392686340506899
0.101145369202173
-0.280776317714647
0.48911771514616
-0.00786577980891736
-0.324911814596834
0.160692688724379
1.73913218477881
-0.40843306743932
0.289161187116675
-0.813415578226373
-0.543974821938642
-0.258839261576597
2.32551405928239
0.1501766160928
0.553153836524864
-0.643147627956422
-1.40940419967331
0.232760449115014
0.791199206058339
1.12101114234076
1.64871692770115
0.223726938463781
-0.603538804244492
0.795214970460433
1.29848443138624
-0.635800345134342
0.922980545192762
-0.531790296327925
1.19638772860975
0.643980146648532
0.462527676058403
-0.151556440306184
0.300206258133993
0.780161590398928
-0.198913437873036
1.0438975870898
0.697946485306498
0.222819800508126
0.279447454148087
1.20866234999267
-1.01678409782477
0.653314356112458
0.150503148337374
-0.418144004948186
-0.304074785641857
1.43640080110941
-0.815278115904834
-0.112608656838952
0.513991489107108
-0.908495212071076
0.131811334238689
1.09997498437976
0.102743527877688
1.69815035110098
-0.364722983592555
-1.31179287975551
0.201209189999813
1.24693965703278
0.74168571948666
-0.246381647479024
0.916868789559184
0.678517745723351
0.778948609185518
-0.0515647398954282
0.540509301496912
1.03743891251755
1.05605312737912
-0.324693221959364
0.417731280885099
0.951896385407692
-0.38032327408924
-0.680213585691761
0.0654022143727142
-0.717879568343634
0.00199651033432171
0.286808380045949
0.279074801427863
0.322443755271722
0.556079511089216
-0.231519544201599
-0.470423114161593
0.240204933061152
-0.53840809703563
-0.0729059578126148
0.681967624424742
-0.549545532941513
1.03896583742087
0.532130569049457
-0.392871478856576
0.305007227833579
-0.733008675000198
-0.956739833751574
-0.256100995085692
0.0901292169586007
-0.0159651006849729
-0.040225126834696
-0.189280002952128
0.495511770699602
0.162865220529378
-0.099240150136949
-0.207713133041779
0.401873187658405
-0.0423848692788839
-0.101617111637222
0.460385535703686
-0.337690993813672
-0.490585435417184
0.265791446094578
0.549693057858827
0.185104347144036
0.759707691078048
0.138053939335916
0.661621628903548
-0.0771649568332777
0.238803177460993
0.147973990376763
0.686923019761701
0.198424825417123
-0.22978390204191
0.459501774660737
0.307858102982398
-0.407548659609394
-0.189939525940164
0.532791458344074
-0.202830680010935
0.716714246517737
0.322437845915839
-0.0682014737590857
-0.785191970578876
0.299964470192409
-0.903585176493821
-1.16459942566406
-0.314506826481211
0.490775922850096
1.0766187401988
-0.267074745287644
0.776827146685218
0.623105536825425
-0.519397565379812
-0.384726001744988
1.18994187464438
0.42225107561025
-0.335673593332662
-0.150118441899801
-0.324886945930719
-0.543923542477018
0.0812811297576375
-0.987337074316913
0.710155211370534
0.545886503802866
0.969413271003826
-0.694342224910949
0.995086024110301
0.63901542401053
-0.576908029320746
1.29567909509016
0.646381936106794
-0.354766858673263
0.760553920392375
0.703788564720582
0.0948961435534609
1.78411087375512
0.0759023478163289
-1.35964868112297
-0.565475165414165
0.528511479740483
0.286052314411858
1.92741494899751
0.829395238647801
-0.279283043718493
1.32807674815871
0.201450853200628
-0.193100213789268
0.979793656626734
-2.04395202616899
-1.2450938153176
3.66815847257937
-1.78303597487411
-1.13047001638198
2.97175670940585
0.317314942418244
0.161726299618047
0.60880025956858
0.63587799588884
1.04009743866861
2.16819716525533
-0.22254879626316
-0.0954674749163085
0.366656860024491
0.56486035248711
0.579405360446193
-0.240025262078338
0.303170892634236
-0.338988014270103
-0.0815843943829741
0.441939457594283
-0.586706092367884
-0.583705006627578
0.342501322365439
-0.282945489153072
-0.168853472090638
0.820675587596574
-0.465948427724162
1.13921459134838
1.72684895517646
-0.265379346191984
0.516150574837989
0.704800436212458
-0.33151934017274
0.425540460416297
-0.380580779530226
-0.692323241601145
-0.162944420735857
0.992254649790482
0.393893014532256
1.3579770053002
1.26760096778271
0.435289832720896
0.39317546477971
0.687035209124506
-1.00787684699861
0.712932506785111
0.427147220238046
2.09139759434022
0.0230533998022374
0.019414995820425
1.1291116389738
0.500339644611042
1.72055237201241
-1.13903756824631
-1.38461002054031
0.359872335009256
-0.375960448558076
0.476525848936252
0.474418427587839
-0.48203980806438
0.0918391352000781
1.09038784267619
-0.848493663172544
1.1687370646965
0.661986321375304
0.172849310503812
0.117410349878347
0.0899524872371397
-0.371957970943213
-0.536198744050737
-0.0398235998704968
0.71110988557301
0.220267077126015
0.168800117247394
0.702974337741476
0.137496140793127
0.498202258173291
0.531405749795597
0.9512960219005
0.0229346588484594
1.15432976763514
0.978547884462987
-0.697272561893653
0.145399499010959
0.231341929039663
0.253494397778285
0.369834073295931
-0.187812931724788
0.250756821599167
-1.59008801229872
0.396147969700853
-0.375141182326293
0.462741144574336
0.717471729691335
0.725518801213658
-0.128107954342957
0.730123859466375
-0.0117739146635036
-0.212185301646835
0.799761723568957
0.757544811179989
-0.540788740565991
0.0371065430987631
0.896138763336194
0.870380694767207
1.13802892572639
0.543670630791319
-0.89614366713537
0.941503096193432
1.00765934590464
0.0749668451347738
1.08145514959203
-0.481344194298313
-0.838354039612284
1.70003265337799
0.474963454278914
0.0433290737515913
0.929154987559336
0.601721104657367
-0.959407153658804
1.12175967082036
0.386064388337589
-0.308008530149688
-0.650596146268154
1.75289996838482
-0.111147937872447
-0.814872526997118
0.415101811842178
0.301343771620931
0.577797009160629
0.95970910961404
-0.281950731067096
-0.466219986135188
0.403510959622837
-0.941820902996545
-0.0835722900623549
1.94513681734221
-0.0496018641406854
-0.319781728880476
0.345829317165005
1.15212790581728
-0.173555656624636
2.56130028462838
-0.420381312836818
-2.8008378852045
0.45505950179776
-0.0396960636867386
0.359165779857121
-1.34358931743753
-0.286062995695254
-0.707353744866771
-0.171563548134119
-0.438673407251468
-0.347706077787187
-0.0729239673626328
0.590728825985317
0.277748848121537
-0.285886066802247
0.718181117408029
-0.571148602259688
-4.90822853102967
0.358564894022421
0.91691059718515
1.3235823668012
-0.105104073713633
0.309420392482207
0.957518444820832
0.332070347751067
0.183710725927948
-0.263629206589917
0.0198550540480128
0.443508322564981
0.325488841147412
-0.89069176905251
0.186326930109016
-2.56897296282727
2.15037608083235
2.37934027765078
0.576404017676264
-0.104460835047148
-0.247842108047071
0.109667942857905
0.305998329910059
0.207370300135724
0.484002552733515
-0.203909626635378
-0.0611450775105065
0.537675960900232
0.225769572416347
-0.0489436060121708
0.624292181274871
0.599265789908478
0.0365300129971902
-0.00943494044055569
0.222419434441661
1.40455935776376
0.389215808968074
0.827359860040092
0.0741747562056101
0.41965553947
0.687247094054333
-0.242658239484228
0.724942329941786
0.482977289678384
0.077647937735914
0.615520293862135
-0.51812550741025
0.446710867114905
0.437695414914254
1.04250240243786
-0.0486947754532581
-0.37165341675216
-0.615167763184045
0.478022388490861
-0.156879246934979
0.473066653378837
-0.0664742518705616
0.723947215663028
-1.43783025035758
0.902423400025395
-0.017498821954644
0.256797155881536
0.926995176885996
0.29315084218925
0.202384241540432
-0.685344209384847
1.49271841607044
-0.326791169686007
2.30980900277872
-0.104564592281184
0.533886812954775
0.170712500479775
0.256920746304824
0.336126475959281
0.375298338952897
0.37001075646098
-0.442021918484832
-0.23694802839297
0.457429051509023
-0.413281243748178
0.259597039643181
-0.124278870433397
0.420554123921927
0.515498765015206
0.805553659997803
0.0752971866064308
0.278745028461636
0.397528557963159
0.0508633006203417
0.738378867997665
0.816741398576115
-1.90489264437185
2.05437522484543
0.632601350535053
-1.02907789112501
-0.0349337546433916
-0.302847095561476
-0.602013669959023
0.480862992765912
0.222636359908992
0.0928704965549183
-0.0820855855071568
