0	0.029869027	-5.8169189	0.070663026
0.128	0.030778695	-5.8180606	0.066086938
0.256	0.029693898	-5.8168018	0.07132717
0.384	0.03008282	-5.8170464	0.0761082
0.512	0.030079625	-5.8171388	0.069807834
0.64	0.029728032	-5.816812	0.068775313
0.768	0.029443351	-5.816396	0.072447984
0.896	0.030450815	-5.8175286	0.067144351
1.024	0.029574186	-5.8164467	0.068259596
1.152	0.03041469	-5.8174011	0.06564783
1.28	0.03021929	-5.8174553	0.063857738
1.408	0.029671993	-5.8170628	0.067196805
1.536	0.029640437	-5.8168814	0.06769573
1.664	0.029714872	-5.8172085	0.063145135
1.792	0.030412815	-5.8179067	0.066380496
1.92	0.030042562	-5.8173374	0.067807154
2.048	0.030024812	-5.8172559	0.067442815
2.176	0.029708325	-5.8168195	0.068631208
2.304	0.02966302	-5.8169734	0.066022394
2.432	0.02993187	-5.8173043	0.064090017
2.56	0.029909302	-5.8174288	0.065997922
2.688	0.030035002	-5.8174659	0.067840441
2.816	0.029804513	-5.817476	0.066050248
2.944	0.029916706	-5.817558	0.063944167
3.072	0.030095301	-5.8175301	0.062956709
3.2	0.029442181	-5.8167232	0.064703891
3.328	0.029959821	-5.8172894	0.063976952
3.456	0.029881332	-5.8173013	0.066729415
3.584	0.029833963	-5.8169454	0.06566002
3.712	0.029956423	-5.8172363	0.064579946
3.84	0.029707808	-5.8168316	0.064582323
3.968	0.030287159	-5.8170602	0.063313593
4.096	0.030179762	-5.8169924	0.067284738
4.224	0.029862524	-5.8170512	0.063977772
4.352	0.029966845	-5.8171185	0.064897382
4.48	0.029830309	-5.817167	0.064658657
4.608	0.029978544	-5.8174744	0.063156657
4.736	0.030225165	-5.8175211	0.065132597
4.864	0.029730555	-5.8168847	0.06731428
4.992	0.030252092	-5.8174117	0.064541365
5.12	0.030538452	-5.8176407	0.064349565
5.248	0.029688235	-5.8165055	0.067902321
5.376	0.030188316	-5.8172635	0.064898136
5.504	0.030262244	-5.8173958	0.067681302
5.632	0.029814932	-5.8169378	0.071398327
5.76	0.030287262	-5.8176294	0.066701936
5.888	0.030083546	-5.8171825	0.068800931
6.016	0.030301708	-5.8174856	0.067222231
6.144	0.02990931	-5.816883	0.065735324
6.272	0.030232445	-5.8175346	0.066027815
6.4	0.030428024	-5.8178695	0.068561183
6.528	0.029972056	-5.8174013	0.064955423
6.656	0.030151994	-5.8174606	0.068401536
6.784	0.030130874	-5.8171917	0.070006273
6.912	0.030231614	-5.8173927	0.070160681
7.04	0.030021944	-5.8171735	0.067784965
7.168	0.030199889	-5.8172682	0.066365943
7.296	0.030227911	-5.8176873	0.070109705
7.424	0.029765202	-5.8173449	0.071928845
7.552	0.030226545	-5.8176516	0.067467895
7.68	0.030331729	-5.8179465	0.064546641
7.808	0.0301095	-5.8181376	0.065365817
7.936	0.030172241	-5.8184878	0.064695097
8.064	0.029490594	-5.8174393	0.069050999
8.192	0.029836232	-5.8178309	0.065787593
8.32	0.029880682	-5.8177446	0.066381546
8.448	0.029840026	-5.817891	0.06865394
8.576	0.030280525	-5.818621	0.063307778
8.704	0.030022199	-5.8185189	0.062750365
8.832	0.029939188	-5.8183125	0.066406319
8.96	0.029813252	-5.8184088	0.061873569
9.088	0.030032505	-5.8189765	0.062454425
9.216	0.029679168	-5.8187303	0.06824532
9.344	0.030053764	-5.8194412	0.063242212
9.472	0.029393288	-5.8189431	0.067329722
9.6	0.029634249	-5.8188832	0.065894804
9.728	0.029294565	-5.8188014	0.06738021
9.856	0.029826194	-5.8191861	0.065139799
9.984	0.029364793	-5.8186861	0.070407412
10.112	0.029630834	-5.8189843	0.069013714
10.24	0.029525128	-5.8189628	0.064747516
10.368	0.029113755	-5.8189099	0.065240768
10.496	0.029468115	-5.8190779	0.067059614
10.624	0.030003744	-5.8193828	0.06276559
10.752	0.029603196	-5.8192153	0.062790811
10.88	0.030084882	-5.8195884	0.063627466
11.008	0.030148464	-5.8193315	0.063106491
11.136	0.029653713	-5.8187005	0.066125838
11.264	0.029577785	-5.8186261	0.068627044
11.392	0.030198706	-5.8192249	0.066311032
11.52	0.030026852	-5.8192191	0.065567926
11.648	0.029639159	-5.8184116	0.069165401
11.776	0.029900745	-5.819012	0.067577882
11.904	0.030260466	-5.8192064	0.062974246
12.032	0.029881509	-5.8186967	0.065072204
12.16	0.030047095	-5.8188588	0.065363552
12.288	0.030282649	-5.8191827	0.064241058
12.416	0.029803171	-5.8187185	0.067000765
12.544	0.030107375	-5.8189792	0.065677884
12.672	0.030133269	-5.8186523	0.065563075
12.8	0.030417706	-5.8191466	0.066700191
12.928	0.030434621	-5.8191055	0.064339875
13.056	0.030166578	-5.8189458	0.062111542
13.184	0.029791859	-5.8181712	0.068057197
13.312	0.030276511	-5.8188364	0.066487828
13.44	0.030366758	-5.8187029	0.062242228
13.568	0.030354182	-5.8186066	0.064321524
13.696	0.030334884	-5.8185896	0.063780107
13.824	0.030217967	-5.8185617	0.06474795
13.952	0.030382046	-5.8185966	0.063112073
14.08	0.030244829	-5.8182248	0.061892886
14.208	0.030557393	-5.8187249	0.064532492
14.336	0.030588456	-5.8190201	0.065444905
14.464	0.030444928	-5.8189837	0.066654182
14.592	0.030642503	-5.8192774	0.065184351
14.72	0.030059501	-5.8191047	0.063960212
14.848	0.030488294	-5.8197881	0.061735634
14.976	0.030349069	-5.8194576	0.065326531
15.104	0.029816639	-5.8191827	0.064700549
15.232	0.030162076	-5.8197247	0.064917322
15.36	0.030199213	-5.8199518	0.066973269
15.488	0.029947876	-5.8200018	0.064385014
15.616	0.029942865	-5.8200815	0.063869504
15.744	0.030222504	-5.8203547	0.066174103
15.872	0.030195574	-5.8207635	0.064083214
16	0.029507146	-5.8199129	0.063565433
16.128	0.029887917	-5.8205926	0.063618257
16.256	0.029172065	-5.8197725	0.063609135
16.384	0.030129585	-5.8205795	0.060894109
16.512	0.029415405	-5.8200763	0.061807694
16.64	0.029150714	-5.8199857	0.062426045
16.768	0.029849366	-5.8207814	0.062137458
16.896	0.029595956	-5.8208504	0.062146896
17.024	0.029259014	-5.8207776	0.059292554
17.152	0.028773995	-5.8202556	0.061204886
17.28	0.029167487	-5.8202971	0.061399139
17.408	0.02970762	-5.8209874	0.058859532
17.536	0.029596071	-5.820977	0.063480065
17.664	0.028949249	-5.8202048	0.065275847
17.792	0.029761754	-5.8210084	0.059014597
17.92	0.030156424	-5.8212717	0.060882302
18.048	0.029360787	-5.8203113	0.065235153
18.176	0.029864519	-5.8208525	0.063286176
18.304	0.02968968	-5.8206176	0.063807702
18.432	0.029518473	-5.8203261	0.063968061
18.56	0.029400128	-5.8197803	0.064791778
18.688	0.029860972	-5.8202722	0.063589205
18.816	0.029888698	-5.8199739	0.061409131
18.944	0.030078323	-5.8197622	0.063651818
19.072	0.029899799	-5.8194689	0.066493658
19.2	0.030145624	-5.8197214	0.063812292
19.328	0.029961871	-5.8194472	0.063714214
19.456	0.030206197	-5.8197004	0.063783697
19.584	0.030359795	-5.8196066	0.061920449
19.712	0.030811899	-5.8200927	0.060559373
19.84	0.030723589	-5.8193916	0.064041804
19.968	0.030529393	-5.8194369	0.067962699
20.096	0.031262932	-5.8199973	0.066219621
20.224	0.030924871	-5.8197092	0.062783097
20.352	0.030682551	-5.8196197	0.063872402
20.48	0.030316534	-5.8190612	0.066572066
20.608	0.030822703	-5.8192949	0.065383782
20.736	0.030652719	-5.8195349	0.063857854
20.864	0.030560139	-5.8194337	0.062158235
20.992	0.030059732	-5.819436	0.062238606
21.12	0.030834774	-5.8200386	0.059925209
21.248	0.030489158	-5.8195938	0.05821165
21.376	0.030160769	-5.8194321	0.058896877
21.504	0.030648944	-5.8200132	0.055655601
21.632	0.030171807	-5.8198004	0.05876072
21.76	0.030461463	-5.8204991	0.057086908
21.888	0.029922501	-5.8198396	0.062258244
22.016	0.03000945	-5.8201993	0.063526519
22.144	0.029806869	-5.820125	0.058163024
22.272	0.029753587	-5.8200173	0.055095771
22.4	0.029773964	-5.8202164	0.057693513
22.528	0.029830631	-5.8207473	0.059261475
22.656	0.029075415	-5.8203506	0.057839535
22.784	0.029350607	-5.8206251	0.053093755
22.912	0.029372746	-5.8207019	0.055962408
23.04	0.029264507	-5.8206243	0.055443335
23.168	0.029412971	-5.8207723	0.057282407
23.296	0.029586469	-5.8211036	0.058816705
23.424	0.029196941	-5.8209214	0.059890581
23.552	0.02971096	-5.8210983	0.056880829
23.68	0.029289078	-5.8206699	0.060824598
23.808	0.02943318	-5.8206756	0.059918462
23.936	0.029283201	-5.8205414	0.056208981
24.064	0.029623825	-5.8210475	0.057304022
24.192	0.029041026	-5.8204157	0.055354849
24.32	0.029664929	-5.8210143	0.05574186
24.448	0.029287566	-5.820205	0.060580179
24.576	0.030246059	-5.8209114	0.057356796
24.704	0.029468139	-5.8199175	0.06037134
24.832	0.029621849	-5.819928	0.061217693
24.96	0.02993405	-5.8200297	0.057446482
25.088	0.029796066	-5.8197325	0.058745238
25.216	0.030006074	-5.8199193	0.063326367
25.344	0.030737069	-5.8207152	0.05913443
25.472	0.030084016	-5.8199609	0.057784777
25.6	0.030465627	-5.8201158	0.055246465
25.728	0.030573195	-5.8202963	0.055036716
25.856	0.030919267	-5.8203535	0.057344585
25.984	0.030614059	-5.8202993	0.060849654
26.112	0.030661115	-5.8197428	0.062235405
26.24	0.031066387	-5.8203949	0.060066387
26.368	0.03087225	-5.8201564	0.0581003
26.496	0.030798737	-5.8199722	0.061648169
26.624	0.030500278	-5.8195646	0.05714868
26.752	0.030447141	-5.8194211	0.057906028
26.88	0.030797431	-5.8198178	0.060993742
27.008	0.030384354	-5.8195626	0.057332454
27.136	0.030597803	-5.8199656	0.058698914
27.264	0.030649801	-5.8198038	0.060641467
27.392	0.030446051	-5.8200415	0.061410634
27.52	0.030604312	-5.8203555	0.059247845
27.648	0.03039779	-5.8202637	0.056299469
27.776	0.030257779	-5.8203471	0.058515465
27.904	0.029665563	-5.81996	0.059151685
28.032	0.030294519	-5.8207774	0.052159569
28.16	0.029883002	-5.8206032	0.053186621
28.288	0.029793202	-5.8201561	0.056489556
28.416	0.029823909	-5.8204952	0.057320061
28.544	0.029579561	-5.8203529	0.061338133
28.672	0.029794689	-5.8206803	0.059498094
28.8	0.029767367	-5.8209786	0.056795417
28.928	0.029486951	-5.8208633	0.059734361
29.056	0.028920015	-5.8209587	0.057347325
29.184	0.029316998	-5.8217383	0.055208494
29.312	0.029570284	-5.821856	0.058538536
29.44	0.029398422	-5.821493	0.058331073
29.568	0.028953945	-5.8209533	0.05275112
29.696	0.02949746	-5.8214964	0.053383811
29.824	0.029277219	-5.8212736	0.054955357
29.952	0.029156194	-5.821005	0.052799746
30.08	0.029373251	-5.8213665	0.054392482
30.208	0.029334213	-5.8211516	0.05817479
30.336	0.029337873	-5.8209446	0.056953318
30.464	0.029725409	-5.8211738	0.052872157
30.592	0.029782781	-5.8209049	0.056307334
30.72	0.029580193	-5.8209036	0.057631925
30.848	0.029837771	-5.821112	0.060167734
30.976	0.02972079	-5.8205896	0.058817562
31.104	0.030039551	-5.8207703	0.05465775
31.232	0.030079367	-5.8204868	0.057819716
31.36	0.030185752	-5.8206163	0.058071138
31.488	0.030362086	-5.820575	0.055891435
31.616	0.030561524	-5.8210816	0.056700627
31.744	0.030089693	-5.8204072	0.058869006
31.872	0.030250612	-5.8205534	0.056917445
32	0.030305477	-5.82025	0.054714734
32.128	0.03056111	-5.8203196	0.054575929
32.256	0.030806712	-5.8205498	0.057549654
32.384	0.029978798	-5.8198241	0.061578466
32.512	0.030561886	-5.8202322	0.057081633
32.64	0.030865159	-5.8204368	0.05660031
32.768	0.030426813	-5.8203167	0.058797952
32.896	0.03053052	-5.8203667	0.057048499
33.024	0.030728445	-5.8202803	0.058814661
33.152	0.030417702	-5.8201195	0.058478712
33.28	0.03056743	-5.8197966	0.053866065
33.408	0.030334493	-5.8199243	0.057647682
33.536	0.030566238	-5.8204231	0.056018848
33.664	0.030148485	-5.8202301	0.057109283
33.792	0.030535199	-5.8206833	0.054668343
33.92	0.030421084	-5.820595	0.053822192
34.048	0.030254806	-5.8206928	0.051762518
34.176	0.030334717	-5.8206874	0.053619675
34.304	0.02959044	-5.8205653	0.060962798
34.432	0.030377221	-5.821158	0.055377789
34.56	0.030155671	-5.8210778	0.051422005
34.688	0.030323858	-5.8211871	0.051137405
34.816	0.029784545	-5.8211389	0.057158503
34.944	0.029596	-5.821089	0.05599126
35.072	0.029683255	-5.8217159	0.056133577
35.2	0.029929292	-5.8218894	0.054904894
35.328	0.029347297	-5.8213473	0.05320552
35.456	0.029207268	-5.8214733	0.051975787
35.584	0.029559969	-5.8219781	0.052672971
35.712	0.029425333	-5.8214595	0.052311998
35.84	0.029294332	-5.8214382	0.053975717
35.968	0.029447043	-5.8218089	0.053093929
36.096	0.029274641	-5.8220582	0.051091019
36.224	0.029261149	-5.8221165	0.052113208
36.352	0.029280068	-5.8218997	0.052350188
36.48	0.029846263	-5.8221845	0.051520782
36.608	0.029516458	-5.8217237	0.052467156
36.736	0.029414925	-5.8215146	0.059562898
36.864	0.029720899	-5.8218107	0.05638991
36.992	0.029409694	-5.8216395	0.052047681
37.12	0.029664914	-5.821616	0.053810709
37.248	0.029302258	-5.8213682	0.057244701
37.376	0.029982963	-5.8218522	0.056973674
37.504	0.029486051	-5.821275	0.056060532
37.632	0.029939934	-5.8216892	0.053614142
37.76	0.029701992	-5.8212315	0.057206709
37.888	0.030329182	-5.821808	0.057717068
38.016	0.029981248	-5.821299	0.054877293
38.144	0.030442805	-5.8212081	0.05640984
38.272	0.029992715	-5.8203792	0.057841907
38.4	0.03076504	-5.8210186	0.053878037
38.528	0.029885767	-5.8200458	0.059936286
38.656	0.030605967	-5.8204915	0.054841788
38.784	0.029917022	-5.8196413	0.0570835
38.912	0.030572146	-5.8206807	0.05995238
39.04	0.03063906	-5.8211386	0.05936485
39.168	0.030573496	-5.8210272	0.05805059
39.296	0.030364545	-5.8205188	0.05917332
39.424	0.030476348	-5.8207154	0.059354164
39.552	0.031181906	-5.8213787	0.056389997
39.68	0.030159841	-5.8206124	0.06196014
39.808	0.031037811	-5.8213541	0.056362792
39.936	0.030999879	-5.8212575	0.055403043
40.064	0.030394558	-5.8206376	0.061491696
40.192	0.030767475	-5.821048	0.059211267
40.32	0.030376907	-5.8207384	0.054778794
40.448	0.030581875	-5.8210618	0.055753482
40.576	0.030179297	-5.8209596	0.058880495
40.704	0.029970485	-5.8206577	0.055933255
40.832	0.03009136	-5.8210936	0.05457902
40.96	0.030202589	-5.821276	0.052404686
41.088	0.029644742	-5.8209172	0.050405585
41.216	0.030050481	-5.8218232	0.051388918
41.344	0.029519522	-5.8214743	0.055305346
41.472	0.029831164	-5.8217692	0.055839872
41.6	0.029561538	-5.8219271	0.056553626
41.728	0.029581709	-5.8222138	0.050986265
41.856	0.029363344	-5.8220107	0.05232062
41.984	0.029355877	-5.8217482	0.055450226
42.112	0.029094533	-5.8217487	0.05520095
42.24	0.029732941	-5.8221979	0.050115609
42.368	0.029294066	-5.8222233	0.053293602
42.496	0.029392819	-5.8222524	0.052998915
42.624	0.028797526	-5.8215501	0.051832009
42.752	0.029301132	-5.8223798	0.053074859
42.88	0.029387857	-5.8223669	0.051911173
43.008	0.029220258	-5.8219178	0.056190151
43.136	0.029729764	-5.822624	0.0558668
43.264	0.029306563	-5.8220418	0.052546956
43.392	0.029119893	-5.821684	0.051720754
43.52	0.029813783	-5.8219761	0.051258334
43.648	0.029691387	-5.8215039	0.054149312
43.776	0.029814208	-5.8216377	0.05603041
43.904	0.030040103	-5.8219598	0.05591856
44.032	0.029478927	-5.8210891	0.057924898
44.16	0.029759615	-5.820792	0.056923739
44.288	0.030593455	-5.8216816	0.055311923
44.416	0.030359706	-5.8212076	0.056626711
44.544	0.02989571	-5.8208728	0.059365704
44.672	0.03016007	-5.8211253	0.060201537
44.8	0.03010429	-5.8207027	0.060614691
44.928	0.030699263	-5.8211571	0.060215198
45.056	0.030988806	-5.8216516	0.057167017
45.184	0.030429146	-5.8205552	0.057142552
45.312	0.03005837	-5.8201606	0.061113107
45.44	0.031113051	-5.8208956	0.057898258
45.568	0.030329101	-5.819931	0.05695792
45.696	0.030817381	-5.820881	0.055627884
45.824	0.030629828	-5.820644	0.058153631
45.952	0.030616852	-5.820442	0.058653417
46.08	0.030704699	-5.8206068	0.056257451
46.208	0.030732933	-5.8209656	0.055909626
46.336	0.030731505	-5.8209265	0.056170382
46.464	0.030346254	-5.8209523	0.059655491
46.592	0.030215968	-5.8208524	0.057048825
46.72	0.030363755	-5.8211737	0.057701336
46.848	0.029699202	-5.8207634	0.057736544
46.976	0.029592545	-5.8205523	0.055644601
47.104	0.029782966	-5.8209693	0.055915691
47.232	0.029698579	-5.821227	0.055905654
47.36	0.030026786	-5.8215494	0.053751599
47.488	0.030023926	-5.8219191	0.053796009
47.616	0.029945035	-5.8220251	0.053497698
47.744	0.0300564	-5.8224595	0.051497857
47.872	0.029576695	-5.8218147	0.051229505
48	0.02956717	-5.8218329	0.050604517
48.128	0.029291336	-5.8218668	0.054076415
48.256	0.029192501	-5.8220496	0.057558587
48.384	0.029859202	-5.8227212	0.054116582
48.512	0.029104166	-5.8218817	0.05528758
48.64	0.029627359	-5.8224375	0.053163703
48.768	0.029247372	-5.8220025	0.053540136
48.896	0.029645184	-5.8224924	0.050958
49.024	0.029015001	-5.8218182	0.053609318
49.152	0.029064782	-5.8217136	0.056042416
49.28	0.029591385	-5.8221199	0.057976882
49.408	0.029868325	-5.8224093	0.054368265
49.536	0.029524265	-5.8220645	0.053116474
49.664	0.029022657	-5.8211647	0.05696018
49.792	0.029488084	-5.8217047	0.054390402
49.92	0.03014776	-5.8220284	0.052262458
50.048	0.029733169	-5.8214676	0.055324591
50.176	0.02981965	-5.8217372	0.057101103
50.304	0.030299447	-5.8217927	0.054910887
50.432	0.030088989	-5.8216094	0.053722792
50.56	0.030054293	-5.8214194	0.056021291
50.688	0.030146762	-5.8214553	0.05675989
50.816	0.030187127	-5.8214643	0.055941675
50.944	0.030296826	-5.8213503	0.057557176
51.072	0.030290142	-5.821084	0.053534623
51.2	0.030353969	-5.8207046	0.052051905
51.328	0.031131064	-5.8213428	0.055916312
51.456	0.030103213	-5.8206342	0.057083361
51.584	0.030893747	-5.8211146	0.056704278
51.712	0.030267799	-5.8202977	0.060206649
51.84	0.030481805	-5.8205792	0.0570628
51.968	0.030560622	-5.8205891	0.057385615
52.096	0.030858939	-5.820914	0.05886506
52.224	0.030838501	-5.8208452	0.058060217
52.352	0.030660545	-5.8209852	0.054032994
52.48	0.030190072	-5.820195	0.054165911
52.608	0.03044282	-5.8206937	0.053073744
52.736	0.030541991	-5.8209286	0.058805237
52.864	0.030353058	-5.8210277	0.061225851
52.992	0.030231251	-5.8211853	0.062460829
53.12	0.030235035	-5.8213425	0.055600053
53.248	0.030099004	-5.8214275	0.051794846
53.376	0.030012095	-5.8214914	0.056963489
53.504	0.030472726	-5.8220981	0.053169157
53.632	0.030224825	-5.8222374	0.053142312
53.76	0.029642211	-5.8218672	0.053738926
53.888	0.029442246	-5.8215113	0.054016279
54.016	0.029538518	-5.8219712	0.051372607
54.144	0.029510929	-5.8217218	0.051842087
54.272	0.029541713	-5.8218595	0.051350305
54.4	0.029921717	-5.822587	0.054433735
54.528	0.029351553	-5.8222462	0.055454828
54.656	0.029526024	-5.8225413	0.052354063
54.784	0.029684681	-5.8228039	0.057042764
54.912	0.029241081	-5.8225233	0.05824817
55.04	0.029202416	-5.8224519	0.055683823
55.168	0.029291107	-5.8223746	0.052574092
55.296	0.029717257	-5.8227969	0.052663725
55.424	0.029030399	-5.8226508	0.054056976
55.552	0.029216705	-5.822471	0.049931866
55.68	0.029100339	-5.8220066	0.055120275
55.808	0.029315152	-5.8222508	0.052000996
55.936	0.029443352	-5.8220778	0.048520732
56.064	0.029432222	-5.8219364	0.054256084
56.192	0.029301189	-5.8215782	0.056812637
56.32	0.029056658	-5.821753	0.058458805
56.448	0.029819124	-5.8220258	0.054668341
56.576	0.029680585	-5.8216862	0.055951823
56.704	0.029895038	-5.8215062	0.056674871
56.832	0.029629507	-5.8211839	0.054834462
56.96	0.030286088	-5.8219604	0.053188329
57.088	0.030019048	-5.8215771	0.055625662
57.216	0.030119252	-5.8214168	0.055701337
57.344	0.030453062	-5.8215582	0.052393204
57.472	0.030760157	-5.8214473	0.052725639
57.6	0.030454714	-5.8208059	0.059406499
57.728	0.030600434	-5.8209574	0.059254913
57.856	0.030743848	-5.8213647	0.057509517
57.984	0.030707831	-5.8211354	0.055929253
58.112	0.030881401	-5.8212006	0.057602329
58.24	0.030607156	-5.8208303	0.062038429
58.368	0.030613686	-5.8209166	0.061281035
58.496	0.030447136	-5.8208691	0.059930223
58.624	0.031087673	-5.8215033	0.056737584
58.752	0.03040077	-5.8209894	0.05774259
58.88	0.030548376	-5.8209477	0.055160849
59.008	0.030828938	-5.821176	0.05405096
59.136	0.03054983	-5.8211557	0.054736028
59.264	0.030406662	-5.8210024	0.056084369
59.392	0.030340972	-5.82094	0.059507323
59.52	0.030058115	-5.8213366	0.058170555
59.648	0.030293362	-5.8217078	0.059063132
59.776	0.030547597	-5.8222045	0.054461203
59.904	0.029998146	-5.8218809	0.051371012
60.032	0.030164853	-5.8217531	0.053011075
60.16	0.029204064	-5.8208053	0.055285249
60.288	0.030199865	-5.8222805	0.049547056
60.416	0.029951926	-5.8222299	0.051849849
60.544	0.029584597	-5.8221354	0.056467524
60.672	0.029208174	-5.8220331	0.059072587
60.8	0.029227005	-5.8222157	0.056471702
60.928	0.029664471	-5.8231502	0.053300232
61.056	0.029578117	-5.8227531	0.054531342
61.184	0.029263776	-5.8219804	0.055406
61.312	0.02913358	-5.8220881	0.053946922
61.44	0.028829356	-5.8223454	0.053672145
61.568	0.029810623	-5.8233824	0.049831266
61.696	0.029297339	-5.8230173	0.05054067
61.824	0.029024757	-5.8225769	0.0508031
61.952	0.029357223	-5.8224912	0.055452174
62.08	0.029260161	-5.8224219	0.056102899
62.208	0.028954111	-5.8221245	0.049104058
62.336	0.029431677	-5.8222206	0.05025887
62.464	0.029124744	-5.8216857	0.055217728
62.592	0.029674688	-5.8223392	0.049262504
62.72	0.029575341	-5.8222775	0.052116574
62.848	0.029440561	-5.8220485	0.051942433
62.976	0.029412306	-5.8215692	0.054062355
63.104	0.030141181	-5.822141	0.053733779
63.232	0.029862597	-5.8213643	0.053841393
63.36	0.030146278	-5.8214183	0.053431182
63.488	0.030221766	-5.8215632	0.056844518
63.616	0.030280872	-5.8218131	0.057242956
63.744	0.030896848	-5.8222996	0.052608885
63.872	0.030236054	-5.8213911	0.056808447
64	0.030793347	-5.8216872	0.053070334
64.128	0.030266243	-5.8209357	0.054529766
64.256	0.030734726	-5.8207299	0.05247331
64.384	0.03086911	-5.8209161	0.050268132
64.512	0.030731045	-5.8207748	0.051708644
64.64	0.030562006	-5.8208022	0.054064304
64.768	0.031097348	-5.8209723	0.054440231
64.896	0.030840437	-5.8209188	0.055208177
65.024	0.030864472	-5.8209231	0.055291001
65.152	0.031017407	-5.8212535	0.057748246
65.28	0.030484825	-5.8209988	0.056731594
65.408	0.03045644	-5.8210305	0.056132987
65.536	0.030481349	-5.8215151	0.054987512
65.664	0.030803054	-5.8218657	0.055188069
65.792	0.030342194	-5.8212686	0.058643356
65.92	0.030367497	-5.8216758	0.056119371
66.048	0.030748378	-5.8223201	0.051300137
66.176	0.029742549	-5.8215749	0.050781638
66.304	0.03021283	-5.822094	0.051936655
66.432	0.029999481	-5.8224798	0.05318332
66.56	0.029555749	-5.8224201	0.05177699
66.688	0.02956576	-5.8226617	0.048651228
66.816	0.029787837	-5.8228957	0.047136504
66.944	0.029562278	-5.8226339	0.050381977
67.072	0.029218268	-5.8229263	0.052448334
67.2	0.02930707	-5.823023	0.047494605
67.328	0.030245641	-5.8236667	0.046296738
67.456	0.029063773	-5.8227937	0.051336889
67.584	0.029167308	-5.8229736	0.048676915
67.712	0.028634009	-5.8226566	0.046152632
67.84	0.029257656	-5.8234102	0.047929198
67.968	0.029594739	-5.8237937	0.05076835
68.096	0.029096239	-5.8232659	0.046949086
68.224	0.029402815	-5.8236833	0.048282442
68.352	0.029196681	-5.8233736	0.048552493
68.48	0.029535906	-5.8236942	0.046999313
68.608	0.029423198	-5.8233665	0.050704885
68.736	0.029740358	-5.8235995	0.048723291
68.864	0.029699263	-5.8236503	0.046472286
68.992	0.029287166	-5.8230762	0.048066202
69.12	0.029936018	-5.8235178	0.044922061
69.248	0.029498071	-5.8228593	0.048763756
69.376	0.030118435	-5.823176	0.048722603
69.504	0.03035527	-5.8233141	0.050212616
69.632	0.030115725	-5.8233484	0.047777136
69.76	0.029970987	-5.822825	0.048075048
69.888	0.030742611	-5.8232368	0.047310264
70.016	0.030327101	-5.8228507	0.047369411
70.144	0.030346263	-5.8226134	0.049297717
70.272	0.0307922	-5.8226031	0.049198059
70.4	0.030640916	-5.8227915	0.048507263
70.528	0.030445012	-5.8224701	0.0503529
70.656	0.030898636	-5.8229988	0.048173049
70.784	0.030849575	-5.8227933	0.048568392
70.912	0.030423203	-5.8225244	0.052703039
71.04	0.030967487	-5.8229287	0.047488973
71.168	0.03046618	-5.8224489	0.049923653
71.296	0.030738205	-5.8229348	0.049233757
71.424	0.030544973	-5.8228144	0.049620168
71.552	0.030625108	-5.8230919	0.048251883
71.68	0.030580657	-5.8230357	0.048554332
71.808	0.030305663	-5.823401	0.049965349
71.936	0.030315147	-5.8234065	0.049933453
72.064	0.030170282	-5.8236644	0.053149489
72.192	0.029604571	-5.8233764	0.050472079
72.32	0.030145192	-5.8239111	0.045100583
72.448	0.030069535	-5.8237766	0.04558955
72.576	0.030143838	-5.8240255	0.046698332
72.704	0.029928527	-5.8242675	0.045739919
72.832	0.029726493	-5.8242037	0.044866857
72.96	0.0299707	-5.8246085	0.04904904
73.088	0.029689495	-5.8244572	0.049680207
73.216	0.029429387	-5.8245234	0.048929121
73.344	0.029543509	-5.8245092	0.044470357
73.472	0.029590343	-5.8247343	0.042493766
73.6	0.029092848	-5.8239233	0.046354245
73.728	0.029326307	-5.8244	0.046989434
73.856	0.029099957	-5.8241019	0.047487735
73.984	0.030162011	-5.8256146	0.044825897
74.112	0.029016548	-5.8244119	0.048748046
74.24	0.028996129	-5.8245856	0.048997906
74.368	0.029746289	-5.8253038	0.048441041
74.496	0.029652035	-5.8251877	0.049631869
74.624	0.029501484	-5.8248266	0.045725715
74.752	0.029462786	-5.8249361	0.04409729
74.88	0.029227483	-5.824822	0.04686665
75.008	0.029666892	-5.8249395	0.048080883
75.136	0.029654477	-5.8249989	0.043441854
75.264	0.029524855	-5.8246719	0.044670838
75.392	0.029780781	-5.8247439	0.046610722
75.52	0.029760531	-5.824338	0.044472401
75.648	0.03025691	-5.8246741	0.042823011
75.776	0.029768043	-5.8241802	0.047091953
75.904	0.029911425	-5.8240521	0.047071305
76.032	0.030598904	-5.8251056	0.044289854
76.16	0.030593769	-5.8251483	0.046698999
76.288	0.030425072	-5.8248951	0.046963934
76.416	0.030187593	-5.8243236	0.048497561
76.544	0.030414286	-5.8244736	0.048419499
76.672	0.030553643	-5.8246525	0.045728413
76.8	0.030036096	-5.824022	0.047549632
76.928	0.03061769	-5.8244823	0.046301226
77.056	0.030216653	-5.8236758	0.047051242
77.184	0.03048345	-5.8240687	0.044560808
77.312	0.030736972	-5.8245005	0.043697144
77.44	0.030640422	-5.8242161	0.044242376
77.568	0.030096025	-5.8239625	0.045171047
77.696	0.030295122	-5.8240241	0.045493683
77.824	0.030628787	-5.8244445	0.047777124
77.952	0.030474446	-5.8246737	0.048266488
78.08	0.030840681	-5.8248156	0.046698215
78.208	0.029808246	-5.8240343	0.047695167
78.336	0.030287463	-5.8245201	0.043509269
78.464	0.030254379	-5.8245913	0.046869494
78.592	0.030379777	-5.8246994	0.045959831
78.72	0.029484668	-5.824135	0.048595567
78.848	0.030304189	-5.8250879	0.046093091
78.976	0.029989015	-5.8246346	0.045265477
79.104	0.030095665	-5.8252464	0.043574302
79.232	0.029930807	-5.8252488	0.045642319
79.36	0.029936558	-5.825397	0.044596549
79.488	0.029835751	-5.8249475	0.043220012
79.616	0.029852428	-5.8255016	0.042205167
79.744	0.029513289	-5.8251985	0.047088464
79.872	0.02978549	-5.8256911	0.04647735
80	0.029421572	-5.8254953	0.047210461
80.128	0.029617706	-5.8255281	0.046251911
80.256	0.029249355	-5.8250468	0.044939706
80.384	0.029258347	-5.8253743	0.039870664
80.512	0.029825082	-5.8262824	0.041387459
80.64	0.028918885	-5.8253505	0.043202274
80.768	0.029465073	-5.8258956	0.038449754
80.896	0.029424872	-5.8257635	0.043814251
81.024	0.029676494	-5.8261169	0.044477716
81.152	0.02912279	-5.8253145	0.045490092
81.28	0.029639072	-5.8257278	0.045516795
81.408	0.029494344	-5.8254609	0.047254744
81.536	0.029776171	-5.8256756	0.044059709
81.664	0.029513178	-5.8253584	0.043626315
81.792	0.02920874	-5.8250049	0.045454091
81.92	0.030255894	-5.825582	0.044012302
82.048	0.029981192	-5.8251734	0.044130318
82.176	0.029997602	-5.8251751	0.043171898
82.304	0.02998511	-5.825053	0.042929855
82.432	0.03009541	-5.824916	0.044305371
82.56	0.030521376	-5.8251369	0.044806804
82.688	0.030000538	-5.8247638	0.044785938
82.816	0.030296964	-5.8247167	0.046166686
82.944	0.029905884	-5.8242758	0.047237265
83.072	0.030338212	-5.8245565	0.041942002
83.2	0.029886413	-5.8239481	0.046521289
83.328	0.030502359	-5.8245198	0.045901406
83.456	0.030473578	-5.8245847	0.044686418
83.584	0.030449461	-5.8245858	0.045230087
83.712	0.03090537	-5.8248954	0.045456679
83.84	0.030674999	-5.8247152	0.046598706
83.968	0.030152887	-5.8239947	0.04643323
84.096	0.030419498	-5.8242979	0.043593325
84.224	0.029950789	-5.8239269	0.047706663
84.352	0.03092367	-5.825082	0.044349974
84.48	0.030538355	-5.8248722	0.042622184
84.608	0.030496235	-5.8250956	0.044354157
84.736	0.029827762	-5.8246057	0.048519577
84.864	0.030543076	-5.8254133	0.047338217
84.992	0.030939149	-5.8254052	0.04253518
85.12	0.029779492	-5.8246808	0.046768087
85.248	0.029891136	-5.8247739	0.048644284
85.376	0.030174817	-5.8251415	0.043318485
85.504	0.030055696	-5.8251335	0.043050381
85.632	0.030366855	-5.8253775	0.044366305
85.76	0.02954687	-5.8244364	0.041141179
85.888	0.02946803	-5.824534	0.040321729
86.016	0.030267324	-5.8259338	0.04238245
86.144	0.02959006	-5.8252808	0.045276957
86.272	0.030148795	-5.8260476	0.041869037
86.4	0.029624261	-5.8256591	0.042880133
86.528	0.030252436	-5.8265077	0.041544367
86.656	0.029803749	-5.8263316	0.038800208
86.784	0.029741637	-5.8262323	0.039534012
86.912	0.029599942	-5.8262898	0.043849311
87.04	0.029631077	-5.826333	0.040525481
87.168	0.029933624	-5.8264417	0.038590488
87.296	0.029686254	-5.8263012	0.03563061
87.424	0.029958842	-5.826637	0.034060298
87.552	0.029349838	-5.8259449	0.042916871
87.68	0.029438467	-5.8260941	0.042410863
87.808	0.029493404	-5.826263	0.039249534
87.936	0.030015063	-5.826715	0.039726745
88.064	0.029480432	-5.826146	0.041198558
88.192	0.029742392	-5.8264195	0.038023376
88.32	0.029698422	-5.8264061	0.039008586
88.448	0.02944995	-5.826127	0.039884133
88.576	0.030003482	-5.8266841	0.041622737
88.704	0.02968798	-5.826301	0.045128296
88.832	0.029633953	-5.8258905	0.03942099
88.96	0.029622179	-5.8258214	0.037204061
89.088	0.029973298	-5.8261904	0.041727868
89.216	0.029203389	-5.8256351	0.045675326
89.344	0.030416897	-5.8266535	0.039317559
89.472	0.029736379	-5.8259008	0.040726733
89.6	0.029872832	-5.8258039	0.040216321
89.728	0.029845034	-5.8255235	0.039273155
89.856	0.029509514	-5.825133	0.044447035
89.984	0.030543713	-5.8262828	0.039645731
90.112	0.030511316	-5.8263831	0.039123808
90.24	0.029741396	-5.8251968	0.042504031
90.368	0.030515441	-5.8259276	0.043585378
90.496	0.029938431	-5.8251666	0.046085679
90.624	0.030440769	-5.8260056	0.044083636
90.752	0.030459794	-5.8255842	0.042575249
90.88	0.030406022	-5.8255437	0.044744146
91.008	0.030641907	-5.8255367	0.044453959
91.136	0.030566577	-5.8256851	0.044330706
91.264	0.030256717	-5.8252875	0.044304727
91.392	0.030177358	-5.8252236	0.042414428
91.52	0.0310039	-5.8261566	0.041196119
91.648	0.030398324	-5.8257558	0.041909907
91.776	0.030175907	-5.8256863	0.039617179
91.904	0.030123731	-5.8257088	0.042619828
92.032	0.030537552	-5.8261154	0.040118651
92.16	0.030103968	-5.8257552	0.044209871
92.288	0.029809809	-5.8255317	0.042171786
92.416	0.029419644	-5.824985	0.041701644
92.544	0.0302332	-5.8259232	0.043921427
92.672	0.029723352	-5.8258739	0.044249059
92.8	0.030424928	-5.8266336	0.044734005
92.928	0.029751068	-5.8259703	0.044712822
93.056	0.02994821	-5.8257798	0.040583344
93.184	0.030168831	-5.8262195	0.037110972
93.312	0.029774304	-5.8260592	0.040433765
93.44	0.029864162	-5.8263146	0.043011745
93.568	0.029804506	-5.8262418	0.040125585
93.696	0.029838125	-5.8262644	0.039947211
93.824	0.029565866	-5.8260196	0.042608459
93.952	0.029334499	-5.8260424	0.042536385
94.08	0.029582944	-5.826016	0.043037321
94.208	0.029756096	-5.8261745	0.040775041
94.336	0.029884591	-5.8265726	0.042956144
94.464	0.029664009	-5.8266158	0.044191236
94.592	0.029351415	-5.8263053	0.040369094
94.72	0.029935759	-5.826853	0.039944448
94.848	0.029602407	-5.8261397	0.042867433
94.976	0.029601175	-5.8257894	0.042664025
95.104	0.029720338	-5.8259646	0.041938417
95.232	0.029426415	-5.8254779	0.042659984
95.36	0.029529461	-5.8257429	0.040312785
95.488	0.02997732	-5.8263001	0.040240678
95.616	0.030038017	-5.8263562	0.042584369
95.744	0.029423522	-5.8254892	0.043965333
95.872	0.030320164	-5.8259178	0.042450652
96	0.0307322	-5.8263696	0.040758973
96.128	0.030051742	-5.8257645	0.0411601
96.256	0.029973806	-5.8250859	0.044138925
96.384	0.030316383	-5.8255189	0.043194529
96.512	0.030000804	-5.8256638	0.041391112
96.64	0.030191022	-5.8254397	0.042237738
96.768	0.030075897	-5.8251554	0.046001232
96.896	0.03055186	-5.8254962	0.043671252
97.024	0.030411078	-5.8251596	0.045485853
97.152	0.030458757	-5.8250524	0.044570666
97.28	0.030303469	-5.8255166	0.042685261
97.408	0.030688811	-5.8261495	0.043292734
97.536	0.030683091	-5.8259834	0.041515743
97.664	0.030074102	-5.8253615	0.044262328
97.792	0.030667704	-5.8261206	0.043399465
97.92	0.030339185	-5.8258191	0.041225313
98.048	0.030412512	-5.8256521	0.040810593
98.176	0.03027135	-5.8258852	0.040216946
98.304	0.029926583	-5.8255588	0.041621158
98.432	0.030589024	-5.8260426	0.040084029
98.56	0.029759421	-5.8251814	0.0435703
98.688	0.029811646	-5.8253428	0.042308926
98.816	0.030039043	-5.8259925	0.040368968
98.944	0.029658832	-5.8256017	0.045217328
99.072	0.030474329	-5.8266424	0.044148025
99.2	0.029874037	-5.826048	0.044122521
99.328	0.029969133	-5.8264611	0.03834839
99.456	0.030765014	-5.8271054	0.034099737
99.584	0.029630887	-5.8259118	0.038214219
99.712	0.029740345	-5.8264548	0.036550416
99.84	0.029158009	-5.8259828	0.044524375
99.968	0.02995614	-5.8266741	0.041622834
100.096	0.0295829	-5.8263951	0.043732186
100.224	0.029768473	-5.8267438	0.041454965
100.352	0.029953241	-5.826712	0.040330635
100.48	0.029149093	-5.8258459	0.043474208
100.608	0.029493386	-5.8265234	0.040740112
100.736	0.030162762	-5.8274258	0.038135535
100.864	0.029406968	-5.8268696	0.041633291
100.992	0.029420863	-5.826647	0.04079418
101.12	0.029664118	-5.8266859	0.039115731
101.248	0.029255756	-5.8260644	0.040519483
101.376	0.030357035	-5.8271013	0.039547848
101.504	0.029708758	-5.826548	0.041735679
101.632	0.029681791	-5.8263273	0.037510661
101.76	0.029451121	-5.8258717	0.037864582
101.888	0.029920545	-5.8264281	0.036784058
102.016	0.02985968	-5.8262765	0.03795899
102.144	0.029876825	-5.8261249	0.037340056
102.272	0.030041685	-5.8263063	0.035651587
102.4	0.029743284	-5.8257529	0.041586233
102.528	0.029560788	-5.8255369	0.04250765
102.656	0.030463594	-5.8265417	0.040180912
102.784	0.029972998	-5.8260767	0.043367271
102.912	0.02997686	-5.8259335	0.040522812
103.04	0.030454773	-5.8262359	0.036486596
103.168	0.030309226	-5.8262363	0.037946506
103.296	0.030356208	-5.8259803	0.03641538
103.424	0.030271016	-5.8254382	0.038088666
103.552	0.030259583	-5.8256469	0.043583098
103.68	0.030934656	-5.8266204	0.041888996
103.808	0.029888729	-5.8255832	0.046221076
103.936	0.030563151	-5.8259223	0.045359188
104.064	0.030436645	-5.8258418	0.04378562
104.192	0.030518422	-5.8256963	0.042250591
104.32	0.030376044	-5.8256478	0.045110368
104.448	0.030216699	-5.8255095	0.041729815
104.576	0.030517341	-5.8259283	0.041161274
104.704	0.030366249	-5.8257203	0.044235106
104.832	0.030303813	-5.8256408	0.044612705
104.96	0.02972646	-5.8253285	0.040059343
105.088	0.030309606	-5.8260875	0.037502238
105.216	0.030501175	-5.8266151	0.037390716
105.344	0.029836165	-5.8260298	0.038057005
105.472	0.030368372	-5.8265327	0.040285798
105.6	0.029861095	-5.8261988	0.041411396
105.728	0.029847152	-5.8260991	0.039818811
105.856	0.030115317	-5.826484	0.039909713
105.984	0.029842173	-5.8263523	0.03837906
106.112	0.030364161	-5.827073	0.036665624
106.24	0.029515263	-5.8263907	0.042511323
106.368	0.030102087	-5.8268513	0.038319627
106.496	0.029444417	-5.8262819	0.040054253
106.624	0.029098246	-5.8261109	0.042288155
106.752	0.030142356	-5.8272366	0.04070703
106.88	0.029335335	-5.8265878	0.0449666
107.008	0.029721138	-5.8271214	0.039653185
107.136	0.029163485	-5.8264334	0.036218183
107.264	0.030002735	-5.8272835	0.040506973
107.392	0.029196307	-5.8260735	0.045260466
107.52	0.030022092	-5.8267439	0.035335576
107.648	0.029294584	-5.8260835	0.038137265
107.776	0.029501709	-5.8261659	0.039944069
107.904	0.02969352	-5.8264142	0.042086746
108.032	0.030122091	-5.8265876	0.038574399
108.16	0.02969144	-5.8263572	0.038491013
108.288	0.029243768	-5.8257851	0.039041232
108.416	0.030101683	-5.8266633	0.038220361
108.544	0.030188094	-5.8266314	0.039579223
108.672	0.02998165	-5.8262224	0.039175268
108.8	0.029440769	-5.8253758	0.039307342
108.928	0.02997767	-5.8260526	0.039268745
109.056	0.030315281	-5.8264366	0.038995145
109.184	0.030379069	-5.82631	0.039165538
109.312	0.030047429	-5.8259436	0.042781308
109.44	0.030156525	-5.8259234	0.040925754
109.568	0.030715012	-5.8265814	0.043529139
109.696	0.030674344	-5.8263146	0.044152974
109.824	0.03015711	-5.8257921	0.043485216
109.952	0.030355241	-5.8260086	0.043444415
110.08	0.030493789	-5.8256557	0.042404181
110.208	0.030499861	-5.8261075	0.042662367
110.336	0.030103522	-5.8252864	0.041971577
110.464	0.030488941	-5.8257563	0.034331656
110.592	0.030485384	-5.8259541	0.037365147
110.72	0.030604094	-5.8258058	0.040175285
110.848	0.030007211	-5.8255823	0.045017769
110.976	0.030276018	-5.8262796	0.042890846
111.104	0.030822505	-5.8263352	0.041416031
111.232	0.030103368	-5.8257922	0.045830144
111.36	0.030227242	-5.8258416	0.042598926
111.488	0.030078026	-5.8256902	0.040054816
111.616	0.02998577	-5.825688	0.040232717
111.744	0.029982435	-5.826266	0.038736021
111.872	0.029953808	-5.8263654	0.040290322
112	0.029624347	-5.8259607	0.039307559
112.128	0.030254007	-5.8266746	0.036403411
112.256	0.029443225	-5.8263476	0.043881701
112.384	0.030217679	-5.8274529	0.040110533
112.512	0.02952878	-5.8266566	0.042580274
112.64	0.030173201	-5.8270375	0.038971784
112.768	0.029811752	-5.826902	0.039748835
112.896	0.02934191	-5.826137	0.040485386
113.024	0.029739035	-5.8268365	0.037126861
113.152	0.029457532	-5.8268287	0.037731365
113.28	0.02958518	-5.8264719	0.03722667
113.408	0.029229424	-5.8263039	0.039119092
113.536	0.029560339	-5.8270996	0.041080966
113.664	0.030196969	-5.8277482	0.038322796
113.792	0.029842873	-5.8275692	0.040829116
113.92	0.029488592	-5.8268495	0.039200914
114.048	0.02942738	-5.8264773	0.038190435
114.176	0.02946754	-5.8264052	0.042540256
114.304	0.030173282	-5.8271037	0.036428917
114.432	0.02933486	-5.8257864	0.040095682
114.56	0.030057173	-5.8261944	0.042350312
114.688	0.030231079	-5.8264441	0.040265437
114.816	0.029715012	-5.8262624	0.042493183
114.944	0.030038091	-5.8263598	0.039013548
115.072	0.029783455	-5.826346	0.039106449
115.2	0.029693215	-5.8255899	0.043386041
115.328	0.030108123	-5.8258	0.040732635
115.456	0.030063339	-5.8259889	0.040740849
115.584	0.03001398	-5.8259591	0.041017411
115.712	0.03029861	-5.8261872	0.039821853
115.84	0.030210943	-5.8257825	0.040996738
115.968	0.03032212	-5.8258434	0.038381567
116.096	0.030697155	-5.8263179	0.037672175
116.224	0.030281035	-5.8256619	0.039725628
116.352	0.029917144	-5.8253238	0.041482923
116.48	0.030623739	-5.826103	0.040805567
116.608	0.030677933	-5.8261542	0.041119439
116.736	0.030556592	-5.8262506	0.042537884
116.864	0.030442333	-5.8258707	0.043208034
116.992	0.030764129	-5.8262366	0.040755683
117.12	0.03056514	-5.8257288	0.041490114
117.248	0.030230062	-5.8255934	0.042328151
117.376	0.030506687	-5.8258093	0.041016121
117.504	0.030197788	-5.8255965	0.042418838
117.632	0.030906116	-5.8263334	0.03922755
117.76	0.030301186	-5.8263207	0.040819119
117.888	0.029846885	-5.8258664	0.041129503
118.016	0.03000348	-5.8260482	0.041468036
118.144	0.030134202	-5.8263424	0.041283153
118.272	0.029894226	-5.8263716	0.039023439
118.4	0.029924223	-5.8261684	0.041017798
118.528	0.029601107	-5.8261374	0.044034508
118.656	0.029584594	-5.8260842	0.040975745
118.784	0.030303489	-5.8270945	0.038341355
118.912	0.029666646	-5.8261853	0.039213786
119.04	0.029351108	-5.8261343	0.040669082
119.168	0.029546701	-5.8264989	0.037036992
119.296	0.02920545	-5.8262266	0.04151898
119.424	0.029871464	-5.8269382	0.038544785
119.552	0.029425967	-5.8265467	0.038980937
119.68	0.029381722	-5.8265743	0.039989719
119.808	0.029539168	-5.8267917	0.038475043
119.936	0.0292167	-5.8263962	0.037433938
120.064	0.029761831	-5.8265637	0.034362561
120.192	0.029466157	-5.8262025	0.040281259
120.32	0.029858101	-5.8267385	0.038073973
120.448	0.029622042	-5.8267091	0.035655415
120.576	0.02975229	-5.8270101	0.037767306
120.704	0.029072622	-5.8262394	0.039781896
120.832	0.029642607	-5.8267604	0.039433983
120.96	0.029750292	-5.8266374	0.038651243
121.088	0.029284417	-5.8261061	0.041041894
121.216	0.030225005	-5.8266027	0.03766293
121.344	0.030060297	-5.826425	0.036337398
121.472	0.029979409	-5.826106	0.039607922
121.6	0.030144911	-5.8260921	0.041002584
121.728	0.030405615	-5.8262984	0.038748064
121.856	0.029732321	-5.825594	0.044032856
121.984	0.030170505	-5.8261003	0.04308262
122.112	0.030251485	-5.8259264	0.044549829
122.24	0.030089004	-5.8259294	0.047634135
122.368	0.030597551	-5.826132	0.043266425
122.496	0.030452105	-5.8256603	0.040634454
122.624	0.030119352	-5.8250383	0.041496627
122.752	0.0304299	-5.825688	0.041750394
122.88	0.030457581	-5.8255726	0.043075772
123.008	0.03086359	-5.8259594	0.044626516
123.136	0.030549907	-5.8256549	0.043037083
123.264	0.030402724	-5.825457	0.041994442
123.392	0.030555915	-5.82536	0.0413783
123.52	0.030643716	-5.825603	0.040476058
123.648	0.030446003	-5.8254583	0.043730293
123.776	0.030429865	-5.8258684	0.043762608
123.904	0.030151329	-5.8255237	0.043172508
124.032	0.030336095	-5.8258671	0.0412795
124.16	0.030169719	-5.8260578	0.041818074
124.288	0.030080999	-5.826133	0.039023163
124.416	0.030218644	-5.8263972	0.039291223
124.544	0.029846713	-5.8258568	0.039994411
124.672	0.030379967	-5.8265698	0.037882768
124.8	0.029204481	-5.8258998	0.040981357
124.928	0.029990097	-5.8264685	0.037345649
125.056	0.029682236	-5.8268009	0.039470418
125.184	0.030381269	-5.8275048	0.040996907
125.312	0.029992885	-5.8271679	0.037387687
125.44	0.028723596	-5.8261145	0.040857126
125.568	0.029680262	-5.8269146	0.039940426
125.696	0.029474087	-5.8270259	0.040095879
125.824	0.029318414	-5.8263835	0.04130355
125.952	0.029561668	-5.8268704	0.037353675
126.08	0.029452101	-5.8267337	0.03569348
126.208	0.02918334	-5.8266885	0.039792996
126.336	0.029305235	-5.8267441	0.042656167
126.464	0.02953796	-5.8268478	0.037696014
126.592	0.029758934	-5.8266187	0.037481853
126.72	0.029687807	-5.8265544	0.041770083
126.848	0.029507855	-5.8262299	0.040218993
126.976	0.029480443	-5.8262087	0.042638048
127.104	0.029849702	-5.826733	0.044621358
127.232	0.029327198	-5.825992	0.041644116
127.36	0.029812684	-5.8263645	0.040266787
127.488	0.029765704	-5.8266073	0.041491201
127.616	0.029873982	-5.8262117	0.039621097
127.744	0.030052944	-5.8261289	0.037812178
127.872	0.029855948	-5.8258466	0.037113641
128	0.030053271	-5.8258426	0.038290602
128.128	0.030390319	-5.8261457	0.039552342
128.256	0.029792961	-5.8251561	0.043420596
128.384	0.030598974	-5.8264673	0.038192364
128.512	0.030363084	-5.826302	0.043711024
128.64	0.030298816	-5.8257717	0.04500075
128.768	0.030204004	-5.8256054	0.03865106
128.896	0.030658648	-5.8261377	0.039784391
129.024	0.030813544	-5.8261248	0.044420967
129.152	0.030757549	-5.8259668	0.046174891
129.28	0.030684277	-5.82595	0.038287992
129.408	0.030236717	-5.8254638	0.038681449
129.536	0.03045252	-5.8255953	0.041423096
129.664	0.030792564	-5.825887	0.041618307
129.792	0.030349767	-5.8256496	0.038376558
129.92	0.030804841	-5.8264648	0.041049122
130.048	0.030472895	-5.8259103	0.046384421
130.176	0.030112075	-5.825527	0.042197677
130.304	0.030310022	-5.8259919	0.041791376
130.432	0.030285177	-5.8262694	0.043303745
130.56	0.030225816	-5.8262169	0.042231777
130.688	0.030028393	-5.8260587	0.039325077
130.816	0.029409609	-5.8252572	0.041881142
130.944	0.030046565	-5.825908	0.039100546
131.072	0.029832438	-5.8262796	0.041255798
131.2	0.029979422	-5.8267104	0.040303863
131.328	0.029660272	-5.8263741	0.040964333
131.456	0.029658678	-5.8264335	0.037254016
131.584	0.029394441	-5.826445	0.036216924
131.712	0.029913525	-5.8266289	0.039511645
131.84	0.030043873	-5.826934	0.041379651
131.968	0.029283799	-5.8261186	0.040724532
132.096	0.029172304	-5.8260999	0.038464633
132.224	0.029551324	-5.8265655	0.039377901
132.352	0.029653713	-5.8270034	0.039249815
132.48	0.029235899	-5.8265371	0.042593751
132.608	0.029558462	-5.8267169	0.041658601
132.736	0.029719835	-5.826847	0.039290738
132.864	0.029530989	-5.8266952	0.039956378
132.992	0.029912805	-5.827048	0.039473819
133.12	0.029130617	-5.8260892	0.03916381
133.248	0.029570506	-5.8267392	0.038848854
133.376	0.029700772	-5.826423	0.04049598
133.504	0.029290268	-5.8259703	0.040990148
133.632	0.030222427	-5.8271489	0.038439394
133.76	0.029627574	-5.8262059	0.040461689
133.888	0.029855858	-5.8264058	0.038899676
134.016	0.030220186	-5.8264769	0.035682427
134.144	0.030556438	-5.8267715	0.037298015
134.272	0.029363241	-5.8253968	0.044065122
134.4	0.030378444	-5.8266986	0.037165897
134.528	0.029646507	-5.8253339	0.040841678
134.656	0.030547878	-5.8260249	0.040744345
134.784	0.03075733	-5.8261182	0.044619869
134.912	0.030456631	-5.8256588	0.043950193
135.04	0.030435859	-5.8255771	0.041502612
135.168	0.030282006	-5.8253492	0.045090707
135.296	0.030792646	-5.8257935	0.041105137
135.424	0.030435425	-5.8254814	0.039267234
135.552	0.030570317	-5.8257683	0.04209773
135.68	0.030562521	-5.8258631	0.043040088
135.808	0.030570787	-5.8257455	0.043676594
135.936	0.030280722	-5.8256092	0.044754641
136.064	0.030638103	-5.8255947	0.040019021
136.192	0.030009546	-5.8251173	0.042768703
136.32	0.030715478	-5.8258571	0.039288095
136.448	0.03044255	-5.8258382	0.041365737
136.576	0.029926123	-5.8254667	0.043617761
136.704	0.030194703	-5.8256588	0.042701388
136.832	0.030294378	-5.8258953	0.040737306
136.96	0.030205235	-5.8261059	0.038099422
137.088	0.029541967	-5.8258833	0.041822076
137.216	0.030319863	-5.8267051	0.043769863
137.344	0.029631378	-5.8262641	0.040030966
137.472	0.029924758	-5.8265893	0.036842832
137.6	0.029879465	-5.8262021	0.041685672
137.728	0.029046495	-5.8258122	0.04122072
137.856	0.030026045	-5.8268994	0.040092895
137.984	0.029722346	-5.8267606	0.041026226
138.112	0.029609293	-5.8269582	0.038926075
138.24	0.029427718	-5.8265491	0.036901422
138.368	0.029439667	-5.826769	0.035830433
138.496	0.02932258	-5.826532	0.037653
138.624	0.029797813	-5.8266507	0.037687616
138.752	0.029254715	-5.8264898	0.038615692
138.88	0.029649374	-5.8272487	0.042753321
139.008	0.028922743	-5.8267665	0.045723706
139.136	0.029615162	-5.8271436	0.037255546
139.264	0.029179743	-5.8266497	0.035654717
139.392	0.029309115	-5.8267073	0.037096232
139.52	0.029624656	-5.8267156	0.037613779
139.648	0.029773754	-5.8265294	0.037507094
139.776	0.030021592	-5.8268714	0.039358607
139.904	0.03023979	-5.8267941	0.040343304
140.032	0.029979328	-5.826609	0.039826823
140.16	0.02969569	-5.8263514	0.042172995
140.288	0.030104984	-5.8264177	0.044432863
140.416	0.029644947	-5.8257884	0.043809128
140.544	0.030409298	-5.8263078	0.038501732
140.672	0.030644497	-5.8265832	0.041655279
140.8	0.030131572	-5.8258388	0.042729509
140.928	0.030550016	-5.8257871	0.041851831
141.056	0.030381575	-5.8256128	0.0443712
141.184	0.03039138	-5.8260027	0.043333094
141.312	0.030261398	-5.8254596	0.044936718
141.44	0.030172142	-5.8252287	0.043109911
141.568	0.030404637	-5.8252425	0.043996344
141.696	0.030774287	-5.8256106	0.043717949
141.824	0.030511241	-5.8255703	0.038740715
141.952	0.030377294	-5.8253188	0.040176678
142.08	0.03009781	-5.8255893	0.042869243
142.208	0.030719475	-5.8258181	0.040942809
142.336	0.03054502	-5.8259254	0.042390153
142.464	0.030631796	-5.825843	0.040351453
142.592	0.030637066	-5.8262013	0.040617799
142.72	0.030080587	-5.8258422	0.041803678
142.848	0.030140939	-5.8255885	0.040739619
142.976	0.030575283	-5.8264548	0.040198801
143.104	0.030065163	-5.8258601	0.040458909
143.232	0.029962313	-5.8255548	0.039557166
143.36	0.03019559	-5.8260859	0.041466741
143.488	0.030021293	-5.8258673	0.040860875
143.616	0.02984673	-5.8258836	0.041208615
143.744	0.030309953	-5.8269208	0.039145111
143.872	0.029597726	-5.8263602	0.039022299
144	0.02952115	-5.8263755	0.040968406
144.128	0.029259464	-5.826182	0.039880657
144.256	0.029875892	-5.8268406	0.035920201
144.384	0.029563564	-5.8265305	0.035484796
144.512	0.029577904	-5.8263677	0.040223863
144.64	0.029306782	-5.8263311	0.040036645
144.768	0.029562866	-5.8267607	0.037030473
144.896	0.029134078	-5.826347	0.039353045
145.024	0.029554933	-5.8267229	0.035772095
145.152	0.029337121	-5.8266009	0.039806454
145.28	0.029715791	-5.8270683	0.040672143
145.408	0.029433713	-5.8268671	0.041757812
145.536	0.029187444	-5.8265264	0.042201999
145.664	0.029906015	-5.8272601	0.038769748
145.792	0.029668706	-5.827251	0.039268967
145.92	0.029792452	-5.8270116	0.036936784
146.048	0.029626594	-5.8265701	0.042001986
146.176	0.029346905	-5.8262276	0.04294341
146.304	0.030263884	-5.8267969	0.038386697
146.432	0.029467491	-5.8259954	0.041516125
146.56	0.030200228	-5.8263937	0.03851983
146.688	0.030320721	-5.8263831	0.04057041
146.816	0.030253073	-5.8263029	0.044203867
146.944	0.029845632	-5.8257398	0.04191421
147.072	0.030165798	-5.8259439	0.044005637
147.2	0.030372843	-5.8259706	0.045144665
147.328	0.030748272	-5.8266065	0.044144532
147.456	0.030329903	-5.8258592	0.045145907
147.584	0.030187767	-5.825445	0.043285506
147.712	0.030351841	-5.8252709	0.042289448
147.84	0.030295403	-5.8252661	0.042376554
147.968	0.030145551	-5.8253481	0.04390376
148.096	0.030759657	-5.8259913	0.040788184
148.224	0.029901968	-5.8252347	0.043224816
148.352	0.031044077	-5.8263678	0.038987457
148.48	0.030645973	-5.8262809	0.039440188
148.608	0.029931564	-5.8254037	0.043618062
148.736	0.029908929	-5.8252378	0.043443548
148.864	0.030287497	-5.8257143	0.042173966
148.992	0.030412841	-5.8260378	0.040996418
149.12	0.030264278	-5.8259147	0.039007935
149.248	0.030566068	-5.8263007	0.042159661
149.376	0.030101332	-5.8258192	0.042812468
149.504	0.0303715	-5.8261547	0.038917571
149.632	0.029876154	-5.82607	0.040833845
149.76	0.030223181	-5.8266017	0.041661957
149.888	0.02953049	-5.8259744	0.042916255
150.016	0.029885007	-5.8263811	0.039834037
150.144	0.029931998	-5.8265088	0.038835589
150.272	0.029602903	-5.8262322	0.03694136
150.4	0.029660255	-5.8263286	0.039553117
150.528	0.029758218	-5.8262328	0.040185093
150.656	0.029558842	-5.8264745	0.039958166
150.784	0.029604337	-5.8263942	0.039529764
150.912	0.029907813	-5.8269129	0.035017151
151.04	0.029003949	-5.8262834	0.038104693
151.168	0.029095064	-5.8265224	0.04151221
151.296	0.029447277	-5.8268412	0.039059032
151.424	0.029658046	-5.8271249	0.036881163
151.552	0.029731066	-5.8268934	0.038039723
151.68	0.029489594	-5.8265807	0.03692999
151.808	0.029416742	-5.8265104	0.038458018
151.936	0.029806955	-5.8269252	0.03905468
152.064	0.029497289	-5.8265516	0.038653034
152.192	0.029663055	-5.8264212	0.039085699
152.32	0.02950703	-5.8261811	0.041130464
152.448	0.029996765	-5.8268537	0.039883371
152.576	0.029401664	-5.8259106	0.041037935
152.704	0.030094187	-5.82633	0.04097615
152.832	0.030354555	-5.8263785	0.038663782
152.96	0.029378723	-5.8255559	0.038223418
153.088	0.02998711	-5.8261776	0.038682755
153.216	0.030427957	-5.8263932	0.039158727
153.344	0.030201027	-5.8263663	0.040967261
153.472	0.030752109	-5.8263475	0.0410694
153.6	0.030660868	-5.8260405	0.042287606
153.728	0.030231745	-5.8254118	0.045242115
153.856	0.030113404	-5.8255196	0.043355961
153.984	0.030674372	-5.8259656	0.04221423
154.112	0.030167007	-5.8254328	0.042824972
154.24	0.030578466	-5.8255386	0.041075196
154.368	0.030370292	-5.8256018	0.042216436
154.496	0.030144283	-5.8255505	0.043247401
154.624	0.030519752	-5.8256332	0.040823692
154.752	0.030535493	-5.8258855	0.040230509
154.88	0.03059468	-5.8262148	0.041804467
155.008	0.03039431	-5.826166	0.044549247
155.136	0.030157302	-5.8258878	0.043183592
155.264	0.030090487	-5.8256842	0.039585324
155.392	0.030955189	-5.8264157	0.038027231
155.52	0.030248501	-5.8259424	0.040685913
155.648	0.029571915	-5.8251897	0.044804048
155.776	0.029903721	-5.8259028	0.039476462
155.904	0.030192718	-5.8262481	0.035314588
156.032	0.029970678	-5.8261121	0.039194196
156.16	0.030283783	-5.8265145	0.037462498
156.288	0.029512447	-5.8262041	0.039272628
156.416	0.029898278	-5.8266139	0.040906194
156.544	0.029848937	-5.8265407	0.043215862
156.672	0.029252866	-5.8258822	0.041627791
156.8	0.029873007	-5.826785	0.04385297
156.928	0.029513904	-5.8263045	0.043516096
157.056	0.029775407	-5.8266932	0.034225029
157.184	0.029548139	-5.8264504	0.038170379
157.312	0.029682243	-5.8268256	0.035694707
157.44	0.029505362	-5.8267848	0.035122968
157.568	0.029155892	-5.8269816	0.04183406
157.696	0.0296952	-5.8270775	0.039709361
157.824	0.029711863	-5.8268393	0.03945183
157.952	0.029706247	-5.8267668	0.04290825
158.08	0.029566106	-5.8267272	0.038273479
158.208	0.029549846	-5.8267823	0.040843177
158.336	0.029413318	-5.8265638	0.041687388
158.464	0.029395659	-5.8262318	0.041715534
158.592	0.029680015	-5.8264545	0.039353039
158.72	0.029725244	-5.8266749	0.037810787
158.848	0.030248881	-5.8271338	0.038519201
158.976	0.029703947	-5.826381	0.040686041
159.104	0.02983062	-5.8264145	0.041097357
159.232	0.030291344	-5.8266428	0.041086561
159.36	0.029976621	-5.8261948	0.038872787
159.488	0.030327169	-5.826533	0.038268055
159.616	0.029882534	-5.8260542	0.04167602
159.744	0.030517535	-5.8266414	0.041115505
159.872	0.03028229	-5.8258379	0.041269724
160	0.030257689	-5.8257385	0.039072116
160.128	0.029735578	-5.8253379	0.043707835
160.256	0.030460462	-5.8259849	0.042876136
160.384	0.030291745	-5.8256579	0.041694056
160.512	0.030653269	-5.825806	0.041297627
160.64	0.030111469	-5.825279	0.043139605
160.768	0.030589159	-5.8259751	0.040964085
160.896	0.030692595	-5.8260223	0.043433101
161.024	0.030171128	-5.825662	0.046563369
161.152	0.030535589	-5.8256818	0.044701703
161.28	0.030271337	-5.8255364	0.043258861
161.408	0.030175669	-5.8259197	0.042117962
161.536	0.03062524	-5.8261612	0.0416637
161.664	0.030419343	-5.8260942	0.041652021
161.792	0.030180694	-5.8261226	0.040747979
161.92	0.030200495	-5.8262449	0.042804614
162.048	0.030446048	-5.8263743	0.039079816
162.176	0.029642893	-5.8256171	0.04005604
162.304	0.029872009	-5.8258213	0.040007067
162.432	0.0304685	-5.8265403	0.037301041
162.56	0.029611479	-5.8255956	0.038885802
162.688	0.030389081	-5.8266622	0.037680727
162.816	0.029554034	-5.8262074	0.04187819
162.944	0.03010333	-5.8268993	0.03902904
163.072	0.029910025	-5.8269228	0.040092986
163.2	0.029421286	-5.8262109	0.044086406
163.328	0.029403882	-5.8263037	0.0449957
163.456	0.029991787	-5.8271799	0.04031779
163.584	0.029736917	-5.8268001	0.039120354
163.712	0.029581217	-5.8269006	0.038887259
163.84	0.029896973	-5.8271381	0.037143754
163.968	0.028794001	-5.8260101	0.04047941
164.096	0.029418237	-5.8266426	0.039763458
164.224	0.029591918	-5.8267476	0.038688002
164.352	0.029702428	-5.8269046	0.039123789
164.48	0.029830218	-5.8267553	0.039800159
164.608	0.029668711	-5.8262181	0.036615141
164.736	0.029273212	-5.8257352	0.039876665
164.864	0.02981045	-5.8268335	0.042002503
164.992	0.029786373	-5.8264057	0.038009067
165.12	0.030165661	-5.826684	0.038525652
165.248	0.029801297	-5.8261912	0.042459078
165.376	0.029702378	-5.826185	0.041027999
165.504	0.029403757	-5.825598	0.042849006
165.632	0.029728771	-5.825972	0.041588506
165.76	0.030068696	-5.826515	0.040398685
165.888	0.030330907	-5.8269483	0.038695414
166.016	0.029923658	-5.826062	0.038626291
166.144	0.030807468	-5.8267242	0.036687446
166.272	0.03031077	-5.8262349	0.039944277
166.4	0.0304174	-5.8262376	0.040167472
166.528	0.030495275	-5.8261504	0.042041735
166.656	0.030292081	-5.82599	0.041960161
166.784	0.030114282	-5.8254362	0.041182331
166.912	0.030041011	-5.8253702	0.040271742
167.04	0.030364402	-5.8257609	0.041610111
167.168	0.030614866	-5.8260918	0.042423911
167.296	0.029774613	-5.8255065	0.044374312
167.424	0.030780166	-5.8261515	0.042266188
167.552	0.030893508	-5.8259635	0.038152677
167.68	0.030189236	-5.8253718	0.038973925
167.808	0.030469276	-5.8260583	0.043017181
167.936	0.030329323	-5.8257924	0.041433805
168.064	0.03001703	-5.8254873	0.04296498
168.192	0.030383017	-5.826197	0.043588733
168.32	0.03031303	-5.826191	0.044654481
168.448	0.03016344	-5.8261789	0.042428437
168.576	0.029998543	-5.82605	0.03845874
168.704	0.029663242	-5.8259091	0.039654422
168.832	0.030183071	-5.8263843	0.037587096
168.96	0.029487816	-5.8260171	0.041174349
169.088	0.030183738	-5.8267284	0.042020139
169.216	0.02969803	-5.8262296	0.04382927
169.344	0.02991246	-5.8267093	0.040131817
169.472	0.029656841	-5.8266728	0.039886623
169.6	0.029619262	-5.826641	0.040957911
169.728	0.029207403	-5.8263205	0.0395376
169.856	0.03012955	-5.8271437	0.037727093
169.984	0.029340899	-5.8265469	0.038406543
170.112	0.029632927	-5.8270958	0.036761007
170.24	0.029767738	-5.8270515	0.038499877
170.368	0.029800941	-5.8270724	0.03875186
170.496	0.029644288	-5.8268973	0.039690721
170.624	0.02940031	-5.8262349	0.040640607
170.752	0.029259008	-5.8259726	0.039024183
170.88	0.029689876	-5.8263912	0.035956481
171.008	0.02945794	-5.8263211	0.038681098
171.136	0.029929466	-5.8268458	0.037608064
171.264	0.029996074	-5.8267416	0.042417141
171.392	0.029576418	-5.8261739	0.042633405
171.52	0.030234176	-5.8266416	0.034872634
171.648	0.029139368	-5.8256105	0.039906653
171.776	0.03021045	-5.8267542	0.039448639
171.904	0.029823084	-5.825868	0.040393819
172.032	0.030403297	-5.8264217	0.039900257
172.16	0.030147079	-5.8262471	0.037658777
172.288	0.029539766	-5.8258853	0.039289
172.416	0.030143731	-5.8263974	0.038210031
172.544	0.030088777	-5.8260086	0.04396145
172.672	0.030488908	-5.8264353	0.042615977
172.8	0.03056528	-5.8260887	0.039808288
172.928	0.030732022	-5.8263137	0.041579446
173.056	0.0304201	-5.8258043	0.04385143
173.184	0.030501214	-5.8261886	0.040605464
173.312	0.030026483	-5.8255341	0.044838794
173.44	0.030602913	-5.8261923	0.044866656
173.568	0.030345013	-5.825724	0.044226706
173.696	0.030267434	-5.8253549	0.042704924
173.824	0.030757225	-5.8263665	0.040326167
173.952	0.030537959	-5.826011	0.042226488
174.08	0.030075653	-5.8257395	0.043235903
174.208	0.030456942	-5.825806	0.039860675
174.336	0.030321856	-5.8258027	0.040950171
174.464	0.030476404	-5.825753	0.03968425
174.592	0.03028367	-5.8259922	0.040282663
174.72	0.029984603	-5.8256471	0.044787289
174.848	0.029855744	-5.8258171	0.043401581
174.976	0.030514192	-5.8267766	0.036264836
175.104	0.02986705	-5.8264268	0.040157493
175.232	0.030211392	-5.8267558	0.037952306
175.36	0.029915619	-5.826088	0.036661526
175.488	0.029765157	-5.8262711	0.038546203
175.616	0.029610197	-5.8259613	0.039443688
175.744	0.029591559	-5.8260867	0.041338272
175.872	0.029475036	-5.8262194	0.038249152
176	0.029587232	-5.8265518	0.039192474
176.128	0.029495375	-5.826731	0.04146383
176.256	0.030045479	-5.8274203	0.03577189
176.384	0.029196751	-5.826331	0.037787625
176.512	0.029891827	-5.827136	0.039156478
176.64	0.029527884	-5.8270539	0.039162979
176.768	0.02964849	-5.8271248	0.03854825
176.896	0.029316073	-5.8266653	0.039946566
177.024	0.02951026	-5.8267168	0.037255733
177.152	0.029129743	-5.8264266	0.04059583
177.28	0.030221511	-5.8273157	0.037246426
177.408	0.029703614	-5.8267425	0.038506549
177.536	0.02954397	-5.8261995	0.041184926
177.664	0.02941829	-5.8261916	0.039736372
177.792	0.029707913	-5.8263159	0.038609969
177.92	0.029906048	-5.8260417	0.041097972
178.048	0.030005785	-5.8266024	0.041202964
178.176	0.029897214	-5.826087	0.037882273
178.304	0.029539479	-5.8256416	0.044666587
178.432	0.030133001	-5.8261913	0.043867857
178.56	0.030544567	-5.8265132	0.040614126
178.688	0.030247621	-5.82621	0.041835583
178.816	0.030069512	-5.8259783	0.040524579
178.944	0.030506576	-5.8261774	0.040040632
179.072	0.030224308	-5.8260289	0.041295081
179.2	0.030454222	-5.8261232	0.043576544
179.328	0.030766271	-5.8260621	0.042048262
179.456	0.030160573	-5.8252606	0.038717805
179.584	0.030073766	-5.8251446	0.041105479
179.712	0.030542774	-5.8258597	0.040816869
179.84	0.0301892	-5.8255034	0.035782056
179.968	0.030930256	-5.8261202	0.038603261
180.096	0.030424694	-5.8259939	0.043797951
180.224	0.030080063	-5.8256811	0.043932209
180.352	0.030381701	-5.8260311	0.041838764
180.48	0.030696402	-5.8261405	0.041187132
180.608	0.029986888	-5.8254409	0.04410687
180.736	0.030359853	-5.825824	0.042872999
180.864	0.030232853	-5.8261014	0.040259795
180.992	0.030414438	-5.8259554	0.040290145
181.12	0.029878283	-5.8256291	0.041622123
181.248	0.030061687	-5.8260359	0.040199999
181.376	0.029590856	-5.8257977	0.044052772
181.504	0.029938258	-5.8265016	0.042120742
181.632	0.02994286	-5.8264183	0.0377965
181.76	0.029968206	-5.8266329	0.037864235
181.888	0.029817409	-5.8264926	0.037922661
182.016	0.029635026	-5.82638	0.037738571
182.144	0.029558202	-5.8262952	0.038843203
182.272	0.029390538	-5.8263198	0.042544952
182.4	0.029320843	-5.8266657	0.036942465
182.528	0.029608095	-5.82724	0.039071161
182.656	0.02931027	-5.8267271	0.042240651
182.784	0.029980542	-5.8268845	0.038994338
182.912	0.029348925	-5.8264816	0.037523189
183.04	0.029649486	-5.8267519	0.033734748
183.168	0.029499319	-5.8265549	0.03731552
183.296	0.029431101	-5.8268466	0.037029602
183.424	0.029573315	-5.8268219	0.035263003
183.552	0.029737124	-5.8270228	0.036809784
183.68	0.029889218	-5.8271824	0.040373217
183.808	0.029182794	-5.8261667	0.042457732
183.936	0.030070584	-5.8269689	0.039579795
184.064	0.029014597	-5.8254185	0.042476711
184.192	0.030467974	-5.8269978	0.037711159
184.32	0.029551182	-5.8260405	0.041328952
184.448	0.030068297	-5.8268866	0.040918107
184.576	0.030378811	-5.8267692	0.039611604
184.704	0.030330798	-5.826277	0.041678049
184.832	0.030557697	-5.8262176	0.039237109
184.96	0.030178208	-5.8256641	0.038397586
185.088	0.030002055	-5.8255369	0.042448912
185.216	0.030187621	-5.8257705	0.043906286
185.344	0.030228191	-5.8257945	0.045663924
185.472	0.031067099	-5.8264798	0.039804862
185.6	0.029945592	-5.8254573	0.043485689
185.728	0.030078325	-5.8256547	0.042792576
185.856	0.030903394	-5.8259994	0.037984207
185.984	0.030124296	-5.8252398	0.044079511
186.112	0.030599927	-5.8256844	0.043536861
186.24	0.030276724	-5.8255163	0.041946706
186.368	0.030877335	-5.8260886	0.039903243
186.496	0.030390569	-5.8254747	0.041770291
186.624	0.030896344	-5.8260251	0.040793862
186.752	0.030247038	-5.8256783	0.040943055
186.88	0.030816394	-5.8262788	0.037815741
187.008	0.029948382	-5.8254416	0.041535737
187.136	0.030132656	-5.82574	0.043216538
187.264	0.030394696	-5.8261938	0.043239234
187.392	0.030689912	-5.8264807	0.042720186
187.52	0.029577879	-5.8256759	0.045685612
187.648	0.029696425	-5.8260252	0.042731317
187.776	0.030483964	-5.8266973	0.040125204
187.904	0.029759139	-5.8265856	0.039733351
188.032	0.029905015	-5.8266622	0.038609323
188.16	0.029530964	-5.8262856	0.037581037
188.288	0.029480556	-5.8263686	0.037157534
188.416	0.029945495	-5.8271331	0.036756908
188.544	0.029761472	-5.8268639	0.039923134
188.672	0.029322226	-5.8263621	0.041060633
188.8	0.02947514	-5.8264618	0.037710066
188.928	0.029371264	-5.8267474	0.039337173
189.056	0.029435018	-5.8269019	0.042677632
189.184	0.029741907	-5.8272213	0.039535658
189.312	0.029494862	-5.8268832	0.038531286
189.44	0.029250395	-5.8267521	0.039690227
189.568	0.02970957	-5.8269171	0.038269413
189.696	0.029555594	-5.827065	0.036994862
189.824	0.029226277	-5.8263065	0.039649643
189.952	0.029651942	-5.8265031	0.037768054
190.08	0.029239915	-5.8259079	0.042791269
190.208	0.029837438	-5.8266197	0.037295156
190.336	0.02940821	-5.8258704	0.038191854
190.464	0.030151976	-5.8265179	0.039307825
190.592	0.03000952	-5.8264373	0.041681935
190.72	0.030311993	-5.826383	0.039124639
190.848	0.029743797	-5.8258315	0.037947501
190.976	0.030359908	-5.8264828	0.036236074
191.104	0.030082341	-5.8258687	0.035994472
191.232	0.030108098	-5.8258721	0.040121162
191.36	0.030208559	-5.8258944	0.040881595
191.488	0.030365023	-5.8257171	0.039729444
191.616	0.030232385	-5.8258424	0.044758983
191.744	0.030430746	-5.8258212	0.042128796
191.872	0.030394608	-5.8259968	0.040566819
192	0.030646796	-5.8259061	0.046144903
192.128	0.030474596	-5.8255632	0.046418125
192.256	0.030311114	-5.8253702	0.037772841
192.384	0.030646383	-5.8256266	0.041238055
192.512	0.03055041	-5.8256833	0.047243755
192.64	0.030679653	-5.8258513	0.045294851
192.768	0.030794455	-5.8259388	0.044365266
192.896	0.030568776	-5.8258299	0.043778293
193.024	0.030853783	-5.826217	0.042827138
193.152	0.029978379	-5.8255752	0.043650983
193.28	0.030091024	-5.8258268	0.040942172
193.408	0.03038311	-5.8260174	0.04176444
193.536	0.029896031	-5.8256674	0.040446973
193.664	0.030482171	-5.8262912	0.038293764
193.792	0.029800964	-5.8256834	0.040784828
193.92	0.029749681	-5.8261278	0.040452135
194.048	0.030066236	-5.8264468	0.040579664
194.176	0.029997273	-5.8263812	0.040219908
194.304	0.029355066	-5.8259319	0.042552731
194.432	0.029416014	-5.8265265	0.038232343
194.56	0.030031047	-5.8270891	0.037389887
194.688	0.029771158	-5.8271526	0.037631357
194.816	0.029281045	-5.8266113	0.038967614
194.944	0.029505993	-5.8267888	0.03675705
195.072	0.029444975	-5.8266604	0.036976042
195.2	0.029498637	-5.8268156	0.037174997
195.328	0.029361638	-5.8269028	0.037256767
195.456	0.029622111	-5.8269813	0.034426451
195.584	0.029565715	-5.8269391	0.03872491
195.712	0.029670729	-5.8267526	0.040427231
195.84	0.028988398	-5.8261386	0.043526524
195.968	0.029665266	-5.8266958	0.038596423
196.096	0.030059512	-5.8270692	0.034386771
196.224	0.029527749	-5.8263593	0.037196218
196.352	0.029735256	-5.8262518	0.038520074
196.48	0.029442534	-5.8257752	0.040551275
196.608	0.030373218	-5.8267689	0.035642988
196.736	0.029561665	-5.8259619	0.039435124
196.864	0.030134937	-5.826285	0.037642831
196.992	0.029802502	-5.8261406	0.038011727
197.12	0.029811361	-5.8260996	0.039155176
197.248	0.030332634	-5.8265743	0.041429297
197.376	0.030126747	-5.8262212	0.045008913
197.504	0.029941201	-5.8259506	0.040019035
197.632	0.030790926	-5.8264641	0.038639379
197.76	0.030013959	-5.8255961	0.040480299
197.888	0.030176676	-5.8255841	0.037488524
198.016	0.03064738	-5.8260386	0.040532937
198.144	0.030461171	-5.8258453	0.044481916
198.272	0.030599752	-5.8258923	0.04283944
198.4	0.030390191	-5.8256857	0.043755068
198.528	0.030530872	-5.8258607	0.042115931
198.656	0.03026006	-5.8254443	0.04648626
198.784	0.030386773	-5.8255689	0.04047165
198.912	0.030462113	-5.8259739	0.042510429
199.04	0.030475163	-5.8257844	0.045416454
199.168	0.030466927	-5.8256778	0.041204322
199.296	0.030324494	-5.8253657	0.041121145
199.424	0.030461262	-5.826002	0.042541078
199.552	0.030110811	-5.8259356	0.047841331
199.68	0.030258914	-5.8261467	0.04336544
199.808	0.030176243	-5.8262055	0.041911005
199.936	0.029845358	-5.8261184	0.042165865
200.064	0.030818156	-5.8269861	0.036704315
200.192	0.029643904	-5.8260516	0.041844745
200.32	0.029816126	-5.8263012	0.041911238
200.448	0.029735825	-5.826371	0.039305945
200.576	0.02970378	-5.8266357	0.03966813
200.704	0.029860619	-5.8267135	0.039814012
200.832	0.029640407	-5.8267544	0.037480211
200.96	0.029942684	-5.8270131	0.0356064
201.088	0.029555402	-5.8265969	0.036215564
201.216	0.029038529	-5.8263889	0.037882945
201.344	0.029892162	-5.8271104	0.036650104
201.472	0.029065281	-5.8262895	0.035336382
201.6	0.029680072	-5.8271055	0.037683589
201.728	0.029745545	-5.8273782	0.039216411
201.856	0.029666189	-5.8271027	0.038763207
201.984	0.029388704	-5.8265807	0.037695823
202.112	0.029466112	-5.8266172	0.038227056
202.24	0.029550394	-5.8267292	0.041421433
202.368	0.029482148	-5.8266651	0.040562801
202.496	0.029283471	-5.8263679	0.038537245
202.624	0.029913303	-5.8267233	0.034171077
202.752	0.029632326	-5.8264088	0.035295868
202.88	0.029538926	-5.8259772	0.041151909
203.008	0.029826524	-5.8261448	0.040056002
203.136	0.030059518	-5.8265278	0.03804694
203.264	0.030277241	-5.8266907	0.038662723
203.392	0.029700741	-5.8257217	0.042367204
203.52	0.029849663	-5.8257137	0.039691812
203.648	0.03029642	-5.8260975	0.040781312
203.776	0.030724594	-5.8264391	0.039994505
203.904	0.030077371	-5.8254803	0.044054536
204.032	0.03095867	-5.8264082	0.044174889
204.16	0.03031315	-5.8256304	0.044091814
204.288	0.02987782	-5.8248709	0.044443755
204.416	0.030697178	-5.825739	0.039722184
204.544	0.030556011	-5.8256563	0.040564529
204.672	0.030774775	-5.8255692	0.039388693
204.8	0.030361879	-5.8253311	0.042584682
204.928	0.030690531	-5.8258363	0.04197702
205.056	0.030234406	-5.825703	0.041103658
205.184	0.030430638	-5.8256138	0.043265625
205.312	0.030372817	-5.8257182	0.043348211
205.44	0.030155537	-5.8256357	0.042909246
205.568	0.030445095	-5.825964	0.042213095
205.696	0.02999048	-5.8255886	0.038802701
205.824	0.030713357	-5.8265826	0.036916918
205.952	0.030346694	-5.8262313	0.038350828
206.08	0.030274327	-5.8263774	0.038847269
206.208	0.029813222	-5.8259408	0.043220054
206.336	0.030290153	-5.8265961	0.040946921
206.464	0.029748947	-5.8262778	0.041419948
206.592	0.029592981	-5.8259861	0.042525187
206.72	0.029689594	-5.8260331	0.042469157
206.848	0.029845028	-5.8266574	0.040366464
206.976	0.029547556	-5.8262273	0.040613418
207.104	0.02945044	-5.8260651	0.040816639
207.232	0.029861796	-5.8269546	0.037246697
207.36	0.029633352	-5.8269314	0.041886985
207.488	0.029109775	-5.8265499	0.042500154
207.616	0.029599677	-5.8268986	0.041342526
207.744	0.029610877	-5.8268113	0.043094486
207.872	0.029941586	-5.8273417	0.038254693
208	0.02946235	-5.8266523	0.041689012
208.128	0.029172498	-5.8261984	0.042161192
208.256	0.02958003	-5.8264643	0.037714807
208.384	0.029846253	-5.8266907	0.03798368
208.512	0.029291513	-5.8259976	0.036981566
208.64	0.029932438	-5.8267176	0.034485969
208.768	0.029071307	-5.8258627	0.038939831
208.896	0.029565646	-5.8262867	0.037568785
209.024	0.029913283	-5.8266469	0.040399975
209.152	0.029978138	-5.8266165	0.038651748
209.28	0.030384828	-5.8269888	0.038768145
209.408	0.02965036	-5.8260909	0.041659809
209.536	0.029971091	-5.8261196	0.043004708
209.664	0.029773374	-5.8260809	0.042752506
209.792	0.03060359	-5.8265563	0.03836612
209.92	0.029812378	-5.8257645	0.043013111
210.048	0.029790905	-5.8255302	0.040803401
210.176	0.03047908	-5.8260567	0.040970246
210.304	0.02988189	-5.8257556	0.042496878
210.432	0.030259919	-5.8257317	0.041149177
210.56	0.030728103	-5.8259083	0.037436548
210.688	0.030361476	-5.825579	0.040287293
210.816	0.030733844	-5.8259482	0.041876141
210.944	0.030466662	-5.8257312	0.040629603
211.072	0.030584017	-5.8257581	0.042428718
211.2	0.030303438	-5.8254206	0.04345589
211.328	0.030050016	-5.8253077	0.041840022
211.456	0.030915102	-5.826023	0.041589538
211.584	0.030570171	-5.8256503	0.041549108
211.712	0.030603243	-5.8258003	0.04102972
211.84	0.030023524	-5.825362	0.045464987
211.968	0.030631158	-5.8264501	0.044602193
212.096	0.030287472	-5.8259093	0.042446665
212.224	0.030366169	-5.8259363	0.041811985
212.352	0.030030498	-5.8262413	0.040444623
212.48	0.030024278	-5.8262823	0.037976047
212.608	0.029830278	-5.8260523	0.039192681
212.736	0.030654764	-5.8267622	0.037538776
212.864	0.029433905	-5.8258479	0.040234232
212.992	0.030179279	-5.8268712	0.037403077
213.12	0.029735939	-5.8262977	0.042767983
213.248	0.029541	-5.8263285	0.042804584
213.376	0.02996649	-5.8267185	0.037163574
213.504	0.029438648	-5.8262591	0.038788208
213.632	0.029206745	-5.8260646	0.042899947
213.76	0.030337231	-5.8273018	0.039134922
213.888	0.029481469	-5.8265101	0.038287714
214.016	0.029689754	-5.8268508	0.037961321
214.144	0.029251942	-5.8266186	0.038309224
214.272	0.029321803	-5.8269731	0.037582233
214.4	0.029655812	-5.8269805	0.039768743
214.528	0.029357377	-5.8264795	0.039141604
214.656	0.029224664	-5.8262583	0.037075579
214.784	0.029918941	-5.8265784	0.034053755
214.912	0.029433881	-5.8263805	0.036877526
215.04	0.030084857	-5.8270029	0.035733682
215.168	0.029285458	-5.8262011	0.040520386
215.296	0.029573375	-5.8263676	0.043714036
215.424	0.029734788	-5.8266066	0.042912292
215.552	0.029733683	-5.82633	0.04042815
215.68	0.030041354	-5.82647	0.040721837
215.808	0.029628584	-5.8259386	0.04156721
215.936	0.02992447	-5.8261223	0.042358252
216.064	0.029776786	-5.8258916	0.042817305
216.192	0.030551106	-5.8264165	0.042164212
216.32	0.030565201	-5.8265661	0.043580466
216.448	0.030095383	-5.8259074	0.039971234
216.576	0.03070526	-5.8261158	0.039036938
216.704	0.030806949	-5.8263465	0.041529195
216.832	0.030086268	-5.8255816	0.044511543
216.96	0.03032843	-5.825797	0.040157936
217.088	0.030755808	-5.8262693	0.041814341
217.216	0.030458184	-5.8258749	0.039524921
217.344	0.030462107	-5.825638	0.038750849
217.472	0.030061025	-5.8253452	0.044682853
217.6	0.030748597	-5.8260296	0.043135549
217.728	0.030241323	-5.825584	0.04336784
217.856	0.030689018	-5.8258721	0.040604013
217.984	0.03047515	-5.8255366	0.040423357
218.112	0.030502493	-5.8259282	0.039899467
218.24	0.030690679	-5.8262844	0.039300397
218.368	0.030249984	-5.8256393	0.046208414
218.496	0.030360283	-5.8257918	0.044771199
218.624	0.029682593	-5.8254507	0.046654971
218.752	0.030433782	-5.8263983	0.0416902
218.88	0.029929356	-5.826442	0.039580751
219.008	0.029907858	-5.8262555	0.037624015
219.136	0.029661029	-5.8264192	0.039241279
219.264	0.030059379	-5.8269963	0.040164971
219.392	0.029789701	-5.8266702	0.042900089
219.52	0.029517706	-5.8265767	0.040945118
219.648	0.029763978	-5.8270043	0.040208528
219.776	0.02907083	-5.8262665	0.044307158
219.904	0.029544564	-5.8266359	0.038420641
220.032	0.030181287	-5.8276841	0.036410595
220.16	0.029308865	-5.8264699	0.038943233
220.288	0.029549776	-5.8264816	0.036141789
220.416	0.029455935	-5.8266375	0.037576277
220.544	0.029565702	-5.8267382	0.035846498
220.672	0.029759496	-5.8272617	0.036037994
220.8	0.029691367	-5.8269933	0.039764372
220.928	0.029718681	-5.8267771	0.038319627
221.056	0.028946259	-5.8261577	0.040405036
221.184	0.029685256	-5.8268747	0.043678234
221.312	0.029465179	-5.8262895	0.040654269
221.44	0.029996627	-5.8269144	0.035650419
221.568	0.029642752	-5.8262918	0.040692701
221.696	0.029861991	-5.826469	0.037968049
221.824	0.029559445	-5.8259979	0.040447118
221.952	0.030144178	-5.8265763	0.039071507
222.08	0.029070776	-5.825278	0.040796004
222.208	0.030255456	-5.8264096	0.0378917
222.336	0.030143066	-5.8265634	0.043814296
222.464	0.030300483	-5.8266283	0.043625554
222.592	0.030578521	-5.826392	0.040334802
222.72	0.030174265	-5.8255994	0.04111419
222.848	0.030660027	-5.8262797	0.041442369
222.976	0.030165612	-5.8261952	0.041573123
223.104	0.030506167	-5.8261993	0.04251192
223.232	0.030438439	-5.825773	0.041345094
223.36	0.030704198	-5.8259869	0.038004378
223.488	0.030656531	-5.8259676	0.039445966
223.616	0.030269311	-5.8257571	0.04320327
223.744	0.031071809	-5.8266023	0.038148031
223.872	0.030209807	-5.8255692	0.042842864
224	0.030554679	-5.8259775	0.041665702
224.128	0.030381539	-5.8256545	0.04094905
224.256	0.030548527	-5.8257346	0.040683237
224.384	0.030475795	-5.8259497	0.043850736
224.512	0.030782601	-5.8266721	0.042481255
224.64	0.029837893	-5.8257991	0.045124813
224.768	0.030162517	-5.8259371	0.041428075
224.896	0.030586339	-5.8266382	0.036551206
225.024	0.029996263	-5.8262628	0.04236381
225.152	0.029873216	-5.8262201	0.041466864
225.28	0.029790173	-5.8263176	0.04213748
225.408	0.029927793	-5.8263427	0.039471065
225.536	0.030018098	-5.8264856	0.03554237
225.664	0.029955327	-5.8267774	0.040712562
225.792	0.029862077	-5.826641	0.040418407
225.92	0.02969006	-5.8264374	0.03902562
226.048	0.029839487	-5.8267112	0.037589741
226.176	0.029694918	-5.8267454	0.037295961
226.304	0.029459529	-5.8266038	0.040264194
226.432	0.029840553	-5.8270877	0.035635671
226.56	0.029482657	-5.8271375	0.037776695
226.688	0.029069017	-5.8263872	0.038511753
226.816	0.029221695	-5.8264005	0.041197972
226.944	0.029752989	-5.8270046	0.039535273
227.072	0.029511535	-5.8266584	0.038530308
227.2	0.029517553	-5.8265407	0.038550963
227.328	0.029403178	-5.8264428	0.04142795
227.456	0.029966842	-5.8272374	0.039234827
227.584	0.029414713	-5.8268724	0.040532589
227.712	0.029567719	-5.8265541	0.041025814
227.84	0.029712132	-5.8265961	0.038782674
227.968	0.029672503	-5.8266277	0.041515863
228.096	0.029466338	-5.8265144	0.041325158
228.224	0.029941642	-5.8264456	0.036670283
228.352	0.029594394	-5.8260033	0.038813566
228.48	0.030061295	-5.8264537	0.040247624
228.608	0.030143711	-5.8263049	0.044236009
228.736	0.029915477	-5.8257792	0.045189887
228.864	0.030409273	-5.8264372	0.041011982
228.992	0.03020104	-5.8260824	0.041466108
229.12	0.03042852	-5.8259344	0.03982191
229.248	0.030463338	-5.8258905	0.039501389
229.376	0.030239499	-5.8254949	0.040372604
229.504	0.030470954	-5.8258298	0.040735123
229.632	0.031040346	-5.8263731	0.038109267
229.76	0.030634445	-5.8258213	0.040374523
229.888	0.030510187	-5.8256901	0.04481676
230.016	0.030159218	-5.8253995	0.043025629
230.144	0.030590066	-5.8257992	0.039916546
230.272	0.030237967	-5.8253581	0.042225204
230.4	0.030207463	-5.8257236	0.041795041
230.528	0.03026187	-5.8255928	0.043947556
230.656	0.030930013	-5.8265598	0.040166427
230.784	0.030080091	-5.8255742	0.043020084
230.912	0.030841257	-5.8262592	0.040280769
231.04	0.029640148	-5.8251032	0.04142827
231.168	0.030309951	-5.8262705	0.038836551
231.296	0.030442128	-5.8263621	0.038890559
231.424	0.030478998	-5.826454	0.042249507
231.552	0.02968032	-5.8262129	0.043529972
231.68	0.029277493	-5.8259612	0.045663195
231.808	0.030142429	-5.8266592	0.040001166
231.936	0.029926139	-5.8263755	0.038884191
232.064	0.029786482	-5.8264003	0.041992836
232.192	0.029882805	-5.8266973	0.040307119
232.32	0.02960323	-5.826698	0.038811835
232.448	0.030280241	-5.827602	0.036399217
232.576	0.029125487	-5.8262967	0.041674296
232.704	0.029692263	-5.8267552	0.039271206
232.832	0.029536249	-5.8265187	0.038235066
232.96	0.029550923	-5.8267024	0.037788947
233.088	0.029812977	-5.8272473	0.038493556
233.216	0.029471466	-5.8267889	0.03560697
233.344	0.029695776	-5.826961	0.032322715
233.472	0.029391433	-5.8266202	0.035890444
233.6	0.029837602	-5.8270248	0.035731672
233.728	0.02935294	-5.8265188	0.040062326
233.856	0.029532018	-5.826776	0.042492364
233.984	0.029705243	-5.8269899	0.039798213
234.112	0.029368996	-5.8263686	0.042904566
234.24	0.030313914	-5.8270246	0.038052744
234.368	0.029104297	-5.8256952	0.04073922
234.496	0.029795743	-5.8262951	0.037258494
234.624	0.030240641	-5.8267484	0.039159644
234.752	0.029839646	-5.8260315	0.04195987
234.88	0.030248465	-5.826688	0.040598387
235.008	0.029912398	-5.8258877	0.043050945
235.136	0.030161562	-5.8262566	0.043097607
235.264	0.029902203	-5.8257309	0.046802726
235.392	0.030412525	-5.8262192	0.045236989
235.52	0.030090697	-5.8260418	0.043880051
235.648	0.030425058	-5.8263191	0.04244386
235.776	0.03024222	-5.8257756	0.041035461
235.904	0.030659915	-5.8258165	0.040770302
236.032	0.030578657	-5.8257818	0.04578478
236.16	0.030683716	-5.8261065	0.044643938
236.288	0.030743194	-5.8262489	0.041233855
236.416	0.030150115	-5.8253602	0.042100701
236.544	0.030317207	-5.8256985	0.042428817
236.672	0.030731627	-5.8261171	0.040213322
236.8	0.030403479	-5.8258401	0.041568004
236.928	0.030696834	-5.8261763	0.040822966
237.056	0.030257789	-5.825516	0.04352803
237.184	0.030075401	-5.8253237	0.039840526
237.312	0.030021551	-5.8254758	0.039450681
237.44	0.030194908	-5.8261204	0.044131406
237.568	0.030561383	-5.8264468	0.040781284
237.696	0.030046829	-5.8258522	0.038235432
237.824	0.029954337	-5.826054	0.038520913
237.952	0.030547857	-5.8268797	0.0397016
238.08	0.030021791	-5.8266668	0.039974327
238.208	0.029319496	-5.8257567	0.040490512
238.336	0.030315827	-5.8265525	0.035504596
238.464	0.029236024	-5.8258885	0.041154307
238.592	0.030066034	-5.8265925	0.040381133
238.72	0.029441467	-5.8261067	0.041917462
238.848	0.029782699	-5.8265158	0.042339682
238.976	0.029462121	-5.8265733	0.03986288
239.104	0.029279449	-5.8265665	0.03865302
239.232	0.029843003	-5.8267408	0.038160835
239.36	0.029412153	-5.8269207	0.039069932
239.488	0.029498997	-5.8269474	0.038385369
239.616	0.029625716	-5.827286	0.037378271
239.744	0.029847448	-5.8273829	0.036359105
239.872	0.029414851	-5.8265395	0.037467792
240	0.029309114	-5.826415	0.037414257
240.128	0.029067606	-5.8261071	0.041276545
240.256	0.029794761	-5.8267318	0.037462607
240.384	0.029550457	-5.8263785	0.039359665
240.512	0.029390273	-5.8263705	0.040009389
240.64	0.030265008	-5.8270416	0.034273867
240.768	0.029839063	-5.8264222	0.036961817
240.896	0.029811894	-5.8260148	0.038275262
241.024	0.029930844	-5.8261767	0.039828746
241.152	0.030105293	-5.8267014	0.042557297
241.28	0.030026299	-5.8261342	0.044311346
241.408	0.030279281	-5.8262201	0.04237296
241.536	0.030245439	-5.8260285	0.039586257
241.664	0.030133131	-5.8260604	0.041494321
241.792	0.030454538	-5.8263001	0.039751071
241.92	0.030404586	-5.8257351	0.040822133
242.048	0.030273859	-5.8255585	0.040962965
242.176	0.030531035	-5.8259178	0.042299359
242.304	0.030662108	-5.8259215	0.045405403
242.432	0.030563604	-5.8258717	0.046932226
242.56	0.029903387	-5.8251685	0.045569688
242.688	0.030421895	-5.8257786	0.041592138
242.816	0.030401266	-5.8255134	0.043417807
242.944	0.030724266	-5.82596	0.043370523
243.072	0.030495122	-5.8259157	0.041130388
243.2	0.030420276	-5.8257631	0.039873887
243.328	0.030625497	-5.826226	0.038826625
243.456	0.030412694	-5.8259021	0.039325687
243.584	0.030232856	-5.825508	0.040287442
243.712	0.030207576	-5.8260368	0.038369539
243.84	0.030537101	-5.8265511	0.040878321
243.968	0.030081089	-5.8261094	0.043411717
244.096	0.030096257	-5.82613	0.042142527
244.224	0.02987742	-5.8263162	0.039988946
244.352	0.029983751	-5.8264782	0.03753061
244.48	0.029609887	-5.8261542	0.039653655
244.608	0.030011294	-5.8265728	0.039431782
244.736	0.029643634	-5.8266525	0.041294246
244.864	0.029771509	-5.8269362	0.039980764
244.992	0.029459462	-5.8264331	0.037196444
245.12	0.02932131	-5.8260451	0.037926187
245.248	0.029760409	-5.8264593	0.036356548
245.376	0.029161629	-5.8263628	0.039398288
245.504	0.029536281	-5.8268447	0.041778242
245.632	0.029630096	-5.8271145	0.039795089
245.76	0.029289033	-5.8266726	0.040761933
245.888	0.029454137	-5.8265045	0.041432552
246.016	0.029326829	-5.8266718	0.039298976
246.144	0.029800806	-5.8273405	0.03684782
246.272	0.029913153	-5.8272031	0.036644895
246.4	0.029319063	-5.826082	0.03853169
246.528	0.029725059	-5.8266377	0.04024204
246.656	0.029127284	-5.8264175	0.041287254
246.784	0.029803776	-5.8266913	0.037939759
246.912	0.029830677	-5.8268629	0.038823467
247.04	0.029476346	-5.8262249	0.039430232
247.168	0.030072391	-5.8261869	0.037828134
247.296	0.030329547	-5.8265598	0.038586187
247.424	0.029655373	-5.8255429	0.043251601
247.552	0.029966886	-5.8257405	0.04195328
247.68	0.0300141	-5.8262749	0.040807911
247.808	0.030423269	-5.826222	0.042561719
247.936	0.030418955	-5.8260931	0.040224641
248.064	0.030151964	-5.8253917	0.038590307
248.192	0.03031427	-5.8257339	0.04063225
248.32	0.030322809	-5.8256604	0.043720453
248.448	0.030156456	-5.8254153	0.044155106
248.576	0.030418639	-5.8258154	0.042334376
248.704	0.030687971	-5.8255697	0.043213451
248.832	0.03089815	-5.8258398	0.04146683
248.96	0.030382038	-5.8255718	0.039489641
249.088	0.030392967	-5.8253398	0.041580643
249.216	0.030708157	-5.8257412	0.039785932
249.344	0.030184371	-5.8255373	0.041801543
249.472	0.030587341	-5.8258412	0.040296982
249.6	0.030281048	-5.8258282	0.039823751
249.728	0.030338137	-5.8258012	0.039236156
249.856	0.03039282	-5.8259958	0.040689368
249.984	0.030008306	-5.8256157	0.043230837
250.112	0.030397419	-5.8261696	0.040241489
250.24	0.030079292	-5.8258429	0.041497765
250.368	0.02985693	-5.8257874	0.041458202
250.496	0.030110045	-5.8260812	0.036270481
250.624	0.029916681	-5.8261346	0.039530936
250.752	0.029938361	-5.8263192	0.041214919
250.88	0.029906402	-5.8266342	0.038990241
251.008	0.029360476	-5.8263555	0.041770687
251.136	0.029734723	-5.8266133	0.043159833
251.264	0.029260794	-5.8260586	0.043783618
251.392	0.030277745	-5.8271553	0.035840581
251.52	0.029417846	-5.8265553	0.039432256
251.648	0.029383804	-5.8267107	0.038731665
251.776	0.029382311	-5.8270025	0.038788939
251.904	0.029502686	-5.8269198	0.039060035
252.032	0.029886875	-5.8269895	0.039181121
252.16	0.029573513	-5.8271183	0.039902254
252.288	0.02908723	-5.8266041	0.041475931
252.416	0.029810269	-5.8269426	0.038119697
252.544	0.029029526	-5.8263288	0.040584457
252.672	0.028985296	-5.8261478	0.041409659
252.8	0.02978482	-5.826952	0.036771448
252.928	0.029482688	-5.8263127	0.041054748
253.056	0.030066419	-5.8268226	0.043131585
253.184	0.029383278	-5.8263412	0.04190361
253.312	0.030037259	-5.8266449	0.041476507
253.44	0.030198058	-5.8266231	0.042416231
253.568	0.029638589	-5.8263402	0.042125178
253.696	0.02952917	-5.8261254	0.039986971
253.824	0.030160346	-5.8264937	0.039944331
253.952	0.030272848	-5.826159	0.041125617
254.08	0.029973768	-5.8257246	0.041302126
254.208	0.03021032	-5.8260128	0.037254162
254.336	0.030880596	-5.8261837	0.040672699
254.464	0.030276165	-5.8259268	0.047167388
254.592	0.030265289	-5.8259548	0.042724329
254.72	0.030364667	-5.8256587	0.038562621
254.848	0.030673537	-5.8254558	0.03869544
254.976	0.030446152	-5.8252794	0.044308565
255.104	0.030405133	-5.8255055	0.043479928
255.232	0.03032892	-5.8254158	0.039366725
255.36	0.030881981	-5.825941	0.041627396
255.488	0.031048154	-5.8258757	0.037673176
255.616	0.030365462	-5.8252117	0.03749167
255.744	0.030417774	-5.8252931	0.039995236
255.872	0.030290523	-5.8254143	0.039998846
256	0.030583423	-5.8257839	0.040034899
256.128	0.030581661	-5.8257657	0.042983074
256.256	0.030254768	-5.8258203	0.042298288
256.384	0.03038118	-5.8261255	0.040916028
256.512	0.030237537	-5.8258787	0.041547028
256.64	0.030371613	-5.8259929	0.038342934
256.768	0.029850351	-5.8257279	0.042140199
256.896	0.03045484	-5.8263163	0.038771014
257.024	0.029430633	-5.8257485	0.042465008
257.152	0.029694213	-5.8262356	0.040482433
257.28	0.030159893	-5.8269733	0.037193491
257.408	0.030009099	-5.8269976	0.035626677
257.536	0.029502089	-5.826786	0.039332108
257.664	0.029541166	-5.8270037	0.037453024
257.792	0.029229516	-5.8267165	0.040069413
257.92	0.029350695	-5.8265538	0.041582427
258.048	0.02931024	-5.8266939	0.040017502
258.176	0.029711631	-5.8271896	0.038230723
258.304	0.029493185	-5.8272334	0.041406843
258.432	0.029131528	-5.8265836	0.041955169
258.56	0.029398797	-5.826532	0.040486461
258.688	0.029642244	-5.826915	0.038458099
258.816	0.029327015	-5.8264676	0.040487262
258.944	0.029464855	-5.8268896	0.03971564
259.072	0.029483929	-5.8265784	0.036485387
259.2	0.029512115	-5.8269566	0.040616973
259.328	0.029344228	-5.8263367	0.040100328
259.456	0.029740432	-5.8268362	0.038014666
259.584	0.029617055	-5.8264704	0.040521384
259.712	0.029791052	-5.8263953	0.041175376
259.84	0.030115894	-5.8266165	0.041191295
259.968	0.030620082	-5.826905	0.036940957
260.096	0.029493349	-5.8257501	0.040815927
260.224	0.029942301	-5.8259667	0.042247693
260.352	0.03005918	-5.8257258	0.040253024
260.48	0.030174511	-5.825891	0.038926693
260.608	0.029963482	-5.8255739	0.039913057
260.736	0.030699724	-5.8264948	0.039325485
260.864	0.030456618	-5.825857	0.040568789
260.992	0.030748351	-5.8260025	0.038655228
261.12	0.029878406	-5.8249118	0.046199311
261.248	0.030950964	-5.8261837	0.041647464
261.376	0.030719655	-5.8259976	0.041261435
261.504	0.030885792	-5.8261962	0.040980738
261.632	0.030482999	-5.8258352	0.039604866
261.76	0.030565806	-5.8257478	0.038992342
261.888	0.030451982	-5.825472	0.044349695
262.016	0.030464068	-5.8257552	0.043968783
262.144	0.030339985	-5.825375	0.041967938
262.272	0.030293557	-5.8255548	0.04190811
262.4	0.030631065	-5.8259002	0.038233586
262.528	0.030694733	-5.8261703	0.038427703
262.656	0.030056026	-5.8255977	0.043663019
262.784	0.030538381	-5.8263118	0.040545065
262.912	0.030116692	-5.8262759	0.041763593
263.04	0.029918157	-5.8259899	0.041899743
263.168	0.030252575	-5.8263685	0.040467306
263.296	0.02932867	-5.825621	0.041594327
263.424	0.030426932	-5.8265403	0.036342156
263.552	0.029607218	-5.8262372	0.04216721
263.68	0.029484687	-5.8262384	0.037976496
263.808	0.029767818	-5.8267562	0.036102954
263.936	0.029174448	-5.8262843	0.042473795
264.064	0.029420868	-5.8270177	0.040532767
264.192	0.029998119	-5.8273546	0.037195225
264.32	0.029314579	-5.8265516	0.040907255
264.448	0.029517867	-5.8269512	0.040787496
264.576	0.02975565	-5.8270418	0.038156399
264.704	0.029275993	-5.8267435	0.040756582
264.832	0.029272436	-5.8269031	0.038229848
264.96	0.029717155	-5.8271066	0.037417417
265.088	0.029204383	-5.8266437	0.040154809
265.216	0.028929678	-5.8261886	0.040544711
265.344	0.029536826	-5.8268505	0.040529785
265.472	0.029264136	-5.8266954	0.041424021
265.6	0.029742561	-5.8270785	0.040717071
265.728	0.029878677	-5.8271897	0.042111995
265.856	0.029747753	-5.8264713	0.038046336
265.984	0.029558795	-5.8265029	0.036396316
266.112	0.029954158	-5.8265655	0.037217745
266.24	0.029930673	-5.8264784	0.037328332
266.368	0.029334899	-5.8258142	0.04154063
266.496	0.030267098	-5.8260465	0.041123432
266.624	0.030147301	-5.8259219	0.042899698
266.752	0.030063492	-5.8258795	0.04248314
266.88	0.030608815	-5.8264279	0.040116968
267.008	0.03004336	-5.825403	0.041447075
267.136	0.030045214	-5.8255159	0.041582192
267.264	0.030774702	-5.8262602	0.03949219
267.392	0.03042835	-5.8258059	0.046012993
267.52	0.030643637	-5.8256735	0.041999535
267.648	0.030463532	-5.8253294	0.039860043
267.776	0.030990337	-5.8261125	0.041566169
267.904	0.030723498	-5.8258622	0.040414577
268.032	0.030940432	-5.8260418	0.039979197
268.16	0.030176412	-5.8252725	0.044298026
268.288	0.030618938	-5.8258857	0.044318294
268.416	0.030690853	-5.8259544	0.041013029
268.544	0.030000193	-5.8252501	0.042664718
268.672	0.030829289	-5.8259946	0.041337555
268.8	0.030592304	-5.8262366	0.035491423
268.928	0.030311659	-5.8257336	0.040904728
269.056	0.029906498	-5.8255968	0.043258902
269.184	0.030817227	-5.8269409	0.038033181
269.312	0.030362503	-5.8261482	0.041107621
269.44	0.029846762	-5.8259885	0.043736327
269.568	0.029673265	-5.8261025	0.044105191
269.696	0.029857138	-5.8260336	0.040994611
269.824	0.02957758	-5.8260408	0.036990539
269.952	0.02967966	-5.8259781	0.038762743
270.08	0.029798399	-5.8265516	0.039040724
270.208	0.029795216	-5.8268349	0.039132785
270.336	0.029597995	-5.8266025	0.041351296
270.464	0.029413659	-5.8263443	0.041394044
270.592	0.029225118	-5.8262148	0.042900861
270.72	0.029201454	-5.8264834	0.039770272
270.848	0.029389377	-5.8268898	0.03923923
270.976	0.029623755	-5.8271865	0.038224313
271.104	0.029245077	-5.8265553	0.03946631
271.232	0.029218707	-5.8268924	0.043175519
271.36	0.029788005	-5.8275709	0.039094749
271.488	0.029518363	-5.8272734	0.034474497
271.616	0.029282103	-5.8270059	0.039535582
271.744	0.029150196	-5.8265659	0.037856944
271.872	0.029527082	-5.8269746	0.037507155
272	0.029893151	-5.827487	0.041977024
272.128	0.029550443	-5.8267307	0.044191382
272.256	0.029235955	-5.8260076	0.041957185
272.384	0.030084708	-5.8266354	0.038464565
272.512	0.029507904	-5.826036	0.040756644
272.64	0.03036046	-5.8270142	0.038167611
272.768	0.029818155	-5.8261955	0.03874382
272.896	0.030318471	-5.8259462	0.037010946
273.024	0.029965298	-5.8254042	0.042099502
273.152	0.030287021	-5.826053	0.043104986
273.28	0.030027784	-5.8258026	0.041756985
273.408	0.030724673	-5.8263617	0.03633526
273.536	0.030636849	-5.8260989	0.038146105
273.664	0.030702859	-5.8261181	0.044414719
273.792	0.030644705	-5.826133	0.043286782
273.92	0.03031045	-5.8254672	0.04274822
274.048	0.030614287	-5.8256698	0.042073563
274.176	0.030852824	-5.8257607	0.040465145
274.304	0.030743218	-5.8258458	0.043452896
274.432	0.030695701	-5.8259029	0.044825548
274.56	0.030285662	-5.8257247	0.043792342
274.688	0.030724823	-5.8257577	0.04001784
274.816	0.031080793	-5.8260829	0.039898222
274.944	0.030231304	-5.8255403	0.042579732
275.072	0.030556987	-5.8260523	0.043517241
275.2	0.030401871	-5.8257004	0.041584465
275.328	0.030609974	-5.8262881	0.039480554
275.456	0.030434725	-5.8260762	0.041521564
275.584	0.02998452	-5.8258567	0.038902189
275.712	0.03029321	-5.8263577	0.035583184
275.84	0.030240149	-5.8263092	0.039030169
275.968	0.029893098	-5.8260232	0.041018813
276.096	0.029851614	-5.8262268	0.038889612
276.224	0.029757338	-5.8266441	0.03922083
276.352	0.029713688	-5.8266243	0.037688649
276.48	0.029429948	-5.826397	0.038945882
276.608	0.029327581	-5.8264017	0.039367636
276.736	0.029076215	-5.8262184	0.038412971
276.864	0.029900624	-5.8271607	0.040013586
276.992	0.029607056	-5.8269776	0.040003013
277.12	0.02957275	-5.8271683	0.03658056
277.248	0.02915351	-5.8266616	0.03822839
277.376	0.029200172	-5.8267632	0.038953637
277.504	0.029921687	-5.8273884	0.038201299
277.632	0.028591766	-5.8259141	0.039573569
277.76	0.029263147	-5.8265714	0.038070108
277.888	0.029218134	-5.8265061	0.040691577
278.016	0.029481857	-5.8268492	0.03873838
278.144	0.029537845	-5.8269563	0.041690325
278.272	0.029880031	-5.8271027	0.039252322
278.4	0.029904779	-5.8270026	0.038546346
278.528	0.029639589	-5.826613	0.042246312
278.656	0.029690615	-5.8263205	0.040486052
278.784	0.029584668	-5.8261233	0.039914427
278.912	0.030308429	-5.8268786	0.03750959
279.04	0.029810668	-5.826209	0.040927021
279.168	0.030401352	-5.8265392	0.040144992
279.296	0.029533993	-5.8253911	0.040472743
279.424	0.030287375	-5.8255916	0.038144011
279.552	0.030490163	-5.8259826	0.039843268
279.68	0.030385241	-5.8256338	0.041110391
279.808	0.030362444	-5.8258595	0.041267702
279.936	0.030823053	-5.8262106	0.042011476
280.064	0.030563288	-5.8256451	0.042136061
280.192	0.030866897	-5.8260902	0.041938349
280.32	0.030531824	-5.8256212	0.045394704
280.448	0.030758794	-5.8252668	0.04223165
280.576	0.030640444	-5.8256115	0.042094233
280.704	0.030823931	-5.8255962	0.044018986
280.832	0.030648455	-5.8257187	0.045893884
280.96	0.030655028	-5.825908	0.04382592
281.088	0.030640879	-5.8259353	0.040582224
281.216	0.030762003	-5.8261653	0.044118133
281.344	0.03023516	-5.8254864	0.04149642
281.472	0.030742129	-5.826315	0.039520988
281.6	0.030476827	-5.8264279	0.042219036
281.728	0.030180269	-5.825961	0.040870333
281.856	0.029951578	-5.8258619	0.042041446
281.984	0.030041213	-5.8263022	0.041672229
282.112	0.029873036	-5.8261497	0.04268489
282.24	0.029892618	-5.8261026	0.038726692
282.368	0.030073706	-5.8267804	0.038859505
282.496	0.029361743	-5.8259635	0.042450637
282.624	0.029655102	-5.8264095	0.038024957
282.752	0.02998197	-5.8267367	0.03864702
282.88	0.029717571	-5.8267676	0.034322944
283.008	0.029232708	-5.8261415	0.036386658
283.136	0.029530058	-5.8267075	0.038497729
283.264	0.02950733	-5.8267774	0.038362339
283.392	0.029362003	-5.8266891	0.040394527
283.52	0.029682274	-5.8272226	0.040205599
283.648	0.028749104	-5.826158	0.039939842
283.776	0.029470272	-5.8269731	0.037166619
283.904	0.029502871	-5.8268357	0.039744832
284.032	0.02905995	-5.8265305	0.043405337
284.16	0.029712017	-5.826959	0.038168677
284.288	0.029775715	-5.827193	0.036335519
284.416	0.029370677	-5.8264816	0.041320089
284.544	0.029344725	-5.8266142	0.042375824
284.672	0.029839985	-5.8269589	0.039916699
284.8	0.029578356	-5.8265172	0.041631095
284.928	0.029436882	-5.8262722	0.039806265
285.056	0.030047029	-5.8266759	0.03895243
285.184	0.029806448	-5.8259605	0.044120029
285.312	0.030032077	-5.8262452	0.040517643
285.44	0.030133501	-5.8259705	0.036642844
285.568	0.029857877	-5.8254731	0.042429773
285.696	0.030745423	-5.8264128	0.037970576
285.824	0.030433328	-5.8258212	0.034700962
285.952	0.030200196	-5.8256982	0.042065926
286.08	0.030379591	-5.8262521	0.043776547
286.208	0.030130511	-5.8256285	0.044364177
286.336	0.030340865	-5.8256527	0.044043516
286.464	0.030876711	-5.8260867	0.043718425
286.592	0.030164878	-5.8252189	0.043633835
286.72	0.031066377	-5.826137	0.036552113
286.848	0.030554722	-5.8254712	0.041349815
286.976	0.03066982	-5.8253676	0.043467593
287.104	0.030201831	-5.8252527	0.04493227
287.232	0.031312259	-5.8267151	0.03995717
287.36	0.029926851	-5.825199	0.044651967
287.488	0.030605133	-5.8260935	0.042534303
287.616	0.030872648	-5.8262678	0.040079438
287.744	0.030305548	-5.8261215	0.039694236
287.872	0.030658588	-5.8264354	0.037988488
288	0.029892983	-5.8257813	0.041177228
288.128	0.030020873	-5.8257548	0.041342543
288.256	0.030373706	-5.8260267	0.039239596
288.384	0.029660404	-5.8253815	0.040291199
288.512	0.030416762	-5.8267378	0.041899921
288.64	0.029546936	-5.8260784	0.042535555
288.768	0.029736748	-5.826304	0.03883421
288.896	0.030202118	-5.8271422	0.038285691
289.024	0.029928993	-5.8268933	0.038826209
289.152	0.029327195	-5.8265442	0.040226893
289.28	0.029610589	-5.8270783	0.038890957
289.408	0.029780445	-5.8270707	0.033404159
289.536	0.029308182	-5.8267381	0.033566383
289.664	0.028838736	-5.8261229	0.037239289
289.792	0.029598269	-5.826932	0.036810685
289.92	0.029755974	-5.8274742	0.039104398
290.048	0.029111831	-5.8268443	0.042587619
290.176	0.029497086	-5.8269321	0.037816175
290.304	0.029437669	-5.8270225	0.036895331
290.432	0.029901951	-5.8273283	0.039025075
290.56	0.029337273	-5.8263756	0.037596159
290.688	0.028916939	-5.8260924	0.040365091
290.816	0.029426905	-5.8263647	0.041179385
290.944	0.029484122	-5.8263849	0.040172233
291.072	0.029904849	-5.8266258	0.038769514
291.2	0.029608664	-5.8262449	0.04136774
291.328	0.029664923	-5.8263048	0.044621839
291.456	0.030340829	-5.8266525	0.041555309
291.584	0.030144435	-5.8263888	0.035559913
291.712	0.029779868	-5.8257671	0.038685171
291.84	0.030012633	-5.825627	0.042058809
291.968	0.030841005	-5.8263018	0.036288277
292.096	0.030365824	-5.8260255	0.042061018
292.224	0.030396085	-5.8257272	0.04279259
292.352	0.030515981	-5.8256736	0.043567508
292.48	0.03042975	-5.8252392	0.045022361
292.608	0.030569549	-5.8254155	0.043323466
292.736	0.030046106	-5.8250997	0.042748679
292.864	0.03132739	-5.8266687	0.039775147
292.992	0.030289598	-5.825246	0.043464953
293.12	0.030770897	-5.8257615	0.042623942
293.248	0.030104889	-5.8246365	0.045133091
293.376	0.030702003	-5.8255374	0.043278273
293.504	0.030783855	-5.8259636	0.040839588
293.632	0.030012792	-5.825352	0.043849751
293.76	0.030801462	-5.8258238	0.040410031
293.888	0.030269547	-5.825649	0.040160706
294.016	0.030180287	-5.825731	0.041541811
294.144	0.030699737	-5.8261777	0.04157038
294.272	0.030236615	-5.8262195	0.04100692
294.4	0.030057588	-5.825904	0.038883257
294.528	0.030017869	-5.8260063	0.037396436
294.656	0.030184544	-5.8263609	0.035160716
294.784	0.030373235	-5.826889	0.040630096
294.912	0.029502347	-5.8255956	0.044263116
295.04	0.029966134	-5.8264563	0.042870441
295.168	0.029841243	-5.8267966	0.041494656
295.296	0.029794191	-5.8265432	0.038563038
295.424	0.029298661	-5.8263163	0.041385936
295.552	0.029393115	-5.826692	0.039911154
295.68	0.029417167	-5.8266049	0.038182741
295.808	0.029153223	-5.8264741	0.038899983
295.936	0.029955084	-5.8273153	0.037231879
296.064	0.029335737	-5.8267094	0.039180457
296.192	0.029755632	-5.8269635	0.038083857
296.32	0.029165462	-5.8260957	0.041437777
296.448	0.02957375	-5.8269378	0.037467202
296.576	0.029394713	-5.826694	0.038196328
296.704	0.029310579	-5.8270588	0.039722201
296.832	0.029574684	-5.8272364	0.038983761
296.96	0.029301338	-5.8269926	0.043804984
297.088	0.029252543	-5.8265019	0.043010513
297.216	0.029539779	-5.8264337	0.039215299
297.344	0.030071413	-5.8269968	0.036746506
297.472	0.029662878	-5.8263452	0.040470516
297.6	0.029749223	-5.8263742	0.038861718
297.728	0.029856237	-5.8261638	0.035937598
297.856	0.029648756	-5.8260806	0.039752018
297.984	0.029992066	-5.826007	0.038302435
298.112	0.02985635	-5.825744	0.039639629
298.24	0.030355862	-5.8259498	0.045220747
298.368	0.030789322	-5.8264889	0.044857208
298.496	0.030157376	-5.825741	0.040275864
298.624	0.030404946	-5.8257111	0.042297903
298.752	0.030487253	-5.8259191	0.043485726
298.88	0.031187889	-5.8261688	0.038857356
299.008	0.030011486	-5.8253231	0.044821685
299.136	0.030578328	-5.8257906	0.043418668
299.264	0.030328021	-5.825258	0.03905522
299.392	0.030534332	-5.8253681	0.037067975
299.52	0.03088235	-5.8256456	0.03678527
299.648	0.030843735	-5.8260895	0.038433211
299.776	0.030415911	-5.8257505	0.042388728
299.904	0.030717677	-5.8258603	0.040412513
300.032	0.03047883	-5.8258073	0.042307046
300.16	0.030493322	-5.8258153	0.043096544
300.288	0.030441472	-5.8254871	0.042682072
300.416	0.030375112	-5.8259655	0.039579839
300.544	0.030734042	-5.8262036	0.042294606
300.672	0.029859206	-5.8256398	0.046041982
300.8	0.030592913	-5.8267376	0.040354715
300.928	0.030218442	-5.8263669	0.039389188
301.056	0.030118421	-5.8261391	0.038838078
301.184	0.029414722	-5.8253575	0.040884465
301.312	0.030018348	-5.8264161	0.039588583
301.44	0.029546946	-5.8262378	0.042308155
301.568	0.030209293	-5.8269093	0.041265218
301.696	0.029585974	-5.826557	0.04406594
301.824	0.029232717	-5.8264784	0.039582305
301.952	0.029551042	-5.8265677	0.037747422
302.08	0.029464371	-5.8268907	0.040782566
302.208	0.029653006	-5.8269679	0.040274589
302.336	0.02936538	-5.8268712	0.038248019
302.464	0.029368602	-5.8268915	0.040792431
302.592	0.02937411	-5.8269543	0.042754347
302.72	0.028870198	-5.8261374	0.04122586
302.848	0.030078026	-5.8277248	0.038579129
302.976	0.029393124	-5.8269509	0.041255822
303.104	0.029057405	-5.8264822	0.038477184
303.232	0.02928947	-5.8265086	0.036166607
303.36	0.029215049	-5.826061	0.040427001
303.488	0.029713287	-5.8269416	0.039065471
303.616	0.029818259	-5.8271046	0.036951579
303.744	0.030115947	-5.8271786	0.037608258
303.872	0.030143545	-5.8269273	0.038367438
304	0.029854449	-5.8263516	0.038595698
304.128	0.029523909	-5.8256892	0.043209455
304.256	0.030187271	-5.8262575	0.039987716
304.384	0.030262822	-5.8260966	0.038990104
304.512	0.030717506	-5.8266052	0.038159718
304.64	0.030131517	-5.82606	0.040862341
304.768	0.030468113	-5.8260568	0.036467992
304.896	0.030203507	-5.8252633	0.040641311
305.024	0.030301783	-5.8254043	0.040970426
305.152	0.030306271	-5.8256822	0.040492296
305.28	0.03064346	-5.8258055	0.042573211
305.408	0.030642466	-5.8258153	0.041821178
305.536	0.030140686	-5.8253372	0.042985163
305.664	0.030136801	-5.8252888	0.044186717
305.792	0.031147624	-5.8262566	0.040220082
305.92	0.030325613	-5.8254067	0.042261285
306.048	0.03064529	-5.8253601	0.04102972
306.176	0.030750941	-5.8257657	0.039262074
306.304	0.030386592	-5.8256224	0.044201976
306.432	0.030716455	-5.8260706	0.041502692
306.56	0.030635465	-5.8258754	0.042015968
306.688	0.030191213	-5.8255168	0.043029411
306.816	0.030709969	-5.8260812	0.039055091
306.944	0.029916743	-5.8257062	0.042881359
307.072	0.030061343	-5.825912	0.039983543
307.2	0.030328452	-5.8261199	0.040153553
307.328	0.029992539	-5.8260923	0.045473186
307.456	0.030050164	-5.8264459	0.039824107
307.584	0.02972612	-5.8261054	0.042331329
307.712	0.030027235	-5.8264212	0.042060188
307.84	0.029612887	-5.8263631	0.038128169
307.968	0.029616752	-5.8265006	0.040827552
308.096	0.029622792	-5.8268978	0.039042255
308.224	0.029375361	-5.8264267	0.038529312
308.352	0.029994459	-5.8272921	0.039116945
308.48	0.029010437	-5.8264789	0.039630826
308.608	0.029376966	-5.826769	0.039026299
308.736	0.029505243	-5.8271577	0.041180204
308.864	0.029889047	-5.8273593	0.03697576
308.992	0.029076548	-5.8264705	0.039779019
309.12	0.029570599	-5.8271091	0.039114025
309.248	0.029699166	-5.8272177	0.041073174
309.376	0.02932161	-5.8264355	0.041744576
309.504	0.029396037	-5.826658	0.038507785
309.632	0.029403585	-5.8267505	0.038100933
309.76	0.029936428	-5.8273492	0.036542336
309.888	0.0295323	-5.8263122	0.038747584
310.016	0.029786052	-5.8265605	0.039965732
310.144	0.029887025	-5.8266752	0.039216728
310.272	0.029597072	-5.8263456	0.039413723
310.4	0.029958825	-5.8264828	0.043094143
310.528	0.030057443	-5.8262505	0.041140915
310.656	0.029553526	-5.8258463	0.042102698
310.784	0.030146794	-5.8261644	0.042149841
310.912	0.029981808	-5.8257293	0.039528554
311.04	0.030512768	-5.8262682	0.036530698
311.168	0.03042624	-5.8262406	0.039630192
311.296	0.030651585	-5.8259751	0.038878693
311.424	0.030210712	-5.8254791	0.044762534
311.552	0.030351408	-5.8254872	0.04428052
311.68	0.030863279	-5.8258595	0.044403599
311.808	0.03018513	-5.8252063	0.044135308
311.936	0.030812295	-5.8256985	0.040686797
312.064	0.030570508	-5.8253102	0.041342321
312.192	0.030325239	-5.8251296	0.039834891
312.32	0.030927759	-5.8255213	0.039554077
312.448	0.030761535	-5.8258117	0.042997257
312.576	0.030731772	-5.8256089	0.041486602
312.704	0.030374884	-5.8253422	0.038735028
312.832	0.030366734	-5.8256607	0.043929734
312.96	0.030253552	-5.825799	0.041567857
313.088	0.030207771	-5.8255614	0.037062907
313.216	0.030287964	-5.8259668	0.040787078
313.344	0.03038189	-5.8261519	0.042480687
313.472	0.030339643	-5.8261166	0.040965818
313.6	0.029861706	-5.8260432	0.042547494
313.728	0.029919761	-5.8262076	0.043143565
313.856	0.030053081	-5.8264958	0.04048145
313.984	0.029593774	-5.8263214	0.041329846
314.112	0.03004821	-5.8269693	0.039528881
314.24	0.029838943	-5.8267105	0.036771756
314.368	0.029196998	-5.8261358	0.040235015
314.496	0.029738658	-5.8268104	0.039229593
314.624	0.029754606	-5.8269935	0.038712952
314.752	0.029435555	-5.8267673	0.042092638
314.88	0.029437054	-5.8267806	0.041707501
315.008	0.029091538	-5.8267184	0.04046961
315.136	0.029516904	-5.8268607	0.036028376
315.264	0.029711054	-5.827134	0.037892867
315.392	0.02887282	-5.8265518	0.044323663
315.52	0.029658504	-5.8273441	0.037441359
315.648	0.02930997	-5.8268294	0.03767345
315.776	0.029441639	-5.8267447	0.036509821
315.904	0.029801296	-5.8271146	0.035587516
316.032	0.029902571	-5.8269059	0.03656734
316.16	0.029423169	-5.826572	0.040350472
316.288	0.030177463	-5.8271593	0.039792604
316.416	0.02932689	-5.8256696	0.040088305
316.544	0.02918817	-5.8257154	0.041255456
316.672	0.030187851	-5.8266266	0.037601659
316.8	0.03047541	-5.8269727	0.039765363
316.928	0.029883466	-5.8261363	0.04050433
317.056	0.030015256	-5.82613	0.036871072
317.184	0.029681565	-5.8255544	0.04104184
317.312	0.030417451	-5.8258579	0.041686802
317.44	0.030569657	-5.8256133	0.042446434
317.568	0.030567119	-5.8259447	0.040526634
317.696	0.030489494	-5.8255378	0.038600953
317.824	0.03012895	-5.8251723	0.0411782
317.952	0.030314524	-5.8256332	0.041697319
318.08	0.030272362	-5.8252999	0.042486314
318.208	0.031143284	-5.8261004	0.040939884
318.336	0.030347083	-5.8252754	0.042629801
318.464	0.030745345	-5.8259103	0.041498112
318.592	0.030589795	-5.8255241	0.042955033
318.72	0.030819383	-5.8256459	0.039992156
318.848	0.030268333	-5.8253824	0.041717769
318.976	0.031000182	-5.8262401	0.040214171
319.104	0.030103991	-5.8253621	0.044408138
319.232	0.030720334	-5.8263989	0.042496183
319.36	0.029902963	-5.8257789	0.042795543
319.488	0.030183222	-5.8259218	0.042185511
319.616	0.030309456	-5.8261268	0.042139197
319.744	0.030178589	-5.82589	0.039183546
319.872	0.030115128	-5.8261812	0.040152269
320	0.02979783	-5.8261025	0.039232963
320.128	0.030549183	-5.8269446	0.035701028
320.256	0.029743698	-5.8262787	0.039657889
320.384	0.030327674	-5.8270465	0.041828741
320.512	0.029783722	-5.8266583	0.044866666
320.64	0.029446777	-5.8261987	0.041699447
320.768	0.02953889	-5.8266072	0.038080256
320.896	0.029344743	-5.8262956	0.041046576
321.024	0.030054201	-5.8272065	0.039813758
321.152	0.029358897	-5.8269841	0.036773489
321.28	0.029336555	-5.8265249	0.039832989
321.408	0.029031595	-5.8266633	0.044507531
321.536	0.029587694	-5.8271084	0.041421064
321.664	0.029554962	-5.8269553	0.037056172
321.792	0.029799847	-5.8268195	0.035311639
321.92	0.029381633	-5.8265503	0.038637293
322.048	0.029262876	-5.8264777	0.040670901
322.176	0.029269443	-5.8265228	0.038788628
322.304	0.029941545	-5.8267665	0.035673504
322.432	0.029304456	-5.8262504	0.039795042
322.56	0.030043804	-5.8269426	0.041991742
322.688	0.029335812	-5.8262723	0.044048254
322.816	0.029710746	-5.8266979	0.039386929
322.944	0.029731511	-5.8263312	0.039993327
323.072	0.029820685	-5.8264367	0.042540101
323.2	0.030639178	-5.827179	0.035509634
323.328	0.030391893	-5.8267707	0.039564896
323.456	0.030260828	-5.8259643	0.045343941
323.584	0.030688473	-5.8266756	0.04005729
323.712	0.030401447	-5.8264211	0.041156692
323.84	0.030319729	-5.8259	0.041167881
323.968	0.030514102	-5.8261619	0.036028251
324.096	0.030474516	-5.8262544	0.041485398
324.224	0.030399098	-5.825988	0.044330638
324.352	0.03065406	-5.8259849	0.042054463
324.48	0.030572127	-5.8263811	0.040116223
324.608	0.030512206	-5.8264141	0.044509283
324.736	0.030299303	-5.8261603	0.045301652
324.864	0.030853518	-5.8264573	0.037124997
324.992	0.030505314	-5.8262686	0.040010781
325.12	0.030050938	-5.8258424	0.043591269
325.248	0.030564989	-5.8266459	0.043180007
325.376	0.030493138	-5.8268196	0.039781118
325.504	0.029764682	-5.8262991	0.040832889
325.632	0.030132215	-5.8270974	0.041075722
325.76	0.029686986	-5.8265229	0.037864809
325.888	0.030372754	-5.8272542	0.036069409
326.016	0.029924909	-5.8270474	0.036901736
326.144	0.029412795	-5.8264206	0.038495747
326.272	0.029694096	-5.8269556	0.041609479
326.4	0.029906385	-5.8273369	0.038812835
326.528	0.030076522	-5.8279286	0.037342485
326.656	0.030125919	-5.8280005	0.038254754
326.784	0.029295307	-5.82758	0.042665297
326.912	0.029255832	-5.8273131	0.039349931
327.04	0.03003213	-5.8280796	0.038984078
327.168	0.029239022	-5.8273717	0.040025581
327.296	0.029454746	-5.8275482	0.038634354
327.424	0.029857263	-5.82801	0.040122076
327.552	0.029541373	-5.8276289	0.039426332
327.68	0.029157442	-5.8274894	0.039791784
327.808	0.02965741	-5.827873	0.03958466
327.936	0.029399968	-5.8274053	0.041321555
328.064	0.029422708	-5.8277119	0.037874575
328.192	0.029345107	-5.8272084	0.036943898
328.32	0.029461097	-5.8272014	0.035517988
328.448	0.029636381	-5.8272422	0.038100648
328.576	0.029538309	-5.8269585	0.039700896
328.704	0.029728193	-5.8273917	0.03741016
328.832	0.029941423	-5.8275923	0.040850629
328.96	0.029944726	-5.8272302	0.042216045
329.088	0.030275141	-5.8273374	0.04147968
329.216	0.029932655	-5.8268733	0.041110203
329.344	0.030385276	-5.826895	0.038557217
329.472	0.029753659	-5.8266255	0.043940405
329.6	0.030264182	-5.8269288	0.040764475
329.728	0.030312021	-5.8268563	0.039604635
329.856	0.030964214	-5.8271526	0.039252951
329.984	0.030060928	-5.8260974	0.043699208
330.112	0.030957588	-5.8270603	0.040813929
330.24	0.030912698	-5.8273662	0.037712273
330.368	0.030220667	-5.8262393	0.040132942
330.496	0.030255062	-5.8265294	0.039416098
330.624	0.030263462	-5.8259788	0.040541574
330.752	0.031194285	-5.826969	0.038142939
330.88	0.030363753	-5.8260658	0.044811511
331.008	0.030367206	-5.826175	0.041637916
331.136	0.030541071	-5.826507	0.040214087
331.264	0.030600954	-5.8267862	0.043801024
331.392	0.029856208	-5.8261623	0.044191569
331.52	0.030520415	-5.8268324	0.039384149
331.648	0.030023541	-5.8265123	0.04325074
331.776	0.030415717	-5.8269381	0.040674835
331.904	0.030038212	-5.8268174	0.040756694
332.032	0.030326675	-5.8270682	0.036960006
332.16	0.030430721	-5.8273591	0.037172819
332.288	0.0299419	-5.8267866	0.042289112
332.416	0.029850282	-5.8268884	0.040264624
332.544	0.029291724	-5.8267936	0.039302932
332.672	0.030166285	-5.8275571	0.039693441
332.8	0.029578225	-5.827199	0.041789568
332.928	0.029506502	-5.8269065	0.039596735
333.056	0.029951733	-5.8274481	0.037093906
333.184	0.029713626	-5.8277239	0.037422593
333.312	0.029488561	-5.8277622	0.037427668
333.44	0.029584689	-5.8278055	0.038223366
333.568	0.02974949	-5.8276133	0.038139975
333.696	0.029053221	-5.8267833	0.040165113
333.824	0.029775445	-5.8275998	0.038224304
333.952	0.029532409	-5.8277275	0.037495741
334.08	0.029259218	-5.8273817	0.037174816
334.208	0.0291403	-5.8271983	0.040030686
334.336	0.029711674	-5.8272881	0.037121464
334.464	0.02957575	-5.8272893	0.036231435
334.592	0.029881878	-5.8279998	0.041837042
334.72	0.029855908	-5.8277371	0.042131991
334.848	0.029217805	-5.8268996	0.039952585
334.976	0.030094682	-5.8276718	0.039227485
335.104	0.029960792	-5.8273035	0.038955327
335.232	0.029856327	-5.8270651	0.036378648
335.36	0.030098556	-5.8273251	0.035955345
335.488	0.029993301	-5.8270144	0.038367855
335.616	0.029691948	-5.8264509	0.041737916
335.744	0.030173413	-5.8267305	0.041411417
335.872	0.03040577	-5.8268554	0.041033031
336	0.029883646	-5.8265458	0.041033109
336.128	0.030750842	-5.8271409	0.041307444
336.256	0.030000491	-5.8261776	0.04577077
336.384	0.030721135	-5.8268501	0.04418601
336.512	0.030569554	-5.826718	0.045171444
336.64	0.030798014	-5.8266261	0.045712315
336.768	0.030171259	-5.8256872	0.045460047
336.896	0.030213727	-5.8259878	0.038101121
337.024	0.03115144	-5.8272969	0.035665895
337.152	0.030319582	-5.8264193	0.045377162
337.28	0.030904446	-5.8268231	0.037164679
337.408	0.03027206	-5.8264107	0.038230658
337.536	0.030508401	-5.8268108	0.040958202
337.664	0.030400756	-5.8266156	0.039116129
337.792	0.030183723	-5.8264996	0.040617727
337.92	0.030060919	-5.8264688	0.038935785
338.048	0.030200806	-5.8265845	0.039094339
338.176	0.030803604	-5.8272628	0.036746635
338.304	0.030389265	-5.8271702	0.039467393
338.432	0.02986687	-5.8268261	0.043328399
338.56	0.030429669	-5.8274423	0.041358478
338.688	0.029691869	-5.8268593	0.041568069
338.816	0.030078114	-5.8272949	0.038883407
338.944	0.029336841	-5.8268492	0.038269278
339.072	0.029963717	-5.8274353	0.03916636
339.2	0.0297696	-5.8274906	0.038208685
339.328	0.029194007	-5.8270801	0.037824154
339.456	0.029684166	-5.8277165	0.037242755
339.584	0.029130331	-5.8272598	0.038772071
339.712	0.029266812	-5.8271512	0.037806916
339.84	0.02938133	-5.827259	0.035469157
339.968	0.029683462	-5.8274239	0.039571151
340.096	0.029900694	-5.8279465	0.04050586
340.224	0.029238149	-5.8273411	0.043909845
340.352	0.029506387	-5.8277307	0.038474211
340.48	0.029514929	-5.8278307	0.036644351
340.608	0.029585747	-5.8280185	0.037104641
340.736	0.029295216	-5.8275712	0.036707586
340.864	0.029436683	-5.8273961	0.039573339
340.992	0.029283944	-5.8272539	0.039355447
341.12	0.029741274	-5.8274609	0.036931906
341.248	0.029621799	-5.8271051	0.036315223
341.376	0.029805581	-5.8272198	0.037380773
341.504	0.029550151	-5.826734	0.038446332
341.632	0.03039353	-5.8275623	0.037979754
341.76	0.029665924	-5.8268756	0.043165022
341.888	0.030362349	-5.8273801	0.036028567
342.016	0.030507461	-5.8275	0.037324372
342.144	0.030260629	-5.8267548	0.03852627
342.272	0.030044529	-5.8264779	0.039079411
342.4	0.030349661	-5.8268506	0.041850045
342.528	0.030323693	-5.8263209	0.043248878
342.656	0.030222791	-5.8261363	0.042489763
342.784	0.030208827	-5.8260024	0.044811964
342.912	0.03060407	-5.8262315	0.041576929
343.04	0.030941406	-5.8266952	0.036873274
343.168	0.030454349	-5.8265349	0.041848816
343.296	0.030614592	-5.8262838	0.041535738
343.424	0.030342223	-5.8260467	0.04241811
343.552	0.030990162	-5.8269501	0.038093601
343.68	0.030606128	-5.8264127	0.040045498
343.808	0.030412771	-5.82622	0.041356446
343.936	0.030427314	-5.8263921	0.041541126
344.064	0.030246933	-5.8265339	0.043157848
344.192	0.030279141	-5.8266669	0.041388503
344.32	0.030462406	-5.826878	0.039270249
344.448	0.029645563	-5.826368	0.042462428
344.576	0.030327915	-5.8270512	0.039539221
344.704	0.030127179	-5.8270847	0.038646172
344.832	0.029981379	-5.8266373	0.040453198
344.96	0.030253707	-5.8273852	0.032340812
345.088	0.029898438	-5.827143	0.035118435
345.216	0.030126078	-5.8277647	0.038543263
345.344	0.02974187	-5.8274499	0.041532061
345.472	0.029439537	-5.8275228	0.039786309
345.6	0.02940969	-5.8272281	0.037533762
345.728	0.029698114	-5.827912	0.037637265
345.856	0.029605838	-5.8277343	0.037162677
345.984	0.029373454	-5.8275433	0.038886854
346.112	0.028892445	-5.8268031	0.04301162
346.24	0.029597611	-5.8277221	0.036496343
346.368	0.029831199	-5.8278663	0.035398959
346.496	0.028921015	-5.8270072	0.040852529
346.624	0.029266873	-5.8275728	0.039359499
346.752	0.028987427	-5.8270907	0.042590593
346.88	0.02986675	-5.8278804	0.039559109
347.008	0.02940792	-5.8272688	0.039623222
347.136	0.029453825	-5.8272453	0.038616044
347.264	0.029580912	-5.8273547	0.036466112
347.392	0.029278101	-5.8268682	0.038771976
347.52	0.029575541	-5.8269085	0.038184925
347.648	0.030278388	-5.8276528	0.035081533
347.776	0.029219924	-5.8266077	0.043393771
347.904	0.030050939	-5.8272882	0.04166498
348.032	0.029707086	-5.8268782	0.037895481
348.16	0.030241051	-5.8271419	0.039957247
348.288	0.030044613	-5.8265328	0.042853801
348.416	0.030490085	-5.8270558	0.039961316
348.544	0.029974355	-5.8263813	0.039617055
348.672	0.030546995	-5.8266964	0.039989802
348.8	0.029856275	-5.8257389	0.043700883
348.928	0.030700286	-5.8265086	0.042487641
349.056	0.030334718	-5.8265467	0.038744266
349.184	0.030543469	-5.8265148	0.037631865
349.312	0.030585597	-5.826506	0.040124994
349.44	0.03086683	-5.8267081	0.038172782
349.568	0.030344789	-5.8261287	0.039393147
349.696	0.031187823	-5.8268067	0.040645162
349.824	0.030062648	-5.8259339	0.04274014
349.952	0.030489853	-5.8263976	0.043875829
350.08	0.03094353	-5.8268776	0.043614757
350.208	0.030629279	-5.8266883	0.041716019
350.336	0.029683201	-5.8259792	0.042829387
350.464	0.030777625	-5.8271255	0.042881382
350.592	0.030772523	-5.8269411	0.040440413
350.72	0.02949636	-5.8259023	0.040869061
350.848	0.030421221	-5.8268867	0.037379063
350.976	0.030267289	-5.8268616	0.037996685
351.104	0.030085844	-5.8271423	0.039278679
351.232	0.03018629	-5.8275942	0.036668422
351.36	0.029932416	-5.827199	0.036975695
351.488	0.02932283	-5.8269264	0.038361815
351.616	0.030416762	-5.828042	0.034899139
351.744	0.029348072	-5.8270083	0.036974547
351.872	0.029325617	-5.8270108	0.038458952
352	0.029618296	-5.8273951	0.036557975
352.128	0.029484019	-5.8275445	0.039852839
352.256	0.029667	-5.8276472	0.03979333
352.384	0.029437522	-5.8278955	0.039074946
352.512	0.029465666	-5.8279079	0.039137912
352.64	0.029252113	-5.8275887	0.036829123
352.768	0.029605623	-5.8279331	0.038190631
352.896	0.029571974	-5.8278122	0.036489574
353.024	0.029681514	-5.8277045	0.03765223
353.152	0.028918192	-5.8269707	0.037849137
353.28	0.029683836	-5.8279996	0.033573495
353.408	0.029656285	-5.8276743	0.039012636
353.536	0.029221723	-5.8270032	0.041016706
353.664	0.029490569	-5.8270897	0.038262165
353.792	0.029734114	-5.8272818	0.0397131
353.92	0.029709651	-5.8272925	0.041485283
354.048	0.029897915	-5.8273297	0.040088176
354.176	0.029805138	-5.8268778	0.038576034
354.304	0.029878923	-5.8268458	0.039862381
354.432	0.029668553	-5.826461	0.041601951
354.56	0.030432335	-5.8271477	0.043507483
354.688	0.030680783	-5.8270698	0.044226912
354.816	0.030603477	-5.8266822	0.039185674
354.944	0.029907333	-5.8257497	0.041390675
355.072	0.030501639	-5.8261945	0.040404485
355.2	0.030709023	-5.826548	0.038844534
355.328	0.030322931	-5.8263495	0.045423164
355.456	0.030449084	-5.8264913	0.047732896
355.584	0.030475252	-5.8265436	0.040971185
355.712	0.030445232	-5.8263212	0.042804584
355.84	0.030861674	-5.8264244	0.041328469
355.968	0.030602157	-5.8263582	0.040910522
356.096	0.029922199	-5.8257679	0.040999172
356.224	0.030679136	-5.8266709	0.037518585
356.352	0.030966282	-5.8270677	0.039429675
356.48	0.030071431	-5.8260883	0.041993571
356.608	0.03035711	-5.8266048	0.03956572
356.736	0.031000702	-5.8273659	0.038845993
356.864	0.030428678	-5.8269755	0.041065948
356.992	0.030348773	-5.8268414	0.041188903
357.12	0.0299529	-5.8265774	0.04147406
357.248	0.030165185	-5.8269047	0.036939837
357.376	0.030182381	-5.8266691	0.040053473
357.504	0.030183908	-5.8270242	0.038863953
357.632	0.029699603	-5.8267932	0.035694293
357.76	0.029461392	-5.8266085	0.039480145
357.888	0.029896917	-5.827433	0.039166361
358.016	0.029411431	-5.8269603	0.040130937
358.144	0.029585407	-5.8272849	0.039571602
358.272	0.029322674	-5.8270302	0.040251199
358.4	0.029607284	-5.8273829	0.0370604
358.528	0.029807251	-5.8279691	0.034593046
358.656	0.029754656	-5.8277356	0.0395112
358.784	0.029497803	-5.8276069	0.042471769
358.912	0.029374915	-5.8277073	0.04047593
359.04	0.029444389	-5.8280252	0.039380308
359.168	0.029796998	-5.8280304	0.038247028
359.296	0.029580682	-5.8275154	0.039430035
359.424	0.029484846	-5.8277005	0.039521135
359.552	0.02934864	-5.8275581	0.03807199
359.68	0.029268908	-5.827185	0.038602898
359.808	0.029382713	-5.8274276	0.040207388
359.936	0.029941283	-5.8276399	0.040697407
360.064	0.029334869	-5.8268771	0.040688754
360.192	0.029950063	-5.8270335	0.04030725
360.32	0.029924697	-5.8272661	0.038850936
360.448	0.029759676	-5.8270145	0.040457696
360.576	0.030506919	-5.8276536	0.0394172
360.704	0.029706493	-5.8268523	0.041355643
360.832	0.029957087	-5.8271177	0.042477206
360.96	0.030177776	-5.8266653	0.04118809
361.088	0.029924763	-5.8264139	0.040492452
361.216	0.030146241	-5.8266767	0.03867115
361.344	0.030100535	-5.8262023	0.040054241
361.472	0.030859571	-5.8269767	0.041200078
361.6	0.03071138	-5.8270861	0.039445203
361.728	0.030555375	-5.826553	0.040399795
361.856	0.02984941	-5.8262152	0.040629391
361.984	0.030758979	-5.8271413	0.038065569
362.112	0.030807595	-5.8267711	0.039266986
362.24	0.030135063	-5.8258845	0.039671169
362.368	0.031070587	-5.8267256	0.0404722
362.496	0.030553837	-5.8260007	0.041447033
362.624	0.030194282	-5.8259071	0.04045164
362.752	0.030896305	-5.8265835	0.039865747
362.88	0.03047295	-5.8263466	0.040131269
363.008	0.030511571	-5.8263477	0.039420788
363.136	0.030134041	-5.8261664	0.04278905
363.264	0.030773059	-5.8268425	0.039836264
363.392	0.030213022	-5.8267504	0.041456851
363.52	0.029944276	-5.8266916	0.043934448
363.648	0.030332598	-5.8269025	0.039185559
363.776	0.030118502	-5.8272239	0.036409775
363.904	0.030339288	-5.8275176	0.039052993
364.032	0.030059565	-5.8272388	0.038379792
364.16	0.029492464	-5.8269596	0.038922713
364.288	0.029708816	-5.8271419	0.039872034
364.416	0.030417788	-5.827711	0.036326683
364.544	0.029161859	-5.8268559	0.040118222
364.672	0.029458131	-5.8271744	0.044627282
364.8	0.029546836	-5.8272794	0.04316684
364.928	0.029506471	-5.8276351	0.036927767
365.056	0.029480985	-5.8278585	0.036786797
365.184	0.029151526	-5.8275901	0.039031622
365.312	0.029214103	-5.8276201	0.038079573
365.44	0.029569059	-5.8276586	0.036070792
365.568	0.029584902	-5.8277598	0.037216294
365.696	0.029624805	-5.82785	0.038791157
365.824	0.028754715	-5.8269322	0.044206255
365.952	0.029756416	-5.8278693	0.038453338
366.08	0.028946831	-5.8271653	0.039464197
366.208	0.029827099	-5.8276079	0.042186371
366.336	0.029670892	-5.8274065	0.03912167
366.464	0.02976046	-5.8275625	0.034546541
366.592	0.029518308	-5.8269251	0.038139381
366.72	0.030026497	-5.827453	0.037283105
366.848	0.029845777	-5.8273458	0.038843304
366.976	0.030455867	-5.8276901	0.03718924
367.104	0.029461604	-5.8263461	0.039260987
367.232	0.029845513	-5.8268444	0.041331136
367.36	0.030488563	-5.8273039	0.041687674
367.488	0.030342851	-5.8269909	0.040172243
367.616	0.030078597	-5.8263515	0.038224802
367.744	0.030398518	-5.8265933	0.039428311
367.872	0.031069945	-5.8273971	0.040930392
368	0.029952401	-5.8260296	0.046757916
368.128	0.030440619	-5.8264586	0.043047871
368.256	0.030437219	-5.8265086	0.042299144
368.384	0.030610895	-5.8265883	0.046164141
368.512	0.030812916	-5.8266406	0.038976548
368.64	0.029937888	-5.8255213	0.039926007
368.768	0.030794733	-5.8265701	0.04259118
368.896	0.030155024	-5.8263761	0.04596971
369.024	0.030959469	-5.8271231	0.037718698
369.152	0.030501201	-5.8262908	0.040630855
369.28	0.030429348	-5.8262322	0.041712843
369.408	0.030658181	-5.8264655	0.038730959
369.536	0.030799229	-5.8267436	0.03979613
369.664	0.03019928	-5.8264522	0.0412037
369.792	0.030261731	-5.8268258	0.041954471
369.92	0.030289849	-5.8266484	0.041622486
370.048	0.030016141	-5.8266411	0.041316887
370.176	0.03023387	-5.8269779	0.039626643
370.304	0.029956565	-5.8270029	0.039964865
370.432	0.029732911	-5.8267404	0.041405797
370.56	0.029896507	-5.8274264	0.039318038
370.688	0.029092461	-5.8265928	0.038381468
370.816	0.030016143	-5.827435	0.036183932
370.944	0.029514238	-5.8272294	0.036743682
371.072	0.029889427	-5.827628	0.033585314
371.2	0.029725355	-5.8274086	0.036787637
371.328	0.029374526	-5.8273798	0.038686012
371.456	0.029439632	-5.8277895	0.037499258
371.584	0.029431686	-5.8273731	0.037590667
371.712	0.029672316	-5.827997	0.034773931
371.84	0.028859135	-5.8269131	0.039951058
371.968	0.029692366	-5.827939	0.039547361
372.096	0.029421387	-5.827636	0.039657731
372.224	0.029328726	-5.8272979	0.03739821
372.352	0.029661265	-5.8275592	0.037522903
372.48	0.029642976	-5.8274419	0.040852751
372.608	0.029402797	-5.8270494	0.039226509
372.736	0.02931191	-5.8268024	0.037784632
372.864	0.030045778	-5.8277428	0.039550882
372.992	0.029914013	-5.827419	0.042340911
373.12	0.029701907	-5.8272317	0.037220955
373.248	0.029826289	-5.8269382	0.038039843
373.376	0.029882957	-5.8270688	0.042109342
373.504	0.030324152	-5.8272872	0.039802959
373.632	0.030592202	-5.8274167	0.040392812
373.76	0.030151594	-5.8268814	0.043827617
373.888	0.029617076	-5.8262054	0.044888749
374.016	0.030386388	-5.8269399	0.038930384
374.144	0.030449497	-5.8269246	0.037152815
374.272	0.030081103	-5.8262531	0.040178931
374.4	0.03096436	-5.8272834	0.039302597
374.528	0.030823421	-5.8269205	0.039727211
374.656	0.030068895	-5.8262032	0.041879558
374.784	0.030443018	-5.8265312	0.040606357
374.912	0.030238298	-5.8262577	0.044189544
375.04	0.030528506	-5.8265895	0.04276083
375.168	0.030574184	-5.8267423	0.040045358
375.296	0.030398429	-5.8264255	0.041755798
375.424	0.030004788	-5.8261999	0.040644695
375.552	0.0306458	-5.8270514	0.038756426
375.68	0.029975839	-5.8265489	0.043202335
375.808	0.030597557	-5.8272369	0.03969238
375.936	0.030288006	-5.8270605	0.038689878
376.064	0.030674338	-5.827369	0.040014298
376.192	0.029851828	-5.8266942	0.043070404
376.32	0.030146162	-5.8270324	0.038073398
376.448	0.030032613	-5.8269137	0.03891494
376.576	0.029515156	-5.8265958	0.04138616
376.704	0.030004107	-5.827165	0.037528967
376.832	0.030211623	-5.8274653	0.040516135
376.96	0.029463143	-5.8265605	0.041947973
377.088	0.029729392	-5.8274157	0.039289928
377.216	0.030361895	-5.8279316	0.037006219
377.344	0.02906815	-5.8268707	0.043886303
377.472	0.029625791	-5.8274948	0.040049211
377.6	0.029293364	-5.8273264	0.037161827
377.728	0.029786942	-5.8276208	0.036457641
377.856	0.029149859	-5.827038	0.039662827
377.984	0.029642496	-5.8277775	0.036973169
378.112	0.029123792	-5.8270353	0.039809907
378.24	0.029651936	-5.8273235	0.038710593
378.368	0.029608964	-5.827591	0.038408585
378.496	0.029823715	-5.8277036	0.0383563
378.624	0.029384433	-5.8271834	0.037483593
378.752	0.029873542	-5.8279473	0.036724872
378.88	0.029476332	-5.827304	0.038295669
379.008	0.029413408	-5.8269503	0.038386427
379.136	0.029519433	-5.8270673	0.038173592
379.264	0.029828774	-5.8271163	0.036079731
379.392	0.029459661	-5.826628	0.040938898
379.52	0.029939711	-5.8270151	0.039320483
379.648	0.030509659	-5.8273229	0.034697654
379.776	0.030076445	-5.8270468	0.038539548
379.904	0.03029477	-5.8270275	0.039802639
380.032	0.030213417	-5.826617	0.038245081
380.16	0.029970335	-5.8262414	0.040947213
380.288	0.030163414	-5.8263643	0.040006172
380.416	0.030448667	-5.8268634	0.041427187
380.544	0.030617682	-5.8267597	0.040110056
380.672	0.03071566	-5.8267943	0.043306911
380.8	0.030121788	-5.8261524	0.045984532
380.928	0.030495254	-5.8263821	0.039225121
381.056	0.030657377	-5.8263814	0.038653175
381.184	0.030760459	-5.8266825	0.042227341
381.312	0.030458183	-5.8266151	0.041965698
381.44	0.030667444	-5.8265456	0.042084831
381.568	0.030111893	-5.8261923	0.040991083
381.696	0.030385405	-5.8264162	0.040645093
381.824	0.030303977	-5.8262347	0.042856894
381.952	0.030445674	-5.8265509	0.040551346
382.08	0.030639276	-5.8269047	0.040761577
382.208	0.030507089	-5.8267578	0.043246504
382.336	0.030245488	-5.8267752	0.042905493
382.464	0.030376517	-5.82722	0.039894101
382.592	0.030584401	-5.8274017	0.036050586
382.72	0.029907842	-5.8268779	0.039786899
382.848	0.029945687	-5.8270411	0.041401991
382.976	0.029597617	-5.8266697	0.042555151
383.104	0.029818436	-5.8270426	0.040905784
383.232	0.029914183	-5.8272898	0.040194782
383.36	0.029775036	-5.8270532	0.037167837
383.488	0.029563431	-5.8270328	0.036340351
383.616	0.029521565	-5.8269849	0.040488535
383.744	0.030392172	-5.8280373	0.035564644
383.872	0.029288061	-5.8273369	0.035230743
384	0.029041276	-5.827318	0.038379073
384.128	0.029632345	-5.8278529	0.038718296
384.256	0.029304572	-5.8276562	0.036394794
384.384	0.028912197	-5.8268995	0.038360934
384.512	0.029107354	-5.8270709	0.038343924
384.64	0.029396198	-5.8275938	0.035918736
384.768	0.029814556	-5.8278982	0.035514374
384.896	0.029546629	-5.8279985	0.036605674
385.024	0.029406501	-5.8273973	0.036765582
385.152	0.030019798	-5.8279907	0.034873936
385.28	0.029809005	-5.8275762	0.037415844
385.408	0.029151922	-5.8267841	0.040557318
385.536	0.030258484	-5.8278074	0.03659076
385.664	0.029456441	-5.8267615	0.041971469
385.792	0.029882935	-5.8275951	0.040608484
385.92	0.03010132	-5.827376	0.039830126
386.048	0.029473895	-5.8266043	0.038962256
386.176	0.030142885	-5.8271296	0.038594803
386.304	0.030470298	-5.8271087	0.039613748
386.432	0.029942218	-5.826491	0.040947417
386.56	0.029961517	-5.8263859	0.044129164
386.688	0.03048669	-5.8269144	0.04099912
386.816	0.030697318	-5.8266124	0.0414369
386.944	0.030243232	-5.8262314	0.043331304
387.072	0.030228427	-5.8263962	0.044637127
387.2	0.030911161	-5.8266356	0.043065099
387.328	0.030214334	-5.8258272	0.044979946
387.456	0.030425486	-5.8257947	0.042836825
387.584	0.030721684	-5.8263996	0.041114188
387.712	0.030684189	-5.8265802	0.043037103
387.84	0.030373718	-5.8261769	0.041034033
387.968	0.030452141	-5.826686	0.040999388
388.096	0.030604673	-5.8266447	0.042429092
388.224	0.030285732	-5.8262842	0.041036194
388.352	0.030549273	-5.8266984	0.041306418
388.48	0.030540225	-5.8265602	0.042687145
388.608	0.030796977	-5.8271682	0.043268125
388.736	0.030028118	-5.8264105	0.042658821
388.864	0.029788231	-5.8262215	0.040176403
388.992	0.030388184	-5.8268512	0.04057312
389.12	0.029728697	-5.8265657	0.040206315
389.248	0.029723456	-5.826647	0.039280774
389.376	0.029963665	-5.8269304	0.038288466
389.504	0.029959738	-5.827066	0.038800526
389.632	0.02998072	-5.8278182	0.03819962
389.76	0.029400691	-5.8268829	0.039366773
389.888	0.030102654	-5.82759	0.036586431
390.016	0.02942196	-5.8271139	0.04165229
390.144	0.029824926	-5.8277763	0.040966238
390.272	0.029307891	-5.8272119	0.041163794
390.4	0.029298553	-5.8272813	0.038428548
390.528	0.029777816	-5.8279874	0.036667727
390.656	0.029738456	-5.8278011	0.038589287
390.784	0.028845121	-5.8273657	0.035776343
390.912	0.029422085	-5.8274657	0.033713753
391.04	0.029642976	-5.8275418	0.038735824
391.168	0.029250349	-5.8275031	0.03886958
391.296	0.029053158	-5.8270847	0.038009909
391.424	0.029508654	-5.8271626	0.038652337
391.552	0.02968869	-5.827389	0.040718861
391.68	0.029684943	-5.8277299	0.037450549
391.808	0.029750681	-5.8274781	0.03856775
391.936	0.030126649	-5.8275231	0.040070501
392.064	0.029827553	-5.8273949	0.041874265
392.192	0.029782951	-5.8270958	0.040615447
392.32	0.030218392	-5.8273495	0.038694795
392.448	0.030086367	-5.8268903	0.042361637
392.576	0.030329861	-5.8270654	0.040513994
392.704	0.030468601	-5.8273012	0.038338242
392.832	0.029955251	-5.8266677	0.040461238
392.96	0.030652841	-5.8268347	0.039778605
393.088	0.030473773	-5.8265388	0.039714315
393.216	0.030279874	-5.8263297	0.037962523
393.344	0.030703962	-5.8266075	0.039752829
393.472	0.030261057	-5.8261435	0.043733705
393.6	0.030376033	-5.8266079	0.04159409
393.728	0.030272876	-5.8262685	0.040450484
393.856	0.030879646	-5.8270561	0.038705924
393.984	0.030167679	-5.8257624	0.040441807
394.112	0.030898017	-5.8264671	0.037369649
394.24	0.030649051	-5.8264028	0.041018343
394.368	0.030253892	-5.8261666	0.042722128
394.496	0.030642945	-5.8262843	0.041782308
394.624	0.030757915	-5.8264824	0.041578415
394.752	0.030451556	-5.8268395	0.043364565
394.88	0.029763609	-5.8261667	0.04573629
395.008	0.030129091	-5.8264483	0.042565639
395.136	0.030441826	-5.8269431	0.039172624
395.264	0.03000273	-5.8267036	0.041446296
395.392	0.030119728	-5.8270792	0.037590353
395.52	0.029758836	-5.8268812	0.042320557
395.648	0.029917773	-5.8270908	0.042520231
395.776	0.030119562	-5.8273438	0.039746612
395.904	0.029593228	-5.8270252	0.041558067
396.032	0.02946331	-5.8266952	0.038051972
396.16	0.029425824	-5.8267766	0.038764197
396.288	0.029324363	-5.8266926	0.041907272
396.416	0.029746654	-5.8272227	0.040649124
396.544	0.029856844	-5.8275593	0.038907307
396.672	0.02968475	-5.8274997	0.038262114
396.8	0.029346151	-5.8272193	0.03981056
396.928	0.029640971	-5.8275282	0.036143667
397.056	0.029146244	-5.8272296	0.036728714
397.184	0.02958692	-5.8276466	0.039303629
397.312	0.029746992	-5.8276663	0.039376913
397.44	0.029598466	-5.8272486	0.038176698
397.568	0.029822007	-5.8278612	0.038539504
397.696	0.029531437	-5.8275525	0.039577499
397.824	0.029665548	-5.8276926	0.036968018
397.952	0.029618711	-5.8274271	0.039441553
398.08	0.029605532	-5.827243	0.043932126
398.208	0.030066636	-5.8276803	0.03749372
398.336	0.029715603	-5.8273079	0.037789306
398.464	0.03006874	-5.8274742	0.03839894
398.592	0.029989345	-5.8275311	0.037300466
398.72	0.030002885	-5.82721	0.03740498
398.848	0.030100941	-5.8269988	0.034627319
398.976	0.030135005	-5.8271964	0.038584606
399.104	0.030287158	-5.8268127	0.042512409
399.232	0.030004844	-5.8265193	0.042135034
399.36	0.030326652	-5.8266264	0.040902808
399.488	0.030268016	-5.8265359	0.040857916
399.616	0.030944448	-5.8270031	0.039926371
399.744	0.030041615	-5.826405	0.043500448
399.872	0.0306235	-5.8266957	0.043225605
400	0.030447082	-5.8263819	0.041127303
400.128	0.030284482	-5.8261388	0.042002707
400.256	0.030644323	-5.8266307	0.041867581
400.384	0.03063361	-5.8267423	0.041700585
400.512	0.030583716	-5.8265703	0.042791047
400.64	0.030530669	-5.8265126	0.046910072
400.768	0.030769057	-5.8265388	0.044390653
400.896	0.029962264	-5.8259708	0.040595662
401.024	0.030357829	-5.8265626	0.043128022
401.152	0.030121239	-5.8259557	0.042701109
401.28	0.030414294	-5.826602	0.040739259
401.408	0.030091261	-5.8264901	0.043661547
401.536	0.030698975	-5.827312	0.03945901
401.664	0.029960808	-5.8267297	0.03829791
401.792	0.030094002	-5.8269823	0.038186144
401.92	0.029482376	-5.8262559	0.042187888
402.048	0.029713386	-5.8267094	0.040155103
402.176	0.030103647	-5.8277021	0.036949738
402.304	0.02963401	-5.8272358	0.038888272
402.432	0.029480813	-5.8270865	0.038372057
402.56	0.02921821	-5.8266979	0.042267918
402.688	0.030045366	-5.8277627	0.037597759
402.816	0.029517562	-5.8270458	0.037911023
402.944	0.029457792	-5.8272204	0.041370875
403.072	0.029565149	-5.8271542	0.036756558
403.2	0.029373982	-5.8275563	0.037511698
403.328	0.029667308	-5.8281152	0.037582287
403.456	0.029038153	-5.8271011	0.04006069
403.584	0.029672787	-5.8276811	0.034052498
403.712	0.029740864	-5.8278341	0.0339256
403.84	0.029221976	-5.8270591	0.041149136
403.968	0.029722563	-5.8273513	0.036100895
404.096	0.029577571	-5.8274739	0.038374158
404.224	0.029736723	-5.8276876	0.04165235
404.352	0.029398763	-5.8269117	0.038890431
404.48	0.030095725	-5.827194	0.038468238
404.608	0.029647906	-5.8270334	0.043696576
404.736	0.029644343	-5.8270518	0.039259428
404.864	0.030294605	-5.8274598	0.03952988
404.992	0.029735227	-5.8268215	0.040420089
405.12	0.029932393	-5.8265156	0.043033784
405.248	0.030764199	-5.8273383	0.04319261
405.376	0.029963967	-5.8265165	0.041701822
405.504	0.030150295	-5.8267546	0.042254811
405.632	0.030591134	-5.8269851	0.041732418
405.76	0.030336638	-5.8265353	0.040153026
405.888	0.03043403	-5.8265714	0.043890214
406.016	0.030383566	-5.8264449	0.042891673
406.144	0.030240241	-5.8264265	0.036684948
406.272	0.030345238	-5.8263789	0.037938367
406.4	0.030827331	-5.8268155	0.043607653
406.528	0.030443735	-5.8265709	0.044334991
406.656	0.030608401	-5.8267668	0.044556118
406.784	0.030085165	-5.8260074	0.046398263
406.912	0.030543952	-5.826338	0.043988752
407.04	0.030088574	-5.8262069	0.042865687
407.168	0.030334407	-5.8268748	0.043680218
407.296	0.030482558	-5.8270502	0.039418488
407.424	0.030702831	-5.8270488	0.037344018
407.552	0.030184452	-5.8266998	0.040651953
407.68	0.030366478	-5.8268262	0.04334081
407.808	0.030069137	-5.826635	0.046417159
407.936	0.030379857	-5.827036	0.04246061
408.064	0.030024562	-5.8269969	0.042709853
408.192	0.03006933	-5.8272258	0.041492968
408.32	0.02958002	-5.8267765	0.040049623
408.448	0.030197089	-5.8273675	0.040405503
408.576	0.03031474	-5.8280565	0.04100134
408.704	0.029160801	-5.826944	0.03933752
408.832	0.029764549	-5.8274669	0.03936478
408.96	0.029538278	-5.8275129	0.040446433
409.088	0.029567968	-5.8276058	0.037453653
409.216	0.02966663	-5.8274616	0.032082723
409.344	0.029358284	-5.8272012	0.033947614
409.472	0.028895874	-5.8267939	0.038061333
409.6	0.02951802	-5.8274622	0.033115793
409.728	0.029448755	-5.8275836	0.034080125
409.856	0.029872668	-5.8276968	0.03725454
409.984	0.029106156	-5.8268056	0.041527663
410.112	0.029992998	-5.8275756	0.03743179
410.24	0.029442059	-5.8273876	0.039730195
410.368	0.029173628	-5.8272401	0.040445156
410.496	0.029840146	-5.8277325	0.03644732
410.624	0.029700442	-5.8273885	0.037646172
410.752	0.029311297	-5.8268604	0.039895716
410.88	0.029945625	-5.8276353	0.038602006
411.008	0.029464116	-5.8265561	0.04070756
411.136	0.030419484	-5.8275363	0.037245291
411.264	0.029873772	-5.8267922	0.040378893
411.392	0.03007165	-5.8267636	0.040668824
411.52	0.030074602	-5.8266563	0.039489898
411.648	0.030573586	-5.82701	0.037562205
411.776	0.030264142	-5.8265863	0.042834825
411.904	0.030519499	-5.8265613	0.041628381
412.032	0.030076376	-5.8261826	0.042977397
412.16	0.030676378	-5.8267782	0.043825983
412.288	0.030247599	-5.8263711	0.047378156
412.416	0.029917813	-5.8258348	0.04460156
412.544	0.030843489	-5.8267064	0.037439339
412.672	0.030852562	-5.8267839	0.039482221
412.8	0.030800912	-5.826777	0.043285336
412.928	0.030412146	-5.8264651	0.042461679
413.056	0.030238701	-5.8262473	0.040760402
413.184	0.030687696	-5.8264338	0.040771765
413.312	0.030184366	-5.826272	0.041728996
413.44	0.030534895	-5.8266572	0.041211741
413.568	0.029967366	-5.8264006	0.038985244
413.696	0.029748934	-5.8262985	0.041234742
413.824	0.03089	-5.8273687	0.040706468
413.952	0.030339695	-5.8269706	0.039671594
414.08	0.029910902	-5.8266986	0.039094103
414.208	0.029866173	-5.8265532	0.042458081
414.336	0.029873675	-5.8268422	0.041016268
414.464	0.030259264	-5.8276653	0.037945782
414.592	0.029805677	-5.8271206	0.041720123
414.72	0.029792179	-5.8269741	0.038639061
414.848	0.02959262	-5.82694	0.037665525
414.976	0.029675443	-5.8275222	0.039437097
415.104	0.029248828	-5.8271426	0.041980573
415.232	0.030095817	-5.8278628	0.0367584
415.36	0.029244106	-5.8268149	0.037517379
415.488	0.029624412	-5.8274819	0.036010352
415.616	0.029187229	-5.8270042	0.038499862
415.744	0.029867369	-5.8281226	0.037392063
415.872	0.029554337	-5.8278969	0.037993917
416	0.02942394	-5.8275507	0.039399064
416.128	0.02949563	-5.8273984	0.038309062
416.256	0.029243604	-5.8271624	0.038268689
416.384	0.02959139	-5.8273038	0.038154071
416.512	0.029668185	-5.8273902	0.03766888
416.64	0.029574957	-5.8273867	0.038233358
416.768	0.029351872	-5.827149	0.035663992
416.896	0.029667477	-5.8274256	0.034794574
417.024	0.029783263	-5.8276366	0.037342816
417.152	0.029755258	-5.8274927	0.039067046
417.28	0.029560724	-5.8268247	0.041441145
417.408	0.029918215	-5.826941	0.0404947
417.536	0.029987444	-5.8269617	0.041981236
417.664	0.029747593	-5.8269366	0.041858075
417.792	0.030218874	-5.826903	0.040035199
417.92	0.030248874	-5.8268097	0.041336809
418.048	0.029734346	-5.8262	0.041706967
418.176	0.030460986	-5.8269238	0.040035908
418.304	0.030817565	-5.8269232	0.039066391
418.432	0.029868649	-5.8260676	0.04231272
418.56	0.030575541	-5.8264369	0.038251819
418.688	0.030756604	-5.8269438	0.038452797
418.816	0.030708917	-5.8269367	0.038985842
418.944	0.029967681	-5.8258321	0.039339537
419.072	0.030280172	-5.8259987	0.040792404
419.2	0.031095528	-5.8270328	0.041179642
419.328	0.030717146	-5.8266632	0.042779126
419.456	0.030167729	-5.8259554	0.045139713
419.584	0.030976412	-5.8266387	0.043319396
419.712	0.030066686	-5.8258484	0.041657421
419.84	0.030849592	-5.8268076	0.0390892
419.968	0.030618182	-5.8270694	0.041063453
420.096	0.030217678	-5.8266962	0.042749237
420.224	0.030030622	-5.826353	0.043614826
420.352	0.030010711	-5.8264627	0.041588855
420.48	0.029822915	-5.8264531	0.042242821
420.608	0.029659369	-5.8267239	0.041584197
420.736	0.030415291	-5.8275759	0.037968469
420.864	0.030099737	-5.8270511	0.040354902
420.992	0.029645651	-5.8268238	0.042740374
421.12	0.029254356	-5.8266947	0.039567901
421.248	0.029969261	-5.8275583	0.038174419
421.376	0.029509822	-5.8271314	0.039641801
421.504	0.029836259	-5.8276458	0.039024008
421.632	0.029258782	-5.8274597	0.043044068
421.76	0.029222512	-5.8275052	0.039671047
421.888	0.029684221	-5.8274723	0.040314802
422.016	0.02954531	-5.8272186	0.039687577
422.144	0.029106818	-5.8270114	0.039200672
422.272	0.029641087	-5.8274663	0.035190164
422.4	0.029559533	-5.8275724	0.036798622
422.528	0.029117216	-5.8270107	0.041158755
422.656	0.029066661	-5.8267883	0.039289658
422.784	0.029939493	-5.8279173	0.037053778
422.912	0.029157675	-5.8270601	0.04231267
423.04	0.029828484	-5.8276501	0.040987135
423.168	0.029579567	-5.8269654	0.040033558
423.296	0.030089198	-5.8276043	0.033284831
423.424	0.030020807	-5.8273541	0.033644955
423.552	0.029853472	-5.8270085	0.037190474
423.68	0.029852978	-5.8269701	0.041645016
423.808	0.029844026	-5.826658	0.042970394
423.936	0.030026878	-5.8270085	0.039446419
424.064	0.030321655	-5.8269	0.041081523
424.192	0.030195748	-5.8266772	0.041668265
424.32	0.030883796	-5.8270547	0.041057972
424.448	0.03017973	-5.8262752	0.043379832
424.576	0.030937394	-5.8267556	0.038062295
424.704	0.030367437	-5.8262556	0.043297599
424.832	0.030567972	-5.8266187	0.039772923
424.96	0.030765731	-5.8266185	0.040656314
425.088	0.030217085	-5.8258849	0.04482273
425.216	0.031130717	-5.8269265	0.04167886
425.344	0.03030589	-5.8263256	0.045218875
425.472	0.030730121	-5.8268638	0.041380185
425.6	0.030702308	-5.8268252	0.041462691
425.728	0.030339986	-5.8262876	0.042310682
425.856	0.030090182	-5.8263386	0.040349885
425.984	0.031022976	-5.8273367	0.036795555
426.112	0.030314504	-5.8264549	0.041729909
426.24	0.03004366	-5.8263708	0.045901837
426.368	0.030197278	-5.8266617	0.04304992
426.496	0.030223707	-5.8268481	0.037583401
426.624	0.03034885	-5.827198	0.037490439
426.752	0.030073299	-5.8269757	0.039281524
426.88	0.029834587	-5.8268464	0.038720421
427.008	0.030077854	-5.8273365	0.040098484
427.136	0.029805228	-5.8269614	0.038700084
427.264	0.029686923	-5.8274182	0.036708841
427.392	0.029428191	-5.8270173	0.041608008
427.52	0.02968057	-5.8273631	0.040725426
427.648	0.029683656	-5.8276287	0.037177841
427.776	0.029489751	-5.827272	0.036468408
427.904	0.029387302	-5.8274203	0.038938944
428.032	0.0296121	-5.8278554	0.037364452
428.16	0.029179182	-5.8275252	0.039884785
428.288	0.029702798	-5.8283447	0.038276192
428.416	0.029162454	-5.8275354	0.038953469
428.544	0.029513595	-5.8275674	0.039031296
428.672	0.029750261	-5.8277875	0.036310082
428.8	0.029645769	-5.827782	0.038986418
428.928	0.029094624	-5.8270365	0.044444784
429.056	0.02962082	-5.8274812	0.039948709
429.184	0.030145159	-5.8276515	0.041100524
429.312	0.029501547	-5.8269185	0.039172827
429.44	0.029533902	-5.8266501	0.036861297
429.568	0.029953495	-5.8271535	0.03972374
429.696	0.029869424	-5.8272341	0.041772715
429.824	0.030164281	-5.8275985	0.041962436
429.952	0.029742709	-5.8271745	0.042237428
430.08	0.029986816	-5.8269679	0.039201438
430.208	0.029764682	-5.8266717	0.040118767
430.336	0.030234745	-5.8267039	0.043285637
430.464	0.030118378	-5.8264288	0.040704945
430.592	0.030072119	-5.8265132	0.041791721
430.72	0.030201552	-5.8268326	0.044135666
430.848	0.030440902	-5.8265723	0.040334338
430.976	0.030501133	-5.8266211	0.039241338
431.104	0.030542197	-5.826638	0.039433888
431.232	0.030324589	-5.8264048	0.039171848
431.36	0.030406447	-5.8262907	0.03723909
431.488	0.030206778	-5.8265174	0.041474577
431.616	0.030429579	-5.8267058	0.042666041
431.744	0.03072531	-5.8265122	0.040201173
431.872	0.030906805	-5.8267817	0.038404703
432	0.030072087	-5.8260013	0.043605144
432.128	0.03081445	-5.8268838	0.037877192
432.256	0.030250339	-5.8265378	0.039470803
432.384	0.030573419	-5.8264328	0.040038264
432.512	0.029900096	-5.8260966	0.042060097
432.64	0.030113154	-5.8262711	0.039593805
432.768	0.03040511	-5.8268525	0.034390403
432.896	0.030119776	-5.826687	0.037396777
433.024	0.030028348	-5.8267025	0.041602288
433.152	0.030132142	-5.8268967	0.038069309
433.28	0.029849731	-5.8268979	0.039286836
433.408	0.029929212	-5.8272368	0.037089974
433.536	0.030064776	-5.8278872	0.03292699
433.664	0.029691344	-5.8272115	0.039450914
433.792	0.03000082	-5.8278085	0.041410144
433.92	0.02974071	-5.8275872	0.039009677
434.048	0.029524864	-5.8272819	0.039562493
434.176	0.029466938	-5.8271738	0.039799402
434.304	0.029633239	-5.8276162	0.039609823
434.432	0.029157343	-5.8269662	0.042247886
434.56	0.029928737	-5.8278447	0.039709615
434.688	0.02913919	-5.8272608	0.041440466
434.816	0.029154473	-5.8272247	0.041617563
434.944	0.029657913	-5.8277102	0.03614411
435.072	0.029241434	-5.827327	0.035627342
435.2	0.029801489	-5.8276856	0.037337393
435.328	0.029568605	-5.8274648	0.041060635
435.456	0.029823406	-5.8275607	0.036963473
435.584	0.030024753	-5.8275635	0.038684932
435.712	0.029559501	-5.8269911	0.041914467
435.84	0.029783721	-5.8271856	0.037415185
435.968	0.029723963	-5.8271539	0.036751505
436.096	0.030037429	-5.8271816	0.040173036
436.224	0.029427993	-5.8263018	0.043312966
436.352	0.030392276	-5.8274038	0.040861684
436.48	0.029794616	-5.8266783	0.044445743
436.608	0.030259921	-5.8271425	0.03890839
436.736	0.030005392	-5.8265662	0.038083288
436.864	0.029912431	-5.8265827	0.03959021
436.992	0.030588887	-5.8271547	0.03745374
437.12	0.030438231	-5.826957	0.038239882
437.248	0.030336915	-5.8264414	0.040786798
437.376	0.030143964	-5.8260381	0.038425456
437.504	0.03055261	-5.8263401	0.041654757
437.632	0.030376299	-5.8263451	0.042547382
437.76	0.030485267	-5.8261671	0.042339279
437.888	0.030540026	-5.8266961	0.044353264
438.016	0.030352187	-5.826427	0.042312443
438.144	0.030950016	-5.8268942	0.035856011
438.272	0.030496303	-5.8265886	0.038863721
438.4	0.030667908	-5.8266235	0.04181103
438.528	0.030628764	-5.8269489	0.04189097
438.656	0.030127913	-5.826412	0.043783119
438.784	0.029686645	-5.8265303	0.044181264
438.912	0.030252923	-5.8270503	0.043689425
439.04	0.029993392	-5.8269331	0.043416785
439.168	0.030322902	-5.8268575	0.038953308
439.296	0.030144953	-5.8271373	0.038277445
439.424	0.02986178	-5.8269178	0.03853146
439.552	0.029483491	-5.82674	0.037655006
439.68	0.029827702	-5.8269726	0.040393607
439.808	0.029687055	-5.8271009	0.042237751
439.936	0.029792342	-5.8268982	0.044754217
440.064	0.029495536	-5.8269299	0.042716276
440.192	0.030159144	-5.827735	0.036506642
440.32	0.029127972	-5.8267413	0.039734308
440.448	0.029813136	-5.8276449	0.036301563
440.576	0.029644823	-5.8274362	0.036676903
440.704	0.029327671	-5.827317	0.035897012
440.832	0.029552272	-5.8276011	0.03799386
440.96	0.02935828	-5.8274814	0.039547133
441.088	0.029510699	-5.8277933	0.036549525
441.216	0.029552361	-5.8276086	0.038868086
441.344	0.0297681	-5.8277938	0.039312553
441.472	0.029771521	-5.8273232	0.034652875
441.6	0.029158967	-5.8268896	0.038772088
441.728	0.02965715	-5.8274737	0.039684574
441.856	0.030027091	-5.8276852	0.039615588
441.984	0.029573884	-5.8271209	0.041047864
442.112	0.029781911	-5.8273069	0.039259343
442.24	0.030178768	-5.827643	0.040454937
442.368	0.030036124	-5.8272701	0.041823467
442.496	0.029936464	-5.8268584	0.038449951
442.624	0.029480933	-5.8260061	0.041601996
442.752	0.030331556	-5.8270074	0.039202797
442.88	0.030118218	-5.8267262	0.041991698
443.008	0.030074631	-5.8265478	0.044681433
443.136	0.030124385	-5.8266841	0.043437918
443.264	0.029994903	-5.8263899	0.043312264
443.392	0.031202617	-5.8276156	0.040793144
443.52	0.030350494	-5.8265493	0.045085007
443.648	0.03016204	-5.8264083	0.041090784
443.776	0.030529201	-5.8268402	0.038062318
443.904	0.030496561	-5.8269086	0.038451443
444.032	0.030147798	-5.8263013	0.041809032
444.16	0.030652374	-5.8265494	0.040906162
444.288	0.030646516	-5.8265021	0.037816704
444.416	0.029947869	-5.8258633	0.040768484
444.544	0.030496849	-5.8263085	0.041360147
444.672	0.030148385	-5.8262308	0.04054792
444.8	0.030772262	-5.8270908	0.041021038
444.928	0.030281654	-5.8268458	0.043003693
445.056	0.030322081	-5.8268152	0.040465839
445.184	0.030160488	-5.8265393	0.041378947
445.312	0.030297555	-5.8265433	0.03914664
445.44	0.02984693	-5.8265916	0.041365016
445.568	0.030128718	-5.8268094	0.0421299
445.696	0.030066544	-5.8269438	0.039255609
445.824	0.029539544	-5.8267556	0.03996422
445.952	0.029723689	-5.827089	0.036339965
446.08	0.030374507	-5.8278504	0.035860841
446.208	0.029745883	-5.8275503	0.039880624
446.336	0.029746802	-5.8274266	0.040894456
446.464	0.029880835	-5.8276273	0.041146398
446.592	0.029552985	-5.8277184	0.041908008
446.72	0.029276302	-5.8273512	0.040323447
446.848	0.029649584	-5.8275313	0.036123007
446.976	0.029936401	-5.8277659	0.037829355
447.104	0.029561332	-5.8272182	0.038976103
447.232	0.029310518	-5.827446	0.040477937
447.36	0.029710178	-5.8275767	0.039226488
447.488	0.029195108	-5.8271107	0.042091102
447.616	0.029149075	-5.8272429	0.040976647
447.744	0.029278049	-5.8272613	0.039020559
447.872	0.029736124	-5.8276011	0.039169147
448	0.029541458	-5.8273374	0.039520133
448.128	0.029777026	-5.8276407	0.038887352
448.256	0.029809393	-5.8270687	0.038780207
448.384	0.029828009	-5.8272031	0.03935418
448.512	0.029775502	-5.8272453	0.039691823
448.64	0.029866183	-5.8272646	0.03827295
448.768	0.029897316	-5.8270202	0.040072331
448.896	0.029797756	-5.8267146	0.038846688
449.024	0.029987413	-5.8266494	0.035101294
449.152	0.029993587	-5.8266929	0.037396393
449.28	0.030151939	-5.8269617	0.042974166
449.408	0.030454134	-5.8268358	0.045361318
449.536	0.03018406	-5.8266631	0.039394754
449.664	0.030302807	-5.826651	0.04035993
449.792	0.030103202	-5.8260776	0.042706469
449.92	0.030772558	-5.826839	0.043089472
450.048	0.030384792	-5.8262864	0.045033094
450.176	0.030215224	-5.8260065	0.045561957
450.304	0.0303232	-5.8260641	0.044350604
450.432	0.030622374	-5.8263625	0.041627075
450.56	0.030805331	-5.8268162	0.035966723
450.688	0.030625184	-5.8267264	0.04113153
450.816	0.030810155	-5.8267247	0.04391038
450.944	0.030093414	-5.8257724	0.042983743
451.072	0.030421168	-5.826166	0.038918626
451.2	0.030343489	-5.8263348	0.037316504
451.328	0.030330141	-5.8262628	0.041734889
451.456	0.029905007	-5.8261811	0.041793336
451.584	0.030376632	-5.8268762	0.037161564
451.712	0.03036343	-5.8270461	0.03967877
451.84	0.030063136	-5.8270695	0.039126214
451.968	0.029923256	-5.8270375	0.037064927
452.096	0.029990588	-5.8270703	0.040966257
452.224	0.029831968	-5.8272723	0.04086895
452.352	0.029664058	-5.8273598	0.037261026
452.48	0.029500749	-5.827206	0.041738363
452.608	0.030223376	-5.8281741	0.042958705
452.736	0.029507384	-5.8275187	0.043375412
452.864	0.029354389	-5.8273993	0.0408123
452.992	0.029365427	-5.8277205	0.039464302
453.12	0.029253945	-5.8273223	0.041825014
453.248	0.029297458	-5.8271949	0.037919051
453.376	0.029503071	-5.8273642	0.037394119
453.504	0.029491229	-5.8273419	0.037538771
453.632	0.029772226	-5.8280554	0.035500288
453.76	0.029325847	-5.8277651	0.038532819
453.888	0.029707021	-5.8281721	0.03576554
454.016	0.029626521	-5.8276179	0.035118345
454.144	0.029715827	-5.8278165	0.03737095
454.272	0.029490165	-5.8273233	0.039342849
454.4	0.029182929	-5.8272453	0.035333151
454.528	0.029936779	-5.8279888	0.03232116
454.656	0.029835398	-5.8272873	0.037820041
454.784	0.029612237	-5.8268799	0.035571768
454.912	0.029571393	-5.8265642	0.034440451
455.04	0.029667346	-5.8267135	0.043098923
455.168	0.029974802	-5.8269221	0.04480892
455.296	0.029916145	-5.8265228	0.040605416
455.424	0.030010969	-5.8267621	0.039351605
455.552	0.030345274	-5.8272129	0.03824692
455.68	0.03005262	-5.8266335	0.041201489
455.808	0.030422628	-5.8268334	0.042331224
455.936	0.029985112	-5.8262089	0.042768618
456.064	0.030790617	-5.8267897	0.038006073
456.192	0.030290645	-5.8264462	0.039996803
456.32	0.029865001	-5.8258663	0.041729757
456.448	0.030991967	-5.8267112	0.037789288
456.576	0.030568071	-5.826571	0.038266109
456.704	0.030421407	-5.8261927	0.040637236
456.832	0.030558293	-5.8263943	0.039864817
456.96	0.030605588	-5.8265841	0.040867142
457.088	0.030325823	-5.826087	0.044842424
457.216	0.03084734	-5.8266347	0.044683953
457.344	0.031056716	-5.8272369	0.039100188
457.472	0.030360494	-5.8266452	0.044926469
457.6	0.030609751	-5.8266806	0.043593029
457.728	0.030019877	-5.8262825	0.039734922
457.856	0.029864466	-5.8261778	0.04022119
457.984	0.030061222	-5.8267969	0.039299104
458.112	0.030280178	-5.8271625	0.037134989
458.24	0.02972435	-5.8268934	0.038173498
458.368	0.029311352	-5.826246	0.043504624
458.496	0.030692203	-5.8278415	0.039185113
458.624	0.029535275	-5.8269376	0.038941539
458.752	0.029851013	-5.827304	0.042562397
458.88	0.030059056	-5.8276156	0.039368651
459.008	0.029361091	-5.8272523	0.041422401
459.136	0.029961941	-5.8277512	0.041911484
459.264	0.029262316	-5.8272267	0.038878418
459.392	0.029567763	-5.8274675	0.035938619
459.52	0.02970784	-5.8276889	0.035422044
459.648	0.029383559	-5.8276748	0.039951845
459.776	0.029436534	-5.8278266	0.037871564
459.904	0.029578213	-5.8277818	0.03524165
460.032	0.029745981	-5.8280762	0.038880859
460.16	0.029185341	-5.8272742	0.041473399
460.288	0.029412344	-5.8270694	0.036952196
460.416	0.02935318	-5.8270503	0.03512898
460.544	0.029973174	-5.827718	0.036449622
460.672	0.029492594	-5.8274179	0.038898189
460.8	0.029372503	-5.8271837	0.039499081
460.928	0.029799523	-5.827383	0.038765365
461.056	0.029695888	-5.82715	0.036065821
461.184	0.029617379	-5.827009	0.039285892
461.312	0.030200034	-5.8274775	0.037692023
461.44	0.029886345	-5.8269395	0.037358629
461.568	0.030339031	-5.8272514	0.037882539
461.696	0.029963907	-5.8268919	0.039152209
461.824	0.029831599	-5.826197	0.038309176
461.952	0.030631836	-5.8271795	0.034878044
462.08	0.030419674	-5.8269427	0.038248807
462.208	0.030221235	-5.8265877	0.041921341
462.336	0.030653791	-5.8270796	0.041042127
462.464	0.03067754	-5.8266257	0.043820102
462.592	0.030366981	-5.8263015	0.044404526
462.72	0.030255476	-5.826319	0.044056046
462.848	0.030578483	-5.826585	0.040777052
462.976	0.030539131	-5.8264856	0.041341019
463.104	0.030076185	-5.8260452	0.042504571
463.232	0.030056107	-5.8262956	0.045401184
463.36	0.030482961	-5.8268318	0.040379239
463.488	0.03082492	-5.8266467	0.039133579
463.616	0.030745974	-5.8270717	0.042902733
463.744	0.030236477	-5.8265393	0.040075089
463.872	0.030575166	-5.8271913	0.038704041
464	0.030580728	-5.8269874	0.042645117
464.128	0.029778856	-5.8262781	0.046431294
464.256	0.029988221	-5.8267717	0.042324592
464.384	0.030607018	-5.8271717	0.037097919
464.512	0.030075282	-5.8266367	0.037356916
464.64	0.029596239	-5.8261763	0.041804296
464.768	0.030178156	-5.8272868	0.038353414
464.896	0.030225861	-5.8273255	0.037299442
465.024	0.029023991	-5.8261496	0.042701366
465.152	0.029157722	-5.8266129	0.041213962
465.28	0.029883747	-5.827611	0.039063383
465.408	0.030025184	-5.8274725	0.03741643
465.536	0.029364463	-5.8268644	0.040465366
465.664	0.029890537	-5.8275269	0.038060644
465.792	0.029055585	-5.8269285	0.040394167
465.92	0.029413618	-5.8273526	0.041440312
466.048	0.029700802	-5.8276006	0.041252048
466.176	0.02917277	-5.8271963	0.041319922
466.304	0.030185425	-5.8282631	0.03637218
466.432	0.029195786	-5.8271838	0.040195855
466.56	0.029471315	-5.82774	0.039051851
466.688	0.029425922	-5.8278156	0.039483413
466.816	0.029578018	-5.8280104	0.039686302
466.944	0.029979011	-5.8282681	0.037421317
467.072	0.029472966	-5.8271357	0.04110184
467.2	0.029624354	-5.8273249	0.039965003
467.328	0.02981193	-5.8274697	0.038500841
467.456	0.029804835	-5.8271804	0.039339872
467.584	0.030089231	-5.8278086	0.037039371
467.712	0.030097798	-5.8274665	0.03866408
467.84	0.029707967	-5.8265788	0.038797953
467.968	0.029882221	-5.826716	0.038129689
468.096	0.029620298	-5.8264648	0.043921369
468.224	0.030512833	-5.8269883	0.038196727
468.352	0.030052091	-5.8265317	0.040196767
468.48	0.030140504	-5.8266826	0.041475842
468.608	0.030992835	-5.8274303	0.04036153
468.736	0.030243713	-5.8263923	0.045145261
468.864	0.030529951	-5.8268862	0.043685544
468.992	0.030124818	-5.826363	0.043964075
469.12	0.030588059	-5.8265789	0.041128379
469.248	0.030518243	-5.8262672	0.040617374
469.376	0.030695034	-5.8264583	0.039336176
469.504	0.030602331	-5.8263704	0.037396103
469.632	0.030298027	-5.8258941	0.038788554
469.76	0.030152421	-5.8260371	0.040296104
469.888	0.030549467	-5.8265815	0.039417351
470.016	0.030571919	-5.8266337	0.045199165
470.144	0.030008422	-5.8259987	0.047227761
470.272	0.030498274	-5.8265449	0.041243831
470.4	0.030396861	-5.8267582	0.037718091
470.528	0.030325392	-5.8268308	0.041411012
470.656	0.029776827	-5.8264108	0.042501844
470.784	0.029950841	-5.8265197	0.041259462
470.912	0.030255107	-5.8269317	0.04025557
471.04	0.029442053	-5.826261	0.039684957
471.168	0.030103162	-5.8272849	0.039812284
471.296	0.02945757	-5.8268928	0.04052135
471.424	0.029600495	-5.8269433	0.03514343
471.552	0.029717655	-5.8270645	0.037092541
471.68	0.029784362	-5.8274116	0.03844164
471.808	0.029860499	-5.8277239	0.038591033
471.936	0.029411964	-5.8273431	0.04166126
472.064	0.029579452	-5.827703	0.036854323
472.192	0.029591747	-5.8277472	0.037544103
472.32	0.029803442	-5.828078	0.039337088
472.448	0.029478263	-5.8277121	0.039325042
472.576	0.029502163	-5.8275808	0.041824519
472.704	0.029750175	-5.8278253	0.039172651
472.832	0.029406412	-5.8271608	0.038081331
472.96	0.029665611	-5.8274002	0.038190233
473.088	0.029273364	-5.8271947	0.042112761
473.216	0.02999712	-5.8280445	0.03824593
473.344	0.029305187	-5.8272228	0.040921167
473.472	0.030220305	-5.8280558	0.037115677
473.6	0.029645542	-5.8272401	0.036669723
473.728	0.029477402	-5.8268806	0.037275797
473.856	0.030157698	-5.8275509	0.038735506
473.984	0.030253169	-5.8273889	0.037406739
474.112	0.030377336	-5.8276469	0.039197287
474.24	0.029838384	-5.8268162	0.043284986
474.368	0.030369283	-5.8270673	0.043541734
474.496	0.029947907	-5.8265915	0.044270291
474.624	0.029496373	-5.8258886	0.039909237
474.752	0.030451525	-5.8266681	0.038890697
474.88	0.030809839	-5.8271863	0.041956506
475.008	0.030100632	-5.8263259	0.042255591
475.136	0.030191792	-5.8263489	0.043490667
475.264	0.030950515	-5.827183	0.043092323
475.392	0.030013873	-5.8265813	0.043086378
475.52	0.03059934	-5.8267283	0.038157951
475.648	0.030245547	-5.8263317	0.042107149
475.776	0.030289181	-5.8262389	0.040836935
475.904	0.030845602	-5.8268666	0.037803639
476.032	0.030553854	-5.826829	0.03930226
476.16	0.029721075	-5.8260282	0.040849748
476.288	0.030785262	-5.8273798	0.034905115
476.416	0.030565101	-5.8268798	0.038519495
476.544	0.030096285	-5.8264851	0.044202755
476.672	0.030561458	-5.8266223	0.04354427
476.8	0.030008059	-5.8264698	0.043537608
476.928	0.030027157	-5.8264784	0.043881045
477.056	0.030300956	-5.8271229	0.038742944
477.184	0.029573799	-5.8265845	0.03794938
477.312	0.030589653	-5.8276715	0.036999328
477.44	0.029865393	-5.826882	0.040440564
477.568	0.03007959	-5.8272203	0.041094993
477.696	0.029818785	-5.8272061	0.038142784
477.824	0.029316672	-5.8269022	0.03768729
477.952	0.029659426	-5.8270273	0.037885098
478.08	0.029894906	-5.8277482	0.034261028
478.208	0.029447801	-5.8273882	0.037659012
478.336	0.029399232	-5.8273866	0.039910558
478.464	0.029415272	-5.8276434	0.04064036
478.592	0.0298923	-5.8277795	0.040275645
478.72	0.029572507	-5.8273892	0.036834747
478.848	0.029700155	-5.8280979	0.037922402
478.976	0.02982656	-5.8276568	0.03866981
479.104	0.029865902	-5.8274991	0.037410165
479.232	0.029396649	-5.8274511	0.040690835
479.36	0.029183878	-5.8269213	0.041078513
479.488	0.029360899	-5.8272438	0.041104264
479.616	0.029758647	-5.8275943	0.039535033
479.744	0.029477594	-5.8269215	0.040263015
479.872	0.029935846	-5.8274974	0.037759231
480	0.029489679	-5.8265451	0.040490196
480.128	0.030008488	-5.8272263	0.040765511
480.256	0.029626084	-5.8268295	0.042897604
480.384	0.029824142	-5.8269017	0.044647181
480.512	0.03026223	-5.8271981	0.039943926
480.64	0.029778683	-5.8262247	0.038637941
480.768	0.029759888	-5.8259768	0.039928649
480.896	0.030474567	-5.8266625	0.037870315
481.024	0.030105823	-5.8262764	0.038246598
481.152	0.030688923	-5.8269894	0.036387706
481.28	0.030079954	-5.8263942	0.040669427
481.408	0.030732988	-5.8268296	0.039365797
481.536	0.029902168	-5.8259385	0.040735459
481.664	0.030966102	-5.8269911	0.041473576
481.792	0.030101673	-5.8261938	0.043581435
481.92	0.030316641	-5.8266276	0.035585701
482.048	0.0305864	-5.827145	0.039325244
482.176	0.030299282	-5.8266767	0.040432154
482.304	0.030058761	-5.8262738	0.044173309
482.432	0.030327073	-5.8264079	0.04451436
482.56	0.03099942	-5.8270458	0.039806121
482.688	0.029999949	-5.8261076	0.042237346
482.816	0.030456167	-5.8267644	0.036277024
482.944	0.030646655	-5.8267135	0.035879017
483.072	0.029971904	-5.8263826	0.043264028
483.2	0.030199509	-5.8265831	0.039280814
483.328	0.030714618	-5.8272567	0.034958731
483.456	0.030335184	-5.8274568	0.037902091
483.584	0.029745551	-5.8268746	0.037211228
483.712	0.030438097	-5.8276179	0.039061749
483.84	0.029850001	-5.8269991	0.040683963
483.968	0.029369193	-5.8269369	0.03674209
484.096	0.029804829	-5.8273987	0.038127651
484.224	0.029528129	-5.827079	0.044207789
484.352	0.029077197	-5.8268713	0.04532614
484.48	0.02960375	-5.827522	0.037320151
484.608	0.029950899	-5.8277307	0.036445413
484.736	0.029528465	-5.8273947	0.039781819
484.864	0.029695317	-5.8276092	0.035786549
484.992	0.029464443	-5.8273939	0.035069204
485.12	0.030204831	-5.8280268	0.035772292
485.248	0.029474904	-5.8269919	0.042391704
485.376	0.028954883	-5.8267584	0.043967651
485.504	0.029615576	-5.8273673	0.040265191
485.632	0.029352418	-5.8270172	0.040669013
485.76	0.029846439	-5.8278716	0.036119758
485.888	0.02971991	-5.827814	0.036792042
486.016	0.029624244	-5.8274389	0.039195857
486.144	0.029513458	-5.8273171	0.037184989
486.272	0.029530541	-5.8271187	0.037225203
486.4	0.029971552	-5.8275436	0.037101641
486.528	0.029970362	-5.8273761	0.040810729
486.656	0.030253629	-5.8274583	0.0407417
486.784	0.030245998	-5.8271874	0.037809806
486.912	0.030131636	-5.8269556	0.041596668
487.04	0.029765809	-5.8267446	0.043267843
487.168	0.030253067	-5.8271757	0.041852341
487.296	0.030023589	-5.826558	0.041526298
487.424	0.030266681	-5.8267343	0.039332144
487.552	0.030328887	-5.8263943	0.040640462
487.68	0.030087818	-5.82635	0.040409046
487.808	0.030469656	-5.8269252	0.038755553
487.936	0.030561033	-5.8267076	0.042201237
488.064	0.030245709	-5.8262242	0.041264951
488.192	0.030397988	-5.8262354	0.043526317
488.32	0.03049685	-5.8262383	0.040551727
488.448	0.030877388	-5.8270863	0.036015175
488.576	0.030175945	-5.8262776	0.040443207
488.704	0.030444387	-5.8266705	0.043390123
488.832	0.03026009	-5.8265281	0.040635366
488.96	0.030780542	-5.8270918	0.036095926
489.088	0.030092837	-5.8261986	0.039939475
489.216	0.0302925	-5.8267445	0.039086598
489.344	0.03042628	-5.8271728	0.04069559
489.472	0.030552935	-5.8270127	0.043391517
489.6	0.029952152	-5.8264783	0.043939916
489.728	0.029970325	-5.8268386	0.036829304
489.856	0.030051156	-5.8273718	0.043364129
489.984	0.030228321	-5.8271875	0.044285377
490.112	0.030207333	-5.8270222	0.039895948
490.24	0.029577643	-5.8267914	0.039831365
490.368	0.029387396	-5.8268921	0.035973464
490.496	0.030011229	-5.8276384	0.035446675
490.624	0.029501533	-5.8273641	0.036182111
490.752	0.029660112	-5.8275604	0.034261524
490.88	0.029356322	-5.8271337	0.037555369
491.008	0.029834952	-5.8279515	0.038948539
491.136	0.029361991	-5.8275461	0.037795647
491.264	0.029748589	-5.8279017	0.034675759
491.392	0.029444383	-5.8273976	0.036003714
491.52	0.029411079	-5.8270396	0.039982158
491.648	0.02979299	-5.8275722	0.036810004
491.776	0.029104087	-5.8267019	0.039337236
491.904	0.029213755	-5.8269405	0.042559367
492.032	0.030285078	-5.82823	0.035352849
492.16	0.0294423	-5.8273485	0.038141309
492.288	0.029435365	-5.8273856	0.043055016
492.416	0.029642505	-5.8273321	0.042171767
492.544	0.02991988	-5.8275489	0.039938612
492.672	0.029873246	-5.8271364	0.039172746
492.8	0.030395558	-5.8276032	0.039445945
492.928	0.029652506	-5.8267527	0.040958882
493.056	0.029329668	-5.8260918	0.040577057
493.184	0.030277068	-5.8272685	0.038389006
493.312	0.030032101	-5.8271155	0.042485504
493.44	0.030131941	-5.8269955	0.041868397
493.568	0.030498651	-5.8271732	0.039678505
493.696	0.030049538	-5.8265803	0.044823592
493.824	0.030042413	-5.8266113	0.039089686
493.952	0.030508007	-5.8269083	0.038041371
494.08	0.030696127	-5.8270594	0.041935506
494.208	0.030345298	-5.8269552	0.041921074
494.336	0.030138855	-5.826356	0.043415657
494.464	0.030156242	-5.8261819	0.042918161
494.592	0.03070673	-5.8266927	0.035092608
494.72	0.030082587	-5.8259872	0.040304739
494.848	0.03078233	-5.8267128	0.039039255
494.976	0.030915384	-5.8269044	0.037822954
495.104	0.029855558	-5.826194	0.0390731
495.232	0.03025714	-5.8262576	0.039925745
495.36	0.030716636	-5.8269736	0.039272152
495.488	0.029999209	-5.8262826	0.03906853
495.616	0.030109623	-5.8263563	0.042358188
495.744	0.030469812	-5.8268533	0.043884248
495.872	0.030156844	-5.8267706	0.040085071
496	0.029793478	-5.8264229	0.040766048
496.128	0.030003197	-5.8271082	0.04214045
496.256	0.03038541	-5.8273531	0.038657366
496.384	0.029965056	-5.8271585	0.036826605
496.512	0.02928178	-5.8265816	0.041275811
496.64	0.030306378	-5.8278576	0.035901542
496.768	0.029725602	-5.8275251	0.038548911
496.896	0.02934434	-5.8271897	0.040740659
497.024	0.029839782	-5.8278248	0.036843068
497.152	0.029154306	-5.8268411	0.037897438
497.28	0.02950828	-5.8271365	0.037556289
497.408	0.029500801	-5.8272939	0.037923875
497.536	0.029251334	-5.8268587	0.040142241
497.664	0.029740443	-5.8275503	0.037406264
497.792	0.02969824	-5.8272779	0.038661041
497.92	0.029217758	-5.8268737	0.040031806
498.048	0.029739881	-5.827631	0.039418606
498.176	0.029898129	-5.8276874	0.036775588
498.304	0.029482872	-5.8270543	0.041320732
498.432	0.029503355	-5.8266771	0.045073229
498.56	0.03000891	-5.8271955	0.040508567
498.688	0.029605054	-5.8270741	0.036847156
498.816	0.029253103	-5.8269317	0.038307914
498.944	0.029877272	-5.8271212	0.037509173
499.072	0.030149902	-5.8272281	0.034959462
499.2	0.029662617	-5.8269528	0.036821794
499.328	0.030329164	-5.8271895	0.038641186
499.456	0.030103474	-5.8270137	0.042416806
499.584	0.029820617	-5.8268195	0.040047997
499.712	0.030338127	-5.8269187	0.037504634
499.84	0.030014675	-5.8268782	0.04547942
499.968	0.030587036	-5.8273094	0.043471368
