0	0.015289354	-5.8433674	-0.020082475
0.128	0.0153212	-5.8431261	-0.020088282
0.256	0.015266458	-5.8429821	-0.017838299
0.384	0.015580987	-5.8433202	-0.019636847
0.512	0.015318184	-5.8429702	-0.017806689
0.64	0.015198152	-5.843093	-0.016091941
0.768	0.014852298	-5.8428655	-0.014756733
0.896	0.015028378	-5.843131	-0.017050203
1.024	0.015177978	-5.8434111	-0.01694933
1.152	0.015021895	-5.8434013	-0.01620493
1.28	0.014877761	-5.8434528	-0.019170861
1.408	0.015126261	-5.8437322	-0.020940552
1.536	0.015123162	-5.8438566	-0.019955875
1.664	0.014844864	-5.8436335	-0.019202019
1.792	0.015084428	-5.8438853	-0.020329852
1.92	0.014829313	-5.8435944	-0.018258647
2.048	0.014751231	-5.8438823	-0.019128541
2.176	0.014834646	-5.8435894	-0.02024052
2.304	0.014632773	-5.8435695	-0.018538569
2.432	0.01457639	-5.8436187	-0.017507414
2.56	0.01482634	-5.843772	-0.017602691
2.688	0.014620174	-5.8436673	-0.016555711
2.816	0.014686716	-5.8436552	-0.018050236
2.944	0.01500509	-5.8439802	-0.019184568
3.072	0.014627629	-5.8437882	-0.017234357
3.2	0.014987202	-5.8437071	-0.018877217
3.328	0.015005444	-5.8436437	-0.018303134
3.456	0.014884809	-5.8436174	-0.020177562
3.584	0.014865049	-5.8437462	-0.020883985
3.712	0.014897309	-5.8436533	-0.018806543
3.84	0.014715059	-5.8435994	-0.018644549
3.968	0.015018378	-5.8440722	-0.021882052
4.096	0.014616124	-5.8435468	-0.020997235
4.224	0.014969271	-5.8439726	-0.022547631
4.352	0.014808171	-5.8439332	-0.019377813
4.48	0.014687252	-5.8438988	-0.015089515
4.608	0.015013986	-5.8438323	-0.015254153
4.736	0.01516096	-5.8437614	-0.01829315
4.864	0.01513966	-5.8435621	-0.018402113
4.992	0.015194181	-5.8435784	-0.01902859
5.12	0.01512783	-5.8437508	-0.019431426
5.248	0.014870104	-5.8435861	-0.015913533
5.376	0.015438685	-5.8441729	-0.01638763
5.504	0.015236265	-5.8437033	-0.019241488
5.632	0.014980659	-5.8434939	-0.021002384
5.76	0.015232843	-5.8436415	-0.018187275
5.888	0.015087085	-5.8433139	-0.01772094
6.016	0.015086993	-5.8432529	-0.019284201
6.144	0.015324388	-5.8437574	-0.01862232
6.272	0.015198765	-5.8438617	-0.018828681
6.4	0.015461346	-5.8438718	-0.018868625
6.528	0.015297395	-5.8438254	-0.016918718
6.656	0.015057472	-5.8438444	-0.017793984
6.784	0.015200274	-5.8440706	-0.017933106
6.912	0.015354506	-5.844021	-0.017905688
7.04	0.015040673	-5.8436204	-0.017933886
7.168	0.014971756	-5.8441043	-0.017064974
7.296	0.014780064	-5.8437233	-0.019072067
7.424	0.014939487	-5.8441063	-0.020948174
7.552	0.014765495	-5.8438706	-0.021282888
7.68	0.015004638	-5.8444019	-0.022402009
7.808	0.015008783	-5.844398	-0.02237391
7.936	0.014830354	-5.8440708	-0.021029589
8.064	0.014776988	-5.8442904	-0.020396545
8.192	0.014704163	-5.8444006	-0.021296577
8.32	0.014930581	-5.8446549	-0.022368115
8.448	0.014838596	-5.8444363	-0.023565165
8.576	0.014800172	-5.8444031	-0.021746747
8.704	0.014884659	-5.8447754	-0.02060324
8.832	0.014602197	-5.8441614	-0.021187825
8.96	0.014831292	-5.8441425	-0.019053644
9.088	0.014809172	-5.8442714	-0.021692909
9.216	0.014928732	-5.8444569	-0.020924065
9.344	0.014637196	-5.8444538	-0.022329678
9.472	0.014422284	-5.8441123	-0.024140831
9.6	0.014895457	-5.8445655	-0.021899334
9.728	0.014628475	-5.8444108	-0.02336412
9.856	0.014753972	-5.8443687	-0.022104664
9.984	0.015166242	-5.8447087	-0.019314566
10.112	0.014709619	-5.8442741	-0.019487794
10.24	0.014657892	-5.8437926	-0.020561208
10.368	0.015057111	-5.8442871	-0.023932667
10.496	0.01473935	-5.8439692	-0.020725378
10.624	0.015011092	-5.8441925	-0.02057128
10.752	0.015128096	-5.8441732	-0.019527291
10.88	0.014758953	-5.8437274	-0.018495284
11.008	0.015258256	-5.8441861	-0.022332192
11.136	0.015160967	-5.8441857	-0.023528972
11.264	0.015075441	-5.8440574	-0.021182152
11.392	0.015230895	-5.8438998	-0.020540543
11.52	0.015065427	-5.8434227	-0.020177343
11.648	0.015171097	-5.8436065	-0.020499355
11.776	0.015294865	-5.8437882	-0.020366884
11.904	0.015132921	-5.8440557	-0.017996103
12.032	0.015287478	-5.8440597	-0.018706859
12.16	0.01543106	-5.844093	-0.020690053
12.288	0.015231609	-5.8440978	-0.019740057
12.416	0.015717891	-5.8445736	-0.018856219
12.544	0.015372183	-5.8439054	-0.019727494
12.672	0.015162962	-5.8437389	-0.022116113
12.8	0.015329672	-5.8442484	-0.022407344
12.928	0.014997062	-5.8437162	-0.019632959
13.056	0.015270425	-5.8441935	-0.020948306
13.184	0.015380868	-5.8442894	-0.023551449
13.312	0.015169789	-5.8445599	-0.02324023
13.44	0.015307359	-5.8444475	-0.021927655
13.568	0.014928468	-5.8443408	-0.021325901
13.696	0.015193407	-5.8450008	-0.021292301
13.824	0.015204257	-5.8451104	-0.021600238
13.952	0.01483516	-5.8446833	-0.023711055
14.08	0.014911457	-5.8446707	-0.022949176
14.208	0.014995795	-5.8449775	-0.021895304
14.336	0.015261488	-5.8451539	-0.023057967
14.464	0.014596041	-5.8446732	-0.02166169
14.592	0.014910152	-5.8451368	-0.024849333
14.72	0.015119983	-5.8453473	-0.025401966
14.848	0.014531684	-5.844867	-0.023981826
14.976	0.014669767	-5.8450785	-0.024333973
15.104	0.014689178	-5.8452374	-0.02370816
15.232	0.014733759	-5.8453572	-0.024602854
15.36	0.014615239	-5.8452582	-0.024066717
15.488	0.014561428	-5.8452947	-0.022917277
15.616	0.014601329	-5.8452436	-0.022475846
15.744	0.014604347	-5.8451483	-0.021935755
15.872	0.014623978	-5.845127	-0.02184305
16	0.014452624	-5.845136	-0.022438347
16.128	0.014748795	-5.8455201	-0.022927339
16.256	0.014618086	-5.8454576	-0.026126528
16.384	0.014815732	-5.8453596	-0.026108247
16.512	0.014810668	-5.8452146	-0.022548406
16.64	0.014681109	-5.8450919	-0.024172896
16.768	0.014716624	-5.8451443	-0.021491373
16.896	0.014860414	-5.8449527	-0.02067702
17.024	0.014702493	-5.8450231	-0.021515303
17.152	0.014773427	-5.8453397	-0.021660395
17.28	0.015204622	-5.8456012	-0.021068655
17.408	0.014851493	-5.8448178	-0.020553688
17.536	0.014809925	-5.8448418	-0.022129314
17.664	0.015148714	-5.8450931	-0.022790802
17.792	0.014682248	-5.8446953	-0.021086129
17.92	0.015167033	-5.8449578	-0.021405209
18.048	0.015167473	-5.8448766	-0.020777909
18.176	0.014938815	-5.8445004	-0.021045974
18.304	0.015483015	-5.8450275	-0.023436953
18.432	0.015372444	-5.844797	-0.023481637
18.56	0.015437143	-5.8447765	-0.020996731
18.688	0.015456083	-5.8446606	-0.023634061
18.816	0.015325733	-5.8447414	-0.02422541
18.944	0.015184366	-5.8446468	-0.022786261
19.072	0.015528565	-5.8450497	-0.022030285
19.2	0.015320386	-5.8444527	-0.018996593
19.328	0.015475127	-5.8445909	-0.020790804
19.456	0.015324295	-5.844677	-0.022729144
19.584	0.015263806	-5.8445097	-0.021436075
19.712	0.015666704	-5.8452406	-0.02426029
19.84	0.015176686	-5.8445639	-0.023492525
19.968	0.01539293	-5.8447367	-0.023379942
20.096	0.015233419	-5.8449338	-0.02251481
20.224	0.015324558	-5.8446609	-0.022166294
20.352	0.014992041	-5.8444513	-0.022568476
20.48	0.015140129	-5.8451234	-0.022512949
20.608	0.01505693	-5.8450814	-0.021988694
20.736	0.014963908	-5.8449811	-0.020772279
20.864	0.01473381	-5.844888	-0.021723951
20.992	0.014929574	-5.8452082	-0.022194174
21.12	0.014998452	-5.845546	-0.020785466
21.248	0.014931419	-5.8455586	-0.023571234
21.376	0.014625193	-5.8452367	-0.023930287
21.504	0.014646253	-5.8453761	-0.019407871
21.632	0.014788783	-5.8455546	-0.020670224
21.76	0.014583093	-5.8455074	-0.021302623
21.888	0.014609675	-5.8454294	-0.020346325
22.016	0.014918984	-5.845715	-0.021975477
22.144	0.014559206	-5.8454835	-0.023288068
22.272	0.014526007	-5.8453544	-0.022658128
22.4	0.014624745	-5.8458226	-0.022171578
22.528	0.014719528	-5.8456512	-0.024197576
22.656	0.014522005	-5.8452548	-0.024052201
22.784	0.014491235	-5.8453084	-0.024118402
22.912	0.014440911	-5.8454215	-0.023128936
23.04	0.014695051	-5.8453805	-0.02469268
23.168	0.014604655	-5.8450751	-0.023474269
23.296	0.014754468	-5.8453183	-0.021228017
23.424	0.014614883	-5.845056	-0.022748208
23.552	0.014927742	-5.8454202	-0.02055653
23.68	0.015011615	-5.8453897	-0.021049594
23.808	0.015085135	-5.845387	-0.023357433
23.936	0.014926434	-5.8449847	-0.021715286
24.064	0.015004346	-5.845033	-0.021989762
24.192	0.015193361	-5.8450031	-0.020949707
24.32	0.015246373	-5.8450625	-0.020051184
24.448	0.014988353	-5.8447927	-0.022547379
24.576	0.015157717	-5.8446344	-0.022709272
24.704	0.015257712	-5.8445679	-0.019629055
24.832	0.015157568	-5.844743	-0.021278717
24.96	0.015464025	-5.8448742	-0.021341013
25.088	0.01551201	-5.8447967	-0.021115315
25.216	0.01549072	-5.8447408	-0.022270647
25.344	0.015063911	-5.8444778	-0.021544971
25.472	0.015538763	-5.8447083	-0.022884489
25.6	0.015323792	-5.844687	-0.017696754
25.728	0.015314718	-5.8447374	-0.019462618
25.856	0.015407545	-5.8449576	-0.021513686
25.984	0.015392145	-5.8444989	-0.019519034
26.112	0.015448907	-5.8447162	-0.023361675
26.24	0.015379722	-5.8449457	-0.021267352
26.368	0.015323273	-5.8447113	-0.019306397
26.496	0.015237089	-5.8449742	-0.019747977
26.624	0.015257798	-5.8450517	-0.019333685
26.752	0.014962595	-5.8447074	-0.017558077
26.88	0.015017074	-5.8450417	-0.020419432
27.008	0.015432522	-5.8455562	-0.024285235
27.136	0.014626151	-5.8449144	-0.019308143
27.264	0.014819708	-5.8450975	-0.022117363
27.392	0.014969332	-5.8453521	-0.022981669
27.52	0.014865011	-5.8453144	-0.021836282
27.648	0.015015041	-5.8456416	-0.024831862
27.776	0.014769295	-5.8456353	-0.023373186
27.904	0.014672796	-5.8452491	-0.023738794
28.032	0.014504848	-5.845286	-0.025469575
28.16	0.014517853	-5.8454105	-0.023654207
28.288	0.014596193	-5.8452587	-0.024135974
28.416	0.01459373	-5.8451719	-0.022188434
28.544	0.014774056	-5.8456077	-0.024067608
28.672	0.014384891	-5.8452147	-0.025493589
28.8	0.014333664	-5.8451706	-0.022027519
28.928	0.014844911	-5.8457298	-0.023473774
29.056	0.014677009	-5.8455696	-0.022185143
29.184	0.014550642	-5.8454677	-0.02159056
29.312	0.014918436	-5.8456315	-0.024777067
29.44	0.014643369	-5.8452328	-0.022519712
29.568	0.014545103	-5.8449044	-0.020396269
29.696	0.014597752	-5.8449367	-0.022773169
29.824	0.014687171	-5.8452053	-0.023527043
29.952	0.015250836	-5.8456087	-0.023086321
30.08	0.015014353	-5.8451259	-0.022273667
30.208	0.014760983	-5.84501	-0.021354431
30.336	0.014842903	-5.8448518	-0.020893817
30.464	0.015223181	-5.844911	-0.022548737
30.592	0.015147753	-5.8449401	-0.021978479
30.72	0.01522317	-5.8451162	-0.02328764
30.848	0.015328459	-5.8446771	-0.020487889
30.976	0.015355644	-5.8444976	-0.018894268
31.104	0.015393616	-5.8447222	-0.023388944
31.232	0.015331826	-5.8447757	-0.022007887
31.36	0.015315755	-5.8445468	-0.021285274
31.488	0.015469785	-5.8445926	-0.021495059
31.616	0.015099304	-5.8443335	-0.019435817
31.744	0.015553473	-5.844619	-0.022289125
31.872	0.015321856	-5.8444287	-0.021487179
32	0.01535419	-5.8448065	-0.020442626
32.128	0.015445014	-5.844847	-0.021796041
32.256	0.01538608	-5.8447101	-0.021195424
32.384	0.015344495	-5.8447971	-0.020152565
32.512	0.015523672	-5.8450863	-0.0220444
32.64	0.015197471	-5.8445361	-0.020295935
32.768	0.015204918	-5.8448342	-0.020656854
32.896	0.01507635	-5.8445574	-0.021314127
33.024	0.015219265	-5.845132	-0.022346082
33.152	0.014897045	-5.8448203	-0.020179678
33.28	0.015180126	-5.8450807	-0.021665859
33.408	0.014972531	-5.8452557	-0.022142447
33.536	0.015035462	-5.8454531	-0.019223082
33.664	0.015057313	-5.8454616	-0.022826466
33.792	0.014635635	-5.8450966	-0.022753144
33.92	0.014980769	-5.8456151	-0.023270826
34.048	0.01461417	-5.8452857	-0.022908791
34.176	0.014640912	-5.8452013	-0.023228798
34.304	0.01450805	-5.8453177	-0.022735237
34.432	0.014655673	-5.8452912	-0.023105706
34.56	0.014762584	-5.8455489	-0.022783418
34.688	0.014472128	-5.8455099	-0.023142998
34.816	0.014464214	-5.8454511	-0.023644696
34.944	0.014568105	-5.8455444	-0.02251271
35.072	0.014630501	-5.8455542	-0.021780551
35.2	0.0147177	-5.8458098	-0.022324929
35.328	0.014477216	-5.8454343	-0.023723177
35.456	0.014674633	-5.8456557	-0.023714144
35.584	0.014644984	-5.845373	-0.023123696
35.712	0.014689105	-5.8451162	-0.023256378
35.84	0.01456252	-5.8451672	-0.022202905
35.968	0.014784562	-5.8454658	-0.023426337
36.096	0.014870446	-5.8454009	-0.024930442
36.224	0.014928593	-5.8453483	-0.024293058
36.352	0.014856531	-5.8450925	-0.021674688
36.48	0.015006941	-5.8448783	-0.02353188
36.608	0.014935493	-5.8450399	-0.020620413
36.736	0.015172137	-5.845059	-0.020556405
36.864	0.01509123	-5.8448694	-0.020607507
36.992	0.015219084	-5.8448226	-0.020902369
37.12	0.015288634	-5.844956	-0.019476619
37.248	0.015378918	-5.8449508	-0.018242391
37.376	0.015094515	-5.8445041	-0.019134821
37.504	0.015373478	-5.8443846	-0.020534544
37.632	0.015340025	-5.8443445	-0.020235387
37.76	0.015484611	-5.84476	-0.02309613
37.888	0.015213227	-5.8443931	-0.020924924
38.016	0.015464357	-5.8444878	-0.019855205
38.144	0.015328165	-5.8444699	-0.0216214
38.272	0.015435661	-5.844903	-0.022862916
38.4	0.015412342	-5.8447689	-0.021996813
38.528	0.015201762	-5.8445285	-0.018864039
38.656	0.015410489	-5.8448625	-0.019735512
38.784	0.015286763	-5.8446477	-0.021663769
38.912	0.015397191	-5.8450408	-0.021208905
39.04	0.015195064	-5.8446345	-0.021997183
39.168	0.015300998	-5.8449676	-0.021330158
39.296	0.015273633	-5.8449417	-0.021947964
39.424	0.014956683	-5.8449016	-0.022954287
39.552	0.014844802	-5.8450564	-0.021375993
39.68	0.015236363	-5.8453008	-0.021118853
39.808	0.014996124	-5.8450486	-0.022508661
39.936	0.014720893	-5.845133	-0.021186187
40.064	0.014823543	-5.8451548	-0.020053279
40.192	0.015079229	-5.84574	-0.023513012
40.32	0.014723968	-5.845569	-0.022411117
40.448	0.014829689	-5.8457267	-0.021988484
40.576	0.014649193	-5.8455356	-0.022704314
40.704	0.014772255	-5.8455262	-0.024856041
40.832	0.014567952	-5.845385	-0.023045642
40.96	0.014555122	-5.8455292	-0.025250673
41.088	0.014530136	-5.8452341	-0.023513152
41.216	0.014636416	-5.84549	-0.02074105
41.344	0.01490226	-5.8458803	-0.022914046
41.472	0.014357273	-5.8452748	-0.019851142
41.6	0.014577747	-5.8458091	-0.021609332
41.728	0.01464896	-5.8458081	-0.022761971
41.856	0.014693119	-5.8455295	-0.021883626
41.984	0.014764333	-5.8456953	-0.023181463
42.112	0.014600938	-5.845319	-0.021572763
42.24	0.014729808	-5.8448701	-0.020624452
42.368	0.015062087	-5.8453352	-0.023700568
42.496	0.014827489	-5.8452887	-0.026345827
42.624	0.014961953	-5.8452446	-0.025230248
42.752	0.014861715	-5.8449697	-0.023330988
42.88	0.015103317	-5.8452092	-0.023199031
43.008	0.014913558	-5.8449314	-0.019939047
43.136	0.015088344	-5.844948	-0.022747958
43.264	0.015331219	-5.845004	-0.021692288
43.392	0.015134743	-5.8447225	-0.018761888
43.52	0.015011324	-5.8446595	-0.021576947
43.648	0.015316275	-5.8447618	-0.022031197
43.776	0.0152454	-5.8450139	-0.019021022
43.904	0.015284667	-5.8448641	-0.020796485
44.032	0.015446847	-5.844741	-0.021392695
44.16	0.015509881	-5.844757	-0.01995522
44.288	0.015297608	-5.8445777	-0.018499012
44.416	0.015297683	-5.8444539	-0.020817048
44.544	0.015502981	-5.8448225	-0.022314568
44.672	0.015462626	-5.8446491	-0.02056533
44.8	0.015276765	-5.8446357	-0.018881645
44.928	0.015495355	-5.8446762	-0.021754579
45.056	0.015263964	-5.8446448	-0.019937113
45.184	0.01517541	-5.8446217	-0.019599776
45.312	0.015414561	-5.8449566	-0.022994994
45.44	0.015075875	-5.8445829	-0.021511455
45.568	0.015189709	-5.844769	-0.022956262
45.696	0.014950689	-5.8447903	-0.023502945
45.824	0.014919999	-5.8448049	-0.020931162
45.952	0.01531045	-5.8451981	-0.023785279
46.08	0.0149797	-5.8451639	-0.023893701
46.208	0.014897117	-5.8452065	-0.023177481
46.336	0.014900437	-5.8449676	-0.020907534
46.464	0.014970777	-5.845218	-0.020642417
46.592	0.014848242	-5.8455841	-0.023927541
46.72	0.01490477	-5.8456572	-0.02375507
46.848	0.014847311	-5.8457715	-0.020723687
46.976	0.014772489	-5.8454744	-0.021927986
47.104	0.014656008	-5.845326	-0.024932108
47.232	0.014298682	-5.8451763	-0.024350266
47.36	0.01448994	-5.8453878	-0.022257597
47.488	0.014840374	-5.8457177	-0.021168283
47.616	0.014470525	-5.8454102	-0.0205909
47.744	0.014564288	-5.8455429	-0.023910318
47.872	0.014675843	-5.8455977	-0.02124666
48	0.014714412	-5.8454745	-0.023923273
48.128	0.014710228	-5.8452042	-0.024459132
48.256	0.014593846	-5.8452728	-0.021319577
48.384	0.014790401	-5.8454597	-0.02321413
48.512	0.014766719	-5.8452609	-0.020082964
48.64	0.014745068	-5.8452289	-0.01957496
48.768	0.014817396	-5.8452461	-0.021077376
48.896	0.014661177	-5.8448741	-0.020442811
49.024	0.01513213	-5.8454135	-0.021512139
49.152	0.014958931	-5.8449657	-0.02066676
49.28	0.015074369	-5.8449101	-0.02065216
49.408	0.015119108	-5.8449732	-0.020649019
49.536	0.014860043	-5.844615	-0.022413908
49.664	0.015228009	-5.8450868	-0.024059595
49.792	0.015159409	-5.8450436	-0.023023344
49.92	0.015435722	-5.844922	-0.022071925
50.048	0.01517937	-5.8445069	-0.021217024
50.176	0.015361593	-5.8445705	-0.021996935
50.304	0.015297605	-5.8445449	-0.020622444
50.432	0.015289967	-5.8447013	-0.018163679
50.56	0.01531898	-5.8445988	-0.019353608
50.688	0.015345594	-5.8447176	-0.023556188
50.816	0.015337296	-5.8446518	-0.021783915
50.944	0.015165762	-5.8444983	-0.021215607
51.072	0.015358717	-5.8448104	-0.021939727
51.2	0.015407685	-5.8447955	-0.021431159
51.328	0.01536935	-5.8449053	-0.021571597
51.456	0.015456068	-5.8449151	-0.022323165
51.584	0.015299517	-5.8445698	-0.021199969
51.712	0.015403822	-5.8449057	-0.020917971
51.84	0.014990629	-5.8446421	-0.019758832
51.968	0.015102216	-5.8448682	-0.020133233
52.096	0.015125346	-5.8451971	-0.022992175
52.224	0.01500121	-5.8452942	-0.022881028
52.352	0.014893573	-5.8449058	-0.022044236
52.48	0.014996174	-5.845394	-0.024001371
52.608	0.015106211	-5.8455301	-0.025565032
52.736	0.014647111	-5.8449239	-0.02188403
52.864	0.014915234	-5.8451115	-0.023192945
52.992	0.014627937	-5.8453031	-0.02245384
53.12	0.014798527	-5.8453839	-0.0218144
53.248	0.014683825	-5.845222	-0.022175052
53.376	0.014664172	-5.8453973	-0.02444287
53.504	0.014705243	-5.8455453	-0.02180734
53.632	0.014513284	-5.8455021	-0.020512676
53.76	0.014538578	-5.8454588	-0.02139334
53.888	0.01449312	-5.8453431	-0.02104318
54.016	0.014597347	-5.8453797	-0.023806367
54.144	0.014632843	-5.8456557	-0.025618339
54.272	0.01483564	-5.8458697	-0.022423604
54.4	0.014645723	-5.8454096	-0.019020686
54.528	0.014834026	-5.8454748	-0.023800395
54.656	0.014728444	-5.8454328	-0.024064686
54.784	0.014973257	-5.8456678	-0.02453152
54.912	0.014743821	-5.8453575	-0.023500188
55.04	0.014981872	-5.8453216	-0.023820522
55.168	0.014579214	-5.8450639	-0.021617513
55.296	0.015036868	-5.8451321	-0.023458211
55.424	0.014992576	-5.8449839	-0.023739575
55.552	0.014916063	-5.844968	-0.023581754
55.68	0.015110475	-5.8452568	-0.021502232
55.808	0.015165781	-5.8452204	-0.021536523
55.936	0.014912597	-5.8446935	-0.020602453
56.064	0.015081255	-5.8447696	-0.0210495
56.192	0.015363079	-5.8450364	-0.019334815
56.32	0.015227612	-5.8445334	-0.020469524
56.448	0.015537547	-5.8451495	-0.024032637
56.576	0.015219149	-5.8446362	-0.022108966
56.704	0.015302908	-5.8445734	-0.022649229
56.832	0.015414796	-5.8444494	-0.020025131
56.96	0.015245403	-5.8443045	-0.017741046
57.088	0.015418375	-5.8445739	-0.019576161
57.216	0.015443399	-5.8446061	-0.01890381
57.344	0.015456949	-5.8445143	-0.02073495
57.472	0.015286488	-5.8447077	-0.021451302
57.6	0.015114426	-5.8445164	-0.018950313
57.728	0.015433762	-5.8449415	-0.021184373
57.856	0.015101531	-5.844642	-0.02306199
57.984	0.015187496	-5.8448518	-0.024019928
58.112	0.015494877	-5.8450189	-0.0226107
58.24	0.015024536	-5.8446136	-0.021905968
58.368	0.015233382	-5.8448749	-0.021852313
58.496	0.015063459	-5.8445927	-0.02176145
58.624	0.014791939	-5.8448282	-0.023686028
58.752	0.01503607	-5.8452765	-0.024097887
58.88	0.014931231	-5.845345	-0.021400863
59.008	0.014652032	-5.8451227	-0.021858218
59.136	0.015056164	-5.8453257	-0.02399328
59.264	0.014518832	-5.8448129	-0.021245007
59.392	0.014872363	-5.8453221	-0.025410489
59.52	0.014537102	-5.8452843	-0.023328404
59.648	0.014836977	-5.8453027	-0.02194707
59.776	0.014442549	-5.8450235	-0.021498875
59.904	0.014686272	-5.8454666	-0.024250918
60.032	0.014669529	-5.8452765	-0.024383278
60.16	0.014521941	-5.8453566	-0.023901813
60.288	0.014649303	-5.8456614	-0.023172385
60.416	0.014562798	-5.8457249	-0.023166004
60.544	0.015037272	-5.8461177	-0.024906458
60.672	0.014692354	-5.8454202	-0.022579661
60.8	0.014507616	-5.845385	-0.020489134
60.928	0.015004726	-5.8455685	-0.021278365
61.056	0.014614318	-5.8451344	-0.021911391
61.184	0.014719482	-5.84495	-0.021962513
61.312	0.014787386	-5.8453767	-0.023650645
61.44	0.014728438	-5.8453657	-0.02275906
61.568	0.01483716	-5.8450843	-0.019658122
61.696	0.015359859	-5.8454961	-0.021567324
61.824	0.014819158	-5.8447013	-0.021434589
61.952	0.015258257	-5.8450832	-0.023753256
62.08	0.014860367	-5.844646	-0.022663607
62.208	0.015254353	-5.8449912	-0.02285736
62.336	0.015199884	-5.8451281	-0.023771817
62.464	0.015266555	-5.8451667	-0.025130941
62.592	0.01506752	-5.844737	-0.023460072
62.72	0.015377054	-5.8452799	-0.023166465
62.848	0.015439405	-5.8450678	-0.021583672
62.976	0.015247466	-5.8450384	-0.020201326
63.104	0.015259911	-5.8447973	-0.020277446
63.232	0.015338282	-5.844773	-0.022068902
63.36	0.015154891	-5.844622	-0.023478754
63.488	0.015273562	-5.8447176	-0.022018808
63.616	0.015598643	-5.8451613	-0.022115782
63.744	0.015280513	-5.8450341	-0.020093261
63.872	0.015262679	-5.8447326	-0.019492914
64	0.015335597	-5.8448681	-0.020527949
64.128	0.015072601	-5.8447558	-0.019257767
64.256	0.015356546	-5.8451755	-0.019633745
64.384	0.015033162	-5.8447856	-0.018918551
64.512	0.015149429	-5.845059	-0.020342066
64.64	0.014997131	-5.8451266	-0.020724921
64.768	0.015079373	-5.8451255	-0.022112485
64.896	0.01532021	-5.8454803	-0.026688257
65.024	0.014807117	-5.8449963	-0.022899001
65.152	0.014921542	-5.8453521	-0.022281182
65.28	0.014924355	-5.8453939	-0.022931023
65.408	0.014736984	-5.8452241	-0.022209886
65.536	0.014897139	-5.8454245	-0.021917433
65.664	0.014709276	-5.845134	-0.02396366
65.792	0.014352992	-5.844967	-0.024085062
65.92	0.014892493	-5.8454567	-0.02194556
66.048	0.014593846	-5.8451551	-0.021431097
66.176	0.014831063	-5.8454159	-0.0241088
66.304	0.014488442	-5.8451622	-0.021673809
66.432	0.014834422	-5.845435	-0.023082419
66.56	0.014562854	-5.8453681	-0.02216654
66.688	0.014806758	-5.8458991	-0.022917482
66.816	0.014624845	-5.8456229	-0.023398951
66.944	0.014650636	-5.8456607	-0.022791967
67.072	0.014668205	-5.845579	-0.021945732
67.2	0.014536439	-5.8452903	-0.021139664
67.328	0.014738886	-5.845472	-0.02177777
67.456	0.014899367	-5.8452655	-0.020796419
67.584	0.014726224	-5.8453539	-0.022381159
67.712	0.014592889	-5.8449904	-0.023044962
67.84	0.015002996	-5.8452282	-0.022366224
67.968	0.014861548	-5.8451812	-0.019829452
68.096	0.015262095	-5.8457705	-0.023770401
68.224	0.015067285	-5.8451758	-0.024693283
68.352	0.015083486	-5.8448698	-0.023629303
68.48	0.015117188	-5.8448134	-0.021605624
68.608	0.015074392	-5.8447259	-0.02030984
68.736	0.015138097	-5.8449267	-0.023175081
68.864	0.015397441	-5.8450523	-0.019949245
68.992	0.015060279	-5.8449643	-0.019549565
69.12	0.015226571	-5.8448011	-0.02168724
69.248	0.015449975	-5.8450433	-0.023283339
69.376	0.015339308	-5.844759	-0.021569327
69.504	0.015270699	-5.8449555	-0.022007592
69.632	0.015422842	-5.8450437	-0.02425672
69.76	0.015361186	-5.8447574	-0.024213922
69.888	0.015281094	-5.8446222	-0.023629456
70.016	0.015365913	-5.8447801	-0.021841715
70.144	0.015437046	-5.8451289	-0.021454941
70.272	0.014953775	-5.8448941	-0.02067834
70.4	0.015430758	-5.8452046	-0.025362784
70.528	0.015223076	-5.8451191	-0.022589599
70.656	0.015281771	-5.8451173	-0.020238787
70.784	0.015071342	-5.8449513	-0.019971093
70.912	0.01515539	-5.8452506	-0.020997321
71.04	0.015185198	-5.8453778	-0.022616687
71.168	0.014821105	-5.8452572	-0.022898585
71.296	0.015158113	-5.8450499	-0.024229182
71.424	0.015044794	-5.8451618	-0.024860299
71.552	0.014844057	-5.8453724	-0.02073953
71.68	0.014912622	-5.8453556	-0.020674682
71.808	0.014749253	-5.8449546	-0.022286324
71.936	0.014934798	-5.8456656	-0.022950094
72.064	0.014632143	-5.8455827	-0.022252062
72.192	0.014690481	-5.8455802	-0.025433448
72.32	0.014805489	-5.8457188	-0.02643266
72.448	0.014646612	-5.8454411	-0.022646797
72.576	0.01459075	-5.8453626	-0.023461485
72.704	0.014636812	-5.8454076	-0.023187033
72.832	0.014759301	-5.8455693	-0.021598514
72.96	0.014712148	-5.845666	-0.023165808
73.088	0.014620444	-5.8453721	-0.023150738
73.216	0.01448065	-5.8453071	-0.020777837
73.344	0.015102377	-5.8457106	-0.022271892
73.472	0.014618878	-5.8453437	-0.022088921
73.6	0.01470586	-5.8454639	-0.021521057
73.728	0.014755405	-5.8452564	-0.022630067
73.856	0.014941307	-5.845563	-0.022966133
73.984	0.014910232	-5.8455027	-0.022073041
74.112	0.014964974	-5.845536	-0.022199439
74.24	0.01463953	-5.8449464	-0.017232014
74.368	0.015187443	-5.8455916	-0.020741165
74.496	0.015016377	-5.8453193	-0.021962662
74.624	0.014940791	-5.8452089	-0.021505304
74.752	0.015153563	-5.8450701	-0.022590364
74.88	0.015222639	-5.8450162	-0.021957286
75.008	0.015283429	-5.8448812	-0.02398698
75.136	0.015178097	-5.844887	-0.023137921
75.264	0.015619185	-5.8451045	-0.022313429
75.392	0.015162404	-5.8445692	-0.021502574
75.52	0.0152413	-5.8444956	-0.021662387
75.648	0.015230928	-5.8447167	-0.018984607
75.776	0.015369525	-5.8448178	-0.022773077
75.904	0.015373367	-5.8448276	-0.023958571
76.032	0.015359819	-5.8449484	-0.021309096
76.16	0.015181799	-5.844791	-0.021360728
76.288	0.015256479	-5.8448332	-0.021921183
76.416	0.015270306	-5.8448372	-0.020931289
76.544	0.015175791	-5.8449484	-0.018845452
76.672	0.015376265	-5.8449968	-0.023797231
76.8	0.015287798	-5.8452023	-0.024019262
76.928	0.015416111	-5.8453961	-0.022755806
77.056	0.014887665	-5.8450098	-0.022589598
77.184	0.015065239	-5.8450948	-0.021231644
77.312	0.015109826	-5.8452931	-0.022242224
77.44	0.014933505	-5.8452156	-0.021622827
77.568	0.014960399	-5.8453643	-0.020328982
77.696	0.014872266	-5.845339	-0.020872884
77.824	0.015005437	-5.8453414	-0.02281876
77.952	0.015140607	-5.8456267	-0.02372569
78.08	0.014558721	-5.8450802	-0.021709871
78.208	0.014697406	-5.8457231	-0.024939291
78.336	0.014613489	-5.8455662	-0.024320323
78.464	0.014901162	-5.8457904	-0.021012741
78.592	0.014506093	-5.8453142	-0.023593787
78.72	0.01480109	-5.8456532	-0.023512121
78.848	0.014575673	-5.8456563	-0.021406024
78.976	0.014630175	-5.8457056	-0.022864055
79.104	0.014697846	-5.8456515	-0.022483339
79.232	0.0148456	-5.8455738	-0.025705238
79.36	0.014243942	-5.8452109	-0.022729312
79.488	0.014912261	-5.8458686	-0.023272118
79.616	0.014586173	-5.8453933	-0.02229598
79.744	0.014830773	-5.8455752	-0.02156375
79.872	0.014732778	-5.845576	-0.021363692
80	0.014860789	-5.8453232	-0.023371706
80.128	0.015013957	-5.845684	-0.023933036
80.256	0.014735514	-5.8453032	-0.022679996
80.384	0.014808186	-5.8450446	-0.023075298
80.512	0.015048029	-5.8452576	-0.023710527
80.64	0.014872011	-5.8450133	-0.023568185
80.768	0.01514932	-5.84536	-0.024156387
80.896	0.01519911	-5.8452546	-0.023500626
81.024	0.015090457	-5.8449632	-0.021400724
81.152	0.015188012	-5.8451953	-0.02136797
81.28	0.015153602	-5.844957	-0.02074771
81.408	0.015375283	-5.8449809	-0.02109409
81.536	0.014939345	-5.8445102	-0.020810734
81.664	0.015340986	-5.8448292	-0.022218641
81.792	0.015389965	-5.8447179	-0.02167976
81.92	0.015332508	-5.8450514	-0.022202745
82.048	0.015400016	-5.8450601	-0.021255213
82.176	0.015292233	-5.8446274	-0.020330538
82.304	0.01541144	-5.844889	-0.020862014
82.432	0.015329691	-5.8450003	-0.021863112
82.56	0.015503048	-5.8451095	-0.023112591
82.688	0.015210022	-5.8447604	-0.02319732
82.816	0.015241601	-5.8449778	-0.022692981
82.944	0.015216306	-5.845121	-0.022295951
83.072	0.015385633	-5.8453003	-0.023298996
83.2	0.015140995	-5.8450474	-0.021893334
83.328	0.015227092	-5.8452589	-0.022146178
83.456	0.014971891	-5.845123	-0.021860867
83.584	0.015030198	-5.8451955	-0.02308229
83.712	0.015016568	-5.8454023	-0.023392161
83.84	0.014800295	-5.8452284	-0.025493982
83.968	0.014986514	-5.8453909	-0.024654554
84.096	0.014760903	-5.8451938	-0.024311664
84.224	0.01485656	-5.8453377	-0.025834228
84.352	0.014977059	-5.8456142	-0.022736951
84.48	0.014655553	-5.8454719	-0.021712574
84.608	0.014804266	-5.8456908	-0.02327424
84.736	0.014664988	-5.8455268	-0.021875112
84.864	0.014563376	-5.845554	-0.023079944
84.992	0.014613957	-5.845759	-0.026615554
85.12	0.014437883	-5.845535	-0.027801569
85.248	0.014692035	-5.8458233	-0.025811347
85.376	0.014748665	-5.8458142	-0.023578405
85.504	0.014546319	-5.8454729	-0.024534095
85.632	0.014690232	-5.8457863	-0.023544604
85.76	0.014728347	-5.8455403	-0.021583802
85.888	0.014511832	-5.8454629	-0.021696195
86.016	0.014939048	-5.8456374	-0.022836642
86.144	0.014787769	-5.8456208	-0.022817416
86.272	0.01487814	-5.8455709	-0.023181517
86.4	0.014787668	-5.8455002	-0.022488938
86.528	0.01504989	-5.8455423	-0.023445047
86.656	0.014988317	-5.8455177	-0.025065244
86.784	0.014831793	-5.8450296	-0.023231281
86.912	0.015064156	-5.845199	-0.02135671
87.04	0.015084979	-5.8451326	-0.022592084
87.168	0.015226274	-5.8451126	-0.022993876
87.296	0.014958602	-5.8447666	-0.020389997
87.424	0.015109645	-5.8449806	-0.02132261
87.552	0.015208063	-5.8451148	-0.020006152
87.68	0.015360585	-5.8454702	-0.020591218
87.808	0.015363479	-5.8452431	-0.020143583
87.936	0.015328186	-5.8449444	-0.022525379
88.064	0.015182685	-5.8446008	-0.021932807
88.192	0.01525292	-5.8449211	-0.021829615
88.32	0.015296069	-5.8450886	-0.022331718
88.448	0.015432426	-5.8448909	-0.021586293
88.576	0.015194816	-5.8447507	-0.020680733
88.704	0.015388508	-5.8448807	-0.02312006
88.832	0.015244604	-5.8447523	-0.021877589
88.96	0.015162101	-5.844684	-0.023225395
89.088	0.015567036	-5.8451265	-0.025315067
89.216	0.015148716	-5.8449773	-0.020932921
89.344	0.015261616	-5.8448637	-0.021507588
89.472	0.015251744	-5.8450016	-0.024286988
89.6	0.014903099	-5.8448555	-0.022035685
89.728	0.015210707	-5.8450912	-0.022278453
89.856	0.014923279	-5.844873	-0.023884441
89.984	0.01501566	-5.8450587	-0.023975793
90.112	0.015051606	-5.8452805	-0.023275791
90.24	0.014798374	-5.8451928	-0.021711536
90.368	0.014940044	-5.8450988	-0.023953741
90.496	0.01492476	-5.8453292	-0.022950094
90.624	0.014739354	-5.8450455	-0.020914529
90.752	0.01475458	-5.8449891	-0.02071499
90.88	0.014507976	-5.8452487	-0.021403357
91.008	0.014927947	-5.8456467	-0.022040032
91.136	0.014855771	-5.8456436	-0.022688239
91.264	0.014778171	-5.8456665	-0.023339342
91.392	0.014490607	-5.8453338	-0.02454724
91.52	0.014743356	-5.845358	-0.024605895
91.648	0.014475104	-5.8455192	-0.021477116
91.776	0.014751431	-5.8455675	-0.024054504
91.904	0.014755276	-5.8456316	-0.021989133
92.032	0.014712956	-5.8455296	-0.022974645
92.16	0.014751633	-5.8456589	-0.024259496
92.288	0.01457962	-5.8452605	-0.021321164
92.416	0.014762212	-5.8454685	-0.022611912
92.544	0.014943471	-5.8456391	-0.024441065
92.672	0.014754581	-5.8453683	-0.022578968
92.8	0.015048344	-5.8455898	-0.022405345
92.928	0.014899408	-5.845208	-0.021713017
93.056	0.014711851	-5.8451481	-0.021352175
93.184	0.014849669	-5.8448383	-0.024719998
93.312	0.015305023	-5.845421	-0.023055923
93.44	0.014951366	-5.8449345	-0.020385377
93.568	0.015115847	-5.8450594	-0.021903191
93.696	0.01520279	-5.8451667	-0.020900979
93.824	0.015146772	-5.8453159	-0.019827348
93.952	0.015117197	-5.8450781	-0.020787131
94.08	0.015384895	-5.8449524	-0.022906024
94.208	0.015170415	-5.8451045	-0.022760966
94.336	0.015542449	-5.8450529	-0.025077794
94.464	0.015252675	-5.8448829	-0.023307106
94.592	0.015144141	-5.844791	-0.023754252
94.72	0.015431435	-5.8448968	-0.023247573
94.848	0.015279708	-5.8446595	-0.022363638
94.976	0.015564567	-5.8449204	-0.023154078
95.104	0.015016031	-5.8445836	-0.020484358
95.232	0.015443548	-5.8448862	-0.023370007
95.36	0.01513169	-5.8448202	-0.021150041
95.488	0.01546969	-5.8448812	-0.024213199
95.616	0.014873258	-5.8444086	-0.021977199
95.744	0.015300373	-5.844972	-0.021719754
95.872	0.015097477	-5.8448848	-0.020090382
96	0.015261399	-5.845099	-0.02074597
96.128	0.014953607	-5.8449939	-0.021676546
96.256	0.015139347	-5.8455176	-0.024138984
96.384	0.015077521	-5.8453731	-0.022897978
96.512	0.014929179	-5.8453908	-0.020585893
96.64	0.01502409	-5.845495	-0.022126187
96.768	0.014619032	-5.8453236	-0.024863027
96.896	0.014893907	-5.8454928	-0.024648653
97.024	0.014770475	-5.8456319	-0.021516794
97.152	0.0149199	-5.8458285	-0.022649805
97.28	0.014402673	-5.8452694	-0.021831864
97.408	0.014725684	-5.8454454	-0.023243587
97.536	0.014948023	-5.845634	-0.025006995
97.664	0.014430437	-5.8450305	-0.024678749
97.792	0.014530358	-5.8452141	-0.02220505
97.92	0.015130036	-5.845866	-0.026285394
98.048	0.014347926	-5.8450429	-0.022369472
98.176	0.014607063	-5.8452925	-0.021711244
98.304	0.01473413	-5.8453452	-0.024420096
98.432	0.014780919	-5.8452975	-0.024389372
98.56	0.014629569	-5.8453869	-0.022563467
98.688	0.014732585	-5.8452616	-0.023072605
98.816	0.014723989	-5.8454679	-0.024594474
98.944	0.014933349	-5.8456571	-0.023579618
99.072	0.014715187	-5.8453305	-0.021817101
99.2	0.015016053	-5.8457065	-0.022162784
99.328	0.014832867	-5.8454181	-0.019352541
99.456	0.015120304	-5.8454701	-0.022251769
99.584	0.01502556	-5.8452885	-0.024000847
99.712	0.015028866	-5.8453007	-0.025173679
99.84	0.01519302	-5.845436	-0.024200482
99.968	0.015102372	-5.8451213	-0.022702735
100.096	0.014936825	-5.844842	-0.022618551
100.224	0.015224055	-5.844976	-0.020737599
100.352	0.015335141	-5.8449737	-0.020881183
100.48	0.015246544	-5.8447944	-0.020934465
100.608	0.015193361	-5.8447418	-0.019866819
100.736	0.015120464	-5.8447684	-0.021636009
100.864	0.015412534	-5.8448391	-0.021809061
100.992	0.015513576	-5.8448576	-0.0222486
101.12	0.015215008	-5.8446973	-0.022841756
101.248	0.01535737	-5.8449676	-0.021676903
101.376	0.015489494	-5.8450381	-0.024427659
101.504	0.015165562	-5.8449179	-0.022512987
101.632	0.01539774	-5.8451801	-0.022203116
101.76	0.015414192	-5.8450883	-0.022083499
101.888	0.015132433	-5.8447427	-0.023239159
102.016	0.015292545	-5.8449719	-0.022737414
102.144	0.015126423	-5.845097	-0.020547389
102.272	0.015147371	-5.8451539	-0.023840527
102.4	0.015037395	-5.8449479	-0.024560783
102.528	0.015085941	-5.8450937	-0.024105547
102.656	0.015214641	-5.8452047	-0.022446666
102.784	0.014778532	-5.8450748	-0.022137861
102.912	0.014902136	-5.8455139	-0.024234037
103.04	0.014676792	-5.8452226	-0.020530206
103.168	0.01461038	-5.8452083	-0.022295728
103.296	0.014635996	-5.8451008	-0.025248579
103.424	0.015088399	-5.8459509	-0.026736212
103.552	0.014533278	-5.8455436	-0.025996019
103.68	0.014821778	-5.8456341	-0.022752043
103.808	0.014897043	-5.8457516	-0.021672169
103.936	0.014695431	-5.8453434	-0.023336117
104.064	0.014658375	-5.845287	-0.023565179
104.192	0.014487853	-5.8453067	-0.02172399
104.32	0.014799111	-5.8458692	-0.023693619
104.448	0.01479219	-5.8455139	-0.023569921
104.576	0.014778718	-5.8454882	-0.02191241
104.704	0.014736536	-5.8458267	-0.020409074
104.832	0.014566089	-5.8455548	-0.021101097
104.96	0.014568713	-5.8454303	-0.025408259
105.088	0.014802979	-5.8454239	-0.026706424
105.216	0.014790046	-5.8453521	-0.021044452
105.344	0.014710366	-5.8451201	-0.0221581
105.472	0.015034502	-5.8456373	-0.026529259
105.6	0.014891333	-5.8453667	-0.022288908
105.728	0.015017171	-5.8452962	-0.022682367
105.856	0.014835242	-5.8450893	-0.02530194
105.984	0.014955574	-5.8451835	-0.023334121
106.112	0.014845994	-5.8451079	-0.021991341
106.24	0.01532183	-5.8454008	-0.022961297
106.368	0.015115001	-5.8453695	-0.019304031
106.496	0.015155166	-5.8450903	-0.021355122
106.624	0.015100149	-5.8448727	-0.021148407
106.752	0.015258636	-5.8447336	-0.019712991
106.88	0.015255135	-5.8449126	-0.021979344
107.008	0.015387725	-5.8448983	-0.025014896
107.136	0.015262787	-5.8448111	-0.0249332
107.264	0.015279657	-5.8447554	-0.025021885
107.392	0.015235796	-5.8446756	-0.021492025
107.52	0.015263083	-5.8448654	-0.020689221
107.648	0.015500892	-5.8450343	-0.021785135
107.776	0.015158696	-5.844758	-0.023460724
107.904	0.015206092	-5.8444939	-0.024243033
108.032	0.01562565	-5.8450836	-0.022502127
108.16	0.01518175	-5.8446287	-0.020890762
108.288	0.015352929	-5.8449488	-0.020952736
108.416	0.015072638	-5.8447303	-0.020991546
108.544	0.014916745	-5.8447249	-0.019013391
108.672	0.015274717	-5.8452289	-0.022772655
108.8	0.014896333	-5.8450353	-0.025276689
108.928	0.015159462	-5.8450752	-0.021307752
109.056	0.015098326	-5.8452414	-0.020094292
109.184	0.015055544	-5.8454909	-0.022317771
109.312	0.014901338	-5.8451983	-0.022237512
109.44	0.015106427	-5.8455523	-0.020864816
109.568	0.014920337	-5.845574	-0.021680322
109.696	0.014733236	-5.8452097	-0.023330904
109.824	0.014593529	-5.8453267	-0.024208975
109.952	0.014995318	-5.8456303	-0.0255067
110.08	0.014650373	-5.8453139	-0.021581435
110.208	0.014632548	-5.8457039	-0.023570894
110.336	0.014610178	-5.8460056	-0.025671017
110.464	0.014752414	-5.8459798	-0.024586108
110.592	0.014550514	-5.8454714	-0.022702894
110.72	0.014550282	-5.8457439	-0.023492165
110.848	0.014608852	-5.8454348	-0.022374037
110.976	0.014794281	-5.8455169	-0.024186039
111.104	0.014702142	-5.8456635	-0.024807006
111.232	0.014683408	-5.8454663	-0.024357303
111.36	0.01472791	-5.8453082	-0.023846533
111.488	0.014589311	-5.8452641	-0.021289238
111.616	0.015205024	-5.8458513	-0.025743199
111.744	0.014695131	-5.845362	-0.023184787
111.872	0.014840403	-5.8456271	-0.023569944
112	0.014995447	-5.8453801	-0.024533133
112.128	0.014835277	-5.8452464	-0.023881391
112.256	0.015152488	-5.8455374	-0.023402538
112.384	0.015177548	-5.845472	-0.023857115
112.512	0.015000995	-5.8449352	-0.021970196
112.64	0.014944465	-5.8448496	-0.02265622
112.768	0.015165578	-5.8452384	-0.024449368
112.896	0.01515153	-5.8450787	-0.022788021
113.024	0.015210963	-5.8450898	-0.022857188
113.152	0.015156798	-5.8447904	-0.023484712
113.28	0.015228488	-5.8448098	-0.023874964
113.408	0.015363666	-5.8450321	-0.021290604
113.536	0.01561331	-5.8451726	-0.022536432
113.664	0.015140723	-5.8445416	-0.021944519
113.792	0.015399456	-5.8447022	-0.020918488
113.92	0.015481851	-5.8450148	-0.019103309
114.048	0.01530208	-5.8446946	-0.019126265
114.176	0.015315112	-5.8445441	-0.023036056
114.304	0.015569477	-5.8451665	-0.023958486
114.432	0.015152701	-5.8449857	-0.021204393
114.56	0.015145172	-5.8449742	-0.02148363
114.688	0.015341949	-5.8451072	-0.021476673
114.816	0.015172428	-5.8449541	-0.021086534
114.944	0.015024287	-5.845052	-0.020590165
115.072	0.015107865	-5.8450659	-0.020468699
115.2	0.015080466	-5.8449818	-0.021659518
115.328	0.014928467	-5.8450419	-0.023181264
115.456	0.014784546	-5.8451445	-0.02491885
115.584	0.01504361	-5.8453905	-0.023980836
115.712	0.015065155	-5.8456685	-0.023115505
115.84	0.014924595	-5.845313	-0.023427817
115.968	0.014687252	-5.8448499	-0.023508573
116.096	0.01464288	-5.8452153	-0.021522394
116.224	0.014580568	-5.8451203	-0.020600891
116.352	0.014867383	-5.8454945	-0.022766225
116.48	0.014585035	-5.8451599	-0.022500535
116.608	0.014608051	-5.8453708	-0.023208888
116.736	0.014791749	-5.8455201	-0.022249367
116.864	0.014704687	-5.8454543	-0.022710542
116.992	0.014390019	-5.8453629	-0.024835378
117.12	0.014676966	-5.8456543	-0.024825611
117.248	0.014756653	-5.8455155	-0.025860776
117.376	0.014817177	-5.8457191	-0.02717689
117.504	0.014581457	-5.8454647	-0.022909629
117.632	0.014725203	-5.8453522	-0.024423043
117.76	0.014750616	-5.845369	-0.025093103
117.888	0.015111299	-5.8459253	-0.025648009
118.016	0.014601194	-5.8454073	-0.02232353
118.144	0.014791925	-5.8450884	-0.022849286
118.272	0.015082072	-5.8452454	-0.0244521
118.4	0.014763515	-5.8451133	-0.02232307
118.528	0.015043379	-5.8453103	-0.023473387
118.656	0.015212412	-5.8454655	-0.022616044
118.784	0.015026061	-5.845095	-0.022292433
118.912	0.014959892	-5.8451052	-0.023445827
119.04	0.015092114	-5.8451663	-0.022054674
119.168	0.015361306	-5.8451236	-0.024022088
119.296	0.015419578	-5.8451569	-0.021072019
119.424	0.015172009	-5.8450044	-0.018462249
119.552	0.015106544	-5.8446294	-0.018860939
119.68	0.015340063	-5.8446666	-0.019099647
119.808	0.01553576	-5.8451706	-0.022569268
119.936	0.015540042	-5.845269	-0.02412228
120.064	0.015341217	-5.8446509	-0.02301995
120.192	0.015240059	-5.844832	-0.019817004
120.32	0.015308841	-5.844894	-0.021037323
120.448	0.015380642	-5.8449131	-0.021953959
120.576	0.015269224	-5.8449267	-0.021179235
120.704	0.015301644	-5.8448097	-0.022343954
120.832	0.015318805	-5.8447964	-0.024707237
120.96	0.015053703	-5.8448454	-0.023124508
121.088	0.015281549	-5.8453027	-0.022100571
121.216	0.015053524	-5.8448873	-0.021825162
121.344	0.015141435	-5.8450918	-0.022246276
121.472	0.014973931	-5.8450289	-0.022090171
121.6	0.014929551	-5.8453464	-0.020821377
121.728	0.014821129	-5.8451686	-0.019462826
121.856	0.014980724	-5.8453231	-0.023757009
121.984	0.015081788	-5.8453888	-0.025706201
122.112	0.014817407	-5.8452543	-0.022009631
122.24	0.014556056	-5.8451119	-0.022448002
122.368	0.014785162	-5.845729	-0.023411062
122.496	0.014698956	-5.8456558	-0.021899946
122.624	0.014555764	-5.8456165	-0.026007208
122.752	0.014623789	-5.8454925	-0.025320525
122.88	0.014719514	-5.8454943	-0.024525185
123.008	0.014596724	-5.8454952	-0.025941896
123.136	0.014691498	-5.845507	-0.022159543
123.264	0.014899258	-5.8457611	-0.023896328
123.392	0.014581649	-5.8456415	-0.023737659
123.52	0.014641981	-5.8453303	-0.022736439
123.648	0.014845614	-5.8454673	-0.022585197
123.776	0.014801014	-5.8454964	-0.022672242
123.904	0.014564127	-5.845404	-0.023786192
124.032	0.014785945	-5.8454398	-0.023757909
124.16	0.014744596	-5.8453061	-0.024272874
124.288	0.014704608	-5.8452121	-0.023626653
124.416	0.015129558	-5.8453206	-0.024098453
124.544	0.014945237	-5.8452432	-0.024166721
124.672	0.014917447	-5.8449911	-0.023681337
124.8	0.014959694	-5.8450545	-0.025236735
124.928	0.015271756	-5.8454146	-0.023478692
125.056	0.014874487	-5.8448279	-0.020883844
125.184	0.015246268	-5.8452156	-0.021289565
125.312	0.015158158	-5.8452727	-0.021405313
125.44	0.015183264	-5.844994	-0.021318965
125.568	0.015252746	-5.8451256	-0.021260448
125.696	0.015247623	-5.8449234	-0.021410542
125.824	0.015205451	-5.8445288	-0.02062909
125.952	0.015325811	-5.844711	-0.019049208
126.08	0.015549622	-5.8447794	-0.022537844
126.208	0.015165495	-5.8446266	-0.021856649
126.336	0.015444301	-5.8448857	-0.020805574
126.464	0.015282884	-5.8448312	-0.021452174
126.592	0.015439151	-5.844847	-0.021436126
126.72	0.015298138	-5.8452073	-0.019588511
126.848	0.015342917	-5.845001	-0.021915647
126.976	0.015112448	-5.8447548	-0.023508788
127.104	0.015068353	-5.844654	-0.022671117
127.232	0.01512024	-5.8450273	-0.020800277
127.36	0.015161169	-5.8451197	-0.021134404
127.488	0.015160964	-5.8452561	-0.022085888
127.616	0.015083254	-5.8452926	-0.021545623
127.744	0.015165679	-5.8454823	-0.021696155
127.872	0.014782023	-5.8449524	-0.021353332
128	0.01499264	-5.845289	-0.024363887
128.128	0.014917289	-5.8453825	-0.024181093
128.256	0.015193361	-5.8456325	-0.023676283
128.384	0.01488981	-5.8454316	-0.021945216
128.512	0.014650206	-5.8452086	-0.020133992
128.64	0.014703686	-5.8454657	-0.023214852
128.768	0.014675472	-5.8454708	-0.024139086
128.896	0.014795721	-5.8457356	-0.023765185
129.024	0.014903835	-5.845636	-0.024598491
129.152	0.014766245	-5.8458117	-0.022819068
129.28	0.014522349	-5.8452782	-0.023090551
129.408	0.014457622	-5.8453393	-0.022661559
129.536	0.014751106	-5.8455709	-0.023132526
129.664	0.014865863	-5.8455992	-0.025556732
129.792	0.014277521	-5.8451272	-0.025659515
129.92	0.014849148	-5.8454686	-0.025052747
130.048	0.014719869	-5.8453703	-0.023957173
130.176	0.014760486	-5.8455732	-0.025212139
130.304	0.014824271	-5.8452324	-0.024239051
130.432	0.014790937	-5.84535	-0.023242307
130.56	0.014918765	-5.8454634	-0.02058734
130.688	0.01479055	-5.8454438	-0.017296304
130.816	0.015086061	-5.845442	-0.024063538
130.944	0.014999777	-5.8453229	-0.024916898
131.072	0.014915954	-5.8450491	-0.021417711
131.2	0.014821074	-5.8450675	-0.022333044
131.328	0.014930268	-5.8451343	-0.021044948
131.456	0.01506001	-5.8450909	-0.020377605
131.584	0.015088893	-5.8448909	-0.022540236
131.712	0.015266626	-5.8451098	-0.024960612
131.84	0.015341521	-5.8450794	-0.021223621
131.968	0.015483821	-5.8451904	-0.022096941
132.096	0.015023734	-5.8447844	-0.023935915
132.224	0.015396866	-5.8451065	-0.023922878
132.352	0.015275355	-5.8450354	-0.021538695
132.48	0.015141644	-5.845049	-0.021319509
132.608	0.015343791	-5.8447617	-0.021734314
132.736	0.01529924	-5.8449508	-0.021944912
132.864	0.015446948	-5.8452227	-0.02140588
132.992	0.015341431	-5.8450224	-0.020326377
133.12	0.015261349	-5.8451401	-0.021684278
133.248	0.015175256	-5.8451089	-0.02204989
133.376	0.015148593	-5.8448871	-0.02324613
133.504	0.015151027	-5.844794	-0.023823139
133.632	0.015196906	-5.8448629	-0.022622113
133.76	0.015139891	-5.8448793	-0.020912126
133.888	0.015094449	-5.845032	-0.021646148
134.016	0.014894907	-5.8451007	-0.022695363
134.144	0.015161951	-5.8451413	-0.023476602
134.272	0.014964324	-5.8451076	-0.023879715
134.4	0.014731417	-5.8451077	-0.022947747
134.528	0.014879644	-5.8454559	-0.023675273
134.656	0.015040134	-5.845672	-0.025454994
134.784	0.014784205	-5.8452353	-0.022768586
134.912	0.014939496	-5.8455994	-0.023287958
135.04	0.014960341	-5.8458722	-0.02533949
135.168	0.014792278	-5.8459283	-0.023092764
135.296	0.014660112	-5.8456963	-0.023991415
135.424	0.014759585	-5.8456293	-0.024681788
135.552	0.014586705	-5.8454849	-0.023524572
135.68	0.014523881	-5.8455483	-0.021028454
135.808	0.014733674	-5.8458123	-0.02220502
135.936	0.01465841	-5.8455157	-0.023002578
136.064	0.014522315	-5.8453279	-0.021683577
136.192	0.014790159	-5.8457257	-0.024122822
136.32	0.014699218	-5.8453248	-0.02270166
136.448	0.014780237	-5.8454355	-0.024920624
136.576	0.01470319	-5.845449	-0.022477006
136.704	0.014695125	-5.8453885	-0.022397448
136.832	0.014768116	-5.8453459	-0.023043627
136.96	0.015022914	-5.845366	-0.022093667
137.088	0.014926553	-5.8452477	-0.022894766
137.216	0.014767951	-5.8448898	-0.023576499
137.344	0.014876577	-5.8449961	-0.023357762
137.472	0.015137494	-5.8452128	-0.021875191
137.6	0.015250607	-5.8453352	-0.02021016
137.728	0.015092057	-5.8449816	-0.020859637
137.856	0.015168918	-5.8448392	-0.022362008
137.984	0.015021038	-5.8447942	-0.019131736
138.112	0.015243932	-5.8450506	-0.020235754
138.24	0.015335103	-5.8448839	-0.021699896
138.368	0.015125347	-5.8444645	-0.022134581
138.496	0.015472135	-5.8451456	-0.022560741
138.624	0.015341711	-5.844965	-0.022078793
138.752	0.015273664	-5.8449295	-0.024890911
138.88	0.01499805	-5.844556	-0.021993223
139.008	0.015272043	-5.8448939	-0.020899504
139.136	0.015241667	-5.8449844	-0.018972308
139.264	0.015414308	-5.8451264	-0.021098699
139.392	0.015314575	-5.8451182	-0.024121777
139.52	0.015033561	-5.8448578	-0.023257996
139.648	0.015352173	-5.8450749	-0.022364963
139.776	0.015304504	-5.8450638	-0.020442997
139.904	0.01527354	-5.8452124	-0.021419209
140.032	0.015125125	-5.8448889	-0.021700393
140.16	0.015236245	-5.8451806	-0.025061035
140.288	0.015075487	-5.8449921	-0.024782133
140.416	0.01497598	-5.8450997	-0.023885074
140.544	0.015226646	-5.8452911	-0.023490318
140.672	0.014933423	-5.8452517	-0.023336786
140.8	0.014992139	-5.8451633	-0.022247656
140.928	0.014771703	-5.8450503	-0.022369847
141.056	0.014920602	-5.8453714	-0.024306368
141.184	0.014625482	-5.8453461	-0.023292667
141.312	0.014812376	-5.8456026	-0.022396732
141.44	0.014707774	-5.8457655	-0.023065066
141.568	0.014825915	-5.8459621	-0.023605108
141.696	0.014780123	-5.8457731	-0.022645413
141.824	0.014843268	-5.8456046	-0.023362376
141.952	0.014926931	-5.8457157	-0.023136002
142.08	0.014407171	-5.8451665	-0.026112901
142.208	0.014601605	-5.8454846	-0.026487468
142.336	0.014517394	-5.8453871	-0.023642291
142.464	0.014491059	-5.8453973	-0.022427692
142.592	0.014677864	-5.8454835	-0.021668493
142.72	0.014956183	-5.8458679	-0.022458805
142.848	0.01462211	-5.8454185	-0.024444883
142.976	0.014966781	-5.8453311	-0.025783647
143.104	0.014848697	-5.8453442	-0.023619886
143.232	0.014654361	-5.8451693	-0.022607117
143.36	0.015087683	-5.845645	-0.024550615
143.488	0.014795362	-5.8452147	-0.022491847
143.616	0.01494488	-5.845258	-0.022582138
143.744	0.014943651	-5.8451292	-0.021754238
143.872	0.015156648	-5.8453711	-0.02327553
144	0.014835108	-5.8449614	-0.021965331
144.128	0.015267641	-5.8452228	-0.023509483
144.256	0.015259094	-5.8449375	-0.023000453
144.384	0.015369782	-5.8453276	-0.02323655
144.512	0.015091298	-5.8448079	-0.01942481
144.64	0.015265997	-5.8448966	-0.022467183
144.768	0.015338999	-5.845062	-0.023238479
144.896	0.0151081	-5.8448762	-0.019137897
145.024	0.015232886	-5.8448964	-0.02185054
145.152	0.015598861	-5.8454	-0.023954165
145.28	0.015342924	-5.8450733	-0.021307154
145.408	0.015165687	-5.8448845	-0.022371377
145.536	0.015277424	-5.8450536	-0.021914948
145.664	0.015259373	-5.8447311	-0.02114366
145.792	0.015181452	-5.8445859	-0.020787719
145.92	0.015337906	-5.8450561	-0.023223686
146.048	0.015242226	-5.8448884	-0.021902201
146.176	0.015213874	-5.8450748	-0.02145831
146.304	0.015143694	-5.8448453	-0.024603105
146.432	0.014929025	-5.8444866	-0.022914753
146.56	0.015026376	-5.8447672	-0.022812281
146.688	0.01503339	-5.8450199	-0.022886938
146.816	0.015045751	-5.8450354	-0.023498469
146.944	0.014909338	-5.845101	-0.022521428
147.072	0.015011496	-5.8451838	-0.019774927
147.2	0.014965848	-5.8453456	-0.020993533
147.328	0.015044881	-5.8453979	-0.022336337
147.456	0.014556449	-5.8448189	-0.020885758
147.584	0.014844755	-5.8453881	-0.023653763
147.712	0.014728416	-5.8452503	-0.021996123
147.84	0.014696008	-5.845392	-0.023122482
147.968	0.014517176	-5.8453971	-0.024113309
148.096	0.014590008	-5.8456373	-0.0239109
148.224	0.014705532	-5.8456243	-0.024290353
148.352	0.014432893	-5.8452077	-0.022470497
148.48	0.014862907	-5.8454728	-0.023871136
148.608	0.014645688	-5.8453488	-0.024613414
148.736	0.014727573	-5.8455259	-0.024687111
148.864	0.014862682	-5.8456584	-0.024200237
148.992	0.01465203	-5.8454301	-0.024250745
149.12	0.014693106	-5.8454177	-0.022690802
149.248	0.014898507	-5.845617	-0.022523383
149.376	0.014837544	-5.8451909	-0.023326064
149.504	0.014709549	-5.8450383	-0.02310458
149.632	0.015049304	-5.845579	-0.024087373
149.76	0.014745228	-5.8450741	-0.024609857
149.888	0.014889956	-5.8449878	-0.023133169
150.016	0.015059012	-5.8451084	-0.024254634
150.144	0.014937226	-5.8448313	-0.02201074
150.272	0.014933155	-5.8449906	-0.020639549
150.4	0.015164085	-5.8451449	-0.024373007
150.528	0.015107517	-5.8451076	-0.024822548
150.656	0.015073772	-5.8452633	-0.026444576
150.784	0.015172558	-5.8451055	-0.024860105
150.912	0.015280948	-5.8449719	-0.024844984
151.04	0.015152145	-5.8447805	-0.022694433
151.168	0.015205961	-5.8447248	-0.021921454
151.296	0.015431494	-5.844963	-0.024778366
151.424	0.015481879	-5.8449889	-0.023435245
151.552	0.015209396	-5.8450728	-0.022729318
151.68	0.015370739	-5.8451491	-0.019660226
151.808	0.015211054	-5.8448936	-0.017787897
151.936	0.015349943	-5.8447711	-0.020968117
152.064	0.01547743	-5.844911	-0.021828676
152.192	0.015238606	-5.8447542	-0.020324292
152.32	0.01520431	-5.8446291	-0.020004718
152.448	0.015289646	-5.8450648	-0.022908752
152.576	0.015033815	-5.8445201	-0.02220203
152.704	0.015273526	-5.8447853	-0.022498173
152.832	0.014949767	-5.8446097	-0.02071979
152.96	0.015077274	-5.8449686	-0.022284511
153.088	0.015059822	-5.8451341	-0.021425562
153.216	0.014882022	-5.8452191	-0.021564872
153.344	0.014769732	-5.8452601	-0.022470014
153.472	0.015013345	-5.8455906	-0.023499028
153.6	0.01494277	-5.8455205	-0.025399486
153.728	0.015039642	-5.8456761	-0.025674706
153.856	0.015055929	-5.8457676	-0.023488256
153.984	0.01457396	-5.8453158	-0.021188839
154.112	0.014594348	-5.8454066	-0.020556361
154.24	0.014865399	-5.8457124	-0.022228993
154.368	0.014686237	-5.8455016	-0.022853706
154.496	0.014625092	-5.8453317	-0.024056471
154.624	0.014920843	-5.8457485	-0.025647019
154.752	0.014417923	-5.8454638	-0.022742336
154.88	0.01468132	-5.8456457	-0.022783276
155.008	0.014599534	-5.8457768	-0.024860538
155.136	0.014686578	-5.84571	-0.026404257
155.264	0.014714713	-5.8455293	-0.023855828
155.392	0.014942768	-5.8456012	-0.024323277
155.52	0.014721071	-5.8453807	-0.022056622
155.648	0.014601908	-5.8453182	-0.021214666
155.776	0.01487165	-5.845228	-0.021551578
155.904	0.014671192	-5.8451416	-0.023178595
156.032	0.014810364	-5.8454055	-0.023768302
156.16	0.015388848	-5.8457868	-0.025230223
156.288	0.014779282	-5.8452924	-0.024491796
156.416	0.014969912	-5.8453401	-0.024816275
156.544	0.015070038	-5.8450575	-0.025083193
156.672	0.015229358	-5.8452955	-0.024174084
156.8	0.015218599	-5.8451041	-0.020743973
156.928	0.015153587	-5.8450184	-0.021328843
157.056	0.015018034	-5.8448753	-0.022018592
157.184	0.015261453	-5.8448237	-0.0225783
157.312	0.015180368	-5.8449491	-0.022235883
157.44	0.015290617	-5.8451086	-0.023303923
157.568	0.015446434	-5.8452871	-0.023406008
157.696	0.015463948	-5.8449688	-0.023421944
157.824	0.015154302	-5.8444926	-0.021597972
157.952	0.015523573	-5.8448833	-0.020813548
158.08	0.015394437	-5.8449532	-0.021589502
158.208	0.015130163	-5.8446923	-0.020850717
158.336	0.015360795	-5.845094	-0.021622347
158.464	0.01513116	-5.8450253	-0.020554583
158.592	0.015609571	-5.8453317	-0.024321935
158.72	0.015027778	-5.8448321	-0.027490143
158.848	0.015416966	-5.8452481	-0.023069547
158.976	0.01500758	-5.845068	-0.018946972
159.104	0.01501472	-5.8453028	-0.02228932
159.232	0.014997744	-5.8454408	-0.021413695
159.36	0.015156908	-5.8453214	-0.021963076
159.488	0.015045885	-5.8453624	-0.023438065
159.616	0.015012948	-5.8452671	-0.022564966
159.744	0.014892419	-5.8453018	-0.021987854
159.872	0.014909918	-5.8455654	-0.026162571
160	0.014947034	-5.8456631	-0.026783195
160.128	0.014745777	-5.8453215	-0.024570341
160.256	0.014806099	-5.8456208	-0.024974228
160.384	0.014620691	-5.8457592	-0.025113303
160.512	0.014632693	-5.845744	-0.025826797
160.64	0.014805924	-5.8458705	-0.026234176
160.768	0.014435528	-5.8453914	-0.023438378
160.896	0.014591229	-5.8454506	-0.02465861
161.024	0.014722868	-5.8459344	-0.027251932
161.152	0.014617629	-5.8460937	-0.025425074
161.28	0.014473399	-5.8453777	-0.023203961
161.408	0.014728194	-5.8457521	-0.025727793
161.536	0.01475851	-5.8455634	-0.024769593
161.664	0.014741207	-5.8454961	-0.023881371
161.792	0.014641972	-5.845512	-0.022940736
161.92	0.014718922	-5.8455745	-0.02310136
162.048	0.014917984	-5.8455466	-0.023777906
162.176	0.015025192	-5.8454576	-0.025651624
162.304	0.014689028	-5.8451323	-0.022540427
162.432	0.015070766	-5.845578	-0.021716529
162.56	0.014798782	-5.8450043	-0.022131756
162.688	0.014888353	-5.8454408	-0.023289169
162.816	0.015092484	-5.8452397	-0.023242086
162.944	0.014980997	-5.8450189	-0.022529911
163.072	0.015275058	-5.8450849	-0.022230784
163.2	0.015206322	-5.8451411	-0.022459496
163.328	0.015381052	-5.8451071	-0.024205267
163.456	0.015174579	-5.8447527	-0.023829768
163.584	0.015298955	-5.8453939	-0.023988731
163.712	0.015270866	-5.8449322	-0.019876755
163.84	0.015429713	-5.8450576	-0.021043341
163.968	0.015480394	-5.8449771	-0.023413372
164.096	0.015461001	-5.8448811	-0.023042633
164.224	0.014986588	-5.8447319	-0.021832047
164.352	0.01539628	-5.8450563	-0.022535291
164.48	0.015296311	-5.8448991	-0.024881087
164.608	0.015134401	-5.8447641	-0.025590728
164.736	0.015086201	-5.8447283	-0.024029216
164.864	0.015439246	-5.8453244	-0.023078455
164.992	0.015268705	-5.8453263	-0.023398655
165.12	0.015200416	-5.8447643	-0.02368176
165.248	0.015211758	-5.844967	-0.021878704
165.376	0.01525849	-5.84536	-0.023637184
165.504	0.015201676	-5.845488	-0.023964088
165.632	0.015002022	-5.8453483	-0.023739273
165.76	0.01478981	-5.8454016	-0.022301617
165.888	0.01486577	-5.8453708	-0.021190601
166.016	0.014918536	-5.8453752	-0.022307617
166.144	0.014897836	-5.8454715	-0.021713285
166.272	0.014742832	-5.8451639	-0.024830565
166.4	0.01494958	-5.8456561	-0.026490262
166.528	0.014639946	-5.8453332	-0.023221617
166.656	0.014426198	-5.8452504	-0.023645363
166.784	0.014685024	-5.8456624	-0.025323036
166.912	0.014822426	-5.8459322	-0.025053438
167.04	0.014894703	-5.8457209	-0.025748331
167.168	0.014791376	-5.8457566	-0.024483239
167.296	0.014592586	-5.8457441	-0.024217336
167.424	0.014540804	-5.8457249	-0.023026173
167.552	0.014645422	-5.8458196	-0.022732907
167.68	0.014773665	-5.8457888	-0.026541
167.808	0.014638006	-5.8455577	-0.02362878
167.936	0.01482711	-5.8457769	-0.024539221
168.064	0.014766542	-5.8454587	-0.024312762
168.192	0.014786297	-5.8454726	-0.022958256
168.32	0.014794139	-5.8455004	-0.026355325
168.448	0.01488963	-5.845679	-0.026263595
168.576	0.014785664	-5.8453106	-0.023928948
168.704	0.015140962	-5.8454063	-0.021392517
168.832	0.015092341	-5.8451093	-0.022364169
168.96	0.0148121	-5.8448545	-0.022376122
169.088	0.014762886	-5.844875	-0.021823495
169.216	0.015300031	-5.8452372	-0.022129973
169.344	0.014931812	-5.8446947	-0.020067514
169.472	0.015328476	-5.8451974	-0.024077291
169.6	0.015332972	-5.8451873	-0.0253811
169.728	0.015091674	-5.8450042	-0.023613661
169.856	0.015477522	-5.8452445	-0.022124669
169.984	0.015476691	-5.8449525	-0.021644125
170.112	0.015219912	-5.8447192	-0.020606734
170.24	0.0153703	-5.8449571	-0.021615523
170.368	0.015316834	-5.8451576	-0.022060048
170.496	0.015137894	-5.8449726	-0.023432247
170.624	0.01529424	-5.8452252	-0.022986146
170.752	0.015665895	-5.8454481	-0.025131531
170.88	0.015252967	-5.8449879	-0.024291738
171.008	0.015251308	-5.84515	-0.022620678
171.136	0.015212284	-5.8451167	-0.022083075
171.264	0.015260836	-5.8453786	-0.022077959
171.392	0.015232233	-5.8452734	-0.023670429
171.52	0.01491354	-5.8447313	-0.02437676
171.648	0.014999136	-5.8448259	-0.023310328
171.776	0.015152451	-5.845289	-0.025891346
171.904	0.015070758	-5.8452508	-0.02441281
172.032	0.01495572	-5.8455031	-0.024908513
172.16	0.014858891	-5.8452026	-0.025036649
172.288	0.014873054	-5.84548	-0.023741893
172.416	0.015033912	-5.845941	-0.024526391
172.544	0.014937422	-5.8458783	-0.02407531
172.672	0.014642046	-5.8456352	-0.023588483
172.8	0.014886214	-5.8461842	-0.023782017
172.928	0.014638038	-5.8458405	-0.023978749
173.056	0.014892265	-5.8456096	-0.024707738
173.184	0.014598336	-5.8456704	-0.024486663
173.312	0.01465557	-5.8456834	-0.026547894
173.44	0.014862971	-5.8458638	-0.026331024
173.568	0.014602498	-5.84556	-0.025198544
173.696	0.014675878	-5.8457072	-0.023616769
173.824	0.014658781	-5.8455839	-0.024180221
173.952	0.014663873	-5.8455514	-0.023854942
174.08	0.014495987	-5.8452948	-0.023716134
174.208	0.014944654	-5.8456797	-0.025351609
174.336	0.014671009	-5.8454708	-0.024441988
174.464	0.014721889	-5.845369	-0.025495388
174.592	0.014971168	-5.8453532	-0.025437552
174.72	0.014973078	-5.8452383	-0.024746793
174.848	0.015015086	-5.8454684	-0.023691458
174.976	0.014692576	-5.8451044	-0.023538464
175.104	0.015008727	-5.8452056	-0.023761395
175.232	0.01518653	-5.8451353	-0.021330345
175.36	0.014958883	-5.845125	-0.020647938
175.488	0.015073012	-5.8448696	-0.020958846
175.616	0.015152193	-5.845056	-0.023036012
175.744	0.015108457	-5.845213	-0.02361392
175.872	0.015092179	-5.8450734	-0.021243785
176	0.015582869	-5.8455019	-0.023330281
176.128	0.015142974	-5.8450681	-0.022886075
176.256	0.015180696	-5.8446272	-0.021243915
176.384	0.015193316	-5.8448799	-0.020665106
176.512	0.015525708	-5.8452642	-0.020943608
176.64	0.015220219	-5.844946	-0.021201404
176.768	0.015158092	-5.8450118	-0.01999946
176.896	0.015672318	-5.8452321	-0.021062432
177.024	0.01522827	-5.8450288	-0.020498131
177.152	0.01519107	-5.8449459	-0.020568515
177.28	0.015312799	-5.8449535	-0.021571652
177.408	0.015241426	-5.8451483	-0.022352366
177.536	0.01533718	-5.845454	-0.021797971
177.664	0.015281462	-5.8455668	-0.024926162
177.792	0.015048314	-5.844824	-0.026166657
177.92	0.015233411	-5.8451739	-0.02509983
178.048	0.01515276	-5.8448752	-0.022040717
178.176	0.014865847	-5.8449625	-0.022460527
178.304	0.015109943	-5.8451681	-0.024218002
178.432	0.014786582	-5.845137	-0.023273785
178.56	0.015058188	-5.8455169	-0.024658092
178.688	0.014817953	-5.8454789	-0.02592725
178.816	0.014797084	-5.8454992	-0.026317726
178.944	0.014607921	-5.84548	-0.023228952
179.072	0.014690346	-5.8452609	-0.021498214
179.2	0.014651219	-5.8450573	-0.021087908
179.328	0.014888931	-5.8455579	-0.023322705
179.456	0.014736479	-5.8457226	-0.021597034
179.584	0.014638092	-5.8457639	-0.024883464
179.712	0.014586991	-5.8456375	-0.023230757
179.84	0.014869104	-5.8457776	-0.022412228
179.968	0.014650615	-5.8454132	-0.025097599
180.096	0.014753002	-5.845466	-0.027540854
180.224	0.01473046	-5.8455331	-0.025053901
180.352	0.014800713	-5.8455393	-0.020767012
180.48	0.014488365	-5.8452207	-0.021619862
180.608	0.014986928	-5.8459896	-0.021985007
180.736	0.014704098	-5.8454238	-0.020449527
180.864	0.014957387	-5.8453782	-0.023797466
180.992	0.014666203	-5.8452704	-0.022092825
181.12	0.015020356	-5.8455486	-0.022404108
181.248	0.014562202	-5.8448656	-0.020170447
181.376	0.015281647	-5.8453465	-0.025013061
181.504	0.015113251	-5.8451087	-0.023123887
181.632	0.014939088	-5.8450191	-0.0200836
181.76	0.015054582	-5.8453097	-0.019667298
181.888	0.01529017	-5.8452524	-0.021770651
182.016	0.015166626	-5.8450166	-0.021818255
182.144	0.015130978	-5.8448795	-0.024505684
182.272	0.015296564	-5.8451103	-0.023625351
182.4	0.01519301	-5.844629	-0.020601864
182.528	0.015246178	-5.844753	-0.022582691
182.656	0.015403588	-5.8449623	-0.022072354
182.784	0.015345075	-5.844818	-0.021653812
182.912	0.015429833	-5.8449661	-0.021852453
183.04	0.015053317	-5.8446133	-0.020477956
183.168	0.015330542	-5.8449168	-0.021273988
183.296	0.01525489	-5.8449736	-0.020449372
183.424	0.015418667	-5.8450638	-0.021690288
183.552	0.015070915	-5.8449192	-0.0216221
183.68	0.01537482	-5.8454938	-0.020871393
183.808	0.015386027	-5.8452681	-0.024228048
183.936	0.01507534	-5.8447632	-0.023260906
184.064	0.015189535	-5.844979	-0.023188003
184.192	0.015445014	-5.8451454	-0.024753313
184.32	0.014901248	-5.8445807	-0.022328633
184.448	0.015042449	-5.8450958	-0.022457764
184.576	0.014972851	-5.8451731	-0.022662451
184.704	0.015112578	-5.8454571	-0.021530094
184.832	0.014865638	-5.845063	-0.020619489
184.96	0.014925258	-5.8451728	-0.022738172
185.088	0.014847625	-5.8452971	-0.022984455
185.216	0.015003756	-5.8454517	-0.021621336
185.344	0.014750003	-5.8453977	-0.024361606
185.472	0.014644608	-5.8453148	-0.024710042
185.6	0.014815248	-5.8453031	-0.022264359
185.728	0.01460981	-5.845202	-0.024076983
185.856	0.014500342	-5.8451813	-0.023476036
185.984	0.014734735	-5.8457473	-0.019750276
186.112	0.014818109	-5.8456462	-0.025235652
186.24	0.014740271	-5.8453992	-0.026048093
186.368	0.014889626	-5.8456639	-0.024285043
186.496	0.014671589	-5.8455503	-0.026568003
186.624	0.014559181	-5.8451277	-0.025221595
186.752	0.014653855	-5.845501	-0.025072556
186.88	0.015021176	-5.8457225	-0.023942039
187.008	0.014837679	-5.8455877	-0.02167954
187.136	0.014910295	-5.8457226	-0.02341514
187.264	0.014668924	-5.8454894	-0.023993007
187.392	0.014711931	-5.8453639	-0.022031227
187.52	0.014938644	-5.8455453	-0.021519913
187.648	0.01503272	-5.8454018	-0.024231903
187.776	0.014991778	-5.8452941	-0.023318449
187.904	0.014955121	-5.8453165	-0.020280534
188.032	0.015160781	-5.8451823	-0.02452659
188.16	0.01477779	-5.8449012	-0.021959554
188.288	0.015195143	-5.8452192	-0.020449838
188.416	0.015135216	-5.8450615	-0.020149366
188.544	0.015190018	-5.8451116	-0.019435923
188.672	0.015474629	-5.8452539	-0.023966292
188.8	0.015077406	-5.8447086	-0.022002751
188.928	0.01530732	-5.84481	-0.022515785
189.056	0.014903555	-5.8445328	-0.02149559
189.184	0.015495719	-5.8452507	-0.021538062
189.312	0.015239941	-5.8448917	-0.02289098
189.44	0.015371991	-5.8448043	-0.022334264
189.568	0.015319199	-5.8448938	-0.020120647
189.696	0.015368041	-5.8450015	-0.023447916
189.824	0.015226697	-5.8450275	-0.023249027
189.952	0.015259566	-5.8451224	-0.020407608
190.08	0.015294861	-5.8450693	-0.02367482
190.208	0.014982126	-5.8446903	-0.023072145
190.336	0.015437821	-5.8454021	-0.022942818
190.464	0.015166434	-5.8451328	-0.021978394
190.592	0.014931352	-5.8448066	-0.018974534
190.72	0.014920184	-5.8448366	-0.021356723
190.848	0.015246787	-5.8455899	-0.023912529
190.976	0.0150217	-5.8452907	-0.023455833
191.104	0.014965205	-5.8452749	-0.022087194
191.232	0.014898448	-5.845446	-0.018997239
191.36	0.014940656	-5.8453241	-0.0225688
191.488	0.014768978	-5.8451333	-0.022024455
191.616	0.014897285	-5.8453516	-0.02478864
191.744	0.014693433	-5.8451115	-0.024817972
191.872	0.014757787	-5.8452608	-0.022723126
192	0.014519802	-5.8451144	-0.023960842
192.128	0.01478867	-5.845343	-0.024295723
192.256	0.01481176	-5.8453999	-0.024158888
192.384	0.014553985	-5.8455161	-0.026140713
192.512	0.014745922	-5.8457123	-0.024162528
192.64	0.014831032	-5.8458128	-0.023780443
192.768	0.014490522	-5.8452389	-0.023992335
192.896	0.014601664	-5.8452744	-0.020833128
193.024	0.014892149	-5.8452636	-0.021340256
193.152	0.014689669	-5.8453812	-0.022248213
193.28	0.014833029	-5.8454765	-0.020581288
193.408	0.014775621	-5.8455732	-0.021880415
193.536	0.014699377	-5.8454454	-0.022652176
193.664	0.014938005	-5.8455556	-0.024076926
193.792	0.014730746	-5.8449569	-0.020987219
193.92	0.01491224	-5.8452566	-0.021554235
194.048	0.014906392	-5.8451591	-0.022444486
194.176	0.015196488	-5.8452312	-0.023113148
194.304	0.015131186	-5.8449181	-0.021879122
194.432	0.015057231	-5.844929	-0.021016687
194.56	0.015126603	-5.845021	-0.022116844
194.688	0.015460757	-5.8451698	-0.022588186
194.816	0.014941536	-5.8446243	-0.021170854
194.944	0.014969722	-5.8446944	-0.023424871
195.072	0.015267034	-5.8450002	-0.020073714
195.2	0.015125462	-5.8446755	-0.020943848
195.328	0.015595811	-5.8450713	-0.022626436
195.456	0.015343057	-5.8452194	-0.022178985
195.584	0.015443359	-5.8451299	-0.025207174
195.712	0.015201339	-5.8449421	-0.021719716
195.84	0.015338113	-5.8449558	-0.018611908
195.968	0.015387273	-5.8449509	-0.022283277
196.096	0.015173561	-5.8448666	-0.025612919
196.224	0.015257771	-5.8449666	-0.02402958
196.352	0.01532891	-5.8452393	-0.021898076
196.48	0.015035702	-5.8448919	-0.021206337
196.608	0.015284029	-5.8451213	-0.023345906
196.736	0.015199898	-5.8452039	-0.021689441
196.864	0.014943089	-5.8450357	-0.021107915
196.992	0.015046801	-5.8449587	-0.022727089
197.12	0.014906947	-5.8447753	-0.023064508
197.248	0.014893172	-5.8451783	-0.022398117
197.376	0.014932366	-5.8455698	-0.022087707
197.504	0.014808868	-5.8453319	-0.021819988
197.632	0.015010831	-5.8457416	-0.02310829
197.76	0.014807561	-5.8454314	-0.021527657
197.888	0.014969568	-5.8457884	-0.024210825
198.016	0.014544336	-5.8451763	-0.024236577
198.144	0.014735494	-5.8455381	-0.021220994
198.272	0.014858444	-5.8458925	-0.024470631
198.4	0.01498758	-5.8458411	-0.025602387
198.528	0.01445445	-5.8450207	-0.022558884
198.656	0.014579086	-5.8455934	-0.023711459
198.784	0.01465497	-5.8455465	-0.02211395
198.912	0.014893471	-5.8458709	-0.022618532
199.04	0.0148174	-5.8455132	-0.022604451
199.168	0.014666627	-5.8454967	-0.023636819
199.296	0.014859382	-5.8457062	-0.022481748
199.424	0.01463117	-5.8452886	-0.022951096
199.552	0.014637942	-5.8453276	-0.023051052
199.68	0.014793929	-5.8452826	-0.019702198
199.808	0.014976691	-5.8456087	-0.023211742
199.936	0.015019931	-5.8454125	-0.025762564
200.064	0.014645102	-5.8452703	-0.02333313
200.192	0.014835938	-5.8452277	-0.023574898
200.32	0.01511795	-5.8455346	-0.022895367
200.448	0.014850215	-5.8450079	-0.020954236
200.576	0.015285371	-5.8454143	-0.023684579
200.704	0.015106181	-5.8451319	-0.020650134
200.832	0.01530849	-5.8450896	-0.023818235
200.96	0.015113664	-5.8449401	-0.021836244
201.088	0.015299192	-5.8452882	-0.021094734
201.216	0.015407504	-5.8449946	-0.021793661
201.344	0.015014438	-5.8446172	-0.021052487
201.472	0.015265519	-5.8447233	-0.021586429
201.6	0.015091309	-5.844576	-0.019224004
201.728	0.015365564	-5.8448549	-0.022927569
201.856	0.015343834	-5.844891	-0.021639674
201.984	0.015187412	-5.844478	-0.020698465
202.112	0.015218658	-5.8448463	-0.022437612
202.24	0.015374759	-5.8451817	-0.023543776
202.368	0.015099852	-5.8448374	-0.022926989
202.496	0.015320595	-5.8450634	-0.020986363
202.624	0.014823987	-5.8447152	-0.021209744
202.752	0.015414455	-5.8450756	-0.022273739
202.88	0.015090545	-5.844676	-0.01917488
203.008	0.015243217	-5.8451124	-0.020630084
203.136	0.01503892	-5.8449147	-0.021751563
203.264	0.015120091	-5.8449368	-0.024509873
203.392	0.015099142	-5.8451503	-0.023497392
203.52	0.014529309	-5.8448205	-0.021208059
203.648	0.015059326	-5.8453266	-0.02391573
203.776	0.015183957	-5.8455528	-0.023168902
203.904	0.015041947	-5.8454077	-0.022206252
204.032	0.014782016	-5.8453117	-0.021961765
204.16	0.014838446	-5.8454279	-0.020767337
204.288	0.014734512	-5.8451071	-0.022064887
204.416	0.014651748	-5.8451656	-0.026826073
204.544	0.014754334	-5.8452154	-0.025414604
204.672	0.014616792	-5.8454512	-0.023866885
204.8	0.014601391	-5.8453247	-0.0246466
204.928	0.014826847	-5.8454227	-0.022513988
205.056	0.014725728	-5.8452791	-0.022383912
205.184	0.014761556	-5.8454722	-0.023924585
205.312	0.014695309	-5.845594	-0.023526748
205.44	0.014510106	-5.8455016	-0.021130854
205.568	0.014892426	-5.8456917	-0.024365147
205.696	0.014647661	-5.8453922	-0.024199366
205.824	0.01479101	-5.8455393	-0.02504378
205.952	0.014648542	-5.8454603	-0.024635318
206.08	0.015155752	-5.8458221	-0.02408303
206.208	0.014835847	-5.8456329	-0.023063988
206.336	0.014803265	-5.8453584	-0.024116692
206.464	0.014973116	-5.8452433	-0.020949403
206.592	0.014982245	-5.8454073	-0.02350922
206.72	0.014905862	-5.8453006	-0.025805959
206.848	0.015037149	-5.8453155	-0.022159898
206.976	0.015066497	-5.8449554	-0.02178617
207.104	0.015242848	-5.844932	-0.022833678
207.232	0.015088543	-5.8449402	-0.023362261
207.36	0.015140448	-5.8447034	-0.021467257
207.488	0.015093087	-5.8448327	-0.020116957
207.616	0.015330532	-5.8452446	-0.02339077
207.744	0.015191004	-5.8448359	-0.023018875
207.872	0.015185671	-5.8446695	-0.022753769
208	0.015392839	-5.8449794	-0.018918179
208.128	0.015466392	-5.8450648	-0.020236415
208.256	0.015332646	-5.8450099	-0.019007077
208.384	0.015351556	-5.8450966	-0.019888738
208.512	0.015090442	-5.8447893	-0.02143219
208.64	0.015340217	-5.8450235	-0.021080172
208.768	0.015167425	-5.8447425	-0.020957696
208.896	0.015201944	-5.8449768	-0.022563258
209.024	0.015105187	-5.8448458	-0.02272332
209.152	0.01522748	-5.8450921	-0.022848082
209.28	0.015190749	-5.8448756	-0.023470136
209.408	0.014950398	-5.8444488	-0.020837504
209.536	0.014938049	-5.8447852	-0.021547731
209.664	0.014913715	-5.8451104	-0.021587215
209.792	0.015028217	-5.8453389	-0.023002784
209.92	0.015074412	-5.8453525	-0.023320506
210.048	0.014893997	-5.8450697	-0.024225958
210.176	0.015010851	-5.8453041	-0.025441205
210.304	0.014730098	-5.8453036	-0.023678593
210.432	0.014911292	-5.8454237	-0.022415124
210.56	0.014708584	-5.8454224	-0.023150715
210.688	0.014945322	-5.8455141	-0.024579025
210.816	0.014606056	-5.8452461	-0.022351059
210.944	0.014635235	-5.8452958	-0.02293201
211.072	0.014825394	-5.8456226	-0.023926746
211.2	0.014542392	-5.8451875	-0.022272349
211.328	0.014629575	-5.8451802	-0.023357023
211.456	0.014766004	-5.8454152	-0.026799287
211.584	0.014725944	-5.8454095	-0.024505469
211.712	0.014469456	-5.8450961	-0.022855551
211.84	0.014863172	-5.8454192	-0.024178397
211.968	0.014692918	-5.8453385	-0.022801576
212.096	0.014696544	-5.8450616	-0.024190421
212.224	0.014929179	-5.845493	-0.024122056
212.352	0.014875933	-5.8455542	-0.0216561
212.48	0.014879144	-5.8454724	-0.021652837
212.608	0.014848869	-5.8450983	-0.021925454
212.736	0.014913351	-5.8452465	-0.024473194
212.864	0.0151107	-5.845272	-0.023888137
212.992	0.01495016	-5.8450701	-0.023659816
213.12	0.015167631	-5.8454009	-0.023447588
213.248	0.015160351	-5.8451273	-0.022703161
213.376	0.014927208	-5.8447406	-0.022301058
213.504	0.015205506	-5.8450857	-0.022786742
213.632	0.015099194	-5.844764	-0.023268174
213.76	0.015508764	-5.8451671	-0.024598059
213.888	0.015119148	-5.844792	-0.01949948
214.016	0.015310432	-5.8449303	-0.019152223
214.144	0.015384249	-5.8447782	-0.022831734
214.272	0.015311278	-5.8447446	-0.020066447
214.4	0.015330551	-5.8446231	-0.019662206
214.528	0.015099447	-5.8446711	-0.019350106
214.656	0.015226909	-5.8445655	-0.019289172
214.784	0.015274828	-5.8451208	-0.022406735
214.912	0.015406189	-5.8453706	-0.02229425
215.04	0.015278664	-5.8450236	-0.021617754
215.168	0.015042109	-5.8448146	-0.021303931
215.296	0.015263715	-5.8450531	-0.021309491
215.424	0.015298174	-5.8451815	-0.023935154
215.552	0.015252109	-5.8449854	-0.025333123
215.68	0.015008139	-5.8449123	-0.023604579
215.808	0.014914086	-5.8448685	-0.020883456
215.936	0.015097896	-5.845336	-0.021901228
216.064	0.015128741	-5.8454542	-0.022640926
216.192	0.014878667	-5.845405	-0.0233717
216.32	0.014933679	-5.8453374	-0.02254661
216.448	0.014960261	-5.8453572	-0.024230062
216.576	0.014850808	-5.8454006	-0.02399871
216.704	0.014761217	-5.8451498	-0.024312155
216.832	0.014765423	-5.8455155	-0.023724392
216.96	0.014767597	-5.8455572	-0.023459617
217.088	0.014758429	-5.8455423	-0.023492244
217.216	0.014835315	-5.8456584	-0.02383553
217.344	0.014707727	-5.8452891	-0.02402539
217.472	0.014610206	-5.8451223	-0.021775008
217.6	0.014573163	-5.8452326	-0.022179502
217.728	0.014630516	-5.845081	-0.024159356
217.856	0.014857709	-5.8455065	-0.024086627
217.984	0.014649698	-5.8455147	-0.02377549
218.112	0.014938338	-5.8458157	-0.023919531
218.24	0.014930383	-5.8457006	-0.025314919
218.368	0.014400757	-5.8454068	-0.024375809
218.496	0.014781015	-5.8456782	-0.022531549
218.624	0.014675586	-5.8454995	-0.021888143
218.752	0.014663785	-5.8453577	-0.022601192
218.88	0.015097079	-5.8454067	-0.024958242
219.008	0.014886001	-5.8452157	-0.023683556
219.136	0.015094911	-5.8456599	-0.024709447
219.264	0.015043402	-5.845444	-0.022047252
219.392	0.015028576	-5.8452715	-0.020747683
219.52	0.01511614	-5.8454186	-0.022935962
219.648	0.01515669	-5.845339	-0.021861622
219.776	0.015057023	-5.8450109	-0.021339705
219.904	0.015170998	-5.8452587	-0.021550664
220.032	0.015285991	-5.8450637	-0.020009088
220.16	0.015023723	-5.8446635	-0.021444905
220.288	0.015388756	-5.8450503	-0.024228734
220.416	0.015235654	-5.8449732	-0.022369242
220.544	0.015317144	-5.8448284	-0.022785209
220.672	0.015202925	-5.8447915	-0.022480559
220.8	0.015232299	-5.844975	-0.022484541
220.928	0.015231926	-5.8450184	-0.024603159
221.056	0.015285306	-5.8450078	-0.024234839
221.184	0.015378677	-5.8451073	-0.024159248
221.312	0.01547722	-5.8452606	-0.022679998
221.44	0.015178532	-5.8451589	-0.020794626
221.568	0.015134319	-5.8448615	-0.021245066
221.696	0.015255432	-5.8450184	-0.023173565
221.824	0.015295324	-5.8452406	-0.023392858
221.952	0.01526317	-5.8452712	-0.02067308
222.08	0.014883651	-5.8449316	-0.021369205
222.208	0.015145262	-5.8455033	-0.024418333
222.336	0.015198727	-5.8458149	-0.024562143
222.464	0.014926451	-5.8454733	-0.022041821
222.592	0.014908479	-5.8456051	-0.0243373
222.72	0.015091044	-5.8453959	-0.023069274
222.848	0.014590731	-5.8451345	-0.022749604
222.976	0.01493551	-5.8457556	-0.026667507
223.104	0.014814954	-5.8456876	-0.024632788
223.232	0.014663042	-5.8455216	-0.025887829
223.36	0.015009163	-5.8454672	-0.027045569
223.488	0.014755308	-5.8454835	-0.022524586
223.616	0.014796842	-5.8457051	-0.02193298
223.744	0.014413257	-5.8455482	-0.02071932
223.872	0.014729896	-5.8454535	-0.022885812
224	0.014733479	-5.8455172	-0.023262451
224.128	0.014506485	-5.8454111	-0.022818309
224.256	0.014771472	-5.8454899	-0.025397107
224.384	0.014776846	-5.8455548	-0.023793465
224.512	0.014702492	-5.8454751	-0.023358894
224.64	0.014961129	-5.8456553	-0.025309531
224.768	0.014809381	-5.8455785	-0.023920111
224.896	0.014673447	-5.8453892	-0.023221253
225.024	0.014749515	-5.8453913	-0.021689404
225.152	0.014866922	-5.845406	-0.021681372
225.28	0.014880955	-5.8453298	-0.021456174
225.408	0.015070674	-5.8452573	-0.024098287
225.536	0.015071418	-5.8451284	-0.022756162
225.664	0.014833155	-5.8452832	-0.020735321
225.792	0.015151915	-5.84561	-0.023393149
225.92	0.014885238	-5.8452184	-0.02535658
226.048	0.015189045	-5.8454703	-0.025220431
226.176	0.015364042	-5.8452399	-0.0224544
226.304	0.015263791	-5.8449885	-0.020744482
226.432	0.015093073	-5.8448075	-0.020607811
226.56	0.01539588	-5.8449803	-0.022633324
226.688	0.015065334	-5.8447158	-0.022162753
226.816	0.015175303	-5.8446842	-0.018831252
226.944	0.015427029	-5.8449361	-0.020343237
227.072	0.015135962	-5.8445041	-0.022195391
227.2	0.015432946	-5.84478	-0.021312614
227.328	0.015369486	-5.8450147	-0.020121816
227.456	0.015416126	-5.8448378	-0.02231705
227.584	0.015186445	-5.8446311	-0.021175273
227.712	0.015301691	-5.8450648	-0.01850641
227.84	0.015242528	-5.8450435	-0.020599302
227.968	0.015220497	-5.84515	-0.022179589
228.096	0.015250195	-5.8454535	-0.02270015
228.224	0.015080478	-5.8451073	-0.023634055
228.352	0.015086679	-5.8451843	-0.022412487
228.48	0.014874458	-5.8448862	-0.019762239
228.608	0.01508871	-5.8451045	-0.021814503
228.736	0.015046662	-5.8451983	-0.022416144
228.864	0.014906548	-5.84516	-0.022026294
228.992	0.015037158	-5.8454467	-0.023814103
229.12	0.014821414	-5.8454971	-0.024993859
229.248	0.014942591	-5.845669	-0.026358984
229.376	0.014560989	-5.8452972	-0.024187906
229.504	0.014845754	-5.8454855	-0.023752683
229.632	0.014789058	-5.8453281	-0.022396008
229.76	0.014662694	-5.8452901	-0.022833755
229.888	0.014728634	-5.8455928	-0.02304945
230.016	0.014356191	-5.8452326	-0.022833362
230.144	0.01496006	-5.8458111	-0.02504756
230.272	0.014604376	-5.845573	-0.023053142
230.4	0.014685224	-5.8458304	-0.024252515
230.528	0.01472894	-5.8456647	-0.023268289
230.656	0.014790704	-5.8457137	-0.025345136
230.784	0.014640633	-5.845547	-0.026669568
230.912	0.014770875	-5.8459096	-0.026092203
231.04	0.014671118	-5.8453631	-0.024498424
231.168	0.014835717	-5.8453219	-0.022580872
231.296	0.014699944	-5.8454631	-0.021000095
231.424	0.014997481	-5.8457146	-0.020613223
231.552	0.014895675	-5.8453214	-0.024309401
231.68	0.014691206	-5.845075	-0.024890194
231.808	0.014896582	-5.8450986	-0.022192885
231.936	0.015427088	-5.8456587	-0.024565783
232.064	0.014873628	-5.8446786	-0.023263769
232.192	0.015118242	-5.8448271	-0.023094649
232.32	0.01520341	-5.844849	-0.023279212
232.448	0.015058122	-5.8447346	-0.022405897
232.576	0.014996956	-5.84473	-0.021361411
232.704	0.015447099	-5.8453484	-0.025043756
232.832	0.015140688	-5.8450643	-0.022751398
232.96	0.015260536	-5.844984	-0.023406924
233.088	0.01523322	-5.8448935	-0.022565618
233.216	0.01544052	-5.8450284	-0.023238387
233.344	0.015289358	-5.8450049	-0.023990388
233.472	0.015133913	-5.8447133	-0.021745899
233.6	0.015336886	-5.8449297	-0.017878359
233.728	0.015222966	-5.8447326	-0.020211403
233.856	0.015453478	-5.8448894	-0.021947518
233.984	0.01525551	-5.8449575	-0.021112052
234.112	0.01515794	-5.8447566	-0.021310652
234.24	0.015360198	-5.845482	-0.019341048
234.368	0.015129499	-5.8450892	-0.018466221
234.496	0.015022948	-5.8450775	-0.022184748
234.624	0.014986214	-5.8449938	-0.023622607
234.752	0.01513019	-5.8453654	-0.024600172
234.88	0.014984991	-5.8451069	-0.026077242
235.008	0.014893035	-5.8449532	-0.024780586
235.136	0.015002067	-5.8452553	-0.025811886
235.264	0.014858993	-5.8453179	-0.024845715
235.392	0.014939877	-5.8456289	-0.025941922
235.52	0.015123128	-5.8458435	-0.026645647
235.648	0.014780237	-5.8454438	-0.021908713
235.776	0.014622798	-5.845417	-0.022595811
235.904	0.014810591	-5.8454396	-0.024956492
236.032	0.014596626	-5.8453835	-0.024486942
236.16	0.014685177	-5.8460474	-0.024816879
236.288	0.014439766	-5.8454762	-0.02329963
236.416	0.01479613	-5.8458172	-0.025026989
236.544	0.014810444	-5.8459878	-0.022829415
236.672	0.014646737	-5.8456572	-0.021977089
236.8	0.014484497	-5.8455232	-0.024560975
236.928	0.014870451	-5.8459269	-0.025302022
237.056	0.014562778	-5.8454356	-0.024579135
237.184	0.014483544	-5.8449619	-0.023772399
237.312	0.014869414	-5.8456097	-0.024923303
237.44	0.014755011	-5.8453031	-0.023588496
237.568	0.014895991	-5.8455343	-0.024821981
237.696	0.014720454	-5.8453306	-0.023734661
237.824	0.014894003	-5.8453083	-0.024470041
237.952	0.014951743	-5.845524	-0.02465838
238.08	0.015094316	-5.8454625	-0.024913725
238.208	0.014902547	-5.8449173	-0.024419046
238.336	0.015211595	-5.8450807	-0.024073357
238.464	0.014955853	-5.8451074	-0.021241556
238.592	0.015111952	-5.8451927	-0.023071019
238.72	0.015267758	-5.84517	-0.024059261
238.848	0.015323176	-5.8450814	-0.020171559
238.976	0.015127199	-5.84483	-0.021677182
239.104	0.015352934	-5.8452879	-0.02510316
239.232	0.015106987	-5.8448744	-0.022140694
239.36	0.015340967	-5.8449152	-0.020449727
239.488	0.015355234	-5.8446875	-0.021960812
239.616	0.015338064	-5.8448672	-0.024462362
239.744	0.015003305	-5.8447218	-0.021343897
239.872	0.015416093	-5.8454874	-0.022869937
240	0.015319742	-5.8453599	-0.023839364
240.128	0.015414226	-5.8451181	-0.023171404
240.256	0.015430681	-5.8451335	-0.023821013
240.384	0.015218339	-5.8452205	-0.02210177
240.512	0.01516954	-5.8449087	-0.022630369
240.64	0.015308838	-5.8451467	-0.023321027
240.768	0.015272502	-5.8453146	-0.023494752
240.896	0.014914978	-5.8450201	-0.022809584
241.024	0.014874332	-5.8452513	-0.021154512
241.152	0.015065152	-5.8456066	-0.024199937
241.28	0.015160677	-5.8459195	-0.024528585
241.408	0.014884165	-5.845593	-0.023061528
241.536	0.01466925	-5.8453739	-0.022996225
241.664	0.014966852	-5.8458063	-0.024496007
241.792	0.01487887	-5.8456365	-0.025483981
241.92	0.014709276	-5.8455854	-0.023552813
242.048	0.014922683	-5.8455123	-0.023345314
242.176	0.014786903	-5.8452703	-0.025343189
242.304	0.014677686	-5.8453645	-0.026254051
242.432	0.014766651	-5.8456014	-0.023331691
242.56	0.01477783	-5.8455714	-0.023486984
242.688	0.014663709	-5.8454122	-0.024460462
242.816	0.014678311	-5.8458679	-0.025289688
242.944	0.01465232	-5.8456874	-0.023900958
243.072	0.014711781	-5.8458996	-0.023065773
243.2	0.014744236	-5.84587	-0.02556613
243.328	0.014621999	-5.8455318	-0.023833719
243.456	0.014840183	-5.8455461	-0.025269744
243.584	0.014638289	-5.8454931	-0.02554861
243.712	0.014808287	-5.845688	-0.024730567
243.84	0.014731041	-5.8456772	-0.025060883
243.968	0.014887469	-5.8454546	-0.024786178
244.096	0.014882486	-5.8452388	-0.022413169
244.224	0.01495735	-5.845143	-0.023400741
244.352	0.01510312	-5.8453918	-0.025903163
244.48	0.014901002	-5.8450148	-0.018978792
244.608	0.015032456	-5.8451592	-0.023233663
244.736	0.015126042	-5.8452776	-0.025271649
244.864	0.014961364	-5.8450218	-0.020772866
244.992	0.015215961	-5.845348	-0.021389971
245.12	0.015310051	-5.8452619	-0.023450073
245.248	0.014927646	-5.8448225	-0.021333805
245.376	0.01536563	-5.8450934	-0.022496808
245.504	0.015390185	-5.844975	-0.024886487
245.632	0.015042987	-5.8445383	-0.020852764
245.76	0.015353302	-5.8445495	-0.024198449
245.888	0.015429519	-5.8449271	-0.026256936
246.016	0.015325651	-5.844998	-0.023754503
246.144	0.01550516	-5.8451607	-0.021685752
246.272	0.01539957	-5.8448183	-0.020592036
246.4	0.015169023	-5.8447958	-0.023237449
246.528	0.015067135	-5.8449929	-0.023858185
246.656	0.01537874	-5.8451543	-0.02415713
246.784	0.015151388	-5.8448231	-0.023408867
246.912	0.015309077	-5.8452778	-0.022611533
247.04	0.015248893	-5.8450917	-0.023534661
247.168	0.015026481	-5.8450948	-0.023779406
247.296	0.015093698	-5.8453866	-0.021932941
247.424	0.015227736	-5.8454727	-0.021411932
247.552	0.014818811	-5.8446919	-0.022145295
247.68	0.014941815	-5.8453419	-0.024015471
247.808	0.015058476	-5.8455473	-0.026497612
247.936	0.014915692	-5.8455538	-0.025521492
248.064	0.014952515	-5.8454014	-0.026981663
248.192	0.014670142	-5.8453504	-0.025207365
248.32	0.014840331	-5.8454586	-0.02380993
248.448	0.014708408	-5.8453529	-0.022203084
248.576	0.014805764	-5.845403	-0.022700464
248.704	0.014826302	-5.8456201	-0.02508331
248.832	0.014810075	-5.845747	-0.023873908
248.96	0.014492094	-5.8453214	-0.021579561
249.088	0.014697512	-5.8457571	-0.024658369
249.216	0.014636285	-5.8457168	-0.025103922
249.344	0.014657143	-5.8457115	-0.023823837
249.472	0.014527469	-5.8454869	-0.022449187
249.6	0.014738841	-5.8456832	-0.023371547
249.728	0.014912053	-5.8460238	-0.023712886
249.856	0.014451169	-5.8454053	-0.02202826
249.984	0.014715258	-5.8456735	-0.023892
250.112	0.01509399	-5.8456963	-0.02698236
250.24	0.014753593	-5.8454069	-0.024955185
250.368	0.014851655	-5.8454119	-0.024247196
250.496	0.014702583	-5.8452632	-0.023125543
250.624	0.015035572	-5.8455277	-0.024718224
250.752	0.015164174	-5.845236	-0.026404071
250.88	0.015165927	-5.8453924	-0.026439948
251.008	0.014787448	-5.8450582	-0.023551358
251.136	0.015349318	-5.8455644	-0.022956585
251.264	0.015061878	-5.8449359	-0.022731089
251.392	0.015262652	-5.8451345	-0.022645585
251.52	0.0153592	-5.8453916	-0.020720236
251.648	0.014958705	-5.8450254	-0.020095498
251.776	0.015211848	-5.8450758	-0.021454577
251.904	0.015182439	-5.8449546	-0.021446758
252.032	0.015488158	-5.8452131	-0.022232214
252.16	0.015156473	-5.8449491	-0.023865266
252.288	0.015412436	-5.8453243	-0.023012124
252.416	0.01555208	-5.845372	-0.022089173
252.544	0.015338467	-5.8449427	-0.022344472
252.672	0.014972914	-5.8448652	-0.023022239
252.8	0.01542654	-5.8451486	-0.024843842
252.928	0.015172206	-5.8449539	-0.025186024
253.056	0.015367314	-5.8453594	-0.027193963
253.184	0.015444891	-5.8452362	-0.024649705
253.312	0.015147054	-5.8451704	-0.023733921
253.44	0.015123894	-5.8452554	-0.023635193
253.568	0.014931933	-5.8449306	-0.022824614
253.696	0.015261209	-5.8453518	-0.025069969
253.824	0.014910023	-5.8449983	-0.020364887
253.952	0.015063039	-5.8454197	-0.021081828
254.08	0.015048859	-5.8453904	-0.022765055
254.208	0.014823319	-5.8453782	-0.021859435
254.336	0.014951009	-5.84559	-0.024892062
254.464	0.015039613	-5.8456129	-0.025864858
254.592	0.014602048	-5.8451397	-0.023829158
254.72	0.0147863	-5.8456468	-0.023343593
254.848	0.014488986	-5.8453161	-0.023158708
254.976	0.014968581	-5.8455776	-0.026761507
255.104	0.014788421	-5.8453972	-0.024600244
255.232	0.014636839	-5.8455711	-0.026948866
255.36	0.014547952	-5.8453084	-0.025862979
255.488	0.014895232	-5.8454985	-0.0237374
255.616	0.014469872	-5.8453088	-0.023069023
255.744	0.014804365	-5.8459357	-0.022478997
255.872	0.014583683	-5.8457309	-0.02319448
256	0.014609195	-5.8454645	-0.025971203
256.128	0.014632486	-5.8453514	-0.023708988
256.256	0.014930258	-5.8455496	-0.024256207
256.384	0.015055148	-5.8454873	-0.025027392
256.512	0.014665668	-5.8456025	-0.022643287
256.64	0.014949513	-5.8457684	-0.0240174
256.768	0.014973417	-5.8453043	-0.025606402
256.896	0.014948594	-5.8451344	-0.025221373
257.024	0.014775983	-5.8452304	-0.023202867
257.152	0.015085972	-5.8455155	-0.024548991
257.28	0.014778956	-5.8450218	-0.020029264
257.408	0.015046734	-5.8451745	-0.019568797
257.536	0.015219349	-5.8453467	-0.023045126
257.664	0.015038507	-5.84511	-0.022105826
257.792	0.015114174	-5.8450009	-0.023637321
257.92	0.0154235	-5.8451994	-0.023473793
258.048	0.014983741	-5.844823	-0.020741575
258.176	0.015295302	-5.8451359	-0.02419783
258.304	0.015320891	-5.8452716	-0.024891124
258.432	0.015361333	-5.8450334	-0.023588802
258.56	0.015095511	-5.844696	-0.021818666
258.688	0.015477357	-5.8451	-0.023184693
258.816	0.015080467	-5.8447146	-0.021285507
258.944	0.015467804	-5.8452159	-0.023089196
259.072	0.015191444	-5.8449367	-0.02339611
259.2	0.015396922	-5.8451439	-0.023481479
259.328	0.015146091	-5.8447971	-0.020422475
259.456	0.015293478	-5.8451383	-0.022482773
259.584	0.015022445	-5.8449095	-0.020650577
259.712	0.015215764	-5.8451821	-0.020059953
259.84	0.01530702	-5.8453896	-0.021397147
259.968	0.015067961	-5.8451361	-0.022184072
260.096	0.01486724	-5.8451078	-0.021968807
260.224	0.015091106	-5.8454478	-0.023346343
260.352	0.015113621	-5.8455391	-0.024748607
260.48	0.014612929	-5.8451017	-0.023750539
260.608	0.01500493	-5.8453643	-0.023182028
260.736	0.01499121	-5.845435	-0.023165063
260.864	0.014691349	-5.8449321	-0.023358728
260.992	0.014707369	-5.8451289	-0.024405996
261.12	0.014723629	-5.8453076	-0.023884781
261.248	0.014826653	-5.8457058	-0.024882392
261.376	0.014864107	-5.8459648	-0.027394578
261.504	0.014672594	-5.8452616	-0.023756357
261.632	0.014664018	-5.845362	-0.023360323
261.76	0.014442696	-5.8453053	-0.021635044
261.888	0.014779355	-5.8458995	-0.022118097
262.016	0.01456162	-5.8457077	-0.02407867
262.144	0.014630433	-5.8454892	-0.026798158
262.272	0.014655378	-5.8456817	-0.026050374
262.4	0.014719189	-5.845609	-0.0229608
262.528	0.014791299	-5.8458233	-0.023381885
262.656	0.014514757	-5.8453165	-0.021708129
262.784	0.014899977	-5.8453985	-0.0238868
262.912	0.014966646	-5.8453595	-0.02440791
263.04	0.014710546	-5.8451391	-0.02024939
263.168	0.015009505	-5.8456134	-0.022598558
263.296	0.0147014	-5.8450478	-0.020923427
263.424	0.015304117	-5.8453566	-0.023939311
263.552	0.015175363	-5.8452815	-0.024793608
263.68	0.015020425	-5.8451914	-0.023092406
263.808	0.01505118	-5.8450092	-0.022487167
263.936	0.015369148	-5.8451846	-0.023167384
264.064	0.015086055	-5.845029	-0.022685256
264.192	0.015167581	-5.8450621	-0.023922594
264.32	0.015402227	-5.8450111	-0.022903558
264.448	0.015258703	-5.8448548	-0.01859308
264.576	0.015367649	-5.8448627	-0.020789375
264.704	0.015192572	-5.8447497	-0.021352845
264.832	0.015210168	-5.8445689	-0.021448209
264.96	0.015350232	-5.8446857	-0.021825976
265.088	0.015053256	-5.8443341	-0.020463833
265.216	0.015367281	-5.844912	-0.02131676
265.344	0.015360929	-5.8447938	-0.022842025
265.472	0.015449113	-5.8451595	-0.021643598
265.6	0.015239589	-5.8449556	-0.022539761
265.728	0.014909364	-5.8446492	-0.023882346
265.856	0.015185796	-5.8450886	-0.02241832
265.984	0.015188612	-5.8451252	-0.020989953
266.112	0.01497952	-5.8450323	-0.021408242
266.24	0.015292799	-5.8453064	-0.024180109
266.368	0.015014951	-5.8451069	-0.023050817
266.496	0.015098608	-5.8453543	-0.021070804
266.624	0.01501745	-5.8452153	-0.023112401
266.752	0.015096057	-5.8453542	-0.022535295
266.88	0.014912247	-5.8453506	-0.022971024
267.008	0.014626198	-5.8452194	-0.025548756
267.136	0.014811784	-5.845356	-0.024915441
267.264	0.014723548	-5.845337	-0.021518118
267.392	0.014979256	-5.8456498	-0.022108791
267.52	0.014661537	-5.8454708	-0.024944588
267.648	0.015019912	-5.8459707	-0.024015896
267.776	0.014652642	-5.8456949	-0.02368341
267.904	0.014519053	-5.8456428	-0.024668078
268.032	0.014787381	-5.8458317	-0.023560845
268.16	0.014797482	-5.8456893	-0.024150797
268.288	0.014655518	-5.8452458	-0.022663214
268.416	0.014631602	-5.8453837	-0.024061778
268.544	0.014665389	-5.845667	-0.025950437
268.672	0.014876573	-5.8456342	-0.023194132
268.8	0.014761182	-5.8453201	-0.023410855
268.928	0.014731332	-5.8452541	-0.023661487
269.056	0.015050919	-5.845267	-0.023397079
269.184	0.014624844	-5.8447545	-0.020798624
269.312	0.015061698	-5.8453161	-0.021809619
269.44	0.014847999	-5.8453116	-0.023140574
269.568	0.014996078	-5.8451818	-0.022971063
269.696	0.014856335	-5.8450187	-0.022151734
269.824	0.015039065	-5.8451773	-0.022294641
269.952	0.015311584	-5.8453054	-0.02204724
270.08	0.015011046	-5.845259	-0.020239398
270.208	0.015268198	-5.8451782	-0.022935303
270.336	0.015203088	-5.8450925	-0.024482769
270.464	0.01519344	-5.8448969	-0.02181576
270.592	0.015249337	-5.8449507	-0.020084448
270.72	0.015238254	-5.8448678	-0.020744719
270.848	0.015231456	-5.8449687	-0.02175794
270.976	0.015300236	-5.845027	-0.023456093
271.104	0.015478525	-5.8450687	-0.024468083
271.232	0.014991905	-5.8446239	-0.021729123
271.36	0.015436574	-5.8448517	-0.021575553
271.488	0.01525049	-5.8448144	-0.022139406
271.616	0.015052226	-5.8446875	-0.022875298
271.744	0.015506981	-5.8454374	-0.022365151
271.872	0.014922673	-5.8449421	-0.020774881
272	0.015388396	-5.845366	-0.023824264
272.128	0.015436667	-5.8455499	-0.022433589
272.256	0.014960506	-5.8449556	-0.021707435
272.384	0.015154208	-5.8452297	-0.025489033
272.512	0.014960487	-5.84525	-0.025368069
272.64	0.014924774	-5.8453373	-0.024951749
272.768	0.015038831	-5.8452093	-0.022871592
272.896	0.014955001	-5.8450516	-0.020784242
273.024	0.015057396	-5.8453822	-0.022072174
273.152	0.014808613	-5.8452094	-0.020145129
273.28	0.014764164	-5.8454453	-0.021084954
273.408	0.014844297	-5.8451423	-0.023141539
273.536	0.014854009	-5.8454557	-0.024070938
273.664	0.014957608	-5.8458161	-0.023074545
273.792	0.014643138	-5.8455017	-0.022721198
273.92	0.014763294	-5.8455294	-0.025379762
274.048	0.014467569	-5.8453181	-0.022571628
274.176	0.014681369	-5.8454215	-0.024683261
274.304	0.014431933	-5.8452517	-0.023330382
274.432	0.014768097	-5.8455856	-0.021572658
274.56	0.014808784	-5.8456313	-0.022692619
274.688	0.014879991	-5.8455749	-0.025054116
274.816	0.014525304	-5.8453285	-0.022990407
274.944	0.014700826	-5.8454486	-0.022894761
275.072	0.014999	-5.8456957	-0.025625417
275.2	0.01487151	-5.8453176	-0.024066866
275.328	0.014932632	-5.8453748	-0.022950752
275.456	0.014688425	-5.8453236	-0.023716593
275.584	0.014978099	-5.8456	-0.025063006
275.712	0.014682766	-5.8451014	-0.020174755
275.84	0.014870585	-5.8453549	-0.022981908
275.968	0.014992245	-5.8455915	-0.024153028
276.096	0.014978555	-5.8454738	-0.02272705
276.224	0.014866155	-5.8450313	-0.022478196
276.352	0.015137416	-5.8450789	-0.021681481
276.48	0.015328265	-5.8453019	-0.023009381
276.608	0.014849875	-5.8449281	-0.023560901
276.736	0.01524969	-5.8450668	-0.023417034
276.864	0.015141985	-5.8447521	-0.022989553
276.992	0.015134431	-5.8447855	-0.021936283
277.12	0.015193284	-5.844636	-0.021490958
277.248	0.015209726	-5.8446003	-0.02183538
277.376	0.01543532	-5.8452071	-0.021253167
277.504	0.015353152	-5.8450063	-0.023619794
277.632	0.015230651	-5.8447653	-0.023318349
277.76	0.015154677	-5.8449106	-0.02315851
277.888	0.015290333	-5.8449189	-0.023197187
278.016	0.015268782	-5.8449334	-0.020630022
278.144	0.0150694	-5.8448007	-0.018470973
278.272	0.015500718	-5.845387	-0.021151968
278.4	0.015350103	-5.8449413	-0.021738608
278.528	0.015018372	-5.8445463	-0.021369345
278.656	0.014929794	-5.8447486	-0.024833562
278.784	0.01520251	-5.8452195	-0.023317969
278.912	0.015240743	-5.8452053	-0.022530162
279.04	0.014905015	-5.8450045	-0.022724957
279.168	0.015126278	-5.8455332	-0.024982267
279.296	0.015081342	-5.8455235	-0.024180793
279.424	0.014665481	-5.8450021	-0.021758932
279.552	0.014957652	-5.8454086	-0.022069848
279.68	0.014999521	-5.8457777	-0.024248241
279.808	0.014862853	-5.8457606	-0.022276387
279.936	0.014745067	-5.845647	-0.022372066
280.064	0.014762125	-5.8455162	-0.02473254
280.192	0.014630362	-5.8454412	-0.024308696
280.32	0.014999707	-5.8458024	-0.023886156
280.448	0.014669995	-5.8455669	-0.021555762
280.576	0.01462968	-5.8457762	-0.022860193
280.704	0.014524825	-5.8456057	-0.023211906
280.832	0.014890098	-5.8458672	-0.026712017
280.96	0.014808789	-5.8457376	-0.024660174
281.088	0.014634344	-5.8453256	-0.024346984
281.216	0.014818752	-5.8453011	-0.024121363
281.344	0.014825738	-5.8453461	-0.023240458
281.472	0.014648154	-5.84519	-0.021386095
281.6	0.014790976	-5.8454686	-0.021533127
281.728	0.01487828	-5.8453646	-0.022104846
281.856	0.014840895	-5.8451908	-0.023446306
281.984	0.01487801	-5.8452249	-0.021098082
282.112	0.014946995	-5.8452103	-0.021162249
282.24	0.014929398	-5.8451785	-0.021310058
282.368	0.015311266	-5.8455515	-0.022957183
282.496	0.014923085	-5.8447816	-0.02117123
282.624	0.014962788	-5.8447447	-0.020737559
282.752	0.015163172	-5.8450381	-0.02523564
282.88	0.014877714	-5.8447293	-0.025135451
283.008	0.015228101	-5.845081	-0.022267058
283.136	0.015543321	-5.8451898	-0.022298483
283.264	0.015069989	-5.8445457	-0.022551747
283.392	0.015310915	-5.844725	-0.02187975
283.52	0.015207775	-5.8445831	-0.021987835
283.648	0.015275654	-5.8447472	-0.024297615
283.776	0.015160627	-5.8451026	-0.022477083
283.904	0.015378788	-5.8451873	-0.021408224
284.032	0.015161097	-5.8450044	-0.019833953
284.16	0.015474201	-5.8451652	-0.02335001
284.288	0.015396724	-5.84492	-0.025819919
284.416	0.015148621	-5.8449895	-0.025216825
284.544	0.015286628	-5.8450812	-0.024016024
284.672	0.015076927	-5.8450614	-0.021917289
284.8	0.015046459	-5.8447822	-0.021059617
284.928	0.015029808	-5.845242	-0.0230471
285.056	0.015171222	-5.8453429	-0.02435509
285.184	0.015049379	-5.8454492	-0.02322299
285.312	0.015148593	-5.8457643	-0.021796412
285.44	0.014934864	-5.8453879	-0.020052282
285.568	0.014794007	-5.8452459	-0.020224267
285.696	0.015219534	-5.845647	-0.02563952
285.824	0.014771647	-5.8451095	-0.023214334
285.952	0.015119128	-5.8456004	-0.025051513
286.08	0.014776753	-5.8455429	-0.022523316
286.208	0.015145917	-5.8456671	-0.021835794
286.336	0.014587575	-5.8452161	-0.023675479
286.464	0.01473537	-5.8453607	-0.023472266
286.592	0.014534307	-5.8453855	-0.023212515
286.72	0.015081685	-5.84577	-0.024230783
286.848	0.014651064	-5.8456468	-0.021292507
286.976	0.014769238	-5.8457383	-0.023144082
287.104	0.014621762	-5.8455324	-0.022165722
287.232	0.014671135	-5.8454697	-0.025459179
287.36	0.014889034	-5.8455621	-0.026084325
287.488	0.014498215	-5.8450836	-0.022084568
287.616	0.014713678	-5.8451215	-0.023833863
287.744	0.015080187	-5.8455805	-0.025666096
287.872	0.014692092	-5.8452406	-0.021380699
288	0.014801544	-5.8451145	-0.021448526
288.128	0.014690041	-5.8451741	-0.024161261
288.256	0.015044865	-5.8459635	-0.026042769
288.384	0.015012845	-5.8455535	-0.022898222
288.512	0.014966032	-5.8452506	-0.025246192
288.64	0.015038818	-5.8452048	-0.024693235
288.768	0.01495745	-5.8454442	-0.021122567
288.896	0.014900937	-5.844857	-0.019931246
289.024	0.015157523	-5.8452384	-0.02308019
289.152	0.015136932	-5.8453385	-0.021180913
289.28	0.015109386	-5.8448313	-0.020347196
289.408	0.014927404	-5.8447167	-0.022033276
289.536	0.015370949	-5.845044	-0.0226599
289.664	0.015193384	-5.8447325	-0.020587399
289.792	0.015336087	-5.8447664	-0.020418788
289.92	0.015410556	-5.8448804	-0.02121241
290.048	0.015257139	-5.8450715	-0.022803602
290.176	0.015216871	-5.8449661	-0.020211689
290.304	0.015141885	-5.8446784	-0.020229677
290.432	0.015047632	-5.8449198	-0.020472809
290.56	0.015404764	-5.8450713	-0.022448384
290.688	0.015433171	-5.8451839	-0.024501159
290.816	0.014894345	-5.8444291	-0.020551009
290.944	0.01548899	-5.8451168	-0.020533222
291.072	0.015126038	-5.8448929	-0.020792381
291.2	0.015159966	-5.8451214	-0.021941913
291.328	0.015383252	-5.8453071	-0.021829816
291.456	0.015109799	-5.8449274	-0.020576176
291.584	0.014705524	-5.8447038	-0.021917353
291.712	0.015125418	-5.8454944	-0.025041164
291.84	0.014903038	-5.8452888	-0.022859555
291.968	0.014944196	-5.8455035	-0.023500538
292.096	0.015101412	-5.8454248	-0.024861415
292.224	0.014794276	-5.8454012	-0.023716856
292.352	0.014795799	-5.8453303	-0.022665558
292.48	0.014982612	-5.8453691	-0.02426031
292.608	0.014936492	-5.84531	-0.023745517
292.736	0.014637352	-5.8451065	-0.025160268
292.864	0.014520791	-5.8452393	-0.024305519
292.992	0.014723587	-5.8453506	-0.021523263
293.12	0.014930073	-5.8459299	-0.024368426
293.248	0.014626483	-5.8456556	-0.023574562
293.376	0.014791345	-5.8457349	-0.025686539
293.504	0.014558954	-5.8453175	-0.024412287
293.632	0.014730188	-5.8457199	-0.022467174
293.76	0.014630669	-5.8456203	-0.02316332
293.888	0.014933588	-5.8458254	-0.025863848
294.016	0.014910745	-5.8457186	-0.023999303
294.144	0.014769966	-5.8455727	-0.021708154
294.272	0.014661318	-5.8451211	-0.022934154
294.4	0.014749958	-5.8448855	-0.022829859
294.528	0.014935015	-5.8450963	-0.022124454
294.656	0.015094615	-5.8452077	-0.023327377
294.784	0.01499733	-5.8451427	-0.024277791
294.912	0.014840841	-5.8452755	-0.023862625
295.04	0.015070051	-5.8453861	-0.022891887
295.168	0.015326144	-5.8453484	-0.02603699
295.296	0.015033431	-5.8450235	-0.021373613
295.424	0.015168198	-5.8450473	-0.020998717
295.552	0.015008892	-5.8448043	-0.02333647
295.68	0.015233748	-5.8452315	-0.021234434
295.808	0.0151394	-5.8452678	-0.021307196
295.936	0.015348719	-5.8452117	-0.022876328
296.064	0.01522429	-5.8448369	-0.021687795
296.192	0.015316039	-5.8447771	-0.020567371
296.32	0.015215853	-5.8447331	-0.021682777
296.448	0.015295523	-5.8448326	-0.022718129
296.576	0.015226621	-5.8452557	-0.021294139
296.704	0.015298495	-5.8452735	-0.023419741
296.832	0.015164894	-5.8450093	-0.022120279
296.96	0.015410439	-5.8454069	-0.020393149
297.088	0.015386452	-5.8452763	-0.022947602
297.216	0.014959964	-5.8445346	-0.020869151
297.344	0.015205898	-5.8448821	-0.01979425
297.472	0.015290002	-5.8450961	-0.021214873
297.6	0.015193089	-5.8448087	-0.021478119
297.728	0.015018628	-5.8450551	-0.020688114
297.856	0.014986539	-5.8452335	-0.023099291
297.984	0.014887986	-5.8452205	-0.023410367
298.112	0.014928944	-5.8453262	-0.021245369
298.24	0.014936874	-5.8453658	-0.021008115
298.368	0.015132295	-5.8454342	-0.023275526
298.496	0.014810971	-5.8453016	-0.023284524
298.624	0.014625815	-5.8452615	-0.021846962
298.752	0.014697191	-5.8451173	-0.023502206
298.88	0.014894091	-5.8453476	-0.023427947
299.008	0.014897658	-5.8457324	-0.023126029
299.136	0.014746195	-5.8455019	-0.023878706
299.264	0.014755422	-5.8457924	-0.022202264
299.392	0.014646185	-5.8454867	-0.022335142
299.52	0.01474646	-5.8455107	-0.024283458
299.648	0.014620276	-5.8453597	-0.024335097
299.776	0.014885028	-5.8458039	-0.023135037
299.904	0.014650451	-5.8453147	-0.022710082
300.032	0.014601031	-5.8454846	-0.021415293
300.16	0.014819801	-5.8455496	-0.02492218
300.288	0.014882725	-5.8455639	-0.025722922
300.416	0.014771483	-5.8451069	-0.024865418
300.544	0.014807887	-5.8450568	-0.025477201
300.672	0.014923855	-5.8451903	-0.026657945
300.8	0.014679938	-5.8450287	-0.021496374
300.928	0.014755887	-5.844989	-0.020839887
301.056	0.015165553	-5.8454122	-0.024067535
301.184	0.0149819	-5.845296	-0.021706852
301.312	0.015121905	-5.8454025	-0.023597323
301.44	0.015337719	-5.8454556	-0.025163177
301.568	0.01499044	-5.8450775	-0.023092557
301.696	0.015263404	-5.8453263	-0.023033837
301.824	0.014968158	-5.8448413	-0.022043465
301.952	0.01510393	-5.8447097	-0.022263249
302.08	0.015318044	-5.8452382	-0.020473033
302.208	0.015024215	-5.8450623	-0.020560299
302.336	0.015283751	-5.8449906	-0.022145364
302.464	0.014990596	-5.8448355	-0.020316978
302.592	0.015351454	-5.8451674	-0.02051394
302.72	0.015501036	-5.8451721	-0.022297998
302.848	0.015100834	-5.8447649	-0.023927395
302.976	0.015399624	-5.8451393	-0.023807256
303.104	0.015112614	-5.8447233	-0.020279892
303.232	0.015210357	-5.845074	-0.02070321
303.36	0.015379774	-5.8452774	-0.02198075
303.488	0.015109443	-5.8450888	-0.022963286
303.616	0.015144222	-5.8453233	-0.021970572
303.744	0.015171386	-5.8450624	-0.020934327
303.872	0.015094044	-5.8451157	-0.023967653
304	0.015252276	-5.8453729	-0.024403664
304.128	0.015010984	-5.8451893	-0.02280484
304.256	0.014997521	-5.8450175	-0.020851069
304.384	0.015192291	-5.8451998	-0.021867445
304.512	0.014837972	-5.8452606	-0.023710006
304.64	0.014721363	-5.845341	-0.021833277
304.768	0.014888382	-5.845545	-0.021864971
304.896	0.014884441	-5.8454949	-0.022426802
305.024	0.014878766	-5.8454655	-0.02402071
305.152	0.014854933	-5.8455848	-0.024310319
305.28	0.014799098	-5.8456297	-0.022608472
305.408	0.014826456	-5.8455884	-0.023154128
305.536	0.014608737	-5.8456075	-0.022844553
305.664	0.014675683	-5.8456548	-0.023956825
305.792	0.014744317	-5.8454038	-0.021630021
305.92	0.014671049	-5.8453542	-0.021886237
306.048	0.01474705	-5.845457	-0.024475626
306.176	0.014829177	-5.845602	-0.023187248
306.304	0.014899303	-5.8456186	-0.022613047
306.432	0.014663536	-5.8455075	-0.022352072
306.56	0.014766615	-5.8452656	-0.023303912
306.688	0.014777896	-5.8453983	-0.023312339
306.816	0.01499826	-5.845742	-0.020557987
306.944	0.014895728	-5.8451735	-0.017887889
307.072	0.014678293	-5.8450446	-0.022554112
307.2	0.014916032	-5.8453703	-0.025025672
307.328	0.014923836	-5.8452021	-0.021988083
307.456	0.015190999	-5.845419	-0.023771491
307.584	0.01483957	-5.8454021	-0.023553254
307.712	0.015126557	-5.8453788	-0.022669738
307.84	0.014915555	-5.8452452	-0.021755756
307.968	0.015267194	-5.8451994	-0.023801717
308.096	0.014981756	-5.8449086	-0.020480801
308.224	0.015340496	-5.8451543	-0.022683486
308.352	0.014971988	-5.8446161	-0.025000026
308.48	0.015312382	-5.8451336	-0.027462845
308.608	0.015155748	-5.8450419	-0.021157642
308.736	0.015431799	-5.845168	-0.021776069
308.864	0.015373348	-5.8447299	-0.026002637
308.992	0.015288477	-5.8449907	-0.023637007
309.12	0.015290415	-5.844788	-0.021801263
309.248	0.01549551	-5.8452766	-0.023896335
309.376	0.015114417	-5.844793	-0.021085191
309.504	0.015202317	-5.8450904	-0.024751159
309.632	0.015085128	-5.8451776	-0.023070328
309.76	0.015064672	-5.8449162	-0.021086697
309.888	0.015160116	-5.8450539	-0.020842708
310.016	0.015270874	-5.8453352	-0.019817622
310.144	0.015051095	-5.8448885	-0.021959388
310.272	0.015119948	-5.8450251	-0.023024358
310.4	0.014884445	-5.8447364	-0.022529171
310.528	0.015293095	-5.8452976	-0.025240742
310.656	0.014755192	-5.844617	-0.022257449
310.784	0.014963984	-5.8452424	-0.021902318
310.912	0.014916166	-5.8453605	-0.023600704
311.04	0.015041829	-5.8452458	-0.024328793
311.168	0.014691701	-5.844904	-0.022933269
311.296	0.014786363	-5.8450958	-0.022519012
311.424	0.014756938	-5.8451997	-0.023112924
311.552	0.01519818	-5.8459392	-0.020805837
311.68	0.014728787	-5.8454233	-0.021323386
311.808	0.01465389	-5.8452402	-0.023252645
311.936	0.014650603	-5.8452545	-0.023131201
312.064	0.014767855	-5.8453213	-0.023625837
312.192	0.014627437	-5.8454188	-0.022265607
312.32	0.014674121	-5.8456328	-0.021475129
312.448	0.014902673	-5.8457676	-0.021647331
312.576	0.014728276	-5.8456383	-0.02181316
312.704	0.014660015	-5.8456488	-0.021610737
312.832	0.014707354	-5.8453703	-0.02253198
312.96	0.015000118	-5.8455715	-0.023120403
313.088	0.014660676	-5.8453184	-0.021330916
313.216	0.014822923	-5.8455489	-0.019602275
313.344	0.014959903	-5.8456217	-0.021249075
313.472	0.014684622	-5.845064	-0.023013909
313.6	0.015073086	-5.8457089	-0.023050716
313.728	0.014956098	-5.8453673	-0.023068371
313.856	0.015017873	-5.845194	-0.024577458
313.984	0.014852843	-5.844974	-0.025460497
314.112	0.015097906	-5.8450835	-0.02301901
314.24	0.015009577	-5.8450607	-0.022075344
314.368	0.015302512	-5.8453697	-0.025804224
314.496	0.014811531	-5.8449432	-0.022177074
314.624	0.015313088	-5.8451334	-0.02105455
314.752	0.015258479	-5.8452834	-0.022101707
314.88	0.015163666	-5.8451068	-0.022918005
315.008	0.015410159	-5.8453411	-0.023715881
315.136	0.01532921	-5.8450036	-0.024249127
315.264	0.014959618	-5.8446767	-0.021278891
315.392	0.015343883	-5.8449781	-0.021745757
315.52	0.015499417	-5.8450083	-0.023186297
315.648	0.015375013	-5.8449837	-0.024065818
315.776	0.01524479	-5.8450694	-0.023351631
315.904	0.015199869	-5.8450142	-0.020707504
316.032	0.015166585	-5.8447724	-0.020619011
316.16	0.01532539	-5.8451005	-0.022019881
316.288	0.01503222	-5.8449048	-0.021398108
316.416	0.015484902	-5.8451226	-0.02302687
316.544	0.015025596	-5.844642	-0.024478058
316.672	0.014959862	-5.8448782	-0.023489498
316.8	0.014911671	-5.844925	-0.021737418
316.928	0.014944155	-5.8450404	-0.02354828
317.056	0.015224251	-5.8455259	-0.024140745
317.184	0.015172695	-5.8454214	-0.023805089
317.312	0.014968813	-5.8453577	-0.022981057
317.44	0.014859167	-5.8452644	-0.022673961
317.568	0.014712464	-5.8452219	-0.022623852
317.696	0.014934525	-5.8455225	-0.023323463
317.824	0.01478413	-5.8456436	-0.022179345
317.952	0.014699919	-5.8453823	-0.023176043
318.08	0.014645717	-5.8454544	-0.022662266
318.208	0.014763327	-5.8457465	-0.022986767
318.336	0.014727772	-5.8455095	-0.024544008
318.464	0.014912612	-5.8459001	-0.022502695
318.592	0.01446574	-5.8454589	-0.020811614
318.72	0.014759776	-5.845709	-0.022707762
318.848	0.01478395	-5.8459879	-0.023516155
318.976	0.014711337	-5.8454079	-0.021671999
319.104	0.014627592	-5.8451516	-0.021599062
319.232	0.014869875	-5.8454297	-0.025643967
319.36	0.014535018	-5.8452755	-0.021759268
319.488	0.014964093	-5.8456597	-0.020943341
319.616	0.014688997	-5.8454546	-0.023328215
319.744	0.014827752	-5.8455874	-0.024843128
319.872	0.014912757	-5.8453818	-0.024070504
320	0.014799899	-5.8454151	-0.021181546
320.128	0.015159468	-5.8454537	-0.020534258
320.256	0.014763946	-5.8448676	-0.020633885
320.384	0.01504265	-5.8450474	-0.021132655
320.512	0.015040397	-5.8449783	-0.020280372
320.64	0.015296242	-5.8453183	-0.022010942
320.768	0.015056099	-5.8449033	-0.02089925
320.896	0.015316778	-5.8450428	-0.022739844
321.024	0.015065276	-5.8449879	-0.021143702
321.152	0.015454364	-5.8452567	-0.021521466
321.28	0.01516896	-5.8450207	-0.020997525
321.408	0.015472983	-5.8455601	-0.021413235
321.536	0.015358723	-5.8452272	-0.023065697
321.664	0.015261634	-5.8447662	-0.022764323
321.792	0.015343632	-5.8448707	-0.023261095
321.92	0.0154008	-5.8451989	-0.023175064
322.048	0.015240021	-5.8447301	-0.023685367
322.176	0.015468436	-5.8449982	-0.025248725
322.304	0.015219827	-5.8448125	-0.021430148
322.432	0.014973118	-5.8449335	-0.020774559
322.56	0.015393905	-5.845429	-0.0219551
322.688	0.015141721	-5.8449397	-0.019546403
322.816	0.015172011	-5.8449219	-0.02264104
322.944	0.015102885	-5.8450404	-0.022744428
323.072	0.014903603	-5.844807	-0.021735162
323.2	0.015247855	-5.845177	-0.02310328
323.328	0.015060843	-5.8450009	-0.023266042
323.456	0.015004865	-5.845034	-0.024764566
323.584	0.014904791	-5.8448063	-0.02157954
323.712	0.014731191	-5.8451368	-0.019857111
323.84	0.015059373	-5.8456656	-0.024284367
323.968	0.014644665	-5.8450161	-0.023494013
324.096	0.01491109	-5.8453468	-0.02524138
324.224	0.014735657	-5.845204	-0.022177642
324.352	0.014912867	-5.8452004	-0.022645018
324.48	0.014739845	-5.845447	-0.023921253
324.608	0.014435797	-5.8453229	-0.023234913
324.736	0.014767849	-5.8457248	-0.023385644
324.864	0.014562653	-5.8451711	-0.021815509
324.992	0.014925886	-5.8454862	-0.023200508
325.12	0.014787947	-5.8454943	-0.024057578
325.248	0.014656418	-5.8454941	-0.024741236
325.376	0.014962053	-5.8459402	-0.025372812
325.504	0.014659782	-5.8455606	-0.021928459
325.632	0.014693632	-5.8452323	-0.024195097
325.76	0.014757049	-5.845103	-0.023893315
325.888	0.014847672	-5.845229	-0.021963219
326.016	0.014852852	-5.8453351	-0.022696048
326.144	0.014796547	-5.8452459	-0.022255204
326.272	0.01500389	-5.8454738	-0.021384992
326.4	0.014872807	-5.8455438	-0.020229465
326.528	0.015114721	-5.845708	-0.022729095
326.656	0.015000841	-5.8454022	-0.021326687
326.784	0.015135069	-5.845309	-0.021976975
326.912	0.015046149	-5.8451638	-0.022678896
327.04	0.015243018	-5.8452333	-0.021791418
327.168	0.015089273	-5.844994	-0.020552722
327.296	0.015068473	-5.8451179	-0.019568254
327.424	0.015059264	-5.8445388	-0.019648051
327.552	0.015157447	-5.8447962	-0.021503899
327.68	0.015133108	-5.8448767	-0.020328109
327.808	0.015337344	-5.8452472	-0.020245454
327.936	0.01520274	-5.8448641	-0.020716947
328.064	0.015172243	-5.8445486	-0.020561903
328.192	0.015360679	-5.84522	-0.022309133
328.32	0.015338435	-5.8450326	-0.020898341
328.448	0.015348188	-5.8451304	-0.019214648
328.576	0.015204959	-5.8449874	-0.022690659
328.704	0.015377087	-5.8452151	-0.024471305
328.832	0.015254508	-5.8449526	-0.022070749
328.96	0.015145322	-5.8446053	-0.021367836
329.088	0.015084636	-5.8449679	-0.023376779
329.216	0.015209262	-5.8449476	-0.026394178
329.344	0.01511072	-5.8450389	-0.024533679
329.472	0.014725537	-5.8449816	-0.022045462
329.6	0.0151193	-5.8452815	-0.022109945
329.728	0.014910449	-5.8448727	-0.023494855
329.856	0.015035692	-5.8453798	-0.025963836
329.984	0.014799818	-5.8450266	-0.025397614
330.112	0.014854152	-5.8451803	-0.023670689
330.24	0.014976845	-5.8452368	-0.021388177
330.368	0.014657435	-5.8448701	-0.022293539
330.496	0.014989761	-5.8455028	-0.023623775
330.624	0.014894585	-5.8454403	-0.022698965
330.752	0.01470492	-5.845513	-0.021950017
330.88	0.014791378	-5.8455407	-0.023894408
331.008	0.014809082	-5.8456211	-0.024668961
331.136	0.014564605	-5.8452555	-0.021798089
331.264	0.014599895	-5.8452794	-0.024205897
331.392	0.014794694	-5.8453649	-0.025403266
331.52	0.014645863	-5.8450906	-0.022967057
331.648	0.014879037	-5.8453168	-0.023391972
331.776	0.014922471	-5.8452384	-0.023005052
331.904	0.014695669	-5.8452627	-0.022872727
332.032	0.01497598	-5.8455443	-0.024316538
332.16	0.015015033	-5.8456078	-0.024655228
332.288	0.014809932	-5.8455153	-0.023351012
332.416	0.014870119	-5.8453255	-0.02412775
332.544	0.014855074	-5.8451285	-0.023279564
332.672	0.014952192	-5.8455355	-0.021784999
332.8	0.015063648	-5.8454944	-0.021578125
332.928	0.014973583	-5.8454119	-0.021168581
333.056	0.015135324	-5.8453796	-0.022124862
333.184	0.015185355	-5.8452311	-0.022243687
333.312	0.01496146	-5.8450836	-0.022099973
333.44	0.015310636	-5.8449756	-0.021444368
333.568	0.015126448	-5.8449601	-0.020764403
333.696	0.015044636	-5.8449286	-0.020387903
333.824	0.015169431	-5.8449617	-0.020668279
333.952	0.015197802	-5.8450736	-0.022146013
334.08	0.015470049	-5.8454769	-0.023187154
334.208	0.015198601	-5.8452539	-0.020509587
334.336	0.015112034	-5.8448977	-0.019243516
334.464	0.015141764	-5.844924	-0.02202987
334.592	0.015128232	-5.8450303	-0.022745022
334.72	0.015438284	-5.8452203	-0.022262897
334.848	0.014892519	-5.8448162	-0.022239722
334.976	0.015222781	-5.8450454	-0.020965567
335.104	0.015501574	-5.845222	-0.022031365
335.232	0.014894054	-5.8446442	-0.023629785
335.36	0.015189759	-5.8449476	-0.019966381
335.488	0.015304064	-5.8452747	-0.019261786
335.616	0.015260792	-5.8452546	-0.023767593
335.744	0.015076942	-5.8450538	-0.02185873
335.872	0.014959649	-5.8450373	-0.021529657
336	0.014780028	-5.8449661	-0.022625923
336.128	0.014966391	-5.8451393	-0.025237409
336.256	0.014851309	-5.845322	-0.024631426
336.384	0.014782859	-5.8452694	-0.024210244
336.512	0.014700524	-5.8451201	-0.021727723
336.64	0.015015377	-5.8453743	-0.023592238
336.768	0.014888802	-5.8456703	-0.02533991
336.896	0.014586051	-5.8451947	-0.019679233
337.024	0.014809183	-5.8457363	-0.023006536
337.152	0.014746348	-5.8453851	-0.023484033
337.28	0.014855957	-5.8456854	-0.02336656
337.408	0.014548501	-5.8453439	-0.024374898
337.536	0.014656607	-5.8453732	-0.023850886
337.664	0.014625523	-5.8451868	-0.020966208
337.792	0.015008026	-5.8454781	-0.023369843
337.92	0.014990164	-5.8456526	-0.025698556
338.048	0.014620653	-5.8452634	-0.020991904
338.176	0.014819665	-5.8455519	-0.020891985
338.304	0.014864537	-5.845756	-0.023788267
338.432	0.014754899	-5.8454287	-0.021639059
338.56	0.01487021	-5.8453993	-0.022663807
338.688	0.015088303	-5.845365	-0.024311334
338.816	0.014706372	-5.8448225	-0.02189936
338.944	0.015007799	-5.8452729	-0.022852876
339.072	0.014894888	-5.8450925	-0.022675708
339.2	0.014985992	-5.8450318	-0.021567752
339.328	0.01502976	-5.8450141	-0.020269354
339.456	0.015103759	-5.8451019	-0.023277571
339.584	0.015069663	-5.8447991	-0.024685592
339.712	0.014950099	-5.8447259	-0.023170733
339.84	0.015177094	-5.8450895	-0.022201306
339.968	0.01517174	-5.8451296	-0.023080778
340.096	0.015372375	-5.8452419	-0.02344196
340.224	0.015398781	-5.8452072	-0.021870778
340.352	0.015136052	-5.8448901	-0.021922036
340.48	0.015096118	-5.8447407	-0.022965863
340.608	0.015335833	-5.844819	-0.022803294
340.736	0.015381441	-5.8448064	-0.02129342
340.864	0.01503518	-5.8446908	-0.022975458
340.992	0.015386582	-5.8449711	-0.019804241
341.12	0.015245193	-5.845146	-0.018426961
341.248	0.014922689	-5.8451526	-0.020065744
341.376	0.015543516	-5.845489	-0.021075604
341.504	0.01484924	-5.8447364	-0.019824414
341.632	0.015399794	-5.845113	-0.01986577
341.76	0.015136084	-5.8449336	-0.02112678
341.888	0.01492196	-5.8447176	-0.023586501
342.016	0.015143277	-5.8452037	-0.022986802
342.144	0.014944318	-5.8453196	-0.022507987
342.272	0.015026392	-5.8454339	-0.024573629
342.4	0.014836988	-5.8451506	-0.023940673
342.528	0.015087971	-5.8454172	-0.023368699
342.656	0.014861393	-5.845486	-0.022221619
342.784	0.014863943	-5.8453093	-0.022173751
342.912	0.014649457	-5.8452561	-0.023554642
343.04	0.015047937	-5.8457011	-0.026213292
343.168	0.014699487	-5.8451037	-0.026086579
343.296	0.014890269	-5.8455768	-0.025706832
343.424	0.01475574	-5.8456435	-0.024452346
343.552	0.014620085	-5.8456357	-0.023011201
343.68	0.014829182	-5.8453664	-0.021801179
343.808	0.014699405	-5.8456758	-0.021573092
343.936	0.014756914	-5.8455214	-0.022471887
344.064	0.015064376	-5.8455921	-0.023788868
344.192	0.014432682	-5.8449448	-0.022661956
344.32	0.014791213	-5.8452698	-0.026043177
344.448	0.01479502	-5.845348	-0.024896834
344.576	0.014735725	-5.8452339	-0.021193012
344.704	0.015123328	-5.8457652	-0.022450926
344.832	0.01492005	-5.8454841	-0.022831484
344.96	0.01488581	-5.8452391	-0.021848367
345.088	0.014693305	-5.8452276	-0.022396203
345.216	0.0149867	-5.8454314	-0.020270647
345.344	0.014896148	-5.8453295	-0.020270222
345.472	0.015053901	-5.845313	-0.021331674
345.6	0.015282294	-5.8448955	-0.0223021
345.728	0.014871775	-5.8446898	-0.021177384
345.856	0.015248069	-5.8451345	-0.020097294
345.984	0.015133673	-5.8449264	-0.019342238
346.112	0.015075636	-5.8449457	-0.021303477
346.24	0.014950654	-5.8447712	-0.021903161
346.368	0.01519329	-5.8450265	-0.024301353
346.496	0.015454332	-5.845306	-0.024306418
346.624	0.01518627	-5.8450881	-0.024643057
346.752	0.015084285	-5.8448141	-0.02422198
346.88	0.014942006	-5.8448769	-0.021559576
347.008	0.015467227	-5.8452918	-0.021245719
347.136	0.015293705	-5.8452203	-0.019958722
347.264	0.015174596	-5.8450515	-0.022336888
347.392	0.015230925	-5.8450287	-0.01989257
347.52	0.015237084	-5.8453215	-0.021026886
347.648	0.015428537	-5.8453543	-0.023356814
347.776	0.015115132	-5.8449497	-0.021044559
347.904	0.014878766	-5.8446632	-0.021789409
348.032	0.015096712	-5.8449706	-0.026184657
348.16	0.014981367	-5.8450753	-0.021093185
348.288	0.015061679	-5.845203	-0.020956213
348.416	0.014809045	-5.845072	-0.022289093
348.544	0.015163628	-5.8455308	-0.025186874
348.672	0.014891278	-5.8452261	-0.023291468
348.8	0.014984661	-5.8450288	-0.022648455
348.928	0.01485928	-5.8451196	-0.022665579
349.056	0.014855545	-5.8452214	-0.023395122
349.184	0.01493947	-5.8452402	-0.022431509
349.312	0.014872724	-5.8452874	-0.020981685
349.44	0.014768839	-5.8451872	-0.022065493
349.568	0.014761471	-5.8449905	-0.021962055
349.696	0.014641708	-5.8449157	-0.023503166
349.824	0.014637964	-5.8449541	-0.02241857
349.952	0.014894154	-5.8453232	-0.022690408
350.08	0.014790051	-5.8455616	-0.020115237
350.208	0.01467208	-5.8451496	-0.020636537
350.336	0.014767381	-5.8453092	-0.028824248
350.464	0.014962366	-5.8453933	-0.026145844
350.592	0.014593761	-5.8454113	-0.021657562
350.72	0.014797752	-5.8455445	-0.024197563
350.848	0.014946697	-5.845723	-0.025640893
350.976	0.014623505	-5.8452318	-0.02301052
351.104	0.014958501	-5.8454402	-0.021997942
351.232	0.014933408	-5.845425	-0.021406966
351.36	0.014802787	-5.845062	-0.020239605
351.488	0.015041769	-5.8452829	-0.022256161
351.616	0.01508626	-5.8452997	-0.022865283
351.744	0.015012735	-5.8451251	-0.023052289
351.872	0.015048085	-5.8453498	-0.021820397
352	0.015018959	-5.8452188	-0.020526742
352.128	0.015267086	-5.8453752	-0.022940623
352.256	0.014781671	-5.8449155	-0.020295001
352.384	0.015058829	-5.8449756	-0.020492944
352.512	0.015137699	-5.8446908	-0.024501644
352.64	0.01516612	-5.8448673	-0.025114443
352.768	0.015366272	-5.8450854	-0.024455761
352.896	0.015141219	-5.8447261	-0.02232408
353.024	0.015285648	-5.8449151	-0.020269174
353.152	0.015384016	-5.8451433	-0.016461516
353.28	0.015225861	-5.8451215	-0.019276299
353.408	0.015281404	-5.8451095	-0.023607057
353.536	0.015079595	-5.8451277	-0.02091645
353.664	0.015341613	-5.8453159	-0.021957694
353.792	0.015213035	-5.8449154	-0.02533379
353.92	0.015090102	-5.8449446	-0.020723973
354.048	0.015112806	-5.8448575	-0.018620226
354.176	0.015183563	-5.8451399	-0.023259559
354.304	0.015151908	-5.8451686	-0.023312851
354.432	0.015067082	-5.8452091	-0.021959335
354.56	0.015154045	-5.8451859	-0.023271415
354.688	0.015044087	-5.845288	-0.021363542
354.816	0.015120473	-5.845517	-0.022571993
354.944	0.014971437	-5.8450825	-0.023954998
355.072	0.015024405	-5.8451335	-0.023336154
355.2	0.01484857	-5.8451301	-0.023305155
355.328	0.014815386	-5.8452406	-0.025802564
355.456	0.014849434	-5.8451219	-0.023337517
355.584	0.014874064	-5.8454144	-0.02424301
355.712	0.014792232	-5.8454528	-0.025079034
355.84	0.014799284	-5.8455017	-0.022007604
355.968	0.014763661	-5.8458486	-0.021897371
356.096	0.014553726	-5.8453213	-0.021659606
356.224	0.014948191	-5.8457521	-0.022404089
356.352	0.014971157	-5.8454696	-0.021522813
356.48	0.014680385	-5.8454733	-0.02342957
356.608	0.014659161	-5.8453501	-0.023474046
356.736	0.014980102	-5.8456243	-0.024517934
356.864	0.014827378	-5.8453175	-0.024364847
356.992	0.014454919	-5.8448782	-0.022400839
357.12	0.014849227	-5.845268	-0.024602133
357.248	0.014694963	-5.845253	-0.023395113
357.376	0.014946314	-5.8457901	-0.02263244
357.504	0.014983888	-5.8457499	-0.021921616
357.632	0.014954314	-5.8454885	-0.023294251
357.76	0.014822699	-5.8451634	-0.022285043
357.888	0.015192165	-5.8454089	-0.023094816
358.016	0.014911232	-5.8452748	-0.023822295
358.144	0.014970279	-5.8450106	-0.020906829
358.272	0.014970919	-5.8452843	-0.020667307
358.4	0.01538135	-5.8454416	-0.021965297
358.528	0.015238573	-5.8449005	-0.022029696
358.656	0.015198836	-5.8451846	-0.022600769
358.784	0.015182605	-5.8450724	-0.020112609
358.912	0.015214548	-5.8450816	-0.021547973
359.04	0.015362933	-5.845131	-0.0240266
359.168	0.015101035	-5.8446888	-0.021552286
359.296	0.015219187	-5.8447411	-0.022823778
359.424	0.015191718	-5.8446392	-0.023309476
359.552	0.015162704	-5.8449501	-0.020566674
359.68	0.015216919	-5.8449542	-0.020237464
359.808	0.015068594	-5.8448667	-0.021074121
359.936	0.015042488	-5.8447316	-0.021672702
360.064	0.015367435	-5.8449949	-0.023834925
360.192	0.015486128	-5.8453458	-0.024602773
360.32	0.014865359	-5.84501	-0.020998534
360.448	0.015254956	-5.845355	-0.021950504
360.576	0.014837172	-5.844716	-0.022265343
360.704	0.015447528	-5.8455533	-0.023826953
360.832	0.014784311	-5.844893	-0.02190646
360.96	0.015108255	-5.8454697	-0.024634239
361.088	0.014902139	-5.8452764	-0.023791449
361.216	0.015006402	-5.8454592	-0.022275356
361.344	0.014863807	-5.8452366	-0.021777649
361.472	0.015074032	-5.8454978	-0.025643716
361.6	0.014752236	-5.8451189	-0.021885981
361.728	0.015006752	-5.845604	-0.0190505
361.856	0.014938283	-5.8453876	-0.01999154
361.984	0.014916359	-5.8456454	-0.022989917
362.112	0.014621796	-5.8454019	-0.022042718
362.24	0.01486294	-5.8453512	-0.022373289
362.368	0.014711597	-5.8454927	-0.022677794
362.496	0.014767465	-5.8454232	-0.023649766
362.624	0.014693361	-5.8453608	-0.023577174
362.752	0.014645898	-5.845302	-0.025750004
362.88	0.014982543	-5.845756	-0.024409446
363.008	0.014858337	-5.8457078	-0.019730119
363.136	0.014600781	-5.8453812	-0.021900542
363.264	0.014938629	-5.8454502	-0.024140122
363.392	0.014605102	-5.8452877	-0.023163947
363.52	0.014733562	-5.8451699	-0.024033069
363.648	0.014968339	-5.8454746	-0.025214801
363.776	0.014851894	-5.8450855	-0.022915264
363.904	0.014765888	-5.8452029	-0.023467657
364.032	0.01499016	-5.8452434	-0.024291888
364.16	0.01499638	-5.8453432	-0.021046469
364.288	0.01495706	-5.8452564	-0.023059518
364.416	0.014853325	-5.8449698	-0.022842505
364.544	0.015319756	-5.8452907	-0.024460924
364.672	0.015005157	-5.8448276	-0.02318994
364.8	0.0148809	-5.8446176	-0.019830573
364.928	0.015256859	-5.8449705	-0.023415176
365.056	0.015171865	-5.8448081	-0.023528422
365.184	0.015280419	-5.8452434	-0.023347309
365.312	0.015182379	-5.8450229	-0.02097435
365.44	0.015214873	-5.8450333	-0.021868198
365.568	0.015161679	-5.8448126	-0.023195754
365.696	0.015045065	-5.8449042	-0.020981067
365.824	0.015128297	-5.8447426	-0.019278362
365.952	0.015265052	-5.8449627	-0.022138422
366.08	0.015215484	-5.8450817	-0.023186773
366.208	0.015223752	-5.8450745	-0.022722679
366.336	0.015176049	-5.8448505	-0.023387365
366.464	0.01507429	-5.8449156	-0.021786437
366.592	0.01521811	-5.8451433	-0.022224446
366.72	0.015350926	-5.8450498	-0.0244277
366.848	0.015136859	-5.8449523	-0.02358559
366.976	0.014998195	-5.8450072	-0.022329798
367.104	0.015230421	-5.8455474	-0.021815731
367.232	0.015113281	-5.8451386	-0.019777938
367.36	0.015159515	-5.84538	-0.022532437
367.488	0.014928845	-5.8451627	-0.021125387
367.616	0.014962577	-5.8454758	-0.021594012
367.744	0.014565736	-5.8449748	-0.020931564
367.872	0.015306887	-5.8457174	-0.024150562
368	0.014273301	-5.844827	-0.02048652
368.128	0.014854541	-5.8452633	-0.023367232
368.256	0.014739852	-5.8449469	-0.023823524
368.384	0.015050906	-5.8453389	-0.021916977
368.512	0.014934644	-5.8454923	-0.023789816
368.64	0.014715179	-5.8452309	-0.022917743
368.768	0.014821897	-5.8452936	-0.024037219
368.896	0.014660927	-5.8451259	-0.02410999
369.024	0.014929562	-5.8452168	-0.022310621
369.152	0.014679162	-5.8449975	-0.021492584
369.28	0.01509096	-5.8456855	-0.021562675
369.408	0.014533615	-5.8451612	-0.020753906
369.536	0.014913434	-5.8455275	-0.022533767
369.664	0.014774152	-5.8453937	-0.020271575
369.792	0.014742579	-5.8450023	-0.021343846
369.92	0.014862101	-5.8454426	-0.023022307
370.048	0.014963774	-5.8456416	-0.021526953
370.176	0.014963549	-5.8457247	-0.02102634
370.304	0.014890347	-5.8452689	-0.021734777
370.432	0.0149996	-5.8454864	-0.022928124
370.56	0.014927562	-5.8449565	-0.02219268
370.688	0.014763312	-5.8447379	-0.022076883
370.816	0.015137782	-5.8454672	-0.023972869
370.944	0.015004165	-5.8451587	-0.022813716
371.072	0.014900182	-5.8450307	-0.021915668
371.2	0.015220593	-5.8454266	-0.021737572
371.328	0.01515734	-5.8453613	-0.021759702
371.456	0.015255654	-5.8453224	-0.023610374
371.584	0.015064106	-5.8450948	-0.023629755
371.712	0.015049167	-5.8446394	-0.022093356
371.84	0.015372896	-5.8450765	-0.02278073
371.968	0.015234793	-5.8451563	-0.023290951
372.096	0.014986122	-5.8451865	-0.021311361
372.224	0.014920913	-5.8446737	-0.02149421
372.352	0.015420983	-5.8451873	-0.023032737
372.48	0.015213379	-5.8448817	-0.021295715
372.608	0.015061867	-5.8448498	-0.020918326
372.736	0.015150577	-5.8450994	-0.021057144
372.864	0.015191537	-5.845115	-0.021415487
372.992	0.015164083	-5.844956	-0.022931068
373.12	0.015181578	-5.8450861	-0.023653025
373.248	0.015051228	-5.8451169	-0.02350577
373.376	0.015316958	-5.8454462	-0.023099277
373.504	0.014852501	-5.8447886	-0.019608323
373.632	0.015230847	-5.8453589	-0.024081622
373.76	0.014891765	-5.8452032	-0.024957897
373.888	0.01483017	-5.8451412	-0.023513334
374.016	0.015000999	-5.8451641	-0.023355293
374.144	0.014852577	-5.8450371	-0.023431879
374.272	0.015103225	-5.8455131	-0.022841415
374.4	0.014706047	-5.844754	-0.021679597
374.528	0.014786995	-5.8453226	-0.021515064
374.656	0.01482863	-5.8455734	-0.020927723
374.784	0.014926577	-5.8454471	-0.024596389
374.912	0.014719991	-5.8454876	-0.024241081
375.04	0.014763777	-5.8454409	-0.023779861
375.168	0.014798801	-5.8453537	-0.024660926
375.296	0.014901664	-5.8455409	-0.024526931
375.424	0.014620457	-5.8452836	-0.02254919
375.552	0.014943757	-5.8452172	-0.021978747
375.68	0.014764845	-5.8450443	-0.021870957
375.808	0.014572243	-5.8450535	-0.021582337
375.936	0.014790701	-5.8454288	-0.022403209
376.064	0.014864201	-5.8457041	-0.023250836
376.192	0.01501078	-5.8456799	-0.022864642
376.32	0.01481601	-5.8452834	-0.022989698
376.448	0.014992457	-5.8454672	-0.023818769
376.576	0.014740244	-5.8450647	-0.023339576
376.704	0.0151955	-5.8456415	-0.022804336
376.832	0.015173777	-5.8453991	-0.021033128
376.96	0.014881155	-5.8449933	-0.023229066
377.088	0.014812743	-5.8449634	-0.022832694
377.216	0.015272863	-5.8452061	-0.022030882
377.344	0.014865494	-5.8447467	-0.022723724
377.472	0.015016514	-5.8448448	-0.023118908
377.6	0.015165482	-5.8450269	-0.022613615
377.728	0.015064873	-5.8450728	-0.023474776
377.856	0.015197806	-5.8451705	-0.021754583
377.984	0.015109885	-5.845194	-0.020643256
378.112	0.01532229	-5.8453063	-0.023383524
378.24	0.015231438	-5.844932	-0.022380588
378.368	0.015054232	-5.8444852	-0.021015233
378.496	0.015309546	-5.8448843	-0.022296726
378.624	0.015340332	-5.8451663	-0.022936469
378.752	0.015116193	-5.8448364	-0.02473585
378.88	0.015204631	-5.8448	-0.022424875
379.008	0.015366213	-5.8450283	-0.022736964
379.136	0.015111047	-5.8451643	-0.023865127
379.264	0.015032707	-5.8450171	-0.020100299
379.392	0.015206376	-5.8450603	-0.021029109
379.52	0.014960144	-5.8447767	-0.020408459
379.648	0.015166459	-5.844901	-0.021410123
379.776	0.014893842	-5.844924	-0.021737408
379.904	0.015023885	-5.8451242	-0.02336744
380.032	0.014997484	-5.8449636	-0.022946508
380.16	0.015012227	-5.8448711	-0.020387764
380.288	0.014961378	-5.8449277	-0.022463636
380.416	0.014783479	-5.8450281	-0.023966542
380.544	0.015157076	-5.8455835	-0.024011773
380.672	0.015064237	-5.8456004	-0.023926764
380.8	0.014913731	-5.8454175	-0.024195352
380.928	0.014708499	-5.8451674	-0.023090944
381.056	0.014817817	-5.8452518	-0.024251103
381.184	0.014651396	-5.8452317	-0.0223934
381.312	0.014850779	-5.8451844	-0.022482973
381.44	0.01483949	-5.8454136	-0.023381623
381.568	0.014744294	-5.845216	-0.023467963
381.696	0.014992026	-5.8457572	-0.024576544
381.824	0.014764027	-5.8453565	-0.020516558
381.952	0.014662693	-5.8452823	-0.019937715
382.08	0.014802555	-5.8456489	-0.022981676
382.208	0.01493714	-5.8456696	-0.023674341
382.336	0.01466057	-5.8453859	-0.022821629
382.464	0.014826612	-5.8455996	-0.025293403
382.592	0.014808684	-5.8456	-0.022046572
382.72	0.01477349	-5.8457376	-0.02335031
382.848	0.014620602	-5.845221	-0.02429382
382.976	0.014956302	-5.8456983	-0.022829208
383.104	0.015161513	-5.8455685	-0.023453361
383.232	0.015071369	-5.8454459	-0.02479054
383.36	0.015125941	-5.8454738	-0.022758373
383.488	0.014709024	-5.8447402	-0.022572033
383.616	0.015183451	-5.8450983	-0.023384324
383.744	0.015148294	-5.8455895	-0.020664451
383.872	0.014955036	-5.8450283	-0.02087934
384	0.014941612	-5.8449982	-0.019417525
384.128	0.015105143	-5.8451419	-0.021867434
384.256	0.015189971	-5.8450254	-0.021844666
384.384	0.015200649	-5.8450038	-0.020687679
384.512	0.015281638	-5.8452057	-0.022610983
384.64	0.015326597	-5.8453301	-0.02329391
384.768	0.015176924	-5.8451017	-0.025529765
384.896	0.015257778	-5.8453083	-0.024554429
385.024	0.015085	-5.8449394	-0.020828922
385.152	0.015243564	-5.844874	-0.02311167
385.28	0.015552293	-5.8452497	-0.027167781
385.408	0.015074058	-5.8450065	-0.025140748
385.536	0.015049093	-5.844946	-0.020611249
385.664	0.015398949	-5.8452063	-0.021710303
385.792	0.015139335	-5.8448335	-0.021179626
385.92	0.014995336	-5.8449213	-0.021958379
386.048	0.015013198	-5.8447769	-0.021409051
386.176	0.015046115	-5.844901	-0.023862821
386.304	0.01512703	-5.8449645	-0.022352726
386.432	0.015136173	-5.8454427	-0.02239175
386.56	0.014880098	-5.8453717	-0.023939305
386.688	0.015003494	-5.8454829	-0.023290495
386.816	0.014973577	-5.8454938	-0.022535512
386.944	0.014925437	-5.8454194	-0.024829406
387.072	0.014996558	-5.8454984	-0.024548834
387.2	0.014769996	-5.8452644	-0.024303902
387.328	0.01503188	-5.8453616	-0.024869607
387.456	0.014598584	-5.8449526	-0.022767938
387.584	0.014798277	-5.8451629	-0.022387657
387.712	0.01469968	-5.8456086	-0.022825535
387.84	0.014699987	-5.8457776	-0.025626329
387.968	0.01490969	-5.8458225	-0.02254569
388.096	0.014776064	-5.8457083	-0.021447535
388.224	0.014765445	-5.8453689	-0.025715061
388.352	0.014768937	-5.8452915	-0.025229592
388.48	0.014762663	-5.8454556	-0.021174433
388.608	0.01489334	-5.8456989	-0.022765703
388.736	0.014631919	-5.8453601	-0.024679258
388.864	0.015039876	-5.8456858	-0.023102062
388.992	0.014797294	-5.8454096	-0.022751143
389.12	0.014945637	-5.8455869	-0.025678683
389.248	0.01464694	-5.8452293	-0.023404918
389.376	0.015168214	-5.8457849	-0.024673003
389.504	0.014988767	-5.8453235	-0.025446917
389.632	0.014900134	-5.8454294	-0.023366033
389.76	0.015004953	-5.8453463	-0.024737334
389.888	0.014926675	-5.8450473	-0.02186671
390.016	0.015148055	-5.8451479	-0.022169905
390.144	0.015273864	-5.845302	-0.02522447
390.272	0.015158667	-5.8453297	-0.023068572
390.4	0.014918251	-5.8452303	-0.021686871
390.528	0.015188568	-5.8452735	-0.02533842
390.656	0.015223782	-5.8453485	-0.023238119
390.784	0.015106555	-5.8451464	-0.021382824
390.912	0.015188746	-5.8448603	-0.023112891
391.04	0.015090031	-5.8448523	-0.023438223
391.168	0.015146986	-5.8448798	-0.021454895
391.296	0.015218056	-5.8452817	-0.0211357
391.424	0.015136499	-5.8448401	-0.02207177
391.552	0.015331131	-5.8453309	-0.021947494
391.68	0.01511851	-5.8449815	-0.023181178
391.808	0.015409539	-5.8452356	-0.02446673
391.936	0.014923107	-5.8448705	-0.023700383
392.064	0.015082406	-5.8454737	-0.023925221
392.192	0.015361253	-5.8457445	-0.024169231
392.32	0.01510589	-5.8454522	-0.021992228
392.448	0.015055116	-5.8454939	-0.018525036
392.576	0.015182249	-5.8457188	-0.022487042
392.704	0.015018282	-5.8453635	-0.025164402
392.832	0.015033556	-5.8454452	-0.024402096
392.96	0.014795565	-5.8452238	-0.024027339
393.088	0.014998086	-5.8452494	-0.0231399
393.216	0.014721747	-5.8451041	-0.02480679
393.344	0.014981942	-5.8453667	-0.025448578
393.472	0.015015169	-5.845374	-0.024098565
393.6	0.014778801	-5.845465	-0.023998231
393.728	0.014553753	-5.8453935	-0.024401588
393.856	0.014953617	-5.846034	-0.024343542
393.984	0.014946138	-5.8457853	-0.024581536
394.112	0.014584759	-5.8451809	-0.023177439
394.24	0.015027497	-5.8456507	-0.02481489
394.368	0.014698405	-5.8454281	-0.022433395
394.496	0.014790767	-5.8455002	-0.023717312
394.624	0.014988823	-5.8458613	-0.025596501
394.752	0.014826598	-5.8456893	-0.025550754
394.88	0.014671259	-5.845468	-0.024670907
395.008	0.014643377	-5.8452778	-0.023059674
395.136	0.014878209	-5.8453856	-0.023677895
395.264	0.014728154	-5.8452101	-0.025093746
395.392	0.01488722	-5.84546	-0.024106782
395.52	0.015108609	-5.8456701	-0.025032034
395.648	0.014873427	-5.8452836	-0.025033118
395.776	0.014816576	-5.8451376	-0.024529201
395.904	0.015027808	-5.8452601	-0.023925296
396.032	0.015086444	-5.8451001	-0.02247401
396.16	0.014906844	-5.8450986	-0.022860034
396.288	0.015026172	-5.8450057	-0.022782091
396.416	0.014952472	-5.8450574	-0.023132809
396.544	0.01515172	-5.8454808	-0.022263949
396.672	0.015001256	-5.8450374	-0.021354972
396.8	0.015212832	-5.8453774	-0.021520739
396.928	0.015027516	-5.8450352	-0.021984751
397.056	0.015303068	-5.845469	-0.025644209
397.184	0.015260554	-5.8453078	-0.025703382
397.312	0.015114641	-5.8451348	-0.019810826
397.44	0.015269317	-5.8452038	-0.020145187
397.568	0.015067078	-5.8451211	-0.022158233
397.696	0.015418364	-5.8453885	-0.021892091
397.824	0.015114021	-5.8451024	-0.02163667
397.952	0.015079545	-5.8451388	-0.023716932
398.08	0.015052973	-5.8450098	-0.025425532
398.208	0.015224488	-5.8451098	-0.025163015
398.336	0.015021574	-5.8449294	-0.0234746
398.464	0.015233516	-5.8453011	-0.022632641
398.592	0.01511606	-5.8450212	-0.022481395
398.72	0.015192825	-5.8452622	-0.024794384
398.848	0.015031539	-5.845083	-0.023876454
398.976	0.015170844	-5.8452897	-0.023582425
399.104	0.014898841	-5.8452194	-0.022516214
399.232	0.015042032	-5.8452785	-0.024028899
399.36	0.014940366	-5.8452652	-0.023386651
399.488	0.014987876	-5.8455309	-0.022026997
399.616	0.015028255	-5.8455829	-0.025625514
399.744	0.014722048	-5.8452164	-0.024833448
399.872	0.014593302	-5.8449576	-0.022599204
400	0.014923676	-5.8455037	-0.024309837
400.128	0.014739383	-5.8453981	-0.024081064
400.256	0.014751182	-5.8455934	-0.025081618
400.384	0.014881526	-5.8455756	-0.024393052
400.512	0.014923782	-5.8456211	-0.023643582
400.64	0.01470091	-5.8455107	-0.026575768
400.768	0.014880905	-5.8453874	-0.024135977
400.896	0.014820083	-5.845555	-0.022439009
401.024	0.014644907	-5.845361	-0.024802165
401.152	0.014671087	-5.8454288	-0.022467952
401.28	0.014809314	-5.8455258	-0.023154866
401.408	0.014861533	-5.8453723	-0.024248287
401.536	0.014944327	-5.8456936	-0.024237279
401.664	0.014959948	-5.8456424	-0.023217354
401.792	0.014604164	-5.8450339	-0.023231534
401.92	0.015094452	-5.8454918	-0.026919126
402.048	0.014998674	-5.8455601	-0.024720276
402.176	0.015064834	-5.845369	-0.023263576
402.304	0.015028729	-5.845378	-0.023072887
402.432	0.015088209	-5.8453421	-0.022782705
402.56	0.015148513	-5.8452257	-0.020765507
402.688	0.015248064	-5.8453445	-0.021604477
402.816	0.015129	-5.8452525	-0.022131991
402.944	0.015138899	-5.8449088	-0.023697582
403.072	0.014835008	-5.8443484	-0.022990303
403.2	0.015269937	-5.8453829	-0.021414882
403.328	0.014978627	-5.844887	-0.021779849
403.456	0.015009227	-5.8449861	-0.024669122
403.584	0.015178988	-5.8450332	-0.024767554
403.712	0.015077621	-5.844956	-0.023516382
403.84	0.015182549	-5.8451812	-0.023458562
403.968	0.015372866	-5.8455063	-0.022960265
404.096	0.015300547	-5.8453216	-0.022620341
404.224	0.015225137	-5.8453597	-0.024215724
404.352	0.015047848	-5.8452694	-0.021868988
404.48	0.015305935	-5.8450978	-0.022959622
404.608	0.015299032	-5.8453719	-0.023780889
404.736	0.015047623	-5.8451904	-0.025534654
404.864	0.014845498	-5.8450321	-0.025436693
404.992	0.01531335	-5.8455954	-0.025138405
405.12	0.014964855	-5.8453261	-0.023071745
405.248	0.015158753	-5.8453424	-0.022570054
405.376	0.01494165	-5.845216	-0.023183214
405.504	0.014912563	-5.8451556	-0.023688139
405.632	0.015064247	-5.8453396	-0.023664321
405.76	0.014876257	-5.8452595	-0.022893619
405.888	0.014888645	-5.8456958	-0.024101092
406.016	0.015083879	-5.8456821	-0.025182276
406.144	0.014777516	-5.8453148	-0.023927976
406.272	0.014717414	-5.845199	-0.024609371
406.4	0.014818349	-5.84567	-0.023796695
406.528	0.014916489	-5.8456919	-0.026052451
406.656	0.014835049	-5.8455522	-0.024448513
406.784	0.014663033	-5.845212	-0.024248729
406.912	0.015021398	-5.8456306	-0.026326734
407.04	0.014796511	-5.8454998	-0.023443992
407.168	0.014776333	-5.8455504	-0.023546871
407.296	0.01505561	-5.8458388	-0.023836596
407.424	0.01467162	-5.845285	-0.024976552
407.552	0.015032055	-5.8454457	-0.024029543
407.68	0.014527782	-5.8449986	-0.02266608
407.808	0.014774318	-5.8454284	-0.025931686
407.936	0.014917501	-5.845231	-0.024505214
408.064	0.014967507	-5.845514	-0.024713803
408.192	0.015087513	-5.8456037	-0.023554336
408.32	0.014851793	-5.8451739	-0.020407032
408.448	0.014897224	-5.845283	-0.021311011
408.576	0.014897983	-5.8452897	-0.023807358
408.704	0.015082759	-5.8453979	-0.02182109
408.832	0.014867614	-5.8452261	-0.021296699
408.96	0.015020124	-5.8453698	-0.025152482
409.088	0.015472274	-5.8457051	-0.024988436
409.216	0.01504167	-5.8449035	-0.021696261
409.344	0.015150458	-5.8452898	-0.023402719
409.472	0.015000133	-5.8450976	-0.021545744
409.6	0.015438737	-5.8455255	-0.022982739
409.728	0.015112565	-5.8451388	-0.023577879
409.856	0.015151408	-5.844873	-0.023236388
409.984	0.014962672	-5.8447208	-0.022372368
410.112	0.015520957	-5.8452987	-0.024049301
410.24	0.014963599	-5.8450022	-0.021718312
410.368	0.015335845	-5.8452151	-0.024783122
410.496	0.015027436	-5.8447765	-0.023932342
410.624	0.015063075	-5.8449766	-0.024308817
410.752	0.015194539	-5.8451549	-0.025852513
410.88	0.015083299	-5.8452033	-0.022856599
411.008	0.015305955	-5.8450772	-0.022540657
411.136	0.015133016	-5.8450085	-0.022903835
411.264	0.015029708	-5.8451215	-0.023196879
411.392	0.015183682	-5.8454285	-0.025115392
411.52	0.015374139	-5.8457817	-0.025341378
411.648	0.014831715	-5.8450106	-0.02246227
411.776	0.014952285	-5.8452775	-0.023556906
411.904	0.015149895	-5.8455515	-0.022563618
412.032	0.01496743	-5.8452437	-0.023998627
412.16	0.015012672	-5.8453633	-0.023515004
412.288	0.014865494	-5.8453463	-0.020212215
412.416	0.014748205	-5.845162	-0.023641273
412.544	0.014800136	-5.8451839	-0.02215242
412.672	0.015020159	-5.8454687	-0.023414571
412.8	0.01492	-5.8455046	-0.024349848
412.928	0.014974307	-5.8454553	-0.024908989
413.056	0.014735721	-5.8452781	-0.02507674
413.184	0.014777373	-5.8453974	-0.024003887
413.312	0.014721016	-5.8455787	-0.024377074
413.44	0.014707037	-5.8456295	-0.023980028
413.568	0.01481279	-5.8455357	-0.023857373
413.696	0.01494344	-5.8455267	-0.025109069
413.824	0.01484601	-5.8455501	-0.024098613
413.952	0.014969331	-5.8457569	-0.025205029
414.08	0.014882669	-5.8455653	-0.024288362
414.208	0.01473853	-5.8453162	-0.02395437
414.336	0.014877663	-5.8448701	-0.0227172
414.464	0.014820274	-5.8450843	-0.020680701
414.592	0.015082872	-5.8450682	-0.025563193
414.72	0.01474871	-5.8449292	-0.024454585
414.848	0.014881593	-5.8452872	-0.023970598
414.976	0.015008031	-5.8455859	-0.024068202
415.104	0.015203413	-5.8455355	-0.022297601
415.232	0.015152777	-5.8453694	-0.023478518
415.36	0.014806298	-5.8452275	-0.021960052
415.488	0.015151676	-5.8456248	-0.022117612
415.616	0.015202404	-5.8451856	-0.024288689
415.744	0.0151675	-5.8452419	-0.023343542
415.872	0.015115478	-5.8453106	-0.02307369
416	0.014915109	-5.8449111	-0.022394552
416.128	0.015187376	-5.8448978	-0.02238494
416.256	0.015325114	-5.8452758	-0.025347343
416.384	0.015315563	-5.8451923	-0.026923377
416.512	0.014973986	-5.8448555	-0.024070334
416.64	0.015187958	-5.8450184	-0.02386369
416.768	0.015211815	-5.8451305	-0.024185167
416.896	0.01522854	-5.8451251	-0.023401007
417.024	0.015199725	-5.845145	-0.020198604
417.152	0.015135946	-5.8452029	-0.022063356
417.28	0.015259208	-5.8453066	-0.023689302
417.408	0.015058587	-5.8452914	-0.019772656
417.536	0.014925646	-5.845068	-0.020856498
417.664	0.015167118	-5.8454901	-0.024823805
417.792	0.014920951	-5.8450445	-0.023329282
417.92	0.015359253	-5.8459077	-0.023377129
418.048	0.014778459	-5.8452788	-0.019660026
418.176	0.014803753	-5.8450622	-0.019915638
418.304	0.015044833	-5.8453876	-0.022379035
418.432	0.014967182	-5.8452677	-0.021795227
418.56	0.014972642	-5.8450753	-0.022800443
418.688	0.014930671	-5.8453169	-0.023044585
418.816	0.015014319	-5.8453491	-0.028096945
418.944	0.01482426	-5.8452821	-0.030675297
419.072	0.014785916	-5.845064	-0.025933462
419.2	0.014882497	-5.8454496	-0.02623248
419.328	0.014850608	-5.8454956	-0.025381748
419.456	0.014685908	-5.8453928	-0.020631835
419.584	0.014720726	-5.8453958	-0.020439899
419.712	0.015059101	-5.8458223	-0.025463626
419.84	0.014593724	-5.8453125	-0.02350114
419.968	0.015087413	-5.8456715	-0.021997192
420.096	0.014747079	-5.8453767	-0.02299735
420.224	0.014701597	-5.8455397	-0.02391446
420.352	0.014945109	-5.8454853	-0.022562412
420.48	0.014868368	-5.8454923	-0.024671807
420.608	0.014766704	-5.8452808	-0.025327972
420.736	0.014975307	-5.8454596	-0.025496342
420.864	0.015153364	-5.8454325	-0.025760424
420.992	0.014962073	-5.8455377	-0.023119914
421.12	0.014706496	-5.8451367	-0.025012735
421.248	0.01513407	-5.8455144	-0.027154393
421.376	0.014822075	-5.8451578	-0.022601079
421.504	0.015164178	-5.8454401	-0.023959044
421.632	0.015057546	-5.8453008	-0.023219005
421.76	0.015038794	-5.8452657	-0.023451458
421.888	0.015055077	-5.8451554	-0.025118908
422.016	0.015342691	-5.845402	-0.024706738
422.144	0.015250046	-5.8453425	-0.024453089
422.272	0.015029694	-5.8449242	-0.024011176
422.4	0.015122597	-5.8451528	-0.023026017
422.528	0.015352854	-5.8451926	-0.023676353
422.656	0.014948173	-5.8446155	-0.021596955
422.784	0.01546602	-5.8452958	-0.021630749
422.912	0.015361506	-5.8452853	-0.023756256
423.04	0.015101773	-5.8450929	-0.021773613
423.168	0.015030237	-5.8449138	-0.021163116
423.296	0.015112438	-5.8451086	-0.023302158
423.424	0.015323971	-5.8453728	-0.022872781
423.552	0.015195145	-5.8451302	-0.020879205
423.68	0.014963072	-5.8452443	-0.019106839
423.808	0.015180975	-5.8454523	-0.023621825
423.936	0.015044622	-5.845119	-0.022966616
424.064	0.015260723	-5.8454375	-0.022598706
424.192	0.014964262	-5.8452322	-0.023680011
424.32	0.014969814	-5.8456078	-0.023535098
424.448	0.014906998	-5.845239	-0.025642553
424.576	0.014992611	-5.8452785	-0.024821441
424.704	0.015020852	-5.8453831	-0.022262554
424.832	0.014793382	-5.8450356	-0.02198055
424.96	0.014929339	-5.8454827	-0.024258344
425.088	0.014763654	-5.8454205	-0.02554622
425.216	0.015032097	-5.8455565	-0.025028454
425.344	0.014739996	-5.8452762	-0.02163762
425.472	0.014601748	-5.8450576	-0.024089959
425.6	0.01493379	-5.8454746	-0.026164608
425.728	0.014818993	-5.8453918	-0.02482062
425.856	0.014805079	-5.8454038	-0.024941457
425.984	0.014653521	-5.8453045	-0.023387906
426.112	0.014842232	-5.8455489	-0.025827994
426.24	0.014798054	-5.845604	-0.026015572
426.368	0.015015504	-5.8458176	-0.02386379
426.496	0.014877549	-5.8454894	-0.022935816
426.624	0.015036238	-5.8457564	-0.023553879
426.752	0.014609113	-5.8454804	-0.021808625
426.88	0.01483534	-5.8455416	-0.022910882
427.008	0.014824745	-5.8453553	-0.021332635
427.136	0.014948242	-5.8455592	-0.023692688
427.264	0.014833478	-5.8454711	-0.023327275
427.392	0.01511924	-5.845544	-0.021360142
427.52	0.01516641	-5.8453558	-0.024359172
427.648	0.015172353	-5.8452247	-0.025410473
427.776	0.014887212	-5.8451093	-0.023976516
427.904	0.015148761	-5.8454135	-0.022533822
428.032	0.015184614	-5.8452995	-0.021561668
428.16	0.01479681	-5.8445917	-0.021829539
428.288	0.01514474	-5.8449195	-0.022930117
428.416	0.01511381	-5.8447545	-0.022226456
428.544	0.015371622	-5.8454055	-0.021176121
428.672	0.015303076	-5.8453092	-0.021264864
428.8	0.014931217	-5.8448987	-0.020598278
428.928	0.015309353	-5.8450017	-0.020909079
429.056	0.015380197	-5.8449535	-0.022712379
429.184	0.015298425	-5.8449687	-0.022878976
429.312	0.015012848	-5.8445933	-0.021598521
429.44	0.015215204	-5.8448491	-0.023163296
429.568	0.015287095	-5.8452696	-0.026104706
429.696	0.015058285	-5.844918	-0.023710991
429.824	0.015184324	-5.8451903	-0.024930329
429.952	0.014914079	-5.8448664	-0.023590262
430.08	0.015196073	-5.8451696	-0.024177731
430.208	0.014977437	-5.8452093	-0.023565192
430.336	0.015173807	-5.8452346	-0.025214191
430.464	0.015060865	-5.8452503	-0.023467484
430.592	0.0150142	-5.8451464	-0.022091469
430.72	0.014929305	-5.845216	-0.022762943
430.848	0.015015809	-5.8452718	-0.021891606
430.976	0.014912391	-5.8452723	-0.021596557
431.104	0.014946022	-5.8455359	-0.02592618
431.232	0.014913296	-5.8455092	-0.022758888
431.36	0.014732918	-5.8454592	-0.020102683
431.488	0.014873654	-5.8452498	-0.023968423
431.616	0.014707787	-5.8453981	-0.021656324
431.744	0.014819564	-5.845605	-0.022150993
431.872	0.014782147	-5.8454832	-0.025599286
432	0.01487335	-5.8457462	-0.025333934
432.128	0.014716872	-5.8453105	-0.022660517
432.256	0.014723428	-5.8454216	-0.023131189
432.384	0.014991545	-5.8455695	-0.022164066
432.512	0.014899949	-5.8453181	-0.021374906
432.64	0.014712769	-5.8453903	-0.022175839
432.768	0.014807819	-5.8456612	-0.022943895
432.896	0.014589689	-5.8452423	-0.022202326
433.024	0.014955642	-5.8455925	-0.023980336
433.152	0.014773353	-5.8453258	-0.023198812
433.28	0.015177958	-5.8455847	-0.021363562
433.408	0.014945193	-5.8454376	-0.021001931
433.536	0.014948033	-5.8454166	-0.021824388
433.664	0.014931819	-5.8452144	-0.022294128
433.792	0.014810028	-5.8450919	-0.023843222
433.92	0.015130497	-5.8451483	-0.025534935
434.048	0.015122241	-5.8448788	-0.021771431
434.176	0.015067553	-5.844943	-0.021700586
434.304	0.015003566	-5.845134	-0.024185517
434.432	0.015055485	-5.8451138	-0.019985203
434.56	0.015354236	-5.84546	-0.024049248
434.688	0.014915431	-5.8451041	-0.021399894
434.816	0.015324397	-5.8450716	-0.019236332
434.944	0.015029691	-5.8447302	-0.021910091
435.072	0.015170771	-5.8451077	-0.023965029
435.2	0.015072737	-5.8449039	-0.021364364
435.328	0.015177911	-5.844824	-0.021978532
435.456	0.015301477	-5.8449513	-0.021777298
435.584	0.015211907	-5.8450743	-0.022508045
435.712	0.015068984	-5.8447908	-0.023961745
435.84	0.015295251	-5.8449647	-0.024010239
435.968	0.015046685	-5.8449045	-0.022045938
436.096	0.015214162	-5.8450295	-0.022921718
436.224	0.015003659	-5.8449927	-0.023185508
436.352	0.015407261	-5.8454666	-0.02340829
436.48	0.014995401	-5.8452746	-0.020635905
436.608	0.0151704	-5.845366	-0.02394666
436.736	0.014934189	-5.8452063	-0.024580175
436.864	0.015259997	-5.8455946	-0.022751822
436.992	0.014660795	-5.8449417	-0.018648646
437.12	0.015085055	-5.8451609	-0.023917701
437.248	0.015071956	-5.8454371	-0.023890458
437.376	0.014853034	-5.8451626	-0.023102167
437.504	0.014719199	-5.8449768	-0.024154112
437.632	0.014989379	-5.8455787	-0.02195567
437.76	0.015103704	-5.845442	-0.022919786
437.888	0.014811736	-5.8451168	-0.022578473
438.016	0.014601577	-5.8451993	-0.021466198
438.144	0.014809161	-5.8453829	-0.023062969
438.272	0.014839961	-5.8456472	-0.023491578
438.4	0.01457682	-5.8456398	-0.021821715
438.528	0.014897569	-5.8457906	-0.023448654
438.656	0.01485751	-5.8454601	-0.024090598
438.784	0.014856473	-5.845363	-0.024681943
438.912	0.014738083	-5.8452679	-0.024167663
439.04	0.014711545	-5.8453732	-0.021971746
439.168	0.014865091	-5.8453963	-0.022927898
439.296	0.014815741	-5.8455458	-0.024651775
439.424	0.014737182	-5.8452436	-0.022495985
439.552	0.015165969	-5.8455354	-0.023121004
439.68	0.014904519	-5.8451997	-0.021390893
439.808	0.014940883	-5.8453978	-0.022842424
439.936	0.01517718	-5.8452929	-0.023342727
440.064	0.014904237	-5.8451547	-0.02315583
440.192	0.014737151	-5.8449496	-0.021505871
440.32	0.015069932	-5.8451562	-0.022735947
440.448	0.014992525	-5.8451207	-0.022996246
440.576	0.015004981	-5.8450584	-0.020690954
440.704	0.01524484	-5.8453631	-0.020247638
440.832	0.015065659	-5.845189	-0.02171035
440.96	0.015088381	-5.8448386	-0.020933504
441.088	0.015459575	-5.8454423	-0.019861503
441.216	0.015019958	-5.8448663	-0.020320899
441.344	0.015303062	-5.8452047	-0.022427177
441.472	0.015233459	-5.8450223	-0.022491546
441.6	0.015127027	-5.8451066	-0.02278287
441.728	0.015161882	-5.8449047	-0.023756056
441.856	0.01542339	-5.845232	-0.023505
441.984	0.015060011	-5.8446418	-0.021498414
442.112	0.014982517	-5.8446068	-0.021968055
442.24	0.015298473	-5.8451869	-0.022898965
442.368	0.0151099	-5.8447992	-0.021523097
442.496	0.015271935	-5.8450218	-0.021994505
442.624	0.015287394	-5.845542	-0.022357159
442.752	0.014891775	-5.8450569	-0.026835243
442.88	0.015209849	-5.8450263	-0.024399333
443.008	0.014914308	-5.8450838	-0.019298871
443.136	0.015196114	-5.8453743	-0.022958386
443.264	0.01503218	-5.8453984	-0.02496792
443.392	0.014933856	-5.8454202	-0.022833283
443.52	0.014797293	-5.845245	-0.022538016
443.648	0.014930412	-5.845204	-0.022944011
443.776	0.014996658	-5.8453723	-0.021693886
443.904	0.014852872	-5.8453314	-0.023402101
444.032	0.014753217	-5.8451975	-0.023309922
444.16	0.014844271	-5.845216	-0.022983006
444.288	0.014798562	-5.8451637	-0.024254267
444.416	0.015051961	-5.8454875	-0.025031696
444.544	0.014695963	-5.8451855	-0.026484613
444.672	0.014775937	-5.8456192	-0.024382106
444.8	0.014870271	-5.8456937	-0.02105449
444.928	0.014827071	-5.8454362	-0.019900522
445.056	0.014692828	-5.845366	-0.021541146
445.184	0.014825422	-5.8455175	-0.021799357
445.312	0.014712573	-5.8455252	-0.0230936
445.44	0.01485253	-5.845511	-0.023044526
445.568	0.014912194	-5.8455482	-0.021686544
445.696	0.014655064	-5.845326	-0.021799278
445.824	0.014789004	-5.8451193	-0.021891087
445.952	0.014907404	-5.8454016	-0.022641214
446.08	0.014943338	-5.8452634	-0.023531662
446.208	0.015044533	-5.8451646	-0.02293915
446.336	0.0149215	-5.8451776	-0.02263395
446.464	0.015255732	-5.8454785	-0.025942729
446.592	0.015014965	-5.8452002	-0.024795809
446.72	0.014953625	-5.8450616	-0.023362991
446.848	0.015126012	-5.8449816	-0.02517
446.976	0.015181912	-5.8450536	-0.023808377
447.104	0.01524822	-5.8452875	-0.023247573
447.232	0.015031075	-5.8450896	-0.020134294
447.36	0.01516161	-5.8449399	-0.021417597
447.488	0.015033988	-5.8444366	-0.02149698
447.616	0.015290912	-5.8449549	-0.021716381
447.744	0.015189554	-5.8449878	-0.021704173
447.872	0.01520495	-5.8450184	-0.02145574
448	0.01509432	-5.8450031	-0.0185525
448.128	0.015283891	-5.8450897	-0.020027954
448.256	0.015376314	-5.8452982	-0.02304926
448.384	0.015208605	-5.8450503	-0.021545664
448.512	0.015124198	-5.8451452	-0.021823641
448.64	0.015049596	-5.8450344	-0.021171952
448.768	0.015114158	-5.8451912	-0.020719596
448.896	0.015266393	-5.8453846	-0.022197377
449.024	0.015115585	-5.8454903	-0.022869012
449.152	0.015047957	-5.8452148	-0.02344422
449.28	0.015044121	-5.8451876	-0.024290007
449.408	0.015024029	-5.8453489	-0.025484171
449.536	0.014958742	-5.8454513	-0.022902648
449.664	0.015085964	-5.8453696	-0.020410202
449.792	0.014681795	-5.8450452	-0.020967951
449.92	0.015072349	-5.8454607	-0.025017362
450.048	0.014946196	-5.8453926	-0.023927965
450.176	0.014796961	-5.8454151	-0.024235658
450.304	0.01490303	-5.8455259	-0.02131974
450.432	0.014811364	-5.8453738	-0.023672991
450.56	0.014811912	-5.8452445	-0.023327388
450.688	0.014769984	-5.8453335	-0.023657059
450.816	0.014839887	-5.8454341	-0.023643647
450.944	0.014872047	-5.8454994	-0.022471316
451.072	0.014627686	-5.8454677	-0.024145179
451.2	0.014955112	-5.8454784	-0.024369593
451.328	0.014463732	-5.844991	-0.020636162
451.456	0.014904053	-5.8454551	-0.023183579
451.584	0.015104388	-5.8455859	-0.025041801
451.712	0.014704749	-5.8453256	-0.021265294
451.84	0.015096168	-5.8456963	-0.020647444
451.968	0.01463659	-5.8451853	-0.021378989
452.096	0.015014868	-5.8457629	-0.023013238
452.224	0.014796683	-5.8453621	-0.024493378
452.352	0.014657859	-5.8449337	-0.024421039
452.48	0.015005302	-5.8452244	-0.022373629
452.608	0.015035154	-5.845125	-0.022561442
452.736	0.015094626	-5.8451702	-0.022363437
452.864	0.014889435	-5.8451417	-0.02217166
452.992	0.015119218	-5.8450403	-0.02142755
453.12	0.015186592	-5.8449038	-0.021474402
453.248	0.015117668	-5.8446322	-0.021974095
453.376	0.015135002	-5.8451379	-0.022478113
453.504	0.015117475	-5.8449429	-0.022938496
453.632	0.015128044	-5.8449846	-0.023346611
453.76	0.015107305	-5.8449148	-0.024748824
453.888	0.015197898	-5.8449648	-0.025824523
454.016	0.015173127	-5.8447063	-0.025100698
454.144	0.015099356	-5.8446571	-0.024298934
454.272	0.01517544	-5.8452453	-0.023728312
454.4	0.015160212	-5.8450172	-0.021616538
454.528	0.015213219	-5.845016	-0.022879819
454.656	0.015159974	-5.8447435	-0.022450902
454.784	0.0150375	-5.8447951	-0.022573422
454.912	0.015402911	-5.8452826	-0.022384863
455.04	0.015292862	-5.845163	-0.021576497
455.168	0.014878911	-5.844807	-0.021993168
455.296	0.01539327	-5.8452867	-0.01925284
455.424	0.015189217	-5.8450038	-0.020238399
455.552	0.015034511	-5.8447894	-0.021952291
455.68	0.015160009	-5.8451133	-0.021900222
455.808	0.014932588	-5.8450682	-0.020816931
455.936	0.014804731	-5.8450201	-0.020487229
456.064	0.015205179	-5.8455911	-0.022813985
456.192	0.014920834	-5.8454304	-0.020979265
456.32	0.014968835	-5.8455825	-0.023375023
456.448	0.014943583	-5.8454534	-0.024229116
456.576	0.015009005	-5.8454613	-0.021973368
456.704	0.014677789	-5.8451479	-0.02133039
456.832	0.01504934	-5.8455166	-0.022650772
456.96	0.014882589	-5.8453652	-0.023625162
457.088	0.014670181	-5.8453023	-0.023239411
457.216	0.014869498	-5.8454238	-0.021155031
457.344	0.014821041	-5.8454413	-0.023185956
457.472	0.014955409	-5.8456431	-0.024302525
457.6	0.014471039	-5.8450525	-0.020403767
457.728	0.014820711	-5.8453406	-0.023964954
457.856	0.014831699	-5.8454005	-0.023706752
457.984	0.014573998	-5.8450751	-0.02097484
458.112	0.014969619	-5.8453908	-0.021026006
458.24	0.014708772	-5.8450237	-0.023344617
458.368	0.014984361	-5.8452685	-0.021334087
458.496	0.014966546	-5.8456366	-0.020760844
458.624	0.014880097	-5.8453861	-0.022732002
458.752	0.014966718	-5.8452514	-0.02341784
458.88	0.014859908	-5.8452441	-0.022447267
459.008	0.014879812	-5.8451732	-0.020150936
459.136	0.015029676	-5.8453115	-0.022906854
459.264	0.015257409	-5.8452235	-0.025178917
459.392	0.015067154	-5.8451463	-0.023679207
459.52	0.01501942	-5.8451588	-0.022095034
459.648	0.015009012	-5.8448135	-0.019671651
459.776	0.015012365	-5.8448293	-0.021411904
459.904	0.0151635	-5.8449798	-0.022706143
460.032	0.01514083	-5.8449388	-0.023138745
460.16	0.01494247	-5.8447482	-0.023122343
460.288	0.01535545	-5.8452017	-0.022920039
460.416	0.015312997	-5.8450017	-0.024099133
460.544	0.015237489	-5.8450523	-0.021587033
460.672	0.015118858	-5.8449469	-0.018816846
460.8	0.015450248	-5.8450095	-0.022644842
460.928	0.014937457	-5.844587	-0.022930674
461.056	0.01523233	-5.8451705	-0.02138474
461.184	0.014977151	-5.8451039	-0.0190705
461.312	0.015421532	-5.8453597	-0.020779583
461.44	0.015093222	-5.8450396	-0.022073111
461.568	0.014895307	-5.8447331	-0.022286391
461.696	0.015240013	-5.8448841	-0.020835697
461.824	0.015191064	-5.8450045	-0.02241861
461.952	0.014910727	-5.8448851	-0.023066749
462.08	0.01505716	-5.845185	-0.02336872
462.208	0.014911056	-5.8452831	-0.021976352
462.336	0.015046123	-5.8455313	-0.021649808
462.464	0.014909842	-5.845231	-0.021997349
462.592	0.015050499	-5.8454027	-0.024918672
462.72	0.014845886	-5.8451068	-0.023308579
462.848	0.014849864	-5.8455499	-0.023196711
462.976	0.014881056	-5.8455366	-0.022703527
463.104	0.014652581	-5.8451994	-0.023703507
463.232	0.014985946	-5.8453316	-0.025698793
463.36	0.014775896	-5.8453578	-0.022932066
463.488	0.014796906	-5.8456549	-0.023650228
463.616	0.014913457	-5.8458551	-0.02497834
463.744	0.014873092	-5.8454212	-0.024286659
463.872	0.014578798	-5.8452688	-0.022664697
464	0.01454206	-5.8453119	-0.021087456
464.128	0.014807571	-5.8454554	-0.022335141
464.256	0.014761019	-5.8453366	-0.023998552
464.384	0.014812653	-5.8453594	-0.021946054
464.512	0.014947214	-5.8454594	-0.019756276
464.64	0.014969261	-5.845446	-0.019925805
464.768	0.01511653	-5.8457099	-0.020670959
464.896	0.014705836	-5.8455131	-0.021923192
465.024	0.014870949	-5.8453642	-0.025098463
465.152	0.015109111	-5.8453303	-0.022910522
465.28	0.014978151	-5.8450348	-0.022252779
465.408	0.014998168	-5.8451728	-0.023137604
465.536	0.015214122	-5.8451883	-0.022804854
465.664	0.014938891	-5.8449029	-0.021908052
465.792	0.015062336	-5.8455437	-0.022286098
465.92	0.01517629	-5.8452373	-0.022710296
466.048	0.015125393	-5.8450705	-0.023668216
466.176	0.014979612	-5.8450072	-0.021841449
466.304	0.01492262	-5.8447773	-0.02083384
466.432	0.015339006	-5.8452397	-0.022253273
466.56	0.015059816	-5.8450965	-0.017391103
466.688	0.015322646	-5.8453616	-0.021219309
466.816	0.015009895	-5.8448028	-0.022508909
466.944	0.015202732	-5.8449348	-0.021186156
467.072	0.015170665	-5.8449902	-0.021344728
467.2	0.015085582	-5.8445729	-0.022426142
467.328	0.015233314	-5.8446239	-0.023488061
467.456	0.015446859	-5.8449765	-0.023202824
467.584	0.015230256	-5.8450592	-0.022692854
467.712	0.014870684	-5.8446622	-0.022317235
467.84	0.015203709	-5.8449078	-0.021483208
467.968	0.015085511	-5.8448885	-0.022733849
468.096	0.014953437	-5.8447425	-0.023692648
468.224	0.015019059	-5.8449262	-0.023276879
468.352	0.015042395	-5.844857	-0.023686508
468.48	0.01509501	-5.8451527	-0.02192395
468.608	0.014937997	-5.8450823	-0.022457464
468.736	0.014859954	-5.8449389	-0.024123362
468.864	0.01468562	-5.8449242	-0.022552465
468.992	0.015158028	-5.8458118	-0.022539434
469.12	0.014918444	-5.8454199	-0.019953628
469.248	0.014624698	-5.8453557	-0.018344719
469.376	0.014994153	-5.8455758	-0.019623915
469.504	0.014857387	-5.8455952	-0.023448324
469.632	0.014856595	-5.8455143	-0.023891558
469.76	0.015017436	-5.8454587	-0.021957503
469.888	0.014716935	-5.8453565	-0.022384499
470.016	0.014713721	-5.8454407	-0.02335007
470.144	0.014914716	-5.8455163	-0.024888763
470.272	0.014936233	-5.8453998	-0.023144457
470.4	0.014546388	-5.8449	-0.021570504
470.528	0.014802038	-5.8453238	-0.022632488
470.656	0.014747928	-5.8450565	-0.021806617
470.784	0.014897969	-5.8450288	-0.023785449
470.912	0.015098072	-5.8453344	-0.02428399
471.04	0.014606782	-5.8450958	-0.023691376
471.168	0.014653247	-5.8452369	-0.023251854
471.296	0.01526968	-5.8455184	-0.025686508
471.424	0.014946529	-5.8453875	-0.024025261
471.552	0.014831443	-5.845409	-0.020667832
471.68	0.01527983	-5.8456627	-0.020131303
471.808	0.014800251	-5.8451802	-0.019389157
471.936	0.015034592	-5.8453091	-0.021423073
472.064	0.014908772	-5.8451427	-0.020172538
472.192	0.015061464	-5.845198	-0.023187561
472.32	0.014985405	-5.8450025	-0.022332457
472.448	0.015303598	-5.8453497	-0.024357876
472.576	0.015181932	-5.8452362	-0.022606317
472.704	0.015353896	-5.8455248	-0.020527996
472.832	0.014961737	-5.8449511	-0.020516865
472.96	0.015157959	-5.8447623	-0.022499873
473.088	0.015321683	-5.8451488	-0.022289229
473.216	0.015035544	-5.8446991	-0.021831646
473.344	0.015113418	-5.8449505	-0.022028174
473.472	0.01520601	-5.8451446	-0.022906667
473.6	0.015221652	-5.8451471	-0.025634231
473.728	0.015362566	-5.8453919	-0.025027988
473.856	0.015017256	-5.8452664	-0.020577574
473.984	0.015108102	-5.8447369	-0.022519288
474.112	0.015154439	-5.844981	-0.022942401
474.24	0.014955699	-5.8446239	-0.0213829
474.368	0.015190021	-5.8449254	-0.023787545
474.496	0.015095971	-5.8451251	-0.023399271
474.624	0.014995143	-5.844978	-0.021402755
474.752	0.014901778	-5.8453375	-0.020004281
474.88	0.015162295	-5.8452645	-0.023088848
475.008	0.015003451	-5.8451766	-0.02417689
475.136	0.014894671	-5.845023	-0.023214844
475.264	0.015007511	-5.8453529	-0.024548614
475.392	0.014874501	-5.8452736	-0.023044032
475.52	0.014740057	-5.8448797	-0.020067751
475.648	0.014712768	-5.8449828	-0.021224862
475.776	0.014986431	-5.8454426	-0.023566567
475.904	0.014915791	-5.845399	-0.022271996
476.032	0.014819614	-5.8452528	-0.023527194
476.16	0.014634281	-5.8452198	-0.021608358
476.288	0.014852148	-5.8454833	-0.021372945
476.416	0.014757348	-5.8454757	-0.022443529
476.544	0.014838747	-5.845339	-0.022274043
476.672	0.014865757	-5.8454679	-0.022818422
476.8	0.014736186	-5.8450169	-0.021827416
476.928	0.014857416	-5.8455477	-0.022901477
477.056	0.014528063	-5.8449635	-0.022383021
477.184	0.015043928	-5.845567	-0.02170729
477.312	0.014839986	-5.8455351	-0.023062058
477.44	0.014802959	-5.8450437	-0.021551777
477.568	0.01488389	-5.845161	-0.022770253
477.696	0.014810372	-5.8453327	-0.024173155
477.824	0.014971988	-5.8452791	-0.022705268
477.952	0.014868914	-5.8450873	-0.022671831
478.08	0.015263102	-5.8454593	-0.02308613
478.208	0.015007382	-5.8454736	-0.024550012
478.336	0.015162132	-5.8455817	-0.023970483
478.464	0.01496732	-5.8449417	-0.022870351
478.592	0.014997305	-5.8450285	-0.021826547
478.72	0.015194475	-5.8453457	-0.023566374
478.848	0.015014629	-5.8448668	-0.021530201
478.976	0.014997075	-5.8448491	-0.022306773
479.104	0.015196198	-5.8451437	-0.023664662
479.232	0.015413244	-5.8449735	-0.022115792
479.36	0.015246401	-5.8452111	-0.022187103
479.488	0.015177336	-5.8449939	-0.021362338
479.616	0.015291256	-5.8449756	-0.022031631
479.744	0.015208306	-5.8448715	-0.022578773
479.872	0.014965222	-5.8446983	-0.019802453
480	0.015561926	-5.8454798	-0.022530874
480.128	0.014859939	-5.8448954	-0.018488539
480.256	0.01527975	-5.8453355	-0.021793255
480.384	0.015096374	-5.8449326	-0.022801672
480.512	0.015091152	-5.8451128	-0.023316712
480.64	0.01515092	-5.8454643	-0.023471652
480.768	0.015174333	-5.8453492	-0.021478281
480.896	0.014844827	-5.8449006	-0.02003567
481.024	0.015120798	-5.8453502	-0.022584279
481.152	0.014817844	-5.8451209	-0.019990494
481.28	0.01490475	-5.8450603	-0.022712938
481.408	0.015047935	-5.8451038	-0.02360435
481.536	0.015077928	-5.8452463	-0.022748132
481.664	0.014664236	-5.8450538	-0.022983079
481.792	0.014883766	-5.8451602	-0.020605314
481.92	0.01488459	-5.8454089	-0.022805154
482.048	0.014764529	-5.8452988	-0.024620007
482.176	0.014812614	-5.8454745	-0.023250756
482.304	0.01495125	-5.8453942	-0.026252222
482.432	0.014883851	-5.8453758	-0.023336719
482.56	0.01456698	-5.8452352	-0.021181523
482.688	0.014970512	-5.8457249	-0.025793938
482.816	0.015021302	-5.8455923	-0.024018398
482.944	0.014624731	-5.845239	-0.023611534
483.072	0.014942804	-5.8455169	-0.022877002
483.2	0.014783981	-5.8452894	-0.021526907
483.328	0.014763107	-5.8454685	-0.02322302
483.456	0.014975515	-5.8456475	-0.022239162
483.584	0.014564248	-5.8451472	-0.021478813
483.712	0.014852467	-5.8454651	-0.024347454
483.84	0.015238101	-5.8458804	-0.023793053
483.968	0.014775938	-5.8452855	-0.022077067
484.096	0.014818787	-5.8454369	-0.024045911
484.224	0.015171644	-5.8455133	-0.025947999
484.352	0.014864773	-5.8451306	-0.022611811
484.48	0.01533174	-5.8456276	-0.023239445
484.608	0.014588719	-5.844874	-0.021155686
484.736	0.015172658	-5.8451303	-0.022475628
484.864	0.014980972	-5.8447612	-0.022201621
484.992	0.015179513	-5.845129	-0.024795363
485.12	0.015082762	-5.8449551	-0.024682572
485.248	0.015044417	-5.8448731	-0.022820773
485.376	0.015299151	-5.8451262	-0.022558219
485.504	0.015234136	-5.8452162	-0.021610206
485.632	0.015121646	-5.8448951	-0.021342821
485.76	0.015113623	-5.844881	-0.021103236
485.888	0.015443483	-5.8451451	-0.023354946
486.016	0.015135524	-5.8448128	-0.022383389
486.144	0.015352792	-5.8452223	-0.022716061
486.272	0.015086288	-5.8448694	-0.020046793
486.4	0.01504071	-5.8451377	-0.021602408
486.528	0.015241987	-5.84528	-0.02450244
486.656	0.015303487	-5.8451994	-0.022621843
486.784	0.014943218	-5.8448845	-0.020795299
486.912	0.014915071	-5.8449005	-0.021934939
487.04	0.015277487	-5.8454952	-0.024765174
487.168	0.01518476	-5.8452229	-0.022303083
487.296	0.015254634	-5.8456176	-0.02158268
487.424	0.014968166	-5.8450465	-0.022358657
487.552	0.014928776	-5.8448519	-0.021190275
487.68	0.015123381	-5.8453193	-0.02069339
487.808	0.015010692	-5.8452918	-0.021062521
487.936	0.014614176	-5.8452234	-0.022570796
488.064	0.014835057	-5.8455918	-0.021568132
488.192	0.014902478	-5.8453934	-0.023353511
488.32	0.015012843	-5.8458917	-0.021507088
488.448	0.014943063	-5.8456097	-0.020108415
488.576	0.014844836	-5.8455323	-0.023665317
488.704	0.014806488	-5.8452532	-0.024308109
488.832	0.014522818	-5.8451117	-0.024674846
488.96	0.014648576	-5.8453398	-0.024886409
489.088	0.014686149	-5.8453821	-0.023644721
489.216	0.014717504	-5.8451965	-0.023358754
489.344	0.014936305	-5.8457255	-0.021952201
489.472	0.015026926	-5.8456988	-0.023622768
489.6	0.014657691	-5.8451967	-0.023350442
489.728	0.014731627	-5.8451532	-0.023800287
489.856	0.01479643	-5.845135	-0.023904872
489.984	0.014886076	-5.8453963	-0.023162533
490.112	0.014947153	-5.8454718	-0.023978217
490.24	0.014683556	-5.8450201	-0.022192995
490.368	0.014804468	-5.8451824	-0.022611223
490.496	0.015060713	-5.8453426	-0.022642781
490.624	0.014825118	-5.8452102	-0.020965026
490.752	0.015040806	-5.8454745	-0.024118486
490.88	0.015018996	-5.8450974	-0.023890132
491.008	0.015010642	-5.8450416	-0.022087115
491.136	0.015228489	-5.8453338	-0.023077186
491.264	0.015112119	-5.8452679	-0.023683308
491.392	0.015007571	-5.8450806	-0.024368502
491.52	0.015232947	-5.8453154	-0.023535818
491.648	0.015184774	-5.8453844	-0.022021753
491.776	0.015347178	-5.8451641	-0.021524667
491.904	0.014977862	-5.8447823	-0.019589663
492.032	0.01532715	-5.8450631	-0.022449768
492.16	0.015072042	-5.8445938	-0.021030733
492.288	0.015468925	-5.8449391	-0.021337161
492.416	0.015196902	-5.8449334	-0.023175955
492.544	0.015282594	-5.8448726	-0.019884069
492.672	0.015267324	-5.8449321	-0.020859898
492.8	0.01492828	-5.8444578	-0.022253946
492.928	0.015273062	-5.8451507	-0.02460522
493.056	0.015215388	-5.8451688	-0.022684058
493.184	0.015060916	-5.8450353	-0.021604525
493.312	0.014908788	-5.8447551	-0.02097683
493.44	0.015305055	-5.8452806	-0.021819421
493.568	0.015139219	-5.8451388	-0.022572916
493.696	0.015112944	-5.8453619	-0.022324374
493.824	0.014959659	-5.8452832	-0.021909268
493.952	0.014941583	-5.8449899	-0.021476506
494.08	0.014961809	-5.8451521	-0.021843978
494.208	0.014920905	-5.8450481	-0.023305756
494.336	0.014736948	-5.8449805	-0.02203428
494.464	0.015122331	-5.8454904	-0.022613827
494.592	0.015092106	-5.845339	-0.021697583
494.72	0.014484902	-5.8448561	-0.022690639
494.848	0.014650479	-5.845173	-0.02250908
494.976	0.015041519	-5.8457998	-0.024236389
495.104	0.014835953	-5.8455499	-0.023360502
495.232	0.014570693	-5.8454325	-0.023653482
495.36	0.014879627	-5.8457225	-0.024409184
495.488	0.015060377	-5.8459627	-0.02478217
495.616	0.014618744	-5.8451904	-0.022662874
495.744	0.014634486	-5.8452645	-0.022601334
495.872	0.01480748	-5.8453338	-0.024847701
496	0.014561898	-5.8453054	-0.023832271
496.128	0.014849328	-5.8451954	-0.023649807
496.256	0.01502518	-5.8456101	-0.023466723
496.384	0.014674617	-5.8451714	-0.022794677
496.512	0.014925017	-5.8453729	-0.023331627
496.64	0.014960467	-5.8452449	-0.023642059
496.768	0.014857497	-5.8450832	-0.023544561
496.896	0.01486941	-5.8453095	-0.021731926
497.024	0.015016152	-5.8455332	-0.023752472
497.152	0.014999563	-5.8455392	-0.022879382
497.28	0.015018245	-5.8453143	-0.018245504
497.408	0.015128344	-5.8452774	-0.020541437
497.536	0.015040381	-5.844943	-0.022004144
497.664	0.015143064	-5.8450989	-0.020607363
497.792	0.015312644	-5.8452726	-0.021720364
497.92	0.015225299	-5.8450891	-0.020886473
498.048	0.015131725	-5.8449155	-0.02140684
498.176	0.015432982	-5.8453281	-0.021639976
498.304	0.015033471	-5.844906	-0.02035009
498.432	0.015137304	-5.8453211	-0.021429072
498.56	0.015056946	-5.8447203	-0.019475229
498.688	0.015405259	-5.8447838	-0.023467183
498.816	0.015226971	-5.8449643	-0.023545395
498.944	0.015139771	-5.8449474	-0.022140303
499.072	0.015327448	-5.8448958	-0.022743166
499.2	0.015095067	-5.8447963	-0.022664936
499.328	0.015215868	-5.8452231	-0.02213086
499.456	0.01520614	-5.8451816	-0.022491145
499.584	0.015108392	-5.8450294	-0.022409701
499.712	0.015020286	-5.8449528	-0.021533578
499.84	0.015199807	-5.8451654	-0.021701236
499.968	0.015110532	-5.8450512	-0.022080148
