0	0.011833319	-5.8324221	0.017376162
0.128	0.011897341	-5.8324565	0.019425992
0.256	0.01193558	-5.8325178	0.016904862
0.384	0.01195851	-5.8325835	0.017876877
0.512	0.01181648	-5.8325705	0.020833793
0.64	0.012084434	-5.8328947	0.019846964
0.768	0.012100999	-5.8327673	0.018905062
0.896	0.011705991	-5.8323261	0.019695123
1.024	0.012117256	-5.8325688	0.017028106
1.152	0.011990256	-5.832313	0.017582619
1.28	0.011884413	-5.8324213	0.020971903
1.408	0.011905452	-5.8325745	0.02016239
1.536	0.011953994	-5.8325999	0.020906466
1.664	0.012235679	-5.8326391	0.021758517
1.792	0.011929877	-5.832506	0.022142971
1.92	0.011938539	-5.8325667	0.020461418
2.048	0.01220279	-5.8326661	0.018525242
2.176	0.012046304	-5.8326583	0.017625761
2.304	0.012120031	-5.8326419	0.019674871
2.432	0.012180855	-5.8324945	0.018423235
2.56	0.011929011	-5.8323316	0.01810663
2.688	0.012170046	-5.8324806	0.017379286
2.816	0.012158433	-5.8329216	0.016929613
2.944	0.012155158	-5.8330501	0.01774655
3.072	0.011906001	-5.8328742	0.018129297
3.2	0.011968857	-5.8326968	0.018143073
3.328	0.012111865	-5.8328519	0.020281141
3.456	0.01198038	-5.832828	0.019158296
3.584	0.011973047	-5.8328033	0.017722742
3.712	0.012089523	-5.8325354	0.020814403
3.84	0.012157411	-5.8327456	0.020730881
3.968	0.012102508	-5.8325924	0.021272919
4.096	0.011933584	-5.8327119	0.019993012
4.224	0.011914655	-5.8326523	0.017240676
4.352	0.011905529	-5.8324576	0.01696503
4.48	0.012062868	-5.8326234	0.015901024
4.608	0.011766109	-5.8324464	0.017815626
4.736	0.012119199	-5.8328396	0.018171157
4.864	0.012013392	-5.8326337	0.016537261
4.992	0.012060935	-5.8327885	0.014790789
5.12	0.011958224	-5.8330078	0.01781401
5.248	0.0118929	-5.8329576	0.018424051
5.376	0.0119324	-5.8327517	0.016905488
5.504	0.011924115	-5.8328512	0.018513484
5.632	0.012038426	-5.8332989	0.016928843
5.76	0.011879857	-5.8331861	0.01635666
5.888	0.011979484	-5.8333681	0.015907232
6.016	0.011749391	-5.8328707	0.016039522
6.144	0.011962158	-5.833003	0.015323435
6.272	0.011978027	-5.833137	0.014406657
6.4	0.012047383	-5.8331764	0.015108084
6.528	0.011850101	-5.8329305	0.015427222
6.656	0.012088375	-5.8334562	0.01560436
6.784	0.012165688	-5.8333998	0.013671895
6.912	0.012128056	-5.8334787	0.013663774
7.04	0.012067716	-5.8334867	0.013787537
7.168	0.011925782	-5.8330829	0.011911572
7.296	0.012080538	-5.8334756	0.01395605
7.424	0.012321338	-5.8335614	0.015452162
7.552	0.01202041	-5.8333101	0.014637045
7.68	0.012349944	-5.833618	0.012241516
7.808	0.012265121	-5.8336328	0.010359968
7.936	0.012074336	-5.8332812	0.012869248
8.064	0.012182162	-5.833453	0.013513809
8.192	0.012289614	-5.8334589	0.011026965
8.32	0.012364335	-5.8339629	0.0097361912
8.448	0.012386172	-5.8341247	0.0088270618
8.576	0.01213273	-5.833952	0.0087216326
8.704	0.012392189	-5.8343279	0.0074329038
8.832	0.012283685	-5.8343699	0.0062552336
8.96	0.01244142	-5.8343658	0.0053387395
9.088	0.012139803	-5.8344523	0.0063637192
9.216	0.012545956	-5.834934	0.005712678
9.344	0.012293474	-5.8348657	0.0052049061
9.472	0.012196555	-5.8345516	0.0042571926
9.6	0.012409058	-5.8353442	0.0057027298
9.728	0.012151362	-5.8352736	0.0060841236
9.856	0.012061632	-5.8353263	0.0049075891
9.984	0.012159286	-5.8354431	0.0037858467
10.112	0.012136038	-5.8357637	0.0029224938
10.24	0.012034597	-5.8359211	0.0043845987
10.368	0.012032653	-5.8365683	0.0022515664
10.496	0.011674855	-5.8362846	0.0013050617
10.624	0.011677878	-5.8362902	0.0029489426
10.752	0.011804153	-5.8367723	0.0021947811
10.88	0.011638694	-5.8365125	0.0025892404
11.008	0.01157592	-5.8367293	0.0028947138
11.136	0.011541404	-5.8368688	0.00027815967
11.264	0.011500348	-5.8368349	-0.00065458481
11.392	0.011530198	-5.837335	-0.00048289669
11.52	0.011601744	-5.8374457	0.00054100089
11.648	0.011471389	-5.8371735	-0.00014854502
11.776	0.011304313	-5.83709	-0.00093559742
11.904	0.011222785	-5.8372434	0.00010021453
12.032	0.011648205	-5.8375366	-0.00097987495
12.16	0.01151185	-5.837198	0.00050449492
12.288	0.011373636	-5.8368389	0.00049622092
12.416	0.011366354	-5.8367924	0.0011901209
12.544	0.011442879	-5.8368619	0.00069845082
12.672	0.011499963	-5.83655	0.00044393515
12.8	0.011524668	-5.8368169	0.00036107337
12.928	0.011796219	-5.8370481	-0.0020889215
13.056	0.011878442	-5.8368823	-0.00026253153
13.184	0.012002709	-5.8368756	-0.0014400036
13.312	0.011729798	-5.8368052	-0.00034006117
13.44	0.012024899	-5.8369252	-0.00021578918
13.568	0.011851681	-5.8366384	0.0017680711
13.696	0.01217769	-5.8368166	0.0014821114
13.824	0.012099195	-5.8364455	0.001504964
13.952	0.012158732	-5.8363249	-0.00054458191
14.08	0.012426337	-5.8369197	-0.0030442699
14.208	0.012709976	-5.837032	-0.0011054321
14.336	0.012559034	-5.8368885	0.0012586178
14.464	0.012570766	-5.8365998	0.0018430487
14.592	0.012695071	-5.8367261	-0.0004412016
14.72	0.012727177	-5.8368061	-0.00016688704
14.848	0.012597594	-5.8368822	-0.00010493388
14.976	0.012728963	-5.8367982	0.001041948
15.104	0.012921742	-5.8369445	-0.0018940246
15.232	0.012824703	-5.8370085	-0.0053131761
15.36	0.012757526	-5.8370322	-0.0031546101
15.488	0.012807565	-5.8371532	-0.0047719121
15.616	0.012817715	-5.8372809	-0.0044032229
15.744	0.01253617	-5.8373553	-0.0041697469
15.872	0.012469183	-5.8375236	-0.0034063247
16	0.01241699	-5.8378741	-0.0031515187
16.128	0.012070629	-5.8375842	-0.003145932
16.256	0.012040619	-5.8380067	-0.0047916438
16.384	0.012010385	-5.8380722	-0.0074305717
16.512	0.011895219	-5.8380306	-0.0067779368
16.64	0.011585155	-5.83804	-0.0050850747
16.768	0.011595689	-5.8384641	-0.0048220894
16.896	0.011675951	-5.8384665	-0.0041844629
17.024	0.011816806	-5.8385383	-0.0059752506
17.152	0.01153489	-5.8385566	-0.0062098773
17.28	0.011412028	-5.8388322	-0.00634929
17.408	0.011347048	-5.838645	-0.0082111026
17.536	0.011201188	-5.8389388	-0.0085936089
17.664	0.011168287	-5.8387951	-0.0048500988
17.792	0.011246222	-5.8391003	-0.0072840305
17.92	0.011284603	-5.839166	-0.0078866272
18.048	0.011202109	-5.8391814	-0.0061741891
18.176	0.01107838	-5.8391166	-0.0054600716
18.304	0.011000007	-5.8388274	-0.0055683782
18.432	0.011133537	-5.8389631	-0.005986896
18.56	0.011323988	-5.8392536	-0.0051203519
18.688	0.011207454	-5.8389422	-0.0047698853
18.816	0.011412103	-5.839052	-0.0044509291
18.944	0.011682046	-5.8390392	-0.0040477964
19.072	0.011437223	-5.838519	-0.0030367526
19.2	0.011564248	-5.8382618	-0.003416481
19.328	0.011810136	-5.838399	-0.0049208018
19.456	0.011763752	-5.8382362	-0.0024537409
19.584	0.011820722	-5.8380162	-0.0015549699
19.712	0.012368074	-5.8383637	-0.0020280517
19.84	0.012223159	-5.838371	-0.0024140817
19.968	0.012230604	-5.8380476	-0.0034866049
20.096	0.012432725	-5.8379314	-0.0016064673
20.224	0.01235617	-5.8376319	-0.00099105677
20.352	0.012609584	-5.8376079	0.00014277777
20.48	0.012510413	-5.8375606	-0.00040725399
20.608	0.012586009	-5.8377326	-0.0016356461
20.736	0.012572963	-5.8375646	0.0016568762
20.864	0.012889938	-5.8377709	0.0042923217
20.992	0.012895349	-5.8377307	0.0017899787
21.12	0.013087875	-5.8377885	-0.00078478568
21.248	0.012852485	-5.8374146	0.0017483429
21.376	0.01295396	-5.8375481	0.00014593942
21.504	0.0128508	-5.837537	0.00016399062
21.632	0.012714878	-5.837623	0.00058139888
21.76	0.012811483	-5.8379528	-0.0005560142
21.888	0.012559914	-5.8377389	-0.00039380295
22.016	0.012614285	-5.8378484	-0.00056651356
22.144	0.012638041	-5.8382202	-0.00075524554
22.272	0.012258782	-5.837963	-0.00075889507
22.4	0.012309929	-5.8386456	-0.0019833736
22.528	0.012246707	-5.8388584	-0.0010722782
22.656	0.012006218	-5.8387183	-0.0013541803
22.784	0.0120294	-5.8389988	-0.0047289696
22.912	0.011689876	-5.8390102	-0.002094913
23.04	0.011726642	-5.8391023	-0.0015440623
23.168	0.011657417	-5.8392389	-0.0040517437
23.296	0.011465401	-5.8392564	-0.0040702842
23.424	0.011597801	-5.8392884	-0.0051204302
23.552	0.011412444	-5.8395674	-0.0050498377
23.68	0.011199421	-5.8391796	-0.0029501321
23.808	0.011415561	-5.8394039	-0.0061924973
23.936	0.011455606	-5.8394398	-0.0059056996
24.064	0.011452944	-5.8396073	-0.004379588
24.192	0.011305453	-5.8397611	-0.0049792329
24.32	0.011458368	-5.8398413	-0.0046471569
24.448	0.011302936	-5.8396957	-0.0063406747
24.576	0.011403102	-5.8397054	-0.0070416343
24.704	0.011334426	-5.8397791	-0.007310365
24.832	0.011286063	-5.8399048	-0.0078091545
24.96	0.011535676	-5.8399073	-0.0061050953
25.088	0.011693889	-5.8399519	-0.0070707137
25.216	0.011504383	-5.8398471	-0.0061724154
25.344	0.011491458	-5.8397462	-0.0043883205
25.472	0.011918783	-5.839955	-0.0068916995
25.6	0.011845472	-5.839523	-0.0050192847
25.728	0.011902405	-5.8395555	-0.0046247894
25.856	0.011937686	-5.8393936	-0.0056673678
25.984	0.012048897	-5.8392921	-0.0071216707
26.112	0.012291865	-5.8393232	-0.0082012403
26.24	0.012356797	-5.8393121	-0.0077450432
26.368	0.012222781	-5.8395072	-0.0070678059
26.496	0.012569341	-5.8398724	-0.0081242481
26.624	0.012317806	-5.8392685	-0.0073281325
26.752	0.0123784	-5.8396192	-0.0081366843
26.88	0.012505746	-5.8395561	-0.0066955662
27.008	0.012559687	-5.8394539	-0.0051915363
27.136	0.012686117	-5.8397358	-0.0064586254
27.264	0.012686067	-5.8395982	-0.0079951319
27.392	0.012660297	-5.8397447	-0.0088370876
27.52	0.012645848	-5.8396602	-0.0076761644
27.648	0.012451123	-5.8395054	-0.005147393
27.776	0.012534696	-5.839339	-0.0056771031
27.904	0.012680325	-5.8397113	-0.0063675247
28.032	0.01247298	-5.8400802	-0.0056661504
28.16	0.012605285	-5.8403599	-0.0062408248
28.288	0.012376218	-5.8402389	-0.0073856165
28.416	0.012341781	-5.840395	-0.0083737597
28.544	0.012379404	-5.8399966	-0.010951037
28.672	0.012437765	-5.840255	-0.011634975
28.8	0.012155135	-5.8402161	-0.0095659541
28.928	0.012097179	-5.8407732	-0.0085169903
29.056	0.012225804	-5.840935	-0.010936649
29.184	0.011909947	-5.8409061	-0.011337598
29.312	0.011893571	-5.8410957	-0.011937644
29.44	0.011727004	-5.841139	-0.013804187
29.568	0.01175714	-5.8413577	-0.014751047
29.696	0.011715438	-5.8413918	-0.012322856
29.824	0.011318431	-5.8410296	-0.01119703
29.952	0.011545142	-5.8415253	-0.013125532
30.08	0.011495799	-5.8415764	-0.011835414
30.208	0.011474807	-5.8414496	-0.011584899
30.336	0.011505849	-5.841748	-0.014819104
30.464	0.011506985	-5.8416696	-0.014517246
30.592	0.011355596	-5.8415201	-0.011892558
30.72	0.011259726	-5.8415648	-0.011313913
30.848	0.011502635	-5.841807	-0.013873835
30.976	0.011511799	-5.8419899	-0.012494855
31.104	0.011338937	-5.8419364	-0.013427442
31.232	0.011660223	-5.8423537	-0.017519569
31.36	0.011654208	-5.8419712	-0.015532416
31.488	0.011642531	-5.8421202	-0.014399981
31.616	0.011660954	-5.8422033	-0.013140942
31.744	0.011651873	-5.8421076	-0.013478166
31.872	0.011647491	-5.8419257	-0.013899441
32	0.011734966	-5.8419005	-0.01226511
32.128	0.011897685	-5.8419189	-0.011556296
32.256	0.012000219	-5.841747	-0.014840271
32.384	0.012016069	-5.8416891	-0.015191099
32.512	0.012116393	-5.8417242	-0.01314308
32.64	0.012004119	-5.8417865	-0.012320995
32.768	0.012054813	-5.84165	-0.01158059
32.896	0.012183098	-5.8417296	-0.010297999
33.024	0.012035047	-5.8414649	-0.010002056
33.152	0.01206491	-5.8411982	-0.011574134
33.28	0.012285192	-5.8412926	-0.012274917
33.408	0.012273854	-5.8411137	-0.013742283
33.536	0.012184994	-5.8409118	-0.012550665
33.664	0.0125331	-5.8411414	-0.012637418
33.792	0.012588322	-5.8412629	-0.014134774
33.92	0.012324106	-5.8410362	-0.013726875
34.048	0.012358021	-5.8409139	-0.013313769
34.176	0.012434402	-5.8407924	-0.013046772
34.304	0.012442923	-5.8409179	-0.010917525
34.432	0.012412448	-5.8411503	-0.010434524
34.56	0.012439774	-5.8409473	-0.012174091
34.688	0.012388689	-5.8410463	-0.012325965
34.816	0.012333022	-5.8410172	-0.012855833
34.944	0.012136864	-5.8410886	-0.012034759
35.072	0.01211594	-5.8411556	-0.010817876
35.2	0.012108509	-5.8414502	-0.012133438
35.328	0.01224618	-5.8414819	-0.013870222
35.456	0.012129116	-5.841251	-0.014355836
35.584	0.012018892	-5.8412911	-0.013329274
35.712	0.012074156	-5.8416566	-0.013265166
35.84	0.012160103	-5.8418431	-0.014359851
35.968	0.011978555	-5.842021	-0.013554173
36.096	0.011922028	-5.8421934	-0.0129085
36.224	0.011746733	-5.8420302	-0.014307632
36.352	0.0117832	-5.8418631	-0.017425722
36.48	0.011658129	-5.8415027	-0.016278722
36.608	0.011475968	-5.8415357	-0.013507257
36.736	0.011895174	-5.8421484	-0.014787523
36.864	0.011623362	-5.8419013	-0.014124617
36.992	0.011803607	-5.842198	-0.01620097
37.12	0.011624278	-5.8421354	-0.014793954
37.248	0.011513376	-5.8422733	-0.012311616
37.376	0.01182262	-5.8423159	-0.013772552
37.504	0.011681013	-5.8422633	-0.015619061
37.632	0.011747626	-5.8425038	-0.014890039
37.76	0.011762345	-5.8422886	-0.011857022
37.888	0.011630343	-5.8419821	-0.011178377
38.016	0.011588915	-5.8419262	-0.012803262
38.144	0.011585946	-5.8416036	-0.014362394
38.272	0.011885393	-5.842102	-0.013941286
38.4	0.011618669	-5.8417724	-0.011342333
38.528	0.011834962	-5.8420596	-0.014143044
38.656	0.0118286	-5.8419193	-0.015756924
38.784	0.011995572	-5.8421084	-0.016076387
38.912	0.011809443	-5.8417382	-0.014328194
39.04	0.011895194	-5.8417355	-0.015186174
39.168	0.011789611	-5.8413063	-0.015605407
39.296	0.012002435	-5.8416505	-0.013447408
39.424	0.012101373	-5.8415985	-0.013470912
39.552	0.012174447	-5.841533	-0.015195354
39.68	0.012240679	-5.8419792	-0.016483784
39.808	0.01218346	-5.8418107	-0.015316582
39.936	0.012495102	-5.8418143	-0.01414627
40.064	0.012319073	-5.8415351	-0.013894061
40.192	0.012466841	-5.8416499	-0.013466465
40.32	0.012471111	-5.8416541	-0.011843926
40.448	0.012193622	-5.8414843	-0.010130306
40.576	0.012484457	-5.8415422	-0.011618317
40.704	0.012226749	-5.8416521	-0.010698864
40.832	0.012441503	-5.8417652	-0.01297758
40.96	0.012216572	-5.8412186	-0.013359299
41.088	0.012441853	-5.8414204	-0.013745218
41.216	0.012432623	-5.8416144	-0.010844236
41.344	0.012268146	-5.8414841	-0.010207194
41.472	0.012231347	-5.8416699	-0.01249387
41.6	0.012113727	-5.8415395	-0.010878527
41.728	0.012147423	-5.8413252	-0.011918324
41.856	0.012318999	-5.8417711	-0.014409526
41.984	0.011889482	-5.8415846	-0.013250765
42.112	0.012110604	-5.8419623	-0.01429731
42.24	0.01170615	-5.8413712	-0.012741525
42.368	0.012047262	-5.8419724	-0.013279196
42.496	0.01191064	-5.8418458	-0.012645349
42.624	0.011836935	-5.8417613	-0.01175753
42.752	0.011908847	-5.8422408	-0.01254865
42.88	0.011807236	-5.8420766	-0.0135181
43.008	0.011552163	-5.8418802	-0.011609598
43.136	0.011766691	-5.842141	-0.014014384
43.264	0.011688454	-5.8418542	-0.016925643
43.392	0.011768944	-5.8420373	-0.015075169
43.52	0.01159629	-5.8418265	-0.012070185
43.648	0.011576618	-5.8419361	-0.013881047
43.776	0.011809853	-5.8425339	-0.015831251
43.904	0.011366795	-5.8420725	-0.014036972
44.032	0.011736822	-5.8424093	-0.015639594
44.16	0.011732154	-5.8422958	-0.015540854
44.288	0.011790245	-5.8424835	-0.014596451
44.416	0.011834471	-5.8424356	-0.017540927
44.544	0.011546442	-5.8417738	-0.01502434
44.672	0.011550171	-5.8419089	-0.014467114
44.8	0.01181616	-5.8418887	-0.013965549
44.928	0.01188921	-5.8416625	-0.013833104
45.056	0.011826036	-5.8417406	-0.013438882
45.184	0.012016869	-5.8418608	-0.013371056
45.312	0.011902574	-5.8419823	-0.013835378
45.44	0.01204746	-5.8419709	-0.014725988
45.568	0.012103301	-5.841898	-0.012113155
45.696	0.012331937	-5.8421954	-0.011704566
45.824	0.012154088	-5.8417228	-0.013056018
45.952	0.012328585	-5.8418602	-0.010214443
46.08	0.012298687	-5.8416664	-0.0095972075
46.208	0.01229951	-5.8416988	-0.011691195
46.336	0.012312022	-5.8416505	-0.012541437
46.464	0.01199791	-5.8411687	-0.011191956
46.592	0.012266107	-5.8413035	-0.01153175
46.72	0.012332176	-5.8412454	-0.012197399
46.848	0.012416812	-5.841045	-0.012121108
46.976	0.012319279	-5.8411819	-0.012663176
47.104	0.012447265	-5.8413936	-0.012974159
47.232	0.012173491	-5.8411883	-0.0088567587
47.36	0.012391213	-5.8415863	-0.014409049
47.488	0.01235683	-5.8414566	-0.014853711
47.616	0.01221662	-5.8414164	-0.015495527
47.744	0.012150555	-5.8414726	-0.015128493
47.872	0.012273606	-5.8415571	-0.015011308
48	0.012095009	-5.8416631	-0.015275207
48.128	0.011963908	-5.8415775	-0.013961668
48.256	0.012006965	-5.8415356	-0.014928389
48.384	0.012277921	-5.8420113	-0.015805691
48.512	0.012049991	-5.8419553	-0.013162299
48.64	0.011921134	-5.8417377	-0.014771566
48.768	0.012080445	-5.8420735	-0.012035873
48.896	0.011914147	-5.8421021	-0.010726866
49.024	0.011926867	-5.8421715	-0.012918753
49.152	0.011855009	-5.8423445	-0.013023789
49.28	0.012002352	-5.8422828	-0.014280427
49.408	0.011551926	-5.8419919	-0.01574856
49.536	0.011736374	-5.8422373	-0.013847826
49.664	0.011641825	-5.8420956	-0.013743586
49.792	0.011881867	-5.8425001	-0.016845431
49.92	0.011514647	-5.8420707	-0.015100103
50.048	0.011613426	-5.842258	-0.014389436
50.176	0.011681486	-5.8423325	-0.014013716
50.304	0.011564458	-5.8423358	-0.014402827
50.432	0.01173014	-5.8424618	-0.015428542
50.56	0.011711878	-5.8423952	-0.015403875
50.688	0.011657292	-5.8423527	-0.0142758
50.816	0.011619879	-5.8421307	-0.014155743
50.944	0.011615824	-5.8420968	-0.015418876
51.072	0.011763493	-5.8421741	-0.01404673
51.2	0.011962417	-5.8424347	-0.013988192
51.328	0.011681554	-5.8418841	-0.015195037
51.456	0.011848795	-5.8419032	-0.014257886
51.584	0.011843682	-5.8420515	-0.011305107
51.712	0.01178256	-5.8417845	-0.01238939
51.84	0.012328186	-5.8421181	-0.014893244
51.968	0.011958463	-5.8418594	-0.014103353
52.096	0.012171881	-5.8416762	-0.012892006
52.224	0.012167753	-5.8416092	-0.013935742
52.352	0.012125679	-5.8415476	-0.013122941
52.48	0.012237019	-5.841771	-0.013947843
52.608	0.012038914	-5.841398	-0.013225988
52.736	0.012466208	-5.8416119	-0.013220708
52.864	0.012321466	-5.8415933	-0.013075308
52.992	0.012518981	-5.8417702	-0.011459226
53.12	0.012403748	-5.8415888	-0.010938788
53.248	0.012210876	-5.8416522	-0.013156834
53.376	0.012295037	-5.8414924	-0.013827183
53.504	0.012315209	-5.8417864	-0.01498904
53.632	0.012340038	-5.8414599	-0.01575182
53.76	0.012370237	-5.8414632	-0.01471506
53.888	0.012237799	-5.8414699	-0.013753687
54.016	0.011967461	-5.8414297	-0.012503303
54.144	0.012244796	-5.8417543	-0.013744416
54.272	0.01247104	-5.8420302	-0.014681515
54.4	0.012006877	-5.8414872	-0.013502344
54.528	0.012219633	-5.84183	-0.013813601
54.656	0.011988275	-5.8420647	-0.013647432
54.784	0.012012057	-5.8423095	-0.016229643
54.912	0.012055236	-5.8418839	-0.014907711
55.04	0.01197002	-5.8419541	-0.0150163
55.168	0.011894725	-5.8421548	-0.015617327
55.296	0.011540442	-5.8415323	-0.014703727
55.424	0.012023733	-5.8420807	-0.014759053
55.552	0.011804257	-5.8420219	-0.015858358
55.68	0.011741331	-5.8422514	-0.015638919
55.808	0.011716246	-5.8422779	-0.014884057
55.936	0.011745443	-5.8422213	-0.015898933
56.064	0.011560539	-5.8420736	-0.015823292
56.192	0.011756489	-5.8423533	-0.016264191
56.32	0.011667881	-5.8425231	-0.015594283
56.448	0.01174168	-5.8424069	-0.015753005
56.576	0.011671641	-5.8422209	-0.01332693
56.704	0.01162074	-5.8420015	-0.013984721
56.832	0.011800815	-5.8424341	-0.016217322
56.96	0.011685318	-5.8423177	-0.014297316
57.088	0.011808426	-5.8424718	-0.014952559
57.216	0.011771922	-5.8423312	-0.014181834
57.344	0.011710858	-5.8422224	-0.013698471
57.472	0.011778663	-5.8424949	-0.01576726
57.6	0.011955335	-5.8423284	-0.014678772
57.728	0.011832463	-5.8421859	-0.013275154
57.856	0.012002274	-5.8424213	-0.015546606
57.984	0.011956372	-5.8422526	-0.015997421
58.112	0.012119433	-5.8418264	-0.015685779
58.24	0.012018644	-5.8418602	-0.014613016
58.368	0.012108387	-5.8417574	-0.013622938
58.496	0.012212023	-5.8420302	-0.013266635
58.624	0.012041265	-5.8417251	-0.013911157
58.752	0.012274251	-5.8418447	-0.015397863
58.88	0.012261402	-5.8416651	-0.015834347
59.008	0.01231659	-5.8415743	-0.016337309
59.136	0.012285569	-5.841474	-0.013946953
59.264	0.0124356	-5.8415896	-0.013428053
59.392	0.012178215	-5.8413802	-0.015280676
59.52	0.012220317	-5.8416237	-0.014956765
59.648	0.012457223	-5.84191	-0.014148237
59.776	0.012332533	-5.8416316	-0.012779729
59.904	0.01219415	-5.8412893	-0.014310301
60.032	0.012218566	-5.8414656	-0.014535799
60.16	0.01225538	-5.8414567	-0.013848079
60.288	0.012002513	-5.8410131	-0.013519593
60.416	0.012357205	-5.8417786	-0.017775432
60.544	0.012278194	-5.8417843	-0.017018527
60.672	0.011988397	-5.8416643	-0.0145014
60.8	0.011969654	-5.8419055	-0.015246586
60.928	0.012005184	-5.8420534	-0.017193865
61.056	0.012035294	-5.8419882	-0.015427062
61.184	0.012086079	-5.8419965	-0.017382141
61.312	0.012020854	-5.8420066	-0.018063513
61.44	0.011975512	-5.8420962	-0.017074883
61.568	0.011834321	-5.8419307	-0.01664258
61.696	0.011953028	-5.8423285	-0.016489345
61.824	0.011773838	-5.8419852	-0.015631619
61.952	0.011776588	-5.8420361	-0.015009511
62.08	0.011739259	-5.8423059	-0.016272154
62.208	0.011946032	-5.8424768	-0.017610645
62.336	0.011703192	-5.8423089	-0.015261977
62.464	0.011614047	-5.8421131	-0.015241684
62.592	0.011568554	-5.8421584	-0.01625705
62.72	0.011701214	-5.8423232	-0.016216513
62.848	0.011670875	-5.8423623	-0.016265269
62.976	0.011873051	-5.8425223	-0.017706359
63.104	0.011384278	-5.842218	-0.01523802
63.232	0.011706276	-5.8425333	-0.013867917
63.36	0.011922102	-5.8426661	-0.016817897
63.488	0.011723719	-5.8422449	-0.015635309
63.616	0.011855427	-5.8423879	-0.014177146
63.744	0.011753281	-5.8425346	-0.013620464
63.872	0.011735581	-5.842341	-0.011573827
64	0.011840791	-5.8422651	-0.012790948
64.128	0.011871256	-5.8423335	-0.01375875
64.256	0.011924098	-5.8419442	-0.013177006
64.384	0.012244314	-5.8422372	-0.014695038
64.512	0.011999721	-5.8420031	-0.01436639
64.64	0.012218439	-5.8421465	-0.015068937
64.768	0.012004525	-5.8417925	-0.014169158
64.896	0.012158108	-5.8416495	-0.016653755
65.024	0.012097493	-5.8419276	-0.014809984
65.152	0.012270937	-5.8416719	-0.014252427
65.28	0.012190889	-5.8417961	-0.0141159
65.408	0.012080777	-5.8417794	-0.014573702
65.536	0.012364736	-5.8418544	-0.014040328
65.664	0.012263402	-5.8416129	-0.013250703
65.792	0.012486555	-5.8419724	-0.014679218
65.92	0.012102609	-5.8418017	-0.013943336
66.048	0.012271705	-5.8418797	-0.012744805
66.176	0.012195207	-5.841675	-0.014324588
66.304	0.012369891	-5.8418563	-0.016471528
66.432	0.012365545	-5.8418795	-0.014305171
66.56	0.012254024	-5.8417544	-0.015499289
66.688	0.01218176	-5.841956	-0.015760871
66.816	0.012264153	-5.8420187	-0.016423644
66.944	0.012078153	-5.8416982	-0.015501266
67.072	0.011962926	-5.8416708	-0.014123525
67.2	0.012040385	-5.841652	-0.015439034
67.328	0.012299209	-5.8421403	-0.014831695
67.456	0.012094822	-5.8419995	-0.01356459
67.584	0.011828672	-5.8418531	-0.014700807
67.712	0.011865199	-5.84192	-0.014303322
67.84	0.012124908	-5.8422015	-0.016020331
67.968	0.011637123	-5.8417492	-0.012822909
68.096	0.01170257	-5.8419396	-0.011889332
68.224	0.011930915	-5.8422198	-0.012823044
68.352	0.01177777	-5.8424064	-0.01385673
68.48	0.011670196	-5.8424039	-0.013786811
68.608	0.011921102	-5.84251	-0.013613062
68.736	0.011474999	-5.8419214	-0.013432627
68.864	0.011966707	-5.8425984	-0.017063948
68.992	0.011572764	-5.842469	-0.016435768
69.12	0.011660313	-5.8422559	-0.016914607
69.248	0.011625172	-5.8422447	-0.014380388
69.376	0.011892819	-5.8426749	-0.015993962
69.504	0.011759278	-5.8424924	-0.016868708
69.632	0.011768481	-5.8423401	-0.015083806
69.76	0.011751515	-5.8424674	-0.016035615
69.888	0.011584538	-5.842014	-0.014750518
70.016	0.011805545	-5.8423147	-0.013933158
70.144	0.011952336	-5.8424539	-0.016834582
70.272	0.011853576	-5.8424665	-0.015689629
70.4	0.011938509	-5.842301	-0.015086151
70.528	0.011923377	-5.8420667	-0.013263984
70.656	0.011843078	-5.8419436	-0.012687033
70.784	0.0120662	-5.8421051	-0.013517823
70.912	0.011986545	-5.8419331	-0.014656726
71.04	0.012267758	-5.842043	-0.01603709
71.168	0.0122241	-5.8421769	-0.015153206
71.296	0.012249455	-5.8420751	-0.013275872
71.424	0.011925629	-5.8416449	-0.013835501
71.552	0.012255398	-5.8420287	-0.016629973
71.68	0.012132374	-5.8418326	-0.013486311
71.808	0.012134848	-5.8417327	-0.014640212
71.936	0.012348923	-5.8418312	-0.015744905
72.064	0.012484747	-5.8419372	-0.015607924
72.192	0.012220684	-5.8418007	-0.014212624
72.32	0.012300024	-5.8417317	-0.013326236
72.448	0.012334584	-5.841946	-0.012395185
72.576	0.012298858	-5.8420181	-0.012749934
72.704	0.012423699	-5.8421538	-0.013426075
72.832	0.012286109	-5.8420135	-0.012386179
72.96	0.012050972	-5.8419087	-0.012662112
73.088	0.012102859	-5.8419697	-0.01259464
73.216	0.012227391	-5.8421456	-0.015681126
73.344	0.012214229	-5.8421994	-0.01582501
73.472	0.012250983	-5.8421967	-0.014424855
73.6	0.012115504	-5.8421993	-0.015458964
73.728	0.01191925	-5.8421104	-0.014207923
73.856	0.011791544	-5.8419998	-0.012950104
73.984	0.01207289	-5.8422241	-0.015901682
74.112	0.011904551	-5.8422233	-0.016297287
74.24	0.011934737	-5.8424629	-0.016143849
74.368	0.011939303	-5.8425239	-0.014730222
74.496	0.01167873	-5.8420695	-0.013802508
74.624	0.011999124	-5.8424033	-0.015782778
74.752	0.011520121	-5.841994	-0.014306915
74.88	0.011885272	-5.842609	-0.015392041
75.008	0.011829866	-5.8425125	-0.013295814
75.136	0.011610526	-5.8422205	-0.012917631
75.264	0.011464383	-5.8421355	-0.014843528
75.392	0.011777479	-5.8424554	-0.012190185
75.52	0.011754793	-5.8425066	-0.013288275
75.648	0.011620573	-5.8424428	-0.016068045
75.776	0.01166569	-5.8422399	-0.013752751
75.904	0.011804444	-5.842227	-0.015557801
76.032	0.011545917	-5.8420873	-0.015431636
76.16	0.011798875	-5.8423601	-0.017935184
76.288	0.011768486	-5.8420979	-0.01662733
76.416	0.011907614	-5.8420411	-0.013296002
76.544	0.011690801	-5.8419154	-0.012692453
76.672	0.011787879	-5.8419242	-0.01477536
76.8	0.012072826	-5.8423008	-0.013835944
76.928	0.011938803	-5.8418112	-0.012506329
77.056	0.011997464	-5.8418012	-0.012747862
77.184	0.012174407	-5.8420456	-0.013032674
77.312	0.012042977	-5.8417926	-0.014713635
77.44	0.012257324	-5.8420152	-0.015679071
77.568	0.012188763	-5.8419422	-0.015953547
77.696	0.012076881	-5.8417478	-0.013942532
77.824	0.012332124	-5.8420932	-0.013392527
77.952	0.012461255	-5.8421544	-0.015842334
78.08	0.012285885	-5.8418437	-0.01519185
78.208	0.01222809	-5.8416898	-0.014272329
78.336	0.012293288	-5.8416921	-0.011478607
78.464	0.01242156	-5.8417531	-0.01264698
78.592	0.012108659	-5.8416726	-0.011506588
78.72	0.012269836	-5.8418232	-0.011740604
78.848	0.012480196	-5.8419047	-0.011185408
78.976	0.012410927	-5.8421538	-0.012441949
79.104	0.012029182	-5.8417904	-0.013035176
79.232	0.012261287	-5.8419911	-0.012485406
79.36	0.012266673	-5.8419275	-0.010477314
79.488	0.012221643	-5.8421184	-0.011248184
79.616	0.012058132	-5.8420807	-0.014919227
79.744	0.011841148	-5.84201	-0.014009479
79.872	0.01225283	-5.8427482	-0.012996862
80	0.01196514	-5.8421651	-0.012903466
80.128	0.011848362	-5.8420563	-0.014367315
80.256	0.011955677	-5.8421552	-0.013884294
80.384	0.011879246	-5.8421958	-0.014066783
80.512	0.011904642	-5.8421943	-0.014565207
80.64	0.01183824	-5.8424927	-0.015223947
80.768	0.011810684	-5.8426218	-0.0151209
80.896	0.011546189	-5.8422629	-0.014787483
81.024	0.011705886	-5.8421829	-0.015057837
81.152	0.011725797	-5.8424713	-0.016865482
81.28	0.011460663	-5.8425667	-0.015779183
81.408	0.011741207	-5.8427894	-0.015137055
81.536	0.011714685	-5.8426855	-0.016464661
81.664	0.011677903	-5.8428216	-0.015882107
81.792	0.011855352	-5.8429168	-0.016038748
81.92	0.011596974	-5.842649	-0.015492968
82.048	0.011717874	-5.8428372	-0.014046044
82.176	0.011931425	-5.8427771	-0.015863322
82.304	0.011625832	-5.8423584	-0.015387534
82.432	0.011667794	-5.8422122	-0.01478905
82.56	0.011980472	-5.8422788	-0.016087619
82.688	0.011724964	-5.8420145	-0.017481948
82.816	0.011966783	-5.842401	-0.016758023
82.944	0.012064255	-5.8424969	-0.013197806
83.072	0.012001007	-5.8423518	-0.014245637
83.2	0.011895761	-5.8418918	-0.01410035
83.328	0.011918728	-5.8417374	-0.011281743
83.456	0.012163877	-5.8420829	-0.013647885
83.584	0.01214858	-5.8417721	-0.014710315
83.712	0.011893397	-5.8414144	-0.013371335
83.84	0.01230625	-5.8417308	-0.013466665
83.968	0.012198299	-5.8418183	-0.011711692
84.096	0.012283632	-5.841751	-0.012744276
84.224	0.012259478	-5.8414982	-0.013891877
84.352	0.012292699	-5.8416366	-0.012579018
84.48	0.012394117	-5.8418369	-0.013426342
84.608	0.012524718	-5.8417637	-0.014387412
84.736	0.012295557	-5.8415955	-0.014882715
84.864	0.012292545	-5.8419115	-0.014818241
84.992	0.012457733	-5.8423463	-0.013567039
85.12	0.012413039	-5.8421845	-0.013241479
85.248	0.012444198	-5.8421493	-0.012745903
85.376	0.012424158	-5.8421309	-0.012966646
85.504	0.012214804	-5.8420649	-0.012671883
85.632	0.012291126	-5.8419	-0.012851912
85.76	0.012255435	-5.8420602	-0.013090154
85.888	0.01223964	-5.8421135	-0.013839425
86.016	0.011946125	-5.8419061	-0.011377538
86.144	0.011887464	-5.8421002	-0.013302666
86.272	0.011920417	-5.8419109	-0.01344602
86.4	0.01201376	-5.8421069	-0.013772846
86.528	0.011692408	-5.8420432	-0.015006218
86.656	0.011847491	-5.8421758	-0.012939679
86.784	0.011959538	-5.8420844	-0.012306133
86.912	0.011821067	-5.8420917	-0.01445948
87.04	0.011783547	-5.8423063	-0.014576446
87.168	0.011739828	-5.8422362	-0.016128134
87.296	0.011769805	-5.8421843	-0.017500769
87.424	0.011644396	-5.8426104	-0.014824894
87.552	0.011651938	-5.842512	-0.014272518
87.68	0.011665454	-5.8426136	-0.013576286
87.808	0.01143718	-5.8422813	-0.01307235
87.936	0.011762357	-5.8425294	-0.017134092
88.064	0.011518432	-5.8423139	-0.016858338
88.192	0.011662234	-5.8423389	-0.016843867
88.32	0.011602907	-5.8422676	-0.01509221
88.448	0.011707576	-5.842441	-0.015624284
88.576	0.011618572	-5.8422881	-0.013423172
88.704	0.01191033	-5.8422689	-0.013559734
88.832	0.011609661	-5.8421123	-0.0140913
88.96	0.011802341	-5.8424848	-0.015033898
89.088	0.011714177	-5.842207	-0.013141209
89.216	0.011964806	-5.8422675	-0.012763734
89.344	0.011779112	-5.8419354	-0.013489313
89.472	0.012055383	-5.8421298	-0.014384802
89.6	0.012215139	-5.8421321	-0.015578234
89.728	0.011885279	-5.8420256	-0.013177453
89.856	0.012305821	-5.842232	-0.013926942
89.984	0.0121321	-5.8419393	-0.015179747
90.112	0.012352172	-5.8417854	-0.013136016
90.24	0.012301105	-5.8417616	-0.012429098
90.368	0.012302645	-5.8417718	-0.011716963
90.496	0.012231659	-5.8416911	-0.011950969
90.624	0.012224927	-5.8415539	-0.015220201
90.752	0.012529317	-5.8418976	-0.013518638
90.88	0.012397083	-5.8416848	-0.012404538
91.008	0.012384519	-5.8417805	-0.013568336
91.136	0.012182624	-5.8414753	-0.011840531
91.264	0.012456806	-5.8419032	-0.013292615
91.392	0.012335621	-5.841893	-0.013318991
91.52	0.012523018	-5.8421834	-0.013078807
91.648	0.012293154	-5.8418089	-0.011216637
91.776	0.012251817	-5.8418068	-0.013571673
91.904	0.012250923	-5.842026	-0.014519926
92.032	0.012245691	-5.8421664	-0.011652939
92.16	0.012073552	-5.8418807	-0.012427101
92.288	0.012120876	-5.8420149	-0.013091596
92.416	0.012003516	-5.8419797	-0.014149447
92.544	0.012183199	-5.8423921	-0.015768032
92.672	0.012091229	-5.8424051	-0.013806694
92.8	0.011696297	-5.8422322	-0.015227288
92.928	0.011835128	-5.8423593	-0.015918542
93.056	0.01181158	-5.8425527	-0.014570186
93.184	0.011968386	-5.8426802	-0.015047595
93.312	0.011676456	-5.8424357	-0.013976323
93.44	0.011764251	-5.8423943	-0.013984396
93.568	0.011696118	-5.8422186	-0.014159662
93.696	0.011635524	-5.8419671	-0.01555352
93.824	0.011559549	-5.8423426	-0.015483893
93.952	0.011781805	-5.8426589	-0.015411612
94.08	0.011483223	-5.8423419	-0.014643751
94.208	0.011701409	-5.8424353	-0.012835593
94.336	0.011730896	-5.8424437	-0.015502212
94.464	0.01157394	-5.8422872	-0.01826136
94.592	0.011560342	-5.8422211	-0.014758547
94.72	0.011582585	-5.8424853	-0.014700256
94.848	0.011618682	-5.8426027	-0.016507739
94.976	0.011879253	-5.8426996	-0.01867265
95.104	0.011717862	-5.8422696	-0.016769934
95.232	0.011923233	-5.8425435	-0.013854623
95.36	0.011807487	-5.8423709	-0.012264003
95.488	0.011948356	-5.8424152	-0.012997104
95.616	0.012070124	-5.842453	-0.014094217
95.744	0.011805772	-5.8419933	-0.012407362
95.872	0.012041282	-5.8422055	-0.013941074
96	0.011918802	-5.8418896	-0.01438107
96.128	0.012011996	-5.8416998	-0.014470495
96.256	0.012438226	-5.8421219	-0.013865477
96.384	0.012230005	-5.8420315	-0.014684573
96.512	0.012211389	-5.8418676	-0.013417026
96.64	0.012378343	-5.8420238	-0.013867735
96.768	0.012481897	-5.8420437	-0.014299936
96.896	0.012086793	-5.8415977	-0.01168835
97.024	0.012302245	-5.8416387	-0.0099163675
97.152	0.012349867	-5.841823	-0.0096156231
97.28	0.012579894	-5.8422744	-0.013784433
97.408	0.012337449	-5.8420271	-0.013400821
97.536	0.012329079	-5.8418271	-0.014345031
97.664	0.012325207	-5.8416564	-0.014065292
97.792	0.012142532	-5.8416337	-0.011679371
97.92	0.012223805	-5.8419158	-0.015531762
98.048	0.012467283	-5.8417802	-0.016571703
98.176	0.01230553	-5.8418336	-0.013505769
98.304	0.012083522	-5.8419105	-0.013871486
98.432	0.012188152	-5.8418561	-0.012704127
98.56	0.012090662	-5.8419255	-0.013190076
98.688	0.012025981	-5.8420568	-0.012925407
98.816	0.011932529	-5.8421158	-0.012378127
98.944	0.012061941	-5.8423233	-0.01487549
99.072	0.011825964	-5.8423481	-0.012680811
99.2	0.011794113	-5.8420701	-0.013596812
99.328	0.011849943	-5.8424321	-0.014435463
99.456	0.011803017	-5.8426248	-0.014247608
99.584	0.011844279	-5.8425448	-0.013542381
99.712	0.011613401	-5.842512	-0.014448524
99.84	0.011716942	-5.8426434	-0.01565766
99.968	0.011596218	-5.842605	-0.014393339
100.096	0.011585124	-5.8425553	-0.014896713
100.224	0.011695444	-5.8426809	-0.015686303
100.352	0.011832042	-5.8425432	-0.016525056
100.48	0.011608086	-5.8425017	-0.014111938
100.608	0.011623909	-5.8423299	-0.014284833
100.736	0.01175833	-5.8423357	-0.015466671
100.864	0.011622425	-5.8424858	-0.013193723
100.992	0.011752099	-5.8426805	-0.011987463
101.12	0.01173018	-5.8426239	-0.01434515
101.248	0.01191557	-5.8424685	-0.014954475
101.376	0.011783636	-5.8425267	-0.014895373
101.504	0.011801316	-5.8423233	-0.013704895
101.632	0.011691124	-5.841959	-0.013367703
101.76	0.011943534	-5.8424201	-0.014604108
101.888	0.011930436	-5.8424451	-0.014945378
102.016	0.011923524	-5.8422981	-0.015995573
102.144	0.012202063	-5.8424511	-0.01506625
102.272	0.0120941	-5.8421993	-0.015895531
102.4	0.012181194	-5.8420597	-0.013814059
102.528	0.012158121	-5.8418472	-0.012946489
102.656	0.012322905	-5.8421026	-0.016096024
102.784	0.012113143	-5.8415492	-0.013334495
102.912	0.012168061	-5.8416843	-0.012714766
103.04	0.012367693	-5.8416383	-0.013894647
103.168	0.012401468	-5.8415612	-0.013777341
103.296	0.012394184	-5.8416668	-0.013602606
103.424	0.012244523	-5.8416319	-0.012833962
103.552	0.012439729	-5.8418739	-0.013566659
103.68	0.012246434	-5.8416905	-0.010868565
103.808	0.012404429	-5.8417636	-0.012653847
103.936	0.012327287	-5.8419258	-0.01399964
104.064	0.012230282	-5.8416535	-0.015218961
104.192	0.012472329	-5.8420762	-0.014958335
104.32	0.012335479	-5.8418265	-0.013195985
104.448	0.012104577	-5.8416573	-0.012679115
104.576	0.012430983	-5.8422759	-0.013012941
104.704	0.012040248	-5.8417738	-0.013180262
104.832	0.0121003	-5.8417336	-0.015966537
104.96	0.012065069	-5.8418597	-0.018603959
105.088	0.011800363	-5.8416746	-0.015025796
105.216	0.012017625	-5.8425332	-0.013713837
105.344	0.011998885	-5.8423195	-0.016333569
105.472	0.011824735	-5.8422143	-0.015695602
105.6	0.011827851	-5.8424849	-0.015239642
105.728	0.011808498	-5.8423991	-0.015468246
105.856	0.011677696	-5.8421474	-0.015312614
105.984	0.011721545	-5.8422757	-0.015213731
106.112	0.011556815	-5.8423813	-0.012828026
106.24	0.011770173	-5.8427006	-0.01332624
106.368	0.011883133	-5.8427769	-0.01386055
106.496	0.011573216	-5.8424651	-0.012300741
106.624	0.01142637	-5.8422483	-0.013427861
106.752	0.011558927	-5.8423158	-0.016794202
106.88	0.011537801	-5.8423482	-0.017433475
107.008	0.011690421	-5.8425538	-0.015866951
107.136	0.011680888	-5.8425705	-0.016031129
107.264	0.011575646	-5.842203	-0.014666386
107.392	0.011810102	-5.8422728	-0.014845523
107.52	0.011711197	-5.8421313	-0.015681881
107.648	0.011552168	-5.8419582	-0.013274971
107.776	0.011778507	-5.8424202	-0.013470777
107.904	0.011842886	-5.8425314	-0.015053184
108.032	0.012005451	-5.8425254	-0.015614683
108.16	0.011912508	-5.8422064	-0.01252012
108.288	0.012178069	-5.8424255	-0.012480581
108.416	0.011986845	-5.8421649	-0.013368188
108.544	0.012042769	-5.8422275	-0.011265639
108.672	0.012255855	-5.8422075	-0.013294708
108.8	0.012108856	-5.8418271	-0.015553931
108.928	0.012287178	-5.841885	-0.015172759
109.056	0.012253813	-5.8417303	-0.013852678
109.184	0.012270254	-5.841945	-0.013680592
109.312	0.012327348	-5.8416765	-0.013431443
109.44	0.012290169	-5.8416503	-0.012836194
109.568	0.012407196	-5.8417529	-0.014267636
109.696	0.012253424	-5.8419077	-0.014340197
109.824	0.012504409	-5.8417626	-0.012006427
109.952	0.012195374	-5.8416181	-0.0097418946
110.08	0.012198646	-5.8415266	-0.012179521
110.208	0.012440922	-5.8420144	-0.015811516
110.336	0.012230215	-5.8418619	-0.012481442
110.464	0.012415011	-5.8419747	-0.012236231
110.592	0.012303799	-5.841871	-0.013033584
110.72	0.012095053	-5.8416722	-0.012724261
110.848	0.01223265	-5.8419037	-0.013109487
110.976	0.012182743	-5.8420097	-0.013568757
111.104	0.012197924	-5.8421057	-0.014852126
111.232	0.012061531	-5.8419575	-0.014016438
111.36	0.011992802	-5.842246	-0.014520963
111.488	0.011923233	-5.8422885	-0.013363791
111.616	0.011884535	-5.842324	-0.013573123
111.744	0.011780175	-5.8425281	-0.015379705
111.872	0.011790515	-5.8425019	-0.016365906
112	0.011848066	-5.8424586	-0.01734888
112.128	0.011890057	-5.84263	-0.015129483
112.256	0.011688157	-5.8425546	-0.012964992
112.384	0.011781758	-5.8425667	-0.016046762
112.512	0.011645927	-5.8424299	-0.014360044
112.64	0.011680957	-5.8425458	-0.012914837
112.768	0.011646603	-5.8423902	-0.013608962
112.896	0.011686504	-5.8425385	-0.013851028
113.024	0.011646185	-5.8424426	-0.012495413
113.152	0.011622955	-5.842313	-0.01290941
113.28	0.011583327	-5.8423096	-0.012685987
113.408	0.0118518	-5.842498	-0.015413238
113.536	0.011607802	-5.8423469	-0.013953021
113.664	0.011602764	-5.8423883	-0.014100911
113.792	0.011794411	-5.8421829	-0.015797977
113.92	0.011827465	-5.8422189	-0.016120571
114.048	0.011904972	-5.8423349	-0.015796681
114.176	0.011724173	-5.8418588	-0.012869955
114.304	0.011935737	-5.8421085	-0.014957629
114.432	0.011813444	-5.8422404	-0.013916393
114.56	0.011962185	-5.8419788	-0.014950114
114.688	0.012071071	-5.8422501	-0.016141405
114.816	0.011858036	-5.8417922	-0.013672248
114.944	0.012138392	-5.8422765	-0.015188697
115.072	0.012220905	-5.8422803	-0.01575832
115.2	0.012049308	-5.8418548	-0.013454573
115.328	0.01216404	-5.8418494	-0.015510037
115.456	0.012193509	-5.8419202	-0.015230766
115.584	0.012488373	-5.8419806	-0.013766004
115.712	0.012130612	-5.8414792	-0.013899079
115.84	0.012290816	-5.8415465	-0.014915453
115.968	0.012484656	-5.8418029	-0.013778547
116.096	0.01255516	-5.841956	-0.011907472
116.224	0.012374767	-5.8418636	-0.012967423
116.352	0.012505935	-5.842082	-0.014757514
116.48	0.012215263	-5.841668	-0.012492012
116.608	0.012131525	-5.8415954	-0.011250229
116.736	0.012278426	-5.8413941	-0.013674518
116.864	0.012198987	-5.8417146	-0.011941784
116.992	0.012463728	-5.8417038	-0.0095009643
117.12	0.012325193	-5.8418607	-0.012048896
117.248	0.012085394	-5.8417228	-0.014060789
117.376	0.012161709	-5.8421223	-0.014226618
117.504	0.012145747	-5.8422942	-0.01414282
117.632	0.012013514	-5.8418892	-0.012771985
117.76	0.011836838	-5.8418525	-0.011334353
117.888	0.012029114	-5.8422252	-0.014534386
118.016	0.012047754	-5.8423781	-0.013572097
118.144	0.011829353	-5.8422839	-0.012053373
118.272	0.011620733	-5.8423948	-0.015460765
118.4	0.011947522	-5.8428832	-0.017210393
118.528	0.011587792	-5.8425693	-0.013794001
118.656	0.01158395	-5.8425244	-0.014826545
118.784	0.011802025	-5.8426852	-0.017490384
118.912	0.011580354	-5.8425518	-0.016080364
119.04	0.011688118	-5.8426371	-0.016664897
119.168	0.01162711	-5.8424541	-0.014929061
119.296	0.011756388	-5.8427761	-0.015866873
119.424	0.011666641	-5.8427016	-0.014058238
119.552	0.011550532	-5.8423015	-0.011264639
119.68	0.011819032	-5.8425443	-0.013527138
119.808	0.011565921	-5.8422481	-0.016385665
119.936	0.011618746	-5.8423396	-0.016475131
120.064	0.011752613	-5.8425522	-0.013362664
120.192	0.01193612	-5.8426885	-0.015020663
120.32	0.011717215	-5.8422429	-0.015227486
120.448	0.011900645	-5.8425042	-0.01571062
120.576	0.011754401	-5.8422227	-0.015157769
120.704	0.012098021	-5.8421821	-0.014867156
120.832	0.01196978	-5.8420853	-0.013760547
120.96	0.011954472	-5.8419091	-0.013587499
121.088	0.011994271	-5.841732	-0.014257529
121.216	0.012106434	-5.8418925	-0.014454141
121.344	0.012145779	-5.8417697	-0.012826115
121.472	0.012221035	-5.8416641	-0.014405436
121.6	0.012114262	-5.8417472	-0.010898785
121.728	0.012375098	-5.8419499	-0.012946673
121.856	0.012337346	-5.8419969	-0.012939227
121.984	0.012429574	-5.8422872	-0.012089512
122.112	0.012482436	-5.8420441	-0.012994081
122.24	0.012397103	-5.8416762	-0.01343184
122.368	0.012423953	-5.8417951	-0.013730992
122.496	0.012184577	-5.8415725	-0.011031848
122.624	0.012386466	-5.8416806	-0.012672066
122.752	0.012278319	-5.841727	-0.013011713
122.88	0.0124816	-5.8420252	-0.012621691
123.008	0.012201725	-5.8417385	-0.01176061
123.136	0.012392584	-5.8423138	-0.012672752
123.264	0.012197639	-5.8423934	-0.012332177
123.392	0.012298753	-5.842293	-0.013753316
123.52	0.012303133	-5.8422391	-0.012447747
123.648	0.012109399	-5.8421932	-0.013776788
123.776	0.012037862	-5.8420704	-0.01564609
123.904	0.012084423	-5.8422742	-0.016131182
124.032	0.012020196	-5.842036	-0.016039424
124.16	0.011917526	-5.8423116	-0.014289301
124.288	0.01201383	-5.8425607	-0.014947097
124.416	0.011764567	-5.8421697	-0.013376608
124.544	0.011662625	-5.841998	-0.01409923
124.672	0.011815965	-5.8421578	-0.014983212
124.8	0.011732772	-5.8421455	-0.015434869
124.928	0.011685209	-5.8424341	-0.014065382
125.056	0.011757277	-5.8424995	-0.01507385
125.184	0.011637205	-5.8423926	-0.014587896
125.312	0.011562795	-5.8422879	-0.016375448
125.44	0.011638823	-5.8424176	-0.018611079
125.568	0.011810349	-5.8425201	-0.014999997
125.696	0.011439353	-5.8424253	-0.014954629
125.824	0.011755782	-5.8427984	-0.015051589
125.952	0.011518681	-5.8424443	-0.015740715
126.08	0.011789444	-5.8427803	-0.018848024
126.208	0.011521427	-5.8424195	-0.015388011
126.336	0.011929758	-5.8425412	-0.015454868
126.464	0.011697307	-5.842508	-0.013791893
126.592	0.011562794	-5.8421524	-0.012777744
126.72	0.011908436	-5.8422774	-0.015128824
126.848	0.011832718	-5.8420153	-0.013272911
126.976	0.011993076	-5.8421567	-0.013780525
127.104	0.012017813	-5.8420671	-0.014235861
127.232	0.011962391	-5.8420483	-0.012333769
127.36	0.011978128	-5.8420102	-0.014374871
127.488	0.012151506	-5.841697	-0.014414297
127.616	0.012245426	-5.8417239	-0.012820204
127.744	0.012175072	-5.8421358	-0.014130337
127.872	0.012283818	-5.8421519	-0.01285245
128	0.012292502	-5.8418476	-0.012071967
128.128	0.012204497	-5.8415269	-0.013473831
128.256	0.012220746	-5.8415616	-0.013237015
128.384	0.012319718	-5.8418383	-0.01195178
128.512	0.01252979	-5.8421392	-0.013596018
128.64	0.012413301	-5.8418032	-0.013811526
128.768	0.012431055	-5.8417397	-0.012006805
128.896	0.012315936	-5.8417481	-0.011112077
129.024	0.012153638	-5.8416463	-0.011682508
129.152	0.012368369	-5.8416564	-0.013109539
129.28	0.012305706	-5.8417142	-0.013328794
129.408	0.012275478	-5.8418307	-0.011812716
129.536	0.012245447	-5.8421424	-0.01318864
129.664	0.012111888	-5.8420537	-0.016196463
129.792	0.012147681	-5.8420386	-0.015457752
129.92	0.012021579	-5.8419614	-0.013577653
130.048	0.012231744	-5.8421664	-0.014275248
130.176	0.012244255	-5.8422952	-0.013308918
130.304	0.011860939	-5.8419578	-0.013288093
130.432	0.011954928	-5.8421704	-0.012848556
130.56	0.011924397	-5.8423331	-0.012926338
130.688	0.011861202	-5.8423436	-0.014880035
130.816	0.011743239	-5.8422038	-0.01364414
130.944	0.011902466	-5.8426048	-0.015743435
131.072	0.01185414	-5.8424378	-0.017141937
131.2	0.011495996	-5.8423171	-0.016911844
131.328	0.011587137	-5.8424705	-0.017404235
131.456	0.0116665	-5.8425451	-0.015937763
131.584	0.011418558	-5.8419843	-0.015079652
131.712	0.011660839	-5.8424911	-0.0174032
131.84	0.011709519	-5.8426299	-0.014974627
131.968	0.011740802	-5.8428421	-0.014933868
132.096	0.011524888	-5.8424952	-0.014291202
132.224	0.01165338	-5.8428569	-0.014740266
132.352	0.011599029	-5.8424628	-0.013401215
132.48	0.011764549	-5.8423197	-0.014212686
132.608	0.011633195	-5.8424765	-0.017381318
132.736	0.01176237	-5.8424861	-0.018446021
132.864	0.011803848	-5.842367	-0.015243444
132.992	0.011899487	-5.8423298	-0.013806905
133.12	0.011769867	-5.8421512	-0.013791336
133.248	0.012046102	-5.8425077	-0.014342334
133.376	0.012005301	-5.8423024	-0.011306592
133.504	0.011883338	-5.8421598	-0.011361677
133.632	0.012016316	-5.8421932	-0.012731785
133.76	0.012023253	-5.8420462	-0.011450391
133.888	0.012056957	-5.8419432	-0.012330067
134.016	0.012170877	-5.841969	-0.01276903
134.144	0.012335439	-5.8422857	-0.011501761
134.272	0.012309875	-5.841929	-0.012877255
134.4	0.012197493	-5.841468	-0.011857801
134.528	0.012321712	-5.8416502	-0.012676859
134.656	0.012332569	-5.8416267	-0.014255163
134.784	0.012202206	-5.8414098	-0.013488695
134.912	0.01238049	-5.8416523	-0.011620759
135.04	0.012350832	-5.8417458	-0.011612462
135.168	0.012333655	-5.8415344	-0.010945582
135.296	0.012412257	-5.8416267	-0.011596283
135.424	0.012596882	-5.8421153	-0.012408698
135.552	0.012305212	-5.8419015	-0.014863848
135.68	0.012299652	-5.8417036	-0.014212096
135.808	0.012187622	-5.8416335	-0.012924442
135.936	0.012182068	-5.841834	-0.014020988
136.064	0.012140114	-5.8417244	-0.01363818
136.192	0.012071097	-5.8421009	-0.013564902
136.32	0.0120385	-5.8420992	-0.012559108
136.448	0.012241255	-5.8423458	-0.012832466
136.576	0.011960197	-5.8418742	-0.014067029
136.704	0.011789612	-5.8417478	-0.014888087
136.832	0.011932842	-5.8422344	-0.016436667
136.96	0.011792509	-5.842127	-0.01621623
137.088	0.011873839	-5.8425606	-0.016082262
137.216	0.011698394	-5.8425735	-0.013395389
137.344	0.011738917	-5.8424652	-0.014200723
137.472	0.011848101	-5.8427275	-0.015283803
137.6	0.011722762	-5.8427104	-0.013789554
137.728	0.011618205	-5.8423308	-0.015292069
137.856	0.011561028	-5.8425034	-0.014843479
137.984	0.011710112	-5.8426695	-0.015899554
138.112	0.011455065	-5.8425053	-0.01503888
138.24	0.011686599	-5.8427168	-0.011945727
138.368	0.0117043	-5.8426901	-0.015162195
138.496	0.011698466	-5.8425275	-0.016415044
138.624	0.011591568	-5.8420621	-0.016522072
138.752	0.011633889	-5.842116	-0.018581744
138.88	0.011782304	-5.8425005	-0.01604939
139.008	0.011679835	-5.842243	-0.01507915
139.136	0.011702612	-5.8423352	-0.015790906
139.264	0.012084495	-5.8426917	-0.014527017
139.392	0.011717553	-5.8424132	-0.01344677
139.52	0.011777615	-5.8420571	-0.013022986
139.648	0.011985106	-5.8421592	-0.01407129
139.776	0.011971496	-5.8423103	-0.015250406
139.904	0.012209765	-5.8424311	-0.015446557
140.032	0.012058398	-5.8422716	-0.014515337
140.16	0.012130516	-5.8421174	-0.014450558
140.288	0.012293118	-5.8420023	-0.013505074
140.416	0.012202751	-5.8418661	-0.011524667
140.544	0.012273357	-5.8418645	-0.012824499
140.672	0.012213596	-5.8418588	-0.013406321
140.8	0.012286823	-5.8416382	-0.013123601
140.928	0.012311005	-5.8417591	-0.013097786
141.056	0.012310853	-5.8417919	-0.011641052
141.184	0.012552845	-5.841938	-0.011523445
141.312	0.012320556	-5.8415341	-0.012475472
141.44	0.012391563	-5.8414792	-0.014647351
141.568	0.012221615	-5.8413956	-0.015642859
141.696	0.012539165	-5.841876	-0.013131382
141.824	0.012343267	-5.8415957	-0.011619073
141.952	0.012066258	-5.8414156	-0.01284365
142.08	0.012353261	-5.84152	-0.013008173
142.208	0.012329983	-5.8418321	-0.01444921
142.336	0.012229355	-5.8418437	-0.013938181
142.464	0.012158554	-5.8418186	-0.012219295
142.592	0.012058688	-5.84182	-0.012174919
142.72	0.012113217	-5.841989	-0.014152144
142.848	0.011900732	-5.8420042	-0.014282406
142.976	0.011947802	-5.8418772	-0.012675293
143.104	0.011978583	-5.8421133	-0.012351675
143.232	0.011909953	-5.8422741	-0.014269893
143.36	0.011741092	-5.8420265	-0.014444789
143.488	0.011973435	-5.8424616	-0.014321162
143.616	0.0118055	-5.8426592	-0.01496536
143.744	0.011435552	-5.842332	-0.013754497
143.872	0.011767621	-5.8428994	-0.014096285
144	0.011498171	-5.8425337	-0.014679195
144.128	0.011745668	-5.8426007	-0.016475254
144.256	0.011647124	-5.8425451	-0.014283439
144.384	0.011581529	-5.8424593	-0.01554632
144.512	0.011672489	-5.8426938	-0.016490132
144.64	0.01158151	-5.8426194	-0.01423397
144.768	0.011567145	-5.8426048	-0.015988137
144.896	0.011649894	-5.8428144	-0.016622778
145.024	0.011738661	-5.8426781	-0.015202923
145.152	0.011818248	-5.8425926	-0.016101582
145.28	0.011794531	-5.8421974	-0.014899616
145.408	0.011646045	-5.8420922	-0.011906616
145.536	0.011836713	-5.8423399	-0.012458885
145.664	0.01194536	-5.8422721	-0.014599192
145.792	0.011781727	-5.8421297	-0.015440116
145.92	0.01180648	-5.8420427	-0.015256186
146.048	0.012104017	-5.8421961	-0.015315058
146.176	0.012064479	-5.8421666	-0.012426411
146.304	0.011955503	-5.8420386	-0.012100477
146.432	0.012097871	-5.841944	-0.015401676
146.56	0.01226727	-5.8418572	-0.015445437
146.688	0.012048326	-5.8415398	-0.013442183
146.816	0.012180553	-5.8418159	-0.014907454
146.944	0.012340716	-5.8419276	-0.015034582
147.072	0.01261365	-5.8419725	-0.013644903
147.2	0.012195612	-5.8414432	-0.011726514
147.328	0.012114493	-5.8415535	-0.013824472
147.456	0.012519182	-5.8420418	-0.014019849
147.584	0.012240032	-5.8417919	-0.013518145
147.712	0.012451948	-5.8419044	-0.015246528
147.84	0.012282039	-5.8414665	-0.014804836
147.968	0.012237155	-5.841783	-0.015663459
148.096	0.012463437	-5.8418095	-0.01415141
148.224	0.012469196	-5.8419064	-0.013952979
148.352	0.012161874	-5.8417185	-0.013519405
148.48	0.012491971	-5.842361	-0.01470231
148.608	0.012217216	-5.8422564	-0.011823341
148.736	0.011986069	-5.8416538	-0.011069866
148.864	0.012166493	-5.8419926	-0.012011257
148.992	0.012108165	-5.8420851	-0.012488503
149.12	0.012015835	-5.8422257	-0.014067105
149.248	0.011908711	-5.8422066	-0.013073696
149.376	0.011999797	-5.8423919	-0.013092074
149.504	0.011712184	-5.8423639	-0.010417305
149.632	0.011937577	-5.8423464	-0.013512495
149.76	0.01184557	-5.8423885	-0.013834167
149.888	0.011792175	-5.8423582	-0.012513569
150.016	0.011734216	-5.842477	-0.013659301
150.144	0.011706938	-5.842306	-0.013788113
150.272	0.011565699	-5.8424709	-0.013646392
150.4	0.011499309	-5.8423191	-0.013841145
150.528	0.011736033	-5.8427867	-0.014851358
150.656	0.011730813	-5.8428497	-0.016334986
150.784	0.011549147	-5.8423636	-0.01558739
150.912	0.011553692	-5.8425999	-0.013848922
151.04	0.011798506	-5.842645	-0.015442159
151.168	0.011578417	-5.8421745	-0.01599595
151.296	0.011739264	-5.8424775	-0.015534559
151.424	0.01165585	-5.8423715	-0.015501266
151.552	0.012033433	-5.8430054	-0.015872763
151.68	0.011538538	-5.8420193	-0.01348955
151.808	0.012053803	-5.8423766	-0.015893912
151.936	0.011862856	-5.8423872	-0.016669616
152.064	0.011790536	-5.8422741	-0.014762029
152.192	0.012107437	-5.8424927	-0.014308942
152.32	0.011936151	-5.8421572	-0.012852798
152.448	0.011789808	-5.8417499	-0.012019771
152.576	0.012107204	-5.8420464	-0.015235216
152.704	0.012185707	-5.8421384	-0.015713536
152.832	0.012173948	-5.842207	-0.013962408
152.96	0.012163147	-5.8418651	-0.013999178
153.088	0.012243927	-5.8419005	-0.013812968
153.216	0.012275114	-5.8420535	-0.013012663
153.344	0.012403022	-5.8418326	-0.014232823
153.472	0.01234969	-5.8419378	-0.013351779
153.6	0.012269646	-5.8417763	-0.010971009
153.728	0.01237694	-5.8417823	-0.011971134
153.856	0.01242121	-5.8416865	-0.011880298
153.984	0.012325533	-5.8415138	-0.011197694
154.112	0.012495708	-5.8418257	-0.012838748
154.24	0.01222978	-5.8418333	-0.012837623
154.368	0.012294187	-5.8414886	-0.014645095
154.496	0.01240538	-5.8416983	-0.015918888
154.624	0.012323284	-5.8418698	-0.012952548
154.752	0.012119479	-5.8417275	-0.012107473
154.88	0.012256688	-5.8419705	-0.013474369
155.008	0.012133216	-5.8421128	-0.01164837
155.136	0.012274708	-5.8423513	-0.012784328
155.264	0.011911338	-5.8420337	-0.013726878
155.392	0.011898967	-5.8419743	-0.013296314
155.52	0.012023042	-5.8422295	-0.014448798
155.648	0.012067165	-5.8421254	-0.015298212
155.776	0.01195808	-5.84219	-0.016652613
155.904	0.011768864	-5.842366	-0.016062313
156.032	0.011773142	-5.842292	-0.014869881
156.16	0.011764844	-5.8424862	-0.015778636
156.288	0.011730195	-5.8424105	-0.016063572
156.416	0.011686981	-5.842375	-0.014691625
156.544	0.011733242	-5.84247	-0.016598417
156.672	0.011766017	-5.8424669	-0.015295999
156.8	0.011546367	-5.8422446	-0.012867241
156.928	0.011648381	-5.8425675	-0.014405877
157.056	0.011630001	-5.8424916	-0.012951293
157.184	0.011660391	-5.8426288	-0.012725762
157.312	0.011723238	-5.8424846	-0.013448863
157.44	0.011569017	-5.8422626	-0.014854657
157.568	0.011759789	-5.8425541	-0.016932283
157.696	0.011789263	-5.8424546	-0.016447325
157.824	0.011758525	-5.8424798	-0.01632889
157.952	0.01180807	-5.842135	-0.014315555
158.08	0.011839329	-5.8423548	-0.014231526
158.208	0.011811052	-5.8420751	-0.013227654
158.336	0.011874973	-5.8420393	-0.012602506
158.464	0.011934183	-5.8420574	-0.013474114
158.592	0.012071228	-5.8422852	-0.014847247
158.72	0.012212426	-5.8423812	-0.014193812
158.848	0.012103259	-5.8419685	-0.013129559
158.976	0.012094606	-5.8418281	-0.011799707
159.104	0.012052467	-5.8417267	-0.012678279
159.232	0.012404201	-5.8421552	-0.015614667
159.36	0.012239017	-5.842387	-0.013468999
159.488	0.012056491	-5.8420039	-0.010568515
159.616	0.012454915	-5.8422832	-0.012790742
159.744	0.012377824	-5.841872	-0.012898603
159.872	0.012099244	-5.8417718	-0.012838651
160	0.012635672	-5.8422358	-0.01408044
160.128	0.012364786	-5.8419132	-0.013992897
160.256	0.012244534	-5.8419823	-0.014390962
160.384	0.012325393	-5.841914	-0.014714343
160.512	0.012264226	-5.841779	-0.013298522
160.64	0.012328477	-5.8416588	-0.011824785
160.768	0.012315863	-5.8418866	-0.01376869
160.896	0.012219207	-5.8420226	-0.014980757
161.024	0.012238742	-5.8419467	-0.012340911
161.152	0.01217298	-5.8417655	-0.012041373
161.28	0.012207442	-5.8420548	-0.013821402
161.408	0.01216844	-5.842288	-0.012026113
161.536	0.012158544	-5.8421857	-0.013765651
161.664	0.012065198	-5.8423802	-0.015517352
161.792	0.011984765	-5.8422838	-0.013200137
161.92	0.011823257	-5.8419234	-0.011925334
162.048	0.012050611	-5.8422686	-0.015015628
162.176	0.01184597	-5.8423118	-0.014272409
162.304	0.011652143	-5.842251	-0.01410821
162.432	0.011846626	-5.8421186	-0.014251878
162.56	0.011822085	-5.8425476	-0.015478111
162.688	0.011704185	-5.8424788	-0.015795761
162.816	0.011718062	-5.8425091	-0.015675561
162.944	0.011553435	-5.8422089	-0.017173774
163.072	0.011692639	-5.8421399	-0.016586953
163.2	0.011658752	-5.8423421	-0.016170428
163.328	0.011517036	-5.8422987	-0.012769906
163.456	0.011871651	-5.8425522	-0.015520688
163.584	0.011486844	-5.8422165	-0.017314911
163.712	0.011750379	-5.8424176	-0.01593439
163.84	0.011829383	-5.8424371	-0.016144609
163.968	0.011526985	-5.8419992	-0.015753411
164.096	0.011952357	-5.8423741	-0.016956052
164.224	0.011705159	-5.842257	-0.014391473
164.352	0.011717474	-5.8423055	-0.015040941
164.48	0.011913906	-5.8422052	-0.01250275
164.608	0.011967662	-5.842191	-0.013081199
164.736	0.012067255	-5.842321	-0.015360876
164.864	0.011857961	-5.8423064	-0.012089032
164.992	0.01194233	-5.8422106	-0.01251632
165.12	0.012052859	-5.8420874	-0.015036182
165.248	0.012056164	-5.8421373	-0.01394999
165.376	0.012286457	-5.8423127	-0.012697177
165.504	0.012039529	-5.8421305	-0.012475529
165.632	0.012327796	-5.842302	-0.01324069
165.76	0.012166477	-5.8422346	-0.011941719
165.888	0.01222214	-5.8417587	-0.013643944
166.016	0.012330516	-5.8417525	-0.015460257
166.144	0.012503504	-5.841882	-0.015724853
166.272	0.012115655	-5.8414655	-0.014162774
166.4	0.012369503	-5.8416522	-0.012235848
166.528	0.012195062	-5.8415482	-0.010730103
166.656	0.012396908	-5.8419898	-0.012238954
166.784	0.012365192	-5.8417863	-0.013398779
166.912	0.012463629	-5.84185	-0.012126457
167.04	0.012267434	-5.8414733	-0.013497051
167.168	0.012397172	-5.8419605	-0.016899505
167.296	0.012101325	-5.8416039	-0.013840449
167.424	0.012184322	-5.8418806	-0.013445153
167.552	0.012197454	-5.8419083	-0.013286719
167.68	0.012037186	-5.8420061	-0.013730836
167.808	0.011925718	-5.8421416	-0.013964395
167.936	0.012189195	-5.8422301	-0.013291607
168.064	0.011865074	-5.8421048	-0.011325016
168.192	0.012118095	-5.8424288	-0.014749618
168.32	0.011929768	-5.8422332	-0.014572281
168.448	0.011766765	-5.8422157	-0.012126466
168.576	0.011566636	-5.8418794	-0.013230308
168.704	0.011940065	-5.8423899	-0.015768892
168.832	0.011907004	-5.8427561	-0.016553431
168.96	0.011688545	-5.8426019	-0.015932185
169.088	0.011692066	-5.8426881	-0.01560809
169.216	0.011736673	-5.8425102	-0.0150181
169.344	0.011612878	-5.84229	-0.015408139
169.472	0.011629923	-5.8422545	-0.01583902
169.6	0.011682883	-5.8425619	-0.016388549
169.728	0.011633607	-5.8426401	-0.015842484
169.856	0.011794727	-5.8426681	-0.01469332
169.984	0.011611367	-5.8424497	-0.012234923
170.112	0.011734237	-5.8427353	-0.015535647
170.24	0.011734319	-5.8424663	-0.014754575
170.368	0.011803777	-5.8425077	-0.014720733
170.496	0.011693536	-5.8423317	-0.0151532
170.624	0.011724185	-5.8422228	-0.013526349
170.752	0.01185636	-5.8425841	-0.013136776
170.88	0.012007388	-5.8425484	-0.015270609
171.008	0.011830893	-5.8423669	-0.015008651
171.136	0.011875915	-5.8421238	-0.013937097
171.264	0.012108029	-5.8421353	-0.014120456
171.392	0.011939423	-5.8418815	-0.01336267
171.52	0.01226041	-5.8421801	-0.014965947
171.648	0.012046555	-5.8417711	-0.013771903
171.776	0.012070456	-5.8417487	-0.014161949
171.904	0.012216353	-5.8419784	-0.012143529
172.032	0.012190456	-5.8415801	-0.011820997
172.16	0.012221189	-5.841795	-0.012315541
172.288	0.012516519	-5.8417898	-0.012957005
172.416	0.012166318	-5.8413236	-0.01303569
172.544	0.012368159	-5.841494	-0.012825752
172.672	0.012387821	-5.8414537	-0.014173239
172.8	0.012307408	-5.8416573	-0.015536925
172.928	0.012294899	-5.8419081	-0.01350188
173.056	0.012180911	-5.8418085	-0.01237626
173.184	0.01248435	-5.8419396	-0.013947929
173.312	0.012353041	-5.8417064	-0.014476341
173.44	0.0123843	-5.8419655	-0.013137333
173.568	0.012153203	-5.8418551	-0.012637154
173.696	0.0121926	-5.8421824	-0.015891544
173.824	0.012112069	-5.8420798	-0.014179765
173.952	0.012081896	-5.8420507	-0.014061195
174.08	0.011974651	-5.8419543	-0.015776727
174.208	0.012154853	-5.8423983	-0.01565597
174.336	0.012069188	-5.8423619	-0.012229821
174.464	0.01191466	-5.8422275	-0.012875496
174.592	0.011925761	-5.8423814	-0.014997702
174.72	0.012033188	-5.8424624	-0.014537542
174.848	0.011682543	-5.8423545	-0.013048922
174.976	0.011706815	-5.8424085	-0.014524742
175.104	0.012018079	-5.8426295	-0.016315201
175.232	0.011723456	-5.8425248	-0.016648102
175.36	0.011619302	-5.8423597	-0.013551202
175.488	0.011628087	-5.8423389	-0.013928289
175.616	0.011570064	-5.8422084	-0.014906214
175.744	0.011720623	-5.842353	-0.01636127
175.872	0.011647048	-5.8426077	-0.016092277
176	0.011834816	-5.8426712	-0.013988171
176.128	0.011588533	-5.842348	-0.015108381
176.256	0.011566301	-5.842255	-0.014839325
176.384	0.011602448	-5.8423841	-0.012925419
176.512	0.011673248	-5.8422857	-0.014408677
176.64	0.011683953	-5.8422751	-0.015121646
176.768	0.011767971	-5.8423718	-0.015450767
176.896	0.01179894	-5.8421276	-0.015002564
177.024	0.011912974	-5.8421094	-0.013297943
177.152	0.012005161	-5.842363	-0.013525764
177.28	0.011875714	-5.8422657	-0.012238739
177.408	0.011990082	-5.842395	-0.013575424
177.536	0.011986909	-5.8422081	-0.014911835
177.664	0.01200373	-5.8418553	-0.01280532
177.792	0.012050536	-5.8419226	-0.01462504
177.92	0.012015838	-5.8418516	-0.0120747
178.048	0.012030767	-5.8418848	-0.010463125
178.176	0.012330492	-5.8420462	-0.012826606
178.304	0.012216161	-5.8418447	-0.011554564
178.432	0.012260903	-5.8419046	-0.012339046
178.56	0.012578004	-5.8422977	-0.015604539
178.688	0.01238235	-5.8420337	-0.013313111
178.816	0.012230248	-5.8418204	-0.01356999
178.944	0.012273802	-5.8416177	-0.014240882
179.072	0.012410727	-5.8417758	-0.014034182
179.2	0.012300377	-5.8415629	-0.01220374
179.328	0.01239633	-5.8416505	-0.013517143
179.456	0.012207638	-5.8414326	-0.012500601
179.584	0.012274805	-5.8416779	-0.013906994
179.712	0.012221064	-5.8417617	-0.014020393
179.84	0.012407837	-5.8420303	-0.01211389
179.968	0.012275766	-5.8418845	-0.01357802
180.096	0.012028478	-5.8420178	-0.013876548
180.224	0.012355344	-5.8423029	-0.011395608
180.352	0.012107186	-5.8419306	-0.010409708
180.48	0.011991107	-5.8418432	-0.013737915
180.608	0.011866858	-5.8417003	-0.01407313
180.736	0.012036343	-5.8421188	-0.015903814
180.864	0.012012735	-5.8420688	-0.01517954
180.992	0.011971475	-5.8422325	-0.014395433
181.12	0.011882226	-5.8422951	-0.013433919
181.248	0.011723283	-5.8422727	-0.015383065
181.376	0.011669854	-5.8423702	-0.015542183
181.504	0.011709241	-5.8424661	-0.015528918
181.632	0.011630614	-5.8424399	-0.016017165
181.76	0.011825417	-5.842553	-0.015129227
181.888	0.011587404	-5.8423786	-0.01645979
182.016	0.011673287	-5.8422888	-0.015797547
182.144	0.011863111	-5.842613	-0.015068161
182.272	0.011655527	-5.842438	-0.015748368
182.4	0.011747257	-5.8427235	-0.015052496
182.528	0.011672336	-5.8427399	-0.015082362
182.656	0.011448273	-5.8422058	-0.014912316
182.784	0.01192592	-5.8427078	-0.014873082
182.912	0.011681413	-5.8422524	-0.01365321
183.04	0.011950251	-5.8427825	-0.016338727
183.168	0.011877027	-5.8423268	-0.015235821
183.296	0.011671706	-5.8420818	-0.012789242
183.424	0.011771088	-5.8423197	-0.014497031
183.552	0.011903968	-5.8423768	-0.015072402
183.68	0.011956253	-5.8424957	-0.013358865
183.808	0.012011443	-5.842097	-0.013157853
183.936	0.012037072	-5.8419388	-0.016094307
184.064	0.012306152	-5.8422193	-0.016003715
184.192	0.011987232	-5.8419677	-0.014382912
184.32	0.012104428	-5.8416017	-0.013954386
184.448	0.012104018	-5.8414826	-0.013350694
184.576	0.012339224	-5.8417294	-0.013882044
184.704	0.012082671	-5.8415858	-0.012956846
184.832	0.012330582	-5.8417417	-0.013253857
184.96	0.012423746	-5.8418781	-0.013360277
185.088	0.012365697	-5.8417488	-0.012265733
185.216	0.012440387	-5.8418119	-0.011572293
185.344	0.012223771	-5.8417229	-0.012154493
185.472	0.012437362	-5.8418981	-0.01112199
185.6	0.012460379	-5.8416367	-0.010771064
185.728	0.01232564	-5.8415899	-0.012348919
185.856	0.012262855	-5.84158	-0.013242847
185.984	0.012287877	-5.8418662	-0.015347708
186.112	0.012352837	-5.8417744	-0.015315442
186.24	0.012191797	-5.8419208	-0.014009099
186.368	0.012159815	-5.8420395	-0.015413999
186.496	0.012183633	-5.8419561	-0.015358993
186.624	0.012176911	-5.8421758	-0.01465052
186.752	0.012010535	-5.8419334	-0.015915129
186.88	0.012052072	-5.8423404	-0.014516884
187.008	0.012039747	-5.8424801	-0.015362013
187.136	0.011933274	-5.8421336	-0.014734943
187.264	0.012058559	-5.8423095	-0.01405125
187.392	0.011871693	-5.8422546	-0.015098474
187.52	0.011733842	-5.8423279	-0.013520562
187.648	0.011693308	-5.842108	-0.01537317
187.776	0.011553192	-5.842138	-0.017266566
187.904	0.011775402	-5.8425721	-0.015338715
188.032	0.011684418	-5.8424021	-0.01270189
188.16	0.011671063	-5.8423701	-0.01239345
188.288	0.01178814	-5.8426218	-0.013707616
188.416	0.011877917	-5.84267	-0.014002641
188.544	0.011378113	-5.8423187	-0.012418105
188.672	0.011650466	-5.8424731	-0.013345279
188.8	0.011904617	-5.8426221	-0.014872747
188.928	0.011558388	-5.8424099	-0.014873209
189.056	0.011685726	-5.8425992	-0.012094475
189.184	0.011820169	-5.8426649	-0.013603327
189.312	0.011837067	-5.842553	-0.01507738
189.44	0.011584628	-5.842248	-0.016487887
189.568	0.011800296	-5.8421271	-0.014302399
189.696	0.011851844	-5.8421255	-0.012212671
189.824	0.011884762	-5.8420106	-0.013514513
189.952	0.012027548	-5.8421104	-0.014278616
190.08	0.012036408	-5.8424488	-0.015268726
190.208	0.012049764	-5.8421325	-0.015376525
190.336	0.011922577	-5.8421383	-0.014206926
190.464	0.012311956	-5.8422733	-0.014055006
190.592	0.012131745	-5.8421189	-0.01356588
190.72	0.012167587	-5.8421237	-0.013772809
190.848	0.012036784	-5.8418413	-0.013730155
190.976	0.01233112	-5.8418453	-0.014031331
191.104	0.012210195	-5.8415538	-0.013335419
191.232	0.012217988	-5.8418197	-0.0167624
191.36	0.012320946	-5.8421143	-0.016600638
191.488	0.012333032	-5.8419616	-0.013599318
191.616	0.012425969	-5.8422643	-0.013101716
191.744	0.012532937	-5.8420148	-0.01336431
191.872	0.012324595	-5.8416899	-0.012154624
192	0.012455552	-5.8417477	-0.013779062
192.128	0.012211698	-5.8412063	-0.01302377
192.256	0.012149872	-5.8412293	-0.011653145
192.384	0.012428958	-5.8418518	-0.013362748
192.512	0.012171854	-5.8419764	-0.013858317
192.64	0.012351668	-5.8419598	-0.011131528
192.768	0.012180147	-5.8418769	-0.011431514
192.896	0.012105251	-5.8419617	-0.014105989
193.024	0.012142872	-5.8418644	-0.013667128
193.152	0.01186982	-5.841784	-0.013087865
193.28	0.012054206	-5.8420942	-0.015053314
193.408	0.012032952	-5.8422742	-0.014059719
193.536	0.011870086	-5.8423843	-0.013420368
193.664	0.011818876	-5.842143	-0.012971856
193.792	0.01192099	-5.8422817	-0.01389993
193.92	0.011855744	-5.8420964	-0.0147857
194.048	0.011639432	-5.8421847	-0.014423011
194.176	0.011931142	-5.8423406	-0.015665027
194.304	0.011633	-5.8423149	-0.015766462
194.432	0.011741214	-5.842485	-0.016077741
194.56	0.011628683	-5.8426587	-0.013159799
194.688	0.011682399	-5.8426769	-0.015232793
194.816	0.011682901	-5.8425048	-0.0156936
194.944	0.011607271	-5.8425568	-0.014919732
195.072	0.011826308	-5.8428312	-0.015372062
195.2	0.011650112	-5.8425057	-0.015261626
195.328	0.011546044	-5.8425252	-0.0154858
195.456	0.01182115	-5.84254	-0.014471842
195.584	0.011704268	-5.8424432	-0.014071482
195.712	0.011610436	-5.8424062	-0.015448225
195.84	0.011793053	-5.8424021	-0.017292133
195.968	0.011800903	-5.8423594	-0.017148056
196.096	0.011786175	-5.8421019	-0.013998743
196.224	0.01191726	-5.8419676	-0.015048557
196.352	0.012213905	-5.8422251	-0.01448714
196.48	0.011977863	-5.8418676	-0.01209613
196.608	0.012057624	-5.8419607	-0.013590671
196.736	0.012146215	-5.8421148	-0.013097724
196.864	0.012141659	-5.8418971	-0.012992291
196.992	0.012317455	-5.8422437	-0.01427239
197.12	0.012051182	-5.8419981	-0.013108334
197.248	0.01247052	-5.8421305	-0.014887756
197.376	0.01213129	-5.8416572	-0.012487327
197.504	0.012179186	-5.8418957	-0.011862894
197.632	0.012385093	-5.8418159	-0.012015498
197.76	0.01239897	-5.8418814	-0.013564833
197.888	0.012441637	-5.8416545	-0.013216131
198.016	0.012365615	-5.8416862	-0.011760218
198.144	0.012264842	-5.8415929	-0.012324982
198.272	0.012282289	-5.8415655	-0.012174783
198.4	0.012436847	-5.8419005	-0.013922612
198.528	0.012308097	-5.8417682	-0.013549144
198.656	0.012351819	-5.8418049	-0.012471868
198.784	0.012216872	-5.8418373	-0.013708373
198.912	0.012212725	-5.8421036	-0.013681026
199.04	0.012358787	-5.8419736	-0.014613829
199.168	0.012268014	-5.8421402	-0.012869217
199.296	0.011954698	-5.842142	-0.01261677
199.424	0.012090207	-5.8422075	-0.013542902
199.552	0.011909395	-5.8419777	-0.011989481
199.68	0.011965733	-5.8422381	-0.011786349
199.808	0.012043015	-5.8424257	-0.015602442
199.936	0.011940517	-5.8423115	-0.017759658
200.064	0.011717505	-5.8420349	-0.01581282
200.192	0.011762147	-5.8422322	-0.015872661
200.32	0.011747891	-5.8422784	-0.015571474
200.448	0.011650131	-5.8420046	-0.014021354
200.576	0.011788101	-5.842306	-0.015322094
200.704	0.011753992	-5.8426119	-0.016645234
200.832	0.011509282	-5.8422706	-0.014653272
200.96	0.01153635	-5.8424491	-0.014534485
201.088	0.011797099	-5.8424849	-0.017279959
201.216	0.011678792	-5.842622	-0.013303239
201.344	0.011500251	-5.8423177	-0.013231823
201.472	0.011719481	-5.8427971	-0.014144962
201.6	0.011723154	-5.8425301	-0.012833747
201.728	0.011539542	-5.8422729	-0.012795723
201.856	0.011859981	-5.8427822	-0.016910629
201.984	0.011854797	-5.8425443	-0.019502615
202.112	0.011850738	-5.8423814	-0.016502386
202.24	0.011770237	-5.842327	-0.013803022
202.368	0.011685518	-5.8419741	-0.01566109
202.496	0.011989989	-5.8421867	-0.015026432
202.624	0.012096055	-5.8421978	-0.014674855
202.752	0.01198094	-5.8424054	-0.015068635
202.88	0.012095597	-5.8422098	-0.014577315
203.008	0.011814623	-5.8419	-0.01563937
203.136	0.012376889	-5.8425253	-0.015197903
203.264	0.012125651	-5.842153	-0.012852323
203.392	0.012271697	-5.842239	-0.013161394
203.52	0.012317386	-5.8421229	-0.010982488
203.648	0.01231534	-5.8421912	-0.011783741
203.776	0.012362301	-5.8419674	-0.011066218
203.904	0.012194655	-5.8414561	-0.010384844
204.032	0.012443171	-5.8417371	-0.010691338
204.16	0.012263674	-5.8417193	-0.010182226
204.288	0.012539622	-5.84167	-0.014026705
204.416	0.012532662	-5.8418509	-0.013664419
204.544	0.012237173	-5.8415307	-0.013059271
204.672	0.012369163	-5.8416808	-0.012866245
204.8	0.012327774	-5.8418889	-0.015056797
204.928	0.012084342	-5.8415035	-0.013642584
205.056	0.01236851	-5.8421456	-0.013087883
205.184	0.012113161	-5.8420001	-0.01284367
205.312	0.012312454	-5.8422674	-0.014177258
205.44	0.011974885	-5.8418123	-0.010907396
205.568	0.011975683	-5.8420457	-0.01170152
205.696	0.012163765	-5.8422546	-0.01400447
205.824	0.012051776	-5.8421232	-0.015211263
205.952	0.011820906	-5.8419248	-0.016434446
206.08	0.011921797	-5.8422309	-0.016086933
206.208	0.011959734	-5.8424689	-0.015305328
206.336	0.011852606	-5.8424297	-0.012519882
206.464	0.01194826	-5.842509	-0.01520675
206.592	0.011551163	-5.842134	-0.01598854
206.72	0.011833976	-5.8426574	-0.015813743
206.848	0.011702779	-5.8426247	-0.014293238
206.976	0.011627254	-5.842381	-0.013373922
207.104	0.011605821	-5.8422301	-0.0142378
207.232	0.011638026	-5.8423232	-0.015759971
207.36	0.011556671	-5.8423987	-0.013387832
207.488	0.011685994	-5.8423593	-0.016557639
207.616	0.011854604	-5.8428828	-0.016975521
207.744	0.011464743	-5.8421836	-0.012455723
207.872	0.011822534	-5.8428058	-0.013573315
208	0.011672328	-5.8422849	-0.01372426
208.128	0.011748867	-5.8420877	-0.014757957
208.256	0.011873552	-5.8422273	-0.01747738
208.384	0.011893228	-5.842582	-0.018057129
208.512	0.011554246	-5.8418406	-0.014449198
208.64	0.011844937	-5.84215	-0.014140389
208.768	0.012113062	-5.8424826	-0.01473812
208.896	0.011927719	-5.8421557	-0.016693154
209.024	0.012099614	-5.8421833	-0.015193118
209.152	0.011939452	-5.8418707	-0.014070555
209.28	0.011988827	-5.8419583	-0.014010846
209.408	0.012019189	-5.8420424	-0.012911106
209.536	0.012269734	-5.8420564	-0.013060994
209.664	0.012130742	-5.8417462	-0.01356926
209.792	0.012219492	-5.8418689	-0.012061163
209.92	0.012250187	-5.8416855	-0.010642993
210.048	0.012271971	-5.8416372	-0.012819448
210.176	0.012189496	-5.8415408	-0.013780501
210.304	0.012556304	-5.8419482	-0.016359816
210.432	0.012359361	-5.8417707	-0.015705534
210.56	0.012354739	-5.8416722	-0.012217014
210.688	0.012356852	-5.8417506	-0.012247702
210.816	0.012212887	-5.8416026	-0.011944435
210.944	0.01226302	-5.8418469	-0.011817786
211.072	0.012336974	-5.8419307	-0.014247751
211.2	0.012252151	-5.8419909	-0.012794605
211.328	0.012215225	-5.8419595	-0.013448734
211.456	0.012219702	-5.8421931	-0.013580565
211.584	0.012229781	-5.8421748	-0.012822312
211.712	0.012316349	-5.8423459	-0.013786809
211.84	0.012030929	-5.8420404	-0.014114204
211.968	0.011931713	-5.8418158	-0.013773158
212.096	0.012078967	-5.8421537	-0.01253145
212.224	0.012023368	-5.8422774	-0.014634631
212.352	0.012017506	-5.8424176	-0.014847684
212.48	0.011870665	-5.8423121	-0.014047679
212.608	0.011752077	-5.8422096	-0.015726502
212.736	0.011875134	-5.8426645	-0.013438413
212.864	0.011658952	-5.8422635	-0.011454514
212.992	0.01168832	-5.8424191	-0.014282988
213.12	0.011710445	-5.8423668	-0.01427113
213.248	0.011514028	-5.8422217	-0.015413544
213.376	0.01187165	-5.842637	-0.015560657
213.504	0.01159094	-5.8423832	-0.013429525
213.632	0.011647024	-5.8426644	-0.012670995
213.76	0.011719933	-5.842571	-0.014796759
213.888	0.011830568	-5.8425575	-0.01751165
214.016	0.011621595	-5.8422614	-0.015182251
214.144	0.011674101	-5.8424431	-0.014542732
214.272	0.011788015	-5.8423839	-0.015913782
214.4	0.011862091	-5.8423084	-0.015616669
214.528	0.011594081	-5.8422836	-0.012422717
214.656	0.012038797	-5.8429417	-0.013501253
214.784	0.011689721	-5.8422018	-0.015491284
214.912	0.011768843	-5.8421308	-0.013858081
215.04	0.012017142	-5.8420786	-0.012410185
215.168	0.01199746	-5.8421702	-0.015184778
215.296	0.011827126	-5.8419943	-0.014208321
215.424	0.011999746	-5.8421522	-0.013624844
215.552	0.0121328	-5.8423504	-0.015059234
215.68	0.012030703	-5.8418741	-0.015091524
215.808	0.011992062	-5.8418881	-0.013528218
215.936	0.012387965	-5.8419391	-0.012703937
216.064	0.012212167	-5.8416307	-0.012553701
216.192	0.012190767	-5.8418902	-0.012591211
216.32	0.012258804	-5.841796	-0.013748673
216.448	0.012393831	-5.8420998	-0.013088081
216.576	0.012321317	-5.8421304	-0.01364712
216.704	0.012333916	-5.8418114	-0.014473028
216.832	0.012290204	-5.8416978	-0.013030887
216.96	0.012372898	-5.8417795	-0.015179925
217.088	0.012273068	-5.8417187	-0.014857665
217.216	0.01234427	-5.8419334	-0.014208839
217.344	0.012269021	-5.8418079	-0.013910476
217.472	0.012275732	-5.8417838	-0.015183323
217.6	0.012111275	-5.8416674	-0.013767212
217.728	0.012238515	-5.8420321	-0.013924536
217.856	0.012249792	-5.8418285	-0.016064053
217.984	0.012310829	-5.8420321	-0.01315165
218.112	0.012013376	-5.8417305	-0.011869221
218.24	0.012073484	-5.8421486	-0.014305565
218.368	0.012101397	-5.842197	-0.01343972
218.496	0.011773306	-5.8418783	-0.010426491
218.624	0.012004809	-5.8422176	-0.013228425
218.752	0.011860674	-5.8423781	-0.014579818
218.88	0.012032874	-5.8426779	-0.015578242
219.008	0.011876122	-5.8424831	-0.013088573
219.136	0.01176776	-5.8422335	-0.01287989
219.264	0.011705117	-5.8422223	-0.013971336
219.392	0.011802457	-5.8424794	-0.014455538
219.52	0.011488588	-5.8423374	-0.014212281
219.648	0.011790027	-5.8427593	-0.014624157
219.776	0.011548841	-5.8424283	-0.014964224
219.904	0.011731799	-5.8426672	-0.014249439
220.032	0.011649951	-5.8424876	-0.012992862
220.16	0.011551494	-5.8422617	-0.01347584
220.288	0.01165805	-5.8425812	-0.015060508
220.416	0.011739252	-5.8425162	-0.015862227
220.544	0.011804258	-5.8424877	-0.01602993
220.672	0.011779539	-5.8425388	-0.016486176
220.8	0.011748546	-5.8424123	-0.016401881
220.928	0.011799714	-5.8424994	-0.01356524
221.056	0.011939023	-5.8425177	-0.012401804
221.184	0.011592639	-5.8419775	-0.013778786
221.312	0.011931036	-5.8423644	-0.016061914
221.44	0.011806057	-5.8420899	-0.015601082
221.568	0.011978246	-5.8422268	-0.016978462
221.696	0.012031739	-5.8419268	-0.016155402
221.824	0.012213665	-5.8420861	-0.014818299
221.952	0.012009265	-5.8418835	-0.014335298
222.08	0.012144005	-5.8418595	-0.014881769
222.208	0.012404385	-5.8420342	-0.012695421
222.336	0.012257586	-5.842074	-0.011941834
222.464	0.012336148	-5.8421067	-0.0129875
222.592	0.012138135	-5.8417187	-0.011414797
222.72	0.012398486	-5.8420379	-0.012793375
222.848	0.012257488	-5.8420253	-0.0121244
222.976	0.012281324	-5.8418669	-0.013447254
223.104	0.012173149	-5.8416898	-0.011669868
223.232	0.012524014	-5.8421262	-0.014484513
223.36	0.012215591	-5.841739	-0.014340487
223.488	0.012270222	-5.8414913	-0.01316733
223.616	0.012412401	-5.8418806	-0.013857244
223.744	0.012439655	-5.8420356	-0.013185092
223.872	0.012303892	-5.8417199	-0.013959994
224	0.012150504	-5.841647	-0.014703581
224.128	0.012273006	-5.8419048	-0.012826516
224.256	0.01220291	-5.842365	-0.010522583
224.384	0.012137634	-5.8422632	-0.01575114
224.512	0.012026542	-5.8421895	-0.016444056
224.64	0.012052997	-5.8421236	-0.013117768
224.768	0.011950227	-5.8419391	-0.016392534
224.896	0.011692725	-5.8419852	-0.01238599
225.024	0.012128044	-5.8423364	-0.012535754
225.152	0.011842456	-5.8423496	-0.014750836
225.28	0.011792089	-5.8421731	-0.015518873
225.408	0.011723669	-5.842439	-0.01404137
225.536	0.011791314	-5.8423459	-0.013736389
225.664	0.011751275	-5.8424924	-0.01548679
225.792	0.011883149	-5.8426081	-0.016689146
225.92	0.011638244	-5.8423651	-0.01717796
226.048	0.011517679	-5.8420357	-0.01429459
226.176	0.011674857	-5.8426398	-0.014776085
226.304	0.011456948	-5.8428237	-0.01708938
226.432	0.011603119	-5.8424611	-0.015758207
226.56	0.011630784	-5.8424811	-0.015060482
226.688	0.011791252	-5.8427293	-0.014091309
226.816	0.011685577	-5.842508	-0.0129612
226.944	0.011816875	-5.8425714	-0.013213218
227.072	0.011797194	-5.8423975	-0.01502039
227.2	0.011743171	-5.8422095	-0.014686652
227.328	0.01172299	-5.8420915	-0.014414455
227.456	0.012073662	-5.8423265	-0.015032213
227.584	0.011834443	-5.8420634	-0.012241569
227.712	0.011916006	-5.8421139	-0.011422771
227.84	0.011775459	-5.8416838	-0.012067518
227.968	0.012114342	-5.8420581	-0.01208383
228.096	0.011934474	-5.842094	-0.012300189
228.224	0.012011812	-5.8418513	-0.013362699
228.352	0.012481114	-5.8424737	-0.015281861
228.48	0.011935155	-5.8417694	-0.015879549
228.608	0.012137735	-5.8418929	-0.014924951
228.736	0.012328207	-5.8419738	-0.015782351
228.864	0.012224896	-5.8421545	-0.014602677
228.992	0.012305082	-5.8420139	-0.014578695
229.12	0.012371795	-5.8421092	-0.013383324
229.248	0.012201212	-5.8418122	-0.012426582
229.376	0.012388681	-5.8419919	-0.014432413
229.504	0.012291028	-5.8418645	-0.010841345
229.632	0.012208889	-5.8417226	-0.013597503
229.76	0.012435477	-5.8418404	-0.01385125
229.888	0.012375965	-5.8418394	-0.013159809
230.016	0.01227823	-5.8419173	-0.013758595
230.144	0.012102301	-5.8420573	-0.012882131
230.272	0.012273858	-5.8420215	-0.014637264
230.4	0.012222403	-5.8418824	-0.014228708
230.528	0.012145327	-5.8420179	-0.013027515
230.656	0.011934827	-5.8419956	-0.012632358
230.784	0.01226787	-5.8421527	-0.01461159
230.912	0.01210449	-5.8423401	-0.014126035
231.04	0.012067822	-5.8424174	-0.014181092
231.168	0.011940406	-5.8423315	-0.014440746
231.296	0.011811828	-5.8423276	-0.014379564
231.424	0.011996749	-5.8425763	-0.015636338
231.552	0.011895875	-5.8422111	-0.015119004
231.68	0.011742118	-5.8422908	-0.013954117
231.808	0.011803657	-5.8423736	-0.014692705
231.936	0.01182799	-5.8426012	-0.015162241
232.064	0.011769406	-5.8425297	-0.013800275
232.192	0.011685999	-5.842421	-0.014432507
232.32	0.011589429	-5.8424419	-0.015772076
232.448	0.011562958	-5.842494	-0.01601968
232.576	0.011595783	-5.8422862	-0.014159661
232.704	0.011717225	-5.8424013	-0.015125889
232.832	0.011863035	-5.8426027	-0.014875875
232.96	0.011629327	-5.842348	-0.013450065
233.088	0.011610044	-5.8421554	-0.014254318
233.216	0.011702853	-5.8424155	-0.014365647
233.344	0.011662219	-5.8422633	-0.013411931
233.472	0.011768886	-5.8420921	-0.013742404
233.6	0.011717646	-5.8419555	-0.014531395
233.728	0.012107051	-5.8421913	-0.014485056
233.856	0.011820348	-5.8416979	-0.013756069
233.984	0.011657936	-5.8417356	-0.01454951
234.112	0.011941867	-5.8424091	-0.016037167
234.24	0.012069213	-5.8420613	-0.015447593
234.368	0.012160871	-5.8419786	-0.013538613
234.496	0.012136765	-5.8419933	-0.012798838
234.624	0.012118896	-5.8422009	-0.012327915
234.752	0.012093011	-5.8421141	-0.012679039
234.88	0.012205453	-5.8421465	-0.012691449
235.008	0.012189718	-5.8418368	-0.013360383
235.136	0.012173081	-5.8417534	-0.015265781
235.264	0.012272553	-5.8419058	-0.012959183
235.392	0.012274352	-5.8420238	-0.012271047
235.52	0.01239816	-5.8418381	-0.013919858
235.648	0.012259707	-5.8416329	-0.011578835
235.776	0.012496965	-5.8417387	-0.012763697
235.904	0.012175999	-5.8414826	-0.013331906
236.032	0.012553819	-5.8420483	-0.016114847
236.16	0.012310943	-5.8417987	-0.014600285
236.288	0.012188423	-5.8415895	-0.012561745
236.416	0.012299089	-5.8418449	-0.0133923
236.544	0.012158179	-5.8419742	-0.013036611
236.672	0.012140466	-5.8421769	-0.012962984
236.8	0.012220673	-5.842409	-0.01467505
236.928	0.012141482	-5.8421158	-0.014598548
237.056	0.012314617	-5.8422583	-0.015539288
237.184	0.011936243	-5.8419664	-0.014058875
237.312	0.012018004	-5.8421127	-0.011875567
237.44	0.012040247	-5.8421857	-0.014210575
237.568	0.011954159	-5.8424336	-0.014663477
237.696	0.011792933	-5.8422154	-0.012458103
237.824	0.011810876	-5.8422816	-0.012220419
237.952	0.011790405	-5.8426426	-0.014666355
238.08	0.011967698	-5.8425985	-0.016065514
238.208	0.011711528	-5.8424939	-0.016122746
238.336	0.011714129	-5.8425138	-0.017432817
238.464	0.011723202	-5.8425036	-0.014860078
238.592	0.011774932	-5.8423518	-0.013953697
238.72	0.011571617	-5.8423735	-0.014798458
238.848	0.011832931	-5.8429637	-0.014628316
238.976	0.011589208	-5.8422209	-0.015462878
239.104	0.01151986	-5.8422135	-0.014174892
239.232	0.01162221	-5.8423897	-0.014534953
239.36	0.011657306	-5.8421382	-0.016303768
239.488	0.011837081	-5.842731	-0.017323373
239.616	0.011669946	-5.8421634	-0.015471427
239.744	0.011826811	-5.8422637	-0.016306048
239.872	0.011760818	-5.8422808	-0.016519596
240	0.011922691	-5.8424592	-0.015035618
240.128	0.011905145	-5.8424111	-0.014050714
240.256	0.011688502	-5.84207	-0.014867188
240.384	0.012071748	-5.8424112	-0.017571994
240.512	0.011931856	-5.8418912	-0.015424125
240.64	0.011854489	-5.841805	-0.014200137
240.768	0.012062961	-5.8420959	-0.015427034
240.896	0.012145872	-5.8420522	-0.014699454
241.024	0.012086592	-5.8419427	-0.012491819
241.152	0.01211993	-5.8418909	-0.012918533
241.28	0.012280956	-5.8417935	-0.012961264
241.408	0.012266527	-5.8417341	-0.012418452
241.536	0.012286461	-5.8415932	-0.01344508
241.664	0.012438874	-5.8417353	-0.013050736
241.792	0.012300593	-5.8414126	-0.013360378
241.92	0.012428624	-5.8419335	-0.015086388
242.048	0.012359484	-5.8418227	-0.013314075
242.176	0.012237285	-5.8416993	-0.010847464
242.304	0.012328837	-5.8420395	-0.012022263
242.432	0.012465705	-5.8419409	-0.013385264
242.56	0.012152296	-5.8414236	-0.014397206
242.688	0.012293527	-5.8416661	-0.014530028
242.816	0.012366824	-5.841803	-0.012305156
242.944	0.012281584	-5.8418867	-0.012448765
243.072	0.012225878	-5.8419864	-0.012401824
243.2	0.011959221	-5.8421475	-0.01112155
243.328	0.012200097	-5.8422975	-0.011659816
243.456	0.012126838	-5.841904	-0.010913129
243.584	0.011818202	-5.8418935	-0.01240045
243.712	0.012016636	-5.8421852	-0.012489323
243.84	0.011837051	-5.8419879	-0.012259591
243.968	0.011937192	-5.8423779	-0.014420241
244.096	0.01187926	-5.8423664	-0.013976537
244.224	0.011905096	-5.8426248	-0.015327572
244.352	0.011791124	-5.842361	-0.016028402
244.48	0.011781177	-5.8422683	-0.01323056
244.608	0.01183082	-5.8422647	-0.014227018
244.736	0.011619526	-5.8422804	-0.015954151
244.864	0.011563311	-5.8423736	-0.013830383
244.992	0.011537471	-5.8424126	-0.014107783
245.12	0.011656832	-5.8426221	-0.015261968
245.248	0.011666264	-5.8427191	-0.014598816
245.376	0.011735456	-5.8428551	-0.015698551
245.504	0.011471945	-5.8425416	-0.015463551
245.632	0.011840301	-5.8427595	-0.014577474
245.76	0.011779367	-5.8425605	-0.014861654
245.888	0.011676011	-5.842563	-0.015622626
246.016	0.011655283	-5.842539	-0.014364466
246.144	0.011740822	-5.8425188	-0.015029043
246.272	0.011749317	-5.8421031	-0.015650738
246.4	0.011909937	-5.8422709	-0.016818148
246.528	0.011653771	-5.8420401	-0.013363275
246.656	0.012071648	-5.8422644	-0.014175411
246.784	0.012077492	-5.8422095	-0.014547784
246.912	0.012048217	-5.8421331	-0.014605874
247.04	0.011941534	-5.8421057	-0.014602797
247.168	0.012209279	-5.8420798	-0.014706463
247.296	0.012186884	-5.8418431	-0.015537333
247.424	0.012068716	-5.8417764	-0.013967055
247.552	0.012268371	-5.8420963	-0.013998528
247.68	0.01234114	-5.8420425	-0.013155527
247.808	0.012093653	-5.8416974	-0.013211863
247.936	0.012338907	-5.8420016	-0.013150495
248.064	0.012181163	-5.8412978	-0.011574638
248.192	0.012395432	-5.8419241	-0.010920371
248.32	0.012358531	-5.8416536	-0.012466562
248.448	0.012359108	-5.8415718	-0.013608
248.576	0.012410713	-5.8417252	-0.012539705
248.704	0.012381605	-5.8416023	-0.012150416
248.832	0.012303054	-5.8416533	-0.011567194
248.96	0.012310862	-5.841629	-0.01382813
249.088	0.012414285	-5.84192	-0.015127076
249.216	0.012405678	-5.8419241	-0.01377655
249.344	0.012222495	-5.8418376	-0.013129914
249.472	0.012281008	-5.8421864	-0.01365046
249.6	0.011964177	-5.8418706	-0.013170704
249.728	0.012007486	-5.8420476	-0.01445607
249.856	0.012026416	-5.8418959	-0.014012002
249.984	0.012072436	-5.8422581	-0.014780652
250.112	0.011985937	-5.8424555	-0.014510706
250.24	0.011925647	-5.8423241	-0.013333083
250.368	0.011862028	-5.8422158	-0.012036887
250.496	0.011854429	-5.8424238	-0.015299171
250.624	0.01166769	-5.8422871	-0.01539708
250.752	0.011842509	-5.8426658	-0.015200184
250.88	0.011685145	-5.8422425	-0.015836204
251.008	0.011577332	-5.8424812	-0.014804883
251.136	0.01160917	-5.8425404	-0.016068898
251.264	0.01166864	-5.8426437	-0.016545376
251.392	0.011672843	-5.8424382	-0.014937624
251.52	0.01168498	-5.8425372	-0.014087204
251.648	0.011505971	-5.8424778	-0.01340001
251.776	0.011719222	-5.8423516	-0.016097874
251.904	0.011750357	-5.8424468	-0.015492806
252.032	0.011694438	-5.8425283	-0.013802657
252.16	0.011606799	-5.8426336	-0.014968721
252.288	0.011687446	-5.8426796	-0.01493433
252.416	0.011800329	-5.8425675	-0.012186107
252.544	0.011727566	-5.8421732	-0.011899504
252.672	0.011873313	-5.8420708	-0.016731409
252.8	0.011766697	-5.8421725	-0.016960867
252.928	0.012058602	-5.8421865	-0.016245814
253.056	0.012015561	-5.8421757	-0.01475173
253.184	0.01196006	-5.8417788	-0.012634918
253.312	0.012007347	-5.8416792	-0.015750006
253.44	0.012138375	-5.8419932	-0.013171024
253.568	0.012153648	-5.8419877	-0.011908704
253.696	0.012179785	-5.8418121	-0.013009054
253.824	0.012042148	-5.8418709	-0.013218791
253.952	0.01235022	-5.8422082	-0.014602847
254.08	0.012229851	-5.84174	-0.015517423
254.208	0.012328732	-5.8417	-0.014838147
254.336	0.012359639	-5.8416979	-0.013227653
254.464	0.012411083	-5.8420122	-0.014127822
254.592	0.012207734	-5.8415918	-0.012046015
254.72	0.012381459	-5.8416104	-0.01348877
254.848	0.012167832	-5.8414662	-0.012476251
254.976	0.012569772	-5.8421723	-0.010903623
255.104	0.012318922	-5.8417016	-0.012228505
255.232	0.012332588	-5.8418077	-0.015250655
255.36	0.012459191	-5.8419252	-0.015806842
255.488	0.012279326	-5.8419316	-0.013411245
255.616	0.012180715	-5.8422236	-0.013396504
255.744	0.012343768	-5.8424012	-0.01283243
255.872	0.011912228	-5.8417356	-0.011806421
256	0.012200302	-5.842224	-0.014102635
256.128	0.012096889	-5.8422337	-0.015726466
256.256	0.011887527	-5.8422068	-0.015104474
256.384	0.011831771	-5.8420096	-0.013094965
256.512	0.011934346	-5.8422057	-0.013542781
256.64	0.012018024	-5.8422327	-0.015129842
256.768	0.011841022	-5.841988	-0.011594854
256.896	0.011801983	-5.8420899	-0.014500245
257.024	0.011667348	-5.8422435	-0.016065934
257.152	0.011613357	-5.8423709	-0.016089979
257.28	0.011711717	-5.8425224	-0.015464031
257.408	0.011626819	-5.842752	-0.015994512
257.536	0.011701743	-5.8426839	-0.015495192
257.664	0.011670408	-5.8427143	-0.012369588
257.792	0.011587888	-5.8423074	-0.014068545
257.92	0.011710269	-5.8424218	-0.013630011
258.048	0.011525819	-5.8424539	-0.011826022
258.176	0.011704012	-5.8427729	-0.016430898
258.304	0.0117538	-5.8427325	-0.014859828
258.432	0.011830816	-5.8425332	-0.01353024
258.56	0.011620139	-5.8423634	-0.015361463
258.688	0.011700135	-5.8422908	-0.012231507
258.816	0.011729835	-5.8424232	-0.012703938
258.944	0.011912716	-5.8425258	-0.015851202
259.072	0.01190883	-5.8424878	-0.014531855
259.2	0.011741784	-5.8420619	-0.013807005
259.328	0.012056286	-5.8423663	-0.016019584
259.456	0.012079203	-5.8425079	-0.014121896
259.584	0.012033636	-5.8423261	-0.014012515
259.712	0.012003641	-5.8419179	-0.013105838
259.84	0.012213557	-5.8421019	-0.014610868
259.968	0.012088177	-5.8418713	-0.013737898
260.096	0.012004237	-5.8417246	-0.012894585
260.224	0.012392869	-5.8421402	-0.014838864
260.352	0.012185885	-5.841558	-0.014224196
260.48	0.01226406	-5.8415659	-0.013463048
260.608	0.01253152	-5.8417492	-0.01258225
260.736	0.012219059	-5.8413271	-0.0096212962
260.864	0.01248955	-5.8418196	-0.01117986
260.992	0.012324866	-5.8417481	-0.012700577
261.12	0.012545074	-5.8417762	-0.013564137
261.248	0.012240711	-5.8416238	-0.012575473
261.376	0.012327818	-5.8418861	-0.012570416
261.504	0.012180257	-5.8418147	-0.013636179
261.632	0.012314548	-5.8421482	-0.015981688
261.76	0.012313465	-5.8421456	-0.015846111
261.888	0.01206101	-5.841616	-0.013250043
262.016	0.012211316	-5.8418402	-0.012555355
262.144	0.012045804	-5.8417587	-0.01286389
262.272	0.012209948	-5.8419667	-0.014918816
262.4	0.011977585	-5.8420573	-0.015355289
262.528	0.012097116	-5.8422494	-0.015240422
262.656	0.012040128	-5.8420773	-0.013084744
262.784	0.011917237	-5.8421326	-0.015534377
262.912	0.012025942	-5.8422092	-0.014353204
263.04	0.011772867	-5.8421543	-0.014337554
263.168	0.01178678	-5.8422382	-0.016306733
263.296	0.011761926	-5.8423733	-0.01362427
263.424	0.011690439	-5.8423153	-0.012066917
263.552	0.011673403	-5.8425412	-0.013847001
263.68	0.011733896	-5.8425969	-0.014497406
263.808	0.011761264	-5.8426065	-0.014832087
263.936	0.01165257	-5.8423379	-0.01560636
264.064	0.011660154	-5.8424342	-0.015547633
264.192	0.011715536	-5.8423008	-0.013586501
264.32	0.011576782	-5.8422421	-0.013444888
264.448	0.011618664	-5.8424222	-0.014379355
264.576	0.011652434	-5.8425921	-0.016206594
264.704	0.011825578	-5.8427008	-0.015947889
264.832	0.011722956	-5.8422994	-0.01423333
264.96	0.011734053	-5.8424629	-0.013769308
265.088	0.011667245	-5.8422737	-0.014575535
265.216	0.011811864	-5.8425239	-0.014723781
265.344	0.011787419	-5.8425058	-0.013606763
265.472	0.011993824	-5.8424433	-0.014297727
265.6	0.01182848	-5.8419292	-0.014370354
265.728	0.01190995	-5.8418479	-0.014604654
265.856	0.011958159	-5.8418279	-0.013670797
265.984	0.012085177	-5.8420868	-0.013721616
266.112	0.012118807	-5.8420967	-0.012945641
266.24	0.012312365	-5.8425831	-0.014559316
266.368	0.012010679	-5.8420335	-0.013632654
266.496	0.012418371	-5.8421642	-0.015642367
266.624	0.012101682	-5.8414994	-0.012793651
266.752	0.012267352	-5.8415328	-0.01346608
266.88	0.012192602	-5.8417118	-0.013570715
267.008	0.0124502	-5.8423559	-0.01332814
267.136	0.01230212	-5.8421915	-0.01255913
267.264	0.012406513	-5.8422077	-0.013200279
267.392	0.012351853	-5.8418188	-0.010089646
267.52	0.012133066	-5.8414718	-0.010258911
267.648	0.012533295	-5.8421096	-0.015573113
267.776	0.012332521	-5.8418606	-0.014238474
267.904	0.012426478	-5.8417488	-0.015398209
268.032	0.012312526	-5.8418614	-0.013444568
268.16	0.012087565	-5.8418804	-0.013038165
268.288	0.012115508	-5.8418446	-0.011737431
268.416	0.012241195	-5.8420719	-0.012896952
268.544	0.012145091	-5.8421275	-0.012732666
268.672	0.012075679	-5.8420291	-0.011480012
268.8	0.01202125	-5.8421289	-0.014195275
268.928	0.012025646	-5.8423444	-0.013901105
269.056	0.011824365	-5.8419137	-0.014248906
269.184	0.01220325	-5.8424363	-0.015959573
269.312	0.011872168	-5.8421208	-0.013997487
269.44	0.011915152	-5.842565	-0.014783153
269.568	0.011730455	-5.8424577	-0.015225477
269.696	0.011596381	-5.8424112	-0.01546171
269.824	0.011701417	-5.8423258	-0.01432277
269.952	0.011849235	-5.842698	-0.015518364
270.08	0.011743205	-5.8425706	-0.016993015
270.208	0.011749412	-5.842838	-0.016411777
270.336	0.011646548	-5.8428793	-0.017755329
270.464	0.011499124	-5.8424816	-0.014453538
270.592	0.01165627	-5.8424171	-0.013581689
270.72	0.011603853	-5.842351	-0.013128438
270.848	0.011669063	-5.8425999	-0.013254592
270.976	0.011813695	-5.8426632	-0.015169115
271.104	0.011655687	-5.8425927	-0.015500834
271.232	0.011672861	-5.8423021	-0.01876912
271.36	0.011783088	-5.8423942	-0.017262542
271.488	0.011843645	-5.8423478	-0.0132889
271.616	0.011843041	-5.8426581	-0.01476887
271.744	0.011813945	-5.8424876	-0.015055705
271.872	0.012102086	-5.8427046	-0.01364009
272	0.011995617	-5.842255	-0.013572716
272.128	0.011897802	-5.8419021	-0.011045163
272.256	0.011937545	-5.8417725	-0.01075842
272.384	0.012079652	-5.8420433	-0.013389976
272.512	0.012112504	-5.8419858	-0.014366711
272.64	0.012215963	-5.8419884	-0.013941075
272.768	0.012196119	-5.8419384	-0.011749921
272.896	0.012253172	-5.8418575	-0.013534575
273.024	0.012433486	-5.8421648	-0.012262218
273.152	0.01222547	-5.8418131	-0.012051736
273.28	0.012161869	-5.8415048	-0.013641655
273.408	0.012380094	-5.8420265	-0.01411888
273.536	0.012367425	-5.8417569	-0.013784431
273.664	0.012134344	-5.8415858	-0.013362892
273.792	0.012579292	-5.8419042	-0.016195524
273.92	0.012169298	-5.8413582	-0.012238032
274.048	0.012344774	-5.8415948	-0.014854723
274.176	0.01234598	-5.8418205	-0.013311325
274.304	0.012231382	-5.8416252	-0.012112323
274.432	0.012253947	-5.8422096	-0.015244873
274.56	0.01222758	-5.8422384	-0.014590274
274.688	0.01198102	-5.8420464	-0.011650567
274.816	0.012213787	-5.8421564	-0.014158002
274.944	0.012179463	-5.8420113	-0.013235553
275.072	0.011912567	-5.8419908	-0.015232736
275.2	0.01204543	-5.8422165	-0.016768948
275.328	0.01205909	-5.8422194	-0.014050544
275.456	0.011992131	-5.8424347	-0.015219139
275.584	0.01167398	-5.8423038	-0.015044815
275.712	0.011751266	-5.8422861	-0.01509455
275.84	0.01183324	-5.8424352	-0.014900694
275.968	0.011757021	-5.8426229	-0.015741565
276.096	0.011822748	-5.8424476	-0.014104203
276.224	0.011814095	-5.8422578	-0.01452746
276.352	0.011420484	-5.8420283	-0.013270221
276.48	0.011788716	-5.8423738	-0.014935452
276.608	0.01165182	-5.8421411	-0.015021045
276.736	0.011686235	-5.8421949	-0.014777465
276.864	0.011703919	-5.8424759	-0.013361279
276.992	0.011535395	-5.8422356	-0.011669095
277.12	0.011819737	-5.8425349	-0.011951524
277.248	0.011708909	-5.8426959	-0.012450832
277.376	0.011701723	-5.8422578	-0.014397977
277.504	0.011680592	-5.8425152	-0.016127602
277.632	0.01199514	-5.8424933	-0.01574456
277.76	0.01162126	-5.842329	-0.013973549
277.888	0.01164458	-5.8422944	-0.014181127
278.016	0.012131497	-5.8426893	-0.016240674
278.144	0.011867249	-5.8421839	-0.016702226
278.272	0.011917501	-5.8422853	-0.013940971
278.4	0.012111063	-5.8424375	-0.013409679
278.528	0.012010761	-5.8422945	-0.013586004
278.656	0.012164367	-5.8425069	-0.013598646
278.784	0.01229032	-5.8423906	-0.01361748
278.912	0.012039447	-5.8420385	-0.014312686
279.04	0.012057641	-5.8421462	-0.015259578
279.168	0.012188991	-5.8419989	-0.01317913
279.296	0.012301183	-5.8421795	-0.014341743
279.424	0.012306163	-5.8419899	-0.012678189
279.552	0.012373267	-5.8417934	-0.013436321
279.68	0.012260228	-5.8417476	-0.014274319
279.808	0.012413592	-5.8416436	-0.013052083
279.936	0.012203711	-5.8412873	-0.012108733
280.064	0.012336515	-5.8416294	-0.012895952
280.192	0.012260281	-5.8416851	-0.013176671
280.32	0.012305183	-5.8419679	-0.012564345
280.448	0.012482974	-5.8419912	-0.012375229
280.576	0.011990346	-5.8415281	-0.012405617
280.704	0.012469819	-5.8420428	-0.013829881
280.832	0.012079088	-5.8416673	-0.012607879
280.96	0.012289	-5.842032	-0.015246978
281.088	0.012057005	-5.8417889	-0.012636615
281.216	0.012176606	-5.8422199	-0.013276208
281.344	0.011843955	-5.8419922	-0.013002572
281.472	0.012195988	-5.8423837	-0.014347905
281.6	0.011873501	-5.8421087	-0.012319107
281.728	0.012099341	-5.8425348	-0.013070548
281.856	0.011868308	-5.8421538	-0.011745531
281.984	0.011748078	-5.8419471	-0.01267721
282.112	0.01166709	-5.8420047	-0.014267808
282.24	0.011731796	-5.8423993	-0.013704914
282.368	0.011807347	-5.8425957	-0.015905642
282.496	0.011702078	-5.8424171	-0.01642555
282.624	0.01195884	-5.8427039	-0.016206173
282.752	0.011634005	-5.842436	-0.017394329
282.88	0.011446325	-5.8421904	-0.014590653
283.008	0.011636557	-5.842457	-0.016658728
283.136	0.011745257	-5.8428129	-0.017126436
283.264	0.011684828	-5.8427299	-0.017066996
283.392	0.011625573	-5.842517	-0.017287278
283.52	0.01145901	-5.8423952	-0.015249908
283.648	0.011898853	-5.842763	-0.015792369
283.776	0.011524126	-5.8422348	-0.012009239
283.904	0.011809313	-5.8424246	-0.013897069
284.032	0.011834188	-5.8423985	-0.013841369
284.16	0.011977166	-5.8422013	-0.013553594
284.288	0.011764212	-5.8420412	-0.014178998
284.416	0.011977155	-5.8420481	-0.012616971
284.544	0.01200744	-5.8421069	-0.012679847
284.672	0.011879252	-5.8421106	-0.015146853
284.8	0.01196408	-5.842358	-0.011943966
284.928	0.012008625	-5.8420968	-0.01262848
285.056	0.012059309	-5.8419909	-0.012594682
285.184	0.01218285	-5.8420983	-0.013032854
285.312	0.012159474	-5.8417906	-0.014505078
285.44	0.012190815	-5.8416349	-0.014505206
285.568	0.012251962	-5.8418283	-0.012507977
285.696	0.012328037	-5.8419306	-0.011823069
285.824	0.012512405	-5.8419708	-0.012346117
285.952	0.01231606	-5.8417735	-0.013771028
286.08	0.012159626	-5.8418077	-0.01477142
286.208	0.012521838	-5.8421063	-0.015238867
286.336	0.012327189	-5.8419001	-0.013684581
286.464	0.012347601	-5.8420132	-0.013361774
286.592	0.01227107	-5.8420279	-0.011619252
286.72	0.012194786	-5.8421795	-0.009961877
286.848	0.012475005	-5.8423227	-0.01327481
286.976	0.012250474	-5.8420125	-0.016492176
287.104	0.012104136	-5.8418655	-0.014175285
287.232	0.012046684	-5.8420255	-0.013135734
287.36	0.012137989	-5.842213	-0.014270014
287.488	0.012002364	-5.8418084	-0.013232613
287.616	0.012176998	-5.8420319	-0.013272844
287.744	0.012114921	-5.8425127	-0.012558519
287.872	0.011861864	-5.842173	-0.013278226
288	0.011984637	-5.8425747	-0.01597956
288.128	0.012004165	-5.8424845	-0.016569208
288.256	0.011883331	-5.8420786	-0.015763088
288.384	0.011806731	-5.8422644	-0.013967576
288.512	0.011694221	-5.8425754	-0.014070963
288.64	0.011805485	-5.8424692	-0.01674453
288.768	0.01186591	-5.8426009	-0.016288752
288.896	0.011564285	-5.8424248	-0.015810299
289.024	0.011673377	-5.8424794	-0.013907786
289.152	0.011516185	-5.8423536	-0.012656232
289.28	0.011630094	-5.8423833	-0.012517752
289.408	0.011834906	-5.8426039	-0.013683405
289.536	0.011636246	-5.842384	-0.013306814
289.664	0.011611545	-5.8424111	-0.014115926
289.792	0.011654754	-5.8422948	-0.015196563
289.92	0.011771006	-5.8424632	-0.015558346
290.048	0.011525108	-5.8422054	-0.015463295
290.176	0.011774933	-5.8422883	-0.015983255
290.304	0.011806292	-5.8421493	-0.016202726
290.432	0.011890404	-5.8422841	-0.014313099
290.56	0.011851347	-5.8419651	-0.014909063
290.688	0.011886325	-5.8421768	-0.015089453
290.816	0.012088948	-5.8421603	-0.014943456
290.944	0.011977418	-5.8418271	-0.015265595
291.072	0.011991236	-5.8420794	-0.013700143
291.2	0.01203194	-5.8423769	-0.01308612
291.328	0.012127694	-5.8423828	-0.013901825
291.456	0.012207626	-5.8421995	-0.014709001
291.584	0.012321397	-5.8420494	-0.013423379
291.712	0.012256907	-5.8421158	-0.015323801
291.84	0.012219722	-5.8420961	-0.013779765
291.968	0.012348569	-5.8420443	-0.011935793
292.096	0.012084102	-5.8419352	-0.011673894
292.224	0.012438083	-5.8420532	-0.012798206
292.352	0.012436719	-5.8418239	-0.014056463
292.48	0.012471181	-5.8416522	-0.013181384
292.608	0.012400648	-5.8416358	-0.012347803
292.736	0.01214897	-5.8414602	-0.01105871
292.864	0.012248036	-5.8419712	-0.011605985
292.992	0.012444484	-5.8420508	-0.01215361
293.12	0.012365474	-5.8417797	-0.011816657
293.248	0.012156148	-5.8418158	-0.013272062
293.376	0.012311845	-5.8418284	-0.012332725
293.504	0.012095165	-5.8418488	-0.012042736
293.632	0.012059466	-5.8418081	-0.013933918
293.76	0.012096972	-5.8422255	-0.015072746
293.888	0.012157924	-5.8423152	-0.01610906
294.016	0.011741457	-5.8421115	-0.013301168
294.144	0.012033379	-5.8425149	-0.014286167
294.272	0.011647235	-5.8420067	-0.013778123
294.4	0.011880639	-5.8421947	-0.014165621
294.528	0.012095211	-5.8424675	-0.016210537
294.656	0.01184707	-5.8422863	-0.01516294
294.784	0.011776784	-5.842367	-0.014707829
294.912	0.011510798	-5.8419329	-0.012323694
295.04	0.011621155	-5.842335	-0.011696924
295.168	0.011753751	-5.8425493	-0.012589959
295.296	0.011563096	-5.842221	-0.014351193
295.424	0.011815764	-5.8424727	-0.015491525
295.552	0.011758992	-5.8427128	-0.016543807
295.68	0.011858535	-5.8427934	-0.018477965
295.808	0.011477802	-5.8420986	-0.013355225
295.936	0.011716647	-5.8424994	-0.015498614
296.064	0.011580965	-5.8424359	-0.017536669
296.192	0.011591504	-5.8423434	-0.016200251
296.32	0.011777613	-5.8423688	-0.016585866
296.448	0.011702958	-5.842571	-0.015224738
296.576	0.011700518	-5.842442	-0.014473136
296.704	0.011704571	-5.8422287	-0.012879638
296.832	0.011948183	-5.8424328	-0.012003479
296.96	0.012159543	-5.8423859	-0.014210084
297.088	0.011771247	-5.8417219	-0.014657318
297.216	0.011898787	-5.8419145	-0.015963287
297.344	0.012070456	-5.8419493	-0.016371441
297.472	0.011990833	-5.8418411	-0.015692671
297.6	0.012176849	-5.842096	-0.016519756
297.728	0.012018694	-5.8418675	-0.014116162
297.856	0.012343762	-5.8420415	-0.0146121
297.984	0.012303331	-5.8418562	-0.013542151
298.112	0.012265485	-5.841956	-0.011778547
298.24	0.012319804	-5.8420795	-0.013439927
298.368	0.012285297	-5.8421385	-0.014148702
298.496	0.012123268	-5.8417904	-0.010228807
298.624	0.012363256	-5.8420009	-0.012576182
298.752	0.012522068	-5.8422076	-0.013277529
298.88	0.012376676	-5.8419338	-0.011405491
299.008	0.012402067	-5.8419332	-0.012817204
299.136	0.012241828	-5.8418982	-0.010935068
299.264	0.012342591	-5.8419177	-0.011890518
299.392	0.012153485	-5.8418455	-0.013764753
299.52	0.012253192	-5.8420016	-0.014007575
299.648	0.012278609	-5.8420497	-0.012740363
299.776	0.01216348	-5.8418453	-0.014279786
299.904	0.012067278	-5.8418016	-0.014785642
300.032	0.012137013	-5.8420575	-0.016615112
300.16	0.012004914	-5.8420485	-0.016039827
300.288	0.012158595	-5.8422623	-0.014560033
300.416	0.012058259	-5.8423312	-0.014997983
300.544	0.011876908	-5.8422401	-0.014984321
300.672	0.012026377	-5.8423676	-0.015085499
300.8	0.01161689	-5.841886	-0.013164812
300.928	0.011889733	-5.8424179	-0.015567666
301.056	0.011841001	-5.8425193	-0.012306447
301.184	0.011676746	-5.8426042	-0.011875206
301.312	0.01177927	-5.8426021	-0.016511839
301.44	0.011678843	-5.8426218	-0.015515014
301.568	0.011705593	-5.8426339	-0.013113293
301.696	0.01156837	-5.8422068	-0.013643172
301.824	0.011709968	-5.8422568	-0.01515421
301.952	0.011753723	-5.8425165	-0.013735447
302.08	0.011520013	-5.8423264	-0.013562839
302.208	0.011586938	-5.8424466	-0.015669544
302.336	0.011602045	-5.8426005	-0.016526437
302.464	0.011779509	-5.8426261	-0.016682452
302.592	0.011760847	-5.842618	-0.015987783
302.72	0.011824758	-5.84252	-0.014711252
302.848	0.011988354	-5.8424552	-0.015738494
302.976	0.011788977	-5.8422529	-0.015017635
303.104	0.011730548	-5.8421528	-0.013455547
303.232	0.011749697	-5.8421185	-0.014465594
303.36	0.011849833	-5.8419749	-0.013854249
303.488	0.012040462	-5.8421531	-0.013870114
303.616	0.012219259	-5.8423008	-0.014047433
303.744	0.012062822	-5.842066	-0.0152757
303.872	0.012138294	-5.8423625	-0.01496885
304	0.012151981	-5.8421063	-0.013932158
304.128	0.0121902	-5.8420382	-0.012626349
304.256	0.012020644	-5.8417967	-0.011257335
304.384	0.012171087	-5.8420058	-0.013095334
304.512	0.012310149	-5.842127	-0.013343484
304.64	0.012359117	-5.8418776	-0.013732075
304.768	0.012358799	-5.8417797	-0.013036821
304.896	0.012444799	-5.8417902	-0.011170341
305.024	0.012274541	-5.841406	-0.011483169
305.152	0.012271431	-5.8415104	-0.013299968
305.28	0.012402785	-5.8418148	-0.013898038
305.408	0.01231109	-5.8420078	-0.013483745
305.536	0.012316645	-5.8421729	-0.013347769
305.664	0.012305065	-5.8419846	-0.014550574
305.792	0.012198109	-5.8419078	-0.01331798
305.92	0.012172282	-5.8420048	-0.013179429
306.048	0.012167556	-5.8420042	-0.012077314
306.176	0.012104794	-5.8419566	-0.012948793
306.304	0.012174505	-5.841952	-0.013450325
306.432	0.012053998	-5.8419257	-0.012714489
306.56	0.012067108	-5.84216	-0.014492675
306.688	0.011938162	-5.8420418	-0.013826096
306.816	0.011859253	-5.8420996	-0.01279282
306.944	0.011947157	-5.8425062	-0.013910886
307.072	0.012194858	-5.842508	-0.014262613
307.2	0.011660499	-5.8421213	-0.014309792
307.328	0.011720847	-5.8423847	-0.014724618
307.456	0.011953575	-5.8425756	-0.014920734
307.584	0.011490918	-5.8421268	-0.015610627
307.712	0.011877018	-5.842525	-0.017272306
307.84	0.01160483	-5.8425828	-0.017030248
307.968	0.011676675	-5.8426614	-0.017823046
308.096	0.01172897	-5.8426361	-0.015983196
308.224	0.011705256	-5.8424694	-0.014726897
308.352	0.011668291	-5.842358	-0.015948517
308.48	0.01151318	-5.8422016	-0.013683953
308.608	0.011507392	-5.8422191	-0.014912638
308.736	0.011853734	-5.8424838	-0.016393804
308.864	0.011709129	-5.8424657	-0.013472909
308.992	0.011876328	-5.8425627	-0.014297263
309.12	0.011692559	-5.8424826	-0.014082501
309.248	0.011724544	-5.842181	-0.014352967
309.376	0.011869326	-5.842277	-0.015029526
309.504	0.011974199	-5.842228	-0.014962806
309.632	0.011843012	-5.8422011	-0.014124752
309.76	0.011954748	-5.8419161	-0.014453542
309.888	0.012041583	-5.842217	-0.014495449
310.016	0.0119979	-5.8418912	-0.01592166
310.144	0.011940148	-5.8417786	-0.013121072
310.272	0.012179537	-5.8421933	-0.014754365
310.4	0.01225014	-5.8420489	-0.015014409
310.528	0.012399199	-5.8421182	-0.015158726
310.656	0.012100568	-5.8419996	-0.013845691
310.784	0.01244932	-5.8421537	-0.014008177
310.912	0.012127661	-5.8414933	-0.013249325
311.04	0.012321864	-5.8417284	-0.013111098
311.168	0.012470878	-5.8419861	-0.012611464
311.296	0.012380222	-5.8418955	-0.012135115
311.424	0.012102674	-5.84174	-0.010839066
311.552	0.012459045	-5.8421118	-0.012609425
311.68	0.012176535	-5.841671	-0.013262192
311.808	0.012444181	-5.842209	-0.014237875
311.936	0.012096476	-5.8422515	-0.014577754
312.064	0.012343288	-5.842138	-0.016648734
312.192	0.012131369	-5.841797	-0.015410199
312.32	0.012275065	-5.8419262	-0.013213011
312.448	0.012163364	-5.8420347	-0.013398437
312.576	0.012338311	-5.8422256	-0.014991325
312.704	0.012001906	-5.8418844	-0.012739959
312.832	0.012073357	-5.8420284	-0.013878988
312.96	0.012059084	-5.8421151	-0.012993694
313.088	0.011930475	-5.842125	-0.014415235
313.216	0.01191608	-5.842307	-0.014125378
313.344	0.011819236	-5.8422651	-0.014087173
313.472	0.011794294	-5.8423272	-0.015418574
313.6	0.011868035	-5.8422078	-0.013737704
313.728	0.011664647	-5.8422663	-0.012861073
313.856	0.011954809	-5.8426272	-0.014404186
313.984	0.011584347	-5.8422673	-0.014351209
314.112	0.011896817	-5.8426217	-0.015453519
314.24	0.011532343	-5.8422598	-0.013254332
314.368	0.01177966	-5.8425215	-0.014380547
314.496	0.011809492	-5.8428552	-0.015318881
314.624	0.011739298	-5.842518	-0.015336151
314.752	0.011385684	-5.841977	-0.01273398
314.88	0.011753581	-5.842282	-0.015951861
315.008	0.011434631	-5.8419919	-0.014884108
315.136	0.01192393	-5.8425809	-0.013950973
315.264	0.011724063	-5.8421951	-0.014325301
315.392	0.011659447	-5.8423131	-0.016105012
315.52	0.011942724	-5.8425277	-0.015937961
315.648	0.011792871	-5.8424662	-0.015173028
315.776	0.011864565	-5.842396	-0.015265869
315.904	0.011933373	-5.8426071	-0.013967488
316.032	0.01186716	-5.8421489	-0.014129704
316.16	0.011894425	-5.8421483	-0.013408582
316.288	0.012003915	-5.8419532	-0.01407441
316.416	0.011944449	-5.8416831	-0.013036418
316.544	0.012112694	-5.8419384	-0.01078431
316.672	0.012245513	-5.8420582	-0.012921094
316.8	0.012199737	-5.8418315	-0.015443835
316.928	0.012365319	-5.8420238	-0.014778037
317.056	0.012112709	-5.8414351	-0.011563635
317.184	0.012261491	-5.8416097	-0.014079271
317.312	0.012319428	-5.8418663	-0.01376265
317.44	0.012212287	-5.8417487	-0.011798863
317.568	0.012439329	-5.8418907	-0.01394538
317.696	0.012383752	-5.841855	-0.012524257
317.824	0.012378234	-5.8416952	-0.012773253
317.952	0.012314487	-5.8417121	-0.01311772
318.08	0.012377248	-5.8419605	-0.013155347
318.208	0.012378725	-5.8417925	-0.013526137
318.336	0.012326484	-5.8419827	-0.013351656
318.464	0.01232473	-5.8418067	-0.011176297
318.592	0.012275443	-5.8419982	-0.013472014
318.72	0.01204792	-5.8415693	-0.014514458
318.848	0.012197169	-5.8417596	-0.015155611
318.976	0.012119964	-5.8421117	-0.017054147
319.104	0.012081858	-5.8421464	-0.014238899
319.232	0.011943351	-5.8421926	-0.013275285
319.36	0.011863877	-5.8420746	-0.013613142
319.488	0.012007302	-5.8425258	-0.018502758
319.616	0.011666563	-5.8422246	-0.017228579
319.744	0.011737679	-5.8423393	-0.014142469
319.872	0.011937448	-5.8427545	-0.01265872
320	0.011799815	-5.8425661	-0.012690879
320.128	0.01180079	-5.8427075	-0.014255722
320.256	0.011815891	-5.8424838	-0.014912204
320.384	0.011697324	-5.8424115	-0.014437859
320.512	0.011506836	-5.8424586	-0.014317821
320.64	0.011786529	-5.8427023	-0.016947794
320.768	0.011664776	-5.8426242	-0.015093706
320.896	0.011389892	-5.84222	-0.01555676
321.024	0.011863472	-5.842507	-0.015832844
321.152	0.011595479	-5.8421639	-0.013514525
321.28	0.011638825	-5.8423391	-0.013915574
321.408	0.011591372	-5.8420189	-0.013482369
321.536	0.011865252	-5.842298	-0.015554173
321.664	0.011638284	-5.8420603	-0.014247709
321.792	0.011748617	-5.8422902	-0.014691786
321.92	0.011864463	-5.8423997	-0.013541184
322.048	0.011877851	-5.8421954	-0.015244852
322.176	0.011701785	-5.8420666	-0.014164599
322.304	0.011922339	-5.8419488	-0.012683479
322.432	0.012060141	-5.842174	-0.014205837
322.56	0.012095953	-5.8421152	-0.012334646
322.688	0.012193593	-5.8421331	-0.013093506
322.816	0.012131846	-5.8418286	-0.013468304
322.944	0.012095077	-5.8419162	-0.012952439
323.072	0.012215373	-5.8419842	-0.011306167
323.2	0.012130393	-5.8418307	-0.012471802
323.328	0.012292	-5.8418518	-0.013385931
323.456	0.0124243	-5.8420574	-0.01413461
323.584	0.012364407	-5.8422225	-0.012870075
323.712	0.012401114	-5.842174	-0.014999627
323.84	0.012399835	-5.8420396	-0.014316249
323.968	0.012431699	-5.8421014	-0.013164243
324.096	0.012076465	-5.8416359	-0.013083007
324.224	0.012540527	-5.8418854	-0.014405046
324.352	0.012429845	-5.8418596	-0.013300412
324.48	0.012325885	-5.8419706	-0.013365481
324.608	0.012352099	-5.8419238	-0.013041342
324.736	0.012133629	-5.8416655	-0.012738544
324.864	0.012352206	-5.8416744	-0.015255682
324.992	0.01214898	-5.8419896	-0.01424461
325.12	0.012268436	-5.8423966	-0.015648495
325.248	0.012015612	-5.8420321	-0.01416729
325.376	0.012024445	-5.8423217	-0.015979059
325.504	0.012029776	-5.8419529	-0.015659871
325.632	0.011671996	-5.8419202	-0.011173914
325.76	0.011975363	-5.8423627	-0.012201921
325.888	0.012009445	-5.842346	-0.012856801
326.016	0.011834629	-5.8425231	-0.014228069
326.144	0.011928904	-5.8426284	-0.016838516
326.272	0.011623809	-5.8421704	-0.016016846
326.4	0.011638482	-5.8424336	-0.01425029
326.528	0.011708654	-5.8425395	-0.015186036
326.656	0.011630571	-5.8423295	-0.01378983
326.784	0.01162795	-5.8427465	-0.014619129
326.912	0.011823747	-5.8431455	-0.016875492
327.04	0.01153514	-5.8427849	-0.014021265
327.168	0.011602062	-5.8425193	-0.015358316
327.296	0.011844384	-5.8427478	-0.014857054
327.424	0.011710373	-5.8427652	-0.012986121
327.552	0.011628587	-5.8423425	-0.014190335
327.68	0.01160138	-5.8422196	-0.014478191
327.808	0.011769971	-5.842453	-0.013243995
327.936	0.01177847	-5.8423464	-0.014663581
328.064	0.011697649	-5.8422262	-0.015059511
328.192	0.011789597	-5.8424251	-0.016019916
328.32	0.012055144	-5.8424421	-0.015881374
328.448	0.011795953	-5.842048	-0.013997451
328.576	0.011818287	-5.8421633	-0.016516028
328.704	0.012043618	-5.8422307	-0.017921852
328.832	0.011877899	-5.8419945	-0.015444133
328.96	0.012164889	-5.8422885	-0.014343479
329.088	0.012363274	-5.8422411	-0.016556758
329.216	0.012132924	-5.8421277	-0.014987935
329.344	0.012161043	-5.8418219	-0.013921093
329.472	0.012178995	-5.8416964	-0.014391316
329.6	0.012270905	-5.8419153	-0.015783446
329.728	0.012293224	-5.8417575	-0.011886181
329.856	0.012316489	-5.8414825	-0.011039281
329.984	0.01223427	-5.8415179	-0.013948679
330.112	0.012450401	-5.842039	-0.013370326
330.24	0.012614981	-5.8420423	-0.014542983
330.368	0.012267913	-5.8416939	-0.014246617
330.496	0.012351889	-5.8417221	-0.012912861
330.624	0.012301266	-5.8415651	-0.014030354
330.752	0.012256174	-5.8414121	-0.01395749
330.88	0.01240424	-5.8417973	-0.011764383
331.008	0.012181693	-5.8418223	-0.0129128
331.136	0.012065369	-5.8417127	-0.014859051
331.264	0.01216187	-5.8417235	-0.012237189
331.392	0.01237265	-5.8421281	-0.014014816
331.52	0.01211547	-5.8419328	-0.015666138
331.648	0.012088526	-5.842059	-0.014115217
331.776	0.012118802	-5.8421996	-0.013360726
331.904	0.012182789	-5.8423439	-0.017047282
332.032	0.011906149	-5.8420776	-0.01673127
332.16	0.011681071	-5.8419431	-0.014518839
332.288	0.012001778	-5.8423399	-0.01559787
332.416	0.011861826	-5.8423184	-0.014839417
332.544	0.011874616	-5.8422596	-0.015537606
332.672	0.011860662	-5.8426011	-0.016011031
332.8	0.01167707	-5.842559	-0.012827384
332.928	0.011685317	-5.8424791	-0.013211243
333.056	0.011547613	-5.8423263	-0.01546112
333.184	0.011667263	-5.8423806	-0.014792402
333.312	0.011693189	-5.8426227	-0.0117837
333.44	0.011591867	-5.8425318	-0.013372727
333.568	0.01164563	-5.8424262	-0.015741407
333.696	0.011770869	-5.8423912	-0.014461701
333.824	0.011822001	-5.8423424	-0.014700829
333.952	0.011590872	-5.8423695	-0.01599151
334.08	0.011495536	-5.842321	-0.014975612
334.208	0.011822904	-5.8427709	-0.016713499
334.336	0.011639545	-5.8422646	-0.018081734
334.464	0.011703165	-5.8421535	-0.014110262
334.592	0.011939245	-5.8426237	-0.014095418
334.72	0.011978481	-5.8424147	-0.0144919
334.848	0.011980327	-5.8420134	-0.014541008
334.976	0.011938222	-5.8420788	-0.013587276
335.104	0.011970658	-5.8423467	-0.012290647
335.232	0.011889074	-5.8420212	-0.013886998
335.36	0.011946084	-5.8420404	-0.015296154
335.488	0.012257056	-5.8422068	-0.01380214
335.616	0.012294158	-5.8420485	-0.012368604
335.744	0.012182263	-5.8418074	-0.011544919
335.872	0.012481026	-5.8420221	-0.014107819
336	0.012088074	-5.8415123	-0.013852089
336.128	0.012170423	-5.841448	-0.012611598
336.256	0.012257334	-5.8415208	-0.012795236
336.384	0.012403742	-5.84176	-0.014986014
336.512	0.012499078	-5.841957	-0.011998932
336.64	0.012194351	-5.84151	-0.010042557
336.768	0.012340471	-5.8415744	-0.01404048
336.896	0.012410395	-5.8416877	-0.014836151
337.024	0.012198377	-5.8415095	-0.01429936
337.152	0.012400315	-5.8419903	-0.01356548
337.28	0.012258226	-5.8421303	-0.012832727
337.408	0.012265208	-5.8419924	-0.013445164
337.536	0.012140952	-5.8419061	-0.014369788
337.664	0.012350362	-5.8423637	-0.01503428
337.792	0.012165745	-5.8422668	-0.013621308
337.92	0.01201191	-5.8421173	-0.014052891
338.048	0.012088791	-5.8423674	-0.013616575
338.176	0.0120067	-5.8421931	-0.015440359
338.304	0.011901079	-5.8419831	-0.014905019
338.432	0.012197358	-5.8424163	-0.014577826
338.56	0.01177359	-5.8421763	-0.013379202
338.688	0.011813211	-5.8421964	-0.012761313
338.816	0.011821684	-5.8424625	-0.012699736
338.944	0.011704923	-5.8423373	-0.012260432
339.072	0.011758668	-5.8424355	-0.012894148
339.2	0.011666194	-5.8424345	-0.012537494
339.328	0.011595977	-5.8425089	-0.013927361
339.456	0.01188647	-5.843092	-0.016233233
339.584	0.011605606	-5.8427474	-0.016620236
339.712	0.011578964	-5.8424076	-0.016372808
339.84	0.011569151	-5.842473	-0.016282205
339.968	0.011760884	-5.8425985	-0.017279929
340.096	0.011697262	-5.8423067	-0.016480539
340.224	0.011765773	-5.8426161	-0.017656349
340.352	0.011625226	-5.8424973	-0.015847774
340.48	0.011718792	-5.8425635	-0.01388874
340.608	0.011738215	-5.8425445	-0.013562532
340.736	0.011710219	-5.8424817	-0.012932753
340.864	0.01167759	-5.8423987	-0.015001239
340.992	0.012010023	-5.8426488	-0.015604489
341.12	0.011681652	-5.8421128	-0.012330991
341.248	0.012000426	-5.8421866	-0.013790788
341.376	0.011933333	-5.8420836	-0.013665757
341.504	0.012061792	-5.8422166	-0.016199302
341.632	0.01194866	-5.8421324	-0.014368135
341.76	0.012262655	-5.8421806	-0.01310042
341.888	0.012133562	-5.8419119	-0.012360167
342.016	0.012117462	-5.8414416	-0.013572457
342.144	0.012223888	-5.8414913	-0.012221647
342.272	0.012164636	-5.8418531	-0.012033052
342.4	0.012310139	-5.8417663	-0.013705354
342.528	0.012466152	-5.8418977	-0.014361755
342.656	0.012290324	-5.8416055	-0.014204801
342.784	0.012544033	-5.8419531	-0.015254022
342.912	0.012290781	-5.8415953	-0.013078815
343.04	0.012343197	-5.8414718	-0.013231753
343.168	0.012283983	-5.8415414	-0.012861779
343.296	0.012338236	-5.8416897	-0.012590287
343.424	0.012323856	-5.8417724	-0.014605998
343.552	0.012446584	-5.841832	-0.013030941
343.68	0.012279761	-5.8417801	-0.011469777
343.808	0.01243407	-5.8418872	-0.014132262
343.936	0.012111377	-5.8417454	-0.012036019
344.064	0.012385364	-5.8424369	-0.011793902
344.192	0.012016982	-5.8420531	-0.012079035
344.32	0.012004723	-5.8419255	-0.013569892
344.448	0.012143053	-5.8421761	-0.014089866
344.576	0.011852948	-5.8421315	-0.013569303
344.704	0.011941795	-5.842329	-0.011763492
344.832	0.011861992	-5.8422196	-0.014906665
344.96	0.011872705	-5.8424535	-0.016189102
345.088	0.011764889	-5.8425985	-0.015405586
345.216	0.011749868	-5.8426137	-0.015889012
345.344	0.011656624	-5.8422336	-0.014233514
345.472	0.011817061	-5.8426141	-0.016032979
345.6	0.011533429	-5.8424256	-0.015857477
345.728	0.01163416	-5.8426139	-0.014346688
345.856	0.011478832	-5.8424174	-0.01355712
345.984	0.011600528	-5.8428417	-0.015139208
346.112	0.011638701	-5.8426695	-0.016153065
346.24	0.011665999	-5.8427273	-0.013466576
346.368	0.011752916	-5.8428856	-0.014243926
346.496	0.011625201	-5.8423416	-0.014929938
346.624	0.011768329	-5.8424109	-0.014384535
346.752	0.011642982	-5.8423552	-0.014948462
346.88	0.011829995	-5.842676	-0.016928533
347.008	0.011669856	-5.8421579	-0.014008437
347.136	0.011680395	-5.8421452	-0.014404094
347.264	0.012056549	-5.8423441	-0.016550857
347.392	0.011685026	-5.8422953	-0.013800357
347.52	0.011965895	-5.8425337	-0.015445
347.648	0.012066996	-5.8423068	-0.012470556
347.776	0.012042157	-5.8421484	-0.011708129
347.904	0.012061872	-5.842019	-0.01485419
348.032	0.012142059	-5.8421578	-0.013925177
348.16	0.012259226	-5.8421981	-0.012540083
348.288	0.012062625	-5.8418803	-0.012652068
348.416	0.012346333	-5.8422162	-0.012404728
348.544	0.012154364	-5.8418139	-0.010786174
348.672	0.012448217	-5.8420017	-0.013610777
348.8	0.012413015	-5.8416852	-0.016217512
348.928	0.012484559	-5.8419904	-0.01435218
349.056	0.012292023	-5.8415536	-0.010528103
349.184	0.012184644	-5.8414792	-0.01178849
349.312	0.012484722	-5.8417834	-0.012889557
349.44	0.012204653	-5.8415771	-0.01192272
349.568	0.012482561	-5.8418545	-0.015900257
349.696	0.012264761	-5.8417337	-0.015339691
349.824	0.012217041	-5.8415747	-0.013258843
349.952	0.012345682	-5.8418057	-0.012707897
350.08	0.012187909	-5.8416308	-0.014449979
350.208	0.012277449	-5.8419681	-0.014485926
350.336	0.012072753	-5.8417369	-0.013649345
350.464	0.012237145	-5.8419362	-0.015203264
350.592	0.011978946	-5.8418164	-0.011740996
350.72	0.012050712	-5.8420783	-0.014308322
350.848	0.011927811	-5.8419936	-0.015473812
350.976	0.012014203	-5.8422561	-0.016106942
351.104	0.011935698	-5.8424488	-0.014873986
351.232	0.011803718	-5.8421584	-0.013337244
351.36	0.011895483	-5.842584	-0.013273509
351.488	0.01176683	-5.8423936	-0.011663294
351.616	0.011679408	-5.8422397	-0.014245406
351.744	0.011578489	-5.8422518	-0.014715199
351.872	0.011883719	-5.8423757	-0.014601684
352	0.011699076	-5.842633	-0.016762693
352.128	0.011495345	-5.8421211	-0.016647464
352.256	0.011559554	-5.8422017	-0.017202977
352.384	0.011753588	-5.8425256	-0.01739051
352.512	0.011492051	-5.8422457	-0.015347968
352.64	0.011572085	-5.8421968	-0.012773776
352.768	0.011825714	-5.8427454	-0.013097973
352.896	0.011754017	-5.8425363	-0.014305867
353.024	0.011621533	-5.8424356	-0.015541629
353.152	0.011807449	-5.8423482	-0.015385257
353.28	0.011919207	-5.8425705	-0.015626938
353.408	0.011835846	-5.8424952	-0.014764714
353.536	0.01180342	-5.8425111	-0.016421436
353.664	0.012026581	-5.8426091	-0.0159567
353.792	0.011884255	-5.8423181	-0.012631642
353.92	0.011790515	-5.8420056	-0.014418302
354.048	0.012198666	-5.8424552	-0.016614029
354.176	0.012285924	-5.8424499	-0.016742425
354.304	0.012063244	-5.8422512	-0.013524563
354.432	0.012114566	-5.8422461	-0.013335091
354.56	0.012217809	-5.8421105	-0.01366974
354.688	0.012262749	-5.8418157	-0.011662919
354.816	0.012170578	-5.8420242	-0.012252455
354.944	0.012295016	-5.8419494	-0.013097724
355.072	0.012225477	-5.8416088	-0.012245802
355.2	0.012245299	-5.8417969	-0.014522484
355.328	0.012333462	-5.8419899	-0.012449182
355.456	0.012316578	-5.8419773	-0.0083725213
355.584	0.012428475	-5.8420053	-0.013453179
355.712	0.012329985	-5.8417975	-0.013456643
355.84	0.012507046	-5.8421179	-0.011153263
355.968	0.012306977	-5.84194	-0.010800582
356.096	0.012384686	-5.8419735	-0.013777458
356.224	0.012238562	-5.8421278	-0.013516219
356.352	0.012360099	-5.8421936	-0.014129968
356.48	0.012193192	-5.8419758	-0.014816969
356.608	0.012303887	-5.8419183	-0.013920961
356.736	0.011989484	-5.841888	-0.01486134
356.864	0.012115173	-5.8420206	-0.016415702
356.992	0.011931506	-5.8418823	-0.012585498
357.12	0.011996685	-5.8417899	-0.012342459
357.248	0.012207898	-5.8425336	-0.015740531
357.376	0.011974209	-5.8423818	-0.013232644
357.504	0.011785197	-5.842161	-0.013390451
357.632	0.011903371	-5.8422632	-0.014154475
357.76	0.011754914	-5.8421998	-0.012454878
357.888	0.011911553	-5.8427612	-0.015031092
358.016	0.011579726	-5.8423811	-0.015549078
358.144	0.011765763	-5.8427104	-0.014806269
358.272	0.011577024	-5.8426294	-0.014896147
358.4	0.011819988	-5.8427542	-0.017139842
358.528	0.011509102	-5.8423391	-0.018009263
358.656	0.011771212	-5.8425401	-0.017810766
358.784	0.011835923	-5.8423899	-0.014869436
358.912	0.011377255	-5.8422646	-0.013368896
359.04	0.011521338	-5.8422427	-0.014232753
359.168	0.011635225	-5.8425635	-0.014502416
359.296	0.01195822	-5.8425439	-0.015245228
359.424	0.01163443	-5.8420834	-0.014361191
359.552	0.011850734	-5.8422043	-0.016744087
359.68	0.011768732	-5.8422659	-0.013760224
359.808	0.011791069	-5.8422105	-0.013398594
359.936	0.011775881	-5.8423713	-0.013808535
360.064	0.011978035	-5.8426028	-0.013992417
360.192	0.011932724	-5.8423933	-0.012915019
360.32	0.011808764	-5.8418997	-0.014422853
360.448	0.012016095	-5.8420351	-0.013843325
360.576	0.012309486	-5.8422657	-0.013841572
360.704	0.012068634	-5.841878	-0.013857774
360.832	0.012053965	-5.8417041	-0.011776263
360.96	0.012181445	-5.8417371	-0.013455749
361.088	0.012357036	-5.8418589	-0.013129477
361.216	0.012352987	-5.8418198	-0.011431103
361.344	0.012464971	-5.8419078	-0.013127111
361.472	0.012197231	-5.841782	-0.012654756
361.6	0.012460861	-5.8421316	-0.013253309
361.728	0.012181261	-5.8418946	-0.012307093
361.856	0.012469112	-5.842219	-0.013087896
361.984	0.012503077	-5.8423181	-0.014562011
362.112	0.012246355	-5.8417276	-0.014394767
362.24	0.0122385	-5.8417777	-0.013286273
362.368	0.012272946	-5.841938	-0.012711611
362.496	0.012411785	-5.8420952	-0.014270843
362.624	0.012189642	-5.8420891	-0.013991061
362.752	0.01212716	-5.8419216	-0.014181532
362.88	0.012191694	-5.8417669	-0.013984111
363.008	0.012135097	-5.8420042	-0.013889526
363.136	0.012092624	-5.8419741	-0.014655635
363.264	0.012204931	-5.8420136	-0.01454869
363.392	0.011860863	-5.8420978	-0.013775252
363.52	0.012118717	-5.8424444	-0.014050179
363.648	0.011884555	-5.8421983	-0.013442191
363.776	0.011958329	-5.842293	-0.015060997
363.904	0.011725478	-5.842351	-0.014949389
364.032	0.011941644	-5.8424428	-0.016108146
364.16	0.011609791	-5.8423482	-0.014366698
364.288	0.011756506	-5.8423042	-0.015489263
364.416	0.011819353	-5.8426214	-0.015185224
364.544	0.011683369	-5.8423846	-0.015070777
364.672	0.011728547	-5.8423225	-0.015615912
364.8	0.011594923	-5.842392	-0.01468748
364.928	0.011724748	-5.842518	-0.01491221
365.056	0.011644824	-5.8424939	-0.014021604
365.184	0.011836686	-5.8426712	-0.014411555
365.312	0.011581107	-5.8424172	-0.015378791
365.44	0.01159785	-5.8424053	-0.015287644
365.568	0.011508514	-5.8425683	-0.011336895
365.696	0.011994792	-5.8428887	-0.012860957
365.824	0.011500604	-5.8422923	-0.014610781
365.952	0.011838514	-5.842419	-0.015454427
366.08	0.011937788	-5.8425146	-0.014142517
366.208	0.011803881	-5.8423135	-0.015546979
366.336	0.011851721	-5.8424103	-0.014694538
366.464	0.011778305	-5.8423218	-0.012208371
366.592	0.01203294	-5.8426741	-0.012441069
366.72	0.01204509	-5.8422462	-0.013956153
366.848	0.012033734	-5.8419396	-0.015063782
366.976	0.012112645	-5.8417383	-0.016100911
367.104	0.012319411	-5.8419374	-0.01495992
367.232	0.012031741	-5.8416265	-0.01339848
367.36	0.01223971	-5.842026	-0.0155243
367.488	0.012266388	-5.8419552	-0.01426395
367.616	0.012423313	-5.8423452	-0.014124279
367.744	0.012232914	-5.8418639	-0.014520842
367.872	0.012202591	-5.8416813	-0.013781025
368	0.012344032	-5.8416239	-0.011695507
368.128	0.012406983	-5.8417797	-0.01197768
368.256	0.012542123	-5.841835	-0.014195889
368.384	0.012322336	-5.8417404	-0.013181047
368.512	0.012246136	-5.8419857	-0.011748847
368.64	0.012258776	-5.8418085	-0.01123578
368.768	0.012390179	-5.8421975	-0.01221148
368.896	0.012341629	-5.8420401	-0.013646499
369.024	0.012153969	-5.8419629	-0.015617842
369.152	0.012255728	-5.842153	-0.014741718
369.28	0.012069998	-5.8419627	-0.012334126
369.408	0.012188112	-5.8422223	-0.012340772
369.536	0.0120567	-5.8419728	-0.013180069
369.664	0.012081368	-5.8420135	-0.014493503
369.792	0.012033339	-5.8422835	-0.013536922
369.92	0.011991093	-5.842485	-0.014253084
370.048	0.012004636	-5.8422625	-0.014562592
370.176	0.011860952	-5.8422968	-0.01354804
370.304	0.011856049	-5.8424696	-0.015358431
370.432	0.011744846	-5.8424297	-0.015491151
370.56	0.011704249	-5.8425497	-0.016842784
370.688	0.011655728	-5.8426906	-0.015917457
370.816	0.011771994	-5.8428548	-0.015253967
370.944	0.011639513	-5.8427891	-0.0158151
371.072	0.011434372	-5.8423609	-0.015080047
371.2	0.011716832	-5.8423823	-0.017247703
371.328	0.011602099	-5.8425524	-0.014816495
371.456	0.011628162	-5.8425296	-0.014388188
371.584	0.011728913	-5.8426417	-0.016293637
371.712	0.011644145	-5.8426483	-0.014059181
371.84	0.011628494	-5.8424332	-0.015093297
371.968	0.011694502	-5.842311	-0.015445652
372.096	0.011749008	-5.8424923	-0.013971353
372.224	0.011728858	-5.8421854	-0.013578939
372.352	0.011825137	-5.8423932	-0.013887883
372.48	0.011795262	-5.8422318	-0.014453079
372.608	0.011957146	-5.8426505	-0.013893738
372.736	0.011880414	-5.8424356	-0.014301232
372.864	0.011853743	-5.842279	-0.015127233
372.992	0.012198514	-5.8422959	-0.015417976
373.12	0.011983036	-5.8419507	-0.012635821
373.248	0.012333796	-5.842276	-0.013543359
373.376	0.012061987	-5.8418113	-0.014232101
373.504	0.012250673	-5.841883	-0.014325628
373.632	0.012075949	-5.841667	-0.013445052
373.76	0.012190869	-5.8417801	-0.014217577
373.888	0.012190822	-5.841527	-0.012763372
374.016	0.012511182	-5.8417325	-0.012305164
374.144	0.012481041	-5.841718	-0.012227358
374.272	0.012345005	-5.8419799	-0.012825799
374.4	0.01248435	-5.8419808	-0.011408149
374.528	0.012272996	-5.8415625	-0.01148219
374.656	0.012356604	-5.8415297	-0.013385651
374.784	0.012402727	-5.8417168	-0.012177544
374.912	0.012360524	-5.8418194	-0.013556903
375.04	0.012183032	-5.8419652	-0.012865255
375.168	0.012172981	-5.8420724	-0.012262692
375.296	0.012143871	-5.8419767	-0.012372808
375.424	0.012358497	-5.8422373	-0.015617186
375.552	0.01219349	-5.8421318	-0.013888421
375.68	0.012090054	-5.8420031	-0.011132668
375.808	0.011926769	-5.8419121	-0.01304025
375.936	0.012038855	-5.8419909	-0.013543361
376.064	0.01192983	-5.8421707	-0.014297639
376.192	0.012099525	-5.842434	-0.014525572
376.32	0.011730797	-5.8422632	-0.013133183
376.448	0.011912318	-5.8424722	-0.015784113
376.576	0.011891361	-5.8426745	-0.01608172
376.704	0.011741544	-5.8424176	-0.012618332
376.832	0.01186094	-5.84265	-0.013871041
376.96	0.011688157	-5.8422963	-0.01336635
377.088	0.01169718	-5.8421566	-0.012576028
377.216	0.011662135	-5.842145	-0.013690519
377.344	0.011622881	-5.8424292	-0.016804811
377.472	0.01170137	-5.8427083	-0.016580581
377.6	0.011532802	-5.842507	-0.014199638
377.728	0.011454103	-5.8422378	-0.014447003
377.856	0.011571794	-5.8423229	-0.012669722
377.984	0.011757628	-5.8427711	-0.01562306
378.112	0.011747798	-5.842586	-0.016403892
378.24	0.011645669	-5.8424855	-0.01495851
378.368	0.011788581	-5.8423656	-0.01533059
378.496	0.011779512	-5.8425477	-0.015916451
378.624	0.011812247	-5.8424102	-0.014148752
378.752	0.011889595	-5.8425905	-0.012058673
378.88	0.01197943	-5.8424857	-0.015330031
379.008	0.011909786	-5.8421341	-0.014291247
379.136	0.011946548	-5.8421437	-0.014204037
379.264	0.011817841	-5.8418658	-0.015548497
379.392	0.012032432	-5.8421093	-0.016091962
379.52	0.012312293	-5.8423581	-0.016152188
379.648	0.011999506	-5.8421044	-0.015270224
379.776	0.012282152	-5.8423642	-0.013494644
379.904	0.012071933	-5.8420781	-0.0124868
380.032	0.0123105	-5.8420619	-0.014453817
380.16	0.012139972	-5.8416142	-0.012198548
380.288	0.012393453	-5.8418758	-0.011724589
380.416	0.012359777	-5.8416305	-0.013435363
380.544	0.012255275	-5.8416659	-0.01278844
380.672	0.012262462	-5.8416409	-0.014268639
380.8	0.012331888	-5.8415721	-0.014657664
380.928	0.012492255	-5.8418769	-0.014909779
381.056	0.012361943	-5.8415852	-0.011915253
381.184	0.012391138	-5.8417488	-0.01108263
381.312	0.012338965	-5.8419261	-0.012979629
381.44	0.012194599	-5.841821	-0.010800987
381.568	0.012287215	-5.8417525	-0.013433964
381.696	0.012375618	-5.841932	-0.013753114
381.824	0.012115502	-5.8420621	-0.011217186
381.952	0.012040614	-5.8421686	-0.01176479
382.08	0.012137228	-5.8418916	-0.013495924
382.208	0.012032561	-5.8418482	-0.012791621
382.336	0.012003257	-5.8421244	-0.013439027
382.464	0.011982268	-5.8421677	-0.016682502
382.592	0.01187249	-5.8423282	-0.015979766
382.72	0.01178464	-5.8422383	-0.013044163
382.848	0.011775325	-5.8421904	-0.014103041
382.976	0.011885989	-5.8426216	-0.01568353
383.104	0.011612405	-5.8425237	-0.014518712
383.232	0.011640405	-5.8424097	-0.016982517
383.36	0.011583263	-5.8422565	-0.01526764
383.488	0.011970322	-5.8426582	-0.015185635
383.616	0.01162839	-5.8425815	-0.015847307
383.744	0.011704694	-5.8426934	-0.0141527
383.872	0.011477341	-5.842333	-0.012339989
384	0.011710452	-5.8426608	-0.014455538
384.128	0.011819387	-5.8425887	-0.015649858
384.256	0.011717948	-5.8424137	-0.016729964
384.384	0.011280597	-5.8419715	-0.013639507
384.512	0.011868101	-5.8422837	-0.013584086
384.64	0.011750226	-5.8423153	-0.013482317
384.768	0.01172881	-5.8422533	-0.013055078
384.896	0.011782509	-5.8422658	-0.01366064
385.024	0.011976434	-5.8426708	-0.015522769
385.152	0.011766641	-5.8423131	-0.013929371
385.28	0.011750628	-5.8418729	-0.014730759
385.408	0.011985862	-5.8417812	-0.013642003
385.536	0.011938404	-5.8418495	-0.013932642
385.664	0.012143573	-5.8422006	-0.012172628
385.792	0.012306542	-5.842382	-0.012690549
385.92	0.012189123	-5.8421876	-0.011393489
386.048	0.012196986	-5.8418307	-0.012635424
386.176	0.012144545	-5.8419288	-0.014881316
386.304	0.01242879	-5.8420588	-0.014152859
386.432	0.012261304	-5.8418765	-0.013296036
386.56	0.012275884	-5.8418477	-0.012950331
386.688	0.01225792	-5.8415909	-0.01453922
386.816	0.012349434	-5.8417923	-0.012312898
386.944	0.012331609	-5.8418217	-0.010485103
387.072	0.012288128	-5.8417234	-0.012228165
387.2	0.012288771	-5.8418912	-0.014473645
387.328	0.012450822	-5.8421334	-0.014224325
387.456	0.012411134	-5.8421314	-0.014492206
387.584	0.011956467	-5.8415596	-0.012931229
387.712	0.012472798	-5.8419909	-0.01338095
387.84	0.0123993	-5.8420843	-0.013408562
387.968	0.012088789	-5.8417058	-0.016113521
388.096	0.012046765	-5.8417821	-0.01244512
388.224	0.012291715	-5.8421036	-0.013920947
388.352	0.012249026	-5.8420943	-0.013617137
388.48	0.011775367	-5.841674	-0.010983908
388.608	0.012012684	-5.8421775	-0.014091312
388.736	0.011789754	-5.8419001	-0.012644586
388.864	0.012151523	-5.8421428	-0.014494269
388.992	0.011810327	-5.8420015	-0.014502897
389.12	0.011929223	-5.8422113	-0.014483484
389.248	0.011814757	-5.8422318	-0.013837676
389.376	0.011716253	-5.8420637	-0.013709117
389.504	0.011756902	-5.8423793	-0.014067714
389.632	0.011458775	-5.8420043	-0.014821152
389.76	0.011895465	-5.842683	-0.016271767
389.888	0.011560205	-5.8423088	-0.015627957
390.016	0.01160988	-5.8423869	-0.016510961
390.144	0.011788271	-5.8425061	-0.015733952
390.272	0.011678296	-5.8424287	-0.015454266
390.4	0.01166317	-5.8426076	-0.015035454
390.528	0.011505216	-5.8424468	-0.013563493
390.656	0.011561689	-5.8425259	-0.015147164
390.784	0.011698325	-5.8424687	-0.017659521
390.912	0.011886569	-5.8428619	-0.01841254
391.04	0.011703592	-5.8422902	-0.013413566
391.168	0.011854306	-5.8423227	-0.013210557
391.296	0.011790146	-5.8422667	-0.013630018
391.424	0.012001662	-5.8423599	-0.014647272
391.552	0.011981859	-5.842363	-0.014243861
391.68	0.011974147	-5.8424197	-0.013664459
391.808	0.012109734	-5.8423195	-0.013117335
391.936	0.011863064	-5.8418581	-0.013008957
392.064	0.011951211	-5.8419114	-0.01466018
392.192	0.012166895	-5.8422592	-0.014273918
392.32	0.01215182	-5.8420856	-0.013652393
392.448	0.012256999	-5.8421289	-0.013178574
392.576	0.012379905	-5.8421994	-0.014786343
392.704	0.012284736	-5.8420699	-0.014447778
392.832	0.012093808	-5.8415447	-0.011594438
392.96	0.012483471	-5.8420312	-0.013983486
393.088	0.012162971	-5.8415841	-0.012008933
393.216	0.012597783	-5.8420785	-0.012908274
393.344	0.01237215	-5.841776	-0.012365338
393.472	0.012355966	-5.8416983	-0.011773
393.6	0.01233085	-5.8417584	-0.014849667
393.728	0.012171705	-5.8414631	-0.012689672
393.856	0.012485521	-5.8420185	-0.012835293
393.984	0.012208843	-5.8418838	-0.01429214
394.112	0.012192339	-5.8419156	-0.013008863
394.24	0.012380909	-5.8421614	-0.013032015
394.368	0.012217099	-5.8420223	-0.014639521
394.496	0.012113219	-5.8418304	-0.010812917
394.624	0.012097038	-5.8418965	-0.011040954
394.752	0.012152714	-5.8419385	-0.01486148
394.88	0.011971867	-5.8417571	-0.012328157
395.008	0.011767949	-5.8420684	-0.014060815
395.136	0.011990007	-5.8422845	-0.017607307
395.264	0.011985446	-5.8424814	-0.016809009
395.392	0.011764951	-5.84234	-0.014259429
395.52	0.01179571	-5.8421753	-0.014799888
395.648	0.011627858	-5.8421744	-0.014014765
395.776	0.011802847	-5.8425625	-0.014432038
395.904	0.011711732	-5.8425137	-0.015513745
396.032	0.01169758	-5.8423985	-0.015126856
396.16	0.011694915	-5.8424979	-0.015781901
396.288	0.011712802	-5.8426263	-0.01503461
396.416	0.011528644	-5.8422121	-0.015500373
396.544	0.011663533	-5.8422944	-0.015960604
396.672	0.011607981	-5.8423892	-0.015700901
396.8	0.01156947	-5.8422657	-0.015210086
396.928	0.01142974	-5.8422567	-0.014968796
397.056	0.011720643	-5.8423897	-0.013845883
397.184	0.011669515	-5.8423805	-0.014954021
397.312	0.011864606	-5.8427566	-0.015528318
397.44	0.011842665	-5.8426744	-0.013769624
397.568	0.011802362	-5.8425397	-0.013649489
397.696	0.011771306	-5.8421427	-0.012487709
397.824	0.011759121	-5.8422454	-0.013168725
397.952	0.012023998	-5.8422284	-0.014726448
398.08	0.012002881	-5.841955	-0.014920319
398.208	0.012055779	-5.8419388	-0.014707748
398.336	0.012042405	-5.8420507	-0.011801098
398.464	0.012233182	-5.8420837	-0.013424708
398.592	0.012088304	-5.8420923	-0.013220933
398.72	0.012434611	-5.8422112	-0.011856717
398.848	0.012200751	-5.8415508	-0.014840863
398.976	0.012340448	-5.8417835	-0.016359108
399.104	0.012381493	-5.841887	-0.013468487
399.232	0.012168318	-5.8417778	-0.013156292
399.36	0.012288117	-5.8418465	-0.012910131
399.488	0.012428698	-5.8418128	-0.013389915
399.616	0.012341224	-5.8414991	-0.013004253
399.744	0.012140391	-5.8414193	-0.014685585
399.872	0.012581157	-5.8420882	-0.014660564
400	0.012259672	-5.8416606	-0.011070818
400.128	0.012377686	-5.8417703	-0.011285219
400.256	0.012407361	-5.842	-0.011105337
400.384	0.012382052	-5.8421837	-0.012552252
400.512	0.012178718	-5.8418939	-0.014510661
400.64	0.01221749	-5.8420283	-0.014891381
400.768	0.012164573	-5.8420361	-0.013202358
400.896	0.012132463	-5.8420409	-0.015278048
401.024	0.011887465	-5.8419495	-0.013715454
401.152	0.012159798	-5.8422511	-0.013385505
401.28	0.011823715	-5.8417938	-0.014500751
401.408	0.012094257	-5.8419021	-0.014766677
401.536	0.011889683	-5.8421337	-0.014928099
401.664	0.011863142	-5.8423734	-0.016735345
401.792	0.011655087	-5.8421579	-0.01442194
401.92	0.011805701	-5.8425374	-0.014509922
402.048	0.01181996	-5.8426794	-0.015931161
402.176	0.011444013	-5.8421713	-0.016842058
402.304	0.011764882	-5.8426965	-0.015901193
402.432	0.011837578	-5.8428735	-0.017124621
402.56	0.011581406	-5.8426624	-0.016809982
402.688	0.011724131	-5.8424	-0.014492402
402.816	0.011564963	-5.8425081	-0.015290049
402.944	0.011725971	-5.8426167	-0.01612384
403.072	0.011565114	-5.8423514	-0.013658212
403.2	0.011636636	-5.8424089	-0.015212721
403.328	0.011787824	-5.8426001	-0.014614187
403.456	0.011640008	-5.8426127	-0.014258212
403.584	0.011880616	-5.8424401	-0.015573688
403.712	0.011565992	-5.8422311	-0.013885293
403.84	0.011722909	-5.8419767	-0.013693187
403.968	0.011893788	-5.8421379	-0.015808273
404.096	0.011920144	-5.842495	-0.015785253
404.224	0.011941161	-5.8424849	-0.016013496
404.352	0.012025214	-5.8424537	-0.01581637
404.48	0.012103288	-5.842231	-0.012671693
404.608	0.011931955	-5.8417487	-0.011253181
404.736	0.012045904	-5.8418859	-0.014328495
404.864	0.01225549	-5.8419758	-0.013940754
404.992	0.012171416	-5.8417828	-0.010915273
405.12	0.012284008	-5.8418423	-0.013759328
405.248	0.012248721	-5.8418609	-0.015003189
405.376	0.012470326	-5.8420935	-0.014298172
405.504	0.012374263	-5.8419695	-0.014093578
405.632	0.012151165	-5.8414799	-0.012505838
405.76	0.012496532	-5.841752	-0.012446341
405.888	0.012263938	-5.8413188	-0.012824271
406.016	0.012231439	-5.841613	-0.013738444
406.144	0.012516421	-5.8420073	-0.01337899
406.272	0.01236966	-5.841816	-0.011501598
406.4	0.012430068	-5.8419417	-0.013345104
406.528	0.012141938	-5.8416944	-0.012773919
406.656	0.012189335	-5.8420448	-0.012051162
406.784	0.012273438	-5.8421061	-0.011665817
406.912	0.012462505	-5.8419852	-0.014287373
407.04	0.011970318	-5.8417799	-0.015006915
407.168	0.012162259	-5.8418191	-0.015197299
407.296	0.012008703	-5.8418019	-0.013178357
407.424	0.011994071	-5.8417256	-0.014188016
407.552	0.012148912	-5.8423027	-0.012929248
407.68	0.011857743	-5.8422792	-0.012071296
407.808	0.011916516	-5.8422313	-0.015663055
407.936	0.011835866	-5.8424844	-0.017076102
408.064	0.011655429	-5.842198	-0.015303237
408.192	0.011832498	-5.8426331	-0.016105117
408.32	0.01170046	-5.8427254	-0.015823508
408.448	0.011737927	-5.8427591	-0.01552812
408.576	0.01151578	-5.8425165	-0.013158127
408.704	0.01173053	-5.842884	-0.015883903
408.832	0.011725429	-5.8424664	-0.017356718
408.96	0.011632665	-5.842611	-0.01796436
409.088	0.011555847	-5.8425228	-0.016585985
409.216	0.01171757	-5.8424754	-0.015019274
409.344	0.011727803	-5.8426342	-0.015644703
409.472	0.011658877	-5.842206	-0.012558953
409.6	0.011680012	-5.8421644	-0.012145085
409.728	0.0117492	-5.8424163	-0.014181061
409.856	0.011815764	-5.8425648	-0.015229587
409.984	0.011539552	-5.8423389	-0.013167093
410.112	0.012046157	-5.8427868	-0.013597232
410.24	0.011765866	-5.8422382	-0.013393231
410.368	0.011906776	-5.8424776	-0.014324596
410.496	0.011884867	-5.8422291	-0.013993517
410.624	0.011934625	-5.8423727	-0.012565081
410.752	0.011927877	-5.8421238	-0.012734395
410.88	0.012089669	-5.8420008	-0.015898668
411.008	0.012169004	-5.8419314	-0.01437693
411.136	0.012263993	-5.8422451	-0.016307791
411.264	0.012198992	-5.8421084	-0.016996577
411.392	0.012058113	-5.8418876	-0.011956527
411.52	0.012294094	-5.8416716	-0.011668376
411.648	0.01237496	-5.8416256	-0.013411324
411.776	0.012377949	-5.8417724	-0.013604231
411.904	0.012333489	-5.8419097	-0.012638694
412.032	0.012242485	-5.8415243	-0.011192427
412.16	0.012422366	-5.8416987	-0.01125997
412.288	0.012288096	-5.8417521	-0.01299032
412.416	0.012323697	-5.8419632	-0.014174894
412.544	0.011923466	-5.8414312	-0.011962341
412.672	0.012509266	-5.8417873	-0.014188685
412.8	0.012321925	-5.8418068	-0.013693688
412.928	0.012247573	-5.8417232	-0.012310673
413.056	0.012330666	-5.8419675	-0.012572226
413.184	0.01211678	-5.8416601	-0.014010348
413.312	0.01215414	-5.8419691	-0.013057922
413.44	0.012237667	-5.842155	-0.012202064
413.568	0.012033775	-5.8420479	-0.013339393
413.696	0.012010488	-5.8419687	-0.014559711
413.824	0.012074738	-5.8420048	-0.015094449
413.952	0.011929407	-5.8420077	-0.014043144
414.08	0.011868461	-5.8421513	-0.01300418
414.208	0.011782181	-5.8422748	-0.015478936
414.336	0.01187693	-5.8422123	-0.01711022
414.464	0.01188763	-5.8420297	-0.015563987
414.592	0.011798593	-5.8422492	-0.014500937
414.72	0.011592971	-5.842126	-0.012896766
414.848	0.011572004	-5.8422938	-0.013022438
414.976	0.011759963	-5.8428045	-0.013892581
415.104	0.011699591	-5.8428728	-0.016571031
415.232	0.011647529	-5.8425633	-0.016054532
415.36	0.011593486	-5.8425568	-0.014882226
415.488	0.011672847	-5.8426935	-0.016486296
415.616	0.011762009	-5.8430013	-0.015196272
415.744	0.011660784	-5.8426641	-0.013777483
415.872	0.011538085	-5.8423417	-0.014444919
416	0.011698811	-5.8424765	-0.016691194
416.128	0.01175489	-5.8426255	-0.018868055
416.256	0.011670367	-5.8421647	-0.017213594
416.384	0.011919522	-5.8428439	-0.017023327
416.512	0.011932873	-5.8424708	-0.015595126
416.64	0.011681085	-5.8421263	-0.014956485
416.768	0.011855015	-5.8422176	-0.014293457
416.896	0.012214787	-5.8425652	-0.014245936
417.024	0.011860306	-5.8421732	-0.014386439
417.152	0.012086662	-5.8421773	-0.014372765
417.28	0.01190556	-5.8420541	-0.012783606
417.408	0.012056886	-5.8419576	-0.015427373
417.536	0.012316934	-5.8423229	-0.015053731
417.664	0.012153705	-5.8418525	-0.013877528
417.792	0.012320656	-5.8419873	-0.01442774
417.92	0.012107532	-5.8419612	-0.013254858
418.048	0.012290962	-5.8420167	-0.013679712
418.176	0.012478678	-5.8421444	-0.014852504
418.304	0.012250889	-5.8415133	-0.013258677
418.432	0.012332931	-5.8415146	-0.011713719
418.56	0.012340069	-5.8417415	-0.011704562
418.688	0.01245036	-5.8416881	-0.013978683
418.816	0.012265352	-5.8418033	-0.013604191
418.944	0.012323324	-5.8420294	-0.012556599
419.072	0.012371225	-5.8419458	-0.015997927
419.2	0.012185173	-5.8414657	-0.013084812
419.328	0.012332407	-5.8421692	-0.013809622
419.456	0.012294529	-5.8419588	-0.013985706
419.584	0.012280225	-5.842025	-0.012319768
419.712	0.012205622	-5.8423498	-0.013613282
419.84	0.012056416	-5.8421452	-0.012520372
419.968	0.01206954	-5.841941	-0.012423133
420.096	0.012092571	-5.8419745	-0.012616115
420.224	0.012184976	-5.842116	-0.013356602
420.352	0.012006109	-5.8420316	-0.014550296
420.48	0.011619649	-5.8419242	-0.014468136
420.608	0.011829592	-5.8421008	-0.014218363
420.736	0.011884617	-5.8425912	-0.013397248
420.864	0.011808154	-5.842564	-0.011625446
420.992	0.011789928	-5.8426094	-0.014575099
421.12	0.011788283	-5.8426214	-0.014130224
421.248	0.011590039	-5.8423938	-0.0146371
421.376	0.011636859	-5.8424004	-0.015035032
421.504	0.011689834	-5.8424909	-0.014742923
421.632	0.011526392	-5.8423585	-0.01389559
421.76	0.011697956	-5.8424816	-0.015434832
421.888	0.011580866	-5.8423975	-0.016195874
422.016	0.011593389	-5.8424158	-0.01573473
422.144	0.011739253	-5.8427813	-0.01736974
422.272	0.011769004	-5.8427049	-0.018408328
422.4	0.011773737	-5.8422569	-0.017590198
422.528	0.011716682	-5.8423663	-0.016408561
422.656	0.011532921	-5.8421298	-0.014923203
422.784	0.012008973	-5.8424338	-0.015779098
422.912	0.011841397	-5.8420838	-0.012865198
423.04	0.011806541	-5.842199	-0.013608269
423.168	0.012064289	-5.8426289	-0.017204303
423.296	0.011930568	-5.8424025	-0.014721522
423.424	0.012042262	-5.8420141	-0.014213062
423.552	0.012062986	-5.8420703	-0.014847004
423.68	0.011974262	-5.8420231	-0.014503624
423.808	0.012254199	-5.8421465	-0.014300822
423.936	0.012216875	-5.8420078	-0.013657994
424.064	0.012198998	-5.8419419	-0.014517123
424.192	0.012157436	-5.8417591	-0.013213515
424.32	0.012184101	-5.8415912	-0.011823102
424.448	0.012379485	-5.8414983	-0.015403599
424.576	0.01231216	-5.8415972	-0.014241286
424.704	0.012432677	-5.8417472	-0.012699469
424.832	0.012424593	-5.8418421	-0.012974355
424.96	0.012375934	-5.8415817	-0.013687169
425.088	0.012331871	-5.8416135	-0.012027328
425.216	0.012417515	-5.8417518	-0.013955792
425.344	0.012291611	-5.841766	-0.014917056
425.472	0.012359901	-5.8419117	-0.013284555
425.6	0.012370555	-5.8419648	-0.012662585
425.728	0.012033636	-5.8418589	-0.014085057
425.856	0.012102231	-5.8419633	-0.015108533
425.984	0.0121379	-5.8421963	-0.014482464
426.112	0.012152581	-5.8420711	-0.014888064
426.24	0.012207481	-5.8419127	-0.015026516
426.368	0.012172099	-5.8418923	-0.013143288
426.496	0.011891731	-5.8418539	-0.013228629
426.624	0.011958823	-5.8422404	-0.015790548
426.752	0.012036151	-5.8424559	-0.013706723
426.88	0.011880565	-5.8425307	-0.013199252
427.008	0.011704671	-5.842189	-0.016434257
427.136	0.011796609	-5.842498	-0.01671253
427.264	0.011769234	-5.8424291	-0.014930528
427.392	0.011648909	-5.8423938	-0.013882963
427.52	0.011753564	-5.8425129	-0.013491106
427.648	0.011807994	-5.8425167	-0.013361762
427.776	0.011638369	-5.8423747	-0.014837725
427.904	0.011637679	-5.8423258	-0.013477037
428.032	0.011641779	-5.8425722	-0.012618131
428.16	0.011588244	-5.8422971	-0.013708213
428.288	0.011471538	-5.8421694	-0.013290832
428.416	0.011652596	-5.8424603	-0.015054597
428.544	0.011726709	-5.842671	-0.014792413
428.672	0.011610146	-5.8423289	-0.01564968
428.8	0.011710932	-5.8424867	-0.014720851
428.928	0.011716638	-5.8424479	-0.013082267
429.056	0.011726855	-5.842107	-0.014844268
429.184	0.011769933	-5.8420828	-0.015782111
429.312	0.012043705	-5.8426317	-0.014126664
429.44	0.011824216	-5.8422655	-0.011826341
429.568	0.012047816	-5.842384	-0.015452409
429.696	0.011930323	-5.8422392	-0.014733206
429.824	0.012031794	-5.8422879	-0.011732721
429.952	0.012064202	-5.8419422	-0.011592016
430.08	0.012194186	-5.8421974	-0.01490106
430.208	0.012158977	-5.8420668	-0.013656397
430.336	0.012254466	-5.8420162	-0.013013036
430.464	0.01246073	-5.8420101	-0.012361069
430.592	0.012139173	-5.8419347	-0.013259372
430.72	0.012459983	-5.8421643	-0.014930962
430.848	0.012366295	-5.8418853	-0.01435074
430.976	0.012357376	-5.8418765	-0.012945773
431.104	0.012533475	-5.841812	-0.011826223
431.232	0.012399591	-5.8418293	-0.012963644
431.36	0.012291117	-5.8416531	-0.012569381
431.488	0.012269594	-5.8414594	-0.0148314
431.616	0.012305518	-5.8415807	-0.014858622
431.744	0.011988581	-5.8414594	-0.0096846784
431.872	0.012411437	-5.8418004	-0.011317358
432	0.01235562	-5.8417371	-0.015265908
432.128	0.012333532	-5.8419025	-0.016305609
432.256	0.012054961	-5.8417447	-0.013602968
432.384	0.012409172	-5.8422185	-0.014492239
432.512	0.012125803	-5.8418043	-0.016945806
432.64	0.012052869	-5.8420255	-0.014758242
432.768	0.012038677	-5.8419042	-0.012550686
432.896	0.012063961	-5.8420897	-0.01269427
433.024	0.011904012	-5.842015	-0.01441064
433.152	0.011827909	-5.8420966	-0.014996652
433.28	0.011834124	-5.8425851	-0.012630245
433.408	0.011823499	-5.8426145	-0.0141047
433.536	0.011572824	-5.8424247	-0.015219428
433.664	0.011660181	-5.8424422	-0.015827655
433.792	0.011717462	-5.8425457	-0.014550322
433.92	0.011422086	-5.8420887	-0.013727231
434.048	0.011708755	-5.8426604	-0.016781404
434.176	0.011634116	-5.8425753	-0.018090492
434.304	0.011449713	-5.8426001	-0.016621273
434.432	0.011783567	-5.842821	-0.016265909
434.56	0.011613224	-5.8426941	-0.015500291
434.688	0.011722877	-5.8427554	-0.015539006
434.816	0.011602747	-5.8424556	-0.01561789
434.944	0.011536406	-5.8420502	-0.015403759
435.072	0.01193781	-5.8425429	-0.014500229
435.2	0.011803871	-5.842586	-0.013995603
435.328	0.01165183	-5.8421524	-0.013873801
435.456	0.011764848	-5.8419883	-0.014992749
435.584	0.011882536	-5.8421257	-0.015880373
435.712	0.011996479	-5.8419898	-0.015200296
435.84	0.011843106	-5.8419979	-0.012544719
435.968	0.012052663	-5.8423473	-0.012424219
436.096	0.012044709	-5.8424433	-0.014250009
436.224	0.011946897	-5.8421505	-0.014358419
436.352	0.012255768	-5.8421784	-0.012682143
436.48	0.012102606	-5.8419744	-0.013358419
436.608	0.012115782	-5.8418871	-0.014450476
436.736	0.012410002	-5.8423288	-0.014419233
436.864	0.012162521	-5.8415748	-0.014918376
436.992	0.012081308	-5.8415196	-0.011969916
437.12	0.012440239	-5.8417291	-0.011370708
437.248	0.012481221	-5.8417137	-0.012447949
437.376	0.012283606	-5.8416851	-0.012960635
437.504	0.012336143	-5.84169	-0.012821853
437.632	0.012388736	-5.8418619	-0.013034497
437.76	0.012577233	-5.8421793	-0.014595113
437.888	0.012208267	-5.8418008	-0.013341485
438.016	0.012424426	-5.8421165	-0.013482133
438.144	0.012165256	-5.841898	-0.013316909
438.272	0.012090215	-5.8416899	-0.011679792
438.4	0.012258228	-5.8420312	-0.013029715
438.528	0.012163756	-5.8420818	-0.014170585
438.656	0.01216418	-5.8421269	-0.015603509
438.784	0.012167725	-5.8421653	-0.0148686
438.912	0.011986274	-5.8419521	-0.011807434
439.04	0.011947416	-5.8421844	-0.011460797
439.168	0.011892845	-5.8423304	-0.013307164
439.296	0.011952905	-5.8423363	-0.014327416
439.424	0.011775082	-5.842061	-0.012345199
439.552	0.012122782	-5.8424971	-0.015269533
439.68	0.011732445	-5.842575	-0.0133497
439.808	0.011685078	-5.8424667	-0.011953171
439.936	0.011803908	-5.8425794	-0.017448315
440.064	0.011556556	-5.8421076	-0.016349818
440.192	0.011692183	-5.8422173	-0.014594892
440.32	0.011752666	-5.8427166	-0.014997974
440.448	0.011571086	-5.8425025	-0.014685654
440.576	0.011652614	-5.842521	-0.016213784
440.704	0.011594357	-5.8423747	-0.01513547
440.832	0.011717846	-5.8427034	-0.0142201
440.96	0.011694562	-5.8424741	-0.012700702
441.088	0.011544938	-5.8421597	-0.013694759
441.216	0.011699083	-5.8424226	-0.017558954
441.344	0.011645529	-5.8423397	-0.015894715
441.472	0.011693945	-5.8425986	-0.015691942
441.6	0.011884471	-5.8428385	-0.016160134
441.728	0.011853139	-5.8425029	-0.016066461
441.856	0.011727983	-5.8420834	-0.017864156
441.984	0.011751804	-5.8418329	-0.018955755
442.112	0.01188764	-5.8419916	-0.016440919
442.24	0.011920383	-5.84196	-0.014287741
442.368	0.012046303	-5.8419265	-0.015424072
442.496	0.012030459	-5.841852	-0.01342223
442.624	0.012206097	-5.8419667	-0.013647635
442.752	0.012082239	-5.8418899	-0.012230471
442.88	0.012379151	-5.8423293	-0.013966697
443.008	0.012264027	-5.8419713	-0.014053953
443.136	0.012181074	-5.8416635	-0.012357992
443.264	0.012445245	-5.8421064	-0.011706374
443.392	0.012356048	-5.8418023	-0.012421127
443.52	0.012361303	-5.8420177	-0.013359846
443.648	0.01246202	-5.8419319	-0.013510082
443.776	0.012351641	-5.8418313	-0.013443319
443.904	0.01243683	-5.8421161	-0.011879803
444.032	0.012418595	-5.8420781	-0.0097046575
444.16	0.012240732	-5.8417398	-0.011442705
444.288	0.012387776	-5.8416626	-0.011686588
444.416	0.012383312	-5.841656	-0.012211865
444.544	0.012471769	-5.8420883	-0.015023872
444.672	0.012327166	-5.84203	-0.013753755
444.8	0.012212745	-5.8420717	-0.012398749
444.928	0.012160568	-5.84182	-0.014801914
445.056	0.01218093	-5.8420738	-0.014313936
445.184	0.012092459	-5.8422465	-0.013561935
445.312	0.012054795	-5.8421954	-0.014018999
445.44	0.011869263	-5.8420284	-0.014616537
445.568	0.011917183	-5.8424118	-0.015037446
445.696	0.011957717	-5.8423926	-0.015068339
445.824	0.011940486	-5.8422631	-0.01571446
445.952	0.011736561	-5.8423001	-0.014815937
446.08	0.011902841	-5.8424166	-0.015281468
446.208	0.01161384	-5.8420896	-0.015296941
446.336	0.011739441	-5.8425532	-0.01627282
446.464	0.011881403	-5.8426935	-0.016128585
446.592	0.011453392	-5.8424313	-0.015110538
446.72	0.011599077	-5.8425046	-0.014582921
446.848	0.011548062	-5.8423131	-0.014050377
446.976	0.011631787	-5.8425824	-0.014843103
447.104	0.011647126	-5.8424687	-0.014406671
447.232	0.01162363	-5.8424208	-0.015495775
447.36	0.01143403	-5.8422933	-0.016599205
447.488	0.011723004	-5.8425809	-0.017199259
447.616	0.011837398	-5.8426994	-0.016148815
447.744	0.011774446	-5.8426215	-0.015502752
447.872	0.011678816	-5.84231	-0.014681845
448	0.012001759	-5.8424083	-0.013984539
448.128	0.011675413	-5.8418672	-0.012496746
448.256	0.011982942	-5.842003	-0.011828311
448.384	0.011844918	-5.8421884	-0.013175975
448.512	0.012202947	-5.8422285	-0.013727031
448.64	0.011770737	-5.8416333	-0.012523043
448.768	0.012255018	-5.8421245	-0.012532134
448.896	0.012171356	-5.842001	-0.013950868
449.024	0.012241372	-5.8419847	-0.017247507
449.152	0.012045289	-5.8414695	-0.013725314
449.28	0.012043406	-5.8415832	-0.013289872
449.408	0.012260235	-5.8418867	-0.012496075
449.536	0.012330556	-5.8415835	-0.011710036
449.664	0.012306628	-5.8419189	-0.013677769
449.792	0.012528246	-5.8422084	-0.015068965
449.92	0.012280964	-5.8416354	-0.012471361
450.048	0.012586663	-5.8422242	-0.012560558
450.176	0.012212945	-5.8414979	-0.011529615
450.304	0.012282368	-5.8418135	-0.013666623
450.432	0.012421776	-5.8417529	-0.014541426
450.56	0.012110124	-5.8417084	-0.013192368
450.688	0.012447895	-5.8420579	-0.012720032
450.816	0.012222436	-5.8417857	-0.013270401
450.944	0.012270345	-5.8419347	-0.013226317
451.072	0.012481875	-5.8422538	-0.013046908
451.2	0.012135418	-5.8422031	-0.013961303
451.328	0.012070342	-5.8423167	-0.0142018
451.456	0.012124848	-5.8421944	-0.014975859
451.584	0.011928445	-5.8418628	-0.013348599
451.712	0.012188113	-5.8423472	-0.013752555
451.84	0.011848125	-5.8418951	-0.015645603
451.968	0.011933499	-5.8422891	-0.016283755
452.096	0.011808322	-5.8421627	-0.015164141
452.224	0.011902983	-5.8423048	-0.015289829
452.352	0.011670965	-5.842143	-0.014241923
452.48	0.011820617	-5.8423183	-0.015439176
452.608	0.011674366	-5.842149	-0.015963689
452.736	0.011759411	-5.8425422	-0.014883481
452.864	0.011631885	-5.8425747	-0.014832513
452.992	0.011672452	-5.8427261	-0.015187966
453.12	0.011458204	-5.8424582	-0.013511181
453.248	0.011688292	-5.8425831	-0.014240424
453.376	0.011884665	-5.8426165	-0.015799536
453.504	0.01167953	-5.8425434	-0.013432417
453.632	0.011594593	-5.8424454	-0.013721291
453.76	0.01175126	-5.8427029	-0.014985555
453.888	0.011638261	-5.8423754	-0.014194783
454.016	0.011578874	-5.8423331	-0.01501594
454.144	0.011940726	-5.8426398	-0.014864575
454.272	0.011586709	-5.8421032	-0.012201507
454.4	0.011900605	-5.842318	-0.01317223
454.528	0.01177328	-5.8419856	-0.01427466
454.656	0.012011483	-5.84244	-0.016002244
454.784	0.011969168	-5.842303	-0.012695848
454.912	0.012069333	-5.8422293	-0.011062922
455.04	0.011951929	-5.8420479	-0.013338599
455.168	0.01203062	-5.8419558	-0.014176831
455.296	0.01230999	-5.8421262	-0.012508792
455.424	0.012219226	-5.8417414	-0.01255731
455.552	0.012077845	-5.8416993	-0.012815178
455.68	0.012314784	-5.8419707	-0.012960283
455.808	0.012311242	-5.8420733	-0.011556211
455.936	0.012249785	-5.841724	-0.013279578
456.064	0.012241551	-5.8416388	-0.013451679
456.192	0.012531171	-5.8415485	-0.01370177
456.32	0.012292091	-5.8414115	-0.012264697
456.448	0.012251765	-5.8415003	-0.011828993
456.576	0.012383748	-5.841785	-0.013031803
456.704	0.012181174	-5.841392	-0.012681194
456.832	0.012250338	-5.8418097	-0.01237405
456.96	0.012389892	-5.8417483	-0.01283808
457.088	0.012335385	-5.8417039	-0.012652601
457.216	0.012074174	-5.8416316	-0.013188606
457.344	0.012056784	-5.8414939	-0.013409399
457.472	0.012357268	-5.8421491	-0.015067726
457.6	0.012118518	-5.8421541	-0.015539951
457.728	0.011916933	-5.8418944	-0.013763275
457.856	0.012164376	-5.8423734	-0.013633418
457.984	0.012259776	-5.8427034	-0.015736578
458.112	0.011965679	-5.8424344	-0.014730526
458.24	0.011734946	-5.8420273	-0.013400127
458.368	0.011768604	-5.8421561	-0.014940139
458.496	0.012049516	-5.8426148	-0.01712762
458.624	0.011719501	-5.8422687	-0.015938775
458.752	0.011851812	-5.8426458	-0.016318061
458.88	0.011582603	-5.8424385	-0.013455216
459.008	0.011772038	-5.8425401	-0.014870239
459.136	0.011714933	-5.8424624	-0.015204233
459.264	0.011679962	-5.8426485	-0.01675527
459.392	0.011659053	-5.84252	-0.015818161
459.52	0.011610797	-5.8424786	-0.013850415
459.648	0.011458215	-5.8422804	-0.014036747
459.776	0.011794193	-5.8428272	-0.015576109
459.904	0.011638395	-5.8426654	-0.014088669
460.032	0.011622535	-5.8424425	-0.012579076
460.16	0.011637774	-5.8425163	-0.013072276
460.288	0.011545553	-5.8422862	-0.013371258
460.416	0.011863181	-5.8425288	-0.015890903
460.544	0.01183101	-5.842407	-0.016314577
460.672	0.011890777	-5.8427561	-0.01512878
460.8	0.011900135	-5.8426172	-0.015215599
460.928	0.01184897	-5.8421477	-0.015359393
461.056	0.011976954	-5.8422685	-0.013376713
461.184	0.011899421	-5.8417979	-0.011270224
461.312	0.012202058	-5.8420123	-0.014352186
461.44	0.011921627	-5.8416178	-0.011710974
461.568	0.012103665	-5.8416427	-0.012469576
461.696	0.012224761	-5.8416041	-0.015765055
461.824	0.012276174	-5.8418562	-0.016533693
461.952	0.012309581	-5.841726	-0.012637394
462.08	0.012333271	-5.8418386	-0.014387899
462.208	0.012224556	-5.8417419	-0.012802751
462.336	0.012434427	-5.8417538	-0.012679123
462.464	0.012270124	-5.8416211	-0.011802806
462.592	0.012382503	-5.8418169	-0.012136598
462.72	0.012332782	-5.8417783	-0.012203248
462.848	0.012321887	-5.8418325	-0.012165753
462.976	0.012228225	-5.8419848	-0.013156939
463.104	0.012171829	-5.841605	-0.012105854
463.232	0.012466033	-5.8419878	-0.013549231
463.36	0.01217745	-5.8417021	-0.012839548
463.488	0.012114148	-5.841788	-0.013487638
463.616	0.012359526	-5.8419936	-0.01716045
463.744	0.012104047	-5.841603	-0.015004472
463.872	0.01226381	-5.8421961	-0.01453419
464	0.012141906	-5.8422912	-0.012955814
464.128	0.012163797	-5.8422086	-0.0099368742
464.256	0.012009187	-5.8418902	-0.011492503
464.384	0.012062935	-5.8420589	-0.015157572
464.512	0.011674111	-5.8419258	-0.012008822
464.64	0.011950514	-5.842182	-0.01368308
464.768	0.011685481	-5.8421708	-0.014863414
464.896	0.011916443	-5.8427006	-0.015295898
465.024	0.011845892	-5.8427899	-0.013975303
465.152	0.011593576	-5.8426672	-0.014991335
465.28	0.011707058	-5.8424665	-0.014196546
465.408	0.011620192	-5.8426282	-0.01357724
465.536	0.011568886	-5.8425307	-0.015270682
465.664	0.011928898	-5.8427985	-0.016109346
465.792	0.011667795	-5.8422316	-0.013900679
465.92	0.011591645	-5.8425145	-0.015104222
466.048	0.011555645	-5.8424529	-0.013471467
466.176	0.011669161	-5.8425459	-0.013465916
466.304	0.011684017	-5.84238	-0.015010325
466.432	0.01169853	-5.8424902	-0.01528842
466.56	0.011798172	-5.8424797	-0.015606709
466.688	0.011720344	-5.8424004	-0.01518741
466.816	0.011725863	-5.8420189	-0.013951381
466.944	0.011894588	-5.8422834	-0.014365331
467.072	0.011754911	-5.8420341	-0.015494089
467.2	0.011677723	-5.84174	-0.016665503
467.328	0.012082046	-5.8422177	-0.01524973
467.456	0.011932336	-5.8421558	-0.012811669
467.584	0.011941615	-5.8421402	-0.013246781
467.712	0.012028868	-5.8420713	-0.012814949
467.84	0.012095523	-5.8421004	-0.014761301
467.968	0.012198867	-5.8421822	-0.013872643
468.096	0.012134012	-5.8420782	-0.014329661
468.224	0.012378182	-5.8420222	-0.017437437
468.352	0.01245256	-5.8419391	-0.014855511
468.48	0.012182324	-5.8415519	-0.011282519
468.608	0.012323483	-5.84163	-0.012494437
468.736	0.012280979	-5.8416049	-0.014911919
468.864	0.012276847	-5.8416818	-0.016534691
468.992	0.012402252	-5.8415778	-0.013542019
469.12	0.012428643	-5.8416891	-0.010776016
469.248	0.012464642	-5.8419069	-0.013005879
469.376	0.012273774	-5.8417469	-0.012212255
469.504	0.012277525	-5.8419985	-0.012562107
469.632	0.012268188	-5.8419167	-0.013608121
469.76	0.012299355	-5.8418312	-0.01272961
469.888	0.012274415	-5.8415264	-0.012139838
470.016	0.01221892	-5.8417023	-0.012832516
470.144	0.012122471	-5.8417924	-0.013589992
470.272	0.012289977	-5.8420623	-0.013731751
470.4	0.012155125	-5.8418375	-0.012202585
470.528	0.012120968	-5.8421202	-0.014267259
470.656	0.011965754	-5.8422611	-0.013348628
470.784	0.011727586	-5.8420746	-0.013999643
470.912	0.011733535	-5.8422539	-0.016089876
471.04	0.012134017	-5.8427896	-0.015229179
471.168	0.011675531	-5.8426468	-0.014820325
471.296	0.011745914	-5.8425858	-0.013667976
471.424	0.011701533	-5.8423574	-0.013896759
471.552	0.01161617	-5.8424565	-0.017019745
471.68	0.011576628	-5.8422745	-0.014954719
471.808	0.011692533	-5.8428493	-0.012728922
471.936	0.011667395	-5.8426291	-0.01396382
472.064	0.011788165	-5.8426274	-0.015491278
472.192	0.011661218	-5.8426852	-0.01581321
472.32	0.011523616	-5.8428376	-0.014191114
472.448	0.011555049	-5.8425494	-0.01475234
472.576	0.011569894	-5.842403	-0.01384043
472.704	0.011697731	-5.8426555	-0.012600104
472.832	0.01171294	-5.8424122	-0.013148837
472.96	0.01182719	-5.8425666	-0.015802013
473.088	0.011829468	-5.8424492	-0.014522153
473.216	0.011912038	-5.8423797	-0.013785667
473.344	0.011751159	-5.8423782	-0.014349714
473.472	0.011881922	-5.8427631	-0.015299151
473.6	0.011901559	-5.8423719	-0.013773764
473.728	0.011921323	-5.8422929	-0.012336954
473.856	0.012139602	-5.8424401	-0.015432931
473.984	0.012056662	-5.842011	-0.014054769
474.112	0.011987991	-5.8416687	-0.013709356
474.24	0.012407479	-5.8422204	-0.013581351
474.368	0.01215813	-5.8420828	-0.014732662
474.496	0.012002339	-5.8419098	-0.016018966
474.624	0.012161733	-5.8419733	-0.012301842
474.752	0.012314817	-5.8420501	-0.014497643
474.88	0.012295959	-5.8420344	-0.013847399
475.008	0.012459908	-5.8421572	-0.012712271
475.136	0.012262169	-5.8413932	-0.012823734
475.264	0.012504779	-5.8418578	-0.014151768
475.392	0.012270932	-5.8416056	-0.014061057
475.52	0.012397788	-5.8416703	-0.012298746
475.648	0.012379474	-5.8416232	-0.010567094
475.776	0.01225109	-5.8414331	-0.014097262
475.904	0.012215493	-5.8415606	-0.013697583
476.032	0.012513779	-5.8417431	-0.012819369
476.16	0.01215693	-5.8416013	-0.010374205
476.288	0.012318807	-5.8419406	-0.012803914
476.416	0.012094588	-5.841995	-0.015795888
476.544	0.012133018	-5.8421476	-0.016061093
476.672	0.012033745	-5.8421384	-0.014956261
476.8	0.011990693	-5.8421587	-0.013846298
476.928	0.011854561	-5.8418805	-0.01545965
477.056	0.012010852	-5.8418975	-0.014493687
477.184	0.011736134	-5.8418107	-0.012837942
477.312	0.01185792	-5.8420191	-0.013326218
477.44	0.01201736	-5.8424041	-0.014008712
477.568	0.011844301	-5.8424743	-0.01328914
477.696	0.011612147	-5.8421965	-0.013571853
477.824	0.01186224	-5.8425784	-0.015287998
477.952	0.011734995	-5.8423385	-0.015495114
478.08	0.011668782	-5.8422849	-0.016994679
478.208	0.011636843	-5.8423803	-0.016812668
478.336	0.011435222	-5.8420571	-0.014230393
478.464	0.011858835	-5.8425633	-0.015886004
478.592	0.011685021	-5.8426075	-0.016881976
478.72	0.01180019	-5.8426835	-0.017112345
478.848	0.01164404	-5.8425857	-0.013405269
478.976	0.011639656	-5.8426087	-0.011561641
479.104	0.011699485	-5.8424523	-0.012455151
479.232	0.011732596	-5.8426444	-0.013610437
479.36	0.011771705	-5.8426048	-0.014305108
479.488	0.011722518	-5.8422056	-0.013769268
479.616	0.011644549	-5.8423001	-0.013311776
479.744	0.011942396	-5.8425944	-0.015857867
479.872	0.011838774	-5.8421256	-0.014531293
480	0.011847982	-5.8419868	-0.012945628
480.128	0.011908548	-5.8419696	-0.013283795
480.256	0.012327748	-5.8420897	-0.016227453
480.384	0.012121641	-5.8420341	-0.01592704
480.512	0.012068523	-5.8418935	-0.01315467
480.64	0.012049043	-5.8419762	-0.011115563
480.768	0.012311948	-5.8422331	-0.014773542
480.896	0.012147343	-5.8421828	-0.013848358
481.024	0.012501684	-5.8422019	-0.013224389
481.152	0.012111485	-5.8417244	-0.012147299
481.28	0.012355985	-5.8418444	-0.014915097
481.408	0.01228513	-5.8413441	-0.012585067
481.536	0.012330202	-5.8415673	-0.012347216
481.664	0.012332785	-5.8417496	-0.013684588
481.792	0.012321066	-5.8419103	-0.012839379
481.92	0.012321085	-5.8418436	-0.012291097
482.048	0.012389275	-5.8418141	-0.012023744
482.176	0.012320215	-5.841809	-0.012458604
482.304	0.012509422	-5.8421999	-0.012396571
482.432	0.012288807	-5.8420042	-0.01091055
482.56	0.012327834	-5.8418328	-0.014837984
482.688	0.012311074	-5.8418956	-0.014422255
482.816	0.01202484	-5.8416292	-0.013771411
482.944	0.012139693	-5.8418086	-0.013849558
483.072	0.012093021	-5.8420263	-0.012758738
483.2	0.01185435	-5.8419838	-0.013196421
483.328	0.012024809	-5.8420989	-0.014468323
483.456	0.011942274	-5.8420552	-0.016162291
483.584	0.012077349	-5.8422396	-0.01556731
483.712	0.011728586	-5.8421356	-0.013511332
483.84	0.011869209	-5.8424693	-0.014471878
483.968	0.011699902	-5.8425361	-0.015669037
484.096	0.01163264	-5.8421929	-0.016147452
484.224	0.011692775	-5.8425138	-0.014674814
484.352	0.011740341	-5.8428495	-0.017046914
484.48	0.011640549	-5.8426532	-0.017712803
484.608	0.011556829	-5.8424347	-0.015084533
484.736	0.011633751	-5.8425595	-0.015902787
484.864	0.011797179	-5.8427503	-0.015973541
484.992	0.011611146	-5.8425503	-0.01302079
485.12	0.011619431	-5.8425921	-0.011793521
485.248	0.011681584	-5.8426848	-0.014354929
485.376	0.011653849	-5.8426967	-0.016184197
485.504	0.011614206	-5.8425228	-0.013865412
485.632	0.011741436	-5.8425745	-0.013480371
485.76	0.011961318	-5.8424398	-0.013447592
485.888	0.011753901	-5.8423557	-0.013656934
486.016	0.011728159	-5.8421529	-0.014017583
486.144	0.011806018	-5.8420515	-0.014036319
486.272	0.012041517	-5.8421259	-0.01548091
486.4	0.012139629	-5.8422508	-0.014275463
486.528	0.011983254	-5.8422877	-0.011985319
486.656	0.012049918	-5.8422627	-0.012730151
486.784	0.011986122	-5.8419644	-0.013141564
486.912	0.012284397	-5.8420829	-0.013923475
487.04	0.012056463	-5.8417704	-0.013886032
487.168	0.012168622	-5.8418263	-0.014740241
487.296	0.012178039	-5.84169	-0.012964149
487.424	0.012295801	-5.8417633	-0.014498609
487.552	0.012300177	-5.8417612	-0.013613513
487.68	0.012491957	-5.8420113	-0.013416992
487.808	0.012393542	-5.8419991	-0.012751734
487.936	0.012404009	-5.8418778	-0.012626775
488.064	0.012307898	-5.8419244	-0.012791702
488.192	0.012415157	-5.8416736	-0.014117277
488.32	0.012241016	-5.8414644	-0.014095843
488.448	0.012207405	-5.8415571	-0.012805148
488.576	0.012476474	-5.8419895	-0.012416371
488.704	0.012128871	-5.841624	-0.015920421
488.832	0.012282096	-5.8420102	-0.015873897
488.96	0.012358507	-5.842037	-0.013490808
489.088	0.012195713	-5.8416802	-0.013488098
489.216	0.012049055	-5.8416384	-0.013188385
489.344	0.012215524	-5.8420037	-0.013592158
489.472	0.011826526	-5.8418408	-0.012022118
489.6	0.012082046	-5.8420722	-0.012731484
489.728	0.011809002	-5.8420313	-0.012769012
489.856	0.011814055	-5.8423263	-0.012761031
489.984	0.01216232	-5.8428052	-0.013189059
490.112	0.011830274	-5.842575	-0.012485799
490.24	0.011706834	-5.8424616	-0.015623697
490.368	0.011777692	-5.8426085	-0.015917403
490.496	0.011769359	-5.842481	-0.014860049
490.624	0.011541229	-5.8420554	-0.013376223
490.752	0.011602308	-5.8420793	-0.014270377
490.88	0.011738457	-5.8425662	-0.015972324
491.008	0.011732496	-5.8426831	-0.015066833
491.136	0.011685389	-5.8428761	-0.013444526
491.264	0.011798604	-5.8428562	-0.015190033
491.392	0.011264344	-5.8421337	-0.014489213
491.52	0.01169707	-5.8424004	-0.014030152
491.648	0.011719017	-5.8426275	-0.012991312
491.776	0.011750611	-5.842474	-0.015265075
491.904	0.011582764	-5.842345	-0.015251889
492.032	0.011801278	-5.8426135	-0.014819745
492.16	0.011752174	-5.8424667	-0.014343122
492.288	0.011706453	-5.8423443	-0.015279907
492.416	0.011930544	-5.8424151	-0.016273284
492.544	0.012001649	-5.842299	-0.014121683
492.672	0.012018317	-5.8424857	-0.014991803
492.8	0.011931669	-5.84207	-0.013721951
492.928	0.012058413	-5.8419788	-0.014779338
493.056	0.012010325	-5.8418494	-0.015421098
493.184	0.012240308	-5.8420743	-0.016277761
493.312	0.01194527	-5.8416501	-0.013259171
493.44	0.012306296	-5.8419958	-0.013521184
493.568	0.012144588	-5.8417709	-0.013758806
493.696	0.012320761	-5.8418575	-0.012071356
493.824	0.012351928	-5.8417306	-0.012529556
493.952	0.012297942	-5.8417254	-0.012545536
494.08	0.012417778	-5.8417045	-0.010198302
494.208	0.012336056	-5.841639	-0.010908943
494.336	0.012339576	-5.8415556	-0.011975555
494.464	0.012353314	-5.8416811	-0.011735106
494.592	0.012364936	-5.8418341	-0.013855231
494.72	0.012218156	-5.8416802	-0.012500273
494.848	0.012416095	-5.8418118	-0.014318951
494.976	0.012285591	-5.8419205	-0.015131491
495.104	0.012239611	-5.8418957	-0.012627955
495.232	0.012175114	-5.8418524	-0.014223579
495.36	0.012287205	-5.8422108	-0.013574645
495.488	0.01221031	-5.8422437	-0.013492065
495.616	0.011977766	-5.8418504	-0.013639558
495.744	0.012080541	-5.8422312	-0.013093758
495.872	0.012056562	-5.8422285	-0.014139761
496	0.012131992	-5.8423759	-0.014167061
496.128	0.011832459	-5.8421391	-0.011195481
496.256	0.011817507	-5.8419452	-0.014197167
496.384	0.011871	-5.8420632	-0.015629868
496.512	0.011855129	-5.8421471	-0.015570406
496.64	0.011600631	-5.8419389	-0.015849642
496.768	0.01181466	-5.8422201	-0.015945464
496.896	0.011715899	-5.8423075	-0.014411686
497.024	0.011718793	-5.8426039	-0.013884497
497.152	0.011594467	-5.8424654	-0.015098839
497.28	0.011621857	-5.8426588	-0.016028345
497.408	0.01171173	-5.8424862	-0.013017179
497.536	0.011642782	-5.8424761	-0.015884972
497.664	0.011412693	-5.8424024	-0.015198664
497.792	0.011851779	-5.8427651	-0.013244557
497.92	0.011590261	-5.8423717	-0.012954075
498.048	0.011738924	-5.8425405	-0.015959941
498.176	0.011704933	-5.8425277	-0.016494748
498.304	0.011720713	-5.8425893	-0.015717643
498.432	0.011687834	-5.8424335	-0.014853733
498.56	0.011718846	-5.842304	-0.013272676
498.688	0.012033805	-5.8426437	-0.015622374
498.816	0.011705867	-5.8422358	-0.014202675
498.944	0.012137033	-5.8425015	-0.014139976
499.072	0.011956734	-5.8422216	-0.014428503
499.2	0.012071497	-5.8422904	-0.014072851
499.328	0.011935517	-5.842148	-0.0118479
499.456	0.012146329	-5.8419452	-0.011795599
499.584	0.012082009	-5.8418213	-0.013205354
499.712	0.012305539	-5.8420721	-0.01253432
499.84	0.012146345	-5.842032	-0.011657346
499.968	0.012264151	-5.8419182	-0.013609111
