0	0.001453516	-5.8459506	-0.016393416
0.128	0.0014676396	-5.8458573	-0.016653265
0.256	0.0014526976	-5.8457852	-0.016213976
0.384	0.001472761	-5.8456866	-0.016773907
0.512	0.0014937022	-5.8458763	-0.017379946
0.64	0.0015011358	-5.8460009	-0.016369014
0.768	0.001470223	-5.8457517	-0.015806113
0.896	0.0014967193	-5.8458288	-0.015844562
1.024	0.0014838266	-5.8457172	-0.015877309
1.152	0.0014757641	-5.8457355	-0.017041445
1.28	0.0015049748	-5.8458324	-0.017373522
1.408	0.001494653	-5.8458716	-0.016805882
1.536	0.0015124833	-5.8458826	-0.017331396
1.664	0.0014934283	-5.8457684	-0.017171205
1.792	0.0015032114	-5.8457854	-0.017258267
1.92	0.0014842184	-5.8457414	-0.017152314
2.048	0.0015024299	-5.845823	-0.017389512
2.176	0.0015245855	-5.8457318	-0.017335335
2.304	0.0015100667	-5.8457626	-0.016384012
2.432	0.001549181	-5.8458849	-0.015847822
2.56	0.0015375354	-5.8459482	-0.016453464
2.688	0.0015130843	-5.8458324	-0.017007912
2.816	0.0015210764	-5.8458708	-0.016362142
2.944	0.0015300093	-5.8457296	-0.016511393
3.072	0.0015333499	-5.8458492	-0.016173293
3.2	0.0015177068	-5.8458391	-0.016049011
3.328	0.0015065791	-5.8458667	-0.016483767
3.456	0.0015268954	-5.8459447	-0.016260258
3.584	0.0015270623	-5.8458407	-0.016401776
3.712	0.0015175428	-5.8457654	-0.016411436
3.84	0.0014975995	-5.8457873	-0.015214729
3.968	0.0014997475	-5.8457572	-0.016354879
4.096	0.0015177586	-5.845892	-0.017131097
4.224	0.0015318331	-5.8458747	-0.016960462
4.352	0.0014994118	-5.8459094	-0.016732905
4.48	0.0014893338	-5.8457898	-0.016268717
4.608	0.0015051386	-5.846026	-0.016747177
4.736	0.0015012076	-5.8461079	-0.016593673
4.864	0.0014843929	-5.8459677	-0.015874392
4.992	0.0015018345	-5.8458564	-0.016972895
5.12	0.00147843	-5.8458204	-0.016499265
5.248	0.0014863291	-5.84582	-0.017066766
5.376	0.0015099004	-5.8458534	-0.017381817
5.504	0.0014630098	-5.8457606	-0.016722016
5.632	0.0014734421	-5.8458588	-0.01680027
5.76	0.0014819325	-5.8459032	-0.016864494
5.888	0.0014949058	-5.8458214	-0.016766913
6.016	0.0014452038	-5.8457838	-0.017465347
6.144	0.0014763119	-5.8458118	-0.016981733
6.272	0.001469006	-5.8457817	-0.015963325
6.4	0.0014768096	-5.8459101	-0.016521362
6.528	0.0014738602	-5.8460548	-0.016685251
6.656	0.0014772372	-5.845856	-0.016007312
6.784	0.0014830661	-5.8458682	-0.016380102
6.912	0.0014982719	-5.845866	-0.017061111
7.04	0.00148296	-5.8458512	-0.01628051
7.168	0.0014754092	-5.8458714	-0.016813115
7.296	0.0014750953	-5.8459168	-0.015704087
7.424	0.0014996243	-5.8459259	-0.016162898
7.552	0.0014795844	-5.846025	-0.016302928
7.68	0.0015128921	-5.8460745	-0.016286955
7.808	0.0015021	-5.8459776	-0.016890037
7.936	0.0014991293	-5.8457676	-0.016763252
8.064	0.0015080036	-5.8458114	-0.016275794
8.192	0.0014950706	-5.8457265	-0.016246282
8.32	0.0015047918	-5.8457246	-0.01614673
8.448	0.0015299071	-5.845794	-0.01737311
8.576	0.0015341037	-5.8458059	-0.017067002
8.704	0.0015164727	-5.8458806	-0.016587884
8.832	0.0015210719	-5.8460805	-0.016712619
8.96	0.001502933	-5.8458304	-0.015625049
9.088	0.0015553654	-5.8458236	-0.015837326
9.216	0.0015524744	-5.8458282	-0.016631152
9.344	0.0015334519	-5.8457528	-0.016920793
9.472	0.0015267392	-5.8456767	-0.01703265
9.6	0.0015383441	-5.8458478	-0.016628103
9.728	0.0015255584	-5.8458606	-0.016145419
9.856	0.0015044908	-5.8457731	-0.015119398
9.984	0.0015344336	-5.8459558	-0.015191056
10.112	0.0015118945	-5.8459195	-0.01595296
10.24	0.0015246134	-5.8460122	-0.015641374
10.368	0.0015272893	-5.8461095	-0.016543809
10.496	0.00149168	-5.8458668	-0.017024433
10.624	0.0014809703	-5.8458443	-0.016802551
10.752	0.0015093026	-5.8458887	-0.01677145
10.88	0.0014976337	-5.8459167	-0.017574296
11.008	0.0015157318	-5.8459698	-0.017326244
11.136	0.0014806384	-5.846077	-0.016817427
11.264	0.0014914591	-5.845992	-0.017840468
11.392	0.0014672332	-5.8457229	-0.016495109
11.52	0.0014933355	-5.8458432	-0.015914217
11.648	0.0014856628	-5.8457992	-0.017265891
11.776	0.0014618972	-5.8458316	-0.017791357
11.904	0.0014916838	-5.8457537	-0.017878707
12.032	0.0014678193	-5.8456403	-0.01698162
12.16	0.0014729616	-5.8458246	-0.016968105
12.288	0.0014821894	-5.8459239	-0.016824404
12.416	0.0014689252	-5.8458231	-0.015671915
12.544	0.0014666944	-5.8458116	-0.016088456
12.672	0.0015063311	-5.8460179	-0.016808478
12.8	0.0014743109	-5.84598	-0.016708358
12.928	0.0014855654	-5.8459519	-0.016484925
13.056	0.0014569952	-5.8460508	-0.01639173
13.184	0.0014952424	-5.8459318	-0.016774493
13.312	0.0014569217	-5.8457497	-0.016640402
13.44	0.0014977502	-5.8458179	-0.017070299
13.568	0.0014724003	-5.8458431	-0.01699959
13.696	0.0014937978	-5.8458681	-0.016639872
13.824	0.0014743338	-5.845833	-0.016456758
13.952	0.0015040369	-5.8460278	-0.016665359
14.08	0.0014841442	-5.8458939	-0.016335712
14.208	0.0014814316	-5.8458838	-0.016657142
14.336	0.0015172756	-5.8459307	-0.016707414
14.464	0.0015104949	-5.845675	-0.016007496
14.592	0.0014884468	-5.8458417	-0.016805041
14.72	0.0015045179	-5.8458513	-0.016923508
14.848	0.0015444844	-5.8459133	-0.01645537
14.976	0.0015110276	-5.8457398	-0.017108793
15.104	0.0015536132	-5.8458523	-0.017356328
15.232	0.0015124598	-5.8459102	-0.016541296
15.36	0.0015276045	-5.8457928	-0.016063606
15.488	0.0015384272	-5.8459091	-0.016527251
15.616	0.0015141785	-5.8457027	-0.016444318
15.744	0.0015357371	-5.8457011	-0.016549966
15.872	0.0015382876	-5.8457888	-0.017123864
16	0.0015051077	-5.8457441	-0.016353641
16.128	0.0015378778	-5.8457426	-0.016129953
16.256	0.0015266311	-5.8457118	-0.016152341
16.384	0.0015226415	-5.8457356	-0.016230547
16.512	0.0015025261	-5.8458277	-0.015978137
16.64	0.0015065671	-5.8458049	-0.016168659
16.768	0.0015167905	-5.8458166	-0.017041041
16.896	0.0014813752	-5.8457785	-0.016600145
17.024	0.0015194314	-5.8460137	-0.017159495
17.152	0.0014998834	-5.8459315	-0.017066659
17.28	0.0014849146	-5.8458167	-0.017522794
17.408	0.0014907459	-5.8460248	-0.01710925
17.536	0.00151155	-5.8459219	-0.016506038
17.664	0.0014857463	-5.8460516	-0.016460012
17.792	0.001462869	-5.8459466	-0.0162541
17.92	0.0014730545	-5.8457903	-0.016308777
18.048	0.0014892332	-5.8456673	-0.016485969
18.176	0.0014731664	-5.8457952	-0.016768344
18.304	0.0014901999	-5.8457367	-0.016536155
18.432	0.0014743184	-5.8457936	-0.016571842
18.56	0.0014670616	-5.8458443	-0.01636085
18.688	0.0014786362	-5.8457131	-0.016997885
18.816	0.0014834276	-5.845779	-0.017688232
18.944	0.001473388	-5.8457873	-0.017181186
19.072	0.001466338	-5.8457464	-0.016495886
19.2	0.0014662058	-5.8458603	-0.017012481
19.328	0.0014738063	-5.8458461	-0.016666745
19.456	0.0014905097	-5.8459704	-0.016220142
19.584	0.0014867717	-5.845962	-0.015788299
19.712	0.0014873627	-5.8461856	-0.01597487
19.84	0.00148573	-5.8461084	-0.016060626
19.968	0.0014657637	-5.8458914	-0.015571449
20.096	0.0014960379	-5.8458217	-0.015845913
20.224	0.0014802929	-5.8457941	-0.016579036
20.352	0.0015206681	-5.8457804	-0.016417864
20.48	0.0015057554	-5.8457256	-0.016277558
20.608	0.0014875685	-5.8457606	-0.016441477
20.736	0.0015070172	-5.8459075	-0.016861117
20.864	0.0015226658	-5.8459208	-0.016931646
20.992	0.0015309121	-5.8459274	-0.0169478
21.12	0.001517272	-5.8458433	-0.016761358
21.248	0.0015172069	-5.845862	-0.016881047
21.376	0.0015279586	-5.8457197	-0.01637122
21.504	0.0015236581	-5.8457863	-0.016427449
21.632	0.0015432822	-5.8458496	-0.017161912
21.76	0.0015182054	-5.8459622	-0.016710979
21.888	0.0015259243	-5.8457876	-0.016444038
22.016	0.0015394004	-5.8456012	-0.017152733
22.144	0.0015196526	-5.8456111	-0.016553134
22.272	0.0015152468	-5.8457351	-0.015643451
22.4	0.0015182722	-5.8457648	-0.016547149
22.528	0.0015150731	-5.8458446	-0.016187245
22.656	0.0015407786	-5.8458842	-0.016053208
22.784	0.0015169897	-5.8458332	-0.017050561
22.912	0.0015182059	-5.8458356	-0.017049367
23.04	0.0015070692	-5.8458913	-0.016980051
23.168	0.0015237716	-5.8459102	-0.016846145
23.296	0.0014907033	-5.8459589	-0.017156159
23.424	0.0014995198	-5.8459612	-0.016798408
23.552	0.0014943469	-5.8459776	-0.016612953
23.68	0.0014985147	-5.8460264	-0.017047513
23.808	0.0014839782	-5.8458051	-0.015200064
23.936	0.0014777662	-5.8458241	-0.016549073
24.064	0.0014786565	-5.8458589	-0.016959263
24.192	0.0014661709	-5.845875	-0.016916029
24.32	0.0014825709	-5.8458818	-0.016907336
24.448	0.0014741999	-5.8458634	-0.017289866
24.576	0.00147563	-5.8458912	-0.016805303
24.704	0.0014591061	-5.8458491	-0.016369512
24.832	0.0014759987	-5.8459	-0.016573219
24.96	0.0014934414	-5.8459132	-0.01715609
25.088	0.0014897681	-5.845928	-0.016982846
25.216	0.0014458731	-5.8459577	-0.016963311
25.344	0.0014836712	-5.8460819	-0.016912346
25.472	0.0014808699	-5.8458998	-0.016223624
25.6	0.0014652914	-5.8457414	-0.015962288
25.728	0.0014939971	-5.8458681	-0.017283791
25.856	0.0014761329	-5.8460128	-0.017019644
25.984	0.0014772944	-5.8459946	-0.016731995
26.112	0.0014956482	-5.8460117	-0.017167084
26.24	0.0015044901	-5.8458934	-0.017029206
26.368	0.0014976876	-5.8458104	-0.016670335
26.496	0.0014898759	-5.8458194	-0.016612133
26.624	0.0015080379	-5.8459004	-0.016053888
26.752	0.00148471	-5.8458516	-0.0163327
26.88	0.0015254365	-5.8457924	-0.016594562
27.008	0.0015020476	-5.8458275	-0.016685321
27.136	0.0015264697	-5.8458456	-0.016397371
27.264	0.0015087436	-5.8457615	-0.016458735
27.392	0.0014948658	-5.8457702	-0.016787265
27.52	0.0015463581	-5.8459236	-0.017070398
27.648	0.0015166708	-5.8459269	-0.016748157
27.776	0.0015421801	-5.8461163	-0.016827485
27.904	0.0015331581	-5.8458353	-0.016513447
28.032	0.0015353438	-5.8459014	-0.01735482
28.16	0.0015164069	-5.8457709	-0.016669288
28.288	0.001526168	-5.8457766	-0.016117922
28.416	0.0015430279	-5.8458694	-0.01720305
28.544	0.0015287613	-5.845895	-0.016529838
28.672	0.0015045192	-5.8457953	-0.016407208
28.8	0.0015261835	-5.8457653	-0.01603719
28.928	0.0014994531	-5.8458038	-0.016307157
29.056	0.0015374391	-5.8458841	-0.015860987
29.184	0.001504303	-5.8456943	-0.016333331
29.312	0.0015051537	-5.8458084	-0.017011555
29.44	0.001511904	-5.8459425	-0.016262499
29.568	0.0015008877	-5.8459431	-0.016631759
29.696	0.0015212106	-5.8459333	-0.016456323
29.824	0.0014843844	-5.8458246	-0.01632258
29.952	0.0014746064	-5.8457797	-0.015873595
30.08	0.0014970121	-5.845813	-0.016050501
30.208	0.0014807302	-5.8458122	-0.016359441
30.336	0.0014906912	-5.8458093	-0.016944399
30.464	0.0014696492	-5.8458727	-0.016983427
30.592	0.0014681356	-5.845913	-0.016716839
30.72	0.0014686649	-5.8458755	-0.017294869
30.848	0.0014685301	-5.8457714	-0.016681152
30.976	0.0014715913	-5.8458789	-0.016619613
31.104	0.0014982922	-5.8460046	-0.016776537
31.232	0.0014716849	-5.8459094	-0.016486359
31.36	0.0014776479	-5.8459249	-0.016526127
31.488	0.0014738806	-5.8459111	-0.0165639
31.616	0.0014630838	-5.8458008	-0.016480839
31.744	0.0014923001	-5.8458412	-0.016864411
31.872	0.0014826714	-5.8459025	-0.016750697
32	0.0014818586	-5.8459812	-0.017150989
32.128	0.0014559378	-5.8457506	-0.01686397
32.256	0.0015082306	-5.8458997	-0.017400379
32.384	0.0014805181	-5.8458943	-0.016679306
32.512	0.0014953072	-5.8460006	-0.016990883
32.64	0.0014904872	-5.8458217	-0.016616344
32.768	0.0014960093	-5.8457508	-0.016034747
32.896	0.0014969587	-5.8457868	-0.016153298
33.024	0.0014838502	-5.8458458	-0.016007295
33.152	0.0015359581	-5.8458814	-0.015821901
33.28	0.0015290872	-5.8458677	-0.015709126
33.408	0.0015039072	-5.8460501	-0.015980573
33.536	0.0015036092	-5.8458715	-0.016480586
33.664	0.0015440497	-5.8458876	-0.016446655
33.792	0.001531407	-5.8458842	-0.016075989
33.92	0.001531218	-5.8458386	-0.016701816
34.048	0.0015294333	-5.8456805	-0.017037294
34.176	0.0015242324	-5.8457756	-0.017068879
34.304	0.0015316052	-5.8458145	-0.016477652
34.432	0.0015237091	-5.8458345	-0.016444105
34.56	0.0015356031	-5.8457729	-0.01687214
34.688	0.0015164082	-5.8458393	-0.01648282
34.816	0.0015287197	-5.8457936	-0.016485561
34.944	0.0015308448	-5.8459154	-0.017045945
35.072	0.0015251462	-5.8459558	-0.016894647
35.2	0.001521182	-5.8459288	-0.016515557
35.328	0.0015099272	-5.8458718	-0.016501177
35.456	0.0015308248	-5.8459171	-0.016376518
35.584	0.0014758554	-5.8457897	-0.016441531
35.712	0.0015097323	-5.8458255	-0.016073777
35.84	0.0015123209	-5.8457324	-0.016185923
35.968	0.0015058958	-5.8456863	-0.015878046
36.096	0.0015140116	-5.8457942	-0.017006252
36.224	0.001487048	-5.8458485	-0.017145236
36.352	0.0014775042	-5.8456686	-0.017235688
36.48	0.0014999572	-5.8459154	-0.017361515
36.608	0.0014810121	-5.8459578	-0.016797532
36.736	0.0014623207	-5.8460137	-0.017075997
36.864	0.0014930727	-5.8459554	-0.017272179
36.992	0.0014719373	-5.8458264	-0.016552859
37.12	0.0014644272	-5.8457893	-0.016177878
37.248	0.0014889001	-5.845895	-0.016551439
37.376	0.0014756944	-5.8459021	-0.017125543
37.504	0.0014710363	-5.8457728	-0.016502237
37.632	0.0014865874	-5.8457975	-0.016640875
37.76	0.0014620397	-5.8458138	-0.016751269
37.888	0.0014905831	-5.8458355	-0.017129222
38.016	0.0014634986	-5.8459314	-0.016742284
38.144	0.0014685593	-5.845998	-0.017284263
38.272	0.0015013448	-5.8459709	-0.017430582
38.4	0.0014767358	-5.8458023	-0.016698517
38.528	0.0014840078	-5.8459067	-0.016837362
38.656	0.0014928136	-5.8459609	-0.016671292
38.784	0.0015084165	-5.8459192	-0.018049096
38.912	0.0014585564	-5.8458353	-0.017877625
39.04	0.0014932479	-5.8459841	-0.016570159
39.168	0.0014848597	-5.8459128	-0.01663057
39.296	0.0015331926	-5.8459258	-0.017324472
39.424	0.001510864	-5.8459803	-0.016157628
39.552	0.0015128446	-5.845869	-0.016564539
39.68	0.0015077083	-5.8458349	-0.0168754
39.808	0.0015141513	-5.8460826	-0.017211867
39.936	0.0015227551	-5.8460353	-0.016389368
40.064	0.0015109149	-5.8459034	-0.015427507
40.192	0.0015224141	-5.8459954	-0.016575621
40.32	0.0015049748	-5.8458916	-0.016220246
40.448	0.0015185076	-5.8458006	-0.01557369
40.576	0.0015528968	-5.8458893	-0.016827129
40.704	0.0015260033	-5.8456205	-0.016579442
40.832	0.0014931355	-5.8456305	-0.016373845
40.96	0.0015442394	-5.8457855	-0.016282015
41.088	0.0015100478	-5.8457909	-0.015632844
41.216	0.0015163077	-5.8458606	-0.01616949
41.344	0.0015193106	-5.8457182	-0.016046104
41.472	0.0015406447	-5.845981	-0.016127639
41.6	0.0014970836	-5.8458448	-0.016106546
41.728	0.0015139572	-5.8458577	-0.0162183
41.856	0.0015095766	-5.8457475	-0.016104146
41.984	0.0015343681	-5.8459413	-0.016990937
42.112	0.0015054745	-5.8458309	-0.016675509
42.24	0.0015094903	-5.845777	-0.015811392
42.368	0.0014668771	-5.8458813	-0.015561692
42.496	0.0014911189	-5.845982	-0.016765657
42.624	0.0014974486	-5.8458736	-0.016007535
42.752	0.0014928886	-5.8459913	-0.015748183
42.88	0.0014846945	-5.845961	-0.016757302
43.008	0.0014615921	-5.8460457	-0.016829982
43.136	0.0014827545	-5.8458809	-0.017180525
43.264	0.0014744531	-5.8459045	-0.017356444
43.392	0.0014753447	-5.845983	-0.016385074
43.52	0.0014978402	-5.8459243	-0.016975518
43.648	0.0014581771	-5.8457285	-0.017129104
43.776	0.0014639686	-5.8458561	-0.01716022
43.904	0.0014733892	-5.8458977	-0.01683847
44.032	0.0014606607	-5.8458974	-0.016322538
44.16	0.0014648344	-5.8458989	-0.015843121
44.288	0.0014813926	-5.8458328	-0.016561353
44.416	0.0014921613	-5.8458257	-0.01695772
44.544	0.0014796617	-5.8456738	-0.017334028
44.672	0.0014989216	-5.8457996	-0.016846504
44.8	0.0014853211	-5.8459436	-0.016578119
44.928	0.0014836938	-5.8457644	-0.016729663
45.056	0.0014929904	-5.8458515	-0.015924356
45.184	0.0014837915	-5.8457616	-0.01620583
45.312	0.0015139443	-5.8459106	-0.016919867
45.44	0.0014966114	-5.8458633	-0.016725429
45.568	0.00149798	-5.8458442	-0.016980113
45.696	0.0015077008	-5.8459545	-0.017150496
45.824	0.0015131333	-5.8459352	-0.01696998
45.952	0.0015155273	-5.8458529	-0.016813034
46.08	0.0015234402	-5.8459949	-0.0163167
46.208	0.0015000042	-5.8458737	-0.016241559
46.336	0.0015191828	-5.8459399	-0.016481765
46.464	0.0015351134	-5.8459896	-0.016340145
46.592	0.0015206939	-5.8457121	-0.016620558
46.72	0.0015161107	-5.8458592	-0.016779677
46.848	0.0015238186	-5.8458659	-0.01586983
46.976	0.0015373857	-5.8459118	-0.016251213
47.104	0.0015109121	-5.8457234	-0.01678497
47.232	0.001526198	-5.8457307	-0.016738588
47.36	0.0015002386	-5.8458372	-0.017098946
47.488	0.0015304003	-5.8459259	-0.016879682
47.616	0.0015386202	-5.8458915	-0.016447083
47.744	0.0015090455	-5.8458665	-0.016856328
47.872	0.0015305286	-5.8458794	-0.017051741
48	0.0015118583	-5.8457503	-0.016211373
48.128	0.0015108138	-5.8458253	-0.016401493
48.256	0.0014920206	-5.845725	-0.016939561
48.384	0.0015027865	-5.8455794	-0.016521524
48.512	0.0015095548	-5.8458903	-0.016422911
48.64	0.0014768483	-5.8457482	-0.016237762
48.768	0.001483881	-5.8458313	-0.016619299
48.896	0.001496154	-5.8458261	-0.016805575
49.024	0.0014803063	-5.8458578	-0.016630556
49.152	0.0014852607	-5.8458727	-0.017134918
49.28	0.001486745	-5.8460278	-0.016295664
49.408	0.0014880372	-5.8460334	-0.01627908
49.536	0.0014635863	-5.8458964	-0.016554067
49.664	0.0014742769	-5.8458958	-0.01624348
49.792	0.0014488474	-5.8457605	-0.016598437
49.92	0.0014928705	-5.845931	-0.016659206
50.048	0.0014658109	-5.8459046	-0.016437271
50.176	0.0014627643	-5.8458362	-0.017058058
50.304	0.0014846554	-5.8458568	-0.016424745
50.432	0.0014572402	-5.8458646	-0.016388873
50.56	0.0015006367	-5.8457888	-0.017534687
50.688	0.0014701813	-5.8458948	-0.017514485
50.816	0.0014935775	-5.84584	-0.016993146
50.944	0.0014742052	-5.8459373	-0.016828827
51.072	0.0014922909	-5.8458528	-0.016771637
51.2	0.0014676953	-5.8457299	-0.017024527
51.328	0.0014948946	-5.8457513	-0.017621598
51.456	0.0015018643	-5.8457335	-0.016085521
51.584	0.0014765232	-5.8457996	-0.016202882
51.712	0.0015229368	-5.8460021	-0.016554773
51.84	0.0015003049	-5.8457637	-0.016807766
51.968	0.0014898641	-5.8457421	-0.016578711
52.096	0.0015096765	-5.8458579	-0.016376068
52.224	0.0015259452	-5.8459241	-0.016689612
52.352	0.0015279523	-5.8459114	-0.017017229
52.48	0.0015101441	-5.8458888	-0.017187086
52.608	0.0015362842	-5.8458364	-0.016144493
52.736	0.0015288516	-5.8458118	-0.016150437
52.864	0.0015110145	-5.8458802	-0.016635758
52.992	0.0015170974	-5.8459172	-0.016665774
53.12	0.0015296226	-5.8458961	-0.016437252
53.248	0.001531035	-5.8459626	-0.016918228
53.376	0.0015104998	-5.8458034	-0.016229785
53.504	0.001526878	-5.8457422	-0.015336517
53.632	0.0015319127	-5.8459821	-0.015980467
53.76	0.001526347	-5.846031	-0.017334481
53.888	0.0015115401	-5.8458529	-0.016723045
54.016	0.0015055325	-5.8458279	-0.01633027
54.144	0.0015291054	-5.84587	-0.016173707
54.272	0.001527565	-5.8457529	-0.016460077
54.4	0.0014974307	-5.845822	-0.017546829
54.528	0.0015053778	-5.8458129	-0.016788644
54.656	0.0015165666	-5.8459047	-0.016108851
54.784	0.001490444	-5.8457921	-0.016371441
54.912	0.0014949886	-5.8458074	-0.015406582
55.04	0.0014905247	-5.8459345	-0.01541014
55.168	0.0015312747	-5.8459764	-0.016560861
55.296	0.0014827637	-5.8458968	-0.01615963
55.424	0.0014874086	-5.8459907	-0.017040189
55.552	0.0014804191	-5.8459514	-0.017577777
55.68	0.0014674077	-5.8458868	-0.017032498
55.808	0.0014927561	-5.8458689	-0.015955269
55.936	0.0014648831	-5.8457883	-0.016377048
56.064	0.0014716801	-5.8458437	-0.016441548
56.192	0.0014766282	-5.8459426	-0.016291412
56.32	0.0014839629	-5.8458015	-0.016861893
56.448	0.0014967726	-5.8457118	-0.016590661
56.576	0.0014553682	-5.8458743	-0.016952833
56.704	0.0014855899	-5.8458701	-0.016822104
56.832	0.0014749506	-5.846043	-0.016304776
56.96	0.0014805704	-5.8459058	-0.016321143
57.088	0.0014685667	-5.8459595	-0.017060817
57.216	0.0014978087	-5.845919	-0.01740157
57.344	0.0014850294	-5.8458686	-0.016717798
57.472	0.0014918858	-5.8458605	-0.016148933
57.6	0.0014928523	-5.8458695	-0.01693548
57.728	0.0014872914	-5.8460018	-0.016444323
57.856	0.0015043359	-5.8461798	-0.016777093
57.984	0.0015196239	-5.8459656	-0.017315732
58.112	0.0014910534	-5.8460988	-0.016946364
58.24	0.0014973865	-5.8460341	-0.016859776
58.368	0.001492928	-5.8458099	-0.016652315
58.496	0.0015177815	-5.8459313	-0.016661215
58.624	0.0015138241	-5.8459499	-0.016750098
58.752	0.0015069866	-5.8458732	-0.016455265
58.88	0.0015501606	-5.8459261	-0.016385316
59.008	0.0015069283	-5.8458379	-0.01638579
59.136	0.0015060957	-5.8457834	-0.016911161
59.264	0.0015224228	-5.8458628	-0.016300695
59.392	0.0015476452	-5.8458539	-0.016019358
59.52	0.0015359889	-5.8458932	-0.017335078
59.648	0.0015357876	-5.8458521	-0.016677135
59.776	0.0015260992	-5.8457327	-0.016107796
59.904	0.0015209701	-5.8458232	-0.016878506
60.032	0.0015067764	-5.845733	-0.016212755
60.16	0.0015133951	-5.8459153	-0.016559022
60.288	0.0015114953	-5.8459313	-0.01656315
60.416	0.0015013005	-5.8458138	-0.016445015
60.544	0.0015281255	-5.8457988	-0.017157827
60.672	0.0015151985	-5.8457078	-0.016075427
60.8	0.0015056017	-5.8456159	-0.01619989
60.928	0.0015182777	-5.8457649	-0.01654091
61.056	0.0014975818	-5.8457228	-0.01697401
61.184	0.0014837812	-5.8457062	-0.016635772
61.312	0.0014974209	-5.8458981	-0.015980959
61.44	0.0014782689	-5.8459828	-0.016636391
61.568	0.0014878527	-5.8460119	-0.016877321
61.696	0.0014837614	-5.8460458	-0.017036747
61.824	0.0014723347	-5.8460348	-0.016586559
61.952	0.0014910841	-5.8459371	-0.016218245
62.08	0.0014627384	-5.8459312	-0.017210364
62.208	0.0014605333	-5.8458108	-0.017098687
62.336	0.0015023606	-5.8457939	-0.016949621
62.464	0.0014819527	-5.8458447	-0.016695114
62.592	0.0014734539	-5.8458463	-0.016994334
62.72	0.0014696156	-5.8459215	-0.017083122
62.848	0.0014982275	-5.8460285	-0.017019844
62.976	0.001468381	-5.8459415	-0.016612587
63.104	0.0014747449	-5.8459503	-0.016711261
63.232	0.0014704474	-5.8458869	-0.016334418
63.36	0.001484631	-5.8459483	-0.016268559
63.488	0.0014702667	-5.8459294	-0.016433826
63.616	0.0014925711	-5.8459697	-0.016818894
63.744	0.0015059607	-5.8459123	-0.0173436
63.872	0.0014806188	-5.8460815	-0.016827517
64	0.0014977694	-5.8460367	-0.016952517
64.128	0.0014902308	-5.8459484	-0.01751
64.256	0.0014924039	-5.8458049	-0.017434226
64.384	0.0014935745	-5.8457952	-0.017526928
64.512	0.001512387	-5.8458264	-0.016989595
64.64	0.0015218079	-5.8457692	-0.017298693
64.768	0.001508734	-5.8456948	-0.017044052
64.896	0.0014964892	-5.8458404	-0.016691623
65.024	0.0015272743	-5.8458618	-0.016444686
65.152	0.0015217264	-5.845796	-0.016152476
65.28	0.0015204484	-5.8457352	-0.016598837
65.408	0.0015329994	-5.8457497	-0.016504945
65.536	0.0015184429	-5.8457845	-0.015414441
65.664	0.0015222282	-5.8457363	-0.015302385
65.792	0.0015297594	-5.8457948	-0.016124072
65.92	0.0015249983	-5.8459116	-0.015915711
66.048	0.001521067	-5.8458255	-0.016383695
66.176	0.0015362385	-5.8457779	-0.016764151
66.304	0.0015005485	-5.8458012	-0.0161851
66.432	0.001515031	-5.84581	-0.016177146
66.56	0.0015253735	-5.8458107	-0.016689591
66.688	0.0015234928	-5.8459114	-0.017638363
66.816	0.0014931254	-5.8459748	-0.017130523
66.944	0.0015102242	-5.8458952	-0.016433716
67.072	0.0015002604	-5.8458398	-0.0169019
67.2	0.0015133773	-5.8460126	-0.015825873
67.328	0.0014906103	-5.8459544	-0.015789556
67.456	0.001500935	-5.8459989	-0.016727918
67.584	0.0014721172	-5.845902	-0.016422176
67.712	0.0015023789	-5.8460309	-0.016654629
67.84	0.0014770747	-5.8459739	-0.016152988
67.968	0.0014823765	-5.8458586	-0.015660727
68.096	0.0014838653	-5.8457945	-0.01630968
68.224	0.0015012236	-5.8458063	-0.016574885
68.352	0.0014698829	-5.8457273	-0.016099551
68.48	0.0014764473	-5.8458062	-0.016864585
68.608	0.0014906015	-5.8459153	-0.017062916
68.736	0.0014877406	-5.8458115	-0.016559197
68.864	0.0014855263	-5.8459124	-0.016180059
68.992	0.0014573785	-5.8459169	-0.017058498
69.12	0.0014962738	-5.8457409	-0.016914715
69.248	0.0014790155	-5.8459039	-0.016843351
69.376	0.0014587201	-5.8459235	-0.016975051
69.504	0.0015018638	-5.8459871	-0.016767953
69.632	0.0014704702	-5.8458224	-0.016313672
69.76	0.0014831083	-5.8459567	-0.016513559
69.888	0.0014819397	-5.8459325	-0.016867627
70.016	0.0014746884	-5.8458831	-0.017141113
70.144	0.0014828276	-5.8457599	-0.016729812
70.272	0.0014729743	-5.8457254	-0.015867202
70.4	0.0015048139	-5.8458764	-0.015873652
70.528	0.0014888534	-5.8457237	-0.016064781
70.656	0.0014773198	-5.8457987	-0.016476389
70.784	0.001503176	-5.845776	-0.017323282
70.912	0.0015296083	-5.8456658	-0.017420831
71.04	0.0015171201	-5.8458615	-0.017010865
71.168	0.0015380457	-5.8458772	-0.017042095
71.296	0.001513078	-5.8457595	-0.016836684
71.424	0.0015240058	-5.8458551	-0.016060578
71.552	0.0015031957	-5.84565	-0.016081769
71.68	0.0015048027	-5.8457142	-0.017140858
71.808	0.0015245117	-5.8457412	-0.016588225
71.936	0.0015464247	-5.845771	-0.016140433
72.064	0.001490288	-5.8458449	-0.016021817
72.192	0.0015171126	-5.8457696	-0.01560842
72.32	0.0015270775	-5.8458177	-0.016199094
72.448	0.0015135041	-5.8457876	-0.016168954
72.576	0.0015350098	-5.8458075	-0.016356225
72.704	0.0015147368	-5.8457629	-0.016601342
72.832	0.0015262613	-5.8458809	-0.017038746
72.96	0.0015393559	-5.8459035	-0.017149958
73.088	0.0015010495	-5.8459266	-0.01644201
73.216	0.0014975883	-5.845808	-0.017403792
73.344	0.0014764395	-5.8459135	-0.017738298
73.472	0.0015087244	-5.845858	-0.016633703
73.6	0.0014905167	-5.8458312	-0.016400548
73.728	0.0015185674	-5.8458226	-0.016629675
73.856	0.0015033734	-5.8457013	-0.017097882
73.984	0.0014907062	-5.8458338	-0.017303636
74.112	0.0014852485	-5.8457782	-0.017172279
74.24	0.001478459	-5.8457673	-0.016693741
74.368	0.0014787228	-5.8457302	-0.015916685
74.496	0.0014997851	-5.8457927	-0.017110201
74.624	0.0014677272	-5.8458343	-0.017337681
74.752	0.0014762793	-5.8458971	-0.015922869
74.88	0.001487194	-5.8457244	-0.016484569
75.008	0.0015023032	-5.8456668	-0.017236416
75.136	0.0014514343	-5.8456916	-0.016945236
75.264	0.0014853661	-5.845828	-0.016130531
75.392	0.0014704041	-5.8460034	-0.016645067
75.52	0.001488869	-5.8460765	-0.017322358
75.648	0.0014727179	-5.8460587	-0.017702512
75.776	0.001487055	-5.8458893	-0.016543143
75.904	0.0014769991	-5.8459646	-0.016552751
76.032	0.0014859449	-5.845951	-0.016603015
76.16	0.0014802648	-5.8460337	-0.01581329
76.288	0.0014922679	-5.8458869	-0.017405069
76.416	0.0014796244	-5.8457293	-0.016916614
76.544	0.0015060326	-5.8457825	-0.016928742
76.672	0.0014857406	-5.8459006	-0.016822659
76.8	0.0014917506	-5.8457843	-0.016303659
76.928	0.0015119126	-5.84584	-0.017008612
77.056	0.0015010914	-5.8458838	-0.016343339
77.184	0.0015112876	-5.8458787	-0.016300607
77.312	0.0014992821	-5.8458189	-0.016593527
77.44	0.0015313674	-5.8457711	-0.016055366
77.568	0.0015383344	-5.8459223	-0.01628355
77.696	0.001520718	-5.8459896	-0.015662544
77.824	0.001488805	-5.8460062	-0.015568528
77.952	0.0015194261	-5.8459366	-0.015929866
78.08	0.0015360572	-5.8459234	-0.016416217
78.208	0.0014999686	-5.8458632	-0.017172327
78.336	0.0015272915	-5.8458853	-0.01671036
78.464	0.0015404325	-5.8458193	-0.016349668
78.592	0.0015204299	-5.8457306	-0.01664989
78.72	0.0014730758	-5.845671	-0.015551898
78.848	0.0015089779	-5.8456715	-0.015477636
78.976	0.0015242925	-5.8458844	-0.016527072
79.104	0.001516062	-5.8459999	-0.016979053
79.232	0.0015262511	-5.8458972	-0.016242831
79.36	0.0015351001	-5.8458404	-0.016465906
79.488	0.001487074	-5.8458019	-0.016644005
79.616	0.0015133183	-5.8458887	-0.017000475
79.744	0.0015002097	-5.8458482	-0.01668747
79.872	0.0015276401	-5.8458951	-0.016927077
80	0.001508927	-5.8458776	-0.016439597
80.128	0.0014892647	-5.8460175	-0.016276967
80.256	0.001495755	-5.8458855	-0.016215107
80.384	0.0014916002	-5.8458173	-0.016281483
80.512	0.0014943125	-5.8457093	-0.016759637
80.64	0.0014750819	-5.8456768	-0.017076222
80.768	0.0014841065	-5.8457837	-0.016938191
80.896	0.0015016683	-5.8459031	-0.016212828
81.024	0.0014651739	-5.8459638	-0.01582649
81.152	0.0014876622	-5.8457941	-0.015899665
81.28	0.0014886775	-5.8457275	-0.016258726
81.408	0.0014732797	-5.8458672	-0.016435965
81.536	0.0015049497	-5.8458764	-0.016942332
81.664	0.0014630638	-5.8456998	-0.016685028
81.792	0.0014755542	-5.8457534	-0.016268005
81.92	0.0014768447	-5.8459671	-0.016594078
82.048	0.0014746353	-5.845823	-0.016468939
82.176	0.00147535	-5.8457181	-0.01713343
82.304	0.0014764741	-5.84592	-0.016936586
82.432	0.001487567	-5.8459778	-0.016699129
82.56	0.0014813043	-5.845725	-0.016748309
82.688	0.0014951557	-5.8459477	-0.016257433
82.816	0.0014926124	-5.8458883	-0.016813806
82.944	0.0014868045	-5.8458302	-0.017445572
83.072	0.0015076229	-5.8458453	-0.017479362
83.2	0.0014996773	-5.8459152	-0.017289064
83.328	0.0015031439	-5.8458291	-0.016614924
83.456	0.001515666	-5.8459336	-0.016742237
83.584	0.0015003767	-5.8458246	-0.016770487
83.712	0.0015114612	-5.8458166	-0.015779075
83.84	0.0015182048	-5.845921	-0.01601597
83.968	0.0015084078	-5.845865	-0.017078815
84.096	0.0015544106	-5.8458976	-0.016673101
84.224	0.001493949	-5.8457365	-0.017025024
84.352	0.001520077	-5.8459459	-0.016101131
84.48	0.001531917	-5.8457135	-0.016366816
84.608	0.0015263336	-5.8455529	-0.016969274
84.736	0.0015201732	-5.8456715	-0.01686892
84.864	0.0015147369	-5.8458149	-0.017335101
84.992	0.0015217198	-5.8457668	-0.016919123
85.12	0.0015175561	-5.8458291	-0.015998686
85.248	0.0015166405	-5.84577	-0.016472791
85.376	0.0015248268	-5.8458323	-0.016771243
85.504	0.0015257902	-5.8457069	-0.017041915
85.632	0.0015109695	-5.8456082	-0.017940141
85.76	0.0015405373	-5.8458242	-0.017427374
85.888	0.0014991623	-5.8458488	-0.016188791
86.016	0.0015076711	-5.8459979	-0.016367012
86.144	0.0014947185	-5.8460049	-0.017125289
86.272	0.0015123336	-5.8458564	-0.016173139
86.4	0.0015156389	-5.8459541	-0.015687058
86.528	0.0014906806	-5.8458052	-0.016547762
86.656	0.0014808907	-5.8457967	-0.016793379
86.784	0.0014546044	-5.8457342	-0.016008951
86.912	0.0014788635	-5.8456147	-0.016156029
87.04	0.0014891067	-5.8457596	-0.016154621
87.168	0.0014825844	-5.8458129	-0.016411783
87.296	0.0014816867	-5.8458202	-0.016738184
87.424	0.0014821215	-5.8460002	-0.016929093
87.552	0.001510198	-5.8460306	-0.016649182
87.68	0.0014587696	-5.8459301	-0.016588356
87.808	0.0014574033	-5.845888	-0.016990707
87.936	0.0014865521	-5.8459593	-0.016978143
88.064	0.0014863655	-5.8459961	-0.016593152
88.192	0.0014710016	-5.8458917	-0.016455149
88.32	0.0014573713	-5.8459509	-0.016347644
88.448	0.0014909211	-5.8460188	-0.01633452
88.576	0.0014559985	-5.8459805	-0.01598679
88.704	0.0015109829	-5.8460267	-0.017045631
88.832	0.0015027414	-5.845912	-0.016105701
88.96	0.0014901194	-5.8459321	-0.016674578
89.088	0.0014710842	-5.8457826	-0.017145978
89.216	0.0014809985	-5.8458427	-0.017237638
89.344	0.0015079864	-5.8459242	-0.017688571
89.472	0.0014818195	-5.845799	-0.016835534
89.6	0.0015180851	-5.8458706	-0.016607016
89.728	0.0014889518	-5.845747	-0.015706133
89.856	0.0015337988	-5.8457855	-0.01655858
89.984	0.0015107602	-5.8458775	-0.017190105
90.112	0.0015133674	-5.8459168	-0.017129952
90.24	0.0015170438	-5.8459203	-0.016685479
90.368	0.0015165043	-5.8458365	-0.016449632
90.496	0.001505107	-5.8458216	-0.01673365
90.624	0.0015322596	-5.845776	-0.016780154
90.752	0.0015312454	-5.8456751	-0.016567993
90.88	0.0015342223	-5.8457279	-0.016171704
91.008	0.0014954602	-5.8457911	-0.016500983
91.136	0.0015041515	-5.8458926	-0.01659223
91.264	0.0015088038	-5.8459673	-0.016083117
91.392	0.0015450612	-5.8458187	-0.016131122
91.52	0.0015211463	-5.8458483	-0.016013711
91.648	0.001528102	-5.8458445	-0.016394448
91.776	0.0015074124	-5.8457904	-0.016012374
91.904	0.001496079	-5.845788	-0.016154249
92.032	0.001532032	-5.8458145	-0.016834903
92.16	0.0014950418	-5.8456989	-0.016667867
92.288	0.0015004048	-5.8457885	-0.016277067
92.416	0.0015178784	-5.8458111	-0.016869491
92.544	0.0014944694	-5.8457885	-0.016743039
92.672	0.0015300311	-5.8457552	-0.016794533
92.8	0.0014902527	-5.8458609	-0.016505778
92.928	0.0014801109	-5.8458332	-0.016600899
93.056	0.0014893868	-5.8459827	-0.016928078
93.184	0.0015122058	-5.845885	-0.016723508
93.312	0.0014830278	-5.8457028	-0.016861323
93.44	0.0014870968	-5.8458463	-0.017153197
93.568	0.001477406	-5.8457988	-0.016228131
93.696	0.0014827913	-5.8458592	-0.016498497
93.824	0.0014925419	-5.8459606	-0.016012315
93.952	0.0014901715	-5.845789	-0.015904807
94.08	0.0014829562	-5.8457049	-0.01584362
94.208	0.0014745467	-5.8458561	-0.016154383
94.336	0.0014585673	-5.845994	-0.016359847
94.464	0.001472024	-5.8460206	-0.016788002
94.592	0.0014858661	-5.8460236	-0.016783108
94.72	0.0014746899	-5.8460055	-0.016980485
94.848	0.0014964639	-5.8459591	-0.016381429
94.976	0.0014558966	-5.8458733	-0.016554189
95.104	0.0015243987	-5.8459978	-0.017314547
95.232	0.0014661366	-5.8459492	-0.016776844
95.36	0.0014736799	-5.8458309	-0.017151579
95.488	0.0014912311	-5.8459545	-0.017179608
95.616	0.001492845	-5.845922	-0.015853211
95.744	0.0015053611	-5.8457795	-0.01577194
95.872	0.0014887012	-5.8457335	-0.016447531
96	0.0014847549	-5.8458489	-0.016072471
96.128	0.0015033923	-5.845847	-0.016245676
96.256	0.0015220759	-5.8457521	-0.015906276
96.384	0.0014963867	-5.8459482	-0.016224288
96.512	0.0015343264	-5.845822	-0.016047152
96.64	0.0015045181	-5.8457407	-0.016565492
96.768	0.001523148	-5.8459225	-0.016073297
96.896	0.0015612377	-5.8460034	-0.016013038
97.024	0.0015215658	-5.8458171	-0.01666293
97.152	0.0015232185	-5.84578	-0.01764517
97.28	0.0015121197	-5.8457264	-0.017779915
97.408	0.0015110541	-5.8457904	-0.017208447
97.536	0.0015322848	-5.8458075	-0.017068119
97.664	0.0015274636	-5.8458459	-0.017342841
97.792	0.0015139228	-5.8458346	-0.016490991
97.92	0.0015301079	-5.84577	-0.016006184
98.048	0.0015294905	-5.8456753	-0.017024939
98.176	0.0015023303	-5.8457644	-0.016442674
98.304	0.0015110206	-5.8456807	-0.01650346
98.432	0.001492147	-5.8456951	-0.016890074
98.56	0.0014843908	-5.8457531	-0.016617676
98.688	0.001523506	-5.8458859	-0.017042323
98.816	0.0015039631	-5.8458396	-0.017173263
98.944	0.0014880061	-5.8458017	-0.017152892
99.072	0.0015008592	-5.8457412	-0.016963979
99.2	0.0014799832	-5.8457445	-0.016234484
99.328	0.0014947541	-5.8457041	-0.016664966
99.456	0.0015023876	-5.8457495	-0.017174945
99.584	0.0014839362	-5.8458197	-0.016991397
99.712	0.0014647322	-5.8458886	-0.016689825
99.84	0.0015026282	-5.845837	-0.016952869
99.968	0.0014777666	-5.8458993	-0.017375681
100.096	0.0014869619	-5.8459208	-0.017278595
100.224	0.0014860706	-5.8460481	-0.016824438
100.352	0.0014897418	-5.8458819	-0.016784621
100.48	0.0014756544	-5.8460091	-0.01672435
100.608	0.0014481729	-5.8459732	-0.016592025
100.736	0.0014901999	-5.8459636	-0.016113381
100.864	0.001476115	-5.8459439	-0.016061712
100.992	0.0014757308	-5.8459556	-0.017109587
101.12	0.0014999256	-5.8459955	-0.017352512
101.248	0.0014655821	-5.8459255	-0.016213298
101.376	0.0014710124	-5.8458388	-0.015652352
101.504	0.0014829841	-5.8458045	-0.016226242
101.632	0.0014641081	-5.8458275	-0.016701498
101.76	0.0014865349	-5.8458772	-0.016191266
101.888	0.001491142	-5.8458064	-0.015460422
102.016	0.0014958397	-5.8459447	-0.016533165
102.144	0.0014829652	-5.8458887	-0.016695613
102.272	0.0015062666	-5.845822	-0.016861567
102.4	0.0014941561	-5.8458501	-0.016597128
102.528	0.0015032997	-5.8458481	-0.015808354
102.656	0.0015415208	-5.8458571	-0.016642774
102.784	0.0015006886	-5.8457461	-0.016509405
102.912	0.0015295434	-5.8457328	-0.016002621
103.04	0.001509236	-5.8458572	-0.016194642
103.168	0.0015017974	-5.8458832	-0.016952133
103.296	0.0015322483	-5.8459617	-0.017146744
103.424	0.0015079227	-5.8458747	-0.016914902
103.552	0.0015178056	-5.8458782	-0.017084429
103.68	0.0015152275	-5.8459954	-0.01703379
103.808	0.0015433323	-5.8459858	-0.016574913
103.936	0.0015269157	-5.8458539	-0.016122146
104.064	0.0015284635	-5.8458105	-0.016054638
104.192	0.0015188973	-5.8459151	-0.015549709
104.32	0.0015203341	-5.8459895	-0.016664018
104.448	0.001506134	-5.8458117	-0.016682467
104.576	0.0015019953	-5.8457328	-0.016033373
104.704	0.001516677	-5.8457847	-0.016008297
104.832	0.0015249334	-5.8457423	-0.017027529
104.96	0.0015066479	-5.8457949	-0.017733813
105.088	0.0015051747	-5.8461108	-0.016826912
105.216	0.001485398	-5.845897	-0.016565581
105.344	0.0015123783	-5.8458927	-0.016130541
105.472	0.00150582	-5.8457015	-0.016798335
105.6	0.0014745531	-5.8457181	-0.016671375
105.728	0.0014909253	-5.845703	-0.016034218
105.856	0.0014971443	-5.8459333	-0.016156455
105.984	0.0014836968	-5.8458644	-0.016655847
106.112	0.0014941671	-5.8459584	-0.016235928
106.24	0.0014655616	-5.8459757	-0.016158652
106.368	0.0014686508	-5.8459261	-0.01628132
106.496	0.0014721617	-5.8458066	-0.016101626
106.624	0.0014667395	-5.8458871	-0.015653645
106.752	0.0014931689	-5.8458961	-0.016427584
106.88	0.0014761942	-5.845796	-0.017360331
107.008	0.0014798932	-5.8457112	-0.016693089
107.136	0.0014707483	-5.8457151	-0.016187529
107.264	0.0014794398	-5.8457036	-0.016713375
107.392	0.001480691	-5.8457539	-0.016396127
107.52	0.0014909275	-5.8457099	-0.016515149
107.648	0.0014786879	-5.8457871	-0.01706907
107.776	0.0014603708	-5.8459648	-0.017105053
107.904	0.0014921427	-5.8459547	-0.016820133
108.032	0.0014877832	-5.8459267	-0.016684556
108.16	0.001500183	-5.8460498	-0.016198931
108.288	0.0014757851	-5.8459266	-0.016093573
108.416	0.0015031467	-5.8458826	-0.015902437
108.544	0.0014936743	-5.8458994	-0.016359151
108.672	0.0014851899	-5.8457683	-0.017163936
108.8	0.00153724	-5.8458558	-0.017204128
108.928	0.0015034183	-5.8459464	-0.017073368
109.056	0.0015133679	-5.8458764	-0.016751353
109.184	0.0015432738	-5.845799	-0.017232822
109.312	0.0015093664	-5.8458683	-0.017192498
109.44	0.0015127323	-5.8458309	-0.016733118
109.568	0.0015023134	-5.8459056	-0.017008073
109.696	0.0015202147	-5.8459535	-0.016499741
109.824	0.0015203714	-5.8459842	-0.015476514
109.952	0.0015414399	-5.8459203	-0.016576078
110.08	0.0015295966	-5.8458803	-0.017215243
110.208	0.0015085942	-5.8456832	-0.016691796
110.336	0.0015390416	-5.8457613	-0.016781183
110.464	0.0014790584	-5.845778	-0.016784127
110.592	0.001539826	-5.8458691	-0.016702754
110.72	0.001487944	-5.8458624	-0.016240792
110.848	0.0015263271	-5.8458715	-0.016517588
110.976	0.0015179154	-5.8458579	-0.016422037
111.104	0.0015281614	-5.8457147	-0.016793911
111.232	0.0015001102	-5.8458036	-0.016721741
111.36	0.0015182993	-5.8458229	-0.017099851
111.488	0.0015004442	-5.8457087	-0.016472717
111.616	0.001503982	-5.8458158	-0.016445003
111.744	0.0015114366	-5.8457547	-0.01715546
111.872	0.0014787172	-5.8458532	-0.017055775
112	0.0015059505	-5.8458438	-0.016780763
112.128	0.0014929307	-5.8458596	-0.016324488
112.256	0.0014799336	-5.846038	-0.01699721
112.384	0.0014827018	-5.8460409	-0.017038171
112.512	0.0014765967	-5.8460297	-0.016859526
112.64	0.0014762499	-5.8459541	-0.017314961
112.768	0.0015108349	-5.8457314	-0.017085076
112.896	0.0014634893	-5.8456822	-0.017053981
113.024	0.0014680186	-5.845814	-0.016812825
113.152	0.0014984616	-5.8458175	-0.017065839
113.28	0.0014654495	-5.8459201	-0.017423918
113.408	0.0014711139	-5.8458699	-0.01753995
113.536	0.0014615742	-5.8459245	-0.016466351
113.664	0.001477551	-5.8458639	-0.017067787
113.792	0.0014741131	-5.8457786	-0.016682922
113.92	0.001480286	-5.8457348	-0.01601996
114.048	0.0014884387	-5.8460459	-0.016251129
114.176	0.001474404	-5.8461065	-0.016436591
114.304	0.0014784402	-5.8459752	-0.015866721
114.432	0.0014943815	-5.8459948	-0.016190668
114.56	0.0014978103	-5.8457971	-0.016371593
114.688	0.0014823339	-5.8458177	-0.01587022
114.816	0.0015175697	-5.8458513	-0.0161174
114.944	0.0014851698	-5.8459197	-0.016933332
115.072	0.0015181854	-5.8458535	-0.017193025
115.2	0.0015139158	-5.8458434	-0.016326696
115.328	0.0015307221	-5.8458175	-0.016084211
115.456	0.0014898963	-5.845674	-0.016115867
115.584	0.0015406101	-5.8457664	-0.016462979
115.712	0.001526334	-5.8458317	-0.016461888
115.84	0.0014977878	-5.8458789	-0.01653564
115.968	0.0015176582	-5.8458632	-0.017289229
116.096	0.001528861	-5.846077	-0.016637871
116.224	0.0015296451	-5.8459044	-0.016892094
116.352	0.0015165937	-5.8459096	-0.017033698
116.48	0.0015286306	-5.8458335	-0.016386562
116.608	0.0015134153	-5.8458565	-0.01623286
116.736	0.0015162369	-5.8458377	-0.015518228
116.864	0.0015331359	-5.8457498	-0.016126046
116.992	0.0015202841	-5.8458704	-0.016040962
117.12	0.0015140452	-5.8457657	-0.016228337
117.248	0.0015313739	-5.8457827	-0.017010238
117.376	0.0015006381	-5.845985	-0.016639788
117.504	0.0015103543	-5.8458608	-0.01644538
117.632	0.0015152314	-5.8458392	-0.017634888
117.76	0.0014961502	-5.8456589	-0.01767949
117.888	0.0014880325	-5.845773	-0.016516145
118.016	0.0015050272	-5.8459584	-0.016332431
118.144	0.0014796558	-5.8459478	-0.016856408
118.272	0.0015094053	-5.8459593	-0.016745548
118.4	0.0015246142	-5.8459655	-0.017134571
118.528	0.0014783377	-5.8459429	-0.017229427
118.656	0.0014742794	-5.8457435	-0.016379464
118.784	0.0015131931	-5.8459076	-0.016599254
118.912	0.0014735116	-5.8459697	-0.01655877
119.04	0.0014639179	-5.8459122	-0.016251062
119.168	0.0014873769	-5.8459239	-0.015401199
119.296	0.0014743891	-5.8458567	-0.015928358
119.424	0.0014961484	-5.8458609	-0.016723039
119.552	0.0014779975	-5.8457828	-0.016791517
119.68	0.0014666895	-5.8457108	-0.016455416
119.808	0.0014813406	-5.8457753	-0.016463118
119.936	0.0014524621	-5.8458794	-0.016818627
120.064	0.0014840555	-5.8459545	-0.016909544
120.192	0.0014848059	-5.8458958	-0.01654482
120.32	0.0014853606	-5.8458783	-0.015863648
120.448	0.0014699353	-5.8458816	-0.015757583
120.576	0.0015105124	-5.8458941	-0.016082589
120.704	0.0014636305	-5.8458794	-0.01574347
120.832	0.0015104492	-5.845967	-0.016820767
120.96	0.0015062968	-5.8459944	-0.016866345
121.088	0.0014983354	-5.8459064	-0.015991542
121.216	0.0014984332	-5.8458637	-0.016422791
121.344	0.0014904714	-5.845943	-0.016625426
121.472	0.0015213248	-5.8458283	-0.016670493
121.6	0.001525056	-5.8460033	-0.016961299
121.728	0.0014879834	-5.8457704	-0.015774824
121.856	0.0015258606	-5.8459569	-0.016328749
121.984	0.0015164492	-5.8458409	-0.016551637
122.112	0.0014920595	-5.8458549	-0.01640821
122.24	0.0015435759	-5.8458799	-0.017027671
122.368	0.0015041996	-5.8459455	-0.017092406
122.496	0.0015209391	-5.8460164	-0.016814943
122.624	0.0015439381	-5.8459035	-0.017163825
122.752	0.0015320615	-5.8460174	-0.017084093
122.88	0.0015236048	-5.8458428	-0.016118466
123.008	0.0015317562	-5.8460252	-0.016569961
123.136	0.0015246199	-5.8458163	-0.016449108
123.264	0.0015001339	-5.8456836	-0.016512871
123.392	0.0015205258	-5.8457404	-0.016811437
123.52	0.0014979444	-5.8458433	-0.016682514
123.648	0.0015183006	-5.8458403	-0.016774741
123.776	0.0015299504	-5.8459174	-0.016800863
123.904	0.0014901278	-5.8458832	-0.016306633
124.032	0.0015115437	-5.8458823	-0.01674052
124.16	0.0015149431	-5.8458356	-0.016322884
124.288	0.0014986972	-5.8460161	-0.016667102
124.416	0.0014860673	-5.8458186	-0.016936064
124.544	0.0014883102	-5.8457659	-0.016697618
124.672	0.0014903206	-5.8459358	-0.017196683
124.8	0.0014863215	-5.8457742	-0.01698281
124.928	0.0014824025	-5.8458263	-0.017038057
125.056	0.0015011918	-5.845812	-0.016866962
125.184	0.0014737969	-5.8456816	-0.016737782
125.312	0.0014777951	-5.8458424	-0.016586238
125.44	0.0014684227	-5.845831	-0.016303339
125.568	0.0014720826	-5.8458226	-0.016784316
125.696	0.0014828137	-5.8457371	-0.016368443
125.824	0.0014800162	-5.8458609	-0.016702456
125.952	0.0014619401	-5.8458848	-0.017305612
126.08	0.0014766192	-5.8457913	-0.01678698
126.208	0.0014715082	-5.8456725	-0.016706309
126.336	0.0014796946	-5.8457664	-0.016862778
126.464	0.0014888092	-5.8460792	-0.016213557
126.592	0.0014735099	-5.8459344	-0.015456394
126.72	0.0014911702	-5.8458452	-0.01657123
126.848	0.0014805731	-5.8458761	-0.016970011
126.976	0.0014750781	-5.8459116	-0.016723854
127.104	0.0014899031	-5.845897	-0.016885526
127.232	0.0014862165	-5.8460079	-0.017372443
127.36	0.0015113514	-5.8458169	-0.01665126
127.488	0.0014974962	-5.8458013	-0.016360108
127.616	0.0015097468	-5.8458072	-0.016607052
127.744	0.0015231983	-5.8458099	-0.016575449
127.872	0.0015118005	-5.8458438	-0.016441676
128	0.0015292243	-5.8459209	-0.016533145
128.128	0.0015120135	-5.8459502	-0.016504975
128.256	0.001518966	-5.8459997	-0.016148414
128.384	0.001509044	-5.8458563	-0.016181211
128.512	0.0015150933	-5.8459294	-0.01617811
128.64	0.0015566106	-5.8458573	-0.016087913
128.768	0.0015104391	-5.845815	-0.01602033
128.896	0.001526096	-5.8458908	-0.016586494
129.024	0.0015385428	-5.8458573	-0.016336172
129.152	0.0015062373	-5.8458779	-0.015903809
129.28	0.0015318972	-5.8458359	-0.016460283
129.408	0.0015004213	-5.8456958	-0.01587908
129.536	0.0015359472	-5.8458555	-0.016572212
129.664	0.0015121016	-5.8459383	-0.016583133
129.792	0.0015071191	-5.8458403	-0.016624497
129.92	0.0014910527	-5.8457502	-0.01631302
130.048	0.0015329228	-5.8458714	-0.017190383
130.176	0.0014953801	-5.8458114	-0.017467499
130.304	0.0015267423	-5.8458341	-0.016971023
130.432	0.0014685857	-5.8458095	-0.017082993
130.56	0.0014991552	-5.8460176	-0.016692717
130.688	0.0015233356	-5.8458843	-0.016799279
130.816	0.0014998803	-5.8458709	-0.01728445
130.944	0.0014721723	-5.8459182	-0.017006194
131.072	0.0015172861	-5.8458567	-0.016501574
131.2	0.0014903241	-5.8459601	-0.017002006
131.328	0.001477629	-5.8459421	-0.017018763
131.456	0.0014867827	-5.8458381	-0.016975545
131.584	0.0014649923	-5.845912	-0.016372094
131.712	0.0015030286	-5.8458822	-0.016235087
131.84	0.0014931632	-5.8458926	-0.016001131
131.968	0.0014613308	-5.8458246	-0.015744195
132.096	0.0014958668	-5.8457524	-0.016041802
132.224	0.0014650921	-5.8458796	-0.017094338
132.352	0.0014777744	-5.8460028	-0.016963602
132.48	0.0014650395	-5.8459277	-0.015875153
132.608	0.0015118581	-5.8458506	-0.016112952
132.736	0.0014583215	-5.8458173	-0.016900271
132.864	0.0014842673	-5.8459092	-0.015662937
132.992	0.0014865093	-5.8457254	-0.015752865
133.12	0.0015008275	-5.8459442	-0.016918247
133.248	0.0014937229	-5.8459692	-0.016265727
133.376	0.0014916163	-5.8458545	-0.016175077
133.504	0.0015020771	-5.8458545	-0.016460447
133.632	0.0014839484	-5.8458118	-0.016547132
133.76	0.0015102301	-5.8458225	-0.016567547
133.888	0.0015173527	-5.8457724	-0.016264989
134.016	0.00150749	-5.8458778	-0.016729408
134.144	0.0015162961	-5.8459183	-0.017028325
134.272	0.001515307	-5.8460098	-0.017287985
134.4	0.0015058865	-5.8460935	-0.017042289
134.528	0.0015154073	-5.845848	-0.01659414
134.656	0.0015195396	-5.8456956	-0.016630308
134.784	0.0015116601	-5.8458483	-0.016662283
134.912	0.0015084603	-5.8459692	-0.016578353
135.04	0.0015092561	-5.8458805	-0.016264307
135.168	0.0015354482	-5.8458458	-0.016274573
135.296	0.0015296335	-5.8458356	-0.016629961
135.424	0.00151287	-5.8458198	-0.016066659
135.552	0.0015292289	-5.8458286	-0.016722056
135.68	0.0015076986	-5.8457398	-0.016985819
135.808	0.0015385675	-5.8458251	-0.016752758
135.936	0.0015159014	-5.8459138	-0.016809351
136.064	0.0015335827	-5.8458339	-0.017017105
136.192	0.0014782612	-5.8457422	-0.016735989
136.32	0.0015190961	-5.8459326	-0.016807059
136.448	0.0014977285	-5.8457775	-0.016643397
136.576	0.0014866872	-5.8458327	-0.016466072
136.704	0.0015064951	-5.8459373	-0.016806806
136.832	0.0015152013	-5.8459099	-0.016533644
136.96	0.0014878971	-5.8458934	-0.01635961
137.088	0.0014752391	-5.8457611	-0.01643259
137.216	0.0014717558	-5.845642	-0.017008654
137.344	0.0014806635	-5.8457159	-0.017022707
137.472	0.0014901766	-5.8458459	-0.016006751
137.6	0.0014840944	-5.8458811	-0.016787022
137.728	0.0014738674	-5.8459301	-0.017055062
137.856	0.0014795506	-5.8460035	-0.015635903
137.984	0.0014739058	-5.8459627	-0.016323758
138.112	0.0014619537	-5.8460266	-0.01653198
138.24	0.0015017195	-5.8460529	-0.016711627
138.368	0.0014951938	-5.8459813	-0.016209264
138.496	0.0014714324	-5.8459245	-0.016280004
138.624	0.0014740841	-5.845935	-0.01741526
138.752	0.0014713581	-5.8459392	-0.016871447
138.88	0.00146735	-5.8460018	-0.016094833
139.008	0.0015076591	-5.8458705	-0.015712602
139.136	0.001468099	-5.8457428	-0.016430709
139.264	0.0015116859	-5.8459627	-0.017514224
139.392	0.0014994039	-5.8460801	-0.016798215
139.52	0.0014848101	-5.8459067	-0.016689211
139.648	0.0014855591	-5.8458134	-0.017008064
139.776	0.00151176	-5.8457963	-0.016910831
139.904	0.0015089591	-5.8458201	-0.017061339
140.032	0.0015102574	-5.8458993	-0.016895896
140.16	0.0014987796	-5.8458681	-0.016979905
140.288	0.0015051249	-5.8459341	-0.016617884
140.416	0.0015276506	-5.8459698	-0.017246372
140.544	0.0015115626	-5.8458558	-0.017290414
140.672	0.0015175565	-5.8458482	-0.017479657
140.8	0.0015143007	-5.8457669	-0.017629766
140.928	0.0015227987	-5.8458187	-0.016868246
141.056	0.0015235049	-5.845696	-0.016832512
141.184	0.0015193317	-5.8456716	-0.017227624
141.312	0.0015212666	-5.8458399	-0.016604521
141.44	0.001521795	-5.8458632	-0.016361096
141.568	0.0015299818	-5.8458579	-0.016359846
141.696	0.0015364995	-5.8457867	-0.015831579
141.824	0.0015165487	-5.8458156	-0.01611312
141.952	0.0015071807	-5.8457952	-0.016475515
142.08	0.0015301736	-5.8459054	-0.015811464
142.208	0.0015246257	-5.8459042	-0.016050463
142.336	0.0015300484	-5.8459752	-0.016623835
142.464	0.0015196116	-5.846054	-0.017000831
142.592	0.0014940014	-5.8458294	-0.016324455
142.72	0.0015208866	-5.8459227	-0.016348373
142.848	0.0015006441	-5.8459088	-0.01667205
142.976	0.001493002	-5.8459403	-0.017219488
143.104	0.0014938777	-5.8457847	-0.017516056
143.232	0.0014887668	-5.8458788	-0.016786901
143.36	0.0014777541	-5.8460225	-0.01704262
143.488	0.0014910281	-5.8458967	-0.01715343
143.616	0.0014854209	-5.8459146	-0.015944402
143.744	0.0014680766	-5.8458736	-0.016373153
143.872	0.0014635427	-5.8459237	-0.017084635
144	0.0014945142	-5.8457667	-0.016337322
144.128	0.0014814744	-5.8457748	-0.016587298
144.256	0.0014751984	-5.8459191	-0.016721702
144.384	0.0014995268	-5.8459212	-0.016275691
144.512	0.0014610308	-5.8458694	-0.016255149
144.64	0.0014650433	-5.8460125	-0.016285279
144.768	0.0014832747	-5.8459409	-0.016274239
144.896	0.0014527421	-5.8458247	-0.016417697
145.024	0.0014827923	-5.8458054	-0.016370123
145.152	0.0014596669	-5.8456205	-0.01679816
145.28	0.001499122	-5.8457857	-0.016505363
145.408	0.0014782164	-5.8459091	-0.015891248
145.536	0.0015039735	-5.8459207	-0.015841354
145.664	0.0014676592	-5.8459073	-0.015780505
145.792	0.0014990588	-5.8459516	-0.016417268
145.92	0.001475716	-5.8458806	-0.016548399
146.048	0.001501372	-5.8458442	-0.016096487
146.176	0.0015031365	-5.845798	-0.016565481
146.304	0.001511686	-5.845731	-0.016678676
146.432	0.0014801651	-5.8457218	-0.016504223
146.56	0.0015219979	-5.8459067	-0.016128423
146.688	0.001521807	-5.8459802	-0.016674831
146.816	0.0015101191	-5.8459731	-0.016677085
146.944	0.0014940708	-5.8459995	-0.016311667
147.072	0.0015336244	-5.8459373	-0.017218204
147.2	0.0015393286	-5.845986	-0.017637563
147.328	0.0015425873	-5.8459867	-0.017177848
147.456	0.001543193	-5.8458323	-0.016213272
147.584	0.0014989892	-5.8457274	-0.015868901
147.712	0.0015189252	-5.8458032	-0.016177672
147.84	0.001514792	-5.8458603	-0.016528636
147.968	0.0015089712	-5.8456561	-0.016426439
148.096	0.0015454002	-5.8457784	-0.016864414
148.224	0.0015396466	-5.8458969	-0.017063694
148.352	0.00152204	-5.8458232	-0.016699257
148.48	0.0015269939	-5.8459449	-0.01696782
148.608	0.0014863484	-5.8459004	-0.016067688
148.736	0.0015032709	-5.8458855	-0.015780699
148.864	0.0015268465	-5.8460914	-0.016137348
148.992	0.0015014964	-5.8460721	-0.016770549
149.12	0.0015002993	-5.8458212	-0.016479853
149.248	0.0015136263	-5.8458596	-0.015694851
149.376	0.0014774116	-5.845816	-0.016250432
149.504	0.0014823963	-5.8459759	-0.016799997
149.632	0.0015115228	-5.8457457	-0.016798343
149.76	0.0014546827	-5.8458249	-0.016543514
149.888	0.0014953811	-5.8459588	-0.017122878
150.016	0.0014804661	-5.8457993	-0.016893103
150.144	0.00147747	-5.8458835	-0.016410701
150.272	0.0014989987	-5.8458802	-0.016680329
150.4	0.0014798032	-5.8458403	-0.016359704
150.528	0.0014572284	-5.8457498	-0.016300406
150.656	0.0014779152	-5.8457854	-0.016514674
150.784	0.0014788918	-5.8457867	-0.017275539
150.912	0.0014770466	-5.8459751	-0.016994785
151.04	0.0014739232	-5.8459243	-0.016912388
151.168	0.0014738046	-5.8459826	-0.016086733
151.296	0.00147056	-5.845851	-0.016198315
151.424	0.0014850719	-5.8459364	-0.017244451
151.552	0.0014987368	-5.8458435	-0.016837011
151.68	0.0014801022	-5.8457737	-0.017046262
151.808	0.001485147	-5.8459178	-0.01654399
151.936	0.0014737672	-5.845859	-0.01657998
152.064	0.0015030642	-5.8458729	-0.017156176
152.192	0.0014893946	-5.8456157	-0.016643051
152.32	0.0015185199	-5.8458849	-0.016292809
152.448	0.0014902534	-5.8458365	-0.016937463
152.576	0.0015090027	-5.8458444	-0.0175872
152.704	0.0014983751	-5.8458417	-0.017469133
152.832	0.0015236323	-5.8459124	-0.017261763
152.96	0.0014835597	-5.8457924	-0.017086115
153.088	0.001527022	-5.8457279	-0.01693092
153.216	0.0015117084	-5.8457168	-0.016449742
153.344	0.001529132	-5.8458601	-0.016922897
153.472	0.0015262424	-5.845635	-0.016672362
153.6	0.0015178005	-5.8457634	-0.016467473
153.728	0.0015411531	-5.8458779	-0.016728579
153.856	0.0015296712	-5.8458334	-0.016592737
153.984	0.0015213182	-5.8459138	-0.016833293
154.112	0.0015395575	-5.8460959	-0.017560348
154.24	0.0015110391	-5.8459113	-0.01676247
154.368	0.0015232694	-5.8458981	-0.016440875
154.496	0.0015285756	-5.845744	-0.016319889
154.624	0.0015359315	-5.8458769	-0.01664083
154.752	0.0014870704	-5.8459498	-0.016468513
154.88	0.0014960647	-5.845806	-0.01605663
155.008	0.0015056737	-5.8457653	-0.016398486
155.136	0.0015379576	-5.8459107	-0.016511759
155.264	0.0014823227	-5.8459409	-0.015568576
155.392	0.0015134671	-5.8458205	-0.016231611
155.52	0.0014973214	-5.8457042	-0.016584585
155.648	0.0014923373	-5.845892	-0.016681417
155.776	0.0014912521	-5.8459765	-0.017434502
155.904	0.0014804455	-5.8459813	-0.017289408
156.032	0.0014750979	-5.8458328	-0.016425246
156.16	0.0014754161	-5.8459823	-0.015883918
156.288	0.0014946813	-5.8458431	-0.016379386
156.416	0.001471639	-5.845908	-0.017076423
156.544	0.0014819541	-5.8459543	-0.016768492
156.672	0.0014668187	-5.8459977	-0.01643202
156.8	0.0014822742	-5.8459777	-0.015964965
156.928	0.0014686197	-5.8460396	-0.016614186
157.056	0.0014919997	-5.8460259	-0.016884359
157.184	0.0014657023	-5.8458502	-0.016471128
157.312	0.0014685486	-5.8458935	-0.016365107
157.44	0.0014620234	-5.8458428	-0.01734592
157.568	0.0014883001	-5.8459494	-0.017407996
157.696	0.0014751542	-5.8458346	-0.016504909
157.824	0.0014921582	-5.8458054	-0.016492279
157.952	0.0014723808	-5.8458087	-0.016783542
158.08	0.0014890368	-5.8456849	-0.016717724
158.208	0.0014961013	-5.8457278	-0.015583933
158.336	0.0014984019	-5.8459333	-0.016029476
158.464	0.0014793302	-5.8460196	-0.016198838
158.592	0.0015051359	-5.8460201	-0.016138453
158.72	0.0014911378	-5.8458598	-0.015920243
158.848	0.0015202151	-5.8458305	-0.016476815
158.976	0.0015083728	-5.8457744	-0.016228233
159.104	0.0015374547	-5.8459457	-0.015965967
159.232	0.0015082175	-5.845934	-0.016675197
159.36	0.0015212942	-5.8459096	-0.01675743
159.488	0.0015234778	-5.8459307	-0.016731342
159.616	0.0014944514	-5.8457119	-0.016426211
159.744	0.0015568717	-5.8457387	-0.016934505
159.872	0.0015261294	-5.8455946	-0.017223861
160	0.001512632	-5.8456266	-0.017039761
160.128	0.0015033172	-5.8457286	-0.016883876
160.256	0.0015253052	-5.8457181	-0.016499788
160.384	0.0015190379	-5.8457126	-0.016511448
160.512	0.0015200751	-5.8458316	-0.016446456
160.64	0.0015132899	-5.8459576	-0.016425659
160.768	0.0015423602	-5.845869	-0.016316597
160.896	0.0015009209	-5.845818	-0.016329705
161.024	0.0015321277	-5.8458166	-0.016504443
161.152	0.0015255159	-5.8459503	-0.017124182
161.28	0.0015166036	-5.8459148	-0.017114835
161.408	0.0015045611	-5.8457463	-0.016646692
161.536	0.0015117908	-5.845881	-0.016566292
161.664	0.0015026564	-5.8458367	-0.015959937
161.792	0.0014983809	-5.8459089	-0.015641076
161.92	0.0015072833	-5.8458917	-0.01513471
162.048	0.0015079605	-5.8458523	-0.01579303
162.176	0.0015031972	-5.8459143	-0.016196435
162.304	0.0014926553	-5.845952	-0.016539723
162.432	0.0014638311	-5.8458081	-0.017074308
162.56	0.0014634271	-5.8457894	-0.016811827
162.688	0.0014841145	-5.8458936	-0.01669871
162.816	0.0014787149	-5.845836	-0.017506993
162.944	0.0014658853	-5.8457514	-0.016796924
163.072	0.0014844008	-5.8457765	-0.016533825
163.2	0.0014478171	-5.8458667	-0.016936972
163.328	0.0014957842	-5.8458637	-0.01685474
163.456	0.0014722353	-5.8458448	-0.016783518
163.584	0.001471355	-5.8457872	-0.017045328
163.712	0.0014639966	-5.8459082	-0.017163659
163.84	0.0014628579	-5.8459181	-0.017344949
163.968	0.0014815686	-5.8459048	-0.016508706
164.096	0.0014804287	-5.8460665	-0.016082331
164.224	0.0014814032	-5.8458062	-0.017188278
164.352	0.0015072336	-5.8460493	-0.017449474
164.48	0.0014875787	-5.8458886	-0.015823277
164.608	0.0014847504	-5.8460281	-0.015901147
164.736	0.0015057561	-5.8459723	-0.016948609
164.864	0.001490674	-5.8458667	-0.017083584
164.992	0.0015126334	-5.8459744	-0.01625861
165.12	0.0015210231	-5.8460174	-0.016177251
165.248	0.0015027348	-5.8458666	-0.016690525
165.376	0.0015033458	-5.8459398	-0.016688403
165.504	0.0015388405	-5.8458855	-0.016886785
165.632	0.0015208232	-5.8459877	-0.016980098
165.76	0.0015434211	-5.8459172	-0.016889949
165.888	0.0015062504	-5.8456904	-0.017083386
166.016	0.0015232823	-5.8457832	-0.016766754
166.144	0.0015576903	-5.8457826	-0.017213946
166.272	0.0015187977	-5.8459006	-0.017075177
166.4	0.0015323939	-5.8459367	-0.016684178
166.528	0.0014903771	-5.845853	-0.01737749
166.656	0.0015318611	-5.8458255	-0.017824953
166.784	0.0015069132	-5.8457465	-0.016269512
166.912	0.0015421089	-5.8456674	-0.016648949
167.04	0.0015192907	-5.8457779	-0.016691448
167.168	0.0015320058	-5.8458689	-0.016136764
167.296	0.0015161266	-5.8458717	-0.016535413
167.424	0.0015118151	-5.845696	-0.017212365
167.552	0.0015269145	-5.8457216	-0.017417406
167.68	0.0015014817	-5.8457865	-0.017303407
167.808	0.0015096568	-5.8457224	-0.016663188
167.936	0.0014906091	-5.8458219	-0.016135056
168.064	0.0014824799	-5.8457277	-0.016248507
168.192	0.0015111531	-5.8458561	-0.016250513
168.32	0.0014891611	-5.8459154	-0.015874556
168.448	0.0014958311	-5.8459055	-0.016808991
168.576	0.0014802858	-5.8457385	-0.016786343
168.704	0.0015115407	-5.8458598	-0.016859988
168.832	0.0014457308	-5.8459628	-0.017412783
168.96	0.0014940373	-5.8459414	-0.017299342
169.088	0.0014814396	-5.8459143	-0.016413428
169.216	0.0014655415	-5.8459251	-0.016447661
169.344	0.0014520234	-5.845914	-0.016943256
169.472	0.0014598242	-5.8459464	-0.016692814
169.6	0.0014867919	-5.8459271	-0.016591358
169.728	0.0014878452	-5.8459046	-0.017059164
169.856	0.0014606124	-5.8458349	-0.01616653
169.984	0.0014483108	-5.8459884	-0.016144598
170.112	0.001463831	-5.8459683	-0.016647777
170.24	0.0014926397	-5.8459092	-0.016092986
170.368	0.0014640597	-5.8457596	-0.015807033
170.496	0.0014806009	-5.8458545	-0.016260136
170.624	0.0015025755	-5.8459823	-0.016261041
170.752	0.0015001754	-5.8461178	-0.016143584
170.88	0.0014837411	-5.8459087	-0.01664139
171.008	0.0014969154	-5.8458266	-0.016781933
171.136	0.0014961037	-5.8458095	-0.016744071
171.264	0.0014940344	-5.8459306	-0.01682687
171.392	0.001503361	-5.8459376	-0.016898586
171.52	0.0015112723	-5.8458641	-0.016903152
171.648	0.0015236233	-5.8460141	-0.0167434
171.776	0.0015234385	-5.8459988	-0.01655849
171.904	0.0015353466	-5.8459543	-0.016162356
172.032	0.0014911848	-5.845873	-0.015521838
172.16	0.0015238065	-5.8459711	-0.015522569
172.288	0.0015253339	-5.8458388	-0.015980299
172.416	0.001510058	-5.8457693	-0.016985488
172.544	0.0015303463	-5.8456521	-0.016517427
172.672	0.0015090368	-5.8457267	-0.015814165
172.8	0.0015515867	-5.8457775	-0.016336078
172.928	0.0015058648	-5.8456949	-0.016142145
173.056	0.0015380381	-5.8458859	-0.01603538
173.184	0.0015310871	-5.845932	-0.016491419
173.312	0.0015359046	-5.8458978	-0.016584133
173.44	0.0014926503	-5.8458025	-0.016588509
173.568	0.0015506306	-5.8458182	-0.016722433
173.696	0.0015332956	-5.8460293	-0.01648918
173.824	0.0015104126	-5.8459004	-0.01604659
173.952	0.001515515	-5.8458093	-0.016043833
174.08	0.001493199	-5.8456774	-0.016216195
174.208	0.0015040924	-5.8458718	-0.016096177
174.336	0.0015174017	-5.845813	-0.016161108
174.464	0.0014897993	-5.8457789	-0.016410741
174.592	0.0015098573	-5.8457969	-0.016184824
174.72	0.001482888	-5.845805	-0.015847527
174.848	0.0014638429	-5.8457414	-0.016111676
174.976	0.0014947704	-5.8458152	-0.015320809
175.104	0.0014964958	-5.8457945	-0.016333569
175.232	0.001463812	-5.8457622	-0.016708085
175.36	0.0014765906	-5.8457791	-0.016647709
175.488	0.0014666597	-5.8458006	-0.016785338
175.616	0.0014697214	-5.8459412	-0.016738574
175.744	0.0014851556	-5.8458792	-0.016066835
175.872	0.001481442	-5.8460904	-0.016269958
176	0.0014775314	-5.8458915	-0.016926271
176.128	0.0014751694	-5.8458424	-0.016794208
176.256	0.0014660123	-5.845981	-0.01634859
176.384	0.0014833435	-5.846001	-0.016411666
176.512	0.0014994865	-5.8459401	-0.016911073
176.64	0.0014702775	-5.8459451	-0.01659428
176.768	0.0014894939	-5.8457928	-0.016677436
176.896	0.0014683012	-5.8457811	-0.017680132
177.024	0.0014717898	-5.8457791	-0.017418732
177.152	0.0014839877	-5.8459063	-0.017083445
177.28	0.0015051554	-5.8457723	-0.016543781
177.408	0.0015052456	-5.846045	-0.017002544
177.536	0.0014734359	-5.845858	-0.016767219
177.664	0.0015023566	-5.84588	-0.016717779
177.792	0.0014882656	-5.8455987	-0.017330913
177.92	0.0015304044	-5.8457316	-0.017548624
178.048	0.0015314091	-5.8459633	-0.016966408
178.176	0.0015141497	-5.8458659	-0.016715159
178.304	0.001507644	-5.8458171	-0.016364244
178.432	0.0015214483	-5.8457747	-0.016087405
178.56	0.0015085363	-5.8457667	-0.01589472
178.688	0.0015075396	-5.8458132	-0.016030336
178.816	0.001531938	-5.8457554	-0.015993104
178.944	0.0015280813	-5.8457447	-0.015838914
179.072	0.001507875	-5.8456951	-0.01592546
179.2	0.0015484703	-5.8460883	-0.016096685
179.328	0.0015266237	-5.8458296	-0.017224223
179.456	0.001546945	-5.8458419	-0.017103927
179.584	0.00151963	-5.8456171	-0.016251815
179.712	0.0015201973	-5.8456813	-0.01651907
179.84	0.0015400493	-5.8456957	-0.017064695
179.968	0.0014966601	-5.8458016	-0.017039662
180.096	0.0015069563	-5.8458125	-0.017495488
180.224	0.0015004655	-5.845779	-0.017623479
180.352	0.0015010541	-5.8458553	-0.016867268
180.48	0.001516157	-5.8458162	-0.017136593
180.608	0.001505424	-5.8459097	-0.017573266
180.736	0.0014999934	-5.8460459	-0.01654778
180.864	0.0015003912	-5.8460201	-0.017093927
180.992	0.0014914438	-5.8458502	-0.017754257
181.12	0.0014736426	-5.845885	-0.017198497
181.248	0.0015010802	-5.8458621	-0.016588558
181.376	0.0014853683	-5.8458564	-0.016567899
181.504	0.0014944091	-5.8458236	-0.016700055
181.632	0.0014974372	-5.8459146	-0.016809737
181.76	0.0014604963	-5.8459047	-0.016440541
181.888	0.001490164	-5.8458442	-0.016362718
182.016	0.0014605486	-5.8457611	-0.015793307
182.144	0.0014972432	-5.8459062	-0.017031179
182.272	0.0014581074	-5.8457655	-0.017539607
182.4	0.0015054913	-5.845687	-0.016913949
182.528	0.0014708014	-5.8456702	-0.017317815
182.656	0.0014761244	-5.8458232	-0.016613076
182.784	0.0014957701	-5.8458734	-0.015375243
182.912	0.0014663561	-5.8460136	-0.015903092
183.04	0.0014990927	-5.8460198	-0.01634924
183.168	0.0014674136	-5.8458591	-0.015914266
183.296	0.001484788	-5.8458768	-0.016162309
183.424	0.0014937132	-5.8458576	-0.016560525
183.552	0.0014642249	-5.8460649	-0.016369214
183.68	0.0015159087	-5.8458642	-0.01713518
183.808	0.0014955003	-5.845959	-0.017107691
183.936	0.0014870368	-5.8458009	-0.016879621
184.064	0.0015018779	-5.8458842	-0.016333134
184.192	0.0015047189	-5.8458624	-0.016516637
184.32	0.0014863815	-5.8459219	-0.017039506
184.448	0.0015181178	-5.8459571	-0.016768824
184.576	0.001513885	-5.8460078	-0.016464879
184.704	0.0015163435	-5.845954	-0.016414163
184.832	0.0015031088	-5.8458059	-0.016339165
184.96	0.0015507116	-5.8458354	-0.016047011
185.088	0.0015225813	-5.8458088	-0.016943239
185.216	0.001493603	-5.8458052	-0.016447071
185.344	0.0015476592	-5.8458245	-0.01639581
185.472	0.0015456028	-5.8459097	-0.016564823
185.6	0.001497021	-5.8458609	-0.015588775
185.728	0.0015269254	-5.8457654	-0.015618121
185.856	0.0015457815	-5.8458832	-0.016635286
185.984	0.0015104561	-5.8456686	-0.016289406
186.112	0.0015323874	-5.845791	-0.016013675
186.24	0.0014954037	-5.8459113	-0.017040725
186.368	0.0015227522	-5.845868	-0.016875206
186.496	0.0015078263	-5.8458577	-0.01639671
186.624	0.0014936559	-5.8458066	-0.016356841
186.752	0.001502106	-5.8458528	-0.016737074
186.88	0.0015033645	-5.8458734	-0.016921023
187.008	0.0015064892	-5.8458913	-0.016028628
187.136	0.0014989427	-5.8460101	-0.016294741
187.264	0.0015098861	-5.84598	-0.016542076
187.392	0.001491601	-5.8459532	-0.016034785
187.52	0.0014847846	-5.8458589	-0.016417834
187.648	0.0015011159	-5.8458062	-0.017049456
187.776	0.0015102113	-5.8460017	-0.016313315
187.904	0.0014952837	-5.845922	-0.016218136
188.032	0.0014505877	-5.8458634	-0.016058576
188.16	0.0014914192	-5.846038	-0.016847879
188.288	0.0014759494	-5.8459606	-0.016374896
188.416	0.0014857354	-5.845773	-0.016068276
188.544	0.0014720338	-5.8457613	-0.016448936
188.672	0.0014810013	-5.8458134	-0.015870519
188.8	0.0014830879	-5.8458345	-0.015862245
188.928	0.0014709603	-5.8459616	-0.016586443
189.056	0.001490665	-5.845822	-0.016416029
189.184	0.0014728327	-5.8459325	-0.016974682
189.312	0.0014761724	-5.8458262	-0.016819951
189.44	0.0014838989	-5.8458353	-0.015823511
189.568	0.0014717864	-5.845796	-0.016274524
189.696	0.0014998648	-5.8459313	-0.016631942
189.824	0.0015011635	-5.8459836	-0.016688917
189.952	0.0014746486	-5.8459474	-0.016082231
190.08	0.0014926932	-5.8460669	-0.016039499
190.208	0.0014803951	-5.8458811	-0.016325248
190.336	0.0015310702	-5.8459766	-0.016119804
190.464	0.0014981841	-5.8456729	-0.016191206
190.592	0.0015107935	-5.8458566	-0.016744054
190.72	0.0015024161	-5.8459033	-0.017026114
190.848	0.0014894279	-5.845904	-0.016983969
190.976	0.0015234689	-5.8458121	-0.016486819
191.104	0.0015115476	-5.8457493	-0.016807236
191.232	0.0014975808	-5.8456802	-0.017207083
191.36	0.0015289465	-5.8458615	-0.015761454
191.488	0.0015094207	-5.8459461	-0.015893519
191.616	0.0015196135	-5.8459912	-0.016182565
191.744	0.0015151927	-5.8457479	-0.01623867
191.872	0.0015207576	-5.84572	-0.016072516
192	0.0015348805	-5.8458408	-0.016182025
192.128	0.0015287941	-5.8458585	-0.017058939
192.256	0.0015051955	-5.8457619	-0.016347714
192.384	0.001560012	-5.845865	-0.017159516
192.512	0.0015269491	-5.8458212	-0.017578475
192.64	0.0014746504	-5.8457403	-0.017184993
192.768	0.0015130578	-5.8458293	-0.017117147
192.896	0.0015444924	-5.8458512	-0.01705496
193.024	0.0015026199	-5.8460052	-0.017416035
193.152	0.0015236882	-5.8458692	-0.018016571
193.28	0.0014974735	-5.8458863	-0.016897265
193.408	0.0014995689	-5.8459036	-0.016538845
193.536	0.0014867602	-5.845971	-0.017263799
193.664	0.0014977909	-5.8459225	-0.016822893
193.792	0.0014904579	-5.8459486	-0.017567486
193.92	0.0014947717	-5.8459349	-0.01702385
194.048	0.0014672245	-5.8459265	-0.016393099
194.176	0.0015155209	-5.8458492	-0.016313733
194.304	0.0014988392	-5.8459811	-0.015556468
194.432	0.0014525322	-5.8458551	-0.016191624
194.56	0.0014829359	-5.8457818	-0.016899763
194.688	0.0014732201	-5.8458306	-0.01635172
194.816	0.0014728086	-5.8458042	-0.016070166
194.944	0.0014929219	-5.8457883	-0.01607586
195.072	0.0014643478	-5.8459792	-0.016219496
195.2	0.0014717229	-5.846005	-0.017364825
195.328	0.0014696587	-5.8458251	-0.017391964
195.456	0.0014790072	-5.8459673	-0.017136398
195.584	0.001474754	-5.8458995	-0.016927641
195.712	0.001490586	-5.8458931	-0.016844606
195.84	0.0014690948	-5.8458212	-0.016964912
195.968	0.0014848104	-5.8457255	-0.016628834
196.096	0.0014977125	-5.8458731	-0.017061364
196.224	0.0014876234	-5.8458812	-0.017188175
196.352	0.0014873453	-5.8458333	-0.017257823
196.48	0.0014994431	-5.8458253	-0.017378462
196.608	0.0014797183	-5.8456599	-0.017749549
196.736	0.0015389173	-5.8457637	-0.01679249
196.864	0.0015127655	-5.8458109	-0.015626629
196.992	0.0015056221	-5.8459194	-0.015999408
197.12	0.0015089672	-5.8457503	-0.015979051
197.248	0.0015088648	-5.8457359	-0.01630762
197.376	0.0015231932	-5.8459129	-0.016915571
197.504	0.0015056905	-5.8456776	-0.016892688
197.632	0.0015279999	-5.8459335	-0.016934316
197.76	0.0015352002	-5.8458077	-0.016830839
197.888	0.0015137503	-5.845882	-0.016639724
198.016	0.0015011528	-5.8458495	-0.015893543
198.144	0.0015082181	-5.8457861	-0.01531222
198.272	0.0015452148	-5.8458601	-0.015548939
198.4	0.0015380114	-5.8458304	-0.016349597
198.528	0.0015065461	-5.8459868	-0.016197101
198.656	0.001520012	-5.8460257	-0.016006616
198.784	0.0015074371	-5.8460623	-0.015342503
198.912	0.0015393974	-5.8459487	-0.016288734
199.04	0.0014898525	-5.8458614	-0.017179345
199.168	0.0015161611	-5.8459852	-0.016696781
199.296	0.0015207597	-5.8458828	-0.01714848
199.424	0.0015021427	-5.8458418	-0.016655317
199.552	0.0015045145	-5.8458502	-0.016480154
199.68	0.0015142301	-5.8459358	-0.015871502
199.808	0.001513646	-5.8459881	-0.016191877
199.936	0.0014827989	-5.8459497	-0.016665477
200.064	0.0015017668	-5.8459004	-0.016835419
200.192	0.0014728039	-5.8457006	-0.016674505
200.32	0.0014943194	-5.8458251	-0.016419559
200.448	0.0014704406	-5.8458482	-0.01645965
200.576	0.0014850236	-5.8457185	-0.017834971
200.704	0.0014828374	-5.8458785	-0.017138702
200.832	0.0014893912	-5.8457954	-0.016449145
200.96	0.0014487604	-5.8457573	-0.016467603
201.088	0.0014654359	-5.8456731	-0.016873224
201.216	0.0014876772	-5.8457938	-0.015745538
201.344	0.0014642525	-5.8456405	-0.015903959
201.472	0.0014745029	-5.8456781	-0.016190759
201.6	0.0014685171	-5.8457175	-0.016240682
201.728	0.0014955828	-5.8458729	-0.016938035
201.856	0.0014713001	-5.8458461	-0.016670546
201.984	0.0014815114	-5.8458532	-0.016454818
202.112	0.0014806475	-5.8458718	-0.016577018
202.24	0.0014780047	-5.8460413	-0.016719584
202.368	0.0014798702	-5.8460752	-0.017085105
202.496	0.0014805227	-5.8459262	-0.016776725
202.624	0.0014810702	-5.8458742	-0.016903912
202.752	0.0015082131	-5.8459227	-0.016785866
202.88	0.0015061288	-5.8458167	-0.016738998
203.008	0.0014969575	-5.8457455	-0.016933061
203.136	0.0014931899	-5.8456985	-0.016362263
203.264	0.0015227069	-5.8457124	-0.016567606
203.392	0.0015329061	-5.8457538	-0.017159053
203.52	0.0015043959	-5.8457573	-0.016202926
203.648	0.0015105609	-5.8457354	-0.016287259
203.776	0.0015095715	-5.8458604	-0.016756133
203.904	0.001534073	-5.8460252	-0.017136428
204.032	0.0015216618	-5.8459028	-0.016531809
204.16	0.0015065271	-5.8458993	-0.016633008
204.288	0.0015345655	-5.8457769	-0.01645341
204.416	0.0015173861	-5.8458195	-0.016973519
204.544	0.0015261969	-5.8458327	-0.016259751
204.672	0.0015039161	-5.8457691	-0.015959999
204.8	0.0015387555	-5.8458656	-0.015806026
204.928	0.00151866	-5.845792	-0.016296967
205.056	0.0015315883	-5.8457103	-0.016829531
205.184	0.0015373994	-5.8458408	-0.017007962
205.312	0.0014954848	-5.8458685	-0.016367253
205.44	0.0015161444	-5.8459453	-0.016058308
205.568	0.0015143073	-5.845954	-0.016422471
205.696	0.001512256	-5.8458232	-0.01623819
205.824	0.0014929228	-5.8457266	-0.016052978
205.952	0.0014940524	-5.8457435	-0.016787359
206.08	0.0014988437	-5.8457454	-0.017055783
206.208	0.0015062856	-5.8459359	-0.016578943
206.336	0.0014821875	-5.8458021	-0.016148366
206.464	0.0014944898	-5.8458437	-0.017206105
206.592	0.0014949241	-5.8459196	-0.017090069
206.72	0.001481303	-5.845851	-0.016368036
206.848	0.0014981724	-5.8457801	-0.017309447
206.976	0.0014675792	-5.8458752	-0.016914379
207.104	0.0014751147	-5.8458217	-0.016802268
207.232	0.0014711014	-5.8458534	-0.016512157
207.36	0.0014521559	-5.8458133	-0.016449382
207.488	0.0015003515	-5.8459089	-0.017260183
207.616	0.0014786699	-5.8458646	-0.016762977
207.744	0.0014642545	-5.8458922	-0.016109068
207.872	0.0014788556	-5.8459151	-0.016498539
208	0.0014635298	-5.8458931	-0.016310425
208.128	0.001463926	-5.8459138	-0.016529688
208.256	0.0014870656	-5.8458121	-0.017192654
208.384	0.0014923497	-5.8459198	-0.016528244
208.512	0.001486018	-5.8459085	-0.01661676
208.64	0.0014844115	-5.8457712	-0.01717353
208.768	0.0014854637	-5.845799	-0.017116217
208.896	0.001474125	-5.8460373	-0.017303009
209.024	0.0015019888	-5.845998	-0.016793677
209.152	0.0014935376	-5.8459921	-0.01645718
209.28	0.001505259	-5.8459971	-0.01633921
209.408	0.001489488	-5.8459326	-0.016401901
209.536	0.0015141739	-5.8459175	-0.016970723
209.664	0.0014941189	-5.8456907	-0.016932044
209.792	0.0015264214	-5.8457213	-0.017000966
209.92	0.0015218733	-5.8457065	-0.016603635
210.048	0.0015309897	-5.8458036	-0.016420813
210.176	0.0015223367	-5.8457119	-0.017299875
210.304	0.0015111811	-5.845809	-0.017762032
210.432	0.0015253063	-5.845946	-0.017346467
210.56	0.001516431	-5.8460656	-0.016101674
210.688	0.0015337588	-5.8459517	-0.015941062
210.816	0.001529132	-5.8460352	-0.01679252
210.944	0.0015275129	-5.8458715	-0.016515557
211.072	0.0015427514	-5.8457955	-0.016396681
211.2	0.0014959694	-5.8457051	-0.017224861
211.328	0.001520842	-5.8455891	-0.016596056
211.456	0.001495346	-5.8457491	-0.015265045
211.584	0.0015387537	-5.8457736	-0.016563567
211.712	0.0014871605	-5.8458529	-0.016443203
211.84	0.0015214815	-5.8458047	-0.015895073
211.968	0.0015101727	-5.8457998	-0.015626519
212.096	0.001521446	-5.8457994	-0.01660486
212.224	0.0014933984	-5.8458532	-0.016521829
212.352	0.0014780296	-5.8459149	-0.015923467
212.48	0.0014898696	-5.8460686	-0.016370067
212.608	0.0015042402	-5.8459363	-0.016384052
212.736	0.0014995008	-5.8459709	-0.016471938
212.864	0.0014799713	-5.8459626	-0.01661087
212.992	0.001491204	-5.8459702	-0.017157761
213.12	0.001470726	-5.845955	-0.017323785
213.248	0.0014669602	-5.8459511	-0.016606406
213.376	0.0014890285	-5.8459118	-0.016839945
213.504	0.0014863281	-5.8459496	-0.016851274
213.632	0.0014643481	-5.8458791	-0.016968845
213.76	0.0014765885	-5.8457953	-0.017016818
213.888	0.0014801926	-5.8457811	-0.016772858
214.016	0.0014814159	-5.8457358	-0.017007365
214.144	0.0014532782	-5.8458557	-0.017025885
214.272	0.0014812766	-5.8459187	-0.017170771
214.4	0.0014919912	-5.8458754	-0.016921188
214.528	0.00146869	-5.845858	-0.016971161
214.656	0.0014781183	-5.8458025	-0.016499971
214.784	0.0014727227	-5.8456944	-0.01613944
214.912	0.0015050995	-5.845642	-0.016893528
215.04	0.0014478274	-5.8457415	-0.016353451
215.168	0.0014623454	-5.8457024	-0.016885203
215.296	0.0015330065	-5.8456255	-0.016953518
215.424	0.0015070912	-5.8457452	-0.016594179
215.552	0.0015098326	-5.8458612	-0.01652786
215.68	0.0015117548	-5.8457582	-0.016269296
215.808	0.0015209627	-5.8460208	-0.016836049
215.936	0.0014994327	-5.8458859	-0.016908283
216.064	0.0015025328	-5.8458129	-0.016559585
216.192	0.0015241225	-5.8458005	-0.016884112
216.32	0.0015233606	-5.8458686	-0.016094777
216.448	0.0015014517	-5.8458421	-0.01647522
216.576	0.0015185628	-5.8458275	-0.016943265
216.704	0.0015278949	-5.8458244	-0.016524271
216.832	0.0015161908	-5.8457499	-0.016342869
216.96	0.0015447745	-5.8458327	-0.016109814
217.088	0.0015168457	-5.8459582	-0.01591766
217.216	0.0015321971	-5.8458903	-0.016537228
217.344	0.0015315983	-5.8458633	-0.016547953
217.472	0.0015269286	-5.8459358	-0.015270648
217.6	0.0015205635	-5.8458494	-0.016461465
217.728	0.0014898461	-5.8457349	-0.016912111
217.856	0.0015243578	-5.8457789	-0.016457154
217.984	0.0015379366	-5.8458073	-0.017057544
218.112	0.0015125217	-5.8458768	-0.017199214
218.24	0.0015160789	-5.8458872	-0.016256107
218.368	0.001498618	-5.8459931	-0.015555242
218.496	0.0015262379	-5.8458604	-0.016565309
218.624	0.0014911303	-5.8457212	-0.016296073
218.752	0.0015139237	-5.8459144	-0.016660181
218.88	0.001483401	-5.8459194	-0.017058515
219.008	0.0014900151	-5.8458586	-0.017159701
219.136	0.0014827745	-5.8459418	-0.016496932
219.264	0.0014920825	-5.845948	-0.016433273
219.392	0.0014933397	-5.8460944	-0.016580634
219.52	0.0014869194	-5.8460513	-0.015987508
219.648	0.0014708428	-5.8459747	-0.016898679
219.776	0.0014901023	-5.8458768	-0.016910658
219.904	0.0014576004	-5.8459684	-0.015948854
220.032	0.0014518375	-5.8457461	-0.016800586
220.16	0.0014854857	-5.8458318	-0.017388256
220.288	0.0014656263	-5.8458679	-0.016137276
220.416	0.0014817921	-5.8458228	-0.015863474
220.544	0.001456116	-5.8459072	-0.016898587
220.672	0.0014524398	-5.8459567	-0.016973332
220.8	0.0014679922	-5.8459686	-0.016617754
220.928	0.0014742872	-5.8458121	-0.016578211
221.056	0.0014798108	-5.8458494	-0.016695269
221.184	0.0015080513	-5.845974	-0.017038994
221.312	0.0014834966	-5.8458734	-0.017011258
221.44	0.001462612	-5.8456598	-0.016831542
221.568	0.0015010337	-5.8457884	-0.016940573
221.696	0.0014855407	-5.8458301	-0.016047926
221.824	0.0015028947	-5.8458765	-0.015899921
221.952	0.0015167144	-5.8458357	-0.01671396
222.08	0.0015095421	-5.8457839	-0.016493794
222.208	0.001516806	-5.845677	-0.016275481
222.336	0.0015068211	-5.8457532	-0.016843018
222.464	0.0015082216	-5.8458644	-0.016893264
222.592	0.0015319952	-5.8458588	-0.016896629
222.72	0.0015406997	-5.845746	-0.017051319
222.848	0.0015208482	-5.8457358	-0.016814746
222.976	0.0015043816	-5.8457111	-0.016453489
223.104	0.001539052	-5.8458175	-0.016655941
223.232	0.0015123323	-5.845808	-0.016657523
223.36	0.0015588011	-5.8458959	-0.016923584
223.488	0.0015190309	-5.8458104	-0.017096926
223.616	0.0015392837	-5.8458087	-0.015975215
223.744	0.0015344785	-5.8457736	-0.016446565
223.872	0.0015169097	-5.8457128	-0.016990279
224	0.0015224564	-5.8458994	-0.016989299
224.128	0.0014867645	-5.8458967	-0.016910666
224.256	0.0015256033	-5.8459964	-0.016925717
224.384	0.0015224229	-5.8459614	-0.016754688
224.512	0.0015231039	-5.8459079	-0.016183045
224.64	0.0014995331	-5.8456869	-0.016390883
224.768	0.0015178012	-5.84582	-0.01681921
224.896	0.001505278	-5.8458389	-0.016293699
225.024	0.001469449	-5.8458531	-0.016431555
225.152	0.0015127366	-5.8458902	-0.016778987
225.28	0.0014747856	-5.8458552	-0.016349216
225.408	0.001500338	-5.8460367	-0.016364068
225.536	0.0014765223	-5.8458246	-0.016768715
225.664	0.0014738122	-5.8459073	-0.01733729
225.792	0.0014827219	-5.8459264	-0.016554126
225.92	0.0014781228	-5.8459036	-0.016510267
226.048	0.0014762374	-5.8458688	-0.017098513
226.176	0.0014632328	-5.8458873	-0.017066716
226.304	0.0014534117	-5.8458101	-0.016387891
226.432	0.0014830782	-5.8459896	-0.016223894
226.56	0.0014918731	-5.8460126	-0.016818109
226.688	0.0014463798	-5.845925	-0.016434949
226.816	0.0014904009	-5.8458464	-0.016948204
226.944	0.0014476252	-5.8458338	-0.016279362
227.072	0.001479759	-5.8460065	-0.01630212
227.2	0.001474085	-5.8458801	-0.016164558
227.328	0.0014814124	-5.8458124	-0.015800895
227.456	0.0014656118	-5.8458186	-0.016720136
227.584	0.001478636	-5.8459783	-0.016515338
227.712	0.0014908409	-5.8459597	-0.015885244
227.84	0.001496156	-5.8459201	-0.017070829
227.968	0.0014876326	-5.8457639	-0.017037894
228.096	0.0015250488	-5.8456953	-0.016441305
228.224	0.001509309	-5.8457415	-0.016539617
228.352	0.0015053737	-5.8458415	-0.017207806
228.48	0.0014853124	-5.8458093	-0.016972836
228.608	0.0015211193	-5.8458238	-0.016546391
228.736	0.0015627181	-5.8458304	-0.017097919
228.864	0.0015218778	-5.8457464	-0.017183439
228.992	0.0015264398	-5.8458061	-0.016596222
229.12	0.0015072427	-5.8459453	-0.016091034
229.248	0.0015321887	-5.845869	-0.01628634
229.376	0.0015150388	-5.8460214	-0.01600254
229.504	0.0015473793	-5.8458797	-0.016556021
229.632	0.0015291399	-5.8459254	-0.016469026
229.76	0.0015278367	-5.8460216	-0.016806625
229.888	0.001530513	-5.8459272	-0.017108363
230.016	0.0015321452	-5.845963	-0.016700499
230.144	0.0015385882	-5.8460375	-0.01704584
230.272	0.0015287731	-5.8457993	-0.016791636
230.4	0.0015274357	-5.845896	-0.016268204
230.528	0.0015365372	-5.8458364	-0.016456338
230.656	0.0015170436	-5.8458143	-0.016765379
230.784	0.001510133	-5.8457683	-0.015815338
230.912	0.0014965283	-5.8457812	-0.016940297
231.04	0.0014965856	-5.8458075	-0.017975193
231.168	0.001521212	-5.8459187	-0.016850654
231.296	0.0015033078	-5.8459181	-0.017053757
231.424	0.0014921796	-5.8459102	-0.016941384
231.552	0.0015079863	-5.8459057	-0.016324884
231.68	0.0014890389	-5.8459271	-0.016596014
231.808	0.0014762715	-5.8458565	-0.016618555
231.936	0.0014531984	-5.8460401	-0.016161414
232.064	0.0014979849	-5.845956	-0.016028831
232.192	0.0014823437	-5.8459273	-0.016652837
232.32	0.0014354505	-5.8458107	-0.016004514
232.448	0.0014745597	-5.845988	-0.016422987
232.576	0.001479429	-5.8460418	-0.016969162
232.704	0.0014712817	-5.8458493	-0.016403187
232.832	0.0014683859	-5.8460237	-0.01658327
232.96	0.0014724022	-5.8459204	-0.0164244
233.088	0.0014465608	-5.8458002	-0.01718799
233.216	0.0014785836	-5.8460202	-0.017332206
233.344	0.0014819795	-5.8459315	-0.01639849
233.472	0.0014846445	-5.8458599	-0.015824633
233.6	0.0014641514	-5.8457459	-0.016534049
233.728	0.0014622331	-5.8458077	-0.017097373
233.856	0.0015121658	-5.8460366	-0.017024332
233.984	0.0014694674	-5.8459637	-0.016858461
234.112	0.0015005381	-5.8459173	-0.015822101
234.24	0.0015161981	-5.8459855	-0.016167079
234.368	0.0014926645	-5.8457865	-0.016856965
234.496	0.0014923434	-5.8458572	-0.016601323
234.624	0.001504125	-5.8456191	-0.016318106
234.752	0.0015042904	-5.8456207	-0.016084347
234.88	0.0015081845	-5.8458168	-0.016143157
235.008	0.0015082572	-5.8459444	-0.016931354
235.136	0.0015348713	-5.8459268	-0.016665596
235.264	0.0015289186	-5.8457379	-0.016207475
235.392	0.0015263633	-5.8457069	-0.016518208
235.52	0.0015254274	-5.8457621	-0.016349978
235.648	0.0015297426	-5.8459122	-0.016370141
235.776	0.0015254728	-5.8459152	-0.016886211
235.904	0.0015439331	-5.8457138	-0.016604388
236.032	0.0015390951	-5.8457738	-0.016855654
236.16	0.00155527	-5.8457908	-0.017162352
236.288	0.0015420167	-5.8460961	-0.016935903
236.416	0.0015264317	-5.8459445	-0.016830545
236.544	0.0015236094	-5.8459089	-0.016083198
236.672	0.0015015991	-5.8459246	-0.015986181
236.8	0.0015116055	-5.845917	-0.016521669
236.928	0.0015270907	-5.845832	-0.016199937
237.056	0.0015224759	-5.8458347	-0.016513995
237.184	0.0015111556	-5.8457149	-0.016617955
237.312	0.0014852417	-5.8458833	-0.017107151
237.44	0.0015299492	-5.8458663	-0.017070738
237.568	0.0014871571	-5.8459158	-0.016868355
237.696	0.0014978275	-5.8459629	-0.016611889
237.824	0.0014791868	-5.8459247	-0.016353511
237.952	0.0014601836	-5.8458904	-0.016342582
238.08	0.0014952897	-5.845928	-0.016859997
238.208	0.0014998234	-5.8459716	-0.016662908
238.336	0.0014533234	-5.8459126	-0.016874143
238.464	0.0014771434	-5.8458949	-0.017436532
238.592	0.0014548052	-5.8457189	-0.01650722
238.72	0.0014718249	-5.8459902	-0.017479621
238.848	0.0014772724	-5.84597	-0.017365967
238.976	0.0014671415	-5.8458452	-0.016083173
239.104	0.0014712579	-5.8459291	-0.016192205
239.232	0.0014686743	-5.8458936	-0.017228475
239.36	0.0014757008	-5.8457831	-0.016930062
239.488	0.0014611043	-5.8458081	-0.016923299
239.616	0.0014725453	-5.8459604	-0.017162225
239.744	0.0014691136	-5.8458691	-0.016272113
239.872	0.0014711178	-5.8458801	-0.016321716
240	0.001459802	-5.8457377	-0.016811235
240.128	0.0014766539	-5.8457527	-0.016420482
240.256	0.0015188891	-5.8458573	-0.016653239
240.384	0.0014712836	-5.8457417	-0.016378298
240.512	0.0014917733	-5.8457773	-0.016886599
240.64	0.0015035482	-5.8458364	-0.016592731
240.768	0.0014921986	-5.8459419	-0.016476495
240.896	0.0014837935	-5.8457575	-0.015851002
241.024	0.0015094864	-5.8459328	-0.016663773
241.152	0.0015169681	-5.845876	-0.016700436
241.28	0.0015108298	-5.8459689	-0.016045175
241.408	0.0015376366	-5.8459652	-0.016516797
241.536	0.0015074936	-5.8458031	-0.016704456
241.664	0.001542684	-5.845842	-0.016227847
241.792	0.0015042091	-5.8457667	-0.016137791
241.92	0.0015575378	-5.8458817	-0.017197013
242.048	0.0015341426	-5.8458284	-0.016441284
242.176	0.0015224793	-5.8456809	-0.016361979
242.304	0.0015507035	-5.8458161	-0.016570076
242.432	0.0015303363	-5.8458064	-0.016680814
242.56	0.0015339153	-5.8459242	-0.016554197
242.688	0.0015177749	-5.8458651	-0.01657813
242.816	0.0015097295	-5.8460057	-0.016394675
242.944	0.0015219554	-5.8459904	-0.016350675
243.072	0.0015408115	-5.8457685	-0.017189693
243.2	0.0015031384	-5.8459329	-0.017595341
243.328	0.0015282676	-5.8460021	-0.017083677
243.456	0.001509879	-5.8459034	-0.016581294
243.584	0.0014949145	-5.84592	-0.016347385
243.712	0.0014942461	-5.8457973	-0.016747149
243.84	0.0015026904	-5.845814	-0.016636379
243.968	0.0014747248	-5.8459153	-0.016276309
244.096	0.0015078926	-5.8458263	-0.01660502
244.224	0.001486354	-5.8457148	-0.016201845
244.352	0.0015106494	-5.8458393	-0.016027835
244.48	0.0014631307	-5.8457988	-0.01652624
244.608	0.0015064017	-5.8459274	-0.017142097
244.736	0.0014710659	-5.8459723	-0.017315253
244.864	0.0014831112	-5.8459151	-0.016419908
244.992	0.0014593407	-5.8458957	-0.016597494
245.12	0.0014517328	-5.8459888	-0.017040003
245.248	0.0014978221	-5.8460506	-0.01629556
245.376	0.0014462226	-5.8462188	-0.017001515
245.504	0.0014584913	-5.8460869	-0.016815058
245.632	0.0014647673	-5.8459663	-0.016215002
245.76	0.0014693921	-5.84588	-0.016631285
245.888	0.0014878676	-5.8458252	-0.016660553
246.016	0.0014810961	-5.8458328	-0.016635112
246.144	0.0014607004	-5.8458447	-0.016767267
246.272	0.0014914694	-5.8458602	-0.01671288
246.4	0.0014575148	-5.8458104	-0.016368599
246.528	0.0014827397	-5.8458233	-0.016296125
246.656	0.0014911562	-5.8457162	-0.016539499
246.784	0.001486574	-5.8458751	-0.016267246
246.912	0.0015104562	-5.8458203	-0.016594457
247.04	0.0015109766	-5.8456772	-0.016702738
247.168	0.0014942964	-5.8457496	-0.016154643
247.296	0.0015115755	-5.8458143	-0.016437444
247.424	0.0015192649	-5.8458045	-0.016720045
247.552	0.0015036922	-5.8459719	-0.016611404
247.68	0.0015332429	-5.84605	-0.016564328
247.808	0.0015311671	-5.8459857	-0.016407107
247.936	0.0015489402	-5.845756	-0.016258685
248.064	0.0015127868	-5.8456689	-0.016826551
248.192	0.0015291334	-5.8457839	-0.016653652
248.32	0.0015464959	-5.8458221	-0.016446367
248.448	0.0015188701	-5.8458494	-0.016756082
248.576	0.0015104108	-5.8460271	-0.016103184
248.704	0.0015464545	-5.8459943	-0.016266401
248.832	0.0015248877	-5.8459469	-0.016231913
248.96	0.0015409608	-5.8459149	-0.017192601
249.088	0.0015332293	-5.8459675	-0.01803025
249.216	0.0015218294	-5.8457659	-0.016625184
249.344	0.0015230525	-5.8459171	-0.015876777
249.472	0.0014898608	-5.8457789	-0.017068059
249.6	0.0015137	-5.8457678	-0.017023273
249.728	0.001520744	-5.8458755	-0.016203694
249.856	0.0015083231	-5.8459177	-0.016272088
249.984	0.0015186438	-5.8459871	-0.016975392
250.112	0.0015059354	-5.8460432	-0.017303994
250.24	0.0014987703	-5.8460817	-0.017573545
250.368	0.0014927113	-5.8459863	-0.017028805
250.496	0.0014778739	-5.8459751	-0.016392112
250.624	0.0014761177	-5.8458134	-0.016046375
250.752	0.0015108517	-5.8458411	-0.017106185
250.88	0.0014973578	-5.8457926	-0.016705976
251.008	0.0014824272	-5.8457793	-0.016848184
251.136	0.0014358323	-5.8456638	-0.016703005
251.264	0.0014629142	-5.8457089	-0.016063237
251.392	0.0014737477	-5.8457272	-0.016485844
251.52	0.0014689436	-5.8460547	-0.017201249
251.648	0.0014599389	-5.8459956	-0.01731076
251.776	0.001472249	-5.8458776	-0.017156297
251.904	0.0014492082	-5.8459325	-0.017133952
252.032	0.0014610747	-5.8456396	-0.017629585
252.16	0.0014797378	-5.8459385	-0.017008954
252.288	0.0014620584	-5.8459302	-0.016666802
252.416	0.001494213	-5.8460544	-0.016462416
252.544	0.0014607028	-5.8458288	-0.016332215
252.672	0.0014879237	-5.8458724	-0.016928784
252.8	0.0015023804	-5.8458049	-0.016796781
252.928	0.0014938981	-5.8457885	-0.016148479
253.056	0.001477977	-5.8458387	-0.016204513
253.184	0.0014827328	-5.8458996	-0.016191228
253.312	0.0015068719	-5.84591	-0.015761151
253.44	0.0015075242	-5.8459297	-0.01626325
253.568	0.001514868	-5.8460123	-0.016224896
253.696	0.0015113521	-5.845866	-0.016358554
253.824	0.0015265004	-5.8458365	-0.016828662
253.952	0.0015333588	-5.8460458	-0.017176913
254.08	0.00152949	-5.8459288	-0.016331978
254.208	0.0015279637	-5.8459218	-0.015595806
254.336	0.0015086282	-5.8457911	-0.016383386
254.464	0.0015735144	-5.8456661	-0.016273309
254.592	0.0015076039	-5.845756	-0.015874459
254.72	0.0015358179	-5.8457734	-0.016388253
254.848	0.0015455439	-5.845797	-0.016189307
254.976	0.0015134123	-5.8458356	-0.016870054
255.104	0.00154201	-5.845838	-0.017359727
255.232	0.0015235924	-5.8460039	-0.017045295
255.36	0.0015231452	-5.8459563	-0.016198514
255.488	0.001501411	-5.8458557	-0.017022325
255.616	0.0015504843	-5.8458449	-0.016442219
255.744	0.0015192779	-5.8458762	-0.015903184
255.872	0.0015206331	-5.8459546	-0.016266816
256	0.0015012889	-5.8457943	-0.01637781
256.128	0.0015240569	-5.8459463	-0.016840047
256.256	0.0015099352	-5.8459364	-0.016340102
256.384	0.0014979183	-5.8459613	-0.016350611
256.512	0.0014979819	-5.8459468	-0.016114672
256.64	0.0015015876	-5.8458337	-0.017060472
256.768	0.0014745967	-5.8457081	-0.017661076
256.896	0.0015088861	-5.8458757	-0.017178749
257.024	0.0014679219	-5.8458424	-0.016777939
257.152	0.0014568788	-5.8460521	-0.016683507
257.28	0.0014566359	-5.8459924	-0.016538926
257.408	0.0014715054	-5.8461094	-0.01694972
257.536	0.001467693	-5.8458392	-0.016709566
257.664	0.0014700006	-5.8459649	-0.016800155
257.792	0.0014664607	-5.8458281	-0.016438606
257.92	0.0014517959	-5.8458933	-0.016447552
258.048	0.0014775925	-5.8458631	-0.016448377
258.176	0.0014747529	-5.846036	-0.015821738
258.304	0.0014773494	-5.8460367	-0.01609265
258.432	0.001470387	-5.8459523	-0.016245217
258.56	0.0014504354	-5.8458677	-0.01737819
258.688	0.0014821159	-5.8459452	-0.017726167
258.816	0.0014715736	-5.8458403	-0.016901318
258.944	0.0014749809	-5.8458414	-0.016814023
259.072	0.0014819611	-5.8458081	-0.01804126
259.2	0.0014906103	-5.8458178	-0.017305946
259.328	0.0015000219	-5.8458369	-0.016312945
259.456	0.0014970652	-5.845811	-0.01637701
259.584	0.0015214194	-5.8458454	-0.016572468
259.712	0.0015062954	-5.8457804	-0.016383104
259.84	0.0015112957	-5.8457822	-0.01653857
259.968	0.0015076114	-5.8457849	-0.016396943
260.096	0.0014821667	-5.8458171	-0.016351143
260.224	0.0015175361	-5.8457334	-0.017166943
260.352	0.0015309594	-5.8458053	-0.016712813
260.48	0.0015260321	-5.8458598	-0.015563217
260.608	0.0015285806	-5.8458203	-0.016567021
260.736	0.0015273124	-5.8460475	-0.01686886
260.864	0.001550967	-5.8457657	-0.016270295
260.992	0.0015246132	-5.8458074	-0.016214688
261.12	0.0015348416	-5.8458219	-0.016723766
261.248	0.0015512861	-5.8458021	-0.016596455
261.376	0.0015142377	-5.8458327	-0.016087038
261.504	0.0015304497	-5.8457918	-0.016087313
261.632	0.0015347853	-5.8457075	-0.016281437
261.76	0.00152432	-5.8458327	-0.0170753
261.888	0.0015253339	-5.8459375	-0.016327358
262.016	0.0015073699	-5.8457917	-0.015939385
262.144	0.0015222342	-5.8458931	-0.017429427
262.272	0.0014895045	-5.8458217	-0.017313909
262.4	0.0015263927	-5.8460433	-0.016606806
262.528	0.0015103028	-5.8459424	-0.016848411
262.656	0.0015077141	-5.8459668	-0.017482046
262.784	0.0015145273	-5.8459681	-0.016156806
262.912	0.0014726154	-5.8458278	-0.015356495
263.04	0.0014810226	-5.8459885	-0.016284277
263.168	0.0014832618	-5.8459287	-0.016572343
263.296	0.0014760775	-5.8457565	-0.017472785
263.424	0.0014861713	-5.8457918	-0.016589291
263.552	0.0014567621	-5.8458148	-0.016043455
263.68	0.0014862449	-5.845807	-0.017034065
263.808	0.0014420869	-5.8456643	-0.016438853
263.936	0.0014548894	-5.8459168	-0.016989693
264.064	0.0014731414	-5.8459085	-0.0174699
264.192	0.0014959741	-5.8459645	-0.016991027
264.32	0.0014730043	-5.8458439	-0.01669953
264.448	0.0014632474	-5.8459119	-0.016632616
264.576	0.0014696082	-5.845823	-0.017272568
264.704	0.0014637448	-5.8459397	-0.017167103
264.832	0.0014873104	-5.8458754	-0.01634767
264.96	0.0014832735	-5.8458244	-0.016453797
265.088	0.0014664468	-5.8457644	-0.016823067
265.216	0.0014776768	-5.8457827	-0.016856953
265.344	0.0015000712	-5.8457745	-0.016658739
265.472	0.00149642	-5.8457911	-0.016460081
265.6	0.0014849393	-5.8457577	-0.016673958
265.728	0.0014822365	-5.8457748	-0.016591791
265.856	0.0014726386	-5.8457287	-0.016443163
265.984	0.001526209	-5.8457501	-0.016501529
266.112	0.0014906361	-5.8458362	-0.016517374
266.24	0.0015250778	-5.8459365	-0.016515375
266.368	0.0015074177	-5.8458879	-0.015464069
266.496	0.0015430741	-5.8458236	-0.015964322
266.624	0.00151769	-5.8456574	-0.016506993
266.752	0.0015377427	-5.8458952	-0.016481779
266.88	0.0015314124	-5.8458237	-0.016713167
267.008	0.0015195861	-5.8458269	-0.016804803
267.136	0.0015113797	-5.8457418	-0.016521581
267.264	0.001541864	-5.8457986	-0.016118169
267.392	0.0015171997	-5.8458759	-0.015804216
267.52	0.0015408419	-5.8459788	-0.016558823
267.648	0.001524159	-5.8458754	-0.016970269
267.776	0.0015267571	-5.8458903	-0.017154468
267.904	0.0015386695	-5.8460318	-0.016519114
268.032	0.0015154743	-5.8460183	-0.016579192
268.16	0.0015117342	-5.8460158	-0.016318045
268.288	0.0015349018	-5.8459246	-0.016729567
268.416	0.0015082977	-5.8459381	-0.017179018
268.544	0.0015201564	-5.845823	-0.016816911
268.672	0.0014863732	-5.8459093	-0.017179517
268.8	0.0014984745	-5.8459343	-0.017077011
268.928	0.0015081384	-5.8459246	-0.016899059
269.056	0.0014836875	-5.8458671	-0.016419029
269.184	0.0014917574	-5.8459303	-0.016055595
269.312	0.0015044423	-5.8458116	-0.016343185
269.44	0.0014781946	-5.8458909	-0.016862206
269.568	0.0014637318	-5.8458463	-0.016360342
269.696	0.0014704237	-5.8457288	-0.016632313
269.824	0.0014743842	-5.8458032	-0.016701004
269.952	0.0014916114	-5.8458203	-0.016832323
270.08	0.0014633058	-5.8458007	-0.017090419
270.208	0.0014575476	-5.8458863	-0.016525593
270.336	0.0014673488	-5.8458606	-0.016401091
270.464	0.0014584396	-5.845913	-0.017103525
270.592	0.0014934707	-5.8458221	-0.017278255
270.72	0.0014518322	-5.8457843	-0.016807613
270.848	0.0014817173	-5.8459468	-0.016598819
270.976	0.001462693	-5.8457943	-0.016755536
271.104	0.0014523849	-5.8457658	-0.01628136
271.232	0.001497774	-5.8459223	-0.016359048
271.36	0.0014801477	-5.8458944	-0.017004777
271.488	0.0014870459	-5.8458625	-0.016087206
271.616	0.0014789667	-5.8460011	-0.015124589
271.744	0.0014901134	-5.8460746	-0.01607092
271.872	0.0014902606	-5.845876	-0.016489372
272	0.0015057485	-5.84606	-0.0170745
272.128	0.001495698	-5.8459164	-0.016285575
272.256	0.0014937124	-5.8457525	-0.015614982
272.384	0.0015028298	-5.8457159	-0.016270791
272.512	0.0015067136	-5.8456836	-0.016115949
272.64	0.0015239247	-5.8458092	-0.015695503
272.768	0.0015273815	-5.8457866	-0.016664572
272.896	0.0015215534	-5.8458579	-0.016737912
273.024	0.0015308828	-5.8458012	-0.016490105
273.152	0.0015074215	-5.8459127	-0.016748991
273.28	0.0015366078	-5.8458543	-0.016400517
273.408	0.0015522509	-5.8457183	-0.016631692
273.536	0.0015289303	-5.8457911	-0.017202458
273.664	0.0015232541	-5.8458687	-0.016704731
273.792	0.0015463003	-5.8458038	-0.016530393
273.92	0.0015148177	-5.8457601	-0.017013633
274.048	0.0015203274	-5.8458099	-0.016519716
274.176	0.0015407122	-5.8458385	-0.0162854
274.304	0.0015269924	-5.8458853	-0.016790017
274.432	0.0015171284	-5.8457466	-0.017356203
274.56	0.0015024262	-5.8457666	-0.01679925
274.688	0.0015010186	-5.8457117	-0.016524357
274.816	0.0015145959	-5.8458257	-0.016715312
274.944	0.0015275377	-5.8458698	-0.016943276
275.072	0.001513069	-5.8457752	-0.016860474
275.2	0.0014815053	-5.8459473	-0.017249831
275.328	0.0015068162	-5.8458366	-0.017252785
275.456	0.0015069729	-5.8457192	-0.016688943
275.584	0.0014646828	-5.8459501	-0.016267811
275.712	0.0014887427	-5.8459864	-0.016633582
275.84	0.0014886438	-5.8458166	-0.016684402
275.968	0.0014884762	-5.8458462	-0.016955346
276.096	0.0014666754	-5.8458352	-0.016901477
276.224	0.0014878827	-5.8458895	-0.016571242
276.352	0.0014464066	-5.845806	-0.016396007
276.48	0.0014714538	-5.8458854	-0.016956065
276.608	0.0014593621	-5.8460801	-0.016898101
276.736	0.0014553866	-5.8458675	-0.01655211
276.864	0.0014753409	-5.8457986	-0.016750354
276.992	0.0014909033	-5.8456734	-0.01693232
277.12	0.0014788237	-5.8458084	-0.016780482
277.248	0.0014535197	-5.8458411	-0.016221364
277.376	0.0014640641	-5.846062	-0.016458297
277.504	0.0014796192	-5.8460587	-0.016324978
277.632	0.0014822238	-5.8458649	-0.016361693
277.76	0.001482816	-5.8458309	-0.016928225
277.888	0.0014916449	-5.8458931	-0.016016573
278.016	0.0014958137	-5.8459315	-0.016107035
278.144	0.0014922535	-5.8460458	-0.017072171
278.272	0.0014758575	-5.8457841	-0.016308652
278.4	0.0015067266	-5.8457926	-0.016130602
278.528	0.0015087201	-5.845805	-0.017033208
278.656	0.0015005085	-5.8457469	-0.016639326
278.784	0.0015040765	-5.8458916	-0.01660373
278.912	0.0015266132	-5.8459113	-0.016614976
279.04	0.0015278954	-5.8459057	-0.016155359
279.168	0.0015136134	-5.8458991	-0.016771713
279.296	0.0015328195	-5.8457917	-0.01734681
279.424	0.0015091349	-5.845912	-0.016928202
279.552	0.0015448926	-5.8458505	-0.016628577
279.68	0.0015336988	-5.8459153	-0.016379163
279.808	0.0015530588	-5.8460025	-0.01699634
279.936	0.0015403429	-5.8458031	-0.016846049
280.064	0.0015320403	-5.8458371	-0.016335965
280.192	0.0015221702	-5.8459406	-0.016435128
280.32	0.0015254761	-5.8456953	-0.01659356
280.448	0.0015271244	-5.8457281	-0.016408731
280.576	0.0015391726	-5.8457168	-0.016509956
280.704	0.0015060415	-5.8458941	-0.016441651
280.832	0.0015119254	-5.8458227	-0.015859857
280.96	0.0015099622	-5.845944	-0.016442029
281.088	0.0015050684	-5.8458487	-0.016446043
281.216	0.0015135476	-5.8458273	-0.016745741
281.344	0.001489087	-5.8458617	-0.016173591
281.472	0.0014943688	-5.8459029	-0.016282835
281.6	0.001499257	-5.8459717	-0.016883085
281.728	0.0014938256	-5.8458951	-0.016761319
281.856	0.0015081974	-5.8459731	-0.017060321
281.984	0.0014840723	-5.8458313	-0.016704446
282.112	0.0014749022	-5.8458714	-0.016511558
282.24	0.0014816327	-5.8460336	-0.017039882
282.368	0.0014825932	-5.8458216	-0.016036283
282.496	0.0014582255	-5.8458303	-0.016234509
282.624	0.0014555424	-5.8459248	-0.016795732
282.752	0.001489928	-5.8460737	-0.016670086
282.88	0.0014717502	-5.8458577	-0.01647467
283.008	0.0014594303	-5.8458699	-0.016633398
283.136	0.0014768439	-5.8457015	-0.016442056
283.264	0.0014681548	-5.8457342	-0.015847295
283.392	0.0014734038	-5.8458868	-0.016058468
283.52	0.0014769187	-5.8458832	-0.016107048
283.648	0.0014739622	-5.8457141	-0.016628325
283.776	0.0014638302	-5.8457602	-0.017065332
283.904	0.0014562066	-5.8459428	-0.016790934
284.032	0.001490585	-5.8459103	-0.017316113
284.16	0.0014738976	-5.845975	-0.01717093
284.288	0.001483445	-5.8458048	-0.015932981
284.416	0.0015098645	-5.8458325	-0.015814991
284.544	0.0014958268	-5.8460058	-0.016596054
284.672	0.0014671377	-5.8456901	-0.016927222
284.8	0.0015060789	-5.845832	-0.017041823
284.928	0.0015235362	-5.8458783	-0.016429458
285.056	0.0015251236	-5.8458302	-0.016935381
285.184	0.0015254438	-5.8459163	-0.016777562
285.312	0.0015277958	-5.845726	-0.017606265
285.44	0.0015153203	-5.8457962	-0.017499457
285.568	0.0015206815	-5.8457824	-0.016246807
285.696	0.0015195154	-5.8459021	-0.016117972
285.824	0.0015134857	-5.8458316	-0.016001752
285.952	0.0015371258	-5.8458705	-0.016773154
286.08	0.0015232456	-5.8459477	-0.016914385
286.208	0.001510906	-5.8457808	-0.016360184
286.336	0.0015377321	-5.8459328	-0.017234954
286.464	0.001547178	-5.8458498	-0.017170506
286.592	0.0015412629	-5.8458689	-0.016813942
286.72	0.0015334684	-5.8459107	-0.016130716
286.848	0.0015153725	-5.8458222	-0.016690541
286.976	0.0015291431	-5.8457896	-0.016677798
287.104	0.0015450254	-5.8457462	-0.01552867
287.232	0.0015202427	-5.8457141	-0.016649296
287.36	0.0015092607	-5.8458406	-0.016490827
287.488	0.0014960115	-5.8457373	-0.015987112
287.616	0.0015018191	-5.8458064	-0.016166875
287.744	0.0015279334	-5.8459052	-0.016640392
287.872	0.0015006277	-5.8457652	-0.01719885
288	0.0014718214	-5.8459028	-0.01611921
288.128	0.0015057996	-5.8460797	-0.016589866
288.256	0.0014765345	-5.8457887	-0.016882472
288.384	0.0014719724	-5.8457357	-0.016957014
288.512	0.0014902204	-5.8458629	-0.016854251
288.64	0.0014728825	-5.845889	-0.01649114
288.768	0.0014744827	-5.845826	-0.017016
288.896	0.0014685979	-5.8457963	-0.017323954
289.024	0.001460585	-5.8458055	-0.017221745
289.152	0.0014730804	-5.8458948	-0.017135138
289.28	0.0014383371	-5.845829	-0.017440521
289.408	0.0014852432	-5.8457784	-0.01730833
289.536	0.0014742801	-5.8459111	-0.016421918
289.664	0.0014756103	-5.845962	-0.015720415
289.792	0.0014768631	-5.8458306	-0.01595327
289.92	0.0014689224	-5.845936	-0.015966441
290.048	0.0014744317	-5.8459144	-0.017055576
290.176	0.0014807198	-5.8457578	-0.016964315
290.304	0.0014770922	-5.8458183	-0.016579323
290.432	0.001489377	-5.8458613	-0.01743456
290.56	0.001476739	-5.8457626	-0.01689972
290.688	0.001488046	-5.8459338	-0.016165854
290.816	0.0015033674	-5.8458762	-0.015687915
290.944	0.001502585	-5.8458583	-0.015950843
291.072	0.0015032117	-5.8458047	-0.016390827
291.2	0.0015112411	-5.8458515	-0.015929034
291.328	0.0014836692	-5.8458954	-0.016660452
291.456	0.0015239226	-5.8460165	-0.016871953
291.584	0.0015144101	-5.8458649	-0.015437656
291.712	0.0015230446	-5.8458298	-0.016122504
291.84	0.00153139	-5.8459672	-0.01688176
291.968	0.0015002545	-5.8460195	-0.017249347
292.096	0.0015479662	-5.8459464	-0.016432238
292.224	0.0015210772	-5.8457996	-0.016615948
292.352	0.0015372286	-5.845767	-0.016810985
292.48	0.001520848	-5.8458239	-0.016463331
292.608	0.0015164434	-5.8455542	-0.016434211
292.736	0.0015290902	-5.8456512	-0.016912562
292.864	0.0015330845	-5.8457639	-0.016741003
292.992	0.0015127414	-5.845774	-0.017037621
293.12	0.0015416504	-5.8457223	-0.017025624
293.248	0.0015227089	-5.8458289	-0.016065539
293.376	0.0015411309	-5.8456901	-0.016164232
293.504	0.0015089815	-5.8457067	-0.016209064
293.632	0.0015205755	-5.8457996	-0.01596436
293.76	0.0015206698	-5.8459051	-0.016828565
293.888	0.0014813994	-5.84593	-0.017586322
294.016	0.0014897401	-5.8457837	-0.016672677
294.144	0.0015068657	-5.8457341	-0.016397289
294.272	0.0014963659	-5.8458709	-0.016561056
294.4	0.001500605	-5.8457664	-0.015939526
294.528	0.0014725947	-5.8459271	-0.016317169
294.656	0.0014838377	-5.8458896	-0.016499178
294.784	0.0014961515	-5.8460295	-0.017011191
294.912	0.0014414301	-5.8457528	-0.016673771
295.04	0.0014879338	-5.8458552	-0.016786006
295.168	0.0014631989	-5.8458534	-0.01695151
295.296	0.0014626569	-5.8459959	-0.017414823
295.424	0.0014657325	-5.8460341	-0.017006477
295.552	0.0014762983	-5.8460276	-0.016486202
295.68	0.001472941	-5.8459131	-0.017283717
295.808	0.0014556852	-5.8457513	-0.016756085
295.936	0.0014668313	-5.8458726	-0.017484397
296.064	0.0014705036	-5.8458181	-0.016793221
296.192	0.0014726356	-5.8458033	-0.016475464
296.32	0.0014700804	-5.8457741	-0.016490492
296.448	0.0014722252	-5.8457718	-0.015695282
296.576	0.0014707125	-5.8457649	-0.016024205
296.704	0.0014693506	-5.8458551	-0.016247406
296.832	0.0014851202	-5.8458548	-0.016412109
296.96	0.0014823386	-5.8457984	-0.016630715
297.088	0.0015115458	-5.8459041	-0.016492304
297.216	0.001505556	-5.845998	-0.016528271
297.344	0.0014825764	-5.8459726	-0.01640384
297.472	0.0015151279	-5.8459373	-0.016233055
297.6	0.0014900587	-5.8457655	-0.01645919
297.728	0.0014903706	-5.8458051	-0.017223754
297.856	0.0015086835	-5.8457602	-0.016617065
297.984	0.0015215655	-5.8457567	-0.016061003
298.112	0.0015315787	-5.845788	-0.01694999
298.24	0.001524325	-5.8457751	-0.017036835
298.368	0.0015342858	-5.8458409	-0.016145653
298.496	0.0015163615	-5.8459728	-0.016085367
298.624	0.0015230066	-5.8458096	-0.016851327
298.752	0.0015283493	-5.8456787	-0.016582285
298.88	0.0015350134	-5.8457917	-0.016625245
299.008	0.001538947	-5.8458054	-0.016370882
299.136	0.0015145854	-5.8458895	-0.01618377
299.264	0.0015215892	-5.845755	-0.016680343
299.392	0.0015527623	-5.8459712	-0.017363245
299.52	0.0015129621	-5.8457828	-0.017466173
299.648	0.001528754	-5.8458831	-0.01692509
299.776	0.0014954464	-5.8458884	-0.016526377
299.904	0.001528008	-5.8457834	-0.016733704
300.032	0.0015136048	-5.8458833	-0.01640688
300.16	0.0014967872	-5.8459904	-0.016559243
300.288	0.0014987021	-5.8458976	-0.016057419
300.416	0.0015101093	-5.8460145	-0.016589145
300.544	0.0014730339	-5.8459156	-0.016688898
300.672	0.0014904961	-5.8459453	-0.016278173
300.8	0.0015074847	-5.8459415	-0.015984779
300.928	0.0014833799	-5.845859	-0.016575391
301.056	0.0014833919	-5.8460234	-0.017338292
301.184	0.001483532	-5.8458109	-0.017164385
301.312	0.0014597293	-5.8458342	-0.016792626
301.44	0.0014958208	-5.8460746	-0.017175
301.568	0.0014856402	-5.8460494	-0.017349148
301.696	0.0014628133	-5.8458296	-0.016959716
301.824	0.0014660293	-5.8458209	-0.016536045
301.952	0.0014755688	-5.8458548	-0.01671716
302.08	0.0014708058	-5.8459108	-0.01658229
302.208	0.0014518339	-5.8458399	-0.017556364
302.336	0.0014847351	-5.8458523	-0.016499663
302.464	0.0014775637	-5.8457169	-0.016068375
302.592	0.0014829304	-5.8457093	-0.017311277
302.72	0.0014746395	-5.8456967	-0.01676952
302.848	0.0014479673	-5.8457348	-0.016559049
302.976	0.0014937117	-5.845765	-0.016904605
303.104	0.0014917102	-5.8457052	-0.016989612
303.232	0.0014709764	-5.845766	-0.016194002
303.36	0.0014832649	-5.8457986	-0.016778728
303.488	0.0014986969	-5.8459457	-0.016584788
303.616	0.0015215996	-5.8458302	-0.015851641
303.744	0.0014780544	-5.8457465	-0.01687599
303.872	0.0015098688	-5.845966	-0.017586985
304	0.0015087508	-5.8459297	-0.016199141
304.128	0.0015155516	-5.8459063	-0.015867488
304.256	0.0015152283	-5.845839	-0.016538691
304.384	0.001516877	-5.8459414	-0.01697333
304.512	0.0015554671	-5.8458812	-0.01688442
304.64	0.0015213131	-5.8457961	-0.015871916
304.768	0.0015076758	-5.8457	-0.016084644
304.896	0.001525824	-5.8457527	-0.016874328
305.024	0.0015327736	-5.845893	-0.015773143
305.152	0.0015509116	-5.8457805	-0.015858017
305.28	0.001515882	-5.8459555	-0.016505687
305.408	0.0015341116	-5.8457706	-0.01692404
305.536	0.001510931	-5.8456571	-0.016721548
305.664	0.001537259	-5.8458032	-0.016007424
305.792	0.0015133059	-5.8457509	-0.015689868
305.92	0.0015325351	-5.8457424	-0.015892384
306.048	0.001529826	-5.8458105	-0.015734268
306.176	0.0015098626	-5.845876	-0.017014507
306.304	0.001512649	-5.8459274	-0.016486907
306.432	0.0015219763	-5.846009	-0.016456251
306.56	0.0014872605	-5.8459119	-0.017233084
306.688	0.0014964039	-5.8457238	-0.016997384
306.816	0.0014907851	-5.8458465	-0.016368871
306.944	0.0015133217	-5.8459134	-0.017258354
307.072	0.0015129281	-5.8458505	-0.017231841
307.2	0.0014740266	-5.8458329	-0.016748711
307.328	0.0014669056	-5.8458235	-0.017085579
307.456	0.0014977486	-5.8457723	-0.016911169
307.584	0.0014661075	-5.8457651	-0.015923235
307.712	0.0014775787	-5.845772	-0.015833062
307.84	0.0014726462	-5.8458735	-0.01588599
307.968	0.0014696549	-5.8458738	-0.015489146
308.096	0.0014642862	-5.8456939	-0.016495199
308.224	0.001463739	-5.8459366	-0.017566277
308.352	0.0014884837	-5.845994	-0.016911792
308.48	0.0014531579	-5.8458232	-0.016404136
308.608	0.0014844352	-5.8458527	-0.016535958
308.736	0.00148429	-5.8458361	-0.016595892
308.864	0.0014670805	-5.8458669	-0.016638985
308.992	0.0014762945	-5.8457976	-0.016483803
309.12	0.0014773349	-5.845882	-0.01654879
309.248	0.0014688155	-5.8458398	-0.017086049
309.376	0.0014802663	-5.8459237	-0.017626568
309.504	0.0014600582	-5.8460081	-0.017278954
309.632	0.0015326879	-5.8460403	-0.017247314
309.76	0.0014926159	-5.8460158	-0.016672853
309.888	0.0015175135	-5.8459584	-0.01703634
310.016	0.0014987489	-5.8458438	-0.017515243
310.144	0.001464121	-5.8458068	-0.016542806
310.272	0.0015238128	-5.8459054	-0.015527401
310.4	0.0015175167	-5.8458127	-0.016242979
310.528	0.0015286023	-5.8459378	-0.016886937
310.656	0.0015344776	-5.8459329	-0.016905846
310.784	0.0015157534	-5.8458625	-0.016895349
310.912	0.0015104606	-5.8458482	-0.017093909
311.04	0.001532823	-5.8459413	-0.016897892
311.168	0.0015110756	-5.8457679	-0.016728315
311.296	0.0015346881	-5.8457333	-0.016688255
311.424	0.0015171589	-5.8457469	-0.016065576
311.552	0.0015181672	-5.845808	-0.016497772
311.68	0.0015734935	-5.8459011	-0.017037538
311.808	0.0015047794	-5.8456484	-0.016808172
311.936	0.0015500168	-5.8458778	-0.017335571
312.064	0.001527472	-5.8457569	-0.016455983
312.192	0.0015295243	-5.8458751	-0.016391578
312.32	0.0015216821	-5.8458682	-0.016888031
312.448	0.0015120949	-5.8460043	-0.017840269
312.576	0.0015342229	-5.8458519	-0.017467454
312.704	0.0014878573	-5.8457622	-0.016072007
312.832	0.0015271962	-5.8458835	-0.01582134
312.96	0.0015036994	-5.8458213	-0.015987072
313.088	0.0014873819	-5.8456687	-0.015832174
313.216	0.001507458	-5.8458081	-0.016565939
313.344	0.0014879291	-5.8457453	-0.0163595
313.472	0.0014546257	-5.8458032	-0.016257343
313.6	0.0015004678	-5.8457348	-0.016826592
313.728	0.0014859972	-5.8458663	-0.016614886
313.856	0.0014649752	-5.8460232	-0.016401913
313.984	0.0014653604	-5.8458425	-0.016300671
314.112	0.0014919444	-5.8459015	-0.017172233
314.24	0.0014804247	-5.8458476	-0.016989183
314.368	0.0014349893	-5.8457355	-0.016334218
314.496	0.0014867874	-5.8459701	-0.016455654
314.624	0.0014706732	-5.8459731	-0.01636292
314.752	0.0014715364	-5.8460339	-0.017207138
314.88	0.0014714959	-5.8460231	-0.016663876
315.008	0.001460447	-5.8460705	-0.016484634
315.136	0.0014703642	-5.8462678	-0.016619382
315.264	0.0014675564	-5.8459955	-0.016316157
315.392	0.0014670448	-5.8458827	-0.016166474
315.52	0.0014838881	-5.8457912	-0.016438236
315.648	0.0014972253	-5.8458493	-0.017227199
315.776	0.0014917908	-5.8458095	-0.016726664
315.904	0.0014925622	-5.8458451	-0.01674534
316.032	0.0014756628	-5.845821	-0.017382203
316.16	0.0015163158	-5.8458866	-0.016708941
316.288	0.0014817095	-5.8457282	-0.016462885
316.416	0.0015031593	-5.8458346	-0.016459307
316.544	0.0015078175	-5.8459989	-0.016371329
316.672	0.0015124055	-5.8459494	-0.016490937
316.8	0.0014936397	-5.8459237	-0.015867307
316.928	0.0015340402	-5.8459109	-0.016496318
317.056	0.0015285029	-5.845946	-0.017187042
317.184	0.0015283494	-5.8458895	-0.016862889
317.312	0.0015204084	-5.8458867	-0.016900649
317.44	0.0015325531	-5.8459701	-0.01674656
317.568	0.0015326883	-5.8458751	-0.016448568
317.696	0.0015253751	-5.8458341	-0.01698477
317.824	0.0015343698	-5.8458478	-0.016872793
317.952	0.001524393	-5.8457271	-0.01632283
318.08	0.0015278764	-5.8457833	-0.016486994
318.208	0.0015274376	-5.8458829	-0.016249068
318.336	0.0015214244	-5.8459173	-0.016202718
318.464	0.0015216383	-5.8456891	-0.016473547
318.592	0.001522306	-5.8456251	-0.016487994
318.72	0.0015365664	-5.8457988	-0.016656772
318.848	0.0014984651	-5.8457864	-0.016687133
318.976	0.0014872106	-5.8457684	-0.016366269
319.104	0.0014878321	-5.8458553	-0.016453812
319.232	0.0015306285	-5.8460077	-0.017085614
319.36	0.0015052289	-5.8458274	-0.017205726
319.488	0.00150279	-5.8458795	-0.016979669
319.616	0.0014810096	-5.8458468	-0.016119647
319.744	0.0014995663	-5.8458867	-0.016908781
319.872	0.0014703724	-5.8458228	-0.016432149
320	0.0014884863	-5.8458989	-0.015761089
320.128	0.0014689675	-5.8456996	-0.016189156
320.256	0.0014837512	-5.8457942	-0.015964903
320.384	0.0014617454	-5.8459258	-0.015662411
320.512	0.0014734922	-5.8458157	-0.016802625
320.64	0.0014655539	-5.8459686	-0.016986093
320.768	0.0014731804	-5.845992	-0.017405689
320.896	0.0014850482	-5.8461075	-0.016528928
321.024	0.0014464787	-5.8459952	-0.016184024
321.152	0.0014640947	-5.8459424	-0.016774543
321.28	0.0014760811	-5.8458362	-0.01644948
321.408	0.0014808257	-5.8458614	-0.017061257
321.536	0.0014604334	-5.845977	-0.017041895
321.664	0.0014875052	-5.8457946	-0.016739632
321.792	0.0014715987	-5.8458059	-0.016214557
321.92	0.0014724222	-5.8457121	-0.017440436
322.048	0.0014855773	-5.84583	-0.017384801
322.176	0.0014775088	-5.8458751	-0.016975531
322.304	0.001502335	-5.8460175	-0.016815712
322.432	0.0014912062	-5.8459752	-0.016075818
322.56	0.0015156401	-5.8458937	-0.016241514
322.688	0.0014995736	-5.8457906	-0.015845054
322.816	0.0015281445	-5.8457511	-0.016146638
322.944	0.001503577	-5.8457475	-0.016522075
323.072	0.0015144057	-5.8458444	-0.016550405
323.2	0.0015016444	-5.8457739	-0.016761902
323.328	0.0015438273	-5.845945	-0.01670873
323.456	0.0015104875	-5.8460041	-0.016419291
323.584	0.0015198371	-5.8459764	-0.015901765
323.712	0.0015475078	-5.8460749	-0.01622458
323.84	0.0015183321	-5.8459085	-0.016498487
323.968	0.0015147684	-5.8458057	-0.017345515
324.096	0.0015431251	-5.8458797	-0.017209545
324.224	0.0015147952	-5.8457494	-0.016001814
324.352	0.0015210396	-5.8457427	-0.015749628
324.48	0.0015549508	-5.8457368	-0.017139561
324.608	0.0015217374	-5.8457583	-0.017368301
324.736	0.0015147723	-5.8457277	-0.017040221
324.864	0.0015088042	-5.8456199	-0.017047704
324.992	0.0015029679	-5.8456893	-0.017211024
325.12	0.0015413635	-5.8457708	-0.017227052
325.248	0.0015141297	-5.8458807	-0.016973425
325.376	0.0014960974	-5.8457584	-0.016586369
325.504	0.001520654	-5.8460183	-0.017008012
325.632	0.0014953405	-5.8458242	-0.016320568
325.76	0.001489143	-5.8458542	-0.016209848
325.888	0.0014964892	-5.8458367	-0.017092458
326.016	0.0014908014	-5.8460294	-0.016536412
326.144	0.0014908925	-5.8460507	-0.016486168
326.272	0.0014929226	-5.8458317	-0.016337066
326.4	0.0014735979	-5.8458885	-0.016547357
326.528	0.0014893292	-5.845998	-0.016567399
326.656	0.0014804011	-5.8460033	-0.016957907
326.784	0.0014736031	-5.8460053	-0.016895485
326.912	0.0014875381	-5.8461064	-0.016243047
327.04	0.0014410026	-5.8458067	-0.016707034
327.168	0.0014636315	-5.8457561	-0.016979733
327.296	0.0014821193	-5.8456772	-0.016525162
327.424	0.0014690548	-5.8457754	-0.016500581
327.552	0.00144901	-5.8457816	-0.016600327
327.68	0.0014765801	-5.8458993	-0.016461309
327.808	0.0014800991	-5.8459085	-0.016185795
327.936	0.0014699983	-5.8459128	-0.015982725
328.064	0.0014857846	-5.8458675	-0.016316196
328.192	0.0014740774	-5.8458688	-0.016143778
328.32	0.0014998978	-5.8460185	-0.01658335
328.448	0.0014836198	-5.8459956	-0.016892826
328.576	0.0014829744	-5.8459644	-0.016999152
328.704	0.0015071179	-5.8459947	-0.016441407
328.832	0.0014674874	-5.8458777	-0.016310193
328.96	0.0015254966	-5.8459605	-0.017331005
329.088	0.0014588965	-5.8459049	-0.016156271
329.216	0.0015275621	-5.8459609	-0.017073695
329.344	0.001522077	-5.8459294	-0.017265041
329.472	0.0014839504	-5.8456847	-0.016333753
329.6	0.0015310446	-5.8457439	-0.016252541
329.728	0.0015063248	-5.8457183	-0.016155442
329.856	0.0015250655	-5.8458435	-0.016604269
329.984	0.0015553023	-5.8458693	-0.016445242
330.112	0.0014799223	-5.8458141	-0.016589953
330.24	0.0015467956	-5.8458133	-0.016901222
330.368	0.001554575	-5.845778	-0.016784857
330.496	0.0015172471	-5.8457967	-0.016738725
330.624	0.001535348	-5.8458157	-0.01692831
330.752	0.0015259625	-5.8459201	-0.016137922
330.88	0.0015172624	-5.8456123	-0.015853544
331.008	0.0015085265	-5.8457004	-0.016351961
331.136	0.00154305	-5.8457441	-0.016866898
331.264	0.0015192032	-5.845898	-0.017181135
331.392	0.0015068501	-5.8460269	-0.017468427
331.52	0.0015066034	-5.8460474	-0.016725292
331.648	0.0014989076	-5.845898	-0.015800048
331.776	0.0015187353	-5.8460087	-0.016537099
331.904	0.0015007572	-5.8458499	-0.016999503
332.032	0.001488169	-5.8457755	-0.016758748
332.16	0.0014933431	-5.8459555	-0.016896763
332.288	0.0015157906	-5.845976	-0.016639893
332.416	0.0014915892	-5.8458709	-0.016555122
332.544	0.0014851557	-5.8458344	-0.016386067
332.672	0.0014879621	-5.845951	-0.016408497
332.8	0.0014991182	-5.8459826	-0.016820074
332.928	0.0014634845	-5.8458553	-0.016315598
333.056	0.0014526518	-5.8459051	-0.0159472
333.184	0.0014588639	-5.8459659	-0.015717005
333.312	0.0014761183	-5.8458366	-0.015064747
333.44	0.0014501649	-5.8459101	-0.016556993
333.568	0.0014866118	-5.8460681	-0.017300807
333.696	0.0014837149	-5.8459859	-0.017024781
333.824	0.0014500794	-5.846012	-0.016893027
333.952	0.001469013	-5.8458661	-0.016548648
334.08	0.0014924061	-5.8459561	-0.016148369
334.208	0.0014641585	-5.845901	-0.016558309
334.336	0.0014452367	-5.8458866	-0.016689865
334.464	0.0014878467	-5.845979	-0.01628609
334.592	0.0014900102	-5.8459142	-0.01680091
334.72	0.0014972666	-5.8459798	-0.016525296
334.848	0.0014974367	-5.8459868	-0.017420414
334.976	0.0014862279	-5.8458611	-0.017113921
335.104	0.0014864081	-5.8458952	-0.016135976
335.232	0.0014999832	-5.845789	-0.016156089
335.36	0.0015006054	-5.8458793	-0.016936408
335.488	0.0014920535	-5.8457605	-0.017041288
335.616	0.0015125677	-5.8458012	-0.016692368
335.744	0.0015027493	-5.8458632	-0.016162915
335.872	0.0015446691	-5.845875	-0.01721055
336	0.0015213284	-5.8458317	-0.017304542
336.128	0.0015039808	-5.8457301	-0.016062986
336.256	0.0015376366	-5.8458197	-0.016908496
336.384	0.0015365065	-5.8458941	-0.017132747
336.512	0.0015192429	-5.8458605	-0.017605221
336.64	0.0015303884	-5.845805	-0.017624984
336.768	0.0015569149	-5.8457522	-0.016278855
336.896	0.0015059805	-5.8457115	-0.016055264
337.024	0.0015375723	-5.8457912	-0.017131309
337.152	0.0015082528	-5.8457878	-0.016114251
337.28	0.0015357259	-5.8458885	-0.016147971
337.408	0.0015163575	-5.8458132	-0.017243149
337.536	0.0015233813	-5.8459044	-0.01742966
337.664	0.0015020799	-5.8458381	-0.017428458
337.792	0.0015244146	-5.8458668	-0.017063956
337.92	0.0015152237	-5.845874	-0.016732392
338.048	0.0015100646	-5.845881	-0.016415573
338.176	0.0015220655	-5.8457613	-0.015725681
338.304	0.0014922933	-5.8458328	-0.015480596
338.432	0.0014696875	-5.8459763	-0.015804877
338.56	0.0014966079	-5.8458899	-0.016506971
338.688	0.0014900135	-5.845821	-0.016383616
338.816	0.0014889197	-5.8458876	-0.016250729
338.944	0.0014989509	-5.845737	-0.016719971
339.072	0.001479813	-5.8457197	-0.016699746
339.2	0.0014697069	-5.8457897	-0.017005961
339.328	0.0014665988	-5.8458938	-0.01778162
339.456	0.0014755127	-5.8458136	-0.017233695
339.584	0.0014754508	-5.8458725	-0.016528778
339.712	0.0014857051	-5.8457828	-0.015560644
339.84	0.0014681446	-5.8458133	-0.015925497
339.968	0.0014613818	-5.8460582	-0.016546434
340.096	0.0014740013	-5.8460284	-0.016962863
340.224	0.0014345457	-5.8459081	-0.016912132
340.352	0.0014875023	-5.8459021	-0.016085187
340.48	0.0014838633	-5.8459597	-0.015901196
340.608	0.0014552016	-5.8460147	-0.015981012
340.736	0.0015081796	-5.8460156	-0.017199492
340.864	0.0014657038	-5.8459952	-0.017618252
340.992	0.0014896952	-5.8459753	-0.017388331
341.12	0.0014813834	-5.8459087	-0.016802265
341.248	0.0014956556	-5.8458036	-0.016654661
341.376	0.0014909979	-5.8456747	-0.016271521
341.504	0.0014979295	-5.8457991	-0.016111856
341.632	0.001514462	-5.845891	-0.016454166
341.76	0.001506732	-5.8458381	-0.01681256
341.888	0.0015163809	-5.8458727	-0.016324551
342.016	0.001503931	-5.845881	-0.016055462
342.144	0.0015056389	-5.8457734	-0.016080244
342.272	0.0015476753	-5.845874	-0.016009839
342.4	0.0015202348	-5.845934	-0.016971382
342.528	0.0015165542	-5.8458745	-0.01710069
342.656	0.0015252672	-5.8458932	-0.016917492
342.784	0.0015485104	-5.845969	-0.016880876
342.912	0.0015146059	-5.845975	-0.016658192
343.04	0.0015590275	-5.8459439	-0.016149167
343.168	0.0015411935	-5.8457728	-0.016312804
343.296	0.0015166471	-5.845824	-0.01629164
343.424	0.0015259907	-5.8457984	-0.016332221
343.552	0.0015234168	-5.8457804	-0.016272463
343.68	0.0015446856	-5.8457777	-0.016221614
343.808	0.00153399	-5.8458698	-0.016974487
343.936	0.0015039658	-5.8458318	-0.017288906
344.064	0.0015309457	-5.8458791	-0.016949134
344.192	0.0015130762	-5.8459242	-0.017363964
344.32	0.0015267979	-5.8458383	-0.016811659
344.448	0.0015002027	-5.8457177	-0.015555568
344.576	0.0014946345	-5.8458506	-0.016431329
344.704	0.0015042704	-5.8457241	-0.016570888
344.832	0.0014945096	-5.8459319	-0.016148828
344.96	0.0014934573	-5.846111	-0.01647639
345.088	0.0014942335	-5.8459613	-0.016716985
345.216	0.0014938775	-5.8458518	-0.017036289
345.344	0.0014745333	-5.8460439	-0.016472551
345.472	0.0014773258	-5.8458714	-0.016692603
345.6	0.0014668615	-5.8455825	-0.016904784
345.728	0.001479687	-5.8457343	-0.016643113
345.856	0.001465969	-5.8458821	-0.016308916
345.984	0.0014666052	-5.8457876	-0.016588475
346.112	0.0014689377	-5.8458612	-0.016721743
346.24	0.0014693477	-5.8458945	-0.017116197
346.368	0.0014641835	-5.8460793	-0.017475345
346.496	0.0014647846	-5.8459897	-0.016503842
346.624	0.0014843233	-5.845797	-0.016218838
346.752	0.0014698333	-5.8458485	-0.016217529
346.88	0.0014921697	-5.8459827	-0.01679614
347.008	0.0014710937	-5.84598	-0.017466452
347.136	0.0014721006	-5.8459289	-0.017063232
347.264	0.0014714008	-5.8459217	-0.016586108
347.392	0.0014942964	-5.84597	-0.016533711
347.52	0.0014888611	-5.8457616	-0.01666085
347.648	0.0014931793	-5.8458372	-0.016689563
347.776	0.0014958078	-5.8458739	-0.016753517
347.904	0.0014979342	-5.8457149	-0.016304575
348.032	0.0015060827	-5.8458921	-0.016124537
348.16	0.0015216042	-5.8458069	-0.016842011
348.288	0.0014935842	-5.8459112	-0.017124527
348.416	0.001536523	-5.8458214	-0.016494706
348.544	0.0015225685	-5.8458616	-0.016319854
348.672	0.001506542	-5.8458818	-0.016554476
348.8	0.0015166334	-5.8458773	-0.016334933
348.928	0.0015352996	-5.8459984	-0.01728541
349.056	0.0015036723	-5.8458003	-0.017154239
349.184	0.0015374286	-5.845831	-0.016748731
349.312	0.0015195055	-5.8459553	-0.016791033
349.44	0.001544318	-5.8458349	-0.016735001
349.568	0.0015499376	-5.8456872	-0.016760006
349.696	0.0015561535	-5.8457418	-0.016528808
349.824	0.0015265804	-5.8459016	-0.016236997
349.952	0.0015066712	-5.8457091	-0.015796002
350.08	0.0015314229	-5.8456876	-0.016239371
350.208	0.0014935315	-5.8458512	-0.015827549
350.336	0.0015078864	-5.8459834	-0.016412051
350.464	0.0015188155	-5.8459823	-0.016882257
350.592	0.001519454	-5.8460227	-0.017050488
350.72	0.0015000768	-5.8459459	-0.016779259
350.848	0.0015210191	-5.845905	-0.016783071
350.976	0.0014869764	-5.8458093	-0.017095711
351.104	0.0015230651	-5.8459886	-0.016677805
351.232	0.001490911	-5.8458723	-0.016466212
351.36	0.0014773713	-5.8459414	-0.015842895
351.488	0.0014857293	-5.8458877	-0.016490467
351.616	0.0014667308	-5.8459364	-0.01688448
351.744	0.0014910733	-5.8458461	-0.016742592
351.872	0.0014774697	-5.8458847	-0.017304694
352	0.0014633665	-5.8459312	-0.016975775
352.128	0.0014590162	-5.8458608	-0.016886749
352.256	0.0014762463	-5.8458667	-0.016876387
352.384	0.0014755108	-5.8459095	-0.016166636
352.512	0.0014657722	-5.8459239	-0.016657925
352.64	0.001473869	-5.845904	-0.016571932
352.768	0.0014435288	-5.8459005	-0.017088132
352.896	0.0014732795	-5.845956	-0.016679778
353.024	0.0014933261	-5.8458987	-0.016744874
353.152	0.0014461922	-5.8458523	-0.01689506
353.28	0.0014714194	-5.8458398	-0.016555599
353.408	0.001471296	-5.845736	-0.016209334
353.536	0.0014940546	-5.8457286	-0.015824151
353.664	0.001500063	-5.8457551	-0.016497657
353.792	0.001492187	-5.8457772	-0.018218421
353.92	0.0014777858	-5.8458576	-0.017469194
354.048	0.0014923104	-5.8457945	-0.016285736
354.176	0.0015040085	-5.8458634	-0.016496585
354.304	0.0015117187	-5.8460024	-0.017033735
354.432	0.0015126032	-5.8460138	-0.01611882
354.56	0.0015075797	-5.8458615	-0.016284613
354.688	0.001497644	-5.8458952	-0.016443395
354.816	0.001525767	-5.8458092	-0.016193945
354.944	0.001526295	-5.8458636	-0.016304185
355.072	0.0015277846	-5.845901	-0.016362663
355.2	0.0015420868	-5.845864	-0.016303423
355.328	0.001526079	-5.8457234	-0.016235933
355.456	0.0015248211	-5.845706	-0.016616685
355.584	0.001533588	-5.8458021	-0.01670389
355.712	0.0015178886	-5.8457586	-0.01719842
355.84	0.00150902	-5.8457133	-0.016417173
355.968	0.0015342717	-5.845726	-0.016480895
356.096	0.0015281702	-5.8456898	-0.017068128
356.224	0.0015284762	-5.8458703	-0.016593747
356.352	0.0015229427	-5.8459063	-0.016170554
356.48	0.0015161553	-5.8460165	-0.016303549
356.608	0.0015152587	-5.8459192	-0.016714389
356.736	0.0015143577	-5.8456691	-0.016567149
356.864	0.0015276263	-5.8458944	-0.016320351
356.992	0.0015079295	-5.8458082	-0.015921569
357.12	0.0015029473	-5.8457183	-0.016137848
357.248	0.001485092	-5.845797	-0.016853422
357.376	0.0015048454	-5.8458666	-0.017139054
357.504	0.0014865808	-5.8459306	-0.017269064
357.632	0.0015109045	-5.8457999	-0.01704789
357.76	0.0014840371	-5.8457669	-0.016156396
357.888	0.0014810342	-5.8458316	-0.015882186
358.016	0.0014868456	-5.8457838	-0.015758293
358.144	0.0014652178	-5.8458148	-0.016400855
358.272	0.0014899497	-5.8459188	-0.017632923
358.4	0.0014700286	-5.8457868	-0.017907788
358.528	0.0014789185	-5.8459571	-0.016730303
358.656	0.0014425541	-5.8458395	-0.01628025
358.784	0.0014613871	-5.8459061	-0.016170938
358.912	0.0014805752	-5.8458695	-0.016323018
359.04	0.0014641984	-5.8459175	-0.017153748
359.168	0.0014576408	-5.8459557	-0.016957882
359.296	0.0014600829	-5.8459647	-0.01628604
359.424	0.0014852295	-5.8460417	-0.015926599
359.552	0.0014811631	-5.8459864	-0.016594049
359.68	0.0014868033	-5.8459447	-0.016615524
359.808	0.0014836229	-5.845875	-0.016084897
359.936	0.0014701386	-5.845794	-0.016387971
360.064	0.0014844604	-5.8457541	-0.016657
360.192	0.0015095257	-5.8459525	-0.017002465
360.32	0.0014853447	-5.8459575	-0.016629752
360.448	0.0015148003	-5.8459554	-0.017352099
360.576	0.001496171	-5.8458401	-0.017154369
360.704	0.0014969099	-5.8457906	-0.017043279
360.832	0.0015298471	-5.8458803	-0.016594126
360.96	0.0015101421	-5.8458203	-0.016117222
361.088	0.0015142309	-5.8458265	-0.017157076
361.216	0.0015194816	-5.8458996	-0.017028598
361.344	0.001519852	-5.8458056	-0.01712318
361.472	0.0015476853	-5.8457913	-0.016782228
361.6	0.0015194478	-5.8457873	-0.016699582
361.728	0.0015242361	-5.8458171	-0.016574898
361.856	0.0015484093	-5.8457837	-0.016182925
361.984	0.0015416018	-5.8458462	-0.016712656
362.112	0.0015075855	-5.8457198	-0.017528384
362.24	0.0015336762	-5.8457474	-0.017481921
362.368	0.001523179	-5.8458187	-0.017127052
362.496	0.0015135132	-5.8457333	-0.016448152
362.624	0.0015374879	-5.8459986	-0.015910343
362.752	0.0014985906	-5.845979	-0.016248708
362.88	0.0014981305	-5.845873	-0.017003154
363.008	0.0015355481	-5.8458888	-0.016782303
363.136	0.0015032635	-5.8459568	-0.016405708
363.264	0.0015261668	-5.8459173	-0.015835614
363.392	0.0014939574	-5.8457394	-0.015771974
363.52	0.0014859529	-5.8458044	-0.01672206
363.648	0.001515274	-5.8458184	-0.01753662
363.776	0.0015009379	-5.8458773	-0.016730209
363.904	0.0014846173	-5.8458318	-0.016781543
364.032	0.0014799175	-5.845802	-0.017203434
364.16	0.0014685429	-5.845765	-0.016326291
364.288	0.001482463	-5.8458223	-0.015925172
364.416	0.0014854862	-5.8459472	-0.016709853
364.544	0.0014679106	-5.8459625	-0.017379303
364.672	0.0014846555	-5.8459927	-0.016639876
364.8	0.0014831485	-5.8459345	-0.016120574
364.928	0.0014786565	-5.845919	-0.016334143
365.056	0.0014468794	-5.8459124	-0.017040001
365.184	0.0014622293	-5.845868	-0.0165496
365.312	0.0014857056	-5.8459376	-0.016986921
365.44	0.0014732482	-5.8458311	-0.016707462
365.568	0.0014549204	-5.8458758	-0.016824894
365.696	0.0014887942	-5.8459342	-0.0166735
365.824	0.0014577394	-5.8460155	-0.016090156
365.952	0.0014600426	-5.8458734	-0.016302748
366.08	0.0014913518	-5.8459125	-0.01662584
366.208	0.0014564777	-5.8459548	-0.016806409
366.336	0.0015020702	-5.8460025	-0.016712691
366.464	0.001505462	-5.8458356	-0.016187513
366.592	0.0015129492	-5.8458123	-0.015532265
366.72	0.0014680027	-5.8458017	-0.016022402
366.848	0.0015098134	-5.8458354	-0.016781027
366.976	0.0015001733	-5.8458085	-0.016388206
367.104	0.0014936682	-5.8457244	-0.016680422
367.232	0.0015183416	-5.8456759	-0.016858584
367.36	0.0015138583	-5.8458313	-0.017333574
367.488	0.0015212737	-5.845883	-0.016787697
367.616	0.0015146175	-5.8458378	-0.017414773
367.744	0.0015325708	-5.8457758	-0.016377862
367.872	0.0015240614	-5.8457628	-0.01531261
368	0.0015262988	-5.8457938	-0.01658651
368.128	0.0015370827	-5.8457601	-0.016774407
368.256	0.0015424493	-5.845843	-0.016868271
368.384	0.0015231716	-5.8457677	-0.015600987
368.512	0.0015474508	-5.8458905	-0.01590326
368.64	0.0015235427	-5.8458036	-0.017084348
368.768	0.0015147177	-5.8458954	-0.016531008
368.896	0.001543424	-5.8459278	-0.016806473
369.024	0.0015167868	-5.8459294	-0.01647606
369.152	0.0015207639	-5.8458181	-0.016227023
369.28	0.0015268411	-5.8460166	-0.017234883
369.408	0.0014875062	-5.8458307	-0.01669489
369.536	0.0015212546	-5.8459272	-0.016252433
369.664	0.0015111486	-5.8458642	-0.016188604
369.792	0.0015098917	-5.8459361	-0.015569848
369.92	0.0015147691	-5.8459542	-0.016525785
370.048	0.0014801262	-5.8456634	-0.016889815
370.176	0.0014941394	-5.8457974	-0.017072526
370.304	0.0014835947	-5.8459717	-0.016760253
370.432	0.0014456357	-5.8459274	-0.016052692
370.56	0.0014759966	-5.8458337	-0.01626941
370.688	0.0014932942	-5.8457217	-0.015854017
370.816	0.0014663763	-5.8457838	-0.016103061
370.944	0.001493653	-5.845783	-0.016826831
371.072	0.0014857083	-5.8459417	-0.016558671
371.2	0.0014291853	-5.8457582	-0.016474106
371.328	0.0014672995	-5.845775	-0.016604282
371.456	0.0014856654	-5.8459245	-0.017363153
371.584	0.0014689917	-5.8459639	-0.017485799
371.712	0.0014543305	-5.8458134	-0.016530338
371.84	0.0014752616	-5.8459671	-0.016513486
371.968	0.0014670486	-5.8460023	-0.016955104
372.096	0.0014728098	-5.8458135	-0.016043344
372.224	0.0014641103	-5.8458421	-0.016003641
372.352	0.0014800086	-5.8459456	-0.016865542
372.48	0.0014780348	-5.845891	-0.017046708
372.608	0.001488404	-5.8458807	-0.016992276
372.736	0.0014721506	-5.8457736	-0.017020721
372.864	0.0014882569	-5.8459215	-0.016681254
372.992	0.0015030272	-5.8459094	-0.016558858
373.12	0.0014834291	-5.8459141	-0.017657705
373.248	0.0015061966	-5.845719	-0.016847716
373.376	0.0015157787	-5.845869	-0.016654519
373.504	0.0015277972	-5.8458357	-0.016730569
373.632	0.0015051445	-5.8457265	-0.017252797
373.76	0.0015321487	-5.8455418	-0.017292983
373.888	0.0015053353	-5.8456249	-0.017092726
374.016	0.0015506699	-5.8457016	-0.017250882
374.144	0.0015147937	-5.8458472	-0.016474762
374.272	0.0015200991	-5.8457418	-0.016550455
374.4	0.0015342064	-5.8458459	-0.016863078
374.528	0.0015080297	-5.8457851	-0.015386366
374.656	0.0015364479	-5.8458541	-0.016106373
374.784	0.0015411317	-5.8458591	-0.016950206
374.912	0.0015207702	-5.8458078	-0.016065537
375.04	0.0015400545	-5.8458623	-0.016865082
375.168	0.0015172008	-5.8458013	-0.017478326
375.296	0.0015163557	-5.8456981	-0.0163266
375.424	0.0015392959	-5.8459405	-0.016460041
375.552	0.0014956264	-5.8458896	-0.016794552
375.68	0.0015301921	-5.8458845	-0.016398984
375.808	0.0014936961	-5.8459951	-0.016448388
375.936	0.0015274937	-5.8458925	-0.01674576
376.064	0.0014840914	-5.8458154	-0.016253759
376.192	0.0015051519	-5.8459329	-0.01673614
376.32	0.0014973522	-5.8459985	-0.016197907
376.448	0.0014965465	-5.8458804	-0.016021255
376.576	0.0014987159	-5.8461234	-0.016012001
376.704	0.0014812223	-5.8460347	-0.015666998
376.832	0.0014887158	-5.845947	-0.015973199
376.96	0.0014515842	-5.8458468	-0.017142676
377.088	0.0014711453	-5.8458488	-0.017644372
377.216	0.0014748889	-5.845848	-0.016970338
377.344	0.0014798379	-5.8457498	-0.016801562
377.472	0.0014679335	-5.8457781	-0.017355091
377.6	0.0014739396	-5.8457442	-0.01598518
377.728	0.0014740972	-5.8457828	-0.015812514
377.856	0.0014685714	-5.84575	-0.017203393
377.984	0.0014727774	-5.8456608	-0.016887447
378.112	0.0014601022	-5.8457445	-0.016288346
378.24	0.0014764389	-5.845698	-0.016645352
378.368	0.0014521451	-5.8457587	-0.016745505
378.496	0.001481871	-5.8458024	-0.016171964
378.624	0.0014641934	-5.8458397	-0.016076983
378.752	0.00149628	-5.8458702	-0.016782162
378.88	0.0014856766	-5.8457646	-0.016577955
379.008	0.0014764047	-5.8458179	-0.017055187
379.136	0.0014846981	-5.845758	-0.016478715
379.264	0.0015053255	-5.8458353	-0.016738477
379.392	0.0014801608	-5.8458297	-0.017121185
379.52	0.0014901714	-5.8457244	-0.017055499
379.648	0.001524468	-5.8458709	-0.016778471
379.776	0.0015216797	-5.8457948	-0.01598782
379.904	0.0015151271	-5.8458037	-0.016074669
380.032	0.0015161384	-5.8460391	-0.016926677
380.16	0.0015026791	-5.8459627	-0.016175236
380.288	0.0015423427	-5.8459307	-0.016765543
380.416	0.0015246498	-5.8457959	-0.016401495
380.544	0.0015353015	-5.8457276	-0.016124438
380.672	0.0015473714	-5.8458247	-0.016341582
380.8	0.001543867	-5.8457448	-0.016696298
380.928	0.0015115285	-5.8456885	-0.016915719
381.056	0.0015393598	-5.8457583	-0.017318442
381.184	0.001516548	-5.8457882	-0.016784458
381.312	0.0015213415	-5.8460185	-0.016468443
381.44	0.0015330889	-5.8460243	-0.016471424
381.568	0.0014911805	-5.8459078	-0.015954429
381.696	0.0015417785	-5.8460564	-0.016259658
381.824	0.0015316308	-5.8458711	-0.016061446
381.952	0.0015140153	-5.8457999	-0.016011744
382.08	0.0015171321	-5.8458383	-0.016341171
382.208	0.0015184068	-5.8458661	-0.016164651
382.336	0.0015067949	-5.8458351	-0.016724143
382.464	0.0015031621	-5.8458914	-0.017536346
382.592	0.0014957616	-5.845795	-0.016593212
382.72	0.0014826415	-5.8458463	-0.016047273
382.848	0.0014946393	-5.8459876	-0.016943437
382.976	0.0014892295	-5.8458881	-0.016284758
383.104	0.0014751999	-5.8460259	-0.016400276
383.232	0.0014688807	-5.8458729	-0.016023666
383.36	0.0014773505	-5.8457244	-0.01617937
383.488	0.0014839914	-5.845806	-0.017312573
383.616	0.0014673089	-5.8459566	-0.017373856
383.744	0.0014846978	-5.8458938	-0.016581435
383.872	0.0014430912	-5.8459293	-0.016152575
384	0.0014749417	-5.8459298	-0.016587499
384.128	0.0014776257	-5.8458074	-0.017043261
384.256	0.0014504023	-5.84591	-0.016036451
384.384	0.0014677106	-5.8459022	-0.016193638
384.512	0.0014795357	-5.8459391	-0.017126622
384.64	0.0014771262	-5.8459797	-0.017482418
384.768	0.0014793228	-5.8460053	-0.017174328
384.896	0.0014666512	-5.8459083	-0.016613693
385.024	0.0014876708	-5.8460023	-0.01684104
385.152	0.0014861306	-5.8457944	-0.01670272
385.28	0.0014890654	-5.8458136	-0.016446309
385.408	0.0014663319	-5.8456674	-0.016795052
385.536	0.0015034576	-5.8457614	-0.016476622
385.664	0.0014981615	-5.8457659	-0.016542661
385.792	0.0014933003	-5.8457989	-0.01683045
385.92	0.0015223008	-5.8459959	-0.016959964
386.048	0.001512882	-5.8459035	-0.017157483
386.176	0.0015013469	-5.8458141	-0.016762314
386.304	0.001513343	-5.845865	-0.017053777
386.432	0.0015386881	-5.8458832	-0.017179109
386.56	0.0015270272	-5.8457445	-0.016599139
386.688	0.0015085873	-5.845693	-0.017016862
386.816	0.0015446488	-5.8458826	-0.017033147
386.944	0.0015109595	-5.8457569	-0.016356165
387.072	0.001534772	-5.8457687	-0.016892751
387.2	0.0015236411	-5.8458956	-0.0169017
387.328	0.001532125	-5.8458756	-0.016591547
387.456	0.0015653096	-5.8459744	-0.016759131
387.584	0.0015337707	-5.8457777	-0.016261068
387.712	0.0015074116	-5.8458572	-0.016494841
387.84	0.0015312847	-5.8457225	-0.016955976
387.968	0.0015128013	-5.8455694	-0.016562673
388.096	0.0015077167	-5.8455561	-0.015654406
388.224	0.0015471275	-5.845737	-0.016347659
388.352	0.0015210652	-5.8457466	-0.017034433
388.48	0.0015195552	-5.8457346	-0.016614138
388.608	0.0015030362	-5.8458803	-0.016204762
388.736	0.0015051968	-5.8460311	-0.01600648
388.864	0.0014942407	-5.8459454	-0.015837175
388.992	0.0014980537	-5.8459021	-0.015875864
389.12	0.0014804818	-5.8458975	-0.016033876
389.248	0.0014817698	-5.8459113	-0.016386678
389.376	0.001461861	-5.8460338	-0.0164115
389.504	0.0014782751	-5.8460149	-0.017045966
389.632	0.0014967655	-5.8460115	-0.016984495
389.76	0.0014769948	-5.8458718	-0.017166838
389.888	0.0014787944	-5.8457855	-0.016985627
390.016	0.0014600358	-5.8457984	-0.016129159
390.144	0.0014735404	-5.8459031	-0.016656053
390.272	0.0014697057	-5.8459806	-0.016829085
390.4	0.0014492042	-5.845873	-0.017210557
390.528	0.0014720649	-5.8459238	-0.017017854
390.656	0.0014711959	-5.8458708	-0.016615282
390.784	0.0014664114	-5.8459105	-0.017390226
390.912	0.0014583711	-5.8457738	-0.017114495
391.04	0.0014835378	-5.8459248	-0.017145469
391.168	0.0014574647	-5.8460655	-0.016978718
391.296	0.0014759797	-5.8459663	-0.016306801
391.424	0.001470977	-5.8459637	-0.015860741
391.552	0.0014727183	-5.8460369	-0.015692162
391.68	0.001512598	-5.8460913	-0.016699412
391.808	0.0014834018	-5.8460394	-0.01664602
391.936	0.0014892482	-5.8459807	-0.016695859
392.064	0.0015114625	-5.8458545	-0.01685216
392.192	0.0015171968	-5.845982	-0.016875044
392.32	0.0015143748	-5.8459709	-0.01658265
392.448	0.0014932498	-5.8457462	-0.016187776
392.576	0.0015348394	-5.8457798	-0.016575523
392.704	0.0015296063	-5.8458094	-0.01549048
392.832	0.0015080755	-5.8456467	-0.015678779
392.96	0.0015216735	-5.8455985	-0.01661583
393.088	0.0015409329	-5.8456081	-0.016656021
393.216	0.0015369184	-5.8458004	-0.016891361
393.344	0.0015337192	-5.845697	-0.016987311
393.472	0.0015401188	-5.8458136	-0.017108596
393.6	0.0015187085	-5.8457086	-0.016364036
393.728	0.0015300763	-5.8458931	-0.016048362
393.856	0.0015425854	-5.8458009	-0.016053731
393.984	0.001528729	-5.8457765	-0.015516515
394.112	0.00157441	-5.8459427	-0.016104685
394.24	0.0014809751	-5.8457479	-0.016035993
394.368	0.0015280959	-5.8458472	-0.016254688
394.496	0.0015345826	-5.8457999	-0.016490273
394.624	0.0014904655	-5.8457956	-0.016745804
394.752	0.0015278885	-5.8458404	-0.017262682
394.88	0.0015098493	-5.8458678	-0.017178452
395.008	0.0014985808	-5.8457396	-0.017600486
395.136	0.0015089027	-5.8458142	-0.016912127
395.264	0.0014973395	-5.845816	-0.016715889
395.392	0.0015028771	-5.8458625	-0.017564978
395.52	0.0014930059	-5.8458516	-0.016794412
395.648	0.0014723255	-5.8457968	-0.017072006
395.776	0.001494792	-5.8458959	-0.017173859
395.904	0.0014606928	-5.8458168	-0.016369423
396.032	0.0014959253	-5.8458853	-0.016656166
396.16	0.0014539376	-5.8458575	-0.016926664
396.288	0.0014682547	-5.8460386	-0.016620759
396.416	0.0014868972	-5.845944	-0.016697955
396.544	0.0014651024	-5.8458454	-0.016185961
396.672	0.0014516801	-5.8458655	-0.016180816
396.8	0.001473659	-5.8460778	-0.01621465
396.928	0.0014856205	-5.8459117	-0.016292155
397.056	0.0014573952	-5.8457791	-0.016360441
397.184	0.0014729984	-5.8458892	-0.017299385
397.312	0.001475466	-5.8458412	-0.018189925
397.44	0.001482212	-5.8459035	-0.017176641
397.568	0.0014749875	-5.8459186	-0.016672403
397.696	0.0014610702	-5.8459357	-0.016864362
397.824	0.0014816863	-5.8459628	-0.016988895
397.952	0.0014779742	-5.8458905	-0.016745188
398.08	0.0014938965	-5.8459259	-0.01655843
398.208	0.0014778083	-5.845892	-0.016923143
398.336	0.0015144478	-5.84598	-0.017682028
398.464	0.0015014547	-5.8458278	-0.017026825
398.592	0.0015135642	-5.8458405	-0.015828527
398.72	0.001523556	-5.8458374	-0.016494023
398.848	0.0015078963	-5.8457908	-0.017163337
398.976	0.0015292326	-5.8459027	-0.016965011
399.104	0.0015212357	-5.8459721	-0.016650174
399.232	0.0015137171	-5.8459357	-0.015907413
399.36	0.001554327	-5.8459807	-0.016435657
399.488	0.0015295525	-5.8459384	-0.016420583
399.616	0.0015434114	-5.8459916	-0.016371635
399.744	0.0015183231	-5.8457417	-0.016954309
399.872	0.0015429622	-5.8458587	-0.016701983
400	0.0015379127	-5.8457381	-0.016489545
400.128	0.0015556029	-5.8458414	-0.015617617
400.256	0.0015312462	-5.8457179	-0.016183007
400.384	0.0015158396	-5.8457625	-0.017204168
400.512	0.0015194279	-5.8456872	-0.016484891
400.64	0.0015401116	-5.8457088	-0.016322663
400.768	0.0015063096	-5.8456492	-0.016279517
400.896	0.0015193975	-5.8456976	-0.015807063
401.024	0.0014906984	-5.8457045	-0.01576563
401.152	0.0015187369	-5.8456893	-0.016246127
401.28	0.0015269977	-5.8457665	-0.016666781
401.408	0.0014821269	-5.8457633	-0.016463535
401.536	0.0014939223	-5.8459742	-0.016574416
401.664	0.001500351	-5.8460308	-0.016253883
401.792	0.0014665498	-5.8460145	-0.016037024
401.92	0.0014819354	-5.8458841	-0.015836819
402.048	0.0014968834	-5.8458691	-0.017001674
402.176	0.0014788202	-5.8458161	-0.016855156
402.304	0.0014729071	-5.8459651	-0.016952487
402.432	0.0014765669	-5.8460439	-0.017367175
402.56	0.0014583943	-5.8459607	-0.017535784
402.688	0.0014531372	-5.8458986	-0.017284973
402.816	0.0014523334	-5.8458207	-0.017298447
402.944	0.0014690219	-5.84588	-0.01743437
403.072	0.0014697215	-5.8458295	-0.016485105
403.2	0.0014724558	-5.846115	-0.016748705
403.328	0.0014654234	-5.8459105	-0.016547086
403.456	0.0014590492	-5.8459381	-0.01631081
403.584	0.0014646758	-5.8457951	-0.016839294
403.712	0.0014807821	-5.8458102	-0.01622774
403.84	0.0014737162	-5.8459877	-0.016583994
403.968	0.0014749075	-5.8459682	-0.016629108
404.096	0.001509282	-5.8460231	-0.017021775
404.224	0.0014668486	-5.8459916	-0.016931071
404.352	0.0014797857	-5.8459264	-0.016634732
404.48	0.001493981	-5.845941	-0.017118246
404.608	0.0014987117	-5.8459041	-0.016847604
404.736	0.0015105027	-5.8459396	-0.016580878
404.864	0.0015045407	-5.8457994	-0.01652605
404.992	0.001522054	-5.8458552	-0.016405403
405.12	0.0015137268	-5.8458766	-0.016259179
405.248	0.001512118	-5.8458306	-0.016674354
405.376	0.0015054721	-5.845715	-0.016135615
405.504	0.0015452817	-5.8457252	-0.015954366
405.632	0.0015268494	-5.8457343	-0.016389719
405.76	0.0015537684	-5.8458596	-0.016685704
405.888	0.0015087309	-5.8459282	-0.01611459
406.016	0.001533575	-5.845993	-0.016706321
406.144	0.0015455512	-5.8457948	-0.017069623
406.272	0.0015407671	-5.8457208	-0.016142087
406.4	0.0015219012	-5.8456668	-0.015892102
406.528	0.0015450612	-5.8459255	-0.016355671
406.656	0.0015230723	-5.8458426	-0.01601001
406.784	0.0015317221	-5.8459122	-0.016105448
406.912	0.0015106839	-5.8457717	-0.015885503
407.04	0.0015172892	-5.8455895	-0.01586521
407.168	0.0015116598	-5.8456606	-0.016966696
407.296	0.0015217607	-5.8457804	-0.016389746
407.424	0.0015135253	-5.8457759	-0.016295902
407.552	0.0014992878	-5.8457193	-0.017223322
407.68	0.0015046277	-5.8458729	-0.016585845
407.808	0.0015064479	-5.8457906	-0.015858564
407.936	0.0014746458	-5.8457959	-0.016332927
408.064	0.0014831911	-5.8458736	-0.017155639
408.192	0.0014782555	-5.8459745	-0.01734124
408.32	0.0014865018	-5.8459669	-0.016872959
408.448	0.0014475019	-5.8459394	-0.016463063
408.576	0.0014740831	-5.8458647	-0.017002158
408.704	0.0014819703	-5.8457984	-0.01738488
408.832	0.0014638968	-5.8459194	-0.016574572
408.96	0.001450136	-5.8460065	-0.01590631
409.088	0.001489953	-5.8462761	-0.017547481
409.216	0.001472137	-5.8460175	-0.017594393
409.344	0.0014482403	-5.8458219	-0.016684058
409.472	0.0014741101	-5.8459862	-0.017186911
409.6	0.0014618087	-5.8459668	-0.016723078
409.728	0.0014741836	-5.8459015	-0.016735578
409.856	0.0014689856	-5.8458318	-0.016667376
409.984	0.0014773432	-5.8457934	-0.016267062
410.112	0.0014764947	-5.8457122	-0.016472872
410.24	0.0014793715	-5.8457548	-0.016923434
410.368	0.0014754766	-5.8458551	-0.017075162
410.496	0.0015056652	-5.8458773	-0.016863716
410.624	0.0014821403	-5.8458646	-0.0171677
410.752	0.0014684236	-5.8458287	-0.017265438
410.88	0.0014820844	-5.8458706	-0.016576482
411.008	0.0015209328	-5.8457185	-0.017272403
411.136	0.0015315243	-5.8456596	-0.016904547
411.264	0.0014932112	-5.8457664	-0.016749054
411.392	0.0015021187	-5.8458788	-0.017079025
411.52	0.0015269344	-5.8458957	-0.016806783
411.648	0.0015095349	-5.8458482	-0.016916448
411.776	0.0015264942	-5.8459101	-0.016872079
411.904	0.0015375486	-5.8459298	-0.016810709
412.032	0.0015294664	-5.8456712	-0.016544282
412.16	0.0015257679	-5.8457067	-0.016505329
412.288	0.0015410011	-5.8459809	-0.016146395
412.416	0.0015299854	-5.8458532	-0.016472797
412.544	0.0015386533	-5.8457879	-0.016106396
412.672	0.0015438368	-5.845846	-0.015220669
412.8	0.0015134123	-5.845856	-0.015398565
412.928	0.001536607	-5.8458508	-0.016073809
413.056	0.0015327089	-5.8458289	-0.016027761
413.184	0.0015117397	-5.845837	-0.016396945
413.312	0.0015113503	-5.8457361	-0.01668779
413.44	0.0015120166	-5.8458603	-0.016595682
413.568	0.0015406111	-5.8459576	-0.016685709
413.696	0.0014860017	-5.8459027	-0.016021689
413.824	0.0014992823	-5.8459157	-0.01602401
413.952	0.0015030717	-5.8458403	-0.01620692
414.08	0.001478751	-5.8459137	-0.017045188
414.208	0.0014871751	-5.8460241	-0.01719471
414.336	0.0015027289	-5.8458944	-0.01599724
414.464	0.0014436473	-5.8459595	-0.016439446
414.592	0.0014869543	-5.8457722	-0.017179696
414.72	0.001480598	-5.8459581	-0.016774957
414.848	0.0014781761	-5.8458916	-0.01666925
414.976	0.0014821808	-5.8457843	-0.017075432
415.104	0.001472219	-5.8457739	-0.016801914
415.232	0.0014727433	-5.8457638	-0.016745995
415.36	0.0014660485	-5.8458387	-0.01660388
415.488	0.001456785	-5.845826	-0.016630616
415.616	0.0014550018	-5.8458566	-0.016658076
415.744	0.0014727521	-5.8460078	-0.016863031
415.872	0.0014608254	-5.8458402	-0.016708528
416	0.0014657628	-5.8457071	-0.017463999
416.128	0.0014680532	-5.8458634	-0.017418059
416.256	0.0014748537	-5.8458652	-0.015978173
416.384	0.0014783036	-5.8458907	-0.016308963
416.512	0.0014856687	-5.8460075	-0.01621388
416.64	0.0014868825	-5.8459083	-0.016158593
416.768	0.0014835853	-5.8457853	-0.016908416
416.896	0.0015126029	-5.8458151	-0.016652057
417.024	0.0014831975	-5.845903	-0.01618749
417.152	0.0014902871	-5.8460129	-0.016513829
417.28	0.001508628	-5.8460598	-0.016646376
417.408	0.0014852017	-5.8457487	-0.016203965
417.536	0.0015304119	-5.8459062	-0.016845077
417.664	0.0014954137	-5.8459888	-0.016872555
417.792	0.0015311566	-5.8457702	-0.017102393
417.92	0.0015264749	-5.8457866	-0.016071994
418.048	0.0015231597	-5.8457448	-0.015874973
418.176	0.0015265226	-5.8459664	-0.016722491
418.304	0.0015218491	-5.845897	-0.016517384
418.432	0.0015236631	-5.8459421	-0.016496445
418.56	0.0015363134	-5.8458692	-0.016657505
418.688	0.0015471538	-5.845754	-0.016309602
418.816	0.0015431183	-5.8458485	-0.016379393
418.944	0.0015224812	-5.8457369	-0.016620741
419.072	0.0015294139	-5.845854	-0.016581295
419.2	0.0015068209	-5.8457754	-0.016015443
419.328	0.0015367149	-5.8458848	-0.016578521
419.456	0.0015262799	-5.845871	-0.017130769
419.584	0.0015158581	-5.8458118	-0.016649628
419.712	0.0015166406	-5.8458992	-0.017098643
419.84	0.0014890521	-5.8458749	-0.016863664
419.968	0.0015153696	-5.8459185	-0.016703268
420.096	0.0014848094	-5.8458639	-0.016150357
420.224	0.0015050611	-5.8459295	-0.016157047
420.352	0.0015217917	-5.8458567	-0.016697871
420.48	0.0015039393	-5.8458427	-0.016816961
420.608	0.0014819081	-5.845708	-0.017157174
420.736	0.0014782612	-5.8459261	-0.017351926
420.864	0.0014699661	-5.8458182	-0.017368557
420.992	0.001503858	-5.8458401	-0.017083189
421.12	0.0014458967	-5.845835	-0.016123056
421.248	0.0014726353	-5.8458618	-0.016965612
421.376	0.0014840947	-5.8459608	-0.016505178
421.504	0.001457673	-5.845761	-0.016543095
421.632	0.001480919	-5.8456939	-0.01695594
421.76	0.0014652476	-5.8457498	-0.016010339
421.888	0.0014503472	-5.8458143	-0.016234921
422.016	0.0014717311	-5.8457974	-0.016798734
422.144	0.0014721225	-5.8459119	-0.016937135
422.272	0.0014461009	-5.8457757	-0.016213258
422.4	0.0014765122	-5.8458436	-0.01619313
422.528	0.0014945967	-5.8459589	-0.017117571
422.656	0.0014645134	-5.8457604	-0.017402256
422.784	0.0014768067	-5.8459148	-0.017073353
422.912	0.0015030274	-5.8458173	-0.016369525
423.04	0.0014934211	-5.8458094	-0.017182031
423.168	0.0014581229	-5.8458219	-0.017505463
423.296	0.0015057185	-5.8459211	-0.016599327
423.424	0.0015184728	-5.8458923	-0.016104015
423.552	0.0015082483	-5.84585	-0.016319479
423.68	0.0015033205	-5.8461018	-0.016962061
423.808	0.0015205412	-5.8460783	-0.017386708
423.936	0.001514419	-5.8460229	-0.016691884
424.064	0.0015164763	-5.8459434	-0.016990849
424.192	0.0015311422	-5.8459422	-0.016790285
424.32	0.0014899672	-5.845914	-0.016394052
424.448	0.0015404236	-5.8459267	-0.017331425
424.576	0.00151952	-5.8459948	-0.017312938
424.704	0.0015219015	-5.8458358	-0.016147207
424.832	0.0015337423	-5.8457802	-0.015741015
424.96	0.001542866	-5.8457372	-0.016705249
425.088	0.0015311068	-5.845898	-0.016184392
425.216	0.0015341503	-5.8458237	-0.0155723
425.344	0.0015212715	-5.8457069	-0.016421383
425.472	0.0015323	-5.8457171	-0.016171136
425.6	0.0015328276	-5.8457224	-0.016392668
425.728	0.0015408618	-5.8456526	-0.01634968
425.856	0.001494397	-5.8457942	-0.015945312
425.984	0.0015220464	-5.8458474	-0.016324257
426.112	0.0014972942	-5.8458628	-0.016798875
426.24	0.0015322952	-5.8458172	-0.017156298
426.368	0.0015085143	-5.8458486	-0.016817938
426.496	0.0014915974	-5.8458033	-0.016551937
426.624	0.0014833594	-5.8458733	-0.016521569
426.752	0.0014924834	-5.8459603	-0.016411574
426.88	0.001497717	-5.8460806	-0.016731291
427.008	0.0014882505	-5.8459954	-0.015673845
427.136	0.0014825548	-5.8458112	-0.015771717
427.264	0.0014811753	-5.8458073	-0.017452184
427.392	0.0014796996	-5.84584	-0.017027976
427.52	0.0014555312	-5.8457886	-0.015951644
427.648	0.0014780574	-5.8459083	-0.016592196
427.776	0.0014686379	-5.8459954	-0.016768994
427.904	0.0014616896	-5.8458981	-0.01707987
428.032	0.001465299	-5.8456984	-0.016881669
428.16	0.0014502806	-5.8458976	-0.016396501
428.288	0.0014631205	-5.8458585	-0.016599865
428.416	0.001468749	-5.845797	-0.016846052
428.544	0.0014664223	-5.8458196	-0.016477593
428.672	0.00146495	-5.8458185	-0.016811827
428.8	0.0014912277	-5.8459978	-0.017012598
428.928	0.0014724606	-5.845834	-0.015929176
429.056	0.0014790439	-5.8458436	-0.016554329
429.184	0.0015006701	-5.8458024	-0.016870712
429.312	0.0014600539	-5.8457919	-0.017259552
429.44	0.0014845098	-5.84592	-0.016646924
429.568	0.0015044731	-5.8459407	-0.016289622
429.696	0.0015047778	-5.8459277	-0.017093795
429.824	0.0014973197	-5.8459441	-0.01695358
429.952	0.0015039973	-5.8459746	-0.016507775
430.08	0.001503817	-5.8459194	-0.016915358
430.208	0.0015051065	-5.8460099	-0.016741807
430.336	0.0015319979	-5.846029	-0.016387634
430.464	0.0014981241	-5.845872	-0.015673429
430.592	0.0015706188	-5.8459426	-0.016457562
430.72	0.0015079942	-5.8458472	-0.016546786
430.848	0.0015266334	-5.8457735	-0.016060447
430.976	0.0015477501	-5.8457964	-0.015636565
431.104	0.0015291515	-5.8458924	-0.016474011
431.232	0.0015078568	-5.8458099	-0.016523937
431.36	0.0015399406	-5.8459769	-0.016738577
431.488	0.0015108667	-5.8459305	-0.016791979
431.616	0.0015650793	-5.84581	-0.016422066
431.744	0.001516283	-5.8458673	-0.016537067
431.872	0.0015267043	-5.8458543	-0.016760559
432	0.0015502409	-5.8457718	-0.016856833
432.128	0.0015001118	-5.8456821	-0.016421973
432.256	0.0015075571	-5.845734	-0.016785115
432.384	0.001513025	-5.8457146	-0.01675385
432.512	0.0015080175	-5.8457966	-0.017020438
432.64	0.001505817	-5.8458169	-0.017527045
432.768	0.0015032813	-5.8458836	-0.017347576
432.896	0.0015021436	-5.845868	-0.016113789
433.024	0.0014904476	-5.8458324	-0.017206672
433.152	0.0014799659	-5.8458162	-0.01747297
433.28	0.0015042678	-5.8458343	-0.015462586
433.408	0.0014709925	-5.8458599	-0.016075443
433.536	0.001452812	-5.8458812	-0.016986586
433.664	0.0014967089	-5.8459449	-0.01704173
433.792	0.0014451158	-5.8457919	-0.016971076
433.92	0.0014725122	-5.845954	-0.017822948
434.048	0.0014507377	-5.8460704	-0.01698642
434.176	0.0014772826	-5.8460151	-0.016633576
434.304	0.0014639982	-5.8460682	-0.016627097
434.432	0.0014439325	-5.8460016	-0.016609642
434.56	0.0014872149	-5.8460388	-0.016746867
434.688	0.0014780038	-5.8460648	-0.015973985
434.816	0.0014702277	-5.8458778	-0.015288389
434.944	0.0014587093	-5.845742	-0.016329289
435.072	0.0014609216	-5.8456375	-0.017580602
435.2	0.0014668325	-5.8457588	-0.01733636
435.328	0.0014845646	-5.8457096	-0.016750052
435.456	0.0014850135	-5.8458611	-0.016976284
435.584	0.0015000637	-5.8458687	-0.016529247
435.712	0.0014867554	-5.8459733	-0.016724491
435.84	0.0014732036	-5.8459285	-0.016917847
435.968	0.0015037377	-5.845853	-0.016514146
436.096	0.0014969607	-5.8458377	-0.016221392
436.224	0.0015052203	-5.8457491	-0.017173076
436.352	0.0015146218	-5.8458061	-0.016388361
436.48	0.0015210243	-5.8460093	-0.016329708
436.608	0.0015216188	-5.8459836	-0.015795501
436.736	0.0015061622	-5.8460637	-0.015677466
436.864	0.0015024599	-5.8458212	-0.016814362
436.992	0.0015552248	-5.8458122	-0.017426591
437.12	0.0015189588	-5.846046	-0.016050299
437.248	0.0015294881	-5.8459368	-0.016989202
437.376	0.0015470811	-5.8457846	-0.018021886
437.504	0.0015165099	-5.8456465	-0.015931962
437.632	0.0015390124	-5.8456878	-0.015879264
437.76	0.0015482705	-5.8458099	-0.016588839
437.888	0.0015130121	-5.8457586	-0.016403765
438.016	0.0015355022	-5.8458727	-0.016709222
438.144	0.0015236881	-5.8460047	-0.016784505
438.272	0.0015209126	-5.8457932	-0.016152405
438.4	0.0015244143	-5.8458491	-0.016029655
438.528	0.0015393438	-5.8459171	-0.015383659
438.656	0.0015260056	-5.8458137	-0.01629362
438.784	0.0015018745	-5.8458257	-0.017157109
438.912	0.0015063507	-5.8458015	-0.015880018
439.04	0.0015237389	-5.8458973	-0.016503456
439.168	0.0014920232	-5.8458931	-0.015964225
439.296	0.0015076021	-5.8459223	-0.016128448
439.424	0.0014524668	-5.8458671	-0.017086325
439.552	0.0014932588	-5.8459299	-0.017159198
439.68	0.0014603597	-5.8457883	-0.01646083
439.808	0.0014969236	-5.8458454	-0.017556204
439.936	0.0014806871	-5.8459192	-0.017362303
440.064	0.0014522461	-5.8460172	-0.016826771
440.192	0.0014859283	-5.8458694	-0.01712715
440.32	0.0014713835	-5.8459142	-0.016100837
440.448	0.0014761812	-5.8459263	-0.016331589
440.576	0.0014729224	-5.8458595	-0.016999295
440.704	0.0014434092	-5.8459004	-0.016794447
440.832	0.0014670768	-5.8458349	-0.01611671
440.96	0.0014669114	-5.8458095	-0.016543546
441.088	0.0014688057	-5.8457944	-0.016407078
441.216	0.001473198	-5.8459296	-0.016751201
441.344	0.0014818936	-5.8458636	-0.01717549
441.472	0.0014923159	-5.8459335	-0.016848886
441.6	0.0014913668	-5.8458706	-0.016968079
441.728	0.0014726883	-5.8458778	-0.017002466
441.856	0.0015003346	-5.8458934	-0.016842911
441.984	0.0014623339	-5.8460294	-0.016226948
442.112	0.0015098171	-5.8460592	-0.016888581
442.24	0.0015147071	-5.8458694	-0.01685312
442.368	0.0014969811	-5.8458154	-0.015791375
442.496	0.0015094778	-5.8458522	-0.01621068
442.624	0.0014925235	-5.8458597	-0.016203975
442.752	0.0015049638	-5.8457476	-0.016355486
442.88	0.0015271723	-5.8457948	-0.017149364
443.008	0.0015129415	-5.8459785	-0.01663554
443.136	0.0015308332	-5.8459154	-0.015873444
443.264	0.0015244889	-5.8457078	-0.016438856
443.392	0.0015248489	-5.8458335	-0.016761071
443.52	0.0015351146	-5.8458444	-0.016531622
443.648	0.0015411834	-5.8458662	-0.016267885
443.776	0.0015354217	-5.8459194	-0.016861718
443.904	0.0015465078	-5.8458605	-0.017243266
444.032	0.0015250614	-5.8456589	-0.016395348
444.16	0.0015473719	-5.8457578	-0.017063283
444.288	0.0015205243	-5.845921	-0.017011134
444.416	0.0015384723	-5.8458972	-0.016496798
444.544	0.0015410487	-5.8459614	-0.016358441
444.672	0.0015073215	-5.8459295	-0.016704254
444.8	0.0015182416	-5.8459802	-0.016366994
444.928	0.0015051624	-5.8457889	-0.015952083
445.056	0.0014930788	-5.8458084	-0.016795267
445.184	0.0015289066	-5.8458156	-0.016913773
445.312	0.0015075301	-5.8457471	-0.01656657
445.44	0.0014642848	-5.845792	-0.016751998
445.568	0.0015021673	-5.8457731	-0.016354402
445.696	0.0015181017	-5.8459276	-0.016335454
445.824	0.0014644918	-5.8458403	-0.01646371
445.952	0.00148824	-5.8459038	-0.016520194
446.08	0.0014933707	-5.8458272	-0.016950483
446.208	0.0014770971	-5.8457149	-0.017156538
446.336	0.0014643924	-5.8457821	-0.016817888
446.464	0.0014855691	-5.8459052	-0.01637115
446.592	0.0014768503	-5.8458348	-0.016166147
446.72	0.0014549702	-5.8458898	-0.016819285
446.848	0.001472373	-5.8459082	-0.016962596
446.976	0.0014692175	-5.8458401	-0.016547059
447.104	0.0014929601	-5.8459235	-0.016656517
447.232	0.0014793166	-5.845997	-0.017142748
447.36	0.0014548474	-5.845789	-0.016792776
447.488	0.0014753616	-5.8458712	-0.016755332
447.616	0.0014698942	-5.8460149	-0.017270665
447.744	0.0014843854	-5.8458707	-0.01668189
447.872	0.0014861845	-5.8456621	-0.016573936
448	0.0014762838	-5.8458552	-0.016755188
448.128	0.0014739138	-5.8459667	-0.016517591
448.256	0.0014599771	-5.845903	-0.016790422
448.384	0.0015100602	-5.8458281	-0.017087624
448.512	0.0015049569	-5.8459259	-0.016591579
448.64	0.0014942202	-5.8459299	-0.016411669
448.768	0.0015069591	-5.84592	-0.016688885
448.896	0.0015091475	-5.8459231	-0.01706098
449.024	0.0015193849	-5.8458368	-0.016778098
449.152	0.0014989779	-5.8458742	-0.017169602
449.28	0.0015140725	-5.8459891	-0.017398391
449.408	0.0015419167	-5.8459125	-0.017070979
449.536	0.001538407	-5.8457266	-0.016245046
449.664	0.001537643	-5.8456424	-0.01576443
449.792	0.0015252976	-5.8456778	-0.016143221
449.92	0.0015549706	-5.8457608	-0.016863802
450.048	0.0014926625	-5.8457767	-0.016806854
450.176	0.0015448767	-5.8457961	-0.016809155
450.304	0.0015187055	-5.8459289	-0.016659398
450.432	0.0015340068	-5.8458715	-0.016251657
450.56	0.0015436736	-5.8458981	-0.015818813
450.688	0.0015386986	-5.8459069	-0.015810596
450.816	0.0015249124	-5.845806	-0.016053397
450.944	0.0014936433	-5.8459346	-0.016703594
451.072	0.0015237228	-5.8459433	-0.016889197
451.2	0.0015122834	-5.8458972	-0.015712772
451.328	0.0015279152	-5.8458509	-0.016057552
451.456	0.0014978257	-5.8458758	-0.016445402
451.584	0.0015000392	-5.8458401	-0.015329819
451.712	0.0014999919	-5.84583	-0.015554203
451.84	0.0014917304	-5.8459002	-0.016984364
451.968	0.0014767073	-5.8459729	-0.016977484
452.096	0.0014812349	-5.8458834	-0.015384146
452.224	0.0014795435	-5.8459869	-0.016142738
452.352	0.0014886127	-5.8458958	-0.016783198
452.48	0.0014650232	-5.8457903	-0.015902419
452.608	0.0014830415	-5.845972	-0.017203531
452.736	0.001470808	-5.845932	-0.017483764
452.864	0.0014727374	-5.8458681	-0.017349969
452.992	0.0014722675	-5.8459356	-0.017208875
453.12	0.0014828592	-5.8459525	-0.016187797
453.248	0.0014651122	-5.8459775	-0.015870113
453.376	0.0014621113	-5.8460068	-0.016522061
453.504	0.0014525567	-5.8457215	-0.01645486
453.632	0.0014834318	-5.8457079	-0.016832822
453.76	0.0014257806	-5.8456608	-0.01780379
453.888	0.0014960997	-5.8458936	-0.016737035
454.016	0.0014883575	-5.8460477	-0.01705772
454.144	0.0014923203	-5.8459152	-0.017198213
454.272	0.0014701302	-5.8459097	-0.016355118
454.4	0.0014668671	-5.8459642	-0.016575279
454.528	0.0014854833	-5.8459515	-0.01742862
454.656	0.0014959977	-5.8458698	-0.016813941
454.784	0.0014992006	-5.8458365	-0.016500152
454.912	0.0015282688	-5.8456939	-0.016238947
455.04	0.0014881735	-5.8456037	-0.016384211
455.168	0.0014976385	-5.8456981	-0.017544245
455.296	0.0015207904	-5.8458993	-0.01676778
455.424	0.0014939604	-5.8458926	-0.015997691
455.552	0.0015380688	-5.8458546	-0.015930087
455.68	0.0015404398	-5.8458782	-0.016179875
455.808	0.0015226391	-5.8458504	-0.016377397
455.936	0.0015136881	-5.8457997	-0.016510332
456.064	0.0015456392	-5.8458093	-0.017115912
456.192	0.0015403775	-5.8459086	-0.016997784
456.32	0.0015283714	-5.8458073	-0.016120913
456.448	0.0015456829	-5.8458807	-0.016912976
456.576	0.0015160442	-5.8458525	-0.016909453
456.704	0.0015378861	-5.8457834	-0.016433761
456.832	0.0015347236	-5.8457742	-0.015989365
456.96	0.001508027	-5.845966	-0.015936751
457.088	0.0015290646	-5.8457409	-0.016682171
457.216	0.0015283278	-5.8457227	-0.016671761
457.344	0.0015286512	-5.845725	-0.016857088
457.472	0.0014766372	-5.8456757	-0.016544784
457.6	0.0015258846	-5.8459043	-0.016279306
457.728	0.0015125076	-5.8458664	-0.016876398
457.856	0.0015074597	-5.8458234	-0.017221089
457.984	0.0015064348	-5.8456728	-0.016123336
458.112	0.0014937054	-5.8457432	-0.015778155
458.24	0.0014825296	-5.845838	-0.015758565
458.368	0.0014992569	-5.8459228	-0.01561675
458.496	0.0014696685	-5.8458266	-0.016197922
458.624	0.0014987181	-5.8459466	-0.016417336
458.752	0.0014578499	-5.8458892	-0.016538141
458.88	0.001463517	-5.8459844	-0.017078743
459.008	0.0014698412	-5.8458839	-0.016685961
459.136	0.0014678431	-5.8459321	-0.016537899
459.264	0.0014616441	-5.8458729	-0.017153179
459.392	0.0014619296	-5.8459541	-0.017004038
459.52	0.0014527288	-5.8458292	-0.017084161
459.648	0.0014702135	-5.8457623	-0.016484649
459.776	0.0014783966	-5.8459504	-0.017094047
459.904	0.0014809678	-5.8458992	-0.017632863
460.032	0.0014523679	-5.8458438	-0.016887659
460.16	0.001488603	-5.8458057	-0.016590383
460.288	0.0014769146	-5.8459005	-0.016961448
460.416	0.0014558717	-5.8459991	-0.017289593
460.544	0.0014928524	-5.845936	-0.017164284
460.672	0.0014880104	-5.8459095	-0.01684087
460.8	0.0014870232	-5.8458447	-0.01672889
460.928	0.0015027704	-5.8457592	-0.016716495
461.056	0.0014990169	-5.845775	-0.016753877
461.184	0.0014940642	-5.8458084	-0.016578403
461.312	0.0015111408	-5.8459659	-0.017061952
461.44	0.0015161351	-5.8459674	-0.016657947
461.568	0.0015126612	-5.8460818	-0.016914944
461.696	0.0015093798	-5.8460248	-0.016466043
461.824	0.0015325599	-5.8459573	-0.015394234
461.952	0.0015059746	-5.845906	-0.016094603
462.08	0.0015340859	-5.8459194	-0.016886711
462.208	0.0015362114	-5.8459775	-0.01712624
462.336	0.0015313563	-5.8458761	-0.016515708
462.464	0.0015346012	-5.8457277	-0.016352248
462.592	0.0015357495	-5.8457413	-0.016040131
462.72	0.0015470207	-5.8458455	-0.015791451
462.848	0.001529405	-5.8457176	-0.015937441
462.976	0.0015047073	-5.8456303	-0.016245581
463.104	0.0015456836	-5.8455814	-0.015977006
463.232	0.0015123118	-5.8458268	-0.016347015
463.36	0.0015253218	-5.8457566	-0.016856255
463.488	0.0014958684	-5.8456866	-0.016572153
463.616	0.0015387562	-5.8457915	-0.016840143
463.744	0.0015092337	-5.8458715	-0.017097598
463.872	0.0015213469	-5.8457798	-0.016642536
464	0.0015294961	-5.8457543	-0.016625134
464.128	0.0014918326	-5.8457859	-0.016585556
464.256	0.0014918284	-5.8457527	-0.016446003
464.384	0.0014958151	-5.8457744	-0.016128362
464.512	0.0014763325	-5.8458609	-0.016950119
464.64	0.0014944256	-5.8459334	-0.016461788
464.768	0.0014924128	-5.845818	-0.016531411
464.896	0.0014589593	-5.8457963	-0.016865209
465.024	0.001473321	-5.845868	-0.017148541
465.152	0.0014692953	-5.8459063	-0.017774483
465.28	0.0014683073	-5.8459466	-0.016883986
465.408	0.0014767141	-5.8459723	-0.015691288
465.536	0.001458275	-5.845938	-0.016825761
465.664	0.0014727897	-5.8459496	-0.016890349
465.792	0.001463731	-5.845997	-0.015985583
465.92	0.0014688777	-5.8459784	-0.016844776
466.048	0.0014728686	-5.8459109	-0.01737656
466.176	0.0014523097	-5.845883	-0.016714311
466.304	0.0014785844	-5.8458311	-0.016793577
466.432	0.0014797537	-5.8458744	-0.016729517
466.56	0.0014656303	-5.8459855	-0.016404012
466.688	0.0014760937	-5.8460039	-0.016352517
466.816	0.00150368	-5.8460153	-0.017247178
466.944	0.0014660622	-5.8459334	-0.017040584
467.072	0.0014820911	-5.8460765	-0.016575677
467.2	0.0015079111	-5.8460523	-0.016353368
467.328	0.0015065622	-5.8458845	-0.016995464
467.456	0.0015016121	-5.8459739	-0.016992702
467.584	0.0015123987	-5.845921	-0.016321478
467.712	0.001504784	-5.8456733	-0.016519436
467.84	0.0015073585	-5.8459105	-0.016499587
467.968	0.0015191064	-5.8459851	-0.016583788
468.096	0.0014968475	-5.8458495	-0.015864751
468.224	0.0015133319	-5.8457992	-0.016165978
468.352	0.0015299812	-5.8457962	-0.017017975
468.48	0.001538588	-5.8458281	-0.016850537
468.608	0.0015480983	-5.8459783	-0.016466909
468.736	0.0015146985	-5.8458216	-0.016812381
468.864	0.0015476296	-5.8457926	-0.016918255
468.992	0.0015351768	-5.8458961	-0.01665258
469.12	0.0015266173	-5.8459067	-0.016624175
469.248	0.0015235882	-5.8459051	-0.016454514
469.376	0.0015197793	-5.845983	-0.016691466
469.504	0.001542586	-5.845856	-0.016714251
469.632	0.0015209077	-5.8458672	-0.015949334
469.76	0.0015377984	-5.8457318	-0.01648607
469.888	0.0015078558	-5.8458619	-0.016996854
470.016	0.0015195231	-5.8458805	-0.016752273
470.144	0.0015215884	-5.8459924	-0.016961035
470.272	0.0015004278	-5.8458631	-0.016015896
470.4	0.0015264735	-5.845781	-0.01540719
470.528	0.0014833846	-5.8457931	-0.01630839
470.656	0.001505576	-5.845926	-0.01731602
470.784	0.0014845493	-5.8458807	-0.016956749
470.912	0.0014974573	-5.8457946	-0.01629141
471.04	0.001482728	-5.8457085	-0.016991845
471.168	0.0014810833	-5.8458256	-0.016861785
471.296	0.0014925925	-5.8459042	-0.016979027
471.424	0.0014783617	-5.8458727	-0.016788051
471.552	0.0014679994	-5.8460534	-0.01682904
471.68	0.001454403	-5.8458296	-0.017253142
471.808	0.0014630349	-5.8460035	-0.016743994
471.936	0.0014699864	-5.8459467	-0.017145689
472.064	0.0014513321	-5.8456586	-0.016630356
472.192	0.0014759403	-5.84578	-0.016435213
472.32	0.0014644204	-5.8458132	-0.016703003
472.448	0.0014936361	-5.8459187	-0.016770559
472.576	0.0014461934	-5.845919	-0.016597084
472.704	0.0015021844	-5.8459007	-0.017103228
472.832	0.0014764015	-5.8458187	-0.017041547
472.96	0.0014468554	-5.8458348	-0.016955604
473.088	0.0015234511	-5.8458025	-0.01662447
473.216	0.0014613159	-5.8458501	-0.016031079
473.344	0.0015099353	-5.8459612	-0.016429747
473.472	0.0014923483	-5.8460247	-0.016040355
473.6	0.0014900686	-5.8458844	-0.016903409
473.728	0.0015113336	-5.8459299	-0.017146662
473.856	0.0014803252	-5.8457606	-0.016593989
473.984	0.0015244405	-5.8458012	-0.016514644
474.112	0.0015077587	-5.8456791	-0.015906772
474.24	0.0015264038	-5.845742	-0.016214843
474.368	0.0015290583	-5.8458825	-0.016719363
474.496	0.0015078002	-5.8459117	-0.016881154
474.624	0.0015072305	-5.8458641	-0.017083859
474.752	0.0015451503	-5.8459252	-0.016493418
474.88	0.0015174706	-5.8457451	-0.016253714
475.008	0.0015359805	-5.8457842	-0.016683507
475.136	0.0015412345	-5.8456624	-0.01737363
475.264	0.0015294072	-5.845599	-0.017062954
475.392	0.0015274626	-5.8456952	-0.016187157
475.52	0.0015204144	-5.8457642	-0.015722888
475.648	0.0015291803	-5.8458039	-0.015564076
475.776	0.0015216616	-5.8459305	-0.016742103
475.904	0.0015279714	-5.8459088	-0.016878319
476.032	0.0015295279	-5.8460228	-0.016358406
476.16	0.0015054697	-5.845977	-0.016812615
476.288	0.0015035788	-5.8459258	-0.016467433
476.416	0.0015190048	-5.8459714	-0.016486314
476.544	0.0015108155	-5.8458681	-0.01615054
476.672	0.0014993504	-5.8459343	-0.015856111
476.8	0.0015180938	-5.8457472	-0.016116969
476.928	0.0014841947	-5.845698	-0.01630236
477.056	0.0014953005	-5.8457863	-0.01671137
477.184	0.001486134	-5.8458358	-0.015935127
477.312	0.0014730174	-5.8459414	-0.015956453
477.44	0.0014971346	-5.845995	-0.01663511
477.568	0.0014925143	-5.8458569	-0.017426889
477.696	0.0014896699	-5.8460318	-0.017723974
477.824	0.0014636078	-5.8458664	-0.017563795
477.952	0.0014698245	-5.8457975	-0.016465163
478.08	0.0014790683	-5.8458286	-0.016244905
478.208	0.0014833426	-5.8458354	-0.017366445
478.336	0.0014410666	-5.8456831	-0.017492157
478.464	0.0014838979	-5.8457679	-0.016259372
478.592	0.0014777378	-5.8458122	-0.016045602
478.72	0.0014646103	-5.8458669	-0.016198224
478.848	0.0014626305	-5.8460248	-0.016143735
478.976	0.0014964966	-5.8458734	-0.016126046
479.104	0.0014744164	-5.8458378	-0.017002374
479.232	0.0014622856	-5.8459231	-0.016782776
479.36	0.0014672197	-5.8460245	-0.01701988
479.488	0.0014797092	-5.8459557	-0.017281341
479.616	0.001507986	-5.8459296	-0.017040486
479.744	0.0015047025	-5.8460348	-0.016493802
479.872	0.0014797548	-5.8459695	-0.015732537
480	0.0015111449	-5.8458954	-0.015981019
480.128	0.001500313	-5.8458306	-0.016713325
480.256	0.0014945405	-5.8457475	-0.016615284
480.384	0.0015043726	-5.8458337	-0.016355574
480.512	0.0015320005	-5.8458962	-0.017346662
480.64	0.0015189158	-5.8458767	-0.016475035
480.768	0.0015115804	-5.8459425	-0.01605623
480.896	0.0015103726	-5.845838	-0.016878813
481.024	0.0015251177	-5.8456615	-0.01686893
481.152	0.0015382944	-5.8456613	-0.01693148
481.28	0.0015298928	-5.8457153	-0.016939438
481.408	0.0015324073	-5.8457672	-0.01722762
481.536	0.0015405645	-5.8456957	-0.016245646
481.664	0.0015291458	-5.8457218	-0.015994561
481.792	0.0015282745	-5.8457966	-0.016713123
481.92	0.0015202954	-5.8457443	-0.017109591
482.048	0.0015416181	-5.8458243	-0.017832819
482.176	0.0014988352	-5.8457763	-0.017300664
482.304	0.0015200207	-5.845816	-0.016521321
482.432	0.0015370208	-5.845866	-0.016516904
482.56	0.0015109728	-5.8458739	-0.017458337
482.688	0.0015087841	-5.8457109	-0.016615894
482.816	0.0015150363	-5.8457755	-0.016157378
482.944	0.00151503	-5.8457693	-0.016802682
483.072	0.0014851635	-5.8457893	-0.01624746
483.2	0.0015046111	-5.8457422	-0.016199479
483.328	0.001508234	-5.8458884	-0.016343009
483.456	0.0014819115	-5.8458697	-0.017145832
483.584	0.0014887346	-5.8457163	-0.017213397
483.712	0.0014773726	-5.8457582	-0.015619728
483.84	0.0014854147	-5.845703	-0.016187368
483.968	0.0014635965	-5.8458452	-0.01673511
484.096	0.0014809958	-5.845751	-0.016366494
484.224	0.0014908971	-5.8458439	-0.017073428
484.352	0.0014490068	-5.8457869	-0.01728868
484.48	0.0014927678	-5.8458236	-0.01639335
484.608	0.0014556376	-5.8457275	-0.016033442
484.736	0.0014942258	-5.8458872	-0.016583911
484.864	0.0014787423	-5.8459552	-0.016237421
484.992	0.0014497122	-5.8460089	-0.016264494
485.12	0.0014815852	-5.8461454	-0.016725086
485.248	0.0014650315	-5.8460327	-0.016539311
485.376	0.0014724706	-5.8459523	-0.01627526
485.504	0.0014899994	-5.8458813	-0.016611081
485.632	0.001479091	-5.8458278	-0.016288947
485.76	0.0015056024	-5.8458292	-0.016147403
485.888	0.0014778115	-5.8458366	-0.016884742
486.016	0.0014913408	-5.8458383	-0.017436606
486.144	0.0014672898	-5.845649	-0.0173086
486.272	0.0014959702	-5.8458235	-0.017116946
486.4	0.0015113221	-5.8458728	-0.016963876
486.528	0.0015110382	-5.8458879	-0.016888777
486.656	0.0015098513	-5.8457908	-0.017063812
486.784	0.0015312562	-5.8458838	-0.016612428
486.912	0.0015196651	-5.8458797	-0.01653004
487.04	0.0015219725	-5.8459646	-0.016651921
487.168	0.0015187581	-5.8458678	-0.016448136
487.296	0.0015262924	-5.846001	-0.016072902
487.424	0.0015119456	-5.8459783	-0.016166283
487.552	0.0015331682	-5.8459176	-0.01614335
487.68	0.0015160668	-5.8457775	-0.016549163
487.808	0.0015477806	-5.8456822	-0.016833361
487.936	0.0015267946	-5.8458984	-0.016438918
488.064	0.0015422247	-5.8459335	-0.016372387
488.192	0.0015145485	-5.8458982	-0.015648631
488.32	0.0015275505	-5.8459182	-0.015879719
488.448	0.0015196283	-5.8458438	-0.016047453
488.576	0.0015111597	-5.8457138	-0.016696598
488.704	0.0015495994	-5.8458548	-0.016918137
488.832	0.0015002251	-5.8459046	-0.016926301
488.96	0.0015166421	-5.8458064	-0.016932265
489.088	0.0015169627	-5.8458694	-0.017069656
489.216	0.0014990831	-5.8459003	-0.0171657
489.344	0.0014983508	-5.8456553	-0.016635526
489.472	0.0014969235	-5.8456978	-0.016806869
489.6	0.0015145787	-5.8457038	-0.017143269
489.728	0.0014942962	-5.8458536	-0.017105286
489.856	0.0014858913	-5.8460151	-0.016516166
489.984	0.0014963541	-5.8458975	-0.016817457
490.112	0.001495538	-5.8460195	-0.016806146
490.24	0.0014738762	-5.8459389	-0.016131742
490.368	0.0014627351	-5.8459055	-0.016832478
490.496	0.0014817948	-5.8460639	-0.016765855
490.624	0.0014655343	-5.8459908	-0.015983
490.752	0.0014717643	-5.8459625	-0.016220949
490.88	0.0014771745	-5.8459979	-0.016482162
491.008	0.001460567	-5.8459081	-0.01688045
491.136	0.001475259	-5.846016	-0.016753165
491.264	0.0014746295	-5.8459682	-0.016394409
491.392	0.0014498842	-5.8458394	-0.016081032
491.52	0.0014730301	-5.8457945	-0.016190632
491.648	0.00147405	-5.8457825	-0.016366344
491.776	0.0014688463	-5.8458332	-0.016596209
491.904	0.0015050445	-5.8459803	-0.016996594
492.032	0.0014751711	-5.8458096	-0.017258869
492.16	0.0014917914	-5.8458383	-0.016703074
492.288	0.0015105462	-5.8459758	-0.016447629
492.416	0.0014954641	-5.8458607	-0.015989443
492.544	0.0014878183	-5.8460086	-0.016300387
492.672	0.0015198926	-5.8460563	-0.016316673
492.8	0.001506899	-5.8459758	-0.015984624
492.928	0.0015076337	-5.8460488	-0.016165398
493.056	0.001498858	-5.8460658	-0.016659997
493.184	0.0015196945	-5.8458474	-0.016715908
493.312	0.0015170367	-5.845885	-0.017094766
493.44	0.0015096677	-5.8458253	-0.016379132
493.568	0.0015140469	-5.8458014	-0.016956769
493.696	0.0015285837	-5.8458816	-0.017322506
493.824	0.00151104	-5.84574	-0.016790049
493.952	0.0015487052	-5.8458729	-0.017352932
494.08	0.0015389935	-5.8458852	-0.01645423
494.208	0.0015073902	-5.8458672	-0.016798046
494.336	0.0015340605	-5.8457731	-0.016650234
494.464	0.001526052	-5.8458318	-0.016444693
494.592	0.0015232942	-5.8457756	-0.016453228
494.72	0.0015066288	-5.8457853	-0.01598472
494.848	0.0015417799	-5.8459821	-0.016596478
494.976	0.0015229335	-5.845926	-0.016808263
495.104	0.0015053368	-5.845886	-0.016570377
495.232	0.0015058445	-5.845832	-0.015919263
495.36	0.0015227208	-5.8459669	-0.015928214
495.488	0.001492909	-5.8460321	-0.016987127
495.616	0.0015180895	-5.8459707	-0.016971595
495.744	0.0014890414	-5.8457907	-0.016397559
495.872	0.0015074381	-5.8457748	-0.017213759
496	0.0014649619	-5.8458744	-0.016918261
496.128	0.0014950846	-5.8460413	-0.016893703
496.256	0.0014849253	-5.845856	-0.016306697
496.384	0.0014938061	-5.8458333	-0.01616552
496.512	0.0014885609	-5.8458612	-0.016902356
496.64	0.0015081737	-5.84583	-0.017169887
496.768	0.0014583066	-5.8459804	-0.016234938
496.896	0.0014775826	-5.8460222	-0.016772324
497.024	0.0014740256	-5.8460173	-0.016828989
497.152	0.0014507183	-5.8459266	-0.016540191
497.28	0.0014740485	-5.8457839	-0.016797859
497.408	0.0014703026	-5.8458968	-0.016238028
497.536	0.0014721755	-5.8458888	-0.015732032
497.664	0.0014603732	-5.8458755	-0.016113662
497.792	0.0014547347	-5.8457975	-0.016993759
497.92	0.001490548	-5.8458948	-0.017030853
498.048	0.0014796023	-5.845917	-0.016911237
498.176	0.001475677	-5.845834	-0.01600417
498.304	0.0014759015	-5.8458523	-0.016275044
498.432	0.0015094776	-5.8458848	-0.016425578
498.56	0.0014843355	-5.8459187	-0.016703916
498.688	0.0014893735	-5.8458799	-0.016729273
498.816	0.0015086919	-5.8459435	-0.015969082
498.944	0.0014736098	-5.8457945	-0.016342844
499.072	0.0015218434	-5.8458726	-0.016269773
499.2	0.0015060497	-5.8459661	-0.016771832
499.328	0.0015054848	-5.8459264	-0.017229819
499.456	0.0015436926	-5.8460001	-0.016692885
499.584	0.0015005037	-5.8458537	-0.01690241
499.712	0.0015220833	-5.84587	-0.016927863
499.84	0.0015182395	-5.8459082	-0.016638744
499.968	0.0015188921	-5.8459374	-0.017688329
