0	0.030837737	-5.81947	0.065905708
0.128	0.030187097	-5.8191824	0.067839527
0.256	0.03052789	-5.819348	0.06835396
0.384	0.030663135	-5.8192867	0.070745679
0.512	0.030476281	-5.8193214	0.068725408
0.64	0.030432859	-5.8196232	0.065774656
0.768	0.030529296	-5.8197227	0.067456572
0.896	0.029730176	-5.8186221	0.071120588
1.024	0.030440939	-5.8193617	0.064415646
1.152	0.029841059	-5.8193964	0.066734254
1.28	0.030218389	-5.8199649	0.066593407
1.408	0.029520669	-5.8193799	0.067511378
1.536	0.030243878	-5.8207627	0.065899826
1.664	0.030023446	-5.8205699	0.067373043
1.792	0.029987274	-5.8199795	0.068133142
1.92	0.030012844	-5.8200105	0.066694253
2.048	0.029603882	-5.819862	0.066978879
2.176	0.029740004	-5.8201993	0.066639827
2.304	0.030084368	-5.820492	0.065555551
2.432	0.029788108	-5.8201329	0.067089086
2.56	0.029255707	-5.8198167	0.064130494
2.688	0.029777107	-5.8206001	0.05948875
2.816	0.02978658	-5.8202817	0.062570045
2.944	0.030325045	-5.8210912	0.06192947
3.072	0.029696259	-5.820904	0.061130391
3.2	0.029939391	-5.8212155	0.059025634
3.328	0.029286532	-5.8206898	0.067975058
3.456	0.029555598	-5.820748	0.066023892
3.584	0.029592458	-5.8208341	0.065233238
3.712	0.02997997	-5.8211269	0.063731212
3.84	0.029539301	-5.820747	0.062023854
3.968	0.029556398	-5.8206132	0.061569895
4.096	0.029665905	-5.8209077	0.064331391
4.224	0.029483387	-5.820771	0.067872316
4.352	0.029902115	-5.8207891	0.067408701
4.48	0.029678832	-5.8206378	0.066697632
4.608	0.029858654	-5.8208082	0.06710756
4.736	0.029894746	-5.8205415	0.064724788
4.864	0.029915816	-5.8203084	0.064786957
4.992	0.030039392	-5.8203352	0.063912957
5.12	0.029991017	-5.820335	0.0623073
5.248	0.029999929	-5.8204815	0.066079933
5.376	0.029765194	-5.8204501	0.069588893
5.504	0.030357717	-5.8205331	0.068718636
5.632	0.030170759	-5.8205615	0.067929937
5.76	0.030870289	-5.8211223	0.064957799
5.888	0.030385846	-5.8204691	0.069160949
6.016	0.029937959	-5.8205675	0.068612213
6.144	0.030300424	-5.8207683	0.070151892
6.272	0.03073242	-5.8208606	0.069499664
6.4	0.0300793	-5.8205398	0.06580755
6.528	0.030800863	-5.8211292	0.06795005
6.656	0.030638701	-5.8212788	0.06983126
6.784	0.030566518	-5.8214441	0.07143917
6.912	0.029845592	-5.8203597	0.074293567
7.04	0.029774082	-5.8203998	0.072361761
7.168	0.030033473	-5.8207264	0.070845191
7.296	0.030503378	-5.8211572	0.068923223
7.424	0.030168911	-5.8209097	0.06783786
7.552	0.030598833	-5.8214447	0.068620541
7.68	0.030271977	-5.8211893	0.071095171
7.808	0.03004959	-5.8210061	0.070233743
7.936	0.030002488	-5.8209071	0.068554567
8.064	0.030057453	-5.8214935	0.068697624
8.192	0.030241251	-5.8215459	0.068208528
8.32	0.030122474	-5.8214382	0.066143354
8.448	0.029690391	-5.821284	0.066361532
8.576	0.030256317	-5.822096	0.066524963
8.704	0.029884845	-5.8215608	0.065351713
8.832	0.029288049	-5.8209013	0.067105969
8.96	0.029670272	-5.8212945	0.064693839
9.088	0.02950779	-5.8212596	0.066577278
9.216	0.029745088	-5.8214541	0.069208501
9.344	0.029057229	-5.821059	0.071799141
9.472	0.029840506	-5.8217818	0.067075631
9.6	0.029607357	-5.8219026	0.066797735
9.728	0.029477584	-5.8215892	0.066824047
9.856	0.029799346	-5.8218242	0.064040022
9.984	0.029497695	-5.8215414	0.068211698
10.112	0.029803912	-5.8216697	0.069144129
10.24	0.029457032	-5.8214758	0.072346841
10.368	0.029668017	-5.8217133	0.071258717
10.496	0.030196802	-5.8220702	0.068913048
10.624	0.029697251	-5.8214	0.067671945
10.752	0.030388754	-5.8223794	0.068006748
10.88	0.029864994	-5.8217707	0.070875328
11.008	0.029741416	-5.8213797	0.068468642
11.136	0.029844661	-5.8212586	0.069422576
11.264	0.030227341	-5.8215085	0.067944902
11.392	0.030320257	-5.8216049	0.06574946
11.52	0.029708582	-5.820652	0.069742377
11.648	0.03012567	-5.8210592	0.066715259
11.776	0.029893341	-5.820795	0.067052507
11.904	0.03048736	-5.8215175	0.071020906
12.032	0.030241122	-5.8211739	0.074070883
12.16	0.030486389	-5.8215556	0.070737611
12.288	0.030276063	-5.8209059	0.067787365
12.416	0.030411066	-5.8214138	0.064661077
12.544	0.030559923	-5.821541	0.066960222
12.672	0.030234668	-5.8209315	0.068050596
12.8	0.030341986	-5.8210689	0.06704293
12.928	0.030417249	-5.8211982	0.067523131
13.056	0.031120552	-5.8217821	0.067356267
13.184	0.030265036	-5.8208262	0.070530027
13.312	0.03007543	-5.8207854	0.06553987
13.44	0.030641048	-5.8216003	0.066304095
13.568	0.03079391	-5.82232	0.070493269
13.696	0.030369964	-5.8222002	0.071971875
13.824	0.0297124	-5.8212331	0.074085077
13.952	0.03031965	-5.8218234	0.069337806
14.08	0.030195625	-5.8215721	0.068381993
14.208	0.030380991	-5.8220178	0.06350693
14.336	0.030025386	-5.8218092	0.065286235
14.464	0.030037762	-5.8218793	0.071138996
14.592	0.02984877	-5.8218686	0.067378836
14.72	0.029751148	-5.8220264	0.064585763
14.848	0.02986707	-5.8220955	0.068418505
14.976	0.029798246	-5.8225402	0.068639088
15.104	0.029967252	-5.8226992	0.065729824
15.232	0.029477652	-5.8224648	0.069498628
15.36	0.029746619	-5.8228245	0.066802929
15.488	0.029362208	-5.8224947	0.070988321
15.616	0.029549507	-5.8228058	0.070927228
15.744	0.029875858	-5.8235601	0.067015891
15.872	0.029699407	-5.8230055	0.064127686
16	0.0289764	-5.8223952	0.064355521
16.128	0.029359901	-5.8224732	0.065599964
16.256	0.029791739	-5.8230582	0.062710793
16.384	0.029467791	-5.8230202	0.065635491
16.512	0.028989375	-5.8222168	0.067961089
16.64	0.029537552	-5.8228708	0.06570879
16.768	0.029822436	-5.8227825	0.065028831
16.896	0.029548022	-5.8223464	0.062600464
17.024	0.029940103	-5.8232867	0.066151725
17.152	0.030353168	-5.8232362	0.064991625
17.28	0.028907157	-5.8218965	0.064884409
17.408	0.030329417	-5.8232641	0.062002946
17.536	0.029398394	-5.8218697	0.065705488
17.664	0.030000007	-5.8223167	0.065670793
17.792	0.029825079	-5.8220877	0.066957401
17.92	0.030876896	-5.8228321	0.0666545
18.048	0.029946038	-5.8217769	0.067116909
18.176	0.030489471	-5.8223785	0.06772704
18.304	0.029892244	-5.8215375	0.068480896
18.432	0.030185243	-5.8219024	0.06622357
18.56	0.030630882	-5.822398	0.062639772
18.688	0.030433786	-5.8218721	0.063216073
18.816	0.029943755	-5.8214624	0.065953886
18.944	0.031024276	-5.8229393	0.062505843
19.072	0.030591633	-5.8222336	0.068479975
19.2	0.030264252	-5.8220902	0.072654015
19.328	0.030317735	-5.8222831	0.065322292
19.456	0.030300517	-5.8219161	0.064840042
19.584	0.030951955	-5.8225279	0.066346396
19.712	0.030601342	-5.8221711	0.06306471
19.84	0.030170994	-5.8216652	0.065405872
19.968	0.03039825	-5.8222527	0.068912304
20.096	0.030338695	-5.8221442	0.067116737
20.224	0.029852999	-5.821696	0.067684901
20.352	0.03054446	-5.8225408	0.06758832
20.48	0.03023414	-5.8223786	0.069180306
20.608	0.030313404	-5.822345	0.071100398
20.736	0.030337271	-5.8223227	0.068857541
20.864	0.029794116	-5.8220285	0.070104626
20.992	0.030109617	-5.8224489	0.066222243
21.12	0.029615885	-5.8221833	0.06631082
21.248	0.029771782	-5.8225805	0.067398719
21.376	0.029886796	-5.8226715	0.069363021
21.504	0.029871964	-5.8224802	0.069345363
21.632	0.030045618	-5.8230929	0.066268117
21.76	0.029283412	-5.8225478	0.064829148
21.888	0.029590611	-5.8229599	0.064646624
22.016	0.029413493	-5.8225333	0.06630415
22.144	0.029179977	-5.8226637	0.065398785
22.272	0.029320195	-5.8229236	0.066098963
22.4	0.029950239	-5.8233386	0.063836979
22.528	0.02959126	-5.8227819	0.067164013
22.656	0.029408996	-5.8223815	0.06892992
22.784	0.029501431	-5.8227079	0.069212316
22.912	0.029899678	-5.8231705	0.063169034
23.04	0.029702822	-5.822947	0.06436031
23.168	0.029859399	-5.8230336	0.06404465
23.296	0.02941633	-5.8225228	0.066893357
23.424	0.029503943	-5.8226303	0.066412142
23.552	0.0296268	-5.8223381	0.067462514
23.68	0.029892757	-5.8224597	0.066971563
23.808	0.029666733	-5.8220963	0.062194203
23.936	0.030124124	-5.8225974	0.063283567
24.064	0.030342849	-5.8230629	0.066896778
24.192	0.030257286	-5.8227741	0.067926926
24.32	0.030432866	-5.822773	0.069970418
24.448	0.030175283	-5.8223605	0.069265983
24.576	0.030373933	-5.8222936	0.063900759
24.704	0.030213979	-5.8220756	0.067191405
24.832	0.030326296	-5.8220118	0.069430122
24.96	0.030112073	-5.8215981	0.067131435
25.088	0.029842145	-5.8213125	0.068437443
25.216	0.030732007	-5.8220788	0.066509294
25.344	0.030569059	-5.8218613	0.070540085
25.472	0.030831219	-5.8221066	0.068903918
25.6	0.030321628	-5.8217005	0.072080509
25.728	0.030461567	-5.8217573	0.072121166
25.856	0.030448505	-5.8219106	0.071888898
25.984	0.030521656	-5.8221676	0.070654278
26.112	0.030268382	-5.8219768	0.069209112
26.24	0.030720733	-5.8223533	0.068053734
26.368	0.03013246	-5.8218841	0.066535864
26.496	0.030706577	-5.8226663	0.064020084
26.624	0.030221117	-5.8224099	0.068615403
26.752	0.030181547	-5.8223824	0.065822837
26.88	0.030310301	-5.8225837	0.065600718
27.008	0.030303806	-5.822705	0.066467904
27.136	0.029491569	-5.8218344	0.067709571
27.264	0.030157458	-5.8225102	0.064314384
27.392	0.029672722	-5.8225083	0.06566388
27.52	0.02974592	-5.822469	0.064009596
27.648	0.029640058	-5.8225662	0.062331218
27.776	0.030071924	-5.8230972	0.062505985
27.904	0.029953664	-5.8227268	0.067329762
28.032	0.02952214	-5.8227026	0.067134866
28.16	0.02910324	-5.8224465	0.067757374
28.288	0.030020849	-5.8232926	0.063308758
28.416	0.029319256	-5.8226609	0.065140579
28.544	0.029170582	-5.822361	0.065532584
28.672	0.029784626	-5.8228404	0.060015538
28.8	0.029619864	-5.8228639	0.063818862
28.928	0.029421778	-5.8227274	0.066050277
29.056	0.029615971	-5.823088	0.063256141
29.184	0.029939713	-5.8232023	0.066005006
29.312	0.029346553	-5.8226557	0.067898489
29.44	0.029766487	-5.8231708	0.061766394
29.568	0.030070505	-5.8235844	0.064448032
29.696	0.029650694	-5.8228644	0.07114423
29.824	0.029540834	-5.8224988	0.067885083
29.952	0.030721406	-5.8234626	0.061724996
30.08	0.029587559	-5.8223076	0.067233274
30.208	0.030181119	-5.8226283	0.061205704
30.336	0.030075325	-5.8226903	0.063124039
30.464	0.030201767	-5.8224276	0.066038887
30.592	0.030027557	-5.8220962	0.067974726
30.72	0.029976313	-5.8220512	0.067905185
30.848	0.030116102	-5.8220733	0.066845032
30.976	0.030331095	-5.8222489	0.067496244
31.104	0.030406492	-5.8220388	0.063474786
31.232	0.030349311	-5.8217827	0.063645044
31.36	0.030781454	-5.8221381	0.065077339
31.488	0.029978101	-5.8214358	0.068651851
31.616	0.03099444	-5.8225749	0.067340813
31.744	0.030306735	-5.8218759	0.069478445
31.872	0.03029461	-5.8219595	0.067808191
32	0.030547307	-5.8222694	0.068378164
32.128	0.030717161	-5.8222569	0.067255019
32.256	0.030450515	-5.8221014	0.066337009
32.384	0.030037714	-5.8220116	0.067760453
32.512	0.030480035	-5.8225594	0.068965059
32.64	0.029866636	-5.8217722	0.067058889
32.768	0.030586213	-5.8226021	0.063994422
32.896	0.029915063	-5.8222114	0.065582486
33.024	0.030321375	-5.8223451	0.064177191
33.152	0.030106293	-5.8221496	0.067417589
33.28	0.029956679	-5.8224056	0.06729207
33.408	0.029178171	-5.8219436	0.066141149
33.536	0.030258381	-5.8227094	0.064096658
33.664	0.030016133	-5.8226153	0.064982222
33.792	0.029603036	-5.8224849	0.064985451
33.92	0.029634898	-5.822628	0.065611091
34.048	0.029575341	-5.8226782	0.067350051
34.176	0.02975788	-5.8230733	0.063587282
34.304	0.029637417	-5.8227332	0.061307343
34.432	0.030101542	-5.8231335	0.063985443
34.56	0.029220319	-5.8220332	0.066175284
34.688	0.029460529	-5.8225015	0.064311401
34.816	0.029887694	-5.8232484	0.064984566
34.944	0.029739176	-5.8229523	0.064982441
35.072	0.029656453	-5.8229677	0.065914397
35.2	0.029685928	-5.8229591	0.060697077
35.328	0.029468092	-5.8222639	0.062756315
35.456	0.029664235	-5.8228883	0.064253737
35.584	0.029567796	-5.822549	0.062772905
35.712	0.029427147	-5.8225631	0.062596401
35.84	0.030041257	-5.8231902	0.064655319
35.968	0.029567257	-5.8229555	0.069290154
36.096	0.029733806	-5.8225336	0.067859031
36.224	0.03006517	-5.8226374	0.06382416
36.352	0.030089076	-5.8229247	0.065074985
36.48	0.030034263	-5.8227239	0.064675269
36.608	0.029786279	-5.8222164	0.063248652
36.736	0.030350796	-5.8224664	0.060790899
36.864	0.029960585	-5.8221883	0.061831012
36.992	0.030779303	-5.8231071	0.06379246
37.12	0.029898344	-5.8220476	0.068937604
37.248	0.030321821	-5.8217612	0.066475587
37.376	0.030355967	-5.8219648	0.065349935
37.504	0.030431337	-5.8222837	0.068412205
37.632	0.030279266	-5.8220178	0.06810298
37.76	0.030378915	-5.8221446	0.063929011
37.888	0.030749603	-5.8222511	0.06659079
38.016	0.030760252	-5.8224627	0.066326021
38.144	0.029990935	-5.8214386	0.070813246
38.272	0.030438218	-5.8217237	0.068112235
38.4	0.030843481	-5.8222132	0.064525377
38.528	0.030503596	-5.8221456	0.066016932
38.656	0.029759495	-5.8212884	0.064751853
38.784	0.030191131	-5.8219189	0.062222912
38.912	0.030092192	-5.8218203	0.063239749
39.04	0.030778285	-5.8228533	0.064132531
39.168	0.030006303	-5.822719	0.065630738
39.296	0.030017148	-5.8225776	0.064623098
39.424	0.030145222	-5.8222918	0.065503969
39.552	0.030123001	-5.8224969	0.068420071
39.68	0.030113817	-5.8228267	0.068448588
39.808	0.029542062	-5.8224107	0.068850355
39.936	0.029791311	-5.8226907	0.066148146
40.064	0.029466643	-5.8222543	0.065679307
40.192	0.029636329	-5.8226994	0.064059599
40.32	0.029923831	-5.8233386	0.061416637
40.448	0.029694276	-5.8228866	0.060664308
40.576	0.029585304	-5.8228444	0.061989708
40.704	0.02923408	-5.8225433	0.067820646
40.832	0.029797698	-5.8231149	0.065327138
40.96	0.02944878	-5.822938	0.066482964
41.088	0.029873542	-5.8230031	0.066953459
41.216	0.029192705	-5.8226919	0.066497686
41.344	0.029589063	-5.8231587	0.063942363
41.472	0.029603396	-5.8228568	0.066472885
41.6	0.029856305	-5.8232434	0.064656661
41.728	0.029462744	-5.8225503	0.063632019
41.856	0.029598144	-5.8230996	0.063534009
41.984	0.030100348	-5.823321	0.063118878
42.112	0.029784979	-5.822763	0.063461967
42.24	0.029979977	-5.8228444	0.063658185
42.368	0.030036104	-5.822774	0.064100201
42.496	0.03008133	-5.8227965	0.063900557
42.624	0.029996597	-5.8224179	0.065132258
42.752	0.030442641	-5.823021	0.062891654
42.88	0.030062912	-5.8224677	0.062579471
43.008	0.030896983	-5.8230218	0.060784625
43.136	0.030278943	-5.8226607	0.064517344
43.264	0.030770737	-5.8231312	0.065406506
43.392	0.030267633	-5.822851	0.070415987
43.52	0.030674982	-5.8229501	0.061919726
43.648	0.030330805	-5.8224876	0.0638997
43.776	0.030602859	-5.823038	0.065418633
43.904	0.030205126	-5.8225992	0.062652004
44.032	0.030301718	-5.8228749	0.064968286
44.16	0.030010724	-5.8226458	0.067877631
44.288	0.030878225	-5.8237998	0.062065289
44.416	0.029963453	-5.8228633	0.063695801
44.544	0.030436093	-5.8233196	0.063271358
44.672	0.030140782	-5.823249	0.063862675
44.8	0.029891309	-5.8227773	0.064021615
44.928	0.030196582	-5.8233755	0.062854917
45.056	0.02979797	-5.8226619	0.063554807
45.184	0.03017955	-5.8236496	0.06251485
45.312	0.02944096	-5.8232836	0.065301824
45.44	0.030031778	-5.8235307	0.064502014
45.568	0.029669537	-5.8232791	0.062808174
45.696	0.029685865	-5.8232368	0.060563749
45.824	0.029710367	-5.8236116	0.063362244
45.952	0.02956124	-5.8234031	0.059301644
46.08	0.029581349	-5.8234061	0.056759621
46.208	0.029594206	-5.8234448	0.057243071
46.336	0.029589896	-5.8233121	0.060645619
46.464	0.029679832	-5.8233973	0.059826616
46.592	0.029707798	-5.8235773	0.059915452
46.72	0.029718747	-5.823516	0.059471851
46.848	0.029293793	-5.8227592	0.057593539
46.976	0.029064355	-5.8231644	0.062310489
47.104	0.030191579	-5.8243022	0.061539242
47.232	0.029960939	-5.8240971	0.059521018
47.36	0.02999883	-5.8238106	0.059526779
47.488	0.029470961	-5.8232456	0.063807161
47.616	0.029626847	-5.8230496	0.06113434
47.744	0.030256794	-5.823913	0.058529945
47.872	0.029994323	-5.8238715	0.058702843
48	0.030238541	-5.8236984	0.058005779
48.128	0.030034917	-5.8235702	0.059030698
48.256	0.030349066	-5.8238871	0.057722878
48.384	0.030403199	-5.8242579	0.059245589
48.512	0.029990233	-5.8235723	0.059255728
48.64	0.029985483	-5.8233016	0.063780337
48.768	0.030225657	-5.8233731	0.060921027
48.896	0.030755288	-5.8239153	0.058016365
49.024	0.029549904	-5.8225581	0.06444093
49.152	0.03021761	-5.8232857	0.060713607
49.28	0.030747663	-5.823888	0.058785872
49.408	0.029693466	-5.8225762	0.062176906
49.536	0.030557676	-5.8236405	0.059523054
49.664	0.030241615	-5.8233796	0.059064853
49.792	0.029894731	-5.8229676	0.062458118
49.92	0.030247897	-5.8235999	0.06177222
50.048	0.030374975	-5.8234404	0.058058717
50.176	0.02973466	-5.8229493	0.059712754
50.304	0.030345401	-5.8238515	0.059009335
50.432	0.030200763	-5.8236987	0.057344291
50.56	0.029953021	-5.8237458	0.058599053
50.688	0.030439894	-5.8239146	0.058641178
50.816	0.029989924	-5.8233534	0.061940157
50.944	0.029983837	-5.8236475	0.059210195
51.072	0.030088464	-5.8239733	0.059277184
51.2	0.029762332	-5.8237107	0.056921425
51.328	0.029420844	-5.8232526	0.056812304
51.456	0.030231236	-5.8238443	0.056015952
51.584	0.029780859	-5.8235672	0.061034579
51.712	0.029477885	-5.8235935	0.062430683
51.84	0.029694107	-5.8239749	0.058205449
51.968	0.030221327	-5.8242755	0.059176389
52.096	0.029827583	-5.8241559	0.057030971
52.224	0.029779384	-5.8237914	0.054735045
52.352	0.029257158	-5.8233602	0.059592097
52.48	0.030372112	-5.8244688	0.053984372
52.608	0.02948956	-5.8238078	0.05584478
52.736	0.03008982	-5.8245132	0.056308761
52.864	0.029500227	-5.8237029	0.057998843
52.992	0.030367675	-5.8246834	0.056479219
53.12	0.029446221	-5.8235466	0.056861132
53.248	0.02960317	-5.8238306	0.056275231
53.376	0.030457932	-5.8245864	0.054184219
53.504	0.029267239	-5.8231678	0.056631332
53.632	0.029862705	-5.8239244	0.053782524
53.76	0.029411436	-5.8233859	0.052940568
53.888	0.029577724	-5.823391	0.056954725
54.016	0.030110055	-5.8238904	0.058806147
54.144	0.029864423	-5.8239105	0.056934547
54.272	0.029607612	-5.8235137	0.055479378
54.4	0.030207808	-5.8238305	0.057853119
54.528	0.029819332	-5.8235042	0.057422869
54.656	0.030049261	-5.8236197	0.059212162
54.784	0.029808875	-5.8235598	0.059386263
54.912	0.03036274	-5.8237384	0.057750434
55.04	0.030460681	-5.8236601	0.054787291
55.168	0.030015533	-5.8231988	0.056733583
55.296	0.030626608	-5.8236816	0.054942189
55.424	0.030150853	-5.8232101	0.055448102
55.552	0.029590829	-5.8227024	0.057371725
55.68	0.030466201	-5.8241783	0.056657319
55.808	0.030251163	-5.8235195	0.059147581
55.936	0.030512934	-5.8239617	0.055525432
56.064	0.030315637	-5.8236209	0.059075799
56.192	0.030845087	-5.8241375	0.058142746
56.32	0.03029588	-5.8236717	0.059921663
56.448	0.03084846	-5.8242351	0.059360745
56.576	0.030157193	-5.823452	0.060374055
56.704	0.030353886	-5.8237362	0.057126735
56.832	0.030217719	-5.8234955	0.057737936
56.96	0.029871028	-5.8233463	0.059048041
57.088	0.030312126	-5.8238171	0.054353111
57.216	0.029979897	-5.8234938	0.056749529
57.344	0.030076827	-5.8237946	0.056031616
57.472	0.030330282	-5.824192	0.054845541
57.6	0.029804569	-5.8238996	0.059029914
57.728	0.028979323	-5.8232632	0.060537104
57.856	0.030108394	-5.8245497	0.057333228
57.984	0.029907895	-5.8242525	0.058173205
58.112	0.030146919	-5.8248187	0.055641153
58.24	0.029428254	-5.8241883	0.057942778
58.368	0.029346762	-5.8240725	0.055102028
58.496	0.030101721	-5.8250292	0.055273757
58.624	0.029995873	-5.8251291	0.057098893
58.752	0.02916822	-5.8244529	0.054400049
58.88	0.029863791	-5.8246993	0.055239844
59.008	0.029262441	-5.8241557	0.055269792
59.136	0.029840742	-5.8247334	0.051366103
59.264	0.029940617	-5.8249052	0.053908827
59.392	0.029106365	-5.8240087	0.055088885
59.52	0.029610413	-5.8243367	0.053243673
59.648	0.029539455	-5.8242761	0.056312611
59.776	0.030286434	-5.8251812	0.053515996
59.904	0.029822523	-5.8250445	0.054545174
60.032	0.029113018	-5.823972	0.057935712
60.16	0.029871499	-5.824488	0.059000172
60.288	0.02971428	-5.8239741	0.059231676
60.416	0.02998287	-5.8243946	0.056062642
60.544	0.029721641	-5.8239806	0.056006027
60.672	0.030435097	-5.8245341	0.056224354
60.8	0.030205188	-5.8240692	0.056028243
60.928	0.029918971	-5.8239271	0.05407128
61.056	0.030043805	-5.823928	0.055455656
61.184	0.030510211	-5.824407	0.058803259
61.312	0.029978406	-5.8239583	0.059215011
61.44	0.030226407	-5.8238635	0.054891104
61.568	0.030692023	-5.8245123	0.054533026
61.696	0.030497063	-5.8241348	0.055502498
61.824	0.030584568	-5.8239962	0.054328932
61.952	0.030183007	-5.8236427	0.049981724
62.08	0.030180805	-5.8235494	0.052886464
62.208	0.030465747	-5.8234907	0.05695648
62.336	0.030240104	-5.8236285	0.055841173
62.464	0.03036526	-5.8235884	0.055570891
62.592	0.030531097	-5.8237516	0.055554927
62.72	0.030245265	-5.8235335	0.055506577
62.848	0.0302496	-5.8240097	0.058060474
62.976	0.030278226	-5.8240046	0.057320591
63.104	0.030567015	-5.8240588	0.054390402
63.232	0.029671585	-5.8235198	0.059261714
63.36	0.030285394	-5.8244336	0.058174731
63.488	0.029766324	-5.8239661	0.057078091
63.616	0.030493532	-5.8244102	0.052760642
63.744	0.030100603	-5.8241453	0.054921958
63.872	0.029762067	-5.8243737	0.055850617
64	0.029714578	-5.8243923	0.057938832
64.128	0.029800811	-5.8247867	0.055310247
64.256	0.029518668	-5.8246011	0.055450296
64.384	0.029514272	-5.8244479	0.057771047
64.512	0.0298	-5.8246592	0.052897234
64.64	0.029631581	-5.824469	0.052369905
64.768	0.029325817	-5.8245216	0.054415481
64.896	0.029502764	-5.8250503	0.050513956
65.024	0.029748731	-5.8251511	0.05315615
65.152	0.029638566	-5.8249127	0.058108616
65.28	0.029255652	-5.8246476	0.058555429
65.408	0.029608639	-5.8252313	0.054934586
65.536	0.029791025	-5.8250801	0.056711203
65.664	0.029389814	-5.8247301	0.057113815
65.792	0.029490816	-5.8248132	0.055478699
65.92	0.029689771	-5.824946	0.055999924
66.048	0.029281149	-5.82421	0.055134682
66.176	0.029654143	-5.8246222	0.055690642
66.304	0.030009826	-5.8247499	0.05504518
66.432	0.029251809	-5.8238218	0.05848036
66.56	0.030024879	-5.8246414	0.05366794
66.688	0.029728625	-5.8240826	0.055992833
66.816	0.029797372	-5.8243564	0.054651346
66.944	0.030157508	-5.8244729	0.053983468
67.072	0.030009627	-5.8242576	0.055354148
67.2	0.029634797	-5.8236392	0.05870004
67.328	0.030744376	-5.824801	0.054655295
67.456	0.030061754	-5.8237165	0.055576632
67.584	0.030279781	-5.8240177	0.053838259
67.712	0.030138616	-5.8235332	0.055438696
67.84	0.030541175	-5.8237673	0.056704795
67.968	0.030685026	-5.8238608	0.058029129
68.096	0.030656632	-5.8239564	0.055888197
68.224	0.030264597	-5.823649	0.057904572
68.352	0.031047005	-5.8244263	0.057608096
68.48	0.030289955	-5.8235796	0.06073183
68.608	0.030357912	-5.8238043	0.057609701
68.736	0.030463656	-5.8237017	0.054885507
68.864	0.03111205	-5.8246429	0.053730314
68.992	0.030312029	-5.8240471	0.057144968
69.12	0.029981096	-5.8239458	0.056969673
69.248	0.030584663	-5.8240187	0.056055782
69.376	0.030333026	-5.8241084	0.056341399
69.504	0.030940912	-5.8248549	0.051678217
69.632	0.029485457	-5.8233509	0.056983284
69.76	0.029963748	-5.8240406	0.053315459
69.888	0.030001957	-5.8239076	0.056241651
70.016	0.029948632	-5.8239876	0.058268454
70.144	0.030038767	-5.82487	0.052867612
70.272	0.029660469	-5.8244393	0.053347081
70.4	0.029780226	-5.8249381	0.053212327
70.528	0.029816783	-5.8252225	0.052515917
70.656	0.029577981	-5.8250905	0.056996858
70.784	0.029697865	-5.8250068	0.054877423
70.912	0.029294411	-5.8248876	0.053622102
71.04	0.029691243	-5.8251099	0.053126794
71.168	0.029808993	-5.8253676	0.053204721
71.296	0.029228522	-5.8248064	0.054475735
71.424	0.029478211	-5.8245498	0.054733963
71.552	0.029797927	-5.8252395	0.051487769
71.68	0.029270572	-5.8244161	0.054655217
71.808	0.029378756	-5.8243505	0.055103964
71.936	0.029740085	-5.8249572	0.05442117
72.064	0.029067618	-5.82433	0.056632193
72.192	0.029649577	-5.8247493	0.055776674
72.32	0.029418881	-5.8243866	0.057690483
72.448	0.029777635	-5.8248457	0.057860866
72.576	0.029339942	-5.8242646	0.057564963
72.704	0.029445656	-5.8243894	0.057700203
72.832	0.029978002	-5.8247839	0.054584643
72.96	0.030267198	-5.8248433	0.056991204
73.088	0.030216402	-5.8246783	0.060758275
73.216	0.03013456	-5.8244715	0.055455055
73.344	0.030037948	-5.8243057	0.055003775
73.472	0.030283729	-5.8244085	0.057944162
73.6	0.030392111	-5.8240632	0.056237835
73.728	0.030583952	-5.8241316	0.053230986
73.856	0.030202414	-5.8238604	0.056699447
73.984	0.030059313	-5.823538	0.057203975
74.112	0.030532829	-5.8238479	0.05634711
74.24	0.03072593	-5.8239396	0.055283393
74.368	0.030141168	-5.8232246	0.05679112
74.496	0.030210003	-5.8235605	0.057616351
74.624	0.030932634	-5.8244107	0.05755992
74.752	0.030704947	-5.8242386	0.055789213
74.88	0.030211208	-5.8237389	0.059146932
75.008	0.030681438	-5.8243269	0.058213009
75.136	0.030508686	-5.8240305	0.058787428
75.264	0.030407224	-5.8243198	0.05735822
75.392	0.029939683	-5.823747	0.05736891
75.52	0.030411009	-5.8239437	0.054388155
75.648	0.030415937	-5.8241476	0.055798325
75.776	0.030296596	-5.8239549	0.0598755
75.904	0.029867843	-5.8238156	0.05637989
76.032	0.030278436	-5.8241594	0.054564815
76.16	0.030187285	-5.8249663	0.0539712
76.288	0.030246207	-5.8251386	0.054018249
76.416	0.030310124	-5.8249881	0.056741704
76.544	0.029541966	-5.8245419	0.057146721
76.672	0.029929149	-5.8249119	0.051475452
76.8	0.029576457	-5.8247079	0.054811535
76.928	0.029403868	-5.8244649	0.056036286
77.056	0.029537259	-5.8245644	0.052070762
77.184	0.029922017	-5.825048	0.051834942
77.312	0.029623948	-5.8249041	0.055539306
77.44	0.029524266	-5.824754	0.056996886
77.568	0.029691569	-5.8253126	0.052583334
77.696	0.029585007	-5.824861	0.05425503
77.824	0.029036536	-5.8240723	0.059073181
77.952	0.029242304	-5.8243505	0.051526784
78.08	0.029804013	-5.8250704	0.047069471
78.208	0.029380739	-5.8248108	0.05544466
78.336	0.029874961	-5.8251954	0.055463566
78.464	0.029266178	-5.8245404	0.056695143
78.592	0.029452145	-5.8247736	0.056368637
78.72	0.029426505	-5.824528	0.055934018
78.848	0.029869055	-5.8246801	0.051633825
78.976	0.029503875	-5.8243801	0.055476106
79.104	0.029899662	-5.8244663	0.053919538
79.232	0.0299503	-5.8243621	0.054654436
79.36	0.030379968	-5.8246955	0.055710252
79.488	0.030216279	-5.8246152	0.053874687
79.616	0.02991917	-5.8240635	0.055280584
79.744	0.030324582	-5.8245788	0.053812737
79.872	0.030113068	-5.8241336	0.056869893
80	0.029861624	-5.8234844	0.059347273
80.128	0.030565005	-5.8243881	0.054674913
80.256	0.030203912	-5.8240943	0.059664416
80.384	0.030431789	-5.8241793	0.057642453
80.512	0.030761348	-5.8243707	0.05640691
80.64	0.030184578	-5.8236849	0.060108896
80.768	0.030499129	-5.8239218	0.057576651
80.896	0.030236632	-5.823488	0.055941879
81.024	0.030427414	-5.8239772	0.053434299
81.152	0.030636668	-5.8243006	0.057218346
81.28	0.030149668	-5.8238578	0.056915066
81.408	0.030699393	-5.8242317	0.051198663
81.536	0.030083894	-5.8236686	0.05572484
81.664	0.030371426	-5.8240308	0.057738201
81.792	0.029884816	-5.823434	0.054115912
81.92	0.030144808	-5.8237363	0.053192977
82.048	0.030593823	-5.8242279	0.05695538
82.176	0.03056552	-5.8243037	0.057002061
82.304	0.030013183	-5.8241426	0.060284445
82.432	0.029633042	-5.8242121	0.059045126
82.56	0.030582891	-5.8251777	0.055453643
82.688	0.029972258	-5.8247776	0.056673279
82.816	0.030043294	-5.8249695	0.053199663
82.944	0.0301023	-5.8251322	0.053387167
83.072	0.029776178	-5.8249477	0.056102782
83.2	0.029658736	-5.8246684	0.058718224
83.328	0.029674401	-5.8247819	0.056898364
83.456	0.02954632	-5.8245502	0.05265925
83.584	0.029033171	-5.8240884	0.052687229
83.712	0.029707938	-5.824944	0.050347214
83.84	0.029719517	-5.8254073	0.05367815
83.968	0.02925048	-5.8243812	0.057386748
84.096	0.029928519	-5.8253302	0.055621778
84.224	0.029522548	-5.8250622	0.056952223
84.352	0.029210982	-5.8246668	0.055762127
84.48	0.029635724	-5.8250178	0.05420938
84.608	0.029691539	-5.8249949	0.05735145
84.736	0.02920805	-5.8243939	0.058334969
84.864	0.029696076	-5.8245935	0.053707003
84.992	0.029909208	-5.8246695	0.055146472
85.12	0.029703859	-5.8245577	0.055866873
85.248	0.029991437	-5.8247786	0.05418122
85.376	0.02925983	-5.8238794	0.055517335
85.504	0.029710135	-5.8245449	0.053050227
85.632	0.029945599	-5.82455	0.052025131
85.76	0.030260136	-5.8248037	0.051777996
85.888	0.030079875	-5.8245644	0.055407333
86.016	0.030002188	-5.8241152	0.057888558
86.144	0.030020022	-5.8241815	0.058837382
86.272	0.030199584	-5.8242181	0.057233166
86.4	0.0303701	-5.8243514	0.059645422
86.528	0.030716476	-5.8245991	0.060304434
86.656	0.030154334	-5.8237095	0.055612149
86.784	0.030434893	-5.8241416	0.053881526
86.912	0.030398913	-5.8237531	0.055576297
87.04	0.03062839	-5.8238276	0.055042752
87.168	0.03029794	-5.8234946	0.059944779
87.296	0.03050708	-5.8235736	0.061357099
87.424	0.030495936	-5.8237298	0.059493512
87.552	0.030493016	-5.8239307	0.056946873
87.68	0.030461453	-5.8237824	0.057845617
87.808	0.030748852	-5.8239624	0.057589546
87.936	0.03047014	-5.8237654	0.057122392
88.064	0.030404615	-5.8239384	0.056406403
88.192	0.030643819	-5.8243386	0.055713352
88.32	0.030176953	-5.8239578	0.052980892
88.448	0.030044737	-5.8241688	0.052606059
88.576	0.029806924	-5.8238455	0.054781314
88.704	0.030353357	-5.8243037	0.054594108
88.832	0.030102282	-5.8241606	0.057623264
88.96	0.029384194	-5.8238357	0.05724931
89.088	0.030090775	-5.8248261	0.051019856
89.216	0.029790923	-5.8244623	0.055499486
89.344	0.029463585	-5.8241912	0.057549779
89.472	0.029392807	-5.8243699	0.053406994
89.6	0.029925211	-5.8251831	0.052523886
89.728	0.029818737	-5.8251951	0.054328866
89.856	0.029586399	-5.8251916	0.054280524
89.984	0.029106275	-5.824592	0.058061928
90.112	0.029511665	-5.8251695	0.055085324
90.24	0.029841372	-5.8254312	0.055080427
90.368	0.029248628	-5.824612	0.053183494
90.496	0.029449731	-5.8246058	0.050160188
90.624	0.029017844	-5.824433	0.050946493
90.752	0.029126137	-5.8244608	0.053153368
90.88	0.030018821	-5.8256846	0.050806036
91.008	0.02926581	-5.824685	0.059882829
91.136	0.030168197	-5.8251537	0.054927258
91.264	0.029386282	-5.8246075	0.054599308
91.392	0.029207909	-5.8241906	0.056943957
91.52	0.030055952	-5.8251324	0.053403155
91.648	0.029769426	-5.8246205	0.054533585
91.776	0.03008796	-5.8247941	0.053924681
91.904	0.03000881	-5.8245026	0.054440544
92.032	0.02969767	-5.8242406	0.056531194
92.16	0.030120432	-5.8244604	0.054132608
92.288	0.029989218	-5.8237228	0.054296287
92.416	0.029939894	-5.8237991	0.054604886
92.544	0.03012352	-5.8239471	0.056231371
92.672	0.029891019	-5.8234676	0.059468193
92.8	0.030580413	-5.82411	0.057160771
92.928	0.0308039	-5.8245268	0.055682624
93.056	0.030482379	-5.8240754	0.054124773
93.184	0.030074228	-5.8235433	0.058352284
93.312	0.031011879	-5.8244099	0.057660014
93.44	0.029940192	-5.8234073	0.058258141
93.568	0.030783747	-5.8242735	0.058400121
93.696	0.030207822	-5.8235804	0.057538011
93.824	0.030613684	-5.8240193	0.054822311
93.952	0.030734004	-5.8240303	0.054149545
94.08	0.030264962	-5.8236553	0.056201246
94.208	0.030976982	-5.8240811	0.054975421
94.336	0.030377996	-5.8237248	0.058399783
94.464	0.030907558	-5.8243692	0.057944547
94.592	0.030169014	-5.8243555	0.058737032
94.72	0.030041738	-5.8238382	0.058736388
94.848	0.030133053	-5.8238262	0.056668985
94.976	0.030177826	-5.8243354	0.057040143
95.104	0.029701073	-5.8240913	0.057182782
95.232	0.030089639	-5.8245977	0.052633805
95.36	0.029730771	-5.8243667	0.060304532
95.488	0.029923769	-5.8248622	0.0560562
95.616	0.030162645	-5.825277	0.055753121
95.744	0.029827756	-5.8248488	0.055236096
95.872	0.029495734	-5.8247059	0.053281122
96	0.029390712	-5.8244855	0.055030478
96.128	0.029664349	-5.825091	0.054749178
96.256	0.028868915	-5.8243983	0.057923321
96.384	0.029364505	-5.8244605	0.055053357
96.512	0.029581912	-5.8249814	0.054991169
96.64	0.029750769	-5.8249543	0.05720337
96.768	0.029354281	-5.8247053	0.056507938
96.896	0.029318654	-5.8245253	0.054719563
97.024	0.029864311	-5.8249014	0.054313419
97.152	0.029602535	-5.824866	0.057204577
97.28	0.029300769	-5.8244115	0.057690648
97.408	0.029663131	-5.8248245	0.055949998
97.536	0.029951374	-5.8250263	0.054169743
97.664	0.029750708	-5.8248181	0.055149283
97.792	0.029851945	-5.824721	0.054980464
97.92	0.029966492	-5.8248436	0.055154795
98.048	0.030360067	-5.8251463	0.051419802
98.176	0.029544061	-5.8244351	0.053416646
98.304	0.029841278	-5.8245847	0.055352005
98.432	0.029812051	-5.8237622	0.054399704
98.56	0.029959355	-5.8241515	0.054068592
98.688	0.030180376	-5.8242411	0.058688085
98.816	0.03037813	-5.8244665	0.055337821
98.944	0.030034957	-5.8237764	0.056410096
99.072	0.030778039	-5.8243546	0.057126193
99.2	0.029713635	-5.8233684	0.059838466
99.328	0.031213672	-5.8247114	0.054952152
99.456	0.030400036	-5.8238126	0.060468201
99.584	0.030568625	-5.8239177	0.056498775
99.712	0.030414061	-5.8235955	0.055589391
99.84	0.03039285	-5.8233637	0.058003277
99.968	0.030457444	-5.8240107	0.057835149
100.096	0.030382589	-5.8240116	0.060179718
100.224	0.030072326	-5.8234165	0.060577102
100.352	0.03065537	-5.8241382	0.058453109
100.48	0.0303131	-5.823898	0.05381958
100.608	0.030612347	-5.8243429	0.055692802
100.736	0.03016817	-5.8238908	0.057301831
100.864	0.029917716	-5.8237371	0.058515957
100.992	0.030849708	-5.8249878	0.054992343
101.12	0.030134536	-5.8243172	0.056928785
101.248	0.0301526	-5.8243836	0.058085924
101.376	0.030046543	-5.8242186	0.057432075
101.504	0.030371905	-5.8246708	0.0585688
101.632	0.030074651	-5.8247375	0.056902638
101.76	0.029998555	-5.8246304	0.053881581
101.888	0.02982663	-5.8248257	0.052492054
102.016	0.029506497	-5.8243142	0.054917784
102.144	0.029397744	-5.8246558	0.059025784
102.272	0.029635782	-5.8250132	0.058489218
102.4	0.030193617	-5.8252203	0.053629982
102.528	0.029794718	-5.8250129	0.051714294
102.656	0.029310532	-5.8245335	0.054179516
102.784	0.029516844	-5.8246358	0.054819238
102.912	0.029216177	-5.8242426	0.054431309
103.04	0.029849932	-5.8251049	0.053376885
103.168	0.029769239	-5.8252815	0.05596543
103.296	0.029379751	-5.8247729	0.057305692
103.424	0.029423378	-5.8248296	0.055070294
103.552	0.029692041	-5.8251223	0.051757183
103.68	0.029660877	-5.8252823	0.053425145
103.808	0.029598131	-5.8250507	0.055386247
103.936	0.029740687	-5.8249122	0.053177963
104.064	0.030002136	-5.8247778	0.054404548
104.192	0.029688055	-5.8242915	0.05687153
104.32	0.029920592	-5.8248376	0.060740431
104.448	0.030278033	-5.8251143	0.058507282
104.576	0.029514574	-5.8240871	0.06212501
104.704	0.030199872	-5.8246707	0.060632693
104.832	0.029844493	-5.8243978	0.057268471
104.96	0.030470755	-5.8245711	0.057236202
105.088	0.029894535	-5.8236359	0.056792925
105.216	0.0306461	-5.8243714	0.057917075
105.344	0.030363488	-5.8238071	0.059184885
105.472	0.030194689	-5.8238451	0.055705237
105.6	0.030410781	-5.8238829	0.057231441
105.728	0.030059568	-5.8235011	0.059702312
105.856	0.030561752	-5.8239716	0.056670643
105.984	0.030622159	-5.8239684	0.05563141
106.112	0.030535303	-5.8236236	0.055185579
106.24	0.030448228	-5.8235804	0.058266627
106.368	0.030574654	-5.8239612	0.054977016
106.496	0.030908122	-5.8243218	0.050712443
106.624	0.030031822	-5.8234872	0.057103908
106.752	0.03057402	-5.8239509	0.058266299
106.88	0.030302928	-5.8238191	0.059007224
107.008	0.030443071	-5.8239609	0.05789039
107.136	0.030225605	-5.8240367	0.058929968
107.264	0.030705706	-5.8245434	0.058881129
107.392	0.029608458	-5.8237169	0.059558165
107.52	0.030322358	-5.8245474	0.056896053
107.648	0.030068279	-5.8247172	0.056494573
107.776	0.030380447	-5.8253294	0.057713466
107.904	0.029674449	-5.824367	0.055968145
108.032	0.030168764	-5.8247234	0.053794828
108.16	0.029348829	-5.8239441	0.057382228
108.288	0.029819316	-5.8246314	0.053105522
108.416	0.029913668	-5.8249454	0.053893607
108.544	0.029606783	-5.8247488	0.052364571
108.672	0.02938224	-5.8246292	0.053430384
108.8	0.029419856	-5.8244467	0.056206991
108.928	0.029724938	-5.8249026	0.054623377
109.056	0.029474303	-5.8251717	0.055013666
109.184	0.029343821	-5.8248556	0.053204401
109.312	0.029329157	-5.8247406	0.051267133
109.44	0.029448655	-5.8245348	0.055653951
109.568	0.029389899	-5.824675	0.057371277
109.696	0.029941383	-5.8251636	0.055295209
109.824	0.029713356	-5.8251662	0.055380464
109.952	0.029230531	-5.8243839	0.056676274
110.08	0.029815283	-5.8249768	0.052918298
110.208	0.029963433	-5.8250185	0.051258612
110.336	0.029604474	-5.8244936	0.054805038
110.464	0.029907494	-5.8245786	0.052985677
110.592	0.029918689	-5.8248102	0.056107465
110.72	0.029811921	-5.8243768	0.058678123
110.848	0.030120579	-5.8248787	0.054868892
110.976	0.02949287	-5.8241013	0.053959876
111.104	0.030287639	-5.8242905	0.055709356
111.232	0.030045907	-5.8239464	0.057438805
111.36	0.030350961	-5.8242246	0.057724413
111.488	0.030116996	-5.8240451	0.056921691
111.616	0.030478353	-5.8242623	0.055546809
111.744	0.029677818	-5.8235894	0.058402476
111.872	0.030637518	-5.8246371	0.052690993
112	0.030421351	-5.8238181	0.054482842
112.128	0.030632822	-5.8240622	0.05644409
112.256	0.030402621	-5.8241098	0.060238027
112.384	0.030686412	-5.8241029	0.059664729
112.512	0.030332685	-5.8234919	0.060444245
112.64	0.030318526	-5.8237581	0.058343784
112.768	0.030944004	-5.824494	0.057796865
112.896	0.030108037	-5.8237216	0.061175177
113.024	0.030567551	-5.8241263	0.055165285
113.152	0.03027774	-5.8238396	0.052460866
113.28	0.030337181	-5.8242593	0.056224825
113.408	0.03001769	-5.8241167	0.058504088
113.536	0.03073079	-5.824659	0.052569999
113.664	0.030272416	-5.8242456	0.054008415
113.792	0.029473337	-5.8237266	0.056284828
113.92	0.030215712	-5.8244685	0.057587526
114.048	0.029757434	-5.8241316	0.059061971
114.176	0.030694564	-5.8254574	0.056618199
114.304	0.029827358	-5.824424	0.060501573
114.432	0.029743682	-5.8245444	0.057518888
114.56	0.029733442	-5.8246048	0.057986107
114.688	0.029666615	-5.8244345	0.053781824
114.816	0.029391397	-5.8247204	0.056341586
114.944	0.029963767	-5.8253177	0.054315421
115.072	0.029723727	-5.8250876	0.052091231
115.2	0.029240153	-5.8249087	0.054174596
115.328	0.029685245	-5.8252417	0.053442107
115.456	0.02914931	-5.824669	0.054589291
115.584	0.029593162	-5.8250096	0.051099629
115.712	0.029263933	-5.8245345	0.054195313
115.84	0.029809072	-5.8251019	0.050160958
115.968	0.029636306	-5.8250527	0.053402942
116.096	0.029525886	-5.8248033	0.052767512
116.224	0.029334348	-5.8243991	0.054756089
116.352	0.029583255	-5.8245803	0.054795493
116.48	0.029653245	-5.8244408	0.052557577
116.608	0.029911855	-5.8248262	0.053454268
116.736	0.029696777	-5.8246614	0.057824499
116.864	0.030248175	-5.8251556	0.056357528
116.992	0.030062875	-5.8245421	0.053520478
117.12	0.029686744	-5.824128	0.053420774
117.248	0.029460521	-5.823907	0.054448955
117.376	0.03009152	-5.8243371	0.052518976
117.504	0.030393122	-5.8244923	0.054134039
117.632	0.029952638	-5.8240576	0.057450241
117.76	0.030403219	-5.8242756	0.058410878
117.888	0.030163818	-5.8237761	0.058365223
118.016	0.030474569	-5.8240581	0.057178161
118.144	0.030300836	-5.8242331	0.059369478
118.272	0.030272785	-5.8239903	0.058212361
118.4	0.030263045	-5.8237632	0.060669903
118.528	0.030192333	-5.8239312	0.059112675
118.656	0.030926519	-5.824279	0.05746611
118.784	0.030251495	-5.8235326	0.055955253
118.912	0.030526046	-5.8239691	0.056693102
119.04	0.03070048	-5.8242362	0.057365431
119.168	0.030509644	-5.8238914	0.055493502
119.296	0.029686188	-5.8236134	0.057873205
119.424	0.030267745	-5.8240757	0.056551491
119.552	0.030839102	-5.8244945	0.055947042
119.68	0.030296358	-5.8243747	0.056081751
119.808	0.030318435	-5.8247578	0.059161457
119.936	0.029997335	-5.824419	0.056127136
120.064	0.030172982	-5.824312	0.056128306
120.192	0.030289474	-5.8247151	0.056996567
120.32	0.029797945	-5.8241038	0.054454573
120.448	0.030122826	-5.8243586	0.056030584
120.576	0.029772351	-5.8244183	0.059445132
120.704	0.029520196	-5.824271	0.054494494
120.832	0.029363085	-5.8242229	0.05107805
120.96	0.029964934	-5.8251662	0.051088159
121.088	0.029381488	-5.8245212	0.057497588
121.216	0.029468229	-5.8247749	0.056882801
121.344	0.029793575	-5.8252507	0.053563293
121.472	0.030212478	-5.8251224	0.054091626
121.6	0.029360907	-5.8244646	0.057307752
121.728	0.029113927	-5.8241693	0.057238301
121.856	0.029466077	-5.8248484	0.055424785
121.984	0.029555259	-5.8249577	0.054876938
122.112	0.029742585	-5.8250994	0.051981417
122.24	0.029363782	-5.8244271	0.052471034
122.368	0.02971044	-5.8247303	0.053846701
122.496	0.029522959	-5.8245941	0.053910282
122.624	0.029251771	-5.8240477	0.054601874
122.752	0.029671262	-5.824811	0.055949153
122.88	0.030256244	-5.8251943	0.05414013
123.008	0.029640657	-5.8243241	0.055174713
123.136	0.02984391	-5.8241725	0.057555919
123.264	0.029882028	-5.8243879	0.057417592
123.392	0.030051298	-5.8246501	0.055192192
123.52	0.0301778	-5.8248054	0.052577628
123.648	0.029924968	-5.8240616	0.054053225
123.776	0.030405698	-5.8244201	0.0519664
123.904	0.030116219	-5.8239509	0.055125989
124.032	0.030186102	-5.8237442	0.059273233
124.16	0.030526844	-5.8240296	0.053998851
124.288	0.030446449	-5.824195	0.057518156
124.416	0.029973584	-5.8237663	0.061205803
124.544	0.030649984	-5.8245028	0.055372647
124.672	0.030187221	-5.8237213	0.056066137
124.8	0.030919839	-5.8241239	0.055737719
124.928	0.030296754	-5.823302	0.059334012
125.056	0.030529504	-5.8236427	0.058542849
125.184	0.030628778	-5.8237807	0.058987966
125.312	0.030463435	-5.8235884	0.060371886
125.44	0.030517749	-5.8241061	0.0562737
125.568	0.030404854	-5.8241419	0.053985699
125.696	0.030289307	-5.823649	0.053776792
125.824	0.030243992	-5.8239347	0.055361067
125.952	0.030537143	-5.824336	0.056827297
126.08	0.030349121	-5.8239958	0.054937119
126.208	0.029933398	-5.8240237	0.057013889
126.336	0.030504497	-5.8246926	0.056774452
126.464	0.029667319	-5.8241546	0.058170369
126.592	0.030075898	-5.8243874	0.052384586
126.72	0.030140265	-5.8246978	0.053453092
126.848	0.030090276	-5.8251174	0.056704335
126.976	0.029674407	-5.8243051	0.057844867
127.104	0.02981753	-5.8246028	0.052616134
127.232	0.030043269	-5.8249966	0.052546845
127.36	0.029828663	-5.8244339	0.055262765
127.488	0.029312933	-5.8239851	0.056156207
127.616	0.02927969	-5.8240021	0.06006627
127.744	0.02935728	-5.8242463	0.058854969
127.872	0.029969532	-5.8250562	0.055068371
128	0.029342015	-5.8248725	0.05422245
128.128	0.02946333	-5.8249108	0.055628108
128.256	0.029486213	-5.8249222	0.054825006
128.384	0.029541282	-5.8251017	0.052714373
128.512	0.029555428	-5.8247071	0.053839658
128.64	0.029710466	-5.8253086	0.050418817
128.768	0.029637054	-5.8249246	0.053931924
128.896	0.029409884	-5.8245418	0.054520433
129.024	0.02963437	-5.8247382	0.055691177
129.152	0.029090731	-5.8238166	0.055394022
129.28	0.030083671	-5.8245616	0.053222251
129.408	0.02977389	-5.8242547	0.056617979
129.536	0.029788004	-5.8242712	0.057408053
129.664	0.029732131	-5.8240514	0.06025748
129.792	0.030767394	-5.8252583	0.05657302
129.92	0.029382392	-5.8236695	0.056303286
130.048	0.030735371	-5.824879	0.054097217
130.176	0.02979199	-5.823843	0.062246923
130.304	0.030395182	-5.8244843	0.058060511
130.432	0.030272361	-5.8243342	0.057923323
130.56	0.030482332	-5.824406	0.057199491
130.688	0.030107946	-5.8238234	0.055838735
130.816	0.030451285	-5.8238666	0.055869943
130.944	0.030470676	-5.8238489	0.059161935
131.072	0.030322631	-5.8238286	0.060233538
131.2	0.030805877	-5.8245681	0.058282709
131.328	0.030515767	-5.8240896	0.058474135
131.456	0.030694384	-5.8242068	0.058932381
131.584	0.030179667	-5.823189	0.059761693
131.712	0.030271676	-5.8238516	0.061097285
131.84	0.030637184	-5.8243986	0.056068667
131.968	0.030717595	-5.8246029	0.054155909
132.096	0.029857763	-5.8238632	0.060910388
132.224	0.030746219	-5.8246538	0.057423771
132.352	0.029984392	-5.8242643	0.059602195
132.48	0.030100551	-5.8245104	0.055674977
132.608	0.030496841	-5.8249016	0.053936698
132.736	0.029659002	-5.8242326	0.060099065
132.864	0.029745843	-5.8242077	0.060565895
132.992	0.029985046	-5.8243932	0.058516013
133.12	0.030178933	-5.8246397	0.057048003
133.248	0.03009669	-5.8248936	0.056541296
133.376	0.029554837	-5.8246654	0.055854815
133.504	0.029403619	-5.8247174	0.055407276
133.632	0.030013554	-5.8253793	0.053682362
133.76	0.029448561	-5.824589	0.05516919
133.888	0.029561609	-5.824628	0.054836554
134.016	0.029198566	-5.8242361	0.056106723
134.144	0.029802467	-5.8251825	0.054380796
134.272	0.028929451	-5.8242626	0.055553122
134.4	0.029730485	-5.8254312	0.051606151
134.528	0.02989119	-5.8254241	0.053245231
134.656	0.029587297	-5.8248875	0.054473714
134.784	0.029582782	-5.8247516	0.053858305
134.912	0.029426581	-5.824426	0.05638705
135.04	0.02959842	-5.8249847	0.05418873
135.168	0.030099947	-5.8252449	0.052438087
135.296	0.02945159	-5.8246104	0.057238131
135.424	0.029932486	-5.8244129	0.055766632
135.552	0.029792337	-5.8243058	0.057435034
135.68	0.029797064	-5.8245635	0.054274315
135.808	0.029774614	-5.8241705	0.053256052
135.936	0.029610846	-5.8241211	0.053132633
136.064	0.029803116	-5.824395	0.055944552
136.192	0.030141869	-5.824607	0.05825917
136.32	0.030677799	-5.8251059	0.05782783
136.448	0.029684575	-5.8238882	0.058766607
136.576	0.030422206	-5.8242428	0.053622146
136.704	0.030220624	-5.8236672	0.056082858
136.832	0.029779777	-5.8234719	0.057677847
136.96	0.030738588	-5.8242334	0.055273921
137.088	0.030310108	-5.8236029	0.060222794
137.216	0.030331146	-5.8236868	0.057521991
137.344	0.030440923	-5.823501	0.05686239
137.472	0.030106564	-5.8231717	0.062824754
137.6	0.030408766	-5.8236334	0.059280327
137.728	0.030730139	-5.8239514	0.057680988
137.856	0.030649066	-5.8240397	0.05904705
137.984	0.030477218	-5.8239404	0.059910202
138.112	0.030460477	-5.8241348	0.056744317
138.24	0.030511481	-5.8241467	0.0578973
138.368	0.03046431	-5.8242927	0.059275609
138.496	0.03034637	-5.8243334	0.058906567
138.624	0.030167891	-5.8238563	0.057826269
138.752	0.030253688	-5.8241025	0.059302846
138.88	0.030252883	-5.8241332	0.058053966
139.008	0.030143933	-5.8241064	0.05777682
139.136	0.029997315	-5.8245062	0.059999682
139.264	0.029898659	-5.8244208	0.055090297
139.392	0.030057391	-5.8248272	0.055226846
139.52	0.030293794	-5.8248514	0.055729707
139.648	0.029662774	-5.8243186	0.053258089
139.776	0.029756689	-5.8247701	0.054457388
139.904	0.029748827	-5.8250467	0.05471286
140.032	0.02933955	-5.8243887	0.058515436
140.16	0.030203435	-5.8254853	0.052918079
140.288	0.029758844	-5.8247855	0.056795423
140.416	0.029315474	-5.8249133	0.058910998
140.544	0.029625383	-5.8249445	0.054488983
140.672	0.029291493	-5.8245017	0.058182385
140.8	0.029740338	-5.8252656	0.055020318
140.928	0.029373025	-5.8247004	0.05826515
141.056	0.02930898	-5.8247906	0.059637442
141.184	0.029137562	-5.8248563	0.056155522
141.312	0.02952543	-5.8250159	0.053147601
141.44	0.029431573	-5.8248316	0.054724436
141.568	0.029542581	-5.8252456	0.055167211
141.696	0.029630792	-5.8246831	0.059427109
141.824	0.029747405	-5.8249576	0.0570331
141.952	0.029777575	-5.8249169	0.057211075
142.08	0.030506213	-5.8255837	0.05622861
142.208	0.029830785	-5.8248263	0.055461443
142.336	0.0293979	-5.8241563	0.05914622
142.464	0.030302239	-5.8246557	0.056301695
142.592	0.029547968	-5.823846	0.059389318
142.72	0.030733162	-5.8250158	0.057150003
142.848	0.030318037	-5.8245672	0.056745295
142.976	0.029820216	-5.8242677	0.057007751
143.104	0.029841852	-5.8240726	0.05901729
143.232	0.029936525	-5.8238819	0.058896596
143.36	0.030722439	-5.8243104	0.05662694
143.488	0.030486953	-5.8240151	0.055666829
143.616	0.030338348	-5.8239121	0.059185406
143.744	0.030223841	-5.823564	0.062395624
143.872	0.030366755	-5.8236627	0.059189112
144	0.030917163	-5.8245081	0.059136754
144.128	0.030718193	-5.8240021	0.060287895
144.256	0.03064489	-5.8239128	0.056601029
144.384	0.03042172	-5.8239624	0.05886536
144.512	0.030057415	-5.8236887	0.062083009
144.64	0.030785531	-5.8240276	0.058529602
144.768	0.030458241	-5.823801	0.057557154
144.896	0.03055473	-5.8241268	0.057357389
145.024	0.030151221	-5.8240325	0.058820397
145.152	0.030219809	-5.8243133	0.057494711
145.28	0.029783403	-5.823933	0.060383458
145.408	0.02992698	-5.8241105	0.058097971
145.536	0.030416198	-5.8244684	0.057058548
145.664	0.029712161	-5.8240864	0.058088489
145.792	0.030144135	-5.8247074	0.05684841
145.92	0.030161524	-5.8245993	0.056118664
146.048	0.030063281	-5.8247831	0.051723287
146.176	0.029373647	-5.8244854	0.057995075
146.304	0.029612745	-5.8246679	0.062206649
146.432	0.029307001	-5.8246036	0.05852725
146.56	0.029726084	-5.8250349	0.051969141
146.688	0.029648489	-5.8253912	0.055543037
146.816	0.029303775	-5.8246754	0.057803282
146.944	0.029586066	-5.824823	0.055638045
147.072	0.029733876	-5.8252852	0.058598186
147.2	0.029733222	-5.8251086	0.054724214
147.328	0.029717668	-5.825151	0.05454762
147.456	0.029409662	-5.8246976	0.056873435
147.584	0.029354686	-5.8245075	0.057937475
147.712	0.029020453	-5.8243868	0.058888342
147.84	0.029709967	-5.8250793	0.056663311
147.968	0.030229264	-5.8251496	0.055267365
148.096	0.029511612	-5.8250091	0.057363565
148.224	0.029580877	-5.824753	0.05574053
148.352	0.029629819	-5.8248699	0.057436769
148.48	0.029951626	-5.8248891	0.056907606
148.608	0.029961822	-5.8247074	0.056866427
148.736	0.02983357	-5.8244981	0.055130972
148.864	0.029925979	-5.8246868	0.055654493
148.992	0.029744601	-5.8242319	0.061910199
149.12	0.030189004	-5.8243794	0.059490396
149.248	0.030366872	-5.8242222	0.05459222
149.376	0.030431948	-5.8242335	0.056249132
149.504	0.030358672	-5.8241032	0.057843453
149.632	0.030312303	-5.8238868	0.055751944
149.76	0.030072136	-5.8237183	0.059661713
149.888	0.030856205	-5.824154	0.061664336
150.016	0.03041649	-5.8237089	0.059117997
150.144	0.030831623	-5.8243351	0.057843839
150.272	0.030594128	-5.8238588	0.060630381
150.4	0.030562485	-5.8243043	0.06212076
150.528	0.030596086	-5.8241534	0.061828901
150.656	0.030636637	-5.8239352	0.059840652
150.784	0.030031793	-5.8234745	0.062278655
150.912	0.029976766	-5.8235175	0.061892735
151.04	0.031119388	-5.8244227	0.058728306
151.168	0.030223637	-5.8238562	0.06139506
151.296	0.03027088	-5.8239566	0.058722824
151.424	0.030462508	-5.8242817	0.05598052
151.552	0.030301074	-5.8244147	0.05887834
151.68	0.03042528	-5.8247469	0.059249528
151.808	0.029915855	-5.8242063	0.060631225
151.936	0.030057897	-5.824405	0.059992794
152.064	0.029918378	-5.8245372	0.059645183
152.192	0.029425715	-5.8242058	0.059693235
152.32	0.030014107	-5.8249096	0.056790366
152.448	0.029578843	-5.8243516	0.057681267
152.576	0.030262747	-5.8254699	0.053173046
152.704	0.029471478	-5.8247272	0.056269974
152.832	0.029527805	-5.8249483	0.055994397
152.96	0.029165604	-5.8248699	0.056248838
153.088	0.029815066	-5.825435	0.055893336
153.216	0.028996337	-5.8247722	0.058755411
153.344	0.029690971	-5.8253053	0.054081278
153.472	0.02873536	-5.8242707	0.058723734
153.6	0.029555679	-5.8249053	0.056549204
153.728	0.029728012	-5.8254391	0.053228226
153.856	0.029324764	-5.8247076	0.052996841
153.984	0.029196729	-5.8247502	0.053157455
154.112	0.029596709	-5.8251576	0.054738811
154.24	0.029392034	-5.8249203	0.056635542
154.368	0.029962227	-5.8255507	0.051267558
154.496	0.029537783	-5.8245631	0.056294233
154.624	0.03022633	-5.8251246	0.057437078
154.752	0.029732288	-5.8246707	0.062453205
154.88	0.029126065	-5.8239984	0.062369376
155.008	0.030695228	-5.8248456	0.056820856
155.136	0.029983922	-5.8242565	0.06333816
155.264	0.030116801	-5.8241787	0.062957677
155.392	0.029979134	-5.8239428	0.060531939
155.52	0.030384151	-5.8241811	0.05965576
155.648	0.030350909	-5.8241499	0.058274534
155.776	0.030530305	-5.823937	0.057621008
155.904	0.030784688	-5.8237875	0.059419801
156.032	0.030360726	-5.8237515	0.06163838
156.16	0.030730099	-5.8241699	0.056415115
156.288	0.03019166	-5.8234409	0.055743093
156.416	0.030533617	-5.8241958	0.058975905
156.544	0.031032732	-5.8244907	0.058982785
156.672	0.030934249	-5.8241929	0.060915432
156.8	0.030102745	-5.8234472	0.063953021
156.928	0.030375465	-5.823332	0.062298169
157.056	0.030645065	-5.8238557	0.059324742
157.184	0.030577318	-5.823816	0.05898501
157.312	0.030015254	-5.823402	0.061313428
157.44	0.030425182	-5.8240123	0.057306
157.568	0.030707864	-5.8243474	0.058426959
157.696	0.030044095	-5.8240079	0.064802067
157.824	0.030229513	-5.8243177	0.058340177
157.952	0.03048729	-5.824792	0.057085757
158.08	0.029660588	-5.8241674	0.059260077
158.208	0.029930888	-5.8242811	0.0539683
158.336	0.03033226	-5.8251256	0.054771052
158.464	0.029774207	-5.8246046	0.059234622
158.592	0.029546812	-5.8244536	0.057685616
158.72	0.030385672	-5.8253765	0.055369813
158.848	0.029464465	-5.8248631	0.061731517
158.976	0.029619415	-5.8247787	0.059346567
159.104	0.02958284	-5.8246773	0.057470447
159.232	0.029316679	-5.8248276	0.061616436
159.36	0.029113508	-5.8249668	0.061425374
159.488	0.02961676	-5.8253468	0.057594305
159.616	0.028894198	-5.8246136	0.056649212
159.744	0.029890762	-5.8256769	0.053276657
159.872	0.029215696	-5.8249517	0.056967691
160	0.029660189	-5.8252734	0.057676207
160.128	0.029065522	-5.8247298	0.058533804
160.256	0.02965923	-5.8253222	0.056397447
160.384	0.029281938	-5.8249435	0.059721679
160.512	0.029875384	-5.8254351	0.058031985
160.64	0.029702002	-5.8249226	0.057050613
160.768	0.029128079	-5.824302	0.059221523
160.896	0.02954381	-5.8247377	0.059175562
161.024	0.029823916	-5.8246513	0.057107723
161.152	0.029876406	-5.8246424	0.055286648
161.28	0.030103823	-5.8246658	0.055637118
161.408	0.030317183	-5.8245562	0.058968177
161.536	0.029593119	-5.8237822	0.058695537
161.664	0.030466203	-5.8245134	0.055050754
161.792	0.029961631	-5.8238767	0.057765025
161.92	0.0303601	-5.8243121	0.057744671
162.048	0.030147229	-5.8239841	0.058380074
162.176	0.030007071	-5.824105	0.061340614
162.304	0.031257788	-5.8248599	0.056077698
162.432	0.030313933	-5.8237947	0.062901974
162.56	0.030773309	-5.8241143	0.060116627
162.688	0.030654036	-5.8238474	0.059807808
162.816	0.030514982	-5.8238506	0.066273489
162.944	0.030523223	-5.8236783	0.06155227
163.072	0.030790244	-5.8240967	0.058086936
163.2	0.030692236	-5.8238263	0.058700969
163.328	0.030330367	-5.8236186	0.05843659
163.456	0.030214947	-5.8236366	0.059896681
163.584	0.030677215	-5.8239626	0.058482406
163.712	0.030164907	-5.8234543	0.061010654
163.84	0.03031595	-5.8241223	0.061991702
163.968	0.030478024	-5.8243121	0.060936577
164.096	0.030408391	-5.8243312	0.059024251
164.224	0.029608	-5.8239358	0.061832747
164.352	0.030263981	-5.8247042	0.059204749
164.48	0.029827549	-5.8242134	0.060691436
164.608	0.030180374	-5.8251887	0.05734943
164.736	0.030212951	-5.825087	0.059217974
164.864	0.029113835	-5.8241702	0.063075846
164.992	0.029264589	-5.824372	0.058681353
165.12	0.029728013	-5.8249178	0.056010238
165.248	0.029493497	-5.8247353	0.054310859
165.376	0.029266061	-5.8246095	0.053711318
165.504	0.02980993	-5.8251797	0.057225101
165.632	0.029100702	-5.8251047	0.0607348
165.76	0.029517329	-5.8254436	0.056796824
165.888	0.02945159	-5.8253973	0.058988926
166.016	0.029466149	-5.8252582	0.058297588
166.144	0.029150946	-5.8248565	0.054479023
166.272	0.029355632	-5.8250767	0.055251258
166.4	0.029300022	-5.8250872	0.058602638
166.528	0.02963076	-5.8252836	0.055078038
166.656	0.029164994	-5.8249731	0.055043985
166.784	0.02990167	-5.8250518	0.057021724
166.912	0.02961271	-5.8251488	0.058916314
167.04	0.02966038	-5.8248413	0.056625573
167.168	0.030415353	-5.8256167	0.056308595
167.296	0.029419799	-5.8245329	0.058486398
167.424	0.029460193	-5.8240983	0.056565226
167.552	0.030136804	-5.824533	0.056872384
167.68	0.03046181	-5.8252541	0.056176734
167.808	0.030012278	-5.824351	0.056871687
167.936	0.030172412	-5.8241855	0.057040851
168.064	0.030166501	-5.8238791	0.056802671
168.192	0.03028757	-5.8244048	0.057606923
168.32	0.030279868	-5.8239141	0.058320311
168.448	0.029507585	-5.8232103	0.061554588
168.576	0.030208589	-5.8239503	0.062803067
168.704	0.030513617	-5.8240248	0.060521169
168.832	0.030986032	-5.8246842	0.056878135
168.96	0.030724809	-5.8239344	0.057724556
169.088	0.030404534	-5.8231916	0.058625355
169.216	0.030670354	-5.8237115	0.057494852
169.344	0.030718215	-5.8236875	0.055606894
169.472	0.03066459	-5.8236595	0.060333919
169.6	0.030365408	-5.8234991	0.064143024
169.728	0.030745678	-5.8241017	0.061394876
169.856	0.030339213	-5.8238051	0.05934097
169.984	0.030369214	-5.8240048	0.062089198
170.112	0.031052407	-5.8248791	0.059480801
170.24	0.030183676	-5.8241154	0.058676507
170.368	0.030196464	-5.8238667	0.05961123
170.496	0.029861818	-5.8238936	0.060358001
170.624	0.029807523	-5.8242143	0.060490824
170.752	0.030187528	-5.8246563	0.056851636
170.88	0.030550695	-5.8254792	0.057831326
171.008	0.029566724	-5.82461	0.060800663
171.136	0.030002743	-5.8249212	0.05857951
171.264	0.029409633	-5.8245189	0.057433942
171.392	0.030032884	-5.8252351	0.052065373
171.52	0.029790239	-5.8253218	0.053855875
171.648	0.029149058	-5.8252136	0.058979086
171.776	0.029316454	-5.825247	0.059381963
171.904	0.029117853	-5.8250444	0.058004918
172.032	0.029819754	-5.8257542	0.054387617
172.16	0.029237593	-5.8250799	0.060339008
172.288	0.029321584	-5.8253505	0.057784665
172.416	0.028797853	-5.8247032	0.05824384
172.544	0.029300391	-5.8253269	0.05594286
172.672	0.02956814	-5.8254439	0.053497489
172.8	0.029469685	-5.8251844	0.057905833
172.928	0.029655439	-5.8251519	0.057888773
173.056	0.029549704	-5.8250684	0.060520262
173.184	0.029387382	-5.8247513	0.060737631
173.312	0.029182785	-5.8243449	0.060577002
173.44	0.030303346	-5.8252149	0.054855565
173.568	0.029746321	-5.8241838	0.054478771
173.696	0.029768879	-5.8243157	0.055125546
173.824	0.029869401	-5.8246788	0.058690731
173.952	0.02979065	-5.8241533	0.06206998
174.08	0.030242303	-5.824715	0.060014622
174.208	0.030188383	-5.8246091	0.058010314
174.336	0.029586428	-5.8238226	0.057384812
174.464	0.030572005	-5.8244925	0.052304545
174.592	0.030320533	-5.8242952	0.054380246
174.72	0.030495764	-5.8245263	0.055914768
174.848	0.030243595	-5.8240654	0.060595408
174.976	0.030478603	-5.8239022	0.060455782
175.104	0.030420217	-5.8236936	0.058035314
175.232	0.030926151	-5.8241558	0.058813964
175.36	0.030568837	-5.8238437	0.058327206
175.488	0.030808675	-5.8241069	0.058158919
175.616	0.030515306	-5.8237178	0.062033786
175.744	0.030764285	-5.8241792	0.057960487
175.872	0.030258797	-5.8238401	0.057684946
176	0.030960631	-5.8242591	0.058537626
176.128	0.030217069	-5.8237671	0.059715066
176.256	0.030639404	-5.8241855	0.057456124
176.384	0.030633857	-5.8241049	0.057922783
176.512	0.030077169	-5.823838	0.060929356
176.64	0.030367562	-5.8246988	0.056822191
176.768	0.030156694	-5.8246413	0.057954127
176.896	0.030086309	-5.8246819	0.059563471
177.024	0.030113499	-5.8247797	0.058763023
177.152	0.029848517	-5.8245444	0.059783251
177.28	0.030227246	-5.8251952	0.055745951
177.408	0.029067265	-5.824045	0.058045764
177.536	0.030414396	-5.82551	0.056189701
177.664	0.029939071	-5.8251612	0.05481833
177.792	0.029622626	-5.8250054	0.056040268
177.92	0.029138971	-5.8247268	0.057908074
178.048	0.029463341	-5.8251303	0.053246629
178.176	0.029176836	-5.824863	0.051441518
178.304	0.029243437	-5.8250469	0.053799611
178.432	0.029706843	-5.8255081	0.055461692
178.56	0.029338934	-5.825261	0.056003039
178.688	0.029392016	-5.8251581	0.056158934
178.816	0.029632409	-5.8253406	0.055975714
178.944	0.029362077	-5.8251934	0.054727129
179.072	0.029233128	-5.8250348	0.052116195
179.2	0.029355221	-5.824838	0.051099782
179.328	0.02960946	-5.8252735	0.052609681
179.456	0.029994146	-5.8254932	0.054797893
179.584	0.029109823	-5.8242279	0.056709746
179.712	0.030334656	-5.8254326	0.05366634
179.84	0.02959029	-5.8245117	0.05850509
179.968	0.02945077	-5.8240844	0.057395962
180.096	0.029888403	-5.8246748	0.060007903
180.224	0.030413529	-5.8248813	0.05979368
180.352	0.030095962	-5.8244034	0.057713646
180.48	0.029882519	-5.8239559	0.061211374
180.608	0.030169566	-5.824124	0.057068673
180.736	0.030149216	-5.8236165	0.057135186
180.864	0.030560066	-5.8239096	0.05892799
180.992	0.030544482	-5.8238346	0.05938193
181.12	0.030299859	-5.8234453	0.059165805
181.248	0.030421976	-5.8238952	0.060088379
181.376	0.030695642	-5.8240448	0.062067749
181.504	0.030822079	-5.8244716	0.057100894
181.632	0.030618909	-5.8241329	0.057984147
181.76	0.030032465	-5.8233732	0.064840304
181.888	0.030803126	-5.8241213	0.058508608
182.016	0.030205358	-5.823612	0.062556858
182.144	0.030764456	-5.8242765	0.061740488
182.272	0.02986801	-5.8231627	0.060348684
182.4	0.030878906	-5.8243799	0.057181456
182.528	0.030309845	-5.8241057	0.059766098
182.656	0.030188508	-5.8238932	0.061450906
182.784	0.030043316	-5.8237867	0.057595038
182.912	0.03019574	-5.8240426	0.057602012
183.04	0.030162684	-5.8246125	0.062061762
183.168	0.030489492	-5.824866	0.057585701
183.296	0.030016805	-5.8246108	0.057108158
183.424	0.029851676	-5.8245125	0.060472139
183.552	0.02996416	-5.8245561	0.059330358
183.68	0.030441684	-5.8251254	0.05569295
183.808	0.02954442	-5.8243251	0.057593245
183.936	0.029453968	-5.8246053	0.057541097
184.064	0.030005263	-5.8251983	0.057878183
184.192	0.029733267	-5.825113	0.057627372
184.32	0.029252516	-5.8243838	0.05753538
184.448	0.029258643	-5.8245087	0.060850865
184.576	0.029714086	-5.8253046	0.058290028
184.704	0.02975499	-5.8253885	0.053421191
184.832	0.029353326	-5.8249243	0.054171368
184.96	0.029609438	-5.8254985	0.054570903
185.088	0.028761972	-5.8244968	0.058741005
185.216	0.029916329	-5.8257645	0.053782325
185.344	0.029506264	-5.8250793	0.054732854
185.472	0.029523357	-5.8252545	0.054092458
185.6	0.028729009	-5.8239407	0.057995863
185.728	0.029836697	-5.8251733	0.055437173
185.856	0.029677137	-5.8248848	0.055450824
185.984	0.029515122	-5.8244326	0.054849377
186.112	0.030293308	-5.825426	0.05295258
186.24	0.029592433	-5.8245022	0.05538304
186.368	0.030052426	-5.8248449	0.055837377
186.496	0.030199854	-5.8245659	0.058748491
186.624	0.030232801	-5.8248753	0.057285402
186.752	0.029409523	-5.823638	0.059993811
186.88	0.03005281	-5.8244723	0.058616737
187.008	0.030970409	-5.8250814	0.057985386
187.136	0.030025117	-5.8240461	0.06033604
187.264	0.030675044	-5.8242747	0.053006593
187.392	0.03061069	-5.8244368	0.056895218
187.52	0.030266617	-5.8238422	0.059937765
187.648	0.030311071	-5.8236944	0.055180029
187.776	0.030453523	-5.8237121	0.061914679
187.904	0.029796798	-5.8232917	0.065716032
188.032	0.030855333	-5.824222	0.060791412
188.16	0.030995396	-5.8243256	0.058796376
188.288	0.03096952	-5.8241876	0.057941472
188.416	0.030651367	-5.8237022	0.06068486
188.544	0.030064427	-5.8231814	0.061150909
188.672	0.030914299	-5.8243446	0.056482306
188.8	0.030567108	-5.8239305	0.057541543
188.928	0.030601749	-5.824452	0.058782615
189.056	0.030607311	-5.824639	0.057980334
189.184	0.029929561	-5.8235865	0.059922153
189.312	0.029759436	-5.8239352	0.066402165
189.44	0.030487261	-5.8247334	0.061798857
189.568	0.030426785	-5.8248012	0.05461451
189.696	0.030340636	-5.8250288	0.051825647
189.824	0.029074019	-5.8238795	0.057440974
189.952	0.029692246	-5.8242974	0.05857018
190.08	0.029570782	-5.8244921	0.05834321
190.208	0.029954748	-5.8252163	0.059874099
190.336	0.029556463	-5.8250205	0.058376913
190.464	0.029442639	-5.8246136	0.058747305
190.592	0.029647141	-5.8253466	0.058217557
190.72	0.028910634	-5.824773	0.057035801
190.848	0.029837194	-5.8256283	0.055106072
190.976	0.029578897	-5.8252284	0.055703948
191.104	0.028820118	-5.8245689	0.057919805
191.232	0.029164555	-5.8246964	0.057362412
191.36	0.029379274	-5.8248996	0.05876182
191.488	0.029428149	-5.8249258	0.057297319
191.616	0.029234798	-5.8246477	0.056505228
191.744	0.029701184	-5.8251292	0.056996996
191.872	0.029892418	-5.8251652	0.057862691
192	0.029299356	-5.8245967	0.056000296
192.128	0.029637207	-5.8248688	0.053786587
192.256	0.02982122	-5.8249719	0.055320701
192.384	0.029400614	-5.8243531	0.054630497
192.512	0.02991268	-5.8248739	0.053650784
192.64	0.029900277	-5.8244053	0.055345269
192.768	0.029932609	-5.8245742	0.052445951
192.896	0.030243907	-5.8250867	0.053325484
193.024	0.030100114	-5.8243154	0.059207787
193.152	0.030011672	-5.8243817	0.058450594
193.28	0.029949465	-5.8240646	0.06021655
193.408	0.030690315	-5.8245116	0.060566121
193.536	0.03051632	-5.8242333	0.057597505
193.664	0.030563476	-5.8241519	0.058591947
193.792	0.030491302	-5.8240566	0.062414837
193.92	0.030583964	-5.8238916	0.062348017
194.048	0.030334766	-5.8233118	0.06367789
194.176	0.030293034	-5.8232422	0.061768994
194.304	0.030820661	-5.8242251	0.058229482
194.432	0.030604996	-5.824114	0.058981999
194.56	0.030394952	-5.8238796	0.060957207
194.688	0.030356092	-5.8236196	0.057519113
194.816	0.030816304	-5.8243135	0.06073169
194.944	0.030315296	-5.824004	0.063422157
195.072	0.030813848	-5.8245342	0.059493694
195.2	0.030286759	-5.8240848	0.062512707
195.328	0.030459576	-5.8243502	0.060766128
195.456	0.029882242	-5.8239517	0.061247135
195.584	0.030447824	-5.8243203	0.059628349
195.712	0.030105194	-5.8242472	0.058189663
195.84	0.029980687	-5.8242808	0.060072695
195.968	0.030099964	-5.8250071	0.057954974
196.096	0.029686365	-5.8244274	0.056478055
196.224	0.030177402	-5.8251264	0.052692664
196.352	0.029342271	-5.824167	0.057982865
196.48	0.029713551	-5.8248213	0.055369654
196.608	0.029529015	-5.8248552	0.05801364
196.736	0.029437064	-5.8249695	0.060658235
196.864	0.029315068	-5.8250328	0.05813188
196.992	0.030094643	-5.8256922	0.055218788
197.12	0.029403049	-5.8248548	0.058723002
197.248	0.029758763	-5.8252188	0.054683528
197.376	0.029008782	-5.8246885	0.058588166
197.504	0.029164705	-5.8249737	0.060125
197.632	0.029707118	-5.8254929	0.058049162
197.76	0.029610085	-5.8256684	0.055471287
197.888	0.029066563	-5.8246781	0.056172258
198.016	0.029581638	-5.8250055	0.056768699
198.144	0.029689755	-5.8249051	0.054356604
198.272	0.029624287	-5.8249385	0.057063085
198.4	0.029478159	-5.8247169	0.057414762
198.528	0.029517855	-5.8247309	0.05630129
198.656	0.030155629	-5.8251038	0.05240093
198.784	0.029961881	-5.8248686	0.054009889
198.912	0.029656987	-5.8246597	0.05607772
199.04	0.029533355	-5.8243463	0.055543568
199.168	0.029899357	-5.8244049	0.056531231
199.296	0.029937856	-5.8242549	0.056981076
199.424	0.02981752	-5.8239309	0.059347039
199.552	0.030887744	-5.824779	0.05776187
199.68	0.030517848	-5.8245736	0.060319515
199.808	0.030096247	-5.8237697	0.058805685
199.936	0.030347112	-5.8240008	0.061499376
200.064	0.030759145	-5.8243312	0.062015385
200.192	0.030505329	-5.8241788	0.057311432
200.32	0.030615531	-5.8240927	0.056114156
200.448	0.030760959	-5.824001	0.059036682
200.576	0.030425239	-5.8236519	0.058815865
200.704	0.030795807	-5.8240976	0.057669212
200.832	0.03047028	-5.8238451	0.059015644
200.96	0.030657413	-5.8238167	0.061609385
201.088	0.030569911	-5.8239333	0.059547796
201.216	0.030557801	-5.8240086	0.056215447
201.344	0.030276827	-5.8239652	0.058056963
201.472	0.030185906	-5.8237328	0.060298827
201.6	0.030229073	-5.8239956	0.059406908
201.728	0.030462355	-5.8242946	0.059037213
201.856	0.030560165	-5.8246659	0.058740561
201.984	0.030226181	-5.8245945	0.060630539
202.112	0.029998154	-5.8242445	0.058997734
202.24	0.030030383	-5.8245169	0.053979564
202.368	0.029902293	-5.824564	0.057050268
202.496	0.03016246	-5.8250625	0.057266918
202.624	0.029621788	-5.824785	0.053958145
202.752	0.029452994	-5.8249542	0.055575745
202.88	0.029723166	-5.8252322	0.059232392
203.008	0.030078369	-5.8256677	0.055604547
203.136	0.029557165	-5.825235	0.057537468
203.264	0.028979358	-5.8247271	0.057446052
203.392	0.029402857	-5.825293	0.05533278
203.52	0.029616298	-5.8255634	0.055711554
203.648	0.029418479	-5.8251058	0.057387458
203.776	0.029042735	-5.8248138	0.057327919
203.904	0.029411649	-5.8253052	0.054262108
204.032	0.029712746	-5.8256998	0.054946327
204.16	0.029387933	-5.8251436	0.055556658
204.288	0.029596441	-5.8251367	0.054689582
204.416	0.029607137	-5.8254727	0.057041691
204.544	0.029392684	-5.8254026	0.056215578
204.672	0.029337679	-5.8247287	0.058901905
204.8	0.029847512	-5.8248458	0.058123722
204.928	0.028970957	-5.8239861	0.057630161
205.056	0.029871256	-5.8251256	0.057768945
205.184	0.02970906	-5.8245913	0.059953682
205.312	0.030241828	-5.8247381	0.053776675
205.44	0.029836313	-5.8242887	0.059977971
205.568	0.030244627	-5.8245438	0.057922806
205.696	0.030279799	-5.8245881	0.0563396
205.824	0.029892689	-5.8240857	0.057768162
205.952	0.030135095	-5.8238548	0.059407348
206.08	0.029948784	-5.8239023	0.060240483
206.208	0.030445185	-5.8242773	0.059283603
206.336	0.030872721	-5.8244305	0.058314027
206.464	0.030485931	-5.8238751	0.059525561
206.592	0.030073061	-5.8231974	0.061793869
206.72	0.030681642	-5.8240211	0.059416498
206.848	0.030797953	-5.8238488	0.060454321
206.976	0.030788185	-5.8237715	0.062598973
207.104	0.0305721	-5.8238765	0.060084591
207.232	0.030880989	-5.8244842	0.059867484
207.36	0.030629064	-5.8240242	0.060360117
207.488	0.030936748	-5.8242544	0.058932353
207.616	0.030442074	-5.8240048	0.060874011
207.744	0.030039462	-5.8238829	0.06172693
207.872	0.030651876	-5.8245919	0.055952664
208	0.030282749	-5.8244628	0.057222572
208.128	0.030110105	-5.8242631	0.059635087
208.256	0.030976787	-5.825402	0.053163542
208.384	0.029683695	-5.8244287	0.059687222
208.512	0.03042228	-5.8249324	0.056282789
208.64	0.029375312	-5.8244572	0.05836571
208.768	0.029592781	-5.824764	0.057524507
208.896	0.029785188	-5.8246701	0.056905222
209.024	0.029937357	-5.8248256	0.059415545
209.152	0.029530646	-5.8244529	0.057122457
209.28	0.029505928	-5.8247054	0.055229598
209.408	0.029199834	-5.8244187	0.055695607
209.536	0.029672629	-5.8252167	0.053838312
209.664	0.029645442	-5.8255223	0.055809272
209.792	0.02965299	-5.8253935	0.053799445
209.92	0.029305634	-5.8248673	0.053159093
210.048	0.029348282	-5.8250945	0.055463104
210.176	0.029757085	-5.8252156	0.053304377
210.304	0.029039822	-5.8245258	0.059031712
210.432	0.029865524	-5.8254489	0.061571091
210.56	0.029610687	-5.8251874	0.058001818
210.688	0.029236185	-5.8249686	0.058163588
210.816	0.029312222	-5.8248102	0.05947882
210.944	0.029921783	-5.824965	0.054608901
211.072	0.029345333	-5.8247768	0.055496087
211.2	0.029653225	-5.8246735	0.057482973
211.328	0.029285812	-5.8242195	0.058324498
211.456	0.029570226	-5.8245844	0.058400157
211.584	0.030512096	-5.8253931	0.058119734
211.712	0.029610254	-5.8244309	0.061071982
211.84	0.030124836	-5.8248572	0.062084315
211.968	0.029939061	-5.8244098	0.060335942
212.096	0.030244269	-5.8241412	0.058153088
212.224	0.030352285	-5.8246958	0.059188838
212.352	0.031063338	-5.825307	0.057070432
212.48	0.029872844	-5.8238653	0.061695893
212.608	0.030788103	-5.8246066	0.05546158
212.736	0.030521971	-5.8243291	0.054735804
212.864	0.030719793	-5.8245713	0.058969015
212.992	0.030102404	-5.8234121	0.060376353
213.12	0.030828557	-5.8241082	0.057882759
213.248	0.030689009	-5.8239992	0.060068848
213.376	0.030389205	-5.8239034	0.061218845
213.504	0.030588629	-5.8238947	0.063588795
213.632	0.030561317	-5.8238025	0.062785214
213.76	0.030651559	-5.8242529	0.061589249
213.888	0.030362484	-5.8239815	0.060307128
214.016	0.030816099	-5.8244524	0.058551326
214.144	0.03061525	-5.824551	0.057680086
214.272	0.030090193	-5.8242003	0.058428522
214.4	0.030588625	-5.8244929	0.056808158
214.528	0.029682947	-5.8234986	0.057206672
214.656	0.030704341	-5.8249363	0.053501125
214.784	0.029476434	-5.8240541	0.059020171
214.912	0.030289421	-5.8248281	0.057085184
215.04	0.029879111	-5.8245313	0.055150172
215.168	0.029738652	-5.8244256	0.056705225
215.296	0.0295366	-5.8245309	0.056102754
215.424	0.030332477	-5.8251732	0.054414375
215.552	0.029427475	-5.8244362	0.055976751
215.68	0.029645305	-5.8248054	0.054213849
215.808	0.029302423	-5.8244971	0.058916516
215.936	0.029931402	-5.8251027	0.053587149
216.064	0.029486326	-5.8249889	0.056341621
216.192	0.029211671	-5.8249056	0.058146707
216.32	0.029531926	-5.825113	0.054845781
216.448	0.029309495	-5.8248966	0.056318694
216.576	0.029570066	-5.8250624	0.054035578
216.704	0.029142618	-5.8248531	0.058487591
216.832	0.029562134	-5.8253045	0.056062679
216.96	0.029533448	-5.8249357	0.053381691
217.088	0.029612866	-5.8250815	0.055865103
217.216	0.02957919	-5.8252387	0.059124358
217.344	0.029388186	-5.8247639	0.058480473
217.472	0.029831663	-5.8250091	0.059214497
217.6	0.029022042	-5.824152	0.061782783
217.728	0.030256988	-5.825288	0.0577944
217.856	0.029617067	-5.8245319	0.058214093
217.984	0.02962549	-5.8241227	0.057835996
218.112	0.029863543	-5.8244298	0.05797262
218.24	0.030555195	-5.8250845	0.056308917
218.368	0.030215748	-5.8245171	0.059020246
218.496	0.029791626	-5.8239114	0.06134492
218.624	0.030398107	-5.8244523	0.058801757
218.752	0.030455629	-5.8242336	0.05542379
218.88	0.030454563	-5.8242206	0.05801873
219.008	0.030595905	-5.8243178	0.055013014
219.136	0.030354555	-5.8241283	0.053162544
219.264	0.031004712	-5.8247631	0.055738385
219.392	0.030131181	-5.8237236	0.057548311
219.52	0.030789796	-5.8239731	0.055263809
219.648	0.0304716	-5.8236803	0.057031783
219.776	0.030905572	-5.8245599	0.058348677
219.904	0.030255733	-5.8238041	0.063963042
220.032	0.030576112	-5.8239265	0.058608462
220.16	0.030976809	-5.8247046	0.054774032
220.288	0.029844058	-5.8235204	0.060366456
220.416	0.03000705	-5.824146	0.060306096
220.544	0.030290345	-5.8245939	0.059707432
220.672	0.03062215	-5.8245125	0.056593644
220.8	0.030681729	-5.8244997	0.058747147
220.928	0.030006965	-5.8242669	0.059699686
221.056	0.030317255	-5.8247911	0.059637838
221.184	0.029922294	-5.824525	0.060734809
221.312	0.029711706	-5.8243117	0.05806137
221.44	0.029931617	-5.8247912	0.060238421
221.568	0.029904269	-5.8249545	0.06064283
221.696	0.03011758	-5.8252417	0.055560663
221.824	0.029798286	-5.8248473	0.057420795
221.952	0.029338545	-5.8244634	0.057562699
222.08	0.02951904	-5.8247289	0.055483289
222.208	0.029784673	-5.8252423	0.055544686
222.336	0.029264752	-5.8249759	0.053848431
222.464	0.029272905	-5.8250201	0.057726828
222.592	0.029532129	-5.8251547	0.057992042
222.72	0.029479256	-5.8254492	0.057596446
222.848	0.029057276	-5.825043	0.0604584
222.976	0.029129097	-5.8252123	0.05923389
223.104	0.02904036	-5.8245718	0.058887507
223.232	0.029673955	-5.8251395	0.058254232
223.36	0.02976113	-5.8251421	0.056938123
223.488	0.029943564	-5.8249356	0.056714631
223.616	0.029708984	-5.824833	0.057603523
223.744	0.029583525	-5.8245719	0.057884165
223.872	0.02947464	-5.8243104	0.060558731
224	0.029993306	-5.8247551	0.055596671
224.128	0.029834227	-5.8243991	0.054429485
224.256	0.029842279	-5.8248456	0.056196325
224.384	0.029901396	-5.8245701	0.056505232
224.512	0.030146048	-5.8245876	0.059728803
224.64	0.029851119	-5.8239793	0.062618911
224.768	0.030301127	-5.8242698	0.057698442
224.896	0.030369783	-5.8241544	0.059480031
225.024	0.030732781	-5.8243937	0.062757574
225.152	0.030090982	-5.8237756	0.061188514
225.28	0.030414754	-5.8241271	0.058439018
225.408	0.030572698	-5.8241166	0.05968953
225.536	0.030992337	-5.8244842	0.060133136
225.664	0.030539359	-5.8240169	0.062001034
225.792	0.030494842	-5.8239398	0.059727608
225.92	0.030674537	-5.8242826	0.055853356
226.048	0.030487361	-5.8240328	0.055671129
226.176	0.030120582	-5.8237036	0.060816603
226.304	0.030793716	-5.8245047	0.05711131
226.432	0.030636501	-5.8245651	0.057338757
226.56	0.030056656	-5.8240951	0.061141462
226.688	0.030630815	-5.8244827	0.057435887
226.816	0.030107663	-5.8238369	0.059328489
226.944	0.029872917	-5.8233661	0.058310031
227.072	0.030467399	-5.8245121	0.057486687
227.2	0.030550288	-5.8246213	0.058904481
227.328	0.029844343	-5.8241203	0.059102203
227.456	0.029858854	-5.824559	0.058589536
227.584	0.029520503	-5.8241688	0.060951436
227.712	0.029775405	-5.8247549	0.059717937
227.84	0.030154181	-5.8256059	0.057146993
227.968	0.02935998	-5.8249251	0.058927557
228.096	0.029531013	-5.8248299	0.058121369
228.224	0.030052112	-5.8253526	0.057806476
228.352	0.029400525	-5.8248911	0.05947957
228.48	0.029238772	-5.8246914	0.058192193
228.608	0.029849386	-5.8256452	0.054829732
228.736	0.029548213	-5.8249897	0.055223781
228.864	0.029397512	-5.8246433	0.056926156
228.992	0.029265394	-5.8247643	0.057483088
229.12	0.028990671	-5.8246041	0.060281313
229.248	0.029963083	-5.8253163	0.054471626
229.376	0.029728351	-5.8250954	0.051467319
229.504	0.029193936	-5.8248302	0.053950087
229.632	0.029576374	-5.8253605	0.053108386
229.76	0.029308974	-5.8248006	0.055870873
229.888	0.029429992	-5.8249116	0.057907298
230.016	0.029384505	-5.8249559	0.06068173
230.144	0.029721659	-5.825058	0.058324843
230.272	0.029966177	-5.8252388	0.054497332
230.4	0.029662981	-5.8246823	0.059341163
230.528	0.029907741	-5.8249063	0.05840454
230.656	0.030352793	-5.825031	0.058150141
230.784	0.02997651	-5.8243955	0.057693549
230.912	0.030556844	-5.8247589	0.054556252
231.04	0.029655718	-5.8240128	0.0595838
231.168	0.029764665	-5.8240579	0.061662509
231.296	0.030137198	-5.8241511	0.058464944
231.424	0.030113447	-5.8238209	0.058439002
231.552	0.030830582	-5.8244782	0.060289903
231.68	0.03049572	-5.8242015	0.059798526
231.808	0.030549212	-5.8241993	0.058003282
231.936	0.030722664	-5.8242668	0.057035922
232.064	0.030484365	-5.8236951	0.057338972
232.192	0.030780421	-5.8241092	0.056441979
232.32	0.030723255	-5.8240024	0.058409892
232.448	0.030858438	-5.8241289	0.05824807
232.576	0.030047666	-5.8232782	0.061710025
232.704	0.030281662	-5.8237713	0.059866976
232.832	0.030319851	-5.8239522	0.06168567
232.96	0.031036497	-5.824853	0.058196927
233.088	0.030411308	-5.8243413	0.058439854
233.216	0.030648882	-5.8246248	0.054948261
233.344	0.030172724	-5.8245154	0.055918117
233.472	0.030061097	-5.8242514	0.060152904
233.6	0.029896356	-5.8240732	0.059993804
233.728	0.030164969	-5.8242796	0.054590327
233.856	0.029994151	-5.8244494	0.056416147
233.984	0.03008401	-5.8246174	0.056667013
234.112	0.029503039	-5.8240175	0.056842441
234.24	0.029900467	-5.824741	0.057790132
234.368	0.029563643	-5.8246852	0.056507674
234.496	0.029953115	-5.8253236	0.055296892
234.624	0.029460826	-5.8246665	0.057132553
234.752	0.029020992	-5.8245464	0.058172282
234.88	0.029807495	-5.825569	0.055529679
235.008	0.029427523	-5.8247736	0.056745045
235.136	0.029229483	-5.8248498	0.058817104
235.264	0.029684983	-5.8252478	0.057250021
235.392	0.029421343	-5.8253145	0.059213507
235.52	0.029151501	-5.8250708	0.05719167
235.648	0.029738429	-5.8259087	0.05514582
235.776	0.029162474	-5.8250016	0.055943508
235.904	0.030014816	-5.825428	0.051637536
236.032	0.028900779	-5.8242263	0.056203471
236.16	0.029948924	-5.8252331	0.055113039
236.288	0.029294222	-5.8247826	0.055115636
236.416	0.029678792	-5.8248411	0.052994333
236.544	0.02979233	-5.8251274	0.056662972
236.672	0.030449492	-5.8255026	0.056761701
236.8	0.029941286	-5.8247069	0.057171268
236.928	0.030008393	-5.8245719	0.05618622
237.056	0.030318853	-5.8246933	0.057333728
237.184	0.029932323	-5.8240129	0.054628271
237.312	0.029497447	-5.8233524	0.060916244
237.44	0.030841191	-5.8246558	0.065084696
237.568	0.030647552	-5.8245649	0.064089671
237.696	0.030627279	-5.8247355	0.060905169
237.824	0.030074898	-5.8235966	0.064836156
237.952	0.030285405	-5.8236319	0.058105208
238.08	0.030494168	-5.8242094	0.055511963
238.208	0.031058149	-5.8245572	0.057958247
238.336	0.030476663	-5.8237805	0.060987547
238.464	0.030424272	-5.8234422	0.061287758
238.592	0.030380419	-5.8232911	0.060968528
238.72	0.030974334	-5.8241751	0.061302894
238.848	0.030477994	-5.8241455	0.059685661
238.976	0.031072106	-5.8244373	0.05546841
239.104	0.030084149	-5.8234039	0.059690454
239.232	0.030445254	-5.8244349	0.058671501
239.36	0.030232732	-5.8242389	0.060072224
239.488	0.030360355	-5.824355	0.058489658
239.616	0.030057782	-5.8238867	0.055888251
239.744	0.030423896	-5.8247169	0.053071896
239.872	0.0300722	-5.8242506	0.057789125
240	0.029831791	-5.8241697	0.059843191
240.128	0.030501855	-5.8247476	0.060042393
240.256	0.02986196	-5.8244394	0.058838466
240.384	0.029599264	-5.8243658	0.055380718
240.512	0.029983279	-5.8250003	0.05330384
240.64	0.029734876	-5.8250256	0.056462948
240.768	0.02972783	-5.8250269	0.058895657
240.896	0.029739179	-5.8253622	0.055807136
241.024	0.029338067	-5.8247661	0.056882969
241.152	0.029406753	-5.8249093	0.055859379
241.28	0.029379922	-5.8248044	0.05778811
241.408	0.029418737	-5.824979	0.055874128
241.536	0.029736843	-5.8253477	0.055599432
241.664	0.029631587	-5.8253138	0.060809628
241.792	0.029788517	-5.8255022	0.058334129
241.92	0.029206765	-5.8247593	0.056721735
242.048	0.029352215	-5.8248923	0.057978727
242.176	0.029801875	-5.8252982	0.057858864
242.304	0.029298969	-5.8247299	0.057698236
242.432	0.029460993	-5.8246803	0.055744512
242.56	0.029505136	-5.8248848	0.057477521
242.688	0.029764688	-5.8253714	0.057322938
242.816	0.030219467	-5.8254257	0.057141353
242.944	0.0294262	-5.8244663	0.059587523
243.072	0.02990027	-5.8246037	0.05621328
243.2	0.030051149	-5.8245586	0.05674167
243.328	0.030446403	-5.8250141	0.05899342
243.456	0.029639601	-5.823879	0.059156826
243.584	0.030344605	-5.8244849	0.056244288
243.712	0.030130642	-5.8241018	0.058164085
243.84	0.02965005	-5.8238861	0.059952213
243.968	0.030809786	-5.8248086	0.057783981
244.096	0.030479798	-5.8241208	0.059244155
244.224	0.030432916	-5.8239594	0.058680351
244.352	0.030959953	-5.8244805	0.060308637
244.48	0.030573472	-5.8240354	0.062178456
244.608	0.030323611	-5.8238163	0.060293474
244.736	0.030659979	-5.8241961	0.058010208
244.864	0.030096949	-5.8232647	0.060666009
244.992	0.031188054	-5.8246981	0.057322105
245.12	0.030527213	-5.8243039	0.059264585
245.248	0.030878767	-5.8243573	0.054961905
245.376	0.029905129	-5.8235002	0.057172691
245.504	0.030695778	-5.8245254	0.057331806
245.632	0.03046673	-5.824375	0.061071084
245.76	0.030036811	-5.823813	0.060743924
245.888	0.030407607	-5.8245761	0.057857622
246.016	0.029953412	-5.8241445	0.057594111
246.144	0.030186869	-5.8244273	0.056864994
246.272	0.029980183	-5.8244866	0.056942996
246.4	0.030817293	-5.8253949	0.055628794
246.528	0.030040985	-5.824525	0.058297584
246.656	0.029414346	-5.824326	0.056275466
246.784	0.029625523	-5.8245057	0.058896159
246.912	0.029850596	-5.8247083	0.057518312
247.04	0.029604101	-5.8250191	0.055776353
247.168	0.029903542	-5.8255178	0.055619834
247.296	0.029550314	-5.8253936	0.05873293
247.424	0.029764311	-5.8255945	0.052645554
247.552	0.02941906	-5.8251703	0.056431146
247.68	0.029462855	-5.8254354	0.059457408
247.808	0.029332789	-5.8253873	0.053693697
247.936	0.02944186	-5.825324	0.054992483
248.064	0.029593177	-5.8251755	0.052418435
248.192	0.029680452	-5.8252396	0.051751294
248.32	0.029039791	-5.8247769	0.05812869
248.448	0.029701388	-5.8252324	0.057015563
248.576	0.029294137	-5.8245997	0.058273616
248.704	0.029728397	-5.8245717	0.056579232
248.832	0.029244385	-5.8242604	0.058925676
248.96	0.029522752	-5.8247372	0.061845159
249.088	0.030088966	-5.8248763	0.057857071
249.216	0.029820905	-5.8247829	0.059487299
249.344	0.029460865	-5.8242613	0.060127043
249.472	0.029850913	-5.8244232	0.057253844
249.6	0.030377928	-5.8249829	0.05439874
249.728	0.029991276	-5.824536	0.054502363
249.856	0.029913252	-5.824344	0.059000159
249.984	0.030312147	-5.824731	0.059580133
250.112	0.030389767	-5.8246063	0.062661335
250.24	0.030429018	-5.8244724	0.059134241
250.368	0.03017739	-5.8240206	0.057237597
250.496	0.030663476	-5.8243951	0.059716024
250.624	0.030085464	-5.8235161	0.060428702
250.752	0.031090537	-5.8244129	0.053768039
250.88	0.030266619	-5.823809	0.062254005
251.008	0.030582051	-5.8242632	0.056815239
251.136	0.03028997	-5.8235785	0.059582977
251.264	0.030811275	-5.8241655	0.059202698
251.392	0.030390569	-5.8238032	0.056238248
251.52	0.030423294	-5.8241952	0.061460033
251.648	0.03017915	-5.8239117	0.060675872
251.776	0.030657843	-5.8244947	0.058173611
251.904	0.030622856	-5.8241764	0.061962861
252.032	0.030498995	-5.8243751	0.058017482
252.16	0.030188885	-5.8239098	0.056318647
252.288	0.029694485	-5.8239905	0.059626195
252.416	0.030319422	-5.8248419	0.058112739
252.544	0.03005603	-5.8247341	0.053205966
252.672	0.030302956	-5.8249522	0.057774842
252.8	0.030037442	-5.8246893	0.059917629
252.928	0.029742647	-5.8245641	0.059180695
253.056	0.029705953	-5.8246215	0.058912582
253.184	0.029990697	-5.8250834	0.056950727
253.312	0.029653458	-5.8246214	0.054524126
253.44	0.029514494	-5.8249705	0.056801994
253.568	0.029864797	-5.8255146	0.060348597
253.696	0.029352323	-5.8248971	0.059715978
253.824	0.029356456	-5.8248042	0.05786747
253.952	0.029816626	-5.8256422	0.058963562
254.08	0.028970452	-5.8245535	0.062008622
254.208	0.029734486	-5.8253682	0.058402551
254.336	0.029538017	-5.8250469	0.057203947
254.464	0.029586445	-5.8249834	0.058813426
254.592	0.029508764	-5.8248427	0.056663102
254.72	0.029186066	-5.8244998	0.056922998
254.848	0.029454912	-5.8247519	0.057539955
254.976	0.029718775	-5.8252922	0.05682137
255.104	0.030133041	-5.8253692	0.054885735
255.232	0.029381805	-5.8245231	0.057713207
255.36	0.02996812	-5.8252915	0.05832748
255.488	0.030072179	-5.824998	0.057123913
255.616	0.029953165	-5.8247448	0.056297022
255.744	0.029796126	-5.8244341	0.059484365
255.872	0.029599117	-5.8241078	0.058403425
256	0.029856706	-5.8244193	0.056720165
256.128	0.030229827	-5.8247178	0.060101304
256.256	0.030443239	-5.8249122	0.059447459
256.384	0.030003153	-5.8241241	0.060034865
256.512	0.030228736	-5.8241532	0.05704007
256.64	0.030342184	-5.824131	0.058358504
256.768	0.030393236	-5.824194	0.061513091
256.896	0.03059244	-5.8243596	0.060195001
257.024	0.030129253	-5.8237856	0.061025861
257.152	0.03054911	-5.8238888	0.06092681
257.28	0.030896901	-5.8241554	0.059152919
257.408	0.03035492	-5.8236236	0.060062565
257.536	0.030562336	-5.8241204	0.062444291
257.664	0.030736515	-5.8240799	0.062065946
257.792	0.03063257	-5.8240472	0.060094192
257.92	0.030667337	-5.8241393	0.059378414
258.048	0.030915695	-5.8243228	0.059453803
258.176	0.030064771	-5.8238573	0.057654195
258.304	0.030423035	-5.8242738	0.055915994
258.432	0.030680605	-5.8243957	0.056839704
258.56	0.030304276	-5.8240774	0.056903037
258.688	0.02993026	-5.8240851	0.059711659
258.816	0.029601548	-5.8241589	0.06062324
258.944	0.029954751	-5.8245359	0.059329299
259.072	0.029942993	-5.8247087	0.060670185
259.2	0.029788025	-5.8249294	0.059459668
259.328	0.030018559	-5.8251989	0.057224668
259.456	0.02990014	-5.8250299	0.05934007
259.584	0.02922552	-5.8243607	0.058590823
259.712	0.029566666	-5.8248381	0.053346045
259.84	0.02934045	-5.8246026	0.054653556
259.968	0.029693631	-5.8252368	0.055443611
260.096	0.029516574	-5.8249398	0.055702491
260.224	0.029301386	-5.8249286	0.061256896
260.352	0.029481518	-5.8250875	0.060367914
260.48	0.029402408	-5.825073	0.057483293
260.608	0.029610783	-5.8250953	0.055582643
260.736	0.029395118	-5.8251025	0.059257674
260.864	0.029493437	-5.8253524	0.059705454
260.992	0.029561896	-5.825074	0.056322378
261.12	0.029751711	-5.8252646	0.055377376
261.248	0.029422583	-5.8248406	0.057183181
261.376	0.02993586	-5.8248559	0.054558027
261.504	0.029575276	-5.8245409	0.055673574
261.632	0.029422774	-5.824448	0.056956654
261.76	0.029904737	-5.8248405	0.056148307
261.888	0.029516244	-5.824688	0.057396631
262.016	0.029281234	-5.8242563	0.061898508
262.144	0.03052032	-5.8248356	0.058482019
262.272	0.029984626	-5.8242561	0.059181304
262.4	0.030012633	-5.8241684	0.061642972
262.528	0.030509238	-5.8246212	0.061241704
262.656	0.030154597	-5.8240528	0.064336024
262.784	0.030358821	-5.8240738	0.06194309
262.912	0.02986917	-5.8233571	0.061135723
263.04	0.030692225	-5.82394	0.060909532
263.168	0.030603157	-5.8240188	0.062115675
263.296	0.030521967	-5.8238291	0.057127371
263.424	0.030680623	-5.8241507	0.053748819
263.552	0.030840894	-5.8241485	0.058156236
263.68	0.030318057	-5.8235891	0.058946501
263.808	0.030486543	-5.8238951	0.058370689
263.936	0.030449733	-5.823691	0.060263731
264.064	0.030828747	-5.8242298	0.058196614
264.192	0.030432935	-5.8236728	0.059102936
264.32	0.03043198	-5.8239725	0.061502649
264.448	0.030422815	-5.8240617	0.060198505
264.576	0.030583496	-5.8247626	0.056641807
264.704	0.030409246	-5.8245447	0.058626318
264.832	0.030266258	-5.8245049	0.056216111
264.96	0.030002474	-5.8243495	0.058864019
265.088	0.030292957	-5.8245129	0.059492056
265.216	0.02963764	-5.824052	0.058373031
265.344	0.029720673	-5.8240529	0.056787111
265.472	0.029539044	-5.8241884	0.057530378
265.6	0.030092459	-5.8251284	0.056992212
265.728	0.029167808	-5.8245875	0.05781128
265.856	0.029431695	-5.8244626	0.05522894
265.984	0.029707173	-5.8248971	0.054864975
266.112	0.029427486	-5.8248904	0.054532841
266.24	0.030186603	-5.8255922	0.053416164
266.368	0.029340689	-5.8248235	0.053652611
266.496	0.029368531	-5.825075	0.051919385
266.624	0.029176174	-5.8249063	0.054180753
266.752	0.029854214	-5.8256212	0.056626669
266.88	0.029110081	-5.8247622	0.056616014
267.008	0.029393574	-5.8247007	0.056975836
267.136	0.02971268	-5.824877	0.056696009
267.264	0.029561767	-5.8249566	0.054612491
267.392	0.029462963	-5.8248659	0.057188346
267.52	0.029529028	-5.8248818	0.058328352
267.648	0.029946043	-5.825287	0.058658507
267.776	0.029554226	-5.8246678	0.058144622
267.904	0.029402378	-5.8250112	0.053213906
268.032	0.030286542	-5.8254494	0.05483665
268.16	0.029785569	-5.8242907	0.059409061
268.288	0.029652206	-5.8242641	0.05884407
268.416	0.029879886	-5.8245898	0.061885716
268.544	0.030311023	-5.8247998	0.059433013
268.672	0.030131924	-5.8243676	0.059654578
268.8	0.029960435	-5.8243073	0.063302866
268.928	0.030391846	-5.8244604	0.064479335
269.056	0.030987378	-5.8249178	0.058767869
269.184	0.029891385	-5.8239109	0.061999744
269.312	0.030571149	-5.8244345	0.060358586
269.44	0.030477721	-5.8242957	0.058656223
269.568	0.029995147	-5.823654	0.061436606
269.696	0.030238228	-5.824026	0.06092573
269.824	0.03113298	-5.8245852	0.056750125
269.952	0.030183533	-5.8235319	0.058869284
270.08	0.030674557	-5.8241279	0.056646822
270.208	0.030592303	-5.8241214	0.057320217
270.336	0.029890082	-5.8231976	0.059170674
270.464	0.030368506	-5.823981	0.056199981
270.592	0.031002524	-5.8248196	0.057849738
270.72	0.030349185	-5.824184	0.059466267
270.848	0.030098676	-5.8236496	0.060294355
270.976	0.030470272	-5.8238343	0.059171474
271.104	0.03021284	-5.8244263	0.05731994
271.232	0.029927814	-5.8242627	0.055920371
271.36	0.030154325	-5.8247945	0.056408368
271.488	0.030395358	-5.8253609	0.057518474
271.616	0.029653111	-5.8247123	0.060529994
271.744	0.029957625	-5.8247741	0.056887234
271.872	0.02960047	-5.8245501	0.058722874
272	0.030006134	-5.8250074	0.056328329
272.128	0.029681919	-5.8249951	0.057305578
272.256	0.030182741	-5.8256978	0.056033031
272.384	0.029282571	-5.8247462	0.060512807
272.512	0.029494279	-5.8248479	0.061645554
272.64	0.029571801	-5.8249457	0.05648777
272.768	0.029420109	-5.8248409	0.054077203
272.896	0.029674796	-5.8250959	0.057119319
273.024	0.029368537	-5.8249122	0.059167633
273.152	0.029560372	-5.8252122	0.058073331
273.28	0.029373958	-5.8249481	0.054586737
273.408	0.029711577	-5.8251938	0.053759022
273.536	0.029606112	-5.8246479	0.056754833
273.664	0.029470876	-5.8247768	0.056653449
273.792	0.029589399	-5.8247754	0.055023247
273.92	0.029169936	-5.8241707	0.060393926
274.048	0.029648928	-5.8246881	0.057986363
274.176	0.030445342	-5.825535	0.050970536
274.304	0.029502099	-5.8240701	0.057323117
274.432	0.029538135	-5.824353	0.059830456
274.56	0.03020834	-5.8246485	0.059563922
274.688	0.030256305	-5.8247893	0.059222419
274.816	0.029748153	-5.824162	0.05838443
274.944	0.029744738	-5.8236925	0.058160109
275.072	0.030348269	-5.8244024	0.058735622
275.2	0.030839696	-5.8248151	0.058498092
275.328	0.029915273	-5.8237993	0.063165821
275.456	0.030270171	-5.8242299	0.063209083
275.584	0.03056675	-5.8244094	0.058030295
275.712	0.030223359	-5.8239324	0.057228877
275.84	0.030776399	-5.8246147	0.061368371
275.968	0.030352344	-5.8238965	0.064268413
276.096	0.030340064	-5.8238558	0.063090412
276.224	0.030627734	-5.8238665	0.061117359
276.352	0.030302233	-5.8238554	0.060591135
276.48	0.030522918	-5.8239641	0.05915448
276.608	0.031323839	-5.8249425	0.058406723
276.736	0.030169602	-5.8238373	0.060168969
276.864	0.030720351	-5.82407	0.058490585
276.992	0.030466255	-5.8241728	0.058854503
277.12	0.030225844	-5.8239665	0.058300665
277.248	0.029990801	-5.8240661	0.057095602
277.376	0.029855616	-5.8239636	0.05945007
277.504	0.030424761	-5.8244663	0.057548651
277.632	0.030401918	-5.8249027	0.058911158
277.76	0.02949557	-5.8236333	0.059721017
277.888	0.030095985	-5.8244991	0.055168677
278.016	0.030143796	-5.8248678	0.057046243
278.144	0.029541142	-5.8244168	0.061132136
278.272	0.030200915	-5.8253535	0.05595359
278.4	0.029238656	-5.8248567	0.053066838
278.528	0.029108129	-5.8245495	0.058372758
278.656	0.030083262	-5.8256358	0.054243123
278.784	0.029882774	-5.8253431	0.052642049
278.912	0.029336	-5.8248724	0.057545262
279.04	0.029936786	-5.8253667	0.058402442
279.168	0.029587147	-5.8253455	0.059109846
279.296	0.029512515	-5.8251726	0.05517883
279.424	0.029238452	-5.8248545	0.056861142
279.552	0.029478003	-5.8250118	0.054612504
279.68	0.029578396	-5.8249854	0.055940442
279.808	0.02937217	-5.8246674	0.057819027
279.936	0.029494759	-5.8249962	0.055807906
280.064	0.029694858	-5.8250905	0.054704089
280.192	0.029464679	-5.8249466	0.054688787
280.32	0.030231134	-5.8253378	0.054032671
280.448	0.029563559	-5.8245311	0.058646769
280.576	0.029605231	-5.8242317	0.058058724
280.704	0.030066491	-5.8248021	0.058856604
280.832	0.029915571	-5.8243752	0.058651908
280.96	0.030175869	-5.8246279	0.058888823
281.088	0.030085083	-5.8241269	0.059527121
281.216	0.029987035	-5.8243491	0.059986782
281.344	0.030286429	-5.8244527	0.056356412
281.472	0.030675281	-5.8245285	0.05487342
281.6	0.03037061	-5.824149	0.057607976
281.728	0.030160002	-5.8238181	0.059135145
281.856	0.030378833	-5.8239647	0.058330173
281.984	0.030321662	-5.824031	0.06061818
282.112	0.030639101	-5.824388	0.059336962
282.24	0.030590234	-5.8242963	0.059595539
282.368	0.030367287	-5.8241195	0.060903322
282.496	0.030817662	-5.8245715	0.062336941
282.624	0.030336086	-5.8239236	0.06330313
282.752	0.030580648	-5.824287	0.060004692
282.88	0.030547334	-5.8240949	0.059847876
283.008	0.030473857	-5.823998	0.059066943
283.136	0.030805396	-5.8242613	0.060612738
283.264	0.030128017	-5.8239862	0.0618242
283.392	0.030199157	-5.8241043	0.058284935
283.52	0.030742323	-5.8248354	0.058240722
283.648	0.030252616	-5.8248269	0.061685087
283.776	0.030175936	-5.8244358	0.058285157
283.904	0.029949469	-5.8245423	0.057513708
284.032	0.029634577	-5.8245142	0.059357116
284.16	0.029818814	-5.8249542	0.062512402
284.288	0.029787201	-5.8246544	0.058020372
284.416	0.029993141	-5.8251062	0.052509242
284.544	0.029240881	-5.824116	0.056368134
284.672	0.029341492	-5.8241869	0.058523849
284.8	0.029771099	-5.8248398	0.054561596
284.928	0.029352374	-5.8244722	0.052338741
285.056	0.02981115	-5.8255487	0.0548631
285.184	0.02932455	-5.8249982	0.056936492
285.312	0.030304802	-5.8261229	0.0522298
285.44	0.029202517	-5.8247609	0.054623306
285.568	0.029209928	-5.8247296	0.055042493
285.696	0.02940988	-5.825076	0.05686225
285.824	0.030079174	-5.8257345	0.052742686
285.952	0.029345686	-5.8252456	0.057814192
286.08	0.029744213	-5.8252605	0.058472169
286.208	0.029771194	-5.8247494	0.058473133
286.336	0.029865897	-5.8250936	0.057678235
286.464	0.029547615	-5.824846	0.056771554
286.592	0.02993518	-5.8251022	0.055980226
286.72	0.029253935	-5.8241403	0.060000963
286.848	0.030500832	-5.8253777	0.055522571
286.976	0.029749464	-5.8243164	0.058146932
287.104	0.03025701	-5.8248937	0.057088437
287.232	0.029867002	-5.8245536	0.059940896
287.36	0.030395346	-5.8246184	0.05981721
287.488	0.02999152	-5.8241307	0.05680549
287.616	0.030127225	-5.8241367	0.055383924
287.744	0.030345636	-5.8244094	0.057288438
287.872	0.030498097	-5.8245592	0.060490015
288	0.030082542	-5.8239621	0.0618595
288.128	0.030261899	-5.8241001	0.058029319
288.256	0.03057605	-5.8243109	0.053733757
288.384	0.029883702	-5.8236085	0.061823413
288.512	0.030991297	-5.8245469	0.060554963
288.64	0.030571103	-5.8239535	0.06099329
288.768	0.030383626	-5.8240827	0.060131919
288.896	0.030282441	-5.8236393	0.057524763
289.024	0.030766611	-5.8244262	0.059438286
289.152	0.030634031	-5.8243275	0.059282992
289.28	0.029992201	-5.8238421	0.060688978
289.408	0.030561028	-5.8243537	0.060141792
289.536	0.030351188	-5.8243884	0.058180561
289.664	0.030457856	-5.8245509	0.057351583
289.792	0.030204396	-5.8240785	0.05894902
289.92	0.030006499	-5.8241503	0.056991373
290.048	0.029981807	-5.8243184	0.056501138
290.176	0.029803983	-5.8241856	0.061604124
290.304	0.030087821	-5.8242238	0.059902885
290.432	0.0300017	-5.8245559	0.061060064
290.56	0.029710502	-5.8243341	0.05797301
290.688	0.029843	-5.8248572	0.052781931
290.816	0.03047804	-5.825315	0.054981808
290.944	0.029126981	-5.824011	0.060789448
291.072	0.029455605	-5.8247222	0.058263505
291.2	0.02988407	-5.8253859	0.057695093
291.328	0.029421394	-5.8250774	0.05796912
291.456	0.029845487	-5.825147	0.055284604
291.584	0.029051777	-5.8243166	0.057106444
291.712	0.029336332	-5.8250111	0.056865467
291.84	0.029347487	-5.825039	0.058475842
291.968	0.029572251	-5.8254963	0.058853499
292.096	0.029685349	-5.8251262	0.054430271
292.224	0.029366547	-5.824918	0.053998795
292.352	0.028952089	-5.8243563	0.055997425
292.48	0.029929452	-5.8253989	0.057003575
292.608	0.029766767	-5.8249584	0.057782476
292.736	0.029649276	-5.8244206	0.056117984
292.864	0.02965037	-5.8246007	0.057740381
292.992	0.029960041	-5.8248251	0.0568558
293.12	0.029604102	-5.8244033	0.058568544
293.248	0.029413788	-5.8241356	0.058962807
293.376	0.029799239	-5.8241186	0.058326296
293.504	0.030244223	-5.8243914	0.055884416
293.632	0.030471118	-5.8244418	0.052902152
293.76	0.029970334	-5.82412	0.059882828
293.888	0.030347848	-5.8245802	0.061190964
294.016	0.030144505	-5.8241379	0.055101925
294.144	0.030433096	-5.8242742	0.057362199
294.272	0.030772318	-5.8243973	0.060947736
294.4	0.030127317	-5.8241548	0.060045408
294.528	0.030829292	-5.8244129	0.058369408
294.656	0.030211807	-5.8237178	0.06350641
294.784	0.030500318	-5.8241477	0.060334456
294.912	0.030446423	-5.8239077	0.058715783
295.04	0.031018548	-5.8246338	0.061182966
295.168	0.030351588	-5.8239244	0.063933607
295.296	0.03040349	-5.8241141	0.059291811
295.424	0.030431249	-5.8239048	0.060924254
295.552	0.030565273	-5.823974	0.05928548
295.68	0.030103453	-5.8234217	0.058290066
295.808	0.030434298	-5.8236915	0.056204003
295.936	0.030759279	-5.8246145	0.058022327
296.064	0.029670351	-5.8237806	0.062638568
296.192	0.030064436	-5.8242352	0.061351546
296.32	0.030387924	-5.824509	0.061753517
296.448	0.029778953	-5.8242414	0.063059467
296.576	0.029918834	-5.8243141	0.059744956
296.704	0.029584474	-5.8240222	0.061146515
296.832	0.030687253	-5.8250371	0.054482796
296.96	0.029834145	-5.8246376	0.055640197
297.088	0.029342422	-5.8241532	0.061256733
297.216	0.029897333	-5.8249521	0.056925886
297.344	0.029126325	-5.8244921	0.057382699
297.472	0.029579117	-5.8249883	0.059067746
297.6	0.029829683	-5.825332	0.058948331
297.728	0.029455082	-5.8251596	0.055689242
297.856	0.028985827	-5.8246262	0.055403021
297.984	0.029743782	-5.8251121	0.054437147
298.112	0.030037822	-5.8254635	0.054092192
298.24	0.028870022	-5.824381	0.05999889
298.368	0.029661924	-5.8250627	0.057263865
298.496	0.029455266	-5.8246201	0.05964355
298.624	0.029954699	-5.8253178	0.056845629
298.752	0.029610161	-5.8249681	0.058366386
298.88	0.029857724	-5.8252409	0.057408771
299.008	0.029497547	-5.8244726	0.057852256
299.136	0.029952176	-5.8251313	0.05665315
299.264	0.029492617	-5.8244621	0.059921767
299.392	0.029595214	-5.8242343	0.059529311
299.52	0.030385744	-5.8251127	0.056700195
299.648	0.029804441	-5.8244462	0.057660803
299.776	0.029996129	-5.8242041	0.057129804
299.904	0.03018216	-5.8243428	0.05856263
300.032	0.030458725	-5.8245144	0.058852788
300.16	0.030023633	-5.8241537	0.060428679
300.288	0.030148111	-5.8240079	0.059118653
300.416	0.030294018	-5.8241905	0.061420127
300.544	0.030504557	-5.8245063	0.059746077
300.672	0.030321811	-5.8243731	0.055311365
300.8	0.030296233	-5.8238464	0.056303014
300.928	0.030492368	-5.8242856	0.058075838
301.056	0.030745668	-5.8246863	0.052465796
301.184	0.030412131	-5.8239307	0.056451142
301.312	0.03041834	-5.824147	0.059085118
301.44	0.030226458	-5.8238827	0.056753883
301.568	0.030565357	-5.8243915	0.05617012
301.696	0.029973546	-5.8237548	0.05757228
301.824	0.030239696	-5.8242044	0.057363091
301.952	0.030476998	-5.8244437	0.057962719
302.08	0.030335116	-5.8242486	0.056677815
302.208	0.029618923	-5.8232897	0.059426124
302.336	0.030343111	-5.8243366	0.059885352
302.464	0.03032551	-5.8246046	0.059386426
302.592	0.030338755	-5.8246594	0.055911415
302.72	0.029916293	-5.8243024	0.057730665
302.848	0.02990364	-5.824306	0.062515652
302.976	0.029842232	-5.8245652	0.061962156
303.104	0.03056077	-5.8252639	0.058685581
303.232	0.030167234	-5.825064	0.056656933
303.36	0.029632012	-5.8245697	0.05958365
303.488	0.029361266	-5.8244847	0.055797786
303.616	0.030159604	-5.8254618	0.056686707
303.744	0.029047179	-5.8242027	0.059393813
303.872	0.029531643	-5.8244938	0.058144646
304	0.029740835	-5.8249962	0.057888492
304.128	0.029212384	-5.8247556	0.057489042
304.256	0.029854527	-5.825325	0.052612047
304.384	0.029973061	-5.825187	0.055209024
304.512	0.029554218	-5.8251799	0.059294934
304.64	0.029515847	-5.8249239	0.059496921
304.768	0.029601735	-5.8251204	0.057780878
304.896	0.030121235	-5.825766	0.056769803
305.024	0.029146064	-5.8246539	0.061106532
305.152	0.029796663	-5.8249519	0.057057765
305.28	0.030086102	-5.8253606	0.055938247
305.408	0.029794361	-5.825024	0.055024598
305.536	0.029630366	-5.8248931	0.055314343
305.664	0.029565125	-5.8247877	0.053570901
305.792	0.030139185	-5.8251966	0.053476286
305.92	0.029688173	-5.8245307	0.060232668
306.048	0.030051868	-5.8244577	0.058656871
306.176	0.029937521	-5.8240749	0.057994208
306.304	0.029708409	-5.8235813	0.057964154
306.432	0.030128245	-5.8241584	0.060928422
306.56	0.030512498	-5.8243667	0.064599478
306.688	0.030152928	-5.8242637	0.062099971
306.816	0.030169983	-5.8238996	0.057497576
306.944	0.030722244	-5.8241502	0.058324913
307.072	0.03072046	-5.8246214	0.060133758
307.2	0.030057289	-5.8237812	0.060588377
307.328	0.030267905	-5.8241487	0.057479789
307.456	0.03083136	-5.8250154	0.058689682
307.584	0.030576882	-5.8247087	0.060045848
307.712	0.030258907	-5.8239836	0.062049888
307.84	0.030378415	-5.8238534	0.062860797
307.968	0.030475302	-5.824187	0.062138349
308.096	0.030283943	-5.8240977	0.060194333
308.224	0.030461928	-5.8241991	0.055651639
308.352	0.030010945	-5.8235432	0.062522375
308.48	0.030197193	-5.8241385	0.062851322
308.608	0.030451876	-5.8245087	0.060177108
308.736	0.030624168	-5.8247463	0.05700099
308.864	0.030402248	-5.8245754	0.058139618
308.992	0.030209307	-5.8243516	0.057365861
309.12	0.02987104	-5.82412	0.061358657
309.248	0.029863911	-5.8241759	0.061292653
309.376	0.030290071	-5.8247758	0.058725023
309.504	0.029840977	-5.8243657	0.058469498
309.632	0.030107129	-5.8246534	0.055215382
309.76	0.029366145	-5.8242648	0.060063641
309.888	0.029947424	-5.8248234	0.056208256
310.016	0.029507609	-5.8246849	0.059562374
310.144	0.029828029	-5.8251565	0.058208911
310.272	0.029333417	-5.8247494	0.05602163
310.4	0.029302432	-5.8250686	0.055755616
310.528	0.029358541	-5.825093	0.055911986
310.656	0.03021023	-5.8261858	0.054619579
310.784	0.029256288	-5.8254091	0.05625269
310.912	0.029397649	-5.8250941	0.057170189
311.04	0.029564733	-5.8250872	0.05611627
311.168	0.029130989	-5.8241091	0.05298565
311.296	0.029230226	-5.8244262	0.057290484
311.424	0.029855592	-5.8250461	0.057796603
311.552	0.029763306	-5.8249213	0.057716033
311.68	0.029885799	-5.8252701	0.057969841
311.808	0.029752208	-5.8250936	0.058829483
311.936	0.029356617	-5.8245152	0.057685021
312.064	0.029956336	-5.8252177	0.053089542
312.192	0.029887776	-5.8248486	0.060249199
312.32	0.030052516	-5.8248743	0.060723877
312.448	0.029830415	-5.8248035	0.058146418
312.576	0.030180841	-5.8250881	0.058299285
312.704	0.030784445	-5.825391	0.057158214
312.832	0.030274993	-5.8246044	0.058381164
312.96	0.030445289	-5.8244881	0.056741168
313.088	0.029951094	-5.8239645	0.060625974
313.216	0.030229534	-5.8242808	0.0618251
313.344	0.030195965	-5.8240825	0.063240173
313.472	0.030428909	-5.8242432	0.060813593
313.6	0.030484391	-5.8244761	0.061046529
313.728	0.03078052	-5.8243303	0.059269469
313.856	0.030416104	-5.8239364	0.059497061
313.984	0.03076139	-5.8239581	0.061074721
314.112	0.030602617	-5.8238966	0.062335941
314.24	0.030451156	-5.8238881	0.056616653
314.368	0.030591443	-5.8242483	0.055064948
314.496	0.030438247	-5.8238626	0.062707071
314.624	0.030308325	-5.8239411	0.061499981
314.752	0.030525684	-5.8243783	0.057745557
314.88	0.03039655	-5.8243233	0.059927996
315.008	0.030252985	-5.8240767	0.059172025
315.136	0.030236028	-5.8241548	0.05920505
315.264	0.030354572	-5.8242906	0.056035509
315.392	0.029622972	-5.8235611	0.05802901
315.52	0.029896985	-5.8240801	0.056637713
315.648	0.030293342	-5.8247214	0.057195606
315.776	0.029748394	-5.8244979	0.057457068
315.904	0.029961264	-5.8247119	0.054414277
316.032	0.029332177	-5.8244831	0.059029654
316.16	0.029528699	-5.8249874	0.054843654
316.288	0.029890747	-5.8255029	0.054625029
316.416	0.029720363	-5.8248714	0.057101382
316.544	0.030054436	-5.8255245	0.054072494
316.672	0.029434899	-5.8247139	0.054259936
316.8	0.029415198	-5.8248284	0.055808249
316.928	0.029368923	-5.8246471	0.05794505
317.056	0.030045507	-5.8256101	0.055688762
317.184	0.029491743	-5.8250078	0.060003599
317.312	0.029900292	-5.8256081	0.056182462
317.44	0.028982899	-5.8246053	0.059208097
317.568	0.029754879	-5.8251021	0.057149138
317.696	0.029332066	-5.8247343	0.057749765
317.824	0.030150727	-5.8253836	0.056384107
317.952	0.029421445	-5.8244186	0.058480208
318.08	0.029808247	-5.8247752	0.053354734
318.208	0.029867511	-5.8246159	0.053573436
318.336	0.02993581	-5.824877	0.060304529
318.464	0.029824313	-5.8247672	0.064015593
318.592	0.029998942	-5.8246012	0.060266951
318.72	0.030103179	-5.8245124	0.060405349
318.848	0.029726593	-5.8241066	0.062291094
318.976	0.030002307	-5.8241978	0.060608444
319.104	0.030174936	-5.8244151	0.061048112
319.232	0.030665547	-5.8249413	0.060418318
319.36	0.030503035	-5.8246552	0.059122842
319.488	0.030101318	-5.823893	0.062059708
319.616	0.030591738	-5.8245456	0.056887756
319.744	0.029959479	-5.823458	0.057693326
319.872	0.030461602	-5.8238244	0.060805163
320	0.030532308	-5.8240603	0.057833382
320.128	0.030879908	-5.8242325	0.055160586
320.256	0.029958434	-5.8232636	0.062268157
320.384	0.030528969	-5.8238352	0.059416812
320.512	0.030624786	-5.8240976	0.05886834
320.64	0.030799784	-5.8243503	0.058543207
320.768	0.030344481	-5.8236902	0.058351847
320.896	0.03005	-5.8238247	0.058980051
321.024	0.030524572	-5.8241406	0.057039782
321.152	0.030073004	-5.8239663	0.05755706
321.28	0.030295395	-5.8245493	0.059123876
321.408	0.030333031	-5.824589	0.062040193
321.536	0.030231947	-5.8245792	0.056229369
321.664	0.030338336	-5.824859	0.055502664
321.792	0.029993718	-5.8243434	0.059018754
321.92	0.029574853	-5.8242224	0.057767125
322.048	0.029924619	-5.8245294	0.056107129
322.176	0.029731277	-5.824357	0.055576984
322.304	0.029577861	-5.8241129	0.056936784
322.432	0.02966009	-5.8246467	0.057372934
322.56	0.029431828	-5.8244085	0.055841055
322.688	0.029462683	-5.8243764	0.05673279
322.816	0.029556217	-5.8251014	0.056555577
322.944	0.029339169	-5.8251139	0.055396951
323.072	0.029878343	-5.8251573	0.05670657
323.2	0.029872197	-5.8250311	0.059544801
323.328	0.029485029	-5.8248772	0.056025162
323.456	0.029683454	-5.8251666	0.053245194
323.584	0.029170248	-5.8247421	0.058278273
323.712	0.029388018	-5.8247363	0.059952148
323.84	0.029826711	-5.8254593	0.057858492
323.968	0.029127148	-5.8241798	0.055744587
324.096	0.029828012	-5.8252611	0.054725635
324.224	0.029322206	-5.8241991	0.059201737
324.352	0.02963704	-5.8246245	0.057449385
324.48	0.029541506	-5.8244669	0.058655332
324.608	0.029954764	-5.8247037	0.056035406
324.736	0.029981735	-5.8248649	0.052260698
324.864	0.030261945	-5.8248447	0.056281648
324.992	0.0297434	-5.8241437	0.062473077
325.12	0.029397979	-5.8237263	0.063695838
325.248	0.03019855	-5.8243912	0.061307146
325.376	0.030621198	-5.8244414	0.054168812
325.504	0.030044496	-5.8243539	0.0588072
325.632	0.030225665	-5.82432	0.059562338
325.76	0.030566757	-5.8242748	0.058384628
325.888	0.030494685	-5.8240526	0.055010843
326.016	0.030379699	-5.8238355	0.055522552
326.144	0.030220115	-5.8236762	0.057428891
326.272	0.030068602	-5.8238279	0.059332049
326.4	0.03084108	-5.8243136	0.057825153
326.528	0.03028416	-5.8238968	0.056655138
326.656	0.030713182	-5.8244489	0.054920124
326.784	0.030395638	-5.8238112	0.059053601
326.912	0.030537054	-5.8239748	0.059922567
327.04	0.030586399	-5.8240809	0.057817457
327.168	0.029851159	-5.8233219	0.057749549
327.296	0.0302994	-5.8239261	0.056346779
327.424	0.030440536	-5.8242393	0.057668207
327.552	0.029619147	-5.823403	0.06040429
327.68	0.030830178	-5.8245202	0.051264625
327.808	0.030029503	-5.8238741	0.05672914
327.936	0.030107088	-5.8242751	0.058593873
328.064	0.029750648	-5.8241486	0.057808293
328.192	0.030104126	-5.8246146	0.059094885
328.32	0.029457561	-5.8239709	0.059675647
328.448	0.03070782	-5.8253169	0.056573932
328.576	0.029346372	-5.8241045	0.05797866
328.704	0.030471486	-5.8254554	0.053594558
328.832	0.029551967	-5.8245045	0.056405768
328.96	0.029637685	-5.8247493	0.057247292
329.088	0.02976761	-5.825201	0.056583532
329.216	0.029712076	-5.8250429	0.056062513
329.344	0.029876334	-5.8250851	0.055819141
329.472	0.029503529	-5.8248231	0.05517787
329.6	0.029593335	-5.8248068	0.052559076
329.728	0.029292647	-5.8246193	0.056377967
329.856	0.030486762	-5.8254675	0.055629087
329.984	0.029095725	-5.8243062	0.059164959
330.112	0.029583167	-5.8247505	0.0586176
330.24	0.029258424	-5.824418	0.055832021
330.368	0.029862985	-5.8251411	0.05179896
330.496	0.029205966	-5.8241699	0.057925536
330.624	0.02969359	-5.8248496	0.05748763
330.752	0.02976917	-5.8248258	0.057557695
330.88	0.029720883	-5.8246488	0.058323705
331.008	0.029557997	-5.8243416	0.05854246
331.136	0.030388637	-5.8249444	0.055899018
331.264	0.029731542	-5.8244806	0.061017835
331.392	0.029841499	-5.8245496	0.061009481
331.52	0.030435504	-5.825181	0.055892467
331.648	0.030183365	-5.8244954	0.055186914
331.776	0.029788398	-5.8240667	0.058400481
331.904	0.030974319	-5.8252209	0.05441218
332.032	0.029817085	-5.8239172	0.058475796
332.16	0.029941294	-5.8238975	0.061322807
332.288	0.030417856	-5.8240476	0.061163743
332.416	0.030358393	-5.8244934	0.060341046
332.544	0.030644069	-5.8245286	0.059420599
332.672	0.030015286	-5.8237871	0.06058705
332.8	0.030763153	-5.8243742	0.055398814
332.928	0.030133528	-5.8239247	0.058708334
333.056	0.030213723	-5.8239306	0.06397209
333.184	0.030715712	-5.8246135	0.059265939
333.312	0.029930749	-5.823672	0.058746429
333.44	0.030731961	-5.8243096	0.059294087
333.568	0.03053505	-5.824137	0.059118366
333.696	0.030573467	-5.824223	0.056151919
333.824	0.029838423	-5.8237996	0.059617087
333.952	0.030115822	-5.8246826	0.059708081
334.08	0.030403054	-5.8249466	0.058745625
334.208	0.030034326	-5.8244137	0.058640321
334.336	0.029946498	-5.8243515	0.058568788
334.464	0.03017225	-5.8247296	0.061446399
334.592	0.029702221	-5.824024	0.062699396
334.72	0.029969469	-5.824461	0.05861917
334.848	0.029919157	-5.8246667	0.054377443
334.976	0.029335241	-5.8242634	0.055138843
335.104	0.030089914	-5.8252554	0.058039472
335.232	0.029571288	-5.8248374	0.058261786
335.36	0.029848882	-5.8250434	0.057507479
335.488	0.029891026	-5.8252797	0.057804887
335.616	0.029660457	-5.8248193	0.057164873
335.744	0.029157679	-5.82423	0.056772309
335.872	0.029250293	-5.8241089	0.058510386
336	0.029453569	-5.8244514	0.058887897
336.128	0.029804932	-5.8249357	0.056467641
336.256	0.029951251	-5.8247067	0.054656627
336.384	0.029667473	-5.825017	0.055885775
336.512	0.02946458	-5.8251268	0.057615341
336.64	0.029735335	-5.8249658	0.059149351
336.768	0.030099851	-5.8252237	0.058772939
336.896	0.029666171	-5.8248513	0.056131778
337.024	0.029496206	-5.8246786	0.055621032
337.152	0.029873528	-5.8250658	0.054213791
337.28	0.029278091	-5.824357	0.05786611
337.408	0.0302888	-5.8251054	0.05686258
337.536	0.029738369	-5.8242643	0.054053772
337.664	0.029619528	-5.8243009	0.058713627
337.792	0.030099398	-5.8246851	0.057160013
337.92	0.029740968	-5.8242207	0.05762447
338.048	0.030432065	-5.825184	0.056686029
338.176	0.030447196	-5.8250775	0.053122137
338.304	0.030233887	-5.8243498	0.05925196
338.432	0.030383993	-5.824375	0.057954877
338.56	0.030271977	-5.8241298	0.06178135
338.688	0.029908691	-5.8236415	0.061958886
338.816	0.030793201	-5.8248497	0.053182578
338.944	0.030757636	-5.8245914	0.055541727
339.072	0.029953821	-5.823944	0.05750345
339.2	0.030604587	-5.8243649	0.05741775
339.328	0.030354596	-5.8241854	0.061644801
339.456	0.030450211	-5.8240249	0.062712563
339.584	0.030539864	-5.8239797	0.062394742
339.712	0.030229193	-5.8238415	0.06013171
339.84	0.030530448	-5.824266	0.057363375
339.968	0.030520733	-5.8242984	0.059037957
340.096	0.030283608	-5.8240129	0.060398379
340.224	0.030240858	-5.8241316	0.057448818
340.352	0.029968408	-5.8240391	0.058421109
340.48	0.03047684	-5.8247961	0.056693402
340.608	0.029848203	-5.8243094	0.059618951
340.736	0.029506071	-5.8240654	0.060915851
340.864	0.029879329	-5.8245846	0.058075271
340.992	0.029908044	-5.8244316	0.056756678
341.12	0.029692284	-5.8245622	0.056893403
341.248	0.030073908	-5.8251092	0.056582388
341.376	0.029752544	-5.8248481	0.059301167
341.504	0.03007894	-5.8253724	0.057881961
341.632	0.029099481	-5.8244107	0.059661874
341.76	0.029531069	-5.8250702	0.055033432
341.888	0.029890942	-5.825164	0.055840748
342.016	0.029483372	-5.8246312	0.055872046
342.144	0.029447908	-5.8243617	0.057414323
342.272	0.029595903	-5.8248222	0.059484559
342.4	0.029792072	-5.8251125	0.058131198
342.528	0.029309813	-5.8246467	0.058399299
342.656	0.029328012	-5.8248227	0.05929312
342.784	0.029671391	-5.825141	0.058974755
342.912	0.029556468	-5.8250309	0.056298246
343.04	0.029398775	-5.8248199	0.057051715
343.168	0.029953046	-5.8254426	0.055099881
343.296	0.029370778	-5.8245758	0.058731629
343.424	0.029169021	-5.8242688	0.062071371
343.552	0.030634288	-5.8258065	0.054887053
343.68	0.029313387	-5.8241599	0.058576158
343.808	0.030474354	-5.8252806	0.055795685
343.936	0.029747884	-5.8245483	0.063036607
344.064	0.029666642	-5.8241776	0.061169043
344.192	0.03022587	-5.8248088	0.055348181
344.32	0.030147523	-5.8245108	0.058647331
344.448	0.029972776	-5.8243707	0.057025179
344.576	0.030072782	-5.8243947	0.058830053
344.704	0.030304661	-5.8242476	0.061750088
344.832	0.030518195	-5.8242395	0.058074322
344.96	0.030282057	-5.8236641	0.060726105
345.088	0.030462966	-5.8236165	0.06079363
345.216	0.03064639	-5.8237872	0.058896642
345.344	0.030123443	-5.8234188	0.061029414
345.472	0.030755521	-5.823758	0.060526606
345.6	0.029848502	-5.8230758	0.062247351
345.728	0.03121818	-5.8246641	0.055326803
345.856	0.030704459	-5.8243033	0.05978512
345.984	0.030116222	-5.8237601	0.060893396
346.112	0.031131331	-5.8247796	0.058208864
346.24	0.030523155	-5.8237704	0.061489468
346.368	0.029978336	-5.8233812	0.06053299
346.496	0.030363168	-5.8238681	0.060110773
346.624	0.030469879	-5.8241075	0.056017144
346.752	0.030534093	-5.8245748	0.054945892
346.88	0.02991384	-5.8241425	0.057247906
347.008	0.030107444	-5.8245815	0.057268623
347.136	0.029521346	-5.8241578	0.057648166
347.264	0.030188348	-5.8247679	0.054565451
347.392	0.029668945	-5.8246525	0.057787225
347.52	0.02974775	-5.8250771	0.058078936
347.648	0.029823449	-5.8250731	0.057287468
347.776	0.029540881	-5.8246533	0.05807638
347.904	0.030125272	-5.8254544	0.054350058
348.032	0.028988447	-5.8237455	0.057671868
348.16	0.030001876	-5.8247864	0.055339697
348.288	0.02970569	-5.8246279	0.057677807
348.416	0.029562137	-5.8247496	0.059471084
348.544	0.029950612	-5.825246	0.057337975
348.672	0.029410868	-5.8243886	0.055369613
348.8	0.029538985	-5.8249849	0.055110819
348.928	0.029147002	-5.8245717	0.056781952
349.056	0.02992908	-5.8252895	0.05451784
349.184	0.029397427	-5.8248813	0.057270759
349.312	0.029484204	-5.8249171	0.059079554
349.44	0.029560339	-5.8246722	0.061524818
349.568	0.029490876	-5.824463	0.060549647
349.696	0.030115562	-5.8250884	0.055521039
349.824	0.029365526	-5.8241223	0.058150141
349.952	0.029938841	-5.8247279	0.059733979
350.08	0.029787027	-5.8246346	0.059953819
350.208	0.029955561	-5.8248458	0.053913786
350.336	0.030080275	-5.8245787	0.056799862
350.464	0.030055091	-5.8245752	0.063027239
350.592	0.030144947	-5.8247459	0.060833462
350.72	0.030089747	-5.8245109	0.056167234
350.848	0.030216083	-5.824277	0.057078769
350.976	0.029993363	-5.8237052	0.059262254
351.104	0.030322469	-5.8243118	0.05759195
351.232	0.030585155	-5.8244796	0.057974428
351.36	0.030259239	-5.8239415	0.057976734
351.488	0.030163925	-5.8234226	0.058726518
351.616	0.03064587	-5.8241488	0.060508186
351.744	0.030242477	-5.8237471	0.061704413
351.872	0.03095113	-5.824275	0.05373492
352	0.030200944	-5.82376	0.059506703
352.128	0.030286936	-5.823977	0.059993849
352.256	0.030422299	-5.8240622	0.05799777
352.384	0.030154433	-5.8233877	0.06393597
352.512	0.030212002	-5.8234572	0.058425215
352.64	0.030888086	-5.8242212	0.050920376
352.768	0.030081166	-5.8238789	0.057656386
352.896	0.030416742	-5.8244491	0.055457224
353.024	0.030430129	-5.824169	0.059853128
353.152	0.030041702	-5.8241945	0.060159428
353.28	0.03002194	-5.8241416	0.058202562
353.408	0.029776519	-5.8241842	0.055799516
353.536	0.03021338	-5.8247943	0.057574259
353.664	0.030253241	-5.8249959	0.058132809
353.792	0.029379933	-5.824251	0.054363592
353.92	0.030134657	-5.8249422	0.053489206
354.048	0.030126616	-5.8248151	0.058622073
354.176	0.029434054	-5.8240566	0.057562542
354.304	0.029401614	-5.8245871	0.055074347
354.432	0.029153115	-5.8247547	0.057911415
354.56	0.029664386	-5.8250448	0.056801827
354.688	0.029713991	-5.8250929	0.058504737
354.816	0.029521783	-5.8249195	0.06185536
354.944	0.029708098	-5.8253175	0.057910548
355.072	0.029676471	-5.8251413	0.057310329
355.2	0.029349995	-5.8246502	0.058232294
355.328	0.0299357	-5.8252549	0.054172467
355.456	0.030084879	-5.8255127	0.057150211
355.584	0.029805787	-5.8250427	0.059356249
355.712	0.029566166	-5.8245635	0.055479251
355.84	0.029826725	-5.824848	0.054144255
355.968	0.029164358	-5.8243852	0.061518696
356.096	0.02987728	-5.8251891	0.059870401
356.224	0.030158494	-5.8252394	0.057039388
356.352	0.029595456	-5.8246846	0.058151488
356.48	0.029737795	-5.8249226	0.055809727
356.608	0.029691365	-5.8246091	0.057114353
356.736	0.030277889	-5.8247604	0.059793668
356.864	0.029935587	-5.8243753	0.059524402
356.992	0.030106367	-5.8242309	0.055589389
357.12	0.030226721	-5.8240124	0.0579429
357.248	0.030403713	-5.8244877	0.054932429
357.376	0.030323922	-5.8244756	0.05678201
357.504	0.030045917	-5.8239309	0.059618863
357.632	0.030407709	-5.824381	0.059061217
357.76	0.030747453	-5.8247211	0.059895194
357.888	0.030409996	-5.8241	0.062145622
358.016	0.030205331	-5.8236324	0.063042149
358.144	0.030560242	-5.8239926	0.05798527
358.272	0.030601769	-5.823963	0.062719233
358.4	0.030815927	-5.8242844	0.060369552
358.528	0.030817419	-5.8244332	0.058010396
358.656	0.030175984	-5.8236821	0.06017311
358.784	0.030360331	-5.8241579	0.055678041
358.912	0.030739141	-5.8247354	0.05245842
359.04	0.030377693	-5.8243155	0.056210013
359.168	0.029960409	-5.824052	0.058905072
359.296	0.030260104	-5.824165	0.057090176
359.424	0.030213317	-5.8241575	0.057677867
359.552	0.030366435	-5.8246789	0.05678141
359.68	0.029729306	-5.8241249	0.058867864
359.808	0.030209779	-5.8245424	0.053055721
359.936	0.029471686	-5.8239852	0.059712613
360.064	0.030015724	-5.8249649	0.05736007
360.192	0.029810063	-5.8245729	0.057665387
360.32	0.029761763	-5.8245163	0.058725068
360.448	0.029726773	-5.8250265	0.054147768
360.576	0.030172942	-5.8252867	0.053208564
360.704	0.029532086	-5.8245183	0.05874132
360.832	0.029235224	-5.8245205	0.058002689
360.96	0.029703196	-5.8251588	0.051660524
361.088	0.029770131	-5.8249662	0.054491414
361.216	0.029838295	-5.8251142	0.057284486
361.344	0.029166624	-5.82425	0.058743965
361.472	0.029260937	-5.8244473	0.056467408
361.6	0.029620596	-5.8251626	0.055396409
361.728	0.029452254	-5.8249256	0.057930634
361.856	0.029373043	-5.8245281	0.056050409
361.984	0.029998907	-5.8253325	0.05665713
362.112	0.029745604	-5.8249557	0.058509959
362.24	0.029504563	-5.8247061	0.058384202
362.368	0.030336852	-5.8255833	0.056697734
362.496	0.029638461	-5.824613	0.059099434
362.624	0.029754307	-5.8242632	0.055005737
362.752	0.029922381	-5.8244994	0.057424226
362.88	0.03006792	-5.8245787	0.057020382
363.008	0.029871991	-5.8245903	0.057533077
363.136	0.029881216	-5.824554	0.059138408
363.264	0.030192398	-5.824743	0.056663194
363.392	0.029962985	-5.8244408	0.059757218
363.52	0.030484005	-5.8249475	0.055326563
363.648	0.030472467	-5.8247803	0.057389774
363.776	0.030421957	-5.8249268	0.059257368
363.904	0.030194026	-5.8244646	0.061225097
364.032	0.030520274	-5.8246259	0.060148544
364.16	0.029684248	-5.823542	0.064519138
364.288	0.030667212	-5.824484	0.061748543
364.416	0.030682909	-5.8244492	0.056980214
364.544	0.030250378	-5.8239528	0.057943104
364.672	0.030636696	-5.8241355	0.059262839
364.8	0.030807643	-5.8244714	0.054990861
364.928	0.030249787	-5.8235971	0.059589954
365.056	0.029590296	-5.8230905	0.062202854
365.184	0.03034528	-5.8242083	0.057410983
365.312	0.030709722	-5.8245864	0.059232738
365.44	0.029870712	-5.8242124	0.060163007
365.568	0.030269721	-5.8245146	0.05854936
365.696	0.030406678	-5.8244178	0.057541212
365.824	0.030002936	-5.824135	0.055959176
365.952	0.030411726	-5.8246559	0.058398972
366.08	0.0297656	-5.8240763	0.061535138
366.208	0.030165414	-5.8245331	0.053050949
366.336	0.029785045	-5.8241023	0.055980725
366.464	0.030068659	-5.8246473	0.056048672
366.592	0.029525243	-5.823962	0.059341117
366.72	0.029753518	-5.8246989	0.059699609
366.848	0.029670029	-5.8243088	0.055729905
366.976	0.029762263	-5.8244224	0.057058816
367.104	0.029881049	-5.8250023	0.057747128
367.232	0.029756376	-5.8253493	0.056820857
367.36	0.029112981	-5.8246319	0.059232406
367.488	0.02908041	-5.8245355	0.058792075
367.616	0.029713076	-5.8252176	0.058084338
367.744	0.029640351	-5.8251277	0.058440174
367.872	0.029827916	-5.8254394	0.053335607
368	0.029700677	-5.8254234	0.05422339
368.128	0.029394375	-5.8247948	0.057634101
368.256	0.02944538	-5.8248219	0.059471716
368.384	0.030136212	-5.8253988	0.057555527
368.512	0.029730262	-5.8248543	0.057901124
368.64	0.029378639	-5.8246793	0.060992147
368.768	0.029788895	-5.8249773	0.057905136
368.896	0.029658188	-5.8243451	0.05906234
369.024	0.03015894	-5.824759	0.05772556
369.152	0.029823945	-5.8244937	0.057944812
369.28	0.029855639	-5.8243514	0.055174463
369.408	0.030025538	-5.8247358	0.056201649
369.536	0.029580935	-5.8243759	0.055569031
369.664	0.029634243	-5.8242034	0.0550822
369.792	0.030128592	-5.8245512	0.056819041
369.92	0.030419086	-5.8243957	0.057794544
370.048	0.030141997	-5.8242733	0.060344564
370.176	0.031009313	-5.8252921	0.057427898
370.304	0.030049059	-5.8239696	0.059165173
370.432	0.030352461	-5.8241087	0.059649972
370.56	0.030378082	-5.8242238	0.058076094
370.688	0.030350792	-5.824022	0.056839049
370.816	0.03021146	-5.8239533	0.061298921
370.944	0.030780832	-5.8245565	0.058657741
371.072	0.030273018	-5.823987	0.057409124
371.2	0.031038908	-5.8246832	0.055870371
371.328	0.030053431	-5.823658	0.059303165
371.456	0.03036897	-5.8242711	0.057660455
371.584	0.029962433	-5.8240961	0.058465256
371.712	0.030480676	-5.8250075	0.062237264
371.84	0.030136677	-5.8244368	0.060100117
371.968	0.029945282	-5.8242253	0.059671116
372.096	0.030199485	-5.8242874	0.057751015
372.224	0.031137923	-5.8254966	0.054642624
372.352	0.030118548	-5.8247137	0.058716203
372.48	0.029907746	-5.8243713	0.056673876
372.608	0.030363563	-5.8249939	0.057480566
372.736	0.02947175	-5.8241784	0.059269543
372.864	0.029569781	-5.8242914	0.061235466
372.992	0.02988702	-5.824981	0.058433041
373.12	0.02954293	-5.8244548	0.054774511
373.248	0.029655862	-5.8247554	0.05658072
373.376	0.029874311	-5.8251735	0.051068089
373.504	0.029168884	-5.8241651	0.05694218
373.632	0.029545115	-5.8249208	0.057543964
373.76	0.029694916	-5.8249715	0.053345178
373.888	0.029386545	-5.8247258	0.058091036
374.016	0.029769544	-5.8253489	0.058783568
374.144	0.029718052	-5.8255632	0.056168706
374.272	0.029261617	-5.8247211	0.056407001
374.4	0.029462167	-5.82489	0.053978687
374.528	0.029932315	-5.8252428	0.053179401
374.656	0.029178009	-5.8242887	0.059484691
374.784	0.029990591	-5.8251849	0.055595537
374.912	0.029677639	-5.8245764	0.056271249
375.04	0.029908414	-5.8248366	0.059204185
375.168	0.029744641	-5.8246032	0.056750696
375.296	0.030124151	-5.8248705	0.058424341
375.424	0.030217065	-5.8249265	0.059335354
375.552	0.029533191	-5.8239551	0.05623664
375.68	0.029662894	-5.8240618	0.056383345
375.808	0.030149374	-5.8244377	0.057089749
375.936	0.030239139	-5.8245903	0.057161542
376.064	0.029610229	-5.823947	0.059373762
376.192	0.030657713	-5.82465	0.0589605
376.32	0.030413201	-5.8242393	0.057159053
376.448	0.030342269	-5.8242368	0.056660664
376.576	0.030509612	-5.8243506	0.058663526
376.704	0.030310832	-5.8242811	0.061006508
376.832	0.030706111	-5.8246266	0.0610366
376.96	0.029924146	-5.8237293	0.062374579
377.088	0.030668365	-5.8246379	0.058109444
377.216	0.030200777	-5.824026	0.064049708
377.344	0.030744997	-5.824437	0.060451379
377.472	0.030113157	-5.8238607	0.059448634
377.6	0.030101636	-5.8238852	0.056810116
377.728	0.030382833	-5.8238411	0.056771184
377.856	0.030745595	-5.8245293	0.057134126
377.984	0.030546834	-5.8245021	0.058558659
378.112	0.030487819	-5.8244204	0.060371515
378.24	0.02993449	-5.8239045	0.05853018
378.368	0.030083972	-5.8246115	0.057861682
378.496	0.030296167	-5.8248398	0.057881671
378.624	0.030226091	-5.8246321	0.057158353
378.752	0.030227313	-5.8246041	0.059990449
378.88	0.029951721	-5.8246503	0.058461827
379.008	0.029849992	-5.8245985	0.057760613
379.136	0.029375961	-5.8243443	0.058405403
379.264	0.030525541	-5.8255268	0.054665315
379.392	0.029957042	-5.825298	0.058354384
379.52	0.029688143	-5.8251948	0.057880288
379.648	0.029158462	-5.8244574	0.056824287
379.776	0.029970992	-5.8253018	0.054518004
379.904	0.029268263	-5.82457	0.056140696
380.032	0.029539102	-5.8248449	0.056773364
380.16	0.029364133	-5.8248253	0.052156028
380.288	0.028998946	-5.8243993	0.054905099
380.416	0.029674827	-5.8250821	0.056238745
380.544	0.029692196	-5.8251574	0.053357421
380.672	0.029591666	-5.8247884	0.056778643
380.8	0.029843628	-5.8250228	0.057604726
380.928	0.029048845	-5.8246576	0.057365536
381.056	0.029395517	-5.8246558	0.061628789
381.184	0.029880906	-5.8250921	0.059274041
381.312	0.029987369	-5.8252481	0.055858467
381.44	0.029692583	-5.8247661	0.057038987
381.568	0.029787347	-5.8247188	0.057450286
381.696	0.029663176	-5.8245932	0.060913742
381.824	0.029954131	-5.8244749	0.059791454
381.952	0.030113722	-5.8244391	0.05483492
382.08	0.030615191	-5.8247731	0.054114824
382.208	0.030348429	-5.8244294	0.060924406
382.336	0.03043204	-5.8246198	0.059968493
382.464	0.029893556	-5.8240802	0.058676739
382.592	0.030618233	-5.8248791	0.059349457
382.72	0.030103744	-5.8240908	0.059944357
382.848	0.030382501	-5.8241912	0.058755813
382.976	0.030585622	-5.8244091	0.059114187
383.104	0.030328247	-5.8241689	0.058175317
383.232	0.030205756	-5.8235707	0.056872711
383.36	0.030373825	-5.8240659	0.055763669
383.488	0.030507934	-5.8242011	0.055296061
383.616	0.030368475	-5.8239412	0.053316423
383.744	0.030230054	-5.8239307	0.05825402
383.872	0.030915013	-5.8247283	0.0617632
384	0.030080739	-5.8239416	0.06355584
384.128	0.030562114	-5.8246505	0.059059042
384.256	0.029596281	-5.8236893	0.060281915
384.384	0.030407025	-5.8246556	0.057717922
384.512	0.03043036	-5.8247247	0.058170185
384.64	0.029849331	-5.8240032	0.06160834
384.768	0.030136343	-5.8242658	0.059943344
384.896	0.030196052	-5.8245314	0.059026816
385.024	0.029990326	-5.8240879	0.058720193
385.152	0.030041144	-5.8245404	0.057252748
385.28	0.029802463	-5.8247563	0.056833552
385.408	0.029565447	-5.8243351	0.057694962
385.536	0.030101545	-5.8249208	0.053988205
385.664	0.030183315	-5.825491	0.053202206
385.792	0.029687857	-5.8250433	0.058538392
385.92	0.029601531	-5.8245465	0.056149167
386.048	0.029368668	-5.8244233	0.052777375
386.176	0.029545436	-5.8247903	0.055663349
386.304	0.029572734	-5.8250857	0.05783935
386.432	0.029914924	-5.8252924	0.056257423
386.56	0.029239665	-5.8246067	0.060397526
386.688	0.029158064	-5.8248735	0.061519033
386.816	0.02942228	-5.8247906	0.058249869
386.944	0.029881895	-5.8250369	0.057409483
387.072	0.029665962	-5.824961	0.060150362
387.2	0.029513057	-5.8248504	0.058745072
387.328	0.029824091	-5.824976	0.055461605
387.456	0.029768372	-5.8248167	0.059648503
387.584	0.029879667	-5.8249924	0.059410905
387.712	0.029811608	-5.8247462	0.060614299
387.84	0.029348823	-5.8244943	0.060733071
387.968	0.030125517	-5.8251145	0.056301654
388.096	0.030062606	-5.8247093	0.058732621
388.224	0.029970094	-5.8247048	0.058670715
388.352	0.030632594	-5.8250682	0.057315835
388.48	0.029876561	-5.8244502	0.061949981
388.608	0.030410021	-5.8245365	0.058433597
388.736	0.030265751	-5.8242699	0.058522721
388.864	0.030330862	-5.8242914	0.05770974
388.992	0.029940459	-5.8239888	0.059915182
389.12	0.030326349	-5.8243006	0.060552065
389.248	0.03032121	-5.823962	0.059173408
389.376	0.030060856	-5.8237708	0.060891514
389.504	0.029886515	-5.8233834	0.060354953
389.632	0.030593338	-5.824395	0.057706094
389.76	0.030571623	-5.8243784	0.057246218
389.888	0.030342181	-5.8240241	0.058365083
390.016	0.030503404	-5.8241773	0.058472889
390.144	0.030274512	-5.8241601	0.059063428
390.272	0.030479937	-5.8242338	0.059240783
390.4	0.030203384	-5.8240432	0.060396787
390.528	0.030315232	-5.824188	0.054928177
390.656	0.030328076	-5.824	0.056325272
390.784	0.030589452	-5.8244714	0.059510512
390.912	0.029503659	-5.8236981	0.058762798
391.04	0.030380359	-5.8247585	0.058079564
391.168	0.0302891	-5.824685	0.059202185
391.296	0.030337633	-5.8249301	0.059616711
391.424	0.030005653	-5.8243864	0.059796777
391.552	0.030019224	-5.8247911	0.057116579
391.68	0.02999975	-5.8247618	0.056764413
391.808	0.029708654	-5.8244875	0.057112769
391.936	0.030067048	-5.8250947	0.05725777
392.064	0.029671705	-5.8246743	0.059192151
392.192	0.029754655	-5.8246571	0.058436725
392.32	0.029249672	-5.824728	0.058038636
392.448	0.029530962	-5.8254153	0.058108594
392.576	0.029825852	-5.825386	0.053771171
392.704	0.029592393	-5.8252313	0.055744718
392.832	0.030233842	-5.8256197	0.055286718
392.96	0.029119774	-5.8246549	0.056740489
393.088	0.029474842	-5.8251437	0.057346661
393.216	0.029619895	-5.8254319	0.055951878
393.344	0.029537255	-5.824809	0.057289437
393.472	0.029668492	-5.8247051	0.060927086
393.6	0.029685026	-5.8250356	0.059331794
393.728	0.029235642	-5.8245109	0.05638349
393.856	0.030143682	-5.8254957	0.05592252
393.984	0.029402914	-5.8245596	0.05915097
394.112	0.030238572	-5.825298	0.055099906
394.24	0.030006661	-5.8249796	0.053302909
394.368	0.029820971	-5.8245042	0.052371983
394.496	0.02946849	-5.8238819	0.054255168
394.624	0.029849917	-5.8243455	0.059452528
394.752	0.030447451	-5.8250001	0.058682717
394.88	0.029997259	-5.8240879	0.057377602
395.008	0.030067193	-5.8243185	0.058659018
395.136	0.030016219	-5.8243167	0.061791883
395.264	0.03060973	-5.8248488	0.060501668
395.392	0.030435396	-5.8240763	0.058785124
395.52	0.030618147	-5.8243276	0.058383658
395.648	0.030230573	-5.8239226	0.059002421
395.776	0.030485893	-5.824161	0.058768503
395.904	0.030457499	-5.8240398	0.058759239
396.032	0.030896053	-5.8246991	0.060385165
396.16	0.029946012	-5.8234306	0.061447833
396.288	0.030647275	-5.8241745	0.055218884
396.416	0.030563505	-5.8242049	0.057494544
396.544	0.030636025	-5.8244975	0.058001118
396.672	0.030384879	-5.8240019	0.061518554
396.8	0.030249713	-5.8239558	0.060784168
396.928	0.030449585	-5.8244429	0.060110493
397.056	0.030581578	-5.8247606	0.059044332
397.184	0.029703793	-5.8239961	0.058926127
397.312	0.030031387	-5.8243437	0.057866312
397.44	0.029511037	-5.8238468	0.061883962
397.568	0.030431222	-5.8251868	0.055330791
397.696	0.029918571	-5.824629	0.053400554
397.824	0.029900503	-5.8247701	0.056056312
397.952	0.029577161	-5.8245906	0.056430305
398.08	0.029651491	-5.8248346	0.057260592
398.208	0.029807405	-5.824848	0.055053817
398.336	0.029758221	-5.8249982	0.05961236
398.464	0.030045505	-5.8253782	0.060812698
398.592	0.029376814	-5.8248342	0.056794682
398.72	0.029632455	-5.824979	0.05876734
398.848	0.029024146	-5.8242827	0.061967582
398.976	0.029400166	-5.8245223	0.059015002
399.104	0.030008006	-5.8252558	0.054693468
399.232	0.02932901	-5.8249916	0.056821004
399.36	0.029518718	-5.8251069	0.05529978
399.488	0.029394492	-5.8247527	0.056737851
399.616	0.029476592	-5.8248214	0.05669596
399.744	0.029857272	-5.8250096	0.055934741
399.872	0.029135834	-5.8244439	0.059545099
400	0.029278704	-5.8245245	0.061367106
400.128	0.03002171	-5.8250425	0.056749951
400.256	0.029381717	-5.824385	0.057000062
400.384	0.030222063	-5.8254979	0.055508278
400.512	0.029829544	-5.8247314	0.058493417
400.64	0.029736813	-5.8239489	0.058424926
400.768	0.029894293	-5.8242261	0.059864374
400.896	0.030676328	-5.8250583	0.058906348
401.024	0.029374884	-5.823305	0.060218544
401.152	0.030195169	-5.8241273	0.060333533
401.28	0.030327087	-5.8243038	0.058692199
401.408	0.030325432	-5.8242384	0.057603741
401.536	0.030290682	-5.824035	0.0576245
401.664	0.030488878	-5.8239266	0.058930732
401.792	0.030782901	-5.8241617	0.058686428
401.92	0.030526686	-5.823987	0.056920376
402.048	0.03033809	-5.8238857	0.058489365
402.176	0.030157322	-5.8236627	0.059963431
402.304	0.030466538	-5.8240552	0.060844973
402.432	0.030518911	-5.8239981	0.064217318
402.56	0.03038681	-5.8239896	0.063563639
402.688	0.030663469	-5.8241377	0.059363704
402.816	0.030372828	-5.8239594	0.060230567
402.944	0.030580307	-5.8244119	0.058232473
403.072	0.030694668	-5.8246223	0.060992315
403.2	0.030229605	-5.8238513	0.063075097
403.328	0.030241186	-5.8236169	0.058985335
403.456	0.029699762	-5.8236016	0.057751655
403.584	0.03006049	-5.8241082	0.06021851
403.712	0.029939527	-5.8246001	0.062077111
403.84	0.030053815	-5.8250204	0.05840935
403.968	0.030303867	-5.8252403	0.056272257
404.096	0.029469071	-5.8244606	0.058884094
404.224	0.029740441	-5.8245578	0.055811646
404.352	0.029683178	-5.8249168	0.056443126
404.48	0.029432793	-5.8247715	0.057829275
404.608	0.029713158	-5.8250704	0.053985412
404.736	0.029807523	-5.8253456	0.051225388
404.864	0.029721339	-5.8254609	0.053860724
404.992	0.029153487	-5.8247572	0.0546561
405.12	0.029471693	-5.825067	0.052314172
405.248	0.029265765	-5.8246103	0.053022767
405.376	0.030332704	-5.8254878	0.053991412
405.504	0.029088648	-5.8245524	0.055826201
405.632	0.029271962	-5.8247497	0.055218598
405.76	0.030221608	-5.8254195	0.055154847
405.888	0.029169855	-5.8243237	0.058074437
406.016	0.029567897	-5.8248332	0.056926066
406.144	0.029510471	-5.8242458	0.056056466
406.272	0.030019691	-5.8249952	0.051131353
406.4	0.029393266	-5.8245912	0.052642847
406.528	0.030262207	-5.825164	0.05904997
406.656	0.029668454	-5.8244761	0.060063819
406.784	0.029698814	-5.8244312	0.060299223
406.912	0.03012788	-5.8245299	0.058161908
407.04	0.030036995	-5.8244647	0.057665132
407.168	0.030148491	-5.8243259	0.057209967
407.296	0.029997453	-5.8243162	0.058898734
407.424	0.02987977	-5.8244427	0.060865758
407.552	0.030694514	-5.8249935	0.05616014
407.68	0.030429854	-5.8245192	0.059054884
407.808	0.029863817	-5.8237554	0.061330154
407.936	0.03015868	-5.8241646	0.057392941
408.064	0.030769876	-5.8247488	0.061221427
408.192	0.030385703	-5.824576	0.063315826
408.32	0.030120455	-5.8242374	0.06159475
408.448	0.03063373	-5.8244307	0.060383665
408.576	0.030049336	-5.8236121	0.061476306
408.704	0.030200844	-5.8237648	0.062058569
408.832	0.030525729	-5.8243715	0.062443852
408.96	0.030594596	-5.8246145	0.059121679
409.088	0.029672133	-5.8234125	0.063616039
409.216	0.031158073	-5.8249692	0.059833834
409.344	0.029937287	-5.8238548	0.05833311
409.472	0.03062634	-5.8242974	0.057097687
409.6	0.030735942	-5.8244722	0.059777994
409.728	0.030001263	-5.8239371	0.056985579
409.856	0.029731853	-5.8237137	0.059160526
409.984	0.030225255	-5.8241968	0.058101881
410.112	0.030119399	-5.8246972	0.057798961
410.24	0.02977423	-5.8245332	0.060225751
410.368	0.030053734	-5.825077	0.053967583
410.496	0.029915679	-5.8249791	0.056593839
410.624	0.029200595	-5.8242166	0.060503029
410.752	0.029514888	-5.8245625	0.059023123
410.88	0.03027103	-5.8255209	0.057265886
411.008	0.029576595	-5.8252963	0.054474506
411.136	0.029356501	-5.8248874	0.055562256
411.264	0.029131033	-5.8245707	0.057837555
411.392	0.02992072	-5.825642	0.054843313
411.52	0.029324046	-5.8251726	0.059320472
411.648	0.029530286	-5.825044	0.05923607
411.776	0.029901332	-5.8254459	0.053058995
411.904	0.029522955	-5.8249009	0.054511558
412.032	0.029429198	-5.8247863	0.057913193
412.16	0.02977398	-5.8250228	0.055452136
412.288	0.029626776	-5.8249598	0.056561309
412.416	0.029696208	-5.8247456	0.057268519
412.544	0.029729323	-5.8242982	0.054712592
412.672	0.028973866	-5.8234051	0.060144362
412.8	0.030072175	-5.8248008	0.057629211
412.928	0.029827986	-5.8246882	0.057083139
413.056	0.029418849	-5.8242278	0.058901249
413.184	0.030276918	-5.8250029	0.057838656
413.312	0.030206084	-5.82497	0.057327403
413.44	0.029460943	-5.8236515	0.058888538
413.568	0.030314573	-5.8246871	0.056368389
413.696	0.02997442	-5.8243921	0.062084916
413.824	0.030395921	-5.8246766	0.060893704
413.952	0.030612125	-5.8246153	0.057717562
414.08	0.030188233	-5.8239542	0.060989042
414.208	0.030473974	-5.8242212	0.060184174
414.336	0.030434935	-5.8241629	0.056827437
414.464	0.030263182	-5.8239233	0.060008922
414.592	0.03055777	-5.8242331	0.058023973
414.72	0.030125304	-5.8236823	0.057430782
414.848	0.030564653	-5.8243885	0.059618225
414.976	0.030424987	-5.8238895	0.061773859
415.104	0.030229251	-5.8237173	0.05912783
415.232	0.030234045	-5.8236427	0.05551008
415.36	0.030819698	-5.8241604	0.05286556
415.488	0.030137468	-5.8238874	0.056619658
415.616	0.030122451	-5.8239482	0.056129798
415.744	0.030459566	-5.8240263	0.058829282
415.872	0.030133504	-5.8242483	0.061049992
416	0.030314252	-5.8246498	0.061817499
416.128	0.030014714	-5.8244318	0.060601171
416.256	0.029732101	-5.8241434	0.060019661
416.384	0.030382724	-5.8249577	0.05593459
416.512	0.029839479	-5.8245047	0.058428304
416.64	0.030097514	-5.8247289	0.057644967
416.768	0.029967436	-5.8246061	0.057248085
416.896	0.029801151	-5.8247707	0.059005119
417.024	0.029204138	-5.8244608	0.059767515
417.152	0.030036944	-5.8255477	0.056515151
417.28	0.029618285	-5.8250041	0.057053886
417.408	0.029477787	-5.8247513	0.059347539
417.536	0.029605798	-5.8252094	0.058524423
417.664	0.029828669	-5.8254506	0.05295613
417.792	0.029552488	-5.8248718	0.056488986
417.92	0.029417986	-5.8248921	0.054654333
418.048	0.029596895	-5.825252	0.053409394
418.176	0.029556907	-5.8254949	0.060043731
418.304	0.029933271	-5.8257094	0.057438921
418.432	0.029439246	-5.8248479	0.055488168
418.56	0.029798432	-5.8251716	0.053795093
418.688	0.02978355	-5.8249252	0.055798145
418.816	0.029603748	-5.8249484	0.05683149
418.944	0.029506836	-5.8246815	0.059296839
419.072	0.029892596	-5.8248278	0.057152898
419.2	0.029670234	-5.8246201	0.055497944
419.328	0.029887694	-5.8244584	0.05886762
419.456	0.029982855	-5.8246062	0.061108904
419.584	0.03008901	-5.8246006	0.055934622
419.712	0.029971981	-5.8243435	0.057907378
419.84	0.030417283	-5.8247597	0.057476211
419.968	0.030204467	-5.8244715	0.058118258
420.096	0.030145968	-5.824163	0.057632085
420.224	0.030274075	-5.824147	0.055389357
420.352	0.030030391	-5.8242229	0.055780634
420.48	0.030659835	-5.8244648	0.05606107
420.608	0.030006582	-5.8234929	0.057914137
420.736	0.030226501	-5.8237197	0.05677108
420.864	0.030381581	-5.8238813	0.055348113
420.992	0.030511357	-5.824052	0.057318488
421.12	0.030504967	-5.8242096	0.059493412
421.248	0.030591905	-5.8241678	0.058493034
421.376	0.030265872	-5.8240242	0.059652689
421.504	0.030700757	-5.8240194	0.055012707
421.632	0.030357555	-5.8236637	0.058161923
421.76	0.030280503	-5.8240289	0.061373612
421.888	0.030352677	-5.8242256	0.057280912
422.016	0.030269222	-5.8242746	0.054681273
422.144	0.030309466	-5.8246111	0.055633618
422.272	0.030399813	-5.82456	0.056651355
422.4	0.029703552	-5.8243217	0.063292242
422.528	0.030134549	-5.824718	0.059010745
422.656	0.030304324	-5.8244744	0.057035855
422.784	0.029936343	-5.8239992	0.058580527
422.912	0.029683428	-5.8239551	0.057948279
423.04	0.030150348	-5.8249621	0.056872815
423.168	0.030108859	-5.8249775	0.056993313
423.296	0.029918638	-5.8252442	0.05509046
423.424	0.029579459	-5.824749	0.057201133
423.552	0.029716048	-5.8250004	0.058177791
423.68	0.029120641	-5.824905	0.056939086
423.808	0.0295677	-5.8250685	0.059448735
423.936	0.029732265	-5.824989	0.059216397
424.064	0.029072822	-5.8242159	0.058101365
424.192	0.029698222	-5.8249846	0.054847311
424.32	0.029748679	-5.8250358	0.054237065
424.448	0.029432111	-5.8249517	0.053907763
424.576	0.029602983	-5.8251786	0.057008066
424.704	0.02975285	-5.8250358	0.059518518
424.832	0.029077521	-5.8244908	0.056213673
424.96	0.029493046	-5.8247913	0.055037707
425.088	0.02933447	-5.8243381	0.057425146
425.216	0.029623931	-5.8243411	0.054511156
425.344	0.029793594	-5.8245937	0.057434677
425.472	0.029936503	-5.8246947	0.061637755
425.6	0.029998211	-5.8249582	0.058937089
425.728	0.030229603	-5.8250065	0.057702735
425.856	0.03025782	-5.8250273	0.054183694
425.984	0.030064497	-5.8245853	0.05630667
426.112	0.029910516	-5.8241312	0.058869354
426.24	0.029964847	-5.8241403	0.060278679
426.368	0.030491446	-5.8245852	0.057463563
426.496	0.030657802	-5.8248753	0.056209542
426.624	0.030428974	-5.8243014	0.059450889
426.752	0.030193913	-5.8242173	0.061638756
426.88	0.030495282	-5.8241378	0.060142941
427.008	0.030247479	-5.8241547	0.060683061
427.136	0.030132016	-5.8242661	0.062012444
427.264	0.030900546	-5.8245838	0.05865772
427.392	0.030652491	-5.8245903	0.05604867
427.52	0.030558145	-5.8244847	0.057947596
427.648	0.029963572	-5.8237477	0.059500336
427.776	0.030951269	-5.824625	0.057317004
427.904	0.030160683	-5.8238803	0.063131102
428.032	0.030320959	-5.824244	0.060193627
428.16	0.030468044	-5.8242605	0.056801568
428.288	0.030806316	-5.8244076	0.056760277
428.416	0.030174886	-5.8241429	0.057043584
428.544	0.030452812	-5.8245744	0.057688011
428.672	0.029638393	-5.8236925	0.060502237
428.8	0.029937506	-5.8241724	0.056801342
428.928	0.029810112	-5.824382	0.059121055
429.056	0.030128818	-5.8249481	0.064821407
429.184	0.030028306	-5.824893	0.063320855
429.312	0.029844515	-5.8247405	0.057671547
429.44	0.029515883	-5.8243431	0.060052625
429.568	0.029782183	-5.8245912	0.057156214
429.696	0.029726654	-5.824622	0.057122863
429.824	0.029671437	-5.8248574	0.057839362
429.952	0.029221353	-5.8244487	0.056662455
430.08	0.029774394	-5.8248827	0.05593176
430.208	0.029612167	-5.8249369	0.056144471
430.336	0.030126548	-5.8254632	0.051380071
430.464	0.028959586	-5.8241308	0.057696263
430.592	0.02941837	-5.825188	0.055388315
430.72	0.029552676	-5.8250452	0.054557867
430.848	0.029571165	-5.8250762	0.054850091
430.976	0.029063626	-5.8246899	0.058375866
431.104	0.029585266	-5.8250158	0.061246385
431.232	0.02940554	-5.824574	0.059716601
431.36	0.029726116	-5.824766	0.05751399
431.488	0.029546554	-5.8243645	0.058403659
431.616	0.029743291	-5.8244072	0.056970111
431.744	0.029515904	-5.8242462	0.059277773
431.872	0.030220568	-5.8253144	0.059052629
432	0.030212684	-5.8251973	0.057217997
432.128	0.029709801	-5.8241416	0.059617791
432.256	0.03025708	-5.8245506	0.058624603
432.384	0.029794363	-5.8243128	0.057035898
432.512	0.030422697	-5.8248793	0.056693148
432.64	0.030480078	-5.824565	0.05496553
432.768	0.029710849	-5.8234735	0.060772182
432.896	0.03060004	-5.8245257	0.061411864
433.024	0.030817051	-5.8247037	0.060423365
433.152	0.029877383	-5.8235353	0.062495888
433.28	0.030380234	-5.8237332	0.060164965
433.408	0.030810611	-5.8243772	0.057882143
433.536	0.02996889	-5.8235709	0.059146613
433.664	0.030456245	-5.8243115	0.055841678
433.792	0.030154696	-5.8239046	0.059714111
433.92	0.030625736	-5.8243028	0.058130242
434.048	0.030511878	-5.8240218	0.058627744
434.176	0.030190749	-5.8236176	0.058796858
434.304	0.030435096	-5.8242327	0.057591064
434.432	0.030120964	-5.824503	0.060490453
434.56	0.030382444	-5.8247716	0.057784949
434.688	0.030488053	-5.8247546	0.058932049
434.816	0.030390749	-5.8246198	0.059053239
434.944	0.030142484	-5.824658	0.05812553
435.072	0.030297738	-5.8248648	0.05738701
435.2	0.03019041	-5.8247357	0.058425143
435.328	0.029740785	-5.8244372	0.059421999
435.456	0.029805205	-5.8247647	0.057366668
435.584	0.029749181	-5.8247174	0.056703032
435.712	0.029626517	-5.8246939	0.057817151
435.84	0.030064498	-5.8251551	0.058006249
435.968	0.030117829	-5.8250906	0.058168192
436.096	0.029829536	-5.8247558	0.053711244
436.224	0.029548819	-5.8247551	0.053465609
436.352	0.029379234	-5.8250355	0.054200143
436.48	0.02938855	-5.8246485	0.057213738
436.608	0.029364903	-5.8246253	0.056537738
436.736	0.029627716	-5.8251236	0.056718465
436.864	0.029838483	-5.8248487	0.055509598
436.992	0.029429011	-5.8247819	0.055835247
437.12	0.029578168	-5.8252748	0.060591593
437.248	0.029388084	-5.8248416	0.061729188
437.376	0.029591397	-5.8251057	0.054923822
437.504	0.029802635	-5.8250288	0.058814272
437.632	0.030044581	-5.825236	0.062422639
437.76	0.029910255	-5.8251989	0.055986714
437.888	0.029618073	-5.8247625	0.052490165
438.016	0.029963484	-5.8245744	0.054367932
438.144	0.029754399	-5.8241892	0.05679125
438.272	0.029540115	-5.8239359	0.061783401
438.4	0.030096452	-5.8245199	0.061165479
438.528	0.030415885	-5.8248333	0.058025424
438.656	0.029917607	-5.8244112	0.055592436
438.784	0.030345524	-5.8245384	0.053361989
438.912	0.03017995	-5.8244297	0.057945008
439.04	0.030225257	-5.8241517	0.060602947
439.168	0.030071816	-5.8236421	0.057508462
439.296	0.030121752	-5.8238293	0.059480213
439.424	0.030884568	-5.8240638	0.060742256
439.552	0.0305592	-5.8241666	0.059420866
439.68	0.029842052	-5.8232832	0.060028803
439.808	0.030142252	-5.8236212	0.058543601
439.936	0.030405858	-5.8241328	0.058266442
440.064	0.030504747	-5.8243006	0.058035047
440.192	0.030510368	-5.8242861	0.059828049
440.32	0.030377177	-5.8242657	0.059505753
440.448	0.03027727	-5.824093	0.063654163
440.576	0.030541373	-5.8246036	0.05874008
440.704	0.030632642	-5.8243929	0.056082116
440.832	0.030095425	-5.8239052	0.05889399
440.96	0.030420284	-5.8243482	0.056493826
441.088	0.03036981	-5.824474	0.057225031
441.216	0.029929018	-5.824205	0.060933677
441.344	0.030176778	-5.824628	0.060085226
441.472	0.0298371	-5.824137	0.05893922
441.6	0.030156049	-5.8245598	0.05571545
441.728	0.030262178	-5.8249514	0.05566558
441.856	0.029469047	-5.8243821	0.056915187
441.984	0.030105361	-5.8248659	0.052950545
442.112	0.029634174	-5.824671	0.058598661
442.24	0.029600458	-5.8245498	0.053085398
442.368	0.029850253	-5.8249113	0.052448353
442.496	0.029563478	-5.8246789	0.05726302
442.624	0.029252746	-5.824478	0.056993549
442.752	0.029580462	-5.8245274	0.056653856
442.88	0.029670321	-5.8248254	0.056097688
443.008	0.029387101	-5.8247263	0.059544597
443.136	0.02992038	-5.8252469	0.05883598
443.264	0.029503656	-5.8249522	0.052673598
443.392	0.029142255	-5.8244374	0.05164967
443.52	0.029866847	-5.8251958	0.055540924
443.648	0.03040111	-5.825638	0.055419572
443.776	0.029654156	-5.8245597	0.056371865
443.904	0.029616484	-5.8244378	0.057172351
444.032	0.02992958	-5.8246958	0.056357421
444.16	0.029519778	-5.8242234	0.056460867
444.288	0.029973365	-5.8247856	0.057837314
444.416	0.030219208	-5.8250031	0.058440167
444.544	0.030090893	-5.8247756	0.056968145
444.672	0.029665344	-5.8242159	0.058673393
444.8	0.030067746	-5.8244153	0.056096616
444.928	0.029936617	-5.8241501	0.056513045
445.056	0.030336087	-5.8245956	0.057399656
445.184	0.029809529	-5.8238409	0.057218331
445.312	0.030320338	-5.8243963	0.054531949
445.44	0.030548717	-5.8242405	0.055558507
445.568	0.030118711	-5.8237094	0.063743956
445.696	0.030236934	-5.8240447	0.063924954
445.824	0.030453049	-5.8241308	0.056695296
445.952	0.0303294	-5.8242163	0.058514436
446.08	0.030354422	-5.8243475	0.057540972
446.208	0.030291593	-5.824273	0.059818514
446.336	0.030100969	-5.8240106	0.059211077
446.464	0.030622313	-5.8245725	0.059695609
446.592	0.030509866	-5.8244611	0.059933071
446.72	0.030553867	-5.8246446	0.06199974
446.848	0.030319266	-5.8244493	0.059084856
446.976	0.030189939	-5.8239298	0.056136561
447.104	0.030229646	-5.8240882	0.06097444
447.232	0.030725353	-5.8251164	0.058942956
447.36	0.029733879	-5.8243514	0.061114313
447.488	0.029872287	-5.8245731	0.060134273
447.616	0.029596966	-5.824009	0.060234639
447.744	0.029907966	-5.8246032	0.058209727
447.872	0.030146555	-5.8247186	0.057796448
448	0.029884965	-5.8245135	0.056467084
448.128	0.029683987	-5.8247843	0.06008827
448.256	0.029694302	-5.8249003	0.061138876
448.384	0.029555672	-5.8247025	0.057223717
448.512	0.029335192	-5.8243825	0.054956947
448.64	0.029757976	-5.8252092	0.056601623
448.768	0.029858128	-5.8254645	0.05670286
448.896	0.029837854	-5.8251341	0.055299057
449.024	0.029474532	-5.8245523	0.058744415
449.152	0.029724247	-5.8249754	0.057134603
449.28	0.029395046	-5.8245392	0.055287075
449.408	0.029156821	-5.8243808	0.057797274
449.536	0.029992466	-5.825185	0.058165119
449.664	0.02987932	-5.8250436	0.058247447
449.792	0.02975928	-5.8247487	0.05837082
449.92	0.029633731	-5.8245501	0.057309617
450.048	0.029483987	-5.8242932	0.057217832
450.176	0.029955518	-5.8246465	0.060069394
450.304	0.029299164	-5.8242265	0.060222665
450.432	0.029558757	-5.8244069	0.05761747
450.56	0.030391504	-5.8249804	0.05526923
450.688	0.029739903	-5.82426	0.06002465
450.816	0.030704699	-5.8249256	0.058707344
450.944	0.029950963	-5.824252	0.058415693
451.072	0.029868155	-5.8240861	0.060230845
451.2	0.030377734	-5.8246296	0.060462227
451.328	0.030219739	-5.824407	0.057021338
451.456	0.029953019	-5.8242119	0.05813655
451.584	0.030058303	-5.8242687	0.059642268
451.712	0.030697186	-5.8246661	0.058943902
451.84	0.029892143	-5.8238652	0.059866393
451.968	0.030424264	-5.8245187	0.053598122
452.096	0.030004084	-5.8242773	0.058754876
452.224	0.030686469	-5.8246037	0.054767144
452.352	0.029994699	-5.8238905	0.054595619
452.48	0.030804039	-5.824406	0.056205339
452.608	0.030639094	-5.8241945	0.057407093
452.736	0.030177044	-5.8239135	0.05998377
452.864	0.030451242	-5.8243852	0.059847743
452.992	0.030396002	-5.824471	0.060135007
453.12	0.030081162	-5.8239156	0.059466292
453.248	0.030519646	-5.8243614	0.056516568
453.376	0.030172169	-5.8240441	0.05670293
453.504	0.030105076	-5.8240026	0.05804841
453.632	0.030235513	-5.8240485	0.056727196
453.76	0.029955981	-5.8241062	0.058939076
453.888	0.029874707	-5.8240953	0.056997417
454.016	0.030709859	-5.8251704	0.055977566
454.144	0.02975994	-5.8250335	0.057972528
454.272	0.029643893	-5.8247864	0.05686993
454.4	0.02974342	-5.8247259	0.059318354
454.528	0.029741941	-5.8247029	0.058175917
454.656	0.029334913	-5.8243828	0.057435634
454.784	0.029468288	-5.8246794	0.05329763
454.912	0.029813357	-5.8250856	0.057244535
455.04	0.029720713	-5.8251403	0.057476194
455.168	0.029615224	-5.8249639	0.056263637
455.296	0.029446835	-5.825004	0.05921204
455.424	0.029673835	-5.8250219	0.056966745
455.552	0.029617967	-5.8247949	0.058015233
455.68	0.029831019	-5.8252802	0.057441626
455.808	0.029668646	-5.8248359	0.05694204
455.936	0.029443877	-5.8246776	0.055339542
456.064	0.029655099	-5.8249478	0.052696659
456.192	0.029611797	-5.8246949	0.054736576
456.32	0.029779976	-5.8247948	0.058658243
456.448	0.030180241	-5.8250724	0.059031496
456.576	0.029689391	-5.8242804	0.061664931
456.704	0.029638133	-5.8239764	0.061836958
456.832	0.029966536	-5.8246872	0.057385272
456.96	0.030114571	-5.8247451	0.057149452
457.088	0.029575866	-5.8239903	0.062066554
457.216	0.030176111	-5.8246865	0.060842356
457.344	0.03048697	-5.8250312	0.055577764
457.472	0.03017866	-5.8242603	0.053264811
457.6	0.029931003	-5.8238471	0.060128927
457.728	0.030333555	-5.8245614	0.059335605
457.856	0.030369782	-5.8242366	0.057434086
457.984	0.030457396	-5.8243108	0.060643179
458.112	0.030787581	-5.8245784	0.058297284
458.24	0.030650003	-5.8246618	0.053991477
458.368	0.030195141	-5.8242362	0.056354713
458.496	0.030236018	-5.8241523	0.058705757
458.624	0.030334963	-5.8242127	0.059240239
458.752	0.030502104	-5.8245955	0.061076613
458.88	0.030105116	-5.8239162	0.061300822
459.008	0.030330591	-5.8243691	0.05724465
459.136	0.03052757	-5.8247604	0.056101432
459.264	0.029929794	-5.8240094	0.058225756
459.392	0.029787183	-5.8237352	0.057942023
459.52	0.030614017	-5.8248845	0.052443577
459.648	0.030321991	-5.8247185	0.053815938
459.776	0.02967579	-5.8241299	0.060011347
459.904	0.030458085	-5.8251297	0.056765999
460.032	0.030053536	-5.8242872	0.05601804
460.16	0.030097445	-5.824787	0.057842858
460.288	0.030000481	-5.8246921	0.060560819
460.416	0.030070012	-5.8246922	0.056586521
460.544	0.02948653	-5.8241752	0.058389121
460.672	0.029945085	-5.8248744	0.053580445
460.8	0.029696789	-5.8244041	0.054512962
460.928	0.029470539	-5.8245748	0.058801592
461.056	0.029860409	-5.8248109	0.057641893
461.184	0.029531229	-5.8243957	0.058325891
461.312	0.02999755	-5.8247527	0.057897044
461.44	0.029459222	-5.8243742	0.058039021
461.568	0.02971386	-5.8246777	0.058130688
461.696	0.029294358	-5.8241579	0.061045459
461.824	0.029776176	-5.8246256	0.055841885
461.952	0.029369605	-5.8246736	0.059003296
462.08	0.030053001	-5.8252256	0.055882293
462.208	0.029437108	-5.8244531	0.056690926
462.336	0.029677396	-5.8247597	0.055329143
462.464	0.029950148	-5.8251438	0.056287949
462.592	0.029656566	-5.8244219	0.060735671
462.72	0.029832534	-5.8243666	0.060027769
462.848	0.029626912	-5.8241784	0.06051832
462.976	0.029776539	-5.8246226	0.062107366
463.104	0.029625869	-5.8244905	0.057473962
463.232	0.030000157	-5.8246479	0.052516674
463.36	0.029782229	-5.8247015	0.0575518
463.488	0.030012708	-5.8244972	0.060632289
463.616	0.030344902	-5.825052	0.059707567
463.744	0.030096652	-5.8246917	0.056516876
463.872	0.030249803	-5.8241083	0.055733192
464	0.029931715	-5.8240992	0.056478408
464.128	0.030224998	-5.8243433	0.056502924
464.256	0.029721285	-5.8237411	0.058058216
464.384	0.030157929	-5.8239813	0.055111937
464.512	0.030177781	-5.8239344	0.056829501
464.64	0.030529089	-5.82433	0.055337397
464.768	0.030617068	-5.8242458	0.057062963
464.896	0.029910912	-5.8235125	0.061815596
465.024	0.030415175	-5.8240802	0.060175593
465.152	0.030358566	-5.8240111	0.062468423
465.28	0.030304185	-5.8242943	0.060622614
465.408	0.030614253	-5.8246931	0.060290264
465.536	0.030531387	-5.824328	0.063671978
465.664	0.030343456	-5.8244548	0.059316131
465.792	0.02989617	-5.8234989	0.056921961
465.92	0.030619312	-5.8243092	0.053181403
466.048	0.030062141	-5.8240012	0.054421326
466.176	0.030296494	-5.8244864	0.055986065
466.304	0.030084551	-5.824371	0.05672787
466.432	0.02978077	-5.8241642	0.056553428
466.56	0.030086816	-5.8246788	0.056300047
466.688	0.030093679	-5.8246173	0.058860631
466.816	0.030166323	-5.8250055	0.058118299
466.944	0.029602069	-5.8245501	0.055984967
467.072	0.029840257	-5.8248886	0.054611973
467.2	0.03009552	-5.824968	0.055067254
467.328	0.029931218	-5.8247845	0.05450187
467.456	0.029459984	-5.8242501	0.058012729
467.584	0.029966417	-5.8248167	0.055343529
467.712	0.029386578	-5.8246228	0.060345433
467.84	0.029665931	-5.8250106	0.064364292
467.968	0.029775165	-5.8253669	0.059002464
468.096	0.029591698	-5.8244085	0.057158833
468.224	0.029526715	-5.8247092	0.058547121
468.352	0.029628122	-5.8245676	0.055241804
468.48	0.030102064	-5.8253411	0.054700222
468.608	0.029585563	-5.8247748	0.056997738
468.736	0.029735732	-5.8250781	0.055088904
468.864	0.029432875	-5.8246952	0.053931713
468.992	0.029673832	-5.8245886	0.057255905
469.12	0.029928002	-5.8244004	0.057222651
469.248	0.029284818	-5.8238042	0.056322394
469.376	0.029933707	-5.8243345	0.052818343
469.504	0.029934302	-5.82436	0.056854071
469.632	0.030014207	-5.8244212	0.057351707
469.76	0.029903803	-5.8242041	0.059861958
469.888	0.030197977	-5.8245141	0.061232633
470.016	0.03014753	-5.824092	0.062172661
470.144	0.02964838	-5.82355	0.064382453
470.272	0.030418997	-5.824462	0.058226188
470.4	0.02989418	-5.8240589	0.060403423
470.528	0.030483576	-5.8250522	0.057963644
470.656	0.030221884	-5.8242529	0.059302597
470.784	0.030028277	-5.82402	0.059445736
470.912	0.030024554	-5.824026	0.058155919
471.04	0.030127573	-5.8238573	0.061068278
471.168	0.030584872	-5.8243524	0.060209986
471.296	0.03029338	-5.8243061	0.057327858
471.424	0.030966092	-5.8244409	0.057417529
471.552	0.030257778	-5.8238354	0.058599421
471.68	0.030056029	-5.8236515	0.058948787
471.808	0.030421596	-5.8239659	0.058821815
471.936	0.030459931	-5.8244027	0.05801395
472.064	0.030642682	-5.8245503	0.056457056
472.192	0.030641729	-5.8248661	0.057908443
472.32	0.030102013	-5.8239814	0.060872847
472.448	0.029963384	-5.8237862	0.058788937
472.576	0.030074104	-5.8240145	0.056261273
472.704	0.030294696	-5.824483	0.056106625
472.832	0.029702261	-5.824107	0.055041537
472.96	0.029751224	-5.8243436	0.05806102
473.088	0.030185563	-5.8250523	0.057204614
473.216	0.029525203	-5.8247007	0.056525203
473.344	0.030122404	-5.8250495	0.052972512
473.472	0.029462731	-5.8243472	0.055770446
473.6	0.02981004	-5.8248694	0.052358212
473.728	0.029696363	-5.8250483	0.051989063
473.856	0.029484492	-5.8245352	0.05573659
473.984	0.029387414	-5.8242838	0.057020485
474.112	0.02969447	-5.8243972	0.055936537
474.24	0.029577076	-5.8245206	0.059175747
474.368	0.029487837	-5.824384	0.057204167
474.496	0.030078107	-5.8252367	0.053811864
474.624	0.029953335	-5.8251328	0.056386061
474.752	0.029097171	-5.8244779	0.059159361
474.88	0.029626592	-5.8250093	0.058869277
475.008	0.030046957	-5.8254758	0.058048479
475.136	0.029727199	-5.8249653	0.059083709
475.264	0.029647675	-5.8245475	0.05797743
475.392	0.029800746	-5.8248526	0.056123356
475.52	0.030131884	-5.8248599	0.056360918
475.648	0.02987542	-5.8247623	0.057560013
475.776	0.029898269	-5.8244514	0.059787291
475.904	0.030102422	-5.8243328	0.058371075
476.032	0.029792839	-5.8238346	0.05783169
476.16	0.02975102	-5.8242634	0.057688907
476.288	0.030068979	-5.8240961	0.05898568
476.416	0.030065717	-5.8241718	0.058714046
476.544	0.030135121	-5.8242545	0.05880856
476.672	0.030279482	-5.8240062	0.058136555
476.8	0.030032215	-5.8238845	0.059570816
476.928	0.030705293	-5.824789	0.058366815
477.056	0.030088724	-5.8236173	0.05670524
477.184	0.030126319	-5.8236819	0.057323598
477.312	0.030208613	-5.8239663	0.061357926
477.44	0.030584957	-5.8246557	0.059951474
477.568	0.029941648	-5.8238249	0.060313461
477.696	0.030539078	-5.824531	0.058587687
477.824	0.030077599	-5.8238838	0.061806086
477.952	0.030322864	-5.8242786	0.059422024
478.08	0.030377822	-5.824353	0.058967065
478.208	0.030314332	-5.824444	0.06245814
478.336	0.03038893	-5.8243949	0.061490465
478.464	0.030092519	-5.824222	0.059715783
478.592	0.030079643	-5.8243988	0.05642661
478.72	0.030363515	-5.8250379	0.054156492
478.848	0.030052002	-5.8249079	0.055245153
478.976	0.030030579	-5.8245629	0.058251018
479.104	0.029987362	-5.8245701	0.056982663
479.232	0.029685795	-5.8243835	0.060625541
479.36	0.029881852	-5.8247009	0.05963913
479.488	0.03000738	-5.8245812	0.054943343
479.616	0.029820532	-5.8248288	0.057706262
479.744	0.029586956	-5.8245026	0.061203289
479.872	0.029623262	-5.8246788	0.058763552
480	0.029795322	-5.8247195	0.056805549
480.128	0.029289067	-5.8242424	0.057761325
480.256	0.030065656	-5.8251738	0.054444827
480.384	0.029423945	-5.8243425	0.057678479
480.512	0.029736081	-5.8247207	0.057655902
480.64	0.029707333	-5.8246321	0.058182483
480.768	0.029567223	-5.8246916	0.057607329
480.896	0.030028607	-5.825624	0.054790132
481.024	0.029847186	-5.8251188	0.056615698
481.152	0.029709201	-5.8246913	0.055561563
481.28	0.029409542	-5.8246422	0.053853296
481.408	0.029405484	-5.8248149	0.053647328
481.536	0.029929813	-5.8249668	0.05181004
481.664	0.029885205	-5.8248233	0.058036089
481.792	0.029840079	-5.8246522	0.061580673
481.92	0.029543063	-5.8242434	0.059499126
482.048	0.02970216	-5.8244593	0.056302784
482.176	0.030180845	-5.8245425	0.055906191
482.304	0.029947205	-5.8246558	0.058387092
482.432	0.030367418	-5.824789	0.058819808
482.56	0.029943932	-5.8243221	0.057978711
482.688	0.029993943	-5.8244044	0.058553202
482.816	0.030354832	-5.8244584	0.060868156
482.944	0.030181284	-5.8240087	0.06032938
483.072	0.030650355	-5.824206	0.059766801
483.2	0.030102588	-5.8238706	0.062910072
483.328	0.030291097	-5.8239737	0.059660007
483.456	0.030563228	-5.8242343	0.059925144
483.584	0.030126946	-5.8236634	0.062040705
483.712	0.03049359	-5.8241141	0.063867575
483.84	0.029933696	-5.8236072	0.06406469
483.968	0.030352178	-5.8243094	0.060205996
484.096	0.030518097	-5.8244086	0.056992111
484.224	0.030498938	-5.8243576	0.05826766
484.352	0.030250556	-5.8241784	0.058099396
484.48	0.029812251	-5.8237768	0.057087063
484.608	0.030834328	-5.8248471	0.056018268
484.736	0.029526778	-5.8238466	0.059066272
484.864	0.030053506	-5.8245239	0.054423728
484.992	0.030235807	-5.8248856	0.057498814
485.12	0.0300973	-5.824468	0.056969056
485.248	0.029935591	-5.8242584	0.05780713
485.376	0.030075855	-5.8241997	0.059372986
485.504	0.030066076	-5.8244648	0.057898212
485.632	0.029995165	-5.8247958	0.053797688
485.76	0.029920736	-5.8245858	0.053129616
485.888	0.029796063	-5.824954	0.058028841
486.016	0.029993444	-5.8247606	0.055935141
486.144	0.029425136	-5.8243282	0.059685876
486.272	0.029918802	-5.8250169	0.059462953
486.4	0.029491922	-5.8244062	0.056530837
486.528	0.029994507	-5.8253938	0.057324872
486.656	0.029721671	-5.8250296	0.057617239
486.784	0.029585578	-5.8248951	0.057576945
486.912	0.029491461	-5.8249054	0.055994511
487.04	0.030020685	-5.8252162	0.055765834
487.168	0.02982807	-5.8251842	0.058843865
487.296	0.029345112	-5.8244503	0.059684354
487.424	0.029878235	-5.825089	0.057766818
487.552	0.029920693	-5.8252074	0.056272733
487.68	0.029686906	-5.824759	0.05890971
487.808	0.029869747	-5.8250435	0.059762468
487.936	0.02941628	-5.8241167	0.060452665
488.064	0.029882308	-5.8247677	0.057646195
488.192	0.029380284	-5.8242625	0.059771235
488.32	0.029326783	-5.8242787	0.05927827
488.448	0.030442503	-5.8253777	0.056403247
488.576	0.029973321	-5.8245774	0.061783026
488.704	0.030049855	-5.8246114	0.061383585
488.832	0.029972856	-5.8244135	0.059444949
488.96	0.030132105	-5.824097	0.057399011
489.088	0.030500802	-5.8246192	0.059944264
489.216	0.029860805	-5.8236219	0.061961388
489.344	0.030189959	-5.8240376	0.06165885
489.472	0.030119756	-5.8239783	0.060028163
489.6	0.030204361	-5.8242055	0.055820709
489.728	0.030913226	-5.8251213	0.057204137
489.856	0.029856491	-5.8238032	0.062862275
489.984	0.03056448	-5.8243811	0.059929419
490.112	0.030674251	-5.8244783	0.057035593
490.24	0.030260489	-5.8244631	0.058126902
490.368	0.030059431	-5.824132	0.062203061
490.496	0.030237042	-5.8245814	0.060946118
490.624	0.030226713	-5.8242625	0.057732031
490.752	0.030184887	-5.8243521	0.059143408
490.88	0.030080895	-5.8243035	0.059845742
491.008	0.030384456	-5.8248899	0.057847851
491.136	0.030219994	-5.8242336	0.058815696
491.264	0.030405656	-5.8245665	0.054292951
491.392	0.029601047	-5.8238632	0.060369334
491.52	0.030108613	-5.8244071	0.05923408
491.648	0.03040136	-5.8248115	0.055881706
491.776	0.029943716	-5.8243485	0.057161935
491.904	0.029809894	-5.8245734	0.057241124
492.032	0.029847559	-5.8242829	0.058323561
492.16	0.029803381	-5.8247041	0.056986331
492.288	0.029964791	-5.8246837	0.056328573
492.416	0.029639444	-5.8244185	0.058326474
492.544	0.030094029	-5.8250399	0.055211412
492.672	0.030082796	-5.8250445	0.055555901
492.8	0.029237463	-5.8245582	0.058094878
492.928	0.030037752	-5.8247438	0.053899468
493.056	0.02966924	-5.8245518	0.055965018
493.184	0.029870109	-5.8250266	0.053142002
493.312	0.029643907	-5.824931	0.052004449
493.44	0.02960885	-5.8248742	0.056748342
493.568	0.029613797	-5.82491	0.055353733
493.696	0.029746182	-5.8247175	0.052495249
493.824	0.029675364	-5.8242838	0.055402243
493.952	0.029359734	-5.8242446	0.057364874
494.08	0.029908722	-5.8246249	0.056888369
494.208	0.029636483	-5.8244926	0.060563226
494.336	0.02992968	-5.8248127	0.059978902
494.464	0.029684508	-5.8243026	0.057262233
494.592	0.029555366	-5.8242032	0.059437761
494.72	0.030146901	-5.8250184	0.058649931
494.848	0.029223416	-5.8238857	0.062763777
494.976	0.030616967	-5.8254217	0.057462121
495.104	0.030079421	-5.8247645	0.059246944
495.232	0.030604786	-5.8249255	0.055693093
495.36	0.030151106	-5.8242906	0.06010668
495.488	0.030026431	-5.8242446	0.060749009
495.616	0.030308809	-5.8242132	0.058166748
495.744	0.030121279	-5.8242556	0.058256868
495.872	0.029994548	-5.8242063	0.058861262
496	0.030470107	-5.8244883	0.059470079
496.128	0.030013418	-5.8237868	0.058714606
496.256	0.030160251	-5.8242027	0.060969307
496.384	0.030756368	-5.8247611	0.056613534
496.512	0.030284964	-5.8241674	0.054827106
496.64	0.030619926	-5.8246716	0.057169819
496.768	0.030426681	-5.8243903	0.060302265
496.896	0.030190476	-5.8240054	0.060235299
497.024	0.030056106	-5.8240247	0.061948687
497.152	0.029844933	-5.8237861	0.062786147
497.28	0.030282349	-5.8241292	0.061330303
497.408	0.030467534	-5.8242852	0.060675675
497.536	0.030304627	-5.8242808	0.060696102
497.664	0.030086563	-5.8242756	0.060145406
497.792	0.029876037	-5.8244458	0.057350141
497.92	0.030165065	-5.8247218	0.05502284
498.048	0.030003782	-5.8243745	0.055380858
498.176	0.029074419	-5.8237306	0.060113968
498.304	0.030352897	-5.8245808	0.059852071
498.432	0.029715844	-5.8244153	0.05824413
498.56	0.02943693	-5.82427	0.057647444
498.688	0.029898034	-5.8247169	0.059221326
498.816	0.029822453	-5.8247098	0.058697989
498.944	0.030058228	-5.8251711	0.054851188
499.072	0.029174689	-5.8241425	0.057273369
499.2	0.02979508	-5.825025	0.054741464
499.328	0.029328343	-5.8246776	0.05924268
499.456	0.029400125	-5.8244571	0.058836001
499.584	0.030104559	-5.8253241	0.05651463
499.712	0.029711957	-5.8250981	0.058630071
499.84	0.029610086	-5.8250036	0.057650307
499.968	0.030304538	-5.8254098	0.058447404
