0	0.014880113	-5.8279794	0.020205807
0.128	0.014437827	-5.82791	0.021457223
0.256	0.014877163	-5.8280114	0.023576555
0.384	0.014749381	-5.8280741	0.022281673
0.512	0.014933741	-5.8283576	0.020967739
0.64	0.014753898	-5.8281181	0.023130809
0.768	0.014868476	-5.8280866	0.022816988
0.896	0.014951069	-5.8280083	0.022888584
1.024	0.014925582	-5.8279181	0.022881617
1.152	0.014758896	-5.8277475	0.021724519
1.28	0.014905537	-5.8280875	0.021346067
1.408	0.014947973	-5.8282381	0.022249807
1.536	0.015050555	-5.8281016	0.024304683
1.664	0.015043306	-5.8279202	0.023708607
1.792	0.01508182	-5.8278469	0.021219782
1.92	0.015129298	-5.8280545	0.022267225
2.048	0.015250952	-5.8280717	0.02265834
2.176	0.015388969	-5.8278399	0.023315889
2.304	0.014832306	-5.8272628	0.026715659
2.432	0.015319198	-5.8276221	0.025743404
2.56	0.015322252	-5.8276953	0.02440684
2.688	0.015058786	-5.8274492	0.025668191
2.816	0.015255551	-5.8277076	0.023972627
2.944	0.015261114	-5.8276172	0.02230022
3.072	0.015248027	-5.8277814	0.021345255
3.2	0.015182847	-5.8276649	0.023080172
3.328	0.015153378	-5.8276978	0.021216784
3.456	0.015187492	-5.8276051	0.02232402
3.584	0.0150783	-5.8275156	0.024056586
3.712	0.015175832	-5.827858	0.022904764
3.84	0.015047486	-5.827717	0.022914473
3.968	0.015332818	-5.8280181	0.023595221
4.096	0.014926053	-5.8274811	0.024492523
4.224	0.015235257	-5.8279996	0.0227436
4.352	0.01506029	-5.8278245	0.023435515
4.48	0.014946007	-5.8276578	0.024239447
4.608	0.015069493	-5.827933	0.024404553
4.736	0.014986911	-5.8278538	0.022262334
4.864	0.014886004	-5.8279962	0.021816719
4.992	0.014744294	-5.8279332	0.02630559
5.12	0.015097508	-5.8283231	0.023760169
5.248	0.014865251	-5.8279943	0.022578106
5.376	0.014587072	-5.8277496	0.024258745
5.504	0.015026016	-5.8285671	0.021909752
5.632	0.014897381	-5.8281506	0.021936342
5.76	0.014723243	-5.82766	0.021423135
5.888	0.014815094	-5.8279612	0.023009154
6.016	0.014806871	-5.8281177	0.023317654
6.144	0.014701401	-5.8280128	0.022821617
6.272	0.014763138	-5.8278937	0.021354229
6.4	0.014869713	-5.8283506	0.02324599
6.528	0.014680306	-5.8280403	0.026023587
6.656	0.014601098	-5.8278728	0.022747967
6.784	0.014983757	-5.8283704	0.022102822
6.912	0.014831233	-5.8283741	0.023600883
7.04	0.014714675	-5.8281727	0.022592102
7.168	0.014847674	-5.8284242	0.022139581
7.296	0.014825286	-5.8280707	0.02281224
7.424	0.014722212	-5.8279973	0.022505603
7.552	0.014992572	-5.8279354	0.021348608
7.68	0.015097085	-5.8281716	0.019784248
7.808	0.01497465	-5.8280643	0.023154377
7.936	0.014840777	-5.8279832	0.024463028
8.064	0.015134234	-5.828206	0.023371468
8.192	0.015159445	-5.8281421	0.022917294
8.32	0.015036648	-5.8277267	0.022066164
8.448	0.01520348	-5.8275968	0.020606317
8.576	0.014965156	-5.827436	0.023448996
8.704	0.0152593	-5.8275597	0.023609832
8.832	0.015288923	-5.8276188	0.024241312
8.96	0.015211788	-5.8274676	0.022424152
9.088	0.015167189	-5.8275078	0.023480458
9.216	0.015198353	-5.827342	0.024168133
9.344	0.015505862	-5.8281631	0.021733291
9.472	0.015125531	-5.8276523	0.02668433
9.6	0.015291831	-5.8278431	0.023181351
9.728	0.015285416	-5.8279848	0.02036974
9.856	0.015089883	-5.8277708	0.02333855
9.984	0.015323162	-5.8280895	0.024446981
10.112	0.015229678	-5.82782	0.025434438
10.24	0.015281826	-5.8276789	0.024787905
10.368	0.015079204	-5.8276086	0.022573826
10.496	0.015184344	-5.8276686	0.022859009
10.624	0.014955319	-5.8276698	0.02589107
10.752	0.015266127	-5.8280194	0.023181631
10.88	0.014834498	-5.8274247	0.021750956
11.008	0.014870791	-5.8277136	0.02303347
11.136	0.014751183	-5.8277818	0.025027554
11.264	0.015011861	-5.8278082	0.023052854
11.392	0.01479769	-5.8278693	0.022162169
11.52	0.014830309	-5.8279341	0.022356327
11.648	0.01500142	-5.8281525	0.020255815
11.776	0.014772606	-5.8278508	0.021760775
11.904	0.014747333	-5.828221	0.021972823
12.032	0.014875464	-5.8287686	0.019000344
12.16	0.014732366	-5.8285331	0.021267677
12.288	0.014663374	-5.8280588	0.023495568
12.416	0.014941598	-5.8282951	0.022619265
12.544	0.014574621	-5.8279877	0.023446559
12.672	0.014921333	-5.8280455	0.024604455
12.8	0.01475704	-5.8281925	0.024741778
12.928	0.01472102	-5.8282002	0.023892657
13.056	0.014793633	-5.8282388	0.021854081
13.184	0.01467585	-5.8282384	0.023479281
13.312	0.014950017	-5.8285016	0.023369614
13.44	0.014949221	-5.8283375	0.024582141
13.568	0.01483139	-5.8281821	0.024877888
13.696	0.01476101	-5.8279224	0.024951385
13.824	0.014861302	-5.8280872	0.022985852
13.952	0.014864372	-5.8280361	0.020685699
14.08	0.014900599	-5.8280063	0.023242258
14.208	0.014807412	-5.82786	0.023829405
14.336	0.015127948	-5.8281962	0.022669252
14.464	0.015255762	-5.8281829	0.022494759
14.592	0.015013693	-5.8278487	0.02221686
14.72	0.014752921	-5.8277187	0.026658633
14.848	0.015464309	-5.8282605	0.024038118
14.976	0.015289143	-5.8278568	0.021658865
15.104	0.015064386	-5.8277879	0.024392094
15.232	0.015232734	-5.8277287	0.025034845
15.36	0.015005883	-5.8275135	0.02380592
15.488	0.015348987	-5.827577	0.022840487
15.616	0.015309121	-5.8276908	0.020837333
15.744	0.015042958	-5.8275209	0.021010788
15.872	0.015214204	-5.8275092	0.02226016
16	0.015115896	-5.8278432	0.022616837
16.128	0.015529805	-5.8281744	0.022885125
16.256	0.015022595	-5.8274618	0.0256553
16.384	0.015115779	-5.8273324	0.022995786
16.512	0.014940873	-5.8271626	0.024943089
16.64	0.015170669	-5.8276423	0.027066619
16.768	0.015225643	-5.8278283	0.024665921
16.896	0.015159414	-5.8275504	0.023404341
17.024	0.015147581	-5.8277025	0.021471902
17.152	0.014770823	-5.8275355	0.022466817
17.28	0.015095707	-5.8278953	0.021976922
17.408	0.014845072	-5.8276594	0.023181708
17.536	0.015024866	-5.8281964	0.022858261
17.664	0.014755315	-5.8279244	0.021567873
17.792	0.015284359	-5.8285392	0.020603556
17.92	0.014788033	-5.8279054	0.024361127
18.048	0.014805431	-5.8276996	0.023896728
18.176	0.014948036	-5.8282424	0.022624229
18.304	0.014781185	-5.828309	0.022936314
18.432	0.014869401	-5.8284981	0.023775598
18.56	0.014875496	-5.828266	0.021984674
18.688	0.014386811	-5.8275521	0.02219549
18.816	0.014842272	-5.8283258	0.020291653
18.944	0.014877053	-5.8280724	0.019677407
19.072	0.014665109	-5.8280754	0.024335408
19.2	0.014707973	-5.8284125	0.022761296
19.328	0.014994056	-5.8286624	0.021084193
19.456	0.014846667	-5.8281171	0.021483236
19.584	0.01496169	-5.8283845	0.021635041
19.712	0.014681019	-5.8280258	0.024013273
19.84	0.014856148	-5.8283165	0.025145339
19.968	0.014742328	-5.8283707	0.024385884
20.096	0.015062283	-5.8284025	0.021665968
20.224	0.014677309	-5.8277331	0.02179441
20.352	0.01500506	-5.8281278	0.021964669
20.48	0.014896033	-5.8278546	0.023616697
20.608	0.015201596	-5.8281666	0.023089723
20.736	0.014959978	-5.8278798	0.023087517
20.864	0.014882204	-5.8278899	0.021297371
20.992	0.015127951	-5.8279228	0.021577215
21.12	0.015126523	-5.8281214	0.024373564
21.248	0.015149418	-5.8279268	0.025642669
21.376	0.015050198	-5.8277029	0.022214418
21.504	0.015163683	-5.828008	0.025172559
21.632	0.015361797	-5.8279607	0.024103913
21.76	0.015130006	-5.8277305	0.022479475
21.888	0.01532453	-5.8279604	0.02271331
22.016	0.015227916	-5.8276242	0.022688698
22.144	0.015199541	-5.8275728	0.02458565
22.272	0.015080391	-5.8273901	0.025427774
22.4	0.015593289	-5.8278541	0.023972639
22.528	0.015003786	-5.8273915	0.025546105
22.656	0.015062959	-5.8275334	0.023723075
22.784	0.015121082	-5.8276693	0.024529842
22.912	0.015459321	-5.8282033	0.024791638
23.04	0.015232345	-5.8275581	0.024603679
23.168	0.01513026	-5.8276173	0.021260582
23.296	0.014916382	-5.8274313	0.022445753
23.424	0.015071734	-5.8276388	0.023690717
23.552	0.01507576	-5.827883	0.023657756
23.68	0.015068041	-5.8278656	0.024360231
23.808	0.015326011	-5.828344	0.022246564
23.936	0.014601392	-5.8275846	0.023969872
24.064	0.015249572	-5.8281617	0.020988138
24.192	0.014774437	-5.8278127	0.021040972
24.32	0.014923423	-5.828172	0.022051055
24.448	0.014726876	-5.8278703	0.022511117
24.576	0.014777795	-5.8281506	0.022229445
24.704	0.014843912	-5.828152	0.021994842
24.832	0.014664013	-5.8280511	0.022084049
24.96	0.014923867	-5.8283798	0.022241012
25.088	0.014641377	-5.8282175	0.023712947
25.216	0.014860134	-5.8286153	0.02042209
25.344	0.014707591	-5.828437	0.019374546
25.472	0.014814612	-5.8285169	0.022147052
25.6	0.014698198	-5.8281202	0.021972742
25.728	0.015013675	-5.8281312	0.021989907
25.856	0.014502215	-5.8280634	0.025505158
25.984	0.014528334	-5.8280147	0.024177817
26.112	0.014894844	-5.828151	0.021165381
26.24	0.01494074	-5.8282148	0.020873244
26.368	0.014983846	-5.8280785	0.021385579
26.496	0.014890796	-5.8278408	0.020659334
26.624	0.014804642	-5.828049	0.022389835
26.752	0.015214154	-5.8284329	0.023297852
26.88	0.015107655	-5.8281085	0.022561543
27.008	0.014872016	-5.8277806	0.021578699
27.136	0.014928352	-5.8276795	0.022592083
27.264	0.015029025	-5.8276974	0.022755921
27.392	0.015115222	-5.82768	0.020208963
27.52	0.015195746	-5.8278803	0.019876883
27.648	0.01495789	-5.8274542	0.023846002
27.776	0.015232873	-5.827654	0.023496843
27.904	0.015177097	-5.8276077	0.025245864
28.032	0.015107773	-5.827745	0.023323743
28.16	0.015280006	-5.8278533	0.023192321
28.288	0.01524162	-5.8275708	0.02374535
28.416	0.01535968	-5.8276675	0.021804852
28.544	0.014960321	-5.8272421	0.02075015
28.672	0.015055529	-5.8273512	0.023721652
28.8	0.015421746	-5.8277327	0.023935418
28.928	0.015259827	-5.8279282	0.022122208
29.056	0.015146359	-5.8280326	0.022280301
29.184	0.015163151	-5.8278815	0.022535291
29.312	0.015316836	-5.8281101	0.023939621
29.44	0.015045479	-5.8277928	0.025155919
29.568	0.014843014	-5.8275935	0.020867949
29.696	0.015049602	-5.8281581	0.019868859
29.824	0.01503234	-5.8281829	0.02296071
29.952	0.015036249	-5.8279565	0.02188468
30.08	0.014912843	-5.8278576	0.023099747
30.208	0.01516367	-5.8282261	0.023027014
30.336	0.014829829	-5.827891	0.024291481
30.464	0.015051043	-5.8282958	0.023606471
30.592	0.014704258	-5.8281435	0.022363864
30.72	0.014912386	-5.8280842	0.022868114
30.848	0.014903605	-5.8282886	0.021505828
30.976	0.014848264	-5.8282512	0.022828759
31.104	0.014897921	-5.8281051	0.02485277
31.232	0.014921929	-5.8283198	0.020962702
31.36	0.014871769	-5.8283118	0.021251604
31.488	0.014615278	-5.8279322	0.021826891
31.616	0.014714766	-5.8280194	0.021080243
31.744	0.014837411	-5.827935	0.024051102
31.872	0.014808967	-5.8277949	0.022276857
32	0.014700008	-5.8280635	0.02134459
32.128	0.014746404	-5.8280489	0.021308515
32.256	0.014646416	-5.8278889	0.021084971
32.384	0.014751357	-5.8275916	0.022962826
32.512	0.015233462	-5.8280561	0.020059542
32.64	0.014587055	-5.8276739	0.022266892
32.768	0.014918892	-5.8278739	0.022438636
32.896	0.015244947	-5.8284171	0.01942099
33.024	0.014977229	-5.8280907	0.022771072
33.152	0.01497911	-5.8280316	0.021516739
33.28	0.014728814	-5.8276624	0.0216748
33.408	0.01500464	-5.8277572	0.021945491
33.536	0.015158158	-5.8282175	0.022947728
33.664	0.015068683	-5.8279457	0.022825245
33.792	0.015262858	-5.8281121	0.021810816
33.92	0.015200164	-5.8278729	0.022386857
34.048	0.015317666	-5.8280297	0.022466045
34.176	0.015159074	-5.827972	0.023796306
34.304	0.015222127	-5.82788	0.026518375
34.432	0.015331181	-5.8278825	0.023661542
34.56	0.015097682	-5.8276248	0.022123895
34.688	0.015293532	-5.8277934	0.024145602
34.816	0.014929112	-5.8276736	0.024548422
34.944	0.015239298	-5.8279462	0.024690185
35.072	0.015262623	-5.8277597	0.025147416
35.2	0.01536659	-5.8281729	0.021983693
35.328	0.015042838	-5.8277684	0.023983643
35.456	0.015375282	-5.8281313	0.022701639
35.584	0.015203062	-5.8279125	0.019728089
35.712	0.015097116	-5.8279471	0.021740045
35.84	0.015193252	-5.8280311	0.025425777
35.968	0.015263043	-5.8280127	0.022884053
36.096	0.014905968	-5.8276358	0.021896296
36.224	0.014985035	-5.8279969	0.021422419
36.352	0.01508725	-5.8282376	0.022425475
36.48	0.014855089	-5.82775	0.022665297
36.608	0.014833876	-5.8278182	0.021350125
36.736	0.014970208	-5.8281478	0.023085331
36.864	0.014841223	-5.8281676	0.023153972
36.992	0.014742321	-5.8278789	0.020196832
37.12	0.014606049	-5.8276193	0.020674958
37.248	0.014977327	-5.8279648	0.020292302
37.376	0.015078193	-5.8283295	0.019603783
37.504	0.01453092	-5.8277303	0.021343818
37.632	0.014672507	-5.828189	0.022004857
37.76	0.014678924	-5.8280727	0.022177182
37.888	0.014860814	-5.8281989	0.0206873
38.016	0.014810338	-5.8283164	0.023344876
38.144	0.014616393	-5.8280825	0.024193963
38.272	0.014757641	-5.8280084	0.021274556
38.4	0.014983452	-5.8280802	0.020694083
38.528	0.015013367	-5.8282623	0.023024342
38.656	0.014656464	-5.8281605	0.023703179
38.784	0.014870631	-5.8285098	0.023101222
38.912	0.014820996	-5.8282099	0.024758796
39.04	0.014809779	-5.8277519	0.02330171
39.168	0.014775999	-5.8280063	0.022795596
39.296	0.01485369	-5.8280112	0.021584293
39.424	0.015090958	-5.8280921	0.020602859
39.552	0.014971869	-5.8279963	0.023815936
39.68	0.015201063	-5.8282823	0.022578167
39.808	0.015164492	-5.8282057	0.020758276
39.936	0.015156811	-5.8283116	0.020612432
40.064	0.015062637	-5.827917	0.02565213
40.192	0.015484488	-5.8283104	0.023173804
40.32	0.015106129	-5.8278471	0.022799966
40.448	0.015014207	-5.8276466	0.024899166
40.576	0.014920084	-5.8274665	0.02260921
40.704	0.015128965	-5.8276102	0.022391066
40.832	0.015640687	-5.8280768	0.02099828
40.96	0.015119011	-5.8275679	0.024727731
41.088	0.015120758	-5.8275436	0.024606423
41.216	0.015268509	-5.8278563	0.023436371
41.344	0.015367378	-5.8277865	0.025618958
41.472	0.015099067	-5.8274496	0.02434322
41.6	0.015267176	-5.8276414	0.023272349
41.728	0.014986443	-5.8274874	0.024974886
41.856	0.01534834	-5.8280975	0.022334963
41.984	0.015243135	-5.8275517	0.021783586
42.112	0.014805137	-5.8273269	0.02111423
42.24	0.014875442	-5.8275062	0.022272805
42.368	0.015114692	-5.8280108	0.022259795
42.496	0.015181579	-5.8281218	0.018258853
42.624	0.014916806	-5.8277932	0.020644072
42.752	0.014888804	-5.8280412	0.024352751
42.88	0.0150133	-5.8281823	0.022761184
43.008	0.014875537	-5.8277759	0.021181235
43.136	0.014917736	-5.8277836	0.02138258
43.264	0.01480732	-5.8279556	0.020274765
43.392	0.015043361	-5.8283002	0.020774711
43.52	0.014735941	-5.8279825	0.021591823
43.648	0.01479084	-5.8281861	0.022717084
43.776	0.014813546	-5.8280713	0.021901237
43.904	0.014881589	-5.8280281	0.022691547
44.032	0.01455487	-5.8278742	0.02512896
44.16	0.014790473	-5.8281145	0.021981758
44.288	0.014585745	-5.8277805	0.021892818
44.416	0.015102025	-5.8283527	0.02053472
44.544	0.014634312	-5.8281523	0.024814852
44.672	0.014807168	-5.8283386	0.022965385
44.8	0.014906571	-5.8283718	0.021977517
44.928	0.014737379	-5.8282693	0.023131007
45.056	0.014813747	-5.8280287	0.021494851
45.184	0.01481827	-5.8281633	0.02093763
45.312	0.014987908	-5.8283802	0.023097296
45.44	0.014973231	-5.8283598	0.024859251
45.568	0.014915181	-5.8278884	0.023444108
45.696	0.015047097	-5.8280418	0.019845329
45.824	0.014910798	-5.8277822	0.022198332
45.952	0.015028272	-5.8280473	0.023837207
46.08	0.015127995	-5.8280333	0.021563638
46.208	0.015061994	-5.8279267	0.023376535
46.336	0.014919299	-5.8276721	0.024569838
46.464	0.015314986	-5.8280712	0.023121153
46.592	0.014891899	-5.8275805	0.023187371
46.72	0.01516902	-5.8276773	0.022910647
46.848	0.015221114	-5.8280923	0.022144904
46.976	0.015154781	-5.827694	0.023411352
47.104	0.01531203	-5.8280157	0.023453523
47.232	0.014898886	-5.8274902	0.024277593
47.36	0.015234638	-5.8275859	0.022468963
47.488	0.015445925	-5.8278252	0.020958227
47.616	0.015161275	-5.8277609	0.023253525
47.744	0.015326278	-5.8280305	0.023251238
47.872	0.014991865	-5.8277586	0.0245623
48	0.015236936	-5.8279728	0.022541284
48.128	0.015073557	-5.8276253	0.024534408
48.256	0.015264651	-5.8279796	0.024707239
48.384	0.01518978	-5.8276689	0.023335674
48.512	0.015137827	-5.8277784	0.025214013
48.64	0.015082669	-5.8278983	0.023089857
48.768	0.014922121	-5.8278492	0.021870777
48.896	0.014999714	-5.8279317	0.024510415
49.024	0.014910048	-5.8279828	0.024079884
49.152	0.014875639	-5.827961	0.022468091
49.28	0.014891973	-5.8277107	0.021586729
49.408	0.01491517	-5.8278006	0.021883313
49.536	0.01481629	-5.827682	0.021740535
49.664	0.014859823	-5.8276579	0.022965739
49.792	0.014745615	-5.8276086	0.024133573
49.92	0.014930728	-5.8281506	0.021702757
50.048	0.014773272	-5.8282717	0.022115036
50.176	0.014633143	-5.8278657	0.022574251
50.304	0.014864164	-5.8284029	0.022452609
50.432	0.015006605	-5.828418	0.0220623
50.56	0.014857962	-5.8283466	0.023451653
50.688	0.014743328	-5.8282812	0.025974428
50.816	0.015026397	-5.8285461	0.022750517
50.944	0.014952539	-5.8283586	0.020894521
51.072	0.014792592	-5.8281281	0.021585139
51.2	0.014941235	-5.8283391	0.022716587
51.328	0.01489364	-5.8282426	0.021975852
51.456	0.014976576	-5.8283304	0.020965478
51.584	0.014864237	-5.8281521	0.023996197
51.712	0.015073274	-5.8283253	0.022185325
51.84	0.014944666	-5.828141	0.023982503
51.968	0.014918164	-5.8281907	0.024449627
52.096	0.015021057	-5.8283928	0.02412864
52.224	0.014933202	-5.8284111	0.02508272
52.352	0.015308938	-5.8285519	0.022010783
52.48	0.01507491	-5.8283909	0.020635856
52.608	0.014779844	-5.8282308	0.023652673
52.736	0.014706971	-5.8279917	0.025187919
52.864	0.015128729	-5.8284603	0.019542049
52.992	0.015068706	-5.8281984	0.022870607
53.12	0.015046074	-5.8283722	0.023652212
53.248	0.015045202	-5.8284776	0.022338091
53.376	0.015061488	-5.8285007	0.023159561
53.504	0.015048739	-5.8284264	0.025035684
53.632	0.015038408	-5.828308	0.024911755
53.76	0.01495474	-5.8282363	0.02310044
53.888	0.015088915	-5.8283769	0.022293965
54.016	0.015154243	-5.8284567	0.023842757
54.144	0.01483257	-5.8280653	0.024234831
54.272	0.015017195	-5.8283914	0.024129592
54.4	0.014899937	-5.8281643	0.024405066
54.528	0.015090167	-5.8282397	0.022883828
54.656	0.015185366	-5.8282201	0.022863885
54.784	0.015162021	-5.8283872	0.022945234
54.912	0.015074376	-5.8284016	0.02388507
55.04	0.015206972	-5.8286099	0.025491846
55.168	0.015248188	-5.8286908	0.024806666
55.296	0.015241486	-5.8286144	0.022436714
55.424	0.015168507	-5.8283989	0.023445843
55.552	0.015109534	-5.8282186	0.023462563
55.68	0.015114541	-5.8284438	0.022888318
55.808	0.015199378	-5.8283931	0.022827402
55.936	0.015246161	-5.8284837	0.023593026
56.064	0.014907114	-5.8284639	0.023101448
56.192	0.014799199	-5.828245	0.02192294
56.32	0.015187807	-5.828472	0.023940911
56.448	0.014990758	-5.8283546	0.021562712
56.576	0.014737491	-5.8279533	0.020050718
56.704	0.014681882	-5.8282794	0.023880703
56.832	0.014993966	-5.8287431	0.022295515
56.96	0.014912433	-5.8284106	0.021921045
57.088	0.014623485	-5.8283833	0.023848449
57.216	0.014770913	-5.8286782	0.023956783
57.344	0.014979308	-5.8287014	0.021226464
57.472	0.014865315	-5.8285741	0.022139075
57.6	0.014949968	-5.8286413	0.023963804
57.728	0.014725111	-5.8286652	0.024378259
57.856	0.014568302	-5.8282415	0.023980291
57.984	0.01490639	-5.8285678	0.021183699
58.112	0.014824692	-5.8289015	0.021401729
58.24	0.014768377	-5.8287997	0.023123109
58.368	0.014924925	-5.8287808	0.024642264
58.496	0.014913941	-5.8286961	0.022516821
58.624	0.014886505	-5.8285205	0.022133858
58.752	0.014932598	-5.8284529	0.02485209
58.88	0.015008529	-5.82851	0.024636541
59.008	0.015067719	-5.8288575	0.02328859
59.136	0.014855565	-5.8287787	0.024975554
59.264	0.014884858	-5.8288039	0.023338882
59.392	0.015201501	-5.8288953	0.021585499
59.52	0.014961224	-5.8285164	0.024490812
59.648	0.015079478	-5.828677	0.024589554
59.776	0.015088936	-5.8283908	0.023709612
59.904	0.015335465	-5.8288485	0.023868975
60.032	0.015224545	-5.8285116	0.023057906
60.16	0.014990862	-5.8284216	0.024625143
60.288	0.015212157	-5.8286677	0.024653449
60.416	0.015105286	-5.8286313	0.023434636
60.544	0.015143418	-5.8285014	0.023728948
60.672	0.015069842	-5.828463	0.025709273
60.8	0.015274263	-5.8288425	0.024780292
60.928	0.015259197	-5.8285225	0.026289483
61.056	0.015314897	-5.8285835	0.025923841
61.184	0.014944281	-5.8283285	0.026466571
61.312	0.015436685	-5.8289743	0.02510247
61.44	0.01528335	-5.8285252	0.024798899
61.568	0.015490102	-5.82898	0.023358877
61.696	0.015423445	-5.829053	0.025093053
61.824	0.015331535	-5.8289047	0.027100032
61.952	0.015292653	-5.8290996	0.024022592
62.08	0.015448694	-5.8295619	0.023318015
62.208	0.015271112	-5.8293642	0.025010668
62.336	0.015568246	-5.8297817	0.022840282
62.464	0.015363409	-5.8296954	0.022457716
62.592	0.015341909	-5.82983	0.020916276
62.72	0.015313784	-5.8299131	0.023165334
62.848	0.015046692	-5.8300173	0.023138443
62.976	0.015148851	-5.8302517	0.020625468
63.104	0.014929103	-5.8304279	0.02209376
63.232	0.014852142	-5.8305239	0.02131716
63.36	0.014748916	-5.8305796	0.020169303
63.488	0.014919891	-5.8308862	0.019227838
63.616	0.014491667	-5.8304443	0.022553447
63.744	0.014830728	-5.8310757	0.022387022
63.872	0.014879262	-5.8314378	0.020299838
64	0.014904251	-5.8312831	0.019297245
64.128	0.014593073	-5.831051	0.020745781
64.256	0.014543342	-5.8308815	0.022727757
64.384	0.014399517	-5.8308464	0.022373545
64.512	0.014252259	-5.830752	0.021479041
64.64	0.014401697	-5.8313194	0.017829881
64.768	0.014267153	-5.8312987	0.019194095
64.896	0.01429065	-5.8311969	0.018484559
65.024	0.014380155	-5.8310807	0.017862094
65.152	0.014604188	-5.8313358	0.018806432
65.28	0.014577759	-5.831437	0.019643437
65.408	0.014363021	-5.8313168	0.020865161
65.536	0.014441238	-5.8313481	0.02382007
65.664	0.014663131	-5.8316242	0.020263037
65.792	0.014634056	-5.831502	0.019660325
65.92	0.014724049	-5.8316499	0.01970155
66.048	0.014911124	-5.8316054	0.019800947
66.176	0.014668155	-5.8314584	0.022422807
66.304	0.014937764	-5.8316835	0.021505389
66.432	0.014913267	-5.8313775	0.020019529
66.56	0.014974072	-5.8313342	0.017875127
66.688	0.01500866	-5.8310802	0.019857754
66.816	0.015017486	-5.8310561	0.022505998
66.944	0.015033871	-5.8311147	0.021079141
67.072	0.015007238	-5.8309845	0.019648378
67.2	0.015190045	-5.830997	0.017629722
67.328	0.015251819	-5.8309049	0.018770268
67.456	0.015374468	-5.8311698	0.019413686
67.584	0.015289144	-5.8308994	0.01920153
67.712	0.015237602	-5.8309163	0.019028622
67.84	0.015655902	-5.8313053	0.02041619
67.968	0.015181285	-5.8304759	0.021657841
68.096	0.015575273	-5.83097	0.018178046
68.224	0.015559228	-5.83093	0.018809629
68.352	0.015364216	-5.8308182	0.020111471
68.48	0.015637931	-5.8312996	0.020077792
68.608	0.015399949	-5.8310426	0.022035168
68.736	0.015292706	-5.8310001	0.020450222
68.864	0.015544588	-5.8314876	0.019907713
68.992	0.015206371	-5.8311132	0.019257353
69.12	0.01548667	-5.8314804	0.016013097
69.248	0.015298814	-5.8315674	0.015119178
69.376	0.015465302	-5.8316171	0.015535053
69.504	0.015203966	-5.8315829	0.016904378
69.632	0.014789351	-5.8315146	0.017642242
69.76	0.014851803	-5.8317557	0.017553836
69.888	0.014849255	-5.8319245	0.017475336
70.016	0.015007033	-5.8321108	0.015823558
70.144	0.014867726	-5.8317159	0.017192919
70.272	0.014805326	-5.8320842	0.015505801
70.4	0.014849621	-5.8322987	0.014695904
70.528	0.014606018	-5.8321654	0.012169278
70.656	0.014601185	-5.8322287	0.012163585
70.784	0.014643283	-5.8322877	0.013741407
70.912	0.0143	-5.8318497	0.013777018
71.04	0.014810694	-5.8323545	0.014501216
71.168	0.014455746	-5.8319485	0.01598905
71.296	0.014243061	-5.8318014	0.016434564
71.424	0.014761722	-5.8325268	0.015211676
71.552	0.014145009	-5.8319814	0.016405701
71.68	0.014509025	-5.8321579	0.016269724
71.808	0.014370409	-5.8322945	0.018339358
71.936	0.014598707	-5.832455	0.014989823
72.064	0.014975158	-5.8324244	0.014061574
72.192	0.01466431	-5.8326112	0.017820196
72.32	0.014756188	-5.832637	0.017087459
72.448	0.014566634	-5.8320402	0.018608561
72.576	0.014657535	-5.8321851	0.019140272
72.704	0.014741043	-5.8323304	0.017627216
72.832	0.014971959	-5.8320848	0.019083682
72.96	0.014980044	-5.8321389	0.019315531
73.088	0.015268064	-5.8321983	0.019308234
73.216	0.015030165	-5.8319423	0.01798993
73.344	0.015418451	-5.8319961	0.017207445
73.472	0.015303341	-5.8316587	0.019250612
73.6	0.015162726	-5.8316967	0.019317516
73.728	0.015620251	-5.8319294	0.01897145
73.856	0.015280027	-5.8317053	0.020887445
73.984	0.015573429	-5.8319826	0.017891007
74.112	0.015609702	-5.8320556	0.017971215
74.24	0.015463513	-5.83179	0.018029551
74.368	0.015347559	-5.8315809	0.019351045
74.496	0.015488261	-5.8315076	0.018583671
74.624	0.015458996	-5.8314634	0.01795858
74.752	0.0156251	-5.8318559	0.019805083
74.88	0.01536753	-5.8316019	0.017620879
75.008	0.015516911	-5.8315805	0.016004396
75.136	0.01563677	-5.8319647	0.017314646
75.264	0.01548888	-5.8318319	0.016011692
75.392	0.015401714	-5.8317228	0.014432363
75.52	0.015294572	-5.8319295	0.015632211
75.648	0.015344118	-5.832566	0.015044867
75.776	0.015418274	-5.8324766	0.015137241
75.904	0.014996852	-5.8320029	0.017199662
76.032	0.015227057	-5.8324657	0.017676802
76.16	0.015115748	-5.8327021	0.018230246
76.288	0.01493366	-5.8326051	0.0179157
76.416	0.014554344	-5.8324543	0.019968546
76.544	0.014874638	-5.8330797	0.016695955
76.672	0.014943202	-5.8331061	0.016021129
76.8	0.014803088	-5.8330965	0.013779443
76.928	0.014637278	-5.8330789	0.01372229
77.056	0.014455123	-5.832838	0.016699813
77.184	0.014286458	-5.8331278	0.015970841
77.312	0.014581051	-5.8336463	0.012910498
77.44	0.014117196	-5.8331012	0.012713826
77.568	0.014445869	-5.8331774	0.011349962
77.696	0.014642709	-5.8335267	0.01010745
77.824	0.01439539	-5.8335689	0.011904122
77.952	0.014250159	-5.8333002	0.013311242
78.08	0.014326911	-5.8335165	0.012053312
78.208	0.014424232	-5.833676	0.014279147
78.336	0.014064427	-5.8334437	0.014738433
78.464	0.014482124	-5.8340357	0.015006344
78.592	0.014549424	-5.8336877	0.013694009
78.72	0.014626543	-5.8336867	0.012662273
78.848	0.014448358	-5.8333576	0.014801645
78.976	0.014527283	-5.8333944	0.01374481
79.104	0.014924598	-5.833646	0.015329269
79.232	0.014594581	-5.8327098	0.017275474
79.36	0.014831466	-5.8327061	0.015497393
79.488	0.014710727	-5.8326654	0.015469826
79.616	0.01502576	-5.8328523	0.016367464
79.744	0.015139252	-5.832719	0.018311838
79.872	0.015213496	-5.8324883	0.019892459
80	0.015371413	-5.8325218	0.016375886
80.128	0.015491541	-5.8327859	0.013505499
80.256	0.015358913	-5.8326913	0.015628271
80.384	0.015586827	-5.8324994	0.017344847
80.512	0.015366696	-5.8324535	0.018436029
80.64	0.015734536	-5.8325665	0.016142854
80.768	0.01579154	-5.8322735	0.015002371
80.896	0.016024943	-5.8327201	0.01744063
81.024	0.015741222	-5.8323051	0.018555828
81.152	0.015659248	-5.8322248	0.018134284
81.28	0.015601636	-5.8320213	0.022596729
81.408	0.015970999	-5.8326952	0.023026224
81.536	0.015612955	-5.8326301	0.023549665
81.664	0.015496479	-5.8326363	0.019340123
81.792	0.015613286	-5.8325553	0.018747743
81.92	0.01545556	-5.8323835	0.021011413
82.048	0.015412903	-5.832775	0.017960414
82.176	0.01518007	-5.8325776	0.017316781
82.304	0.015084659	-5.8325591	0.017502945
82.432	0.014990116	-5.8327165	0.015230766
82.56	0.015139007	-5.8331485	0.017066491
82.688	0.014880737	-5.8333355	0.020106091
82.816	0.014794675	-5.8331042	0.018111899
82.944	0.014473394	-5.8329215	0.016693047
83.072	0.014673171	-5.833192	0.014273079
83.2	0.014695284	-5.833535	0.013471158
83.328	0.014552104	-5.8336003	0.013131715
83.456	0.014689351	-5.8337406	0.013166239
83.584	0.014615242	-5.8335655	0.015369025
83.712	0.01435326	-5.8334442	0.015522805
83.84	0.014408168	-5.8338634	0.014055011
83.968	0.014541422	-5.8339127	0.01381308
84.096	0.014577885	-5.8338599	0.013760595
84.224	0.014884576	-5.8344081	0.011984278
84.352	0.014434315	-5.8339637	0.014610759
84.48	0.014600937	-5.8342385	0.014657475
84.608	0.014418809	-5.8339242	0.016609057
84.736	0.014534235	-5.8340738	0.013697591
84.864	0.014490388	-5.8340914	0.015128034
84.992	0.014943395	-5.8346646	0.013397975
85.12	0.014385734	-5.8339459	0.012883721
85.248	0.014377975	-5.8336871	0.013691178
85.376	0.014819964	-5.8337593	0.01168642
85.504	0.014945358	-5.8338242	0.011755783
85.632	0.014674879	-5.8336328	0.011861264
85.76	0.014681531	-5.833512	0.013402317
85.888	0.014768827	-5.8335613	0.014568741
86.016	0.015010952	-5.8337482	0.012994645
86.144	0.01495695	-5.8333985	0.01333942
86.272	0.015283721	-5.8337063	0.012495926
86.4	0.015200662	-5.8332901	0.015397555
86.528	0.015647387	-5.8335946	0.016622751
86.656	0.015022129	-5.8329194	0.017919859
86.784	0.01508815	-5.8328111	0.015589672
86.912	0.015321645	-5.8328103	0.018392564
87.04	0.015822886	-5.8333765	0.016270265
87.168	0.015678064	-5.8332988	0.015651878
87.296	0.015635919	-5.8333101	0.014303185
87.424	0.015639776	-5.8329989	0.014283584
87.552	0.01570981	-5.8331841	0.016175306
87.68	0.015801992	-5.8333713	0.016726859
87.808	0.015781352	-5.833116	0.015744485
87.936	0.015655452	-5.8331593	0.012041149
88.064	0.0153833	-5.8330448	0.014050546
88.192	0.015547905	-5.8335397	0.012466292
88.32	0.015550094	-5.8334845	0.010496681
88.448	0.015146278	-5.8333978	0.012887172
88.576	0.015394052	-5.8339614	0.01254959
88.704	0.015178648	-5.8337134	0.012543526
88.832	0.015348563	-5.8341151	0.010967849
88.96	0.014888142	-5.83371	0.013938812
89.088	0.014843457	-5.8339306	0.014267692
89.216	0.014924263	-5.8341203	0.010710153
89.344	0.01509624	-5.8344106	0.0098953456
89.472	0.015102236	-5.8344785	0.0083205339
89.6	0.01503374	-5.8348594	0.0081426595
89.728	0.014796758	-5.8347699	0.008380484
89.856	0.014681353	-5.8351163	0.0089376636
89.984	0.014755165	-5.8350098	0.0074857627
90.112	0.014757496	-5.8350835	0.0052328471
90.24	0.014426463	-5.8352071	0.0079644734
90.368	0.014279442	-5.8351788	0.0098493304
90.496	0.014469109	-5.8355449	0.0076645939
90.624	0.014534001	-5.8355581	0.0058474573
90.752	0.014485114	-5.8357078	0.0057123367
90.88	0.014588652	-5.8355008	0.0061706139
91.008	0.014690026	-5.8361034	0.0042216577
91.136	0.014252642	-5.8354192	0.0073628251
91.264	0.014491306	-5.8352809	0.0077383507
91.392	0.014317542	-5.8352629	0.0070257743
91.52	0.014552882	-5.8353065	0.0079243485
91.648	0.01450495	-5.8355409	0.010059041
91.776	0.01471193	-5.8358849	0.010082677
91.904	0.014687155	-5.8354435	0.0071208959
92.032	0.0145052	-5.8351859	0.0086115861
92.16	0.014513472	-5.8352304	0.010970887
92.288	0.014694322	-5.8354426	0.0081175686
92.416	0.014988889	-5.8355703	0.0085870484
92.544	0.014717936	-5.8352066	0.0083349146
92.672	0.015101287	-5.8354918	0.0050834926
92.8	0.015383816	-5.8355532	0.0074840856
92.928	0.014907484	-5.8347471	0.0072113794
93.056	0.015019237	-5.834766	0.0056698899
93.184	0.015578422	-5.8354667	0.0051224117
93.312	0.015339437	-5.8351141	0.0098524622
93.44	0.015477391	-5.8350481	0.010612364
93.568	0.015334762	-5.8346283	0.010879465
93.696	0.015390842	-5.8345895	0.013141118
93.824	0.015753418	-5.8351547	0.010827687
93.952	0.015403102	-5.8343405	0.010109741
94.08	0.015452505	-5.8345661	0.0077169951
94.208	0.015626927	-5.834745	0.0081010878
94.336	0.015760597	-5.8350217	0.0091946924
94.464	0.01556172	-5.8348179	0.0090492587
94.592	0.015694196	-5.8347676	0.0072708513
94.72	0.015540918	-5.835058	0.010579799
94.848	0.01534366	-5.8352942	0.0096453092
94.976	0.015507058	-5.8352315	0.0078886331
95.104	0.015463521	-5.8355708	0.0075739998
95.232	0.015615048	-5.8361377	0.0062041292
95.36	0.015126929	-5.8354488	0.0098413342
95.488	0.015144254	-5.8356596	0.0096139048
95.616	0.014995211	-5.8356848	0.0086475809
95.744	0.014972303	-5.8356727	0.00650238
95.872	0.014907668	-5.8359543	0.0045384911
96	0.014686842	-5.8357713	0.0051331518
96.128	0.014511628	-5.8360418	0.0057767703
96.256	0.014621617	-5.8364178	0.0047486853
96.384	0.014269923	-5.836125	0.0049387419
96.512	0.014645868	-5.8365404	0.0025223495
96.64	0.014303035	-5.8364037	0.00087936688
96.768	0.014630951	-5.8369573	0.002158287
96.896	0.014459071	-5.8368066	0.0056552301
97.024	0.014246634	-5.8368122	0.0042275662
97.152	0.014633599	-5.8367381	0.0033584121
97.28	0.014491656	-5.8365492	0.0034077319
97.408	0.014566345	-5.8367989	0.0030798438
97.536	0.014483228	-5.8366144	0.0027916108
97.664	0.014566684	-5.8365522	0.0044190272
97.792	0.01452685	-5.8368007	0.0034747117
97.92	0.014580511	-5.8369293	0.0047022881
98.048	0.014743658	-5.8371675	0.0047922659
98.176	0.014657346	-5.8369777	0.0034952658
98.304	0.014673767	-5.8367949	0.0041563826
98.432	0.014581004	-5.8365909	0.0047220542
98.56	0.014638097	-5.8367509	0.0026755805
98.688	0.014683482	-5.836657	0.0037174319
98.816	0.014859087	-5.8364898	0.0057879986
98.944	0.015153682	-5.8365515	0.0048940646
99.072	0.014897519	-5.8360574	0.0073694964
99.2	0.015089397	-5.8363729	0.0089232773
99.328	0.015023891	-5.836166	0.0075469212
99.456	0.015157588	-5.8360008	0.0074238189
99.584	0.015512942	-5.8362206	0.0049169274
99.712	0.015336607	-5.8359066	0.0058784305
99.84	0.015509408	-5.8360742	0.0062026665
99.968	0.01507818	-5.835973	0.0066410337
100.096	0.015421207	-5.8361178	0.0082147363
100.224	0.015449399	-5.8359459	0.0072474242
100.352	0.015382434	-5.8360384	0.010335935
100.48	0.015520295	-5.8361466	0.010271735
100.608	0.01545348	-5.836008	0.0098355118
100.736	0.015540072	-5.8359793	0.0078809098
100.864	0.015586665	-5.8360272	0.0054057639
100.992	0.015480036	-5.8359982	0.0097971035
101.12	0.015462651	-5.835786	0.009328812
101.248	0.015351968	-5.8355607	0.0086016853
101.376	0.015175084	-5.8355257	0.0086853271
101.504	0.015350948	-5.8360829	0.0040575184
101.632	0.015403069	-5.8361129	0.0052173116
101.76	0.015295995	-5.8362964	0.0054291096
101.888	0.015163022	-5.8363535	0.0067783204
102.016	0.015020139	-5.8363841	0.0090925144
102.144	0.015048333	-5.8364871	0.0053710865
102.272	0.014712329	-5.8363296	0.0064320706
102.4	0.01491551	-5.8366093	0.0081156338
102.528	0.014878034	-5.8367841	0.0065621513
102.656	0.014691204	-5.8365965	0.0059926133
102.784	0.014625518	-5.8367313	0.0065532718
102.912	0.014466074	-5.8369236	0.0061641044
103.04	0.014696058	-5.8371208	0.0046005302
103.168	0.014794412	-5.8371538	0.0061375172
103.296	0.014626572	-5.8373684	0.007331683
103.424	0.014448333	-5.8372287	0.0086611773
103.552	0.01460722	-5.8373484	0.0085022272
103.68	0.014343126	-5.8369328	0.0054344765
103.808	0.014522227	-5.837238	0.0046419558
103.936	0.014512758	-5.837215	0.0049479297
104.064	0.014460764	-5.8372958	0.0048082631
104.192	0.01464518	-5.837346	0.0056666438
104.32	0.014555004	-5.8370561	0.0051967936
104.448	0.014758722	-5.8373423	0.0031196329
104.576	0.015006858	-5.8373796	0.0026890581
104.704	0.014881273	-5.8372054	0.0058215214
104.832	0.014892347	-5.8371618	0.0058948927
104.96	0.014797507	-5.8369208	0.0050083761
105.088	0.014680067	-5.8366791	0.0073132905
105.216	0.014726398	-5.8368055	0.0070282092
105.344	0.015142174	-5.8368971	0.003222358
105.472	0.015182723	-5.8367293	0.004543172
105.6	0.01500399	-5.8368388	0.0059045244
105.728	0.015120812	-5.836809	0.0049322808
105.856	0.015189513	-5.8366417	0.0043947161
105.984	0.015390355	-5.8367436	0.0023755175
106.112	0.015256336	-5.8364847	0.0029097287
106.24	0.015481735	-5.8364683	0.0029753682
106.368	0.015393796	-5.8367271	0.0035509383
106.496	0.015403023	-5.8367389	0.0049704737
106.624	0.015250407	-5.8364693	0.0043040919
106.752	0.015620256	-5.8368674	0.0033801173
106.88	0.015308096	-5.8364591	0.0064769484
107.008	0.015417937	-5.8367697	0.0037383742
107.136	0.015442769	-5.8367871	0.0056715035
107.264	0.015360784	-5.836821	0.0081333082
107.392	0.015410616	-5.8367847	0.0046701547
107.52	0.015387892	-5.8366324	0.0036726648
107.648	0.015233622	-5.8366563	0.0063268814
107.776	0.015103566	-5.8364042	0.0095727648
107.904	0.015335491	-5.837071	0.0053552632
108.032	0.015093674	-5.8369824	0.0040967983
108.16	0.014927991	-5.8371005	0.0073789457
108.288	0.01521476	-5.8373732	0.0061058379
108.416	0.01487095	-5.8369717	0.0055131392
108.544	0.014928375	-5.8370476	0.005486421
108.672	0.014901684	-5.8373597	0.002826024
108.8	0.015022865	-5.8371483	0.0021890566
108.928	0.014921232	-5.8371837	0.0034317248
109.056	0.014748593	-5.8373683	0.0022839976
109.184	0.01513724	-5.8377703	0.00077485407
109.312	0.014923275	-5.837797	0.00011850749
109.44	0.01469031	-5.8376574	0.003080384
109.568	0.014867442	-5.8377288	0.0013507654
109.696	0.014441427	-5.8374878	0.0019197348
109.824	0.014618304	-5.8376423	0.001189236
109.952	0.014474905	-5.837381	0.0017938543
110.08	0.014470277	-5.8371393	0.0011571061
110.208	0.01463033	-5.8373621	0.00017611815
110.336	0.014483263	-5.8374711	0.00303945
110.464	0.014787724	-5.8377562	0.002576081
110.592	0.01482861	-5.8377104	0.0012245098
110.72	0.014589982	-5.8374896	0.0012464724
110.848	0.014676626	-5.8376678	0.0016968304
110.976	0.014633314	-5.8376451	0.0026347737
111.104	0.014518022	-5.8374084	0.0042154625
111.232	0.014727287	-5.8374264	0.0014951947
111.36	0.014659313	-5.8376551	-0.00038325154
111.488	0.014753565	-5.8375393	0.00092469835
111.616	0.014912448	-5.8376625	0.0018964428
111.744	0.014979967	-5.837417	0.0013199555
111.872	0.014952761	-5.8372651	0.001136823
112	0.015205522	-5.8375779	0.0012346773
112.128	0.014949503	-5.8370129	0.0033758209
112.256	0.015067805	-5.8371569	0.00080552149
112.384	0.015015382	-5.8370979	0.00097605891
112.512	0.015378803	-5.8372171	0.0033024967
112.64	0.015505142	-5.8372222	0.00033511864
112.768	0.015171273	-5.83668	0.0026088086
112.896	0.015541396	-5.8371465	0.0022827056
113.024	0.015250676	-5.8370161	0.0023759963
113.152	0.015253508	-5.8371499	0.00114187
113.28	0.015455195	-5.8370795	0.00038137691
113.408	0.01544406	-5.8371201	0.0025311698
113.536	0.015374884	-5.8370639	0.0029871423
113.664	0.015503935	-5.8369952	0.0045443653
113.792	0.015237644	-5.8364313	0.0051831373
113.92	0.015135032	-5.8363657	0.0021108808
114.048	0.015045871	-5.8363157	0.0046486022
114.176	0.015261301	-5.8368876	0.0041847476
114.304	0.015319315	-5.8370225	0.0044496768
114.432	0.015136066	-5.8367308	0.0041030007
114.56	0.015299808	-5.8369121	0.0032642989
114.688	0.015343479	-5.8371122	0.0042648937
114.816	0.015047551	-5.8372371	0.0054596993
114.944	0.01515502	-5.8372487	0.0031879702
115.072	0.015157437	-5.8374288	0.00013351269
115.2	0.015019556	-5.8371961	0.0024742744
115.328	0.014978254	-5.8373736	0.0034588436
115.456	0.015134718	-5.8377801	0.0021548007
115.584	0.014541696	-5.8372272	0.0028871147
115.712	0.01499307	-5.8376077	0.0021440658
115.84	0.014749313	-5.8377028	0.0018097418
115.968	0.014951312	-5.8380166	0.00017323669
116.096	0.014474937	-5.8377156	0.0010466978
116.224	0.014674447	-5.8379706	-7.0487007e-05
116.352	0.014868645	-5.8378751	-0.0010705099
116.48	0.014726224	-5.837446	-0.001170487
116.608	0.014560107	-5.837507	0.00061535707
116.736	0.014645366	-5.8377868	-0.00024297077
116.864	0.014531297	-5.8378242	0.00043624788
116.992	0.014527165	-5.838065	-0.00034359257
117.12	0.014557922	-5.8380469	5.4209225e-05
117.248	0.014646521	-5.83803	0.0022105222
117.376	0.014609181	-5.8378817	0.0028595402
117.504	0.014418278	-5.8375882	0.0026292565
117.632	0.014832338	-5.8377185	0.00053935754
117.76	0.014696008	-5.837416	0.0019794879
117.888	0.014795795	-5.8375584	0.002020625
118.016	0.014945048	-5.8377092	0.0018999887
118.144	0.014941117	-5.8375949	-0.00090862724
118.272	0.014953731	-5.8373514	0.0013107949
118.4	0.01498047	-5.8371841	0.0049281805
118.528	0.015306834	-5.8375264	0.0009656818
118.656	0.015169098	-5.8373039	0.0012079863
118.784	0.015191052	-5.8371139	0.0021670733
118.912	0.015331381	-5.8373739	0.00024116296
119.04	0.015146781	-5.8372351	0.0020235319
119.168	0.015247688	-5.8372098	0.0039800418
119.296	0.015252924	-5.8371792	0.00056163565
119.424	0.015231455	-5.8370869	0.0022980274
119.552	0.015417712	-5.8369098	0.0049343549
119.68	0.01550036	-5.8369244	0.0048365431
119.808	0.015319391	-5.8366942	0.0048280559
119.936	0.015532212	-5.8371626	0.0036325022
120.064	0.015484903	-5.8370922	0.0068342526
120.192	0.015453378	-5.8373447	0.0041555501
120.32	0.01538518	-5.837423	0.0015111
120.448	0.014999661	-5.8370539	0.0053146545
120.576	0.015367527	-5.8374176	0.0031276483
120.704	0.015547521	-5.8373272	0.0021583471
120.832	0.015067761	-5.8371504	0.0024978119
120.96	0.015412295	-5.8374372	0.0012353597
121.088	0.015208293	-5.8369907	0.0039363698
121.216	0.01508274	-5.8370852	0.0018745731
121.344	0.015156406	-5.8375035	0.0010316947
121.472	0.014971933	-5.837171	0.001620934
121.6	0.014988216	-5.8375951	0.0017138529
121.728	0.014962324	-5.8376597	0.00093819549
121.856	0.014754108	-5.8377685	-0.00024938056
121.984	0.01476483	-5.8379508	0.00097656611
122.112	0.01493778	-5.8378519	-0.00077551803
122.24	0.014629035	-5.837694	-0.0022841739
122.368	0.014466455	-5.837627	0.00048478164
122.496	0.014823901	-5.8379965	-0.0018846547
122.624	0.014689652	-5.8379839	-0.00075901922
122.752	0.014670534	-5.8380988	-0.0021555207
122.88	0.014374905	-5.8374677	-0.00023473465
123.008	0.01439631	-5.8377774	-0.0016861222
123.136	0.014470694	-5.8379009	-0.0037397648
123.264	0.014582691	-5.8380637	-0.0013135388
123.392	0.014456293	-5.8379115	-0.0015513223
123.52	0.014724719	-5.8384561	-0.0023091185
123.648	0.014563842	-5.8379376	-0.00079684869
123.776	0.014567554	-5.837696	-0.0007487107
123.904	0.014774946	-5.8378212	0.00083008919
124.032	0.014478736	-5.8377082	6.2466167e-05
124.16	0.014809537	-5.8380755	-0.00028581879
124.288	0.014809072	-5.837808	0.0005486684
124.416	0.014719669	-5.8377083	0.0011392319
124.544	0.015154986	-5.8379266	0.00089615861
124.672	0.01486703	-5.8374344	0.00055399015
124.8	0.015321123	-5.8378998	-0.0019677752
124.928	0.015078412	-5.8373635	4.8307541e-05
125.056	0.014885732	-5.8372117	0.0033715138
125.184	0.015233255	-5.8373888	0.0017464129
125.312	0.015411204	-5.8374629	0.00035965865
125.44	0.015388243	-5.8378703	0.0028900676
125.568	0.015346769	-5.8374235	0.0020267758
125.696	0.015392852	-5.8375839	0.0019562191
125.824	0.015381374	-5.8375457	0.003678899
125.952	0.015420478	-5.8370592	0.003752103
126.08	0.015437626	-5.8369175	0.0018623719
126.208	0.015182582	-5.8369161	0.001009735
126.336	0.015470774	-5.8372912	0.0023316536
126.464	0.015615288	-5.8373385	0.0037584219
126.592	0.015588438	-5.8374786	0.0029100543
126.72	0.01525881	-5.8371252	0.0032237929
126.848	0.015455552	-5.8369985	0.00043256831
126.976	0.015680779	-5.8374248	0.0023104136
127.104	0.015323366	-5.837347	0.0037178675
127.232	0.015473162	-5.8374096	1.613257e-05
127.36	0.015180588	-5.8372386	0.001532183
127.488	0.01534278	-5.8371694	0.000718644
127.616	0.014954762	-5.8370028	0.0012304808
127.744	0.015037073	-5.8373115	-0.00029713464
127.872	0.015115726	-5.8374148	0.00095325857
128	0.014657815	-5.8372126	0.0052359659
128.128	0.014635691	-5.837622	0.0017558496
128.256	0.014900593	-5.8379522	0.00070147715
128.384	0.01469268	-5.837648	0.0030561599
128.512	0.014608312	-5.8378223	0.0012007785
128.64	0.014695394	-5.8378216	0.0015834097
128.768	0.014693586	-5.8378051	0.0022398715
128.896	0.014792289	-5.8381269	-0.0017880049
129.024	0.014354185	-5.8379171	0.0006178405
129.152	0.014330795	-5.8379477	-4.257075e-05
129.28	0.014532136	-5.8380698	-0.0025587051
129.408	0.014470286	-5.8380878	-0.0016562257
129.536	0.014368393	-5.8380151	-0.0025109954
129.664	0.014527531	-5.8379726	-0.0011642683
129.792	0.014622053	-5.8377996	0.0014476189
129.92	0.014728572	-5.8381536	-7.9848579e-05
130.048	0.014697915	-5.8380362	0.00067858698
130.176	0.014715044	-5.8378811	0.003108581
130.304	0.014602024	-5.8376748	0.0017506606
130.432	0.014665788	-5.8375266	-1.5768368e-06
130.56	0.014568249	-5.8374341	0.00134371
130.688	0.014801636	-5.837771	0.001793206
130.816	0.014513866	-5.837416	0.0022936082
130.944	0.015132034	-5.8378072	0.00078786111
131.072	0.015094821	-5.8373596	0.0015045271
131.2	0.015206222	-5.837784	0.0012076593
131.328	0.015276323	-5.8374124	0.0036017821
131.456	0.01503225	-5.8373625	0.0018041897
131.584	0.015215193	-5.8375435	0.00061495183
131.712	0.015201415	-5.8370542	0.0029867562
131.84	0.015365695	-5.8371737	0.0012247042
131.968	0.015261699	-5.8371726	0.002153106
132.096	0.01549869	-5.8373141	0.0034115227
132.224	0.015194321	-5.8367561	0.0038343303
132.352	0.01543056	-5.8372492	0.00087698005
132.48	0.01560296	-5.8373209	0.00064882465
132.608	0.015484984	-5.8372293	-0.0012504961
132.736	0.015609552	-5.8370439	-0.00053260821
132.864	0.015199809	-5.8366234	0.0037033794
132.992	0.015422502	-5.8374396	0.002120918
133.12	0.015319677	-5.8372218	0.0028600998
133.248	0.015415584	-5.8372619	0.0018498648
133.376	0.015531342	-5.83771	-0.00023061055
133.504	0.015303909	-5.8373869	0.000467471
133.632	0.015351601	-5.8369301	0.00074229064
133.76	0.015255661	-5.8367766	0.0016920569
133.888	0.014933816	-5.8370165	0.00046921216
134.016	0.014934174	-5.8372853	0.00096317673
134.144	0.015123454	-5.8380041	8.2030701e-05
134.272	0.015022871	-5.8380287	0.00014603691
134.4	0.014690517	-5.8376034	0.001486201
134.528	0.014894323	-5.8378555	0.0015822413
134.656	0.0148418	-5.8380025	0.0043369433
134.784	0.014770879	-5.8379184	0.00044100563
134.912	0.014636288	-5.8379494	0.00056252255
135.04	0.014618622	-5.8378608	0.0029778671
135.168	0.014847308	-5.8382057	-0.0010437167
135.296	0.014569515	-5.8379022	0.0010309332
135.424	0.01435469	-5.8379118	0.0019687756
135.552	0.014762236	-5.8380762	3.3107277e-05
135.68	0.014489938	-5.8380805	0.00022023018
135.808	0.014342847	-5.8380138	0.00049698066
135.936	0.01445867	-5.8379136	0.0016184294
136.064	0.014535586	-5.8379196	0.00039427572
136.192	0.014694937	-5.8381878	-0.0016629082
136.32	0.014637785	-5.8380148	0.0012460642
136.448	0.014378436	-5.8378936	0.001773989
136.576	0.014552881	-5.8381267	-0.0022674616
136.704	0.014913255	-5.8381566	0.00053331528
136.832	0.014657614	-5.8376478	0.0012257592
136.96	0.014758309	-5.8375964	-0.0013279044
137.088	0.014830792	-5.8377182	-0.00067629598
137.216	0.01497155	-5.8377349	0.0017618826
137.344	0.015066692	-5.8378307	0.0029813423
137.472	0.01490064	-5.8376233	0.0027884205
137.6	0.015191101	-5.8377176	0.0038170395
137.728	0.015018626	-5.8374026	0.0065830977
137.856	0.015243665	-5.8374268	0.0033980628
137.984	0.015068604	-5.837206	0.0024625987
138.112	0.015461108	-5.8372663	0.0024328611
138.24	0.015390524	-5.8372115	0.0044329942
138.368	0.015622274	-5.8374161	0.0023701311
138.496	0.015639462	-5.8376154	0.0011596185
138.624	0.015127922	-5.8368711	0.0042778708
138.752	0.015494496	-5.8371302	0.0035385624
138.88	0.015546596	-5.8370659	0.0023023167
139.008	0.0154621	-5.8371338	0.0039612467
139.136	0.015601883	-5.8374343	0.0028931804
139.264	0.015454642	-5.8372959	0.00090476315
139.392	0.015229491	-5.8372362	0.0026872261
139.52	0.015529633	-5.8373807	0.0045046301
139.648	0.015324249	-5.8368471	0.0044301254
139.776	0.01512652	-5.8370659	0.002618109
139.904	0.015516708	-5.8375039	0.001773017
140.032	0.015353445	-5.8376472	0.0023172806
140.16	0.014913713	-5.837261	0.00168965
140.288	0.015113182	-5.8373833	0.00021644003
140.416	0.015045306	-5.8373962	0.0023135981
140.544	0.014776007	-5.8372943	0.0032377688
140.672	0.015098649	-5.8380862	0.0015790046
140.8	0.014849476	-5.8378701	0.0017684134
140.928	0.014794037	-5.8377497	0.0015956954
141.056	0.014956192	-5.8380206	0.0011758007
141.184	0.014511812	-5.8376951	0.0013981568
141.312	0.014815953	-5.8381624	-0.001869992
141.44	0.014762933	-5.8380988	-0.003139318
141.568	0.014535695	-5.837629	-0.00053197886
141.696	0.014460942	-5.8378037	-0.0028067932
141.824	0.014586684	-5.8382643	-0.00047554369
141.952	0.014542194	-5.8383448	0.0010798327
142.08	0.014604542	-5.8383922	-0.0004418477
142.208	0.014687013	-5.8382798	-0.0020309728
142.336	0.014495426	-5.8379645	-0.00021535896
142.464	0.014717167	-5.8382053	-0.0020185675
142.592	0.014476566	-5.8376651	-0.0029106115
142.72	0.014573902	-5.8378284	-0.0025177407
142.848	0.01483402	-5.8382241	-0.0003434173
142.976	0.014701069	-5.8380699	0.0017761898
143.104	0.014733905	-5.8380311	0.00078689968
143.232	0.015007259	-5.8381411	0.002261976
143.36	0.014555828	-5.8375378	0.0032983798
143.488	0.01500658	-5.8378928	0.0006934667
143.616	0.014911963	-5.8374004	0.002278786
143.744	0.015014055	-5.8375457	0.0031017339
143.872	0.015016995	-5.8374851	0.00070325598
144	0.015477489	-5.8377223	0.00064358635
144.128	0.015129367	-5.8374151	0.001301299
144.256	0.015312266	-5.8375173	0.005476126
144.384	0.015290609	-5.8376658	0.0064319027
144.512	0.015558759	-5.837608	0.0018419706
144.64	0.015437931	-5.8372708	0.0016723881
144.768	0.015336935	-5.8370959	0.001948547
144.896	0.01517724	-5.8369119	0.0031214856
145.024	0.015444581	-5.8373689	0.0013939865
145.152	0.01540485	-5.8371779	0.0033729187
145.28	0.015501856	-5.8371315	0.0012145179
145.408	0.015606515	-5.8372902	0.00099327377
145.536	0.015114884	-5.8369382	0.0049656819
145.664	0.01555917	-5.8373486	0.0034669384
145.792	0.015281007	-5.8368238	0.0019115846
145.92	0.015436881	-5.8368603	0.0034729184
146.048	0.015339976	-5.837073	0.0056007146
146.176	0.015163378	-5.8373843	0.0058491513
146.304	0.015122305	-5.8374034	0.0036321862
146.432	0.014930646	-5.8374075	0.0033444832
146.56	0.015306095	-5.8378583	0.0034255682
146.688	0.015049891	-5.8376053	0.004188562
146.816	0.015079387	-5.8376723	0.0031226204
146.944	0.015026282	-5.8377005	0.0025787597
147.072	0.014796589	-5.8376638	0.00060268087
147.2	0.014723818	-5.8377022	0.0010828587
147.328	0.01489674	-5.8376647	0.002360939
147.456	0.014717993	-5.8378659	0.00023593921
147.584	0.014482219	-5.8378206	0.0012433087
147.712	0.014777348	-5.8379892	0.0019570876
147.84	0.014644982	-5.8382823	0.00056939778
147.968	0.014780044	-5.8382236	-0.0002256217
148.096	0.014601134	-5.8380525	0.00016539115
148.224	0.014432195	-5.8378454	-0.0005874986
148.352	0.014814201	-5.8381502	-0.0023988676
148.48	0.01474333	-5.8382389	-0.001457587
148.608	0.014484242	-5.8379465	0.00066039087
148.736	0.014726182	-5.8380058	-0.00095256334
148.864	0.014450399	-5.8376809	0.00067903355
148.992	0.014510464	-5.8377456	0.00086855841
149.12	0.014631949	-5.837983	0.0011568554
149.248	0.014637113	-5.8374997	0.0010041125
149.376	0.014807793	-5.837642	0.00087461125
149.504	0.014793231	-5.8378695	0.0019009637
149.632	0.014787975	-5.8376761	0.0027156474
149.76	0.014762248	-5.8374369	0.0036259289
149.888	0.015019262	-5.8377248	0.0034949261
150.016	0.015026513	-5.837546	0.00067515206
150.144	0.014941887	-5.837274	0.00047784002
150.272	0.01527567	-5.8377418	0.0018931397
150.4	0.015108506	-5.8374177	0.0040330928
150.528	0.015120535	-5.8374017	0.0019828747
150.656	0.015244613	-5.837421	-0.0017972718
150.784	0.015143202	-5.8368712	0.004399108
150.912	0.015515153	-5.8371184	0.0032415663
151.04	0.01546248	-5.8376432	0.00090048502
151.168	0.015192692	-5.8370973	0.00060980945
151.296	0.015622572	-5.8375973	0.00010776162
151.424	0.015464091	-5.8375074	0.0026077457
151.552	0.015156759	-5.8368806	0.0033003331
151.68	0.015473179	-5.8369415	0.0032853487
151.808	0.01528265	-5.8369565	0.0048642984
151.936	0.015375998	-5.8371766	0.0049177643
152.064	0.015555981	-5.8373766	0.0035269661
152.192	0.015441254	-5.8373187	0.004721639
152.32	0.015357893	-5.837286	0.0031100589
152.448	0.01526456	-5.8373626	-0.00026448932
152.576	0.015171722	-5.837558	0.00019316768
152.704	0.015186987	-5.8376963	0.0026136584
152.832	0.014964001	-5.8375587	0.0030605822
152.96	0.015358529	-5.8379753	-0.00035466783
153.088	0.01494961	-5.8375746	0.0009980425
153.216	0.014826596	-5.8375461	0.001136216
153.344	0.014766193	-5.8376503	0.00063592213
153.472	0.014862982	-5.8375681	-0.0011910785
153.6	0.014685503	-5.8375461	0.0021820747
153.728	0.014772625	-5.837864	0.00059920599
153.856	0.014630596	-5.8379445	0.0028602776
153.984	0.014730931	-5.8380635	0.0034265838
154.112	0.014775734	-5.8381649	-0.00022314806
154.24	0.014673175	-5.8382222	-0.00022532046
154.368	0.014360655	-5.8380748	0.002002625
154.496	0.014776382	-5.838503	-0.00020482561
154.624	0.014533995	-5.8382113	-0.00082594932
154.752	0.014333524	-5.8379881	0.00066223829
154.88	0.014627361	-5.8383955	-0.00036799771
155.008	0.014608547	-5.8381899	-0.00059031922
155.136	0.014527431	-5.8379652	0.0011481915
155.264	0.014538945	-5.838001	0.00084535537
155.392	0.014615431	-5.8381022	-0.00067315201
155.52	0.014741937	-5.838043	-0.00082666147
155.648	0.014492117	-5.8376587	0.0024694631
155.776	0.015091735	-5.8383511	0.0015014933
155.904	0.014793373	-5.8378237	0.0031519561
156.032	0.014789035	-5.8377093	0.0025584183
156.16	0.014790259	-5.8373828	0.0021849772
156.288	0.015298823	-5.8380614	0.00097169393
156.416	0.015047186	-5.8378224	0.004536164
156.544	0.014974115	-5.8374119	0.0023059221
156.672	0.015264508	-5.837514	-0.00062859236
156.8	0.015247004	-5.8372053	0.00050788604
156.928	0.01515274	-5.8372183	0.0013256583
157.056	0.015314637	-5.8371656	0.002611616
157.184	0.015445724	-5.8371496	0.002729573
157.312	0.015392034	-5.8371137	0.00066622941
157.44	0.015536005	-5.8372139	0.0021944089
157.568	0.015329115	-5.8368863	0.004064575
157.696	0.015573019	-5.8370252	0.0039674258
157.824	0.015200811	-5.8368766	0.0044770238
157.952	0.015501625	-5.8373619	0.0031961367
158.08	0.015362577	-5.8372379	0.0018150965
158.208	0.015347012	-5.8372049	0.00038672613
158.336	0.015102106	-5.8368213	0.0023906258
158.464	0.015490737	-5.8374812	0.002556784
158.592	0.015217939	-5.8370705	0.0033697726
158.72	0.015243656	-5.8369987	0.0042315959
158.848	0.015394299	-5.8373038	0.0030894086
158.976	0.015275175	-5.8369745	0.0042152633
159.104	0.015116844	-5.8369218	0.0041776869
159.232	0.015162473	-5.8372933	0.00087798509
159.36	0.014873565	-5.8373553	0.0037371671
159.488	0.015056903	-5.8377885	-0.00063035439
159.616	0.014843923	-5.8374966	-0.0029831634
159.744	0.014821103	-5.8374878	-0.00022009889
159.872	0.014692085	-5.8375495	0.00087731612
160	0.014672408	-5.8379301	0.001761189
160.128	0.014930696	-5.8382365	-0.00072667872
160.256	0.014521429	-5.837913	0.0010057463
160.384	0.014442171	-5.8378749	0.00030116824
160.512	0.014677189	-5.8383398	-0.0010694899
160.64	0.014382725	-5.8380204	-0.0002219381
160.768	0.014650695	-5.8382721	-0.002680676
160.896	0.014541675	-5.8379891	-0.0051207773
161.024	0.014692791	-5.8379471	-0.0036489439
161.152	0.014671895	-5.8380554	6.9546316e-05
161.28	0.014637399	-5.8379991	0.0015574424
161.408	0.014523454	-5.8378275	0.001197476
161.536	0.014688707	-5.8379672	-0.0001324118
161.664	0.014659579	-5.8378418	-0.00069437222
161.792	0.014991301	-5.8381736	-0.0034135683
161.92	0.014743967	-5.8379367	-0.0019205491
162.048	0.01485716	-5.8379106	7.3191189e-05
162.176	0.015042375	-5.8382317	-0.0020735952
162.304	0.014986962	-5.8380378	-0.0013185959
162.432	0.015022176	-5.8379253	-0.00020642529
162.56	0.015228416	-5.8377911	-0.0013330549
162.688	0.015173939	-5.8377094	-0.00030057386
162.816	0.015047369	-5.8375233	-0.001203082
162.944	0.015350646	-5.8376517	-0.00063666084
163.072	0.015205294	-5.837745	-0.0014556917
163.2	0.015297293	-5.8376328	-0.002363476
163.328	0.015349245	-5.8377528	0.00029816562
163.456	0.015430809	-5.8379312	0.0014865883
163.584	0.015572785	-5.8381103	-0.00050629217
163.712	0.015447206	-5.8382913	-0.00076283427
163.84	0.015600862	-5.8387579	-0.0035396795
163.968	0.015431856	-5.8381047	-0.00099084314
164.096	0.015469868	-5.8382916	-0.001554312
164.224	0.015454709	-5.8384978	-0.0018866901
164.352	0.015325142	-5.8383853	-0.00014106267
164.48	0.015444205	-5.8383612	-0.003088782
164.608	0.014879028	-5.83788	-0.0019122931
164.736	0.015178637	-5.8378884	-0.0034886827
164.864	0.015212723	-5.8383193	-0.0052514559
164.992	0.014886801	-5.838138	-0.0039295015
165.12	0.0149242	-5.8385013	-0.0026748331
165.248	0.014808463	-5.838047	-0.0032547371
165.376	0.014837527	-5.8383151	-0.0034618217
165.504	0.014977814	-5.8387497	-0.0054562629
165.632	0.014880499	-5.8388576	-0.0062693634
165.76	0.014449962	-5.8384026	-0.0040043006
165.888	0.014768318	-5.8388487	-0.0034956662
166.016	0.014747244	-5.8390101	-0.0046665039
166.144	0.0144036	-5.8387013	-0.001280592
166.272	0.014865742	-5.8392318	-0.0047189747
166.4	0.014400325	-5.838704	-0.0051267282
166.528	0.014696333	-5.8389962	-0.0040930372
166.656	0.014685194	-5.8388268	-0.0039608846
166.784	0.014317086	-5.8386094	-0.0011594053
166.912	0.014721127	-5.8393366	-0.0036039775
167.04	0.014972258	-5.8393827	-0.0040366215
167.168	0.014456156	-5.8389392	-0.0012375854
167.296	0.014495528	-5.8388749	-0.0016982324
167.424	0.0145082	-5.8387769	-0.0026312571
167.552	0.014685774	-5.8388656	-0.0042857687
167.68	0.014786861	-5.8388779	-0.0047150173
167.808	0.015038979	-5.8391646	-0.0033057964
167.936	0.014800079	-5.8387674	-0.0018930052
168.064	0.014677225	-5.8384316	-0.0040067925
168.192	0.015152542	-5.8390092	-0.0045221267
168.32	0.014989614	-5.8387807	-0.0034729345
168.448	0.014794131	-5.8386266	-0.0013366608
168.576	0.014865777	-5.8385164	-0.001181116
168.704	0.015368733	-5.8388975	-0.0039796304
168.832	0.015126132	-5.8385341	-0.002336043
168.96	0.015226254	-5.838424	-0.0027106663
169.088	0.015392188	-5.8386053	-0.00013653705
169.216	0.015581158	-5.8387156	-0.00076537055
169.344	0.015392756	-5.8381612	-0.0026219528
169.472	0.01540322	-5.8380606	-0.0021092156
169.6	0.015418417	-5.8379279	0.00053540113
169.728	0.015462525	-5.8382	0.0010110635
169.856	0.015391745	-5.8381933	-0.0020587197
169.984	0.015407003	-5.8383591	0.00060478952
170.112	0.015429577	-5.8386403	-0.00051553549
170.24	0.015392924	-5.8386963	-0.002573942
170.368	0.015408922	-5.8386896	-0.0058619641
170.496	0.01508686	-5.8379453	-0.0043437256
170.624	0.01542971	-5.8383226	-0.0032220744
170.752	0.015352039	-5.8384776	-0.0018389549
170.88	0.015181945	-5.8386475	0.00044385863
171.008	0.015387769	-5.8388304	-0.0010674138
171.136	0.015258479	-5.8385821	-0.0028863628
171.264	0.015098686	-5.8386556	-0.0026478206
171.392	0.015276896	-5.8391587	-0.0041580988
171.52	0.015158277	-5.8390068	-0.0056227994
171.648	0.014795234	-5.8388012	-0.0035739625
171.776	0.014725581	-5.8391696	-0.0033098061
171.904	0.014767952	-5.8392871	-0.003317953
172.032	0.01485633	-5.8394214	-0.0036455835
172.16	0.014829204	-5.8397136	-0.0039483372
172.288	0.014685093	-5.8396868	-0.0037505018
172.416	0.014551903	-5.8391816	-0.0036040142
172.544	0.014582686	-5.8395204	-0.0045404876
172.672	0.014850709	-5.8398661	-0.003316736
172.8	0.014708773	-5.8399152	-0.0022914442
172.928	0.014788594	-5.840001	-0.0028055119
173.056	0.014830578	-5.8397019	-0.0019106307
173.184	0.014496474	-5.8396708	-0.0035615591
173.312	0.014561582	-5.8398227	-0.0032608052
173.44	0.01419284	-5.8393115	-0.0016189047
173.568	0.014733094	-5.8401045	-0.0035350761
173.696	0.014543431	-5.8399676	-0.0019315911
173.824	0.014675161	-5.8401999	-0.0043748565
173.952	0.014559494	-5.839541	-0.0053445215
174.08	0.014937425	-5.8400484	-0.0060023013
174.208	0.014910961	-5.8397676	-0.0060640189
174.336	0.014836952	-5.8395724	-0.0043604026
174.464	0.014997455	-5.8397828	-0.0038334642
174.592	0.015247859	-5.8400677	-0.0035843312
174.72	0.014759268	-5.8396903	-0.0019898479
174.848	0.015152958	-5.8399173	-0.0029912108
174.976	0.01510149	-5.8394466	-0.0018883897
175.104	0.015162114	-5.8396585	-0.0044723906
175.232	0.014951198	-5.8390355	-0.0034542484
175.36	0.015248669	-5.8394931	-0.0034855357
175.488	0.015261948	-5.839399	-0.0038863164
175.616	0.015430026	-5.8394175	-0.0026525824
175.744	0.015215776	-5.8394753	-0.0027361284
175.872	0.015399441	-5.8397449	-0.00334907
176	0.01501196	-5.8391493	-0.0012160825
176.128	0.015287819	-5.8393581	-0.004091036
176.256	0.015216019	-5.8394325	-0.0033790035
176.384	0.015201218	-5.8394459	-0.0073167156
176.512	0.015525143	-5.8395603	-0.0060314238
176.64	0.015255023	-5.8394079	-0.0022309526
176.768	0.015219407	-5.8392041	-0.0020465652
176.896	0.015203798	-5.8392909	-1.0314173e-05
177.024	0.015266419	-5.8392826	-0.0025556118
177.152	0.015128854	-5.8394351	-0.0042038149
177.28	0.014962771	-5.8393416	-0.0035282415
177.408	0.015007773	-5.8393956	-0.0035959732
177.536	0.015145988	-5.8397872	-0.0019654008
177.664	0.01491003	-5.8397002	-0.0019150002
177.792	0.015180041	-5.8396164	-0.0029974448
177.92	0.01499902	-5.8399675	-0.0023071892
178.048	0.014839144	-5.8397481	-0.0023943416
178.176	0.014891698	-5.8395068	-0.0040366545
178.304	0.014968566	-5.8401058	-0.0052232686
178.432	0.014873816	-5.8400055	-0.0031452704
178.56	0.014855006	-5.8401295	-0.0035076526
178.688	0.014676307	-5.8396242	-0.0015029204
178.816	0.014763971	-5.8398309	-0.0044004524
178.944	0.014741224	-5.8399318	-0.0033931803
179.072	0.014837269	-5.8400953	-0.0037353455
179.2	0.014609005	-5.8395913	-0.0039294091
179.328	0.0147113	-5.8397737	-0.0039961504
179.456	0.014840242	-5.8402284	-0.0042006708
179.584	0.014558038	-5.8398737	-0.0013013172
179.712	0.014712898	-5.8400647	-0.0033085793
179.84	0.014800752	-5.840249	-0.0066204222
179.968	0.014620382	-5.8398745	-0.0026267435
180.096	0.014803742	-5.8400502	-0.0027390812
180.224	0.01478099	-5.8398966	-0.0037673186
180.352	0.01491235	-5.8397554	-0.0040039348
180.48	0.014877526	-5.8396843	-0.0053778496
180.608	0.014974741	-5.8400433	-0.0049404186
180.736	0.014773212	-5.8396457	-0.0026284299
180.864	0.014771114	-5.8393996	-0.0041731891
180.992	0.015111586	-5.8397779	-0.0029454467
181.12	0.015148885	-5.8396812	0.0001062924
181.248	0.01531843	-5.8398524	-0.0029803472
181.376	0.015431486	-5.8401328	-0.0014404051
181.504	0.015318522	-5.8399756	-0.0012644352
181.632	0.015564211	-5.8399909	-0.004179738
181.76	0.015847148	-5.8404271	-0.0063885861
181.888	0.015619262	-5.8401352	-0.0038359233
182.016	0.015512574	-5.8400973	-0.0040095606
182.144	0.01549487	-5.8400251	-0.0033346974
182.272	0.015340314	-5.8398567	-0.0029885947
182.4	0.015343597	-5.8399749	-0.0065357069
182.528	0.015303927	-5.8400709	-0.0080223384
182.656	0.015268112	-5.8403051	-0.006489309
182.784	0.015390589	-5.8402803	-0.0049934107
182.912	0.015133897	-5.8403455	-0.0040339501
183.04	0.015243382	-5.8407333	-0.0048354457
183.168	0.014897924	-5.8403324	-0.0025935968
183.296	0.015041706	-5.8405856	-0.0019343868
183.424	0.014972391	-5.84061	-0.0024361195
183.552	0.015109367	-5.8407463	-0.0043419786
183.68	0.014822367	-5.8406668	-0.0050100747
183.808	0.014894894	-5.8412024	-0.0068383469
183.936	0.01476258	-5.8410238	-0.0052165212
184.064	0.014612265	-5.8411093	-0.006389958
184.192	0.014622791	-5.8409854	-0.0035945472
184.32	0.014442827	-5.8409583	-0.0028524201
184.448	0.014702825	-5.841322	-0.005229631
184.576	0.014284037	-5.8410036	-0.0038768914
184.704	0.014411967	-5.841091	-0.0078088062
184.832	0.014383845	-5.840909	-0.0076908545
184.96	0.014333356	-5.8408043	-0.0070059441
185.088	0.014682847	-5.8410712	-0.0059299161
185.216	0.014748337	-5.8414892	-0.005393959
185.344	0.014555721	-5.8412461	-0.0051815866
185.472	0.014656671	-5.8414886	-0.0073277831
185.6	0.014944259	-5.8417818	-0.0060939334
185.728	0.014963032	-5.841551	-0.0051506758
185.856	0.014865455	-5.8411603	-0.0048789388
185.984	0.015050269	-5.841224	-0.0058304368
186.112	0.01510534	-5.8413885	-0.0072724849
186.24	0.015143451	-5.8410112	-0.0076660954
186.368	0.015084445	-5.8412388	-0.0070555988
186.496	0.015355522	-5.8414857	-0.0071611599
186.624	0.015174426	-5.8414265	-0.0057905069
186.752	0.015466038	-5.8415847	-0.0069317462
186.88	0.015325298	-5.8414221	-0.009801106
187.008	0.015505172	-5.8413135	-0.011473164
187.136	0.015507786	-5.8414779	-0.010863117
187.264	0.015192461	-5.841389	-0.010261832
187.392	0.015083959	-5.8412521	-0.0089593613
187.52	0.015247111	-5.8413375	-0.0087865993
187.648	0.014941513	-5.8413898	-0.0066111812
187.776	0.015383252	-5.8417704	-0.0079892735
187.904	0.015182827	-5.8415637	-0.0070533814
188.032	0.015090568	-5.8416448	-0.0069147313
188.16	0.015119659	-5.8419374	-0.006217161
188.288	0.015022566	-5.8418324	-0.0075428689
188.416	0.01500916	-5.8421042	-0.011549608
188.544	0.015119226	-5.8422195	-0.0084317327
188.672	0.014879519	-5.8417146	-0.0087800989
188.8	0.014887955	-5.841641	-0.0089744945
188.928	0.0148523	-5.8418778	-0.0063841563
189.056	0.014850672	-5.8421968	-0.0070704261
189.184	0.014667082	-5.8419584	-0.0081035812
189.312	0.014902741	-5.8419461	-0.0081315168
189.44	0.014945552	-5.8424421	-0.0067981282
189.568	0.014912243	-5.8422779	-0.0077287012
189.696	0.014760615	-5.8418747	-0.0072219582
189.824	0.01460726	-5.8417033	-0.009211634
189.952	0.014789225	-5.8420185	-0.011780939
190.08	0.014617028	-5.8417091	-0.012521892
190.208	0.014483566	-5.8415986	-0.01018776
190.336	0.014640142	-5.8419462	-0.0089302904
190.464	0.014770548	-5.8419449	-0.011134747
190.592	0.014667499	-5.8423148	-0.010762691
190.72	0.014964391	-5.8425388	-0.0097553493
190.848	0.014710941	-5.842213	-0.0093876206
190.976	0.014949605	-5.842238	-0.0096525521
191.104	0.015253727	-5.8426636	-0.01070728
191.232	0.014573011	-5.8416006	-0.0086817632
191.36	0.014774451	-5.8416218	-0.0055645459
191.488	0.014631853	-5.841548	-0.0047372637
191.616	0.015075226	-5.8419494	-0.0088354475
191.744	0.01507984	-5.8418888	-0.0077000158
191.872	0.015184558	-5.8417647	-0.0063252157
192	0.014740284	-5.8412815	-0.0067628553
192.128	0.015364773	-5.842161	-0.010123452
192.256	0.015108803	-5.8416776	-0.0096782826
192.384	0.015349987	-5.8416292	-0.0098072268
192.512	0.015113645	-5.8413272	-0.0093090375
192.64	0.015133419	-5.8412778	-0.012095527
192.768	0.01545122	-5.841855	-0.012416438
192.896	0.015349716	-5.8416976	-0.010458229
193.024	0.014913874	-5.8410275	-0.0078898586
193.152	0.015073291	-5.841197	-0.010525829
193.28	0.015416312	-5.8417336	-0.011012404
193.408	0.015324861	-5.8416772	-0.0060727731
193.536	0.01508912	-5.841204	-0.0073376466
193.664	0.015365578	-5.8417753	-0.0092050708
193.792	0.015245372	-5.841496	-0.0068173201
193.92	0.015122441	-5.8415059	-0.0076882963
194.048	0.015309767	-5.8419862	-0.009269926
194.176	0.01507344	-5.8415553	-0.010130385
194.304	0.014939787	-5.8414054	-0.0072552561
194.432	0.01523949	-5.8416323	-0.0069408429
194.56	0.015091483	-5.8414858	-0.01029146
194.688	0.014952144	-5.841613	-0.0093550181
194.816	0.014970116	-5.8415058	-0.0071476046
194.944	0.015080877	-5.8418396	-0.0093197883
195.072	0.01499559	-5.8417636	-0.0084584007
195.2	0.014785408	-5.8415695	-0.0065151393
195.328	0.014955385	-5.8419649	-0.0063598068
195.456	0.014815914	-5.8416806	-0.0078329975
195.584	0.01494852	-5.8420181	-0.0091170803
195.712	0.014855421	-5.8418607	-0.0086376966
195.84	0.014858132	-5.8418258	-0.0082666203
195.968	0.014848202	-5.8419023	-0.0092415043
196.096	0.014755023	-5.8416064	-0.010104763
196.224	0.0149695	-5.841808	-0.010524756
196.352	0.014495257	-5.8414712	-0.0094427897
196.48	0.014859843	-5.8420971	-0.010927673
196.608	0.01451671	-5.8417146	-0.010402436
196.736	0.014775785	-5.8417259	-0.010112415
196.864	0.015115309	-5.8422586	-0.0094051522
196.992	0.014732211	-5.8419269	-0.0099045942
197.12	0.014795257	-5.842073	-0.011147484
197.248	0.014617266	-5.8415737	-0.0075308193
197.376	0.014868416	-5.8417112	-0.0084957459
197.504	0.014717096	-5.841637	-0.0091789123
197.632	0.014879931	-5.8418284	-0.0089211071
197.76	0.015108099	-5.8419228	-0.01035678
197.888	0.014979748	-5.8416193	-0.0095215474
198.016	0.014776185	-5.8411991	-0.008661531
198.144	0.014973901	-5.8413294	-0.008970901
198.272	0.014960299	-5.8412317	-0.0084863951
198.4	0.015413939	-5.8417962	-0.011655405
198.528	0.015060852	-5.8413212	-0.01035183
198.656	0.01498636	-5.8410545	-0.0087948113
198.784	0.015247747	-5.8412632	-0.0076781881
198.912	0.015327675	-5.8415057	-0.0081929932
199.04	0.015174017	-5.8413107	-0.0090553673
199.168	0.015610487	-5.8415842	-0.0081671251
199.296	0.015086055	-5.8414665	-0.004425282
199.424	0.015501465	-5.8414679	-0.0085540536
199.552	0.015533813	-5.8414667	-0.0088185155
199.68	0.015131903	-5.8411539	-0.0075004114
199.808	0.015314412	-5.8413926	-0.0068133664
199.936	0.015122563	-5.8410734	-0.0054561659
200.064	0.015156588	-5.84143	-0.0070231122
200.192	0.014902331	-5.8409356	-0.0061697603
200.32	0.014809535	-5.8411113	-0.0072432518
200.448	0.015162359	-5.8415466	-0.0087639649
200.576	0.015091964	-5.8414	-0.0095129893
200.704	0.015124025	-5.8418181	-0.011080431
200.832	0.01509859	-5.8416855	-0.0094494369
200.96	0.014870051	-5.8415232	-0.0079180706
201.088	0.015172411	-5.8418154	-0.0085820615
201.216	0.015112508	-5.841761	-0.010051837
201.344	0.014752911	-5.8416676	-0.0080027727
201.472	0.014669726	-5.8415956	-0.0058305624
201.6	0.014666553	-5.8415136	-0.0054121376
201.728	0.014764921	-5.8417565	-0.0091237715
201.856	0.015017619	-5.8421512	-0.0097505686
201.984	0.014565564	-5.8415877	-0.0069196537
202.112	0.014908854	-5.8420554	-0.0094522599
202.24	0.014882144	-5.8421139	-0.010527142
202.368	0.014722536	-5.8419215	-0.0093984722
202.496	0.014766186	-5.8416957	-0.0082989473
202.624	0.014711793	-5.841689	-0.0075362392
202.752	0.014609082	-5.8417188	-0.0070643472
202.88	0.014730145	-5.841815	-0.0079720948
203.008	0.014913541	-5.8422489	-0.0092104495
203.136	0.014817372	-5.8420434	-0.0081589923
203.264	0.014935084	-5.8419298	-0.0080265523
203.392	0.014709117	-5.8416996	-0.0086396517
203.52	0.014746721	-5.8420495	-0.011097878
203.648	0.014885787	-5.8419452	-0.0098975574
203.776	0.014999144	-5.8419236	-0.0090274768
203.904	0.01456639	-5.8412888	-0.0083151615
204.032	0.015096713	-5.8416267	-0.010488562
204.16	0.014791825	-5.8412691	-0.0098180682
204.288	0.015141736	-5.8417278	-0.0093752043
204.416	0.015219134	-5.84188	-0.0074543075
204.544	0.01484983	-5.841269	-0.0068525278
204.672	0.015245658	-5.8414114	-0.011454247
204.8	0.015176387	-5.8411699	-0.0086672717
204.928	0.015130243	-5.841485	-0.0080857438
205.056	0.015210407	-5.8414735	-0.0080158674
205.184	0.015472159	-5.8415497	-0.0073583045
205.312	0.015236087	-5.8414409	-0.0085485255
205.44	0.015445927	-5.8417373	-0.0098501395
205.568	0.015363926	-5.8415645	-0.0098514007
205.696	0.01505503	-5.8413529	-0.010216651
205.824	0.015424945	-5.8418037	-0.010357292
205.952	0.015226708	-5.8417798	-0.0091377906
206.08	0.015505939	-5.8419801	-0.011197888
206.208	0.015317286	-5.8416309	-0.007954169
206.336	0.015221213	-5.8416597	-0.0078957277
206.464	0.015169162	-5.8416438	-0.010097133
206.592	0.015097966	-5.8419185	-0.0091215657
206.72	0.015277118	-5.8420173	-0.011060644
206.848	0.015261018	-5.8421675	-0.011786177
206.976	0.015129741	-5.8421354	-0.011556196
207.104	0.01534379	-5.8424939	-0.010629778
207.232	0.01505829	-5.8421544	-0.0085367333
207.36	0.015074005	-5.8423319	-0.0085477769
207.488	0.015079296	-5.8424974	-0.0083178644
207.616	0.01508676	-5.842601	-0.0094160743
207.744	0.014687729	-5.8423023	-0.0090393952
207.872	0.014865981	-5.8429272	-0.0082162563
208	0.01468135	-5.8428952	-0.0098884688
208.128	0.014550357	-5.8426807	-0.01113826
208.256	0.01447023	-5.8426155	-0.0090177231
208.384	0.014873025	-5.8432041	-0.011243965
208.512	0.014363352	-5.8428167	-0.010698118
208.64	0.014550835	-5.843151	-0.010198413
208.768	0.014794077	-5.8430188	-0.0110886
208.896	0.014523985	-5.842813	-0.013165869
209.024	0.014400081	-5.8426875	-0.011985513
209.152	0.014565365	-5.842742	-0.011609576
209.28	0.014495436	-5.8425197	-0.013557842
209.408	0.014677067	-5.8429958	-0.012450872
209.536	0.01436813	-5.8426346	-0.010503262
209.664	0.014605123	-5.8427316	-0.012031424
209.792	0.014509355	-5.842515	-0.01076058
209.92	0.014870441	-5.8429	-0.011053103
210.048	0.014798253	-5.8427943	-0.010271507
210.176	0.014800092	-5.8426433	-0.0093252757
210.304	0.014861175	-5.8426892	-0.0080012389
210.432	0.0151003	-5.8427037	-0.010546416
210.56	0.015010659	-5.8425929	-0.011507689
210.688	0.014998435	-5.8424863	-0.0086937313
210.816	0.015354395	-5.8424128	-0.010021079
210.944	0.015262408	-5.8421466	-0.008344537
211.072	0.015383383	-5.8421271	-0.0085263386
211.2	0.015292799	-5.8421143	-0.0081055898
211.328	0.015429828	-5.8424561	-0.0080097143
211.456	0.015230617	-5.8419956	-0.0096541001
211.584	0.015401717	-5.8422906	-0.01032466
211.712	0.015553922	-5.8422786	-0.010042562
211.84	0.015483658	-5.8420352	-0.0085382141
211.968	0.015408804	-5.8420411	-0.0070197775
212.096	0.015746375	-5.8421621	-0.0093244097
212.224	0.015422497	-5.8418322	-0.0081837874
212.352	0.015522684	-5.8421891	-0.0072987587
212.48	0.015548994	-5.8423181	-0.0070398349
212.608	0.015516416	-5.842235	-0.0077711921
212.736	0.015419403	-5.842291	-0.0074514946
212.864	0.015158758	-5.8422656	-0.008206973
212.992	0.015224094	-5.8421657	-0.0097492135
213.12	0.015243756	-5.8424243	-0.012069139
213.248	0.015144518	-5.8424207	-0.01312626
213.376	0.015213493	-5.8427223	-0.010029062
213.504	0.014984977	-5.8427253	-0.0085463274
213.632	0.015107922	-5.8431354	-0.010749057
213.76	0.014919127	-5.8429079	-0.010475929
213.888	0.014624689	-5.8426392	-0.0093839446
214.016	0.01478865	-5.8431365	-0.0086334528
214.144	0.014666016	-5.8434501	-0.0095468667
214.272	0.014625384	-5.8429983	-0.013376709
214.4	0.014710557	-5.8432213	-0.012063719
214.528	0.014489551	-5.8431189	-0.010251292
214.656	0.014500863	-5.8434622	-0.0096036254
214.784	0.014257355	-5.8434247	-0.0095162064
214.912	0.014426521	-5.8433599	-0.0093209088
215.04	0.014376081	-5.8434116	-0.0093570871
215.168	0.014486579	-5.8433453	-0.010561128
215.296	0.014311768	-5.8431586	-0.010803648
215.424	0.014564994	-5.8432007	-0.012512131
215.552	0.014619511	-5.8431258	-0.010617185
215.68	0.014658786	-5.8435553	-0.0092157236
215.808	0.014527007	-5.842939	-0.011589305
215.936	0.014810702	-5.8432327	-0.012145462
216.064	0.014817164	-5.8433165	-0.012673307
216.192	0.014672883	-5.8429185	-0.01217183
216.32	0.014953652	-5.843072	-0.011780343
216.448	0.014706195	-5.8425622	-0.0086853554
216.576	0.014842076	-5.8426508	-0.011164073
216.704	0.015127207	-5.8426527	-0.014456875
216.832	0.015196801	-5.8428907	-0.010758436
216.96	0.015596029	-5.8432555	-0.0094123836
217.088	0.015093019	-5.8425406	-0.0070604282
217.216	0.015448063	-5.842637	-0.0075405904
217.344	0.015336641	-5.8426707	-0.010501328
217.472	0.015486024	-5.8427814	-0.0099585736
217.6	0.015476471	-5.842767	-0.01064102
217.728	0.014986089	-5.8420989	-0.010265906
217.856	0.015599137	-5.8428425	-0.0066057465
217.984	0.01549473	-5.8427916	-0.0072501173
218.112	0.015445568	-5.8427186	-0.0087180711
218.24	0.015259315	-5.8422637	-0.0038941762
218.368	0.015473595	-5.8427104	-0.0064847596
218.496	0.015598003	-5.8424833	-0.0074397495
218.624	0.0152903	-5.842519	-0.0071227224
218.752	0.01532711	-5.8424681	-0.011553809
218.88	0.015531075	-5.8428954	-0.011093055
219.008	0.01546249	-5.8427714	-0.010048462
219.136	0.015277703	-5.8427614	-0.0079746885
219.264	0.014963524	-5.8425307	-0.0062658093
219.392	0.015487618	-5.8430323	-0.011312937
219.52	0.015053968	-5.8429667	-0.010800877
219.648	0.014937641	-5.8430578	-0.011735204
219.776	0.014907206	-5.8434106	-0.014732647
219.904	0.015056599	-5.8434572	-0.01347172
220.032	0.014804006	-5.8431873	-0.01430199
220.16	0.014758906	-5.8427482	-0.012955643
220.288	0.01485818	-5.8432199	-0.012580498
220.416	0.014686489	-5.8432475	-0.012044975
220.544	0.014699613	-5.8434083	-0.010395227
220.672	0.014854802	-5.8438296	-0.012042351
220.8	0.014301804	-5.8433928	-0.0067392916
220.928	0.014644368	-5.8437872	-0.0088095176
221.056	0.014413161	-5.8436518	-0.012220027
221.184	0.014746152	-5.8440963	-0.011731103
221.312	0.014585844	-5.8437113	-0.011704617
221.44	0.01442203	-5.8434227	-0.012280886
221.568	0.014325325	-5.8430437	-0.010375107
221.696	0.014567535	-5.8433956	-0.009616966
221.824	0.014668705	-5.843753	-0.010405025
221.952	0.014580453	-5.8436305	-0.012878861
222.08	0.014766264	-5.8438102	-0.010773004
222.208	0.014787175	-5.8437603	-0.0074487556
222.336	0.014981218	-5.8437562	-0.008225327
222.464	0.0148106	-5.8435201	-0.0069976019
222.592	0.014890246	-5.8432849	-0.0096978269
222.72	0.014762444	-5.8429453	-0.012814985
222.848	0.014856242	-5.8430817	-0.0095421265
222.976	0.015031919	-5.8431395	-0.008818901
223.104	0.015284958	-5.8432678	-0.011892052
223.232	0.014898075	-5.8427288	-0.0098572335
223.36	0.01521831	-5.8426966	-0.0078155558
223.488	0.015413621	-5.8431183	-0.011166906
223.616	0.015213083	-5.8425338	-0.011973394
223.744	0.015269749	-5.842767	-0.010194301
223.872	0.015267153	-5.8425887	-0.010296909
224	0.015480787	-5.842791	-0.010308223
224.128	0.015552919	-5.8426893	-0.0084008875
224.256	0.015271021	-5.8421614	-0.0063911953
224.384	0.01546555	-5.8425515	-0.0059031313
224.512	0.015620619	-5.8431366	-0.0059537485
224.64	0.015294555	-5.8426228	-0.0044258811
224.768	0.015339012	-5.8428732	-0.0069212626
224.896	0.015628496	-5.8429031	-0.009652097
225.024	0.015403885	-5.8425739	-0.0080659165
225.152	0.015436959	-5.8426783	-0.006683702
225.28	0.015222514	-5.842724	-0.0066901286
225.408	0.015374948	-5.8430237	-0.0064585996
225.536	0.015374112	-5.8433257	-0.0086364117
225.664	0.015180089	-5.8432177	-0.010202156
225.792	0.015136247	-5.8431879	-0.0086713883
225.92	0.015094175	-5.8432814	-0.0078765445
226.048	0.014994198	-5.8432061	-0.0084776154
226.176	0.01483327	-5.8431842	-0.0095580768
226.304	0.014917269	-5.843619	-0.010527496
226.432	0.01477526	-5.8434308	-0.0093287917
226.56	0.014739874	-5.8433692	-0.013052296
226.688	0.014601153	-5.8434442	-0.010479017
226.816	0.014829408	-5.8435313	-0.010051918
226.944	0.014671459	-5.8432655	-0.01058417
227.072	0.014630837	-5.8434728	-0.011511999
227.2	0.014690513	-5.8435168	-0.011908742
227.328	0.014736418	-5.8436442	-0.010595095
227.456	0.014796105	-5.8436498	-0.0099693765
227.584	0.014357494	-5.843546	-0.010009824
227.712	0.014687373	-5.8436619	-0.01266593
227.84	0.014540353	-5.8433529	-0.0099210249
227.968	0.014567951	-5.8433641	-0.009828511
228.096	0.014623998	-5.8433771	-0.010189898
228.224	0.014405961	-5.8435635	-0.0088626395
228.352	0.01446584	-5.8435888	-0.0086323927
228.48	0.014610031	-5.8433865	-0.010241987
228.608	0.014760328	-5.8433807	-0.012094809
228.736	0.014798841	-5.84345	-0.010158449
228.864	0.014884772	-5.8432659	-0.01055998
228.992	0.01481441	-5.842966	-0.010262265
229.12	0.014829293	-5.8430731	-0.010266055
229.248	0.015008826	-5.8431076	-0.011581482
229.376	0.014990285	-5.843023	-0.010811
229.504	0.014817637	-5.8426777	-0.0091457098
229.632	0.01513399	-5.843143	-0.01008497
229.76	0.015392826	-5.8432068	-0.010537562
229.888	0.015174858	-5.8427402	-0.010433595
230.016	0.015331067	-5.8429099	-0.010596762
230.144	0.015171416	-5.8427147	-0.0090681974
230.272	0.015747528	-5.8431514	-0.011746035
230.4	0.015193667	-5.8426325	-0.01179766
230.528	0.015385379	-5.8430011	-0.0096218311
230.656	0.015597857	-5.8427381	-0.0063472505
230.784	0.015312661	-5.8421339	-0.0075313735
230.912	0.015462007	-5.8427005	-0.0085453045
231.04	0.015601638	-5.8429251	-0.0080783824
231.168	0.015197097	-5.8421862	-0.0066551253
231.296	0.015776183	-5.8428956	-0.0088617529
231.424	0.015159745	-5.8424563	-0.0084043752
231.552	0.015486849	-5.8430452	-0.010492882
231.68	0.015389867	-5.8430351	-0.011274275
231.808	0.015107987	-5.8430226	-0.0072137975
231.936	0.015482828	-5.8433222	-0.0051597651
232.064	0.014992804	-5.8427485	-0.0070552282
232.192	0.015159685	-5.8430719	-0.010719962
232.32	0.014869667	-5.8429842	-0.0095032426
232.448	0.015312387	-5.8436588	-0.012601887
232.576	0.014865378	-5.8431052	-0.011651166
232.704	0.014742956	-5.8430232	-0.0091823092
232.832	0.014800636	-5.8433166	-0.010347594
232.96	0.014889234	-5.843445	-0.010605816
233.088	0.014571243	-5.8430322	-0.011095824
233.216	0.014649525	-5.8432659	-0.011992643
233.344	0.014569133	-5.8430731	-0.010538257
233.472	0.014874698	-5.8436112	-0.011328148
233.6	0.014375525	-5.8432986	-0.011481774
233.728	0.014647588	-5.8436287	-0.012723483
233.856	0.014566698	-5.8436421	-0.011343548
233.984	0.014719796	-5.8440234	-0.011243789
234.112	0.014256879	-5.8436166	-0.010275254
234.24	0.01428024	-5.8434476	-0.0097320264
234.368	0.014818754	-5.8439053	-0.0097426662
234.496	0.01444391	-5.8434952	-0.01018598
234.624	0.014447933	-5.8434674	-0.0093128721
234.752	0.014703059	-5.8433902	-0.010257706
234.88	0.014679394	-5.8433888	-0.010362084
235.008	0.014947222	-5.8436694	-0.0094176402
235.136	0.014716047	-5.8432126	-0.012110059
235.264	0.014944362	-5.8433905	-0.01102459
235.392	0.014921734	-5.842992	-0.008819491
235.52	0.014983011	-5.8428235	-0.011379606
235.648	0.015111628	-5.8433595	-0.013105567
235.776	0.015115769	-5.8430699	-0.011604161
235.904	0.015027147	-5.8432512	-0.012580437
236.032	0.014976005	-5.8428923	-0.0093988149
236.16	0.01533127	-5.8429435	-0.010124957
236.288	0.015176004	-5.8428523	-0.0079983063
236.416	0.015231526	-5.8428996	-0.0085152757
236.544	0.015708054	-5.8432233	-0.010965162
236.672	0.015198854	-5.8425212	-0.0062188706
236.8	0.015480362	-5.842687	-0.0091503117
236.928	0.015552817	-5.8424418	-0.0074298015
237.056	0.015142237	-5.8420248	-0.0055527276
237.184	0.015653228	-5.8427099	-0.007635141
237.312	0.01587567	-5.8431191	-0.010292739
237.44	0.015438291	-5.8427372	-0.0074461776
237.568	0.01524527	-5.8426653	-0.0065853919
237.696	0.015716586	-5.843036	-0.0088499887
237.824	0.015249192	-5.8424018	-0.0084919934
237.952	0.015412794	-5.842625	-0.010314096
238.08	0.015151009	-5.8427332	-0.0051747441
238.208	0.01536076	-5.8432563	-0.0047718207
238.336	0.01516812	-5.8430069	-0.0098773929
238.464	0.015050148	-5.842956	-0.0095126513
238.592	0.015118681	-5.8431792	-0.0088018196
238.72	0.014978888	-5.8433213	-0.0090450545
238.848	0.014939564	-5.8429531	-0.0092861905
238.976	0.014843225	-5.8430298	-0.0085324037
239.104	0.014626575	-5.8429914	-0.009957239
239.232	0.014617387	-5.8434943	-0.010710603
239.36	0.014879453	-5.8437055	-0.011886094
239.488	0.014519106	-5.8434789	-0.0088640398
239.616	0.014519001	-5.8434689	-0.010451858
239.744	0.014550744	-5.843625	-0.011485086
239.872	0.014560575	-5.843584	-0.010979825
240	0.014693061	-5.8437821	-0.010385505
240.128	0.014352413	-5.8433502	-0.011142859
240.256	0.014573617	-5.8436594	-0.010500704
240.384	0.014465956	-5.8435891	-0.01072355
240.512	0.014532378	-5.8437242	-0.013069755
240.64	0.014619094	-5.8437531	-0.0098635922
240.768	0.01441976	-5.843453	-0.011434086
240.896	0.014337221	-5.8431926	-0.013520304
241.024	0.014568122	-5.8436012	-0.012777768
241.152	0.014722629	-5.8437055	-0.011686236
241.28	0.015103319	-5.8440802	-0.010665081
241.408	0.014707971	-5.8436109	-0.0092321175
241.536	0.014733249	-5.8434591	-0.0096781861
241.664	0.014854119	-5.8432674	-0.0093080398
241.792	0.014945656	-5.8432082	-0.0081518545
241.92	0.015124208	-5.8432858	-0.0083339681
242.048	0.015090011	-5.843255	-0.0075796371
242.176	0.015150115	-5.8430843	-0.010248624
242.304	0.01522785	-5.8429739	-0.010417319
242.432	0.01530536	-5.8429709	-0.0082233542
242.56	0.01540849	-5.842964	-0.0084579493
242.688	0.015259622	-5.8426337	-0.0081099201
242.816	0.015494274	-5.8428659	-0.0086725262
242.944	0.015429742	-5.8428127	-0.0080404338
243.072	0.015475913	-5.8425851	-0.0078984211
243.2	0.015482613	-5.8427812	-0.0091098989
243.328	0.015111278	-5.8422559	-0.0092505099
243.456	0.015696691	-5.8429816	-0.010131823
243.584	0.015623358	-5.8428609	-0.0099659338
243.712	0.015451605	-5.842819	-0.0075357472
243.84	0.015283434	-5.8423556	-0.0075579085
243.968	0.015388945	-5.8424267	-0.0088677069
244.096	0.015396603	-5.8427817	-0.0080047295
244.224	0.015417915	-5.8428469	-0.0079588368
244.352	0.015249959	-5.8426235	-0.011331817
244.48	0.015414611	-5.8427482	-0.012852941
244.608	0.014942562	-5.8424671	-0.011560659
244.736	0.015247292	-5.8432282	-0.009908812
244.864	0.01502516	-5.8428675	-0.0090962114
244.992	0.01500322	-5.8430737	-0.011231714
245.12	0.014898469	-5.8430334	-0.010524026
245.248	0.014682079	-5.8429269	-0.0080741147
245.376	0.014715147	-5.8431628	-0.0097259265
245.504	0.014877137	-5.8433535	-0.011181449
245.632	0.014911592	-5.8436287	-0.010870332
245.76	0.014481858	-5.8432025	-0.01001941
245.888	0.014651115	-5.843544	-0.010367558
246.016	0.014788903	-5.8437459	-0.0091269403
246.144	0.014709833	-5.843727	-0.010855697
246.272	0.014513773	-5.8437954	-0.012259587
246.4	0.014454846	-5.8440505	-0.011227332
246.528	0.014449056	-5.8440019	-0.012260642
246.656	0.01451607	-5.8437687	-0.010071132
246.784	0.014531758	-5.8436178	-0.012094362
246.912	0.014326688	-5.8433991	-0.011750979
247.04	0.014621707	-5.8436507	-0.010246566
247.168	0.014536088	-5.8434055	-0.011537688
247.296	0.014538355	-5.8431497	-0.012174493
247.424	0.014608961	-5.84357	-0.012584105
247.552	0.01495908	-5.843704	-0.013914881
247.68	0.01480096	-5.8432227	-0.010731042
247.808	0.014642975	-5.8432711	-0.0086534605
247.936	0.014729116	-5.8430999	-0.0068555183
248.064	0.015036657	-5.8429752	-0.0087371837
248.192	0.014918071	-5.8429659	-0.010955219
248.32	0.014904984	-5.8429742	-0.0080292122
248.448	0.015182524	-5.842924	-0.0095910524
248.576	0.015121894	-5.8428416	-0.011913135
248.704	0.015475592	-5.8432565	-0.0089317561
248.832	0.015435215	-5.842819	-0.0089956939
248.96	0.015219157	-5.8426177	-0.0091263341
249.088	0.015220497	-5.8425549	-0.011774319
249.216	0.015705435	-5.8428695	-0.012163943
249.344	0.015404171	-5.8424071	-0.0096428335
249.472	0.01544447	-5.842594	-0.011727187
249.6	0.015582576	-5.8428113	-0.010226469
249.728	0.015485456	-5.8426822	-0.0096425048
249.856	0.01529129	-5.842362	-0.0082814142
249.984	0.015639837	-5.842613	-0.0088598762
250.112	0.015399689	-5.8422678	-0.0081007848
250.24	0.015267953	-5.842377	-0.0098919718
250.368	0.015556911	-5.8429553	-0.011218954
250.496	0.015117355	-5.8425506	-0.0089666671
250.624	0.015186819	-5.8426773	-0.0064481157
250.752	0.015295116	-5.8427322	-0.0067901008
250.88	0.01522754	-5.8428942	-0.0080028601
251.008	0.015214694	-5.8431318	-0.0095568025
251.136	0.015035321	-5.8430086	-0.0091516654
251.264	0.015315816	-5.8434558	-0.010215841
251.392	0.014867502	-5.8431039	-0.0097263372
251.52	0.014910548	-5.84316	-0.011220513
251.648	0.015041406	-5.8435182	-0.012453234
251.776	0.014849375	-5.843302	-0.0091628194
251.904	0.014767082	-5.8432926	-0.0076099901
252.032	0.014696209	-5.8435454	-0.010780223
252.16	0.01483311	-5.8436366	-0.012616679
252.288	0.014515715	-5.8431338	-0.013346994
252.416	0.014557494	-5.8433045	-0.011720774
252.544	0.014434268	-5.8435379	-0.011032646
252.672	0.014618419	-5.8438678	-0.013628777
252.8	0.014516327	-5.8437002	-0.012284413
252.928	0.014646049	-5.8440016	-0.011996868
253.056	0.014480033	-5.8435345	-0.0093157127
253.184	0.014593863	-5.843744	-0.010511028
253.312	0.014512696	-5.8439359	-0.0099942026
253.44	0.014713545	-5.8440644	-0.0091075793
253.568	0.01460279	-5.8438071	-0.010157752
253.696	0.014521782	-5.8435265	-0.0094982388
253.824	0.014559711	-5.8434514	-0.0092411135
253.952	0.014885528	-5.8434982	-0.010620683
254.08	0.014884826	-5.8436113	-0.0096439605
254.208	0.014856985	-5.8435268	-0.010062799
254.336	0.014872654	-5.8435337	-0.010175234
254.464	0.015040376	-5.843424	-0.0095066272
254.592	0.014836663	-5.8428568	-0.0089771893
254.72	0.015177949	-5.8432489	-0.0087829584
254.848	0.015136336	-5.8431898	-0.007522318
254.976	0.014937658	-5.8426241	-0.0081627874
255.104	0.015245119	-5.8428194	-0.0093180752
255.232	0.015411886	-5.8432575	-0.0092734058
255.36	0.015316295	-5.8432316	-0.0091276853
255.488	0.01535604	-5.8431851	-0.0084898202
255.616	0.015264694	-5.8427011	-0.0089556413
255.744	0.015466471	-5.8431421	-0.0084332852
255.872	0.015479924	-5.842924	-0.0078319914
256	0.015134363	-5.8422153	-0.0083529084
256.128	0.015578483	-5.84288	-0.0082220713
256.256	0.015503479	-5.8426696	-0.0086637999
256.384	0.015441796	-5.8424797	-0.0067084845
256.512	0.015306678	-5.8426837	-0.007251872
256.64	0.015449116	-5.8429089	-0.007252682
256.768	0.015426457	-5.8428583	-0.0091384125
256.896	0.015134068	-5.8426218	-0.011326191
257.024	0.015395611	-5.8428952	-0.01210162
257.152	0.015303075	-5.8429113	-0.0088496998
257.28	0.015444313	-5.8429863	-0.0090353877
257.408	0.014976536	-5.8427243	-0.0076524792
257.536	0.014937563	-5.8426007	-0.0070282923
257.664	0.015126224	-5.8430844	-0.010382048
257.792	0.014911573	-5.8431743	-0.011042109
257.92	0.015151889	-5.8436808	-0.0089100892
258.048	0.014645197	-5.8432672	-0.0077331354
258.176	0.014808487	-5.8435768	-0.011409998
258.304	0.014794639	-5.8437559	-0.010487309
258.432	0.014867897	-5.8438331	-0.0097908271
258.56	0.014705927	-5.8437345	-0.0093641846
258.688	0.014533938	-5.8435777	-0.0098832232
258.816	0.014412656	-5.8436857	-0.0087962937
258.944	0.014635962	-5.8438073	-0.0089690837
259.072	0.014413918	-5.8436845	-0.0092464256
259.2	0.01448031	-5.8436874	-0.010223536
259.328	0.01476781	-5.8442639	-0.012726506
259.456	0.014483366	-5.8438902	-0.011844204
259.584	0.014563448	-5.843539	-0.010569864
259.712	0.014263464	-5.843244	-0.010183102
259.84	0.014749482	-5.8438189	-0.01168422
259.968	0.014582879	-5.8437579	-0.011269511
260.096	0.014625874	-5.8434286	-0.0098290427
260.224	0.014684342	-5.8435815	-0.011375555
260.352	0.014620104	-5.8435089	-0.010009801
260.48	0.014771837	-5.8436244	-0.0086336902
260.608	0.014901408	-5.8436063	-0.008540027
260.736	0.015181654	-5.8435765	-0.0082947
260.864	0.014716187	-5.8428858	-0.0089987137
260.992	0.014962775	-5.8430279	-0.0082853539
261.12	0.014937966	-5.8430172	-0.0096173956
261.248	0.015212629	-5.8431755	-0.01143206
261.376	0.01486618	-5.8425844	-0.010157821
261.504	0.015525749	-5.843147	-0.010009579
261.632	0.015216013	-5.8428122	-0.0082642285
261.76	0.015586566	-5.8431114	-0.010497261
261.888	0.015479494	-5.8428472	-0.0076859666
262.016	0.015417917	-5.8427942	-0.0082992944
262.144	0.015499438	-5.8428361	-0.0068331774
262.272	0.01548865	-5.8429064	-0.0077071899
262.4	0.015580134	-5.8428358	-0.0084850147
262.528	0.015352389	-5.8425288	-0.0076898751
262.656	0.015434066	-5.8429569	-0.008962396
262.784	0.015390201	-5.8429721	-0.01001889
262.912	0.01551937	-5.8428542	-0.0087774087
263.04	0.015546796	-5.8431364	-0.0087993526
263.168	0.015332484	-5.8428174	-0.0080386984
263.296	0.015480364	-5.8431138	-0.0073383486
263.424	0.015336018	-5.843269	-0.0063613503
263.552	0.015368228	-5.8435479	-0.0074605135
263.68	0.014720641	-5.842662	-0.00786594
263.808	0.015351428	-5.8434564	-0.010379652
263.936	0.015229322	-5.8433947	-0.0077983556
264.064	0.014909286	-5.8431155	-0.0075289577
264.192	0.014928412	-5.8433498	-0.0092725466
264.32	0.014923397	-5.8432274	-0.0094935916
264.448	0.014925435	-5.8434558	-0.010174521
264.576	0.0146076	-5.8434373	-0.010379494
264.704	0.014786098	-5.8438405	-0.0099901752
264.832	0.014738255	-5.8438315	-0.0096169338
264.96	0.014660669	-5.8438406	-0.012687471
265.088	0.014500828	-5.8438582	-0.013126475
265.216	0.014376518	-5.8436498	-0.010313779
265.344	0.014549451	-5.8436678	-0.0096986462
265.472	0.014532546	-5.843723	-0.012690782
265.6	0.014529419	-5.8438751	-0.013708945
265.728	0.01443698	-5.8431362	-0.0096308821
265.856	0.014603536	-5.8435281	-0.010366653
265.984	0.014447946	-5.8434212	-0.0099468541
266.112	0.01458818	-5.8437208	-0.0096235944
266.24	0.014671977	-5.8439505	-0.010200216
266.368	0.01463852	-5.8439395	-0.010469473
266.496	0.014604653	-5.8436143	-0.0097596268
266.624	0.014607754	-5.8435869	-0.0090366583
266.752	0.014936198	-5.8440108	-0.010113736
266.88	0.014864955	-5.8435921	-0.0095788296
267.008	0.014936306	-5.8433106	-0.010502492
267.136	0.014739001	-5.843296	-0.0094000971
267.264	0.014914075	-5.8430926	-0.0089553205
267.392	0.015058247	-5.8431888	-0.0089930348
267.52	0.015150933	-5.8431091	-0.0081309936
267.648	0.014955194	-5.842831	-0.0079898983
267.776	0.0152251	-5.8431451	-0.0073148689
267.904	0.015135453	-5.8427606	-0.0075165338
268.032	0.015555847	-5.8430639	-0.011952462
268.16	0.015297078	-5.8428823	-0.0087796774
268.288	0.015364568	-5.8428475	-0.0051594472
268.416	0.015533944	-5.8432927	-0.0089405511
268.544	0.015444315	-5.8429182	-0.0077791224
268.672	0.01554896	-5.8427118	-0.0086539179
268.8	0.015312672	-5.8428097	-0.007329655
268.928	0.015479881	-5.842688	-0.007530245
269.056	0.015400798	-5.8426905	-0.0066394216
269.184	0.015785767	-5.8429819	-0.0087627335
269.312	0.01518236	-5.8425429	-0.0053830058
269.44	0.01540316	-5.8426778	-0.0070014057
269.568	0.015618862	-5.8429048	-0.012162633
269.696	0.015110909	-5.8427771	-0.0090545694
269.824	0.015152849	-5.8430337	-0.0086011533
269.952	0.015256122	-5.8433281	-0.010627498
270.08	0.015263655	-5.843343	-0.0085002565
270.208	0.014975867	-5.843126	-0.0098325763
270.336	0.014881145	-5.8429949	-0.012649209
270.464	0.015055177	-5.8434361	-0.01107787
270.592	0.014950367	-5.8433885	-0.01078427
270.72	0.014787667	-5.8437397	-0.0084422236
270.848	0.014788433	-5.8436702	-0.0086572396
270.976	0.014616402	-5.8434638	-0.0096092741
271.104	0.014884619	-5.8438232	-0.010205825
271.232	0.014481576	-5.8435762	-0.010797052
271.36	0.014498702	-5.8440333	-0.011444796
271.488	0.014803327	-5.8441281	-0.011993006
271.616	0.014474956	-5.8438358	-0.010908838
271.744	0.014669067	-5.8438651	-0.012451658
271.872	0.014644413	-5.8440637	-0.012008416
272	0.014245166	-5.843605	-0.011220336
272.128	0.014532529	-5.8438793	-0.011423596
272.256	0.014464016	-5.8435808	-0.0089755878
272.384	0.014754276	-5.8440246	-0.01208407
272.512	0.014628594	-5.8441641	-0.01162787
272.64	0.014611619	-5.8437864	-0.0085376431
272.768	0.014658477	-5.8436683	-0.010327199
272.896	0.014660617	-5.8434464	-0.010319718
273.024	0.014890744	-5.8435243	-0.0076990842
273.152	0.01473195	-5.8429941	-0.0098889042
273.28	0.014697577	-5.8432748	-0.010164352
273.408	0.014980093	-5.84335	-0.0085852585
273.536	0.015130045	-5.843298	-0.0086820973
273.664	0.014994409	-5.8432783	-0.0092356034
273.792	0.015317527	-5.8434214	-0.008716593
273.92	0.015078376	-5.8429363	-0.0097206779
274.048	0.015200864	-5.8429177	-0.010379573
274.176	0.015327199	-5.8429417	-0.0087494744
274.304	0.015652464	-5.8432216	-0.0099690673
274.432	0.015235862	-5.8426965	-0.009296078
274.56	0.015409958	-5.8427318	-0.0093111584
274.688	0.015283603	-5.8424678	-0.0077511737
274.816	0.01524505	-5.842647	-0.0089679854
274.944	0.015549976	-5.8428946	-0.0083147737
275.072	0.01544423	-5.8428695	-0.0085400656
275.2	0.015526653	-5.8427473	-0.0084631214
275.328	0.015580761	-5.8430033	-0.00756262
275.456	0.015257069	-5.842869	-0.0084385792
275.584	0.01528441	-5.8425957	-0.0073226282
275.712	0.015290604	-5.8427203	-0.0092455409
275.84	0.015709541	-5.8431237	-0.0081131865
275.968	0.015378841	-5.843175	-0.0054980911
276.096	0.01497485	-5.8427436	-0.0063878309
276.224	0.015408964	-5.8432038	-0.00690033
276.352	0.015025231	-5.8430087	-0.0054538437
276.48	0.01528257	-5.843105	-0.0085689721
276.608	0.014821302	-5.8429758	-0.0092006668
276.736	0.014867523	-5.8430746	-0.0073548341
276.864	0.015179772	-5.8437951	-0.011930181
276.992	0.014854822	-5.8433224	-0.012518505
277.12	0.014647837	-5.8432931	-0.011672018
277.248	0.014782717	-5.8432663	-0.011336651
277.376	0.014637628	-5.8434677	-0.0081463633
277.504	0.014565967	-5.8436659	-0.0097709612
277.632	0.014537835	-5.8436184	-0.010534885
277.76	0.014647801	-5.8437966	-0.012211266
277.888	0.01441199	-5.8434901	-0.011379169
278.016	0.014549344	-5.8438852	-0.011232981
278.144	0.014612526	-5.8440242	-0.011207529
278.272	0.014366469	-5.8435696	-0.0093827054
278.4	0.014653876	-5.8436501	-0.010729412
278.528	0.014631555	-5.8440136	-0.011237303
278.656	0.014389539	-5.8437864	-0.010399603
278.784	0.014677299	-5.8438081	-0.012327964
278.912	0.014552559	-5.8437922	-0.01169023
279.04	0.014729368	-5.843768	-0.012209738
279.168	0.014837108	-5.84366	-0.010945291
279.296	0.014685397	-5.8436657	-0.010457395
279.424	0.014851058	-5.843808	-0.010375948
279.552	0.014465826	-5.8431264	-0.0088766294
279.68	0.014939176	-5.8435319	-0.0089527839
279.808	0.014835008	-5.8433965	-0.0091056314
279.936	0.015085099	-5.8432574	-0.010516198
280.064	0.015332016	-5.8433966	-0.011499106
280.192	0.015058408	-5.8430718	-0.011677161
280.32	0.015275884	-5.8432046	-0.011424372
280.448	0.015181605	-5.8429493	-0.0088303318
280.576	0.015377066	-5.8431513	-0.0082464821
280.704	0.015184525	-5.8428451	-0.0068051534
280.832	0.015455184	-5.8428284	-0.00756512
280.96	0.01541591	-5.8427931	-0.0078992751
281.088	0.015788068	-5.8429338	-0.0067659259
281.216	0.015270916	-5.842724	-0.0078003522
281.344	0.015519362	-5.8427785	-0.010729545
281.472	0.015470564	-5.8428057	-0.0058903291
281.6	0.015489858	-5.8431811	-0.0075913012
281.728	0.015446641	-5.8429472	-0.0080515677
281.856	0.015483049	-5.8429335	-0.0072336416
281.984	0.015519383	-5.842767	-0.008435362
282.112	0.015304579	-5.8428778	-0.007797255
282.24	0.015309758	-5.8431282	-0.005651349
282.368	0.015166994	-5.8427971	-0.0058098106
282.496	0.015331575	-5.8430933	-0.0088772993
282.624	0.01489698	-5.8429608	-0.0052754679
282.752	0.015343864	-5.8433825	-0.0079257458
282.88	0.015222584	-5.843333	-0.0081525487
283.008	0.0148248	-5.8432852	-0.0092271446
283.136	0.014862531	-5.8435766	-0.010475945
283.264	0.014760218	-5.8435682	-0.0081469955
283.392	0.015009068	-5.8439284	-0.0094699734
283.52	0.014742872	-5.843382	-0.01003793
283.648	0.014686397	-5.843631	-0.011669699
283.776	0.014806993	-5.843774	-0.01145106
283.904	0.0142335	-5.8431783	-0.009711953
284.032	0.014765367	-5.8439219	-0.013339836
284.16	0.014466027	-5.8434641	-0.010170264
284.288	0.014531899	-5.8436964	-0.0099868959
284.416	0.014574869	-5.8438996	-0.010583996
284.544	0.014627488	-5.8439466	-0.011446192
284.672	0.014680705	-5.8440916	-0.012599153
284.8	0.014504413	-5.8439352	-0.010767841
284.928	0.01459549	-5.8439448	-0.010804817
285.056	0.014553804	-5.8437395	-0.011753224
285.184	0.014296083	-5.8434169	-0.0093267577
285.312	0.014897168	-5.8437368	-0.010328061
285.44	0.014319646	-5.8432432	-0.0083780832
285.568	0.014726568	-5.8433666	-0.0095541891
285.696	0.014914511	-5.843362	-0.0091512832
285.824	0.014995493	-5.8434892	-0.010093485
285.952	0.014654189	-5.843034	-0.01003274
286.08	0.015017374	-5.8431492	-0.009312724
286.208	0.01515135	-5.8433781	-0.0086401531
286.336	0.015208464	-5.8432595	-0.0088888415
286.464	0.014919324	-5.8428553	-0.0099635626
286.592	0.015220231	-5.8432572	-0.013366981
286.72	0.015222656	-5.8429041	-0.0098458255
286.848	0.01539255	-5.8431413	-0.0090831183
286.976	0.01533531	-5.8430194	-0.0082136028
287.104	0.015335894	-5.8430555	-0.007563606
287.232	0.015549744	-5.843061	-0.007252481
287.36	0.015308522	-5.8428523	-0.0068534057
287.488	0.015413134	-5.8427482	-0.0092375445
287.616	0.015612722	-5.8428746	-0.0062905969
287.744	0.015461953	-5.8428086	-0.0069995133
287.872	0.015490345	-5.8427898	-0.0091371556
288	0.01531798	-5.842561	-0.0072869267
288.128	0.015390877	-5.842925	-0.0086832415
288.256	0.015632404	-5.8430433	-0.00958898
288.384	0.01525715	-5.8426758	-0.011052389
288.512	0.015319946	-5.8428533	-0.012139325
288.64	0.015391319	-5.8432012	-0.0081686525
288.768	0.015217676	-5.8429841	-0.0088785093
288.896	0.015224205	-5.8430546	-0.010686103
289.024	0.01487681	-5.8429815	-0.0094610144
289.152	0.015017022	-5.8429822	-0.010793221
289.28	0.015109683	-5.8433697	-0.0092348364
289.408	0.014879754	-5.8432454	-0.0094405755
289.536	0.014888511	-5.8434128	-0.010497649
289.664	0.014726277	-5.8432115	-0.0084751754
289.792	0.014916561	-5.8437451	-0.010042405
289.92	0.014714092	-5.8435477	-0.0096331872
290.048	0.014677716	-5.8434871	-0.011877895
290.176	0.014597106	-5.8437267	-0.011007356
290.304	0.014682009	-5.8438283	-0.0094696431
290.432	0.014567213	-5.8438459	-0.0092232559
290.56	0.014649314	-5.8440981	-0.0090019009
290.688	0.014399745	-5.8438935	-0.010569585
290.816	0.014685003	-5.8441058	-0.013412805
290.944	0.01472005	-5.8440685	-0.012323645
291.072	0.014384464	-5.8436573	-0.0096178169
291.2	0.014568131	-5.8438847	-0.012628124
291.328	0.014628395	-5.8438363	-0.011653953
291.456	0.014931745	-5.8441489	-0.010824072
291.584	0.014407982	-5.8431674	-0.0084473236
291.712	0.014386359	-5.8429196	-0.0099720956
291.84	0.014985802	-5.843618	-0.012762516
291.968	0.014640405	-5.8433497	-0.010172204
292.096	0.014867357	-5.8437587	-0.0084679531
292.224	0.014599718	-5.8430809	-0.0041844813
292.352	0.015170446	-5.8436835	-0.0079402724
292.48	0.014940231	-5.8429473	-0.0094362858
292.608	0.014859139	-5.8427142	-0.0096804696
292.736	0.01532575	-5.8433163	-0.0087591665
292.864	0.01521157	-5.8430014	-0.0074030114
292.992	0.015460425	-5.8435541	-0.0089619715
293.12	0.015192804	-5.8430064	-0.0041558498
293.248	0.015190308	-5.8430634	-0.0041189725
293.376	0.015432075	-5.8432342	-0.0062787877
293.504	0.015340012	-5.842877	-0.0067356276
293.632	0.015568005	-5.8432209	-0.011213099
293.76	0.015570148	-5.84319	-0.011913836
293.888	0.015433287	-5.842949	-0.011436103
294.016	0.01533166	-5.8428791	-0.011800597
294.144	0.015411512	-5.8428329	-0.00750914
294.272	0.01527023	-5.8426421	-0.0070970315
294.4	0.015649555	-5.8431158	-0.0085455159
294.528	0.015392091	-5.8425784	-0.0071923645
294.656	0.015314004	-5.842698	-0.0057586551
294.784	0.015285825	-5.8428604	-0.0049780559
294.912	0.015192271	-5.8429236	-0.0050354723
295.04	0.015188241	-5.8428604	-0.0065131278
295.168	0.015199194	-5.8431276	-0.0071246724
295.296	0.015398235	-5.8435687	-0.0084223316
295.424	0.014933283	-5.8434189	-0.0059313704
295.552	0.015227635	-5.8436404	-0.0072931665
295.68	0.014921549	-5.8433256	-0.0093872244
295.808	0.014731052	-5.8429537	-0.011259118
295.936	0.01477878	-5.8432044	-0.011329507
296.064	0.014991627	-5.8434133	-0.0093331403
296.192	0.014588514	-5.8436332	-0.0087229527
296.32	0.01455355	-5.843587	-0.010353281
296.448	0.014631266	-5.8437402	-0.011072328
296.576	0.014604189	-5.8437897	-0.010470444
296.704	0.014450154	-5.8438145	-0.009722842
296.832	0.01479641	-5.8442816	-0.012674526
296.96	0.014317555	-5.8436	-0.0087850768
297.088	0.014834974	-5.8442159	-0.010493315
297.216	0.014518354	-5.8439461	-0.012917268
297.344	0.014546494	-5.8437294	-0.010451287
297.472	0.01466905	-5.8438252	-0.0080101932
297.6	0.014575755	-5.8437115	-0.0086901885
297.728	0.014294433	-5.8435013	-0.0073980261
297.856	0.014550044	-5.8436542	-0.0087869717
297.984	0.014818314	-5.8438974	-0.009529896
298.112	0.014901074	-5.843789	-0.012283067
298.24	0.01462503	-5.8435746	-0.010836628
298.368	0.0149292	-5.8436185	-0.010812532
298.496	0.014830518	-5.8434702	-0.011525812
298.624	0.014901581	-5.8433092	-0.0090091158
298.752	0.014678166	-5.8430705	-0.0088262085
298.88	0.015125084	-5.8434279	-0.011426228
299.008	0.015104187	-5.8431582	-0.0089092499
299.136	0.015186668	-5.8429999	-0.0083715451
299.264	0.01559367	-5.843391	-0.010139553
299.392	0.015217603	-5.8430221	-0.0072105003
299.52	0.015461555	-5.8430994	-0.006403307
299.648	0.015308532	-5.843004	-0.004978813
299.776	0.015390675	-5.8430314	-0.0052620357
299.904	0.015553656	-5.8427784	-0.0078437015
300.032	0.015172013	-5.8424213	-0.0070513672
300.16	0.015386218	-5.8425503	-0.0062141649
300.288	0.015232066	-5.8424105	-0.0055309763
300.416	0.015670237	-5.8428815	-0.0090260335
300.544	0.015452936	-5.8428647	-0.0079063386
300.672	0.015323922	-5.8427804	-0.0051013792
300.8	0.015637215	-5.843092	-0.0085982609
300.928	0.015278454	-5.8429596	-0.0059975977
301.056	0.015642495	-5.8432777	-0.007833382
301.184	0.015387191	-5.8434502	-0.0095974794
301.312	0.01522012	-5.8433456	-0.0080364526
301.44	0.015205713	-5.8432049	-0.010509202
301.568	0.015314145	-5.8434423	-0.01247332
301.696	0.015174338	-5.8433827	-0.0067946486
301.824	0.014728222	-5.8430115	-0.0052331066
301.952	0.015112719	-5.8436566	-0.010621573
302.08	0.014751334	-5.8433088	-0.009633699
302.208	0.01471882	-5.8435385	-0.0071429461
302.336	0.014787691	-5.8435861	-0.008547044
302.464	0.014800487	-5.8435441	-0.0090613291
302.592	0.014734407	-5.843705	-0.0086879191
302.72	0.014441005	-5.8436006	-0.010328958
302.848	0.014919304	-5.8439661	-0.010937615
302.976	0.014364415	-5.8434429	-0.0095742423
303.104	0.014565739	-5.843725	-0.011427828
303.232	0.014486139	-5.8439433	-0.010714744
303.36	0.014711845	-5.8441892	-0.010647096
303.488	0.014545647	-5.8438632	-0.0094607846
303.616	0.014484959	-5.8434963	-0.0088017185
303.744	0.014835778	-5.8439157	-0.011546583
303.872	0.014350169	-5.8435656	-0.011145287
304	0.014681635	-5.8440348	-0.01246037
304.128	0.014505119	-5.8437546	-0.010519148
304.256	0.014561276	-5.8433629	-0.0083585551
304.384	0.014675137	-5.8434426	-0.0086663429
304.512	0.014735575	-5.8431853	-0.010134169
304.64	0.014757094	-5.8431986	-0.0091417452
304.768	0.014998389	-5.8435123	-0.010179404
304.896	0.014837813	-5.8430769	-0.0069795329
305.024	0.015058136	-5.8434567	-0.010108787
305.152	0.015159986	-5.8435177	-0.0086631705
305.28	0.014992307	-5.8431153	-0.0074564678
305.408	0.01502873	-5.8427525	-0.0086978029
305.536	0.015122314	-5.842906	-0.0045854489
305.664	0.015285177	-5.8430593	-0.0050399065
305.792	0.015287137	-5.842779	-0.010022899
305.92	0.015484903	-5.8430034	-0.0093274451
306.048	0.015549479	-5.8433595	-0.0081502433
306.176	0.015535152	-5.8431718	-0.010755301
306.304	0.015167236	-5.8426058	-0.0063952609
306.432	0.015482433	-5.8429051	-0.0061804433
306.56	0.015440464	-5.8428754	-0.0078395914
306.688	0.015485686	-5.8427526	-0.0080017768
306.816	0.015575107	-5.8428109	-0.0069776983
306.944	0.01531086	-5.8425993	-0.0069458209
307.072	0.015374976	-5.8428211	-0.0071537306
307.2	0.015386789	-5.8428829	-0.0087029205
307.328	0.015381939	-5.8428808	-0.0084139689
307.456	0.015291892	-5.8428749	-0.0061842836
307.584	0.015227323	-5.8431042	-0.0071086459
307.712	0.015358412	-5.8433356	-0.0074563231
307.84	0.014996523	-5.8430898	-0.0066815669
307.968	0.015212062	-5.8433638	-0.011204548
308.096	0.015189523	-5.843426	-0.010627262
308.224	0.01502634	-5.8433575	-0.0083224409
308.352	0.014676562	-5.842758	-0.0080141934
308.48	0.014909731	-5.8430777	-0.0087817747
308.608	0.014974048	-5.843375	-0.011330059
308.736	0.014822094	-5.8435289	-0.01000924
308.864	0.014594272	-5.8435315	-0.0093897342
308.992	0.014445583	-5.8435745	-0.0078610059
309.12	0.014826894	-5.8437484	-0.0078999739
309.248	0.014473316	-5.843443	-0.0090737067
309.376	0.014630463	-5.8438948	-0.010057395
309.504	0.014628427	-5.8440991	-0.012662464
309.632	0.014359134	-5.8439067	-0.012643954
309.76	0.014335371	-5.8440442	-0.010899436
309.888	0.014667225	-5.8439692	-0.011946998
310.016	0.014652048	-5.8438349	-0.010944462
310.144	0.014710581	-5.8439267	-0.0099863488
310.272	0.01436712	-5.8435897	-0.010349915
310.4	0.014640847	-5.8436258	-0.010182518
310.528	0.014675419	-5.8436104	-0.0093085174
310.656	0.014722677	-5.8437182	-0.0080238677
310.784	0.014672628	-5.843505	-0.0084248811
310.912	0.014892386	-5.8438849	-0.0085775262
311.04	0.014908615	-5.8436891	-0.0084802254
311.168	0.01479737	-5.8430845	-0.0084198356
311.296	0.015199069	-5.8433224	-0.0086001888
311.424	0.015005644	-5.8431408	-0.0092534794
311.552	0.015087528	-5.8432914	-0.0074667118
311.68	0.0153681	-5.8434277	-0.0094095184
311.808	0.015291339	-5.8433175	-0.0081286392
311.936	0.015281614	-5.8429645	-0.0065154898
312.064	0.015256366	-5.8429295	-0.0076716565
312.192	0.015252865	-5.8429128	-0.0069190848
312.32	0.015472682	-5.8431457	-0.0069581593
312.448	0.01535841	-5.8427734	-0.0066555656
312.576	0.015492339	-5.8428338	-0.0068287513
312.704	0.015575293	-5.8431922	-0.0065696184
312.832	0.015505656	-5.8430705	-0.006666315
312.96	0.015764002	-5.842904	-0.0062621772
313.088	0.015298838	-5.8424834	-0.0094727541
313.216	0.015478794	-5.8428545	-0.0076857861
313.344	0.015618297	-5.84291	-0.0079808157
313.472	0.015154903	-5.8426609	-0.0082882911
313.6	0.015275245	-5.842988	-0.0063251698
313.728	0.015692805	-5.8432831	-0.010563633
313.856	0.015164179	-5.8430234	-0.011784514
313.984	0.015460263	-5.8433022	-0.008889047
314.112	0.01516685	-5.8430986	-0.0066722846
314.24	0.014792335	-5.8429077	-0.0076071718
314.368	0.014982696	-5.8431144	-0.0088442281
314.496	0.015201847	-5.8434019	-0.012059181
314.624	0.015135764	-5.8436269	-0.0098296011
314.752	0.014687167	-5.8430554	-0.0062906539
314.88	0.014753711	-5.8434582	-0.0068172681
315.008	0.014696517	-5.8434559	-0.0098546741
315.136	0.014683845	-5.8436709	-0.011129924
315.264	0.014567856	-5.8435636	-0.0099576504
315.392	0.014584494	-5.8439441	-0.013043077
315.52	0.014707155	-5.8439001	-0.010474896
315.648	0.014525787	-5.843572	-0.0075104617
315.776	0.014509007	-5.8437252	-0.01179914
315.904	0.014575622	-5.8436504	-0.010951239
316.032	0.014435164	-5.8435911	-0.0094084241
316.16	0.014400137	-5.8437637	-0.010353872
316.288	0.014655272	-5.8440223	-0.011045141
316.416	0.014732714	-5.8440081	-0.012597565
316.544	0.014458856	-5.8436695	-0.010417839
316.672	0.014433676	-5.8433027	-0.0072542239
316.8	0.014838596	-5.8436897	-0.01020203
316.928	0.014618067	-5.8433967	-0.0086044568
317.056	0.014865179	-5.8437589	-0.0090297512
317.184	0.014758391	-5.8434762	-0.011450127
317.312	0.014932018	-5.8436804	-0.010336097
317.44	0.014900288	-5.8437194	-0.0085025626
317.568	0.015110588	-5.8437903	-0.0094716069
317.696	0.014861467	-5.8432748	-0.0071106391
317.824	0.015190574	-5.8435883	-0.0082789902
317.952	0.015107985	-5.8433744	-0.0093588892
318.08	0.015203332	-5.8431202	-0.0059351542
318.208	0.015012938	-5.8430629	-0.0065454626
318.336	0.015181868	-5.8430032	-0.0099505947
318.464	0.015403748	-5.8428607	-0.0085982512
318.592	0.015442016	-5.8428994	-0.006101245
318.72	0.015266972	-5.8425098	-0.0090292625
318.848	0.01544809	-5.8425328	-0.0088531417
318.976	0.015436803	-5.8426459	-0.0076077777
319.104	0.015600273	-5.8428061	-0.0057053961
319.232	0.01548396	-5.8427927	-0.0051440934
319.36	0.015245028	-5.8424826	-0.0054933744
319.488	0.015658784	-5.8429034	-0.0063688136
319.616	0.01534362	-5.8427895	-0.0075123686
319.744	0.015332385	-5.842905	-0.0070559176
319.872	0.015382825	-5.8429232	-0.0072821824
320	0.015309644	-5.8430847	-0.0071378046
320.128	0.01536434	-5.8429666	-0.0073834938
320.256	0.015334574	-5.8431463	-0.0079230227
320.384	0.015234361	-5.8430929	-0.0079106194
320.512	0.015209983	-5.8434914	-0.010784692
320.64	0.014935717	-5.8434121	-0.0097047543
320.768	0.015229779	-5.8436962	-0.0089394257
320.896	0.014891145	-5.8437285	-0.0093936595
321.024	0.014874104	-5.8436045	-0.009140103
321.152	0.014894994	-5.843664	-0.010443265
321.28	0.014633384	-5.8435782	-0.01078402
321.408	0.014660975	-5.8437761	-0.010435405
321.536	0.014772664	-5.8440607	-0.0090839144
321.664	0.01468724	-5.843817	-0.009306136
321.792	0.01481614	-5.8438896	-0.0088390727
321.92	0.014387279	-5.8436268	-0.0086617987
322.048	0.014436271	-5.8437867	-0.0084998044
322.176	0.014456669	-5.843719	-0.00932387
322.304	0.014558786	-5.84374	-0.011734373
322.432	0.014522595	-5.8436352	-0.01145207
322.56	0.014652718	-5.8438451	-0.0098230241
322.688	0.014317183	-5.8435642	-0.0089803105
322.816	0.014556727	-5.8437582	-0.01215135
322.944	0.014970531	-5.8439961	-0.011266414
323.072	0.014437284	-5.8432554	-0.0081522476
323.2	0.014662694	-5.8432822	-0.010202095
323.328	0.014734952	-5.8432796	-0.011794258
323.456	0.01486046	-5.8437946	-0.010809718
323.584	0.014856181	-5.8435699	-0.007780342
323.712	0.014885948	-5.843611	-0.010081928
323.84	0.014972038	-5.8434301	-0.010019028
323.968	0.014975019	-5.8433918	-0.0074809979
324.096	0.014753187	-5.8432342	-0.0077668873
324.224	0.015268921	-5.8435958	-0.0059704466
324.352	0.015223259	-5.8435109	-0.0061838432
324.48	0.015177139	-5.8433579	-0.0058725936
324.608	0.015276815	-5.8429489	-0.0046964533
324.736	0.015637518	-5.8434029	-0.009159974
324.864	0.015127558	-5.8425089	-0.0077218776
324.992	0.015249525	-5.8423032	-0.008264722
325.12	0.015458088	-5.8429547	-0.0091488016
325.248	0.015334414	-5.842842	-0.0078464953
325.376	0.015385477	-5.8427663	-0.0060270989
325.504	0.015402626	-5.8429339	-0.0072923928
325.632	0.015568377	-5.8431365	-0.0095252979
325.76	0.015363662	-5.8428937	-0.0085393564
325.888	0.015391737	-5.8431801	-0.0073100069
326.016	0.015352787	-5.8429208	-0.0085519137
326.144	0.015326605	-5.8431545	-0.0085512457
326.272	0.015244108	-5.8430486	-0.0089276489
326.4	0.015437627	-5.8432851	-0.0092191772
326.528	0.015199984	-5.8431504	-0.0062178508
326.656	0.015343967	-5.8433246	-0.0074588884
326.784	0.015090291	-5.8428417	-0.008878483
326.912	0.015162554	-5.843181	-0.0086624286
327.04	0.014978519	-5.8430908	-0.0073878563
327.168	0.015096602	-5.8433061	-0.0087779487
327.296	0.01463843	-5.8432303	-0.0081489219
327.424	0.014748267	-5.8436436	-0.010865209
327.552	0.015071436	-5.8440044	-0.0093723604
327.68	0.01473312	-5.8437304	-0.0081219692
327.808	0.014607576	-5.843686	-0.0093946669
327.936	0.014574935	-5.8435657	-0.01026607
328.064	0.014741378	-5.8438999	-0.012789156
328.192	0.014664111	-5.8439402	-0.010990128
328.32	0.014774666	-5.8442016	-0.010993286
328.448	0.014463049	-5.8437963	-0.0093180411
328.576	0.014637404	-5.8440514	-0.010746637
328.704	0.014459526	-5.8438353	-0.010025456
328.832	0.014601552	-5.844082	-0.010222626
328.96	0.014610989	-5.8437951	-0.010773286
329.088	0.014473642	-5.8437664	-0.0092108241
329.216	0.014494942	-5.8434993	-0.0089535368
329.344	0.014888058	-5.8437829	-0.010591323
329.472	0.014668558	-5.8434189	-0.0086898733
329.6	0.014664851	-5.8434878	-0.0077812053
329.728	0.014749137	-5.8434998	-0.010040595
329.856	0.014942347	-5.8437692	-0.010761897
329.984	0.014811193	-5.8436484	-0.0077679456
330.112	0.01493846	-5.8435211	-0.0063168123
330.24	0.014899371	-5.8433835	-0.0084872093
330.368	0.015115241	-5.8436131	-0.0098595165
330.496	0.015184358	-5.8435372	-0.0092556377
330.624	0.015090981	-5.843419	-0.005121413
330.752	0.015383949	-5.8434767	-0.0083859939
330.88	0.015574907	-5.843479	-0.0093915595
331.008	0.015185599	-5.8425946	-0.0059946427
331.136	0.015278621	-5.8426779	-0.0082694603
331.264	0.015468423	-5.842872	-0.0072451132
331.392	0.015259841	-5.8426382	-0.0031250046
331.52	0.01561723	-5.8431632	-0.0082520357
331.648	0.015331077	-5.8427078	-0.0081312962
331.776	0.015506787	-5.8427425	-0.0085057526
331.904	0.015373357	-5.8426668	-0.0093108695
332.032	0.015369559	-5.8428369	-0.00948778
332.16	0.015468754	-5.8429122	-0.0085754261
332.288	0.015304291	-5.8428257	-0.007448769
332.416	0.015391051	-5.8430337	-0.0086598615
332.544	0.015209031	-5.8428859	-0.0070498018
332.672	0.015289464	-5.8429025	-0.010371729
332.8	0.015359292	-5.8430764	-0.011460011
332.928	0.015206069	-5.8431658	-0.0088192548
333.056	0.01505409	-5.8431506	-0.0092696475
333.184	0.014841159	-5.8431557	-0.010684494
333.312	0.01520373	-5.8436605	-0.010442199
333.44	0.014811239	-5.8432306	-0.008168331
333.568	0.01483841	-5.8432777	-0.011031311
333.696	0.014815674	-5.8432987	-0.0095493807
333.824	0.014734197	-5.8435424	-0.0079326753
333.952	0.014849266	-5.8437047	-0.0098453046
334.08	0.014734092	-5.843645	-0.010667153
334.208	0.014662894	-5.8436229	-0.0098749372
334.336	0.014706445	-5.843674	-0.011607092
334.464	0.014618473	-5.8435863	-0.011935296
334.592	0.014525753	-5.8436615	-0.011041479
334.72	0.014675411	-5.8440393	-0.010758095
334.848	0.014516149	-5.8438622	-0.0099434503
334.976	0.014469133	-5.8438643	-0.010496123
335.104	0.014531129	-5.8436161	-0.011465404
335.232	0.014657343	-5.8438005	-0.012437265
335.36	0.0144774	-5.8436386	-0.0125431
335.488	0.014773684	-5.8438581	-0.012322985
335.616	0.014914483	-5.8438322	-0.012269074
335.744	0.014688187	-5.8435107	-0.012186189
335.872	0.014704512	-5.8435751	-0.0089702755
336	0.014681143	-5.8434983	-0.0081727159
336.128	0.014874313	-5.8435067	-0.010947136
336.256	0.014884759	-5.8432275	-0.010120505
336.384	0.014906571	-5.8433188	-0.008580434
336.512	0.015014293	-5.8433971	-0.010672939
336.64	0.01511295	-5.8434588	-0.008869444
336.768	0.015064804	-5.8435	-0.0075584471
336.896	0.015140295	-5.8433297	-0.0084865703
337.024	0.015174669	-5.8430543	-0.0066128162
337.152	0.015340735	-5.8433621	-0.0090392871
337.28	0.015187233	-5.8428757	-0.0091868567
337.408	0.0152735	-5.8427463	-0.0090744735
337.536	0.015459608	-5.8426047	-0.010382923
337.664	0.015352937	-5.8425737	-0.0083122151
337.792	0.015579385	-5.8428055	-0.009450858
337.92	0.015182149	-5.8424196	-0.0096830834
338.048	0.015422702	-5.8429339	-0.0083925426
338.176	0.015608221	-5.8431421	-0.006089427
338.304	0.015671673	-5.8431845	-0.00954546
338.432	0.01530253	-5.8428961	-0.0074559037
338.56	0.015628327	-5.8432649	-0.0064075674
338.688	0.015173802	-5.8428143	-0.0065339702
338.816	0.015193274	-5.8430557	-0.0088933625
338.944	0.015431132	-5.8432943	-0.0082232409
339.072	0.015082076	-5.8429696	-0.0075612057
339.2	0.015405259	-5.8432646	-0.010657609
339.328	0.015030508	-5.8429875	-0.007908691
339.456	0.015213883	-5.8432847	-0.010475551
339.584	0.014858172	-5.843074	-0.0073441848
339.712	0.015122199	-5.8436853	-0.0074058429
339.84	0.014667263	-5.8430385	-0.0098330353
339.968	0.015003955	-5.8435307	-0.010714517
340.096	0.014810172	-5.8438626	-0.0076686592
340.224	0.014501461	-5.8434074	-0.0072691248
340.352	0.014844587	-5.8437177	-0.011494135
340.48	0.014507596	-5.8435712	-0.01054099
340.608	0.014889717	-5.8439402	-0.011911217
340.736	0.014668993	-5.8437963	-0.011368065
340.864	0.014611894	-5.8437001	-0.010963047
340.992	0.014609647	-5.8440135	-0.013991576
341.12	0.014298019	-5.8438041	-0.011166757
341.248	0.014704978	-5.843967	-0.010083751
341.376	0.014717167	-5.8439913	-0.011685979
341.504	0.014555806	-5.843838	-0.012071763
341.632	0.014534489	-5.843663	-0.011444879
341.76	0.01471685	-5.8438724	-0.012055058
341.888	0.014668263	-5.8435424	-0.01427776
342.016	0.014551889	-5.8433298	-0.0098498025
342.144	0.014768543	-5.8434166	-0.0088249334
342.272	0.01466014	-5.8435784	-0.01036317
342.4	0.015146379	-5.8440919	-0.0093692597
342.528	0.014796458	-5.8432991	-0.0073026198
342.656	0.01488902	-5.8432322	-0.0098204931
342.784	0.014935612	-5.8430786	-0.0078693651
342.912	0.01507172	-5.8430677	-0.0090010447
343.04	0.015111655	-5.8433791	-0.0093388339
343.168	0.015031206	-5.8429573	-0.0067519207
343.296	0.015249755	-5.8429176	-0.0076450862
343.424	0.015501953	-5.8431598	-0.0097481471
343.552	0.015324757	-5.8429959	-0.010372078
343.68	0.015275335	-5.8427628	-0.0085513978
343.808	0.015314136	-5.8427962	-0.0072045368
343.936	0.015042997	-5.8425986	-0.0059290542
344.064	0.015439542	-5.842826	-0.0072295194
344.192	0.015347552	-5.8428481	-0.0081099371
344.32	0.015541163	-5.8426985	-0.008888827
344.448	0.015364221	-5.8431073	-0.0088333336
344.576	0.015572692	-5.8431735	-0.0087759518
344.704	0.015639614	-5.8433058	-0.0099589434
344.832	0.015578377	-5.8429678	-0.010227062
344.96	0.015249444	-5.8427895	-0.0066680905
345.088	0.015132687	-5.8429068	-0.0073412216
345.216	0.015268509	-5.8431739	-0.010543756
345.344	0.015260702	-5.8428761	-0.0105331
345.472	0.015257774	-5.8432045	-0.011108273
345.6	0.015010513	-5.843189	-0.0086184481
345.728	0.015003053	-5.8432018	-0.008818971
345.856	0.015087183	-5.8429911	-0.0088782154
345.984	0.015071669	-5.8432777	-0.011063661
346.112	0.014795593	-5.8431739	-0.0093786524
346.24	0.014707973	-5.8433246	-0.0072853428
346.368	0.014792353	-5.8432411	-0.0080006142
346.496	0.014878944	-5.8438427	-0.010238815
346.624	0.014525246	-5.8436089	-0.01114607
346.752	0.01482277	-5.8438404	-0.011622172
346.88	0.014478362	-5.843345	-0.011662052
347.008	0.014752107	-5.8436534	-0.012035659
347.136	0.014552278	-5.8433222	-0.010365209
347.264	0.014694797	-5.8433732	-0.011732251
347.392	0.01439494	-5.8433953	-0.010505816
347.52	0.014650377	-5.8438799	-0.010664146
347.648	0.014638538	-5.8436387	-0.0088397988
347.776	0.014681926	-5.8436826	-0.0091471127
347.904	0.014654229	-5.8437086	-0.011066688
348.032	0.014754254	-5.843924	-0.011607672
348.16	0.014517825	-5.8437968	-0.0085996171
348.288	0.014655147	-5.843669	-0.010325019
348.416	0.014625741	-5.8432665	-0.011921655
348.544	0.014851231	-5.8436667	-0.010835169
348.672	0.014793191	-5.8436356	-0.010794008
348.8	0.014949013	-5.8434555	-0.01195584
348.928	0.01474898	-5.8436736	-0.0098350555
349.056	0.014912507	-5.8433521	-0.0071974578
349.184	0.015002996	-5.8433607	-0.0080083764
349.312	0.015237563	-5.8433693	-0.0090116858
349.44	0.015076554	-5.8432836	-0.0099575705
349.568	0.01523857	-5.8432066	-0.0093052884
349.696	0.014890255	-5.8427426	-0.0052856447
349.824	0.015603476	-5.8435425	-0.0083330804
349.952	0.015314634	-5.8427197	-0.0088559394
350.08	0.015326229	-5.8427361	-0.0091262835
350.208	0.015503361	-5.8430181	-0.0081534264
350.336	0.015247055	-5.8431012	-0.0075569326
350.464	0.015415842	-5.8430978	-0.009202957
350.592	0.015337478	-5.8427872	-0.0095703235
350.72	0.015399768	-5.8428981	-0.0080571959
350.848	0.015567206	-5.8431561	-0.0090014177
350.976	0.01557158	-5.8431186	-0.0091148406
351.104	0.015405446	-5.8430867	-0.0089595227
351.232	0.015498448	-5.8433751	-0.0088273566
351.36	0.014843974	-5.8426757	-0.0064768265
351.488	0.015400945	-5.8434184	-0.0069019304
351.616	0.015390403	-5.8433519	-0.0089849171
351.744	0.015124922	-5.8430319	-0.011030475
351.872	0.015315694	-5.8431965	-0.011873582
352	0.014837429	-5.8430013	-0.0095268353
352.128	0.014954404	-5.8431813	-0.0093174687
352.256	0.015007831	-5.8431371	-0.010726178
352.384	0.014959245	-5.8432466	-0.008883764
352.512	0.014787517	-5.8430895	-0.0058900716
352.64	0.014806145	-5.8432991	-0.0088113141
352.768	0.014857008	-5.8433274	-0.011645127
352.896	0.014728265	-5.8436192	-0.011701484
353.024	0.014740757	-5.8437535	-0.01216956
353.152	0.014711349	-5.843694	-0.011110755
353.28	0.014504882	-5.8435318	-0.011809133
353.408	0.01443059	-5.8436876	-0.012322749
353.536	0.014699655	-5.8437922	-0.010681029
353.664	0.014913536	-5.8442141	-0.0099162405
353.792	0.014587577	-5.8436625	-0.011798587
353.92	0.01426528	-5.8432693	-0.010420811
354.048	0.014746203	-5.8437767	-0.01030094
354.176	0.014757535	-5.8437293	-0.010257259
354.304	0.014474828	-5.8436992	-0.0077014699
354.432	0.014667022	-5.8439137	-0.0089639501
354.56	0.014545113	-5.8434168	-0.0070600919
354.688	0.014874459	-5.8437766	-0.0084563077
354.816	0.01481433	-5.8434849	-0.010217777
354.944	0.014619239	-5.8429292	-0.0083074145
355.072	0.014900387	-5.8431671	-0.0089399852
355.2	0.015079371	-5.8437303	-0.010787545
355.328	0.015015294	-5.843692	-0.010148084
355.456	0.015010447	-5.8433588	-0.0099569415
355.584	0.01514262	-5.84315	-0.010879957
355.712	0.015018667	-5.8427941	-0.007531057
355.84	0.015267111	-5.8431361	-0.0092007617
355.968	0.015202742	-5.8429309	-0.010248574
356.096	0.015232053	-5.8428132	-0.010680516
356.224	0.015324889	-5.843017	-0.011768514
356.352	0.015408817	-5.842979	-0.0085582697
356.48	0.015379999	-5.8426734	-0.0077156821
356.608	0.015349148	-5.8426691	-0.0085207948
356.736	0.015427368	-5.8429715	-0.0084533999
356.864	0.015529166	-5.8430304	-0.0091661194
356.992	0.015395694	-5.8428495	-0.0091232295
357.12	0.015651425	-5.8429462	-0.01105606
357.248	0.015519906	-5.8429483	-0.0083168961
357.376	0.015157058	-5.8425254	-0.0069427065
357.504	0.015323668	-5.8431858	-0.0072132569
357.632	0.015412277	-5.8432691	-0.0076274346
357.76	0.015356514	-5.8431824	-0.0073399987
357.888	0.015131567	-5.8430278	-0.0056723559
358.016	0.015353141	-5.843259	-0.0091310558
358.144	0.015241292	-5.843101	-0.01010744
358.272	0.014818228	-5.8426623	-0.008837245
358.4	0.015111856	-5.8433841	-0.0099569504
358.528	0.014950102	-5.843328	-0.0071836399
358.656	0.015076681	-5.8434205	-0.0071547526
358.784	0.014838458	-5.8433408	-0.010516059
358.912	0.014769914	-5.8435309	-0.010278655
359.04	0.014752979	-5.8435434	-0.011232942
359.168	0.014689644	-5.843323	-0.011419326
359.296	0.014807405	-5.8434694	-0.0087533653
359.424	0.014848537	-5.8438682	-0.0091536547
359.552	0.014862596	-5.8440373	-0.011885558
359.68	0.014272502	-5.8434321	-0.011909461
359.808	0.014511672	-5.8437237	-0.013062708
359.936	0.014711494	-5.8440785	-0.013107923
360.064	0.014552106	-5.8438197	-0.0088693278
360.192	0.014327231	-5.8435144	-0.0091268126
360.32	0.014585715	-5.8438012	-0.0096566674
360.448	0.014532992	-5.8438095	-0.0099242512
360.576	0.014799411	-5.8440358	-0.011556536
360.704	0.01464846	-5.8438571	-0.011161403
360.832	0.01496147	-5.844074	-0.010917389
360.96	0.014667357	-5.8436229	-0.00842417
361.088	0.014666091	-5.8432082	-0.00876579
361.216	0.014704204	-5.8432266	-0.0090758708
361.344	0.014478824	-5.8429892	-0.0087415825
361.472	0.014916005	-5.8431556	-0.0087201753
361.6	0.015087196	-5.8432987	-0.0091210475
361.728	0.01482396	-5.8432094	-0.0078835193
361.856	0.015294092	-5.8433122	-0.0090899789
361.984	0.01490586	-5.8428032	-0.0069501161
362.112	0.015008239	-5.8431481	-0.0078340703
362.24	0.01528969	-5.8430654	-0.012075199
362.368	0.015271319	-5.8432383	-0.011241562
362.496	0.015278778	-5.8430939	-0.0088732286
362.624	0.015311737	-5.8431063	-0.0090092112
362.752	0.015535685	-5.8431155	-0.012038609
362.88	0.015197042	-5.8427116	-0.0095601895
363.008	0.015649512	-5.8431656	-0.0078121392
363.136	0.015534511	-5.843167	-0.0074910689
363.264	0.015391972	-5.8430336	-0.0089244455
363.392	0.015206553	-5.8428233	-0.0048660637
363.52	0.015465617	-5.8431896	-0.0077905398
363.648	0.015584263	-5.8430795	-0.0094628501
363.776	0.015262263	-5.8426247	-0.0067364414
363.904	0.015211718	-5.842936	-0.0082455235
364.032	0.015233296	-5.8427618	-0.0086374539
364.16	0.015500354	-5.8431713	-0.0091121115
364.288	0.015224274	-5.8427573	-0.0092199035
364.416	0.014969764	-5.8429263	-0.010440008
364.544	0.015018519	-5.8432412	-0.010997089
364.672	0.015244244	-5.8434022	-0.0089235443
364.8	0.015104753	-5.8431071	-0.0088897534
364.928	0.014819274	-5.8431133	-0.010151162
365.056	0.015086191	-5.8436029	-0.011353365
365.184	0.0148492	-5.8433068	-0.0098416356
365.312	0.01498264	-5.8435537	-0.010742355
365.44	0.014751466	-5.8436648	-0.010730803
365.568	0.014582907	-5.8433782	-0.0096964061
365.696	0.014591468	-5.8435241	-0.010727001
365.824	0.014633314	-5.8437052	-0.010550216
365.952	0.014420993	-5.843477	-0.01068626
366.08	0.014795561	-5.8439575	-0.01196115
366.208	0.014686265	-5.8439331	-0.0097774283
366.336	0.014643413	-5.8436663	-0.0098052338
366.464	0.01452344	-5.8435016	-0.011398702
366.592	0.014801367	-5.8438787	-0.011782186
366.72	0.014746729	-5.84394	-0.010454378
366.848	0.014429422	-5.8435043	-0.0074576108
366.976	0.014597143	-5.8435143	-0.0095512424
367.104	0.014748144	-5.8435876	-0.010600231
367.232	0.014541933	-5.84342	-0.010654813
367.36	0.014711666	-5.8433475	-0.011248665
367.488	0.014818831	-5.8432488	-0.010709572
367.616	0.014851257	-5.8432799	-0.011109582
367.744	0.014768337	-5.8433807	-0.0087013206
367.872	0.014960579	-5.8434388	-0.01128678
368	0.015020317	-5.8432646	-0.0080266878
368.128	0.015044185	-5.8430748	-0.0054217262
368.256	0.015027284	-5.8429293	-0.0074855615
368.384	0.015194488	-5.8430825	-0.010072518
368.512	0.015246643	-5.8429422	-0.010106575
368.64	0.015063125	-5.8428948	-0.0092336042
368.768	0.015461534	-5.8428479	-0.008404334
368.896	0.015335072	-5.8427268	-0.00844121
369.024	0.015253118	-5.8427877	-0.0098781448
369.152	0.015347566	-5.8429754	-0.0093786321
369.28	0.015336307	-5.8430605	-0.0081442585
369.408	0.015669788	-5.8430395	-0.0079698963
369.536	0.015099147	-5.8424102	-0.006592783
369.664	0.015726067	-5.8431965	-0.0095419122
369.792	0.015124089	-5.8428677	-0.0063957416
369.92	0.015627126	-5.8430476	-0.0076472541
370.048	0.015534087	-5.8426758	-0.0073052734
370.176	0.015327194	-5.8425552	-0.0088357135
370.304	0.015461991	-5.8430586	-0.010489029
370.432	0.015224319	-5.8428062	-0.0087896663
370.56	0.015407059	-5.8431139	-0.010385248
370.688	0.015088175	-5.8429215	-0.0094143368
370.816	0.015270984	-5.843329	-0.0090163339
370.944	0.015078296	-5.8432562	-0.0085508957
371.072	0.015002979	-5.8432453	-0.0085295035
371.2	0.014895352	-5.8434448	-0.01203023
371.328	0.014948709	-5.843715	-0.010862449
371.456	0.01503713	-5.8438826	-0.0083182386
371.584	0.01489301	-5.8437294	-0.0084325446
371.712	0.0147089	-5.843649	-0.010518284
371.84	0.014993421	-5.8441564	-0.011505744
371.968	0.014422228	-5.8432917	-0.0083965863
372.096	0.014729966	-5.8435907	-0.0093228172
372.224	0.014623932	-5.8439083	-0.010204067
372.352	0.014630265	-5.8440137	-0.010800076
372.48	0.014566219	-5.8441251	-0.010956615
372.608	0.01460908	-5.8438133	-0.01110757
372.736	0.014672727	-5.8438232	-0.011429561
372.864	0.014488192	-5.8434882	-0.012458104
372.992	0.014354689	-5.8431996	-0.011933776
373.12	0.014623808	-5.8435575	-0.012478113
373.248	0.014301678	-5.843121	-0.010557366
373.376	0.014682795	-5.8437852	-0.010797331
373.504	0.014506687	-5.8436326	-0.012103203
373.632	0.014560818	-5.8436692	-0.011106287
373.76	0.014944934	-5.843761	-0.0075393206
373.888	0.015078032	-5.8435225	-0.0065447696
374.016	0.014693672	-5.8432783	-0.0069504281
374.144	0.014977795	-5.8433554	-0.010300619
374.272	0.015085494	-5.8432851	-0.0096078314
374.4	0.014791898	-5.8429589	-0.0070996313
374.528	0.015214958	-5.8435464	-0.0082713235
374.656	0.015281933	-5.8432785	-0.00929065
374.784	0.015239591	-5.8431876	-0.011651343
374.912	0.015090614	-5.842897	-0.0095637714
375.04	0.015303822	-5.8430852	-0.0077363042
375.168	0.015287244	-5.8429774	-0.0086769373
375.296	0.01525059	-5.8429858	-0.007645646
375.424	0.015483546	-5.84308	-0.008011997
375.552	0.015535024	-5.8430273	-0.008362064
375.68	0.015435249	-5.8428081	-0.010332757
375.808	0.015484638	-5.8427262	-0.0093570926
375.936	0.015344012	-5.8425909	-0.0068710339
376.064	0.01527674	-5.8427017	-0.0076610467
376.192	0.015361875	-5.8428652	-0.0079744984
376.32	0.015377606	-5.8427989	-0.0095297315
376.448	0.015426993	-5.8430017	-0.0070522106
376.576	0.015059027	-5.8425924	-0.0057660627
376.704	0.015377665	-5.842727	-0.0099555521
376.832	0.015156176	-5.8425896	-0.0097975062
376.96	0.015388224	-5.8431541	-0.0097809286
377.088	0.015147749	-5.8432742	-0.0084475407
377.216	0.015158881	-5.8433415	-0.0091752063
377.344	0.01482069	-5.842888	-0.010133075
377.472	0.015238276	-5.8434195	-0.0098245178
377.6	0.015030337	-5.8434731	-0.0065285294
377.728	0.014821607	-5.8431604	-0.0090384623
377.856	0.014761753	-5.8434498	-0.00929464
377.984	0.014793311	-5.843593	-0.0077353477
378.112	0.014440155	-5.8432769	-0.0097590832
378.24	0.014863251	-5.8437659	-0.010103537
378.368	0.014505695	-5.8435828	-0.010042686
378.496	0.014642616	-5.8437289	-0.011539548
378.624	0.014503162	-5.843987	-0.010462877
378.752	0.014804265	-5.843927	-0.010881907
378.88	0.014418242	-5.8434179	-0.010388684
379.008	0.014532088	-5.8436483	-0.01069343
379.136	0.014657948	-5.8438793	-0.010986143
379.264	0.014606691	-5.8438339	-0.010347811
379.392	0.01448931	-5.8436496	-0.0093951302
379.52	0.014627713	-5.8437342	-0.011417608
379.648	0.014543734	-5.8436327	-0.011761632
379.776	0.014875529	-5.8437617	-0.013053631
379.904	0.014502123	-5.842968	-0.010978451
380.032	0.014701243	-5.8435821	-0.010498784
380.16	0.014792285	-5.8436463	-0.0095643693
380.288	0.014569707	-5.8428754	-0.0084391478
380.416	0.01508508	-5.8434265	-0.0094112463
380.544	0.014885432	-5.8434629	-0.007102161
380.672	0.01510664	-5.8434938	-0.0080111114
380.8	0.015175787	-5.8436969	-0.0072791911
380.928	0.014949086	-5.8432275	-0.0076984646
381.056	0.015092646	-5.8431361	-0.0097360677
381.184	0.015387582	-5.8435246	-0.0096257058
381.312	0.015250957	-5.8429615	-0.0082396118
381.44	0.015263864	-5.8430178	-0.0088370495
381.568	0.015345933	-5.8431387	-0.0079889749
381.696	0.015486048	-5.8429518	-0.0077794199
381.824	0.015576526	-5.8428535	-0.0080206836
381.952	0.015400151	-5.8428822	-0.0081522297
382.08	0.015457431	-5.8427308	-0.0082764085
382.208	0.015529789	-5.8428939	-0.010010392
382.336	0.015381666	-5.8429048	-0.010151666
382.464	0.015545574	-5.8430711	-0.0094930637
382.592	0.015394592	-5.8427711	-0.0096655329
382.72	0.01548663	-5.8431435	-0.0092571495
382.848	0.015589962	-5.8430072	-0.0098030045
382.976	0.014993098	-5.8424218	-0.0098692972
383.104	0.015412614	-5.8430257	-0.0097605996
383.232	0.015161596	-5.8426615	-0.0079787188
383.36	0.015108545	-5.8428733	-0.0075108629
383.488	0.01514004	-5.8432196	-0.0072087294
383.616	0.015061354	-5.84312	-0.0098299452
383.744	0.01490953	-5.8431194	-0.010790476
383.872	0.015298118	-5.8439729	-0.011433634
384	0.014582861	-5.8432554	-0.0066604893
384.128	0.01505867	-5.843758	-0.0073335872
384.256	0.014864003	-5.8437067	-0.009304779
384.384	0.014476454	-5.8434841	-0.0072673149
384.512	0.014797569	-5.8437424	-0.0092468256
384.64	0.014737582	-5.8439088	-0.010839354
384.768	0.014410699	-5.8434909	-0.010316795
384.896	0.014743216	-5.8442126	-0.010277972
385.024	0.01444281	-5.8438159	-0.0098037564
385.152	0.014716275	-5.843676	-0.012567227
385.28	0.014314444	-5.8433621	-0.010323651
385.408	0.014602043	-5.8437334	-0.011241254
385.536	0.014638702	-5.8439194	-0.0092211311
385.664	0.01440233	-5.8437425	-0.011311832
385.792	0.014497373	-5.8436206	-0.012398229
385.92	0.014502662	-5.8435328	-0.010404904
386.048	0.014693864	-5.8438645	-0.01191597
386.176	0.014743407	-5.8435238	-0.0097209177
386.304	0.014867906	-5.8436113	-0.0086703496
386.432	0.014520478	-5.842958	-0.0082678198
386.56	0.014787969	-5.8433186	-0.0094759456
386.688	0.015024226	-5.8433156	-0.011955776
386.816	0.0148597	-5.8433392	-0.0094633219
386.944	0.015250447	-5.8438304	-0.010415218
387.072	0.015051803	-5.8433853	-0.0081693447
387.2	0.014970776	-5.843385	-0.0088589704
387.328	0.015081792	-5.8432217	-0.0077760428
387.456	0.015374098	-5.8433083	-0.0095515702
387.584	0.015069917	-5.8428863	-0.0073735666
387.712	0.015315414	-5.8429478	-0.0078564304
387.84	0.015261476	-5.842973	-0.0072527038
387.968	0.015344198	-5.8429522	-0.0071148995
388.096	0.015618228	-5.8434575	-0.0086107146
388.224	0.015386698	-5.8429521	-0.0090090439
388.352	0.015355905	-5.8427731	-0.0095076257
388.48	0.015306011	-5.8428966	-0.0080868633
388.608	0.015353454	-5.8426357	-0.010521503
388.736	0.015368892	-5.8424893	-0.012031766
388.864	0.015405045	-5.8427723	-0.0083962006
388.992	0.01554093	-5.8430626	-0.009303513
389.12	0.01538417	-5.8426816	-0.0093541438
389.248	0.015129525	-5.8428744	-0.0071715805
389.376	0.015373955	-5.8431399	-0.0090608176
389.504	0.015192257	-5.8428785	-0.011148445
389.632	0.014985682	-5.8429178	-0.006085759
389.76	0.015280414	-5.8433698	-0.0069426475
389.888	0.015309378	-5.8432928	-0.0088374858
390.016	0.015110715	-5.843127	-0.008669897
390.144	0.01507873	-5.8433791	-0.011848465
390.272	0.014590616	-5.8431975	-0.010084312
390.4	0.01497072	-5.8438454	-0.0092092167
390.528	0.014659089	-5.8433663	-0.0085527922
390.656	0.014733793	-5.8435488	-0.0078464019
390.784	0.014786916	-5.8435679	-0.0083734007
390.912	0.014520971	-5.8435038	-0.0097745749
391.04	0.014836252	-5.8441226	-0.01203822
391.168	0.014551415	-5.8435672	-0.0089502923
391.296	0.014533106	-5.8434762	-0.0093862424
391.424	0.014558189	-5.8437756	-0.011393757
391.552	0.014783759	-5.8439186	-0.010887684
391.68	0.014376812	-5.8432863	-0.0082236468
391.808	0.014665424	-5.8438973	-0.010930991
391.936	0.01460667	-5.8437995	-0.011435261
392.064	0.014675249	-5.8437253	-0.010659795
392.192	0.014666644	-5.8438551	-0.011089471
392.32	0.014564462	-5.8439184	-0.013284162
392.448	0.014647297	-5.8438629	-0.012958505
392.576	0.014612112	-5.8434696	-0.011390968
392.704	0.014833528	-5.8434291	-0.0082796957
392.832	0.014519202	-5.8434079	-0.008553832
392.96	0.014862256	-5.8436547	-0.0099912527
393.088	0.015015172	-5.8432691	-0.0086304738
393.216	0.015165136	-5.8434669	-0.0096341371
393.344	0.015044954	-5.8430192	-0.0083200275
393.472	0.015013589	-5.8429342	-0.0065558673
393.6	0.015188301	-5.8433985	-0.010085027
393.728	0.015023977	-5.8427704	-0.0094380477
393.856	0.015184129	-5.8428233	-0.0091168249
393.984	0.015205834	-5.8428168	-0.0083956589
394.112	0.015163747	-5.8428265	-0.0066401422
394.24	0.015428088	-5.8430814	-0.0070140291
394.368	0.015354887	-5.8426606	-0.007987324
394.496	0.015535686	-5.8428207	-0.0092430703
394.624	0.015272897	-5.8427976	-0.0090687635
394.752	0.015482212	-5.8428982	-0.0079456617
394.88	0.015329117	-5.8427727	-0.0062746372
395.008	0.015745796	-5.8433056	-0.0087988492
395.136	0.015251084	-5.8427461	-0.0094138732
395.264	0.01561698	-5.8432324	-0.010398866
395.392	0.015395143	-5.8429802	-0.0097767487
395.52	0.015298302	-5.8429396	-0.0098067267
395.648	0.015487284	-5.8433026	-0.01115439
395.776	0.014881128	-5.842757	-0.0077901572
395.904	0.01530415	-5.8433883	-0.0086541739
396.032	0.015214807	-5.8432858	-0.009128785
396.16	0.014991712	-5.8433147	-0.0077087663
396.288	0.015051414	-5.843539	-0.0059575093
396.416	0.014837026	-5.8433147	-0.0089993446
396.544	0.014908472	-5.8433605	-0.01120623
396.672	0.014765228	-5.8433764	-0.010609134
396.8	0.014877627	-5.8435429	-0.011838719
396.928	0.014680089	-5.8432718	-0.0093730778
397.056	0.014851695	-5.8433397	-0.010451064
397.184	0.014648873	-5.8434718	-0.011564336
397.312	0.014455019	-5.843347	-0.011201477
397.44	0.014766346	-5.8438874	-0.0089922875
397.568	0.014550985	-5.8438801	-0.0095812142
397.696	0.014656069	-5.8440448	-0.011866704
397.824	0.014662072	-5.8438336	-0.012512465
397.952	0.014752071	-5.8439333	-0.013832185
398.08	0.014700753	-5.8439738	-0.013224563
398.208	0.014311501	-5.8435748	-0.010224607
398.336	0.014634011	-5.8438238	-0.0090360809
398.464	0.014530041	-5.8437317	-0.0088923097
398.592	0.01485908	-5.8443883	-0.013483534
398.72	0.014568563	-5.8435686	-0.011345593
398.848	0.014847222	-5.8437947	-0.0092629916
398.976	0.014671501	-5.8433406	-0.010039927
399.104	0.014862489	-5.8432144	-0.011639326
399.232	0.014712133	-5.8430108	-0.008927351
399.36	0.014816238	-5.843022	-0.0085516615
399.488	0.014967204	-5.843332	-0.0099896771
399.616	0.015347731	-5.8434755	-0.011094648
399.744	0.01516079	-5.8431389	-0.0097834857
399.872	0.014902065	-5.8430691	-0.0073493479
400	0.015276746	-5.843366	-0.0089227139
400.128	0.01534696	-5.84302	-0.0090718944
400.256	0.015054972	-5.8426808	-0.0092755337
400.384	0.015588244	-5.8429407	-0.0097727729
400.512	0.015163648	-5.8425612	-0.0059360848
400.64	0.015274753	-5.8427698	-0.0077705708
400.768	0.015517064	-5.8431314	-0.0086816408
400.896	0.015252861	-5.8425775	-0.0064410485
401.024	0.015607193	-5.8428779	-0.0091572525
401.152	0.015482232	-5.8425904	-0.0093529574
401.28	0.015384911	-5.8425405	-0.0049338874
401.408	0.015467553	-5.8426892	-0.0041638277
401.536	0.015192927	-5.8424757	-0.0064521446
401.664	0.015504963	-5.843285	-0.0070347721
401.792	0.015454918	-5.8433001	-0.0075752606
401.92	0.015209995	-5.8428089	-0.0071809632
402.048	0.015229517	-5.8426645	-0.0098141564
402.176	0.015278308	-5.8431017	-0.011991024
402.304	0.015104135	-5.8432336	-0.011508181
402.432	0.015183779	-5.8432831	-0.010783362
402.56	0.014974512	-5.8431598	-0.012099763
402.688	0.014960525	-5.8430979	-0.008544359
402.816	0.014957598	-5.8431309	-0.0083386094
402.944	0.014922991	-5.8434079	-0.010033817
403.072	0.014916079	-5.8436356	-0.011003062
403.2	0.014749856	-5.8439382	-0.0102923
403.328	0.014821377	-5.8440564	-0.0082365297
403.456	0.014715674	-5.8437273	-0.010026197
403.584	0.014668851	-5.8438335	-0.011135723
403.712	0.014709992	-5.8439617	-0.01010967
403.84	0.014629774	-5.8438988	-0.01018226
403.968	0.014500998	-5.843617	-0.012634523
404.096	0.01439551	-5.843487	-0.010066507
404.224	0.014385179	-5.8434131	-0.011414712
404.352	0.014610182	-5.8437558	-0.012080379
404.48	0.014560607	-5.8435475	-0.010424495
404.608	0.014729016	-5.8439809	-0.012981497
404.736	0.014627507	-5.8435097	-0.010437769
404.864	0.014778191	-5.8434241	-0.0094393022
404.992	0.014458938	-5.8431352	-0.0084182988
405.12	0.014954629	-5.8434866	-0.0097852994
405.248	0.014845542	-5.8435382	-0.010226004
405.376	0.014721157	-5.8435258	-0.0093164874
405.504	0.014790224	-5.8434097	-0.010625073
405.632	0.014724795	-5.8433107	-0.010926083
405.76	0.014990832	-5.8435425	-0.010684525
405.888	0.015018554	-5.8433264	-0.008603688
406.016	0.015258779	-5.8434256	-0.0075726846
406.144	0.01498774	-5.8430473	-0.006045503
406.272	0.015358829	-5.8433317	-0.0081798038
406.4	0.015241283	-5.8433856	-0.0069753257
406.528	0.015570901	-5.8436653	-0.0079260027
406.656	0.015226238	-5.8431507	-0.0090859258
406.784	0.015429654	-5.843033	-0.006323051
406.912	0.015388161	-5.8427877	-0.0067604758
407.04	0.015474634	-5.8428828	-0.010863483
407.168	0.015012784	-5.8424453	-0.0089343824
407.296	0.015277061	-5.8429464	-0.0080571576
407.424	0.015277808	-5.8427478	-0.0092067449
407.552	0.015438938	-5.8427677	-0.0080982597
407.68	0.015410306	-5.8427151	-0.0084553908
407.808	0.015331429	-5.8427852	-0.0088559183
407.936	0.015416725	-5.8429578	-0.0071765784
408.064	0.0154402	-5.8430718	-0.0087642347
408.192	0.01513059	-5.8429121	-0.0077223427
408.32	0.015348213	-5.8431744	-0.0088871516
408.448	0.015357603	-5.843171	-0.0089592268
408.576	0.014954821	-5.8429585	-0.0073453501
408.704	0.015230467	-5.8432188	-0.0077593139
408.832	0.015100547	-5.8431598	-0.0081322571
408.96	0.014929606	-5.8430087	-0.010947216
409.088	0.014765417	-5.8431647	-0.0095179591
409.216	0.01502676	-5.8436231	-0.010408573
409.344	0.01499897	-5.8432851	-0.013821782
409.472	0.01460439	-5.843226	-0.0078087108
409.6	0.014907667	-5.8437944	-0.0095108717
409.728	0.014796689	-5.8437146	-0.012180885
409.856	0.014695774	-5.8436879	-0.012595055
409.984	0.014412929	-5.8433309	-0.009884274
410.112	0.014807844	-5.8436918	-0.010423636
410.24	0.014397333	-5.8433256	-0.010364262
410.368	0.014742529	-5.8438228	-0.011356947
410.496	0.014560699	-5.8438155	-0.0086106813
410.624	0.01467743	-5.8437772	-0.0087858944
410.752	0.014498058	-5.8435074	-0.012156496
410.88	0.014629627	-5.843614	-0.012994293
411.008	0.014450172	-5.8434744	-0.011267903
411.136	0.014839268	-5.8437803	-0.012983347
411.264	0.01432409	-5.8430991	-0.010039266
411.392	0.014586278	-5.843393	-0.010564582
411.52	0.014767407	-5.8435819	-0.012180079
411.648	0.014844919	-5.8434614	-0.011675017
411.776	0.015063576	-5.8435021	-0.010752897
411.904	0.015005401	-5.843548	-0.010000391
412.032	0.014983262	-5.8433759	-0.009263935
412.16	0.01498376	-5.8431653	-0.012488868
412.288	0.014802577	-5.8427386	-0.010839743
412.416	0.015104334	-5.8430536	-0.010661898
412.544	0.015128561	-5.8429724	-0.0080022005
412.672	0.015215375	-5.8429239	-0.0061667298
412.8	0.015508202	-5.8430292	-0.0075090159
412.928	0.015431312	-5.8426049	-0.0087394338
413.056	0.015151076	-5.8422978	-0.0091140664
413.184	0.015481756	-5.842877	-0.0080326856
413.312	0.015472824	-5.8427136	-0.0061954104
413.44	0.01550451	-5.8428975	-0.0086193608
413.568	0.015606606	-5.8429341	-0.0095400579
413.696	0.015559862	-5.8431909	-0.008036782
413.824	0.015106353	-5.8427709	-0.0061560136
413.952	0.015529474	-5.8429586	-0.0066963735
414.08	0.015641774	-5.843205	-0.0060666438
414.208	0.015174766	-5.8427783	-0.0067664837
414.336	0.015152622	-5.8427663	-0.010954603
414.464	0.015450974	-5.8429228	-0.010398165
414.592	0.015465035	-5.8429063	-0.0087274391
414.72	0.015163624	-5.843057	-0.0080220256
414.848	0.014923198	-5.8430738	-0.0073656202
414.976	0.015340819	-5.8434478	-0.0098208426
415.104	0.014775611	-5.8430977	-0.0091301623
415.232	0.015157625	-5.8435325	-0.012804704
415.36	0.014872342	-5.8432062	-0.011832919
415.488	0.014627045	-5.8432354	-0.009704778
415.616	0.014947876	-5.8432982	-0.010000097
415.744	0.014676648	-5.843336	-0.0093077193
415.872	0.01474541	-5.8436168	-0.010512316
416	0.014840659	-5.8438407	-0.010489008
416.128	0.014294608	-5.8435247	-0.0093112742
416.256	0.014608048	-5.8436405	-0.011105133
416.384	0.014753131	-5.8439161	-0.014945568
416.512	0.014452567	-5.843736	-0.011666154
416.64	0.014794027	-5.8441693	-0.011325797
416.768	0.014354536	-5.8436304	-0.011033366
416.896	0.0145618	-5.8437637	-0.013162579
417.024	0.014787152	-5.843906	-0.013706833
417.152	0.014488128	-5.8435836	-0.011309575
417.28	0.014655369	-5.843714	-0.011184362
417.408	0.014626716	-5.8436361	-0.0096697718
417.536	0.014824705	-5.8436052	-0.0092649417
417.664	0.01485171	-5.8437913	-0.0083091853
417.792	0.014654804	-5.8433721	-0.0078057738
417.92	0.01484228	-5.8435385	-0.0080889612
418.048	0.015119209	-5.8438021	-0.0091149725
418.176	0.014807047	-5.8434297	-0.010410024
418.304	0.015022008	-5.8435675	-0.0096089873
418.432	0.014671029	-5.8431526	-0.0079164414
418.56	0.015153631	-5.8434906	-0.0068072723
418.688	0.015108088	-5.8433153	-0.0060838434
418.816	0.015305955	-5.8432746	-0.0074746058
418.944	0.015283518	-5.8429771	-0.010482335
419.072	0.015158551	-5.8430964	-0.011021237
419.2	0.015412856	-5.843316	-0.0084143645
419.328	0.015071854	-5.8427472	-0.0061427917
419.456	0.015485994	-5.8431685	-0.0087765849
419.584	0.015513953	-5.8429389	-0.0081284419
419.712	0.015221221	-5.8427843	-0.0067757015
419.84	0.015499684	-5.8429491	-0.0092878397
419.968	0.015462839	-5.8427919	-0.0089160428
420.096	0.015382652	-5.8425959	-0.0079380665
420.224	0.015594951	-5.8430991	-0.010968635
420.352	0.015290006	-5.8428375	-0.0090177918
420.48	0.015146589	-5.8427461	-0.0090333975
420.608	0.015275701	-5.843057	-0.0085342993
420.736	0.015316285	-5.8430515	-0.0065347376
420.864	0.015320551	-5.8429529	-0.0070910602
420.992	0.015108484	-5.8428672	-0.0085004045
421.12	0.015428666	-5.843352	-0.010778349
421.248	0.015008637	-5.8431282	-0.0092206166
421.376	0.014941117	-5.8433251	-0.0092937903
421.504	0.014961514	-5.8433565	-0.0087830129
421.632	0.015151922	-5.8433421	-0.0098195642
421.76	0.014855526	-5.8431955	-0.0089754958
421.888	0.014709995	-5.8435259	-0.010504054
422.016	0.014783772	-5.8438039	-0.011323508
422.144	0.014574948	-5.8434681	-0.008054701
422.272	0.014805364	-5.8438315	-0.010563549
422.4	0.014631044	-5.8437042	-0.010287707
422.528	0.014438712	-5.8433453	-0.010161744
422.656	0.01466616	-5.8437966	-0.011968248
422.784	0.014658379	-5.8439456	-0.01225958
422.912	0.014837879	-5.8440282	-0.01087464
423.04	0.014298792	-5.8435495	-0.0094623881
423.168	0.014557314	-5.8437947	-0.011929304
423.296	0.014720877	-5.843739	-0.012418341
423.424	0.014604028	-5.8436746	-0.011388416
423.552	0.014457446	-5.8436153	-0.010301623
423.68	0.014601205	-5.8435251	-0.0092748038
423.808	0.014766071	-5.8436907	-0.011549657
423.936	0.014781155	-5.8436561	-0.011107493
424.064	0.014817636	-5.8436123	-0.010735944
424.192	0.014876681	-5.8434959	-0.010462829
424.32	0.014741807	-5.843127	-0.0076263179
424.448	0.014853853	-5.8434125	-0.0071950653
424.576	0.015166778	-5.8436004	-0.0090367274
424.704	0.015024188	-5.8432618	-0.0096083773
424.832	0.015080765	-5.8429255	-0.0096233431
424.96	0.015186799	-5.8431602	-0.0078522974
425.088	0.015455526	-5.8434289	-0.0087853803
425.216	0.014849165	-5.8425911	-0.0068083581
425.344	0.015569701	-5.8431832	-0.010380781
425.472	0.015289037	-5.8428475	-0.010727283
425.6	0.015153476	-5.8425289	-0.0071331972
425.728	0.015601678	-5.8430938	-0.0066591486
425.856	0.015314248	-5.8430358	-0.0072235304
425.984	0.015441357	-5.8431708	-0.0082882521
426.112	0.015212367	-5.8428635	-0.0091654795
426.24	0.015471395	-5.8428331	-0.0087190931
426.368	0.0153026	-5.8427922	-0.0079797937
426.496	0.015554047	-5.8430438	-0.011293912
426.624	0.01525184	-5.8426578	-0.010069191
426.752	0.015224371	-5.842787	-0.0080591235
426.88	0.01528323	-5.8428388	-0.0072288234
427.008	0.015320267	-5.8429667	-0.0067418452
427.136	0.015179722	-5.8432636	-0.010117093
427.264	0.015235836	-5.8433368	-0.010589697
427.392	0.01509995	-5.8428768	-0.0091518704
427.52	0.01524112	-5.8433506	-0.0099953286
427.648	0.015002079	-5.8430588	-0.0085746
427.776	0.015064223	-5.8432554	-0.0093488392
427.904	0.01490063	-5.8433061	-0.0087991563
428.032	0.014985361	-5.8432463	-0.011377037
428.16	0.014980359	-5.8435504	-0.011881644
428.288	0.014738495	-5.8433987	-0.0096553249
428.416	0.01498274	-5.8435661	-0.010902015
428.544	0.014644588	-5.8434466	-0.010311703
428.672	0.014663182	-5.8434002	-0.0094347053
428.8	0.014561122	-5.843657	-0.01063651
428.928	0.014677406	-5.8439154	-0.010732008
429.056	0.014589999	-5.8436712	-0.0095587142
429.184	0.01450894	-5.8435808	-0.010667877
429.312	0.014411307	-5.843623	-0.0080143854
429.44	0.014593924	-5.8435793	-0.0087349457
429.568	0.014748277	-5.8437413	-0.010321919
429.696	0.014539461	-5.8435638	-0.010445408
429.824	0.014512707	-5.8437412	-0.011405406
429.952	0.014724751	-5.8438078	-0.01191087
430.08	0.014757823	-5.8442002	-0.0117379
430.208	0.014839876	-5.843844	-0.011205344
430.336	0.014501194	-5.8433098	-0.0092996138
430.464	0.014614166	-5.8433792	-0.010026741
430.592	0.014926915	-5.8435962	-0.011939999
430.72	0.014939713	-5.8435803	-0.012602127
430.848	0.015022824	-5.8436724	-0.01133724
430.976	0.015067954	-5.843672	-0.007864203
431.104	0.014961028	-5.8433122	-0.0077263925
431.232	0.015039647	-5.8432718	-0.0089956973
431.36	0.01507737	-5.843271	-0.0073285327
431.488	0.015135688	-5.8432773	-0.0076464295
431.616	0.015233104	-5.8430201	-0.010259611
431.744	0.015198967	-5.8429675	-0.0081362987
431.872	0.015529201	-5.8432709	-0.0074748192
432	0.015088441	-5.8425945	-0.0094317425
432.128	0.01575297	-5.8432226	-0.011036159
432.256	0.015367594	-5.8429993	-0.0075406262
432.384	0.015567668	-5.8429747	-0.009436322
432.512	0.015391564	-5.8425868	-0.0083620013
432.64	0.015334474	-5.8425772	-0.0089501516
432.768	0.015442304	-5.8429083	-0.01217577
432.896	0.01517815	-5.8427819	-0.0098203554
433.024	0.015433069	-5.8430865	-0.0093872431
433.152	0.015288335	-5.8428731	-0.010250633
433.28	0.015385326	-5.8430714	-0.0092702994
433.408	0.015212765	-5.84278	-0.0086163554
433.536	0.015271942	-5.8428134	-0.0090032853
433.664	0.015011357	-5.843065	-0.0068279537
433.792	0.015094458	-5.8432511	-0.0075829202
433.92	0.015035484	-5.8434548	-0.0093878097
434.048	0.015206474	-5.8435916	-0.0086465232
434.176	0.014850631	-5.8431146	-0.0074357135
434.304	0.014645414	-5.8431605	-0.0092818145
434.432	0.014964762	-5.8434121	-0.011112464
434.56	0.014791121	-5.8434786	-0.0086183016
434.688	0.014872834	-5.8435982	-0.0082041413
434.816	0.014567303	-5.8435026	-0.0079166295
434.944	0.015098862	-5.84412	-0.010808931
435.072	0.014583466	-5.843566	-0.010126222
435.2	0.014624979	-5.8436365	-0.01054336
435.328	0.014591597	-5.8439066	-0.012586281
435.456	0.014774782	-5.844135	-0.012634527
435.584	0.014448516	-5.8437305	-0.010568557
435.712	0.014203238	-5.8431907	-0.009425746
435.84	0.014576606	-5.8435804	-0.010454103
435.968	0.014607801	-5.8438036	-0.011741045
436.096	0.014490036	-5.8438026	-0.010375244
436.224	0.014620969	-5.8437943	-0.0098168829
436.352	0.014644874	-5.8440412	-0.010485272
436.48	0.014579497	-5.843713	-0.0074531289
436.608	0.01503122	-5.8438046	-0.0088220238
436.736	0.014759368	-5.8434973	-0.0094157892
436.864	0.014805106	-5.8434064	-0.0090769661
436.992	0.015070286	-5.8437775	-0.010732245
437.12	0.014795509	-5.8432684	-0.0093116881
437.248	0.014855748	-5.8433651	-0.011225702
437.376	0.015077943	-5.8434252	-0.011168795
437.504	0.015180777	-5.8434535	-0.010152906
437.632	0.015056047	-5.8430646	-0.010044174
437.76	0.015260499	-5.8431516	-0.0087200671
437.888	0.015349958	-5.8430992	-0.0084985545
438.016	0.01497607	-5.8424112	-0.0066513758
438.144	0.015399021	-5.8431282	-0.0098777855
438.272	0.015463998	-5.8429579	-0.010814962
438.4	0.015195189	-5.8427853	-0.0087678241
438.528	0.015374323	-5.8429503	-0.0092737734
438.656	0.015600267	-5.8430005	-0.0081086607
438.784	0.015295143	-5.8428929	-0.0077865526
438.912	0.015422253	-5.8427512	-0.0096477385
439.04	0.015706039	-5.8430818	-0.0092299676
439.168	0.015360248	-5.8426515	-0.008172323
439.296	0.015371722	-5.8429575	-0.0082753509
439.424	0.015274279	-5.8428393	-0.0084570498
439.552	0.015360419	-5.8431478	-0.008956791
439.68	0.015130091	-5.8430131	-0.0072422213
439.808	0.015439909	-5.8433853	-0.0094126241
439.936	0.01528189	-5.8432493	-0.0094695981
440.064	0.015194271	-5.8431031	-0.0084729273
440.192	0.015001246	-5.8431081	-0.0083024644
440.32	0.015087324	-5.8433369	-0.0096101277
440.448	0.015025536	-5.8433152	-0.010864029
440.576	0.014948087	-5.8432992	-0.01093892
440.704	0.015101718	-5.84356	-0.010307698
440.832	0.014679821	-5.8431701	-0.0093914218
440.96	0.014633783	-5.8433911	-0.010155133
441.088	0.014978337	-5.8438257	-0.0092689732
441.216	0.014496342	-5.8434141	-0.0091717784
441.344	0.014820108	-5.8439025	-0.013240015
441.472	0.014713378	-5.8439539	-0.010567354
441.6	0.014691256	-5.8436399	-0.010203448
441.728	0.014478866	-5.8436508	-0.0096325348
441.856	0.014476264	-5.843833	-0.010656381
441.984	0.014417584	-5.8434924	-0.009897117
442.112	0.014448526	-5.8436624	-0.0093379572
442.24	0.014659739	-5.8435923	-0.010673715
442.368	0.014643815	-5.8436447	-0.012950078
442.496	0.014572291	-5.8437999	-0.011824655
442.624	0.014670636	-5.8437911	-0.0082571199
442.752	0.014599281	-5.8436672	-0.010269155
442.88	0.014701251	-5.8436122	-0.011234283
443.008	0.014701798	-5.8435675	-0.0086965136
443.136	0.014844487	-5.8436052	-0.0082740961
443.264	0.014843122	-5.8435046	-0.011636822
443.392	0.014990974	-5.8433834	-0.01023995
443.52	0.014712905	-5.8431093	-0.0077071638
443.648	0.015168539	-5.8435961	-0.0095035128
443.776	0.015237833	-5.8435509	-0.0082766813
443.904	0.015109142	-5.8432093	-0.0073755411
444.032	0.015184618	-5.8428736	-0.010348692
444.16	0.01485855	-5.8425996	-0.008107715
444.288	0.015518678	-5.843027	-0.010656333
444.416	0.015212687	-5.8425917	-0.0097669403
444.544	0.015737013	-5.8432214	-0.0092894377
444.672	0.015219328	-5.8427356	-0.0080161336
444.8	0.015454915	-5.8431668	-0.0095937805
444.928	0.015608931	-5.8430679	-0.0080490821
445.056	0.01549433	-5.8430115	-0.0077058862
445.184	0.015505103	-5.84291	-0.0076719618
445.312	0.015473024	-5.842884	-0.0055888625
445.44	0.015324552	-5.8425672	-0.0087155035
445.568	0.0153225	-5.8425948	-0.0068301017
445.696	0.015594752	-5.8427732	-0.0078566821
445.824	0.015268588	-5.8427259	-0.0097562328
445.952	0.015405634	-5.8427809	-0.010351
446.08	0.01516527	-5.8426718	-0.008073634
446.208	0.015002566	-5.8427489	-0.0073216866
446.336	0.01532078	-5.8431956	-0.0099323766
446.464	0.015041509	-5.8431464	-0.0074113581
446.592	0.014858576	-5.8430097	-0.0094039645
446.72	0.015040455	-5.8431995	-0.010225532
446.848	0.015012454	-5.843187	-0.010651276
446.976	0.014855531	-5.8432726	-0.012172783
447.104	0.015004034	-5.8434987	-0.012121795
447.232	0.014829581	-5.843585	-0.010508203
447.36	0.014807378	-5.8438551	-0.0078056734
447.488	0.014603004	-5.8437012	-0.0086569287
447.616	0.014641483	-5.8439418	-0.011656311
447.744	0.014513953	-5.8434848	-0.011660117
447.872	0.014571313	-5.8438038	-0.0081854134
448	0.014533005	-5.8436519	-0.0069665403
448.128	0.014657837	-5.8435853	-0.0066921088
448.256	0.014724294	-5.8436439	-0.0098293793
448.384	0.014575449	-5.8437512	-0.011966986
448.512	0.014348107	-5.843588	-0.011606889
448.64	0.014726266	-5.8440342	-0.010355506
448.768	0.014488263	-5.8436542	-0.0087349579
448.896	0.014529367	-5.8437042	-0.0089544921
449.024	0.014537297	-5.8435936	-0.0082226335
449.152	0.014709006	-5.8435609	-0.011158008
449.28	0.014787186	-5.8435921	-0.01115535
449.408	0.014849118	-5.8436978	-0.0090605644
449.536	0.01480545	-5.843506	-0.010691596
449.664	0.014963074	-5.8437749	-0.012143276
449.792	0.01487348	-5.843305	-0.009694675
449.92	0.014947633	-5.8432401	-0.0089852127
450.048	0.015136474	-5.8431727	-0.010010001
450.176	0.01510866	-5.8430736	-0.0079255544
450.304	0.015299	-5.8432387	-0.0082462126
450.432	0.015323916	-5.843092	-0.0094210678
450.56	0.01521658	-5.8427119	-0.0079917875
450.688	0.015396403	-5.8429105	-0.0097115617
450.816	0.015125927	-5.8425643	-0.0081177061
450.944	0.015435223	-5.8430035	-0.0085617129
451.072	0.015555069	-5.8431542	-0.0099365204
451.2	0.015229646	-5.8428288	-0.0089337684
451.328	0.015296161	-5.8427193	-0.0091969633
451.456	0.015361869	-5.8428575	-0.0087997533
451.584	0.015542033	-5.8427995	-0.0097092291
451.712	0.015324406	-5.8425988	-0.0070003008
451.84	0.015411233	-5.8428091	-0.0064334232
451.968	0.015365901	-5.8429632	-0.0082373056
452.096	0.015250874	-5.8429921	-0.0091871415
452.224	0.015532317	-5.8431634	-0.0087504215
452.352	0.015000539	-5.8429188	-0.0090647858
452.48	0.015246529	-5.8430767	-0.010002538
452.608	0.015215995	-5.8429311	-0.011080264
452.736	0.015176144	-5.8431837	-0.011663798
452.864	0.015106127	-5.8432633	-0.0083516832
452.992	0.015024034	-5.8432386	-0.0083875774
453.12	0.014997466	-5.8432574	-0.010798445
453.248	0.01475087	-5.8431914	-0.0080035468
453.376	0.015075495	-5.8434472	-0.010810996
453.504	0.014881774	-5.8434166	-0.011950935
453.632	0.014695517	-5.8436768	-0.0094429203
453.76	0.014836369	-5.844122	-0.010254593
453.888	0.014601371	-5.8437321	-0.010212971
454.016	0.014694156	-5.8436343	-0.01248772
454.144	0.014530053	-5.8435763	-0.010537409
454.272	0.014764457	-5.8440372	-0.0093030336
454.4	0.014749951	-5.8440736	-0.010696815
454.528	0.014546943	-5.8439632	-0.0082590509
454.656	0.014281981	-5.8432506	-0.0078613214
454.784	0.014608779	-5.8432872	-0.010199898
454.912	0.014515125	-5.8433464	-0.0088740073
455.04	0.014551075	-5.8437241	-0.0082580161
455.168	0.014698407	-5.8439906	-0.0081709289
455.296	0.014587424	-5.8437418	-0.0095103855
455.424	0.014555607	-5.843268	-0.010496228
455.552	0.014800757	-5.8433334	-0.011963429
455.68	0.014798464	-5.8433314	-0.012202124
455.808	0.014743544	-5.84337	-0.010257113
455.936	0.015152196	-5.8437022	-0.010488076
456.064	0.014775451	-5.8432708	-0.0096868152
456.192	0.015002202	-5.8434162	-0.011619917
456.32	0.015051715	-5.8433175	-0.010163053
456.448	0.014984907	-5.8433259	-0.0097341269
456.576	0.014946124	-5.8427582	-0.0094891526
456.704	0.015035588	-5.8429216	-0.0091547572
456.832	0.01525288	-5.8432859	-0.010985403
456.96	0.015306088	-5.8431124	-0.0088939857
457.088	0.015502099	-5.8434533	-0.0077021921
457.216	0.015236025	-5.8429387	-0.010328373
457.344	0.015617206	-5.8434875	-0.0094834173
457.472	0.015378634	-5.8431029	-0.0063434175
457.6	0.015532633	-5.8429231	-0.0089551648
457.728	0.015307934	-5.8428762	-0.0072261854
457.856	0.015364117	-5.8429056	-0.0073084183
457.984	0.015442943	-5.8429391	-0.0077263088
458.112	0.015479517	-5.8429691	-0.0068472327
458.24	0.01549633	-5.8428961	-0.0073606817
458.368	0.015312997	-5.8427134	-0.0084594051
458.496	0.015487945	-5.8427981	-0.009961391
458.624	0.015164856	-5.842812	-0.0072996255
458.752	0.015115085	-5.8428353	-0.0087405797
458.88	0.015358775	-5.8433652	-0.012874175
459.008	0.015214985	-5.8433666	-0.010354769
459.136	0.015006423	-5.8431519	-0.007677105
459.264	0.015122888	-5.8433742	-0.0096823347
459.392	0.014925753	-5.8433651	-0.0085908404
459.52	0.014874623	-5.8433679	-0.0084884049
459.648	0.01489145	-5.8432639	-0.010806836
459.776	0.014862746	-5.8432933	-0.0099026762
459.904	0.014995991	-5.8436561	-0.010707972
460.032	0.014814068	-5.8436779	-0.0082877113
460.16	0.014645168	-5.8436532	-0.0061015582
460.288	0.014584449	-5.8435269	-0.0086338766
460.416	0.014642404	-5.8435776	-0.0095702726
460.544	0.014671281	-5.8436527	-0.0092836039
460.672	0.014721076	-5.8437281	-0.011698481
460.8	0.014300567	-5.843474	-0.011689035
460.928	0.014809377	-5.8439946	-0.012667398
461.056	0.014570255	-5.8438342	-0.010607885
461.184	0.014375846	-5.8433365	-0.0088885767
461.312	0.014564438	-5.8436934	-0.0091786654
461.44	0.014523245	-5.8435621	-0.010491853
461.568	0.014735713	-5.8439355	-0.011107266
461.696	0.014667873	-5.8437445	-0.01137244
461.824	0.014496328	-5.8432607	-0.012017619
461.952	0.014811631	-5.8434398	-0.010998992
462.08	0.015008769	-5.8438159	-0.011101917
462.208	0.014632186	-5.8433811	-0.009860513
462.336	0.014738573	-5.8435053	-0.0095885666
462.464	0.014807939	-5.8431388	-0.010626023
462.592	0.015104284	-5.8433377	-0.0096227966
462.72	0.015001242	-5.8430621	-0.011414286
462.848	0.015298936	-5.843306	-0.01063761
462.976	0.015191769	-5.8429207	-0.0072223357
463.104	0.015416728	-5.8433611	-0.0076067674
463.232	0.015313186	-5.8432904	-0.0088312019
463.36	0.015296758	-5.8432403	-0.0094614945
463.488	0.01536684	-5.8431044	-0.0085305242
463.616	0.015110563	-5.8426269	-0.0068992413
463.744	0.015531372	-5.8429355	-0.0088162949
463.872	0.015160032	-5.8424375	-0.0055289432
464	0.015239306	-5.8427856	-0.0093773941
464.128	0.015599745	-5.8432549	-0.011665925
464.256	0.015579044	-5.843044	-0.010063499
464.384	0.01535554	-5.8426732	-0.0095662626
464.512	0.015414266	-5.8427934	-0.0082096093
464.64	0.015391157	-5.8427865	-0.0090720112
464.768	0.015385204	-5.8428619	-0.0087834424
464.896	0.015432701	-5.8428456	-0.0091744318
465.024	0.015288472	-5.8426746	-0.0078831104
465.152	0.014999355	-5.8426979	-0.010163685
465.28	0.015219844	-5.8429726	-0.010868252
465.408	0.015114759	-5.8431427	-0.010415697
465.536	0.01518791	-5.8433445	-0.0090168278
465.664	0.014835069	-5.8430747	-0.0085163807
465.792	0.015273438	-5.8436723	-0.011104395
465.92	0.014758539	-5.8434258	-0.011332534
466.048	0.014933595	-5.8433542	-0.0099870279
466.176	0.015019219	-5.8437752	-0.01018805
466.304	0.014875831	-5.8438567	-0.010621157
466.432	0.014837684	-5.8439301	-0.0090727703
466.56	0.014634202	-5.8433908	-0.010406105
466.688	0.014728365	-5.8436766	-0.011580473
466.816	0.014815671	-5.8439105	-0.011450748
466.944	0.014685244	-5.8435413	-0.010726724
467.072	0.014546206	-5.843561	-0.011551124
467.2	0.014527206	-5.8435108	-0.011293548
467.328	0.014699997	-5.8439694	-0.010991865
467.456	0.014439976	-5.8435219	-0.0084105256
467.584	0.014624308	-5.8436942	-0.010235975
467.712	0.014556675	-5.8437944	-0.012867521
467.84	0.01469781	-5.8438774	-0.012477194
467.968	0.014741695	-5.8438257	-0.011332233
468.096	0.014680267	-5.843835	-0.0099732689
468.224	0.014618309	-5.8433542	-0.0075434474
468.352	0.014493317	-5.8429821	-0.0064252687
468.48	0.015042654	-5.8435873	-0.011018581
468.608	0.014794989	-5.8432873	-0.0098285353
468.736	0.014908645	-5.8433273	-0.0099429099
468.864	0.015215327	-5.843321	-0.010365119
468.992	0.015027805	-5.8433616	-0.0060399718
469.12	0.014821377	-5.8429217	-0.0086188855
469.248	0.015286178	-5.84317	-0.011324609
469.376	0.015108101	-5.8429671	-0.0081623272
469.504	0.015241469	-5.8430794	-0.0096663118
469.632	0.015049149	-5.8427947	-0.011365494
469.76	0.015161754	-5.8426909	-0.0078690447
469.888	0.015472292	-5.8429074	-0.0087301874
470.016	0.015381089	-5.8428579	-0.0086163154
470.144	0.015497893	-5.8433005	-0.0061915721
470.272	0.015344075	-5.8432142	-0.009029078
470.4	0.01541385	-5.843077	-0.0094236566
470.528	0.015319283	-5.8428654	-0.0077785694
470.656	0.015223057	-5.8427342	-0.0064185886
470.784	0.015333675	-5.842909	-0.0074078977
470.912	0.015757183	-5.8434666	-0.011294948
471.04	0.01523306	-5.8429787	-0.011037875
471.168	0.015284592	-5.8430118	-0.0078165298
471.296	0.015262519	-5.8428178	-0.0081338523
471.424	0.015053686	-5.8429387	-0.0095337583
471.552	0.015281534	-5.8434073	-0.009177674
471.68	0.014962625	-5.8433185	-0.0079111194
471.808	0.015243545	-5.8434576	-0.0084752595
471.936	0.014922077	-5.8432347	-0.00796786
472.064	0.015121007	-5.8432895	-0.0083825499
472.192	0.015000642	-5.8433815	-0.010159576
472.32	0.014952672	-5.8434707	-0.010824911
472.448	0.014795938	-5.8432487	-0.0095211654
472.576	0.014831365	-5.8436371	-0.0093447844
472.704	0.014606223	-5.8432332	-0.0095129976
472.832	0.014588309	-5.8431938	-0.0079022965
472.96	0.014835826	-5.8436786	-0.010661009
473.088	0.014993635	-5.8440429	-0.012612717
473.216	0.014630971	-5.843702	-0.010769427
473.344	0.014488754	-5.8433309	-0.010178829
473.472	0.014540207	-5.8437119	-0.00953632
473.6	0.014686831	-5.8439353	-0.011540362
473.728	0.014613509	-5.8437979	-0.012014136
473.856	0.014358516	-5.8433709	-0.0091003179
473.984	0.014609826	-5.843632	-0.010489731
474.112	0.014875029	-5.8442565	-0.01264553
474.24	0.01437987	-5.8435181	-0.0097850296
474.368	0.014598909	-5.8438197	-0.0093768169
474.496	0.014985156	-5.8441955	-0.011810336
474.624	0.014595132	-5.843651	-0.011647465
474.752	0.014715955	-5.8436169	-0.011783782
474.88	0.015052133	-5.8437455	-0.013044877
475.008	0.014803227	-5.8433152	-0.011877994
475.136	0.014705052	-5.8431947	-0.011214305
475.264	0.015077534	-5.843353	-0.0086976078
475.392	0.014870081	-5.8428017	-0.0064985624
475.52	0.015436569	-5.8431939	-0.0091599497
475.648	0.015054757	-5.8429323	-0.0082576512
475.776	0.015313832	-5.8430041	-0.0094228063
475.904	0.015202926	-5.8426652	-0.0075859164
476.032	0.015247589	-5.8427348	-0.0069964143
476.16	0.015372563	-5.8427724	-0.0069558356
476.288	0.015165015	-5.8425683	-0.0062309906
476.416	0.015584579	-5.8429573	-0.008383052
476.544	0.015073945	-5.8426047	-0.0088631299
476.672	0.015636215	-5.8431335	-0.011165703
476.8	0.015446694	-5.8429636	-0.009613874
476.928	0.015447249	-5.8428859	-0.0090680135
477.056	0.015384724	-5.8427909	-0.0087642301
477.184	0.01538354	-5.8426458	-0.00937727
477.312	0.015270612	-5.8426244	-0.010501939
477.44	0.015269468	-5.8427556	-0.0087872034
477.568	0.015387419	-5.8429054	-0.010225653
477.696	0.015393436	-5.8430605	-0.012234505
477.824	0.014874846	-5.8427339	-0.0093137427
477.952	0.015455485	-5.8436023	-0.011097491
478.08	0.014995647	-5.8430221	-0.011225195
478.208	0.015105696	-5.8434037	-0.0080424758
478.336	0.014941283	-5.8432418	-0.0069812878
478.464	0.015316151	-5.843608	-0.011342063
478.592	0.014922288	-5.8436568	-0.0086292115
478.72	0.014731078	-5.8435344	-0.0096922162
478.848	0.014653761	-5.8434655	-0.0081925493
478.976	0.015010568	-5.8437554	-0.0090745679
479.104	0.014749311	-5.8432715	-0.010218213
479.232	0.014801751	-5.8435699	-0.0083531759
479.36	0.01443763	-5.8433056	-0.0079892791
479.488	0.014651321	-5.8435404	-0.010979471
479.616	0.014689228	-5.8439622	-0.013131518
479.744	0.01465373	-5.8437742	-0.011840397
479.872	0.014454844	-5.8433803	-0.008847263
480	0.014559879	-5.8433631	-0.0082367953
480.128	0.014594145	-5.8438845	-0.007697253
480.256	0.014682206	-5.8439749	-0.010012784
480.384	0.014520732	-5.8436372	-0.011739238
480.512	0.014643623	-5.8435336	-0.011084653
480.64	0.014712182	-5.8437218	-0.010408151
480.768	0.014939202	-5.8437808	-0.011388735
480.896	0.014779813	-5.843721	-0.00879151
481.024	0.014687936	-5.8436384	-0.011339506
481.152	0.01474056	-5.8432926	-0.013074834
481.28	0.014935065	-5.8429653	-0.010158334
481.408	0.015018822	-5.8432067	-0.0096001622
481.536	0.014924411	-5.8432782	-0.01052413
481.664	0.015148839	-5.8434977	-0.012134222
481.792	0.015174666	-5.8431341	-0.0096376372
481.92	0.015113969	-5.8429784	-0.0090815799
482.048	0.015069392	-5.8429225	-0.0089193775
482.176	0.015224403	-5.8429012	-0.0085667092
482.304	0.01499743	-5.8426072	-0.00807559
482.432	0.015440838	-5.8431519	-0.0099231657
482.56	0.015305145	-5.842851	-0.0089792065
482.688	0.015122151	-5.8428395	-0.0067576031
482.816	0.015524767	-5.8432774	-0.010239069
482.944	0.015640334	-5.8432807	-0.011218411
483.072	0.015442029	-5.8431374	-0.0095620024
483.2	0.015232357	-5.8428675	-0.0084567887
483.328	0.015470723	-5.843102	-0.0071084498
483.456	0.015191333	-5.8426565	-0.005619822
483.584	0.015570467	-5.8430015	-0.0075071426
483.712	0.015525762	-5.8433863	-0.0078828826
483.84	0.015380865	-5.8431128	-0.0083041434
483.968	0.015031231	-5.8426602	-0.0069943651
484.096	0.01526318	-5.8429017	-0.0083225116
484.224	0.015097576	-5.8429957	-0.0088847986
484.352	0.015396325	-5.8432471	-0.0084451706
484.48	0.015060295	-5.8428865	-0.0082792837
484.608	0.014967406	-5.8430117	-0.009476223
484.736	0.014726742	-5.8429307	-0.0095487731
484.864	0.01490211	-5.8435185	-0.0098268084
484.992	0.015155025	-5.8438957	-0.010361554
485.12	0.014562874	-5.8432733	-0.010269931
485.248	0.014666416	-5.8435473	-0.010368183
485.376	0.014882287	-5.8436313	-0.010591828
485.504	0.014662373	-5.8436124	-0.0097310347
485.632	0.014495644	-5.8437667	-0.0086468518
485.76	0.014851432	-5.8440204	-0.01186959
485.888	0.014677437	-5.8440559	-0.013450049
486.016	0.014487227	-5.8441128	-0.011431338
486.144	0.014381067	-5.8436025	-0.010786967
486.272	0.014676923	-5.8439444	-0.011282061
486.4	0.014670756	-5.8438633	-0.012251441
486.528	0.014576321	-5.8438441	-0.012332135
486.656	0.014530932	-5.8437554	-0.012096947
486.784	0.01429715	-5.8433998	-0.0089839615
486.912	0.014892708	-5.8438243	-0.0099417022
487.04	0.014735665	-5.8434851	-0.012423819
487.168	0.014567349	-5.8433227	-0.010081419
487.296	0.014873683	-5.84368	-0.010235962
487.424	0.014834027	-5.8433314	-0.0095414179
487.552	0.014716983	-5.8433996	-0.0071882672
487.68	0.015103554	-5.8436973	-0.01078926
487.808	0.015010714	-5.8436508	-0.01076654
487.936	0.014820412	-5.8433576	-0.010835021
488.064	0.015383451	-5.8434662	-0.0087724177
488.192	0.015017353	-5.8428343	-0.0076112821
488.32	0.015368805	-5.843505	-0.00935267
488.448	0.015095797	-5.8430711	-0.0069938371
488.576	0.015332312	-5.8430301	-0.010077223
488.704	0.01539406	-5.8431247	-0.010028677
488.832	0.015366966	-5.8431501	-0.0082343733
488.96	0.01524379	-5.843056	-0.0071997042
489.088	0.015404113	-5.8427984	-0.0071672178
489.216	0.015596482	-5.8428517	-0.0068332687
489.344	0.015227414	-5.8426387	-0.0058083157
489.472	0.01556578	-5.8428185	-0.0097678476
489.6	0.0156575	-5.8430614	-0.010879899
489.728	0.015175816	-5.8424456	-0.0078415626
489.856	0.015329057	-5.842766	-0.0094817407
489.984	0.015495177	-5.8434172	-0.010802231
490.112	0.015293091	-5.8431119	-0.0090379704
490.24	0.015291717	-5.8432115	-0.01013736
490.368	0.015161502	-5.8428837	-0.0089789792
490.496	0.015247984	-5.8432867	-0.0095419784
490.624	0.015357505	-5.843328	-0.011249626
490.752	0.014935871	-5.8429582	-0.0093366719
490.88	0.015166704	-5.8432061	-0.011130257
491.008	0.014891786	-5.843177	-0.0094990525
491.136	0.014949286	-5.8434382	-0.0094419466
491.264	0.014784413	-5.843283	-0.0096306896
491.392	0.014915543	-5.8436694	-0.012207847
491.52	0.014807871	-5.8433967	-0.0098299839
491.648	0.014758961	-5.8434679	-0.0083788515
491.776	0.014514982	-5.8434497	-0.010205859
491.904	0.014761615	-5.8434903	-0.012664838
492.032	0.014580218	-5.8435396	-0.0087214679
492.16	0.01459104	-5.8436089	-0.0067609832
492.288	0.014639065	-5.8438946	-0.00850903
492.416	0.014679215	-5.8438049	-0.009819008
492.544	0.014459158	-5.843791	-0.010477604
492.672	0.014613099	-5.8439411	-0.0096445741
492.8	0.014449808	-5.8436357	-0.010944095
492.928	0.014607497	-5.8435847	-0.01261279
493.056	0.014654044	-5.8437065	-0.0090846682
493.184	0.014638084	-5.8438283	-0.0087482701
493.312	0.014414913	-5.8434063	-0.0091536298
493.44	0.014832821	-5.8437505	-0.010425702
493.568	0.014683337	-5.8434353	-0.0095483947
493.696	0.01473918	-5.8433599	-0.009807163
493.824	0.014853946	-5.8435363	-0.011323526
493.952	0.014997846	-5.8434078	-0.01077981
494.08	0.014792632	-5.8432967	-0.010264178
494.208	0.015028464	-5.8433851	-0.010699298
494.336	0.015043199	-5.8433218	-0.009697882
494.464	0.015072043	-5.8432087	-0.0083513653
494.592	0.015022633	-5.8431536	-0.0084926617
494.72	0.015482919	-5.8434937	-0.0085898593
494.848	0.015045611	-5.8428673	-0.0077341959
494.976	0.015408884	-5.8431641	-0.0088746748
495.104	0.015418308	-5.8432291	-0.010828395
495.232	0.01532265	-5.8429402	-0.0091108581
495.36	0.015506111	-5.8431573	-0.0071625782
495.488	0.015272123	-5.8428606	-0.0062994925
495.616	0.015698925	-5.8430599	-0.0066944975
495.744	0.015394498	-5.842608	-0.0051499099
495.872	0.015438441	-5.8428915	-0.0083089647
496	0.015209311	-5.8427683	-0.0064997955
496.128	0.01563283	-5.8431511	-0.0085957316
496.256	0.015422043	-5.8426104	-0.0096532081
496.384	0.015404251	-5.8426979	-0.010079162
496.512	0.015417968	-5.842926	-0.010484821
496.64	0.015482058	-5.843132	-0.010489635
496.768	0.015223946	-5.8429295	-0.010339392
496.896	0.015195107	-5.8428513	-0.0096291009
497.024	0.01527841	-5.8430713	-0.0097990924
497.152	0.014964969	-5.8431001	-0.009245083
497.28	0.015060582	-5.8433196	-0.010088343
497.408	0.014915961	-5.8433245	-0.0092486352
497.536	0.015174405	-5.8437302	-0.0098006239
497.664	0.014649162	-5.8434027	-0.0087415609
497.792	0.014633447	-5.8436012	-0.0075052947
497.92	0.014707345	-5.8435959	-0.0090575859
498.048	0.014662301	-5.8438106	-0.010381901
498.176	0.014787347	-5.8442521	-0.010978471
498.304	0.014693582	-5.8440432	-0.011462941
498.432	0.014535425	-5.8438903	-0.010541966
498.56	0.014652128	-5.8439705	-0.011071305
498.688	0.014565224	-5.8438728	-0.010294198
498.816	0.01439715	-5.8434907	-0.0097308591
498.944	0.014501135	-5.8439515	-0.010793645
499.072	0.014669007	-5.8439255	-0.012242527
499.2	0.014692264	-5.8436614	-0.011856486
499.328	0.014518031	-5.8435833	-0.01090622
499.456	0.014833323	-5.8438042	-0.011511171
499.584	0.014395984	-5.8431656	-0.0089981108
499.712	0.014679692	-5.8435823	-0.0098504376
499.84	0.014959587	-5.8438106	-0.01135116
499.968	0.014703071	-5.8435716	-0.010077634
